quelle,pfad,groesse_bytes,sha256
AX12v1_GPL,AX12v1_GPL_Paket/README.md,1151,afb30b82e99c2c941dbb175970d3b146e96cd18eff0b255291e4434b85c02c75
AX12v1_GPL,AX12v1_GPL_Paket/docs/KURZ_ZUSAMMENFASSUNG.md,5697,6e2a9cc0e2eb8f98a2535289af824b21cffb5aa8103b3778b5ffd9fe99794f25
AX12v1_GPL,AX12v1_GPL_Paket/reports/archive_target_filelist_8197_8367.txt,43101,583fdb947ca55e2c203dcaee0b9c246f552c9a205e9da4a73236a67a2eb2d501
AX12v1_GPL,AX12v1_GPL_Paket/reports/belegstellen_key_excerpts.txt,47985,4424863c5a24554d784f9f23c1c41a814080cebb18ef130ef8578872989146a7
AX12v1_GPL,AX12v1_GPL_Paket/reports/grep_hits_8197_8367_core.txt,3667229,e031f7353f1e703c3f8e43ece6c0c1dcd26f5c9318957d73afa0d1e34de0d0f3
AX12v1_GPL,AX12v1_GPL_Paket/reports/inventory.csv,199656,b599dbe53da50c6cb20f0fdf4f5e10f4c72e3cbefef19ab822ab8cf46186dfd9
AX12v1_GPL,AX12v1_GPL_Paket/reports/inventory_by_category.txt,312,f409d73845922c5f41f01c0b74792c7190bb69e65d04c0e89337d9e473c9915d
AX12v1_GPL,AX12v1_GPL_Paket/reports/tree_overview.txt,13263,f8cbf0f596410d3058484695966a1fd66a605c2b65fd4308a2f57f12a41f5266
AX12v1_GPL,AX12v1_GPL_Paket/source_subset/rtl8197/INSTALL.txt,3910,77edbbf1c8a5bbba644fb56fb61d969e7e3aca98137898fecad15d077ee06ff2
AX12v1_GPL,AX12v1_GPL_Paket/source_subset/rtl8197/Makefile,14155,81ecbd0a35e9bbc47bb6875c04c3a81649eccb5494d2e819ca83cbbf19935a5b
AX12v1_GPL,AX12v1_GPL_Paket/source_subset/rtl8197/backports-5.2.8-1/drivers/net/wireless/realtek/rtl8192fe/WlanHAL/Data/8197F/AGC_TAB_8197F.txt,4383,ed68df4f7c33be02d3a896afe74797ce4ad1642071d00c7c20d73ae93ade8d4b
AX12v1_GPL,AX12v1_GPL_Paket/source_subset/rtl8197/backports-5.2.8-1/drivers/net/wireless/realtek/rtl8192fe/WlanHAL/Data/8197F/AGC_TAB_8197F_hp.txt,4619,50cc7f4a1ff24e4cebf21a38dbcce679ebc59b4bb6d351e4534f346364bae95f
AX12v1_GPL,AX12v1_GPL_Paket/source_subset/rtl8197/backports-5.2.8-1/drivers/net/wireless/realtek/rtl8192fe/WlanHAL/Data/8197F/AGC_TAB_8197Fmp.txt,4561,f07025528b006887ab9ae102d87127c0d7ce6297941c8590c9da1d8537c91779
AX12v1_GPL,AX12v1_GPL_Paket/source_subset/rtl8197/backports-5.2.8-1/drivers/net/wireless/realtek/rtl8192fe/WlanHAL/Data/8197F/AGC_TAB_8197Fmp_hp.txt,9109,e6688d561621b38e67f3b582e10fcb9eb9e5175a9c9b7e7a82b4c6ce44223d88
AX12v1_GPL,AX12v1_GPL_Paket/source_subset/rtl8197/backports-5.2.8-1/drivers/net/wireless/realtek/rtl8192fe/WlanHAL/Data/8197F/MACDM_def_high_8197F.txt,99,f04fd0b0ec863000e30bfb6be16e0e9bda7d0ae89ce4667f5a5dd944c4d5a41a
AX12v1_GPL,AX12v1_GPL_Paket/source_subset/rtl8197/backports-5.2.8-1/drivers/net/wireless/realtek/rtl8192fe/WlanHAL/Data/8197F/MACDM_def_low_8197F.txt,99,f04fd0b0ec863000e30bfb6be16e0e9bda7d0ae89ce4667f5a5dd944c4d5a41a
AX12v1_GPL,AX12v1_GPL_Paket/source_subset/rtl8197/backports-5.2.8-1/drivers/net/wireless/realtek/rtl8192fe/WlanHAL/Data/8197F/MACDM_def_normal_8197F.txt,99,f04fd0b0ec863000e30bfb6be16e0e9bda7d0ae89ce4667f5a5dd944c4d5a41a
AX12v1_GPL,AX12v1_GPL_Paket/source_subset/rtl8197/backports-5.2.8-1/drivers/net/wireless/realtek/rtl8192fe/WlanHAL/Data/8197F/MACDM_gen_high_8197F.txt,99,c8a75f45b308b073f516b21bd9dd476248f77b37b1b21b5164b998853a2d59cc
AX12v1_GPL,AX12v1_GPL_Paket/source_subset/rtl8197/backports-5.2.8-1/drivers/net/wireless/realtek/rtl8192fe/WlanHAL/Data/8197F/MACDM_gen_low_8197F.txt,99,f04fd0b0ec863000e30bfb6be16e0e9bda7d0ae89ce4667f5a5dd944c4d5a41a
AX12v1_GPL,AX12v1_GPL_Paket/source_subset/rtl8197/backports-5.2.8-1/drivers/net/wireless/realtek/rtl8192fe/WlanHAL/Data/8197F/MACDM_gen_normal_8197F.txt,99,c8a75f45b308b073f516b21bd9dd476248f77b37b1b21b5164b998853a2d59cc
AX12v1_GPL,AX12v1_GPL_Paket/source_subset/rtl8197/backports-5.2.8-1/drivers/net/wireless/realtek/rtl8192fe/WlanHAL/Data/8197F/MACDM_state_criteria_8197F.txt,700,4753096fa2fafa2ad32406375b4f19f491c094e9854a37c11d63d11076b1c607
AX12v1_GPL,AX12v1_GPL_Paket/source_subset/rtl8197/backports-5.2.8-1/drivers/net/wireless/realtek/rtl8192fe/WlanHAL/Data/8197F/MACDM_txop_high_8197F.txt,99,8e268f957e8b44bd04e446ac53eb178d3bdcd7091ad0c5d90074735722b15ceb
AX12v1_GPL,AX12v1_GPL_Paket/source_subset/rtl8197/backports-5.2.8-1/drivers/net/wireless/realtek/rtl8192fe/WlanHAL/Data/8197F/MACDM_txop_low_8197F.txt,99,d0e27dffb72ae15768dbb45e0fcb1b19caed3d516a485659837fc06ace673bba
AX12v1_GPL,AX12v1_GPL_Paket/source_subset/rtl8197/backports-5.2.8-1/drivers/net/wireless/realtek/rtl8192fe/WlanHAL/Data/8197F/MACDM_txop_normal_8197F.txt,99,1217909227962a2f334f3b20b56d98f7ff01141288320e8ca6150753012cf032
AX12v1_GPL,AX12v1_GPL_Paket/source_subset/rtl8197/backports-5.2.8-1/drivers/net/wireless/realtek/rtl8192fe/WlanHAL/Data/8197F/MAC_REG_8197F.txt,2428,4f18d9cd387f9082e2aec5bd88f76cf140482471c1a73af97e79ccb95aa8ae72
AX12v1_GPL,AX12v1_GPL_Paket/source_subset/rtl8197/backports-5.2.8-1/drivers/net/wireless/realtek/rtl8192fe/WlanHAL/Data/8197F/MAC_REG_8197Fmp.txt,2348,dfc3831ee2af31603031d268ccc3bd4b4facbac4ab1798068d5d9977e4806137
AX12v1_GPL,AX12v1_GPL_Paket/source_subset/rtl8197/backports-5.2.8-1/drivers/net/wireless/realtek/rtl8192fe/WlanHAL/Data/8197F/PHY_REG_8197F.txt,10688,b463becc1f0a20093e02790e39e7bb83a46d8a1e471e17151ad34f801d8f2ba4
AX12v1_GPL,AX12v1_GPL_Paket/source_subset/rtl8197/backports-5.2.8-1/drivers/net/wireless/realtek/rtl8192fe/WlanHAL/Data/8197F/PHY_REG_8197F_hp.txt,24614,785f5833d2b2e360fa2a124ceff8e07f74f4db6880e463a5e1e215c7104f125c
AX12v1_GPL,AX12v1_GPL_Paket/source_subset/rtl8197/backports-5.2.8-1/drivers/net/wireless/realtek/rtl8192fe/WlanHAL/Data/8197F/PHY_REG_8197Fmp.txt,13930,d7f225bc78f657157935b892c0ab4ca9604ad2dead5e3f8dd7f144fe26431141
AX12v1_GPL,AX12v1_GPL_Paket/source_subset/rtl8197/backports-5.2.8-1/drivers/net/wireless/realtek/rtl8192fe/WlanHAL/Data/8197F/PHY_REG_8197Fmp_hp.txt,44220,343698567570de67399a50b8535922fe4c459547ac71dbf1918bf2e40d984c78
AX12v1_GPL,AX12v1_GPL_Paket/source_subset/rtl8197/backports-5.2.8-1/drivers/net/wireless/realtek/rtl8192fe/WlanHAL/Data/8197F/PHY_REG_MP_8197F.txt,72,aeb99283d8392245ee7903b5bf67aa440cc8ad6c6a66bacc9f80e3d6bb04e370
AX12v1_GPL,AX12v1_GPL_Paket/source_subset/rtl8197/backports-5.2.8-1/drivers/net/wireless/realtek/rtl8192fe/WlanHAL/Data/8197F/PHY_REG_MP_8197Fmp.txt,113,a270ad1f7183103da4f5c952b5d91888a435cf51963c1e9a243268473a1797ae
AX12v1_GPL,AX12v1_GPL_Paket/source_subset/rtl8197/backports-5.2.8-1/drivers/net/wireless/realtek/rtl8192fe/WlanHAL/Data/8197F/PHY_REG_PG_8197Fmp.txt,1273,b3e6ee6a60352d42cfae12db78ea59114edd996278cd33f7d40d02fa4c2fc4b6
AX12v1_GPL,AX12v1_GPL_Paket/source_subset/rtl8197/backports-5.2.8-1/drivers/net/wireless/realtek/rtl8192fe/WlanHAL/Data/8197F/PHY_REG_PG_8197Fmp_Type0.txt,1273,b3e6ee6a60352d42cfae12db78ea59114edd996278cd33f7d40d02fa4c2fc4b6
AX12v1_GPL,AX12v1_GPL_Paket/source_subset/rtl8197/backports-5.2.8-1/drivers/net/wireless/realtek/rtl8192fe/WlanHAL/Data/8197F/PHY_REG_PG_8197Fmp_Type1.txt,1273,d0d55623a50723e3af4c6d7dd42b1b278cd6d88927e4e4c79ce271e3b7473fd6
AX12v1_GPL,AX12v1_GPL_Paket/source_subset/rtl8197/backports-5.2.8-1/drivers/net/wireless/realtek/rtl8192fe/WlanHAL/Data/8197F/PHY_REG_PG_8197Fmp_Type2.txt,1273,b3e6ee6a60352d42cfae12db78ea59114edd996278cd33f7d40d02fa4c2fc4b6
AX12v1_GPL,AX12v1_GPL_Paket/source_subset/rtl8197/backports-5.2.8-1/drivers/net/wireless/realtek/rtl8192fe/WlanHAL/Data/8197F/PHY_REG_PG_8197Fmp_Type3.txt,1273,b3e6ee6a60352d42cfae12db78ea59114edd996278cd33f7d40d02fa4c2fc4b6
AX12v1_GPL,AX12v1_GPL_Paket/source_subset/rtl8197/backports-5.2.8-1/drivers/net/wireless/realtek/rtl8192fe/WlanHAL/Data/8197F/PHY_REG_PG_8197Fmp_Type4.txt,1273,b3e6ee6a60352d42cfae12db78ea59114edd996278cd33f7d40d02fa4c2fc4b6
AX12v1_GPL,AX12v1_GPL_Paket/source_subset/rtl8197/backports-5.2.8-1/drivers/net/wireless/realtek/rtl8192fe/WlanHAL/Data/8197F/PHY_REG_PG_8197Fmp_Type5.txt,1273,e2fe5d1e2b28e54ecf513b6e9df70ebfef76593d6e8e68e37221558983625986
AX12v1_GPL,AX12v1_GPL_Paket/source_subset/rtl8197/backports-5.2.8-1/drivers/net/wireless/realtek/rtl8192fe/WlanHAL/Data/8197F/PHY_REG_PG_8197Fmp_Type6.txt,1273,b3e6ee6a60352d42cfae12db78ea59114edd996278cd33f7d40d02fa4c2fc4b6
AX12v1_GPL,AX12v1_GPL_Paket/source_subset/rtl8197/backports-5.2.8-1/drivers/net/wireless/realtek/rtl8192fe/WlanHAL/Data/8197F/RadioA_8197F.txt,947,464f1063dd586336515bb82f69f41a026fe4eee7ccdbaca0c1472d772d5925be
AX12v1_GPL,AX12v1_GPL_Paket/source_subset/rtl8197/backports-5.2.8-1/drivers/net/wireless/realtek/rtl8192fe/WlanHAL/Data/8197F/RadioB_8197F.txt,608,deeee1ab25b687fa703bee208b53b839b4e40555b5d694ed2b736cc18143f30f
AX12v1_GPL,AX12v1_GPL_Paket/source_subset/rtl8197/backports-5.2.8-1/drivers/net/wireless/realtek/rtl8192fe/WlanHAL/Data/8197F/TXPWR_LMT_8197Fmp.txt,4398,36225fb7bf55ab34af524e483df1c0dd18c1130d1357f1dd7582cf135fb9bde4
AX12v1_GPL,AX12v1_GPL_Paket/source_subset/rtl8197/backports-5.2.8-1/drivers/net/wireless/realtek/rtl8192fe/WlanHAL/Data/8197F/TXPWR_LMT_8197Fmp_TXBF.txt,4398,f8d2028195c660e723c83348816a7bbaf43b3499d8413189c3ecf6d4586e746c
AX12v1_GPL,AX12v1_GPL_Paket/source_subset/rtl8197/backports-5.2.8-1/drivers/net/wireless/realtek/rtl8192fe/WlanHAL/Data/8197F/TXPWR_LMT_8197Fmp_Type0.txt,4398,37b9f2e0561c0ada26d415b1c54d17dca33ee73364ef987f467e2c9259eefd2e
AX12v1_GPL,AX12v1_GPL_Paket/source_subset/rtl8197/backports-5.2.8-1/drivers/net/wireless/realtek/rtl8192fe/WlanHAL/Data/8197F/TXPWR_LMT_8197Fmp_Type1.txt,4398,f8d2028195c660e723c83348816a7bbaf43b3499d8413189c3ecf6d4586e746c
AX12v1_GPL,AX12v1_GPL_Paket/source_subset/rtl8197/backports-5.2.8-1/drivers/net/wireless/realtek/rtl8192fe/WlanHAL/Data/8197F/TXPWR_LMT_8197Fmp_Type2.txt,4398,37b9f2e0561c0ada26d415b1c54d17dca33ee73364ef987f467e2c9259eefd2e
AX12v1_GPL,AX12v1_GPL_Paket/source_subset/rtl8197/backports-5.2.8-1/drivers/net/wireless/realtek/rtl8192fe/WlanHAL/Data/8197F/TXPWR_LMT_8197Fmp_Type3.txt,4398,37b9f2e0561c0ada26d415b1c54d17dca33ee73364ef987f467e2c9259eefd2e
AX12v1_GPL,AX12v1_GPL_Paket/source_subset/rtl8197/backports-5.2.8-1/drivers/net/wireless/realtek/rtl8192fe/WlanHAL/Data/8197F/TXPWR_LMT_8197Fmp_Type4.txt,4398,37b9f2e0561c0ada26d415b1c54d17dca33ee73364ef987f467e2c9259eefd2e
AX12v1_GPL,AX12v1_GPL_Paket/source_subset/rtl8197/backports-5.2.8-1/drivers/net/wireless/realtek/rtl8192fe/WlanHAL/Data/8197F/TXPWR_LMT_8197Fmp_Type5.txt,4398,f8d2028195c660e723c83348816a7bbaf43b3499d8413189c3ecf6d4586e746c
AX12v1_GPL,AX12v1_GPL_Paket/source_subset/rtl8197/backports-5.2.8-1/drivers/net/wireless/realtek/rtl8192fe/WlanHAL/Data/8197F/TXPWR_LMT_8197Fmp_Type6.txt,4398,37b9f2e0561c0ada26d415b1c54d17dca33ee73364ef987f467e2c9259eefd2e
AX12v1_GPL,AX12v1_GPL_Paket/source_subset/rtl8197/backports-5.2.8-1/drivers/net/wireless/realtek/rtl8192fe/WlanHAL/Data/8197F/TxPowerTrack_AP_8197Fmp.txt,1374,28253e196a21ee25e057929672a755b624fd617e38351ab76366c5cedcc392d2
AX12v1_GPL,AX12v1_GPL_Paket/source_subset/rtl8197/backports-5.2.8-1/drivers/net/wireless/realtek/rtl8192fe/WlanHAL/Data/8197F/Version.txt,58,1d4b3199d8fae29397f59844345c3f080a8e62d374c838df45866f3e7a330065
AX12v1_GPL,AX12v1_GPL_Paket/source_subset/rtl8197/backports-5.2.8-1/drivers/net/wireless/realtek/rtl8192fe/WlanHAL/Data/8197F/rtl8197Ffw.bin,56080,61d6ef42cd8ff6af6c83649fdf18ea654abc9a62a43cc12f9369a2732a509515
AX12v1_GPL,AX12v1_GPL_Paket/source_subset/rtl8197/backports-5.2.8-1/drivers/net/wireless/realtek/rtl8192fe/WlanHAL/RTL88XX/RTL8197F/Hal8197FCfg.h,2647,17f2632fdb74c3c7c4bf764f192de9d826f79680556111dbce05f39cf165a993
AX12v1_GPL,AX12v1_GPL_Paket/source_subset/rtl8197/backports-5.2.8-1/drivers/net/wireless/realtek/rtl8192fe/WlanHAL/RTL88XX/RTL8197F/Hal8197FDef.h,6462,d9e03fc6706b98615be6bff352f3934412749ea2c6580e2ba26dbb2c45a44791
AX12v1_GPL,AX12v1_GPL_Paket/source_subset/rtl8197/backports-5.2.8-1/drivers/net/wireless/realtek/rtl8192fe/WlanHAL/RTL88XX/RTL8197F/Hal8197FFirmware.c,0,e3b0c44298fc1c149afbf4c8996fb92427ae41e4649b934ca495991b7852b855
AX12v1_GPL,AX12v1_GPL_Paket/source_subset/rtl8197/backports-5.2.8-1/drivers/net/wireless/realtek/rtl8192fe/WlanHAL/RTL88XX/RTL8197F/Hal8197FFirmware.h,0,e3b0c44298fc1c149afbf4c8996fb92427ae41e4649b934ca495991b7852b855
AX12v1_GPL,AX12v1_GPL_Paket/source_subset/rtl8197/backports-5.2.8-1/drivers/net/wireless/realtek/rtl8192fe/WlanHAL/RTL88XX/RTL8197F/Hal8197FGen.c,13799,fc52b7bdfd2aa2a8662702e2fbce8cf04b97e2238807c27e56742c39db8a6407
AX12v1_GPL,AX12v1_GPL_Paket/source_subset/rtl8197/backports-5.2.8-1/drivers/net/wireless/realtek/rtl8192fe/WlanHAL/RTL88XX/RTL8197F/Hal8197FHWImg.c,0,e3b0c44298fc1c149afbf4c8996fb92427ae41e4649b934ca495991b7852b855
AX12v1_GPL,AX12v1_GPL_Paket/source_subset/rtl8197/backports-5.2.8-1/drivers/net/wireless/realtek/rtl8192fe/WlanHAL/RTL88XX/RTL8197F/Hal8197FHWImg.h,0,e3b0c44298fc1c149afbf4c8996fb92427ae41e4649b934ca495991b7852b855
AX12v1_GPL,AX12v1_GPL_Paket/source_subset/rtl8197/backports-5.2.8-1/drivers/net/wireless/realtek/rtl8192fe/WlanHAL/RTL88XX/RTL8197F/Hal8197FIsr.c,0,e3b0c44298fc1c149afbf4c8996fb92427ae41e4649b934ca495991b7852b855
AX12v1_GPL,AX12v1_GPL_Paket/source_subset/rtl8197/backports-5.2.8-1/drivers/net/wireless/realtek/rtl8192fe/WlanHAL/RTL88XX/RTL8197F/Hal8197FPhyCfg.c,2414,51b22ce78fefcd2075a3ff924f502af64c86a1b5c461c8f458dc0dfe7cfe7744
AX12v1_GPL,AX12v1_GPL_Paket/source_subset/rtl8197/backports-5.2.8-1/drivers/net/wireless/realtek/rtl8192fe/WlanHAL/RTL88XX/RTL8197F/Hal8197FPhyCfg.h,1138,ec78545263b656168d22adc1013328e2911701c3321fe0aa4ef5c4a768c4668a
AX12v1_GPL,AX12v1_GPL_Paket/source_subset/rtl8197/backports-5.2.8-1/drivers/net/wireless/realtek/rtl8192fe/WlanHAL/RTL88XX/RTL8197F/Hal8197FPwrSeqCmd.c,2681,3c177b26c3ebc859ccfe0054fa9ab1aee1cdf24327bd2a6ac35146f6201bd2aa
AX12v1_GPL,AX12v1_GPL_Paket/source_subset/rtl8197/backports-5.2.8-1/drivers/net/wireless/realtek/rtl8192fe/WlanHAL/RTL88XX/RTL8197F/Hal8197FPwrSeqCmd.h,17816,90fa5069365e6ebf273010b1e530c235328e087497d756782f707a5a7bd39c3d
AX12v1_GPL,AX12v1_GPL_Paket/source_subset/rtl8197/backports-5.2.8-1/drivers/net/wireless/realtek/rtl8192fe/WlanHAL/RTL88XX/RTL8197F/Hal8197FReg.h,1,01ba4719c80b6fe911b091a7c05124b64eeece964e09c058ef8f9805daca546b
AX12v1_GPL,AX12v1_GPL_Paket/source_subset/rtl8197/backports-5.2.8-1/drivers/net/wireless/realtek/rtl8192fe/WlanHAL/RTL88XX/RTL8197F/Hal8197FRxDesc.c,0,e3b0c44298fc1c149afbf4c8996fb92427ae41e4649b934ca495991b7852b855
AX12v1_GPL,AX12v1_GPL_Paket/source_subset/rtl8197/backports-5.2.8-1/drivers/net/wireless/realtek/rtl8192fe/WlanHAL/RTL88XX/RTL8197F/Hal8197FRxDesc.h,0,e3b0c44298fc1c149afbf4c8996fb92427ae41e4649b934ca495991b7852b855
AX12v1_GPL,AX12v1_GPL_Paket/source_subset/rtl8197/backports-5.2.8-1/drivers/net/wireless/realtek/rtl8192fe/WlanHAL/RTL88XX/RTL8197F/Hal8197FTxDesc.c,0,e3b0c44298fc1c149afbf4c8996fb92427ae41e4649b934ca495991b7852b855
AX12v1_GPL,AX12v1_GPL_Paket/source_subset/rtl8197/backports-5.2.8-1/drivers/net/wireless/realtek/rtl8192fe/WlanHAL/RTL88XX/RTL8197F/Hal8197FTxDesc.h,592,c82d67bcaee3b0caea0503dd1427e91dbf0ff5ed7cc46c9c1ee76ee706717d87
AX12v1_GPL,AX12v1_GPL_Paket/source_subset/rtl8197/backports-5.2.8-1/drivers/net/wireless/realtek/rtl8192fe/WlanHAL/RTL88XX/RTL8197F/Hal8197FVerify.c,0,e3b0c44298fc1c149afbf4c8996fb92427ae41e4649b934ca495991b7852b855
AX12v1_GPL,AX12v1_GPL_Paket/source_subset/rtl8197/backports-5.2.8-1/drivers/net/wireless/realtek/rtl8192fe/WlanHAL/RTL88XX/RTL8197F/Hal8197FVerify.h,0,e3b0c44298fc1c149afbf4c8996fb92427ae41e4649b934ca495991b7852b855
AX12v1_GPL,AX12v1_GPL_Paket/source_subset/rtl8197/backports-5.2.8-1/drivers/net/wireless/realtek/rtl8192fe/WlanHAL/RTL88XX/RTL8197F/RTL8197FE/Hal8197FEDef.h,586,0dad949d7fcf46a54a1e2af2285422157f901a09e49e9277464734766778a558
AX12v1_GPL,AX12v1_GPL_Paket/source_subset/rtl8197/backports-5.2.8-1/drivers/net/wireless/realtek/rtl8192fe/WlanHAL/RTL88XX/RTL8197F/RTL8197FE/Hal8197FEGen.c,8616,d6991924ee2c81c4428f16ee237d7997c622aa3ab4e3be8cf56b412e80406333
AX12v1_GPL,AX12v1_GPL_Paket/source_subset/rtl8197/backports-5.2.8-1/drivers/net/wireless/realtek/rtl8192fe/phydm/halrf/rtl8197f/halhwimg8197f_rf.c,78128,da4341080fde556692267a67110b7895a5cbcd65c3c5ac8c8aa4c23d5f74e3c2
AX12v1_GPL,AX12v1_GPL_Paket/source_subset/rtl8197/backports-5.2.8-1/drivers/net/wireless/realtek/rtl8192fe/phydm/halrf/rtl8197f/halhwimg8197f_rf.h,6563,9f3bb3ee4a4ab6257fc9961ed17ada196440b310b145c2c4ff5cc343d171e374
AX12v1_GPL,AX12v1_GPL_Paket/source_subset/rtl8197/backports-5.2.8-1/drivers/net/wireless/realtek/rtl8192fe/phydm/halrf/rtl8197f/halrf_8197f.c,11628,3906e4bf15fad110eba0294b784c3abdb348d0b422931375eff6a9d5f6af5fe3
AX12v1_GPL,AX12v1_GPL_Paket/source_subset/rtl8197/backports-5.2.8-1/drivers/net/wireless/realtek/rtl8192fe/phydm/halrf/rtl8197f/halrf_8197f.h,1608,b95c2ad575b599299f27635b215b9ab9198d4fecbd5440799517588f4b8997ea
AX12v1_GPL,AX12v1_GPL_Paket/source_subset/rtl8197/backports-5.2.8-1/drivers/net/wireless/realtek/rtl8192fe/phydm/halrf/rtl8197f/halrf_dpk_8197f.c,64684,e358b238e54a456089939114caacb21da6a52fdfdd28b9927b21e425f5a622a9
AX12v1_GPL,AX12v1_GPL_Paket/source_subset/rtl8197/backports-5.2.8-1/drivers/net/wireless/realtek/rtl8192fe/phydm/halrf/rtl8197f/halrf_dpk_8197f.h,1977,2a917381e6477d4835ede1616918259db5cd0235bd7fb31de49f6612750fd384
AX12v1_GPL,AX12v1_GPL_Paket/source_subset/rtl8197/backports-5.2.8-1/drivers/net/wireless/realtek/rtl8192fe/phydm/halrf/rtl8197f/halrf_iqk_8197f.c,53765,ef3b9ceec50ec853e60d19de0eca1da4498be1775bad880eb262596f34d096b5
AX12v1_GPL,AX12v1_GPL_Paket/source_subset/rtl8197/backports-5.2.8-1/drivers/net/wireless/realtek/rtl8192fe/phydm/halrf/rtl8197f/halrf_iqk_8197f.h,1450,c43d59034840a9a4dcfbf430d045d04d83d3cdcd356420ca0930ebd6e90eefed
AX12v1_GPL,AX12v1_GPL_Paket/source_subset/rtl8197/backports-5.2.8-1/drivers/net/wireless/realtek/rtl8192fe/phydm/halrf/rtl8197f/version_rtl8197f_rf.h,1030,3511e7a3967deeda9bee9085d6154e8368c29b134a7db8e9f2ac5b1cb0ad8266
AX12v1_GPL,AX12v1_GPL_Paket/source_subset/rtl8197/backports-5.2.8-1/drivers/net/wireless/realtek/rtl8192fe/phydm/rtl8197f/Hal8197FPhyReg.h,1049,7e7b9b65b87ac55657aeb3bd7c237ee01d8ceae05f787e99791505dce916610e
AX12v1_GPL,AX12v1_GPL_Paket/source_subset/rtl8197/backports-5.2.8-1/drivers/net/wireless/realtek/rtl8192fe/phydm/rtl8197f/halhwimg8197f_bb.c,146963,6f84bab08ef255b4dec010413d2f1a7b88c0b8b7ece2cc41957478334861429f
AX12v1_GPL,AX12v1_GPL_Paket/source_subset/rtl8197/backports-5.2.8-1/drivers/net/wireless/realtek/rtl8192fe/phydm/rtl8197f/halhwimg8197f_bb.h,1831,94becf6eb9f9ad525b786fdb35471e7dd0f006409d663836fd2c3af0d476a7e7
AX12v1_GPL,AX12v1_GPL_Paket/source_subset/rtl8197/backports-5.2.8-1/drivers/net/wireless/realtek/rtl8192fe/phydm/rtl8197f/halhwimg8197f_mac.c,8327,fdd21c847c55a0a8087a95b592120fd908d5c15d188b918da2c9284a0d228ea5
AX12v1_GPL,AX12v1_GPL_Paket/source_subset/rtl8197/backports-5.2.8-1/drivers/net/wireless/realtek/rtl8192fe/phydm/rtl8197f/halhwimg8197f_mac.h,1488,15f8ab83259d426360aac78b9ad907dc09174e3b8f43460760a0ba5660dfdd79
AX12v1_GPL,AX12v1_GPL_Paket/source_subset/rtl8197/backports-5.2.8-1/drivers/net/wireless/realtek/rtl8192fe/phydm/rtl8197f/phydm_hal_api8197f.c,37921,0094242ec4b69006d515112acfaaa915a4cb9284d7ec3f7f31fed060db2bd74a
AX12v1_GPL,AX12v1_GPL_Paket/source_subset/rtl8197/backports-5.2.8-1/drivers/net/wireless/realtek/rtl8192fe/phydm/rtl8197f/phydm_hal_api8197f.h,2355,943f25604b2ce94a2c19cbe8236306c17ab05fe8f98ad084429f74e08934544c
AX12v1_GPL,AX12v1_GPL_Paket/source_subset/rtl8197/backports-5.2.8-1/drivers/net/wireless/realtek/rtl8192fe/phydm/rtl8197f/phydm_regconfig8197f.c,4761,991265acf8308fff175cc5189b716aa97f9d5be12259854a72851c5c697409a9
AX12v1_GPL,AX12v1_GPL_Paket/source_subset/rtl8197/backports-5.2.8-1/drivers/net/wireless/realtek/rtl8192fe/phydm/rtl8197f/phydm_regconfig8197f.h,1724,10f747a641eb1feaf8bf93675f5eb2e73c5a9e10f5ede194ec6834a9c9afb62e
AX12v1_GPL,AX12v1_GPL_Paket/source_subset/rtl8197/backports-5.2.8-1/drivers/net/wireless/realtek/rtl8192fe/phydm/rtl8197f/phydm_rtl8197f.c,4532,102c0db8a0ae013e88975117a70996536711a3fd164525cbaacbc30a29ec6dd8
AX12v1_GPL,AX12v1_GPL_Paket/source_subset/rtl8197/backports-5.2.8-1/drivers/net/wireless/realtek/rtl8192fe/phydm/rtl8197f/phydm_rtl8197f.h,1061,6d39fae385fc7b787011ca6c9d06125f4b801be8684340202fe2a6c6b80884d8
AX12v1_GPL,AX12v1_GPL_Paket/source_subset/rtl8197/backports-5.2.8-1/drivers/net/wireless/realtek/rtl8192fe/phydm/rtl8197f/version_rtl8197f.h,1296,3d5dba41de7eec945b810fd42a84be485418474e3622525063f97663d881f21e
AX12v1_GPL,AX12v1_GPL_Paket/source_subset/rtl8197/boards/rtl8197F/Makefile,10120,1091aa52a6d392ec576015f544203e286a0053af7106182a50ab039255846fd1
AX12v1_GPL,AX12v1_GPL_Paket/source_subset/rtl8197/boards/rtl8197F/board-configuration.in,531,c6e09a69d360e2010b289d263cdcb357371ec5608b7fbc38c5a690a66c5f11f6
AX12v1_GPL,AX12v1_GPL_Paket/source_subset/rtl8197/boards/rtl8197F/bsp/Kconfig,285,ea98e2ad79a47cb9ada24c62785ceb8a6a625fc06085816f1658c597740ad190
AX12v1_GPL,AX12v1_GPL_Paket/source_subset/rtl8197/boards/rtl8197F/bsp/Makefile,706,c6325dd7632b8c8e5485c403cc71cb8361e5a531ce13a5b1dd90fc89aed4d830
AX12v1_GPL,AX12v1_GPL_Paket/source_subset/rtl8197/boards/rtl8197F/bsp/Platform,108,8ac0133cff0c342c60c89f6f5729d3293c1c3972961112c3ddd3e1cf744841ed
AX12v1_GPL,AX12v1_GPL_Paket/source_subset/rtl8197/boards/rtl8197F/bsp/bspchip.h,19975,4730063f16f5ba8568e3727a41cae7f0e0754dc357ec76719f9f5c5c1a77d44d
AX12v1_GPL,AX12v1_GPL_Paket/source_subset/rtl8197/boards/rtl8197F/bsp/bspcpu.h,658,2faf1bbbc06eab23d343ba66a61c811f745d53cc55807ea373527029b27f7728
AX12v1_GPL,AX12v1_GPL_Paket/source_subset/rtl8197/boards/rtl8197F/bsp/bspinit.h,434,1cf25010b835bd5d3b0e672711ed6e3960b7333fadfc242331625fbe9082147f
AX12v1_GPL,AX12v1_GPL_Paket/source_subset/rtl8197/boards/rtl8197F/bsp/clk.c,1717,7f852336b9c1119fc450841093261da50bdf973fa5f917e6f842f517a7cd5f5c
AX12v1_GPL,AX12v1_GPL_Paket/source_subset/rtl8197/boards/rtl8197F/bsp/cpu-feature-overrides.h,1545,e093b419d605d963b9573fc3a32d1603c09aa231fb3b060ba14dc6d64d5f8a3e
AX12v1_GPL,AX12v1_GPL_Paket/source_subset/rtl8197/boards/rtl8197F/bsp/dev_usb.c,28593,55eb8ed9c2f746e3ad6ad166d77ef5c99f4871f74bccebc56a8ecdb709d1451e
AX12v1_GPL,AX12v1_GPL_Paket/source_subset/rtl8197/boards/rtl8197F/bsp/dev_usb.h,1560,3e42fb4c1ee401807fb1b2955531df1ec5a430d5aa272e748ecef2043322aa57
AX12v1_GPL,AX12v1_GPL_Paket/source_subset/rtl8197/boards/rtl8197F/bsp/gpio.c,24574,f1c94664816f0120bd12b676c7c503253d94c48114d19f3d9970a63f6e671430
AX12v1_GPL,AX12v1_GPL_Paket/source_subset/rtl8197/boards/rtl8197F/bsp/i2c.c,8830,9b6da29e5239f3c194117947711bc74f3f29f9e0fe96861c6a322fb47b088e29
AX12v1_GPL,AX12v1_GPL_Paket/source_subset/rtl8197/boards/rtl8197F/bsp/i2s.c,880,bcad363acf7ace3b8410b2c25d4c306b85103f01ec76013f3c5c02d36d65c11a
AX12v1_GPL,AX12v1_GPL_Paket/source_subset/rtl8197/boards/rtl8197F/bsp/i2s.h,481,a0df99565221e92395c5035fa0ea999ebe83342c6ba1d4d88fc502533d95194a
AX12v1_GPL,AX12v1_GPL_Paket/source_subset/rtl8197/boards/rtl8197F/bsp/irq-gpio.c,6148,7502982b25ea822a2d6297bf41f038e9b9464f4953311457831beb07a6877790
AX12v1_GPL,AX12v1_GPL_Paket/source_subset/rtl8197/boards/rtl8197F/bsp/irq-ictl.c,2302,fbffd4b775f0a7b3fd8739c44fc1bafba623350c4922635d259ce1daf9f29bb1
AX12v1_GPL,AX12v1_GPL_Paket/source_subset/rtl8197/boards/rtl8197F/bsp/irq.c,3331,40a12d319556312f5c99a051fa9647eec24477cbcdb77c844677ba52c345c06a
AX12v1_GPL,AX12v1_GPL_Paket/source_subset/rtl8197/boards/rtl8197F/bsp/irq.h,133,a623159766ee244cd8cd11af06fd86248bddb9e153ab275ec68ce608b0fc618f
AX12v1_GPL,AX12v1_GPL_Paket/source_subset/rtl8197/boards/rtl8197F/bsp/mtd.c,10207,6ce81acb7a45ce1d7d1a741f20f2af4fc52193995887fb14aff281131cbdfbdf
AX12v1_GPL,AX12v1_GPL_Paket/source_subset/rtl8197/boards/rtl8197F/bsp/pci-fixup.c,1094,a3f95c9bc3d0e39b53838e478b8445f4a9a39e7c5d6033afc04167ba34f73e24
AX12v1_GPL,AX12v1_GPL_Paket/source_subset/rtl8197/boards/rtl8197F/bsp/pci-ops.c,2987,1356dcc19dd2bf8019ad6e04f57437f09408b0116361667d19563728bb10a7a5
AX12v1_GPL,AX12v1_GPL_Paket/source_subset/rtl8197/boards/rtl8197F/bsp/pci.c,6209,09c00003d5fb16a28803d6d8e5e79bdbf4357caaba6e11a5549dfdda4e7f7e02
AX12v1_GPL,AX12v1_GPL_Paket/source_subset/rtl8197/boards/rtl8197F/bsp/platform.c,4373,80909034f0f70d040557058791a499710355530a0a4ccbe5abf757a2fa6fb1cb
AX12v1_GPL,AX12v1_GPL_Paket/source_subset/rtl8197/boards/rtl8197F/bsp/prom.c,6928,aeaffc9c26b9c68beccf5e7a72830db22e5c50ac4ab8780c3343f13a968d79da
AX12v1_GPL,AX12v1_GPL_Paket/source_subset/rtl8197/boards/rtl8197F/bsp/serial.c,5084,afe94e9c8f6d25171bfd5156c8117f851fe07299395d94e6ae25d6c7257c6601
AX12v1_GPL,AX12v1_GPL_Paket/source_subset/rtl8197/boards/rtl8197F/bsp/setup.c,2415,b6bdbe3778104cb9735d8a1b32d1cad781d4781831d6089fa3a8e5e1e9f52d2c
AX12v1_GPL,AX12v1_GPL_Paket/source_subset/rtl8197/boards/rtl8197F/bsp/spi.c,2341,28f694e4830a8ef2c3b93046631ad60a8d589f0c2f813bf55bb17be3d0f8b0e6
AX12v1_GPL,AX12v1_GPL_Paket/source_subset/rtl8197/boards/rtl8197F/bsp/timer.c,11342,b5ab6dbeaa8f1827aae821bbd15989372f6626b6918125d9d9b7630785991d37
AX12v1_GPL,AX12v1_GPL_Paket/source_subset/rtl8197/boards/rtl8197F/bsp/vmlinux.lds.S,4125,e4f9ef549680661e6519d4bf7bd5a82f45ae71609a027aeba66ada6d5e9e9d4f
AX12v1_GPL,AX12v1_GPL_Paket/source_subset/rtl8197/boards/rtl8197F/bsp/war.h,880,555c3a1896b508bd1bccaad194a976631670c2171f5f1567c57ccef988407dde
AX12v1_GPL,AX12v1_GPL_Paket/source_subset/rtl8197/boards/rtl8197F/config.backports-5.2.8-1,42563,770919ce0b8590c24a153ff6b77f3d0ee9c1f3147f892d9fed186d8009123800
AX12v1_GPL,AX12v1_GPL_Paket/source_subset/rtl8197/boards/rtl8197F/config.backports-5.2.8-1.RTL8197F_VG_8832BR_8367R_KERN44_GW,44120,e3d896bcba570ee8f5597ce485abb981b225793070ee0bc9f1ef3361b25d0952
AX12v1_GPL,AX12v1_GPL_Paket/source_subset/rtl8197/boards/rtl8197F/config.backports-5.2.8-1.SPINAND_RTL8197F_VG_8832BR_8367R_KERN44_DUALSTACK_GW,44150,ce22314cfb0e02ea4ebf25759cd9131d6f2095d5a3fa03039b2c98407a87aa1a
AX12v1_GPL,AX12v1_GPL_Paket/source_subset/rtl8197/boards/rtl8197F/config.backports-5.2.8-1.SPINAND_RTL8197F_VG_8832BR_8367R_KERN44_GW,43604,44733d441296016388bc35b4904773716c5ab83cd4b03c87382dd22025f8435f
AX12v1_GPL,AX12v1_GPL_Paket/source_subset/rtl8197/boards/rtl8197F/config.backports-5.2.8-1.SPINAND_RTL8197F_VG_8832BR_8367R_KERN44_GW_EASYMESH,43616,4f1e794c4ea4bead485642ea4d7a09bcc0a0705d8efcf57330d396e7fd2c8092
AX12v1_GPL,AX12v1_GPL_Paket/source_subset/rtl8197/boards/rtl8197F/config.backports-5.2.8-1.SPINAND_RTL8197F_VG_8832BR_8367R_KERN44_GW_EASYMESH_R2_WFA,43567,ecc998fd8b77eeaa87ea60ab87a42ead07cd3cc45c0a692e462a313d8cf2b2fd
AX12v1_GPL,AX12v1_GPL_Paket/source_subset/rtl8197/boards/rtl8197F/config.busybox-1.24.1.RTL8197F_VG_8832BR_8367R_KERN44_GW,32033,16d203a163804bb9d92bcd69c54a0f0d6962ed65e34faf003312756a4c6dd15b
AX12v1_GPL,AX12v1_GPL_Paket/source_subset/rtl8197/boards/rtl8197F/config.busybox-1.24.1.SPINAND_RTL8197F_VG_8832BR_8367R_KERN44_DUALSTACK_GW,32000,2a368e9c4312327b079c1c8792a3fef5507589fc7353e6996c753e02d0435e22
AX12v1_GPL,AX12v1_GPL_Paket/source_subset/rtl8197/boards/rtl8197F/config.busybox-1.24.1.SPINAND_RTL8197F_VG_8832BR_8367R_KERN44_GW,32034,685be818bf9d3ac61ba29c5e02d55190af38af2cb7c4505bb41b6fdffa65376c
AX12v1_GPL,AX12v1_GPL_Paket/source_subset/rtl8197/boards/rtl8197F/config.busybox-1.24.1.SPINAND_RTL8197F_VG_8832BR_8367R_KERN44_GW_EASYMESH,32044,04e7e89a3ab5d1011cfd894e70a82348950df9697cc8b8a17c27c05546a6c608
AX12v1_GPL,AX12v1_GPL_Paket/source_subset/rtl8197/boards/rtl8197F/config.busybox-1.24.1.SPINAND_RTL8197F_VG_8832BR_8367R_KERN44_GW_EASYMESH_R2_WFA,31967,bfb587e555246ab432889783d85c05840efda80e4159728e2581b348ef2bac34
AX12v1_GPL,AX12v1_GPL_Paket/source_subset/rtl8197/boards/rtl8197F/config.cpu,1121,d460759374736a2986057252a3f0967a969d5b88f7069f398b23a47e72e4038d
AX12v1_GPL,AX12v1_GPL_Paket/source_subset/rtl8197/boards/rtl8197F/config.in,15803,3940c53c666eb6b44dc35eaac4cd5aaa502c030df437dd9d5bf86244d68bfaaf
AX12v1_GPL,AX12v1_GPL_Paket/source_subset/rtl8197/boards/rtl8197F/config.linux-4.4.RTL8197F_VG_8832BR_8367R_KERN44_GW,57437,7646340cc51166cea8b2d923596d5cb0d651d84c04c6fc16dcd2e856d976b5da
AX12v1_GPL,AX12v1_GPL_Paket/source_subset/rtl8197/boards/rtl8197F/config.linux-4.4.SPINAND_RTL8197F_VG_8832BR_8367R_KERN44_DUALSTACK_GW,59053,1929705423e12beb6d3f9f4216c1a8b3b9e7be64cef49dbb6d059f0b7d9b9b46
AX12v1_GPL,AX12v1_GPL_Paket/source_subset/rtl8197/boards/rtl8197F/config.linux-4.4.SPINAND_RTL8197F_VG_8832BR_8367R_KERN44_GW,59175,cd26c0b879dd10b15b9b202fa90c00aba529627a0ce073c5f1c3f9970f8a82b9
AX12v1_GPL,AX12v1_GPL_Paket/source_subset/rtl8197/boards/rtl8197F/config.linux-4.4.SPINAND_RTL8197F_VG_8832BR_8367R_KERN44_GW_EASYMESH,57230,40408e16fb97ad0a5e16a897e5cc9c6b7c92450677076ba50c8b7b1dd414f65d
AX12v1_GPL,AX12v1_GPL_Paket/source_subset/rtl8197/boards/rtl8197F/config.linux-4.4.SPINAND_RTL8197F_VG_8832BR_8367R_KERN44_GW_EASYMESH_R2_WFA,57241,bbb21a62a851e49934d265be6c9b59a09eaaec37435cf1d30edf479f7dc6349e
AX12v1_GPL,AX12v1_GPL_Paket/source_subset/rtl8197/boards/rtl8197F/config.users.RTL8197F_VG_8832BR_8367R_KERN44_GW,6283,66184fc39d38f77ba7253aa602eb9a0465544f456da5af429a36c85a913400f0
AX12v1_GPL,AX12v1_GPL_Paket/source_subset/rtl8197/boards/rtl8197F/config.users.SPINAND_RTL8197F_VG_8832BR_8367R_KERN44_DUALSTACK_GW,6236,e835b02736818ca2b0461afab980026581abd75122cbbce42d432aaec52e21f8
AX12v1_GPL,AX12v1_GPL_Paket/source_subset/rtl8197/boards/rtl8197F/config.users.SPINAND_RTL8197F_VG_8832BR_8367R_KERN44_GW,6358,f16de7b66644d624e296540d6fee90bb8e3221b920d8b9615d9b2c75d5e1214f
AX12v1_GPL,AX12v1_GPL_Paket/source_subset/rtl8197/boards/rtl8197F/config.users.SPINAND_RTL8197F_VG_8832BR_8367R_KERN44_GW_EASYMESH,6623,19ca8b4d74da9a661b208265aa9ef4cd65421c4b33142e6c32a13ebd58cd60ef
AX12v1_GPL,AX12v1_GPL_Paket/source_subset/rtl8197/boards/rtl8197F/config.users.SPINAND_RTL8197F_VG_8832BR_8367R_KERN44_GW_EASYMESH_R2_WFA,6612,f83ac15221d0c3b8d8012e4e2ea02a3c1e2d76e4f5c57906b13b3cd9c26332bc
AX12v1_GPL,AX12v1_GPL_Paket/source_subset/rtl8197/boards/rtl8197F/ed25519-donna/Makefile,147,50d27dde1947f3108735c878f1fb8172cbe880a24d995c1d2680591d0e649d4a
AX12v1_GPL,AX12v1_GPL_Paket/source_subset/rtl8197/boards/rtl8197F/ed25519-donna/README.md,8155,ce7e04079bf12928d5e66126b4becd6aedcb6ba94f2f44dbc81b93cf7f4e5133
AX12v1_GPL,AX12v1_GPL_Paket/source_subset/rtl8197/boards/rtl8197F/ed25519-donna/curve25519-donna-32bit.h,22614,f92c32aa69d5a015a81b96bfd75063061447bcc60b79d7fa48f4056262addd39
AX12v1_GPL,AX12v1_GPL_Paket/source_subset/rtl8197/boards/rtl8197F/ed25519-donna/curve25519-donna-64bit.h,14869,200b6f43ab3ef2a4c835a79c3795d169f4762f19b51af1f950952587f6573310
AX12v1_GPL,AX12v1_GPL_Paket/source_subset/rtl8197/boards/rtl8197F/ed25519-donna/curve25519-donna-helpers.h,2374,a3cd2e774f9f57cfe16ac7b010085590464c602b9eb64e704d48b25860a7e9a1
AX12v1_GPL,AX12v1_GPL_Paket/source_subset/rtl8197/boards/rtl8197F/ed25519-donna/curve25519-donna-sse2.h,58626,fa8e7894e269b0667c18d0ec9c66025468c0d1fd2b7e370d026d2239c95d8758
AX12v1_GPL,AX12v1_GPL_Paket/source_subset/rtl8197/boards/rtl8197F/ed25519-donna/ed25519-donna-32bit-sse2.h,18640,c7b3658eb060f1ece83865a979bb48125ff45cc65f70ade96e51377c2109ab71
AX12v1_GPL,AX12v1_GPL_Paket/source_subset/rtl8197/boards/rtl8197F/ed25519-donna/ed25519-donna-32bit-tables.h,12002,4487a16e12cd57252df91364ad820cc5eb93d91cbc602fc21d96c676134754bc
AX12v1_GPL,AX12v1_GPL_Paket/source_subset/rtl8197/boards/rtl8197F/ed25519-donna/ed25519-donna-64bit-sse2.h,16318,086a0b7418114ed12141c9fcbb19d30a47fc2e14f97532874418c85920767bf6
AX12v1_GPL,AX12v1_GPL_Paket/source_subset/rtl8197/boards/rtl8197F/ed25519-donna/ed25519-donna-64bit-tables.h,10380,417c853c5ffddfc8b3e244096985fb919e872d9d4cc02e4f6c2047a1c5ec599c
AX12v1_GPL,AX12v1_GPL_Paket/source_subset/rtl8197/boards/rtl8197F/ed25519-donna/ed25519-donna-64bit-x86-32bit.h,16281,faa56400228b031de42b230e3d12192963bf863583f93f0ede5b93b843920e73
AX12v1_GPL,AX12v1_GPL_Paket/source_subset/rtl8197/boards/rtl8197F/ed25519-donna/ed25519-donna-64bit-x86.h,12962,70c13b515c2a674673378ecc7a15d41f2a24b5d79df6ec33d5e8e965293436bb
AX12v1_GPL,AX12v1_GPL_Paket/source_subset/rtl8197/boards/rtl8197F/ed25519-donna/ed25519-donna-basepoint-table.h,124048,0bfcde5ac42fe07700b9c04b280d932c888d91a73597130201ff11dcfe629e3d
AX12v1_GPL,AX12v1_GPL_Paket/source_subset/rtl8197/boards/rtl8197F/ed25519-donna/ed25519-donna-batchverify.h,7644,81c518f1591a3e90f952af752495bfb8e8b29082f63e56a441961957db04645d
AX12v1_GPL,AX12v1_GPL_Paket/source_subset/rtl8197/boards/rtl8197F/ed25519-donna/ed25519-donna-impl-base.h,10220,243eee2c096612090bf724ca530590664605df1ca11744da09fe830a160c159a
AX12v1_GPL,AX12v1_GPL_Paket/source_subset/rtl8197/boards/rtl8197F/ed25519-donna/ed25519-donna-impl-sse2.h,11815,693a03c83572d0d082fbbdb24867c313672b4372041aa774a2e343b0203a45fa
AX12v1_GPL,AX12v1_GPL_Paket/source_subset/rtl8197/boards/rtl8197F/ed25519-donna/ed25519-donna-portable-identify.h,2910,bc3f37b7106dfac8594367b598747664d65e1a3ed5125d70c525649785070a6d
AX12v1_GPL,AX12v1_GPL_Paket/source_subset/rtl8197/boards/rtl8197F/ed25519-donna/ed25519-donna-portable.h,4761,5143e41565c60fb9bb60fbd18dd00c6bdb4304f567ee61cd0553b2dd1fd38371
AX12v1_GPL,AX12v1_GPL_Paket/source_subset/rtl8197/boards/rtl8197F/ed25519-donna/ed25519-donna.h,2762,b53f69909a80a6930879aa093a41831aa6f3f6e443187f159eacc96cb7e6294e
AX12v1_GPL,AX12v1_GPL_Paket/source_subset/rtl8197/boards/rtl8197F/ed25519-donna/ed25519-hash-custom.h,370,4403f88d9a30aee0dc3b30eeba35fc6a513b7eba1efd1e4ed1811e8cf2794831
AX12v1_GPL,AX12v1_GPL_Paket/source_subset/rtl8197/boards/rtl8197F/ed25519-donna/ed25519-hash.h,6867,d1ee2991539feb3bd1bade01dfabb2a9d6a4c86e9f9deda7da1df45c831f732e
AX12v1_GPL,AX12v1_GPL_Paket/source_subset/rtl8197/boards/rtl8197F/ed25519-donna/ed25519-randombytes-custom.h,211,db6ebec8ea68ec2d4aa1978cbea25b01379283a5a4f1f296cfd1e4a0eb3ea666
AX12v1_GPL,AX12v1_GPL_Paket/source_subset/rtl8197/boards/rtl8197F/ed25519-donna/ed25519-randombytes.h,1847,0716dd5e8a68e4241b432f14852cc69db2be07915163daffd01b564f2af553a7
AX12v1_GPL,AX12v1_GPL_Paket/source_subset/rtl8197/boards/rtl8197F/ed25519-donna/ed25519.c,3687,491efa60521d6ef3cc8b42c722adbb07c5a8da3e355bd9ed8947a5ca02cec594
AX12v1_GPL,AX12v1_GPL_Paket/source_subset/rtl8197/boards/rtl8197F/ed25519-donna/ed25519.h,960,98c711b3d04fcaaa9ff560efab6b0f2e969326208a7a854d56462162b1734bfb
AX12v1_GPL,AX12v1_GPL_Paket/source_subset/rtl8197/boards/rtl8197F/ed25519-donna/fuzz/README.md,5761,a67181a195a440b6aeeadf9bd8e2a6c1f9f8b16e0bba0c1eb97071c597653b1d
AX12v1_GPL,AX12v1_GPL_Paket/source_subset/rtl8197/boards/rtl8197F/ed25519-donna/fuzz/build-nix.php,3641,a13e0d0129f1054d82802115330d504b6e16fab9d58750f953ca469235ade5c3
AX12v1_GPL,AX12v1_GPL_Paket/source_subset/rtl8197/boards/rtl8197F/ed25519-donna/fuzz/curve25519-ref10.c,38169,efaceaef0858e529a54766b5ee0d2288cc8e1ba9c0c15c8adfab9c65ac12c958
AX12v1_GPL,AX12v1_GPL_Paket/source_subset/rtl8197/boards/rtl8197F/ed25519-donna/fuzz/curve25519-ref10.h,259,c087f514d5415cff167ff9a81adf61aee3ceaf263785df1bb60454ab59768876
AX12v1_GPL,AX12v1_GPL_Paket/source_subset/rtl8197/boards/rtl8197F/ed25519-donna/fuzz/ed25519-donna-sse2.c,74,817f1771cc169f13753c15cbc0492ca719acf925a0acaa701b5f8aa03c689c48
AX12v1_GPL,AX12v1_GPL_Paket/source_subset/rtl8197/boards/rtl8197F/ed25519-donna/fuzz/ed25519-donna.c,24,ec26208115014b36793cddfafd6d5efc064d64bb878073396922b2ea6b211415
AX12v1_GPL,AX12v1_GPL_Paket/source_subset/rtl8197/boards/rtl8197F/ed25519-donna/fuzz/ed25519-donna.h,1561,5ba9f448728209a7e519585467be5d4ea084f5d13c22225a8fde0d3bcc415259
AX12v1_GPL,AX12v1_GPL_Paket/source_subset/rtl8197/boards/rtl8197F/ed25519-donna/fuzz/ed25519-ref10.c,171009,6c9e86c6de53e57593e0bc30b8045fdb72364c2d78a67fc5fe89dd483b39683c
AX12v1_GPL,AX12v1_GPL_Paket/source_subset/rtl8197/boards/rtl8197F/ed25519-donna/fuzz/ed25519-ref10.h,426,69e48a0f86e1f32bd9282e9bbf0e96c7789ed6f38b5830ce838bfc30b992e981
AX12v1_GPL,AX12v1_GPL_Paket/source_subset/rtl8197/boards/rtl8197F/ed25519-donna/fuzz/fuzz-curve25519.c,3686,ab2b7f065263bd12a64307da8ff6278402113e76bf83188984fd91993855fd6a
AX12v1_GPL,AX12v1_GPL_Paket/source_subset/rtl8197/boards/rtl8197F/ed25519-donna/fuzz/fuzz-ed25519.c,5412,949114b06eca2ecbe00cc7f6c893da03ded8634056ea81f6c7c9576c90bd281d
AX12v1_GPL,AX12v1_GPL_Paket/source_subset/rtl8197/boards/rtl8197F/ed25519-donna/modm-donna-32bit.h,21134,56716eb2f1eb1c5c5de494110b4ef912392ea7217a0e05608e3c70c236460ee1
AX12v1_GPL,AX12v1_GPL_Paket/source_subset/rtl8197/boards/rtl8197F/ed25519-donna/modm-donna-64bit.h,13354,1e320582deefcd5547bc9b036f639bd8248c01b0f4cfa1d8f7e1703dc7eea3ac
AX12v1_GPL,AX12v1_GPL_Paket/source_subset/rtl8197/boards/rtl8197F/ed25519-donna/regression.h,2765824,0575f870ab0c7c95970fbed795a5f83143b55b63ea967b50b6c2a6fdeba7f385
AX12v1_GPL,AX12v1_GPL_Paket/source_subset/rtl8197/boards/rtl8197F/ed25519-donna/run.sh,100,cf04d8eab0cce94ddfbabcc611ab443dc43cf05ab20ed4825d6ae39b3c5c8ddc
AX12v1_GPL,AX12v1_GPL_Paket/source_subset/rtl8197/boards/rtl8197F/ed25519-donna/sign_key.c,15899,557bada2c8df39ce69e4be57ec635e1884136b043488174b3fd6283ce005a849
AX12v1_GPL,AX12v1_GPL_Paket/source_subset/rtl8197/boards/rtl8197F/ed25519-donna/test-internals.c,6019,14c9805089f61f847f18761a3180219a8481f8916a8fe3288686e2aa0f735ceb
AX12v1_GPL,AX12v1_GPL_Paket/source_subset/rtl8197/boards/rtl8197F/ed25519-donna/test-ticks.h,1313,89edcd5f1d94783979c857e91f04e51f63041b5e074a958b085dafef55f56613
AX12v1_GPL,AX12v1_GPL_Paket/source_subset/rtl8197/boards/rtl8197F/etc.RTL8197F_8812AR_MP/TZ,9,4923762c725a5e9cde7b5067ec7b1436cd293feefb4de92bd2efb5a470eb5c97
AX12v1_GPL,AX12v1_GPL_Paket/source_subset/rtl8197/boards/rtl8197F/etc.RTL8197F_8812AR_MP/group,32,5148fde8988f4762c1a14039adf6ca7cfcf3b201c71cd48332da60ca69ff49a8
AX12v1_GPL,AX12v1_GPL_Paket/source_subset/rtl8197/boards/rtl8197F/etc.RTL8197F_8812AR_MP/host.conf,17,313728062c7ae797e11187c7f1d66b559f0098115320166bca6100486c167824
AX12v1_GPL,AX12v1_GPL_Paket/source_subset/rtl8197/boards/rtl8197F/etc.RTL8197F_8812AR_MP/hosts,146,f80e3d5c3a0e4517e650bccee94c8033131e263d8458b37a18dcee440cb3819b
AX12v1_GPL,AX12v1_GPL_Paket/source_subset/rtl8197/boards/rtl8197F/etc.RTL8197F_8812AR_MP/init.d/rcS,291,4ba8dbfde1e6858373479b9b21d189f916a660fbc2098b9b7185bc5df0b76dd8
AX12v1_GPL,AX12v1_GPL_Paket/source_subset/rtl8197/boards/rtl8197F/etc.RTL8197F_8812AR_MP/inittab,308,029314c08baad22a9a6d592670a68befbf0c920a4db80648486e723ebe5c9948
AX12v1_GPL,AX12v1_GPL_Paket/source_subset/rtl8197/boards/rtl8197F/etc.RTL8197F_8812AR_MP/mime.types,1552,8d0a3ce3b74daccb330e158471cab898d40d4e40ed8a74ff9d710909a82cdf6e
AX12v1_GPL,AX12v1_GPL_Paket/source_subset/rtl8197/boards/rtl8197F/etc.RTL8197F_8812AR_MP/motd,334,3b727708cd2efa362aa751c12c8d2e9e0e2050cb07b3d646dae2c6f4bcdd1cb3
AX12v1_GPL,AX12v1_GPL_Paket/source_subset/rtl8197/boards/rtl8197F/etc.RTL8197F_8812AR_MP/passwd,59,4d6b899746dbeedb12a8f24fe71fe5d280272127ac830dc3c7755608c6704076
AX12v1_GPL,AX12v1_GPL_Paket/source_subset/rtl8197/boards/rtl8197F/etc.RTL8197F_8812AR_MP/resolv.conf,22,bc90c8d01ca4fdd435dc0fc0cc1d50eb93a2a727e0554bae8bed0807469819f9
AX12v1_GPL,AX12v1_GPL_Paket/source_subset/rtl8197/boards/rtl8197F/etc.RTL8197F_8812AR_MP/services,8205,6ae28a7390a44890f3709f772dd5a2d8246880b40a734f1317cb117eea6de748
AX12v1_GPL,AX12v1_GPL_Paket/source_subset/rtl8197/boards/rtl8197F/etc.RTL8197F_8812AR_MP/smb.conf,9770,e2228076ff7e562fe6b0ba496e4e5291efef49e0f97a7b801d5882429ae8441b
AX12v1_GPL,AX12v1_GPL_Paket/source_subset/rtl8197/boards/rtl8197F/etc.RTL8197F_8812BR_8367R_MP/TZ,9,4923762c725a5e9cde7b5067ec7b1436cd293feefb4de92bd2efb5a470eb5c97
AX12v1_GPL,AX12v1_GPL_Paket/source_subset/rtl8197/boards/rtl8197F/etc.RTL8197F_8812BR_8367R_MP/group,32,5148fde8988f4762c1a14039adf6ca7cfcf3b201c71cd48332da60ca69ff49a8
AX12v1_GPL,AX12v1_GPL_Paket/source_subset/rtl8197/boards/rtl8197F/etc.RTL8197F_8812BR_8367R_MP/host.conf,17,313728062c7ae797e11187c7f1d66b559f0098115320166bca6100486c167824
AX12v1_GPL,AX12v1_GPL_Paket/source_subset/rtl8197/boards/rtl8197F/etc.RTL8197F_8812BR_8367R_MP/hosts,146,f80e3d5c3a0e4517e650bccee94c8033131e263d8458b37a18dcee440cb3819b
AX12v1_GPL,AX12v1_GPL_Paket/source_subset/rtl8197/boards/rtl8197F/etc.RTL8197F_8812BR_8367R_MP/init.d/rcS,291,4ba8dbfde1e6858373479b9b21d189f916a660fbc2098b9b7185bc5df0b76dd8
AX12v1_GPL,AX12v1_GPL_Paket/source_subset/rtl8197/boards/rtl8197F/etc.RTL8197F_8812BR_8367R_MP/inittab,308,029314c08baad22a9a6d592670a68befbf0c920a4db80648486e723ebe5c9948
AX12v1_GPL,AX12v1_GPL_Paket/source_subset/rtl8197/boards/rtl8197F/etc.RTL8197F_8812BR_8367R_MP/mime.types,1552,8d0a3ce3b74daccb330e158471cab898d40d4e40ed8a74ff9d710909a82cdf6e
AX12v1_GPL,AX12v1_GPL_Paket/source_subset/rtl8197/boards/rtl8197F/etc.RTL8197F_8812BR_8367R_MP/motd,334,3b727708cd2efa362aa751c12c8d2e9e0e2050cb07b3d646dae2c6f4bcdd1cb3
AX12v1_GPL,AX12v1_GPL_Paket/source_subset/rtl8197/boards/rtl8197F/etc.RTL8197F_8812BR_8367R_MP/passwd,59,4d6b899746dbeedb12a8f24fe71fe5d280272127ac830dc3c7755608c6704076
AX12v1_GPL,AX12v1_GPL_Paket/source_subset/rtl8197/boards/rtl8197F/etc.RTL8197F_8812BR_8367R_MP/resolv.conf,22,bc90c8d01ca4fdd435dc0fc0cc1d50eb93a2a727e0554bae8bed0807469819f9
AX12v1_GPL,AX12v1_GPL_Paket/source_subset/rtl8197/boards/rtl8197F/etc.RTL8197F_8812BR_8367R_MP/services,8205,6ae28a7390a44890f3709f772dd5a2d8246880b40a734f1317cb117eea6de748
AX12v1_GPL,AX12v1_GPL_Paket/source_subset/rtl8197/boards/rtl8197F/etc.RTL8197F_8812BR_8367R_MP/smb.conf,9770,e2228076ff7e562fe6b0ba496e4e5291efef49e0f97a7b801d5882429ae8441b
AX12v1_GPL,AX12v1_GPL_Paket/source_subset/rtl8197/boards/rtl8197F/etc.RTL8197F_8812BR_8367R_WAC/TZ,9,4923762c725a5e9cde7b5067ec7b1436cd293feefb4de92bd2efb5a470eb5c97
AX12v1_GPL,AX12v1_GPL_Paket/source_subset/rtl8197/boards/rtl8197F/etc.RTL8197F_8812BR_8367R_WAC/group,32,5148fde8988f4762c1a14039adf6ca7cfcf3b201c71cd48332da60ca69ff49a8
AX12v1_GPL,AX12v1_GPL_Paket/source_subset/rtl8197/boards/rtl8197F/etc.RTL8197F_8812BR_8367R_WAC/host.conf,17,313728062c7ae797e11187c7f1d66b559f0098115320166bca6100486c167824
AX12v1_GPL,AX12v1_GPL_Paket/source_subset/rtl8197/boards/rtl8197F/etc.RTL8197F_8812BR_8367R_WAC/hosts,146,f80e3d5c3a0e4517e650bccee94c8033131e263d8458b37a18dcee440cb3819b
AX12v1_GPL,AX12v1_GPL_Paket/source_subset/rtl8197/boards/rtl8197F/etc.RTL8197F_8812BR_8367R_WAC/init.d/rcS_AP,1407,d0b7549d9eea0c9a02c44007ed6c433cf17cd9c2d06ae523703b8de1ae7182e0
AX12v1_GPL,AX12v1_GPL_Paket/source_subset/rtl8197/boards/rtl8197F/etc.RTL8197F_8812BR_8367R_WAC/init.d/rcS_GW,3104,060bd5b0fdda7e85c8eafbdf4b1334ca3c9e0fa7ec3d6973b6832b3a094e02cb
AX12v1_GPL,AX12v1_GPL_Paket/source_subset/rtl8197/boards/rtl8197F/etc.RTL8197F_8812BR_8367R_WAC/inittab,308,029314c08baad22a9a6d592670a68befbf0c920a4db80648486e723ebe5c9948
AX12v1_GPL,AX12v1_GPL_Paket/source_subset/rtl8197/boards/rtl8197F/etc.RTL8197F_8812BR_8367R_WAC/iproute2/rt_tables,114,140279ef964cfad53dda8514620b566d50f223643bae3bfb80ec6d128dee976f
AX12v1_GPL,AX12v1_GPL_Paket/source_subset/rtl8197/boards/rtl8197F/etc.RTL8197F_8812BR_8367R_WAC/mime.types,1552,8d0a3ce3b74daccb330e158471cab898d40d4e40ed8a74ff9d710909a82cdf6e
AX12v1_GPL,AX12v1_GPL_Paket/source_subset/rtl8197/boards/rtl8197F/etc.RTL8197F_8812BR_8367R_WAC/minidlna.conf,2513,f9af70366cae26add0c4587e607731e1f82b061b65494371aed571d2cf5b43ab
AX12v1_GPL,AX12v1_GPL_Paket/source_subset/rtl8197/boards/rtl8197F/etc.RTL8197F_8812BR_8367R_WAC/motd,334,3b727708cd2efa362aa751c12c8d2e9e0e2050cb07b3d646dae2c6f4bcdd1cb3
AX12v1_GPL,AX12v1_GPL_Paket/source_subset/rtl8197/boards/rtl8197F/etc.RTL8197F_8812BR_8367R_WAC/passwd,57,808edc685e7acd587536825800b6136fd069d8a422ede561d71328447b5f0f96
AX12v1_GPL,AX12v1_GPL_Paket/source_subset/rtl8197/boards/rtl8197F/etc.RTL8197F_8812BR_8367R_WAC/resolv.conf,22,bc90c8d01ca4fdd435dc0fc0cc1d50eb93a2a727e0554bae8bed0807469819f9
AX12v1_GPL,AX12v1_GPL_Paket/source_subset/rtl8197/boards/rtl8197F/etc.RTL8197F_8812BR_8367R_WAC/samba/smb.conf,10136,0f14f29296ff2c41ca059dec63962cbbb297b7da25ba6eebb2e5583454534f27
AX12v1_GPL,AX12v1_GPL_Paket/source_subset/rtl8197/boards/rtl8197F/etc.RTL8197F_8812BR_8367R_WAC/samba/smbpasswd,104,2187a31165dc5cb2190130abdc04d6c5fef3d78ffc609b390b74a444f8e76c94
AX12v1_GPL,AX12v1_GPL_Paket/source_subset/rtl8197/boards/rtl8197F/etc.RTL8197F_8812BR_8367R_WAC/services,8205,6ae28a7390a44890f3709f772dd5a2d8246880b40a734f1317cb117eea6de748
AX12v1_GPL,AX12v1_GPL_Paket/source_subset/rtl8197/boards/rtl8197F/etc.RTL8197F_8812BR_8367R_WAC/shadow.sample,87,106bf188d92eae79b255c106cb9f05777b5ba225ddef95132fb1da552b81caac
AX12v1_GPL,AX12v1_GPL_Paket/source_subset/rtl8197/boards/rtl8197F/etc.RTL8197F_8812BR_8367R_WAC/ushare.conf,1359,8e1b479172c4f1c7478a6658bae1a1049b607e7aacd24f2c40ff415b6e3da057
AX12v1_GPL,AX12v1_GPL_Paket/source_subset/rtl8197/boards/rtl8197F/etc.RTL8197F_8812BR_8367R_WAC/vsftpd.conf,4505,c86e2c41c3c17be5510db27e4998fbf372751727c340dce68362012d47744e92
AX12v1_GPL,AX12v1_GPL_Paket/source_subset/rtl8197/boards/rtl8197F/etc.RTL8197F_8812F_8367R_MP/TZ,9,4923762c725a5e9cde7b5067ec7b1436cd293feefb4de92bd2efb5a470eb5c97
AX12v1_GPL,AX12v1_GPL_Paket/source_subset/rtl8197/boards/rtl8197F/etc.RTL8197F_8812F_8367R_MP/group,32,5148fde8988f4762c1a14039adf6ca7cfcf3b201c71cd48332da60ca69ff49a8
AX12v1_GPL,AX12v1_GPL_Paket/source_subset/rtl8197/boards/rtl8197F/etc.RTL8197F_8812F_8367R_MP/host.conf,17,313728062c7ae797e11187c7f1d66b559f0098115320166bca6100486c167824
AX12v1_GPL,AX12v1_GPL_Paket/source_subset/rtl8197/boards/rtl8197F/etc.RTL8197F_8812F_8367R_MP/hosts,146,f80e3d5c3a0e4517e650bccee94c8033131e263d8458b37a18dcee440cb3819b
AX12v1_GPL,AX12v1_GPL_Paket/source_subset/rtl8197/boards/rtl8197F/etc.RTL8197F_8812F_8367R_MP/init.d/rcS,291,4ba8dbfde1e6858373479b9b21d189f916a660fbc2098b9b7185bc5df0b76dd8
AX12v1_GPL,AX12v1_GPL_Paket/source_subset/rtl8197/boards/rtl8197F/etc.RTL8197F_8812F_8367R_MP/inittab,308,029314c08baad22a9a6d592670a68befbf0c920a4db80648486e723ebe5c9948
AX12v1_GPL,AX12v1_GPL_Paket/source_subset/rtl8197/boards/rtl8197F/etc.RTL8197F_8812F_8367R_MP/mime.types,1552,8d0a3ce3b74daccb330e158471cab898d40d4e40ed8a74ff9d710909a82cdf6e
AX12v1_GPL,AX12v1_GPL_Paket/source_subset/rtl8197/boards/rtl8197F/etc.RTL8197F_8812F_8367R_MP/motd,334,3b727708cd2efa362aa751c12c8d2e9e0e2050cb07b3d646dae2c6f4bcdd1cb3
AX12v1_GPL,AX12v1_GPL_Paket/source_subset/rtl8197/boards/rtl8197F/etc.RTL8197F_8812F_8367R_MP/passwd,59,4d6b899746dbeedb12a8f24fe71fe5d280272127ac830dc3c7755608c6704076
AX12v1_GPL,AX12v1_GPL_Paket/source_subset/rtl8197/boards/rtl8197F/etc.RTL8197F_8812F_8367R_MP/resolv.conf,22,bc90c8d01ca4fdd435dc0fc0cc1d50eb93a2a727e0554bae8bed0807469819f9
AX12v1_GPL,AX12v1_GPL_Paket/source_subset/rtl8197/boards/rtl8197F/etc.RTL8197F_8812F_8367R_MP/services,8205,6ae28a7390a44890f3709f772dd5a2d8246880b40a734f1317cb117eea6de748
AX12v1_GPL,AX12v1_GPL_Paket/source_subset/rtl8197/boards/rtl8197F/etc.RTL8197F_8812F_8367R_MP/smb.conf,9770,e2228076ff7e562fe6b0ba496e4e5291efef49e0f97a7b801d5882429ae8441b
AX12v1_GPL,AX12v1_GPL_Paket/source_subset/rtl8197/boards/rtl8197F/etc.RTL8197F_8814B_8367R_MP/TZ,9,4923762c725a5e9cde7b5067ec7b1436cd293feefb4de92bd2efb5a470eb5c97
AX12v1_GPL,AX12v1_GPL_Paket/source_subset/rtl8197/boards/rtl8197F/etc.RTL8197F_8814B_8367R_MP/group,32,5148fde8988f4762c1a14039adf6ca7cfcf3b201c71cd48332da60ca69ff49a8
AX12v1_GPL,AX12v1_GPL_Paket/source_subset/rtl8197/boards/rtl8197F/etc.RTL8197F_8814B_8367R_MP/host.conf,17,313728062c7ae797e11187c7f1d66b559f0098115320166bca6100486c167824
AX12v1_GPL,AX12v1_GPL_Paket/source_subset/rtl8197/boards/rtl8197F/etc.RTL8197F_8814B_8367R_MP/hosts,146,f80e3d5c3a0e4517e650bccee94c8033131e263d8458b37a18dcee440cb3819b
AX12v1_GPL,AX12v1_GPL_Paket/source_subset/rtl8197/boards/rtl8197F/etc.RTL8197F_8814B_8367R_MP/init.d/rcS,291,4ba8dbfde1e6858373479b9b21d189f916a660fbc2098b9b7185bc5df0b76dd8
AX12v1_GPL,AX12v1_GPL_Paket/source_subset/rtl8197/boards/rtl8197F/etc.RTL8197F_8814B_8367R_MP/inittab,308,029314c08baad22a9a6d592670a68befbf0c920a4db80648486e723ebe5c9948
AX12v1_GPL,AX12v1_GPL_Paket/source_subset/rtl8197/boards/rtl8197F/etc.RTL8197F_8814B_8367R_MP/mime.types,1552,8d0a3ce3b74daccb330e158471cab898d40d4e40ed8a74ff9d710909a82cdf6e
AX12v1_GPL,AX12v1_GPL_Paket/source_subset/rtl8197/boards/rtl8197F/etc.RTL8197F_8814B_8367R_MP/motd,334,3b727708cd2efa362aa751c12c8d2e9e0e2050cb07b3d646dae2c6f4bcdd1cb3
AX12v1_GPL,AX12v1_GPL_Paket/source_subset/rtl8197/boards/rtl8197F/etc.RTL8197F_8814B_8367R_MP/passwd,59,4d6b899746dbeedb12a8f24fe71fe5d280272127ac830dc3c7755608c6704076
AX12v1_GPL,AX12v1_GPL_Paket/source_subset/rtl8197/boards/rtl8197F/etc.RTL8197F_8814B_8367R_MP/resolv.conf,22,bc90c8d01ca4fdd435dc0fc0cc1d50eb93a2a727e0554bae8bed0807469819f9
AX12v1_GPL,AX12v1_GPL_Paket/source_subset/rtl8197/boards/rtl8197F/etc.RTL8197F_8814B_8367R_MP/services,8205,6ae28a7390a44890f3709f772dd5a2d8246880b40a734f1317cb117eea6de748
AX12v1_GPL,AX12v1_GPL_Paket/source_subset/rtl8197/boards/rtl8197F/etc.RTL8197F_8814B_8367R_MP/smb.conf,9770,e2228076ff7e562fe6b0ba496e4e5291efef49e0f97a7b801d5882429ae8441b
AX12v1_GPL,AX12v1_GPL_Paket/source_subset/rtl8197/boards/rtl8197F/etc.RTL8197F_ETH_RAMFS/TZ,9,4923762c725a5e9cde7b5067ec7b1436cd293feefb4de92bd2efb5a470eb5c97
AX12v1_GPL,AX12v1_GPL_Paket/source_subset/rtl8197/boards/rtl8197F/etc.RTL8197F_ETH_RAMFS/group,32,5148fde8988f4762c1a14039adf6ca7cfcf3b201c71cd48332da60ca69ff49a8
AX12v1_GPL,AX12v1_GPL_Paket/source_subset/rtl8197/boards/rtl8197F/etc.RTL8197F_ETH_RAMFS/host.conf,17,313728062c7ae797e11187c7f1d66b559f0098115320166bca6100486c167824
AX12v1_GPL,AX12v1_GPL_Paket/source_subset/rtl8197/boards/rtl8197F/etc.RTL8197F_ETH_RAMFS/hosts,146,f80e3d5c3a0e4517e650bccee94c8033131e263d8458b37a18dcee440cb3819b
AX12v1_GPL,AX12v1_GPL_Paket/source_subset/rtl8197/boards/rtl8197F/etc.RTL8197F_ETH_RAMFS/init.d/rcS,556,72026f9dd218e1e469b4e80bb842f3697f913f650fe43ae78d7d736c95851f04
AX12v1_GPL,AX12v1_GPL_Paket/source_subset/rtl8197/boards/rtl8197F/etc.RTL8197F_ETH_RAMFS/inittab,308,029314c08baad22a9a6d592670a68befbf0c920a4db80648486e723ebe5c9948
AX12v1_GPL,AX12v1_GPL_Paket/source_subset/rtl8197/boards/rtl8197F/etc.RTL8197F_ETH_RAMFS/mime.types,1552,8d0a3ce3b74daccb330e158471cab898d40d4e40ed8a74ff9d710909a82cdf6e
AX12v1_GPL,AX12v1_GPL_Paket/source_subset/rtl8197/boards/rtl8197F/etc.RTL8197F_ETH_RAMFS/motd,334,3b727708cd2efa362aa751c12c8d2e9e0e2050cb07b3d646dae2c6f4bcdd1cb3
AX12v1_GPL,AX12v1_GPL_Paket/source_subset/rtl8197/boards/rtl8197F/etc.RTL8197F_ETH_RAMFS/passwd,59,4d6b899746dbeedb12a8f24fe71fe5d280272127ac830dc3c7755608c6704076
AX12v1_GPL,AX12v1_GPL_Paket/source_subset/rtl8197/boards/rtl8197F/etc.RTL8197F_ETH_RAMFS/resolv.conf,22,bc90c8d01ca4fdd435dc0fc0cc1d50eb93a2a727e0554bae8bed0807469819f9
AX12v1_GPL,AX12v1_GPL_Paket/source_subset/rtl8197/boards/rtl8197F/etc.RTL8197F_ETH_RAMFS/services,8205,6ae28a7390a44890f3709f772dd5a2d8246880b40a734f1317cb117eea6de748
AX12v1_GPL,AX12v1_GPL_Paket/source_subset/rtl8197/boards/rtl8197F/etc.RTL8197F_ETH_RAMFS/smb.conf,9770,e2228076ff7e562fe6b0ba496e4e5291efef49e0f97a7b801d5882429ae8441b
AX12v1_GPL,AX12v1_GPL_Paket/source_subset/rtl8197/boards/rtl8197F/etc.RTL8197F_MP/TZ,9,4923762c725a5e9cde7b5067ec7b1436cd293feefb4de92bd2efb5a470eb5c97
AX12v1_GPL,AX12v1_GPL_Paket/source_subset/rtl8197/boards/rtl8197F/etc.RTL8197F_MP/group,32,5148fde8988f4762c1a14039adf6ca7cfcf3b201c71cd48332da60ca69ff49a8
AX12v1_GPL,AX12v1_GPL_Paket/source_subset/rtl8197/boards/rtl8197F/etc.RTL8197F_MP/host.conf,17,313728062c7ae797e11187c7f1d66b559f0098115320166bca6100486c167824
AX12v1_GPL,AX12v1_GPL_Paket/source_subset/rtl8197/boards/rtl8197F/etc.RTL8197F_MP/hosts,146,f80e3d5c3a0e4517e650bccee94c8033131e263d8458b37a18dcee440cb3819b
AX12v1_GPL,AX12v1_GPL_Paket/source_subset/rtl8197/boards/rtl8197F/etc.RTL8197F_MP/init.d/rcS,399,798568e8a9e473ced90223640e33c222082d1f8f9967c44f39764d56e9a8658c
AX12v1_GPL,AX12v1_GPL_Paket/source_subset/rtl8197/boards/rtl8197F/etc.RTL8197F_MP/inittab,308,029314c08baad22a9a6d592670a68befbf0c920a4db80648486e723ebe5c9948
AX12v1_GPL,AX12v1_GPL_Paket/source_subset/rtl8197/boards/rtl8197F/etc.RTL8197F_MP/mime.types,1552,8d0a3ce3b74daccb330e158471cab898d40d4e40ed8a74ff9d710909a82cdf6e
AX12v1_GPL,AX12v1_GPL_Paket/source_subset/rtl8197/boards/rtl8197F/etc.RTL8197F_MP/motd,334,3b727708cd2efa362aa751c12c8d2e9e0e2050cb07b3d646dae2c6f4bcdd1cb3
AX12v1_GPL,AX12v1_GPL_Paket/source_subset/rtl8197/boards/rtl8197F/etc.RTL8197F_MP/passwd,59,4d6b899746dbeedb12a8f24fe71fe5d280272127ac830dc3c7755608c6704076
AX12v1_GPL,AX12v1_GPL_Paket/source_subset/rtl8197/boards/rtl8197F/etc.RTL8197F_MP/resolv.conf,22,bc90c8d01ca4fdd435dc0fc0cc1d50eb93a2a727e0554bae8bed0807469819f9
AX12v1_GPL,AX12v1_GPL_Paket/source_subset/rtl8197/boards/rtl8197F/etc.RTL8197F_MP/services,8205,6ae28a7390a44890f3709f772dd5a2d8246880b40a734f1317cb117eea6de748
AX12v1_GPL,AX12v1_GPL_Paket/source_subset/rtl8197/boards/rtl8197F/etc.RTL8197F_MP/smb.conf,9770,e2228076ff7e562fe6b0ba496e4e5291efef49e0f97a7b801d5882429ae8441b
AX12v1_GPL,AX12v1_GPL_Paket/source_subset/rtl8197/boards/rtl8197F/etc.RTL8197F_RAMFS/TZ,9,4923762c725a5e9cde7b5067ec7b1436cd293feefb4de92bd2efb5a470eb5c97
AX12v1_GPL,AX12v1_GPL_Paket/source_subset/rtl8197/boards/rtl8197F/etc.RTL8197F_RAMFS/group,32,5148fde8988f4762c1a14039adf6ca7cfcf3b201c71cd48332da60ca69ff49a8
AX12v1_GPL,AX12v1_GPL_Paket/source_subset/rtl8197/boards/rtl8197F/etc.RTL8197F_RAMFS/host.conf,17,313728062c7ae797e11187c7f1d66b559f0098115320166bca6100486c167824
AX12v1_GPL,AX12v1_GPL_Paket/source_subset/rtl8197/boards/rtl8197F/etc.RTL8197F_RAMFS/hosts,146,f80e3d5c3a0e4517e650bccee94c8033131e263d8458b37a18dcee440cb3819b
AX12v1_GPL,AX12v1_GPL_Paket/source_subset/rtl8197/boards/rtl8197F/etc.RTL8197F_RAMFS/init.d/rcS,556,72026f9dd218e1e469b4e80bb842f3697f913f650fe43ae78d7d736c95851f04
AX12v1_GPL,AX12v1_GPL_Paket/source_subset/rtl8197/boards/rtl8197F/etc.RTL8197F_RAMFS/inittab,308,029314c08baad22a9a6d592670a68befbf0c920a4db80648486e723ebe5c9948
AX12v1_GPL,AX12v1_GPL_Paket/source_subset/rtl8197/boards/rtl8197F/etc.RTL8197F_RAMFS/mime.types,1552,8d0a3ce3b74daccb330e158471cab898d40d4e40ed8a74ff9d710909a82cdf6e
AX12v1_GPL,AX12v1_GPL_Paket/source_subset/rtl8197/boards/rtl8197F/etc.RTL8197F_RAMFS/motd,334,3b727708cd2efa362aa751c12c8d2e9e0e2050cb07b3d646dae2c6f4bcdd1cb3
AX12v1_GPL,AX12v1_GPL_Paket/source_subset/rtl8197/boards/rtl8197F/etc.RTL8197F_RAMFS/passwd,59,4d6b899746dbeedb12a8f24fe71fe5d280272127ac830dc3c7755608c6704076
AX12v1_GPL,AX12v1_GPL_Paket/source_subset/rtl8197/boards/rtl8197F/etc.RTL8197F_RAMFS/resolv.conf,22,bc90c8d01ca4fdd435dc0fc0cc1d50eb93a2a727e0554bae8bed0807469819f9
AX12v1_GPL,AX12v1_GPL_Paket/source_subset/rtl8197/boards/rtl8197F/etc.RTL8197F_RAMFS/services,8205,6ae28a7390a44890f3709f772dd5a2d8246880b40a734f1317cb117eea6de748
AX12v1_GPL,AX12v1_GPL_Paket/source_subset/rtl8197/boards/rtl8197F/etc.RTL8197F_RAMFS/smb.conf,9770,e2228076ff7e562fe6b0ba496e4e5291efef49e0f97a7b801d5882429ae8441b
AX12v1_GPL,AX12v1_GPL_Paket/source_subset/rtl8197/boards/rtl8197F/etc.RTL8197F_VG_8367R_MP/TZ,9,4923762c725a5e9cde7b5067ec7b1436cd293feefb4de92bd2efb5a470eb5c97
AX12v1_GPL,AX12v1_GPL_Paket/source_subset/rtl8197/boards/rtl8197F/etc.RTL8197F_VG_8367R_MP/group,32,5148fde8988f4762c1a14039adf6ca7cfcf3b201c71cd48332da60ca69ff49a8
AX12v1_GPL,AX12v1_GPL_Paket/source_subset/rtl8197/boards/rtl8197F/etc.RTL8197F_VG_8367R_MP/host.conf,17,313728062c7ae797e11187c7f1d66b559f0098115320166bca6100486c167824
AX12v1_GPL,AX12v1_GPL_Paket/source_subset/rtl8197/boards/rtl8197F/etc.RTL8197F_VG_8367R_MP/hosts,146,f80e3d5c3a0e4517e650bccee94c8033131e263d8458b37a18dcee440cb3819b
AX12v1_GPL,AX12v1_GPL_Paket/source_subset/rtl8197/boards/rtl8197F/etc.RTL8197F_VG_8367R_MP/init.d/rcS,399,798568e8a9e473ced90223640e33c222082d1f8f9967c44f39764d56e9a8658c
AX12v1_GPL,AX12v1_GPL_Paket/source_subset/rtl8197/boards/rtl8197F/etc.RTL8197F_VG_8367R_MP/inittab,308,029314c08baad22a9a6d592670a68befbf0c920a4db80648486e723ebe5c9948
AX12v1_GPL,AX12v1_GPL_Paket/source_subset/rtl8197/boards/rtl8197F/etc.RTL8197F_VG_8367R_MP/mime.types,1552,8d0a3ce3b74daccb330e158471cab898d40d4e40ed8a74ff9d710909a82cdf6e
AX12v1_GPL,AX12v1_GPL_Paket/source_subset/rtl8197/boards/rtl8197F/etc.RTL8197F_VG_8367R_MP/motd,334,3b727708cd2efa362aa751c12c8d2e9e0e2050cb07b3d646dae2c6f4bcdd1cb3
AX12v1_GPL,AX12v1_GPL_Paket/source_subset/rtl8197/boards/rtl8197F/etc.RTL8197F_VG_8367R_MP/passwd,59,4d6b899746dbeedb12a8f24fe71fe5d280272127ac830dc3c7755608c6704076
AX12v1_GPL,AX12v1_GPL_Paket/source_subset/rtl8197/boards/rtl8197F/etc.RTL8197F_VG_8367R_MP/resolv.conf,22,bc90c8d01ca4fdd435dc0fc0cc1d50eb93a2a727e0554bae8bed0807469819f9
AX12v1_GPL,AX12v1_GPL_Paket/source_subset/rtl8197/boards/rtl8197F/etc.RTL8197F_VG_8367R_MP/services,8205,6ae28a7390a44890f3709f772dd5a2d8246880b40a734f1317cb117eea6de748
AX12v1_GPL,AX12v1_GPL_Paket/source_subset/rtl8197/boards/rtl8197F/etc.RTL8197F_VG_8367R_MP/smb.conf,9770,e2228076ff7e562fe6b0ba496e4e5291efef49e0f97a7b801d5882429ae8441b
AX12v1_GPL,AX12v1_GPL_Paket/source_subset/rtl8197/boards/rtl8197F/etc.RTL8197F_VG_8812F_8367R_MP/TZ,9,4923762c725a5e9cde7b5067ec7b1436cd293feefb4de92bd2efb5a470eb5c97
AX12v1_GPL,AX12v1_GPL_Paket/source_subset/rtl8197/boards/rtl8197F/etc.RTL8197F_VG_8812F_8367R_MP/group,32,5148fde8988f4762c1a14039adf6ca7cfcf3b201c71cd48332da60ca69ff49a8
AX12v1_GPL,AX12v1_GPL_Paket/source_subset/rtl8197/boards/rtl8197F/etc.RTL8197F_VG_8812F_8367R_MP/host.conf,17,313728062c7ae797e11187c7f1d66b559f0098115320166bca6100486c167824
AX12v1_GPL,AX12v1_GPL_Paket/source_subset/rtl8197/boards/rtl8197F/etc.RTL8197F_VG_8812F_8367R_MP/hosts,146,f80e3d5c3a0e4517e650bccee94c8033131e263d8458b37a18dcee440cb3819b
AX12v1_GPL,AX12v1_GPL_Paket/source_subset/rtl8197/boards/rtl8197F/etc.RTL8197F_VG_8812F_8367R_MP/init.d/rcS,291,4ba8dbfde1e6858373479b9b21d189f916a660fbc2098b9b7185bc5df0b76dd8
AX12v1_GPL,AX12v1_GPL_Paket/source_subset/rtl8197/boards/rtl8197F/etc.RTL8197F_VG_8812F_8367R_MP/inittab,308,029314c08baad22a9a6d592670a68befbf0c920a4db80648486e723ebe5c9948
AX12v1_GPL,AX12v1_GPL_Paket/source_subset/rtl8197/boards/rtl8197F/etc.RTL8197F_VG_8812F_8367R_MP/mime.types,1552,8d0a3ce3b74daccb330e158471cab898d40d4e40ed8a74ff9d710909a82cdf6e
AX12v1_GPL,AX12v1_GPL_Paket/source_subset/rtl8197/boards/rtl8197F/etc.RTL8197F_VG_8812F_8367R_MP/motd,334,3b727708cd2efa362aa751c12c8d2e9e0e2050cb07b3d646dae2c6f4bcdd1cb3
AX12v1_GPL,AX12v1_GPL_Paket/source_subset/rtl8197/boards/rtl8197F/etc.RTL8197F_VG_8812F_8367R_MP/passwd,59,4d6b899746dbeedb12a8f24fe71fe5d280272127ac830dc3c7755608c6704076
AX12v1_GPL,AX12v1_GPL_Paket/source_subset/rtl8197/boards/rtl8197F/etc.RTL8197F_VG_8812F_8367R_MP/resolv.conf,22,bc90c8d01ca4fdd435dc0fc0cc1d50eb93a2a727e0554bae8bed0807469819f9
AX12v1_GPL,AX12v1_GPL_Paket/source_subset/rtl8197/boards/rtl8197F/etc.RTL8197F_VG_8812F_8367R_MP/services,8205,6ae28a7390a44890f3709f772dd5a2d8246880b40a734f1317cb117eea6de748
AX12v1_GPL,AX12v1_GPL_Paket/source_subset/rtl8197/boards/rtl8197F/etc.RTL8197F_VG_8812F_8367R_MP/smb.conf,9770,e2228076ff7e562fe6b0ba496e4e5291efef49e0f97a7b801d5882429ae8441b
AX12v1_GPL,AX12v1_GPL_Paket/source_subset/rtl8197/boards/rtl8197F/etc.RTL8197F_VG_8812F_MP/TZ,9,4923762c725a5e9cde7b5067ec7b1436cd293feefb4de92bd2efb5a470eb5c97
AX12v1_GPL,AX12v1_GPL_Paket/source_subset/rtl8197/boards/rtl8197F/etc.RTL8197F_VG_8812F_MP/group,32,5148fde8988f4762c1a14039adf6ca7cfcf3b201c71cd48332da60ca69ff49a8
AX12v1_GPL,AX12v1_GPL_Paket/source_subset/rtl8197/boards/rtl8197F/etc.RTL8197F_VG_8812F_MP/host.conf,17,313728062c7ae797e11187c7f1d66b559f0098115320166bca6100486c167824
AX12v1_GPL,AX12v1_GPL_Paket/source_subset/rtl8197/boards/rtl8197F/etc.RTL8197F_VG_8812F_MP/hosts,146,f80e3d5c3a0e4517e650bccee94c8033131e263d8458b37a18dcee440cb3819b
AX12v1_GPL,AX12v1_GPL_Paket/source_subset/rtl8197/boards/rtl8197F/etc.RTL8197F_VG_8812F_MP/init.d/rcS,291,4ba8dbfde1e6858373479b9b21d189f916a660fbc2098b9b7185bc5df0b76dd8
AX12v1_GPL,AX12v1_GPL_Paket/source_subset/rtl8197/boards/rtl8197F/etc.RTL8197F_VG_8812F_MP/inittab,308,029314c08baad22a9a6d592670a68befbf0c920a4db80648486e723ebe5c9948
AX12v1_GPL,AX12v1_GPL_Paket/source_subset/rtl8197/boards/rtl8197F/etc.RTL8197F_VG_8812F_MP/mime.types,1552,8d0a3ce3b74daccb330e158471cab898d40d4e40ed8a74ff9d710909a82cdf6e
AX12v1_GPL,AX12v1_GPL_Paket/source_subset/rtl8197/boards/rtl8197F/etc.RTL8197F_VG_8812F_MP/motd,334,3b727708cd2efa362aa751c12c8d2e9e0e2050cb07b3d646dae2c6f4bcdd1cb3
AX12v1_GPL,AX12v1_GPL_Paket/source_subset/rtl8197/boards/rtl8197F/etc.RTL8197F_VG_8812F_MP/passwd,59,4d6b899746dbeedb12a8f24fe71fe5d280272127ac830dc3c7755608c6704076
AX12v1_GPL,AX12v1_GPL_Paket/source_subset/rtl8197/boards/rtl8197F/etc.RTL8197F_VG_8812F_MP/resolv.conf,22,bc90c8d01ca4fdd435dc0fc0cc1d50eb93a2a727e0554bae8bed0807469819f9
AX12v1_GPL,AX12v1_GPL_Paket/source_subset/rtl8197/boards/rtl8197F/etc.RTL8197F_VG_8812F_MP/services,8205,6ae28a7390a44890f3709f772dd5a2d8246880b40a734f1317cb117eea6de748
AX12v1_GPL,AX12v1_GPL_Paket/source_subset/rtl8197/boards/rtl8197F/etc.RTL8197F_VG_8812F_MP/smb.conf,9770,e2228076ff7e562fe6b0ba496e4e5291efef49e0f97a7b801d5882429ae8441b
AX12v1_GPL,AX12v1_GPL_Paket/source_subset/rtl8197/boards/rtl8197F/etc.RTL8197F_VG_8814B_8367R_MP/TZ,9,4923762c725a5e9cde7b5067ec7b1436cd293feefb4de92bd2efb5a470eb5c97
AX12v1_GPL,AX12v1_GPL_Paket/source_subset/rtl8197/boards/rtl8197F/etc.RTL8197F_VG_8814B_8367R_MP/group,32,5148fde8988f4762c1a14039adf6ca7cfcf3b201c71cd48332da60ca69ff49a8
AX12v1_GPL,AX12v1_GPL_Paket/source_subset/rtl8197/boards/rtl8197F/etc.RTL8197F_VG_8814B_8367R_MP/host.conf,17,313728062c7ae797e11187c7f1d66b559f0098115320166bca6100486c167824
AX12v1_GPL,AX12v1_GPL_Paket/source_subset/rtl8197/boards/rtl8197F/etc.RTL8197F_VG_8814B_8367R_MP/hosts,146,f80e3d5c3a0e4517e650bccee94c8033131e263d8458b37a18dcee440cb3819b
AX12v1_GPL,AX12v1_GPL_Paket/source_subset/rtl8197/boards/rtl8197F/etc.RTL8197F_VG_8814B_8367R_MP/init.d/rcS,291,4ba8dbfde1e6858373479b9b21d189f916a660fbc2098b9b7185bc5df0b76dd8
AX12v1_GPL,AX12v1_GPL_Paket/source_subset/rtl8197/boards/rtl8197F/etc.RTL8197F_VG_8814B_8367R_MP/inittab,308,029314c08baad22a9a6d592670a68befbf0c920a4db80648486e723ebe5c9948
AX12v1_GPL,AX12v1_GPL_Paket/source_subset/rtl8197/boards/rtl8197F/etc.RTL8197F_VG_8814B_8367R_MP/mime.types,1552,8d0a3ce3b74daccb330e158471cab898d40d4e40ed8a74ff9d710909a82cdf6e
AX12v1_GPL,AX12v1_GPL_Paket/source_subset/rtl8197/boards/rtl8197F/etc.RTL8197F_VG_8814B_8367R_MP/motd,334,3b727708cd2efa362aa751c12c8d2e9e0e2050cb07b3d646dae2c6f4bcdd1cb3
AX12v1_GPL,AX12v1_GPL_Paket/source_subset/rtl8197/boards/rtl8197F/etc.RTL8197F_VG_8814B_8367R_MP/passwd,59,4d6b899746dbeedb12a8f24fe71fe5d280272127ac830dc3c7755608c6704076
AX12v1_GPL,AX12v1_GPL_Paket/source_subset/rtl8197/boards/rtl8197F/etc.RTL8197F_VG_8814B_8367R_MP/resolv.conf,22,bc90c8d01ca4fdd435dc0fc0cc1d50eb93a2a727e0554bae8bed0807469819f9
AX12v1_GPL,AX12v1_GPL_Paket/source_subset/rtl8197/boards/rtl8197F/etc.RTL8197F_VG_8814B_8367R_MP/services,8205,6ae28a7390a44890f3709f772dd5a2d8246880b40a734f1317cb117eea6de748
AX12v1_GPL,AX12v1_GPL_Paket/source_subset/rtl8197/boards/rtl8197F/etc.RTL8197F_VG_8814B_8367R_MP/smb.conf,9770,e2228076ff7e562fe6b0ba496e4e5291efef49e0f97a7b801d5882429ae8441b
AX12v1_GPL,AX12v1_GPL_Paket/source_subset/rtl8197/boards/rtl8197F/etc.RTL8197F_VG_V632G-4_8814C_8367R_MP/TZ,9,4923762c725a5e9cde7b5067ec7b1436cd293feefb4de92bd2efb5a470eb5c97
AX12v1_GPL,AX12v1_GPL_Paket/source_subset/rtl8197/boards/rtl8197F/etc.RTL8197F_VG_V632G-4_8814C_8367R_MP/group,32,5148fde8988f4762c1a14039adf6ca7cfcf3b201c71cd48332da60ca69ff49a8
AX12v1_GPL,AX12v1_GPL_Paket/source_subset/rtl8197/boards/rtl8197F/etc.RTL8197F_VG_V632G-4_8814C_8367R_MP/host.conf,17,313728062c7ae797e11187c7f1d66b559f0098115320166bca6100486c167824
AX12v1_GPL,AX12v1_GPL_Paket/source_subset/rtl8197/boards/rtl8197F/etc.RTL8197F_VG_V632G-4_8814C_8367R_MP/hosts,146,f80e3d5c3a0e4517e650bccee94c8033131e263d8458b37a18dcee440cb3819b
AX12v1_GPL,AX12v1_GPL_Paket/source_subset/rtl8197/boards/rtl8197F/etc.RTL8197F_VG_V632G-4_8814C_8367R_MP/init.d/rcS,291,4ba8dbfde1e6858373479b9b21d189f916a660fbc2098b9b7185bc5df0b76dd8
AX12v1_GPL,AX12v1_GPL_Paket/source_subset/rtl8197/boards/rtl8197F/etc.RTL8197F_VG_V632G-4_8814C_8367R_MP/inittab,308,029314c08baad22a9a6d592670a68befbf0c920a4db80648486e723ebe5c9948
AX12v1_GPL,AX12v1_GPL_Paket/source_subset/rtl8197/boards/rtl8197F/etc.RTL8197F_VG_V632G-4_8814C_8367R_MP/mime.types,1552,8d0a3ce3b74daccb330e158471cab898d40d4e40ed8a74ff9d710909a82cdf6e
AX12v1_GPL,AX12v1_GPL_Paket/source_subset/rtl8197/boards/rtl8197F/etc.RTL8197F_VG_V632G-4_8814C_8367R_MP/motd,334,3b727708cd2efa362aa751c12c8d2e9e0e2050cb07b3d646dae2c6f4bcdd1cb3
AX12v1_GPL,AX12v1_GPL_Paket/source_subset/rtl8197/boards/rtl8197F/etc.RTL8197F_VG_V632G-4_8814C_8367R_MP/passwd,59,4d6b899746dbeedb12a8f24fe71fe5d280272127ac830dc3c7755608c6704076
AX12v1_GPL,AX12v1_GPL_Paket/source_subset/rtl8197/boards/rtl8197F/etc.RTL8197F_VG_V632G-4_8814C_8367R_MP/resolv.conf,22,bc90c8d01ca4fdd435dc0fc0cc1d50eb93a2a727e0554bae8bed0807469819f9
AX12v1_GPL,AX12v1_GPL_Paket/source_subset/rtl8197/boards/rtl8197F/etc.RTL8197F_VG_V632G-4_8814C_8367R_MP/services,8205,6ae28a7390a44890f3709f772dd5a2d8246880b40a734f1317cb117eea6de748
AX12v1_GPL,AX12v1_GPL_Paket/source_subset/rtl8197/boards/rtl8197F/etc.RTL8197F_VG_V632G-4_8814C_8367R_MP/smb.conf,9770,e2228076ff7e562fe6b0ba496e4e5291efef49e0f97a7b801d5882429ae8441b
AX12v1_GPL,AX12v1_GPL_Paket/source_subset/rtl8197/boards/rtl8197F/etc.default/TZ,9,4923762c725a5e9cde7b5067ec7b1436cd293feefb4de92bd2efb5a470eb5c97
AX12v1_GPL,AX12v1_GPL_Paket/source_subset/rtl8197/boards/rtl8197F/etc.default/group,32,5148fde8988f4762c1a14039adf6ca7cfcf3b201c71cd48332da60ca69ff49a8
AX12v1_GPL,AX12v1_GPL_Paket/source_subset/rtl8197/boards/rtl8197F/etc.default/host.conf,17,313728062c7ae797e11187c7f1d66b559f0098115320166bca6100486c167824
AX12v1_GPL,AX12v1_GPL_Paket/source_subset/rtl8197/boards/rtl8197F/etc.default/hosts,146,f80e3d5c3a0e4517e650bccee94c8033131e263d8458b37a18dcee440cb3819b
AX12v1_GPL,AX12v1_GPL_Paket/source_subset/rtl8197/boards/rtl8197F/etc.default/init.d/rcS_AP,1407,d0b7549d9eea0c9a02c44007ed6c433cf17cd9c2d06ae523703b8de1ae7182e0
AX12v1_GPL,AX12v1_GPL_Paket/source_subset/rtl8197/boards/rtl8197F/etc.default/init.d/rcS_GW,3630,cef28deda947d2c012c640175e29d6deae3ecca8446e238b045a8053f7194016
AX12v1_GPL,AX12v1_GPL_Paket/source_subset/rtl8197/boards/rtl8197F/etc.default/inittab,308,029314c08baad22a9a6d592670a68befbf0c920a4db80648486e723ebe5c9948
AX12v1_GPL,AX12v1_GPL_Paket/source_subset/rtl8197/boards/rtl8197F/etc.default/iproute2/rt_tables,114,140279ef964cfad53dda8514620b566d50f223643bae3bfb80ec6d128dee976f
AX12v1_GPL,AX12v1_GPL_Paket/source_subset/rtl8197/boards/rtl8197F/etc.default/mime.types,1552,8d0a3ce3b74daccb330e158471cab898d40d4e40ed8a74ff9d710909a82cdf6e
AX12v1_GPL,AX12v1_GPL_Paket/source_subset/rtl8197/boards/rtl8197F/etc.default/minidlna.conf,2513,f9af70366cae26add0c4587e607731e1f82b061b65494371aed571d2cf5b43ab
AX12v1_GPL,AX12v1_GPL_Paket/source_subset/rtl8197/boards/rtl8197F/etc.default/motd,334,3b727708cd2efa362aa751c12c8d2e9e0e2050cb07b3d646dae2c6f4bcdd1cb3
AX12v1_GPL,AX12v1_GPL_Paket/source_subset/rtl8197/boards/rtl8197F/etc.default/passwd,57,808edc685e7acd587536825800b6136fd069d8a422ede561d71328447b5f0f96
AX12v1_GPL,AX12v1_GPL_Paket/source_subset/rtl8197/boards/rtl8197F/etc.default/resolv.conf,22,bc90c8d01ca4fdd435dc0fc0cc1d50eb93a2a727e0554bae8bed0807469819f9
AX12v1_GPL,AX12v1_GPL_Paket/source_subset/rtl8197/boards/rtl8197F/etc.default/samba/smb.conf,10136,0f14f29296ff2c41ca059dec63962cbbb297b7da25ba6eebb2e5583454534f27
AX12v1_GPL,AX12v1_GPL_Paket/source_subset/rtl8197/boards/rtl8197F/etc.default/samba/smbpasswd,104,2187a31165dc5cb2190130abdc04d6c5fef3d78ffc609b390b74a444f8e76c94
AX12v1_GPL,AX12v1_GPL_Paket/source_subset/rtl8197/boards/rtl8197F/etc.default/services,8251,a8e6cd6e14b748740506ed541c7e6bdd2dc02b3a7d88d91e176787335b83ca0a
AX12v1_GPL,AX12v1_GPL_Paket/source_subset/rtl8197/boards/rtl8197F/etc.default/shadow.sample,87,106bf188d92eae79b255c106cb9f05777b5ba225ddef95132fb1da552b81caac
AX12v1_GPL,AX12v1_GPL_Paket/source_subset/rtl8197/boards/rtl8197F/etc.default/ushare.conf,1359,8e1b479172c4f1c7478a6658bae1a1049b607e7aacd24f2c40ff415b6e3da057
AX12v1_GPL,AX12v1_GPL_Paket/source_subset/rtl8197/boards/rtl8197F/etc.default/vsftpd.conf,4505,c86e2c41c3c17be5510db27e4998fbf372751727c340dce68362012d47744e92
AX12v1_GPL,AX12v1_GPL_Paket/source_subset/rtl8197/boards/rtl8197F/home/.gitkeep,0,e3b0c44298fc1c149afbf4c8996fb92427ae41e4649b934ca495991b7852b855
AX12v1_GPL,AX12v1_GPL_Paket/source_subset/rtl8197/boards/rtl8197F/preconfig_RTL8197F_VG_8832BR_8367R_Kernel4.4_GW,4886,f3107f0e6a85eca07012716789846b33b29327918c2734c31cf426e6afb8049c
AX12v1_GPL,AX12v1_GPL_Paket/source_subset/rtl8197/boards/rtl8197F/preconfig_SPINAND_RTL8197F_VG_8832BR_8367R_Kernel4.4_DUALSTACK_GW,3042,c47dea0e6adcb3bc4084e47b4c03de4494fd76ec3ca6da0fc8f1cf35ca0ceafc
AX12v1_GPL,AX12v1_GPL_Paket/source_subset/rtl8197/boards/rtl8197F/preconfig_SPINAND_RTL8197F_VG_8832BR_8367R_Kernel4.4_GW,4902,3f35d1190b598a147bcb21ccf3c8c30f41f8cef7a68c09b45222ede94e53ab52
AX12v1_GPL,AX12v1_GPL_Paket/source_subset/rtl8197/boards/rtl8197F/preconfig_SPINAND_RTL8197F_VG_8832BR_8367R_Kernel4.4_GW_EASYMESH,5074,53e9e9624cb368e4c92d12bdea0f86379e04658c5d91291a3ef5a807ae2a3242
AX12v1_GPL,AX12v1_GPL_Paket/source_subset/rtl8197/boards/rtl8197F/romfs.txt,2908,cf272f9c37137f19af0781ec365bb2d2408e8fb5b2ba1f8bd56747c9f1de293a
AX12v1_GPL,AX12v1_GPL_Paket/source_subset/rtl8197/boards/rtl8197F/squashfs-pf-list.txt,13588,6f121aa5645d91396c536b67be37ad4f8c83a769cf1210cac8fe15ce780e6676
AX12v1_GPL,AX12v1_GPL_Paket/source_subset/rtl8197/boards/rtl8197F/tmpfs/include/appconfig.h,27933,f45adf35b9ebccc60ab814674b4c4550a0740031a8ae0985ea7c97b9def05bff
AX12v1_GPL,AX12v1_GPL_Paket/source_subset/rtl8197/boards/rtl8197F/tools/libstrip,7036,e2da34f6a0bead57fa90d58acc863d6e57eb1035433b97a5cf78116eb2d42e1a
AX12v1_GPL,AX12v1_GPL_Paket/source_subset/rtl8197/boards/rtl8197F/tools/list_dynamic_symbol,424046,0bb3747a490e24147f1496134ed68d4640b801dd79583442a9bd028807eac63c
AX12v1_GPL,AX12v1_GPL_Paket/source_subset/rtl8197/boards/rtl8197F/tools/mkimg,36677,07a517e58d03b92df3fab9eca70ed069e272cbeee8b7987755e39a2a60d14db3
AX12v1_GPL,AX12v1_GPL_Paket/source_subset/rtl8197/boards/rtl8197F/tools/mkimg_mp,304,cd01ca2343920830a7a06d75087a6ec2d7c8bf4e83af019b161c7c562b4d4367
AX12v1_GPL,AX12v1_GPL_Paket/source_subset/rtl8197/boards/rtl8197F/tools/mkromfs,594,2bb2c93077be0243a79cdddb8ddc5797d9c69dc5158a91702874ee6260b45e43
AX12v1_GPL,AX12v1_GPL_Paket/source_subset/rtl8197/boards/rtl8197F/tools/mkttlimg,2037,b9e7051d6308323220a0a335d88790926c5bf911845863df09cbc426fc3b4a0e
AX12v1_GPL,AX12v1_GPL_Paket/source_subset/rtl8197/bootcode/Makefile,5243,62e9639ee4b7d4686535a6bec51ff4fc503a504ad54d16c83a5bb9070bbee414
AX12v1_GPL,AX12v1_GPL_Paket/source_subset/rtl8197/bootcode/boot/Makefile,20335,a55038a41abc60b3b8d87c910047547ffd2baf76650c0658350ccbed6303c003
AX12v1_GPL,AX12v1_GPL_Paket/source_subset/rtl8197/bootcode/boot/monitor/monitor.c,101538,b323de935c19c0f9f457fabc33177dc7cf9e5d7b49128d4c3b19adae987f13db
AX12v1_GPL,AX12v1_GPL_Paket/source_subset/rtl8197/bootcode/boot/rtl8196x/swCore.c,59746,ce0d0c4d7750402aacd374176bcf4eef3c6cc3f0c47571cd4504cb613ff0c6cc
AX12v1_GPL,AX12v1_GPL_Paket/source_subset/rtl8197/bootcode/boot/rtl8367r/gpio.c,12214,bc50bad23ef14b00b7dd7cfc956fd75f22bbbe7c92f4fa6fe9e7c24041fc126b
AX12v1_GPL,AX12v1_GPL_Paket/source_subset/rtl8197/bootcode/boot/rtl8367r/gpio.h,2260,1238de361cd0bda99ae22dbdfe43be52d0f4ecbd97b8a002246f07b531538573
AX12v1_GPL,AX12v1_GPL_Paket/source_subset/rtl8197/bootcode/boot/rtl8367r/gpio_8198.h,2024,de806a1073daa5e84f22bbb798f16862a02d8d6efd555befd36dbb9a91dd02b9
AX12v1_GPL,AX12v1_GPL_Paket/source_subset/rtl8197/bootcode/boot/rtl8367r/rtk_api.c,202210,b58f489b15af35fd3037736c50ca334f886450307c072986d167a6163eb304ef
AX12v1_GPL,AX12v1_GPL_Paket/source_subset/rtl8197/bootcode/boot/rtl8367r/rtk_api.h,42986,cab6d2fca1803e7a16ff6af8033dbbb954605fbbd06fbbbdcebbff9e5db8c09f
AX12v1_GPL,AX12v1_GPL_Paket/source_subset/rtl8197/bootcode/boot/rtl8367r/rtk_api_ext.h,232734,7b3051d0ac32e0d624b1467c7484cafc1608c98ed8af10b79e1f0004c8f6411e
AX12v1_GPL,AX12v1_GPL_Paket/source_subset/rtl8197/bootcode/boot/rtl8367r/rtk_error.h,22967,39071a7e36f9075a465ea7aad98756289175dadba4a074e8b3ad00369ce13ba6
AX12v1_GPL,AX12v1_GPL_Paket/source_subset/rtl8197/bootcode/boot/rtl8367r/rtk_types.h,1631,bef3a5adf7fee9c7205bcebf53d49ad8dadf1430a67d54665dec2e3fa7c3a446
AX12v1_GPL,AX12v1_GPL_Paket/source_subset/rtl8197/bootcode/boot/rtl8367r/rtl8367b_asicdrv.c,14337,98ebc43e90fbdd30d2b557758318c3407b918e8c7d5fc8b259190d673e05641e
AX12v1_GPL,AX12v1_GPL_Paket/source_subset/rtl8197/bootcode/boot/rtl8367r/rtl8367b_asicdrv.h,3757,564fb2597870fa0ecacc12f44f9f54076ac101fac72e4b1b72ddbe6a867ad59f
AX12v1_GPL,AX12v1_GPL_Paket/source_subset/rtl8197/bootcode/boot/rtl8367r/rtl8367b_asicdrv_acl.h,6356,7a28f6aa13f85ed0bbf8303f266e14f225db92e61ffa959ec1bd904683da321a
AX12v1_GPL,AX12v1_GPL_Paket/source_subset/rtl8197/bootcode/boot/rtl8367r/rtl8367b_asicdrv_cputag.c,3080,f9dda82a3142ae3fa03ba401ed8dfa4452e5a863e075383c1379f5c681389386
AX12v1_GPL,AX12v1_GPL_Paket/source_subset/rtl8197/bootcode/boot/rtl8367r/rtl8367b_asicdrv_cputag.h,1373,c2c7c55d677c47579cec47cee266a5853179baef868059f083f6ddf8b082f52b
AX12v1_GPL,AX12v1_GPL_Paket/source_subset/rtl8197/bootcode/boot/rtl8367r/rtl8367b_asicdrv_dot1x.h,1580,5e72c66bc37af7ba3aad77ebee8dc4fb9ff4526fe12ce947c0c1d1d3aab1d3ba
AX12v1_GPL,AX12v1_GPL_Paket/source_subset/rtl8197/bootcode/boot/rtl8367r/rtl8367b_asicdrv_eav.h,1768,21d163db10b0737fb5e63a4996bbe9a8a8f2895589d81583637cb1e366b1fb26
AX12v1_GPL,AX12v1_GPL_Paket/source_subset/rtl8197/bootcode/boot/rtl8367r/rtl8367b_asicdrv_eee.h,446,3d49fb52ec5856a38375ede1f449f7557acf2433308f9025052dd7af6e9ce7a3
AX12v1_GPL,AX12v1_GPL_Paket/source_subset/rtl8197/bootcode/boot/rtl8367r/rtl8367b_asicdrv_fc.h,5442,f97fbbbd44ef97429269442a4fae0e36521dd677bdc2354ea271db810d098c51
AX12v1_GPL,AX12v1_GPL_Paket/source_subset/rtl8197/bootcode/boot/rtl8367r/rtl8367b_asicdrv_green.h,1067,50a6bd2e3fc686770b486deb894565771d751b946b27f5df6549a0ca8beb302b
AX12v1_GPL,AX12v1_GPL_Paket/source_subset/rtl8197/bootcode/boot/rtl8367r/rtl8367b_asicdrv_hsb.h,707,d3a845919e1df5416186c0245b6ec3f35f6a57d4ea776b45331dba544c67fadb
AX12v1_GPL,AX12v1_GPL_Paket/source_subset/rtl8197/bootcode/boot/rtl8367r/rtl8367b_asicdrv_igmp.h,6446,99d17fdedc9d8d0e0af08324b0aa6d36540a0dccbb28737d836c4c206b1cc446
AX12v1_GPL,AX12v1_GPL_Paket/source_subset/rtl8197/bootcode/boot/rtl8367r/rtl8367b_asicdrv_inbwctrl.h,575,33a4de6a9663eef7eaa0d3430f1e8d287351ffbf44f2b9e3fe9f29904c68c805
AX12v1_GPL,AX12v1_GPL_Paket/source_subset/rtl8197/bootcode/boot/rtl8367r/rtl8367b_asicdrv_interrupt.h,1333,79f88ef390094f5e5e96522d7bc7ba221d5948abb4ffbf37a2039f864e5adaf0
AX12v1_GPL,AX12v1_GPL_Paket/source_subset/rtl8197/bootcode/boot/rtl8367r/rtl8367b_asicdrv_led.h,3131,821fa36abfb0bc476f2738d808844ca49d66bbdf92da2ce9fb87d41d515fe50f
AX12v1_GPL,AX12v1_GPL_Paket/source_subset/rtl8197/bootcode/boot/rtl8367r/rtl8367b_asicdrv_lut.h,6896,0f623a5bbad94fa6644b8dce3ad0f5682ccf609de38b161e24a0d82af215da0e
AX12v1_GPL,AX12v1_GPL_Paket/source_subset/rtl8197/bootcode/boot/rtl8367r/rtl8367b_asicdrv_meter.h,669,f17264d1ebd46ac61157b2ac1766f05d2afb4c59149fa897b3b123294b7c3569
AX12v1_GPL,AX12v1_GPL_Paket/source_subset/rtl8197/bootcode/boot/rtl8367r/rtl8367b_asicdrv_mib.h,3113,09f452e32a3b50de96234cf6ed74c8bf9908a8f3cc2c089e063f05572a63fd34
AX12v1_GPL,AX12v1_GPL_Paket/source_subset/rtl8197/bootcode/boot/rtl8367r/rtl8367b_asicdrv_mirror.h,1035,7283c5e1acdbeb7c684d4896abac8120e04556708f64361bd0f32600a46ffaf1
AX12v1_GPL,AX12v1_GPL_Paket/source_subset/rtl8197/bootcode/boot/rtl8367r/rtl8367b_asicdrv_misc.h,823,24eb2c49573072f43e3329ed544d8f61d711236d32e299ed8ce4a0f12f278c9b
AX12v1_GPL,AX12v1_GPL_Paket/source_subset/rtl8197/bootcode/boot/rtl8367r/rtl8367b_asicdrv_phy.c,14198,f652cd0f676b27ba5e6267407ca3e85304a99135696bffbe2fea4dd977996ee4
AX12v1_GPL,AX12v1_GPL_Paket/source_subset/rtl8197/bootcode/boot/rtl8367r/rtl8367b_asicdrv_phy.h,1142,0356bed1c1056e97fb35a26885849857a375bf7a05119ed31731038033993058
AX12v1_GPL,AX12v1_GPL_Paket/source_subset/rtl8197/bootcode/boot/rtl8367r/rtl8367b_asicdrv_port.c,4562,c2e7cf90677dded92a238657d8bf5632292f7845f4641716bea2a43d647e933f
AX12v1_GPL,AX12v1_GPL_Paket/source_subset/rtl8197/bootcode/boot/rtl8367r/rtl8367b_asicdrv_port.h,6696,31269e319e09813314e74c94aa40dc9f1dbc2bc56e7dab248af24b444a5113cb
AX12v1_GPL,AX12v1_GPL_Paket/source_subset/rtl8197/bootcode/boot/rtl8367r/rtl8367b_asicdrv_portIsolation.h,543,a8cf2ac60b52b0d3680e72ea9a276646a5c306d3632ca4321d011979cc26627b
AX12v1_GPL,AX12v1_GPL_Paket/source_subset/rtl8197/bootcode/boot/rtl8367r/rtl8367b_asicdrv_qos.h,2222,4f6c431d79897ce36c7c2b163a340c6ed9eaaade71cb41729f7d4fd599a900a7
AX12v1_GPL,AX12v1_GPL_Paket/source_subset/rtl8197/bootcode/boot/rtl8367r/rtl8367b_asicdrv_rma.h,993,064e886d87891d5b2e4b62f2184f4f235700212ddcf3f46525e940b84e405803
AX12v1_GPL,AX12v1_GPL_Paket/source_subset/rtl8197/bootcode/boot/rtl8367r/rtl8367b_asicdrv_scheduling.h,2201,5e71f455d2b56ec3ffdaf98c509544680f2461b82069b81dbd7fbe5ff694a673
AX12v1_GPL,AX12v1_GPL_Paket/source_subset/rtl8197/bootcode/boot/rtl8367r/rtl8367b_asicdrv_storm.h,1687,8a49949515a0adedf1bace4b4de723196898fc5e1600f58757e15706d1cccc4c
AX12v1_GPL,AX12v1_GPL_Paket/source_subset/rtl8197/bootcode/boot/rtl8367r/rtl8367b_asicdrv_svlan.h,6079,d74184a69382d05725adbefa4de30f3435c0623731b58fde87c8ff46855e9146
AX12v1_GPL,AX12v1_GPL_Paket/source_subset/rtl8197/bootcode/boot/rtl8367r/rtl8367b_asicdrv_trunking.h,1262,0c5c0ef971062e80bad6fac1c70959fb72601388eab5d76740d51ab2c00f31d7
AX12v1_GPL,AX12v1_GPL_Paket/source_subset/rtl8197/bootcode/boot/rtl8367r/rtl8367b_asicdrv_unknownMulticast.h,1424,fc348749f76695cd0027c3eb4d95996c0e1faffdd69781bb647bf0b2d314a10b
AX12v1_GPL,AX12v1_GPL_Paket/source_subset/rtl8197/bootcode/boot/rtl8367r/rtl8367b_asicdrv_vlan.h,6431,048674752c6c92fe9b33a10f84bcd2638664a0fbe758dbf82ecad312d7279e84
AX12v1_GPL,AX12v1_GPL_Paket/source_subset/rtl8197/bootcode/boot/rtl8367r/rtl8367b_base.h,31358,1d56972f26cdb972dff47ab62aeef1dda25801c818cbc4938e16ec637c8c00fc
AX12v1_GPL,AX12v1_GPL_Paket/source_subset/rtl8197/bootcode/boot/rtl8367r/rtl8367b_reg.h,794839,7942a65f5ff25ee68d766412740370ce77cfcc6fccd134825afc08608b0633e8
AX12v1_GPL,AX12v1_GPL_Paket/source_subset/rtl8197/bootcode/boot/rtl8367r/smi.c,12899,a40488ad79151275e1377655a48e5f9a5c04150a60a3e2c711805a5376abcce1
AX12v1_GPL,AX12v1_GPL_Paket/source_subset/rtl8197/bootcode/boot/rtl8367r/smi.h,359,8e850b3c37173bf718718b61f082a31106c60ba2d5de53e5fa790d3c5271f607
AX12v1_GPL,AX12v1_GPL_Paket/source_subset/rtl8197/bootcode/boot/rtl83xx/cpu.c,14409,abd094ad6a78683e20282db6f6684b6649792990721e3d4d5c4d408acfc9aee6
AX12v1_GPL,AX12v1_GPL_Paket/source_subset/rtl8197/bootcode/boot/rtl83xx/cpu.h,9560,ffa76a6559c0f94b4eb87046b1ddd368e3287e5d3de1f2d21cbe06730c2f38fc
AX12v1_GPL,AX12v1_GPL_Paket/source_subset/rtl8197/bootcode/boot/rtl83xx/gpio.c,12163,69fab14e06fd1ad10795ca8b43fe8d92220b3699d4189504070dfa0272a6d0a1
AX12v1_GPL,AX12v1_GPL_Paket/source_subset/rtl8197/bootcode/boot/rtl83xx/gpio.h,2260,1238de361cd0bda99ae22dbdfe43be52d0f4ecbd97b8a002246f07b531538573
AX12v1_GPL,AX12v1_GPL_Paket/source_subset/rtl8197/bootcode/boot/rtl83xx/gpio_8198.h,2024,de806a1073daa5e84f22bbb798f16862a02d8d6efd555befd36dbb9a91dd02b9
AX12v1_GPL,AX12v1_GPL_Paket/source_subset/rtl8197/bootcode/boot/rtl83xx/led.c,21826,528330ab98674fb9e0906977e1c1c758f3065d86f592fc475f3a85a245dc59e1
AX12v1_GPL,AX12v1_GPL_Paket/source_subset/rtl8197/bootcode/boot/rtl83xx/led.h,14225,d0d1b8069a9a9665229af66ce22144ed467b619779bbcd84509646ceef59c041
AX12v1_GPL,AX12v1_GPL_Paket/source_subset/rtl8197/bootcode/boot/rtl83xx/port.c,90697,34652ab44f58dd0393d7a169689c2840777d1c7d1bc4e1701d98d3bc0fd54d04
AX12v1_GPL,AX12v1_GPL_Paket/source_subset/rtl8197/bootcode/boot/rtl83xx/port.h,31480,bf43cea518799fd1b46df881d52e91c6c594b4f547485385e8e8bb29300f386b
AX12v1_GPL,AX12v1_GPL_Paket/source_subset/rtl8197/bootcode/boot/rtl83xx/qos.h,26700,f8dd2d8f3ae526e65be4cdb34bec389ed01c3e1a75365f1f43912ee5bd05562e
AX12v1_GPL,AX12v1_GPL_Paket/source_subset/rtl8197/bootcode/boot/rtl83xx/rate.c,18672,9b7878df3a6bac7a236d0217750e168e386af28e06fcefd7602f5952f4b9f9e0
AX12v1_GPL,AX12v1_GPL_Paket/source_subset/rtl8197/bootcode/boot/rtl83xx/rate.h,10896,31f1bc1824ede6fad23c62e80139abb1ef6980c790adf98d970e7b2f58236085
AX12v1_GPL,AX12v1_GPL_Paket/source_subset/rtl8197/bootcode/boot/rtl83xx/rtk_api.c,12297,aeb5575f6a2ca3a558ab531dc3167cc02dfaa0d19ac21ae10a7f03da3830e920
AX12v1_GPL,AX12v1_GPL_Paket/source_subset/rtl8197/bootcode/boot/rtl83xx/rtk_api.h,679,6952320a0dd07cb4410c643f0f13627b95a2e65977e58e2fbe2f16a897f95bcd
AX12v1_GPL,AX12v1_GPL_Paket/source_subset/rtl8197/bootcode/boot/rtl83xx/rtk_error.h,23028,fc8a602009f1ed7197a2c60abef52722c876bf1ff2b7320e5e2d7a219de688b8
AX12v1_GPL,AX12v1_GPL_Paket/source_subset/rtl8197/bootcode/boot/rtl83xx/rtk_switch.c,51081,e5ba6cdcca1bce3aa0324eba6348b450dc18d4708d285a042020ca092af97d67
AX12v1_GPL,AX12v1_GPL_Paket/source_subset/rtl8197/bootcode/boot/rtl83xx/rtk_switch.h,22435,37f82ad0aca7452ecee294ed0fb4e53e80b328819dd971b6fe89b24827ddd31e
AX12v1_GPL,AX12v1_GPL_Paket/source_subset/rtl8197/bootcode/boot/rtl83xx/rtk_types.h,3000,4de462b4ee147918e82e60dfba34ee506e2d617f0e4a6d875eb30c741ed7d57f
AX12v1_GPL,AX12v1_GPL_Paket/source_subset/rtl8197/bootcode/boot/rtl83xx/rtl8367c_asicdrv.c,14203,e64b626e992d0fb558e30e54e2475f472bdf16575af488a8c0bc44ec2e32d017
AX12v1_GPL,AX12v1_GPL_Paket/source_subset/rtl8197/bootcode/boot/rtl83xx/rtl8367c_asicdrv.h,3537,a5b8e3014827983f6129c49195daa08c9b502e24ac4354f1556d2c8ed6a17379
AX12v1_GPL,AX12v1_GPL_Paket/source_subset/rtl8197/bootcode/boot/rtl83xx/rtl8367c_asicdrv_cputag.c,10179,0734863900f38857b17fbfc37e08e4323c1d750eed68a043f03bb5645f2cf881
AX12v1_GPL,AX12v1_GPL_Paket/source_subset/rtl8197/bootcode/boot/rtl83xx/rtl8367c_asicdrv_cputag.h,1373,1a19d3752a7f40532ecc1584bbc665ac348539ab97bd6083fc98d2a25bd4a317
AX12v1_GPL,AX12v1_GPL_Paket/source_subset/rtl8197/bootcode/boot/rtl83xx/rtl8367c_asicdrv_green.c,13175,3586e8be2021669dfde02331de21b8c4fbd479b5c367306dcaea90a98405e4ba
AX12v1_GPL,AX12v1_GPL_Paket/source_subset/rtl8197/bootcode/boot/rtl83xx/rtl8367c_asicdrv_green.h,987,61076fecbd89237fa5280a5946c83ae12ffb0b9a76dec6da05c15674556daef1
AX12v1_GPL,AX12v1_GPL_Paket/source_subset/rtl8197/bootcode/boot/rtl83xx/rtl8367c_asicdrv_inbwctrl.c,5218,5b762b913956699244b049d95ccb345b6a5cc75455b01b986a1fe6b9e427a0b2
AX12v1_GPL,AX12v1_GPL_Paket/source_subset/rtl8197/bootcode/boot/rtl83xx/rtl8367c_asicdrv_inbwctrl.h,575,43637a4da415d2167c012631ce8cc9e13ba38a6455a220fb65101cb06cad90ce
AX12v1_GPL,AX12v1_GPL_Paket/source_subset/rtl8197/bootcode/boot/rtl83xx/rtl8367c_asicdrv_led.c,22791,eae392a7f860cb63d2dd6bc8ba65cefd0c1a4fdc0643ad0e9a215640524017d2
AX12v1_GPL,AX12v1_GPL_Paket/source_subset/rtl8197/bootcode/boot/rtl83xx/rtl8367c_asicdrv_led.h,3440,14df792d78481315f133557e6f6a3e0d074002f755999f89270fd0a3dd88a5b1
AX12v1_GPL,AX12v1_GPL_Paket/source_subset/rtl8197/bootcode/boot/rtl83xx/rtl8367c_asicdrv_lut.c,44701,b3646d1b59b6f1329857e2194bd3e85d1795209d329c2aead4cc7a51e772ec4b
AX12v1_GPL,AX12v1_GPL_Paket/source_subset/rtl8197/bootcode/boot/rtl83xx/rtl8367c_asicdrv_lut.h,4985,5ad4f17c86d1cb8394907edd1e8ab18e63c7c332b3783b5ddd7035445df7243b
AX12v1_GPL,AX12v1_GPL_Paket/source_subset/rtl8197/bootcode/boot/rtl83xx/rtl8367c_asicdrv_meter.c,9023,145b53864d76f7c14bd9c6406a31ce38388c107953296fb6f790214b1c45d58b
AX12v1_GPL,AX12v1_GPL_Paket/source_subset/rtl8197/bootcode/boot/rtl83xx/rtl8367c_asicdrv_meter.h,831,4d9188cc422bc4660855d06e4facc2c48851ad8f93a4c67fef661035e7cf9f78
AX12v1_GPL,AX12v1_GPL_Paket/source_subset/rtl8197/bootcode/boot/rtl83xx/rtl8367c_asicdrv_mirror.c,13264,d5839f13063d62e7e09f7a317d8a843c49bc3893d8e0e722c96a3b345896a292
AX12v1_GPL,AX12v1_GPL_Paket/source_subset/rtl8197/bootcode/boot/rtl83xx/rtl8367c_asicdrv_mirror.h,2005,aac2cf2a8befd4c48110d749a5801b74c0abb6d0f991d90e194a2b8b1a738af1
AX12v1_GPL,AX12v1_GPL_Paket/source_subset/rtl8197/bootcode/boot/rtl83xx/rtl8367c_asicdrv_misc.c,6462,e8a804630cfded5f1a787ac1cadd7efaf85dcb1161ccbbbcce27159b33118233
AX12v1_GPL,AX12v1_GPL_Paket/source_subset/rtl8197/bootcode/boot/rtl83xx/rtl8367c_asicdrv_misc.h,813,ae3083080e940660fb09877eef99d04cf2add6643b259240571df82d1a560181
AX12v1_GPL,AX12v1_GPL_Paket/source_subset/rtl8197/bootcode/boot/rtl83xx/rtl8367c_asicdrv_phy.c,11109,eb6a46a450623a200c7e2fa28f683e19149153251fe1a7d3f4478178f492e101
AX12v1_GPL,AX12v1_GPL_Paket/source_subset/rtl8197/bootcode/boot/rtl83xx/rtl8367c_asicdrv_phy.h,1063,23d16aa27dae8d288cfe495e353237aaf6e27613c2448d38f79d6cee7bd3e02e
AX12v1_GPL,AX12v1_GPL_Paket/source_subset/rtl8197/bootcode/boot/rtl83xx/rtl8367c_asicdrv_port.c,144920,85a090707e57d43c969a33f046aa7e3c5bcd9a6689fef71b2e16762fb44c048a
AX12v1_GPL,AX12v1_GPL_Paket/source_subset/rtl8197/bootcode/boot/rtl83xx/rtl8367c_asicdrv_port.h,6710,f2bd33726f5140ac926123ef477fa53e9cc1d8750527e02629c57614d029066f
AX12v1_GPL,AX12v1_GPL_Paket/source_subset/rtl8197/bootcode/boot/rtl83xx/rtl8367c_asicdrv_portIsolation.c,3515,78454ee31da7b34c188f4074ada6c08794441cc5c1f524f3667604de505c4a64
AX12v1_GPL,AX12v1_GPL_Paket/source_subset/rtl8197/bootcode/boot/rtl83xx/rtl8367c_asicdrv_portIsolation.h,543,5a6f3855bf6cdd6aa9b6063f9f4f43b227367eeaa31344bc13946bd38de992b8
AX12v1_GPL,AX12v1_GPL_Paket/source_subset/rtl8197/bootcode/boot/rtl83xx/rtl8367c_asicdrv_rma.c,11341,b56465ec862a889b1f65425f3a156334de30002466e5583dcabf5f8a4d9c041e
AX12v1_GPL,AX12v1_GPL_Paket/source_subset/rtl8197/bootcode/boot/rtl83xx/rtl8367c_asicdrv_rma.h,1133,421e0dca76ab64fa4592dba8d43f42830acaff428e3fdf9c6f8c420b1abcc6ec
AX12v1_GPL,AX12v1_GPL_Paket/source_subset/rtl8197/bootcode/boot/rtl83xx/rtl8367c_asicdrv_scheduling.c,14049,f9f3b23dbc37a697bcf2d06ef5decdce2472588dad11f7da4c34f1a3cadc5ea9
AX12v1_GPL,AX12v1_GPL_Paket/source_subset/rtl8197/bootcode/boot/rtl83xx/rtl8367c_asicdrv_scheduling.h,2201,bf54cdfe8e8ffbb8841b4009585339e22333215a494853391a9704578a2ffe52
AX12v1_GPL,AX12v1_GPL_Paket/source_subset/rtl8197/bootcode/boot/rtl83xx/rtl8367c_asicdrv_unknownMulticast.h,1424,680d6638ed09d77e51ddb62fae249668f8a1d53d89fe130f42b59d8c3376a004
AX12v1_GPL,AX12v1_GPL_Paket/source_subset/rtl8197/bootcode/boot/rtl83xx/rtl8367c_base.h,39628,a3dc350511b6b8bc7128d70f5503322e68633cf870dbe2090e6d484ec5f62b9e
AX12v1_GPL,AX12v1_GPL_Paket/source_subset/rtl8197/bootcode/boot/rtl83xx/rtl8367c_reg.h,1089392,8ce78067a7b57531b40d0c28a847b47590235098e191de7a1162421ae6371c7a
AX12v1_GPL,AX12v1_GPL_Paket/source_subset/rtl8197/bootcode/boot/rtl83xx/smi.c,12899,d2d072c8eef6013564d6ffb16ed065b13b6e0b28990b145968dd291bc3f310ba
AX12v1_GPL,AX12v1_GPL_Paket/source_subset/rtl8197/bootcode/boot/rtl83xx/smi.h,359,8e850b3c37173bf718718b61f082a31106c60ba2d5de53e5fa790d3c5271f607
AX12v1_GPL,AX12v1_GPL_Paket/source_subset/rtl8197/bootcode/boot/rtl83xx_v1dot4/acl.c,21252,db286634d9b8d508d55a53d800afd2a1a47ae5cc6a2c633ada32ee881bb469d4
AX12v1_GPL,AX12v1_GPL_Paket/source_subset/rtl8197/bootcode/boot/rtl83xx_v1dot4/acl.h,28835,e8886ba47bca54b13f714fa34f570e2166a2dd8788fb1972c27c0c84b01ec69d
AX12v1_GPL,AX12v1_GPL_Paket/source_subset/rtl8197/bootcode/boot/rtl83xx_v1dot4/chip.c,16831,888cf1a9489aa1a9cdbd1178a25da4374a71c0c39568b508db6a0bf19f419676
AX12v1_GPL,AX12v1_GPL_Paket/source_subset/rtl8197/bootcode/boot/rtl83xx_v1dot4/chip.h,2156,c72936f72dfd822bcb6ebb9e44d01620805ca5d695e3507004f2a1c10f5ae064
AX12v1_GPL,AX12v1_GPL_Paket/source_subset/rtl8197/bootcode/boot/rtl83xx_v1dot4/cpu.c,12661,576c9f6e2dbb281390f517b3b6f17bf27ca88ba206d0c3738c821e47dc8948bf
AX12v1_GPL,AX12v1_GPL_Paket/source_subset/rtl8197/bootcode/boot/rtl83xx_v1dot4/cpu.h,9280,914657eff56ea19df656169b3b6e3c7b864f3d612fe36a5b0a0edbf571c5654b
AX12v1_GPL,AX12v1_GPL_Paket/source_subset/rtl8197/bootcode/boot/rtl83xx_v1dot4/dal/dal_mapper.h,36204,8519aa5c5e60ce5402f7be5c1af4a25125a6ea83bdf80ec8cf7cd9e730a48410
AX12v1_GPL,AX12v1_GPL_Paket/source_subset/rtl8197/bootcode/boot/rtl83xx_v1dot4/dal/dal_mgmt.c,2306,1f1d5cf432276ccec7129eaec733d1fca52784aace850ced8c97d1885840b31b
AX12v1_GPL,AX12v1_GPL_Paket/source_subset/rtl8197/bootcode/boot/rtl83xx_v1dot4/dal/dal_mgmt.h,1680,45fc4c1600f50010020cf72b7f094a06deae12396253bda6163eac42121aea9f
AX12v1_GPL,AX12v1_GPL_Paket/source_subset/rtl8197/bootcode/boot/rtl83xx_v1dot4/dal/rtl8367c/dal_rtl8367c_acl.c,72086,4419c820a28a411c5b0ac38cf12bf8d25e55d140f9db46329f34f9fd5409f2f2
AX12v1_GPL,AX12v1_GPL_Paket/source_subset/rtl8197/bootcode/boot/rtl83xx_v1dot4/dal/rtl8367c/dal_rtl8367c_acl.h,16127,5fd82c0e2b7142fce78c3ebcfd82af536066a05f6f45957f4d477b89efc0e7ce
AX12v1_GPL,AX12v1_GPL_Paket/source_subset/rtl8197/bootcode/boot/rtl83xx_v1dot4/dal/rtl8367c/dal_rtl8367c_cpu.c,14229,f2da5f2c3db3873628ebcc3035b0da393d2ace03736ba2d1a19f93a588835591
AX12v1_GPL,AX12v1_GPL_Paket/source_subset/rtl8197/bootcode/boot/rtl83xx_v1dot4/dal/rtl8367c/dal_rtl8367c_cpu.h,8994,cdc2ce92364364976b7549a9d3eb8c84df3dfec722ea0c70ff31e1753c0676c0
AX12v1_GPL,AX12v1_GPL_Paket/source_subset/rtl8197/bootcode/boot/rtl83xx_v1dot4/dal/rtl8367c/dal_rtl8367c_dot1x.c,24453,4e268c7b06ece32116cdfdc33db104583cbe098c3a41c0ad6c4239ba13901c87
AX12v1_GPL,AX12v1_GPL_Paket/source_subset/rtl8197/bootcode/boot/rtl83xx_v1dot4/dal/rtl8367c/dal_rtl8367c_dot1x.h,15531,13f590cbce1fae3c2b6956c3e10fe5d362c4fc9b58a56666b604747f5a4f1665
AX12v1_GPL,AX12v1_GPL_Paket/source_subset/rtl8197/bootcode/boot/rtl83xx_v1dot4/dal/rtl8367c/dal_rtl8367c_eee.c,4328,25915eb39b2ccdcb960df87c40ff8af197db6cf09b2f075474f183ef3573ccda
AX12v1_GPL,AX12v1_GPL_Paket/source_subset/rtl8197/bootcode/boot/rtl83xx_v1dot4/dal/rtl8367c/dal_rtl8367c_eee.h,2385,09207f4cd760b1dddd45e129874bbef1f60a2e5d72a8854c6cd03c2b7bfe6f0c
AX12v1_GPL,AX12v1_GPL_Paket/source_subset/rtl8197/bootcode/boot/rtl83xx_v1dot4/dal/rtl8367c/dal_rtl8367c_i2c.c,10991,335622514429b8b9cdf04d6e06a1a317906f87384c6d382e7dd8bb4e1d4aa33a
AX12v1_GPL,AX12v1_GPL_Paket/source_subset/rtl8197/bootcode/boot/rtl83xx_v1dot4/dal/rtl8367c/dal_rtl8367c_i2c.h,4258,d55016fb6cc87a95b538d51a4fc62405d29d916dfcb70de95cdcca9335410a18
AX12v1_GPL,AX12v1_GPL_Paket/source_subset/rtl8197/bootcode/boot/rtl83xx_v1dot4/dal/rtl8367c/dal_rtl8367c_igmp.c,41196,bf24c1e05fcfe8c7b29c43626111669d8ab54ed7e30d7a33473ce99a58f87a52
AX12v1_GPL,AX12v1_GPL_Paket/source_subset/rtl8197/bootcode/boot/rtl83xx_v1dot4/dal/rtl8367c/dal_rtl8367c_igmp.h,20049,53bbefb20e568d87e6800f9914071497d254f1392722f4fd3b3feedb28f7d88a
AX12v1_GPL,AX12v1_GPL_Paket/source_subset/rtl8197/bootcode/boot/rtl83xx_v1dot4/dal/rtl8367c/dal_rtl8367c_interrupt.c,12972,1d2593c01f020070bcd14d52c9a548b0860436c1b453382c95058b98b5f06d00
AX12v1_GPL,AX12v1_GPL_Paket/source_subset/rtl8197/bootcode/boot/rtl83xx_v1dot4/dal/rtl8367c/dal_rtl8367c_interrupt.h,6715,0115e2e7e95b2c301eff877e7a5570d989f7a9d2138f95606ee59ec3050eec87
AX12v1_GPL,AX12v1_GPL_Paket/source_subset/rtl8197/bootcode/boot/rtl83xx_v1dot4/dal/rtl8367c/dal_rtl8367c_l2.c,88995,8173ff8fe85cef2458d0f035f00998391902333eba3bdede853dd6e10b9224b8
AX12v1_GPL,AX12v1_GPL_Paket/source_subset/rtl8197/bootcode/boot/rtl83xx_v1dot4/dal/rtl8367c/dal_rtl8367c_l2.h,35693,4c35af66697fb9368bdf019a3b615f821d9a45ef234f9bb5e9954f75c9bbb6c4
AX12v1_GPL,AX12v1_GPL_Paket/source_subset/rtl8197/bootcode/boot/rtl83xx_v1dot4/dal/rtl8367c/dal_rtl8367c_leaky.c,16614,c3c1d6e75d81905f0e524e2ee53f62ae5d8aec04d92cf0ff90191d5930bccf5c
AX12v1_GPL,AX12v1_GPL_Paket/source_subset/rtl8197/bootcode/boot/rtl83xx_v1dot4/dal/rtl8367c/dal_rtl8367c_leaky.h,9633,91ee731f8edf2346d90a3ecadc19d2a4304e3c796cb2bb5db7dc5f6a7e7defda
AX12v1_GPL,AX12v1_GPL_Paket/source_subset/rtl8197/bootcode/boot/rtl83xx_v1dot4/dal/rtl8367c/dal_rtl8367c_led.c,21840,7f9ae2d7fc85bbc5644999509ec97bef55bda68d662a02b40712f4e50871fe5e
AX12v1_GPL,AX12v1_GPL_Paket/source_subset/rtl8197/bootcode/boot/rtl83xx_v1dot4/dal/rtl8367c/dal_rtl8367c_led.h,12511,c0f7f7d853015d2d40a7b92851eba3eb9eea9ea7338af7680c9e111be9db1f3a
AX12v1_GPL,AX12v1_GPL_Paket/source_subset/rtl8197/bootcode/boot/rtl83xx_v1dot4/dal/rtl8367c/dal_rtl8367c_mapper.c,32419,999a98b1c8e46c489552b611d4d1967fdafbf716147666e05b16ac3d731955ee
AX12v1_GPL,AX12v1_GPL_Paket/source_subset/rtl8197/bootcode/boot/rtl83xx_v1dot4/dal/rtl8367c/dal_rtl8367c_mapper.h,757,08f6158b0eff5af9aed7e9fd52b6cb35015d8d96681f30961c22e0dcb84677c3
AX12v1_GPL,AX12v1_GPL_Paket/source_subset/rtl8197/bootcode/boot/rtl83xx_v1dot4/dal/rtl8367c/dal_rtl8367c_mirror.c,16110,1b89b02c39f4200e033546b09c2fb1362c6ba5f6706d50c038c68bd35e270984
AX12v1_GPL,AX12v1_GPL_Paket/source_subset/rtl8197/bootcode/boot/rtl83xx_v1dot4/dal/rtl8367c/dal_rtl8367c_mirror.h,8730,eccae10dbb2550d52de63c1bf8cede24f1d43e86ab959d4bfe10e0f62a623d89
AX12v1_GPL,AX12v1_GPL_Paket/source_subset/rtl8197/bootcode/boot/rtl83xx_v1dot4/dal/rtl8367c/dal_rtl8367c_oam.c,5564,7e642cbc1f6ff46bcf0999477fb3e13ec9a68abb69075cee1139ee70a0785bd9
AX12v1_GPL,AX12v1_GPL_Paket/source_subset/rtl8197/bootcode/boot/rtl83xx_v1dot4/dal/rtl8367c/dal_rtl8367c_oam.h,3863,24f56ed5bea82bd958b2518ca9216e7a9e06bd004b78ab020da13a51a124f84c
AX12v1_GPL,AX12v1_GPL_Paket/source_subset/rtl8197/bootcode/boot/rtl83xx_v1dot4/dal/rtl8367c/dal_rtl8367c_port.c,127508,9e0e6f546b5558d69e475252b26585abe25aeeecc4127b243ea9ac39ef93880d
AX12v1_GPL,AX12v1_GPL_Paket/source_subset/rtl8197/bootcode/boot/rtl83xx_v1dot4/dal/rtl8367c/dal_rtl8367c_port.h,30539,c13c671fb861a68b9f63b10eb4daf1f2dc9d68ddd1c6c1b43656615861766b7d
AX12v1_GPL,AX12v1_GPL_Paket/source_subset/rtl8197/bootcode/boot/rtl83xx_v1dot4/dal/rtl8367c/dal_rtl8367c_ptp.c,20259,44242eb4874f50257002fd9571b9741892e2855147c29b5fd177eb985be1efb2
AX12v1_GPL,AX12v1_GPL_Paket/source_subset/rtl8197/bootcode/boot/rtl83xx_v1dot4/dal/rtl8367c/dal_rtl8367c_ptp.h,13945,5416fd4a26c3692c22c26b9de9e220257814558d02d9f5c6528cf5e9390639b4
AX12v1_GPL,AX12v1_GPL_Paket/source_subset/rtl8197/bootcode/boot/rtl83xx_v1dot4/dal/rtl8367c/dal_rtl8367c_qos.c,42355,68d6eb04747033895e0b7d1aa455d807c51b032b217cd8cb8077461fad37285e
AX12v1_GPL,AX12v1_GPL_Paket/source_subset/rtl8197/bootcode/boot/rtl83xx_v1dot4/dal/rtl8367c/dal_rtl8367c_qos.h,23535,ab1e6e48782bb253982d8f8407407e4786721c6ec3eeeffaf6116259ecff74e7
AX12v1_GPL,AX12v1_GPL_Paket/source_subset/rtl8197/bootcode/boot/rtl83xx_v1dot4/dal/rtl8367c/dal_rtl8367c_rate.c,18203,4b24d6a53d2179e47f566be3d4da0d932befdafcd3ed8c15d8d2f1bbade5c180
AX12v1_GPL,AX12v1_GPL_Paket/source_subset/rtl8197/bootcode/boot/rtl83xx_v1dot4/dal/rtl8367c/dal_rtl8367c_rate.h,10573,be927069118deb004c62a2dbd05ae264752fecbaae72e9327c42ffa2ab16d9a2
AX12v1_GPL,AX12v1_GPL_Paket/source_subset/rtl8197/bootcode/boot/rtl83xx_v1dot4/dal/rtl8367c/dal_rtl8367c_rldp.c,11367,447d52d3c4e0696aa62b42fe1ce7ac8521c4b5486827030f81f4b4e142677ce1
AX12v1_GPL,AX12v1_GPL_Paket/source_subset/rtl8197/bootcode/boot/rtl83xx_v1dot4/dal/rtl8367c/dal_rtl8367c_rldp.h,4455,a135930168728753236cc636a85d4e9b4503e6e2bea1615a16863cefb7e61219
AX12v1_GPL,AX12v1_GPL_Paket/source_subset/rtl8197/bootcode/boot/rtl83xx_v1dot4/dal/rtl8367c/dal_rtl8367c_stat.c,19658,5e44fc670da9e44d0f6eba529d3c1e715e7c7548b436ae3f141b2c8c5038874c
AX12v1_GPL,AX12v1_GPL_Paket/source_subset/rtl8197/bootcode/boot/rtl83xx_v1dot4/dal/rtl8367c/dal_rtl8367c_stat.h,7822,82d770aa2109d6e02f0a0a1734967ade207693b199b32258de5f488a343aaaf9
AX12v1_GPL,AX12v1_GPL_Paket/source_subset/rtl8197/bootcode/boot/rtl83xx_v1dot4/dal/rtl8367c/dal_rtl8367c_storm.c,24170,13301107330f6354a794c84918609034f7af52c10f728f92ce24a1b408109c7b
AX12v1_GPL,AX12v1_GPL_Paket/source_subset/rtl8197/bootcode/boot/rtl83xx_v1dot4/dal/rtl8367c/dal_rtl8367c_storm.h,10816,a6e94fe8f9ada3e3b1e49970bc2e047ed51fca8e78981f0c04df33b14aea2767
AX12v1_GPL,AX12v1_GPL_Paket/source_subset/rtl8197/bootcode/boot/rtl83xx_v1dot4/dal/rtl8367c/dal_rtl8367c_svlan.c,71974,f817ed6823f25324b96114da2092b628f86c878f13746ded279cb61e473114ca
AX12v1_GPL,AX12v1_GPL_Paket/source_subset/rtl8197/bootcode/boot/rtl83xx_v1dot4/dal/rtl8367c/dal_rtl8367c_svlan.h,30342,b642b8634e9cda95598e95772c48e6fc59eac3756b188b28d507380662d7884a
AX12v1_GPL,AX12v1_GPL_Paket/source_subset/rtl8197/bootcode/boot/rtl83xx_v1dot4/dal/rtl8367c/dal_rtl8367c_switch.c,27009,9c7482131f2f2be28255e35b0c6c247b042a21cc0613f2809c58a5db801ca548
AX12v1_GPL,AX12v1_GPL_Paket/source_subset/rtl8197/bootcode/boot/rtl83xx_v1dot4/dal/rtl8367c/dal_rtl8367c_switch.h,4549,59f5e6b9c8f6549721b6eb995ee6e3c358bb719d9b2e5a8c3680eb96260af302
AX12v1_GPL,AX12v1_GPL_Paket/source_subset/rtl8197/bootcode/boot/rtl83xx_v1dot4/dal/rtl8367c/dal_rtl8367c_trap.c,37746,debd3402e3d68d4ebee86f6591f632e3f914f359178095be76f54bc906b74914
AX12v1_GPL,AX12v1_GPL_Paket/source_subset/rtl8197/bootcode/boot/rtl83xx_v1dot4/dal/rtl8367c/dal_rtl8367c_trap.h,21579,4f168e35bcb4cb16344a0ddb7eace76bd9f4a4fe15bcc284419996786b9191ff
AX12v1_GPL,AX12v1_GPL_Paket/source_subset/rtl8197/bootcode/boot/rtl83xx_v1dot4/dal/rtl8367c/dal_rtl8367c_trunk.c,17206,f1573a3aa495173fd9cbfa30435d41e65095e998a83f26348a3548ea6a49f588
AX12v1_GPL,AX12v1_GPL_Paket/source_subset/rtl8197/bootcode/boot/rtl83xx_v1dot4/dal/rtl8367c/dal_rtl8367c_trunk.h,9738,bfdf068d37f5053b0aab1c0c68793ff0f0879213f4137823be052c1263623cfe
AX12v1_GPL,AX12v1_GPL_Paket/source_subset/rtl8197/bootcode/boot/rtl83xx_v1dot4/dal/rtl8367c/dal_rtl8367c_vlan.c,62214,300936d6ce2b3f981a9d017b6b4761137cb39bcd53482e743251cd0ac681c547
AX12v1_GPL,AX12v1_GPL_Paket/source_subset/rtl8197/bootcode/boot/rtl83xx_v1dot4/dal/rtl8367c/dal_rtl8367c_vlan.h,26725,38d97957f532e393ceaaafa8678769564223ff5b596ed38ff95f71e7f5558929
AX12v1_GPL,AX12v1_GPL_Paket/source_subset/rtl8197/bootcode/boot/rtl83xx_v1dot4/dal/rtl8367c/rtl8367c_asicdrv.c,15389,e2236c2c7b7c4f8594a7761f50b944c627a276016af0efa2de13313ee0be5d5a
AX12v1_GPL,AX12v1_GPL_Paket/source_subset/rtl8197/bootcode/boot/rtl83xx_v1dot4/dal/rtl8367c/rtl8367c_asicdrv.h,3549,bb349d5c38b62a97d60f9806a5c2cd38d1ae8541dd38c8957d2425c59153f60d
AX12v1_GPL,AX12v1_GPL_Paket/source_subset/rtl8197/bootcode/boot/rtl83xx_v1dot4/dal/rtl8367c/rtl8367c_asicdrv_acl.c,37294,25b14ddc9bdd8ad72ea43c3958f73e857b5f6cdb4e690f48b5c2ae27cec160f2
AX12v1_GPL,AX12v1_GPL_Paket/source_subset/rtl8197/bootcode/boot/rtl83xx_v1dot4/dal/rtl8367c/rtl8367c_asicdrv_acl.h,6249,502995ec9f7ba711fff667733dadb26f205168a337a8114df5cf7cc330475d7d
AX12v1_GPL,AX12v1_GPL_Paket/source_subset/rtl8197/bootcode/boot/rtl83xx_v1dot4/dal/rtl8367c/rtl8367c_asicdrv_cputag.c,11252,88f987e5ef087683f0242157c352fd6e7ed3ed5c2689fd739da6b0be8b6908a5
AX12v1_GPL,AX12v1_GPL_Paket/source_subset/rtl8197/bootcode/boot/rtl83xx_v1dot4/dal/rtl8367c/rtl8367c_asicdrv_cputag.h,1373,1a19d3752a7f40532ecc1584bbc665ac348539ab97bd6083fc98d2a25bd4a317
AX12v1_GPL,AX12v1_GPL_Paket/source_subset/rtl8197/bootcode/boot/rtl83xx_v1dot4/dal/rtl8367c/rtl8367c_asicdrv_dot1x.c,11485,a78416d2a688a6be94af2145c169029c3852df731df0f8ee10fafce2a57224dd
AX12v1_GPL,AX12v1_GPL_Paket/source_subset/rtl8197/bootcode/boot/rtl83xx_v1dot4/dal/rtl8367c/rtl8367c_asicdrv_dot1x.h,1580,297684e4aa50b1b7f42f1759329e507f4cd3f25fd4fb0c33582f6d21e3c6c596
AX12v1_GPL,AX12v1_GPL_Paket/source_subset/rtl8197/bootcode/boot/rtl83xx_v1dot4/dal/rtl8367c/rtl8367c_asicdrv_eav.c,27436,9a6f5bdddf9d96f85f0f724fb7aab7e1c0cb72b660aefc4b934d5d8aada3a413
AX12v1_GPL,AX12v1_GPL_Paket/source_subset/rtl8197/bootcode/boot/rtl83xx_v1dot4/dal/rtl8367c/rtl8367c_asicdrv_eav.h,3292,3f4f3bcc4faa2f51297d01855640156175aa7c2b591501fac54f55f5f701cf30
AX12v1_GPL,AX12v1_GPL_Paket/source_subset/rtl8197/bootcode/boot/rtl83xx_v1dot4/dal/rtl8367c/rtl8367c_asicdrv_eee.c,4588,5d43505ccb12d61b936126a97b5f9f3a7f814a0e84890e21536fa14b1001144d
AX12v1_GPL,AX12v1_GPL_Paket/source_subset/rtl8197/bootcode/boot/rtl83xx_v1dot4/dal/rtl8367c/rtl8367c_asicdrv_eee.h,472,ed62db4cc4e9b312934d7f2ee84ca6740710ffc2f0fb76365bbf7bb4fd07d6d9
AX12v1_GPL,AX12v1_GPL_Paket/source_subset/rtl8197/bootcode/boot/rtl83xx_v1dot4/dal/rtl8367c/rtl8367c_asicdrv_fc.c,42113,d03de3bfb839abfecb5fbbea88466fa62c3d0dcd5826837676f63266a0c5d853
AX12v1_GPL,AX12v1_GPL_Paket/source_subset/rtl8197/bootcode/boot/rtl83xx_v1dot4/dal/rtl8367c/rtl8367c_asicdrv_fc.h,5422,75d44c663c5ddcccc5fe8cf151c5e4e87426a8126c98bada21785834ab2b6506
AX12v1_GPL,AX12v1_GPL_Paket/source_subset/rtl8197/bootcode/boot/rtl83xx_v1dot4/dal/rtl8367c/rtl8367c_asicdrv_green.c,18766,bb116a23084b2dae642db328d0233b0ff304b915a9432f7c0b3dfc7076ecc64b
AX12v1_GPL,AX12v1_GPL_Paket/source_subset/rtl8197/bootcode/boot/rtl83xx_v1dot4/dal/rtl8367c/rtl8367c_asicdrv_green.h,987,61076fecbd89237fa5280a5946c83ae12ffb0b9a76dec6da05c15674556daef1
AX12v1_GPL,AX12v1_GPL_Paket/source_subset/rtl8197/bootcode/boot/rtl83xx_v1dot4/dal/rtl8367c/rtl8367c_asicdrv_hsb.c,2740,efb48d5438e7109d71a97101fc34e39c313a8dbaa206d62f64dc84ddb5a5ab3d
AX12v1_GPL,AX12v1_GPL_Paket/source_subset/rtl8197/bootcode/boot/rtl83xx_v1dot4/dal/rtl8367c/rtl8367c_asicdrv_hsb.h,725,14d11bb65d2469faa56044a8bd6904f698aae056ec23ae5263bcf7ad82154fcf
AX12v1_GPL,AX12v1_GPL_Paket/source_subset/rtl8197/bootcode/boot/rtl83xx_v1dot4/dal/rtl8367c/rtl8367c_asicdrv_i2c.c,11495,25589ab38209ac6877af628730fa90c7e98a57452431e643f877bbda7abc21ce
AX12v1_GPL,AX12v1_GPL_Paket/source_subset/rtl8197/bootcode/boot/rtl83xx_v1dot4/dal/rtl8367c/rtl8367c_asicdrv_i2c.h,877,98fa9659efb14ddb849f99f91ddae9e1efcc4a3aefc08638850c85749fed4740
AX12v1_GPL,AX12v1_GPL_Paket/source_subset/rtl8197/bootcode/boot/rtl83xx_v1dot4/dal/rtl8367c/rtl8367c_asicdrv_igmp.c,55659,831f585687906612cec3b78123dd9c0f20b4452647153e8927d5cb82f9268c34
AX12v1_GPL,AX12v1_GPL_Paket/source_subset/rtl8197/bootcode/boot/rtl83xx_v1dot4/dal/rtl8367c/rtl8367c_asicdrv_igmp.h,6023,8b78f44b76e066e14eb6bc61d6df88787554ac80810918d3e5830217cb077126
AX12v1_GPL,AX12v1_GPL_Paket/source_subset/rtl8197/bootcode/boot/rtl83xx_v1dot4/dal/rtl8367c/rtl8367c_asicdrv_inbwctrl.c,5427,58ca6b6afbbcd684fc95956d85f7e25f8f38136bafbb8be7074e208c67e97e5a
AX12v1_GPL,AX12v1_GPL_Paket/source_subset/rtl8197/bootcode/boot/rtl83xx_v1dot4/dal/rtl8367c/rtl8367c_asicdrv_inbwctrl.h,575,43637a4da415d2167c012631ce8cc9e13ba38a6455a220fb65101cb06cad90ce
AX12v1_GPL,AX12v1_GPL_Paket/source_subset/rtl8197/bootcode/boot/rtl83xx_v1dot4/dal/rtl8367c/rtl8367c_asicdrv_interrupt.c,6770,6dde98297832784fcaf6c3c3c41857460225e4251e595f8d73e4a38c3fd12063
AX12v1_GPL,AX12v1_GPL_Paket/source_subset/rtl8197/bootcode/boot/rtl83xx_v1dot4/dal/rtl8367c/rtl8367c_asicdrv_interrupt.h,1399,995bf68ce2b48ab2fc9ccc0562075200537a49f86b0a0b193abc767e93840f49
AX12v1_GPL,AX12v1_GPL_Paket/source_subset/rtl8197/bootcode/boot/rtl83xx_v1dot4/dal/rtl8367c/rtl8367c_asicdrv_led.c,27744,706b18eda10a17126a44589e126406e7528c100aa86b51f4b6a825db4e04600a
AX12v1_GPL,AX12v1_GPL_Paket/source_subset/rtl8197/bootcode/boot/rtl83xx_v1dot4/dal/rtl8367c/rtl8367c_asicdrv_led.h,3479,0fd1989f5286342f96dcf42aabb1ee127756cfbd289795437b047a60eb1cef8f
AX12v1_GPL,AX12v1_GPL_Paket/source_subset/rtl8197/bootcode/boot/rtl83xx_v1dot4/dal/rtl8367c/rtl8367c_asicdrv_lut.c,46302,e130d0d552504d2075588b958e78bf897a22acf6d55ef944ec278dd290ff1a95
AX12v1_GPL,AX12v1_GPL_Paket/source_subset/rtl8197/bootcode/boot/rtl83xx_v1dot4/dal/rtl8367c/rtl8367c_asicdrv_lut.h,5133,cbfc4901e7eb9d7148028af4122f02619a5e916a26355b24ab9db1f4a6d37044
AX12v1_GPL,AX12v1_GPL_Paket/source_subset/rtl8197/bootcode/boot/rtl83xx_v1dot4/dal/rtl8367c/rtl8367c_asicdrv_meter.c,9206,3e4e1096931f7f66e05f96db6cf10b761197af78d0008759ad1524e105209ba8
AX12v1_GPL,AX12v1_GPL_Paket/source_subset/rtl8197/bootcode/boot/rtl83xx_v1dot4/dal/rtl8367c/rtl8367c_asicdrv_meter.h,831,4d9188cc422bc4660855d06e4facc2c48851ad8f93a4c67fef661035e7cf9f78
AX12v1_GPL,AX12v1_GPL_Paket/source_subset/rtl8197/bootcode/boot/rtl83xx_v1dot4/dal/rtl8367c/rtl8367c_asicdrv_mib.c,17697,9c7f35a126b1bf37a7d9172b669479c2b0e31f7e6abf23811091b8adfb6442e5
AX12v1_GPL,AX12v1_GPL_Paket/source_subset/rtl8197/bootcode/boot/rtl83xx_v1dot4/dal/rtl8367c/rtl8367c_asicdrv_mib.h,3477,0c2390bbd9e4047f724d4d2c574a627cac4c7fcc459400402f033f3839a639ac
AX12v1_GPL,AX12v1_GPL_Paket/source_subset/rtl8197/bootcode/boot/rtl83xx_v1dot4/dal/rtl8367c/rtl8367c_asicdrv_mirror.c,13536,9cefab827176a9a57c2560f2f88349730bce94a711c8a40c5fc87b455465f714
AX12v1_GPL,AX12v1_GPL_Paket/source_subset/rtl8197/bootcode/boot/rtl83xx_v1dot4/dal/rtl8367c/rtl8367c_asicdrv_mirror.h,2005,aac2cf2a8befd4c48110d749a5801b74c0abb6d0f991d90e194a2b8b1a738af1
AX12v1_GPL,AX12v1_GPL_Paket/source_subset/rtl8197/bootcode/boot/rtl83xx_v1dot4/dal/rtl8367c/rtl8367c_asicdrv_misc.c,6492,4deedf1ca7f8749ad13e95848a448f6194bd39332e04edfe73c864c03d0225e4
AX12v1_GPL,AX12v1_GPL_Paket/source_subset/rtl8197/bootcode/boot/rtl83xx_v1dot4/dal/rtl8367c/rtl8367c_asicdrv_misc.h,813,ae3083080e940660fb09877eef99d04cf2add6643b259240571df82d1a560181
AX12v1_GPL,AX12v1_GPL_Paket/source_subset/rtl8197/bootcode/boot/rtl83xx_v1dot4/dal/rtl8367c/rtl8367c_asicdrv_oam.c,5500,e357b0ebcdd6227849c1eda35f56ced61f6acd6a49942dfcb0e2f7b0313b8a76
AX12v1_GPL,AX12v1_GPL_Paket/source_subset/rtl8197/bootcode/boot/rtl83xx_v1dot4/dal/rtl8367c/rtl8367c_asicdrv_oam.h,879,09a53fc30f80e91151e12ad6b308fa5928238ab7fed025269d074da6b7142e11
AX12v1_GPL,AX12v1_GPL_Paket/source_subset/rtl8197/bootcode/boot/rtl83xx_v1dot4/dal/rtl8367c/rtl8367c_asicdrv_phy.c,12355,baae94ba729d44f65311b4bb36ac62a056b072004aeb115b0cbbdd5095c28ccb
AX12v1_GPL,AX12v1_GPL_Paket/source_subset/rtl8197/bootcode/boot/rtl83xx_v1dot4/dal/rtl8367c/rtl8367c_asicdrv_phy.h,1179,daae12af33b378cf1f81381345ef34aa1b3546edc41ac9b7ced2bc60379791de
AX12v1_GPL,AX12v1_GPL_Paket/source_subset/rtl8197/bootcode/boot/rtl83xx_v1dot4/dal/rtl8367c/rtl8367c_asicdrv_port.c,221447,e365cae063b0b537ef3f1d0b594ef81c722bb622b6c7c33624c598c7847959c8
AX12v1_GPL,AX12v1_GPL_Paket/source_subset/rtl8197/bootcode/boot/rtl83xx_v1dot4/dal/rtl8367c/rtl8367c_asicdrv_port.h,6737,93bcf151d2127f6d6879e7356d344db34575788753b90cf50fae25001fb187a4
AX12v1_GPL,AX12v1_GPL_Paket/source_subset/rtl8197/bootcode/boot/rtl83xx_v1dot4/dal/rtl8367c/rtl8367c_asicdrv_portIsolation.c,3899,d49e5a14a1d9e17d8883d64fdf263f82276a6959fe521ffc859fdfd493f89a2c
AX12v1_GPL,AX12v1_GPL_Paket/source_subset/rtl8197/bootcode/boot/rtl83xx_v1dot4/dal/rtl8367c/rtl8367c_asicdrv_portIsolation.h,543,5a6f3855bf6cdd6aa9b6063f9f4f43b227367eeaa31344bc13946bd38de992b8
AX12v1_GPL,AX12v1_GPL_Paket/source_subset/rtl8197/bootcode/boot/rtl83xx_v1dot4/dal/rtl8367c/rtl8367c_asicdrv_qos.c,23185,513c285805d9ef8e185a38bf5c8a4b4b983b89e24ef7c302afb6906ec74b25b2
AX12v1_GPL,AX12v1_GPL_Paket/source_subset/rtl8197/bootcode/boot/rtl83xx_v1dot4/dal/rtl8367c/rtl8367c_asicdrv_qos.h,3271,3fa4aa26de6a041ba136b22c67e61b4573034f811719cf2cfd05a4d2b447228a
AX12v1_GPL,AX12v1_GPL_Paket/source_subset/rtl8197/bootcode/boot/rtl83xx_v1dot4/dal/rtl8367c/rtl8367c_asicdrv_rldp.c,17741,42278216faa1ba74b13fed91a22e36a86c6ce86873003e1f850705605d0a2296
AX12v1_GPL,AX12v1_GPL_Paket/source_subset/rtl8197/bootcode/boot/rtl83xx_v1dot4/dal/rtl8367c/rtl8367c_asicdrv_rldp.h,2289,f02d765a97ca4f9b68e3ab90c273b8699332b74b3427d9e8105c03c3ebdccad1
AX12v1_GPL,AX12v1_GPL_Paket/source_subset/rtl8197/bootcode/boot/rtl83xx_v1dot4/dal/rtl8367c/rtl8367c_asicdrv_rma.c,11293,445e9155682709fd2e9f686ddae9a0c3876a9494f69723278dc397484a830b52
AX12v1_GPL,AX12v1_GPL_Paket/source_subset/rtl8197/bootcode/boot/rtl83xx_v1dot4/dal/rtl8367c/rtl8367c_asicdrv_rma.h,1133,421e0dca76ab64fa4592dba8d43f42830acaff428e3fdf9c6f8c420b1abcc6ec
AX12v1_GPL,AX12v1_GPL_Paket/source_subset/rtl8197/bootcode/boot/rtl83xx_v1dot4/dal/rtl8367c/rtl8367c_asicdrv_scheduling.c,15333,b71f13ed9e9b6630b27c33ce60ed6f6e9f830095bc2f512b262a93614cee5c05
AX12v1_GPL,AX12v1_GPL_Paket/source_subset/rtl8197/bootcode/boot/rtl83xx_v1dot4/dal/rtl8367c/rtl8367c_asicdrv_scheduling.h,2207,b76e5dfe880fc5abd8d28ee6c3894b038931bfeeffc058623938b70edfc0c193
AX12v1_GPL,AX12v1_GPL_Paket/source_subset/rtl8197/bootcode/boot/rtl83xx_v1dot4/dal/rtl8367c/rtl8367c_asicdrv_storm.c,24661,279e14de68cba72e5cbe854c77ff76fc633f87cc0abccf14107986043a9ee9d0
AX12v1_GPL,AX12v1_GPL_Paket/source_subset/rtl8197/bootcode/boot/rtl83xx_v1dot4/dal/rtl8367c/rtl8367c_asicdrv_storm.h,3170,94ca89384ab2d55ebb824cab017e47aa9765fa78ee754fde4217e5665999bbb7
AX12v1_GPL,AX12v1_GPL_Paket/source_subset/rtl8197/bootcode/boot/rtl83xx_v1dot4/dal/rtl8367c/rtl8367c_asicdrv_svlan.c,29326,9f02803d2fb1f1e25f6ef8e56b73f490046c463079ace64fec71bcac1fc3c349
AX12v1_GPL,AX12v1_GPL_Paket/source_subset/rtl8197/bootcode/boot/rtl83xx_v1dot4/dal/rtl8367c/rtl8367c_asicdrv_svlan.h,4179,93a9c6411501e8c28e5eb400846afb367614fabe791ea841d631993ac2d63196
AX12v1_GPL,AX12v1_GPL_Paket/source_subset/rtl8197/bootcode/boot/rtl83xx_v1dot4/dal/rtl8367c/rtl8367c_asicdrv_trunking.c,10851,3bf1f3648bb8fa487b0145e1cfa18d53e5dce62e92b6e2e967a7be77ec9d6064
AX12v1_GPL,AX12v1_GPL_Paket/source_subset/rtl8197/bootcode/boot/rtl83xx_v1dot4/dal/rtl8367c/rtl8367c_asicdrv_trunking.h,1491,5f63eaf3b8329b2627a4f6a60973dbe289541a6da06a5f420f3490387e2f0469
AX12v1_GPL,AX12v1_GPL_Paket/source_subset/rtl8197/bootcode/boot/rtl83xx_v1dot4/dal/rtl8367c/rtl8367c_asicdrv_unknownMulticast.c,7051,c91746b0bceff1ae25154d69c25dafee112beae8b6a6d432a6c53225cc58f517
AX12v1_GPL,AX12v1_GPL_Paket/source_subset/rtl8197/bootcode/boot/rtl83xx_v1dot4/dal/rtl8367c/rtl8367c_asicdrv_unknownMulticast.h,1436,f0ac96a92a1597ffdfb79f856936d83dbc7e6da2ab8658b40abb9b9a81257e11
AX12v1_GPL,AX12v1_GPL_Paket/source_subset/rtl8197/bootcode/boot/rtl83xx_v1dot4/dal/rtl8367c/rtl8367c_asicdrv_vlan.c,47485,b275c9ad1cc33e237a0d741ac5eb99abe06dca74b6813fd1f9fba973e6154e15
AX12v1_GPL,AX12v1_GPL_Paket/source_subset/rtl8197/bootcode/boot/rtl83xx_v1dot4/dal/rtl8367c/rtl8367c_asicdrv_vlan.h,5486,ab883fc3184e914fb9556857bd7583fdf170a8dcab2433627ea1f0e6cab279c6
AX12v1_GPL,AX12v1_GPL_Paket/source_subset/rtl8197/bootcode/boot/rtl83xx_v1dot4/dal/rtl8367c/rtl8367c_base.h,39628,a3dc350511b6b8bc7128d70f5503322e68633cf870dbe2090e6d484ec5f62b9e
AX12v1_GPL,AX12v1_GPL_Paket/source_subset/rtl8197/bootcode/boot/rtl83xx_v1dot4/dal/rtl8367c/rtl8367c_reg.h,1066573,2f1160c72c2e6140bee61868e859080ccb68f430a8bb24ac194e8c86b56f635d
AX12v1_GPL,AX12v1_GPL_Paket/source_subset/rtl8197/bootcode/boot/rtl83xx_v1dot4/dal/rtl8367c/rtl8367c_smi.c,11251,4aab154b01d2f444617c5a683929f9248569b1372b2220a938feffdad29337f9
AX12v1_GPL,AX12v1_GPL_Paket/source_subset/rtl8197/bootcode/boot/rtl83xx_v1dot4/dal/rtl8367c/rtl8367c_smi.h,1157,31ff6da15b096923a21a3473016ddc8c8c9cecca18b0dc55f0df89336b6b66b7
AX12v1_GPL,AX12v1_GPL_Paket/source_subset/rtl8197/bootcode/boot/rtl83xx_v1dot4/dal/rtl8367d/dal_rtl8367d_acl.c,84461,b11129c047aa3523c43ed1b0a000d0a289518b7cbbedf622a5c4e6375a9f49f9
AX12v1_GPL,AX12v1_GPL_Paket/source_subset/rtl8197/bootcode/boot/rtl83xx_v1dot4/dal/rtl8367d/dal_rtl8367d_acl.h,16470,468094ad9444403b0ffb67c20a5fbd98384eeb87fb4dd61f7154a2aae4b32bca
AX12v1_GPL,AX12v1_GPL_Paket/source_subset/rtl8197/bootcode/boot/rtl83xx_v1dot4/dal/rtl8367d/dal_rtl8367d_cpu.c,17337,bd85ff5afc887d7c87d195403c66e658148217561b459b637f1f24c2abb2f5f1
AX12v1_GPL,AX12v1_GPL_Paket/source_subset/rtl8197/bootcode/boot/rtl83xx_v1dot4/dal/rtl8367d/dal_rtl8367d_cpu.h,8994,9d97b9e0acab4b9dc9e3945b27fe21fb3774940da1cd5cb8854c5d82b7a3488b
AX12v1_GPL,AX12v1_GPL_Paket/source_subset/rtl8197/bootcode/boot/rtl83xx_v1dot4/dal/rtl8367d/dal_rtl8367d_dot1x.c,13106,2ac6c1c36b3425e146d00e36de2113c87878757433cd952afc42d69c40edaa18
AX12v1_GPL,AX12v1_GPL_Paket/source_subset/rtl8197/bootcode/boot/rtl83xx_v1dot4/dal/rtl8367d/dal_rtl8367d_dot1x.h,8366,43495c4e595ba559ce7faff4f61d8f73223bc5d9c65736eb42f5048186aa4e64
AX12v1_GPL,AX12v1_GPL_Paket/source_subset/rtl8197/bootcode/boot/rtl83xx_v1dot4/dal/rtl8367d/dal_rtl8367d_eee.c,3490,704f769be8fbdfc7a7c6eb16ab124fa6ae7282dd2b57650749c9eb776d4b8125
AX12v1_GPL,AX12v1_GPL_Paket/source_subset/rtl8197/bootcode/boot/rtl83xx_v1dot4/dal/rtl8367d/dal_rtl8367d_eee.h,1985,d50775c5143e0873cb4066724807ebc9c01d4a259db02b7a64ce5b25032e249b
AX12v1_GPL,AX12v1_GPL_Paket/source_subset/rtl8197/bootcode/boot/rtl83xx_v1dot4/dal/rtl8367d/dal_rtl8367d_igmp.c,10175,ab20682406b909b6b4bf1d2443819e8bcb9d84c9910c4b5e4566eb46a9f92af9
AX12v1_GPL,AX12v1_GPL_Paket/source_subset/rtl8197/bootcode/boot/rtl83xx_v1dot4/dal/rtl8367d/dal_rtl8367d_igmp.h,3090,c8889e01278f71a2909b6ed665aafb445d7d089692187fe27209392601a13c96
AX12v1_GPL,AX12v1_GPL_Paket/source_subset/rtl8197/bootcode/boot/rtl83xx_v1dot4/dal/rtl8367d/dal_rtl8367d_interrupt.c,16040,ff7ce31a4d29dcfe2d783bda67a6157c00732446cf00fb29e57ee5d3048cf892
AX12v1_GPL,AX12v1_GPL_Paket/source_subset/rtl8197/bootcode/boot/rtl83xx_v1dot4/dal/rtl8367d/dal_rtl8367d_interrupt.h,7299,a4efd713f14941d6f4873db7373b2d639920d832a5875168adf722f58e9cde55
AX12v1_GPL,AX12v1_GPL_Paket/source_subset/rtl8197/bootcode/boot/rtl83xx_v1dot4/dal/rtl8367d/dal_rtl8367d_l2.c,90704,5a1f1134e068749787f71fb5452da2c346c801cc53a67a30c625744909adbf51
AX12v1_GPL,AX12v1_GPL_Paket/source_subset/rtl8197/bootcode/boot/rtl83xx_v1dot4/dal/rtl8367d/dal_rtl8367d_l2.h,34588,0e236906b368536f7c3e8a4cab110b62f23f92f5245f491bd14e2852bd47bd13
AX12v1_GPL,AX12v1_GPL_Paket/source_subset/rtl8197/bootcode/boot/rtl83xx_v1dot4/dal/rtl8367d/dal_rtl8367d_leaky.c,17837,a0522c82d27ee244d32d4fa433be056faa0d0293db694f849ec4a3b0321f5a13
AX12v1_GPL,AX12v1_GPL_Paket/source_subset/rtl8197/bootcode/boot/rtl83xx_v1dot4/dal/rtl8367d/dal_rtl8367d_leaky.h,9633,5e39cc8f2abd467aaaad7560005a99822ada6b8a88ceadae7294a6f2cd09f81d
AX12v1_GPL,AX12v1_GPL_Paket/source_subset/rtl8197/bootcode/boot/rtl83xx_v1dot4/dal/rtl8367d/dal_rtl8367d_led.c,23043,3c51ade5df716d84f6ed3f3729a8e5cd6643193e6326714388da6e31d66c34dc
AX12v1_GPL,AX12v1_GPL_Paket/source_subset/rtl8197/bootcode/boot/rtl83xx_v1dot4/dal/rtl8367d/dal_rtl8367d_led.h,11683,8423511dd892a1e2cc032c68daefc56224307c7e0edba28540cd3073e49a7b85
AX12v1_GPL,AX12v1_GPL_Paket/source_subset/rtl8197/bootcode/boot/rtl83xx_v1dot4/dal/rtl8367d/dal_rtl8367d_mapper.c,29510,9673f6386aaee6ed3d4d1f373e173d8febbcad6299d56427c4901807f329dc06
AX12v1_GPL,AX12v1_GPL_Paket/source_subset/rtl8197/bootcode/boot/rtl83xx_v1dot4/dal/rtl8367d/dal_rtl8367d_mapper.h,757,5650fc2b8ef541a0f657bec153f86838b733ecd703537fdd1bc0e4bc220e3957
AX12v1_GPL,AX12v1_GPL_Paket/source_subset/rtl8197/bootcode/boot/rtl83xx_v1dot4/dal/rtl8367d/dal_rtl8367d_mirror.c,17146,d74065cd0e4308741bc8c051a8409e90d48cc48653784706b8914cff5ecde149
AX12v1_GPL,AX12v1_GPL_Paket/source_subset/rtl8197/bootcode/boot/rtl83xx_v1dot4/dal/rtl8367d/dal_rtl8367d_mirror.h,8730,d7316d8030f6bb7fd50d075a6dededf903942d65fb327385004b4862d98ce4ed
AX12v1_GPL,AX12v1_GPL_Paket/source_subset/rtl8197/bootcode/boot/rtl83xx_v1dot4/dal/rtl8367d/dal_rtl8367d_port.c,127053,6c9fc015c8856f00f9323554ea61fac9a4390cc78c3d137ebd729dc2c3ac0438
AX12v1_GPL,AX12v1_GPL_Paket/source_subset/rtl8197/bootcode/boot/rtl83xx_v1dot4/dal/rtl8367d/dal_rtl8367d_port.h,27306,724424749050d6d62cee1767d2a4eb192a874b6017b0140cd088e8630964a145
AX12v1_GPL,AX12v1_GPL_Paket/source_subset/rtl8197/bootcode/boot/rtl83xx_v1dot4/dal/rtl8367d/dal_rtl8367d_qos.c,49501,a867fe066d2d57d7afea59f482f050a7996b9514a0b05e92754dd3425b7159b2
AX12v1_GPL,AX12v1_GPL_Paket/source_subset/rtl8197/bootcode/boot/rtl83xx_v1dot4/dal/rtl8367d/dal_rtl8367d_qos.h,23705,bc1bc8c0eb7ac124e3bac0734696b3250097ed470c5ca51d37bc1b83f60da89f
AX12v1_GPL,AX12v1_GPL_Paket/source_subset/rtl8197/bootcode/boot/rtl83xx_v1dot4/dal/rtl8367d/dal_rtl8367d_rate.c,22897,e63e3533173036c7bec23b041998fa75554de900230e4b0400b29d6f68bba65e
AX12v1_GPL,AX12v1_GPL_Paket/source_subset/rtl8197/bootcode/boot/rtl83xx_v1dot4/dal/rtl8367d/dal_rtl8367d_rate.h,10625,9048701ea7013c7044d50aa7462051dcb568cb2ed162c281b6f7965eaf155c24
AX12v1_GPL,AX12v1_GPL_Paket/source_subset/rtl8197/bootcode/boot/rtl83xx_v1dot4/dal/rtl8367d/dal_rtl8367d_rldp.c,12857,a4f29710efbeadcb541b10960221f7dcccc383b53169d9246c1e4b9083fd1333
AX12v1_GPL,AX12v1_GPL_Paket/source_subset/rtl8197/bootcode/boot/rtl83xx_v1dot4/dal/rtl8367d/dal_rtl8367d_rldp.h,4455,aabeb87940f725548044c28a2ccf945617d31faa58b06a730944b4357ff8d1d3
AX12v1_GPL,AX12v1_GPL_Paket/source_subset/rtl8197/bootcode/boot/rtl83xx_v1dot4/dal/rtl8367d/dal_rtl8367d_stat.c,27225,ab98f42dff74d934033159b854d256c9c304da3b9c344c436d8758e646c4a839
AX12v1_GPL,AX12v1_GPL_Paket/source_subset/rtl8197/bootcode/boot/rtl83xx_v1dot4/dal/rtl8367d/dal_rtl8367d_stat.h,9838,783fb6296e96351887c4fe18c269bfba192a65a29911302a0b3b9c298d59eb6f
AX12v1_GPL,AX12v1_GPL_Paket/source_subset/rtl8197/bootcode/boot/rtl83xx_v1dot4/dal/rtl8367d/dal_rtl8367d_storm.c,27519,f6af5fc1e734ced2f6b8bbf03691e29ef7c8275f8f9958a6439439b631e94af4
AX12v1_GPL,AX12v1_GPL_Paket/source_subset/rtl8197/bootcode/boot/rtl83xx_v1dot4/dal/rtl8367d/dal_rtl8367d_storm.h,10816,1b067c82ccfbd86c58fcd91b7f2c5b2df0086b6ad9fe778426b3edb58d1ad0c2
AX12v1_GPL,AX12v1_GPL_Paket/source_subset/rtl8197/bootcode/boot/rtl83xx_v1dot4/dal/rtl8367d/dal_rtl8367d_svlan.c,40296,a465384049c45f449da4505458039b11f3635f7ff5b17c77cc3ce3232ed41c90
AX12v1_GPL,AX12v1_GPL_Paket/source_subset/rtl8197/bootcode/boot/rtl83xx_v1dot4/dal/rtl8367d/dal_rtl8367d_svlan.h,18230,6b885f242365f2c59e164d9b98315f4fa4fdf41d982ea6f0ee89cd12fe67e92f
AX12v1_GPL,AX12v1_GPL_Paket/source_subset/rtl8197/bootcode/boot/rtl83xx_v1dot4/dal/rtl8367d/dal_rtl8367d_switch.c,6485,e5d00240b5c6190d139620e224f1a184685c0b047bacdfa41b2877d170c725b1
AX12v1_GPL,AX12v1_GPL_Paket/source_subset/rtl8197/bootcode/boot/rtl83xx_v1dot4/dal/rtl8367d/dal_rtl8367d_switch.h,4549,85ca33dee2c30548b4f806c02169988afc66d993c58ba018031dca69f1b6056d
AX12v1_GPL,AX12v1_GPL_Paket/source_subset/rtl8197/bootcode/boot/rtl83xx_v1dot4/dal/rtl8367d/dal_rtl8367d_trap.c,41103,82a0c19ab58c3e93c8e5430d05d57607f680cd1b1a43dd5871f85a1fff135c21
AX12v1_GPL,AX12v1_GPL_Paket/source_subset/rtl8197/bootcode/boot/rtl83xx_v1dot4/dal/rtl8367d/dal_rtl8367d_trap.h,22019,dbf84ae8c68ac4a7314e6269da169d95bbd79a02af6d1e8b76ff9050b53360a8
AX12v1_GPL,AX12v1_GPL_Paket/source_subset/rtl8197/bootcode/boot/rtl83xx_v1dot4/dal/rtl8367d/dal_rtl8367d_trunk.c,17389,f22a5b17ed2630d716361804639ddfa71d2ff47774c50d327e5f6e31aa7d0fc9
AX12v1_GPL,AX12v1_GPL_Paket/source_subset/rtl8197/bootcode/boot/rtl83xx_v1dot4/dal/rtl8367d/dal_rtl8367d_trunk.h,9738,6578674ad7ccb63839e6b8bca4497ffb9da10c9e5de55e5729b12f9958ce1f07
AX12v1_GPL,AX12v1_GPL_Paket/source_subset/rtl8197/bootcode/boot/rtl83xx_v1dot4/dal/rtl8367d/dal_rtl8367d_vlan.c,41922,ad803a3c9455bf8f2047013a916947b94a1e52f74d71be65e4c95260bb26298d
AX12v1_GPL,AX12v1_GPL_Paket/source_subset/rtl8197/bootcode/boot/rtl83xx_v1dot4/dal/rtl8367d/dal_rtl8367d_vlan.h,20047,5d09f6ec088c2a7d0cdab2876f640cd09840909846ba51033b85bd6d6a5f1b9f
AX12v1_GPL,AX12v1_GPL_Paket/source_subset/rtl8197/bootcode/boot/rtl83xx_v1dot4/dal/rtl8367d/rtl8367d_asicdrv.c,15373,c0b63e55c9efb16325d38971ce95dcee12a2534c03965b5221dc97d7c64d9f3a
AX12v1_GPL,AX12v1_GPL_Paket/source_subset/rtl8197/bootcode/boot/rtl83xx_v1dot4/dal/rtl8367d/rtl8367d_asicdrv.h,2751,64afdc588ccd023fe33c5b699de84726a1ee085fd5437133363348d4fa1fe658
AX12v1_GPL,AX12v1_GPL_Paket/source_subset/rtl8197/bootcode/boot/rtl83xx_v1dot4/dal/rtl8367d/rtl8367d_reg.h,563635,2d1cbb61dfb8f771a536fabb24dac67cf874f0491ebb2e7d4dcd50fd16bdbfd2
AX12v1_GPL,AX12v1_GPL_Paket/source_subset/rtl8197/bootcode/boot/rtl83xx_v1dot4/dal/rtl8367d/rtl8367d_smi.c,12455,b1ed32d0f506c3d1ac7bf586771d61ef7482a45aa9456b3bef8fca9fc2c3723c
AX12v1_GPL,AX12v1_GPL_Paket/source_subset/rtl8197/bootcode/boot/rtl83xx_v1dot4/dal/rtl8367d/rtl8367d_smi.h,272,d2ed471fd2a280edbb6fc47393d601febda8b58f21f53ad64ac6736f321437fb
AX12v1_GPL,AX12v1_GPL_Paket/source_subset/rtl8197/bootcode/boot/rtl83xx_v1dot4/dot1x.c,20348,8bd32033354e25bc62839599ae3d92d0b5f8229dee6fd396ab6d78f73a502374
AX12v1_GPL,AX12v1_GPL_Paket/source_subset/rtl8197/bootcode/boot/rtl83xx_v1dot4/dot1x.h,15610,94091e6328c5b5fef5d505bb2311a4edda3c8606a33c0cac9a7d0d299bc1c392
AX12v1_GPL,AX12v1_GPL_Paket/source_subset/rtl8197/bootcode/boot/rtl83xx_v1dot4/eee.c,3026,d44f0b846c4c98972e34bfd2a178dbb068c9e0b99544b7c7e9994a73bf6d89c1
AX12v1_GPL,AX12v1_GPL_Paket/source_subset/rtl8197/bootcode/boot/rtl83xx_v1dot4/eee.h,2316,f20700929ef8d0d6e124e5cbfff396f14b02bfb926ec65e295d44d36e8568418
AX12v1_GPL,AX12v1_GPL_Paket/source_subset/rtl8197/bootcode/boot/rtl83xx_v1dot4/gpio.c,12083,52dfe4acbc0e8c42b2f4055a0d1ddcac8b73b622f19a09a0a4ee70e8d9a92629
AX12v1_GPL,AX12v1_GPL_Paket/source_subset/rtl8197/bootcode/boot/rtl83xx_v1dot4/gpio_819x.h,2125,cdacf10b0189fc8598c2271e5b5bd2b6f41f3516cb501f2c7ecc147fda440583
AX12v1_GPL,AX12v1_GPL_Paket/source_subset/rtl8197/bootcode/boot/rtl83xx_v1dot4/i2c.c,5801,701e75bf1c94e4536c6b024025daec7fe9eb1998e7c1fc3d93b04e9fd33c9da4
AX12v1_GPL,AX12v1_GPL_Paket/source_subset/rtl8197/bootcode/boot/rtl83xx_v1dot4/i2c.h,4354,5a39aeea9f820c8a64b6ce20bef01bcde83431e350153466ae516d02a6db466e
AX12v1_GPL,AX12v1_GPL_Paket/source_subset/rtl8197/bootcode/boot/rtl83xx_v1dot4/igmp.c,28086,7b9f9f16ff8207e5ddc6db019ce69d7d17e7a090a31d41c738bf237f6c6531bf
AX12v1_GPL,AX12v1_GPL_Paket/source_subset/rtl8197/bootcode/boot/rtl83xx_v1dot4/igmp.h,21422,df7d4da7f38527cc9174691b9a1347369b631c08007b7a93e121e89f73bd9956
AX12v1_GPL,AX12v1_GPL_Paket/source_subset/rtl8197/bootcode/boot/rtl83xx_v1dot4/interrupt.c,8255,dea077d785f52e258980911aed2a3c713d2d9b457473b165bd319db1f8734888
AX12v1_GPL,AX12v1_GPL_Paket/source_subset/rtl8197/bootcode/boot/rtl83xx_v1dot4/interrupt.h,7773,e0e1eb01dcab831bbcfb88659b5b2eaff516b7530d888921a8e412c6912c29cc
AX12v1_GPL,AX12v1_GPL_Paket/source_subset/rtl8197/bootcode/boot/rtl83xx_v1dot4/l2.c,48451,4e15d41e69052a0974a2502cf170424dfd1195d0ef639392c369e9b7aaad2b36
AX12v1_GPL,AX12v1_GPL_Paket/source_subset/rtl8197/bootcode/boot/rtl83xx_v1dot4/l2.h,40033,7b84c369f8fc5f5a25ab975f768415819d8a024a00984640d66baf03ac8f54d3
AX12v1_GPL,AX12v1_GPL_Paket/source_subset/rtl8197/bootcode/boot/rtl83xx_v1dot4/leaky.c,10534,06614b4f657c45a942cf056ab71dafe1e08975e6e639e4dbb0b460f404f56c68
AX12v1_GPL,AX12v1_GPL_Paket/source_subset/rtl8197/bootcode/boot/rtl83xx_v1dot4/leaky.h,10833,488f797c429990f98fe48507a8a67b56a5ade43832461d0a54c20da2d292545e
AX12v1_GPL,AX12v1_GPL_Paket/source_subset/rtl8197/bootcode/boot/rtl83xx_v1dot4/led.c,17267,48eb48e26bca2a72e46d9b36763039ba223ac6ecbb7a689585967ae144d96c2e
AX12v1_GPL,AX12v1_GPL_Paket/source_subset/rtl8197/bootcode/boot/rtl83xx_v1dot4/led.h,13841,7aac4cf24c2088ebdb30b67f701046458f63454276779915e7a3d59a219b258a
AX12v1_GPL,AX12v1_GPL_Paket/source_subset/rtl8197/bootcode/boot/rtl83xx_v1dot4/mirror.c,11477,78365a5f4c7c0f20a9d7cc58609d838c635714c4f58ea646500294495e6b2458
AX12v1_GPL,AX12v1_GPL_Paket/source_subset/rtl8197/bootcode/boot/rtl83xx_v1dot4/mirror.h,8607,2337e43b3cf1ed04447f052f84304411d937d278fcf847858b223a1b08128ba6
AX12v1_GPL,AX12v1_GPL_Paket/source_subset/rtl8197/bootcode/boot/rtl83xx_v1dot4/oam.c,5214,2550791f4c38bf4a3fadf8cf23d49709fda1599a9fb346de1c2b111db69135fd
AX12v1_GPL,AX12v1_GPL_Paket/source_subset/rtl8197/bootcode/boot/rtl83xx_v1dot4/oam.h,4097,9d5b33c0500d4c9d1776fdc3311cbe3a34fcc6e8e9a513cea93b525230898b9b
AX12v1_GPL,AX12v1_GPL_Paket/source_subset/rtl8197/bootcode/boot/rtl83xx_v1dot4/port.c,44500,3a24127f9664dd8c46ad5c741e8a123d3a70178488341f485c5ab579022d2eae
AX12v1_GPL,AX12v1_GPL_Paket/source_subset/rtl8197/bootcode/boot/rtl83xx_v1dot4/port.h,37236,66fdaa30a87b54127292a727d24e856cb88fa0f3e6b20fef283c462c5566a7d7
AX12v1_GPL,AX12v1_GPL_Paket/source_subset/rtl8197/bootcode/boot/rtl83xx_v1dot4/ptp.c,17741,1b93cd3716322b843c820f948b8a9b5713566d785769be9ad9cad1b806b45490
AX12v1_GPL,AX12v1_GPL_Paket/source_subset/rtl8197/bootcode/boot/rtl83xx_v1dot4/ptp.h,14708,47bd4592735988e64bed20988b21e93c489d45366f81d5bcede400dfc3979fd0
AX12v1_GPL,AX12v1_GPL_Paket/source_subset/rtl8197/bootcode/boot/rtl83xx_v1dot4/qos.c,31797,b40d4293fb5fff9be6cf7aaddf4d70e76ff42f5a1591d0587ef8e2651a4b3082
AX12v1_GPL,AX12v1_GPL_Paket/source_subset/rtl8197/bootcode/boot/rtl83xx_v1dot4/qos.h,27100,f71f121ef0c77eb543d247f843fa2efaa3b7abb24069be8cf3e8511b16aa0d0e
AX12v1_GPL,AX12v1_GPL_Paket/source_subset/rtl8197/bootcode/boot/rtl83xx_v1dot4/rate.c,13461,5e83f39f10ace28815469403261225f86f00f06022cd0e04d99c0043e1d4a131
AX12v1_GPL,AX12v1_GPL_Paket/source_subset/rtl8197/bootcode/boot/rtl83xx_v1dot4/rate.h,10510,30af9c3de4a4fb9a89aafa92aaaf98750544ff63e3cba89992f7c2d70700810e
AX12v1_GPL,AX12v1_GPL_Paket/source_subset/rtl8197/bootcode/boot/rtl83xx_v1dot4/rldp.c,6196,5686b7af77c9a6e626b430d7954cdc6c950362663a7ed7f32731351beb35527d
AX12v1_GPL,AX12v1_GPL_Paket/source_subset/rtl8197/bootcode/boot/rtl83xx_v1dot4/rldp.h,6005,fc5658adcf2944c53453fd8066174d788cb694231ae2fdc2c4d301b0a4aa3df3
AX12v1_GPL,AX12v1_GPL_Paket/source_subset/rtl8197/bootcode/boot/rtl83xx_v1dot4/rtk_api.c,4477,2a0043ea55073660f030c4bebc57197ddc9014f7658344ecadc2018c85c578f7
AX12v1_GPL,AX12v1_GPL_Paket/source_subset/rtl8197/bootcode/boot/rtl83xx_v1dot4/rtk_error.h,22967,39071a7e36f9075a465ea7aad98756289175dadba4a074e8b3ad00369ce13ba6
AX12v1_GPL,AX12v1_GPL_Paket/source_subset/rtl8197/bootcode/boot/rtl83xx_v1dot4/rtk_switch.c,22959,84f8c156b5b7f0b2101b68c4cb7ed892e072e3e7fa5705bc9e6466669074255b
AX12v1_GPL,AX12v1_GPL_Paket/source_subset/rtl8197/bootcode/boot/rtl83xx_v1dot4/rtk_switch.h,21280,62680a4f78bc5b157297b2ba4fcd81a1f48c0c4d686de9b79ca8298221874ce3
AX12v1_GPL,AX12v1_GPL_Paket/source_subset/rtl8197/bootcode/boot/rtl83xx_v1dot4/rtk_types.h,3214,a945204503c6f9c608f759766f6fdfcfedf0ebc65c48dadf891d8e2fac02be01
AX12v1_GPL,AX12v1_GPL_Paket/source_subset/rtl8197/bootcode/boot/rtl83xx_v1dot4/smi.c,13248,d5a5902a194ae7531f6e2b0fbfda6de26813bb2137a27a5acca967f6db4be101
AX12v1_GPL,AX12v1_GPL_Paket/source_subset/rtl8197/bootcode/boot/rtl83xx_v1dot4/smi.h,649,3396e29487768be1b8437fee7c19b0788a345b4156dd8dbc3a6cf648073c907c
AX12v1_GPL,AX12v1_GPL_Paket/source_subset/rtl8197/bootcode/boot/rtl83xx_v1dot4/stat.c,10698,86d82bca4fd79a476ce81943d33374ce3a78d830297e1da72b04d4b36ee2e760
AX12v1_GPL,AX12v1_GPL_Paket/source_subset/rtl8197/bootcode/boot/rtl83xx_v1dot4/stat.h,12698,32c9668d8cfe9c13aab098294e2e22a3b92237f607421111b7a42ea2b42ba35d
AX12v1_GPL,AX12v1_GPL_Paket/source_subset/rtl8197/bootcode/boot/rtl83xx_v1dot4/storm.c,13839,2c3c8066ff33c677ec0efbe55ae9999b278ad473bd77f12e85ff3adbc6886964
AX12v1_GPL,AX12v1_GPL_Paket/source_subset/rtl8197/bootcode/boot/rtl83xx_v1dot4/storm.h,12128,6f959f0ab0ca91fce315cd12cd3737b73465387b635a29cc78980f84c2427578
AX12v1_GPL,AX12v1_GPL_Paket/source_subset/rtl8197/bootcode/boot/rtl83xx_v1dot4/svlan.c,38284,1bbd74b58d6e01779aaebaf0a400d55effe1c355c170d364c2ce5b3b9b693953
AX12v1_GPL,AX12v1_GPL_Paket/source_subset/rtl8197/bootcode/boot/rtl83xx_v1dot4/svlan.h,30153,e3add05edb1d5a41b510537cee0a271251f9e8bd03b110abb3be51ff43c4c198
AX12v1_GPL,AX12v1_GPL_Paket/source_subset/rtl8197/bootcode/boot/rtl83xx_v1dot4/trap.c,30097,4afcdc499dc7ed2475a0f3551d509db852c8324c15053265d618297fb1f7e539
AX12v1_GPL,AX12v1_GPL_Paket/source_subset/rtl8197/bootcode/boot/rtl83xx_v1dot4/trap.h,26869,6dd4be88230a0c78cb6481c7171c85cacff729b3af15ecaf91fa616c15131c6e
AX12v1_GPL,AX12v1_GPL_Paket/source_subset/rtl8197/bootcode/boot/rtl83xx_v1dot4/trunk.c,12749,0111d9daa2a08e0e73380ad73e3709003acc1a0899e4c97a31b0972b209f3c57
AX12v1_GPL,AX12v1_GPL_Paket/source_subset/rtl8197/bootcode/boot/rtl83xx_v1dot4/trunk.h,10402,a674d603617770f0fc6d521abeae0129932b160599b1fff69555aabea9b9045c
AX12v1_GPL,AX12v1_GPL_Paket/source_subset/rtl8197/bootcode/boot/rtl83xx_v1dot4/vlan.c,34159,ec1935c2ce3e70f2dca30ffaf435d939e9a8758b829a0d6075fc88c6d4dad78c
AX12v1_GPL,AX12v1_GPL_Paket/source_subset/rtl8197/bootcode/boot/rtl83xx_v1dot4/vlan.h,27736,d128001b7e4683e9179ebee27b2d4fb10dac0258ab21bf19ac94703abf7a1492
AX12v1_GPL,AX12v1_GPL_Paket/source_subset/rtl8197/bootcode/config.in,15217,305f4ff369e4026f0a510c8ea88a83246a4fe809d6ceaa24c55c9bf3784ab52a
AX12v1_GPL,AX12v1_GPL_Paket/source_subset/rtl8197/bootcode/def-rtl8197FS-VSx_8367rb-spi_nand-config,2076,da9d68ee4a5820a0fcf1be5d9ac19f2ab5c7d20f7586ed347a6003fd77786f16
AX12v1_GPL,AX12v1_GPL_Paket/source_subset/rtl8197/bootcode/def-rtl8197fb_8367rb_8bit_128MBx2-config,1301,eef58eccfb3e1a0246d2a399910ef4754f7ff1e65148e93b6c1c283560da10b7
AX12v1_GPL,AX12v1_GPL_Paket/source_subset/rtl8197/bootcode/def-rtl8197fb_8367rb_ddr128M-config,1326,335c1a1cda0334186a7e5956cb4ca9755f6bd0196cecc6380d7a5b26d080539e
AX12v1_GPL,AX12v1_GPL_Paket/source_subset/rtl8197/bootcode/def-rtl8197fb_spinand_8367rb_8bit_128MBx2-config,1822,30e40007bed2ab71fd659d7ed292548f412463458bbdc21fd4daf3900afb3c67
AX12v1_GPL,AX12v1_GPL_Paket/source_subset/rtl8197/bootcode/def-rtl8197fh_8367rb-config,2273,f014c44527a40eeef1202972290ffb1bbf6a619c11c70b0d225baf629df86e45
AX12v1_GPL,AX12v1_GPL_Paket/source_subset/rtl8197/bootcode/def-rtl8197fh_vg_8367rb-config,2266,c079d33e5b0fb325a2befe0b1b847ea364a71780608d39ead898974ec978bd16
AX12v1_GPL,AX12v1_GPL_Paket/source_subset/rtl8197/bootcode/def-rtl8197fh_vg_8367rb_AC21-config,2266,c079d33e5b0fb325a2befe0b1b847ea364a71780608d39ead898974ec978bd16
AX12v1_GPL,AX12v1_GPL_Paket/source_subset/rtl8197/bootcode/def-rtl8197fh_vg_8367rb_AC8-config,2294,0c7bdd465960ba145eb91026145ab5f32b293eae82a87d4ef3f2f56ce7ecd2a6
AX12v1_GPL,AX12v1_GPL_Paket/source_subset/rtl8197/bootcode/def-rtl8197fh_vg_8367rb_vc-config,2372,2eccbfc56d49b08f0f5b3d8fa2f200471acfcb342b410daa57b597ee3b030585
AX12v1_GPL,AX12v1_GPL_Paket/source_subset/rtl8197/bootcode/def-rtl8197fh_vg_8367rb_vc-spi_nand-config,2543,604ec22f3d7980470093aacbec1682eb7f45bdc4355ea4a17f03b80c42c6795d
AX12v1_GPL,AX12v1_GPL_Paket/source_subset/rtl8197/bootcode/def-rtl8197fs_8367rb-config,1331,cffbb48775ecd407e58c0917d82bf787f1a934e048c9a721da6039380119f9e7
AX12v1_GPL,AX12v1_GPL_Paket/source_subset/rtl8197/bootcode/def-rtl8197fs_vg_8367rb-config,2255,220c662d1ab8e1523b69cdc5d96ef7788dcb99db1f5f72f86d6595fcb7ec38ea
AX12v1_GPL,AX12v1_GPL_Paket/source_subset/rtl8197/bootcode/def-rtl8197fs_vg_8367rb-spi_nand_V672-config,2509,4d2503015d91090cb7fde5e3f792dd4f8937193aca6a010a604e34458e440d90
AX12v1_GPL,AX12v1_GPL_Paket/source_subset/rtl8197/bootcode/def-rtl8197fs_vg_8367rb_V670-config,2227,e4a941311b549531099ee7c3d3495d69b5c6890af7583cf786f5bd1a9004adcb
AX12v1_GPL,AX12v1_GPL_Paket/source_subset/rtl8197/bootcode/def-rtl8197fs_vg_8367rb_V672-config,2255,220c662d1ab8e1523b69cdc5d96ef7788dcb99db1f5f72f86d6595fcb7ec38ea
AX12v1_GPL,AX12v1_GPL_Paket/source_subset/rtl8197/bootcode/def-rtl8197fs_vg_8367rb_vc-config,2372,c895389f3a99e2ceac017f8fd86979ff0c34f29031307b1352907072fb6efdba
AX12v1_GPL,AX12v1_GPL_Paket/source_subset/rtl8197/bootcode/def-rtl8197fs_vg_8367rb_vc-spi_nand-config,2586,58bde797d3b4ad5cc2096e8cc64de24618ae7183685436ade2c2bd5e896b1390
AX12v1_GPL,AX12v1_GPL_Paket/source_subset/rtl8197/config/setconfig,13253,fd8b2597085cc1fecee663d774213e81e6d6b6cd855e8d12f7cc52789d880bbc
AX12v1_GPL,AX12v1_GPL_Paket/source_subset/rtl8197/rtknet/drivers/net/rtl819x/Kconfig,20196,6be1b2de9af5344146f90369c95be58baddd6c8ce98e3611843567d15b6f7bdf
AX12v1_GPL,AX12v1_GPL_Paket/source_subset/rtl8197/rtknet/drivers/net/rtl819x/Makefile,3403,a292f247e85d9eebe0f1eafa5d75ce21a60b9fd2618c99e27232e4221165477c
AX12v1_GPL,AX12v1_GPL_Paket/source_subset/rtl8197/rtknet/drivers/net/rtl819x/common/Makefile,1654,5b80b9d0dce9458ca37b0bb4f8896cdde4db5989d393dcecd42008a365eb0179
AX12v1_GPL,AX12v1_GPL_Paket/source_subset/rtl8197/rtknet/drivers/net/rtl819x/common/gpio.c,11564,3315c844be19b206070743c5004fe444b4cda2d21852a756eeae0b44614ed71a
AX12v1_GPL,AX12v1_GPL_Paket/source_subset/rtl8197/rtknet/drivers/net/rtl819x/common/gpio.h,2023,70c4348d26573036f0d748c869e3de7d18c4dc95189d2a0135687361a296f13f
AX12v1_GPL,AX12v1_GPL_Paket/source_subset/rtl8197/rtknet/drivers/net/rtl819x/common/smi.c,18095,45e0ad098ffd6d05fc31dd0d4b4b24f2d96f4b11cd773c9989feaab828e67c05
AX12v1_GPL,AX12v1_GPL_Paket/source_subset/rtl8197/rtknet/drivers/net/rtl819x/common/smi.h,460,a063118a936163a533da801794f89583112488123d79da71bbeb63e1f311a730
AX12v1_GPL,AX12v1_GPL_Paket/source_subset/rtl8197/rtknet/drivers/net/rtl819x/rtl8367r/Makefile,1601,6b0331ecdca4a50b24d867434e113a75a20cfe17c23d50d19b0a56b49c2fa5ab
AX12v1_GPL,AX12v1_GPL_Paket/source_subset/rtl8197/rtknet/drivers/net/rtl819x/rtl8367r/rtk_api.c,786173,fcf05d694f3acee2d820ae511934a38aea8892e6e381d4f14e5151bb94493196
AX12v1_GPL,AX12v1_GPL_Paket/source_subset/rtl8197/rtknet/drivers/net/rtl819x/rtl8367r/rtk_api.h,43325,c04c9c110d58bbe9163e66b5b51091b4bc3c90e029561b65e847593785f09f7c
AX12v1_GPL,AX12v1_GPL_Paket/source_subset/rtl8197/rtknet/drivers/net/rtl819x/rtl8367r/rtk_api_ext.h,232734,7b3051d0ac32e0d624b1467c7484cafc1608c98ed8af10b79e1f0004c8f6411e
AX12v1_GPL,AX12v1_GPL_Paket/source_subset/rtl8197/rtknet/drivers/net/rtl819x/rtl8367r/rtk_error.h,22967,39071a7e36f9075a465ea7aad98756289175dadba4a074e8b3ad00369ce13ba6
AX12v1_GPL,AX12v1_GPL_Paket/source_subset/rtl8197/rtknet/drivers/net/rtl819x/rtl8367r/rtk_types.h,1786,3e3a391963c9b3dba7c66bd0d06df86f2daf9e6c8935a57b66944082cfcf5bf5
AX12v1_GPL,AX12v1_GPL_Paket/source_subset/rtl8197/rtknet/drivers/net/rtl819x/rtl8367r/rtl8367b_asicdrv.c,14371,3b2610186d4460ecb96c43f70b6e07a42ff896eca41212c2996cc41916c54066
AX12v1_GPL,AX12v1_GPL_Paket/source_subset/rtl8197/rtknet/drivers/net/rtl819x/rtl8367r/rtl8367b_asicdrv.h,3757,564fb2597870fa0ecacc12f44f9f54076ac101fac72e4b1b72ddbe6a867ad59f
AX12v1_GPL,AX12v1_GPL_Paket/source_subset/rtl8197/rtknet/drivers/net/rtl819x/rtl8367r/rtl8367b_asicdrv_acl.c,31704,fade7e833c37146432a1dada39e2f35b579ffab08d325ed25a9a0f701f154a00
AX12v1_GPL,AX12v1_GPL_Paket/source_subset/rtl8197/rtknet/drivers/net/rtl819x/rtl8367r/rtl8367b_asicdrv_acl.h,6356,7a28f6aa13f85ed0bbf8303f266e14f225db92e61ffa959ec1bd904683da321a
AX12v1_GPL,AX12v1_GPL_Paket/source_subset/rtl8197/rtknet/drivers/net/rtl819x/rtl8367r/rtl8367b_asicdrv_cputag.c,9608,8a8916be4b5d2c58904cf74570a37cebfa971607511f26f944b5442131f5f51b
AX12v1_GPL,AX12v1_GPL_Paket/source_subset/rtl8197/rtknet/drivers/net/rtl819x/rtl8367r/rtl8367b_asicdrv_cputag.h,1373,c2c7c55d677c47579cec47cee266a5853179baef868059f083f6ddf8b082f52b
AX12v1_GPL,AX12v1_GPL_Paket/source_subset/rtl8197/rtknet/drivers/net/rtl819x/rtl8367r/rtl8367b_asicdrv_dot1x.c,10905,ea1019ef90f3b44d9ab0109ed0695f4b40753434fe843f8a8c0daab60af19289
AX12v1_GPL,AX12v1_GPL_Paket/source_subset/rtl8197/rtknet/drivers/net/rtl819x/rtl8367r/rtl8367b_asicdrv_dot1x.h,1580,5e72c66bc37af7ba3aad77ebee8dc4fb9ff4526fe12ce947c0c1d1d3aab1d3ba
AX12v1_GPL,AX12v1_GPL_Paket/source_subset/rtl8197/rtknet/drivers/net/rtl819x/rtl8367r/rtl8367b_asicdrv_eav.c,14687,3ceccd43d9f7a4a6da663deb6f05db71da06953a62b98a256d17efaf6131ee16
AX12v1_GPL,AX12v1_GPL_Paket/source_subset/rtl8197/rtknet/drivers/net/rtl819x/rtl8367r/rtl8367b_asicdrv_eav.h,1768,21d163db10b0737fb5e63a4996bbe9a8a8f2895589d81583637cb1e366b1fb26
AX12v1_GPL,AX12v1_GPL_Paket/source_subset/rtl8197/rtknet/drivers/net/rtl819x/rtl8367r/rtl8367b_asicdrv_eee.c,3175,f99096fc2dc794bce9ba4ab6e4cdfa7c7a91222ef21fdba04f958493edddf630
AX12v1_GPL,AX12v1_GPL_Paket/source_subset/rtl8197/rtknet/drivers/net/rtl819x/rtl8367r/rtl8367b_asicdrv_eee.h,446,3d49fb52ec5856a38375ede1f449f7557acf2433308f9025052dd7af6e9ce7a3
AX12v1_GPL,AX12v1_GPL_Paket/source_subset/rtl8197/rtknet/drivers/net/rtl819x/rtl8367r/rtl8367b_asicdrv_fc.c,41418,2dceb25ac2e8f356cc6f32f3cddf5b9352bee9ebcb32a177a1a6dadfeb8b8c75
AX12v1_GPL,AX12v1_GPL_Paket/source_subset/rtl8197/rtknet/drivers/net/rtl819x/rtl8367r/rtl8367b_asicdrv_fc.h,5442,f97fbbbd44ef97429269442a4fae0e36521dd677bdc2354ea271db810d098c51
AX12v1_GPL,AX12v1_GPL_Paket/source_subset/rtl8197/rtknet/drivers/net/rtl819x/rtl8367r/rtl8367b_asicdrv_green.c,14752,78329b177f2255e1ec0cb782fe1213043b7e0cb6012e458340de9bfa9c0acba2
AX12v1_GPL,AX12v1_GPL_Paket/source_subset/rtl8197/rtknet/drivers/net/rtl819x/rtl8367r/rtl8367b_asicdrv_green.h,1067,50a6bd2e3fc686770b486deb894565771d751b946b27f5df6549a0ca8beb302b
AX12v1_GPL,AX12v1_GPL_Paket/source_subset/rtl8197/rtknet/drivers/net/rtl819x/rtl8367r/rtl8367b_asicdrv_hsb.c,2715,ed219d6b2a845e8b1abaf4d4381da5512e4a1931486abc1fc4a3a43e911174f8
AX12v1_GPL,AX12v1_GPL_Paket/source_subset/rtl8197/rtknet/drivers/net/rtl819x/rtl8367r/rtl8367b_asicdrv_hsb.h,707,d3a845919e1df5416186c0245b6ec3f35f6a57d4ea776b45331dba544c67fadb
AX12v1_GPL,AX12v1_GPL_Paket/source_subset/rtl8197/rtknet/drivers/net/rtl819x/rtl8367r/rtl8367b_asicdrv_igmp.c,44282,1595d2f48736cf27108fc1f499eb54a372ff9a9f5d95c7b17d16d8db291dd8d7
AX12v1_GPL,AX12v1_GPL_Paket/source_subset/rtl8197/rtknet/drivers/net/rtl819x/rtl8367r/rtl8367b_asicdrv_igmp.h,6446,99d17fdedc9d8d0e0af08324b0aa6d36540a0dccbb28737d836c4c206b1cc446
AX12v1_GPL,AX12v1_GPL_Paket/source_subset/rtl8197/rtknet/drivers/net/rtl819x/rtl8367r/rtl8367b_asicdrv_inbwctrl.c,5124,01d3b1ef99a381a0c48fe8b01d47be1f77bf913fa9e4e98f53c5259ce28b6723
AX12v1_GPL,AX12v1_GPL_Paket/source_subset/rtl8197/rtknet/drivers/net/rtl819x/rtl8367r/rtl8367b_asicdrv_inbwctrl.h,575,33a4de6a9663eef7eaa0d3430f1e8d287351ffbf44f2b9e3fe9f29904c68c805
AX12v1_GPL,AX12v1_GPL_Paket/source_subset/rtl8197/rtknet/drivers/net/rtl819x/rtl8367r/rtl8367b_asicdrv_interrupt.c,5958,e74a8e72e6bcbcdca86501b25a8d69c5936c33b0fdbacffc7f6c8915e9d817bf
AX12v1_GPL,AX12v1_GPL_Paket/source_subset/rtl8197/rtknet/drivers/net/rtl819x/rtl8367r/rtl8367b_asicdrv_interrupt.h,1333,79f88ef390094f5e5e96522d7bc7ba221d5948abb4ffbf37a2039f864e5adaf0
AX12v1_GPL,AX12v1_GPL_Paket/source_subset/rtl8197/rtknet/drivers/net/rtl819x/rtl8367r/rtl8367b_asicdrv_led.c,18749,9f7ba17aab2a269f87b72f43d5205c160530d930a4c5afabd3a91450d350ebb9
AX12v1_GPL,AX12v1_GPL_Paket/source_subset/rtl8197/rtknet/drivers/net/rtl819x/rtl8367r/rtl8367b_asicdrv_led.h,3131,821fa36abfb0bc476f2738d808844ca49d66bbdf92da2ce9fb87d41d515fe50f
AX12v1_GPL,AX12v1_GPL_Paket/source_subset/rtl8197/rtknet/drivers/net/rtl819x/rtl8367r/rtl8367b_asicdrv_lut.c,33913,07c08d68b4a769287a6cbfe293b78f2b5a965afec78420e957f59448f7719a8f
AX12v1_GPL,AX12v1_GPL_Paket/source_subset/rtl8197/rtknet/drivers/net/rtl819x/rtl8367r/rtl8367b_asicdrv_lut.h,6896,0f623a5bbad94fa6644b8dce3ad0f5682ccf609de38b161e24a0d82af215da0e
AX12v1_GPL,AX12v1_GPL_Paket/source_subset/rtl8197/rtknet/drivers/net/rtl819x/rtl8367r/rtl8367b_asicdrv_meter.c,5494,7ff30ce65e02e80d9f51d4a6c6231fc9839e621375f88c3a6c5563c46c9b34ef
AX12v1_GPL,AX12v1_GPL_Paket/source_subset/rtl8197/rtknet/drivers/net/rtl819x/rtl8367r/rtl8367b_asicdrv_meter.h,669,f17264d1ebd46ac61157b2ac1766f05d2afb4c59149fa897b3b123294b7c3569
AX12v1_GPL,AX12v1_GPL_Paket/source_subset/rtl8197/rtknet/drivers/net/rtl819x/rtl8367r/rtl8367b_asicdrv_mib.c,13036,95e69c51733a8be05ef6f51d63b4656a3d67c6bc523e8475eb4d059dbf6067c7
AX12v1_GPL,AX12v1_GPL_Paket/source_subset/rtl8197/rtknet/drivers/net/rtl819x/rtl8367r/rtl8367b_asicdrv_mib.h,3113,09f452e32a3b50de96234cf6ed74c8bf9908a8f3cc2c089e063f05572a63fd34
AX12v1_GPL,AX12v1_GPL_Paket/source_subset/rtl8197/rtknet/drivers/net/rtl819x/rtl8367r/rtl8367b_asicdrv_mirror.c,6096,623b8b1900b630a84b004198c3fc57147a715673d1f4df218293ab95e085a424
AX12v1_GPL,AX12v1_GPL_Paket/source_subset/rtl8197/rtknet/drivers/net/rtl819x/rtl8367r/rtl8367b_asicdrv_mirror.h,1035,7283c5e1acdbeb7c684d4896abac8120e04556708f64361bd0f32600a46ffaf1
AX12v1_GPL,AX12v1_GPL_Paket/source_subset/rtl8197/rtknet/drivers/net/rtl819x/rtl8367r/rtl8367b_asicdrv_misc.c,12289,fff1d99a77dfc1c7f9db80da780c1e2f52077fb36ebc34190402c37be83a2b87
AX12v1_GPL,AX12v1_GPL_Paket/source_subset/rtl8197/rtknet/drivers/net/rtl819x/rtl8367r/rtl8367b_asicdrv_misc.h,823,24eb2c49573072f43e3329ed544d8f61d711236d32e299ed8ce4a0f12f278c9b
AX12v1_GPL,AX12v1_GPL_Paket/source_subset/rtl8197/rtknet/drivers/net/rtl819x/rtl8367r/rtl8367b_asicdrv_phy.c,14101,aeb3dc8daf7b287b42caffd72e1775a2d6a9b6f4e507387d9c8bb03c49641022
AX12v1_GPL,AX12v1_GPL_Paket/source_subset/rtl8197/rtknet/drivers/net/rtl819x/rtl8367r/rtl8367b_asicdrv_phy.h,1143,b219075e30a44ebabad37e9a83debf53bacf94b015ff74410a28e77fe194c986
AX12v1_GPL,AX12v1_GPL_Paket/source_subset/rtl8197/rtknet/drivers/net/rtl819x/rtl8367r/rtl8367b_asicdrv_port.c,30044,f64bb63ac040caccf47b848962cb79316925233db139c32699e8368110433df9
AX12v1_GPL,AX12v1_GPL_Paket/source_subset/rtl8197/rtknet/drivers/net/rtl819x/rtl8367r/rtl8367b_asicdrv_port.h,6696,31269e319e09813314e74c94aa40dc9f1dbc2bc56e7dab248af24b444a5113cb
AX12v1_GPL,AX12v1_GPL_Paket/source_subset/rtl8197/rtknet/drivers/net/rtl819x/rtl8367r/rtl8367b_asicdrv_portIsolation.c,3530,0b86f844e44d6082d4c9b911b8ebb14a39a4a1a3126e3fbafb514a89dcbbd5d7
AX12v1_GPL,AX12v1_GPL_Paket/source_subset/rtl8197/rtknet/drivers/net/rtl819x/rtl8367r/rtl8367b_asicdrv_portIsolation.h,543,a8cf2ac60b52b0d3680e72ea9a276646a5c306d3632ca4321d011979cc26627b
AX12v1_GPL,AX12v1_GPL_Paket/source_subset/rtl8197/rtknet/drivers/net/rtl819x/rtl8367r/rtl8367b_asicdrv_qos.c,14704,d090f4c1a97ddc0137c635042fe904dfabb276b99fe97c43b5ebd6a052248cd9
AX12v1_GPL,AX12v1_GPL_Paket/source_subset/rtl8197/rtknet/drivers/net/rtl819x/rtl8367r/rtl8367b_asicdrv_qos.h,2222,4f6c431d79897ce36c7c2b163a340c6ed9eaaade71cb41729f7d4fd599a900a7
AX12v1_GPL,AX12v1_GPL_Paket/source_subset/rtl8197/rtknet/drivers/net/rtl819x/rtl8367r/rtl8367b_asicdrv_rma.c,3098,1ca498c62b26a17507e2ee22418db4558b43c2351edc6b4987573249a1aa0461
AX12v1_GPL,AX12v1_GPL_Paket/source_subset/rtl8197/rtknet/drivers/net/rtl819x/rtl8367r/rtl8367b_asicdrv_rma.h,993,064e886d87891d5b2e4b62f2184f4f235700212ddcf3f46525e940b84e405803
AX12v1_GPL,AX12v1_GPL_Paket/source_subset/rtl8197/rtknet/drivers/net/rtl819x/rtl8367r/rtl8367b_asicdrv_scheduling.c,13588,902871bb8c86b0a6b97a9e18e813ae094b649e7cd709f6841617744b19bbf9c8
AX12v1_GPL,AX12v1_GPL_Paket/source_subset/rtl8197/rtknet/drivers/net/rtl819x/rtl8367r/rtl8367b_asicdrv_scheduling.h,2201,5e71f455d2b56ec3ffdaf98c509544680f2461b82069b81dbd7fbe5ff694a673
AX12v1_GPL,AX12v1_GPL_Paket/source_subset/rtl8197/rtknet/drivers/net/rtl819x/rtl8367r/rtl8367b_asicdrv_storm.c,12008,fd2f64cfe25859a46114a0eb51cbe0e9199d77cb9a08067d8497a0433f86efde
AX12v1_GPL,AX12v1_GPL_Paket/source_subset/rtl8197/rtknet/drivers/net/rtl819x/rtl8367r/rtl8367b_asicdrv_storm.h,1687,8a49949515a0adedf1bace4b4de723196898fc5e1600f58757e15706d1cccc4c
AX12v1_GPL,AX12v1_GPL_Paket/source_subset/rtl8197/rtknet/drivers/net/rtl819x/rtl8367r/rtl8367b_asicdrv_svlan.c,26475,00dda17f1ee6a07b392b37a9fa0c7581b083b12bd3320504fef1b93d0f430c4c
AX12v1_GPL,AX12v1_GPL_Paket/source_subset/rtl8197/rtknet/drivers/net/rtl819x/rtl8367r/rtl8367b_asicdrv_svlan.h,6079,d74184a69382d05725adbefa4de30f3435c0623731b58fde87c8ff46855e9146
AX12v1_GPL,AX12v1_GPL_Paket/source_subset/rtl8197/rtknet/drivers/net/rtl819x/rtl8367r/rtl8367b_asicdrv_trunking.c,8459,53a885ebd517a7affe0a689049e98a05409ac111eea3ab0b1e34c70906a4a92b
AX12v1_GPL,AX12v1_GPL_Paket/source_subset/rtl8197/rtknet/drivers/net/rtl819x/rtl8367r/rtl8367b_asicdrv_trunking.h,1262,0c5c0ef971062e80bad6fac1c70959fb72601388eab5d76740d51ab2c00f31d7
AX12v1_GPL,AX12v1_GPL_Paket/source_subset/rtl8197/rtknet/drivers/net/rtl819x/rtl8367r/rtl8367b_asicdrv_unknownMulticast.c,6294,b6449a96accd82e92376c09bab723a5fa86c7ca1d71677489d66271f951a49a5
AX12v1_GPL,AX12v1_GPL_Paket/source_subset/rtl8197/rtknet/drivers/net/rtl819x/rtl8367r/rtl8367b_asicdrv_unknownMulticast.h,1424,fc348749f76695cd0027c3eb4d95996c0e1faffdd69781bb647bf0b2d314a10b
AX12v1_GPL,AX12v1_GPL_Paket/source_subset/rtl8197/rtknet/drivers/net/rtl819x/rtl8367r/rtl8367b_asicdrv_vlan.c,33010,ec64def97b7574510894a0fa01ef82a7e694dc20a22237f82c1a663bba9a2eea
AX12v1_GPL,AX12v1_GPL_Paket/source_subset/rtl8197/rtknet/drivers/net/rtl819x/rtl8367r/rtl8367b_asicdrv_vlan.h,6431,048674752c6c92fe9b33a10f84bcd2638664a0fbe758dbf82ecad312d7279e84
AX12v1_GPL,AX12v1_GPL_Paket/source_subset/rtl8197/rtknet/drivers/net/rtl819x/rtl8367r/rtl8367b_base.h,31358,1d56972f26cdb972dff47ab62aeef1dda25801c818cbc4938e16ec637c8c00fc
AX12v1_GPL,AX12v1_GPL_Paket/source_subset/rtl8197/rtknet/drivers/net/rtl819x/rtl8367r/rtl8367b_reg.h,794839,7942a65f5ff25ee68d766412740370ce77cfcc6fccd134825afc08608b0633e8
AX12v1_GPL,AX12v1_GPL_Paket/source_subset/rtl8197/rtknet/drivers/net/rtl819x/rtl83xx/Makefile,1990,109d8c2bf2ed2903ac7666b496bf939aaace3164f55685d1c7e68349ca6ae0bd
AX12v1_GPL,AX12v1_GPL_Paket/source_subset/rtl8197/rtknet/drivers/net/rtl819x/rtl83xx/acl.c,80030,d5d0c7a2272c9deeaf07000d4b9780ab05da6d8d6da054169011ec049c7ddcbc
AX12v1_GPL,AX12v1_GPL_Paket/source_subset/rtl8197/rtknet/drivers/net/rtl819x/rtl83xx/acl.h,29753,f3b5e61b7552ab7c1c7bbde7c89f25d471ce319ee55495a31dd5cff5867d7064
AX12v1_GPL,AX12v1_GPL_Paket/source_subset/rtl8197/rtknet/drivers/net/rtl819x/rtl83xx/cpu.c,17736,1cb9a30d14c6b1c85fecf932e398e942174f95d998321cc8b482354c47d86ec5
AX12v1_GPL,AX12v1_GPL_Paket/source_subset/rtl8197/rtknet/drivers/net/rtl819x/rtl83xx/cpu.h,9580,0419555639f2d96adad796928a7eded7ce47d4b9594aadcb3f803fbb3bd1fcc4
AX12v1_GPL,AX12v1_GPL_Paket/source_subset/rtl8197/rtknet/drivers/net/rtl819x/rtl83xx/dot1x.c,30265,648f8ab168946bef0bd5a83451c1e319b2a1191778500491c64fb6338d9261bf
AX12v1_GPL,AX12v1_GPL_Paket/source_subset/rtl8197/rtknet/drivers/net/rtl819x/rtl83xx/dot1x.h,16082,2ff62cd92719e793c3b24ddafbd7899508e029acfde504a0ed0d9941174f2902
AX12v1_GPL,AX12v1_GPL_Paket/source_subset/rtl8197/rtknet/drivers/net/rtl819x/rtl83xx/eee.c,5154,f7f9b4a1d5286104fb0cd8b919b39300d8dd0d5341f719e0164078a0e1ee271f
AX12v1_GPL,AX12v1_GPL_Paket/source_subset/rtl8197/rtknet/drivers/net/rtl819x/rtl83xx/eee.h,2400,abc40e7c2052100f38587c02a3ea33591c0d2ec0f9f789b723a16dcbd7b0f2a3
AX12v1_GPL,AX12v1_GPL_Paket/source_subset/rtl8197/rtknet/drivers/net/rtl819x/rtl83xx/i2c.c,12811,254ee3e9365f7bf2279aef575b05209c72146115be232c8fb3727cd1743b8fa7
AX12v1_GPL,AX12v1_GPL_Paket/source_subset/rtl8197/rtknet/drivers/net/rtl819x/rtl83xx/i2c.h,4354,5a39aeea9f820c8a64b6ce20bef01bcde83431e350153466ae516d02a6db466e
AX12v1_GPL,AX12v1_GPL_Paket/source_subset/rtl8197/rtknet/drivers/net/rtl819x/rtl83xx/igmp.c,51321,2e487a23c082bb8b24a4ae42ebde93876dd037c4a730491b1095ddf603498763
AX12v1_GPL,AX12v1_GPL_Paket/source_subset/rtl8197/rtknet/drivers/net/rtl819x/rtl83xx/igmp.h,22193,61601549fef932f79d93d9dcb1cedba6b3fc3a616a76e4a805fb457f8db84d0a
AX12v1_GPL,AX12v1_GPL_Paket/source_subset/rtl8197/rtknet/drivers/net/rtl819x/rtl83xx/interrupt.c,14940,b59b7f42a365c3a781e8c1a98b84bc58800dc38111a87b06df9db73462d61364
AX12v1_GPL,AX12v1_GPL_Paket/source_subset/rtl8197/rtknet/drivers/net/rtl819x/rtl83xx/interrupt.h,7943,98fec29e17d7a6aa89ce146bf2d0e82fd3fdaa2cd2367c48c0fefa17581ef692
AX12v1_GPL,AX12v1_GPL_Paket/source_subset/rtl8197/rtknet/drivers/net/rtl819x/rtl83xx/l2.c,101870,b196d7b0dbd70caa6f5cb0524028886824d294718a404de1927ea5375e0c0661
AX12v1_GPL,AX12v1_GPL_Paket/source_subset/rtl8197/rtknet/drivers/net/rtl819x/rtl83xx/l2.h,39573,49f3058c4307ddc5d165c400997d26dac69aa9cb2657efc941e7ff94a2207821
AX12v1_GPL,AX12v1_GPL_Paket/source_subset/rtl8197/rtknet/drivers/net/rtl819x/rtl83xx/leaky.c,18195,403228468fc5c8f79c69f3b1678f313994e254515b52b6b68c31584954682feb
AX12v1_GPL,AX12v1_GPL_Paket/source_subset/rtl8197/rtknet/drivers/net/rtl819x/rtl83xx/leaky.h,11206,12a317a2bc2564262efa6212541bcb0487fe47ba00e7d123e8fd8c5e64fd0962
AX12v1_GPL,AX12v1_GPL_Paket/source_subset/rtl8197/rtknet/drivers/net/rtl819x/rtl83xx/led.c,26418,b730621c5ab8c1e16ea2cb929e05c8f8c5acf201bf547063eddea02def156bdd
AX12v1_GPL,AX12v1_GPL_Paket/source_subset/rtl8197/rtknet/drivers/net/rtl819x/rtl83xx/led.h,14295,dbde731e93048a5fae83da44761b51b73db5a6119439ac322c303f1166a3dae2
AX12v1_GPL,AX12v1_GPL_Paket/source_subset/rtl8197/rtknet/drivers/net/rtl819x/rtl83xx/mirror.c,19811,6fffddeb4002bfc419a296e6a488655cae4be36331667815fb398eb8a4ba238b
AX12v1_GPL,AX12v1_GPL_Paket/source_subset/rtl8197/rtknet/drivers/net/rtl819x/rtl83xx/mirror.h,8881,86ef97c71df346526615921318c644b595f467e121c5d3bb877a0201293291cf
AX12v1_GPL,AX12v1_GPL_Paket/source_subset/rtl8197/rtknet/drivers/net/rtl819x/rtl83xx/oam.c,7469,9b10c48e7113741420b1a8774755822ce028d3f06da100d83b7a97ed3acbdb5e
AX12v1_GPL,AX12v1_GPL_Paket/source_subset/rtl8197/rtknet/drivers/net/rtl819x/rtl83xx/oam.h,4348,002f687a0d4cb0df2148d975e9c8024e90776d655766ab4304e0bac0a9a5c201
AX12v1_GPL,AX12v1_GPL_Paket/source_subset/rtl8197/rtknet/drivers/net/rtl819x/rtl83xx/port.c,88459,bfa40e947a50f6855cd76f81a257a2d1933eb1765506fb52aa5df86b0fab4eac
AX12v1_GPL,AX12v1_GPL_Paket/source_subset/rtl8197/rtknet/drivers/net/rtl819x/rtl83xx/port.h,31787,e49ae52486d82394cc994d3e0b743657df1413e2af5d632661dfbbf785c9c0fe
AX12v1_GPL,AX12v1_GPL_Paket/source_subset/rtl8197/rtknet/drivers/net/rtl819x/rtl83xx/ptp.c,25302,1b370e3839ab71e70b58b94ff0dfd584686f0e965ee50e831440ef51e3b76ef3
AX12v1_GPL,AX12v1_GPL_Paket/source_subset/rtl8197/rtknet/drivers/net/rtl819x/rtl83xx/ptp.h,15221,774f52bca5bdbd6cd5b11384e27a3eceb9ed06d53294b729730c3c1d480e8bdc
AX12v1_GPL,AX12v1_GPL_Paket/source_subset/rtl8197/rtknet/drivers/net/rtl819x/rtl83xx/qos.c,50916,5b410d7d5fd9b609425efd4d841cb9e7055af72c2c9cbf9c66d03cd8e705b5ae
AX12v1_GPL,AX12v1_GPL_Paket/source_subset/rtl8197/rtknet/drivers/net/rtl819x/rtl83xx/qos.h,26854,5c2432894093de8ce56c4f7b0106e3d6b994d7a9e45fc77b2e39a86dd0fc4805
AX12v1_GPL,AX12v1_GPL_Paket/source_subset/rtl8197/rtknet/drivers/net/rtl819x/rtl83xx/rate.c,22201,7f66f43ae84b7e62ad05352eedd899a952113697a949aa3a0e923a273331d754
AX12v1_GPL,AX12v1_GPL_Paket/source_subset/rtl8197/rtknet/drivers/net/rtl819x/rtl83xx/rate.h,10929,5f59050b17dd8fdff52a70c55be24ec6f7ad75df025196a94137af360c67028d
AX12v1_GPL,AX12v1_GPL_Paket/source_subset/rtl8197/rtknet/drivers/net/rtl819x/rtl83xx/rldp.c,13764,088bd5ed7e34835cd3931d07bf04afb418cd3242f2eb63bca2a1151cd95f0dc5
AX12v1_GPL,AX12v1_GPL_Paket/source_subset/rtl8197/rtknet/drivers/net/rtl819x/rtl83xx/rldp.h,6271,a065966746470080e042671a6c646ab4168a106aa428e8f77719e9b971c9142d
AX12v1_GPL,AX12v1_GPL_Paket/source_subset/rtl8197/rtknet/drivers/net/rtl819x/rtl83xx/rtk_api.c,135304,f005e570e183edc5f2f66e18183242402d7fc37381f386b93a13361288770424
AX12v1_GPL,AX12v1_GPL_Paket/source_subset/rtl8197/rtknet/drivers/net/rtl819x/rtl83xx/rtk_api.h,3472,e8d7342fc05b360ecc837c9aa264626d5f72355029b405221591f340a1722581
AX12v1_GPL,AX12v1_GPL_Paket/source_subset/rtl8197/rtknet/drivers/net/rtl819x/rtl83xx/rtk_error.h,23028,fc8a602009f1ed7197a2c60abef52722c876bf1ff2b7320e5e2d7a219de688b8
AX12v1_GPL,AX12v1_GPL_Paket/source_subset/rtl8197/rtknet/drivers/net/rtl819x/rtl83xx/rtk_switch.c,58461,b4ffcfbb41172d7a395a3458333fe3cccdb332aad7c7a7c26fbcd555ba92e30d
AX12v1_GPL,AX12v1_GPL_Paket/source_subset/rtl8197/rtknet/drivers/net/rtl819x/rtl83xx/rtk_switch.h,23062,98558ade2126fea2aeb21b5a0d2aa79a15f86448c574d5a191c7e5891bbf75d9
AX12v1_GPL,AX12v1_GPL_Paket/source_subset/rtl8197/rtknet/drivers/net/rtl819x/rtl83xx/rtk_types.h,3214,a945204503c6f9c608f759766f6fdfcfedf0ebc65c48dadf891d8e2fac02be01
AX12v1_GPL,AX12v1_GPL_Paket/source_subset/rtl8197/rtknet/drivers/net/rtl819x/rtl83xx/rtl8367c_asicdrv.c,15369,4e281c2ebd8de0672337643a96bab1ae8b87cb2b638657d7c92cbba095dc25fb
AX12v1_GPL,AX12v1_GPL_Paket/source_subset/rtl8197/rtknet/drivers/net/rtl819x/rtl83xx/rtl8367c_asicdrv.h,3549,bb349d5c38b62a97d60f9806a5c2cd38d1ae8541dd38c8957d2425c59153f60d
AX12v1_GPL,AX12v1_GPL_Paket/source_subset/rtl8197/rtknet/drivers/net/rtl819x/rtl83xx/rtl8367c_asicdrv_acl.c,37355,de2f0ecf4052ddb170da099d01cce32485c4ec727493ba045dafbea2cc78490c
AX12v1_GPL,AX12v1_GPL_Paket/source_subset/rtl8197/rtknet/drivers/net/rtl819x/rtl83xx/rtl8367c_asicdrv_acl.h,6249,502995ec9f7ba711fff667733dadb26f205168a337a8114df5cf7cc330475d7d
AX12v1_GPL,AX12v1_GPL_Paket/source_subset/rtl8197/rtknet/drivers/net/rtl819x/rtl83xx/rtl8367c_asicdrv_cputag.c,10391,fa4ba8dd589e0567c70878d2a7ed30614520878681ce71b195b43ca817ad6922
AX12v1_GPL,AX12v1_GPL_Paket/source_subset/rtl8197/rtknet/drivers/net/rtl819x/rtl83xx/rtl8367c_asicdrv_cputag.h,1373,1a19d3752a7f40532ecc1584bbc665ac348539ab97bd6083fc98d2a25bd4a317
AX12v1_GPL,AX12v1_GPL_Paket/source_subset/rtl8197/rtknet/drivers/net/rtl819x/rtl83xx/rtl8367c_asicdrv_dot1x.c,11546,817f19fd067869ca0c7b8c088ac3eea506d0c91f935415ec22db20967ad91b3c
AX12v1_GPL,AX12v1_GPL_Paket/source_subset/rtl8197/rtknet/drivers/net/rtl819x/rtl83xx/rtl8367c_asicdrv_dot1x.h,1580,297684e4aa50b1b7f42f1759329e507f4cd3f25fd4fb0c33582f6d21e3c6c596
AX12v1_GPL,AX12v1_GPL_Paket/source_subset/rtl8197/rtknet/drivers/net/rtl819x/rtl83xx/rtl8367c_asicdrv_eav.c,27493,48722175ca1e2ae655652735f675a70bb49100cbc26a24edba3ddcb33fde620e
AX12v1_GPL,AX12v1_GPL_Paket/source_subset/rtl8197/rtknet/drivers/net/rtl819x/rtl83xx/rtl8367c_asicdrv_eav.h,3292,3f4f3bcc4faa2f51297d01855640156175aa7c2b591501fac54f55f5f701cf30
AX12v1_GPL,AX12v1_GPL_Paket/source_subset/rtl8197/rtknet/drivers/net/rtl819x/rtl83xx/rtl8367c_asicdrv_eee.c,4126,e021cae6c14fa54f2ae41eb593b89373773a17300912a425d039149a2db546ca
AX12v1_GPL,AX12v1_GPL_Paket/source_subset/rtl8197/rtknet/drivers/net/rtl819x/rtl83xx/rtl8367c_asicdrv_eee.h,486,84011ac5a4b4164ed4bd3562634eaa66e28124ad71918e6b1f9a7f7a93056cfc
AX12v1_GPL,AX12v1_GPL_Paket/source_subset/rtl8197/rtknet/drivers/net/rtl819x/rtl83xx/rtl8367c_asicdrv_fc.c,42174,336b54b5c1aa482f0355b5f596a632d0e72d93221422c757ab2e5f91ccae8955
AX12v1_GPL,AX12v1_GPL_Paket/source_subset/rtl8197/rtknet/drivers/net/rtl819x/rtl83xx/rtl8367c_asicdrv_fc.h,5437,288eb9e096b276ea17653baba8446ff0f401376f59e3c2b914459299d5d211d8
AX12v1_GPL,AX12v1_GPL_Paket/source_subset/rtl8197/rtknet/drivers/net/rtl819x/rtl83xx/rtl8367c_asicdrv_green.c,13261,5d1caf481c8eac04b612c706d70bacfd5d38e9aa799966a44ff7abdac632e7f1
AX12v1_GPL,AX12v1_GPL_Paket/source_subset/rtl8197/rtknet/drivers/net/rtl819x/rtl83xx/rtl8367c_asicdrv_green.h,987,61076fecbd89237fa5280a5946c83ae12ffb0b9a76dec6da05c15674556daef1
AX12v1_GPL,AX12v1_GPL_Paket/source_subset/rtl8197/rtknet/drivers/net/rtl819x/rtl83xx/rtl8367c_asicdrv_hsb.c,2801,93202a5e6f7a526de57e65ce910ca76c74cf70c7bcc14c0bcd477c392acf70f6
AX12v1_GPL,AX12v1_GPL_Paket/source_subset/rtl8197/rtknet/drivers/net/rtl819x/rtl83xx/rtl8367c_asicdrv_hsb.h,725,14d11bb65d2469faa56044a8bd6904f698aae056ec23ae5263bcf7ad82154fcf
AX12v1_GPL,AX12v1_GPL_Paket/source_subset/rtl8197/rtknet/drivers/net/rtl819x/rtl83xx/rtl8367c_asicdrv_i2c.c,11495,25589ab38209ac6877af628730fa90c7e98a57452431e643f877bbda7abc21ce
AX12v1_GPL,AX12v1_GPL_Paket/source_subset/rtl8197/rtknet/drivers/net/rtl819x/rtl83xx/rtl8367c_asicdrv_i2c.h,877,98fa9659efb14ddb849f99f91ddae9e1efcc4a3aefc08638850c85749fed4740
AX12v1_GPL,AX12v1_GPL_Paket/source_subset/rtl8197/rtknet/drivers/net/rtl819x/rtl83xx/rtl8367c_asicdrv_igmp.c,55720,34df1789510194840baf446c93ae0b9c1698f2849470bef419ba7cb2cc84af80
AX12v1_GPL,AX12v1_GPL_Paket/source_subset/rtl8197/rtknet/drivers/net/rtl819x/rtl83xx/rtl8367c_asicdrv_igmp.h,6023,8b78f44b76e066e14eb6bc61d6df88787554ac80810918d3e5830217cb077126
AX12v1_GPL,AX12v1_GPL_Paket/source_subset/rtl8197/rtknet/drivers/net/rtl819x/rtl83xx/rtl8367c_asicdrv_inbwctrl.c,5474,1d031d286d2e037d8ea994a109911445aac78c428e7415c59013029b9e52adec
AX12v1_GPL,AX12v1_GPL_Paket/source_subset/rtl8197/rtknet/drivers/net/rtl819x/rtl83xx/rtl8367c_asicdrv_inbwctrl.h,575,43637a4da415d2167c012631ce8cc9e13ba38a6455a220fb65101cb06cad90ce
AX12v1_GPL,AX12v1_GPL_Paket/source_subset/rtl8197/rtknet/drivers/net/rtl819x/rtl83xx/rtl8367c_asicdrv_interrupt.c,6831,ef2e7a4f5aa1de387cd903250b3c093a16459ea4a5a7658a6f7338e6edc473f5
AX12v1_GPL,AX12v1_GPL_Paket/source_subset/rtl8197/rtknet/drivers/net/rtl819x/rtl83xx/rtl8367c_asicdrv_interrupt.h,1399,995bf68ce2b48ab2fc9ccc0562075200537a49f86b0a0b193abc767e93840f49
AX12v1_GPL,AX12v1_GPL_Paket/source_subset/rtl8197/rtknet/drivers/net/rtl819x/rtl83xx/rtl8367c_asicdrv_led.c,23438,a228a7ac984e76d3ed9b302bb16eb5cb3ab7d15f71dce8ea3ba69064511b2633
AX12v1_GPL,AX12v1_GPL_Paket/source_subset/rtl8197/rtknet/drivers/net/rtl819x/rtl83xx/rtl8367c_asicdrv_led.h,3479,0fd1989f5286342f96dcf42aabb1ee127756cfbd289795437b047a60eb1cef8f
AX12v1_GPL,AX12v1_GPL_Paket/source_subset/rtl8197/rtknet/drivers/net/rtl819x/rtl83xx/rtl8367c_asicdrv_lut.c,46185,245a1b48773588f7286eacbea2aec7d42ed013b79bda98a92633a1acf8d1fdcc
AX12v1_GPL,AX12v1_GPL_Paket/source_subset/rtl8197/rtknet/drivers/net/rtl819x/rtl83xx/rtl8367c_asicdrv_lut.h,5133,cbfc4901e7eb9d7148028af4122f02619a5e916a26355b24ab9db1f4a6d37044
AX12v1_GPL,AX12v1_GPL_Paket/source_subset/rtl8197/rtknet/drivers/net/rtl819x/rtl83xx/rtl8367c_asicdrv_meter.c,9267,93d8532ec83a9f4b85af794133b270bd9a43ae9854d878ff0c06fb009507f6af
AX12v1_GPL,AX12v1_GPL_Paket/source_subset/rtl8197/rtknet/drivers/net/rtl819x/rtl83xx/rtl8367c_asicdrv_meter.h,831,4d9188cc422bc4660855d06e4facc2c48851ad8f93a4c67fef661035e7cf9f78
AX12v1_GPL,AX12v1_GPL_Paket/source_subset/rtl8197/rtknet/drivers/net/rtl819x/rtl83xx/rtl8367c_asicdrv_mib.c,15904,7bf0c8efa631f59c7a23ff600f3a78d93d8ec0b27de7aa09d61445d42d7441a0
AX12v1_GPL,AX12v1_GPL_Paket/source_subset/rtl8197/rtknet/drivers/net/rtl819x/rtl83xx/rtl8367c_asicdrv_mib.h,3477,0c2390bbd9e4047f724d4d2c574a627cac4c7fcc459400402f033f3839a639ac
AX12v1_GPL,AX12v1_GPL_Paket/source_subset/rtl8197/rtknet/drivers/net/rtl819x/rtl83xx/rtl8367c_asicdrv_mirror.c,13568,94e91ac9e883de6806606962d186e3b5fa0d0362984e3baeeffaa06efe59ad73
AX12v1_GPL,AX12v1_GPL_Paket/source_subset/rtl8197/rtknet/drivers/net/rtl819x/rtl83xx/rtl8367c_asicdrv_mirror.h,2005,aac2cf2a8befd4c48110d749a5801b74c0abb6d0f991d90e194a2b8b1a738af1
AX12v1_GPL,AX12v1_GPL_Paket/source_subset/rtl8197/rtknet/drivers/net/rtl819x/rtl83xx/rtl8367c_asicdrv_misc.c,6548,37e87a0c9062e40a54e9d05375d48951018c65586f94a03ffcd6b6d15edf0007
AX12v1_GPL,AX12v1_GPL_Paket/source_subset/rtl8197/rtknet/drivers/net/rtl819x/rtl83xx/rtl8367c_asicdrv_misc.h,813,ae3083080e940660fb09877eef99d04cf2add6643b259240571df82d1a560181
AX12v1_GPL,AX12v1_GPL_Paket/source_subset/rtl8197/rtknet/drivers/net/rtl819x/rtl83xx/rtl8367c_asicdrv_oam.c,5500,e357b0ebcdd6227849c1eda35f56ced61f6acd6a49942dfcb0e2f7b0313b8a76
AX12v1_GPL,AX12v1_GPL_Paket/source_subset/rtl8197/rtknet/drivers/net/rtl819x/rtl83xx/rtl8367c_asicdrv_oam.h,879,09a53fc30f80e91151e12ad6b308fa5928238ab7fed025269d074da6b7142e11
AX12v1_GPL,AX12v1_GPL_Paket/source_subset/rtl8197/rtknet/drivers/net/rtl819x/rtl83xx/rtl8367c_asicdrv_phy.c,12412,829f9230fa3b9152e7db9a4a51053e85e43974932e5f07fa656148643b80d94b
AX12v1_GPL,AX12v1_GPL_Paket/source_subset/rtl8197/rtknet/drivers/net/rtl819x/rtl83xx/rtl8367c_asicdrv_phy.h,1179,daae12af33b378cf1f81381345ef34aa1b3546edc41ac9b7ced2bc60379791de
AX12v1_GPL,AX12v1_GPL_Paket/source_subset/rtl8197/rtknet/drivers/net/rtl819x/rtl83xx/rtl8367c_asicdrv_port.c,214320,8de498d72b42665219b00cb5c4ddc8b29309c2868bf73676cc11a4addef5e89b
AX12v1_GPL,AX12v1_GPL_Paket/source_subset/rtl8197/rtknet/drivers/net/rtl819x/rtl83xx/rtl8367c_asicdrv_port.h,6910,19cf8ed86258a91fb1c728dc733bffffe95d49c0c9637a6f025ca740a6bfc9e2
AX12v1_GPL,AX12v1_GPL_Paket/source_subset/rtl8197/rtknet/drivers/net/rtl819x/rtl83xx/rtl8367c_asicdrv_portIsolation.c,3609,0efb00016769eb1d988c1e2e55f59086824c46bf7f14c802102f330e380532e9
AX12v1_GPL,AX12v1_GPL_Paket/source_subset/rtl8197/rtknet/drivers/net/rtl819x/rtl83xx/rtl8367c_asicdrv_portIsolation.h,543,5a6f3855bf6cdd6aa9b6063f9f4f43b227367eeaa31344bc13946bd38de992b8
AX12v1_GPL,AX12v1_GPL_Paket/source_subset/rtl8197/rtknet/drivers/net/rtl819x/rtl83xx/rtl8367c_asicdrv_qos.c,23246,b32be8baef02285e25e0471c75812601f702ff00a13b888c1edff6aa9a19433c
AX12v1_GPL,AX12v1_GPL_Paket/source_subset/rtl8197/rtknet/drivers/net/rtl819x/rtl83xx/rtl8367c_asicdrv_qos.h,3271,3fa4aa26de6a041ba136b22c67e61b4573034f811719cf2cfd05a4d2b447228a
AX12v1_GPL,AX12v1_GPL_Paket/source_subset/rtl8197/rtknet/drivers/net/rtl819x/rtl83xx/rtl8367c_asicdrv_rldp.c,17741,42278216faa1ba74b13fed91a22e36a86c6ce86873003e1f850705605d0a2296
AX12v1_GPL,AX12v1_GPL_Paket/source_subset/rtl8197/rtknet/drivers/net/rtl819x/rtl83xx/rtl8367c_asicdrv_rldp.h,2289,f02d765a97ca4f9b68e3ab90c273b8699332b74b3427d9e8105c03c3ebdccad1
AX12v1_GPL,AX12v1_GPL_Paket/source_subset/rtl8197/rtknet/drivers/net/rtl819x/rtl83xx/rtl8367c_asicdrv_rma.c,11341,b56465ec862a889b1f65425f3a156334de30002466e5583dcabf5f8a4d9c041e
AX12v1_GPL,AX12v1_GPL_Paket/source_subset/rtl8197/rtknet/drivers/net/rtl819x/rtl83xx/rtl8367c_asicdrv_rma.h,1133,421e0dca76ab64fa4592dba8d43f42830acaff428e3fdf9c6f8c420b1abcc6ec
AX12v1_GPL,AX12v1_GPL_Paket/source_subset/rtl8197/rtknet/drivers/net/rtl819x/rtl83xx/rtl8367c_asicdrv_scheduling.c,14422,b110a940bad66adc7c5e775a7f3881a89e553a50865fa97cd6fd31190242e248
AX12v1_GPL,AX12v1_GPL_Paket/source_subset/rtl8197/rtknet/drivers/net/rtl819x/rtl83xx/rtl8367c_asicdrv_scheduling.h,2207,b76e5dfe880fc5abd8d28ee6c3894b038931bfeeffc058623938b70edfc0c193
AX12v1_GPL,AX12v1_GPL_Paket/source_subset/rtl8197/rtknet/drivers/net/rtl819x/rtl83xx/rtl8367c_asicdrv_storm.c,24722,51e7f0ae432e59944dd373caebfb9ca37f15ad5f9f95224350d568ba4a15246d
AX12v1_GPL,AX12v1_GPL_Paket/source_subset/rtl8197/rtknet/drivers/net/rtl819x/rtl83xx/rtl8367c_asicdrv_storm.h,3170,94ca89384ab2d55ebb824cab017e47aa9765fa78ee754fde4217e5665999bbb7
AX12v1_GPL,AX12v1_GPL_Paket/source_subset/rtl8197/rtknet/drivers/net/rtl819x/rtl83xx/rtl8367c_asicdrv_svlan.c,29187,06664f93e281f7be9045d67c28c6b92016c16729c9991a030d15058ca504faa3
AX12v1_GPL,AX12v1_GPL_Paket/source_subset/rtl8197/rtknet/drivers/net/rtl819x/rtl83xx/rtl8367c_asicdrv_svlan.h,4179,93a9c6411501e8c28e5eb400846afb367614fabe791ea841d631993ac2d63196
AX12v1_GPL,AX12v1_GPL_Paket/source_subset/rtl8197/rtknet/drivers/net/rtl819x/rtl83xx/rtl8367c_asicdrv_trunking.c,10912,b9ae0fe82b36cfdcc51d1bbd8b4e5c7326eff49da1b51547484e8dae81634f6f
AX12v1_GPL,AX12v1_GPL_Paket/source_subset/rtl8197/rtknet/drivers/net/rtl819x/rtl83xx/rtl8367c_asicdrv_trunking.h,1491,5f63eaf3b8329b2627a4f6a60973dbe289541a6da06a5f420f3490387e2f0469
AX12v1_GPL,AX12v1_GPL_Paket/source_subset/rtl8197/rtknet/drivers/net/rtl819x/rtl83xx/rtl8367c_asicdrv_unknownMulticast.c,7112,76c096ffd8cde3d334da47cd2cf519a40eeb508b0dab1a9ec54479fcbfe8ba5c
AX12v1_GPL,AX12v1_GPL_Paket/source_subset/rtl8197/rtknet/drivers/net/rtl819x/rtl83xx/rtl8367c_asicdrv_unknownMulticast.h,1436,f0ac96a92a1597ffdfb79f856936d83dbc7e6da2ab8658b40abb9b9a81257e11
AX12v1_GPL,AX12v1_GPL_Paket/source_subset/rtl8197/rtknet/drivers/net/rtl819x/rtl83xx/rtl8367c_asicdrv_vlan.c,47199,a834ee6799a8856a05645287e059d42d7c1ffd0ba2c5762c3bc20b7ee64b8e7b
AX12v1_GPL,AX12v1_GPL_Paket/source_subset/rtl8197/rtknet/drivers/net/rtl819x/rtl83xx/rtl8367c_asicdrv_vlan.h,5486,ab883fc3184e914fb9556857bd7583fdf170a8dcab2433627ea1f0e6cab279c6
AX12v1_GPL,AX12v1_GPL_Paket/source_subset/rtl8197/rtknet/drivers/net/rtl819x/rtl83xx/rtl8367c_base.h,39628,a3dc350511b6b8bc7128d70f5503322e68633cf870dbe2090e6d484ec5f62b9e
AX12v1_GPL,AX12v1_GPL_Paket/source_subset/rtl8197/rtknet/drivers/net/rtl819x/rtl83xx/rtl8367c_phy_test.c,7319,04f7ab594066a43b89d30b786bb48a7edc2f74631da05d7cffc6c79c733e7acd
AX12v1_GPL,AX12v1_GPL_Paket/source_subset/rtl8197/rtknet/drivers/net/rtl819x/rtl83xx/rtl8367c_reg.h,1089392,8ce78067a7b57531b40d0c28a847b47590235098e191de7a1162421ae6371c7a
AX12v1_GPL,AX12v1_GPL_Paket/source_subset/rtl8197/rtknet/drivers/net/rtl819x/rtl83xx/smi.c,11224,fd06d7fcd4c6bcb18104529166278275b7c934ac2af6b21b123a0456a3b7fd7d
AX12v1_GPL,AX12v1_GPL_Paket/source_subset/rtl8197/rtknet/drivers/net/rtl819x/rtl83xx/smi.h,1139,5d1c7a72b4f838696358688f30ce54a1490bf43822bba4075f2b7650d59ebc3c
AX12v1_GPL,AX12v1_GPL_Paket/source_subset/rtl8197/rtknet/drivers/net/rtl819x/rtl83xx/stat.c,25457,7a07a64f9bd5fd66f48dcfde56c2c02d8df19675ab94df93bb66be14b8ba6b78
AX12v1_GPL,AX12v1_GPL_Paket/source_subset/rtl8197/rtknet/drivers/net/rtl819x/rtl83xx/stat.h,13133,e4303f0263e02840fd3a483172a079cf8705a9814e23e3ac1f52a02d5c94c7e6
AX12v1_GPL,AX12v1_GPL_Paket/source_subset/rtl8197/rtknet/drivers/net/rtl819x/rtl83xx/storm.c,28204,422c48874fe74dbe5c47f2f28f3ca467fc1cc8efe6e5e9938f2b75fd3abf7341
AX12v1_GPL,AX12v1_GPL_Paket/source_subset/rtl8197/rtknet/drivers/net/rtl819x/rtl83xx/storm.h,12773,8a410add5c58f26865eb72a68a64867fb908caba7e25239a6914a9c64bfe3bd8
AX12v1_GPL,AX12v1_GPL_Paket/source_subset/rtl8197/rtknet/drivers/net/rtl819x/rtl83xx/string.h,25,fbebe77f2584c4df3014bfa2007cdf80457b612c78a1f7b77e464f608c10bb00
AX12v1_GPL,AX12v1_GPL_Paket/source_subset/rtl8197/rtknet/drivers/net/rtl819x/rtl83xx/svlan.c,82825,1e2714891f95daa30b84731b0a046fd3df70d49ba943d1e9625e605b05dd680a
AX12v1_GPL,AX12v1_GPL_Paket/source_subset/rtl8197/rtknet/drivers/net/rtl819x/rtl83xx/svlan.h,31561,ba019f1985f8186b3976ac6c5d3e1f65e94ba836fb2fb35b971dcf4279f71531
AX12v1_GPL,AX12v1_GPL_Paket/source_subset/rtl8197/rtknet/drivers/net/rtl819x/rtl83xx/trap.c,41598,08881ff027df79deb7e001dcc6528fab4a10f89b89f8f9f5624b79a0dcff4d3c
AX12v1_GPL,AX12v1_GPL_Paket/source_subset/rtl8197/rtknet/drivers/net/rtl819x/rtl83xx/trap.h,24214,20b97ae865db53b95cdb38e2ba13cf4ac48f6b0ec98136daa5d8e424d6282339
AX12v1_GPL,AX12v1_GPL_Paket/source_subset/rtl8197/rtknet/drivers/net/rtl819x/rtl83xx/trunk.c,21137,868a1ea9a8a71cbbfcbfa3f8dba6d19d9dbdf6417924faa99ecd47108c5e5efa
AX12v1_GPL,AX12v1_GPL_Paket/source_subset/rtl8197/rtknet/drivers/net/rtl819x/rtl83xx/trunk.h,10732,c07a746e7216742d375292c4ae3e969d539865c43a24037364d8769d3e79a150
AX12v1_GPL,AX12v1_GPL_Paket/source_subset/rtl8197/rtknet/drivers/net/rtl819x/rtl83xx/vlan.c,73074,f278278d966b0ef777c171b5f1bb3d78d8288fb4a1ac6035b33541bab5da3458
AX12v1_GPL,AX12v1_GPL_Paket/source_subset/rtl8197/rtknet/drivers/net/rtl819x/rtl83xx/vlan.h,29295,bd1a2b08397a9add3d7d55d64fb0f3a1582e55f22dc81cd0e9ce357dbec395fc
AX12v1_GPL,AX12v1_GPL_Paket/source_subset/rtl8197/rtknet/drivers/net/rtl819x/rtl83xx_v1dot4/Makefile,4688,54450ad19d08b1c97bceadde89ce6b1f5441527323c533b4b47872f87370f57b
AX12v1_GPL,AX12v1_GPL_Paket/source_subset/rtl8197/rtknet/drivers/net/rtl819x/rtl83xx_v1dot4/acl.c,21252,db286634d9b8d508d55a53d800afd2a1a47ae5cc6a2c633ada32ee881bb469d4
AX12v1_GPL,AX12v1_GPL_Paket/source_subset/rtl8197/rtknet/drivers/net/rtl819x/rtl83xx_v1dot4/acl.h,28835,e8886ba47bca54b13f714fa34f570e2166a2dd8788fb1972c27c0c84b01ec69d
AX12v1_GPL,AX12v1_GPL_Paket/source_subset/rtl8197/rtknet/drivers/net/rtl819x/rtl83xx_v1dot4/chip.c,16831,888cf1a9489aa1a9cdbd1178a25da4374a71c0c39568b508db6a0bf19f419676
AX12v1_GPL,AX12v1_GPL_Paket/source_subset/rtl8197/rtknet/drivers/net/rtl819x/rtl83xx_v1dot4/chip.h,2156,c72936f72dfd822bcb6ebb9e44d01620805ca5d695e3507004f2a1c10f5ae064
AX12v1_GPL,AX12v1_GPL_Paket/source_subset/rtl8197/rtknet/drivers/net/rtl819x/rtl83xx_v1dot4/cpu.c,12047,c69932d3d8801b22dc84b507d216ba112b351e4c09ae5ccc9009dce8507e6c03
AX12v1_GPL,AX12v1_GPL_Paket/source_subset/rtl8197/rtknet/drivers/net/rtl819x/rtl83xx_v1dot4/cpu.h,9280,914657eff56ea19df656169b3b6e3c7b864f3d612fe36a5b0a0edbf571c5654b
AX12v1_GPL,AX12v1_GPL_Paket/source_subset/rtl8197/rtknet/drivers/net/rtl819x/rtl83xx_v1dot4/dal/dal_mapper.h,36933,90dd79695c2db573d785887125bf0a7d7612bd814f125e67538738c716f97c91
AX12v1_GPL,AX12v1_GPL_Paket/source_subset/rtl8197/rtknet/drivers/net/rtl819x/rtl83xx_v1dot4/dal/dal_mgmt.c,2306,1f1d5cf432276ccec7129eaec733d1fca52784aace850ced8c97d1885840b31b
AX12v1_GPL,AX12v1_GPL_Paket/source_subset/rtl8197/rtknet/drivers/net/rtl819x/rtl83xx_v1dot4/dal/dal_mgmt.h,1680,45fc4c1600f50010020cf72b7f094a06deae12396253bda6163eac42121aea9f
AX12v1_GPL,AX12v1_GPL_Paket/source_subset/rtl8197/rtknet/drivers/net/rtl819x/rtl83xx_v1dot4/dal/rtl8367c/dal_rtl8367c_acl.c,72086,4419c820a28a411c5b0ac38cf12bf8d25e55d140f9db46329f34f9fd5409f2f2
AX12v1_GPL,AX12v1_GPL_Paket/source_subset/rtl8197/rtknet/drivers/net/rtl819x/rtl83xx_v1dot4/dal/rtl8367c/dal_rtl8367c_acl.h,16127,5fd82c0e2b7142fce78c3ebcfd82af536066a05f6f45957f4d477b89efc0e7ce
AX12v1_GPL,AX12v1_GPL_Paket/source_subset/rtl8197/rtknet/drivers/net/rtl819x/rtl83xx_v1dot4/dal/rtl8367c/dal_rtl8367c_cpu.c,14214,5b758e6f9f928992184da5a4d3041c765b41266b0829f15f81cba6596286167b
AX12v1_GPL,AX12v1_GPL_Paket/source_subset/rtl8197/rtknet/drivers/net/rtl819x/rtl83xx_v1dot4/dal/rtl8367c/dal_rtl8367c_cpu.h,8994,cdc2ce92364364976b7549a9d3eb8c84df3dfec722ea0c70ff31e1753c0676c0
AX12v1_GPL,AX12v1_GPL_Paket/source_subset/rtl8197/rtknet/drivers/net/rtl819x/rtl83xx_v1dot4/dal/rtl8367c/dal_rtl8367c_dot1x.c,24453,4e268c7b06ece32116cdfdc33db104583cbe098c3a41c0ad6c4239ba13901c87
AX12v1_GPL,AX12v1_GPL_Paket/source_subset/rtl8197/rtknet/drivers/net/rtl819x/rtl83xx_v1dot4/dal/rtl8367c/dal_rtl8367c_dot1x.h,15531,13f590cbce1fae3c2b6956c3e10fe5d362c4fc9b58a56666b604747f5a4f1665
AX12v1_GPL,AX12v1_GPL_Paket/source_subset/rtl8197/rtknet/drivers/net/rtl819x/rtl83xx_v1dot4/dal/rtl8367c/dal_rtl8367c_eee.c,4328,25915eb39b2ccdcb960df87c40ff8af197db6cf09b2f075474f183ef3573ccda
AX12v1_GPL,AX12v1_GPL_Paket/source_subset/rtl8197/rtknet/drivers/net/rtl819x/rtl83xx_v1dot4/dal/rtl8367c/dal_rtl8367c_eee.h,2385,09207f4cd760b1dddd45e129874bbef1f60a2e5d72a8854c6cd03c2b7bfe6f0c
AX12v1_GPL,AX12v1_GPL_Paket/source_subset/rtl8197/rtknet/drivers/net/rtl819x/rtl83xx_v1dot4/dal/rtl8367c/dal_rtl8367c_i2c.c,10991,335622514429b8b9cdf04d6e06a1a317906f87384c6d382e7dd8bb4e1d4aa33a
AX12v1_GPL,AX12v1_GPL_Paket/source_subset/rtl8197/rtknet/drivers/net/rtl819x/rtl83xx_v1dot4/dal/rtl8367c/dal_rtl8367c_i2c.h,4258,d55016fb6cc87a95b538d51a4fc62405d29d916dfcb70de95cdcca9335410a18
AX12v1_GPL,AX12v1_GPL_Paket/source_subset/rtl8197/rtknet/drivers/net/rtl819x/rtl83xx_v1dot4/dal/rtl8367c/dal_rtl8367c_igmp.c,41196,bf24c1e05fcfe8c7b29c43626111669d8ab54ed7e30d7a33473ce99a58f87a52
AX12v1_GPL,AX12v1_GPL_Paket/source_subset/rtl8197/rtknet/drivers/net/rtl819x/rtl83xx_v1dot4/dal/rtl8367c/dal_rtl8367c_igmp.h,20049,53bbefb20e568d87e6800f9914071497d254f1392722f4fd3b3feedb28f7d88a
AX12v1_GPL,AX12v1_GPL_Paket/source_subset/rtl8197/rtknet/drivers/net/rtl819x/rtl83xx_v1dot4/dal/rtl8367c/dal_rtl8367c_interrupt.c,12972,1d2593c01f020070bcd14d52c9a548b0860436c1b453382c95058b98b5f06d00
AX12v1_GPL,AX12v1_GPL_Paket/source_subset/rtl8197/rtknet/drivers/net/rtl819x/rtl83xx_v1dot4/dal/rtl8367c/dal_rtl8367c_interrupt.h,6715,0115e2e7e95b2c301eff877e7a5570d989f7a9d2138f95606ee59ec3050eec87
AX12v1_GPL,AX12v1_GPL_Paket/source_subset/rtl8197/rtknet/drivers/net/rtl819x/rtl83xx_v1dot4/dal/rtl8367c/dal_rtl8367c_l2.c,87860,6ca34d2bd429af5df29681fcb5e4cc232133a6b29c53165646b79c537e6e1cc9
AX12v1_GPL,AX12v1_GPL_Paket/source_subset/rtl8197/rtknet/drivers/net/rtl819x/rtl83xx_v1dot4/dal/rtl8367c/dal_rtl8367c_l2.h,35693,4c35af66697fb9368bdf019a3b615f821d9a45ef234f9bb5e9954f75c9bbb6c4
AX12v1_GPL,AX12v1_GPL_Paket/source_subset/rtl8197/rtknet/drivers/net/rtl819x/rtl83xx_v1dot4/dal/rtl8367c/dal_rtl8367c_leaky.c,16614,c3c1d6e75d81905f0e524e2ee53f62ae5d8aec04d92cf0ff90191d5930bccf5c
AX12v1_GPL,AX12v1_GPL_Paket/source_subset/rtl8197/rtknet/drivers/net/rtl819x/rtl83xx_v1dot4/dal/rtl8367c/dal_rtl8367c_leaky.h,9633,91ee731f8edf2346d90a3ecadc19d2a4304e3c796cb2bb5db7dc5f6a7e7defda
AX12v1_GPL,AX12v1_GPL_Paket/source_subset/rtl8197/rtknet/drivers/net/rtl819x/rtl83xx_v1dot4/dal/rtl8367c/dal_rtl8367c_led.c,21756,0a4279045a4650b569963600c869dfe4a8a5128aad6c0bb70fd5e500f55baafb
AX12v1_GPL,AX12v1_GPL_Paket/source_subset/rtl8197/rtknet/drivers/net/rtl819x/rtl83xx_v1dot4/dal/rtl8367c/dal_rtl8367c_led.h,12891,50c94061ff4a14eefce221cb3b67c05ae3284c1da9b9ee45b77db5f61f23f367
AX12v1_GPL,AX12v1_GPL_Paket/source_subset/rtl8197/rtknet/drivers/net/rtl819x/rtl83xx_v1dot4/dal/rtl8367c/dal_rtl8367c_mapper.c,32851,4d5e7043fe0cd6843d08c45e6bfec9ad86b4d57da6cdfa552ebe22011afb8c30
AX12v1_GPL,AX12v1_GPL_Paket/source_subset/rtl8197/rtknet/drivers/net/rtl819x/rtl83xx_v1dot4/dal/rtl8367c/dal_rtl8367c_mapper.h,757,08f6158b0eff5af9aed7e9fd52b6cb35015d8d96681f30961c22e0dcb84677c3
AX12v1_GPL,AX12v1_GPL_Paket/source_subset/rtl8197/rtknet/drivers/net/rtl819x/rtl83xx_v1dot4/dal/rtl8367c/dal_rtl8367c_mirror.c,16110,1b89b02c39f4200e033546b09c2fb1362c6ba5f6706d50c038c68bd35e270984
AX12v1_GPL,AX12v1_GPL_Paket/source_subset/rtl8197/rtknet/drivers/net/rtl819x/rtl83xx_v1dot4/dal/rtl8367c/dal_rtl8367c_mirror.h,8730,eccae10dbb2550d52de63c1bf8cede24f1d43e86ab959d4bfe10e0f62a623d89
AX12v1_GPL,AX12v1_GPL_Paket/source_subset/rtl8197/rtknet/drivers/net/rtl819x/rtl83xx_v1dot4/dal/rtl8367c/dal_rtl8367c_oam.c,5564,7e642cbc1f6ff46bcf0999477fb3e13ec9a68abb69075cee1139ee70a0785bd9
AX12v1_GPL,AX12v1_GPL_Paket/source_subset/rtl8197/rtknet/drivers/net/rtl819x/rtl83xx_v1dot4/dal/rtl8367c/dal_rtl8367c_oam.h,3863,24f56ed5bea82bd958b2518ca9216e7a9e06bd004b78ab020da13a51a124f84c
AX12v1_GPL,AX12v1_GPL_Paket/source_subset/rtl8197/rtknet/drivers/net/rtl819x/rtl83xx_v1dot4/dal/rtl8367c/dal_rtl8367c_port.c,130854,9e35b483435865c53363b1a2e4e914205655156a5469be4ddba07eff111b117f
AX12v1_GPL,AX12v1_GPL_Paket/source_subset/rtl8197/rtknet/drivers/net/rtl819x/rtl83xx_v1dot4/dal/rtl8367c/dal_rtl8367c_port.h,33789,6a682598b4bd1b247148d70f41d28c0fda0e8936cd60a4b8ee7ba5ed745ac844
AX12v1_GPL,AX12v1_GPL_Paket/source_subset/rtl8197/rtknet/drivers/net/rtl819x/rtl83xx_v1dot4/dal/rtl8367c/dal_rtl8367c_ptp.c,20259,44242eb4874f50257002fd9571b9741892e2855147c29b5fd177eb985be1efb2
AX12v1_GPL,AX12v1_GPL_Paket/source_subset/rtl8197/rtknet/drivers/net/rtl819x/rtl83xx_v1dot4/dal/rtl8367c/dal_rtl8367c_ptp.h,13945,5416fd4a26c3692c22c26b9de9e220257814558d02d9f5c6528cf5e9390639b4
AX12v1_GPL,AX12v1_GPL_Paket/source_subset/rtl8197/rtknet/drivers/net/rtl819x/rtl83xx_v1dot4/dal/rtl8367c/dal_rtl8367c_qos.c,42234,1f990c5cfa2faa39bca325d81ad764088a05b1b85f0a23d17074f644204b1b12
AX12v1_GPL,AX12v1_GPL_Paket/source_subset/rtl8197/rtknet/drivers/net/rtl819x/rtl83xx_v1dot4/dal/rtl8367c/dal_rtl8367c_qos.h,23535,ab1e6e48782bb253982d8f8407407e4786721c6ec3eeeffaf6116259ecff74e7
AX12v1_GPL,AX12v1_GPL_Paket/source_subset/rtl8197/rtknet/drivers/net/rtl819x/rtl83xx_v1dot4/dal/rtl8367c/dal_rtl8367c_rate.c,18203,4b24d6a53d2179e47f566be3d4da0d932befdafcd3ed8c15d8d2f1bbade5c180
AX12v1_GPL,AX12v1_GPL_Paket/source_subset/rtl8197/rtknet/drivers/net/rtl819x/rtl83xx_v1dot4/dal/rtl8367c/dal_rtl8367c_rate.h,10573,be927069118deb004c62a2dbd05ae264752fecbaae72e9327c42ffa2ab16d9a2
AX12v1_GPL,AX12v1_GPL_Paket/source_subset/rtl8197/rtknet/drivers/net/rtl819x/rtl83xx_v1dot4/dal/rtl8367c/dal_rtl8367c_rldp.c,11367,447d52d3c4e0696aa62b42fe1ce7ac8521c4b5486827030f81f4b4e142677ce1
AX12v1_GPL,AX12v1_GPL_Paket/source_subset/rtl8197/rtknet/drivers/net/rtl819x/rtl83xx_v1dot4/dal/rtl8367c/dal_rtl8367c_rldp.h,4455,a135930168728753236cc636a85d4e9b4503e6e2bea1615a16863cefb7e61219
AX12v1_GPL,AX12v1_GPL_Paket/source_subset/rtl8197/rtknet/drivers/net/rtl819x/rtl83xx_v1dot4/dal/rtl8367c/dal_rtl8367c_stat.c,23592,5bfd0de2b1394a0c7ee4dfcfcb7518c7945deb7d4d7e7b9d38064c8c87a2d62d
AX12v1_GPL,AX12v1_GPL_Paket/source_subset/rtl8197/rtknet/drivers/net/rtl819x/rtl83xx_v1dot4/dal/rtl8367c/dal_rtl8367c_stat.h,8536,615a39ad839c9445c7946d32d9263da6c0eb7e546adb09610c71366b2187bcbd
AX12v1_GPL,AX12v1_GPL_Paket/source_subset/rtl8197/rtknet/drivers/net/rtl819x/rtl83xx_v1dot4/dal/rtl8367c/dal_rtl8367c_storm.c,24170,13301107330f6354a794c84918609034f7af52c10f728f92ce24a1b408109c7b
AX12v1_GPL,AX12v1_GPL_Paket/source_subset/rtl8197/rtknet/drivers/net/rtl819x/rtl83xx_v1dot4/dal/rtl8367c/dal_rtl8367c_storm.h,10816,a6e94fe8f9ada3e3b1e49970bc2e047ed51fca8e78981f0c04df33b14aea2767
AX12v1_GPL,AX12v1_GPL_Paket/source_subset/rtl8197/rtknet/drivers/net/rtl819x/rtl83xx_v1dot4/dal/rtl8367c/dal_rtl8367c_svlan.c,71974,f817ed6823f25324b96114da2092b628f86c878f13746ded279cb61e473114ca
AX12v1_GPL,AX12v1_GPL_Paket/source_subset/rtl8197/rtknet/drivers/net/rtl819x/rtl83xx_v1dot4/dal/rtl8367c/dal_rtl8367c_svlan.h,30342,b642b8634e9cda95598e95772c48e6fc59eac3756b188b28d507380662d7884a
AX12v1_GPL,AX12v1_GPL_Paket/source_subset/rtl8197/rtknet/drivers/net/rtl819x/rtl83xx_v1dot4/dal/rtl8367c/dal_rtl8367c_switch.c,27088,be078d41bb4f6dff99b0413a54ecda78b31092b9c8024745ad33e8cfab09e4a9
AX12v1_GPL,AX12v1_GPL_Paket/source_subset/rtl8197/rtknet/drivers/net/rtl819x/rtl83xx_v1dot4/dal/rtl8367c/dal_rtl8367c_switch.h,4549,59f5e6b9c8f6549721b6eb995ee6e3c358bb719d9b2e5a8c3680eb96260af302
AX12v1_GPL,AX12v1_GPL_Paket/source_subset/rtl8197/rtknet/drivers/net/rtl819x/rtl83xx_v1dot4/dal/rtl8367c/dal_rtl8367c_trap.c,37746,debd3402e3d68d4ebee86f6591f632e3f914f359178095be76f54bc906b74914
AX12v1_GPL,AX12v1_GPL_Paket/source_subset/rtl8197/rtknet/drivers/net/rtl819x/rtl83xx_v1dot4/dal/rtl8367c/dal_rtl8367c_trap.h,21579,4f168e35bcb4cb16344a0ddb7eace76bd9f4a4fe15bcc284419996786b9191ff
AX12v1_GPL,AX12v1_GPL_Paket/source_subset/rtl8197/rtknet/drivers/net/rtl819x/rtl83xx_v1dot4/dal/rtl8367c/dal_rtl8367c_trunk.c,17206,f1573a3aa495173fd9cbfa30435d41e65095e998a83f26348a3548ea6a49f588
AX12v1_GPL,AX12v1_GPL_Paket/source_subset/rtl8197/rtknet/drivers/net/rtl819x/rtl83xx_v1dot4/dal/rtl8367c/dal_rtl8367c_trunk.h,9738,bfdf068d37f5053b0aab1c0c68793ff0f0879213f4137823be052c1263623cfe
AX12v1_GPL,AX12v1_GPL_Paket/source_subset/rtl8197/rtknet/drivers/net/rtl819x/rtl83xx_v1dot4/dal/rtl8367c/dal_rtl8367c_vlan.c,62290,082b4e937ba43cdb57605dafe43adb39dfeb3500fcc24ec996a7cf3e27399bc7
AX12v1_GPL,AX12v1_GPL_Paket/source_subset/rtl8197/rtknet/drivers/net/rtl819x/rtl83xx_v1dot4/dal/rtl8367c/dal_rtl8367c_vlan.h,26725,38d97957f532e393ceaaafa8678769564223ff5b596ed38ff95f71e7f5558929
AX12v1_GPL,AX12v1_GPL_Paket/source_subset/rtl8197/rtknet/drivers/net/rtl819x/rtl83xx_v1dot4/dal/rtl8367c/rtl8367c_asicdrv.c,15396,5ff76444aa302a7d3fc37cb5e1c966d1c39f01eb1cb9d0ddaf96447380778891
AX12v1_GPL,AX12v1_GPL_Paket/source_subset/rtl8197/rtknet/drivers/net/rtl819x/rtl83xx_v1dot4/dal/rtl8367c/rtl8367c_asicdrv.h,3549,bb349d5c38b62a97d60f9806a5c2cd38d1ae8541dd38c8957d2425c59153f60d
AX12v1_GPL,AX12v1_GPL_Paket/source_subset/rtl8197/rtknet/drivers/net/rtl819x/rtl83xx_v1dot4/dal/rtl8367c/rtl8367c_asicdrv_acl.c,37294,25b14ddc9bdd8ad72ea43c3958f73e857b5f6cdb4e690f48b5c2ae27cec160f2
AX12v1_GPL,AX12v1_GPL_Paket/source_subset/rtl8197/rtknet/drivers/net/rtl819x/rtl83xx_v1dot4/dal/rtl8367c/rtl8367c_asicdrv_acl.h,6249,502995ec9f7ba711fff667733dadb26f205168a337a8114df5cf7cc330475d7d
AX12v1_GPL,AX12v1_GPL_Paket/source_subset/rtl8197/rtknet/drivers/net/rtl819x/rtl83xx_v1dot4/dal/rtl8367c/rtl8367c_asicdrv_cputag.c,10330,1f4c29ad1fae2e4bde16dd3df71398b2b118c7e8bf2092e5a65aee2ddc564276
AX12v1_GPL,AX12v1_GPL_Paket/source_subset/rtl8197/rtknet/drivers/net/rtl819x/rtl83xx_v1dot4/dal/rtl8367c/rtl8367c_asicdrv_cputag.h,1373,1a19d3752a7f40532ecc1584bbc665ac348539ab97bd6083fc98d2a25bd4a317
AX12v1_GPL,AX12v1_GPL_Paket/source_subset/rtl8197/rtknet/drivers/net/rtl819x/rtl83xx_v1dot4/dal/rtl8367c/rtl8367c_asicdrv_dot1x.c,11485,a78416d2a688a6be94af2145c169029c3852df731df0f8ee10fafce2a57224dd
AX12v1_GPL,AX12v1_GPL_Paket/source_subset/rtl8197/rtknet/drivers/net/rtl819x/rtl83xx_v1dot4/dal/rtl8367c/rtl8367c_asicdrv_dot1x.h,1580,297684e4aa50b1b7f42f1759329e507f4cd3f25fd4fb0c33582f6d21e3c6c596
AX12v1_GPL,AX12v1_GPL_Paket/source_subset/rtl8197/rtknet/drivers/net/rtl819x/rtl83xx_v1dot4/dal/rtl8367c/rtl8367c_asicdrv_eav.c,27436,9a6f5bdddf9d96f85f0f724fb7aab7e1c0cb72b660aefc4b934d5d8aada3a413
AX12v1_GPL,AX12v1_GPL_Paket/source_subset/rtl8197/rtknet/drivers/net/rtl819x/rtl83xx_v1dot4/dal/rtl8367c/rtl8367c_asicdrv_eav.h,3292,3f4f3bcc4faa2f51297d01855640156175aa7c2b591501fac54f55f5f701cf30
AX12v1_GPL,AX12v1_GPL_Paket/source_subset/rtl8197/rtknet/drivers/net/rtl819x/rtl83xx_v1dot4/dal/rtl8367c/rtl8367c_asicdrv_eee.c,4588,5d43505ccb12d61b936126a97b5f9f3a7f814a0e84890e21536fa14b1001144d
AX12v1_GPL,AX12v1_GPL_Paket/source_subset/rtl8197/rtknet/drivers/net/rtl819x/rtl83xx_v1dot4/dal/rtl8367c/rtl8367c_asicdrv_eee.h,472,ed62db4cc4e9b312934d7f2ee84ca6740710ffc2f0fb76365bbf7bb4fd07d6d9
AX12v1_GPL,AX12v1_GPL_Paket/source_subset/rtl8197/rtknet/drivers/net/rtl819x/rtl83xx_v1dot4/dal/rtl8367c/rtl8367c_asicdrv_fc.c,42113,d03de3bfb839abfecb5fbbea88466fa62c3d0dcd5826837676f63266a0c5d853
AX12v1_GPL,AX12v1_GPL_Paket/source_subset/rtl8197/rtknet/drivers/net/rtl819x/rtl83xx_v1dot4/dal/rtl8367c/rtl8367c_asicdrv_fc.h,5422,75d44c663c5ddcccc5fe8cf151c5e4e87426a8126c98bada21785834ab2b6506
AX12v1_GPL,AX12v1_GPL_Paket/source_subset/rtl8197/rtknet/drivers/net/rtl819x/rtl83xx_v1dot4/dal/rtl8367c/rtl8367c_asicdrv_green.c,18766,bb116a23084b2dae642db328d0233b0ff304b915a9432f7c0b3dfc7076ecc64b
AX12v1_GPL,AX12v1_GPL_Paket/source_subset/rtl8197/rtknet/drivers/net/rtl819x/rtl83xx_v1dot4/dal/rtl8367c/rtl8367c_asicdrv_green.h,987,61076fecbd89237fa5280a5946c83ae12ffb0b9a76dec6da05c15674556daef1
AX12v1_GPL,AX12v1_GPL_Paket/source_subset/rtl8197/rtknet/drivers/net/rtl819x/rtl83xx_v1dot4/dal/rtl8367c/rtl8367c_asicdrv_hsb.c,2740,efb48d5438e7109d71a97101fc34e39c313a8dbaa206d62f64dc84ddb5a5ab3d
AX12v1_GPL,AX12v1_GPL_Paket/source_subset/rtl8197/rtknet/drivers/net/rtl819x/rtl83xx_v1dot4/dal/rtl8367c/rtl8367c_asicdrv_hsb.h,725,14d11bb65d2469faa56044a8bd6904f698aae056ec23ae5263bcf7ad82154fcf
AX12v1_GPL,AX12v1_GPL_Paket/source_subset/rtl8197/rtknet/drivers/net/rtl819x/rtl83xx_v1dot4/dal/rtl8367c/rtl8367c_asicdrv_i2c.c,11495,25589ab38209ac6877af628730fa90c7e98a57452431e643f877bbda7abc21ce
AX12v1_GPL,AX12v1_GPL_Paket/source_subset/rtl8197/rtknet/drivers/net/rtl819x/rtl83xx_v1dot4/dal/rtl8367c/rtl8367c_asicdrv_i2c.h,877,98fa9659efb14ddb849f99f91ddae9e1efcc4a3aefc08638850c85749fed4740
AX12v1_GPL,AX12v1_GPL_Paket/source_subset/rtl8197/rtknet/drivers/net/rtl819x/rtl83xx_v1dot4/dal/rtl8367c/rtl8367c_asicdrv_igmp.c,55659,831f585687906612cec3b78123dd9c0f20b4452647153e8927d5cb82f9268c34
AX12v1_GPL,AX12v1_GPL_Paket/source_subset/rtl8197/rtknet/drivers/net/rtl819x/rtl83xx_v1dot4/dal/rtl8367c/rtl8367c_asicdrv_igmp.h,6023,8b78f44b76e066e14eb6bc61d6df88787554ac80810918d3e5830217cb077126
AX12v1_GPL,AX12v1_GPL_Paket/source_subset/rtl8197/rtknet/drivers/net/rtl819x/rtl83xx_v1dot4/dal/rtl8367c/rtl8367c_asicdrv_inbwctrl.c,5413,e62bfef89a756b1fa0ca34c9839598f076a85c060be36867bac83376d01efcd3
AX12v1_GPL,AX12v1_GPL_Paket/source_subset/rtl8197/rtknet/drivers/net/rtl819x/rtl83xx_v1dot4/dal/rtl8367c/rtl8367c_asicdrv_inbwctrl.h,575,43637a4da415d2167c012631ce8cc9e13ba38a6455a220fb65101cb06cad90ce
AX12v1_GPL,AX12v1_GPL_Paket/source_subset/rtl8197/rtknet/drivers/net/rtl819x/rtl83xx_v1dot4/dal/rtl8367c/rtl8367c_asicdrv_interrupt.c,6770,6dde98297832784fcaf6c3c3c41857460225e4251e595f8d73e4a38c3fd12063
AX12v1_GPL,AX12v1_GPL_Paket/source_subset/rtl8197/rtknet/drivers/net/rtl819x/rtl83xx_v1dot4/dal/rtl8367c/rtl8367c_asicdrv_interrupt.h,1399,995bf68ce2b48ab2fc9ccc0562075200537a49f86b0a0b193abc767e93840f49
AX12v1_GPL,AX12v1_GPL_Paket/source_subset/rtl8197/rtknet/drivers/net/rtl819x/rtl83xx_v1dot4/dal/rtl8367c/rtl8367c_asicdrv_led.c,26210,84bed6eb598ad26f3f54dd8487e81902c4149d7ae8c4d8ef7b9428cb3226ca10
AX12v1_GPL,AX12v1_GPL_Paket/source_subset/rtl8197/rtknet/drivers/net/rtl819x/rtl83xx_v1dot4/dal/rtl8367c/rtl8367c_asicdrv_led.h,3479,0fd1989f5286342f96dcf42aabb1ee127756cfbd289795437b047a60eb1cef8f
AX12v1_GPL,AX12v1_GPL_Paket/source_subset/rtl8197/rtknet/drivers/net/rtl819x/rtl83xx_v1dot4/dal/rtl8367c/rtl8367c_asicdrv_lut.c,46128,d235637217d91fab6576bc8ba33db7e8d45377769407870cd2772148c5482230
AX12v1_GPL,AX12v1_GPL_Paket/source_subset/rtl8197/rtknet/drivers/net/rtl819x/rtl83xx_v1dot4/dal/rtl8367c/rtl8367c_asicdrv_lut.h,5133,cbfc4901e7eb9d7148028af4122f02619a5e916a26355b24ab9db1f4a6d37044
AX12v1_GPL,AX12v1_GPL_Paket/source_subset/rtl8197/rtknet/drivers/net/rtl819x/rtl83xx_v1dot4/dal/rtl8367c/rtl8367c_asicdrv_meter.c,9206,3e4e1096931f7f66e05f96db6cf10b761197af78d0008759ad1524e105209ba8
AX12v1_GPL,AX12v1_GPL_Paket/source_subset/rtl8197/rtknet/drivers/net/rtl819x/rtl83xx_v1dot4/dal/rtl8367c/rtl8367c_asicdrv_meter.h,831,4d9188cc422bc4660855d06e4facc2c48851ad8f93a4c67fef661035e7cf9f78
AX12v1_GPL,AX12v1_GPL_Paket/source_subset/rtl8197/rtknet/drivers/net/rtl819x/rtl83xx_v1dot4/dal/rtl8367c/rtl8367c_asicdrv_mib.c,17697,9c7f35a126b1bf37a7d9172b669479c2b0e31f7e6abf23811091b8adfb6442e5
AX12v1_GPL,AX12v1_GPL_Paket/source_subset/rtl8197/rtknet/drivers/net/rtl819x/rtl83xx_v1dot4/dal/rtl8367c/rtl8367c_asicdrv_mib.h,3477,0c2390bbd9e4047f724d4d2c574a627cac4c7fcc459400402f033f3839a639ac
AX12v1_GPL,AX12v1_GPL_Paket/source_subset/rtl8197/rtknet/drivers/net/rtl819x/rtl83xx_v1dot4/dal/rtl8367c/rtl8367c_asicdrv_mirror.c,13507,38476907e4bf1ed94e1e8b06ff818554c3b11e35a6a05dbdf51cf04bb024fae6
AX12v1_GPL,AX12v1_GPL_Paket/source_subset/rtl8197/rtknet/drivers/net/rtl819x/rtl83xx_v1dot4/dal/rtl8367c/rtl8367c_asicdrv_mirror.h,2005,aac2cf2a8befd4c48110d749a5801b74c0abb6d0f991d90e194a2b8b1a738af1
AX12v1_GPL,AX12v1_GPL_Paket/source_subset/rtl8197/rtknet/drivers/net/rtl819x/rtl83xx_v1dot4/dal/rtl8367c/rtl8367c_asicdrv_misc.c,6491,385bd2e439d22b84b0a470a63096eae34b6e54d0ed4e3b12dc4ba9dc24580384
AX12v1_GPL,AX12v1_GPL_Paket/source_subset/rtl8197/rtknet/drivers/net/rtl819x/rtl83xx_v1dot4/dal/rtl8367c/rtl8367c_asicdrv_misc.h,813,ae3083080e940660fb09877eef99d04cf2add6643b259240571df82d1a560181
AX12v1_GPL,AX12v1_GPL_Paket/source_subset/rtl8197/rtknet/drivers/net/rtl819x/rtl83xx_v1dot4/dal/rtl8367c/rtl8367c_asicdrv_oam.c,5500,e357b0ebcdd6227849c1eda35f56ced61f6acd6a49942dfcb0e2f7b0313b8a76
AX12v1_GPL,AX12v1_GPL_Paket/source_subset/rtl8197/rtknet/drivers/net/rtl819x/rtl83xx_v1dot4/dal/rtl8367c/rtl8367c_asicdrv_oam.h,879,09a53fc30f80e91151e12ad6b308fa5928238ab7fed025269d074da6b7142e11
AX12v1_GPL,AX12v1_GPL_Paket/source_subset/rtl8197/rtknet/drivers/net/rtl819x/rtl83xx_v1dot4/dal/rtl8367c/rtl8367c_asicdrv_phy.c,12355,baae94ba729d44f65311b4bb36ac62a056b072004aeb115b0cbbdd5095c28ccb
AX12v1_GPL,AX12v1_GPL_Paket/source_subset/rtl8197/rtknet/drivers/net/rtl819x/rtl83xx_v1dot4/dal/rtl8367c/rtl8367c_asicdrv_phy.h,1179,daae12af33b378cf1f81381345ef34aa1b3546edc41ac9b7ced2bc60379791de
AX12v1_GPL,AX12v1_GPL_Paket/source_subset/rtl8197/rtknet/drivers/net/rtl819x/rtl83xx_v1dot4/dal/rtl8367c/rtl8367c_asicdrv_port.c,219027,3d09503c3d3592e8e1eb871028ae887c64ecea1d82aa7139acda8319b61245dd
AX12v1_GPL,AX12v1_GPL_Paket/source_subset/rtl8197/rtknet/drivers/net/rtl819x/rtl83xx_v1dot4/dal/rtl8367c/rtl8367c_asicdrv_port.h,6737,93bcf151d2127f6d6879e7356d344db34575788753b90cf50fae25001fb187a4
AX12v1_GPL,AX12v1_GPL_Paket/source_subset/rtl8197/rtknet/drivers/net/rtl819x/rtl83xx_v1dot4/dal/rtl8367c/rtl8367c_asicdrv_portIsolation.c,3548,6761f080e845b28d50ce39ee81a074693a242dc0fa0dd36687a7458475c1ec9a
AX12v1_GPL,AX12v1_GPL_Paket/source_subset/rtl8197/rtknet/drivers/net/rtl819x/rtl83xx_v1dot4/dal/rtl8367c/rtl8367c_asicdrv_portIsolation.h,543,5a6f3855bf6cdd6aa9b6063f9f4f43b227367eeaa31344bc13946bd38de992b8
AX12v1_GPL,AX12v1_GPL_Paket/source_subset/rtl8197/rtknet/drivers/net/rtl819x/rtl83xx_v1dot4/dal/rtl8367c/rtl8367c_asicdrv_qos.c,23185,513c285805d9ef8e185a38bf5c8a4b4b983b89e24ef7c302afb6906ec74b25b2
AX12v1_GPL,AX12v1_GPL_Paket/source_subset/rtl8197/rtknet/drivers/net/rtl819x/rtl83xx_v1dot4/dal/rtl8367c/rtl8367c_asicdrv_qos.h,3271,3fa4aa26de6a041ba136b22c67e61b4573034f811719cf2cfd05a4d2b447228a
AX12v1_GPL,AX12v1_GPL_Paket/source_subset/rtl8197/rtknet/drivers/net/rtl819x/rtl83xx_v1dot4/dal/rtl8367c/rtl8367c_asicdrv_rldp.c,17741,42278216faa1ba74b13fed91a22e36a86c6ce86873003e1f850705605d0a2296
AX12v1_GPL,AX12v1_GPL_Paket/source_subset/rtl8197/rtknet/drivers/net/rtl819x/rtl83xx_v1dot4/dal/rtl8367c/rtl8367c_asicdrv_rldp.h,2289,f02d765a97ca4f9b68e3ab90c273b8699332b74b3427d9e8105c03c3ebdccad1
AX12v1_GPL,AX12v1_GPL_Paket/source_subset/rtl8197/rtknet/drivers/net/rtl819x/rtl83xx_v1dot4/dal/rtl8367c/rtl8367c_asicdrv_rma.c,11277,4d829633159d4ac2d01d1c0e478b40cd1cd03ae7e4daae8be8730d8a07c5d0e6
AX12v1_GPL,AX12v1_GPL_Paket/source_subset/rtl8197/rtknet/drivers/net/rtl819x/rtl83xx_v1dot4/dal/rtl8367c/rtl8367c_asicdrv_rma.h,1133,421e0dca76ab64fa4592dba8d43f42830acaff428e3fdf9c6f8c420b1abcc6ec
AX12v1_GPL,AX12v1_GPL_Paket/source_subset/rtl8197/rtknet/drivers/net/rtl819x/rtl83xx_v1dot4/dal/rtl8367c/rtl8367c_asicdrv_scheduling.c,14361,703f9fe8a3794e686d72eb8306776c4f2ed02ab7834439b807eb6c2e99f01f2f
AX12v1_GPL,AX12v1_GPL_Paket/source_subset/rtl8197/rtknet/drivers/net/rtl819x/rtl83xx_v1dot4/dal/rtl8367c/rtl8367c_asicdrv_scheduling.h,2207,b76e5dfe880fc5abd8d28ee6c3894b038931bfeeffc058623938b70edfc0c193
AX12v1_GPL,AX12v1_GPL_Paket/source_subset/rtl8197/rtknet/drivers/net/rtl819x/rtl83xx_v1dot4/dal/rtl8367c/rtl8367c_asicdrv_storm.c,24661,279e14de68cba72e5cbe854c77ff76fc633f87cc0abccf14107986043a9ee9d0
AX12v1_GPL,AX12v1_GPL_Paket/source_subset/rtl8197/rtknet/drivers/net/rtl819x/rtl83xx_v1dot4/dal/rtl8367c/rtl8367c_asicdrv_storm.h,3170,94ca89384ab2d55ebb824cab017e47aa9765fa78ee754fde4217e5665999bbb7
AX12v1_GPL,AX12v1_GPL_Paket/source_subset/rtl8197/rtknet/drivers/net/rtl819x/rtl83xx_v1dot4/dal/rtl8367c/rtl8367c_asicdrv_svlan.c,29326,9f02803d2fb1f1e25f6ef8e56b73f490046c463079ace64fec71bcac1fc3c349
AX12v1_GPL,AX12v1_GPL_Paket/source_subset/rtl8197/rtknet/drivers/net/rtl819x/rtl83xx_v1dot4/dal/rtl8367c/rtl8367c_asicdrv_svlan.h,4179,93a9c6411501e8c28e5eb400846afb367614fabe791ea841d631993ac2d63196
AX12v1_GPL,AX12v1_GPL_Paket/source_subset/rtl8197/rtknet/drivers/net/rtl819x/rtl83xx_v1dot4/dal/rtl8367c/rtl8367c_asicdrv_trunking.c,10851,3bf1f3648bb8fa487b0145e1cfa18d53e5dce62e92b6e2e967a7be77ec9d6064
AX12v1_GPL,AX12v1_GPL_Paket/source_subset/rtl8197/rtknet/drivers/net/rtl819x/rtl83xx_v1dot4/dal/rtl8367c/rtl8367c_asicdrv_trunking.h,1491,5f63eaf3b8329b2627a4f6a60973dbe289541a6da06a5f420f3490387e2f0469
AX12v1_GPL,AX12v1_GPL_Paket/source_subset/rtl8197/rtknet/drivers/net/rtl819x/rtl83xx_v1dot4/dal/rtl8367c/rtl8367c_asicdrv_unknownMulticast.c,7051,c91746b0bceff1ae25154d69c25dafee112beae8b6a6d432a6c53225cc58f517
AX12v1_GPL,AX12v1_GPL_Paket/source_subset/rtl8197/rtknet/drivers/net/rtl819x/rtl83xx_v1dot4/dal/rtl8367c/rtl8367c_asicdrv_unknownMulticast.h,1436,f0ac96a92a1597ffdfb79f856936d83dbc7e6da2ab8658b40abb9b9a81257e11
AX12v1_GPL,AX12v1_GPL_Paket/source_subset/rtl8197/rtknet/drivers/net/rtl819x/rtl83xx_v1dot4/dal/rtl8367c/rtl8367c_asicdrv_vlan.c,47485,b275c9ad1cc33e237a0d741ac5eb99abe06dca74b6813fd1f9fba973e6154e15
AX12v1_GPL,AX12v1_GPL_Paket/source_subset/rtl8197/rtknet/drivers/net/rtl819x/rtl83xx_v1dot4/dal/rtl8367c/rtl8367c_asicdrv_vlan.h,5486,ab883fc3184e914fb9556857bd7583fdf170a8dcab2433627ea1f0e6cab279c6
AX12v1_GPL,AX12v1_GPL_Paket/source_subset/rtl8197/rtknet/drivers/net/rtl819x/rtl83xx_v1dot4/dal/rtl8367c/rtl8367c_base.h,39628,a3dc350511b6b8bc7128d70f5503322e68633cf870dbe2090e6d484ec5f62b9e
AX12v1_GPL,AX12v1_GPL_Paket/source_subset/rtl8197/rtknet/drivers/net/rtl819x/rtl83xx_v1dot4/dal/rtl8367c/rtl8367c_reg.h,1066573,2f1160c72c2e6140bee61868e859080ccb68f430a8bb24ac194e8c86b56f635d
AX12v1_GPL,AX12v1_GPL_Paket/source_subset/rtl8197/rtknet/drivers/net/rtl819x/rtl83xx_v1dot4/dal/rtl8367c/rtl8367c_smi.c,11251,4aab154b01d2f444617c5a683929f9248569b1372b2220a938feffdad29337f9
AX12v1_GPL,AX12v1_GPL_Paket/source_subset/rtl8197/rtknet/drivers/net/rtl819x/rtl83xx_v1dot4/dal/rtl8367c/rtl8367c_smi.h,1157,31ff6da15b096923a21a3473016ddc8c8c9cecca18b0dc55f0df89336b6b66b7
AX12v1_GPL,AX12v1_GPL_Paket/source_subset/rtl8197/rtknet/drivers/net/rtl819x/rtl83xx_v1dot4/dal/rtl8367d/dal_rtl8367d_acl.c,84461,b11129c047aa3523c43ed1b0a000d0a289518b7cbbedf622a5c4e6375a9f49f9
AX12v1_GPL,AX12v1_GPL_Paket/source_subset/rtl8197/rtknet/drivers/net/rtl819x/rtl83xx_v1dot4/dal/rtl8367d/dal_rtl8367d_acl.h,16470,468094ad9444403b0ffb67c20a5fbd98384eeb87fb4dd61f7154a2aae4b32bca
AX12v1_GPL,AX12v1_GPL_Paket/source_subset/rtl8197/rtknet/drivers/net/rtl819x/rtl83xx_v1dot4/dal/rtl8367d/dal_rtl8367d_cpu.c,16457,6c2209bcc001d8c0ce535d4ad5634724b3b41227b76f141d280309f745dd0eae
AX12v1_GPL,AX12v1_GPL_Paket/source_subset/rtl8197/rtknet/drivers/net/rtl819x/rtl83xx_v1dot4/dal/rtl8367d/dal_rtl8367d_cpu.h,8994,9d97b9e0acab4b9dc9e3945b27fe21fb3774940da1cd5cb8854c5d82b7a3488b
AX12v1_GPL,AX12v1_GPL_Paket/source_subset/rtl8197/rtknet/drivers/net/rtl819x/rtl83xx_v1dot4/dal/rtl8367d/dal_rtl8367d_dot1x.c,13106,2ac6c1c36b3425e146d00e36de2113c87878757433cd952afc42d69c40edaa18
AX12v1_GPL,AX12v1_GPL_Paket/source_subset/rtl8197/rtknet/drivers/net/rtl819x/rtl83xx_v1dot4/dal/rtl8367d/dal_rtl8367d_dot1x.h,8366,43495c4e595ba559ce7faff4f61d8f73223bc5d9c65736eb42f5048186aa4e64
AX12v1_GPL,AX12v1_GPL_Paket/source_subset/rtl8197/rtknet/drivers/net/rtl819x/rtl83xx_v1dot4/dal/rtl8367d/dal_rtl8367d_eee.c,3490,704f769be8fbdfc7a7c6eb16ab124fa6ae7282dd2b57650749c9eb776d4b8125
AX12v1_GPL,AX12v1_GPL_Paket/source_subset/rtl8197/rtknet/drivers/net/rtl819x/rtl83xx_v1dot4/dal/rtl8367d/dal_rtl8367d_eee.h,1985,d50775c5143e0873cb4066724807ebc9c01d4a259db02b7a64ce5b25032e249b
AX12v1_GPL,AX12v1_GPL_Paket/source_subset/rtl8197/rtknet/drivers/net/rtl819x/rtl83xx_v1dot4/dal/rtl8367d/dal_rtl8367d_igmp.c,10175,ab20682406b909b6b4bf1d2443819e8bcb9d84c9910c4b5e4566eb46a9f92af9
AX12v1_GPL,AX12v1_GPL_Paket/source_subset/rtl8197/rtknet/drivers/net/rtl819x/rtl83xx_v1dot4/dal/rtl8367d/dal_rtl8367d_igmp.h,3090,c8889e01278f71a2909b6ed665aafb445d7d089692187fe27209392601a13c96
AX12v1_GPL,AX12v1_GPL_Paket/source_subset/rtl8197/rtknet/drivers/net/rtl819x/rtl83xx_v1dot4/dal/rtl8367d/dal_rtl8367d_interrupt.c,16040,ff7ce31a4d29dcfe2d783bda67a6157c00732446cf00fb29e57ee5d3048cf892
AX12v1_GPL,AX12v1_GPL_Paket/source_subset/rtl8197/rtknet/drivers/net/rtl819x/rtl83xx_v1dot4/dal/rtl8367d/dal_rtl8367d_interrupt.h,7299,a4efd713f14941d6f4873db7373b2d639920d832a5875168adf722f58e9cde55
AX12v1_GPL,AX12v1_GPL_Paket/source_subset/rtl8197/rtknet/drivers/net/rtl819x/rtl83xx_v1dot4/dal/rtl8367d/dal_rtl8367d_l2.c,89544,968cc0c55d924a283a623746e4e0550494abd830663d8fcf30806549dde22536
AX12v1_GPL,AX12v1_GPL_Paket/source_subset/rtl8197/rtknet/drivers/net/rtl819x/rtl83xx_v1dot4/dal/rtl8367d/dal_rtl8367d_l2.h,34588,0e236906b368536f7c3e8a4cab110b62f23f92f5245f491bd14e2852bd47bd13
AX12v1_GPL,AX12v1_GPL_Paket/source_subset/rtl8197/rtknet/drivers/net/rtl819x/rtl83xx_v1dot4/dal/rtl8367d/dal_rtl8367d_leaky.c,17837,a0522c82d27ee244d32d4fa433be056faa0d0293db694f849ec4a3b0321f5a13
AX12v1_GPL,AX12v1_GPL_Paket/source_subset/rtl8197/rtknet/drivers/net/rtl819x/rtl83xx_v1dot4/dal/rtl8367d/dal_rtl8367d_leaky.h,9633,5e39cc8f2abd467aaaad7560005a99822ada6b8a88ceadae7294a6f2cd09f81d
AX12v1_GPL,AX12v1_GPL_Paket/source_subset/rtl8197/rtknet/drivers/net/rtl819x/rtl83xx_v1dot4/dal/rtl8367d/dal_rtl8367d_led.c,22663,f18e654ae04a92b3ca2b45e1ae92dda737d9f0999894a2ce8f34039958da83ae
AX12v1_GPL,AX12v1_GPL_Paket/source_subset/rtl8197/rtknet/drivers/net/rtl819x/rtl83xx_v1dot4/dal/rtl8367d/dal_rtl8367d_led.h,12063,b75305eaad04ec40ce9ec1218105d83dd6d3432515aaa1ea8c28602ec1ed045e
AX12v1_GPL,AX12v1_GPL_Paket/source_subset/rtl8197/rtknet/drivers/net/rtl819x/rtl83xx_v1dot4/dal/rtl8367d/dal_rtl8367d_mapper.c,29861,ee62e7c4605ee5b6dffdde6b68e697182b976d7de8a3b7f3ae3bc8dd08462a1f
AX12v1_GPL,AX12v1_GPL_Paket/source_subset/rtl8197/rtknet/drivers/net/rtl819x/rtl83xx_v1dot4/dal/rtl8367d/dal_rtl8367d_mapper.h,757,5650fc2b8ef541a0f657bec153f86838b733ecd703537fdd1bc0e4bc220e3957
AX12v1_GPL,AX12v1_GPL_Paket/source_subset/rtl8197/rtknet/drivers/net/rtl819x/rtl83xx_v1dot4/dal/rtl8367d/dal_rtl8367d_mirror.c,17146,d74065cd0e4308741bc8c051a8409e90d48cc48653784706b8914cff5ecde149
AX12v1_GPL,AX12v1_GPL_Paket/source_subset/rtl8197/rtknet/drivers/net/rtl819x/rtl83xx_v1dot4/dal/rtl8367d/dal_rtl8367d_mirror.h,8730,d7316d8030f6bb7fd50d075a6dededf903942d65fb327385004b4862d98ce4ed
AX12v1_GPL,AX12v1_GPL_Paket/source_subset/rtl8197/rtknet/drivers/net/rtl819x/rtl83xx_v1dot4/dal/rtl8367d/dal_rtl8367d_port.c,139423,f38f14da47656dbee95e0b63b22052305f68b245bc1df4bfa3d8c391602800d1
AX12v1_GPL,AX12v1_GPL_Paket/source_subset/rtl8197/rtknet/drivers/net/rtl819x/rtl83xx_v1dot4/dal/rtl8367d/dal_rtl8367d_port.h,32902,53daac01f61605f2c96f04ee7707c396ad12124fc698de7b07286592d07cb320
AX12v1_GPL,AX12v1_GPL_Paket/source_subset/rtl8197/rtknet/drivers/net/rtl819x/rtl83xx_v1dot4/dal/rtl8367d/dal_rtl8367d_qos.c,49487,79b219a93ffcf41e741d559498d51f295933bb6f0abf8f4b585fb8f2ae3f0a50
AX12v1_GPL,AX12v1_GPL_Paket/source_subset/rtl8197/rtknet/drivers/net/rtl819x/rtl83xx_v1dot4/dal/rtl8367d/dal_rtl8367d_qos.h,23705,bc1bc8c0eb7ac124e3bac0734696b3250097ed470c5ca51d37bc1b83f60da89f
AX12v1_GPL,AX12v1_GPL_Paket/source_subset/rtl8197/rtknet/drivers/net/rtl819x/rtl83xx_v1dot4/dal/rtl8367d/dal_rtl8367d_rate.c,22894,f4ed972c84b02394e2142053002b8379d4feaf8e4f271cdf32e3ee1a04c412bb
AX12v1_GPL,AX12v1_GPL_Paket/source_subset/rtl8197/rtknet/drivers/net/rtl819x/rtl83xx_v1dot4/dal/rtl8367d/dal_rtl8367d_rate.h,10625,9048701ea7013c7044d50aa7462051dcb568cb2ed162c281b6f7965eaf155c24
AX12v1_GPL,AX12v1_GPL_Paket/source_subset/rtl8197/rtknet/drivers/net/rtl819x/rtl83xx_v1dot4/dal/rtl8367d/dal_rtl8367d_rldp.c,12857,a4f29710efbeadcb541b10960221f7dcccc383b53169d9246c1e4b9083fd1333
AX12v1_GPL,AX12v1_GPL_Paket/source_subset/rtl8197/rtknet/drivers/net/rtl819x/rtl83xx_v1dot4/dal/rtl8367d/dal_rtl8367d_rldp.h,4455,aabeb87940f725548044c28a2ccf945617d31faa58b06a730944b4357ff8d1d3
AX12v1_GPL,AX12v1_GPL_Paket/source_subset/rtl8197/rtknet/drivers/net/rtl819x/rtl83xx_v1dot4/dal/rtl8367d/dal_rtl8367d_stat.c,31158,e9f9666a99443eb38955575230ae19276da92e5ca0969bf01b3f058e15c0ef75
AX12v1_GPL,AX12v1_GPL_Paket/source_subset/rtl8197/rtknet/drivers/net/rtl819x/rtl83xx_v1dot4/dal/rtl8367d/dal_rtl8367d_stat.h,10552,e81d6e606bd3d4d4e02799054a6b6f2c73630865aa408aa81d81b761f63bd907
AX12v1_GPL,AX12v1_GPL_Paket/source_subset/rtl8197/rtknet/drivers/net/rtl819x/rtl83xx_v1dot4/dal/rtl8367d/dal_rtl8367d_storm.c,27519,f6af5fc1e734ced2f6b8bbf03691e29ef7c8275f8f9958a6439439b631e94af4
AX12v1_GPL,AX12v1_GPL_Paket/source_subset/rtl8197/rtknet/drivers/net/rtl819x/rtl83xx_v1dot4/dal/rtl8367d/dal_rtl8367d_storm.h,10816,1b067c82ccfbd86c58fcd91b7f2c5b2df0086b6ad9fe778426b3edb58d1ad0c2
AX12v1_GPL,AX12v1_GPL_Paket/source_subset/rtl8197/rtknet/drivers/net/rtl819x/rtl83xx_v1dot4/dal/rtl8367d/dal_rtl8367d_svlan.c,40296,a465384049c45f449da4505458039b11f3635f7ff5b17c77cc3ce3232ed41c90
AX12v1_GPL,AX12v1_GPL_Paket/source_subset/rtl8197/rtknet/drivers/net/rtl819x/rtl83xx_v1dot4/dal/rtl8367d/dal_rtl8367d_svlan.h,18230,6b885f242365f2c59e164d9b98315f4fa4fdf41d982ea6f0ee89cd12fe67e92f
AX12v1_GPL,AX12v1_GPL_Paket/source_subset/rtl8197/rtknet/drivers/net/rtl819x/rtl83xx_v1dot4/dal/rtl8367d/dal_rtl8367d_switch.c,5092,3c9e0430495ca3c1c650a7299fee0097f1b2bfb70531746f1e20203f7285b3b7
AX12v1_GPL,AX12v1_GPL_Paket/source_subset/rtl8197/rtknet/drivers/net/rtl819x/rtl83xx_v1dot4/dal/rtl8367d/dal_rtl8367d_switch.h,3479,982486d702801e11aa998099710f6007cba6692fd02461991f835cadb99786a9
AX12v1_GPL,AX12v1_GPL_Paket/source_subset/rtl8197/rtknet/drivers/net/rtl819x/rtl83xx_v1dot4/dal/rtl8367d/dal_rtl8367d_trap.c,41103,82a0c19ab58c3e93c8e5430d05d57607f680cd1b1a43dd5871f85a1fff135c21
AX12v1_GPL,AX12v1_GPL_Paket/source_subset/rtl8197/rtknet/drivers/net/rtl819x/rtl83xx_v1dot4/dal/rtl8367d/dal_rtl8367d_trap.h,22019,dbf84ae8c68ac4a7314e6269da169d95bbd79a02af6d1e8b76ff9050b53360a8
AX12v1_GPL,AX12v1_GPL_Paket/source_subset/rtl8197/rtknet/drivers/net/rtl819x/rtl83xx_v1dot4/dal/rtl8367d/dal_rtl8367d_trunk.c,17389,f22a5b17ed2630d716361804639ddfa71d2ff47774c50d327e5f6e31aa7d0fc9
AX12v1_GPL,AX12v1_GPL_Paket/source_subset/rtl8197/rtknet/drivers/net/rtl819x/rtl83xx_v1dot4/dal/rtl8367d/dal_rtl8367d_trunk.h,9738,6578674ad7ccb63839e6b8bca4497ffb9da10c9e5de55e5729b12f9958ce1f07
AX12v1_GPL,AX12v1_GPL_Paket/source_subset/rtl8197/rtknet/drivers/net/rtl819x/rtl83xx_v1dot4/dal/rtl8367d/dal_rtl8367d_vlan.c,41922,ad803a3c9455bf8f2047013a916947b94a1e52f74d71be65e4c95260bb26298d
AX12v1_GPL,AX12v1_GPL_Paket/source_subset/rtl8197/rtknet/drivers/net/rtl819x/rtl83xx_v1dot4/dal/rtl8367d/dal_rtl8367d_vlan.h,20047,5d09f6ec088c2a7d0cdab2876f640cd09840909846ba51033b85bd6d6a5f1b9f
AX12v1_GPL,AX12v1_GPL_Paket/source_subset/rtl8197/rtknet/drivers/net/rtl819x/rtl83xx_v1dot4/dal/rtl8367d/rtl8367d_asicdrv.c,15380,e5942f04b83285a94b59dd5889deebd5846514e1f533d66a9a328e6b682baaca
AX12v1_GPL,AX12v1_GPL_Paket/source_subset/rtl8197/rtknet/drivers/net/rtl819x/rtl83xx_v1dot4/dal/rtl8367d/rtl8367d_asicdrv.h,2751,a6868b562171489037edb270924f4fb8c8a7ede33570049b02b803e6fa795978
AX12v1_GPL,AX12v1_GPL_Paket/source_subset/rtl8197/rtknet/drivers/net/rtl819x/rtl83xx_v1dot4/dal/rtl8367d/rtl8367d_reg.h,563635,2d1cbb61dfb8f771a536fabb24dac67cf874f0491ebb2e7d4dcd50fd16bdbfd2
AX12v1_GPL,AX12v1_GPL_Paket/source_subset/rtl8197/rtknet/drivers/net/rtl819x/rtl83xx_v1dot4/dal/rtl8367d/rtl8367d_smi.c,12455,b1ed32d0f506c3d1ac7bf586771d61ef7482a45aa9456b3bef8fca9fc2c3723c
AX12v1_GPL,AX12v1_GPL_Paket/source_subset/rtl8197/rtknet/drivers/net/rtl819x/rtl83xx_v1dot4/dal/rtl8367d/rtl8367d_smi.h,272,d2ed471fd2a280edbb6fc47393d601febda8b58f21f53ad64ac6736f321437fb
AX12v1_GPL,AX12v1_GPL_Paket/source_subset/rtl8197/rtknet/drivers/net/rtl819x/rtl83xx_v1dot4/dot1x.c,20348,8bd32033354e25bc62839599ae3d92d0b5f8229dee6fd396ab6d78f73a502374
AX12v1_GPL,AX12v1_GPL_Paket/source_subset/rtl8197/rtknet/drivers/net/rtl819x/rtl83xx_v1dot4/dot1x.h,15610,94091e6328c5b5fef5d505bb2311a4edda3c8606a33c0cac9a7d0d299bc1c392
AX12v1_GPL,AX12v1_GPL_Paket/source_subset/rtl8197/rtknet/drivers/net/rtl819x/rtl83xx_v1dot4/eee.c,3026,d44f0b846c4c98972e34bfd2a178dbb068c9e0b99544b7c7e9994a73bf6d89c1
AX12v1_GPL,AX12v1_GPL_Paket/source_subset/rtl8197/rtknet/drivers/net/rtl819x/rtl83xx_v1dot4/eee.h,2316,f20700929ef8d0d6e124e5cbfff396f14b02bfb926ec65e295d44d36e8568418
AX12v1_GPL,AX12v1_GPL_Paket/source_subset/rtl8197/rtknet/drivers/net/rtl819x/rtl83xx_v1dot4/i2c.c,5801,701e75bf1c94e4536c6b024025daec7fe9eb1998e7c1fc3d93b04e9fd33c9da4
AX12v1_GPL,AX12v1_GPL_Paket/source_subset/rtl8197/rtknet/drivers/net/rtl819x/rtl83xx_v1dot4/i2c.h,4354,5a39aeea9f820c8a64b6ce20bef01bcde83431e350153466ae516d02a6db466e
AX12v1_GPL,AX12v1_GPL_Paket/source_subset/rtl8197/rtknet/drivers/net/rtl819x/rtl83xx_v1dot4/igmp.c,28086,7b9f9f16ff8207e5ddc6db019ce69d7d17e7a090a31d41c738bf237f6c6531bf
AX12v1_GPL,AX12v1_GPL_Paket/source_subset/rtl8197/rtknet/drivers/net/rtl819x/rtl83xx_v1dot4/igmp.h,21422,df7d4da7f38527cc9174691b9a1347369b631c08007b7a93e121e89f73bd9956
AX12v1_GPL,AX12v1_GPL_Paket/source_subset/rtl8197/rtknet/drivers/net/rtl819x/rtl83xx_v1dot4/interrupt.c,8255,dea077d785f52e258980911aed2a3c713d2d9b457473b165bd319db1f8734888
AX12v1_GPL,AX12v1_GPL_Paket/source_subset/rtl8197/rtknet/drivers/net/rtl819x/rtl83xx_v1dot4/interrupt.h,7773,e0e1eb01dcab831bbcfb88659b5b2eaff516b7530d888921a8e412c6912c29cc
AX12v1_GPL,AX12v1_GPL_Paket/source_subset/rtl8197/rtknet/drivers/net/rtl819x/rtl83xx_v1dot4/l2.c,48073,ed8e0a4c9b352828b5e47b427b9c7fa233d7350b99609dc041201cedf20d02f6
AX12v1_GPL,AX12v1_GPL_Paket/source_subset/rtl8197/rtknet/drivers/net/rtl819x/rtl83xx_v1dot4/l2.h,40033,7b84c369f8fc5f5a25ab975f768415819d8a024a00984640d66baf03ac8f54d3
AX12v1_GPL,AX12v1_GPL_Paket/source_subset/rtl8197/rtknet/drivers/net/rtl819x/rtl83xx_v1dot4/leaky.c,10534,06614b4f657c45a942cf056ab71dafe1e08975e6e639e4dbb0b460f404f56c68
AX12v1_GPL,AX12v1_GPL_Paket/source_subset/rtl8197/rtknet/drivers/net/rtl819x/rtl83xx_v1dot4/leaky.h,10833,488f797c429990f98fe48507a8a67b56a5ade43832461d0a54c20da2d292545e
AX12v1_GPL,AX12v1_GPL_Paket/source_subset/rtl8197/rtknet/drivers/net/rtl819x/rtl83xx_v1dot4/led.c,16971,043284f4b3dc8ddce5fe5d1ee1bd2a567c78eef30e4bd685e3c8835332b7408a
AX12v1_GPL,AX12v1_GPL_Paket/source_subset/rtl8197/rtknet/drivers/net/rtl819x/rtl83xx_v1dot4/led.h,14221,83642e80a14f2db28b7dce4c976f28f649e9b6e80d65b932ac8e89d67c5d2791
AX12v1_GPL,AX12v1_GPL_Paket/source_subset/rtl8197/rtknet/drivers/net/rtl819x/rtl83xx_v1dot4/mirror.c,11477,78365a5f4c7c0f20a9d7cc58609d838c635714c4f58ea646500294495e6b2458
AX12v1_GPL,AX12v1_GPL_Paket/source_subset/rtl8197/rtknet/drivers/net/rtl819x/rtl83xx_v1dot4/mirror.h,8607,2337e43b3cf1ed04447f052f84304411d937d278fcf847858b223a1b08128ba6
AX12v1_GPL,AX12v1_GPL_Paket/source_subset/rtl8197/rtknet/drivers/net/rtl819x/rtl83xx_v1dot4/oam.c,5214,2550791f4c38bf4a3fadf8cf23d49709fda1599a9fb346de1c2b111db69135fd
AX12v1_GPL,AX12v1_GPL_Paket/source_subset/rtl8197/rtknet/drivers/net/rtl819x/rtl83xx_v1dot4/oam.h,4097,9d5b33c0500d4c9d1776fdc3311cbe3a34fcc6e8e9a513cea93b525230898b9b
AX12v1_GPL,AX12v1_GPL_Paket/source_subset/rtl8197/rtknet/drivers/net/rtl819x/rtl83xx_v1dot4/port.c,49054,c49f776944968f51a9910950e9a5fddc292d84467077b32e46ea7a3e4ae067ec
AX12v1_GPL,AX12v1_GPL_Paket/source_subset/rtl8197/rtknet/drivers/net/rtl819x/rtl83xx_v1dot4/port.h,41952,1c93045682de3a2e9ca6e33bd6802f928edeafb559f73f06213c5c1d3e6fdb7f
AX12v1_GPL,AX12v1_GPL_Paket/source_subset/rtl8197/rtknet/drivers/net/rtl819x/rtl83xx_v1dot4/ptp.c,17741,1b93cd3716322b843c820f948b8a9b5713566d785769be9ad9cad1b806b45490
AX12v1_GPL,AX12v1_GPL_Paket/source_subset/rtl8197/rtknet/drivers/net/rtl819x/rtl83xx_v1dot4/ptp.h,14708,47bd4592735988e64bed20988b21e93c489d45366f81d5bcede400dfc3979fd0
AX12v1_GPL,AX12v1_GPL_Paket/source_subset/rtl8197/rtknet/drivers/net/rtl819x/rtl83xx_v1dot4/qos.c,31797,b40d4293fb5fff9be6cf7aaddf4d70e76ff42f5a1591d0587ef8e2651a4b3082
AX12v1_GPL,AX12v1_GPL_Paket/source_subset/rtl8197/rtknet/drivers/net/rtl819x/rtl83xx_v1dot4/qos.h,27547,a69722afb5309d0be5b5b06b55784b784c92892e755346cb2645629a2c938f41
AX12v1_GPL,AX12v1_GPL_Paket/source_subset/rtl8197/rtknet/drivers/net/rtl819x/rtl83xx_v1dot4/rate.c,13461,5e83f39f10ace28815469403261225f86f00f06022cd0e04d99c0043e1d4a131
AX12v1_GPL,AX12v1_GPL_Paket/source_subset/rtl8197/rtknet/drivers/net/rtl819x/rtl83xx_v1dot4/rate.h,10510,30af9c3de4a4fb9a89aafa92aaaf98750544ff63e3cba89992f7c2d70700810e
AX12v1_GPL,AX12v1_GPL_Paket/source_subset/rtl8197/rtknet/drivers/net/rtl819x/rtl83xx_v1dot4/rldp.c,6196,5686b7af77c9a6e626b430d7954cdc6c950362663a7ed7f32731351beb35527d
AX12v1_GPL,AX12v1_GPL_Paket/source_subset/rtl8197/rtknet/drivers/net/rtl819x/rtl83xx_v1dot4/rldp.h,6005,fc5658adcf2944c53453fd8066174d788cb694231ae2fdc2c4d301b0a4aa3df3
AX12v1_GPL,AX12v1_GPL_Paket/source_subset/rtl8197/rtknet/drivers/net/rtl819x/rtl83xx_v1dot4/rtk_api.c,111255,3832e65a3b437017b8444c76a2d6ee0b17e4b8de7cf1207449641494f3219374
AX12v1_GPL,AX12v1_GPL_Paket/source_subset/rtl8197/rtknet/drivers/net/rtl819x/rtl83xx_v1dot4/rtk_api.h,2892,822853f6dcde8504863bc6f4046881074b1757a55eb54613f0ba7283f9a475ee
AX12v1_GPL,AX12v1_GPL_Paket/source_subset/rtl8197/rtknet/drivers/net/rtl819x/rtl83xx_v1dot4/rtk_error.h,22967,39071a7e36f9075a465ea7aad98756289175dadba4a074e8b3ad00369ce13ba6
AX12v1_GPL,AX12v1_GPL_Paket/source_subset/rtl8197/rtknet/drivers/net/rtl819x/rtl83xx_v1dot4/rtk_switch.c,23261,4ace656cc05c27fde9d35c9c6f254a6fe29817533db9fc58db2660c95e96c95e
AX12v1_GPL,AX12v1_GPL_Paket/source_subset/rtl8197/rtknet/drivers/net/rtl819x/rtl83xx_v1dot4/rtk_switch.h,21280,62680a4f78bc5b157297b2ba4fcd81a1f48c0c4d686de9b79ca8298221874ce3
AX12v1_GPL,AX12v1_GPL_Paket/source_subset/rtl8197/rtknet/drivers/net/rtl819x/rtl83xx_v1dot4/rtk_types.h,3214,a945204503c6f9c608f759766f6fdfcfedf0ebc65c48dadf891d8e2fac02be01
AX12v1_GPL,AX12v1_GPL_Paket/source_subset/rtl8197/rtknet/drivers/net/rtl819x/rtl83xx_v1dot4/stat.c,11383,801fbf8815243528d890a3102332165ea28aaaa61caceb6a01a39dcfd18d4dc4
AX12v1_GPL,AX12v1_GPL_Paket/source_subset/rtl8197/rtknet/drivers/net/rtl819x/rtl83xx_v1dot4/stat.h,12698,32c9668d8cfe9c13aab098294e2e22a3b92237f607421111b7a42ea2b42ba35d
AX12v1_GPL,AX12v1_GPL_Paket/source_subset/rtl8197/rtknet/drivers/net/rtl819x/rtl83xx_v1dot4/storm.c,13839,2c3c8066ff33c677ec0efbe55ae9999b278ad473bd77f12e85ff3adbc6886964
AX12v1_GPL,AX12v1_GPL_Paket/source_subset/rtl8197/rtknet/drivers/net/rtl819x/rtl83xx_v1dot4/storm.h,12128,6f959f0ab0ca91fce315cd12cd3737b73465387b635a29cc78980f84c2427578
AX12v1_GPL,AX12v1_GPL_Paket/source_subset/rtl8197/rtknet/drivers/net/rtl819x/rtl83xx_v1dot4/string.h,27,4c92818354c51bfc6f329e5a71356b0d18cbfd12695d9ca6fdc9c548b4b0f3ab
AX12v1_GPL,AX12v1_GPL_Paket/source_subset/rtl8197/rtknet/drivers/net/rtl819x/rtl83xx_v1dot4/svlan.c,38284,1bbd74b58d6e01779aaebaf0a400d55effe1c355c170d364c2ce5b3b9b693953
AX12v1_GPL,AX12v1_GPL_Paket/source_subset/rtl8197/rtknet/drivers/net/rtl819x/rtl83xx_v1dot4/svlan.h,30153,e3add05edb1d5a41b510537cee0a271251f9e8bd03b110abb3be51ff43c4c198
AX12v1_GPL,AX12v1_GPL_Paket/source_subset/rtl8197/rtknet/drivers/net/rtl819x/rtl83xx_v1dot4/trap.c,30097,4afcdc499dc7ed2475a0f3551d509db852c8324c15053265d618297fb1f7e539
AX12v1_GPL,AX12v1_GPL_Paket/source_subset/rtl8197/rtknet/drivers/net/rtl819x/rtl83xx_v1dot4/trap.h,26869,6dd4be88230a0c78cb6481c7171c85cacff729b3af15ecaf91fa616c15131c6e
AX12v1_GPL,AX12v1_GPL_Paket/source_subset/rtl8197/rtknet/drivers/net/rtl819x/rtl83xx_v1dot4/trunk.c,12749,0111d9daa2a08e0e73380ad73e3709003acc1a0899e4c97a31b0972b209f3c57
AX12v1_GPL,AX12v1_GPL_Paket/source_subset/rtl8197/rtknet/drivers/net/rtl819x/rtl83xx_v1dot4/trunk.h,10402,a674d603617770f0fc6d521abeae0129932b160599b1fff69555aabea9b9045c
AX12v1_GPL,AX12v1_GPL_Paket/source_subset/rtl8197/rtknet/drivers/net/rtl819x/rtl83xx_v1dot4/vlan.c,34159,ec1935c2ce3e70f2dca30ffaf435d939e9a8758b829a0d6075fc88c6d4dad78c
AX12v1_GPL,AX12v1_GPL_Paket/source_subset/rtl8197/rtknet/drivers/net/rtl819x/rtl83xx_v1dot4/vlan.h,27794,a4e30aba186f67c138430402b9d65f31cbacf83e4168951fa8109be5649a7f28
AX12v1_GPL,AX12v1_GPL_Paket/source_subset/rtl8197/rtknet/drivers/net/rtl819x/rtl865x/Makefile,2252,e630a8185278c2a74bb84bb5dbf63eb344575c3790f3024a777d4bf126284be7
AX12v1_GPL,AX12v1_GPL_Paket/source_subset/rtl8197/rtknet/drivers/net/rtl819x/rtl_acl.c,61466,a80d8a25078c2a93d72c1bdc77b1894350a36398d4eb208b00bfa332bf062789
AX12v1_GPL,AX12v1_GPL_Paket/source_subset/rtl8197/rtknet/include/net/rtl/rtl865x_outputQueue.h,11511,cb3e33865e36c03b6001737d13fdd9c7187292cbe4709e0adbcf63cd00d44803
AX12v1_GPL,AX12v1_GPL_Paket/source_subset/rtl8197/rtknet/include/net/rtl/rtl_acl.h,6857,d6b18da36484dd589f694bc66279d13c99774af78e54a89c19861b5e2b3904c7
MR62X_SDK,MR62X_SDK_Paket/README.md,4686,323603f1b8bd613aa555a3cef161628470fe322f2225d8607e5b83d3a4adbfa4
MR62X_SDK,MR62X_SDK_Paket/analysis/README_ANALYSE.md,463,43dcf670d3c232709cea2b7866bd681927838b6411f7fc5a40b9f79c997c6408
MR62X_SDK,MR62X_SDK_Paket/analysis/config_matrix.csv,2818,8f3384877a9a8bbdc3527ff2949c824a31fab58a7fe30b9ffa077f051c6c1bf8
MR62X_SDK,MR62X_SDK_Paket/analysis/dateien_inventar.csv,591899,4fdd8c67a1063bc6c4b9f4ab29461272c28df3a8d29ed2ec92dd0398a14c6da2
MR62X_SDK,MR62X_SDK_Paket/analysis/file_tree_selected.txt,317120,0009ebc035c8cba4fa95bc2fe0df2010452d449c06deb239f1fc663a80a12872
MR62X_SDK,MR62X_SDK_Paket/analysis/relevante_rg_treffer.txt,2598681,c1f0a4d1ad62f77daf4dbf62eba853ce93ab4e5d01b1f93ea571d5ed9354ed01
MR62X_SDK,MR62X_SDK_Paket/analysis/uboot_config_matrix.csv,2556,e35c24f1cfac2051022acc47e9935ce7a89e9dbdae218afd5138d65cbd056428
MR62X_SDK,MR62X_SDK_Paket/docs/funktionsweise.md,2805,b859affd6838eca6d1ccd26b0b11af316b0c00f1257fac8460f46d5783c040de
MR62X_SDK,MR62X_SDK_Paket/docs/wichtige_code_config_belegstellen.md,47174,f3fb2bb24284409409c62df7489477b8158f953b0842aef1cbc1b1252658b454
MR62X_SDK,MR62X_SDK_Paket/scripts/extrahiere_relevante_pfade.sh,682,7c26fb3f915684d2316a6f7e750ddf8f0ffbb0f62cd6320b7acd583663aed048
MR62X_SDK,MR62X_SDK_Paket/scripts/suche_relevante_dateien.sh,201,f8f125da18f86b616e99631cf797ff34178447e0c20cfbe74c7cda093a55cd3e
MR62X_SDK,MR62X_SDK_Paket/selected_sources/sdk/openwrt-21.02/Config.in,528,3b3e8031d12e51bfcb9faa183898d36d7850082aff0cfa493bf6afed7cb98e00
MR62X_SDK,MR62X_SDK_Paket/selected_sources/sdk/openwrt-21.02/Makefile,3831,f974a07b80fbf2fc06b3e6c640802c88fe13a62f745bcd0cf126778dca416564
MR62X_SDK,MR62X_SDK_Paket/selected_sources/sdk/openwrt-21.02/feeds.conf.default,357,b7b06ee1e0d55bbc3bf2d794ba3389571f06abc806ac619489201334ee80028d
MR62X_SDK,MR62X_SDK_Paket/selected_sources/sdk/openwrt-21.02/include/kernel-version.mk,1584,9904d8849cbff9bcecfb0eca9f31081d177d084878d6d1c70ad37988a2409555
MR62X_SDK,MR62X_SDK_Paket/selected_sources/sdk/openwrt-21.02/include/kernel.mk,9942,004a8edbda6a413a092f8c01209f41ba857f0de7e3c613ecfc45b045cec95d1c
MR62X_SDK,MR62X_SDK_Paket/selected_sources/sdk/openwrt-21.02/include/package.mk,11335,1924ccbee660d692b1492a645e42d775474e7092817a4b8b32462eff511ea2f1
MR62X_SDK,MR62X_SDK_Paket/selected_sources/sdk/openwrt-21.02/include/target.mk,10800,f31914dd380bd4a02dffd0ac59747a8a7787044dffe72f630112c1dabddf859b
MR62X_SDK,MR62X_SDK_Paket/selected_sources/sdk/openwrt-21.02/include/version.mk,4094,3766983d80c7a469fd3575f4d64760018d00fd65587e5d4a17e24568b8790f11
MR62X_SDK,MR62X_SDK_Paket/selected_sources/sdk/openwrt-21.02/package/backports/src/drivers/net/wireless/realtek/rtl8192fe/WlanHAL/Data/8197F/AGC_TAB_8197F.txt,4383,ed68df4f7c33be02d3a896afe74797ce4ad1642071d00c7c20d73ae93ade8d4b
MR62X_SDK,MR62X_SDK_Paket/selected_sources/sdk/openwrt-21.02/package/backports/src/drivers/net/wireless/realtek/rtl8192fe/WlanHAL/Data/8197F/AGC_TAB_8197F_hp.txt,4619,50cc7f4a1ff24e4cebf21a38dbcce679ebc59b4bb6d351e4534f346364bae95f
MR62X_SDK,MR62X_SDK_Paket/selected_sources/sdk/openwrt-21.02/package/backports/src/drivers/net/wireless/realtek/rtl8192fe/WlanHAL/Data/8197F/AGC_TAB_8197Fmp.txt,4561,f07025528b006887ab9ae102d87127c0d7ce6297941c8590c9da1d8537c91779
MR62X_SDK,MR62X_SDK_Paket/selected_sources/sdk/openwrt-21.02/package/backports/src/drivers/net/wireless/realtek/rtl8192fe/WlanHAL/Data/8197F/AGC_TAB_8197Fmp_hp.txt,9109,e6688d561621b38e67f3b582e10fcb9eb9e5175a9c9b7e7a82b4c6ce44223d88
MR62X_SDK,MR62X_SDK_Paket/selected_sources/sdk/openwrt-21.02/package/backports/src/drivers/net/wireless/realtek/rtl8192fe/WlanHAL/Data/8197F/MACDM_def_high_8197F.txt,99,f04fd0b0ec863000e30bfb6be16e0e9bda7d0ae89ce4667f5a5dd944c4d5a41a
MR62X_SDK,MR62X_SDK_Paket/selected_sources/sdk/openwrt-21.02/package/backports/src/drivers/net/wireless/realtek/rtl8192fe/WlanHAL/Data/8197F/MACDM_def_low_8197F.txt,99,f04fd0b0ec863000e30bfb6be16e0e9bda7d0ae89ce4667f5a5dd944c4d5a41a
MR62X_SDK,MR62X_SDK_Paket/selected_sources/sdk/openwrt-21.02/package/backports/src/drivers/net/wireless/realtek/rtl8192fe/WlanHAL/Data/8197F/MACDM_def_normal_8197F.txt,99,f04fd0b0ec863000e30bfb6be16e0e9bda7d0ae89ce4667f5a5dd944c4d5a41a
MR62X_SDK,MR62X_SDK_Paket/selected_sources/sdk/openwrt-21.02/package/backports/src/drivers/net/wireless/realtek/rtl8192fe/WlanHAL/Data/8197F/MACDM_gen_high_8197F.txt,99,c8a75f45b308b073f516b21bd9dd476248f77b37b1b21b5164b998853a2d59cc
MR62X_SDK,MR62X_SDK_Paket/selected_sources/sdk/openwrt-21.02/package/backports/src/drivers/net/wireless/realtek/rtl8192fe/WlanHAL/Data/8197F/MACDM_gen_low_8197F.txt,99,f04fd0b0ec863000e30bfb6be16e0e9bda7d0ae89ce4667f5a5dd944c4d5a41a
MR62X_SDK,MR62X_SDK_Paket/selected_sources/sdk/openwrt-21.02/package/backports/src/drivers/net/wireless/realtek/rtl8192fe/WlanHAL/Data/8197F/MACDM_gen_normal_8197F.txt,99,c8a75f45b308b073f516b21bd9dd476248f77b37b1b21b5164b998853a2d59cc
MR62X_SDK,MR62X_SDK_Paket/selected_sources/sdk/openwrt-21.02/package/backports/src/drivers/net/wireless/realtek/rtl8192fe/WlanHAL/Data/8197F/MACDM_state_criteria_8197F.txt,700,4753096fa2fafa2ad32406375b4f19f491c094e9854a37c11d63d11076b1c607
MR62X_SDK,MR62X_SDK_Paket/selected_sources/sdk/openwrt-21.02/package/backports/src/drivers/net/wireless/realtek/rtl8192fe/WlanHAL/Data/8197F/MACDM_txop_high_8197F.txt,99,8e268f957e8b44bd04e446ac53eb178d3bdcd7091ad0c5d90074735722b15ceb
MR62X_SDK,MR62X_SDK_Paket/selected_sources/sdk/openwrt-21.02/package/backports/src/drivers/net/wireless/realtek/rtl8192fe/WlanHAL/Data/8197F/MACDM_txop_low_8197F.txt,99,d0e27dffb72ae15768dbb45e0fcb1b19caed3d516a485659837fc06ace673bba
MR62X_SDK,MR62X_SDK_Paket/selected_sources/sdk/openwrt-21.02/package/backports/src/drivers/net/wireless/realtek/rtl8192fe/WlanHAL/Data/8197F/MACDM_txop_normal_8197F.txt,99,1217909227962a2f334f3b20b56d98f7ff01141288320e8ca6150753012cf032
MR62X_SDK,MR62X_SDK_Paket/selected_sources/sdk/openwrt-21.02/package/backports/src/drivers/net/wireless/realtek/rtl8192fe/WlanHAL/Data/8197F/MAC_REG_8197F.txt,2428,4f18d9cd387f9082e2aec5bd88f76cf140482471c1a73af97e79ccb95aa8ae72
MR62X_SDK,MR62X_SDK_Paket/selected_sources/sdk/openwrt-21.02/package/backports/src/drivers/net/wireless/realtek/rtl8192fe/WlanHAL/Data/8197F/MAC_REG_8197Fmp.txt,2348,dfc3831ee2af31603031d268ccc3bd4b4facbac4ab1798068d5d9977e4806137
MR62X_SDK,MR62X_SDK_Paket/selected_sources/sdk/openwrt-21.02/package/backports/src/drivers/net/wireless/realtek/rtl8192fe/WlanHAL/Data/8197F/PHY_REG_8197F.txt,10688,b463becc1f0a20093e02790e39e7bb83a46d8a1e471e17151ad34f801d8f2ba4
MR62X_SDK,MR62X_SDK_Paket/selected_sources/sdk/openwrt-21.02/package/backports/src/drivers/net/wireless/realtek/rtl8192fe/WlanHAL/Data/8197F/PHY_REG_8197F_hp.txt,24614,785f5833d2b2e360fa2a124ceff8e07f74f4db6880e463a5e1e215c7104f125c
MR62X_SDK,MR62X_SDK_Paket/selected_sources/sdk/openwrt-21.02/package/backports/src/drivers/net/wireless/realtek/rtl8192fe/WlanHAL/Data/8197F/PHY_REG_8197Fmp.txt,13930,d7f225bc78f657157935b892c0ab4ca9604ad2dead5e3f8dd7f144fe26431141
MR62X_SDK,MR62X_SDK_Paket/selected_sources/sdk/openwrt-21.02/package/backports/src/drivers/net/wireless/realtek/rtl8192fe/WlanHAL/Data/8197F/PHY_REG_8197Fmp_hp.txt,44220,343698567570de67399a50b8535922fe4c459547ac71dbf1918bf2e40d984c78
MR62X_SDK,MR62X_SDK_Paket/selected_sources/sdk/openwrt-21.02/package/backports/src/drivers/net/wireless/realtek/rtl8192fe/WlanHAL/Data/8197F/PHY_REG_MP_8197F.txt,72,aeb99283d8392245ee7903b5bf67aa440cc8ad6c6a66bacc9f80e3d6bb04e370
MR62X_SDK,MR62X_SDK_Paket/selected_sources/sdk/openwrt-21.02/package/backports/src/drivers/net/wireless/realtek/rtl8192fe/WlanHAL/Data/8197F/PHY_REG_MP_8197Fmp.txt,113,a270ad1f7183103da4f5c952b5d91888a435cf51963c1e9a243268473a1797ae
MR62X_SDK,MR62X_SDK_Paket/selected_sources/sdk/openwrt-21.02/package/backports/src/drivers/net/wireless/realtek/rtl8192fe/WlanHAL/Data/8197F/PHY_REG_PG_8197Fmp.txt,1273,b3e6ee6a60352d42cfae12db78ea59114edd996278cd33f7d40d02fa4c2fc4b6
MR62X_SDK,MR62X_SDK_Paket/selected_sources/sdk/openwrt-21.02/package/backports/src/drivers/net/wireless/realtek/rtl8192fe/WlanHAL/Data/8197F/PHY_REG_PG_8197Fmp_Type0.txt,1273,b3e6ee6a60352d42cfae12db78ea59114edd996278cd33f7d40d02fa4c2fc4b6
MR62X_SDK,MR62X_SDK_Paket/selected_sources/sdk/openwrt-21.02/package/backports/src/drivers/net/wireless/realtek/rtl8192fe/WlanHAL/Data/8197F/PHY_REG_PG_8197Fmp_Type1.txt,1273,d0d55623a50723e3af4c6d7dd42b1b278cd6d88927e4e4c79ce271e3b7473fd6
MR62X_SDK,MR62X_SDK_Paket/selected_sources/sdk/openwrt-21.02/package/backports/src/drivers/net/wireless/realtek/rtl8192fe/WlanHAL/Data/8197F/PHY_REG_PG_8197Fmp_Type2.txt,1273,b3e6ee6a60352d42cfae12db78ea59114edd996278cd33f7d40d02fa4c2fc4b6
MR62X_SDK,MR62X_SDK_Paket/selected_sources/sdk/openwrt-21.02/package/backports/src/drivers/net/wireless/realtek/rtl8192fe/WlanHAL/Data/8197F/PHY_REG_PG_8197Fmp_Type3.txt,1273,b3e6ee6a60352d42cfae12db78ea59114edd996278cd33f7d40d02fa4c2fc4b6
MR62X_SDK,MR62X_SDK_Paket/selected_sources/sdk/openwrt-21.02/package/backports/src/drivers/net/wireless/realtek/rtl8192fe/WlanHAL/Data/8197F/PHY_REG_PG_8197Fmp_Type4.txt,1273,b3e6ee6a60352d42cfae12db78ea59114edd996278cd33f7d40d02fa4c2fc4b6
MR62X_SDK,MR62X_SDK_Paket/selected_sources/sdk/openwrt-21.02/package/backports/src/drivers/net/wireless/realtek/rtl8192fe/WlanHAL/Data/8197F/PHY_REG_PG_8197Fmp_Type5.txt,1273,e2fe5d1e2b28e54ecf513b6e9df70ebfef76593d6e8e68e37221558983625986
MR62X_SDK,MR62X_SDK_Paket/selected_sources/sdk/openwrt-21.02/package/backports/src/drivers/net/wireless/realtek/rtl8192fe/WlanHAL/Data/8197F/PHY_REG_PG_8197Fmp_Type6.txt,1273,b3e6ee6a60352d42cfae12db78ea59114edd996278cd33f7d40d02fa4c2fc4b6
MR62X_SDK,MR62X_SDK_Paket/selected_sources/sdk/openwrt-21.02/package/backports/src/drivers/net/wireless/realtek/rtl8192fe/WlanHAL/Data/8197F/RadioA_8197F.txt,947,464f1063dd586336515bb82f69f41a026fe4eee7ccdbaca0c1472d772d5925be
MR62X_SDK,MR62X_SDK_Paket/selected_sources/sdk/openwrt-21.02/package/backports/src/drivers/net/wireless/realtek/rtl8192fe/WlanHAL/Data/8197F/RadioB_8197F.txt,608,deeee1ab25b687fa703bee208b53b839b4e40555b5d694ed2b736cc18143f30f
MR62X_SDK,MR62X_SDK_Paket/selected_sources/sdk/openwrt-21.02/package/backports/src/drivers/net/wireless/realtek/rtl8192fe/WlanHAL/Data/8197F/TXPWR_LMT_8197Fmp.txt,4398,36225fb7bf55ab34af524e483df1c0dd18c1130d1357f1dd7582cf135fb9bde4
MR62X_SDK,MR62X_SDK_Paket/selected_sources/sdk/openwrt-21.02/package/backports/src/drivers/net/wireless/realtek/rtl8192fe/WlanHAL/Data/8197F/TXPWR_LMT_8197Fmp_TXBF.txt,4398,f8d2028195c660e723c83348816a7bbaf43b3499d8413189c3ecf6d4586e746c
MR62X_SDK,MR62X_SDK_Paket/selected_sources/sdk/openwrt-21.02/package/backports/src/drivers/net/wireless/realtek/rtl8192fe/WlanHAL/Data/8197F/TXPWR_LMT_8197Fmp_Type0.txt,4398,37b9f2e0561c0ada26d415b1c54d17dca33ee73364ef987f467e2c9259eefd2e
MR62X_SDK,MR62X_SDK_Paket/selected_sources/sdk/openwrt-21.02/package/backports/src/drivers/net/wireless/realtek/rtl8192fe/WlanHAL/Data/8197F/TXPWR_LMT_8197Fmp_Type1.txt,4398,f8d2028195c660e723c83348816a7bbaf43b3499d8413189c3ecf6d4586e746c
MR62X_SDK,MR62X_SDK_Paket/selected_sources/sdk/openwrt-21.02/package/backports/src/drivers/net/wireless/realtek/rtl8192fe/WlanHAL/Data/8197F/TXPWR_LMT_8197Fmp_Type2.txt,4398,37b9f2e0561c0ada26d415b1c54d17dca33ee73364ef987f467e2c9259eefd2e
MR62X_SDK,MR62X_SDK_Paket/selected_sources/sdk/openwrt-21.02/package/backports/src/drivers/net/wireless/realtek/rtl8192fe/WlanHAL/Data/8197F/TXPWR_LMT_8197Fmp_Type3.txt,4398,37b9f2e0561c0ada26d415b1c54d17dca33ee73364ef987f467e2c9259eefd2e
MR62X_SDK,MR62X_SDK_Paket/selected_sources/sdk/openwrt-21.02/package/backports/src/drivers/net/wireless/realtek/rtl8192fe/WlanHAL/Data/8197F/TXPWR_LMT_8197Fmp_Type4.txt,4398,37b9f2e0561c0ada26d415b1c54d17dca33ee73364ef987f467e2c9259eefd2e
MR62X_SDK,MR62X_SDK_Paket/selected_sources/sdk/openwrt-21.02/package/backports/src/drivers/net/wireless/realtek/rtl8192fe/WlanHAL/Data/8197F/TXPWR_LMT_8197Fmp_Type5.txt,4398,f8d2028195c660e723c83348816a7bbaf43b3499d8413189c3ecf6d4586e746c
MR62X_SDK,MR62X_SDK_Paket/selected_sources/sdk/openwrt-21.02/package/backports/src/drivers/net/wireless/realtek/rtl8192fe/WlanHAL/Data/8197F/TXPWR_LMT_8197Fmp_Type6.txt,4398,37b9f2e0561c0ada26d415b1c54d17dca33ee73364ef987f467e2c9259eefd2e
MR62X_SDK,MR62X_SDK_Paket/selected_sources/sdk/openwrt-21.02/package/backports/src/drivers/net/wireless/realtek/rtl8192fe/WlanHAL/Data/8197F/TxPowerTrack_AP_8197Fmp.txt,1374,28253e196a21ee25e057929672a755b624fd617e38351ab76366c5cedcc392d2
MR62X_SDK,MR62X_SDK_Paket/selected_sources/sdk/openwrt-21.02/package/backports/src/drivers/net/wireless/realtek/rtl8192fe/WlanHAL/Data/8197F/Version.txt,58,1d4b3199d8fae29397f59844345c3f080a8e62d374c838df45866f3e7a330065
MR62X_SDK,MR62X_SDK_Paket/selected_sources/sdk/openwrt-21.02/package/backports/src/drivers/net/wireless/realtek/rtl8192fe/WlanHAL/Data/8197F/rtl8197Ffw.bin,56080,61d6ef42cd8ff6af6c83649fdf18ea654abc9a62a43cc12f9369a2732a509515
MR62X_SDK,MR62X_SDK_Paket/selected_sources/sdk/openwrt-21.02/package/backports/src/drivers/net/wireless/realtek/rtl8192fe/WlanHAL/RTL88XX/RTL8197F/Hal8197FCfg.h,2647,17f2632fdb74c3c7c4bf764f192de9d826f79680556111dbce05f39cf165a993
MR62X_SDK,MR62X_SDK_Paket/selected_sources/sdk/openwrt-21.02/package/backports/src/drivers/net/wireless/realtek/rtl8192fe/WlanHAL/RTL88XX/RTL8197F/Hal8197FDef.h,6462,d9e03fc6706b98615be6bff352f3934412749ea2c6580e2ba26dbb2c45a44791
MR62X_SDK,MR62X_SDK_Paket/selected_sources/sdk/openwrt-21.02/package/backports/src/drivers/net/wireless/realtek/rtl8192fe/WlanHAL/RTL88XX/RTL8197F/Hal8197FFirmware.c,0,e3b0c44298fc1c149afbf4c8996fb92427ae41e4649b934ca495991b7852b855
MR62X_SDK,MR62X_SDK_Paket/selected_sources/sdk/openwrt-21.02/package/backports/src/drivers/net/wireless/realtek/rtl8192fe/WlanHAL/RTL88XX/RTL8197F/Hal8197FFirmware.h,0,e3b0c44298fc1c149afbf4c8996fb92427ae41e4649b934ca495991b7852b855
MR62X_SDK,MR62X_SDK_Paket/selected_sources/sdk/openwrt-21.02/package/backports/src/drivers/net/wireless/realtek/rtl8192fe/WlanHAL/RTL88XX/RTL8197F/Hal8197FGen.c,13799,fc52b7bdfd2aa2a8662702e2fbce8cf04b97e2238807c27e56742c39db8a6407
MR62X_SDK,MR62X_SDK_Paket/selected_sources/sdk/openwrt-21.02/package/backports/src/drivers/net/wireless/realtek/rtl8192fe/WlanHAL/RTL88XX/RTL8197F/Hal8197FHWImg.c,0,e3b0c44298fc1c149afbf4c8996fb92427ae41e4649b934ca495991b7852b855
MR62X_SDK,MR62X_SDK_Paket/selected_sources/sdk/openwrt-21.02/package/backports/src/drivers/net/wireless/realtek/rtl8192fe/WlanHAL/RTL88XX/RTL8197F/Hal8197FHWImg.h,0,e3b0c44298fc1c149afbf4c8996fb92427ae41e4649b934ca495991b7852b855
MR62X_SDK,MR62X_SDK_Paket/selected_sources/sdk/openwrt-21.02/package/backports/src/drivers/net/wireless/realtek/rtl8192fe/WlanHAL/RTL88XX/RTL8197F/Hal8197FIsr.c,0,e3b0c44298fc1c149afbf4c8996fb92427ae41e4649b934ca495991b7852b855
MR62X_SDK,MR62X_SDK_Paket/selected_sources/sdk/openwrt-21.02/package/backports/src/drivers/net/wireless/realtek/rtl8192fe/WlanHAL/RTL88XX/RTL8197F/Hal8197FPhyCfg.c,2414,51b22ce78fefcd2075a3ff924f502af64c86a1b5c461c8f458dc0dfe7cfe7744
MR62X_SDK,MR62X_SDK_Paket/selected_sources/sdk/openwrt-21.02/package/backports/src/drivers/net/wireless/realtek/rtl8192fe/WlanHAL/RTL88XX/RTL8197F/Hal8197FPhyCfg.h,1138,ec78545263b656168d22adc1013328e2911701c3321fe0aa4ef5c4a768c4668a
MR62X_SDK,MR62X_SDK_Paket/selected_sources/sdk/openwrt-21.02/package/backports/src/drivers/net/wireless/realtek/rtl8192fe/WlanHAL/RTL88XX/RTL8197F/Hal8197FPwrSeqCmd.c,2681,3c177b26c3ebc859ccfe0054fa9ab1aee1cdf24327bd2a6ac35146f6201bd2aa
MR62X_SDK,MR62X_SDK_Paket/selected_sources/sdk/openwrt-21.02/package/backports/src/drivers/net/wireless/realtek/rtl8192fe/WlanHAL/RTL88XX/RTL8197F/Hal8197FPwrSeqCmd.h,17816,90fa5069365e6ebf273010b1e530c235328e087497d756782f707a5a7bd39c3d
MR62X_SDK,MR62X_SDK_Paket/selected_sources/sdk/openwrt-21.02/package/backports/src/drivers/net/wireless/realtek/rtl8192fe/WlanHAL/RTL88XX/RTL8197F/Hal8197FReg.h,1,01ba4719c80b6fe911b091a7c05124b64eeece964e09c058ef8f9805daca546b
MR62X_SDK,MR62X_SDK_Paket/selected_sources/sdk/openwrt-21.02/package/backports/src/drivers/net/wireless/realtek/rtl8192fe/WlanHAL/RTL88XX/RTL8197F/Hal8197FRxDesc.c,0,e3b0c44298fc1c149afbf4c8996fb92427ae41e4649b934ca495991b7852b855
MR62X_SDK,MR62X_SDK_Paket/selected_sources/sdk/openwrt-21.02/package/backports/src/drivers/net/wireless/realtek/rtl8192fe/WlanHAL/RTL88XX/RTL8197F/Hal8197FRxDesc.h,0,e3b0c44298fc1c149afbf4c8996fb92427ae41e4649b934ca495991b7852b855
MR62X_SDK,MR62X_SDK_Paket/selected_sources/sdk/openwrt-21.02/package/backports/src/drivers/net/wireless/realtek/rtl8192fe/WlanHAL/RTL88XX/RTL8197F/Hal8197FTxDesc.c,0,e3b0c44298fc1c149afbf4c8996fb92427ae41e4649b934ca495991b7852b855
MR62X_SDK,MR62X_SDK_Paket/selected_sources/sdk/openwrt-21.02/package/backports/src/drivers/net/wireless/realtek/rtl8192fe/WlanHAL/RTL88XX/RTL8197F/Hal8197FTxDesc.h,592,c82d67bcaee3b0caea0503dd1427e91dbf0ff5ed7cc46c9c1ee76ee706717d87
MR62X_SDK,MR62X_SDK_Paket/selected_sources/sdk/openwrt-21.02/package/backports/src/drivers/net/wireless/realtek/rtl8192fe/WlanHAL/RTL88XX/RTL8197F/Hal8197FVerify.c,0,e3b0c44298fc1c149afbf4c8996fb92427ae41e4649b934ca495991b7852b855
MR62X_SDK,MR62X_SDK_Paket/selected_sources/sdk/openwrt-21.02/package/backports/src/drivers/net/wireless/realtek/rtl8192fe/WlanHAL/RTL88XX/RTL8197F/Hal8197FVerify.h,0,e3b0c44298fc1c149afbf4c8996fb92427ae41e4649b934ca495991b7852b855
MR62X_SDK,MR62X_SDK_Paket/selected_sources/sdk/openwrt-21.02/package/backports/src/drivers/net/wireless/realtek/rtl8192fe/WlanHAL/RTL88XX/RTL8197F/RTL8197FE/Hal8197FEDef.h,586,0dad949d7fcf46a54a1e2af2285422157f901a09e49e9277464734766778a558
MR62X_SDK,MR62X_SDK_Paket/selected_sources/sdk/openwrt-21.02/package/backports/src/drivers/net/wireless/realtek/rtl8192fe/WlanHAL/RTL88XX/RTL8197F/RTL8197FE/Hal8197FEGen.c,8616,d6991924ee2c81c4428f16ee237d7997c622aa3ab4e3be8cf56b412e80406333
MR62X_SDK,MR62X_SDK_Paket/selected_sources/sdk/openwrt-21.02/package/backports/src/drivers/net/wireless/realtek/rtl8192fe/phydm/halrf/rtl8197f/halhwimg8197f_rf.c,78128,da4341080fde556692267a67110b7895a5cbcd65c3c5ac8c8aa4c23d5f74e3c2
MR62X_SDK,MR62X_SDK_Paket/selected_sources/sdk/openwrt-21.02/package/backports/src/drivers/net/wireless/realtek/rtl8192fe/phydm/halrf/rtl8197f/halhwimg8197f_rf.h,6563,9f3bb3ee4a4ab6257fc9961ed17ada196440b310b145c2c4ff5cc343d171e374
MR62X_SDK,MR62X_SDK_Paket/selected_sources/sdk/openwrt-21.02/package/backports/src/drivers/net/wireless/realtek/rtl8192fe/phydm/halrf/rtl8197f/halrf_8197f.c,11628,3906e4bf15fad110eba0294b784c3abdb348d0b422931375eff6a9d5f6af5fe3
MR62X_SDK,MR62X_SDK_Paket/selected_sources/sdk/openwrt-21.02/package/backports/src/drivers/net/wireless/realtek/rtl8192fe/phydm/halrf/rtl8197f/halrf_8197f.h,1608,b95c2ad575b599299f27635b215b9ab9198d4fecbd5440799517588f4b8997ea
MR62X_SDK,MR62X_SDK_Paket/selected_sources/sdk/openwrt-21.02/package/backports/src/drivers/net/wireless/realtek/rtl8192fe/phydm/halrf/rtl8197f/halrf_dpk_8197f.c,64684,e358b238e54a456089939114caacb21da6a52fdfdd28b9927b21e425f5a622a9
MR62X_SDK,MR62X_SDK_Paket/selected_sources/sdk/openwrt-21.02/package/backports/src/drivers/net/wireless/realtek/rtl8192fe/phydm/halrf/rtl8197f/halrf_dpk_8197f.h,1977,2a917381e6477d4835ede1616918259db5cd0235bd7fb31de49f6612750fd384
MR62X_SDK,MR62X_SDK_Paket/selected_sources/sdk/openwrt-21.02/package/backports/src/drivers/net/wireless/realtek/rtl8192fe/phydm/halrf/rtl8197f/halrf_iqk_8197f.c,53765,ef3b9ceec50ec853e60d19de0eca1da4498be1775bad880eb262596f34d096b5
MR62X_SDK,MR62X_SDK_Paket/selected_sources/sdk/openwrt-21.02/package/backports/src/drivers/net/wireless/realtek/rtl8192fe/phydm/halrf/rtl8197f/halrf_iqk_8197f.h,1450,c43d59034840a9a4dcfbf430d045d04d83d3cdcd356420ca0930ebd6e90eefed
MR62X_SDK,MR62X_SDK_Paket/selected_sources/sdk/openwrt-21.02/package/backports/src/drivers/net/wireless/realtek/rtl8192fe/phydm/halrf/rtl8197f/version_rtl8197f_rf.h,1030,3511e7a3967deeda9bee9085d6154e8368c29b134a7db8e9f2ac5b1cb0ad8266
MR62X_SDK,MR62X_SDK_Paket/selected_sources/sdk/openwrt-21.02/package/base-files/files/etc/banner,372,4be774f7a36573a8ef970a4ed1c0571043edb0078308ff264c793cacbd53d6d6
MR62X_SDK,MR62X_SDK_Paket/selected_sources/sdk/openwrt-21.02/package/base-files/files/etc/banner.failsafe,461,fa1429cb2a86469f4ddf70f61e355b55788d33975992c6374f4c5ca7c03780f9
MR62X_SDK,MR62X_SDK_Paket/selected_sources/sdk/openwrt-21.02/package/base-files/files/etc/board.d/99-default_network,266,e2c1ceb8b6105ecd17a2c0346f5e257552500cccad1fed4fadbfb7895437fbc5
MR62X_SDK,MR62X_SDK_Paket/selected_sources/sdk/openwrt-21.02/package/base-files/files/etc/device_info,95,1378e1ec8c46429762870e28f4e64e079fece26e76ea6b3495fc6be8645c6418
MR62X_SDK,MR62X_SDK_Paket/selected_sources/sdk/openwrt-21.02/package/base-files/files/etc/diag.sh,948,6eb1bce44d815f2bacbb0d929421d53b883ee24650d684dc82a1a0462d6720ec
MR62X_SDK,MR62X_SDK_Paket/selected_sources/sdk/openwrt-21.02/package/base-files/files/etc/ethers,130,56bda09b0aa3d1e88107bfa8a1c6e4449d5c1f47245dc1c4037ff9b5db163b7c
MR62X_SDK,MR62X_SDK_Paket/selected_sources/sdk/openwrt-21.02/package/base-files/files/etc/fstab,61,bdf59c1cd092f180f21815b7ac2aed1c5709a492f1396511631192ff610e5f00
MR62X_SDK,MR62X_SDK_Paket/selected_sources/sdk/openwrt-21.02/package/base-files/files/etc/group,137,45e8cab268d4a2254d48ccb1f889630047e81758de54a614cad5449fdbebe19c
MR62X_SDK,MR62X_SDK_Paket/selected_sources/sdk/openwrt-21.02/package/base-files/files/etc/hosts,110,c1a978d90673437b35fa9494e0a54294062c152bb653d490b718052ab88447fd
MR62X_SDK,MR62X_SDK_Paket/selected_sources/sdk/openwrt-21.02/package/base-files/files/etc/hotplug.d/net/00-sysctl,236,d294992711d4fbb48d621b291ef440d50250de7d86969cb8d8f95cda52efaaab
MR62X_SDK,MR62X_SDK_Paket/selected_sources/sdk/openwrt-21.02/package/base-files/files/etc/init.d/boot,1333,1702ed7792c35e056286662c984d9a63aa7d186b307f9b29265be13c2c9a8b41
MR62X_SDK,MR62X_SDK_Paket/selected_sources/sdk/openwrt-21.02/package/base-files/files/etc/init.d/done,263,a0ab74adcc109ffc4987c5b81fc55acbd656cde0ff9d4d8a048f0864e668556d
MR62X_SDK,MR62X_SDK_Paket/selected_sources/sdk/openwrt-21.02/package/base-files/files/etc/init.d/gpio_switch,1379,02f382d7cc0b538a38d314be346c5d752bcdc9434c4c8481026ce3a991dd7ea4
MR62X_SDK,MR62X_SDK_Paket/selected_sources/sdk/openwrt-21.02/package/base-files/files/etc/init.d/led,3502,af63393541136c04e882b225275d72f1bd33481795a66a160ad671e19e68b923
MR62X_SDK,MR62X_SDK_Paket/selected_sources/sdk/openwrt-21.02/package/base-files/files/etc/init.d/sysctl,1212,4cf88ade47f2fb71c8ad5db9f605e20a8d1cf64d28e1934da75c8b19a17d7584
MR62X_SDK,MR62X_SDK_Paket/selected_sources/sdk/openwrt-21.02/package/base-files/files/etc/init.d/sysfixtime,662,7bd44b069ae231e611f58edf92d7c5b8253d9931c66c3051618dd620b7ac2d5c
MR62X_SDK,MR62X_SDK_Paket/selected_sources/sdk/openwrt-21.02/package/base-files/files/etc/init.d/system,1007,55a16f8e7940740d3370a2c4f80ccaeea905082fba5f358096c27401bf7ab82a
MR62X_SDK,MR62X_SDK_Paket/selected_sources/sdk/openwrt-21.02/package/base-files/files/etc/init.d/umount,125,b7e3dbb6d8d8c2f2fad0468bc1d4c0ad833adec164d701a7e59e2b579db9c2ce
MR62X_SDK,MR62X_SDK_Paket/selected_sources/sdk/openwrt-21.02/package/base-files/files/etc/inittab,106,8b395f7d827753e1e92d4a1c369d9fe16caa23bf742b3f78e4599c4dd9b1b6e3
MR62X_SDK,MR62X_SDK_Paket/selected_sources/sdk/openwrt-21.02/package/base-files/files/etc/iproute2/ematch_map,81,0b1d73102310eedcb0b6a6f1b104c40d9d7a33ab5150c88a4698d0d6ab2b8659
MR62X_SDK,MR62X_SDK_Paket/selected_sources/sdk/openwrt-21.02/package/base-files/files/etc/iproute2/rt_protos,152,a0712b1771c8d5f3e0dcf9a6314880e71aa3498ea1ae873535bdfcf70d814061
MR62X_SDK,MR62X_SDK_Paket/selected_sources/sdk/openwrt-21.02/package/base-files/files/etc/iproute2/rt_tables,100,f771e2b81741f70e3faf658dc504f0dc048672fc8caaadea15e46c35da3de8f8
MR62X_SDK,MR62X_SDK_Paket/selected_sources/sdk/openwrt-21.02/package/base-files/files/etc/openwrt_release,148,7d7aca6cd9c60a7a6aa5f1ba9b3a0989c3011b6e75198b72769ade7db7ba7e58
MR62X_SDK,MR62X_SDK_Paket/selected_sources/sdk/openwrt-21.02/package/base-files/files/etc/openwrt_version,3,06a5df811b7a2c06c83b7fd4984153cd1c06bec5c6bda9f5a0b184ee8a6c5fc9
MR62X_SDK,MR62X_SDK_Paket/selected_sources/sdk/openwrt-21.02/package/base-files/files/etc/passwd,190,6a451aa33393f47ade89b8bce4d9711818c2630394c3967265ffed276bb25a55
MR62X_SDK,MR62X_SDK_Paket/selected_sources/sdk/openwrt-21.02/package/base-files/files/etc/preinit,586,7254c466bd5461af81010c0bd422bdde1464b862c640a9c81ec07eaab995dda2
MR62X_SDK,MR62X_SDK_Paket/selected_sources/sdk/openwrt-21.02/package/base-files/files/etc/profile,1023,e54cc63c8aad2a141c89c544c3f837fdc9f0d8ffa7a3bf44a6b0985404e935d8
MR62X_SDK,MR62X_SDK_Paket/selected_sources/sdk/openwrt-21.02/package/base-files/files/etc/protocols,2541,7d551355d5540b07b9d86e623cbbc4abecbb94d2a662b3afcc917940eb0e3d52
MR62X_SDK,MR62X_SDK_Paket/selected_sources/sdk/openwrt-21.02/package/base-files/files/etc/rc.button/failsafe,87,e3be88fc5e21d138e0f8fe8f6eb74da2f3664c5d130f764e79f24f6909513048
MR62X_SDK,MR62X_SDK_Paket/selected_sources/sdk/openwrt-21.02/package/base-files/files/etc/rc.button/power,81,5e81f600a141e497058fdf1ccf3b619b74b19447302c41423234eb579527927b
MR62X_SDK,MR62X_SDK_Paket/selected_sources/sdk/openwrt-21.02/package/base-files/files/etc/rc.button/reboot,134,6423e1dc3179669ec513fe94db93aa08dfe186324f22705daaac7bba41a7d76c
MR62X_SDK,MR62X_SDK_Paket/selected_sources/sdk/openwrt-21.02/package/base-files/files/etc/rc.button/reset,419,f58a639fd649767572f345b628960d5694ff51cd4dc829474d2651ad63a51adb
MR62X_SDK,MR62X_SDK_Paket/selected_sources/sdk/openwrt-21.02/package/base-files/files/etc/rc.button/rfkill,526,8e4f75daad6ae7fdfb99450d2317c8a36a5448c0bc3248afbe736eb4ba1ef5fa
MR62X_SDK,MR62X_SDK_Paket/selected_sources/sdk/openwrt-21.02/package/base-files/files/etc/rc.common,3233,ebeeedc132a75942ce876465e4636a75f745e468c573fdf9ad058e57e58a0341
MR62X_SDK,MR62X_SDK_Paket/selected_sources/sdk/openwrt-21.02/package/base-files/files/etc/rc.local,132,515018aa94eb4937dade12dc0d69890b352af35a5ab5fb8203f9ed10990ac06f
MR62X_SDK,MR62X_SDK_Paket/selected_sources/sdk/openwrt-21.02/package/base-files/files/etc/services,3073,754ccc71ca347bc79ac4c45139d416b7cf1e65a919dad1db15613a216cd6b9cc
MR62X_SDK,MR62X_SDK_Paket/selected_sources/sdk/openwrt-21.02/package/base-files/files/etc/shadow,115,ccbbfeee2dd560403fea13f7f431ebd21d9bb4b3d41e48e892013fa451f91cc4
MR62X_SDK,MR62X_SDK_Paket/selected_sources/sdk/openwrt-21.02/package/base-files/files/etc/shells,9,8b35ce73c18161a7d7ed16fa244410993bd031515260e3e0c11749047df48d0a
MR62X_SDK,MR62X_SDK_Paket/selected_sources/sdk/openwrt-21.02/package/base-files/files/etc/shinit,1120,7e7648d7bc6eb02fe0b24a87425d7d4ffc6600abd19f0954616662ce924f2446
MR62X_SDK,MR62X_SDK_Paket/selected_sources/sdk/openwrt-21.02/package/base-files/files/etc/sysctl.conf,80,c02fe88dc055a1eaee9e7cb631760a3a5a9cea55610b42aa45196838c6f1a55e
MR62X_SDK,MR62X_SDK_Paket/selected_sources/sdk/openwrt-21.02/package/base-files/files/etc/sysctl.d/10-default.conf,702,824b1a4ddce0230d501fa245ab0035d8006b492ad9de1a951eea739254db3ea7
MR62X_SDK,MR62X_SDK_Paket/selected_sources/sdk/openwrt-21.02/package/base-files/files/etc/sysupgrade.conf,128,9e87b05fe2f12c84d1c465b396322748479f64bc40e5bab061887f0bd95020a6
MR62X_SDK,MR62X_SDK_Paket/selected_sources/sdk/openwrt-21.02/package/base-files/files/etc/uci-defaults/10_migrate-shadow,395,2e15b0ec33535a6576e847de7185535aa8233b1f24b3ea2039c8cf2876b7db10
MR62X_SDK,MR62X_SDK_Paket/selected_sources/sdk/openwrt-21.02/package/base-files/files/etc/uci-defaults/12_network-generate-ula,369,5e4794350c59ff46ccb4feaa85a6a5ff262ee04598767f783a2c57122b6e49c7
MR62X_SDK,MR62X_SDK_Paket/selected_sources/sdk/openwrt-21.02/package/base-files/files/etc/uci-defaults/13_fix-group-user,179,32092df897127daa528199c37750e7e29772e1a40ee34f525a2d879c86157732
MR62X_SDK,MR62X_SDK_Paket/selected_sources/sdk/openwrt-21.02/package/uboot/realtek/generic/INSTALL,2479,a26ce283ff827d92e9027257e1611b63aaa98c14f9536aca3e1a79743cf328ff
MR62X_SDK,MR62X_SDK_Paket/selected_sources/sdk/openwrt-21.02/package/uboot/realtek/generic/Makefile,5218,b43076e820d02a6a25e535d3c3f2fb7aa2755d4f6f4f1f019ebd599b1a1710e9
MR62X_SDK,MR62X_SDK_Paket/selected_sources/sdk/openwrt-21.02/package/uboot/realtek/generic/boot/Makefile,20681,58e669613b24474c90b83ea8cba1613075f50516c99f06983d02fa5080a9c4c5
MR62X_SDK,MR62X_SDK_Paket/selected_sources/sdk/openwrt-21.02/package/uboot/realtek/generic/boot/arch/mips/kernel/cache.S,6379,c4e46b7f5c0d981e9b58b2a071a7f99cbeff1545bbe12b8c7b08127bea03f43a
MR62X_SDK,MR62X_SDK_Paket/selected_sources/sdk/openwrt-21.02/package/uboot/realtek/generic/boot/arch/mips/kernel/cache_c.c,7660,5444ca47965d8468a4cd92fc52f02c5fef40720549563dbd98ef461614a7e2d2
MR62X_SDK,MR62X_SDK_Paket/selected_sources/sdk/openwrt-21.02/package/uboot/realtek/generic/boot/arch/mips/kernel/head.S,6398,e99905bd49e9305fab84bf80009c748516c3234ea5b3d783886ea8521fb846b8
MR62X_SDK,MR62X_SDK_Paket/selected_sources/sdk/openwrt-21.02/package/uboot/realtek/generic/boot/arch/mips/kernel/setup.c,3433,5fe2766569c053a616ba718b7c7fc497a51a9acf816c8ca94085e53d519718be
MR62X_SDK,MR62X_SDK_Paket/selected_sources/sdk/openwrt-21.02/package/uboot/realtek/generic/boot/crypto/Makefile,199,6f2ed9ad50f3c2d1173b2bdefe3eee83d01f3f226cd0326faf0e4451fb932d21
MR62X_SDK,MR62X_SDK_Paket/selected_sources/sdk/openwrt-21.02/package/uboot/realtek/generic/boot/crypto/crypto_engine/Makefile,639,e73d295901f8899a5d1c6c403b65767df8998f5da732faf07ad759218417357f
MR62X_SDK,MR62X_SDK_Paket/selected_sources/sdk/openwrt-21.02/package/uboot/realtek/generic/boot/crypto/crypto_engine/hmac.c,2179,354a7cb1561b5e2b14db4d3e945d7e34a8124005d40dace5c40ae6bd64268123
MR62X_SDK,MR62X_SDK_Paket/selected_sources/sdk/openwrt-21.02/package/uboot/realtek/generic/boot/crypto/crypto_engine/hmac.h,1084,5a766986a2d0121bdc90d7ea8a7ff5a49046f67d5b4d7d7b36a0f0994374cdc0
MR62X_SDK,MR62X_SDK_Paket/selected_sources/sdk/openwrt-21.02/package/uboot/realtek/generic/boot/crypto/crypto_engine/md5.c,11277,39518463d8e5e86f66916a8280a7edfea55c1b554374e93f8ccb3c84d3daf9c5
MR62X_SDK,MR62X_SDK_Paket/selected_sources/sdk/openwrt-21.02/package/uboot/realtek/generic/boot/crypto/crypto_engine/md5.h,2623,4d5be8ab73c72acb2ac12264caaf9d0e34b704304462929c723614123329f784
MR62X_SDK,MR62X_SDK_Paket/selected_sources/sdk/openwrt-21.02/package/uboot/realtek/generic/boot/crypto/crypto_engine/rtl_ipsec.c,38873,02d393ce9e9ac2939d5748dc5e4db94c2b138974d521cac8ff57b34a713a87ac
MR62X_SDK,MR62X_SDK_Paket/selected_sources/sdk/openwrt-21.02/package/uboot/realtek/generic/boot/crypto/crypto_engine/rtl_ipsec.h,8103,11bf4a3c2957c7b08d31bfd5e972d06d8a77a967f2baead0669dc12cb0be260c
MR62X_SDK,MR62X_SDK_Paket/selected_sources/sdk/openwrt-21.02/package/uboot/realtek/generic/boot/crypto/crypto_engine/rtl_ipsec_test.c,41649,b7b433053c61fc87a37b5f46ecac00fe508039c9d412ec4c246860250eab3282
MR62X_SDK,MR62X_SDK_Paket/selected_sources/sdk/openwrt-21.02/package/uboot/realtek/generic/boot/crypto/crypto_engine/sha1.c,9290,c56a8261c3ad3ad703700e2ad4dae054d48129c0a596a74d815204452da16a83
MR62X_SDK,MR62X_SDK_Paket/selected_sources/sdk/openwrt-21.02/package/uboot/realtek/generic/boot/crypto/crypto_engine/sha1.h,2492,1b5548463f0f9dddb8949a76c4a5896592f1869a38c0c342d22a9b196d769522
MR62X_SDK,MR62X_SDK_Paket/selected_sources/sdk/openwrt-21.02/package/uboot/realtek/generic/boot/crypto/crypto_engine/sw_sim/Makefile,188,65bd8dfa35c42cb24b48763a8b4de96dece2245771dfcd8e1496e41c799cb0e4
MR62X_SDK,MR62X_SDK_Paket/selected_sources/sdk/openwrt-21.02/package/uboot/realtek/generic/boot/crypto/crypto_engine/sw_sim/aes.h,4166,3aa89010ef111263d1612523227aad95d062def96c0f9031dd3de6869ade67f6
MR62X_SDK,MR62X_SDK_Paket/selected_sources/sdk/openwrt-21.02/package/uboot/realtek/generic/boot/crypto/crypto_engine/sw_sim/aesSim.c,2084,85af18dc1eb0d1c9f9a7d1ed89fb033429fe60bdb16e5301c225db9a883aa615
MR62X_SDK,MR62X_SDK_Paket/selected_sources/sdk/openwrt-21.02/package/uboot/realtek/generic/boot/crypto/crypto_engine/sw_sim/aesSim.h,658,13caac7b1d2bb289bc5045f06f7b3e697fafaf42a9894ab574ae4a5c104e668e
MR62X_SDK,MR62X_SDK_Paket/selected_sources/sdk/openwrt-21.02/package/uboot/realtek/generic/boot/crypto/crypto_engine/sw_sim/aes_1.h,5431,5162c26ad669ac8e8b2636776ec4f76154efd44900e7fdd4311f114d92facc43
MR62X_SDK,MR62X_SDK_Paket/selected_sources/sdk/openwrt-21.02/package/uboot/realtek/generic/boot/crypto/crypto_engine/sw_sim/aes_block.c,7108,7e68fa17fe35918ea633560900ea56b703908775f5259c90d46f8bb2b5c53247
MR62X_SDK,MR62X_SDK_Paket/selected_sources/sdk/openwrt-21.02/package/uboot/realtek/generic/boot/crypto/crypto_engine/sw_sim/aes_core.c,62323,2e57097e46aeeab13ed9be93b9b687d6b02007a27c8da0b2484e718f89851385
MR62X_SDK,MR62X_SDK_Paket/selected_sources/sdk/openwrt-21.02/package/uboot/realtek/generic/boot/crypto/crypto_engine/sw_sim/aes_locl.h,3303,60c05cae24d390ba4d0ed57dc6385099d46e2f8be1255f45603288b2e4928e85
MR62X_SDK,MR62X_SDK_Paket/selected_sources/sdk/openwrt-21.02/package/uboot/realtek/generic/boot/crypto/crypto_engine/sw_sim/authSim.c,10219,7155509f3a3dd7377a9fec91b617d8139988e6c582ea9d8e5a72f2964ea48803
MR62X_SDK,MR62X_SDK_Paket/selected_sources/sdk/openwrt-21.02/package/uboot/realtek/generic/boot/crypto/crypto_engine/sw_sim/authSim.h,1829,28e3ec2344a6485f74a03a7d21c4b5c53812fe82e3e410978f4bca529ad954ab
MR62X_SDK,MR62X_SDK_Paket/selected_sources/sdk/openwrt-21.02/package/uboot/realtek/generic/boot/crypto/crypto_engine/sw_sim/des.h,5932,3b1fe033c55b0a512a40e87602cd210cfadc51a500e9371c8211cdb58d880e8f
MR62X_SDK,MR62X_SDK_Paket/selected_sources/sdk/openwrt-21.02/package/uboot/realtek/generic/boot/crypto/crypto_engine/sw_sim/desSim.c,6090,f492946af3f5c22a2f6868cfc0c4329b1e3e03150f14dba775d01157ccb65c60
MR62X_SDK,MR62X_SDK_Paket/selected_sources/sdk/openwrt-21.02/package/uboot/realtek/generic/boot/crypto/crypto_engine/sw_sim/desSim.h,2371,9a922f47ebfacdb0b38834b5e60644d86597f6fb1af44c9c97445da8dea38277
MR62X_SDK,MR62X_SDK_Paket/selected_sources/sdk/openwrt-21.02/package/uboot/realtek/generic/boot/crypto/crypto_engine/sw_sim/des_ecb.c,17971,89aef56ec51777048cf6c7d16969e95d8c1ed481083dfde854171ca28f8fc10a
MR62X_SDK,MR62X_SDK_Paket/selected_sources/sdk/openwrt-21.02/package/uboot/realtek/generic/boot/crypto/crypto_engine/sw_sim/des_locl.h,9926,a17408085326cd8dfd5e4c98a29210328f6b93319aaac7ca25b0babc8316b798
MR62X_SDK,MR62X_SDK_Paket/selected_sources/sdk/openwrt-21.02/package/uboot/realtek/generic/boot/crypto/crypto_engine/sw_sim/des_setkey.c,8632,028eb1b8a3a5106444d60406ec2717425669267d1ad605203724ee75b7e05411
MR62X_SDK,MR62X_SDK_Paket/selected_sources/sdk/openwrt-21.02/package/uboot/realtek/generic/boot/crypto/crypto_engine/sw_sim/podd.h,4641,7577ebdfc97a52e73772fd87655412c02c78e599d6616091afb359a87cb29d2b
MR62X_SDK,MR62X_SDK_Paket/selected_sources/sdk/openwrt-21.02/package/uboot/realtek/generic/boot/crypto/crypto_engine/sw_sim/rtl_glue.h,55,c5c530823d16c5d939a2dade69472d176da3e98783d14f6dca7ecec6a6ff79bf
MR62X_SDK,MR62X_SDK_Paket/selected_sources/sdk/openwrt-21.02/package/uboot/realtek/generic/boot/crypto/crypto_engine/sw_sim/sk.h,10363,7a8136fd8903444b1d16de6f6629560244472a9c9cecf6bb5b6c50d1c88f341f
MR62X_SDK,MR62X_SDK_Paket/selected_sources/sdk/openwrt-21.02/package/uboot/realtek/generic/boot/crypto/crypto_engine/sw_sim/spr.h,10406,65692abbc67b3fc7ac42bb1a4c29728695d6a15db368b1ecb6dd7871657e5d03
MR62X_SDK,MR62X_SDK_Paket/selected_sources/sdk/openwrt-21.02/package/uboot/realtek/generic/boot/crypto/rtl_crypto.c,2701,dff3a750c820fa4c8bd4851d2effb54f222aaf5ce0cf64fb641b63f3101147c4
MR62X_SDK,MR62X_SDK_Paket/selected_sources/sdk/openwrt-21.02/package/uboot/realtek/generic/boot/crypto/rtl_crypto_helper.c,10314,fabc8c40268a6afd2d1957b1d9de328f6ae0a495a7f37222da551fdb75df9e5c
MR62X_SDK,MR62X_SDK_Paket/selected_sources/sdk/openwrt-21.02/package/uboot/realtek/generic/boot/crypto/rtl_crypto_helper.h,1017,8c0b8ab33b2f44db62f794da7d202701462d1f6c0d6cf984b0b1f002c1d96cc9
MR62X_SDK,MR62X_SDK_Paket/selected_sources/sdk/openwrt-21.02/package/uboot/realtek/generic/boot/crypto/rtl_crypto_wrapper.c,10055,9d766e32b72278ccedb8dcea66a099aedc77d06422d7b92ee45b6cbc67c9e846
MR62X_SDK,MR62X_SDK_Paket/selected_sources/sdk/openwrt-21.02/package/uboot/realtek/generic/boot/crypto/rtl_crypto_wrapper.h,5933,3f5880875547cc093a755bd45fa2c1d90be19aa6ac7d6f4824d63016b6fda0bf
MR62X_SDK,MR62X_SDK_Paket/selected_sources/sdk/openwrt-21.02/package/uboot/realtek/generic/boot/crypto/rtl_fast_openvpn.c,74009,f562180297668dca6600261037e31625a0a8da4e72d70716a6c088976fcd4363
MR62X_SDK,MR62X_SDK_Paket/selected_sources/sdk/openwrt-21.02/package/uboot/realtek/generic/boot/crypto/rtl_fast_openvpn.h,4611,f0f0f53e7561461cad347b261bdab86d693fb5e29e24094d1f1be8e0e5115d4e
MR62X_SDK,MR62X_SDK_Paket/selected_sources/sdk/openwrt-21.02/package/uboot/realtek/generic/boot/crypto/rtl_openvpn_common.c,2477,0063b0fe69b581bf62837768729615210bde2f91a6bf408b851d5356e41aa587
MR62X_SDK,MR62X_SDK_Paket/selected_sources/sdk/openwrt-21.02/package/uboot/realtek/generic/boot/ed25519-donna/README.md,8155,ce7e04079bf12928d5e66126b4becd6aedcb6ba94f2f44dbc81b93cf7f4e5133
MR62X_SDK,MR62X_SDK_Paket/selected_sources/sdk/openwrt-21.02/package/uboot/realtek/generic/boot/ed25519-donna/curve25519-donna-32bit.h,22614,f92c32aa69d5a015a81b96bfd75063061447bcc60b79d7fa48f4056262addd39
MR62X_SDK,MR62X_SDK_Paket/selected_sources/sdk/openwrt-21.02/package/uboot/realtek/generic/boot/ed25519-donna/curve25519-donna-64bit.h,14869,200b6f43ab3ef2a4c835a79c3795d169f4762f19b51af1f950952587f6573310
MR62X_SDK,MR62X_SDK_Paket/selected_sources/sdk/openwrt-21.02/package/uboot/realtek/generic/boot/ed25519-donna/curve25519-donna-helpers.h,2374,a3cd2e774f9f57cfe16ac7b010085590464c602b9eb64e704d48b25860a7e9a1
MR62X_SDK,MR62X_SDK_Paket/selected_sources/sdk/openwrt-21.02/package/uboot/realtek/generic/boot/ed25519-donna/curve25519-donna-sse2.h,58626,fa8e7894e269b0667c18d0ec9c66025468c0d1fd2b7e370d026d2239c95d8758
MR62X_SDK,MR62X_SDK_Paket/selected_sources/sdk/openwrt-21.02/package/uboot/realtek/generic/boot/ed25519-donna/ed25519-donna-32bit-sse2.h,18640,c7b3658eb060f1ece83865a979bb48125ff45cc65f70ade96e51377c2109ab71
MR62X_SDK,MR62X_SDK_Paket/selected_sources/sdk/openwrt-21.02/package/uboot/realtek/generic/boot/ed25519-donna/ed25519-donna-32bit-tables.h,12002,4487a16e12cd57252df91364ad820cc5eb93d91cbc602fc21d96c676134754bc
MR62X_SDK,MR62X_SDK_Paket/selected_sources/sdk/openwrt-21.02/package/uboot/realtek/generic/boot/ed25519-donna/ed25519-donna-64bit-sse2.h,16318,086a0b7418114ed12141c9fcbb19d30a47fc2e14f97532874418c85920767bf6
MR62X_SDK,MR62X_SDK_Paket/selected_sources/sdk/openwrt-21.02/package/uboot/realtek/generic/boot/ed25519-donna/ed25519-donna-64bit-tables.h,10380,417c853c5ffddfc8b3e244096985fb919e872d9d4cc02e4f6c2047a1c5ec599c
MR62X_SDK,MR62X_SDK_Paket/selected_sources/sdk/openwrt-21.02/package/uboot/realtek/generic/boot/ed25519-donna/ed25519-donna-64bit-x86-32bit.h,16281,faa56400228b031de42b230e3d12192963bf863583f93f0ede5b93b843920e73
MR62X_SDK,MR62X_SDK_Paket/selected_sources/sdk/openwrt-21.02/package/uboot/realtek/generic/boot/ed25519-donna/ed25519-donna-64bit-x86.h,12962,70c13b515c2a674673378ecc7a15d41f2a24b5d79df6ec33d5e8e965293436bb
MR62X_SDK,MR62X_SDK_Paket/selected_sources/sdk/openwrt-21.02/package/uboot/realtek/generic/boot/ed25519-donna/ed25519-donna-basepoint-table.h,124048,0bfcde5ac42fe07700b9c04b280d932c888d91a73597130201ff11dcfe629e3d
MR62X_SDK,MR62X_SDK_Paket/selected_sources/sdk/openwrt-21.02/package/uboot/realtek/generic/boot/ed25519-donna/ed25519-donna-batchverify.h,7644,81c518f1591a3e90f952af752495bfb8e8b29082f63e56a441961957db04645d
MR62X_SDK,MR62X_SDK_Paket/selected_sources/sdk/openwrt-21.02/package/uboot/realtek/generic/boot/ed25519-donna/ed25519-donna-impl-base.h,10220,243eee2c096612090bf724ca530590664605df1ca11744da09fe830a160c159a
MR62X_SDK,MR62X_SDK_Paket/selected_sources/sdk/openwrt-21.02/package/uboot/realtek/generic/boot/ed25519-donna/ed25519-donna-impl-sse2.h,11815,693a03c83572d0d082fbbdb24867c313672b4372041aa774a2e343b0203a45fa
MR62X_SDK,MR62X_SDK_Paket/selected_sources/sdk/openwrt-21.02/package/uboot/realtek/generic/boot/ed25519-donna/ed25519-donna-portable-identify.h,2910,bc3f37b7106dfac8594367b598747664d65e1a3ed5125d70c525649785070a6d
MR62X_SDK,MR62X_SDK_Paket/selected_sources/sdk/openwrt-21.02/package/uboot/realtek/generic/boot/ed25519-donna/ed25519-donna-portable.h,4761,5143e41565c60fb9bb60fbd18dd00c6bdb4304f567ee61cd0553b2dd1fd38371
MR62X_SDK,MR62X_SDK_Paket/selected_sources/sdk/openwrt-21.02/package/uboot/realtek/generic/boot/ed25519-donna/ed25519-donna.h,2762,b53f69909a80a6930879aa093a41831aa6f3f6e443187f159eacc96cb7e6294e
MR62X_SDK,MR62X_SDK_Paket/selected_sources/sdk/openwrt-21.02/package/uboot/realtek/generic/boot/ed25519-donna/ed25519-hash-custom.h,370,4403f88d9a30aee0dc3b30eeba35fc6a513b7eba1efd1e4ed1811e8cf2794831
MR62X_SDK,MR62X_SDK_Paket/selected_sources/sdk/openwrt-21.02/package/uboot/realtek/generic/boot/ed25519-donna/ed25519-hash.h,6867,d1ee2991539feb3bd1bade01dfabb2a9d6a4c86e9f9deda7da1df45c831f732e
MR62X_SDK,MR62X_SDK_Paket/selected_sources/sdk/openwrt-21.02/package/uboot/realtek/generic/boot/ed25519-donna/ed25519-randombytes-custom.h,211,db6ebec8ea68ec2d4aa1978cbea25b01379283a5a4f1f296cfd1e4a0eb3ea666
MR62X_SDK,MR62X_SDK_Paket/selected_sources/sdk/openwrt-21.02/package/uboot/realtek/generic/boot/ed25519-donna/ed25519-randombytes.h,1847,0716dd5e8a68e4241b432f14852cc69db2be07915163daffd01b564f2af553a7
MR62X_SDK,MR62X_SDK_Paket/selected_sources/sdk/openwrt-21.02/package/uboot/realtek/generic/boot/ed25519-donna/ed25519.c,5835,14081881e8d6491ba29d826ff4f74dbbfdb64b157f1334340a0ea2e0937ff8dd
MR62X_SDK,MR62X_SDK_Paket/selected_sources/sdk/openwrt-21.02/package/uboot/realtek/generic/boot/ed25519-donna/ed25519.h,960,98c711b3d04fcaaa9ff560efab6b0f2e969326208a7a854d56462162b1734bfb
MR62X_SDK,MR62X_SDK_Paket/selected_sources/sdk/openwrt-21.02/package/uboot/realtek/generic/boot/ed25519-donna/fuzz/README.md,5761,a67181a195a440b6aeeadf9bd8e2a6c1f9f8b16e0bba0c1eb97071c597653b1d
MR62X_SDK,MR62X_SDK_Paket/selected_sources/sdk/openwrt-21.02/package/uboot/realtek/generic/boot/ed25519-donna/fuzz/build-nix.php,3641,a13e0d0129f1054d82802115330d504b6e16fab9d58750f953ca469235ade5c3
MR62X_SDK,MR62X_SDK_Paket/selected_sources/sdk/openwrt-21.02/package/uboot/realtek/generic/boot/ed25519-donna/fuzz/curve25519-ref10.c,38169,efaceaef0858e529a54766b5ee0d2288cc8e1ba9c0c15c8adfab9c65ac12c958
MR62X_SDK,MR62X_SDK_Paket/selected_sources/sdk/openwrt-21.02/package/uboot/realtek/generic/boot/ed25519-donna/fuzz/curve25519-ref10.h,259,c087f514d5415cff167ff9a81adf61aee3ceaf263785df1bb60454ab59768876
MR62X_SDK,MR62X_SDK_Paket/selected_sources/sdk/openwrt-21.02/package/uboot/realtek/generic/boot/ed25519-donna/fuzz/ed25519-donna-sse2.c,74,817f1771cc169f13753c15cbc0492ca719acf925a0acaa701b5f8aa03c689c48
MR62X_SDK,MR62X_SDK_Paket/selected_sources/sdk/openwrt-21.02/package/uboot/realtek/generic/boot/ed25519-donna/fuzz/ed25519-donna.c,24,ec26208115014b36793cddfafd6d5efc064d64bb878073396922b2ea6b211415
MR62X_SDK,MR62X_SDK_Paket/selected_sources/sdk/openwrt-21.02/package/uboot/realtek/generic/boot/ed25519-donna/fuzz/ed25519-donna.h,1561,5ba9f448728209a7e519585467be5d4ea084f5d13c22225a8fde0d3bcc415259
MR62X_SDK,MR62X_SDK_Paket/selected_sources/sdk/openwrt-21.02/package/uboot/realtek/generic/boot/ed25519-donna/fuzz/ed25519-ref10.c,171009,6c9e86c6de53e57593e0bc30b8045fdb72364c2d78a67fc5fe89dd483b39683c
MR62X_SDK,MR62X_SDK_Paket/selected_sources/sdk/openwrt-21.02/package/uboot/realtek/generic/boot/ed25519-donna/fuzz/ed25519-ref10.h,426,69e48a0f86e1f32bd9282e9bbf0e96c7789ed6f38b5830ce838bfc30b992e981
MR62X_SDK,MR62X_SDK_Paket/selected_sources/sdk/openwrt-21.02/package/uboot/realtek/generic/boot/ed25519-donna/fuzz/fuzz-curve25519.c,3686,ab2b7f065263bd12a64307da8ff6278402113e76bf83188984fd91993855fd6a
MR62X_SDK,MR62X_SDK_Paket/selected_sources/sdk/openwrt-21.02/package/uboot/realtek/generic/boot/ed25519-donna/fuzz/fuzz-ed25519.c,5412,949114b06eca2ecbe00cc7f6c893da03ded8634056ea81f6c7c9576c90bd281d
MR62X_SDK,MR62X_SDK_Paket/selected_sources/sdk/openwrt-21.02/package/uboot/realtek/generic/boot/ed25519-donna/modm-donna-32bit.h,21134,56716eb2f1eb1c5c5de494110b4ef912392ea7217a0e05608e3c70c236460ee1
MR62X_SDK,MR62X_SDK_Paket/selected_sources/sdk/openwrt-21.02/package/uboot/realtek/generic/boot/ed25519-donna/modm-donna-64bit.h,13354,1e320582deefcd5547bc9b036f639bd8248c01b0f4cfa1d8f7e1703dc7eea3ac
MR62X_SDK,MR62X_SDK_Paket/selected_sources/sdk/openwrt-21.02/package/uboot/realtek/generic/boot/ed25519-donna/regression.h,2765824,0575f870ab0c7c95970fbed795a5f83143b55b63ea967b50b6c2a6fdeba7f385
MR62X_SDK,MR62X_SDK_Paket/selected_sources/sdk/openwrt-21.02/package/uboot/realtek/generic/boot/ed25519-donna/run.sh,100,cf04d8eab0cce94ddfbabcc611ab443dc43cf05ab20ed4825d6ae39b3c5c8ddc
MR62X_SDK,MR62X_SDK_Paket/selected_sources/sdk/openwrt-21.02/package/uboot/realtek/generic/boot/ed25519-donna/signature.h,179,3976119de6c3f38939855b01b97ff1ee4ac2202f49f80c532063193fe5bb5252
MR62X_SDK,MR62X_SDK_Paket/selected_sources/sdk/openwrt-21.02/package/uboot/realtek/generic/boot/ed25519-donna/test-internals.c,6019,14c9805089f61f847f18761a3180219a8481f8916a8fe3288686e2aa0f735ceb
MR62X_SDK,MR62X_SDK_Paket/selected_sources/sdk/openwrt-21.02/package/uboot/realtek/generic/boot/ed25519-donna/test-ticks.h,1313,89edcd5f1d94783979c857e91f04e51f63041b5e074a958b085dafef55f56613
MR62X_SDK,MR62X_SDK_Paket/selected_sources/sdk/openwrt-21.02/package/uboot/realtek/generic/boot/ed25519-donna/test.c,989,786d0d22ad9d63dbfc5124e627d4e95c698fb7f76d82dfaf28f08ed1d20c888d
MR62X_SDK,MR62X_SDK_Paket/selected_sources/sdk/openwrt-21.02/package/uboot/realtek/generic/boot/flash/dw_common.h,6202,bf92aeb081c4bc9b9ebae1d99c0097badf6e3c907406de1537a47cc7839a2cfc
MR62X_SDK,MR62X_SDK_Paket/selected_sources/sdk/openwrt-21.02/package/uboot/realtek/generic/boot/flash/m25p80.c,72349,939850b8abd11775cf66950c3f78f5d0c0989c36e2b03a2aeb604b730a3f4501
MR62X_SDK,MR62X_SDK_Paket/selected_sources/sdk/openwrt-21.02/package/uboot/realtek/generic/boot/flash/spi-sheipa.c,35984,56161e926920acdb8051dc76756d76b38c559a6dbae17bdd7a3c9b8dff1d214e
MR62X_SDK,MR62X_SDK_Paket/selected_sources/sdk/openwrt-21.02/package/uboot/realtek/generic/boot/flash/spi-sheipa.h,18557,f700b92841cd6489d76f14d191eea7169b68b577ecca6efe0d5b37d511dee5fc
MR62X_SDK,MR62X_SDK_Paket/selected_sources/sdk/openwrt-21.02/package/uboot/realtek/generic/boot/flash/spi.c,51581,bf39ec2f8dc4374abc30f417c1d392a27321264255dc3e581b09a8e922591573
MR62X_SDK,MR62X_SDK_Paket/selected_sources/sdk/openwrt-21.02/package/uboot/realtek/generic/boot/fs/config.mk,384,554e91bc9101828215761d6c85390b046910789cec1f5baf2871116f70e72e66
MR62X_SDK,MR62X_SDK_Paket/selected_sources/sdk/openwrt-21.02/package/uboot/realtek/generic/boot/fs/diskio.c,2710,de26a9655215d8898494acf3d45414cc8cc3c48a23b8f7a9f074839eb7b51a3c
MR62X_SDK,MR62X_SDK_Paket/selected_sources/sdk/openwrt-21.02/package/uboot/realtek/generic/boot/fs/diskio.h,2436,f966e8d28e804cf018986fe58ca6225eb090200922c1ffa208c5ca76f40fdd50
MR62X_SDK,MR62X_SDK_Paket/selected_sources/sdk/openwrt-21.02/package/uboot/realtek/generic/boot/fs/ff.c,141945,a4e34f8ec437c923eb6209ede105448d44d2ddb9c9fe9ad38dfa25011c151c05
MR62X_SDK,MR62X_SDK_Paket/selected_sources/sdk/openwrt-21.02/package/uboot/realtek/generic/boot/fs/ff.h,12424,e9fdc2187eea571a08f5582aeb21814861bb30485feca5f765b3d892ad5203ae
MR62X_SDK,MR62X_SDK_Paket/selected_sources/sdk/openwrt-21.02/package/uboot/realtek/generic/boot/fs/ffconf.h,7519,3234fd24171577e62aa190a490315c6d44c4b02af4a46f6d98bec0bd3308c79d
MR62X_SDK,MR62X_SDK_Paket/selected_sources/sdk/openwrt-21.02/package/uboot/realtek/generic/boot/fs/integer.h,856,93a9e42e378c065a5dfb5eb34b7fa1a1c3c3191c5ed6a77296a6a1a0df376e97
MR62X_SDK,MR62X_SDK_Paket/selected_sources/sdk/openwrt-21.02/package/uboot/realtek/generic/boot/fs/jffs2/Kconfig,0,e3b0c44298fc1c149afbf4c8996fb92427ae41e4649b934ca495991b7852b855
MR62X_SDK,MR62X_SDK_Paket/selected_sources/sdk/openwrt-21.02/package/uboot/realtek/generic/boot/fs/jffs2/LICENCE,1413,bf3c94946e93bf3def3106f0f5ef7e6ed86f82406edacaca1a20d445c6b00ffb
MR62X_SDK,MR62X_SDK_Paket/selected_sources/sdk/openwrt-21.02/package/uboot/realtek/generic/boot/fs/jffs2/Makefile,279,b271564d857378aff61baa1548e78bd0cf36761dab8ff9ab75a14319e4523364
MR62X_SDK,MR62X_SDK_Paket/selected_sources/sdk/openwrt-21.02/package/uboot/realtek/generic/boot/fs/jffs2/cmd_jffs2.c,17280,5f3b8295d98e4f592edc302853ea4972b2e97fcecdb6babaf3fb7c8a25bef0a0
MR62X_SDK,MR62X_SDK_Paket/selected_sources/sdk/openwrt-21.02/package/uboot/realtek/generic/boot/fs/jffs2/compr_lzo.c,8727,018f9122f1ffcafaa0db771e6c614d22f6a721bc8766f618ede656030cd1775e
MR62X_SDK,MR62X_SDK_Paket/selected_sources/sdk/openwrt-21.02/package/uboot/realtek/generic/boot/fs/jffs2/compr_rtime.c,2804,1127aa0e450f8ec220ded959a072cadfab0df8bdc212f90e02dc3d206eaa1767
MR62X_SDK,MR62X_SDK_Paket/selected_sources/sdk/openwrt-21.02/package/uboot/realtek/generic/boot/fs/jffs2/compr_rubin.c,3413,0f73aadc245c595c587bcea840b66e7b8d792be44b669c73f59be493cd4bb324
MR62X_SDK,MR62X_SDK_Paket/selected_sources/sdk/openwrt-21.02/package/uboot/realtek/generic/boot/fs/jffs2/compr_zlib.c,1950,f65a64393a3050096ae3c18c52299568b9b4894ff5a4913f28f606c313725426
MR62X_SDK,MR62X_SDK_Paket/selected_sources/sdk/openwrt-21.02/package/uboot/realtek/generic/boot/fs/jffs2/jffs2_1pass.c,49465,cea766c61d77dce11ced9359eba00bc65411b1c4c439a8ac6aee419faf19e835
MR62X_SDK,MR62X_SDK_Paket/selected_sources/sdk/openwrt-21.02/package/uboot/realtek/generic/boot/fs/jffs2/jffs2_nand_1pass.c,26002,f3743bba1802f182e26648c85d3f267349c7588a8330666d409eed0b004c6e22
MR62X_SDK,MR62X_SDK_Paket/selected_sources/sdk/openwrt-21.02/package/uboot/realtek/generic/boot/fs/jffs2/jffs2_nand_private.h,2721,5faa2819484880ef7d15f652fc4d48f78b1dfda7822dc56a928abe1f1ec1a896
MR62X_SDK,MR62X_SDK_Paket/selected_sources/sdk/openwrt-21.02/package/uboot/realtek/generic/boot/fs/jffs2/jffs2_private.h,1957,983a64b31410a902f32b7c16ae7ceff7d7ee121d89d3b3dbd5eda176761c037d
MR62X_SDK,MR62X_SDK_Paket/selected_sources/sdk/openwrt-21.02/package/uboot/realtek/generic/boot/fs/jffs2/jffs2_wrapper.c,9759,d24c82461f352158b230e7fa8e2c57dd2290ed925a4883f97280f475b470f4cf
MR62X_SDK,MR62X_SDK_Paket/selected_sources/sdk/openwrt-21.02/package/uboot/realtek/generic/boot/fs/jffs2/jffs2_wrapper.h,1488,6ae4c691b89d487105c30b43cee69aca9644acfdb73b8bea3dd5de36a31422c5
MR62X_SDK,MR62X_SDK_Paket/selected_sources/sdk/openwrt-21.02/package/uboot/realtek/generic/boot/fs/jffs2/mini_inflate.c,11555,84c944f4a6f6e6866eefcf0134b5b9034b1687d910a14cb9d04d91673cbaeb65
MR62X_SDK,MR62X_SDK_Paket/selected_sources/sdk/openwrt-21.02/package/uboot/realtek/generic/boot/fs/jffs2/summary.h,4167,6b0966e761861867ddd958898d91557d1b08bc6cb158c67c46798ea7c3f31e1e
MR62X_SDK,MR62X_SDK_Paket/selected_sources/sdk/openwrt-21.02/package/uboot/realtek/generic/boot/httpd/fsdata.c,118142,d4a8e938cc4ce91d0ed31af42a6de0c34b83aa5ce02cfb8fc0bc353a98b5b976
MR62X_SDK,MR62X_SDK_Paket/selected_sources/sdk/openwrt-21.02/package/uboot/realtek/generic/boot/httpd/image/upgrade_mercusys.html,19161,88c901dcc42868fe5109d1ea6ed5a1d1b71413ce3cba05f93ddec56d18778a0d
MR62X_SDK,MR62X_SDK_Paket/selected_sources/sdk/openwrt-21.02/package/uboot/realtek/generic/boot/i2c/base/dw_i2c.c,17849,6d49fa02e0acd956ff95785951de5f9922d6dd4ef9956f89d8bf2d9eb9fbf0ca
MR62X_SDK,MR62X_SDK_Paket/selected_sources/sdk/openwrt-21.02/package/uboot/realtek/generic/boot/i2c/base/dw_i2c.h,192,6f266cd4570376ec4b14feef200d4ace60919d992250bdd64772d9dd7b453b5f
MR62X_SDK,MR62X_SDK_Paket/selected_sources/sdk/openwrt-21.02/package/uboot/realtek/generic/boot/i2c/base/dw_i2c_base.c,19609,ccfea563e402542480ab261ec70c0e642cf2280508cbac2abef7f64812df6c64
MR62X_SDK,MR62X_SDK_Paket/selected_sources/sdk/openwrt-21.02/package/uboot/realtek/generic/boot/i2c/base/dw_i2c_base.h,4064,41576b7b558b92e20130381db14317d6a7793829c34193e690a46826c08857bb
MR62X_SDK,MR62X_SDK_Paket/selected_sources/sdk/openwrt-21.02/package/uboot/realtek/generic/boot/i2c/base/dw_i2c_base_bit.h,38582,f2ff2a7695891bf1011b0621ac7644f01d350b0e97b1033c57ccdb3d4c8530bb
MR62X_SDK,MR62X_SDK_Paket/selected_sources/sdk/openwrt-21.02/package/uboot/realtek/generic/boot/i2c/base/dw_i2c_base_reg.h,2042,a1be34144f248017d07b6f242d9d70226c4f7ad0d3cba4852bd73bc7859a1e79
MR62X_SDK,MR62X_SDK_Paket/selected_sources/sdk/openwrt-21.02/package/uboot/realtek/generic/boot/i2c/base/dw_i2c_base_test.h,2062,b692d7c1696792f02b1b2e06b95eaf06002acb7d4947644bc4c0865814f3a989
MR62X_SDK,MR62X_SDK_Paket/selected_sources/sdk/openwrt-21.02/package/uboot/realtek/generic/boot/i2c/base/i2c.c,3871,2c270ba59bc0845bc371baf9584c16c224be76569a5155f4ae729e670a53987b
MR62X_SDK,MR62X_SDK_Paket/selected_sources/sdk/openwrt-21.02/package/uboot/realtek/generic/boot/i2c/extend/dw_hal_i2c.c,1038,83c0dbe831d480e22e3fa2a7aa207e477b8bff7fa381a0d6757bdd98ae28c3ed
MR62X_SDK,MR62X_SDK_Paket/selected_sources/sdk/openwrt-21.02/package/uboot/realtek/generic/boot/i2c/extend/dw_hal_i2c.h,2003,96c478579ce760f41622f30dd7307c282d5e522f57fb53282cbb5af3a80dd376
MR62X_SDK,MR62X_SDK_Paket/selected_sources/sdk/openwrt-21.02/package/uboot/realtek/generic/boot/include/asm/a.out.h,771,079a74b5f5fcf342bd2cdc82fd2d8f5b1733b4e2ac257d9995e5d26331b9646f
MR62X_SDK,MR62X_SDK_Paket/selected_sources/sdk/openwrt-21.02/package/uboot/realtek/generic/boot/include/asm/addrspace.h,2126,94c0932a223ddb02f4bd94b3e39f085c6aefa9b57e3a8fe6e255041e7095debf
MR62X_SDK,MR62X_SDK_Paket/selected_sources/sdk/openwrt-21.02/package/uboot/realtek/generic/boot/include/asm/arc/types.h,1992,7e6e9982ce12f9c0d44309d47870b35c92a49f055308900d633094a1d8dd0590
MR62X_SDK,MR62X_SDK_Paket/selected_sources/sdk/openwrt-21.02/package/uboot/realtek/generic/boot/include/asm/asm.h,9229,cdeb6408e767c640a7acf2a2820115d8138b7b125f12d4a980f1574c2dff8580
MR62X_SDK,MR62X_SDK_Paket/selected_sources/sdk/openwrt-21.02/package/uboot/realtek/generic/boot/include/asm/asmmacro.h,5786,e3a0cf72b7657bf9a4416c4d1a59da3c8b11617eb98ccf175e972c31331e58e4
MR62X_SDK,MR62X_SDK_Paket/selected_sources/sdk/openwrt-21.02/package/uboot/realtek/generic/boot/include/asm/atomic.h,3496,f2c86318c9380f0feec9f7e06b0dcc329ff55a633ad2a859dbbc88cfd5026efd
MR62X_SDK,MR62X_SDK_Paket/selected_sources/sdk/openwrt-21.02/package/uboot/realtek/generic/boot/include/asm/bcache.h,1522,fcaad3ffb991d5cc4f86b793825331cbb0e05890aff04bd7a60978e9fc103e1f
MR62X_SDK,MR62X_SDK_Paket/selected_sources/sdk/openwrt-21.02/package/uboot/realtek/generic/boot/include/asm/betty.h,5754,566a702bab81d8038b96360d9435a7b71e978d3f339ae2f2702949230ce1f466
MR62X_SDK,MR62X_SDK_Paket/selected_sources/sdk/openwrt-21.02/package/uboot/realtek/generic/boot/include/asm/bitops.h,14616,6efcb42f8e31f649ba11fc7bd4f98e3da0de9b30c632761aa95a4cd3f59de29c
MR62X_SDK,MR62X_SDK_Paket/selected_sources/sdk/openwrt-21.02/package/uboot/realtek/generic/boot/include/asm/bootinfo.h,8493,9452fdfe3783a0d5c3e5653bc2569e1899ac3241fc8b860a36ce605397b136f6
MR62X_SDK,MR62X_SDK_Paket/selected_sources/sdk/openwrt-21.02/package/uboot/realtek/generic/boot/include/asm/branch.h,665,9ea328d214872608aa6d4d865cb599dc68b8c4399e1fa34d2dc6964debe700a2
MR62X_SDK,MR62X_SDK_Paket/selected_sources/sdk/openwrt-21.02/package/uboot/realtek/generic/boot/include/asm/bugs.h,837,7fd335f655161b1eacccd33fa6a4c81a930acc28c8612d25732e7d975d8652f7
MR62X_SDK,MR62X_SDK_Paket/selected_sources/sdk/openwrt-21.02/package/uboot/realtek/generic/boot/include/asm/byteorder.h,761,d3cc0a32573403889edaba1f4ad7892f11822c7a08fb515559ca515d6ac093f4
MR62X_SDK,MR62X_SDK_Paket/selected_sources/sdk/openwrt-21.02/package/uboot/realtek/generic/boot/include/asm/cache.h,612,cf67bedf67f4fe4079d7595543dab6f94f3bb6f1fed93e006a324a4a6086a1cb
MR62X_SDK,MR62X_SDK_Paket/selected_sources/sdk/openwrt-21.02/package/uboot/realtek/generic/boot/include/asm/cachectl.h,657,2b24f21acd70fd84fe9233d4af17e0dbfa17325a545b3e7f5c4f8db733665bd0
MR62X_SDK,MR62X_SDK_Paket/selected_sources/sdk/openwrt-21.02/package/uboot/realtek/generic/boot/include/asm/cacheops.h,2179,1978a6abb8af893890223a7916f983456ac4b2b9d8535bc1b9c00d6539e47b7b
MR62X_SDK,MR62X_SDK_Paket/selected_sources/sdk/openwrt-21.02/package/uboot/realtek/generic/boot/include/asm/checksum.h,5651,27f22333d365e01dcc373cb98b4e191d64626914d49d5bfeafc0518938d6704b
MR62X_SDK,MR62X_SDK_Paket/selected_sources/sdk/openwrt-21.02/package/uboot/realtek/generic/boot/include/asm/cpu.h,1309,89faaaf67c879604b4648e9eb1d9dcbc6fecc41fca3af39f1a5095bf0244caf6
MR62X_SDK,MR62X_SDK_Paket/selected_sources/sdk/openwrt-21.02/package/uboot/realtek/generic/boot/include/asm/current.h,823,d1f65c8de271ef4a8817d8a7f9b99129a8ba2cb56df4393209aea976cf65bc11
MR62X_SDK,MR62X_SDK_Paket/selected_sources/sdk/openwrt-21.02/package/uboot/realtek/generic/boot/include/asm/ddb5074.h,327,3b73e9f6858af57d8645ca947eaaca2a8802da577a43b9b8f7d9fde3e8777419
MR62X_SDK,MR62X_SDK_Paket/selected_sources/sdk/openwrt-21.02/package/uboot/realtek/generic/boot/include/asm/delay.h,1519,4893e60918a3f17ef124253a3d7b3bc13c4ead6f8a6ab08f7a3fcd98f9a4806e
MR62X_SDK,MR62X_SDK_Paket/selected_sources/sdk/openwrt-21.02/package/uboot/realtek/generic/boot/include/asm/div64.h,2488,787be81dac3d19d39da8d97cb094d00a7d8e8c4eff2115b4ea290f3c739b10a7
MR62X_SDK,MR62X_SDK_Paket/selected_sources/sdk/openwrt-21.02/package/uboot/realtek/generic/boot/include/asm/dma.h,10409,1204e39958cf2c1ee8b79f68eed3bd915d69c8be3bd2cf90d8b7bb2e070005dc
MR62X_SDK,MR62X_SDK_Paket/selected_sources/sdk/openwrt-21.02/package/uboot/realtek/generic/boot/include/asm/ds1286.h,1774,6a773c0c7a3340c9aa56c4a2f279c39c9a37756814d1c76c5b741bf8d4161a9d
MR62X_SDK,MR62X_SDK_Paket/selected_sources/sdk/openwrt-21.02/package/uboot/realtek/generic/boot/include/asm/elf.h,3185,4481ae33b74aa8bac7844a1fe73d3e20b869b759a5a8fc9f10c999fee1833dd7
MR62X_SDK,MR62X_SDK_Paket/selected_sources/sdk/openwrt-21.02/package/uboot/realtek/generic/boot/include/asm/errno.h,6843,399dc5a84d88fea4d0cd1e4d5b2525784b43c6781f5b64d4dcc0ba53b195a51f
MR62X_SDK,MR62X_SDK_Paket/selected_sources/sdk/openwrt-21.02/package/uboot/realtek/generic/boot/include/asm/fcntl.h,2905,0a0d19766596582041ddf3c6afa429d15ae42519c3e2a8290b18c4f3a534b447
MR62X_SDK,MR62X_SDK_Paket/selected_sources/sdk/openwrt-21.02/package/uboot/realtek/generic/boot/include/asm/floppy.h,3919,0d275f8d78ae803f8cb1f44dadd22833d8f180100fcacf0e832da7c631e38a48
MR62X_SDK,MR62X_SDK_Paket/selected_sources/sdk/openwrt-21.02/package/uboot/realtek/generic/boot/include/asm/fp.h,885,96c08aeb549f19ce6e028b57b6077243acba9ded859e4ebb20e9a1aee9ba0f3a
MR62X_SDK,MR62X_SDK_Paket/selected_sources/sdk/openwrt-21.02/package/uboot/realtek/generic/boot/include/asm/fpregdef.h,1201,aeb3d724bbfaca7cd30565403acb7f288e6bdde9d147573e7fb20a803dee2c8b
MR62X_SDK,MR62X_SDK_Paket/selected_sources/sdk/openwrt-21.02/package/uboot/realtek/generic/boot/include/asm/fpu_emulator.h,1707,d70d3bb7908df93e65ad4973f0f7cd5a7f9a9567f1e3f7ffc730992d8d96ea2b
MR62X_SDK,MR62X_SDK_Paket/selected_sources/sdk/openwrt-21.02/package/uboot/realtek/generic/boot/include/asm/gdb-stub.h,7193,e49acd5066481afa95126efa190e2bf5542832e1a887e7a4b5698c0e26322938
MR62X_SDK,MR62X_SDK_Paket/selected_sources/sdk/openwrt-21.02/package/uboot/realtek/generic/boot/include/asm/gfx.h,1857,692538de359a24d4eea1879646a3f000cc50a363c92964a1fa55705bbc6a0483
MR62X_SDK,MR62X_SDK_Paket/selected_sources/sdk/openwrt-21.02/package/uboot/realtek/generic/boot/include/asm/hardirq.h,1456,daa624ead5edd6ff816e56afb9356df8739f6d9a62687573f44d3142e2a9db0b
MR62X_SDK,MR62X_SDK_Paket/selected_sources/sdk/openwrt-21.02/package/uboot/realtek/generic/boot/include/asm/hdreg.h,355,0a99eaf165c52d3f812ef3ac45486a6161054c484142bab6e8dd1404ed0b80e2
MR62X_SDK,MR62X_SDK_Paket/selected_sources/sdk/openwrt-21.02/package/uboot/realtek/generic/boot/include/asm/hw_irq.h,221,efa75a0c992515fe8c102cf13f0d38f0f09abc559b175ec72309b3d4859a8dd5
MR62X_SDK,MR62X_SDK_Paket/selected_sources/sdk/openwrt-21.02/package/uboot/realtek/generic/boot/include/asm/ide.h,3911,b96dc0a438142619cdc6437b60e52692e998e0e67e716ea74c602e71f8c2d562
MR62X_SDK,MR62X_SDK_Paket/selected_sources/sdk/openwrt-21.02/package/uboot/realtek/generic/boot/include/asm/init.h,72,f60684150e3801e6d6bffaee009a44d870a0b2995e88d2cad377df29b60cd4f7
MR62X_SDK,MR62X_SDK_Paket/selected_sources/sdk/openwrt-21.02/package/uboot/realtek/generic/boot/include/asm/inst.h,9516,e2636e85ec30bb1c36fec90e9366a3a4b783d9e3382576c94d2a7ab50cf4085c
MR62X_SDK,MR62X_SDK_Paket/selected_sources/sdk/openwrt-21.02/package/uboot/realtek/generic/boot/include/asm/inventory.h,667,18e4bc1fdb2ce83784cd44dd2f964fe91c1218e5decc299aa5253c66cf243a84
MR62X_SDK,MR62X_SDK_Paket/selected_sources/sdk/openwrt-21.02/package/uboot/realtek/generic/boot/include/asm/io.h,17441,228de0bc08eaa54b18b2da4d3af2e0a83ca00872e235b4a126e0eb0ffe9e25d4
MR62X_SDK,MR62X_SDK_Paket/selected_sources/sdk/openwrt-21.02/package/uboot/realtek/generic/boot/include/asm/ioctl.h,2926,21d5d4a8a96d46b303db1dde15f6a924c911f4f5aad08fb2a91e67101f552ea3
MR62X_SDK,MR62X_SDK_Paket/selected_sources/sdk/openwrt-21.02/package/uboot/realtek/generic/boot/include/asm/ioctls.h,4335,323b80bda5e5703fe8d4bb487a8d64059fe2b34530b48ee89fc13898d96dcccd
MR62X_SDK,MR62X_SDK_Paket/selected_sources/sdk/openwrt-21.02/package/uboot/realtek/generic/boot/include/asm/ipc.h,633,198a05ff32782c42c765ce2aa6e787637ef4345e834a9202e20a0fde04a0487e
MR62X_SDK,MR62X_SDK_Paket/selected_sources/sdk/openwrt-21.02/package/uboot/realtek/generic/boot/include/asm/ipcbuf.h,569,20671d63e65a1760a568e18ee04aa53130842999c8ea3616320ba7c161c906be
MR62X_SDK,MR62X_SDK_Paket/selected_sources/sdk/openwrt-21.02/package/uboot/realtek/generic/boot/include/asm/irq.h,902,4928916213b9564e106b0df3f6ce33d1df94de19a1b1c64f213a9c4f085ee8e0
MR62X_SDK,MR62X_SDK_Paket/selected_sources/sdk/openwrt-21.02/package/uboot/realtek/generic/boot/include/asm/isadep.h,666,c96783ee1d63459d8ee853492bbc652948f7b9bfb91a4cc0d6b69b5b787f3ceb
MR62X_SDK,MR62X_SDK_Paket/selected_sources/sdk/openwrt-21.02/package/uboot/realtek/generic/boot/include/asm/jazz.h,9080,12bb46803c102eeed02dae9be853be0aac9b3a68e93f746cf7dfdd94a7a01a6c
MR62X_SDK,MR62X_SDK_Paket/selected_sources/sdk/openwrt-21.02/package/uboot/realtek/generic/boot/include/asm/jazzdma.h,3185,f89ad8e1c2e562ba299346a2d8171b63b5442186a19d94b342f54c3bb5a3c6ff
MR62X_SDK,MR62X_SDK_Paket/selected_sources/sdk/openwrt-21.02/package/uboot/realtek/generic/boot/include/asm/keyboard.h,3084,25a4e0bbe2d09aa0f4f58a5ba32f1f893fdf696d83b95d21275f4da8d665d2fd
MR62X_SDK,MR62X_SDK_Paket/selected_sources/sdk/openwrt-21.02/package/uboot/realtek/generic/boot/include/asm/lexraregs.h,9002,d5f5e5ed22482474372dbab8b66d4c9fcd1347bddb17f847c09a1703c61e7ecd
MR62X_SDK,MR62X_SDK_Paket/selected_sources/sdk/openwrt-21.02/package/uboot/realtek/generic/boot/include/asm/linux_logo.h,1147,1b953441e54d25cef0c638b6b2836e4ba852676132a816e72c53bc7d5c6609f5
MR62X_SDK,MR62X_SDK_Paket/selected_sources/sdk/openwrt-21.02/package/uboot/realtek/generic/boot/include/asm/linux_logo_sgi.h,45551,f1d7e89381a53f924e2a0de0bc32d8d0404b68bc06d97da204325507af263b8d
MR62X_SDK,MR62X_SDK_Paket/selected_sources/sdk/openwrt-21.02/package/uboot/realtek/generic/boot/include/asm/linux_logo_vr.h,68600,891f2445e6e316c87899950db902da9de3b8ff3b8c4e38515c27f0c4d4b11e6b
MR62X_SDK,MR62X_SDK_Paket/selected_sources/sdk/openwrt-21.02/package/uboot/realtek/generic/boot/include/asm/mc146818rtc.h,1344,a83cc147475757f8b451fe316ef4f74db5c35ecb1280d43fb91699e1332eee31
MR62X_SDK,MR62X_SDK_Paket/selected_sources/sdk/openwrt-21.02/package/uboot/realtek/generic/boot/include/asm/mipsprom.h,2075,aee05414e7f47a4b521d5ad73bb763197a41c7e50b2246fdb341f3703330870b
MR62X_SDK,MR62X_SDK_Paket/selected_sources/sdk/openwrt-21.02/package/uboot/realtek/generic/boot/include/asm/mipsregs.h,18354,f119fcf551d72e64997fc75a3609582c72c310b95a876e87e804147932fd3a13
MR62X_SDK,MR62X_SDK_Paket/selected_sources/sdk/openwrt-21.02/package/uboot/realtek/generic/boot/include/asm/mman.h,2445,68b4e8069d8c3fdd0fab75ca4a9bc6c17c48d6b75cc916856c6b8c0ff60484d2
MR62X_SDK,MR62X_SDK_Paket/selected_sources/sdk/openwrt-21.02/package/uboot/realtek/generic/boot/include/asm/mmu_context.h,2584,e0108f8694889701447b7fd0e7c2ec683c592f07a2e314bf92c2191796d9355c
MR62X_SDK,MR62X_SDK_Paket/selected_sources/sdk/openwrt-21.02/package/uboot/realtek/generic/boot/include/asm/msgbuf.h,853,532e76269046d6abf035d5e875ca38893d259c40dd376e41ee74733a08133383
MR62X_SDK,MR62X_SDK_Paket/selected_sources/sdk/openwrt-21.02/package/uboot/realtek/generic/boot/include/asm/namei.h,586,c4a0aab9f3c0ea2ebfb5c080a2e350eb7994477069e790b0b1afeaa6c3027a21
MR62X_SDK,MR62X_SDK_Paket/selected_sources/sdk/openwrt-21.02/package/uboot/realtek/generic/boot/include/asm/ng1.h,1247,1dd7b41d0374321686dcc713605d946f6ee0682e772bfec117a133e5ee6d2c34
MR62X_SDK,MR62X_SDK_Paket/selected_sources/sdk/openwrt-21.02/package/uboot/realtek/generic/boot/include/asm/ng1hw.h,7220,f02cd29fd507a455aeba1932eddeefb764acb9065dc1dd3ea85c157fc8ee159f
MR62X_SDK,MR62X_SDK_Paket/selected_sources/sdk/openwrt-21.02/package/uboot/realtek/generic/boot/include/asm/nile4.h,10557,98e0ac4085c2eac29c041c4ec6a122b472f76a9ae25190ed32c92f182c0de11b
MR62X_SDK,MR62X_SDK_Paket/selected_sources/sdk/openwrt-21.02/package/uboot/realtek/generic/boot/include/asm/offset.h,2358,37c77650c4dae25a1cd2a5b5d47a4787e94e9870b7b2774a5eb20e8f272f4eea
MR62X_SDK,MR62X_SDK_Paket/selected_sources/sdk/openwrt-21.02/package/uboot/realtek/generic/boot/include/asm/orion.h,444,b35fe61a5c934ff43cce29b13706313d0999c850fd0e7e54140905386730ad6e
MR62X_SDK,MR62X_SDK_Paket/selected_sources/sdk/openwrt-21.02/package/uboot/realtek/generic/boot/include/asm/paccess.h,2674,87c30ea18bba3ba8ab6b4b90c27729800ec3f7eb6b5446d3ae904b37201a6eba
MR62X_SDK,MR62X_SDK_Paket/selected_sources/sdk/openwrt-21.02/package/uboot/realtek/generic/boot/include/asm/page.h,2332,64b7d1e1db09cbdef543b919fab34fcb407d944489afdd18f49ed397d18daac9
MR62X_SDK,MR62X_SDK_Paket/selected_sources/sdk/openwrt-21.02/package/uboot/realtek/generic/boot/include/asm/param.h,1682,9900fbd9594e0a50155920d9e0af202ac06eed7a4863ece23423aa47c63847fe
MR62X_SDK,MR62X_SDK_Paket/selected_sources/sdk/openwrt-21.02/package/uboot/realtek/generic/boot/include/asm/parport.h,492,2f4f9911150d1c548670412da442dc4f35f75f54b0427b9b42570b8ced385519
MR62X_SDK,MR62X_SDK_Paket/selected_sources/sdk/openwrt-21.02/package/uboot/realtek/generic/boot/include/asm/pci.h,6621,64f0e8d8900fcdadcd5755570af5902838036614576e96c88c589920a4c51e55
MR62X_SDK,MR62X_SDK_Paket/selected_sources/sdk/openwrt-21.02/package/uboot/realtek/generic/boot/include/asm/pgalloc.h,5488,02d283294fea2e42ae27411d551d4e06434ec0af2e5d736a898b723601b3e71f
MR62X_SDK,MR62X_SDK_Paket/selected_sources/sdk/openwrt-21.02/package/uboot/realtek/generic/boot/include/asm/pgtable.h,20013,79daec038481101783ace25a04c845927f9b7b66f6d80401fcf55994d731d779
MR62X_SDK,MR62X_SDK_Paket/selected_sources/sdk/openwrt-21.02/package/uboot/realtek/generic/boot/include/asm/poll.h,478,296f541f871e56fe38c471c9d181729663d17f0f88640f2e2a37e3eea1db8753
MR62X_SDK,MR62X_SDK_Paket/selected_sources/sdk/openwrt-21.02/package/uboot/realtek/generic/boot/include/asm/posix_types.h,3227,b757455bd8cb566689a90b81be732868abeb63413ad7cf6adcdf7401ab0c1c84
MR62X_SDK,MR62X_SDK_Paket/selected_sources/sdk/openwrt-21.02/package/uboot/realtek/generic/boot/include/asm/power.h,634,d713d6a655bc06bdb82a772c8160679546ea7ef7646bead6c013adab516e4a76
MR62X_SDK,MR62X_SDK_Paket/selected_sources/sdk/openwrt-21.02/package/uboot/realtek/generic/boot/include/asm/prctl.h,1003,6a026da332f46ec4df42d2ff10b6a11b9d929986c207eef5fb5f7983f6fd4541
MR62X_SDK,MR62X_SDK_Paket/selected_sources/sdk/openwrt-21.02/package/uboot/realtek/generic/boot/include/asm/processor.h,8264,d4079da2490cffa2d8bdbefc6f1aee56c7d7bffe210fca38c0320216252cf60d
MR62X_SDK,MR62X_SDK_Paket/selected_sources/sdk/openwrt-21.02/package/uboot/realtek/generic/boot/include/asm/ptrace.h,1719,d1a0847c2734877b797a8d8f943784b9411ab0074e1d8163216b89b68a7f40ac
MR62X_SDK,MR62X_SDK_Paket/selected_sources/sdk/openwrt-21.02/package/uboot/realtek/generic/boot/include/asm/r39xx.h,316,14a6452df1a0285f5d5e5665a0a7abe8b418326c483fe9fa5134aa57e977f891
MR62X_SDK,MR62X_SDK_Paket/selected_sources/sdk/openwrt-21.02/package/uboot/realtek/generic/boot/include/asm/r4kcache.h,12621,7fd3954d850f80ad40b0df4cbaa1f04745082b0649ecd5ee28a0d3e0319b47c7
MR62X_SDK,MR62X_SDK_Paket/selected_sources/sdk/openwrt-21.02/package/uboot/realtek/generic/boot/include/asm/reboot.h,443,b2e2ba382ccc33b491aaa9098b0b181553da64375d07564800275ac7cadf7baf
MR62X_SDK,MR62X_SDK_Paket/selected_sources/sdk/openwrt-21.02/package/uboot/realtek/generic/boot/include/asm/reg.h,1442,4cbb2ba625cd60ad13e644ce615257a19f0b1a730259a9798e78f9f4357e9fd7
MR62X_SDK,MR62X_SDK_Paket/selected_sources/sdk/openwrt-21.02/package/uboot/realtek/generic/boot/include/asm/regdef.h,1443,c8d92a7a83926260269c700907f9e8a510f073ec1e7a5a41f3f1eb02cc06a5f6
MR62X_SDK,MR62X_SDK_Paket/selected_sources/sdk/openwrt-21.02/package/uboot/realtek/generic/boot/include/asm/resource.h,1641,bbded6c6f8f18c3c0c1f1f12781e187620c8b91af7a55f64f20f357966cfa56a
MR62X_SDK,MR62X_SDK_Paket/selected_sources/sdk/openwrt-21.02/package/uboot/realtek/generic/boot/include/asm/riscos-syscall.h,45463,4cbcd5bffe1f8b75928db3c705013640255084ac1ebee65a527f33d718f0f920
MR62X_SDK,MR62X_SDK_Paket/selected_sources/sdk/openwrt-21.02/package/uboot/realtek/generic/boot/include/asm/rrm.h,1825,4ade20c1da71c1fd3e90d87fbc9cae0e1f2286aae5b1cbcb5f47b3354ea688fc
MR62X_SDK,MR62X_SDK_Paket/selected_sources/sdk/openwrt-21.02/package/uboot/realtek/generic/boot/include/asm/rtl8196x.h,4611,323b4a660088bea110d0c6a7855512f9e381d0b9080f6b9eb3530ecdda3e73e3
MR62X_SDK,MR62X_SDK_Paket/selected_sources/sdk/openwrt-21.02/package/uboot/realtek/generic/boot/include/asm/rtl8198c.h,738,ec4af246b5aeb9886521642e4cc73ccd63ac23b88ad547b17f58bdfb5b848fdb
MR62X_SDK,MR62X_SDK_Paket/selected_sources/sdk/openwrt-21.02/package/uboot/realtek/generic/boot/include/asm/scatterlist.h,524,ad4cc47c15139d2cdcfab52d8a8ac46f105b1bc6ecdcdc7229970f5845acb690
MR62X_SDK,MR62X_SDK_Paket/selected_sources/sdk/openwrt-21.02/package/uboot/realtek/generic/boot/include/asm/segment.h,147,a09b830b09e9531b14b1f5c6748fe08c32504c7505d41cb26cc35172b3719cc7
MR62X_SDK,MR62X_SDK_Paket/selected_sources/sdk/openwrt-21.02/package/uboot/realtek/generic/boot/include/asm/semaphore-helper.h,3523,cfc798c02c740b64f05b18a49fef7864f82fc593df40c2a3d54274bd38a2d7ef
MR62X_SDK,MR62X_SDK_Paket/selected_sources/sdk/openwrt-21.02/package/uboot/realtek/generic/boot/include/asm/semaphore.h,7403,f9017100085baf7a94a63b00e18c83484fc799c3e4fe2878619f2c6c901ccc1c
MR62X_SDK,MR62X_SDK_Paket/selected_sources/sdk/openwrt-21.02/package/uboot/realtek/generic/boot/include/asm/sembuf.h,604,6bd9d0feab7df8344987255fa904f7fd6e0c3716a71f030175231beecc3c6f8e
MR62X_SDK,MR62X_SDK_Paket/selected_sources/sdk/openwrt-21.02/package/uboot/realtek/generic/boot/include/asm/serial.h,8519,63bbb1b67453e0ff0cba32a962a6681f4a5252e41f29b6014f7616d0f6b96010
MR62X_SDK,MR62X_SDK_Paket/selected_sources/sdk/openwrt-21.02/package/uboot/realtek/generic/boot/include/asm/sfp-machine.h,1610,5a948898458b6de5ef64015af62c966e2c7a5befd9b3d20b6fe81e2573aeb489
MR62X_SDK,MR62X_SDK_Paket/selected_sources/sdk/openwrt-21.02/package/uboot/realtek/generic/boot/include/asm/sgialib.h,4497,c4e54aba29c285c0fd06708717c7031533f0eb800dbdd574a3538d078c2a7c60
MR62X_SDK,MR62X_SDK_Paket/selected_sources/sdk/openwrt-21.02/package/uboot/realtek/generic/boot/include/asm/sgiarcs.h,12178,0bb977a24675eb8a32712c192baac1d3b5c5a9e1810d86d6c8dd95d3a4c155de
MR62X_SDK,MR62X_SDK_Paket/selected_sources/sdk/openwrt-21.02/package/uboot/realtek/generic/boot/include/asm/sgidefs.h,2842,9fbf70def6983ec20360a2e658eef4ffe43a33190e27df9bc2e4fd74ba9dd1c6
MR62X_SDK,MR62X_SDK_Paket/selected_sources/sdk/openwrt-21.02/package/uboot/realtek/generic/boot/include/asm/shmbuf.h,1042,a565adc524134f3fe1b4d3bc4d2d6e9d7dcdd51699b0d848326e793a60b036dd
MR62X_SDK,MR62X_SDK_Paket/selected_sources/sdk/openwrt-21.02/package/uboot/realtek/generic/boot/include/asm/shmiq.h,6296,92884849b128cb568f2c06953c731a0a93e86b5c6a7bc4ad801121d8a087890b
MR62X_SDK,MR62X_SDK_Paket/selected_sources/sdk/openwrt-21.02/package/uboot/realtek/generic/boot/include/asm/shmparam.h,382,56277e5d7c01ef22dceaa68c13f977104e6a21d4a5b3b6ba70aa040b8fb9dec1
MR62X_SDK,MR62X_SDK_Paket/selected_sources/sdk/openwrt-21.02/package/uboot/realtek/generic/boot/include/asm/sigcontext.h,1074,0fa4210bb2c1d0b297c3a2a76f81b5cdf7f51bedaa68292f973b2cb55137903e
MR62X_SDK,MR62X_SDK_Paket/selected_sources/sdk/openwrt-21.02/package/uboot/realtek/generic/boot/include/asm/siginfo.h,7244,09a7d813326287c2a4a564c4bd89ddbfc52a8c5d6467dd3a689e858d831e9923
MR62X_SDK,MR62X_SDK_Paket/selected_sources/sdk/openwrt-21.02/package/uboot/realtek/generic/boot/include/asm/signal.h,6058,dc42114b1c6fcc05687c765a298e5ddb96de155c5b5129e8216f202c10b86b60
MR62X_SDK,MR62X_SDK_Paket/selected_sources/sdk/openwrt-21.02/package/uboot/realtek/generic/boot/include/asm/smp.h,117,aff26e3dd9c62bea03406f9e3eca75e4e141944d6d689a597a60789d10d1c2dc
MR62X_SDK,MR62X_SDK_Paket/selected_sources/sdk/openwrt-21.02/package/uboot/realtek/generic/boot/include/asm/smplock.h,1140,b1878570e5bf27c393ba8d0bd0df682a1904b11cdc0fd5068a6d1a16f0a19d88
MR62X_SDK,MR62X_SDK_Paket/selected_sources/sdk/openwrt-21.02/package/uboot/realtek/generic/boot/include/asm/sni.h,2921,3cf0301ff40f7ddafa555a9976f499d0ee79f0006f05d49acba9f0bd51d736d6
MR62X_SDK,MR62X_SDK_Paket/selected_sources/sdk/openwrt-21.02/package/uboot/realtek/generic/boot/include/asm/socket.h,2452,db04468446981d047e0fdccd0e49924e6730b1370b9140b1af699f3f7a0b0067
MR62X_SDK,MR62X_SDK_Paket/selected_sources/sdk/openwrt-21.02/package/uboot/realtek/generic/boot/include/asm/sockios.h,668,eca06df935009b1dc16bca7c03f5fbbbc2d3fd2fb850151fade66d24fade37a8
MR62X_SDK,MR62X_SDK_Paket/selected_sources/sdk/openwrt-21.02/package/uboot/realtek/generic/boot/include/asm/softirq.h,820,cd3f539262ea37934fb8ebd9a074251a73debf51583f05d7d67719cf8582f051
MR62X_SDK,MR62X_SDK_Paket/selected_sources/sdk/openwrt-21.02/package/uboot/realtek/generic/boot/include/asm/spinlock.h,3163,75e00d6b9718dc0c708a67c065f7a4ab017d4327b6b27ed0f4289f2d948cc7e6
MR62X_SDK,MR62X_SDK_Paket/selected_sources/sdk/openwrt-21.02/package/uboot/realtek/generic/boot/include/asm/stackframe.h,10306,068cd3524184d4d1f301f1580383af2355dc4a8d2aa3858a4d6747681065132c
MR62X_SDK,MR62X_SDK_Paket/selected_sources/sdk/openwrt-21.02/package/uboot/realtek/generic/boot/include/asm/stat.h,1953,95eaf3dfc8e596320006b719cd27d46a435e6ca2d55416c365e536281fa3db6b
MR62X_SDK,MR62X_SDK_Paket/selected_sources/sdk/openwrt-21.02/package/uboot/realtek/generic/boot/include/asm/statfs.h,781,358dfd233f0fb3911381df748a7908caba6ff163ac1aab92d6730779b8efb080
MR62X_SDK,MR62X_SDK_Paket/selected_sources/sdk/openwrt-21.02/package/uboot/realtek/generic/boot/include/asm/string.h,3408,a21601bff61c034a62734506e09004dba25504269eaf0090a93055b3140a503c
MR62X_SDK,MR62X_SDK_Paket/selected_sources/sdk/openwrt-21.02/package/uboot/realtek/generic/boot/include/asm/sysmips.h,850,a35974a92e1c7f9c8434cb447230d6808d786c9946b40361873a6e20a7d0bae2
MR62X_SDK,MR62X_SDK_Paket/selected_sources/sdk/openwrt-21.02/package/uboot/realtek/generic/boot/include/asm/system.h,2837,119d0ab5b19771e71abc12bca32e663026a827e11050692265433d3eea5a0b64
MR62X_SDK,MR62X_SDK_Paket/selected_sources/sdk/openwrt-21.02/package/uboot/realtek/generic/boot/include/asm/termbits.h,7458,04ed0503edb3b9f4fdcba50c695243d060a458bb74fdbe9c600c7cf7103d7500
MR62X_SDK,MR62X_SDK_Paket/selected_sources/sdk/openwrt-21.02/package/uboot/realtek/generic/boot/include/asm/termios.h,4454,16458f32d8fb6f86ecbc059ea01a6b18cb80190d462b57ebb82e8843e25b4d21
MR62X_SDK,MR62X_SDK_Paket/selected_sources/sdk/openwrt-21.02/package/uboot/realtek/generic/boot/include/asm/timex.h,1388,bd4cfa7ca999590e040ff36d2cfca16db0784970b3f888e551317778d1262b34
MR62X_SDK,MR62X_SDK_Paket/selected_sources/sdk/openwrt-21.02/package/uboot/realtek/generic/boot/include/asm/types.h,1557,8cb20064598c9528f7b4775e5cc64cd7824c806e6f4ad04d457636e211f92c26
MR62X_SDK,MR62X_SDK_Paket/selected_sources/sdk/openwrt-21.02/package/uboot/realtek/generic/boot/include/asm/uaccess.h,12639,e300754362459ac4ab9adeadd70b6c6c0a5d342fdc5236d7502ec28f9fd29dfa
MR62X_SDK,MR62X_SDK_Paket/selected_sources/sdk/openwrt-21.02/package/uboot/realtek/generic/boot/include/asm/ucontext.h,590,7467ebc0ff3a7e8870a8c824d9a3e9cf3a6792346d326d0035497f59177c48f4
MR62X_SDK,MR62X_SDK_Paket/selected_sources/sdk/openwrt-21.02/package/uboot/realtek/generic/boot/include/asm/umap.h,143,4c90ed10da5277b2282815cacf818d23570ef463f74cd394789904153fab9fa9
MR62X_SDK,MR62X_SDK_Paket/selected_sources/sdk/openwrt-21.02/package/uboot/realtek/generic/boot/include/asm/unaligned.h,2931,82dfbbc4808e375ffcd32c94a1067ccf885abbb7abd1dc25e15ffc672d5d60d0
MR62X_SDK,MR62X_SDK_Paket/selected_sources/sdk/openwrt-21.02/package/uboot/realtek/generic/boot/include/asm/unistd.h,18117,b9f479beca39ccff05efa50b221c753cf3853e7f25e2c63e491f8113476c3557
MR62X_SDK,MR62X_SDK_Paket/selected_sources/sdk/openwrt-21.02/package/uboot/realtek/generic/boot/include/asm/user.h,2141,ad2ac559129f0909b81a4a3aa22748943ceb2a3f8514ec2ae7c0424ce555ed31
MR62X_SDK,MR62X_SDK_Paket/selected_sources/sdk/openwrt-21.02/package/uboot/realtek/generic/boot/include/asm/usioctl.h,665,19dc50c6d248b84242b09e1ec128650724e02effb3646f2b77c8d7dcfe789e3b
MR62X_SDK,MR62X_SDK_Paket/selected_sources/sdk/openwrt-21.02/package/uboot/realtek/generic/boot/include/asm/vga.h,395,a20d5c354644abd673defd40ed6f966c07b49a63b412927b46fbe25cb8c10c38
MR62X_SDK,MR62X_SDK_Paket/selected_sources/sdk/openwrt-21.02/package/uboot/realtek/generic/boot/include/asm/vr4121.h,28850,92fd36bacb7de98a064f94a22b290902e5f6387b2ee0473dd0b0537c87ce1ba0
MR62X_SDK,MR62X_SDK_Paket/selected_sources/sdk/openwrt-21.02/package/uboot/realtek/generic/boot/include/asm/vr4122.h,26450,9f1d68d3e16a40741603c1e0a95929ddbc289ff41d68b5a302b2ba2396398409
MR62X_SDK,MR62X_SDK_Paket/selected_sources/sdk/openwrt-21.02/package/uboot/realtek/generic/boot/include/asm/vr4181.h,32542,57b0528025269deb264b690e9becf2457d1b5af25564f7c7086a43c730c330f3
MR62X_SDK,MR62X_SDK_Paket/selected_sources/sdk/openwrt-21.02/package/uboot/realtek/generic/boot/include/asm/vr41xx-platdep.h,20407,4277af36e005cee1e381e6238e622355e4df0066013c7271f976290933251460
MR62X_SDK,MR62X_SDK_Paket/selected_sources/sdk/openwrt-21.02/package/uboot/realtek/generic/boot/include/asm/vr41xx.h,566,250fa1f8d9fa27a428add23e012ad477aa22fd1d406776f2550f89fef988fe34
MR62X_SDK,MR62X_SDK_Paket/selected_sources/sdk/openwrt-21.02/package/uboot/realtek/generic/boot/include/asm/vrc4171.h,21612,c9b00289ab2b497df651a7570e0f3644825b3064dcd34892e921af4b3e1efb1f
MR62X_SDK,MR62X_SDK_Paket/selected_sources/sdk/openwrt-21.02/package/uboot/realtek/generic/boot/include/asm/vrc4172.h,7477,31ef24272932a06620758812ea6b105f1e5beb3cea9a747b510aa84d8cef4b20
MR62X_SDK,MR62X_SDK_Paket/selected_sources/sdk/openwrt-21.02/package/uboot/realtek/generic/boot/include/asm/vrc4173.h,10879,c826419537010c6a57de3fcd274ac2f1f8928d57e37d149999b47e215650575a
MR62X_SDK,MR62X_SDK_Paket/selected_sources/sdk/openwrt-21.02/package/uboot/realtek/generic/boot/include/asm/watch.h,920,a2829cb3b5cd7ca7cc8a434bdaa18cadcc398b2cb7da71dab5f54f21c58f2e0d
MR62X_SDK,MR62X_SDK_Paket/selected_sources/sdk/openwrt-21.02/package/uboot/realtek/generic/boot/include/asm/wbflush.h,685,00ab0252b83a2ddd5cedb2f37139487e92d3ccbb8e16b67ea8e7e5315d95303a
MR62X_SDK,MR62X_SDK_Paket/selected_sources/sdk/openwrt-21.02/package/uboot/realtek/generic/boot/include/crypto/rtl_crypto_testcase.h,104977,7656efac3d1bdea610aee6f008566fa1741d9badd2ec2950fed31f29a9fe4c79
MR62X_SDK,MR62X_SDK_Paket/selected_sources/sdk/openwrt-21.02/package/uboot/realtek/generic/boot/include/etherboot.h,17379,ce549c948623463aa0a2fa78499e5b9092cde87d1f5f30f90c7f0146c143a677
MR62X_SDK,MR62X_SDK_Paket/selected_sources/sdk/openwrt-21.02/package/uboot/realtek/generic/boot/include/float.h,4467,fe51e6df0bbbfbc4a249ac0697cdcaaefd275f38db1b28a47eb2953e0c65faf3
MR62X_SDK,MR62X_SDK_Paket/selected_sources/sdk/openwrt-21.02/package/uboot/realtek/generic/boot/include/i2c/basic_types.h,15191,345e29be8a03cdf2b6ef6b15e4d8e5193cacbac1425f06a2f315aadfba7a8c16
MR62X_SDK,MR62X_SDK_Paket/selected_sources/sdk/openwrt-21.02/package/uboot/realtek/generic/boot/include/i2c/diag.h,5188,f8ac5e066ecd26ef27b7f1f08623ddc5749ac0752647ff33a434af67933b503e
MR62X_SDK,MR62X_SDK_Paket/selected_sources/sdk/openwrt-21.02/package/uboot/realtek/generic/boot/include/i2c/hal_api.h,2673,8274092bef668a7ac656e07f36f8c4386e3ca5c40cb045581abb982f743d164a
MR62X_SDK,MR62X_SDK_Paket/selected_sources/sdk/openwrt-21.02/package/uboot/realtek/generic/boot/include/i2c/hal_diag.h,2782,4b3824b13c07016aa220694cd0eb41ccf6d7ee41bdde3be49cc25e43cabc71be
MR62X_SDK,MR62X_SDK_Paket/selected_sources/sdk/openwrt-21.02/package/uboot/realtek/generic/boot/include/i2c/hal_platform.h,4052,34b92dada9907c979a8501fc5774662f503555337739926609d7ac1ec4a50470
MR62X_SDK,MR62X_SDK_Paket/selected_sources/sdk/openwrt-21.02/package/uboot/realtek/generic/boot/include/i2c/hal_vector_table.h,884,5f7c50764662c601d950be22b864df88ecfb85a50341c1dc0183806055971884
MR62X_SDK,MR62X_SDK_Paket/selected_sources/sdk/openwrt-21.02/package/uboot/realtek/generic/boot/include/i2c/hal_vector_table_ram.h,438,5a9916e4125932568aa41b5f84f3307e85d672c95e55b5272738a803686bb890
MR62X_SDK,MR62X_SDK_Paket/selected_sources/sdk/openwrt-21.02/package/uboot/realtek/generic/boot/include/i2c/peripheral.h,224,c0706a8ecb6da8dae77c2b75d012c13f928fa8e4c272aa3a9ef3eb0ea8a6b956
MR62X_SDK,MR62X_SDK_Paket/selected_sources/sdk/openwrt-21.02/package/uboot/realtek/generic/boot/include/i2c/platform_autoconf.h,2241,a6a9286f8faec703b67641da14b5653b685587facacaa3d3551bc34cf05fa5ef
MR62X_SDK,MR62X_SDK_Paket/selected_sources/sdk/openwrt-21.02/package/uboot/realtek/generic/boot/include/i2c/rtk_i2c_base.h,3655,b2d421c4496f1cc4ac305faac33e50abe5a1466db20f2d283759fa1d271ad848
MR62X_SDK,MR62X_SDK_Paket/selected_sources/sdk/openwrt-21.02/package/uboot/realtek/generic/boot/include/i2c/rtk_i2c_base_bit.h,6752,01f46a9b51a8cedd6845feb090f791e6bc3b91a13521063ea4a3470b816239d9
MR62X_SDK,MR62X_SDK_Paket/selected_sources/sdk/openwrt-21.02/package/uboot/realtek/generic/boot/include/i2c/rtk_i2c_base_reg.h,1395,7878ec395eea4a71e1f3229b3ba35b7fb6e1dc4d410db7f6622418002157f2fd
MR62X_SDK,MR62X_SDK_Paket/selected_sources/sdk/openwrt-21.02/package/uboot/realtek/generic/boot/include/iso646.h,1440,5e00d8022ef15d8fe7312b114abf3f7274bf44cb4edd320caa3a3c85878fa36a
MR62X_SDK,MR62X_SDK_Paket/selected_sources/sdk/openwrt-21.02/package/uboot/realtek/generic/boot/include/jffs2/compr_rubin.h,467,567b53481eaa322e25e1b93780c0a5a91216359995cf1cc804edec2349bc005d
MR62X_SDK,MR62X_SDK_Paket/selected_sources/sdk/openwrt-21.02/package/uboot/realtek/generic/boot/include/jffs2/jffs2.h,8204,12018e890c3d24ac4e7922a98ca80a963d8af77be108a4dbfea4a83089a6c69e
MR62X_SDK,MR62X_SDK_Paket/selected_sources/sdk/openwrt-21.02/package/uboot/realtek/generic/boot/include/jffs2/jffs2_1pass.h,184,409dcbd67de67f8116f558bd382b781f61b4e2ea3455e213e11029ed41111e69
MR62X_SDK,MR62X_SDK_Paket/selected_sources/sdk/openwrt-21.02/package/uboot/realtek/generic/boot/include/jffs2/load_kernel.h,2168,68d365357dd3dac87bf1170666f952ad50cb91ef829794953d35b8d0881d4597
MR62X_SDK,MR62X_SDK_Paket/selected_sources/sdk/openwrt-21.02/package/uboot/realtek/generic/boot/include/jffs2/mini_inflate.h,2172,6836b8acada935bd76593f3fd3dfd7614cb290162b2ac86eabf06fbc192e25c6
MR62X_SDK,MR62X_SDK_Paket/selected_sources/sdk/openwrt-21.02/package/uboot/realtek/generic/boot/include/limits.h,2829,82c6ce6cf33d4d68bba2a45db42cfea1152995638d763ea7ab1b167ad14b1cea
MR62X_SDK,MR62X_SDK_Paket/selected_sources/sdk/openwrt-21.02/package/uboot/realtek/generic/boot/include/linux/802_11.h,8506,bb21ac26d2388a7365940687750d522ddb8cc2b64233f21653a4002a7c19d8cf
MR62X_SDK,MR62X_SDK_Paket/selected_sources/sdk/openwrt-21.02/package/uboot/realtek/generic/boot/include/linux/a.out.h,7295,d52fdf81a240f345a0e0bd97d4fbdfb71da12e9d000e69bc7b9f79c3b4ee0d57
MR62X_SDK,MR62X_SDK_Paket/selected_sources/sdk/openwrt-21.02/package/uboot/realtek/generic/boot/include/linux/ac97_codec.h,7596,c554b3e51f075bcd35a4236f95374f9cf116f477f7267dd9629106a8d56c4d68
MR62X_SDK,MR62X_SDK_Paket/selected_sources/sdk/openwrt-21.02/package/uboot/realtek/generic/boot/include/linux/acct.h,2589,21f0d28c6bb6b5d966b40a0bd2b618b238d146b383ea106377485b8a7e8a142c
MR62X_SDK,MR62X_SDK_Paket/selected_sources/sdk/openwrt-21.02/package/uboot/realtek/generic/boot/include/linux/acpi.h,6813,49d3035c0544e82142603c36d9bf3b1294ce12f65bbc3462f63aec31542ca2a7
MR62X_SDK,MR62X_SDK_Paket/selected_sources/sdk/openwrt-21.02/package/uboot/realtek/generic/boot/include/linux/adb.h,2647,0f09446741afbd513ebded137f4db639d84ab0dbf5e4d4c87c10434a80b88362
MR62X_SDK,MR62X_SDK_Paket/selected_sources/sdk/openwrt-21.02/package/uboot/realtek/generic/boot/include/linux/adb_mouse.h,435,cef6e223eb78b524240a8d30c20a114f32f4c7891a8aa45682bbe6edfb2906a9
MR62X_SDK,MR62X_SDK_Paket/selected_sources/sdk/openwrt-21.02/package/uboot/realtek/generic/boot/include/linux/adfs_fs.h,1338,38f866529140dad9f903fd57889d027f9da3ee63c5313ffa0c8a7dc996693b74
MR62X_SDK,MR62X_SDK_Paket/selected_sources/sdk/openwrt-21.02/package/uboot/realtek/generic/boot/include/linux/adfs_fs_i.h,525,31e515cb288470f4422cb55481dd2fd227458773ddfbb2a28eb24a18e8d86d60
MR62X_SDK,MR62X_SDK_Paket/selected_sources/sdk/openwrt-21.02/package/uboot/realtek/generic/boot/include/linux/adfs_fs_sb.h,1064,be5f6e989880e420f051e00413f4abb7a264b5036ded96d2cdfaa8e1e21543c2
MR62X_SDK,MR62X_SDK_Paket/selected_sources/sdk/openwrt-21.02/package/uboot/realtek/generic/boot/include/linux/affs_fs.h,4569,47e3e4fe32f0a92a0d0f156e25a7beba1c8b13007c39447f76102023ac410cea
MR62X_SDK,MR62X_SDK_Paket/selected_sources/sdk/openwrt-21.02/package/uboot/realtek/generic/boot/include/linux/affs_fs_i.h,1660,dc634fb99476e4e12ec1384a94a12f84823627579ba807e7f719c90e6d4c4fc0
MR62X_SDK,MR62X_SDK_Paket/selected_sources/sdk/openwrt-21.02/package/uboot/realtek/generic/boot/include/linux/affs_fs_sb.h,2870,1a733563d0f45bf909075d23e7ebd64bc2aff115100787dca04d35ce2e9baaca
MR62X_SDK,MR62X_SDK_Paket/selected_sources/sdk/openwrt-21.02/package/uboot/realtek/generic/boot/include/linux/affs_hardblocks.h,1364,a39f677fdc03429babed92f9567f172afae85e96fd74ec832efa62661e9eb604
MR62X_SDK,MR62X_SDK_Paket/selected_sources/sdk/openwrt-21.02/package/uboot/realtek/generic/boot/include/linux/agp_backend.h,5434,e3fac939dc88b6dfad24826dc22e4fb3d9f2c17cca22f9343d2ecff1d09ac229
MR62X_SDK,MR62X_SDK_Paket/selected_sources/sdk/openwrt-21.02/package/uboot/realtek/generic/boot/include/linux/agpgart.h,6812,1cf333b48b7c7a6d7b80a2ce0eab514c31f8df89deb1b6bac25d14aca289a1dc
MR62X_SDK,MR62X_SDK_Paket/selected_sources/sdk/openwrt-21.02/package/uboot/realtek/generic/boot/include/linux/amifd.h,1966,1e9371a9ec25b2608b44004f8f6b93326346d5e2968c5d8e493e3071584ad964
MR62X_SDK,MR62X_SDK_Paket/selected_sources/sdk/openwrt-21.02/package/uboot/realtek/generic/boot/include/linux/amifdreg.h,2674,a481f683fda39f7e3a5dfcbb789dc969c8e536f31d1d32dd762321d9b1a8988a
MR62X_SDK,MR62X_SDK_Paket/selected_sources/sdk/openwrt-21.02/package/uboot/realtek/generic/boot/include/linux/amigaffs.h,5411,10d67a05145b7fe07b527b145e176043bff16060234ee6c5cfcdfb06df10ff13
MR62X_SDK,MR62X_SDK_Paket/selected_sources/sdk/openwrt-21.02/package/uboot/realtek/generic/boot/include/linux/apm_bios.h,5523,d789cdf7462130253a641471c4ecbda8ff99a5cea25e4b187f48ffb61493965c
MR62X_SDK,MR62X_SDK_Paket/selected_sources/sdk/openwrt-21.02/package/uboot/realtek/generic/boot/include/linux/arcdevice.h,12531,730f48ec193fa5999b5dffecb8261ef6252a06bb29103384537ebfeb370706fd
MR62X_SDK,MR62X_SDK_Paket/selected_sources/sdk/openwrt-21.02/package/uboot/realtek/generic/boot/include/linux/atalk.h,4227,d071468d7c57188f22963979b60ba6e43c4650bc233584ccf902f5e57c1e60f8
MR62X_SDK,MR62X_SDK_Paket/selected_sources/sdk/openwrt-21.02/package/uboot/realtek/generic/boot/include/linux/atari_rootsec.h,1038,57a284db6d3050424227b26f5f0f955acb1272ad38adfc884864a4cd6efbcb45
MR62X_SDK,MR62X_SDK_Paket/selected_sources/sdk/openwrt-21.02/package/uboot/realtek/generic/boot/include/linux/atm.h,7932,129aee7df7404f1c725e586e6576d48bc43555363c720783c5bdce3d3834cbe3
MR62X_SDK,MR62X_SDK_Paket/selected_sources/sdk/openwrt-21.02/package/uboot/realtek/generic/boot/include/linux/atm_eni.h,585,997319290aa72f9fa26c0c76ca6a183e16c0ea4eee5cab26fba5e3de6ff2a813
MR62X_SDK,MR62X_SDK_Paket/selected_sources/sdk/openwrt-21.02/package/uboot/realtek/generic/boot/include/linux/atm_idt77105.h,890,9a1796b3f9280560019efb107250eae157776e096051d71b6e4362e598b49db7
MR62X_SDK,MR62X_SDK_Paket/selected_sources/sdk/openwrt-21.02/package/uboot/realtek/generic/boot/include/linux/atm_nicstar.h,1215,f74f69cbf6babdfc02cca952116653c14aa0cca2c3607ad52de27614bae07467
MR62X_SDK,MR62X_SDK_Paket/selected_sources/sdk/openwrt-21.02/package/uboot/realtek/generic/boot/include/linux/atm_suni.h,253,d1ff434e57983a6dd9abbb6d651b49333ce84c7d7eae0267522d111ac8c3b67b
MR62X_SDK,MR62X_SDK_Paket/selected_sources/sdk/openwrt-21.02/package/uboot/realtek/generic/boot/include/linux/atm_tcp.h,1757,1bcaec97f2f89963afe6711e8e56077ce55fd808d6752fb0926e358d45c71cf3
MR62X_SDK,MR62X_SDK_Paket/selected_sources/sdk/openwrt-21.02/package/uboot/realtek/generic/boot/include/linux/atm_zatm.h,1728,9d5555aacdb145eac049dfab4f0d059c12e44dba457da4c81f381aa2ef9ae547
MR62X_SDK,MR62X_SDK_Paket/selected_sources/sdk/openwrt-21.02/package/uboot/realtek/generic/boot/include/linux/atmapi.h,846,fe611451bfc1fd5fdaa2b5dd99d6d597447a88c1325332f1454b1942ac7dac03
MR62X_SDK,MR62X_SDK_Paket/selected_sources/sdk/openwrt-21.02/package/uboot/realtek/generic/boot/include/linux/atmarp.h,1259,ecd07b87b45f818c549b5a72c46f82b443ae610874143e2d6e56d450070e42d8
MR62X_SDK,MR62X_SDK_Paket/selected_sources/sdk/openwrt-21.02/package/uboot/realtek/generic/boot/include/linux/atmclip.h,578,f08083beaa92f4ef9b6808dfe4675f59ed885bc77777f2bb88c6baab875e2e33
MR62X_SDK,MR62X_SDK_Paket/selected_sources/sdk/openwrt-21.02/package/uboot/realtek/generic/boot/include/linux/atmdev.h,14825,06b287f9ce893be89774b34c15e601bbe4ba8a9ba562d10142bfc182523faca5
MR62X_SDK,MR62X_SDK_Paket/selected_sources/sdk/openwrt-21.02/package/uboot/realtek/generic/boot/include/linux/atmioc.h,1472,b77aedbba5c3405b6f3a44c85eeb19535725588a95753ccbfc9a29b97a94cc85
MR62X_SDK,MR62X_SDK_Paket/selected_sources/sdk/openwrt-21.02/package/uboot/realtek/generic/boot/include/linux/atmlec.h,3118,52174f87ef576bbf839aadd9fc23198c6aedfaaaa75c0e2263001f44a5c3ca1d
MR62X_SDK,MR62X_SDK_Paket/selected_sources/sdk/openwrt-21.02/package/uboot/realtek/generic/boot/include/linux/atmmpc.h,4231,c13f7461767f7bf6785158c24802b9809f52599c7966b9f5fde4c42b537d8363
MR62X_SDK,MR62X_SDK_Paket/selected_sources/sdk/openwrt-21.02/package/uboot/realtek/generic/boot/include/linux/atmsap.h,4907,88fba494f3c6491bfa2bf1bf22ce3e63bf1c2616ca3e0897c25b8b5b912d06d4
MR62X_SDK,MR62X_SDK_Paket/selected_sources/sdk/openwrt-21.02/package/uboot/realtek/generic/boot/include/linux/atmsvc.h,1729,a02157bb42745d7029eacf50614850e93a19926983d6758043b86b591b0f29a1
MR62X_SDK,MR62X_SDK_Paket/selected_sources/sdk/openwrt-21.02/package/uboot/realtek/generic/boot/include/linux/auto_fs.h,2393,48efba32749ffdd1d2e998f99ab137b8d14e16b4e21bb9e56097c1fdab6aaf55
MR62X_SDK,MR62X_SDK_Paket/selected_sources/sdk/openwrt-21.02/package/uboot/realtek/generic/boot/include/linux/auto_fs4.h,1214,0f0795d7aac7d6f7b6248e6b13767b99b8507a9482431722dab45b93c6d69e33
MR62X_SDK,MR62X_SDK_Paket/selected_sources/sdk/openwrt-21.02/package/uboot/realtek/generic/boot/include/linux/autoconf.h,6897,2127f8b65c3b13dbe15a6797221940f5a174bf9b63807d3ef3fc3d433403bc7c
MR62X_SDK,MR62X_SDK_Paket/selected_sources/sdk/openwrt-21.02/package/uboot/realtek/generic/boot/include/linux/awe_voice.h,20423,cbd1b61ad9937fcbea06d2079d1c32174fa7f7078519fe678567d072f3cadf1a
MR62X_SDK,MR62X_SDK_Paket/selected_sources/sdk/openwrt-21.02/package/uboot/realtek/generic/boot/include/linux/ax25.h,2726,aaa68a535d02b6d15aec1837d843019e489b183740e7500d495addfcc483bb49
MR62X_SDK,MR62X_SDK_Paket/selected_sources/sdk/openwrt-21.02/package/uboot/realtek/generic/boot/include/linux/b1lli.h,4064,1e153b6ac4834a5b72a94b2656f8b835073f25a35fe0c7a7ac1a20aefa6542d0
MR62X_SDK,MR62X_SDK_Paket/selected_sources/sdk/openwrt-21.02/package/uboot/realtek/generic/boot/include/linux/b1pcmcia.h,1652,50a0a191725f76232f911596168ed92751198c9d81efde9cb9e19c865a86c51f
MR62X_SDK,MR62X_SDK_Paket/selected_sources/sdk/openwrt-21.02/package/uboot/realtek/generic/boot/include/linux/baycom.h,820,072a4e3547c2088e07af8df9fb23ab50b6c61f5e56bb4bc72d6347a2c84a81c0
MR62X_SDK,MR62X_SDK_Paket/selected_sources/sdk/openwrt-21.02/package/uboot/realtek/generic/boot/include/linux/bfs_fs.h,2018,d7aaed5d63f859208340562230f9d9a0abf52e0d22a589617a42aea04e8086a9
MR62X_SDK,MR62X_SDK_Paket/selected_sources/sdk/openwrt-21.02/package/uboot/realtek/generic/boot/include/linux/bfs_fs_i.h,364,eecea70f815f4585cd0137c387f5741926f668f96199f672dc1cb0645ad124b0
MR62X_SDK,MR62X_SDK_Paket/selected_sources/sdk/openwrt-21.02/package/uboot/realtek/generic/boot/include/linux/bfs_fs_sb.h,586,3b93d0a101870e0daae883b4a930fb376a9d2bc5ef01803e2a319ad050feffba
MR62X_SDK,MR62X_SDK_Paket/selected_sources/sdk/openwrt-21.02/package/uboot/realtek/generic/boot/include/linux/binfmts.h,2096,55431a127c2d7992683392b5b25cf78195277fb3e08e991f77b4b507fe49a4c4
MR62X_SDK,MR62X_SDK_Paket/selected_sources/sdk/openwrt-21.02/package/uboot/realtek/generic/boot/include/linux/bitops.h,1564,8a5848b22ffe0d330dd45ae0c53fa3ac1b8ff2f9c6175aa3e9adadb37cde7868
MR62X_SDK,MR62X_SDK_Paket/selected_sources/sdk/openwrt-21.02/package/uboot/realtek/generic/boot/include/linux/blk.h,10491,f1a4d71b9c8c9e8930ca0728cbcd419c9a90353511acbf7aae5101ce3b02e28f
MR62X_SDK,MR62X_SDK_Paket/selected_sources/sdk/openwrt-21.02/package/uboot/realtek/generic/boot/include/linux/blkdev.h,5515,2abce889b3ddc10fa8f983b76c00ed2d601b8ee84bfe3eaef512fbe2fc93b7e0
MR62X_SDK,MR62X_SDK_Paket/selected_sources/sdk/openwrt-21.02/package/uboot/realtek/generic/boot/include/linux/blkpg.h,1692,c1a8592b970157c10dc3d771060876ba09b4ad2b22a799c3a435653ef23a161f
MR62X_SDK,MR62X_SDK_Paket/selected_sources/sdk/openwrt-21.02/package/uboot/realtek/generic/boot/include/linux/bootmem.h,2272,01d6a6028f4481fc665e5bb6c3dcf99879c41f25ff5c95ad7603227ebede0b82
MR62X_SDK,MR62X_SDK_Paket/selected_sources/sdk/openwrt-21.02/package/uboot/realtek/generic/boot/include/linux/bpqether.h,952,53783c4838c92eb42382a38f522db68713b92693124f26359128fc1d4dd697d2
MR62X_SDK,MR62X_SDK_Paket/selected_sources/sdk/openwrt-21.02/package/uboot/realtek/generic/boot/include/linux/brlock.h,5849,0933a85c9009e1f576a1a557075ba3479eb9cc8d0a49a4752996013588d553d5
MR62X_SDK,MR62X_SDK_Paket/selected_sources/sdk/openwrt-21.02/package/uboot/realtek/generic/boot/include/linux/buttons.h,2449,dbaa161d95f9da9d4c2bf1da71a5c8e4adab6d82e10077f0accc955cb25d7825
MR62X_SDK,MR62X_SDK_Paket/selected_sources/sdk/openwrt-21.02/package/uboot/realtek/generic/boot/include/linux/byteorder/big_endian.h,2508,7a03bf9a39ae778e1cc334a4d5a2b069c1a5ef03c7a824b08ad0079d0c0e4935
MR62X_SDK,MR62X_SDK_Paket/selected_sources/sdk/openwrt-21.02/package/uboot/realtek/generic/boot/include/linux/byteorder/generic.h,6016,de87a31087b139584a9da8c0971924f68c58f916d79d6b9c7dfc7be32b283399
MR62X_SDK,MR62X_SDK_Paket/selected_sources/sdk/openwrt-21.02/package/uboot/realtek/generic/boot/include/linux/byteorder/little_endian.h,2537,b117ce14189f594a6d9cb588c3917c695c008ed81ad0acebfc0abc67a15c1ca6
MR62X_SDK,MR62X_SDK_Paket/selected_sources/sdk/openwrt-21.02/package/uboot/realtek/generic/boot/include/linux/byteorder/pdp_endian.h,3363,dda77a71926bc293051f6fa5eb1bfdb494c6136089d7880ae1082c649fa778ec
MR62X_SDK,MR62X_SDK_Paket/selected_sources/sdk/openwrt-21.02/package/uboot/realtek/generic/boot/include/linux/byteorder/swab.h,4244,f1c7e35bcdcbd3268eed396b28efdc3df86548569b7e95bd258224ab2aca94e0
MR62X_SDK,MR62X_SDK_Paket/selected_sources/sdk/openwrt-21.02/package/uboot/realtek/generic/boot/include/linux/byteorder/swabb.h,2987,3bc9a734efb7f0d3c11b202d12fbc68781b9d7205900538bd89f752282bebbcf
MR62X_SDK,MR62X_SDK_Paket/selected_sources/sdk/openwrt-21.02/package/uboot/realtek/generic/boot/include/linux/cache.h,659,4ba1849d71dff6b9f07db6810220767e7362427a57fdcc01e16f175e612b3c3e
MR62X_SDK,MR62X_SDK_Paket/selected_sources/sdk/openwrt-21.02/package/uboot/realtek/generic/boot/include/linux/capability.h,10041,617dd3e8dc155218c94209ccf4d7c0fcbd399a579e98151fce0161ca20277646
MR62X_SDK,MR62X_SDK_Paket/selected_sources/sdk/openwrt-21.02/package/uboot/realtek/generic/boot/include/linux/capi.h,2875,2463c3dc474ed5c9d1deda96eeb9973c3d64252e17928995433f37c44e343e63
MR62X_SDK,MR62X_SDK_Paket/selected_sources/sdk/openwrt-21.02/package/uboot/realtek/generic/boot/include/linux/cciss_ioctl.h,4699,9c6c9599055d8e0e7270628e86353cd64bb4aeb377e5da87f8640f4a793e56f2
MR62X_SDK,MR62X_SDK_Paket/selected_sources/sdk/openwrt-21.02/package/uboot/realtek/generic/boot/include/linux/cd1400.h,7085,b3b6224ec73db9db15e026cbc867751054b2c90cffa8783878bfc4f240b41141
MR62X_SDK,MR62X_SDK_Paket/selected_sources/sdk/openwrt-21.02/package/uboot/realtek/generic/boot/include/linux/cdk.h,12796,ee7687e8eb2cc414102226a4cba7db8ee4eb87642f40af8b254a9e447d906596
MR62X_SDK,MR62X_SDK_Paket/selected_sources/sdk/openwrt-21.02/package/uboot/realtek/generic/boot/include/linux/cdrom.h,32270,082132407c99b6f98f529648477e455fb7ecf9b37e2de6f6fca517d0f8c7b5e7
MR62X_SDK,MR62X_SDK_Paket/selected_sources/sdk/openwrt-21.02/package/uboot/realtek/generic/boot/include/linux/circ_buf.h,1000,aaeb8c6a6f61628add899bc03c906c368248821fbacaa7b091c9c60b40efc48b
MR62X_SDK,MR62X_SDK_Paket/selected_sources/sdk/openwrt-21.02/package/uboot/realtek/generic/boot/include/linux/coda.h,18514,81e2f06f94382a325cf50fc74ca39146c8c0f954f9e570df1c3c847668ee4999
MR62X_SDK,MR62X_SDK_Paket/selected_sources/sdk/openwrt-21.02/package/uboot/realtek/generic/boot/include/linux/coda_cache.h,691,d63d018405657239b3e09ec3f57cc40227eeaed17dcc635ca316591ccfc749eb
MR62X_SDK,MR62X_SDK_Paket/selected_sources/sdk/openwrt-21.02/package/uboot/realtek/generic/boot/include/linux/coda_fs_i.h,1452,d7b39b66e1c309ab9ed9fef955ff0fbaed0ede19fd17e2e0168210d490d1d33c
MR62X_SDK,MR62X_SDK_Paket/selected_sources/sdk/openwrt-21.02/package/uboot/realtek/generic/boot/include/linux/coda_linux.h,5254,cc5b4258de494e10bed09c58fa2f36bf41a4496ba616a626a248eba113209527
MR62X_SDK,MR62X_SDK_Paket/selected_sources/sdk/openwrt-21.02/package/uboot/realtek/generic/boot/include/linux/coda_proc.h,3593,e94821a9740bf1be1a3016f07bddc20042501fc9970e3a4e0a5dacae61dc8b81
MR62X_SDK,MR62X_SDK_Paket/selected_sources/sdk/openwrt-21.02/package/uboot/realtek/generic/boot/include/linux/coda_psdev.h,3932,1055cf8d9068d09eca9cb4f7ed19c5b69e16654ef5a4d6ee03dd30043e2a08de
MR62X_SDK,MR62X_SDK_Paket/selected_sources/sdk/openwrt-21.02/package/uboot/realtek/generic/boot/include/linux/coff.h,12405,500c88fffc98d497a12311ce4004f2d7cf4c12d5f2125164570ab9f1953a520d
MR62X_SDK,MR62X_SDK_Paket/selected_sources/sdk/openwrt-21.02/package/uboot/realtek/generic/boot/include/linux/com20020.h,3205,ca7a258c41b6c2f9983e5c165a40e27b0c1e2d35e47bbd2a36a92d2cfd9da297
MR62X_SDK,MR62X_SDK_Paket/selected_sources/sdk/openwrt-21.02/package/uboot/realtek/generic/boot/include/linux/compatmac.h,4951,b1ea96187820d99fbb0e802838502cbdf432b5772df0d94502011552332bef08
MR62X_SDK,MR62X_SDK_Paket/selected_sources/sdk/openwrt-21.02/package/uboot/realtek/generic/boot/include/linux/compile.h,302,a3f1dadf676a8a669f547305d562af2a3d4bf26c5407abbae9e19ba9f574d3ab
MR62X_SDK,MR62X_SDK_Paket/selected_sources/sdk/openwrt-21.02/package/uboot/realtek/generic/boot/include/linux/comstats.h,3146,cac6ed539a007904c66d2744c25ecd16955ba5bbe7db5b13389b5e51b7654add
MR62X_SDK,MR62X_SDK_Paket/selected_sources/sdk/openwrt-21.02/package/uboot/realtek/generic/boot/include/linux/concap.h,3697,8ce1af48167a68dc1362ea84e874432ea169e1d292deb32e79ea4bb0f07e1019
MR62X_SDK,MR62X_SDK_Paket/selected_sources/sdk/openwrt-21.02/package/uboot/realtek/generic/boot/include/linux/config.h,161,7d32f5ae50e1e2422f24c5316fd527499cbbca7e7b75d27ea5559125fd4d2a21
MR62X_SDK,MR62X_SDK_Paket/selected_sources/sdk/openwrt-21.02/package/uboot/realtek/generic/boot/include/linux/console.h,3603,0915a2c41439e020edb625746a2700b0588e2d81c62c311adc3c0e000ce9c2a4
MR62X_SDK,MR62X_SDK_Paket/selected_sources/sdk/openwrt-21.02/package/uboot/realtek/generic/boot/include/linux/console_struct.h,4240,637028f2f7593eeb2a61dda041a2818863f479b06072207a8f69f81aca9c392c
MR62X_SDK,MR62X_SDK_Paket/selected_sources/sdk/openwrt-21.02/package/uboot/realtek/generic/boot/include/linux/consolemap.h,373,b975eba35b52cdedbbe7c855761678051b063a155b6b9458ef032144296b8a73
MR62X_SDK,MR62X_SDK_Paket/selected_sources/sdk/openwrt-21.02/package/uboot/realtek/generic/boot/include/linux/cuda.h,1011,41b922be45a285bc7445eda07e620ed051be5b5d2b886be0e11d7cf104322d94
MR62X_SDK,MR62X_SDK_Paket/selected_sources/sdk/openwrt-21.02/package/uboot/realtek/generic/boot/include/linux/cyclades.h,26720,7560dfa3b177a1296169556604aa36461fd364f644801a2c6e5f5977a3c5f407
MR62X_SDK,MR62X_SDK_Paket/selected_sources/sdk/openwrt-21.02/package/uboot/realtek/generic/boot/include/linux/cyclomx.h,2904,cf74148b5a510b49b76787d8bbacdafae0f529c6f96a52b0644a08bb552f692c
MR62X_SDK,MR62X_SDK_Paket/selected_sources/sdk/openwrt-21.02/package/uboot/realtek/generic/boot/include/linux/cycx_cfm.h,2754,89be0c51edd9eb136a3145b695ff421d2b5ac4128e5fa8e2788eefc51802710b
MR62X_SDK,MR62X_SDK_Paket/selected_sources/sdk/openwrt-21.02/package/uboot/realtek/generic/boot/include/linux/cycx_drv.h,2229,5294ed23ffc07faa43fadc8187e7b20e68b1289632db34de721707257b5e5047
MR62X_SDK,MR62X_SDK_Paket/selected_sources/sdk/openwrt-21.02/package/uboot/realtek/generic/boot/include/linux/cycx_x25.h,3823,3fbfe8df3b927fa0a9675a39cd35e0f888f40c7e4edbd248868e32f21871dbaa
MR62X_SDK,MR62X_SDK_Paket/selected_sources/sdk/openwrt-21.02/package/uboot/realtek/generic/boot/include/linux/dasd.h,6870,5d9d5783f824750a8004df23da8634db740f36a79e0d556e64bd4211950743a6
MR62X_SDK,MR62X_SDK_Paket/selected_sources/sdk/openwrt-21.02/package/uboot/realtek/generic/boot/include/linux/dcache.h,7746,34ed8d5471a3b57ca5a2bb8b693303a504a7837ccbead18523bbd8ce972d01e0
MR62X_SDK,MR62X_SDK_Paket/selected_sources/sdk/openwrt-21.02/package/uboot/realtek/generic/boot/include/linux/delay.h,1065,da84454fc84ab0fbec51649d4dadee5d74a7ab955373fd88c0dd8b9011d3b27a
MR62X_SDK,MR62X_SDK_Paket/selected_sources/sdk/openwrt-21.02/package/uboot/realtek/generic/boot/include/linux/devfs_fs.h,1740,5c3d3b293778738e25351faa839e44c76a36519b8b532b825df0b2a490c18d17
MR62X_SDK,MR62X_SDK_Paket/selected_sources/sdk/openwrt-21.02/package/uboot/realtek/generic/boot/include/linux/devfs_fs_kernel.h,8055,82f785a1ce581494db1dfef764163d27819d8048ee4d208bf7e77726be2c74ac
MR62X_SDK,MR62X_SDK_Paket/selected_sources/sdk/openwrt-21.02/package/uboot/realtek/generic/boot/include/linux/devpts_fs.h,1888,48e251e659e14a85bcdebfc9dd4403a78f614931b1e96c1bde7ae6865f83b8c7
MR62X_SDK,MR62X_SDK_Paket/selected_sources/sdk/openwrt-21.02/package/uboot/realtek/generic/boot/include/linux/dio.h,9351,f7122c991df14c520642f82c8f94e9cb217ae068fa8f3c46b218e37f18b6546b
MR62X_SDK,MR62X_SDK_Paket/selected_sources/sdk/openwrt-21.02/package/uboot/realtek/generic/boot/include/linux/dirent.h,316,42ba5a7bf910de3f9deb8ed405afe7bed0fa4d6522dcc098bb4999e70f3d68c1
MR62X_SDK,MR62X_SDK_Paket/selected_sources/sdk/openwrt-21.02/package/uboot/realtek/generic/boot/include/linux/dn.h,5070,18f094dd3798e9df2a8fa12c27278fc9c4755a53b5961bc141a77910ba0122d6
MR62X_SDK,MR62X_SDK_Paket/selected_sources/sdk/openwrt-21.02/package/uboot/realtek/generic/boot/include/linux/dnotify.h,603,2b23ba1488bb63d98f104fd12f2d5980cb82d454c065eca08413542003fa189a
MR62X_SDK,MR62X_SDK_Paket/selected_sources/sdk/openwrt-21.02/package/uboot/realtek/generic/boot/include/linux/dtlk.h,3761,4cff90ae156a29516f162e7cc712534502a3f5fefca0823cb0dfd144a17123ad
MR62X_SDK,MR62X_SDK_Paket/selected_sources/sdk/openwrt-21.02/package/uboot/realtek/generic/boot/include/linux/efs_dir.h,857,2967f78a2a1b3b917b06ffbbcf1457a502b78a0d4483dccdbdb310295a738d9d
MR62X_SDK,MR62X_SDK_Paket/selected_sources/sdk/openwrt-21.02/package/uboot/realtek/generic/boot/include/linux/efs_fs.h,1567,5efd2e9ce3153403d44526a89a8e249c4c6964470e361106fa13aecd37379e46
MR62X_SDK,MR62X_SDK_Paket/selected_sources/sdk/openwrt-21.02/package/uboot/realtek/generic/boot/include/linux/efs_fs_i.h,1656,de03cfc1d638a9149f5de46c6e974e84f6d9aadab3b7c657c28e5a135059e6ea
MR62X_SDK,MR62X_SDK_Paket/selected_sources/sdk/openwrt-21.02/package/uboot/realtek/generic/boot/include/linux/efs_fs_sb.h,2204,877d6e7035cc225fe5e5c3e56a5f359cb087f9ba1ee99c461472947d1dbf970c
MR62X_SDK,MR62X_SDK_Paket/selected_sources/sdk/openwrt-21.02/package/uboot/realtek/generic/boot/include/linux/efs_vh.h,1891,1a016056d6c54b9a17610815dc74a60f0c48651a53539b3d0c22dc6c97854096
MR62X_SDK,MR62X_SDK_Paket/selected_sources/sdk/openwrt-21.02/package/uboot/realtek/generic/boot/include/linux/elevator.h,3108,28ba667481921344ee8f6d79582320d7aaf0883e6fb7d7ecd1e80ec60e5e6d1e
MR62X_SDK,MR62X_SDK_Paket/selected_sources/sdk/openwrt-21.02/package/uboot/realtek/generic/boot/include/linux/elf.h,16422,065fd33d6c4df1be8c5e27b4e3799f0c6a5c8abe3abf87d39b84c2d24f54f0a0
MR62X_SDK,MR62X_SDK_Paket/selected_sources/sdk/openwrt-21.02/package/uboot/realtek/generic/boot/include/linux/elfcore.h,2536,b005f0ddb2ea8c9bfb62a17a37b1ecea42c0f91e1006034f19c59d262ccccc57
MR62X_SDK,MR62X_SDK_Paket/selected_sources/sdk/openwrt-21.02/package/uboot/realtek/generic/boot/include/linux/errno.h,816,6270118af25c36fff32d97a1bf855cbf089927e46cacf7c9090d8b07cec2229d
MR62X_SDK,MR62X_SDK_Paket/selected_sources/sdk/openwrt-21.02/package/uboot/realtek/generic/boot/include/linux/errqueue.h,734,615922acfac17ef644e82847010f4c9bd0144e8662467d837c5d2585c76b153e
MR62X_SDK,MR62X_SDK_Paket/selected_sources/sdk/openwrt-21.02/package/uboot/realtek/generic/boot/include/linux/etherdevice.h,1759,37e25a751b29a58d4627cb56d34f14392ca66b7e3b8bfa9687b5583cd471fc56
MR62X_SDK,MR62X_SDK_Paket/selected_sources/sdk/openwrt-21.02/package/uboot/realtek/generic/boot/include/linux/ext2_fs.h,19068,dac282a53819ac8a7ac44150e62c7a5cdf30ea5fd3e32a4c8f1fde39800d1bb6
MR62X_SDK,MR62X_SDK_Paket/selected_sources/sdk/openwrt-21.02/package/uboot/realtek/generic/boot/include/linux/ext2_fs_i.h,892,93d78607abb2bde3dd24d8284da4d844f566dec23eb83b79ddff7948f1ce5780
MR62X_SDK,MR62X_SDK_Paket/selected_sources/sdk/openwrt-21.02/package/uboot/realtek/generic/boot/include/linux/ext2_fs_sb.h,2154,62992c3f0b2c73e230f6df773cc047f432564b4cdb2848a6103d11f5b9033a58
MR62X_SDK,MR62X_SDK_Paket/selected_sources/sdk/openwrt-21.02/package/uboot/realtek/generic/boot/include/linux/fat_cvf.h,2016,84df113f4c0cca55f647f421be26522dae67cbe34adaeca111ae648890325143
MR62X_SDK,MR62X_SDK_Paket/selected_sources/sdk/openwrt-21.02/package/uboot/realtek/generic/boot/include/linux/fb.h,19847,6ec3f03889f062e6f71f5df59bfca14fbe04b2fefa349c5f258309a14209a6ea
MR62X_SDK,MR62X_SDK_Paket/selected_sources/sdk/openwrt-21.02/package/uboot/realtek/generic/boot/include/linux/fcdevice.h,1289,ac7479dd2d2245fbaa2052977043038a2a89c422e964ddf72e0cc7976a47c69e
MR62X_SDK,MR62X_SDK_Paket/selected_sources/sdk/openwrt-21.02/package/uboot/realtek/generic/boot/include/linux/fcntl.h,732,4470d5497bec74d5314a62be98b0fdce7c17c06120ae985403a708b927d50c02
MR62X_SDK,MR62X_SDK_Paket/selected_sources/sdk/openwrt-21.02/package/uboot/realtek/generic/boot/include/linux/fd.h,11391,ac82a0fcae0fec53703523440c5f8aa5f5068200bd14ec229ec73eef5a2554ab
MR62X_SDK,MR62X_SDK_Paket/selected_sources/sdk/openwrt-21.02/package/uboot/realtek/generic/boot/include/linux/fd1772.h,3229,84cba49454a8d2d3ddadee9bd706a447f994a36e6b62da2b2c38bf1139883f3c
MR62X_SDK,MR62X_SDK_Paket/selected_sources/sdk/openwrt-21.02/package/uboot/realtek/generic/boot/include/linux/fddidevice.h,1339,06f0f3d55695478aede1185d27828ad3b5bd0399dc74579f695af0f90bcf3ef4
MR62X_SDK,MR62X_SDK_Paket/selected_sources/sdk/openwrt-21.02/package/uboot/realtek/generic/boot/include/linux/fdreg.h,5461,9c5c9ad9119364569fdbbfc0957181921f1fbfb9eb9f5a7f681a3def8bb323cc
MR62X_SDK,MR62X_SDK_Paket/selected_sources/sdk/openwrt-21.02/package/uboot/realtek/generic/boot/include/linux/file.h,2391,aac6f99f94bfc7d2ee97d04a13d1510a398b6ec44b7631718479e81ec2341cb9
MR62X_SDK,MR62X_SDK_Paket/selected_sources/sdk/openwrt-21.02/package/uboot/realtek/generic/boot/include/linux/filter.h,3770,3d734f3b045c5a566558f9fb8051afe1d0e62feceec688bd931fc0bdf30d2dd9
MR62X_SDK,MR62X_SDK_Paket/selected_sources/sdk/openwrt-21.02/package/uboot/realtek/generic/boot/include/linux/fs.h,45513,2cf64cbb6ce879f257dcc77278fa84d6c8cc9d2fdd8eb0dfba0516cdc8c95fc7
MR62X_SDK,MR62X_SDK_Paket/selected_sources/sdk/openwrt-21.02/package/uboot/realtek/generic/boot/include/linux/fs_struct.h,1528,32e9a92d7a876b787902433bd1943c872b92914d8afefe20a0e1980bdd8e9bd6
MR62X_SDK,MR62X_SDK_Paket/selected_sources/sdk/openwrt-21.02/package/uboot/realtek/generic/boot/include/linux/ftape-header-segment.h,5236,783c92ce80c46c54088a5dae09c19f776b97b79f75b830aafff0f64405329819
MR62X_SDK,MR62X_SDK_Paket/selected_sources/sdk/openwrt-21.02/package/uboot/realtek/generic/boot/include/linux/ftape-vendors.h,5711,57397ffaffda6d711349d31687555db0661b2b87e7920cc99f2ab5c5c8902a56
MR62X_SDK,MR62X_SDK_Paket/selected_sources/sdk/openwrt-21.02/package/uboot/realtek/generic/boot/include/linux/ftape.h,5590,a618806e1917241f9aa43696b56d2fa600ce70c0eb0bca67282ddc56119c04ba
MR62X_SDK,MR62X_SDK_Paket/selected_sources/sdk/openwrt-21.02/package/uboot/realtek/generic/boot/include/linux/gameport.h,3775,093dd59dff40a7994d5c34fb83be1c53160622b6156e561cc575539f4719c84a
MR62X_SDK,MR62X_SDK_Paket/selected_sources/sdk/openwrt-21.02/package/uboot/realtek/generic/boot/include/linux/generic_serial.h,3350,14a5d2767f334768da745816b295e62e8e5a7fbe4834f7b57cc3e32e2c06fdf7
MR62X_SDK,MR62X_SDK_Paket/selected_sources/sdk/openwrt-21.02/package/uboot/realtek/generic/boot/include/linux/genhd.h,9171,d3d4bd6605bd1112efbd011d4c22ab2c9bf280594627e5407b0ad5d4c2437712
MR62X_SDK,MR62X_SDK_Paket/selected_sources/sdk/openwrt-21.02/package/uboot/realtek/generic/boot/include/linux/ghash.h,4616,1b836461de04559d3f03dd5e1fd21e67cef05df42782d5ac592a019a79544005
MR62X_SDK,MR62X_SDK_Paket/selected_sources/sdk/openwrt-21.02/package/uboot/realtek/generic/boot/include/linux/hayesesp.h,3240,b917b96b9bbd63da7d58e8cc78483d151464a44707acaf5bfa086b574c52d680
MR62X_SDK,MR62X_SDK_Paket/selected_sources/sdk/openwrt-21.02/package/uboot/realtek/generic/boot/include/linux/hdlcdrv.h,9063,21d530b286b95a55a16149831256e218b0e4d28d35ff2ce9c7d83c90d6c3a7ee
MR62X_SDK,MR62X_SDK_Paket/selected_sources/sdk/openwrt-21.02/package/uboot/realtek/generic/boot/include/linux/hdreg.h,14016,45f6738a2cf5a9269bc880c9021d411ba18fd579d0b550105bb4f640fdd4a4e9
MR62X_SDK,MR62X_SDK_Paket/selected_sources/sdk/openwrt-21.02/package/uboot/realtek/generic/boot/include/linux/hdsmart.h,4318,9de7c4f3299a4fcdf43cb9210d053ef1b0937d4d960fe8caa3c1860e67534e76
MR62X_SDK,MR62X_SDK_Paket/selected_sources/sdk/openwrt-21.02/package/uboot/realtek/generic/boot/include/linux/hfs_fs.h,13265,bd0d86302756350aad6e7f8edeea55c43fe9f333dc1e354c968abd39a242d66e
MR62X_SDK,MR62X_SDK_Paket/selected_sources/sdk/openwrt-21.02/package/uboot/realtek/generic/boot/include/linux/hfs_fs_i.h,986,a392691046c6028b3ebf88c297ef60a33f0769f0a21adbb4a002878392708050
MR62X_SDK,MR62X_SDK_Paket/selected_sources/sdk/openwrt-21.02/package/uboot/realtek/generic/boot/include/linux/hfs_fs_sb.h,1755,00661c1941df2c493f44144e881d3c86a1f305af42aa47676b73a9860fcee5d3
MR62X_SDK,MR62X_SDK_Paket/selected_sources/sdk/openwrt-21.02/package/uboot/realtek/generic/boot/include/linux/hfs_sysdep.h,6844,5d14a1e6d394fe97a0702fc20268348d6627bd7b3f06b8a32fb83835b7ace49b
MR62X_SDK,MR62X_SDK_Paket/selected_sources/sdk/openwrt-21.02/package/uboot/realtek/generic/boot/include/linux/highmem.h,2395,e9aaeadd8668b9ffc70a4db02a80c626a81fdc99d28272c7d1ba2cf8fe646f50
MR62X_SDK,MR62X_SDK_Paket/selected_sources/sdk/openwrt-21.02/package/uboot/realtek/generic/boot/include/linux/highuid.h,3534,5dbc8fb806503765ee75c55c646729d1f08b1ab438e9b4ec672026562ce256bb
MR62X_SDK,MR62X_SDK_Paket/selected_sources/sdk/openwrt-21.02/package/uboot/realtek/generic/boot/include/linux/hippidevice.h,1849,f8c47b686b9397db240c4516acd50f5fd3f14956d7c8dbd5cee8a7001ff28c80
MR62X_SDK,MR62X_SDK_Paket/selected_sources/sdk/openwrt-21.02/package/uboot/realtek/generic/boot/include/linux/hpfs_fs.h,141,12cc05ad8c120a26eaaf08645b827bc990891112e9fa9ea193c58d4924e5bcdc
MR62X_SDK,MR62X_SDK_Paket/selected_sources/sdk/openwrt-21.02/package/uboot/realtek/generic/boot/include/linux/hpfs_fs_i.h,1599,20f6049fdd9048d0e34c930351f9e26da466489ba31e4341f75608ad86c2f858
MR62X_SDK,MR62X_SDK_Paket/selected_sources/sdk/openwrt-21.02/package/uboot/realtek/generic/boot/include/linux/hpfs_fs_sb.h,3008,e77bbad5c10fe69b46d133fed5bb2a76f0c0aa819613039a2e4da69de7483e69
MR62X_SDK,MR62X_SDK_Paket/selected_sources/sdk/openwrt-21.02/package/uboot/realtek/generic/boot/include/linux/hysdn_if.h,2257,bd1f754159c8ed0e2068c6d48ba421f231e3d7bf300535188e2598ee3c743ac7
MR62X_SDK,MR62X_SDK_Paket/selected_sources/sdk/openwrt-21.02/package/uboot/realtek/generic/boot/include/linux/i2c-algo-bit.h,2074,280d19526fe5f7244f453946bb1344ffa40b31f697f8acdf1315a946be87bab3
MR62X_SDK,MR62X_SDK_Paket/selected_sources/sdk/openwrt-21.02/package/uboot/realtek/generic/boot/include/linux/i2c-algo-pcf.h,1925,4a0045101c7b7598922135af4e7f5e09d7d6e35cecd11a29adcfd015e5f69aea
MR62X_SDK,MR62X_SDK_Paket/selected_sources/sdk/openwrt-21.02/package/uboot/realtek/generic/boot/include/linux/i2c-dev.h,4599,41ee48277288adda9fbb2b5c0f6b252c8074bb682f517b93fcb35e29ebe629da
MR62X_SDK,MR62X_SDK_Paket/selected_sources/sdk/openwrt-21.02/package/uboot/realtek/generic/boot/include/linux/i2c-elektor.h,1616,d4559417d69710e17ab546cad0ed2845a346406fcf38765585abba57c0c33fcc
MR62X_SDK,MR62X_SDK_Paket/selected_sources/sdk/openwrt-21.02/package/uboot/realtek/generic/boot/include/linux/i2c-id.h,5891,2578a9a9876e9699ebcd735fea874bb1a9a5c2d5f95d75b834b4f1a9891df907
MR62X_SDK,MR62X_SDK_Paket/selected_sources/sdk/openwrt-21.02/package/uboot/realtek/generic/boot/include/linux/i2c-old.h,6010,2143628dfb3655b0b9e54fb3298db9b30e6ea29de2b55c8e33a7e3c637af40a7
MR62X_SDK,MR62X_SDK_Paket/selected_sources/sdk/openwrt-21.02/package/uboot/realtek/generic/boot/include/linux/i2c.h,20902,abf0b3824b0deb5f26d9845edce96a22f3435c4fbf3125ce76753d2b79ad2c12
MR62X_SDK,MR62X_SDK_Paket/selected_sources/sdk/openwrt-21.02/package/uboot/realtek/generic/boot/include/linux/i2o-dev.h,11234,788e145cf9379a5605cc584ef8ae5cf9bcdea1ac76a9ab3ab70aaa39c27a6712
MR62X_SDK,MR62X_SDK_Paket/selected_sources/sdk/openwrt-21.02/package/uboot/realtek/generic/boot/include/linux/i2o.h,17220,35ddaf1e5097828e3ffc729ff1d6dc6b57263c90c0650763318646da192c4ebf
MR62X_SDK,MR62X_SDK_Paket/selected_sources/sdk/openwrt-21.02/package/uboot/realtek/generic/boot/include/linux/ibmtr.h,15634,22a9b694e2a489681786e94666f967c9a1ae2348a09478767c5cc7f0490cc14e
MR62X_SDK,MR62X_SDK_Paket/selected_sources/sdk/openwrt-21.02/package/uboot/realtek/generic/boot/include/linux/icmp.h,3238,1c8338a22782a8deff7744abe5ad85464e8b332d01734cd15d4a2f1cd4fa515c
MR62X_SDK,MR62X_SDK_Paket/selected_sources/sdk/openwrt-21.02/package/uboot/realtek/generic/boot/include/linux/icmpv6.h,3442,fdcb73ec10352e0900ee54aad63d377eb051f242913220618e5585ccf84cc6d4
MR62X_SDK,MR62X_SDK_Paket/selected_sources/sdk/openwrt-21.02/package/uboot/realtek/generic/boot/include/linux/ide.h,32626,eecfb8d21fb7bde21724008d25cbb2e331efe037a3f04ebd95d2f5aa901e5346
MR62X_SDK,MR62X_SDK_Paket/selected_sources/sdk/openwrt-21.02/package/uboot/realtek/generic/boot/include/linux/if.h,4608,7f69e80f79147c0ddc004844bfda8c476f483ecf3916890d3ffd9e1d9cec5940
MR62X_SDK,MR62X_SDK_Paket/selected_sources/sdk/openwrt-21.02/package/uboot/realtek/generic/boot/include/linux/if_arcnet.h,3387,d035ba63b48943938fd6e1fbe52844ee147e2542de44eb56e55702e511fb1c27
MR62X_SDK,MR62X_SDK_Paket/selected_sources/sdk/openwrt-21.02/package/uboot/realtek/generic/boot/include/linux/if_arp.h,5452,1cb01074e589493e20ec12dbae31e68c8a64890c11aaeb6731e0accb367539bb
MR62X_SDK,MR62X_SDK_Paket/selected_sources/sdk/openwrt-21.02/package/uboot/realtek/generic/boot/include/linux/if_bonding.h,819,ee6519e4f178ed1ea466a0c3f7e9de1886b14bbe4f93b5f163c77c041ee694e1
MR62X_SDK,MR62X_SDK_Paket/selected_sources/sdk/openwrt-21.02/package/uboot/realtek/generic/boot/include/linux/if_bridge.h,2382,dcfe16eb3ad2a8987a9c437eb96f63a07ccc192a3b990ebc551d4ca9aa444da1
MR62X_SDK,MR62X_SDK_Paket/selected_sources/sdk/openwrt-21.02/package/uboot/realtek/generic/boot/include/linux/if_cablemodem.h,910,ab2a3113c1058b0674b0ad2eb6827652e27ccf46879fdede1dcda6b8fd53a579
MR62X_SDK,MR62X_SDK_Paket/selected_sources/sdk/openwrt-21.02/package/uboot/realtek/generic/boot/include/linux/if_ec.h,1481,2cc8e793b86a5efe5fa73df36cbdaf5298d646800d4ca793799104f89220823a
MR62X_SDK,MR62X_SDK_Paket/selected_sources/sdk/openwrt-21.02/package/uboot/realtek/generic/boot/include/linux/if_eql.h,1805,52a8af8150e73b2beaa7876820113e8e27e687ef89fef07a6bd2cb2802082f0c
MR62X_SDK,MR62X_SDK_Paket/selected_sources/sdk/openwrt-21.02/package/uboot/realtek/generic/boot/include/linux/if_ether.h,3918,17dac4e585dc58d93787b9c233d3ff602ba228905a54fc40fab2a7c9bd806a6c
MR62X_SDK,MR62X_SDK_Paket/selected_sources/sdk/openwrt-21.02/package/uboot/realtek/generic/boot/include/linux/if_fc.h,1648,9e7c2eca6d10212a625ad12d334e8eef2f5c3685d3b1d604c7c09f1c44bdc1ab
MR62X_SDK,MR62X_SDK_Paket/selected_sources/sdk/openwrt-21.02/package/uboot/realtek/generic/boot/include/linux/if_fddi.h,7126,0ab4d1dbb58a4790b5d2a88fe4fcbd44706c3bfa28f7bbae4736b1a0119bd30b
MR62X_SDK,MR62X_SDK_Paket/selected_sources/sdk/openwrt-21.02/package/uboot/realtek/generic/boot/include/linux/if_frad.h,5305,d0216ff9cb953a89787d7cf7c611cb5cee62fe1bbcb6374c5bc916917c58782c
MR62X_SDK,MR62X_SDK_Paket/selected_sources/sdk/openwrt-21.02/package/uboot/realtek/generic/boot/include/linux/if_hippi.h,4186,ce3056be6936823faa5c346563c8b5e95a51014440470490e3dac0c4957c3e8c
MR62X_SDK,MR62X_SDK_Paket/selected_sources/sdk/openwrt-21.02/package/uboot/realtek/generic/boot/include/linux/if_ltalk.h,196,f9c81a27878d4f5ab1d13dab8b97dbaedc88b93ebc18bf85bb357bec8bc1ad96
MR62X_SDK,MR62X_SDK_Paket/selected_sources/sdk/openwrt-21.02/package/uboot/realtek/generic/boot/include/linux/if_packet.h,2505,03f6aba41a78d232f9603655da29d0ba96a39203d1ef1740c76f33f4e19b8b4b
MR62X_SDK,MR62X_SDK_Paket/selected_sources/sdk/openwrt-21.02/package/uboot/realtek/generic/boot/include/linux/if_plip.h,596,4a631834fb3c4b9b3aae0201a0d9d2f26a75d8fe13d2efc754d1bb5a86cf2d49
MR62X_SDK,MR62X_SDK_Paket/selected_sources/sdk/openwrt-21.02/package/uboot/realtek/generic/boot/include/linux/if_ppp.h,6258,61a7f8a07d8a82a45c4fb2202f7d39d793068565f01ef8d013423335e59d9198
MR62X_SDK,MR62X_SDK_Paket/selected_sources/sdk/openwrt-21.02/package/uboot/realtek/generic/boot/include/linux/if_pppox.h,4176,26ae739598623d159b997848abfae610299bf474ef0f8d2b19c05b051b18303f
MR62X_SDK,MR62X_SDK_Paket/selected_sources/sdk/openwrt-21.02/package/uboot/realtek/generic/boot/include/linux/if_pppvar.h,5669,69c8f9e7cd01a05d77441d8d57a7ac2921fde1b1a0d4e7c4fb293ed62c74ffa3
MR62X_SDK,MR62X_SDK_Paket/selected_sources/sdk/openwrt-21.02/package/uboot/realtek/generic/boot/include/linux/if_shaper.h,1568,241f4aec10afe30b3ae3380eeaad586f4237aa66c4ff2d52caee8b1bd05b6893
MR62X_SDK,MR62X_SDK_Paket/selected_sources/sdk/openwrt-21.02/package/uboot/realtek/generic/boot/include/linux/if_slip.h,809,90412dcdbc92bc8b6b0eaa45497c4a558b907771918ca258328d41c031d47a5a
MR62X_SDK,MR62X_SDK_Paket/selected_sources/sdk/openwrt-21.02/package/uboot/realtek/generic/boot/include/linux/if_strip.h,674,031d401dc29caff55d53936bd9737da6e762cdce46d6a9817aa0f4bbd0119cb8
MR62X_SDK,MR62X_SDK_Paket/selected_sources/sdk/openwrt-21.02/package/uboot/realtek/generic/boot/include/linux/if_tr.h,3366,61908df0e85354932ecf74abd61c6d445f800d65443943ab288c97f98ec809ac
MR62X_SDK,MR62X_SDK_Paket/selected_sources/sdk/openwrt-21.02/package/uboot/realtek/generic/boot/include/linux/if_tun.h,2017,2f0f77ab9349b9ebd5b0ee3327339312f4cc3ed3a183f254f512e60f0cd35627
MR62X_SDK,MR62X_SDK_Paket/selected_sources/sdk/openwrt-21.02/package/uboot/realtek/generic/boot/include/linux/if_tunnel.h,752,fa518453f282e71bcf71be206af9dcd20b0be291453b6897f8dfad4cf217c42e
MR62X_SDK,MR62X_SDK_Paket/selected_sources/sdk/openwrt-21.02/package/uboot/realtek/generic/boot/include/linux/igmp.h,3059,98c2ff341a398fedb2043034f8e6161d0c4395025357e8974898d5789244eb50
MR62X_SDK,MR62X_SDK_Paket/selected_sources/sdk/openwrt-21.02/package/uboot/realtek/generic/boot/include/linux/in.h,6106,8d6085dbeb39e432fcf3fbce997d8ccad53a6d0bfe3d4e1ea845ec232ff2eaaf
MR62X_SDK,MR62X_SDK_Paket/selected_sources/sdk/openwrt-21.02/package/uboot/realtek/generic/boot/include/linux/in6.h,4065,dcb2f0c71776ba610504412697a335118177617c3d825d4c072fe6cc0c8be79b
MR62X_SDK,MR62X_SDK_Paket/selected_sources/sdk/openwrt-21.02/package/uboot/realtek/generic/boot/include/linux/in_route.h,795,7882864a6123c4631dd4a04e3dc785cf3e82974dff9d8b67a8861c3d4134e622
MR62X_SDK,MR62X_SDK_Paket/selected_sources/sdk/openwrt-21.02/package/uboot/realtek/generic/boot/include/linux/in_systm.h,1214,9b552b169726663710bab7e3fd95aae910d466f9995c429324b31f13d92db52e
MR62X_SDK,MR62X_SDK_Paket/selected_sources/sdk/openwrt-21.02/package/uboot/realtek/generic/boot/include/linux/inet.h,2282,bfc5e15234d07a5913f2c8fc8b912c63d9c127feadf08149be4ed6edf4e596a9
MR62X_SDK,MR62X_SDK_Paket/selected_sources/sdk/openwrt-21.02/package/uboot/realtek/generic/boot/include/linux/inetdevice.h,4495,a57d477cf95fca6078f9a0fbbb3141854db22db3c8e34b2d69accba9a34932c2
MR62X_SDK,MR62X_SDK_Paket/selected_sources/sdk/openwrt-21.02/package/uboot/realtek/generic/boot/include/linux/init.h,4270,ed6435c52a25559b9fa0978caaaaae6e86472cf4c324f90b40ac6fcb82384c60
MR62X_SDK,MR62X_SDK_Paket/selected_sources/sdk/openwrt-21.02/package/uboot/realtek/generic/boot/include/linux/input.h,12800,70ab0fe524a55c2bdace84ca3152204d782664a0ac05f2f088e2761daed66a9c
MR62X_SDK,MR62X_SDK_Paket/selected_sources/sdk/openwrt-21.02/package/uboot/realtek/generic/boot/include/linux/interrupt.h,6941,da378af946a6a8bb60d0f8989fdd083d6e58b3660547ed27ec14b82751076f2d
MR62X_SDK,MR62X_SDK_Paket/selected_sources/sdk/openwrt-21.02/package/uboot/realtek/generic/boot/include/linux/iobuf.h,2497,950e87f4880f62d42de3cfbb1bce5eb6a1c6911004b44e347eeca413d4552fd3
MR62X_SDK,MR62X_SDK_Paket/selected_sources/sdk/openwrt-21.02/package/uboot/realtek/generic/boot/include/linux/ioctl.h,100,2549fe48b8952fb9459d73c986d9fee7ef5e4a5c027f928ed75753487b36d007
MR62X_SDK,MR62X_SDK_Paket/selected_sources/sdk/openwrt-21.02/package/uboot/realtek/generic/boot/include/linux/ioport.h,4140,2baa931027d31388242840ad34bc362abb5a0b24746707d0ea3412963719be4d
MR62X_SDK,MR62X_SDK_Paket/selected_sources/sdk/openwrt-21.02/package/uboot/realtek/generic/boot/include/linux/ip.h,4101,bb7d969130c7e47c6cd6982485068def5e6dd343ffc682cdc2aa23131895f011
MR62X_SDK,MR62X_SDK_Paket/selected_sources/sdk/openwrt-21.02/package/uboot/realtek/generic/boot/include/linux/ipc.h,1821,1caf4775be20ccac03616b5531e540cc6d17a3b2f06a8a45d789faab9a41d68e
MR62X_SDK,MR62X_SDK_Paket/selected_sources/sdk/openwrt-21.02/package/uboot/realtek/generic/boot/include/linux/ipsec.h,1945,bf62ed57e32b75857612c25f9fe73a2d438c6b7d4c633fb7db2a90d2ec7a80c9
MR62X_SDK,MR62X_SDK_Paket/selected_sources/sdk/openwrt-21.02/package/uboot/realtek/generic/boot/include/linux/ipv6.h,1967,3874e3599c4e2a3329c0e06c039fd13daa3a85a67246932bdf757e5009979179
MR62X_SDK,MR62X_SDK_Paket/selected_sources/sdk/openwrt-21.02/package/uboot/realtek/generic/boot/include/linux/ipv6_route.h,1390,b1877bdb59c37d1052cc5f3bb83a52edd8954d6db71f8261f0c92e4be901cd11
MR62X_SDK,MR62X_SDK_Paket/selected_sources/sdk/openwrt-21.02/package/uboot/realtek/generic/boot/include/linux/ipx.h,2121,6f153485edd9741e1b3c53831a0878bdec3d6a1934ae71470d2ddcd60f3e98a2
MR62X_SDK,MR62X_SDK_Paket/selected_sources/sdk/openwrt-21.02/package/uboot/realtek/generic/boot/include/linux/irda.h,5673,9aee5d27ecb9dc20527655877fd5a248526bd7ad817fecedf6908e495e8a1b2b
MR62X_SDK,MR62X_SDK_Paket/selected_sources/sdk/openwrt-21.02/package/uboot/realtek/generic/boot/include/linux/irq.h,2106,1bd25de34371a2be8908c621146bc7dee85c204087ded0cd5db370ff6be8646d
MR62X_SDK,MR62X_SDK_Paket/selected_sources/sdk/openwrt-21.02/package/uboot/realtek/generic/boot/include/linux/irq_cpustat.h,1229,2c33686fd4eb88b611670824c3d0b4f7bd2cbe5119f7b409e99d626eb7b41ba7
MR62X_SDK,MR62X_SDK_Paket/selected_sources/sdk/openwrt-21.02/package/uboot/realtek/generic/boot/include/linux/isapnp.h,7997,8376088cdbc19b983b3a9e8ad4a4036f34dd839c5721f80c48b379a3e1a45e25
MR62X_SDK,MR62X_SDK_Paket/selected_sources/sdk/openwrt-21.02/package/uboot/realtek/generic/boot/include/linux/isdn.h,32676,4d1fa63c20a4f9a9a27cb983e1bd3b5e02e40b355a5d04d481228b4b92d5570f
MR62X_SDK,MR62X_SDK_Paket/selected_sources/sdk/openwrt-21.02/package/uboot/realtek/generic/boot/include/linux/isdn_divertif.h,2282,b2be717cdeb8cdf36eba0bdf1e17799904378340c8a02684a35af03c5ed6907d
MR62X_SDK,MR62X_SDK_Paket/selected_sources/sdk/openwrt-21.02/package/uboot/realtek/generic/boot/include/linux/isdn_lzscomp.h,930,36ca086870fa9714a6e685d170fbf8394e35c5394535ff513fbee3f7b6efd923
MR62X_SDK,MR62X_SDK_Paket/selected_sources/sdk/openwrt-21.02/package/uboot/realtek/generic/boot/include/linux/isdn_ppp.h,7402,4a9e47796a389d94bfaa218f1b8d2fc5cde9302add6884661be32d3d90a96710
MR62X_SDK,MR62X_SDK_Paket/selected_sources/sdk/openwrt-21.02/package/uboot/realtek/generic/boot/include/linux/isdnif.h,23235,4c819a91afc57d292d0c4fccb309dae6edef6a4bef5d5767f28c82c488ecdc27
MR62X_SDK,MR62X_SDK_Paket/selected_sources/sdk/openwrt-21.02/package/uboot/realtek/generic/boot/include/linux/isicom.h,7431,c2b65d87be8d7ca9f4ff5cd3870b172480f9bd473e2584da541bdc3719768d96
MR62X_SDK,MR62X_SDK_Paket/selected_sources/sdk/openwrt-21.02/package/uboot/realtek/generic/boot/include/linux/iso_fs.h,8108,9dc12862887f04a35d2bf99ade1025154bccfb9980113473a1034735bbb4067b
MR62X_SDK,MR62X_SDK_Paket/selected_sources/sdk/openwrt-21.02/package/uboot/realtek/generic/boot/include/linux/iso_fs_i.h,228,ec0eaf909267b8e861c1411deb0c49b34b5f0b097822c23a9cc609d98d91a1cb
MR62X_SDK,MR62X_SDK_Paket/selected_sources/sdk/openwrt-21.02/package/uboot/realtek/generic/boot/include/linux/iso_fs_sb.h,705,a298ae67b87a71e4928bd3a0859e2da2b669d3e56aa47ed2348e60a8129c5184
MR62X_SDK,MR62X_SDK_Paket/selected_sources/sdk/openwrt-21.02/package/uboot/realtek/generic/boot/include/linux/istallion.h,3939,8b49013440b99ea3f386b8879b554701e0fdfd60a4272bbe8f11946bea088974
MR62X_SDK,MR62X_SDK_Paket/selected_sources/sdk/openwrt-21.02/package/uboot/realtek/generic/boot/include/linux/ixjuser.h,23091,956fd386c15cfa0363ac69ce29cbe16fa3e77ada8e423d3c33929d84e5957c55
MR62X_SDK,MR62X_SDK_Paket/selected_sources/sdk/openwrt-21.02/package/uboot/realtek/generic/boot/include/linux/jffs.h,8226,91ca52ba2469931e7e1ed2ba949b56527ff4f37a732c00cf7d54db82b47feef6
MR62X_SDK,MR62X_SDK_Paket/selected_sources/sdk/openwrt-21.02/package/uboot/realtek/generic/boot/include/linux/joystick.h,3090,c2b46152e8c7e0956d0d15ed3539ef7ae60c4553ccae4207af7d42ba8865e1e9
MR62X_SDK,MR62X_SDK_Paket/selected_sources/sdk/openwrt-21.02/package/uboot/realtek/generic/boot/include/linux/kbd_diacr.h,157,3260be58d61f0f1b7a7d3d379593fd9b3148316e35a2c402f618b7fdba18f342
MR62X_SDK,MR62X_SDK_Paket/selected_sources/sdk/openwrt-21.02/package/uboot/realtek/generic/boot/include/linux/kbd_kern.h,4442,20c1bdd4b2d188f80bc3e745243220d4de6d73a2b872de8af9267c525a7aa394
MR62X_SDK,MR62X_SDK_Paket/selected_sources/sdk/openwrt-21.02/package/uboot/realtek/generic/boot/include/linux/kbd_ll.h,231,e4e447451e313e0813f7f369c5eaf6e135d01a993bfd4e7cb4c7e8934d58d54d
MR62X_SDK,MR62X_SDK_Paket/selected_sources/sdk/openwrt-21.02/package/uboot/realtek/generic/boot/include/linux/kd.h,6066,1a27e44284854e2e65664e447eed828b033c9b895c36fb24cd8b54ecf3660db9
MR62X_SDK,MR62X_SDK_Paket/selected_sources/sdk/openwrt-21.02/package/uboot/realtek/generic/boot/include/linux/kdev_t.h,3588,4d80a3ed71c4da56c4a7fea7d67066417439c095a3b8d6d5133d88e05a2a5fd0
MR62X_SDK,MR62X_SDK_Paket/selected_sources/sdk/openwrt-21.02/package/uboot/realtek/generic/boot/include/linux/kernel.h,3369,6244e7deba9d6e378de877332abf1cc70b1765f8a45e068691130ce084d4e970
MR62X_SDK,MR62X_SDK_Paket/selected_sources/sdk/openwrt-21.02/package/uboot/realtek/generic/boot/include/linux/kernel_stat.h,1366,f3f5769596808f322b1a2a4ce6ee28088496fd0e2501053f6f3bbb8fb49a486d
MR62X_SDK,MR62X_SDK_Paket/selected_sources/sdk/openwrt-21.02/package/uboot/realtek/generic/boot/include/linux/kernelcapi.h,5405,992c4ffd4c99038d5dd3f4456e9ed064d6d0995782620a6447a8e6375cd55820
MR62X_SDK,MR62X_SDK_Paket/selected_sources/sdk/openwrt-21.02/package/uboot/realtek/generic/boot/include/linux/keyboard.h,12352,2e5019ec1a06204cbcf4c96c9a3b7fc1d98147d542f941bfc05e5e96970bc129
MR62X_SDK,MR62X_SDK_Paket/selected_sources/sdk/openwrt-21.02/package/uboot/realtek/generic/boot/include/linux/kmod.h,540,bf7e940f4e26d02f34895607198dac9274fad446ad571631505d0260c9f8c171
MR62X_SDK,MR62X_SDK_Paket/selected_sources/sdk/openwrt-21.02/package/uboot/realtek/generic/boot/include/linux/lapb.h,1549,369e39cbb2cad23fb3560adba048f03fffaa9ab0a07601d94ec12d148e871bff
MR62X_SDK,MR62X_SDK_Paket/selected_sources/sdk/openwrt-21.02/package/uboot/realtek/generic/boot/include/linux/limits.h,751,842e77b11fc00455b73644631f23a686fca9ecf1cf445ec44294d4368fca119b
MR62X_SDK,MR62X_SDK_Paket/selected_sources/sdk/openwrt-21.02/package/uboot/realtek/generic/boot/include/linux/linkage.h,1412,a4ce8ac3efd9cae1ead5909f4be02d8041966ad6e42f3903d4c994d675feb207
MR62X_SDK,MR62X_SDK_Paket/selected_sources/sdk/openwrt-21.02/package/uboot/realtek/generic/boot/include/linux/linux_logo.h,71405,23a4fdd499d734d70865bf3168d4eaa4c4bce18270ffcf7c4f752d8696993612
MR62X_SDK,MR62X_SDK_Paket/selected_sources/sdk/openwrt-21.02/package/uboot/realtek/generic/boot/include/linux/list.h,11176,4f4aadac47f5f9dbd467fc25cb49c79c8c2cb4820cfab5edb03efa2349f3843f
MR62X_SDK,MR62X_SDK_Paket/selected_sources/sdk/openwrt-21.02/package/uboot/realtek/generic/boot/include/linux/lockd/bind.h,1004,c5cd451a766908fdea5bfcff06f79ab96944670fdf81da7415a480e1cb231236
MR62X_SDK,MR62X_SDK_Paket/selected_sources/sdk/openwrt-21.02/package/uboot/realtek/generic/boot/include/linux/lockd/debug.h,939,a3ec173a3521cdbdd8a302bc11447ffc8c1d68273895a05b3a930f4a043854ea
MR62X_SDK,MR62X_SDK_Paket/selected_sources/sdk/openwrt-21.02/package/uboot/realtek/generic/boot/include/linux/lockd/lockd.h,6392,6f387f396e6b4f909b261886ffd55e71f90a58bf7877b866d0df2896b8c921ff
MR62X_SDK,MR62X_SDK_Paket/selected_sources/sdk/openwrt-21.02/package/uboot/realtek/generic/boot/include/linux/lockd/nlm.h,1341,efd14c4ec17a92e2e6b0f50f9c834fd310324322b847bb59e70b58664f3980fa
MR62X_SDK,MR62X_SDK_Paket/selected_sources/sdk/openwrt-21.02/package/uboot/realtek/generic/boot/include/linux/lockd/share.h,804,8978a53c29e5f58b9aff4452a7913b670a73e22dfd92f76187b4027c549ee4b9
MR62X_SDK,MR62X_SDK_Paket/selected_sources/sdk/openwrt-21.02/package/uboot/realtek/generic/boot/include/linux/lockd/sm_inter.h,798,6d2d107377753d6aa96d103115f1484c269668cfc13575aaf990b2803e0c5315
MR62X_SDK,MR62X_SDK_Paket/selected_sources/sdk/openwrt-21.02/package/uboot/realtek/generic/boot/include/linux/lockd/xdr.h,2816,6014e4a997050f9b1bea0809d59994e78446b8e2a151a8bcd0bdf8f2b3c76f5a
MR62X_SDK,MR62X_SDK_Paket/selected_sources/sdk/openwrt-21.02/package/uboot/realtek/generic/boot/include/linux/lockd/xdr4.h,1813,023f1371e52c83be3e9430bc02de62ce8a74260baca6d188901b8272f8823db7
MR62X_SDK,MR62X_SDK_Paket/selected_sources/sdk/openwrt-21.02/package/uboot/realtek/generic/boot/include/linux/locks.h,1436,5fbe57fad9dc838042e6437e27dbe65188efe92031ee4a41ae76dd64dd9e551f
MR62X_SDK,MR62X_SDK_Paket/selected_sources/sdk/openwrt-21.02/package/uboot/realtek/generic/boot/include/linux/logibusmouse.h,3089,11f5dd0903e1142768efadfe8cbc0cbf0af37de0d31d10371778be1d7ee1b6e7
MR62X_SDK,MR62X_SDK_Paket/selected_sources/sdk/openwrt-21.02/package/uboot/realtek/generic/boot/include/linux/loop.h,3292,38a2bff79b00000464dce581116801d1625cfba239a76340cebc6234e46f2056
MR62X_SDK,MR62X_SDK_Paket/selected_sources/sdk/openwrt-21.02/package/uboot/realtek/generic/boot/include/linux/lp.h,6235,5af8478ecb573584305eae948de5193d77fe8a064fc5b057afc219bb2e7ba468
MR62X_SDK,MR62X_SDK_Paket/selected_sources/sdk/openwrt-21.02/package/uboot/realtek/generic/boot/include/linux/lvm.h,23099,7f0d7c95d51d063a886b2165b9adf2d6ef4ab169efbe2c06d0e26e67d04b1462
MR62X_SDK,MR62X_SDK_Paket/selected_sources/sdk/openwrt-21.02/package/uboot/realtek/generic/boot/include/linux/major.h,4572,9539debcfa026df425f210ce2a7ef25e75c1effb103c64a96fcad689d66833ed
MR62X_SDK,MR62X_SDK_Paket/selected_sources/sdk/openwrt-21.02/package/uboot/realtek/generic/boot/include/linux/malloc.h,102,d1bbbfb9e7d48780191ee704e1e80df337180909940458030216cc6eef15f3b1
MR62X_SDK,MR62X_SDK_Paket/selected_sources/sdk/openwrt-21.02/package/uboot/realtek/generic/boot/include/linux/matroxfb.h,1313,46982cb1b1297b6d6791c0f104683958ddb44706a378e8389ade51f265b6f7e1
MR62X_SDK,MR62X_SDK_Paket/selected_sources/sdk/openwrt-21.02/package/uboot/realtek/generic/boot/include/linux/mc146818rtc.h,3521,db47a9b368c8bbf59990a548025ce8cefcd43452320678dcb26d3a61fd7c39ba
MR62X_SDK,MR62X_SDK_Paket/selected_sources/sdk/openwrt-21.02/package/uboot/realtek/generic/boot/include/linux/mc6821.h,1170,e7ed5c0f04fe7d5b1f019895ae90076af98896b0ed30342984feda286b7f3ee7
MR62X_SDK,MR62X_SDK_Paket/selected_sources/sdk/openwrt-21.02/package/uboot/realtek/generic/boot/include/linux/mca.h,3899,29343d1381fa6d58177a12148ee5e139b95742c6be1d07f5781427defbabb42b
MR62X_SDK,MR62X_SDK_Paket/selected_sources/sdk/openwrt-21.02/package/uboot/realtek/generic/boot/include/linux/minix_fs.h,3442,bd1ae8a483b5da29c1a848deed14f676584873e3a472d021f9fd729ca6703252
MR62X_SDK,MR62X_SDK_Paket/selected_sources/sdk/openwrt-21.02/package/uboot/realtek/generic/boot/include/linux/minix_fs_i.h,175,6da00d5210b76664ca906caa3d0546422527dfbe737d2f4de8ff1689545823e4
MR62X_SDK,MR62X_SDK_Paket/selected_sources/sdk/openwrt-21.02/package/uboot/realtek/generic/boot/include/linux/minix_fs_sb.h,586,1c881b2ed54de3407fd699afa4e7f367951f4e9ec216c288d7ec020bd4d0378c
MR62X_SDK,MR62X_SDK_Paket/selected_sources/sdk/openwrt-21.02/package/uboot/realtek/generic/boot/include/linux/miscdevice.h,1361,30fbdab474c0cd646c676aaeec1cc1c5edc602b42ce51e2f602bf60fd380740a
MR62X_SDK,MR62X_SDK_Paket/selected_sources/sdk/openwrt-21.02/package/uboot/realtek/generic/boot/include/linux/mm.h,20222,3fb8ee1e3ec62b87dab505ca771d23f4a7217194a98a849f03a0280099b4ac82
MR62X_SDK,MR62X_SDK_Paket/selected_sources/sdk/openwrt-21.02/package/uboot/realtek/generic/boot/include/linux/mman.h,144,7f7f8a6f4af011ecf04e239bff89d720da0bfa8eb8d15a94e99f82e3d5a4cfce
MR62X_SDK,MR62X_SDK_Paket/selected_sources/sdk/openwrt-21.02/package/uboot/realtek/generic/boot/include/linux/mmzone.h,3103,748f6789c3ae5a49862b5b936fdbe3783987fcda1340761cf114c50f490155ac
MR62X_SDK,MR62X_SDK_Paket/selected_sources/sdk/openwrt-21.02/package/uboot/realtek/generic/boot/include/linux/modsetver.h,336,fa66188c187794ed87f8485526787d6c044e4c9218f8b4f12090c534ef85e976
MR62X_SDK,MR62X_SDK_Paket/selected_sources/sdk/openwrt-21.02/package/uboot/realtek/generic/boot/include/linux/module.h,8707,d4b0f30df0e669c92e833e285ce6a9b40ef9f872e98a4765c50efaf81c3e0627
MR62X_SDK,MR62X_SDK_Paket/selected_sources/sdk/openwrt-21.02/package/uboot/realtek/generic/boot/include/linux/mount.h,1331,af24081c1f5236cbc22ada9e14e0bfeda0d91e05058872da6b19891a8d99ffea
MR62X_SDK,MR62X_SDK_Paket/selected_sources/sdk/openwrt-21.02/package/uboot/realtek/generic/boot/include/linux/mpp.h,374,c5a7806cbeb12cb50d6e125f2b2595e6fa702bd619e3b761873aa439be045c78
MR62X_SDK,MR62X_SDK_Paket/selected_sources/sdk/openwrt-21.02/package/uboot/realtek/generic/boot/include/linux/mroute.h,5856,1679156c5bb42c55391548f7f902f1513d2137fa0bc56952ac6e9b45b62ac694
MR62X_SDK,MR62X_SDK_Paket/selected_sources/sdk/openwrt-21.02/package/uboot/realtek/generic/boot/include/linux/msdos_fs.h,12689,99cc79656e879e1d4d01bf72419a6eca0dda736504a418a44ce9a74e2e50da5e
MR62X_SDK,MR62X_SDK_Paket/selected_sources/sdk/openwrt-21.02/package/uboot/realtek/generic/boot/include/linux/msdos_fs_i.h,519,61f74b89228781e9811787d4597008ccd486c5e65e60db4d5e097045fcdd4773
MR62X_SDK,MR62X_SDK_Paket/selected_sources/sdk/openwrt-21.02/package/uboot/realtek/generic/boot/include/linux/msdos_fs_sb.h,2474,514e16da5d3afed9b436deefb844718c5b2d7506975c607e9fa4c6239bdaa3ed
MR62X_SDK,MR62X_SDK_Paket/selected_sources/sdk/openwrt-21.02/package/uboot/realtek/generic/boot/include/linux/msg.h,2559,926fb83e839502310557c9460db66609b1af7506f7205a812fce0849be6b553b
MR62X_SDK,MR62X_SDK_Paket/selected_sources/sdk/openwrt-21.02/package/uboot/realtek/generic/boot/include/linux/mtd/cfi.h,3007,ab01b08205d03cd14316f61523a792c00dbf7c38b3c53f3673d5f02ba91397f1
MR62X_SDK,MR62X_SDK_Paket/selected_sources/sdk/openwrt-21.02/package/uboot/realtek/generic/boot/include/linux/mtd/compatmac.h,5513,8d4872a15b0352f1d0a409cca06b2b789062ff86a975d75175f134a220417cc3
MR62X_SDK,MR62X_SDK_Paket/selected_sources/sdk/openwrt-21.02/package/uboot/realtek/generic/boot/include/linux/mtd/doc2000.h,3244,40c00cf0831dd73b23054b24c8a4ed9ab30d5cf059d16552e39d86f5405bd125
MR62X_SDK,MR62X_SDK_Paket/selected_sources/sdk/openwrt-21.02/package/uboot/realtek/generic/boot/include/linux/mtd/flashchip.h,1617,8f0f43ad7345fd0b489bc3c18f413e440c4f6b56a1db1d93f5509660999b34de
MR62X_SDK,MR62X_SDK_Paket/selected_sources/sdk/openwrt-21.02/package/uboot/realtek/generic/boot/include/linux/mtd/ftl.h,2518,ce262662a0a7f044441f153aa322b3c2b47eded4bef9d4d2d90bafe5289d468b
MR62X_SDK,MR62X_SDK_Paket/selected_sources/sdk/openwrt-21.02/package/uboot/realtek/generic/boot/include/linux/mtd/iflash.h,3408,80d4d65e1816026f2af0c766178a820031df98cb5c9c4743d5d02f77837a766f
MR62X_SDK,MR62X_SDK_Paket/selected_sources/sdk/openwrt-21.02/package/uboot/realtek/generic/boot/include/linux/mtd/jedec.h,2024,728606cabd239541b39b5fd6d584ca1c3749171b47e2e95dcd5cf9fa220b6150
MR62X_SDK,MR62X_SDK_Paket/selected_sources/sdk/openwrt-21.02/package/uboot/realtek/generic/boot/include/linux/mtd/map.h,3523,5b1dc1ffabb709794118ae1a3946bd126dec449650e2bc2700206801b93f53cd
MR62X_SDK,MR62X_SDK_Paket/selected_sources/sdk/openwrt-21.02/package/uboot/realtek/generic/boot/include/linux/mtd/mapped.h,3076,1510bcb652746e1fbee956edbe32bb33f1f0df82536af08938c1ead9fb15039d
MR62X_SDK,MR62X_SDK_Paket/selected_sources/sdk/openwrt-21.02/package/uboot/realtek/generic/boot/include/linux/mtd/mtd.h,10860,037259b3dd76199665afd4e2e112bc4c3b89c863df6d1504e4124a7cff96334c
MR62X_SDK,MR62X_SDK_Paket/selected_sources/sdk/openwrt-21.02/package/uboot/realtek/generic/boot/include/linux/mtd/nand.h,630,938769f80e1e403fdeaca7f596984e67fd204e13d292e9e905ef279e6ee3dd05
MR62X_SDK,MR62X_SDK_Paket/selected_sources/sdk/openwrt-21.02/package/uboot/realtek/generic/boot/include/linux/mtd/nftl.h,2064,71ae01742d8f7441a8284cbb73a1b8b01673a182413e8782ca79adac97b28174
MR62X_SDK,MR62X_SDK_Paket/selected_sources/sdk/openwrt-21.02/package/uboot/realtek/generic/boot/include/linux/mtd/pmc551.h,3641,adf3216564e6ec1326acbc675c5c332704bfba6f24a992ddc9d3c8758a3a196d
MR62X_SDK,MR62X_SDK_Paket/selected_sources/sdk/openwrt-21.02/package/uboot/realtek/generic/boot/include/linux/mtio.h,14068,79246ea36a5641fc93331841f8dfab35b635aaa4374d1b62649179a8f91dc82f
MR62X_SDK,MR62X_SDK_Paket/selected_sources/sdk/openwrt-21.02/package/uboot/realtek/generic/boot/include/linux/n_r3964.h,5244,655fd36b0c2d2cab1e26f93a9be7ac748e3fa52edb7344d950a5868de42920a7
MR62X_SDK,MR62X_SDK_Paket/selected_sources/sdk/openwrt-21.02/package/uboot/realtek/generic/boot/include/linux/nbd.h,2533,58f328706b51f831a309ab28b3d9e039c9ffb2a1e73855c741981ba44d73787f
MR62X_SDK,MR62X_SDK_Paket/selected_sources/sdk/openwrt-21.02/package/uboot/realtek/generic/boot/include/linux/ncp.h,5874,4d8d26b14a0c93da465a6f662a1e88b24730e39bb5ee485b3dc9ecd046fed337
MR62X_SDK,MR62X_SDK_Paket/selected_sources/sdk/openwrt-21.02/package/uboot/realtek/generic/boot/include/linux/ncp_fs.h,7272,3f614b4be0d8daab26586134c41bd6e4a21239196604094e91c5b59277d1fc2c
MR62X_SDK,MR62X_SDK_Paket/selected_sources/sdk/openwrt-21.02/package/uboot/realtek/generic/boot/include/linux/ncp_fs_i.h,715,0a45fef1b3bb9ecd0c6293897d63c34d830dd0950159fe5f0721f436bc60f2a5
MR62X_SDK,MR62X_SDK_Paket/selected_sources/sdk/openwrt-21.02/package/uboot/realtek/generic/boot/include/linux/ncp_fs_sb.h,2297,f407cf9bab8bd83fc13c480ed15b1f10b91b3f1084837076eedbfddd5a0c4bdd
MR62X_SDK,MR62X_SDK_Paket/selected_sources/sdk/openwrt-21.02/package/uboot/realtek/generic/boot/include/linux/ncp_mount.h,2689,acc35724b8a93e09c25efa4f3792946d6aa9ec685f5f2fced7bfd4cc149cbef1
MR62X_SDK,MR62X_SDK_Paket/selected_sources/sdk/openwrt-21.02/package/uboot/realtek/generic/boot/include/linux/ncp_no.h,648,826fd8779b0a8f006e9b43303edefee25f519b06d996abdc372fcbd0e3eb8ded
MR62X_SDK,MR62X_SDK_Paket/selected_sources/sdk/openwrt-21.02/package/uboot/realtek/generic/boot/include/linux/net.h,8026,ddf0025a6cdacc087c3e81d4f0ade01d5dfb9c549c5090cf102dcfccc1319654
MR62X_SDK,MR62X_SDK_Paket/selected_sources/sdk/openwrt-21.02/package/uboot/realtek/generic/boot/include/linux/netbeui.h,291,e27a3c2e18088b0ed0b357d0cdbb95a6cc1a29954db3b612302eb9409880e7d6
MR62X_SDK,MR62X_SDK_Paket/selected_sources/sdk/openwrt-21.02/package/uboot/realtek/generic/boot/include/linux/netdevice.h,19158,ce7758b5836244cb65e90a81dbe791acb55d393701a416c49ec7983ece2d1076
MR62X_SDK,MR62X_SDK_Paket/selected_sources/sdk/openwrt-21.02/package/uboot/realtek/generic/boot/include/linux/netfilter.h,5204,9006df4f8831a9499fdd05da52ce6f3323d22dd05505391268ec6a644912f266
MR62X_SDK,MR62X_SDK_Paket/selected_sources/sdk/openwrt-21.02/package/uboot/realtek/generic/boot/include/linux/netfilter_ddp.h,337,f41cc74671d8788824cbbec4087505ea2d464468383476aeb05408f6d996b43b
MR62X_SDK,MR62X_SDK_Paket/selected_sources/sdk/openwrt-21.02/package/uboot/realtek/generic/boot/include/linux/netfilter_decnet.h,1055,b39fbb7afa575825652c3a0f34e12045d2aaa539d90e702f3ccb3152ca20379c
MR62X_SDK,MR62X_SDK_Paket/selected_sources/sdk/openwrt-21.02/package/uboot/realtek/generic/boot/include/linux/netfilter_ipv4/compat_firewall.h,1313,1b0a9fdef795aab87b1f52a05c35636f1f907dcb347f985b6e2afea18a46cb93
MR62X_SDK,MR62X_SDK_Paket/selected_sources/sdk/openwrt-21.02/package/uboot/realtek/generic/boot/include/linux/netfilter_ipv4/ip_conntrack.h,5282,285aeb7073297c455b60df070f9a10b140656884fbb7b1e2a5400817656c2a9a
MR62X_SDK,MR62X_SDK_Paket/selected_sources/sdk/openwrt-21.02/package/uboot/realtek/generic/boot/include/linux/netfilter_ipv4/ip_conntrack_core.h,1666,c5a7e162754ac7eef58ae1239e188ec1c5dcb58a82287e3e98358a1d3595df15
MR62X_SDK,MR62X_SDK_Paket/selected_sources/sdk/openwrt-21.02/package/uboot/realtek/generic/boot/include/linux/netfilter_ipv4/ip_conntrack_ftp.h,931,517504233bf09f9626d60ed54b918087180a8c779837b863c03d99b56fd9ddd1
MR62X_SDK,MR62X_SDK_Paket/selected_sources/sdk/openwrt-21.02/package/uboot/realtek/generic/boot/include/linux/netfilter_ipv4/ip_conntrack_helper.h,1145,94d9247c9eeed407593b3d39cc40b0b5b76faa1ef4c0225f3fcaa3c2209abe61
MR62X_SDK,MR62X_SDK_Paket/selected_sources/sdk/openwrt-21.02/package/uboot/realtek/generic/boot/include/linux/netfilter_ipv4/ip_conntrack_protocol.h,1990,4b0c8148501f88255f90c048869a5f833e013132f107c3df41e55b9bcf531ea4
MR62X_SDK,MR62X_SDK_Paket/selected_sources/sdk/openwrt-21.02/package/uboot/realtek/generic/boot/include/linux/netfilter_ipv4/ip_conntrack_tcp.h,631,97a1135cf3a8cbbebfc441e7326eb7bc70a9917559fd9a257e047e2be966e144
MR62X_SDK,MR62X_SDK_Paket/selected_sources/sdk/openwrt-21.02/package/uboot/realtek/generic/boot/include/linux/netfilter_ipv4/ip_conntrack_tuple.h,3254,170ee36f83a88d8ed407fc5a4a2ef170e11559fd438d74fb3e7cce68ccb35733
MR62X_SDK,MR62X_SDK_Paket/selected_sources/sdk/openwrt-21.02/package/uboot/realtek/generic/boot/include/linux/netfilter_ipv4/ip_nat.h,2866,9a1bced6f6025183748cfd3cadc8363f6850c05b2ea84f0303fe2017d4816095
MR62X_SDK,MR62X_SDK_Paket/selected_sources/sdk/openwrt-21.02/package/uboot/realtek/generic/boot/include/linux/netfilter_ipv4/ip_nat_core.h,1102,6dc9655daa19b55c10116c7f829d90f73497a1769f335a3efb262401d7a2f4b4
MR62X_SDK,MR62X_SDK_Paket/selected_sources/sdk/openwrt-21.02/package/uboot/realtek/generic/boot/include/linux/netfilter_ipv4/ip_nat_ftp.h,532,604c696f912e0aa98295616831af29f8d568b45e57d2eaadddb106d7b3a97599
MR62X_SDK,MR62X_SDK_Paket/selected_sources/sdk/openwrt-21.02/package/uboot/realtek/generic/boot/include/linux/netfilter_ipv4/ip_nat_helper.h,725,ce6b64e152b276cb9a4b5105124453f1624edf53354ecd289ffd14807940894a
MR62X_SDK,MR62X_SDK_Paket/selected_sources/sdk/openwrt-21.02/package/uboot/realtek/generic/boot/include/linux/netfilter_ipv4/ip_nat_protocol.h,1786,87161428bd23445cefee5bb3711be750d9802748a490f38a8603112c37736fe6
MR62X_SDK,MR62X_SDK_Paket/selected_sources/sdk/openwrt-21.02/package/uboot/realtek/generic/boot/include/linux/netfilter_ipv4/ip_nat_rule.h,1124,810b1f3741bdeffe43e49528873715c7a7188677f3c91f23125a09593ce96648
MR62X_SDK,MR62X_SDK_Paket/selected_sources/sdk/openwrt-21.02/package/uboot/realtek/generic/boot/include/linux/netfilter_ipv4/ip_queue.h,2338,4bc062f0de1b325498cf634261413e310ac1ef8c47b6dae1f44e5d3251d01878
MR62X_SDK,MR62X_SDK_Paket/selected_sources/sdk/openwrt-21.02/package/uboot/realtek/generic/boot/include/linux/netfilter_ipv4/ip_tables.h,11313,10719556075d3e775cc6745e514501b721eb7abcf866b9481a2073d97feeb8b5
MR62X_SDK,MR62X_SDK_Paket/selected_sources/sdk/openwrt-21.02/package/uboot/realtek/generic/boot/include/linux/netfilter_ipv4/ipchains_core.h,6358,8fc0932c450803c2817052e40de6b9a4a25cc36eda96e3cb71557beb6f81140e
MR62X_SDK,MR62X_SDK_Paket/selected_sources/sdk/openwrt-21.02/package/uboot/realtek/generic/boot/include/linux/netfilter_ipv4/ipfwadm_core.h,9787,28b8826f1543f9172073c8dd923af01c93edbe36da0783e31c19ba2bdd7c1adb
MR62X_SDK,MR62X_SDK_Paket/selected_sources/sdk/openwrt-21.02/package/uboot/realtek/generic/boot/include/linux/netfilter_ipv4/ipt_LOG.h,340,26daaa24fd65c6610977853beff3afa1c2aaf893601cd20da958554d7533e6df
MR62X_SDK,MR62X_SDK_Paket/selected_sources/sdk/openwrt-21.02/package/uboot/realtek/generic/boot/include/linux/netfilter_ipv4/ipt_MARK.h,140,4e8a7c43397c08677552a1fe2f2db6715699eb751f1ffb081132b7feadd66afc
MR62X_SDK,MR62X_SDK_Paket/selected_sources/sdk/openwrt-21.02/package/uboot/realtek/generic/boot/include/linux/netfilter_ipv4/ipt_REJECT.h,377,5ca241eb394c48a8386c98acdd89ea40b33cdc76f3683f6bbbb9e3b8b1601a90
MR62X_SDK,MR62X_SDK_Paket/selected_sources/sdk/openwrt-21.02/package/uboot/realtek/generic/boot/include/linux/netfilter_ipv4/ipt_TOS.h,188,725fa2543e6891bbd8148083dd9538324bb6cd6928215faf0feef22adac275d8
MR62X_SDK,MR62X_SDK_Paket/selected_sources/sdk/openwrt-21.02/package/uboot/realtek/generic/boot/include/linux/netfilter_ipv4/ipt_limit.h,549,5569ffc57f4a17ae9ce86ed02c3ac2aef0865a0466f6cc2bf5527fbb03462a42
MR62X_SDK,MR62X_SDK_Paket/selected_sources/sdk/openwrt-21.02/package/uboot/realtek/generic/boot/include/linux/netfilter_ipv4/ipt_mac.h,139,cebe1d51a4557e3e2a9467e893ed46bbc903d80102ad9e2f27f571a0aca7f1a9
MR62X_SDK,MR62X_SDK_Paket/selected_sources/sdk/openwrt-21.02/package/uboot/realtek/generic/boot/include/linux/netfilter_ipv4/ipt_multiport.h,467,d4210fcd04a69537d6e46d766e615824f9010063b71de902fcbc53134d191d3e
MR62X_SDK,MR62X_SDK_Paket/selected_sources/sdk/openwrt-21.02/package/uboot/realtek/generic/boot/include/linux/netfilter_ipv4/ipt_owner.h,333,1ddcc291e9c44fd9af5dc59baa2da18d45628e3663810ae6e7218c79d2e52454
MR62X_SDK,MR62X_SDK_Paket/selected_sources/sdk/openwrt-21.02/package/uboot/realtek/generic/boot/include/linux/netfilter_ipv4/ipt_state.h,220,6e1ccd3e98f09cddd88717d8dd757dcbbae40ffc03f2aabffbe431bf54334a6f
MR62X_SDK,MR62X_SDK_Paket/selected_sources/sdk/openwrt-21.02/package/uboot/realtek/generic/boot/include/linux/netfilter_ipv4/listhelp.h,3003,fa8d090ae452f33e0e14f35f17401718497d1237b88886c3e06cddc5f9dee8b9
MR62X_SDK,MR62X_SDK_Paket/selected_sources/sdk/openwrt-21.02/package/uboot/realtek/generic/boot/include/linux/netfilter_ipv4/lockhelp.h,3725,306abaa8e8e31114e3e4fa8235d64d2451feb6f4b04579875de58dc72bfd43ec
MR62X_SDK,MR62X_SDK_Paket/selected_sources/sdk/openwrt-21.02/package/uboot/realtek/generic/boot/include/linux/netfilter_ipv4.h,2048,faaaccd6cb1b794f617e3e2c8e84146fa2ad95990d957fa3be78472de05c10a9
MR62X_SDK,MR62X_SDK_Paket/selected_sources/sdk/openwrt-21.02/package/uboot/realtek/generic/boot/include/linux/netfilter_ipv6/ip6_tables.h,11716,d610a6e7f16c0085722c0bc0fb8ddd43acdcae679e33ff64053ee51105566c46
MR62X_SDK,MR62X_SDK_Paket/selected_sources/sdk/openwrt-21.02/package/uboot/realtek/generic/boot/include/linux/netfilter_ipv6/ip6t_LOG.h,347,687c3f27bf19466ad612cec0f6c9ea7090fa2581112cfe0188bf5d047e3452ad
MR62X_SDK,MR62X_SDK_Paket/selected_sources/sdk/openwrt-21.02/package/uboot/realtek/generic/boot/include/linux/netfilter_ipv6/ip6t_MARK.h,143,6a96d09b05403b4b3aee9092b0d0b5960ecd44e9c44e3d47b96c8061078c73ca
MR62X_SDK,MR62X_SDK_Paket/selected_sources/sdk/openwrt-21.02/package/uboot/realtek/generic/boot/include/linux/netfilter_ipv6/ip6t_REJECT.h,318,2f5d254d722ff4379cfae16c56f1a91bfeff298cd9ff6c79bd77d2995491ea7f
MR62X_SDK,MR62X_SDK_Paket/selected_sources/sdk/openwrt-21.02/package/uboot/realtek/generic/boot/include/linux/netfilter_ipv6/ip6t_limit.h,554,494a1a2efd6b2be668ba59ba2ef1550675082c2bf0b6a71a7757f83e6c4a87ce
MR62X_SDK,MR62X_SDK_Paket/selected_sources/sdk/openwrt-21.02/package/uboot/realtek/generic/boot/include/linux/netfilter_ipv6/ip6t_mac.h,142,8edef364e932ea27ad98415294eb51dfc838a2f303aac999932ad2bc77407429
MR62X_SDK,MR62X_SDK_Paket/selected_sources/sdk/openwrt-21.02/package/uboot/realtek/generic/boot/include/linux/netfilter_ipv6/ip6t_multiport.h,478,d1e487784b0f1a1fdbd3b7461177554f2afdace9b340d3c9cd832bd9cf379154
MR62X_SDK,MR62X_SDK_Paket/selected_sources/sdk/openwrt-21.02/package/uboot/realtek/generic/boot/include/linux/netfilter_ipv6/ip6t_owner.h,340,d391340b5c7b1fa498198ee56781de6257057a1d08b42d2c1d05d14b9e15e7eb
MR62X_SDK,MR62X_SDK_Paket/selected_sources/sdk/openwrt-21.02/package/uboot/realtek/generic/boot/include/linux/netfilter_ipv6.h,1807,199e833df454151a77a5cb5841b10db313133ab358a62008dd7efd9f4b04f14f
MR62X_SDK,MR62X_SDK_Paket/selected_sources/sdk/openwrt-21.02/package/uboot/realtek/generic/boot/include/linux/netfilter_ipx.h,331,dd45a3311eb6b5cf418ecf6d75e3a1b2ff220f11c095aca255336f01da4224be
MR62X_SDK,MR62X_SDK_Paket/selected_sources/sdk/openwrt-21.02/package/uboot/realtek/generic/boot/include/linux/netfilter_x25.h,328,f7130d04b244de7433fef60684bcda9a40a9e70996eb5f0d12b8e7f56b91ff3d
MR62X_SDK,MR62X_SDK_Paket/selected_sources/sdk/openwrt-21.02/package/uboot/realtek/generic/boot/include/linux/netlink.h,5014,976b885e054399eb274ea5af6be23012fcb87d46b78274c54c38c7fd3c2f46d7
MR62X_SDK,MR62X_SDK_Paket/selected_sources/sdk/openwrt-21.02/package/uboot/realtek/generic/boot/include/linux/netrom.h,719,ce4b90ae6856e279ec4dd55255d8e3a639dcff21cbb624f21e53afdfdbf121a1
MR62X_SDK,MR62X_SDK_Paket/selected_sources/sdk/openwrt-21.02/package/uboot/realtek/generic/boot/include/linux/nfs.h,3025,3fb722ba1dc1a7b246c83f617c74d1d925822cb8df185a7f38cb8127a1437a15
MR62X_SDK,MR62X_SDK_Paket/selected_sources/sdk/openwrt-21.02/package/uboot/realtek/generic/boot/include/linux/nfs2.h,1563,435c6b9dca2838ca04ae6a59618a8c6f2c3a1cfc0d413cdb3d5449597d44b3ef
MR62X_SDK,MR62X_SDK_Paket/selected_sources/sdk/openwrt-21.02/package/uboot/realtek/generic/boot/include/linux/nfs3.h,2402,bf7fe63e67c63207c146d3a024bee9111105cc74861eb40075a10462eb40a719
MR62X_SDK,MR62X_SDK_Paket/selected_sources/sdk/openwrt-21.02/package/uboot/realtek/generic/boot/include/linux/nfs_flushd.h,1728,780cd756984894dd1498d63787a719a42fb9284724e3e75dfe40f2d42f684900
MR62X_SDK,MR62X_SDK_Paket/selected_sources/sdk/openwrt-21.02/package/uboot/realtek/generic/boot/include/linux/nfs_fs.h,9415,075c4d4abd95289a428ad305da9eaba0ec9909df1d175328ff8dccd886c041e3
MR62X_SDK,MR62X_SDK_Paket/selected_sources/sdk/openwrt-21.02/package/uboot/realtek/generic/boot/include/linux/nfs_fs_i.h,1969,c2f5f645ca991dac9a1718b43a46a6fb9d5750c1bd595b18b71b6636f97d187c
MR62X_SDK,MR62X_SDK_Paket/selected_sources/sdk/openwrt-21.02/package/uboot/realtek/generic/boot/include/linux/nfs_fs_sb.h,898,18d24c968445dc5bb6d1b80f6cc029a36371f7b68914804ac874aaa79726eb3f
MR62X_SDK,MR62X_SDK_Paket/selected_sources/sdk/openwrt-21.02/package/uboot/realtek/generic/boot/include/linux/nfs_mount.h,1595,ca6a1dbca714b6782b3be742b734111029f7fcb478f9e39a7c456f485758f52a
MR62X_SDK,MR62X_SDK_Paket/selected_sources/sdk/openwrt-21.02/package/uboot/realtek/generic/boot/include/linux/nfs_page.h,2517,7352a66f1758226e3b299d8905d251d0ab6cf0383a9996b29b9aa147b928e6d7
MR62X_SDK,MR62X_SDK_Paket/selected_sources/sdk/openwrt-21.02/package/uboot/realtek/generic/boot/include/linux/nfs_xdr.h,8374,15a97995d43f22afddffdf0f5fba08138a32bce763c40d57631eac5d1daaf34b
MR62X_SDK,MR62X_SDK_Paket/selected_sources/sdk/openwrt-21.02/package/uboot/realtek/generic/boot/include/linux/nfsd/auth.h,1086,72b226148b15187425bbb9b3170adfdcb7e829148aed01bd201755d7acc2e4a6
MR62X_SDK,MR62X_SDK_Paket/selected_sources/sdk/openwrt-21.02/package/uboot/realtek/generic/boot/include/linux/nfsd/cache.h,1646,fe71fbce7f66b525278cd6daf735ecfa940a78e6c062191d0f2ba0b70b611b3e
MR62X_SDK,MR62X_SDK_Paket/selected_sources/sdk/openwrt-21.02/package/uboot/realtek/generic/boot/include/linux/nfsd/const.h,586,ec81b861381ddc95332bf3d75fe9c0df14115fd60600fe0aa980fbc816afca7e
MR62X_SDK,MR62X_SDK_Paket/selected_sources/sdk/openwrt-21.02/package/uboot/realtek/generic/boot/include/linux/nfsd/debug.h,934,46fd064585ce711eb0a32a7f52ebca0340fa550494c7c34d37d75720dbb9f934
MR62X_SDK,MR62X_SDK_Paket/selected_sources/sdk/openwrt-21.02/package/uboot/realtek/generic/boot/include/linux/nfsd/export.h,2694,25ba71e81cc436c47b821a7a719f3ee84c8af9e0d8b3576f6d9772a78e2b47f0
MR62X_SDK,MR62X_SDK_Paket/selected_sources/sdk/openwrt-21.02/package/uboot/realtek/generic/boot/include/linux/nfsd/interface.h,478,899626f839e425ade1d4ca51ba640e46384ef6f326a1db12d06b1dbfd15fbc6d
MR62X_SDK,MR62X_SDK_Paket/selected_sources/sdk/openwrt-21.02/package/uboot/realtek/generic/boot/include/linux/nfsd/nfsd.h,6086,73b11f97020958e885038a6c1b46a4ead1140a4537fba04945cf7215a6b79f44
MR62X_SDK,MR62X_SDK_Paket/selected_sources/sdk/openwrt-21.02/package/uboot/realtek/generic/boot/include/linux/nfsd/nfsfh.h,9218,1ec02acbf5e567fe1cadab6c87f70586eb244778f1b9d71917b16de5d7af7ca8
MR62X_SDK,MR62X_SDK_Paket/selected_sources/sdk/openwrt-21.02/package/uboot/realtek/generic/boot/include/linux/nfsd/stats.h,1493,5d95ea8304cb071eeaff2da47aa41e058738e54baf65d844cc65856b717fc8ba
MR62X_SDK,MR62X_SDK_Paket/selected_sources/sdk/openwrt-21.02/package/uboot/realtek/generic/boot/include/linux/nfsd/syscall.h,3462,36b1d57aa7fe94e4944594d41a98723d60152edafbdfd98ad7979f2483f52fa2
MR62X_SDK,MR62X_SDK_Paket/selected_sources/sdk/openwrt-21.02/package/uboot/realtek/generic/boot/include/linux/nfsd/xdr.h,3531,a282f8da36294274c626c3a9a5d8ec8579454035439991e4886414d7c1a3ab92
MR62X_SDK,MR62X_SDK_Paket/selected_sources/sdk/openwrt-21.02/package/uboot/realtek/generic/boot/include/linux/nfsd/xdr3.h,7060,ea660ec3843e0ec19a68103642eaa279ca064e5c2a2cba928a6483ffd1cc11c9
MR62X_SDK,MR62X_SDK_Paket/selected_sources/sdk/openwrt-21.02/package/uboot/realtek/generic/boot/include/linux/nfsiod.h,1063,283391c7dcbaa0214b79e6932a6c9703c2e55e5abdbd5061711adadc72144a51
MR62X_SDK,MR62X_SDK_Paket/selected_sources/sdk/openwrt-21.02/package/uboot/realtek/generic/boot/include/linux/nls.h,907,1c09ac0e140ecf81a950f19ca535d61cafbcd723389bfcb5fb4a8766e93e4657
MR62X_SDK,MR62X_SDK_Paket/selected_sources/sdk/openwrt-21.02/package/uboot/realtek/generic/boot/include/linux/notifier.h,2249,ee0f24e05caff52c9aea39666b31017fa1ddde5a8513a1e68b90c63f98d14480
MR62X_SDK,MR62X_SDK_Paket/selected_sources/sdk/openwrt-21.02/package/uboot/realtek/generic/boot/include/linux/ntfs_fs.h,57,230b50f7ffa75c1390828a5185248670f5b088c257136b8e17881b92ff6166dd
MR62X_SDK,MR62X_SDK_Paket/selected_sources/sdk/openwrt-21.02/package/uboot/realtek/generic/boot/include/linux/ntfs_fs_i.h,1966,b1e84289b1a696caa44834dbde5851bbf82258bd321ac3db8df06e8637478eae
MR62X_SDK,MR62X_SDK_Paket/selected_sources/sdk/openwrt-21.02/package/uboot/realtek/generic/boot/include/linux/ntfs_fs_sb.h,1256,2fcf4b32cda674462fe2ac4d9bcb8fb81b559924d497d76740bea99cfd54f458
MR62X_SDK,MR62X_SDK_Paket/selected_sources/sdk/openwrt-21.02/package/uboot/realtek/generic/boot/include/linux/nubus.h,9972,5cb03ae7b04d65b2bd2575e56b1d52f60780e35a132c31cf2d303d5f00c00b86
MR62X_SDK,MR62X_SDK_Paket/selected_sources/sdk/openwrt-21.02/package/uboot/realtek/generic/boot/include/linux/nvram.h,475,4140317a173db29063c38b5d054f1b3c38a389a5aa44eef6272dc2c1dff185ff
MR62X_SDK,MR62X_SDK_Paket/selected_sources/sdk/openwrt-21.02/package/uboot/realtek/generic/boot/include/linux/openpic.h,9382,1f7483d4e804d1ad4550a410e3f5c116a8c89994d9b09e0d1ea341935053ea87
MR62X_SDK,MR62X_SDK_Paket/selected_sources/sdk/openwrt-21.02/package/uboot/realtek/generic/boot/include/linux/openprom_fs.h,186,170b93f19245b5bae5cbd404c5d31d861ee2745e6c4020470d5c1918aeb9b443
MR62X_SDK,MR62X_SDK_Paket/selected_sources/sdk/openwrt-21.02/package/uboot/realtek/generic/boot/include/linux/pagemap.h,3831,b1270a7254f1bbd65cd88ddf324cd7f0292c489e61472f5ed5bfa5fda1de2efb
MR62X_SDK,MR62X_SDK_Paket/selected_sources/sdk/openwrt-21.02/package/uboot/realtek/generic/boot/include/linux/param.h,78,633173c5ae0a10bbe640570d681eeaacb0529a1b2bc127f18db1e1ab6bcb1a00
MR62X_SDK,MR62X_SDK_Paket/selected_sources/sdk/openwrt-21.02/package/uboot/realtek/generic/boot/include/linux/parport.h,21492,52c1fadf4625ad187019a90f3044fb2e7cd121f826cf6f8fa6354b9161b7677c
MR62X_SDK,MR62X_SDK_Paket/selected_sources/sdk/openwrt-21.02/package/uboot/realtek/generic/boot/include/linux/parport_pc.h,4912,32ab5c6f752efe44894665f1a602b36411b9cd94b25ebecee4abf7b6fcf1d010
MR62X_SDK,MR62X_SDK_Paket/selected_sources/sdk/openwrt-21.02/package/uboot/realtek/generic/boot/include/linux/pc_keyb.h,4426,6540f04d7c57812de05952505c63be9d3c2f3dd3da93bd4a2034ea710b3c6220
MR62X_SDK,MR62X_SDK_Paket/selected_sources/sdk/openwrt-21.02/package/uboot/realtek/generic/boot/include/linux/pci.h,27873,eac02e1dd3e590e94dce76e71c0a80f7632a91126512a3e219968d81e1fee3f2
MR62X_SDK,MR62X_SDK_Paket/selected_sources/sdk/openwrt-21.02/package/uboot/realtek/generic/boot/include/linux/pci_ids.h,47737,8733956712a96254fb49ee77008ff2a26ede01ff716dd48ed93f8c7c47e3c719
MR62X_SDK,MR62X_SDK_Paket/selected_sources/sdk/openwrt-21.02/package/uboot/realtek/generic/boot/include/linux/personality.h,2423,e8654f1371dc65cab7825d15c8166924e107ced1c9c9ff7eb1fb2ab51378a4e3
MR62X_SDK,MR62X_SDK_Paket/selected_sources/sdk/openwrt-21.02/package/uboot/realtek/generic/boot/include/linux/pg.h,2274,84ff626bf345aa85c49200b11c94c4b97b0652c31e401bf74674dee52b6caf0f
MR62X_SDK,MR62X_SDK_Paket/selected_sources/sdk/openwrt-21.02/package/uboot/realtek/generic/boot/include/linux/phonedev.h,566,782a8d34e6db9977177bf386e27350e2c8e18cbb12da83277b904b4f2decc020
MR62X_SDK,MR62X_SDK_Paket/selected_sources/sdk/openwrt-21.02/package/uboot/realtek/generic/boot/include/linux/pipe_fs_i.h,1625,09416d1b32ce0fb31df123b9fd37ba291e1870fc87794b6b66f5b1fd90f64d66
MR62X_SDK,MR62X_SDK_Paket/selected_sources/sdk/openwrt-21.02/package/uboot/realtek/generic/boot/include/linux/pkt_cls.h,2295,db772a3df91244ecf26d3b3f9d2ce810dc8ff2657dba5136a2fcd9cbb3f513a5
MR62X_SDK,MR62X_SDK_Paket/selected_sources/sdk/openwrt-21.02/package/uboot/realtek/generic/boot/include/linux/pkt_sched.h,7995,e05254ee3dfdb6dc7b99ed4a1a9be5b5fcec13fc7353134c0fd3f7c1f3795fc6
MR62X_SDK,MR62X_SDK_Paket/selected_sources/sdk/openwrt-21.02/package/uboot/realtek/generic/boot/include/linux/pm.h,4019,689c79bbc79d6c9563a5e1168eba1276bcd5f4a1c4eff46697e0585c5454509e
MR62X_SDK,MR62X_SDK_Paket/selected_sources/sdk/openwrt-21.02/package/uboot/realtek/generic/boot/include/linux/pmu.h,5839,93c8c2007c395a8f817bc0dff063701f72982cb8aed293e3f8404be1cc05066a
MR62X_SDK,MR62X_SDK_Paket/selected_sources/sdk/openwrt-21.02/package/uboot/realtek/generic/boot/include/linux/poll.h,1920,936d8ee80a126b648c3715a8080daa27d870722878dd1bbb18973760fc86f21d
MR62X_SDK,MR62X_SDK_Paket/selected_sources/sdk/openwrt-21.02/package/uboot/realtek/generic/boot/include/linux/posix_types.h,1242,0cb6f0ae8c6dd75c6fdaae698ea89830e7576afba1d3d16bde8cb7b39509b0d7
MR62X_SDK,MR62X_SDK_Paket/selected_sources/sdk/openwrt-21.02/package/uboot/realtek/generic/boot/include/linux/ppdev.h,2519,83ab08b1bc464a6e73c76f6c52812e2f963d7d781cf3b8ac7bfe884ac38fcb08
MR62X_SDK,MR62X_SDK_Paket/selected_sources/sdk/openwrt-21.02/package/uboot/realtek/generic/boot/include/linux/ppp-comp.h,6439,0efb618d53a3b3efa07c23269f41ba3b9987f62cde311f25d599be62ad1f990d
MR62X_SDK,MR62X_SDK_Paket/selected_sources/sdk/openwrt-21.02/package/uboot/realtek/generic/boot/include/linux/ppp.h,68,8fe0622a62670a95417b5051f5e785f460153aad44e5c6a2e4d738d017a44cbd
MR62X_SDK,MR62X_SDK_Paket/selected_sources/sdk/openwrt-21.02/package/uboot/realtek/generic/boot/include/linux/ppp_channel.h,3323,0499d92479ec0142e79cd7c3a5427df56c12cd3cb591fb39fb276d76c8ac926a
MR62X_SDK,MR62X_SDK_Paket/selected_sources/sdk/openwrt-21.02/package/uboot/realtek/generic/boot/include/linux/ppp_defs.h,6433,1c4e3cbb7ee5d4dc5342753dcfb50586319cde842f4fe634186f0a6c7f310979
MR62X_SDK,MR62X_SDK_Paket/selected_sources/sdk/openwrt-21.02/package/uboot/realtek/generic/boot/include/linux/prctl.h,752,8b8e8fbcf98465a27fe1ef124faa0de6e8e40fe7cc0ee6e70c7f57603da1eb44
MR62X_SDK,MR62X_SDK_Paket/selected_sources/sdk/openwrt-21.02/package/uboot/realtek/generic/boot/include/linux/proc_fs.h,6196,41d350e1ba318e91121556d705186cd62a87d14cb1d26f4e3cd0308136ff9b0c
MR62X_SDK,MR62X_SDK_Paket/selected_sources/sdk/openwrt-21.02/package/uboot/realtek/generic/boot/include/linux/proc_fs_i.h,238,b5c1dbf4276ad1e00b2a40a68b311c2ee92ee34619961fb0c07320b391e4c343
MR62X_SDK,MR62X_SDK_Paket/selected_sources/sdk/openwrt-21.02/package/uboot/realtek/generic/boot/include/linux/ps2esdi.h,2318,36f60cc4c55d29ae9ed20eb5dd14e9543da327c3e80b859276c7c378f8b8f703
MR62X_SDK,MR62X_SDK_Paket/selected_sources/sdk/openwrt-21.02/package/uboot/realtek/generic/boot/include/linux/ptrace.h,593,5e2e4906c9dfec76af78eb965d17a82896b1bed5b4662a0a4bbbdbd8e8d5e55c
MR62X_SDK,MR62X_SDK_Paket/selected_sources/sdk/openwrt-21.02/package/uboot/realtek/generic/boot/include/linux/qic117.h,11977,63d7e480cd2d6fa508e0bd68a3db40b7d36fa30dff7239c49ae49d2c36071c42
MR62X_SDK,MR62X_SDK_Paket/selected_sources/sdk/openwrt-21.02/package/uboot/realtek/generic/boot/include/linux/qnx4_fs.h,3819,bd450781f3b21d3b385e935966b273f20f02a2d1194cd1220d2f2ccd9c73aa0d
MR62X_SDK,MR62X_SDK_Paket/selected_sources/sdk/openwrt-21.02/package/uboot/realtek/generic/boot/include/linux/qnx4_fs_i.h,944,b6ed391a8e6833f81db267d1daa2886ff261121b840ed40dc8a316d598cac311
MR62X_SDK,MR62X_SDK_Paket/selected_sources/sdk/openwrt-21.02/package/uboot/realtek/generic/boot/include/linux/qnx4_fs_sb.h,659,43613f13ecdce06c77423a46be64bc9554db99e7fa1bafc53375b210c5e70050
MR62X_SDK,MR62X_SDK_Paket/selected_sources/sdk/openwrt-21.02/package/uboot/realtek/generic/boot/include/linux/qnxtypes.h,617,85f7e34a334b5621b151dab472b5a0f141ef610038f79dac10efddfeb2ea38f2
MR62X_SDK,MR62X_SDK_Paket/selected_sources/sdk/openwrt-21.02/package/uboot/realtek/generic/boot/include/linux/quota.h,7400,8a192929e476e091259a3c79e2a6cf55f3fb3e972c6e7cec8c946c8caf64067e
MR62X_SDK,MR62X_SDK_Paket/selected_sources/sdk/openwrt-21.02/package/uboot/realtek/generic/boot/include/linux/quotaops.h,3623,385da2618b4ad4144bb783fa532ea4f3f143dcaa5e1906f4861483fbd56352af
MR62X_SDK,MR62X_SDK_Paket/selected_sources/sdk/openwrt-21.02/package/uboot/realtek/generic/boot/include/linux/raid/linear.h,497,61893cd7151547709663331bb54b1885e29a4d502a4a32ddb6503319b5216ba3
MR62X_SDK,MR62X_SDK_Paket/selected_sources/sdk/openwrt-21.02/package/uboot/realtek/generic/boot/include/linux/raid/md.h,3107,758664bc81988b99cf6e8464262bda5481533b014b929a26ade0e16bc68d60b9
MR62X_SDK,MR62X_SDK_Paket/selected_sources/sdk/openwrt-21.02/package/uboot/realtek/generic/boot/include/linux/raid/md_compatible.h,3520,411be12c5021c40b5fb0e87214f51e22543f655785227ecb552664aa3c3b3e43
MR62X_SDK,MR62X_SDK_Paket/selected_sources/sdk/openwrt-21.02/package/uboot/realtek/generic/boot/include/linux/raid/md_k.h,9024,cce498f033ad4f59d360baec5d3148402a3cfb6ad4418978cef8bf3b7572ab91
MR62X_SDK,MR62X_SDK_Paket/selected_sources/sdk/openwrt-21.02/package/uboot/realtek/generic/boot/include/linux/raid/md_p.h,5963,ea8b6c08fba21e58678a973601c89963b66fde25c4a9f6ca877e3398b0ad62be
MR62X_SDK,MR62X_SDK_Paket/selected_sources/sdk/openwrt-21.02/package/uboot/realtek/generic/boot/include/linux/raid/md_u.h,3003,62fd6adf772bab3aa25067d28c89b5310782b8cf5dff77c7fdf7b5e1a11b87cc
MR62X_SDK,MR62X_SDK_Paket/selected_sources/sdk/openwrt-21.02/package/uboot/realtek/generic/boot/include/linux/raid/raid0.h,744,eafcf3666cc0d540142887a3ede8527752be20be0e32ae3478cb982b2c329c07
MR62X_SDK,MR62X_SDK_Paket/selected_sources/sdk/openwrt-21.02/package/uboot/realtek/generic/boot/include/linux/raid/raid1.h,2289,f9fa0f53a77a1e24a7ad4a78429282eae54b1845b80785cc05f3cabafa9d272b
MR62X_SDK,MR62X_SDK_Paket/selected_sources/sdk/openwrt-21.02/package/uboot/realtek/generic/boot/include/linux/raid/raid5.h,3045,11a5ce0eaef024180539f9738b82eca350d340704c461a652b485765b5a48556
MR62X_SDK,MR62X_SDK_Paket/selected_sources/sdk/openwrt-21.02/package/uboot/realtek/generic/boot/include/linux/raid/xor.h,232,a37f11e2e4fbc944a99bda95cf07f749332ecc07e9c119a45c8b9be62d365d34
MR62X_SDK,MR62X_SDK_Paket/selected_sources/sdk/openwrt-21.02/package/uboot/realtek/generic/boot/include/linux/random.h,2215,50e1a57c9e768d58c64ef121c9c836607b446d75ef624c3545d2b98217285722
MR62X_SDK,MR62X_SDK_Paket/selected_sources/sdk/openwrt-21.02/package/uboot/realtek/generic/boot/include/linux/raw.h,356,4ab410d2bbb12cd3a301b71a005129d752baaf0f50d5d631032caf250d37c482
MR62X_SDK,MR62X_SDK_Paket/selected_sources/sdk/openwrt-21.02/package/uboot/realtek/generic/boot/include/linux/reboot.h,1379,711e592b579edf9543fed1907b347a17ec8c2ef9756aaec9d9ff54a90cf60bcc
MR62X_SDK,MR62X_SDK_Paket/selected_sources/sdk/openwrt-21.02/package/uboot/realtek/generic/boot/include/linux/resource.h,1586,09b3553ef383a98fad707baa642f1d3da06878d3d1a7b3c3ab0234220a873c8a
MR62X_SDK,MR62X_SDK_Paket/selected_sources/sdk/openwrt-21.02/package/uboot/realtek/generic/boot/include/linux/rocket.h,1387,48bdd358c090fd8b5109c2bde41f0eb624344a2d3d5b69f26502f4f180b43f66
MR62X_SDK,MR62X_SDK_Paket/selected_sources/sdk/openwrt-21.02/package/uboot/realtek/generic/boot/include/linux/romfs_fs.h,1176,f29888974b15bf60eff503b801da7d3b1ae9753d6be80053632eb216bda5979f
MR62X_SDK,MR62X_SDK_Paket/selected_sources/sdk/openwrt-21.02/package/uboot/realtek/generic/boot/include/linux/romfs_fs_i.h,219,b558217c294206354d62d52a06bc02630226b91105fe024e1bd83f6aaaf5afdb
MR62X_SDK,MR62X_SDK_Paket/selected_sources/sdk/openwrt-21.02/package/uboot/realtek/generic/boot/include/linux/romfs_fs_sb.h,142,be41a34ec1ba53001c4d3ca227a75e148ccda624dc289c8de171e4ef6ed5cff2
MR62X_SDK,MR62X_SDK_Paket/selected_sources/sdk/openwrt-21.02/package/uboot/realtek/generic/boot/include/linux/rose.h,2100,c31921086cfaff007ab7bdd2a8fd0ea2801ba89796462f8da85ea8197ea4f738
MR62X_SDK,MR62X_SDK_Paket/selected_sources/sdk/openwrt-21.02/package/uboot/realtek/generic/boot/include/linux/route.h,2296,89f636ea2140adb5c083f55102322cf045bbc7c87541fa04386cb883092e5400
MR62X_SDK,MR62X_SDK_Paket/selected_sources/sdk/openwrt-21.02/package/uboot/realtek/generic/boot/include/linux/rpcsock.h,3306,5dd5274cbf8e5447285df41c2c13945be6cb478fe22fb682da8e249dd71789ad
MR62X_SDK,MR62X_SDK_Paket/selected_sources/sdk/openwrt-21.02/package/uboot/realtek/generic/boot/include/linux/rtc.h,2354,47fbd705c9b3d2a26cdf61515e168b0de1f6f0646099f49a349a5599ad1b22d0
MR62X_SDK,MR62X_SDK_Paket/selected_sources/sdk/openwrt-21.02/package/uboot/realtek/generic/boot/include/linux/rtnetlink.h,14512,d99d0a75ad95ae8e1ca05155a2b6460d0a81bfb41f2c67fe66aeb6c351b54d08
MR62X_SDK,MR62X_SDK_Paket/selected_sources/sdk/openwrt-21.02/package/uboot/realtek/generic/boot/include/linux/sc26198.h,13140,731d32df913fc6aacde961e363850154d202e1c0ba349d23ee81430ef2029010
MR62X_SDK,MR62X_SDK_Paket/selected_sources/sdk/openwrt-21.02/package/uboot/realtek/generic/boot/include/linux/scc.h,7387,5c42b3339f07ab2edb6c53e27481ef2b71bd986414c9a22aa928ff8ceeadf3d9
MR62X_SDK,MR62X_SDK_Paket/selected_sources/sdk/openwrt-21.02/package/uboot/realtek/generic/boot/include/linux/sched.h,25223,f32965def6a4314b88f8b491311197025850cdf411d6fe18181d70f72d3b3bfa
MR62X_SDK,MR62X_SDK_Paket/selected_sources/sdk/openwrt-21.02/package/uboot/realtek/generic/boot/include/linux/sdla.h,9729,48bfa9202f7543de8a7124a2ec467a74fa3a15a8fd558dc75271c49a93fc17bc
MR62X_SDK,MR62X_SDK_Paket/selected_sources/sdk/openwrt-21.02/package/uboot/realtek/generic/boot/include/linux/sdla_chdlc.h,38829,9d9d788679d4c3a2bdadbd7b55c3e961745280e1f02892559b3d53727c2ed1aa
MR62X_SDK,MR62X_SDK_Paket/selected_sources/sdk/openwrt-21.02/package/uboot/realtek/generic/boot/include/linux/sdla_fr.h,24481,bc3e6b245ccc2f74b96f439dfc88673982f0252a23ba256083b5565d55f5cb85
MR62X_SDK,MR62X_SDK_Paket/selected_sources/sdk/openwrt-21.02/package/uboot/realtek/generic/boot/include/linux/sdla_ppp.h,23484,9cc4d68851274b080919630151bbd79e02c4664d62d1ec7dbba191c2954aabdd
MR62X_SDK,MR62X_SDK_Paket/selected_sources/sdk/openwrt-21.02/package/uboot/realtek/generic/boot/include/linux/sdla_x25.h,25880,0f88f58d8c2a021998ec65a2437a612744785aab700b4c67d9343d73f1356078
MR62X_SDK,MR62X_SDK_Paket/selected_sources/sdk/openwrt-21.02/package/uboot/realtek/generic/boot/include/linux/sdladrv.h,2988,00a9b17ad960f9cacfbd11f265238e049336439d561070009c1391d825f9107a
MR62X_SDK,MR62X_SDK_Paket/selected_sources/sdk/openwrt-21.02/package/uboot/realtek/generic/boot/include/linux/sdlapci.h,2981,e567ea0b4555630c8c765b69d47aa3a7070d55b80fae764de58ff4f8568941db
MR62X_SDK,MR62X_SDK_Paket/selected_sources/sdk/openwrt-21.02/package/uboot/realtek/generic/boot/include/linux/sdlasfm.h,3498,66f52eda719662cec78b1d387230a3d5df71a33635113b6b70f25dcd6de3de51
MR62X_SDK,MR62X_SDK_Paket/selected_sources/sdk/openwrt-21.02/package/uboot/realtek/generic/boot/include/linux/securebits.h,1177,fdce2240060689fc68e197c91d5c8214d725976d04e9368648d6c59fe4115b51
MR62X_SDK,MR62X_SDK_Paket/selected_sources/sdk/openwrt-21.02/package/uboot/realtek/generic/boot/include/linux/selection.h,1398,f6575661bc4d7f3f38bc69896fb92379f610ca9e32e79598597a288e8317c715
MR62X_SDK,MR62X_SDK_Paket/selected_sources/sdk/openwrt-21.02/package/uboot/realtek/generic/boot/include/linux/sem.h,4616,7c8f9e4adbb1d1dc24f3f8b5e84d2522304bf8fb5706fd73b288cbc46e1dfb29
MR62X_SDK,MR62X_SDK_Paket/selected_sources/sdk/openwrt-21.02/package/uboot/realtek/generic/boot/include/linux/serial.h,5367,71fb8d54ac6247dac440e818bfd0208e80dd891e9fb19c504f3b89f3a1e6e57f
MR62X_SDK,MR62X_SDK_Paket/selected_sources/sdk/openwrt-21.02/package/uboot/realtek/generic/boot/include/linux/serial.h.john,5123,c9be2fc147fcae115db7cfaf03939bf7a8c193d1b74a26f75daf402e6ae6894f
MR62X_SDK,MR62X_SDK_Paket/selected_sources/sdk/openwrt-21.02/package/uboot/realtek/generic/boot/include/linux/serial167.h,4666,8e8179feee3d75df72e2f7f3afc81525a3af76153b55026b5c4072ce00213f1b
MR62X_SDK,MR62X_SDK_Paket/selected_sources/sdk/openwrt-21.02/package/uboot/realtek/generic/boot/include/linux/serialP.h,5328,6e567c3e9c10d161f5fa2381362ff98e04bd49b90bd646520fc37ff680e64d07
MR62X_SDK,MR62X_SDK_Paket/selected_sources/sdk/openwrt-21.02/package/uboot/realtek/generic/boot/include/linux/serial_reg.h,3165,8efb602197bd384f1680bae2e61fa42d5b7667b4bcf4d51103dbef75721a3431
MR62X_SDK,MR62X_SDK_Paket/selected_sources/sdk/openwrt-21.02/package/uboot/realtek/generic/boot/include/linux/serio.h,2772,c0ed685fdc4c34b9b72c3a0e431c4005deddf8602fa0d4ce0b2c80d6f69ce9e5
MR62X_SDK,MR62X_SDK_Paket/selected_sources/sdk/openwrt-21.02/package/uboot/realtek/generic/boot/include/linux/shm.h,2710,119daa1d5a92c6f1188931e172e93b78fef855968b0c8875b83b478db4b2270e
MR62X_SDK,MR62X_SDK_Paket/selected_sources/sdk/openwrt-21.02/package/uboot/realtek/generic/boot/include/linux/signal.h,5122,efd0b4eae01283358c8312fb1917a1b929222d90c78377363eb5a9cddfa50e14
MR62X_SDK,MR62X_SDK_Paket/selected_sources/sdk/openwrt-21.02/package/uboot/realtek/generic/boot/include/linux/sisfb.h,639,abd938f58b893e1df956944a620a689466653333214789cf0b37d470c998e75c
MR62X_SDK,MR62X_SDK_Paket/selected_sources/sdk/openwrt-21.02/package/uboot/realtek/generic/boot/include/linux/skbuff.h,24725,591156ddf462838dcbe0c8dc3ab83f2d76d8216848784b202585c953d042b593
MR62X_SDK,MR62X_SDK_Paket/selected_sources/sdk/openwrt-21.02/package/uboot/realtek/generic/boot/include/linux/slab.h,2758,8ad5cc215607066c03e5a6b1a78338b23cb8ba07c4c0671a124d5f8f565ec8db
MR62X_SDK,MR62X_SDK_Paket/selected_sources/sdk/openwrt-21.02/package/uboot/realtek/generic/boot/include/linux/smb.h,2657,9d0807997cca810ad2c38f5ed54dd1adfa38237c72be46e8975a2bed05a08d34
MR62X_SDK,MR62X_SDK_Paket/selected_sources/sdk/openwrt-21.02/package/uboot/realtek/generic/boot/include/linux/smb_fs.h,7274,1369f2a60fa4c5d5186110fc8ad2d14eee2bd29bea965adcb375391f0cbc6994
MR62X_SDK,MR62X_SDK_Paket/selected_sources/sdk/openwrt-21.02/package/uboot/realtek/generic/boot/include/linux/smb_fs_i.h,789,444857ce8e5a95a611359f39550d98e48a8da658c43670f2da43a13fdd2da6e6
MR62X_SDK,MR62X_SDK_Paket/selected_sources/sdk/openwrt-21.02/package/uboot/realtek/generic/boot/include/linux/smb_fs_sb.h,1577,ab2ddb8baba0519680239ac38873f0948673362b76e56e8bf6d0c762848289aa
MR62X_SDK,MR62X_SDK_Paket/selected_sources/sdk/openwrt-21.02/package/uboot/realtek/generic/boot/include/linux/smb_mount.h,1167,c2effd08842492801bacbd296247b2f4323a22eb48e1d14ad324f673a9f319a9
MR62X_SDK,MR62X_SDK_Paket/selected_sources/sdk/openwrt-21.02/package/uboot/realtek/generic/boot/include/linux/smbno.h,11724,017c6bc273079da6311944a1a7b13090e9723ab44719e7462f5db531f1e6687f
MR62X_SDK,MR62X_SDK_Paket/selected_sources/sdk/openwrt-21.02/package/uboot/realtek/generic/boot/include/linux/smp.h,1909,b07b970168de1fed9750d5169d601974cc03b0e8507af3a678facafaee149386
MR62X_SDK,MR62X_SDK_Paket/selected_sources/sdk/openwrt-21.02/package/uboot/realtek/generic/boot/include/linux/smp_lock.h,385,7d06f879b7e04fbe811a69796aa08c9170936b04a8e9044b440f44edd223b169
MR62X_SDK,MR62X_SDK_Paket/selected_sources/sdk/openwrt-21.02/package/uboot/realtek/generic/boot/include/linux/socket.h,8134,caa1c781f42f72f1846fcee2a8c61699c14fde75ba4abaf79231ed5bf819cdc8
MR62X_SDK,MR62X_SDK_Paket/selected_sources/sdk/openwrt-21.02/package/uboot/realtek/generic/boot/include/linux/sockios.h,4369,055aab89e99d389604edc3e4ca23088448da1dda109c2a142408a8e9506335b4
MR62X_SDK,MR62X_SDK_Paket/selected_sources/sdk/openwrt-21.02/package/uboot/realtek/generic/boot/include/linux/sonet.h,2552,afc0ff083d7eac39e39b2f02e9683e0819b2bc563e6577fae92ae9e3fc7b9c9a
MR62X_SDK,MR62X_SDK_Paket/selected_sources/sdk/openwrt-21.02/package/uboot/realtek/generic/boot/include/linux/sound.h,1709,8c6c49ff28adccf7fa8a398e48c844073bfc7ecca29ed2e0ff866bfa37e191ce
MR62X_SDK,MR62X_SDK_Paket/selected_sources/sdk/openwrt-21.02/package/uboot/realtek/generic/boot/include/linux/soundcard.h,46924,81399d22df672e3dd32163934d7ae61d426a704d9b1ac2066ca49af4628c086e
MR62X_SDK,MR62X_SDK_Paket/selected_sources/sdk/openwrt-21.02/package/uboot/realtek/generic/boot/include/linux/soundmodem.h,1841,cc97b9e83962a02b026b1e46213d160840b2b9b9df8214da3c26bc59e14a6c14
MR62X_SDK,MR62X_SDK_Paket/selected_sources/sdk/openwrt-21.02/package/uboot/realtek/generic/boot/include/linux/spi/flash.h,983,4a04b12506853d5f2488fecbb0842ccb3641f3d171f31b915cb900d32ccd2246
MR62X_SDK,MR62X_SDK_Paket/selected_sources/sdk/openwrt-21.02/package/uboot/realtek/generic/boot/include/linux/spi/spi.h,35496,d77b6c88cbfdc0fcbfa4747286131e8ffbb4dd77f1624d3e96f7cfd45c6f1283
MR62X_SDK,MR62X_SDK_Paket/selected_sources/sdk/openwrt-21.02/package/uboot/realtek/generic/boot/include/linux/spinlock.h,5588,84574e4dc9488c4608ec66372025d33f73f58dae27efe6bac06119ebdb715532
MR62X_SDK,MR62X_SDK_Paket/selected_sources/sdk/openwrt-21.02/package/uboot/realtek/generic/boot/include/linux/stallion.h,4563,da4a3b2ae546cca4fa2333f492883ac5c28bfb60f68c527c28abe7e6d3e13b1b
MR62X_SDK,MR62X_SDK_Paket/selected_sources/sdk/openwrt-21.02/package/uboot/realtek/generic/boot/include/linux/stat.h,1306,acdd351ffbf26af6a428d903c89c0a73646ae6a2c764b27aa3b510ab4ed5eddb
MR62X_SDK,MR62X_SDK_Paket/selected_sources/sdk/openwrt-21.02/package/uboot/realtek/generic/boot/include/linux/stddef.h,260,13b4548bbd1339968fc6876037ce89cb9b372a1d029834868d13915ff4d24e95
MR62X_SDK,MR62X_SDK_Paket/selected_sources/sdk/openwrt-21.02/package/uboot/realtek/generic/boot/include/linux/string.h,2267,5e115baf6801640e9c4085621319c1a6ade5e72a8284e3f5447a964a56071f1f
MR62X_SDK,MR62X_SDK_Paket/selected_sources/sdk/openwrt-21.02/package/uboot/realtek/generic/boot/include/linux/sunrpc/auth.h,3133,3e13eeb2a2e1aaf803a9d829e956b20d60f69aa14b8333f7facdd1a4f36ee057
MR62X_SDK,MR62X_SDK_Paket/selected_sources/sdk/openwrt-21.02/package/uboot/realtek/generic/boot/include/linux/sunrpc/clnt.h,4513,da65ad8825ae69c0f503d1f80d5e8cfc987d1d297c5f13df1caba297d4668a8c
MR62X_SDK,MR62X_SDK_Paket/selected_sources/sdk/openwrt-21.02/package/uboot/realtek/generic/boot/include/linux/sunrpc/debug.h,2016,19ba4dc1bcf9c8e72554760e3bf26ceb3b89b26dcdbcfc17415ec475fa71c518
MR62X_SDK,MR62X_SDK_Paket/selected_sources/sdk/openwrt-21.02/package/uboot/realtek/generic/boot/include/linux/sunrpc/msg_prot.h,1102,3cecf1099f2fbb38619a4680a7948d76e141303ef5791219bb97404ab31686dd
MR62X_SDK,MR62X_SDK_Paket/selected_sources/sdk/openwrt-21.02/package/uboot/realtek/generic/boot/include/linux/sunrpc/sched.h,5963,6c004a0bca1e21340f845280102ce3310af65290cc86b3fedd9aa51b38bb9340
MR62X_SDK,MR62X_SDK_Paket/selected_sources/sdk/openwrt-21.02/package/uboot/realtek/generic/boot/include/linux/sunrpc/stats.h,1548,8370014bd8a1987432c8fbb527468704a8f0e26e4e30efaf5b31beea5223751e
MR62X_SDK,MR62X_SDK_Paket/selected_sources/sdk/openwrt-21.02/package/uboot/realtek/generic/boot/include/linux/sunrpc/svc.h,6015,9c1385778d93a57d050c1afa21fb93fa22d7b8a43262a1409f48db9ec070b2d9
MR62X_SDK,MR62X_SDK_Paket/selected_sources/sdk/openwrt-21.02/package/uboot/realtek/generic/boot/include/linux/sunrpc/svcauth.h,938,9131bb9d437c3f2b9c2010aaa4e47a339dcce8d31be9a7827d69113ae46457af
MR62X_SDK,MR62X_SDK_Paket/selected_sources/sdk/openwrt-21.02/package/uboot/realtek/generic/boot/include/linux/sunrpc/svcsock.h,1664,46788d68218cba6a6e146aeb4d2ad9b416b6f7b7c91fbf299c937274bbfced2c
MR62X_SDK,MR62X_SDK_Paket/selected_sources/sdk/openwrt-21.02/package/uboot/realtek/generic/boot/include/linux/sunrpc/types.h,1627,374fd2617715288782fb5f728d9201275eb7d82aa5007c700928da5e3b8f498f
MR62X_SDK,MR62X_SDK_Paket/selected_sources/sdk/openwrt-21.02/package/uboot/realtek/generic/boot/include/linux/sunrpc/xdr.h,2273,749aa597ab8e985d93a9f322127f625f053bb5f0c6e8553b84fbbd8d6858c4f8
MR62X_SDK,MR62X_SDK_Paket/selected_sources/sdk/openwrt-21.02/package/uboot/realtek/generic/boot/include/linux/sunrpc/xprt.h,5783,1fee5c87038ea47688075f162b974f28412879fecc7bfc060b22625354f91331
MR62X_SDK,MR62X_SDK_Paket/selected_sources/sdk/openwrt-21.02/package/uboot/realtek/generic/boot/include/linux/swap.h,8263,8a63dad65bc1dacd48902000369e56c7d36b35743fee7cfcc431ffeaa0fbf7f4
MR62X_SDK,MR62X_SDK_Paket/selected_sources/sdk/openwrt-21.02/package/uboot/realtek/generic/boot/include/linux/swapctl.h,736,9e2845b0e5be34d0788b0ae441648b9a5728586b6be93e33bd8fc050763fe86a
MR62X_SDK,MR62X_SDK_Paket/selected_sources/sdk/openwrt-21.02/package/uboot/realtek/generic/boot/include/linux/synclink.h,7316,a12fa374142d33e2978f623b8d7e0bd50bdafffe0de3cdc10abd527e425624cb
MR62X_SDK,MR62X_SDK_Paket/selected_sources/sdk/openwrt-21.02/package/uboot/realtek/generic/boot/include/linux/sys.h,960,8e6a5365e390c588ccc67820ad5f41271a6838078a3d24867942e982116a1f51
MR62X_SDK,MR62X_SDK_Paket/selected_sources/sdk/openwrt-21.02/package/uboot/realtek/generic/boot/include/linux/sysctl.h,18588,f4a8f72afe8eee7d1af29fb83dbe3901ef17273e0334038e116dc82ee0fd6e35
MR62X_SDK,MR62X_SDK_Paket/selected_sources/sdk/openwrt-21.02/package/uboot/realtek/generic/boot/include/linux/sysrq.h,845,d70fe141e005fad13f5b9191a2f367c29bf142de6887ab3af81bf0054f2f6517
MR62X_SDK,MR62X_SDK_Paket/selected_sources/sdk/openwrt-21.02/package/uboot/realtek/generic/boot/include/linux/sysv_fs.h,14187,ad802d50fed23e5faa91f6be2942bcede4f2d8fdea047c304f785cfe5f923687
MR62X_SDK,MR62X_SDK_Paket/selected_sources/sdk/openwrt-21.02/package/uboot/realtek/generic/boot/include/linux/sysv_fs_i.h,309,879e9f3df2442fb35c2fc3610b415a78c071a502044ff6f51bd8e6fe3167b895
MR62X_SDK,MR62X_SDK_Paket/selected_sources/sdk/openwrt-21.02/package/uboot/realtek/generic/boot/include/linux/sysv_fs_sb.h,6675,cdf81b1d370e6d0797c50a8dcfa13e51477342209319d3a751599fcfb8c7505c
MR62X_SDK,MR62X_SDK_Paket/selected_sources/sdk/openwrt-21.02/package/uboot/realtek/generic/boot/include/linux/tcp.h,4490,2868254a1dc41a19d15cb7537c225080f36b907190928d0625972db97820b0b7
MR62X_SDK,MR62X_SDK_Paket/selected_sources/sdk/openwrt-21.02/package/uboot/realtek/generic/boot/include/linux/telephony.h,8033,6a38dc017e00d6bba540ddc4a5d5cbadada73fc55ed3cb82be26feea923bdfda
MR62X_SDK,MR62X_SDK_Paket/selected_sources/sdk/openwrt-21.02/package/uboot/realtek/generic/boot/include/linux/termios.h,109,8e7d85319df34d54d962701f76e517e152f8ef01717fff93343e97d55993d3fb
MR62X_SDK,MR62X_SDK_Paket/selected_sources/sdk/openwrt-21.02/package/uboot/realtek/generic/boot/include/linux/threads.h,422,4344777101ca2d979f3b9e6fc4642b31c821d4e53698de8a5717a94af1fd9e7a
MR62X_SDK,MR62X_SDK_Paket/selected_sources/sdk/openwrt-21.02/package/uboot/realtek/generic/boot/include/linux/time.h,3438,33f48bfc59fdc337646598c4de7a10ce0cdda4a34be06924f5466b5309035152
MR62X_SDK,MR62X_SDK_Paket/selected_sources/sdk/openwrt-21.02/package/uboot/realtek/generic/boot/include/linux/timer.h,2360,5579b25656236a06755a0b6d101b8b8f5d81aa7dfb28b63ed3cfbed7f71fcc50
MR62X_SDK,MR62X_SDK_Paket/selected_sources/sdk/openwrt-21.02/package/uboot/realtek/generic/boot/include/linux/times.h,153,eba1cc92f9c33baccbc8b30a8ef7423063779cc1e2d62c5763446174f05ca552
MR62X_SDK,MR62X_SDK_Paket/selected_sources/sdk/openwrt-21.02/package/uboot/realtek/generic/boot/include/linux/timex.h,11338,fd393d2ce73a77791402a9236f9ef0f472fb6d0b0a1a920dfda0715b8779311a
MR62X_SDK,MR62X_SDK_Paket/selected_sources/sdk/openwrt-21.02/package/uboot/realtek/generic/boot/include/linux/toshiba.h,1219,21c7c8a91a70832f6b47d17272d58dc89751128b920e16f8c5da531f44201c55
MR62X_SDK,MR62X_SDK_Paket/selected_sources/sdk/openwrt-21.02/package/uboot/realtek/generic/boot/include/linux/tpanel.h,942,6a5ee8dc733e241a0eaff3f09957400e6669ea89408dfd947b2132a5b268827d
MR62X_SDK,MR62X_SDK_Paket/selected_sources/sdk/openwrt-21.02/package/uboot/realtek/generic/boot/include/linux/tpqic02.h,27205,211f6043e2895454eb80b8cbc598eb494d6ef52828b8f59f4bfa905b7b879f56
MR62X_SDK,MR62X_SDK_Paket/selected_sources/sdk/openwrt-21.02/package/uboot/realtek/generic/boot/include/linux/tqueue.h,3600,f0be2ff66a3c672a9a54256e8e6bf658da0a8cc1088a0a7b0870caae13031d84
MR62X_SDK,MR62X_SDK_Paket/selected_sources/sdk/openwrt-21.02/package/uboot/realtek/generic/boot/include/linux/trdevice.h,1335,5d8114c07b29a0e935ba0951ff302c024c0345fbeeffc715f3e730df818bfa41
MR62X_SDK,MR62X_SDK_Paket/selected_sources/sdk/openwrt-21.02/package/uboot/realtek/generic/boot/include/linux/tty.h,14404,817277ec8b386eb1b821af9f4a09ff0e899657613129fe0ab32692df412359ad
MR62X_SDK,MR62X_SDK_Paket/selected_sources/sdk/openwrt-21.02/package/uboot/realtek/generic/boot/include/linux/tty_driver.h,8464,e0b170403c5151f187672bfd42355534be3e16d3fe6e5e2fb7cb82cd43f1254e
MR62X_SDK,MR62X_SDK_Paket/selected_sources/sdk/openwrt-21.02/package/uboot/realtek/generic/boot/include/linux/tty_flip.h,551,61eb8c2867ef24096bc32a4b95dad614b862b51880b5169ef6d3b906020a2ff5
MR62X_SDK,MR62X_SDK_Paket/selected_sources/sdk/openwrt-21.02/package/uboot/realtek/generic/boot/include/linux/tty_ldisc.h,5211,5ab6f41ef942f81c55fdf21d2e4ee9172f896087d2e5c2331bd83efc34f95944
MR62X_SDK,MR62X_SDK_Paket/selected_sources/sdk/openwrt-21.02/package/uboot/realtek/generic/boot/include/linux/types.h,2862,38b39612cff92c2f25f2caf7ea877787c9fecf93a55567ac4b4850b10616c0eb
MR62X_SDK,MR62X_SDK_Paket/selected_sources/sdk/openwrt-21.02/package/uboot/realtek/generic/boot/include/linux/udf_167.h,18974,c8686e1d5703d17aa10c4a52a176a4cafc5e235017129da5375deb8445307146
MR62X_SDK,MR62X_SDK_Paket/selected_sources/sdk/openwrt-21.02/package/uboot/realtek/generic/boot/include/linux/udf_fs.h,1454,9bfc41fef4bd7a28518b81ce4c489da3625aae1471eec51390071e8676aeb309
MR62X_SDK,MR62X_SDK_Paket/selected_sources/sdk/openwrt-21.02/package/uboot/realtek/generic/boot/include/linux/udf_fs_i.h,1322,3396fa929dd73f4c0365d9945df3a4d688ab44d082af7f0a6c0c0457f1da2c85
MR62X_SDK,MR62X_SDK_Paket/selected_sources/sdk/openwrt-21.02/package/uboot/realtek/generic/boot/include/linux/udf_fs_sb.h,2313,a15e12dd484ac55f7ac0234de2bf1c24d73b9042f97ff1c9d179041edad1a409
MR62X_SDK,MR62X_SDK_Paket/selected_sources/sdk/openwrt-21.02/package/uboot/realtek/generic/boot/include/linux/udf_udf.h,5968,f982f803781cab4addcb22fbbdf6ceb288603efcda1dda7e4bd24e0e72d7eab9
MR62X_SDK,MR62X_SDK_Paket/selected_sources/sdk/openwrt-21.02/package/uboot/realtek/generic/boot/include/linux/udp.h,755,b1cef5cc9efbd2f3b39e6df813ccb1e1a03e87a9b601c78a5545d637c8c48ae7
MR62X_SDK,MR62X_SDK_Paket/selected_sources/sdk/openwrt-21.02/package/uboot/realtek/generic/boot/include/linux/ufs_fs.h,21124,f1b4e07744336a54805aaa7f5005c5fd9bae3cf41a15b351d37726d4f090ab89
MR62X_SDK,MR62X_SDK_Paket/selected_sources/sdk/openwrt-21.02/package/uboot/realtek/generic/boot/include/linux/ufs_fs_i.h,661,6373f7d3f2971e586fad47e1d6ebba0e42c72c7ac6d1cba5847b901d3f058608
MR62X_SDK,MR62X_SDK_Paket/selected_sources/sdk/openwrt-21.02/package/uboot/realtek/generic/boot/include/linux/ufs_fs_sb.h,7578,f24151a5d6a32ba97b74ca8f4bdc8d2d8c701df3477a828ad0518f8e2b8f9bf2
MR62X_SDK,MR62X_SDK_Paket/selected_sources/sdk/openwrt-21.02/package/uboot/realtek/generic/boot/include/linux/uio.h,995,511f20ae26ccf1764747c8e0d541240d1075461b1ebb14c8f2bd762b758d5c51
MR62X_SDK,MR62X_SDK_Paket/selected_sources/sdk/openwrt-21.02/package/uboot/realtek/generic/boot/include/linux/ultrasound.h,4499,071656a11ba9664c8971972f6478177503c61c822b9ada54c29c2e4273c49968
MR62X_SDK,MR62X_SDK_Paket/selected_sources/sdk/openwrt-21.02/package/uboot/realtek/generic/boot/include/linux/umsdos_fs.h,5759,72cfb7b2fa6ef51cca03531e3994d0330151fc987fb4e2a3da9684b005b1d384
MR62X_SDK,MR62X_SDK_Paket/selected_sources/sdk/openwrt-21.02/package/uboot/realtek/generic/boot/include/linux/umsdos_fs.p,3643,4bd3ee36dc78729fcadf4ff6dafe6a6cd22355da95455ad4a3a64793d8977fdd
MR62X_SDK,MR62X_SDK_Paket/selected_sources/sdk/openwrt-21.02/package/uboot/realtek/generic/boot/include/linux/umsdos_fs_i.h,1751,8cffd52468e6d47cda182064b06b64806cba08bef6400db9fddec6593994c4d7
MR62X_SDK,MR62X_SDK_Paket/selected_sources/sdk/openwrt-21.02/package/uboot/realtek/generic/boot/include/linux/un.h,203,1230b0d9afe124a5f42a390dd3e3111f03853e8282116ee5ddd89851cba4d908
MR62X_SDK,MR62X_SDK_Paket/selected_sources/sdk/openwrt-21.02/package/uboot/realtek/generic/boot/include/linux/unistd.h,176,8d7e9c2d9796be4b1e413b8abba9004e807b62fde108f1668ee00945191bfedd
MR62X_SDK,MR62X_SDK_Paket/selected_sources/sdk/openwrt-21.02/package/uboot/realtek/generic/boot/include/linux/usb.h,26511,ebccbb7d8a7f64372f3fd5812f3fa6aee5a90179f73d98e5da98d20e5eb22239
MR62X_SDK,MR62X_SDK_Paket/selected_sources/sdk/openwrt-21.02/package/uboot/realtek/generic/boot/include/linux/usbdev_fs_i.h,180,cb27efa3715e963646290f03d71e16df7638903bc2b47da69d0c22edc7ee58db
MR62X_SDK,MR62X_SDK_Paket/selected_sources/sdk/openwrt-21.02/package/uboot/realtek/generic/boot/include/linux/usbdev_fs_sb.h,173,0595eaf74caed5db663f06fd8a2f14cc57e66194ae6713f7bb25f2b4ebcfe5b8
MR62X_SDK,MR62X_SDK_Paket/selected_sources/sdk/openwrt-21.02/package/uboot/realtek/generic/boot/include/linux/usbdevice_fs.h,6309,99ad9259694fdb224085b172bef23074621fe08b66f499da2bbfc35686fd5bba
MR62X_SDK,MR62X_SDK_Paket/selected_sources/sdk/openwrt-21.02/package/uboot/realtek/generic/boot/include/linux/user.h,22,25ea321ef82b8973b8c15e126e06dda702cb3f458a99f48c4ffd4c463c797487
MR62X_SDK,MR62X_SDK_Paket/selected_sources/sdk/openwrt-21.02/package/uboot/realtek/generic/boot/include/linux/utime.h,108,61919fe08efc94f2da7098ebf93553803ae6dfbf000a43579474e1f34419f207
MR62X_SDK,MR62X_SDK_Paket/selected_sources/sdk/openwrt-21.02/package/uboot/realtek/generic/boot/include/linux/uts.h,392,32862286cc2e0a93ac465cad747ed5d2ec4b781b9221fd495aedf84851cc56ab
MR62X_SDK,MR62X_SDK_Paket/selected_sources/sdk/openwrt-21.02/package/uboot/realtek/generic/boot/include/linux/utsname.h,571,e052aae758b67258e6704b4607d952ef13f22d81ab7fb763925dbae9564ec4e8
MR62X_SDK,MR62X_SDK_Paket/selected_sources/sdk/openwrt-21.02/package/uboot/realtek/generic/boot/include/linux/version.h,131,3aa1dff496e28989aeac67fc4c82554ba4827ce6e2a61e6d6a654dc493171778
MR62X_SDK,MR62X_SDK_Paket/selected_sources/sdk/openwrt-21.02/package/uboot/realtek/generic/boot/include/linux/vfs.h,75,6f9d4ced1ca69ab89096d15b5edc36242a3b81cb19a432e1febb84f8482ca990
MR62X_SDK,MR62X_SDK_Paket/selected_sources/sdk/openwrt-21.02/package/uboot/realtek/generic/boot/include/linux/video_decoder.h,1494,d5f721f3e3f1adf7a6e665062b8683405cee8d4d0dc9fa5393ff4e5d6f82f955
MR62X_SDK,MR62X_SDK_Paket/selected_sources/sdk/openwrt-21.02/package/uboot/realtek/generic/boot/include/linux/video_encoder.h,847,e81f22e342c3e7836d5bb6ee95c3e190db90608fd15340b39e8f37e935313ef8
MR62X_SDK,MR62X_SDK_Paket/selected_sources/sdk/openwrt-21.02/package/uboot/realtek/generic/boot/include/linux/videodev.h,12629,69900a656a010b61d5abd4a587a847ab91d3109772fec2bee1a776092c604288
MR62X_SDK,MR62X_SDK_Paket/selected_sources/sdk/openwrt-21.02/package/uboot/realtek/generic/boot/include/linux/videotext.h,4534,8551f3fae959def656718177a048b089b46f497b7c7bd4be9545e456bc5de6d4
MR62X_SDK,MR62X_SDK_Paket/selected_sources/sdk/openwrt-21.02/package/uboot/realtek/generic/boot/include/linux/vmalloc.h,1574,6cd9d36e282c6ae58851a5432d0bf5450a503e2263894aefe7fc927cca3e4c44
MR62X_SDK,MR62X_SDK_Paket/selected_sources/sdk/openwrt-21.02/package/uboot/realtek/generic/boot/include/linux/vt.h,1997,1e40da439da1bbeb6a1c21c7a309cd97a3d0d5125d6f8ac7e5c980827f84b947
MR62X_SDK,MR62X_SDK_Paket/selected_sources/sdk/openwrt-21.02/package/uboot/realtek/generic/boot/include/linux/vt_buffer.h,1891,dd9dcb32a55cb01ca8e3a9d0a33bedc1cdbcb8cc4cab72427efaf0bb3adcc367
MR62X_SDK,MR62X_SDK_Paket/selected_sources/sdk/openwrt-21.02/package/uboot/realtek/generic/boot/include/linux/vt_kern.h,2971,be31d428433ac312700357acc766ed919d4c3f62583ea3e4321427a8cc801fba
MR62X_SDK,MR62X_SDK_Paket/selected_sources/sdk/openwrt-21.02/package/uboot/realtek/generic/boot/include/linux/wait.h,5134,99e1e33d370ac9d4212a7c0d7fc660e50b5918444a405812d841e564af610d87
MR62X_SDK,MR62X_SDK_Paket/selected_sources/sdk/openwrt-21.02/package/uboot/realtek/generic/boot/include/linux/wanpipe.h,13364,25a422dcdf3d0922884a462f3c436b0259da4627606a3f0d89b3708ed3c14564
MR62X_SDK,MR62X_SDK_Paket/selected_sources/sdk/openwrt-21.02/package/uboot/realtek/generic/boot/include/linux/wanrouter.h,19553,165ecca34b00a88825e2688de701704fdca865ee47a291e84808aef903fba536
MR62X_SDK,MR62X_SDK_Paket/selected_sources/sdk/openwrt-21.02/package/uboot/realtek/generic/boot/include/linux/watchdog.h,1522,62398cd4b1faf1622e9b3a5550e61ca436673824b45bc9ea5cf3de4406b19ee6
MR62X_SDK,MR62X_SDK_Paket/selected_sources/sdk/openwrt-21.02/package/uboot/realtek/generic/boot/include/linux/wavefront.h,19139,79bcfb30fddf80f20a872844e479d81f11bd9345738d07644b8fd9a5857c1721
MR62X_SDK,MR62X_SDK_Paket/selected_sources/sdk/openwrt-21.02/package/uboot/realtek/generic/boot/include/linux/wireless.h,15242,659bc6d114dd2572ed3c41ae381caef522c85684db9e79e48871006f0a3d5b45
MR62X_SDK,MR62X_SDK_Paket/selected_sources/sdk/openwrt-21.02/package/uboot/realtek/generic/boot/include/linux/wrapper.h,1249,683e4675252de6060185bbb686b036ad1ab14f0a7996ce005387f93f1494cde1
MR62X_SDK,MR62X_SDK_Paket/selected_sources/sdk/openwrt-21.02/package/uboot/realtek/generic/boot/include/linux/x25.h,2436,35c9e63359e2d7e9d8e1687dbd1624730e02ffaa61be0ccc873a20472e09632f
MR62X_SDK,MR62X_SDK_Paket/selected_sources/sdk/openwrt-21.02/package/uboot/realtek/generic/boot/include/linux/yam.h,2879,b93579cfef19844cdc3984326761ff83ac38054dd4b587fdacdd1450ab2bc5b1
MR62X_SDK,MR62X_SDK_Paket/selected_sources/sdk/openwrt-21.02/package/uboot/realtek/generic/boot/include/linux/zftape.h,2394,96f825befbe53d9afad113951d127a7a037321c3d34bc55c59c74f9caea22804
MR62X_SDK,MR62X_SDK_Paket/selected_sources/sdk/openwrt-21.02/package/uboot/realtek/generic/boot/include/linux/zorro.h,35530,93e2a84bb0245955512ccde0aea059fdf093a6d22d1df8517c05849f813ba398
MR62X_SDK,MR62X_SDK_Paket/selected_sources/sdk/openwrt-21.02/package/uboot/realtek/generic/boot/include/monitor.h,1457,e567884d50625fd3912b5a1a83dc965872c89c503d71e272eb58086a1ec0cf15
MR62X_SDK,MR62X_SDK_Paket/selected_sources/sdk/openwrt-21.02/package/uboot/realtek/generic/boot/include/nand_spi/ecc_ctrl.h,2638,90a87e98bc5bce95f013c05318a2a2919f5e4abbd93f716afa6f938d51c61822
MR62X_SDK,MR62X_SDK_Paket/selected_sources/sdk/openwrt-21.02/package/uboot/realtek/generic/boot/include/nand_spi/nand_spi.h,3374,4f6120696abca64f74ce2da912ea8fd3ea64387419249104a8585adba42bb3cc
MR62X_SDK,MR62X_SDK_Paket/selected_sources/sdk/openwrt-21.02/package/uboot/realtek/generic/boot/include/nand_spi/nand_spi_ctrl.h,4990,4e0dbf38ea3258fb7b747ae030d74f4f7229b5ad7b5d597ef08e1cdd0ca85108
MR62X_SDK,MR62X_SDK_Paket/selected_sources/sdk/openwrt-21.02/package/uboot/realtek/generic/boot/include/nand_spi/nand_spi_gd.h,2681,2216556562875fb62d3877bf405b22a4ecaf589d21b3e94b9ae5466dcf669591
MR62X_SDK,MR62X_SDK_Paket/selected_sources/sdk/openwrt-21.02/package/uboot/realtek/generic/boot/include/nand_spi/nand_spi_util.h,394,9cfc17276750116abdaaf14b2a1446b9fe62e282ca328f04467b54ad949a2487
MR62X_SDK,MR62X_SDK_Paket/selected_sources/sdk/openwrt-21.02/package/uboot/realtek/generic/boot/include/nand_spi/soc.h,18961,e527b2369fd516ec9960cdbede8bf30db81eedac3c0710daebd7933ae6f8f75e
MR62X_SDK,MR62X_SDK_Paket/selected_sources/sdk/openwrt-21.02/package/uboot/realtek/generic/boot/include/nand_spi/util.h,501,64b4b185cb9c0d7dec4d0b10ea809605a4274475ffe7121898cd8e2e5f724c66
MR62X_SDK,MR62X_SDK_Paket/selected_sources/sdk/openwrt-21.02/package/uboot/realtek/generic/boot/include/net/addrconf.h,4902,c82993851751875b017d3c1e2fb405bfc6bf51de83e9773443fceeda238b0f63
MR62X_SDK,MR62X_SDK_Paket/selected_sources/sdk/openwrt-21.02/package/uboot/realtek/generic/boot/include/net/af_unix.h,1181,0cf7e4fb570d31dd8c459df695846a03930c5a29dc57fcfadc01ac01e9971b22
MR62X_SDK,MR62X_SDK_Paket/selected_sources/sdk/openwrt-21.02/package/uboot/realtek/generic/boot/include/net/arp.h,796,3a6ced2bb19482d89ee13e0d27be24d245b69c8c45c04f8baa2c757fd9d806c9
MR62X_SDK,MR62X_SDK_Paket/selected_sources/sdk/openwrt-21.02/package/uboot/realtek/generic/boot/include/net/atalkcall.h,111,fc632c1dad1bbd4934743c0ed99474580736e97decac2b71107846f02366057d
MR62X_SDK,MR62X_SDK_Paket/selected_sources/sdk/openwrt-21.02/package/uboot/realtek/generic/boot/include/net/atmclip.h,1915,fbf6d0135a4743cd40e33b5dfa27791314835cae5d6cfc6016b18a4f603fc2e6
MR62X_SDK,MR62X_SDK_Paket/selected_sources/sdk/openwrt-21.02/package/uboot/realtek/generic/boot/include/net/ax25.h,12474,c3836ee28929d96da9d0269ba620205ff496ce59fa2c3154c4f5c7ff461306ed
MR62X_SDK,MR62X_SDK_Paket/selected_sources/sdk/openwrt-21.02/package/uboot/realtek/generic/boot/include/net/ax25call.h,110,4c2f3170b13e86b482a5c0e5f4edc0dfc35f3d1ebea31885819a43c528b4cb36
MR62X_SDK,MR62X_SDK_Paket/selected_sources/sdk/openwrt-21.02/package/uboot/realtek/generic/boot/include/net/checksum.h,2965,3ba09867aa221c3d7525298950eefb1b29b9eb1afc315d17c8aaa818de9e6316
MR62X_SDK,MR62X_SDK_Paket/selected_sources/sdk/openwrt-21.02/package/uboot/realtek/generic/boot/include/net/datalink.h,407,6761e510eaa76e119aaa8a6f052a606f019b1c7bcf5586f581b04969e95b1ee0
MR62X_SDK,MR62X_SDK_Paket/selected_sources/sdk/openwrt-21.02/package/uboot/realtek/generic/boot/include/net/decnet_call.h,112,01d2798085603e345a7b61914bf3c61fabc90a688f491b6714ccd5a61da5aa0b
MR62X_SDK,MR62X_SDK_Paket/selected_sources/sdk/openwrt-21.02/package/uboot/realtek/generic/boot/include/net/dn.h,6853,72bf5baff3ffecf30e6a92c8fb093c374ed8ff29a4167897d2cbe47f78f78401
MR62X_SDK,MR62X_SDK_Paket/selected_sources/sdk/openwrt-21.02/package/uboot/realtek/generic/boot/include/net/dn_dev.h,6888,91a7f6da48aa344ffea74c60b8aac81dede9e0220786dcb5c9b40f83f257502f
MR62X_SDK,MR62X_SDK_Paket/selected_sources/sdk/openwrt-21.02/package/uboot/realtek/generic/boot/include/net/dn_fib.h,5284,1718285c47facb1ecc617be2fb157e42331a60d41a64784b9bd742747e5383ec
MR62X_SDK,MR62X_SDK_Paket/selected_sources/sdk/openwrt-21.02/package/uboot/realtek/generic/boot/include/net/dn_neigh.h,915,83871c31df3951adde880c5ca7f010df763e26454c674958bc96b564b04adbba
MR62X_SDK,MR62X_SDK_Paket/selected_sources/sdk/openwrt-21.02/package/uboot/realtek/generic/boot/include/net/dn_nsp.h,6205,dd929eb82b83b94cebcc9f3b54aa9c7a7c39e8c8f1b417592852851a0ebdf44d
MR62X_SDK,MR62X_SDK_Paket/selected_sources/sdk/openwrt-21.02/package/uboot/realtek/generic/boot/include/net/dn_route.h,4894,7cff16c316d92e57a0b6ed07c7db82d06f9dc1067c53bc7109db56d471664591
MR62X_SDK,MR62X_SDK_Paket/selected_sources/sdk/openwrt-21.02/package/uboot/realtek/generic/boot/include/net/dsfield.h,1475,406e31351b0fefe9b42db3450c302d61b9927966b86aee37ce482df173372fad
MR62X_SDK,MR62X_SDK_Paket/selected_sources/sdk/openwrt-21.02/package/uboot/realtek/generic/boot/include/net/dst.h,3089,8b110f1c45e2ac3c2a2f0b8211ba4a08ed693d030bc0820d4c8fd5f4bdabb5fa
MR62X_SDK,MR62X_SDK_Paket/selected_sources/sdk/openwrt-21.02/package/uboot/realtek/generic/boot/include/net/flow.h,1594,46545bbf007fb9a38edb47c9cd2581f5504b5325191e6ea1dbfb516b2e3e4c37
MR62X_SDK,MR62X_SDK_Paket/selected_sources/sdk/openwrt-21.02/package/uboot/realtek/generic/boot/include/net/icmp.h,1490,659aae52943dc5c9bfb27142c120c106baf24e39a3beb65fde3cece36c5da105
MR62X_SDK,MR62X_SDK_Paket/selected_sources/sdk/openwrt-21.02/package/uboot/realtek/generic/boot/include/net/if_inet6.h,3692,9750cad77b156111244bc2b81d19029fec457c7fc5e49699d19268bc94d1fd81
MR62X_SDK,MR62X_SDK_Paket/selected_sources/sdk/openwrt-21.02/package/uboot/realtek/generic/boot/include/net/inet_common.h,1646,d3f53fa833f1c4ffc6c744c99fb1064db9273eafa05630063d5dd930dcc469e6
MR62X_SDK,MR62X_SDK_Paket/selected_sources/sdk/openwrt-21.02/package/uboot/realtek/generic/boot/include/net/inet_ecn.h,1609,5f8dbadacf41ff316d8e2337c1b1eaff9ec0bf239c9f3dc55c37a4bd45d90089
MR62X_SDK,MR62X_SDK_Paket/selected_sources/sdk/openwrt-21.02/package/uboot/realtek/generic/boot/include/net/inetpeer.h,1736,85a8008a516c346dab22b2b2f70de2d017493f86878980d0efa0e00df93042d3
MR62X_SDK,MR62X_SDK_Paket/selected_sources/sdk/openwrt-21.02/package/uboot/realtek/generic/boot/include/net/ip.h,7496,3a7a4057a19d8c1d240dc50134af8ba83c383671a5f528079aa9584df4cd825d
MR62X_SDK,MR62X_SDK_Paket/selected_sources/sdk/openwrt-21.02/package/uboot/realtek/generic/boot/include/net/ip6_fib.h,3929,c2a6c6b433cda2cc092231cac86dcd168ce6a16f229c5fd103e118b048491645
MR62X_SDK,MR62X_SDK_Paket/selected_sources/sdk/openwrt-21.02/package/uboot/realtek/generic/boot/include/net/ip6_fw.h,764,5bf8657dace94de9f5cbba44fb016720080086bc7d3537e768891b30a33072ea
MR62X_SDK,MR62X_SDK_Paket/selected_sources/sdk/openwrt-21.02/package/uboot/realtek/generic/boot/include/net/ip6_route.h,3023,3c58b8b8324741e7d412f1b3107be6c767ec4c59deeb4c2378e562f0570bc547
MR62X_SDK,MR62X_SDK_Paket/selected_sources/sdk/openwrt-21.02/package/uboot/realtek/generic/boot/include/net/ip_fib.h,8045,b9c97d5722a30d986dd0ae51b31414098711a49e3bdd84b7b21f736d058b4359
MR62X_SDK,MR62X_SDK_Paket/selected_sources/sdk/openwrt-21.02/package/uboot/realtek/generic/boot/include/net/ipconfig.h,448,87f900577273315dbca2b93a562f7cc4b1acbd7c154cbfc6004767c548601ee0
MR62X_SDK,MR62X_SDK_Paket/selected_sources/sdk/openwrt-21.02/package/uboot/realtek/generic/boot/include/net/ipip.h,1321,10d772621e3cdd1b00003be7ab325ebb4026cf490e57ec70493e760bc940214c
MR62X_SDK,MR62X_SDK_Paket/selected_sources/sdk/openwrt-21.02/package/uboot/realtek/generic/boot/include/net/ipv6.h,8905,c5a69a2d8702034f0568025849972ce63ce964afb40d4584087040d9d52679d0
MR62X_SDK,MR62X_SDK_Paket/selected_sources/sdk/openwrt-21.02/package/uboot/realtek/generic/boot/include/net/ipx.h,2070,370484000268177e9afdb88d518cb79f6fb2c9f473943104b50f049e644d1a9a
MR62X_SDK,MR62X_SDK_Paket/selected_sources/sdk/openwrt-21.02/package/uboot/realtek/generic/boot/include/net/ipxcall.h,109,0a981fa0cc7b097ddc310ddecc313c6e9a38e29ebe4ae9dd938d03b6c298d0be
MR62X_SDK,MR62X_SDK_Paket/selected_sources/sdk/openwrt-21.02/package/uboot/realtek/generic/boot/include/net/irda/crc.h,962,0114abcac6ddf971f2767a0c7019bcef3c236ecb0ad425614978515481e9a73a
MR62X_SDK,MR62X_SDK_Paket/selected_sources/sdk/openwrt-21.02/package/uboot/realtek/generic/boot/include/net/irda/discovery.h,2504,6d189a99a21c50bf141fdacce2855fea424b77994b904f291dae042787974375
MR62X_SDK,MR62X_SDK_Paket/selected_sources/sdk/openwrt-21.02/package/uboot/realtek/generic/boot/include/net/irda/ircomm_core.h,3917,fe87afe5c129982180c0f1e54663c3d662fddfe81a60d357222c47fe4e3851de
MR62X_SDK,MR62X_SDK_Paket/selected_sources/sdk/openwrt-21.02/package/uboot/realtek/generic/boot/include/net/irda/ircomm_event.h,2684,b79d083a24bfe6028f1390c40cb1bb8fda241fbb3af8f024e87602953fca568d
MR62X_SDK,MR62X_SDK_Paket/selected_sources/sdk/openwrt-21.02/package/uboot/realtek/generic/boot/include/net/irda/ircomm_lmp.h,2523,40c938b34fa0bea8b5411a9d32db91f2c587221fee5bce4142ff4cce0e69e8a8
MR62X_SDK,MR62X_SDK_Paket/selected_sources/sdk/openwrt-21.02/package/uboot/realtek/generic/boot/include/net/irda/ircomm_param.h,4898,0271b5451a5e49f517c949be1ff48e7b90e11adb3cbe5872a463d4c58aa2ec07
MR62X_SDK,MR62X_SDK_Paket/selected_sources/sdk/openwrt-21.02/package/uboot/realtek/generic/boot/include/net/irda/ircomm_ttp.h,2604,8578c404748c58ff26619cf575863d7a71e4ff59f3458dd4130d02afc30043d1
MR62X_SDK,MR62X_SDK_Paket/selected_sources/sdk/openwrt-21.02/package/uboot/realtek/generic/boot/include/net/irda/ircomm_tty.h,3523,59792beccaffab2cbd6db202066081873ba4a070bd03692bfd1b9506f0abad6e
MR62X_SDK,MR62X_SDK_Paket/selected_sources/sdk/openwrt-21.02/package/uboot/realtek/generic/boot/include/net/irda/ircomm_tty_attach.h,3337,a364f77ddb8e88a3c255f047a227c28ae73ff67e75db1f555338868dc5cbd9ca
MR62X_SDK,MR62X_SDK_Paket/selected_sources/sdk/openwrt-21.02/package/uboot/realtek/generic/boot/include/net/irda/irda.h,7506,4fa10980c90699d345a935b43679dcd4abd0e779abcafe750d5077da692be35a
MR62X_SDK,MR62X_SDK_Paket/selected_sources/sdk/openwrt-21.02/package/uboot/realtek/generic/boot/include/net/irda/irda_device.h,8357,a90f9ae7d88f3063e92684ea118f213339ce3ffe01215f9baff63188882331db
MR62X_SDK,MR62X_SDK_Paket/selected_sources/sdk/openwrt-21.02/package/uboot/realtek/generic/boot/include/net/irda/irdacall.h,110,0ed42d447121c0a924399e3e4740634918248e984851a53f51c051f0be4fdc99
MR62X_SDK,MR62X_SDK_Paket/selected_sources/sdk/openwrt-21.02/package/uboot/realtek/generic/boot/include/net/irda/iriap.h,3241,97ef5cf38c6ccae961636db9cd2a8ecf50ba7afc195f57e36d1fbfdcea2d8040
MR62X_SDK,MR62X_SDK_Paket/selected_sources/sdk/openwrt-21.02/package/uboot/realtek/generic/boot/include/net/irda/iriap_event.h,2372,23ce253965f6b8f786c3fbdb3a6a762affcd7924cb404d9d573a598ffe5b20f5
MR62X_SDK,MR62X_SDK_Paket/selected_sources/sdk/openwrt-21.02/package/uboot/realtek/generic/boot/include/net/irda/irias_object.h,2911,d2846ce63840785289e0dec91fe9e1c391968f24f9b29e511fe53d02bc9b4340
MR62X_SDK,MR62X_SDK_Paket/selected_sources/sdk/openwrt-21.02/package/uboot/realtek/generic/boot/include/net/irda/irlan_client.h,1697,05097450158f0c8aeaac09e498d522fcd9aee710c1da635234e1f9d8ab1f0ffc
MR62X_SDK,MR62X_SDK_Paket/selected_sources/sdk/openwrt-21.02/package/uboot/realtek/generic/boot/include/net/irda/irlan_common.h,6216,4a41148a26b4b2aa0778be6cb28f0e5f3ca3bdadecbe68a230708ae7e2597224
MR62X_SDK,MR62X_SDK_Paket/selected_sources/sdk/openwrt-21.02/package/uboot/realtek/generic/boot/include/net/irda/irlan_eth.h,1578,ec07441a44dcfc66b11f4320ee1aba9b900dea6f1980254e81a170b50c2c4cc9
MR62X_SDK,MR62X_SDK_Paket/selected_sources/sdk/openwrt-21.02/package/uboot/realtek/generic/boot/include/net/irda/irlan_event.h,2157,14f0361f220555f522bac8c9166af37ceae9bbebcd51653d6e53cf1c1a484ff7
MR62X_SDK,MR62X_SDK_Paket/selected_sources/sdk/openwrt-21.02/package/uboot/realtek/generic/boot/include/net/irda/irlan_filter.h,1276,2aa7f0e4c24962c9a15bd21f77fb5c8bdfed7efa3fb58f9b1adc9db5b62bbe43
MR62X_SDK,MR62X_SDK_Paket/selected_sources/sdk/openwrt-21.02/package/uboot/realtek/generic/boot/include/net/irda/irlan_provider.h,1761,2d66688e63680cd71169d1ea41bda48cb13096d3bdd0ed1c2724e639545a6734
MR62X_SDK,MR62X_SDK_Paket/selected_sources/sdk/openwrt-21.02/package/uboot/realtek/generic/boot/include/net/irda/irlap.h,7916,f84223fd95f684484f138117bd4d9e2d546da2eebb3dd7f36d7f2b51521d1e76
MR62X_SDK,MR62X_SDK_Paket/selected_sources/sdk/openwrt-21.02/package/uboot/realtek/generic/boot/include/net/irda/irlap_comp.h,1618,80857e095e682537c3b32c0948367c50e98d7bb9573a4c9ab47921fb721c17c6
MR62X_SDK,MR62X_SDK_Paket/selected_sources/sdk/openwrt-21.02/package/uboot/realtek/generic/boot/include/net/irda/irlap_event.h,3591,b3581df0826255c01118b2555612162c1cd3ea81061ed86eb343c6eb74656d7e
MR62X_SDK,MR62X_SDK_Paket/selected_sources/sdk/openwrt-21.02/package/uboot/realtek/generic/boot/include/net/irda/irlap_frame.h,4631,fb22944c0801a1f2f0cc62f7f3fc37c5755c338572521d9ceeb9e426ec0f144a
MR62X_SDK,MR62X_SDK_Paket/selected_sources/sdk/openwrt-21.02/package/uboot/realtek/generic/boot/include/net/irda/irlmp.h,7287,86314feeed8ddf0bf3d25d3524446be70f92a465be8a542e326f2f02fad66544
MR62X_SDK,MR62X_SDK_Paket/selected_sources/sdk/openwrt-21.02/package/uboot/realtek/generic/boot/include/net/irda/irlmp_event.h,3253,44bdf0c5c55ad79f6e419e27a9985c840be03270501519ebe8126867c278c54a
MR62X_SDK,MR62X_SDK_Paket/selected_sources/sdk/openwrt-21.02/package/uboot/realtek/generic/boot/include/net/irda/irlmp_frame.h,2341,000ebe6bc0cee485a47b054bb8ab7930e87cbe06ebf2dbe7d7032856d3a627b0
MR62X_SDK,MR62X_SDK_Paket/selected_sources/sdk/openwrt-21.02/package/uboot/realtek/generic/boot/include/net/irda/irmod.h,3256,c3a620a917fe30885f0e8105af4ffca6415d6a4b2a5728b531c593bbebb749b9
MR62X_SDK,MR62X_SDK_Paket/selected_sources/sdk/openwrt-21.02/package/uboot/realtek/generic/boot/include/net/irda/irport.h,2896,06a3f198b39374a57768517c1b042002fc7bcdcba5c96a454f85f6426ba1a5f4
MR62X_SDK,MR62X_SDK_Paket/selected_sources/sdk/openwrt-21.02/package/uboot/realtek/generic/boot/include/net/irda/irqueue.h,2844,1437f904d594a677bde75a65c0dd1dec8f5480dcecc88f93b8fee2f1c0b58a9d
MR62X_SDK,MR62X_SDK_Paket/selected_sources/sdk/openwrt-21.02/package/uboot/realtek/generic/boot/include/net/irda/irttp.h,4595,84e8209cc9341e5fb4eaf7b092f6f9abb54e48580b1a5d9d5200dfbed4afcae4
MR62X_SDK,MR62X_SDK_Paket/selected_sources/sdk/openwrt-21.02/package/uboot/realtek/generic/boot/include/net/irda/irtty.h,2246,2d30ae2604331f5891d8961e7f2e5e4696b9c10c099804fb13147e5cc784f541
MR62X_SDK,MR62X_SDK_Paket/selected_sources/sdk/openwrt-21.02/package/uboot/realtek/generic/boot/include/net/irda/nsc-ircc.h,8473,50dac03c80eae1890597ec83844048e2964cd1b530a63d7d74bc2b1ee2d22d55
MR62X_SDK,MR62X_SDK_Paket/selected_sources/sdk/openwrt-21.02/package/uboot/realtek/generic/boot/include/net/irda/parameters.h,3332,bc2ff72bdd4976b8bcffcdff1a4836667cf657a5c8d0df99b1813e7ded3fb0ef
MR62X_SDK,MR62X_SDK_Paket/selected_sources/sdk/openwrt-21.02/package/uboot/realtek/generic/boot/include/net/irda/qos.h,3263,802f8611c0fe1610bcb619fc3fd5b90891b9066c41f63fa36eb0a7bd8dad63cd
MR62X_SDK,MR62X_SDK_Paket/selected_sources/sdk/openwrt-21.02/package/uboot/realtek/generic/boot/include/net/irda/smc-ircc.h,6436,500078edbc181c83e2791a2ab83c851a275cf1114b16605b449e542c021f176b
MR62X_SDK,MR62X_SDK_Paket/selected_sources/sdk/openwrt-21.02/package/uboot/realtek/generic/boot/include/net/irda/timer.h,3045,ac0d5a6a1b70dd1cd31f60fa1b2fc72b8a0f5f42ae424a7be7f30a3d53d4c43f
MR62X_SDK,MR62X_SDK_Paket/selected_sources/sdk/openwrt-21.02/package/uboot/realtek/generic/boot/include/net/irda/toshoboe.h,4653,9a4345646a242d497778a687a198f223c8c50e414707b19b300529dace6eab9f
MR62X_SDK,MR62X_SDK_Paket/selected_sources/sdk/openwrt-21.02/package/uboot/realtek/generic/boot/include/net/irda/w83977af.h,858,1110ac344469c338b91b628ada422f958f6503a0ada0796faaf9ae6ad10fe568
MR62X_SDK,MR62X_SDK_Paket/selected_sources/sdk/openwrt-21.02/package/uboot/realtek/generic/boot/include/net/irda/w83977af_ir.h,6195,0daf7a31bfc05bd90e3bd360b71a3c8e6f025888d08b4632a93fa47cba1ac8fc
MR62X_SDK,MR62X_SDK_Paket/selected_sources/sdk/openwrt-21.02/package/uboot/realtek/generic/boot/include/net/irda/wrapper.h,1898,1630f2b2e416247b70e6d0b2bd93da066144d75e049b19af41d23a1566de62bc
MR62X_SDK,MR62X_SDK_Paket/selected_sources/sdk/openwrt-21.02/package/uboot/realtek/generic/boot/include/net/lapb.h,4552,d31d9676a1aa89993dc0f9aa0323662054a6e38c54425f6c50d07bab210139a2
MR62X_SDK,MR62X_SDK_Paket/selected_sources/sdk/openwrt-21.02/package/uboot/realtek/generic/boot/include/net/lapbcall.h,110,7c9f2d9bb150550eeead7eed1ef507fd90478ed3626dc3128667aab06424980e
MR62X_SDK,MR62X_SDK_Paket/selected_sources/sdk/openwrt-21.02/package/uboot/realtek/generic/boot/include/net/llc.h,4378,2dbcbff070623da360865a78624b10ac7ae940bc0d764d3524e74f9162cca4fd
MR62X_SDK,MR62X_SDK_Paket/selected_sources/sdk/openwrt-21.02/package/uboot/realtek/generic/boot/include/net/llc_frame.h,2680,66652960eb080345aff40fac4661a42121ca0b15c2056b8de9126fb922ceabd2
MR62X_SDK,MR62X_SDK_Paket/selected_sources/sdk/openwrt-21.02/package/uboot/realtek/generic/boot/include/net/llc_name.h,236,80e3a6c7958626cf627861292c619c506461ad54deb59796d182ee43bc2d16da
MR62X_SDK,MR62X_SDK_Paket/selected_sources/sdk/openwrt-21.02/package/uboot/realtek/generic/boot/include/net/llc_state.h,113,99e3fbc0e536418cde6b63929a96a69facd6bcc7bae75482a919cbe686b5f6b2
MR62X_SDK,MR62X_SDK_Paket/selected_sources/sdk/openwrt-21.02/package/uboot/realtek/generic/boot/include/net/llccall.h,104,0c10bfbc906e35d42ea652db48a9c5780f3ab4a0166f3c4947a3b74059f7ee30
MR62X_SDK,MR62X_SDK_Paket/selected_sources/sdk/openwrt-21.02/package/uboot/realtek/generic/boot/include/net/ndisc.h,2528,3e83b50f717501ca73b087bea949c118b5d0d3e0797bea9dbab3c8d66bffbc6a
MR62X_SDK,MR62X_SDK_Paket/selected_sources/sdk/openwrt-21.02/package/uboot/realtek/generic/boot/include/net/neighbour.h,7258,e6f52aceba15e4cd4a87b15ce287c79c45c9f40c6d25566499644ce221170bbf
MR62X_SDK,MR62X_SDK_Paket/selected_sources/sdk/openwrt-21.02/package/uboot/realtek/generic/boot/include/net/netbeuicall.h,113,b27622960ba3d37cd75f0d57bc768ba40a505db3ac329d82d04eb78140ef01c4
MR62X_SDK,MR62X_SDK_Paket/selected_sources/sdk/openwrt-21.02/package/uboot/realtek/generic/boot/include/net/netrom.h,5741,53b6abcf77efc54107bd73573f5e12328bb4d9c8bc7f03f3239b15796e74c88f
MR62X_SDK,MR62X_SDK_Paket/selected_sources/sdk/openwrt-21.02/package/uboot/realtek/generic/boot/include/net/nrcall.h,108,21f98adb7ffe981ef0a761db522befe54176654e51224b21428db3f98cbd1911
MR62X_SDK,MR62X_SDK_Paket/selected_sources/sdk/openwrt-21.02/package/uboot/realtek/generic/boot/include/net/p8022.h,256,4b6be14fc028134e721acebbcf48a4ec42a3341cacc3e7c1b256f664f8f3f4b8
MR62X_SDK,MR62X_SDK_Paket/selected_sources/sdk/openwrt-21.02/package/uboot/realtek/generic/boot/include/net/p8022call.h,104,0abcb7f41e7ea9dc63d5a8a9daf3bb272ea289b71dcda495365c93768869b6b2
MR62X_SDK,MR62X_SDK_Paket/selected_sources/sdk/openwrt-21.02/package/uboot/realtek/generic/boot/include/net/pkt_cls.h,1940,d25f0c7148e9e58b17e2ee1ba16c4da2b45cfc1d323e7c25831addd9ca69fd02
MR62X_SDK,MR62X_SDK_Paket/selected_sources/sdk/openwrt-21.02/package/uboot/realtek/generic/boot/include/net/pkt_sched.h,11783,7df90f12260361693c442a93dda21da55df78f4ef268ad2237c2797caa0b7dc6
MR62X_SDK,MR62X_SDK_Paket/selected_sources/sdk/openwrt-21.02/package/uboot/realtek/generic/boot/include/net/profile.h,7899,29a3d6f8d4dbb6bdc5dba8e6ed08aff941a86fef2f4acc7c73369d551394a433
MR62X_SDK,MR62X_SDK_Paket/selected_sources/sdk/openwrt-21.02/package/uboot/realtek/generic/boot/include/net/protocol.h,2405,61f73f02b748eeb2614e016a6f22e84856d8635a70dafd9b179b00604b148627
MR62X_SDK,MR62X_SDK_Paket/selected_sources/sdk/openwrt-21.02/package/uboot/realtek/generic/boot/include/net/psnap.h,258,1ca87868f6e9a3a46acf1be4819d933e2be12035f7db3b81f32576660aafc875
MR62X_SDK,MR62X_SDK_Paket/selected_sources/sdk/openwrt-21.02/package/uboot/realtek/generic/boot/include/net/psnapcall.h,103,690d62a8be3c1a7b9ff11e98255a30a954651e66a56e49ecb1fc1af9d43ada2e
MR62X_SDK,MR62X_SDK_Paket/selected_sources/sdk/openwrt-21.02/package/uboot/realtek/generic/boot/include/net/raw.h,1292,c1dfff6fced58a54c01ca1ee1d24c8dd6651f69618c922637f001ba236d0b2b2
MR62X_SDK,MR62X_SDK_Paket/selected_sources/sdk/openwrt-21.02/package/uboot/realtek/generic/boot/include/net/rawv6.h,742,d69b348b9f3804c696bf4760d8411b2f76fe1357ca9c79fbc24f52c1e2472e7b
MR62X_SDK,MR62X_SDK_Paket/selected_sources/sdk/openwrt-21.02/package/uboot/realtek/generic/boot/include/net/rose.h,8388,ee4169f79e86eaa50c261aff6b935b3fdeaf473ac8ce769f180751f9728a7621
MR62X_SDK,MR62X_SDK_Paket/selected_sources/sdk/openwrt-21.02/package/uboot/realtek/generic/boot/include/net/rosecall.h,110,f9fd4340499a6f1436eed3df6d300327f455c11fec01078d7e33c560ccd57984
MR62X_SDK,MR62X_SDK_Paket/selected_sources/sdk/openwrt-21.02/package/uboot/realtek/generic/boot/include/net/route.h,4124,fb59bcdaab3a119c5405ce2af436f12cebc546a1aba52baa96d7864e6cfe6c2e
MR62X_SDK,MR62X_SDK_Paket/selected_sources/sdk/openwrt-21.02/package/uboot/realtek/generic/boot/include/net/scm.h,1525,b11a01ecedd63f1e92feea5f979619c64054fc7a60f3febbdfda1a8e6a2eaaf9
MR62X_SDK,MR62X_SDK_Paket/selected_sources/sdk/openwrt-21.02/package/uboot/realtek/generic/boot/include/net/slhc_vj.h,7046,df3bde73356e1a975fb76630fc867a2c6a2374670785b891b2afbed8e5ec115a
MR62X_SDK,MR62X_SDK_Paket/selected_sources/sdk/openwrt-21.02/package/uboot/realtek/generic/boot/include/net/snmp.h,8221,6d423bae9e14f2806eb998ee1a0f28cd4d36b9e0c5e396f88164f6cadf57938b
MR62X_SDK,MR62X_SDK_Paket/selected_sources/sdk/openwrt-21.02/package/uboot/realtek/generic/boot/include/net/sock.h,37287,530b4b81bac1dfbeab5b5b5504644448bb87d38b970fbd6d0a47e95b87177045
MR62X_SDK,MR62X_SDK_Paket/selected_sources/sdk/openwrt-21.02/package/uboot/realtek/generic/boot/include/net/spx.h,2666,3c255b9f90f3c9b3947b917e7c144aafdc9f73d0919bce2a95b3727b5c0ee4a9
MR62X_SDK,MR62X_SDK_Paket/selected_sources/sdk/openwrt-21.02/package/uboot/realtek/generic/boot/include/net/spxcall.h,109,e1ed573175a5d4a21fd3828c551136da947142cbbd8023f4e664264995c47068
MR62X_SDK,MR62X_SDK_Paket/selected_sources/sdk/openwrt-21.02/package/uboot/realtek/generic/boot/include/net/tcp.h,50044,da26bff3bea36a802ff9899bde964fbac004b959d521debf7a10598083cf862e
MR62X_SDK,MR62X_SDK_Paket/selected_sources/sdk/openwrt-21.02/package/uboot/realtek/generic/boot/include/net/tcp_ecn.h,3718,e1a4cbe3f0ece2f7aaa5f583f88387cdfa09e17ab0c5b164ac050cb3d417ea0f
MR62X_SDK,MR62X_SDK_Paket/selected_sources/sdk/openwrt-21.02/package/uboot/realtek/generic/boot/include/net/transp_v6.h,891,f4f1808ef178d3f50bc03989145fc416d16fb57322dbe447557678bd2901bf8b
MR62X_SDK,MR62X_SDK_Paket/selected_sources/sdk/openwrt-21.02/package/uboot/realtek/generic/boot/include/net/udp.h,2299,b242cf24484a69629617e97b4a27cb2d44fe6ca6e835801d0b17046aac4f532b
MR62X_SDK,MR62X_SDK_Paket/selected_sources/sdk/openwrt-21.02/package/uboot/realtek/generic/boot/include/net/x25.h,7636,0ff78b69d5ab03e6854c316fb7b51f278def16a850e79c3d2bc5a091dcdbbe88
MR62X_SDK,MR62X_SDK_Paket/selected_sources/sdk/openwrt-21.02/package/uboot/realtek/generic/boot/include/net/x25call.h,109,3f6626e1e532a488cda03bb7c2389dc1f7625753e6fdd170eff8eb43dea403bf
MR62X_SDK,MR62X_SDK_Paket/selected_sources/sdk/openwrt-21.02/package/uboot/realtek/generic/boot/include/nic.h,460,31ef8e3a4b5fd6110f2fe3253db6eb8e672bd48b8445a0db04a50eee3552dfdc
MR62X_SDK,MR62X_SDK_Paket/selected_sources/sdk/openwrt-21.02/package/uboot/realtek/generic/boot/include/osdep.h,577,f4e8d80958a4099c0bc1b4d87934404fc418d9c094bfdb4b2f4bf0bcdccf2844
MR62X_SDK,MR62X_SDK_Paket/selected_sources/sdk/openwrt-21.02/package/uboot/realtek/generic/boot/include/proto.h,137,4845653901277719253c93fa6a8f17e6e38379722bdff88f6c212c84742678d1
MR62X_SDK,MR62X_SDK_Paket/selected_sources/sdk/openwrt-21.02/package/uboot/realtek/generic/boot/include/rtk_lan_wan_isolation.h,592,dee8cdc47235c680d587a37162179034a66854f3d702697a6c4a047049eae4e8
MR62X_SDK,MR62X_SDK_Paket/selected_sources/sdk/openwrt-21.02/package/uboot/realtek/generic/boot/include/rtk_nand.h,8764,448ecd5853f4db9abc4a14a29faef4fa94ef5c2c645c03a107bc2acbf6a5b59c
MR62X_SDK,MR62X_SDK_Paket/selected_sources/sdk/openwrt-21.02/package/uboot/realtek/generic/boot/include/rtk_nand_api.h,709,324d02d64cc88a360f11e4e76b9d46ffde98c7101be0b2ada8d990faf7f456b4
MR62X_SDK,MR62X_SDK_Paket/selected_sources/sdk/openwrt-21.02/package/uboot/realtek/generic/boot/include/rtl8196x/asicregs.h,206528,7d9baf9cbb687fd65f7439df69a06d7228aabdeda7250aac1e196cebc5e60216
MR62X_SDK,MR62X_SDK_Paket/selected_sources/sdk/openwrt-21.02/package/uboot/realtek/generic/boot/include/rtl8196x/loader.h,3034,f2d046b3cc0a2899322dd2457ee6861ecdae287f3d8af9cefd85592dc95341bc
MR62X_SDK,MR62X_SDK_Paket/selected_sources/sdk/openwrt-21.02/package/uboot/realtek/generic/boot/include/rtl8196x/phy.h,657,f088866c493150d8a0cb80d2e6507f57aab7d56c0e86ad6cc9bfb77d7664e93f
MR62X_SDK,MR62X_SDK_Paket/selected_sources/sdk/openwrt-21.02/package/uboot/realtek/generic/boot/include/rtl8196x/swCore.h,31478,2834ded72abbc8a77beadec9d4d3a5d743863a7003e7dfd275633fbf9904c6ff
MR62X_SDK,MR62X_SDK_Paket/selected_sources/sdk/openwrt-21.02/package/uboot/realtek/generic/boot/include/rtl8196x/swNic_poll.h,2638,753ee01e5bd884c84c9f60750be78509be0b68e28b5b04c5264e5b96b9535189
MR62X_SDK,MR62X_SDK_Paket/selected_sources/sdk/openwrt-21.02/package/uboot/realtek/generic/boot/include/rtl8196x/swTable.h,833,3206b41b832f868d3e712ee28a35c1ca0532266688a4128068a31462fdcd0e1b
MR62X_SDK,MR62X_SDK_Paket/selected_sources/sdk/openwrt-21.02/package/uboot/realtek/generic/boot/include/rtl8196x/tick.h,330,56af8c1f3c0e09468807ca2006b00c0fab0b17a474672156e2b5ee0677964f30
MR62X_SDK,MR62X_SDK_Paket/selected_sources/sdk/openwrt-21.02/package/uboot/realtek/generic/boot/include/rtl8196x/vlanTable.h,17989,d6ac0356b3b7381211efedf676754128fb9526f99db2f5b502266a2b5a27f6a9
MR62X_SDK,MR62X_SDK_Paket/selected_sources/sdk/openwrt-21.02/package/uboot/realtek/generic/boot/include/rtl_depend.h,994,b4f7b4e0046764684390365f7fa3ab782101042574d177a1c3de9e45fd702e57
MR62X_SDK,MR62X_SDK_Paket/selected_sources/sdk/openwrt-21.02/package/uboot/realtek/generic/boot/include/rtl_errno.h,6165,c0539b4af3efd3d69f8fe873e3f8fdef42c2193be377fbc8fe3cb5d90f614925
MR62X_SDK,MR62X_SDK_Paket/selected_sources/sdk/openwrt-21.02/package/uboot/realtek/generic/boot/include/rtl_types.h,11107,7bb336338de838d7bf208e9447fde6e870ff35e62bf4f55934850def738793f4
MR62X_SDK,MR62X_SDK_Paket/selected_sources/sdk/openwrt-21.02/package/uboot/realtek/generic/boot/include/sgidefs.h,392,27713ab8d7baf3fcbd2e7aea99837036c045ed1294def5a90095627220d1bfa3
MR62X_SDK,MR62X_SDK_Paket/selected_sources/sdk/openwrt-21.02/package/uboot/realtek/generic/boot/include/stdbool.h,1612,130ff7e93a3efb0e6ba608a45c501e7a1138f16aeac3989fcfb384388fd3d80a
MR62X_SDK,MR62X_SDK_Paket/selected_sources/sdk/openwrt-21.02/package/uboot/realtek/generic/boot/include/stddef.h,11242,54f3218da1bf200bb7716cb2d70d3f20b424277ca7abfe83be83f586aa73f181
MR62X_SDK,MR62X_SDK_Paket/selected_sources/sdk/openwrt-21.02/package/uboot/realtek/generic/boot/include/syslimits.h,330,22dd0ab81baadd5a8d455b445855f341d419c7b0267beca235de00b7ec78e529
MR62X_SDK,MR62X_SDK_Paket/selected_sources/sdk/openwrt-21.02/package/uboot/realtek/generic/boot/include/varargs.h,4500,470a82286416e4c47cde71825fd084170f0cb1b9ef5fc4221f175798ea6c7902
MR62X_SDK,MR62X_SDK_Paket/selected_sources/sdk/openwrt-21.02/package/uboot/realtek/generic/boot/init/bootm.c,6046,aad1e67402aa176280a408097fecaf3a9f3b6960cfbb97c7c50d740f80d1424a
MR62X_SDK,MR62X_SDK_Paket/selected_sources/sdk/openwrt-21.02/package/uboot/realtek/generic/boot/init/calloc.c,8111,6bb7e15bf730eee09caf9303805bba908a06eefe7ba5f1ec3b0633f9219ad555
MR62X_SDK,MR62X_SDK_Paket/selected_sources/sdk/openwrt-21.02/package/uboot/realtek/generic/boot/init/dhcp.h,4282,56609c6c432fa1a172ef88f118fef94f92419571cf65585d8148b263aaa54fab
MR62X_SDK,MR62X_SDK_Paket/selected_sources/sdk/openwrt-21.02/package/uboot/realtek/generic/boot/init/dhcpd.c,19837,9ac240ff24ac9d06acb5e24f555657fcac54392de05551361b22177a7599c927
MR62X_SDK,MR62X_SDK_Paket/selected_sources/sdk/openwrt-21.02/package/uboot/realtek/generic/boot/init/eth8670.h,18285,5df817cf438c5aea2e3d6efc78cfdbb3f0950c0a31d5d0209f806aa99b02848e
MR62X_SDK,MR62X_SDK_Paket/selected_sources/sdk/openwrt-21.02/package/uboot/realtek/generic/boot/init/ethInt_865x.c,13405,e76e78ac10129b1cea005e6f11b01c65dc684070dfc0e0aa65a735270af4cd1a
MR62X_SDK,MR62X_SDK_Paket/selected_sources/sdk/openwrt-21.02/package/uboot/realtek/generic/boot/init/ethInt_865x.h,18531,67de2d827c93840a1167f97877c5197a973bc975d57ceb2cb8a39cda30ba94fd
MR62X_SDK,MR62X_SDK_Paket/selected_sources/sdk/openwrt-21.02/package/uboot/realtek/generic/boot/init/eth_tftpd.c,86034,65b5bde0f4d55fbeacd0de1e09073e37e3b6daaf43e582e21d3b864c6be0301f
MR62X_SDK,MR62X_SDK_Paket/selected_sources/sdk/openwrt-21.02/package/uboot/realtek/generic/boot/init/fastcksum.c,7059,abd05f5737ac9d83c5e3cdcce5fabd822f4b3ba1b64e1b9467f7748cc087baf1
MR62X_SDK,MR62X_SDK_Paket/selected_sources/sdk/openwrt-21.02/package/uboot/realtek/generic/boot/init/fastcksum.h,1256,b0709f8b21938fd4fef11afd262c94e42405ad37ca06cfa069c498f613b3eef3
MR62X_SDK,MR62X_SDK_Paket/selected_sources/sdk/openwrt-21.02/package/uboot/realtek/generic/boot/init/inthandler.S,2768,5d2cc019211a80e94c2d4c8d07e983dbe96e44f04679cae8e75017581fc660e4
MR62X_SDK,MR62X_SDK_Paket/selected_sources/sdk/openwrt-21.02/package/uboot/realtek/generic/boot/init/irq.c,5869,0bcefb11f8799cea3c1f57b4e4cc3bd1de6fdddf4d605c574a968275f2a3be50
MR62X_SDK,MR62X_SDK_Paket/selected_sources/sdk/openwrt-21.02/package/uboot/realtek/generic/boot/init/main.c,10649,52fdbde0b70c126d482aa5ca3b4739d66d6976b4f62fe3f79488e750f4322ca9
MR62X_SDK,MR62X_SDK_Paket/selected_sources/sdk/openwrt-21.02/package/uboot/realtek/generic/boot/init/main.h,1826,a8d0b8fac0dc0814e545b924c4d1e91fb484bf30dd85d541e50e2e50244a9cb4
MR62X_SDK,MR62X_SDK_Paket/selected_sources/sdk/openwrt-21.02/package/uboot/realtek/generic/boot/init/main.map,32946,acf9335264f9feb25b8324213da9af40c73bccb5374b6422d4228f787c319ac2
MR62X_SDK,MR62X_SDK_Paket/selected_sources/sdk/openwrt-21.02/package/uboot/realtek/generic/boot/init/memintf.c,7792,6de278682c84e30a571b9f4b1baa57d718f7608a5c731a0d7aa63519e694626f
MR62X_SDK,MR62X_SDK_Paket/selected_sources/sdk/openwrt-21.02/package/uboot/realtek/generic/boot/init/memtest.c,21612,3ef6554c48696f0eafd5ce873f01ae03bf7a8a6c47ef41e7182a84165a05afcb
MR62X_SDK,MR62X_SDK_Paket/selected_sources/sdk/openwrt-21.02/package/uboot/realtek/generic/boot/init/rtk.h,3345,b106fd3ec93f2fc1ba48aaa6a6e930d089c19cc18dd878494150c990b74351c1
MR62X_SDK,MR62X_SDK_Paket/selected_sources/sdk/openwrt-21.02/package/uboot/realtek/generic/boot/init/rtk_bootinfo.c,2807,4e432947ac97403207d00e9f6133eba811cef52f3c78a36a8c4bc9a92957ea06
MR62X_SDK,MR62X_SDK_Paket/selected_sources/sdk/openwrt-21.02/package/uboot/realtek/generic/boot/init/rtl_wrapper.S,28432,79d780a1d3f3c802bb3c5085de1b6e2e1329070a39ecf673552ef320d172a217
MR62X_SDK,MR62X_SDK_Paket/selected_sources/sdk/openwrt-21.02/package/uboot/realtek/generic/boot/init/sdram.c,3124,6d904a28c5238c1468fae6d38bbeb4e82deecac18807131de1c880d15175a85a
MR62X_SDK,MR62X_SDK_Paket/selected_sources/sdk/openwrt-21.02/package/uboot/realtek/generic/boot/init/tempio.h,156,afb111e954d00c91d7f770a8024772c7ed9ff6efc809c4d117d717707bdd383e
MR62X_SDK,MR62X_SDK_Paket/selected_sources/sdk/openwrt-21.02/package/uboot/realtek/generic/boot/init/utcp.c,27349,c6b9c20d83df697355c7ab647984ecfc9f266e6f350b62b34f7f0b18ccaae6ca
MR62X_SDK,MR62X_SDK_Paket/selected_sources/sdk/openwrt-21.02/package/uboot/realtek/generic/boot/init/utcp.h,1185,bd86c8290fd1cd90bec38622085da3802057d053f45fcec95a27b44741e9e76e
MR62X_SDK,MR62X_SDK_Paket/selected_sources/sdk/openwrt-21.02/package/uboot/realtek/generic/boot/init/utility.c,67524,8ecc74edbaef9a04cb15ceb6b589f910b9a6b808e8a66170376a0c43fd60399a
MR62X_SDK,MR62X_SDK_Paket/selected_sources/sdk/openwrt-21.02/package/uboot/realtek/generic/boot/init/utility.h,3532,563587df68e7e7cfb2ff7cb150af20e578bb68d09d3676270f755318f628cc60
MR62X_SDK,MR62X_SDK_Paket/selected_sources/sdk/openwrt-21.02/package/uboot/realtek/generic/boot/init/ver.h,62,e828764dc34bf2790a74b231dddf8b7653faffd889ce6130a7c632a332ff7dc7
MR62X_SDK,MR62X_SDK_Paket/selected_sources/sdk/openwrt-21.02/package/uboot/realtek/generic/boot/init/version.c,610,a68ee75432f65724f56c038c2b5bdebc5a6381a7abc3a2c4164ea8f6c8ffc506
MR62X_SDK,MR62X_SDK_Paket/selected_sources/sdk/openwrt-21.02/package/uboot/realtek/generic/boot/init/voip_types.h,189,4f3109cdeeeff3fb35654bc54d41838c749edc4f4c93e383f40e3e81b9f993b2
MR62X_SDK,MR62X_SDK_Paket/selected_sources/sdk/openwrt-21.02/package/uboot/realtek/generic/boot/io/ctool.c,6446,d03a4a5b686e6a09d50f710b718086b9f957a20d62f82dd7beea1082db8ed589
MR62X_SDK,MR62X_SDK_Paket/selected_sources/sdk/openwrt-21.02/package/uboot/realtek/generic/boot/io/init.c,2562,7ffc652bab5e78368d7e2763a9246c9e24f009c01e60c1d81ecb425b365ab466
MR62X_SDK,MR62X_SDK_Paket/selected_sources/sdk/openwrt-21.02/package/uboot/realtek/generic/boot/io/misc.c,8823,5c7ee977539e9edcaa5f9cb96dc566a9cbefad161b34f0eaa93e161d9c22cf34
MR62X_SDK,MR62X_SDK_Paket/selected_sources/sdk/openwrt-21.02/package/uboot/realtek/generic/boot/io/scanf.c,218,67ff6deae520a57c77ef34ec9a4711cc254527654fa23293cc5dc5873acddabf
MR62X_SDK,MR62X_SDK_Paket/selected_sources/sdk/openwrt-21.02/package/uboot/realtek/generic/boot/io/shelltask.c,8711,fe2b14fba31f46531359345270825c7bf95d61205d77e38eb4bc93273bf57118
MR62X_SDK,MR62X_SDK_Paket/selected_sources/sdk/openwrt-21.02/package/uboot/realtek/generic/boot/io/string.c,7061,b6e2029e5fc1200efef866e73809968e0deee39fdb02779c69d22524a926b3e2
MR62X_SDK,MR62X_SDK_Paket/selected_sources/sdk/openwrt-21.02/package/uboot/realtek/generic/boot/io/strtol.c,461,352534b4c886406f4d57a885858f9a34327027da895b599ac4392d06dfc93d27
MR62X_SDK,MR62X_SDK_Paket/selected_sources/sdk/openwrt-21.02/package/uboot/realtek/generic/boot/io/strtoul.c,758,d7d791e41fdcd86cd736f48e10e51f89fa63e90ceaad30c96ba9b23ca16f7343
MR62X_SDK,MR62X_SDK_Paket/selected_sources/sdk/openwrt-21.02/package/uboot/realtek/generic/boot/io/vfscanf.c,174,13b52658695bf52cb3b25afe5a7f5f0f162c82db472281ac0ad5ee6072deb4b8
MR62X_SDK,MR62X_SDK_Paket/selected_sources/sdk/openwrt-21.02/package/uboot/realtek/generic/boot/keys/linux_pub_key.txt,4,181210f8f9c779c26da1d9b2075bde0127302ee0e3fca38c9a83f5b1dd8e5d3b
MR62X_SDK,MR62X_SDK_Paket/selected_sources/sdk/openwrt-21.02/package/uboot/realtek/generic/boot/keys/rootfs_pub_key.txt,4,cdfba543ee8ef7fdb3d8b587648cc22dd792bbd6272cc5447307c7c106c2374c
MR62X_SDK,MR62X_SDK_Paket/selected_sources/sdk/openwrt-21.02/package/uboot/realtek/generic/boot/ld.script,1394,3fec5449fce7cfeeb72e3ead3c2215805fc8e613167775b8b5ab187ce0c37676
MR62X_SDK,MR62X_SDK_Paket/selected_sources/sdk/openwrt-21.02/package/uboot/realtek/generic/boot/ld.script_nand,1394,3fec5449fce7cfeeb72e3ead3c2215805fc8e613167775b8b5ab187ce0c37676
MR62X_SDK,MR62X_SDK_Paket/selected_sources/sdk/openwrt-21.02/package/uboot/realtek/generic/boot/ld_decrease_bootsize.script,1404,f3018cca7823757c604d53c21e6638d6abdb139aa72f38ddfc130da4d253e2ef
MR62X_SDK,MR62X_SDK_Paket/selected_sources/sdk/openwrt-21.02/package/uboot/realtek/generic/boot/ldw.script,1023,42f59664087df55364324158e2afbfbe410b8fead9e66f30dd8e3226cacd14bb
MR62X_SDK,MR62X_SDK_Paket/selected_sources/sdk/openwrt-21.02/package/uboot/realtek/generic/boot/make.asm,2655,873ea9f77080108e374817397c8d3593e408715ca40a1fbeff77dba56a5190f1
MR62X_SDK,MR62X_SDK_Paket/selected_sources/sdk/openwrt-21.02/package/uboot/realtek/generic/boot/monitor/5181.S,361,3e6506d2548d5174fec262fff6d8458545e1240afe93b27351464387b7360993
MR62X_SDK,MR62X_SDK_Paket/selected_sources/sdk/openwrt-21.02/package/uboot/realtek/generic/boot/monitor/monitor.c,102320,47af7ffce27ce3b31879219b5a0f3b1d0efc80f02a8375d6b23b212655487716
MR62X_SDK,MR62X_SDK_Paket/selected_sources/sdk/openwrt-21.02/package/uboot/realtek/generic/boot/monitor/monitor_commands.c,30907,0e285376c8cf4b7a97ab105f16f15299951818d82a373e9a30dab2b5b5d1da6f
MR62X_SDK,MR62X_SDK_Paket/selected_sources/sdk/openwrt-21.02/package/uboot/realtek/generic/boot/monitor/monitor_commands.h,1172,332a0846e6847140cbfef5a33ca22d80c6c93bd2f893b8212d2d1d9627df3b4b
MR62X_SDK,MR62X_SDK_Paket/selected_sources/sdk/openwrt-21.02/package/uboot/realtek/generic/boot/monitor/test_hw_97f.c,31923,682379ae8b99222f4c970fe8efdcea5f08dcb0c8831d11c8e1f3e355d81c7caf
MR62X_SDK,MR62X_SDK_Paket/selected_sources/sdk/openwrt-21.02/package/uboot/realtek/generic/boot/monitor/test_hw_97f.h,7159,706ded9ae43aee65b090ea06ef9a2a49735ee741dabd8b932413d6000ec7ed73
MR62X_SDK,MR62X_SDK_Paket/selected_sources/sdk/openwrt-21.02/package/uboot/realtek/generic/boot/monitor/xmodem.c,3951,ca4446373bbf722222f371a8add375a9d8e3f4e542069dcaa0cd085f48e9b0aa
MR62X_SDK,MR62X_SDK_Paket/selected_sources/sdk/openwrt-21.02/package/uboot/realtek/generic/boot/nand_flash/rtk_nand.c,22215,fd89de8f16221d0b8ac9f6d2d1a2a515285f62b97002ff3d03210ae6606072cc
MR62X_SDK,MR62X_SDK_Paket/selected_sources/sdk/openwrt-21.02/package/uboot/realtek/generic/boot/nand_flash/rtk_nand_ids.h,16764,0350862beb2846ba65ef3ecaa6060d7037900b31dabba62316a53004d6666516
MR62X_SDK,MR62X_SDK_Paket/selected_sources/sdk/openwrt-21.02/package/uboot/realtek/generic/boot/nand_flash/rtk_nand_parallel.c,7447,10ad58e43ee441ae45770ef3587e5764c1e495e254b7b0dbb9e6dd9fc203fffd
MR62X_SDK,MR62X_SDK_Paket/selected_sources/sdk/openwrt-21.02/package/uboot/realtek/generic/boot/nand_flash/rtk_nand_spi.c,7785,2c13d92039d710e4f199c8a0264dd97822307126d5c4cbf42d6736fbfa84dfdb
MR62X_SDK,MR62X_SDK_Paket/selected_sources/sdk/openwrt-21.02/package/uboot/realtek/generic/boot/nand_flash/rtkn_nand/Makefile,536,82249a5ce07a600af83939f3b875fdeeae53b988767165f0b75c9ea886db2b7c
MR62X_SDK,MR62X_SDK_Paket/selected_sources/sdk/openwrt-21.02/package/uboot/realtek/generic/boot/nand_flash/rtkn_nand/main.c,1143,e6043424b79178cbcec01ebf5e9c52e2159738e2616419ca0d0a1db5192ea96f
MR62X_SDK,MR62X_SDK_Paket/selected_sources/sdk/openwrt-21.02/package/uboot/realtek/generic/boot/nand_flash/rtkn_nand/nand_parallel_ctrl.c,23239,9f818ea8c25336683d5126b26218ee0d1d102b221868d6e4a1604d527176ea44
MR62X_SDK,MR62X_SDK_Paket/selected_sources/sdk/openwrt-21.02/package/uboot/realtek/generic/boot/nand_flash/rtkn_nand/nand_spi.c,41105,c4430b95c7fb45450451fbdc07358885d5858ebe75093a0fd78b6171cab58970
MR62X_SDK,MR62X_SDK_Paket/selected_sources/sdk/openwrt-21.02/package/uboot/realtek/generic/boot/nand_flash/rtkn_nand/nand_spi_ctrl.c,19399,062d4aab401b4d044a770b595c93628661d55c476aeb034034296e535fc38fcd
MR62X_SDK,MR62X_SDK_Paket/selected_sources/sdk/openwrt-21.02/package/uboot/realtek/generic/boot/nand_flash/rtkn_nand/nand_spi_ecc_ctrl.c,6150,8844d2dd88802011587f6571cf65f89e0bd56ed299201ff0af60d8bdb09ef9a3
MR62X_SDK,MR62X_SDK_Paket/selected_sources/sdk/openwrt-21.02/package/uboot/realtek/generic/boot/nand_flash/rtkn_nand/ops_rtknand.c,38672,4533a6544f66d9d28553d26144e5dc732ab62e14689c1faf4d1954a18be0611b
MR62X_SDK,MR62X_SDK_Paket/selected_sources/sdk/openwrt-21.02/package/uboot/realtek/generic/boot/nand_flash/rtkn_nand/rtk_bootinfo.c,2755,cc1c8af527fd6c356f7111a43a7ff950065c0a56258d4bcd03f7eb89673ecf26
MR62X_SDK,MR62X_SDK_Paket/selected_sources/sdk/openwrt-21.02/package/uboot/realtek/generic/boot/nand_flash/rtkn_nand/rtkn_chip_param.h,1283,891c0477d650fde60bd48fbc6f3a8f60bc8b5fe9518158fdfc531ebf8a829dcc
MR62X_SDK,MR62X_SDK_Paket/selected_sources/sdk/openwrt-21.02/package/uboot/realtek/generic/boot/nand_flash/rtkn_nand/rtkn_parallel.h,4003,2637bdf4dfcbb80f38decab357e3d4f151a1444896e917b7e0a30375f3f31e6f
MR62X_SDK,MR62X_SDK_Paket/selected_sources/sdk/openwrt-21.02/package/uboot/realtek/generic/boot/nand_flash/rtkn_nand/rtkn_parallel_regs.h,22226,3f8d57d861b7c5cf38ba434fc718d6698a80306c402222528ad5b0592aeb1d9d
MR62X_SDK,MR62X_SDK_Paket/selected_sources/sdk/openwrt-21.02/package/uboot/realtek/generic/boot/nand_flash/rtkn_nand/rtkn_spi_nand_chip_param.c,11564,48662726412cab385c91c60f2d8bed9f0bd328101c6c63fb148b0dd027e573e7
MR62X_SDK,MR62X_SDK_Paket/selected_sources/sdk/openwrt-21.02/package/uboot/realtek/generic/boot/nand_flash/rtkn_nand/rtkn_spi_nand_chip_param.h,12176,fbd1693e8f6e36d552e3069992b8ee13c93e708814eabf37d2fa22bb42554ad3
MR62X_SDK,MR62X_SDK_Paket/selected_sources/sdk/openwrt-21.02/package/uboot/realtek/generic/boot/nand_flash/rtkn_nand/rtknflash.h,10710,c88e2c61ed5427f5838b080644fa9bedce264db28b2b24a95f1f96e44f8d6f88
MR62X_SDK,MR62X_SDK_Paket/selected_sources/sdk/openwrt-21.02/package/uboot/realtek/generic/boot/nand_flash/rtkn_nand/rtknflash_api.c,4204,13b79dc8e39d4eb83db2619753017d91b47a8c66a017f786eb3f7cbfde3d859f
MR62X_SDK,MR62X_SDK_Paket/selected_sources/sdk/openwrt-21.02/package/uboot/realtek/generic/boot/nand_flash/rtkn_nand/rtknflash_bbt.c,67327,b040c21bfd60e65f7e37c45f9ff19d79b5695572137ee937746457b01e6e6bc0
MR62X_SDK,MR62X_SDK_Paket/selected_sources/sdk/openwrt-21.02/package/uboot/realtek/generic/boot/nand_flash/rtkn_nand/rtknflash_bbtOps.c,11672,f4370480304765d0ac89a7f176c54807f00afa189f24b2e947e4296ef9474891
MR62X_SDK,MR62X_SDK_Paket/selected_sources/sdk/openwrt-21.02/package/uboot/realtek/generic/boot/nand_flash/rtkn_nand/rtknflash_openwrt.c,13873,53424f5324f73fc8912bc3d0122de3d4961214544237d6d9802d709a789c0d45
MR62X_SDK,MR62X_SDK_Paket/selected_sources/sdk/openwrt-21.02/package/uboot/realtek/generic/boot/nand_flash/rtkn_nand/rtknflash_partition.c,4348,aca93a1f10aa8cc73d94533a5a887cac6a4ad6d4f69a8f21e0ff139b33e13eba
MR62X_SDK,MR62X_SDK_Paket/selected_sources/sdk/openwrt-21.02/package/uboot/realtek/generic/boot/nand_flash/rtkn_nand/rtknflash_wrapper.h,1410,8bd62d43318436240f25518e125d04f46a0a7d94eb7d1b4f9af341bb4ff2628d
MR62X_SDK,MR62X_SDK_Paket/selected_sources/sdk/openwrt-21.02/package/uboot/realtek/generic/boot/nvram_mngr/bigNumber.c,17195,dc6d57c3cb2dcbe693b16f3258d3e4c85df216a02349cb92fde8c94b8d1840b3
MR62X_SDK,MR62X_SDK_Paket/selected_sources/sdk/openwrt-21.02/package/uboot/realtek/generic/boot/nvram_mngr/bigNumber.h,1392,91e5720071eca9baf3160145e74b12b986520351cc2caf85f2c4e087ba4d9b57
MR62X_SDK,MR62X_SDK_Paket/selected_sources/sdk/openwrt-21.02/package/uboot/realtek/generic/boot/nvram_mngr/md5.c,11807,ee9105e0cbe598d41370541324c1958a7dfde70d372051757f49c6630b22ed6a
MR62X_SDK,MR62X_SDK_Paket/selected_sources/sdk/openwrt-21.02/package/uboot/realtek/generic/boot/nvram_mngr/md5.h,3241,d42aa84cdfa221af239fa880e12943bb66fadb7a01b46f8237b0529edf21505f
MR62X_SDK,MR62X_SDK_Paket/selected_sources/sdk/openwrt-21.02/package/uboot/realtek/generic/boot/nvram_mngr/nm_api.c,12795,436ff90150d563fea93a35634e83df6d7aa1e786e17081df69aa9f39807a4d87
MR62X_SDK,MR62X_SDK_Paket/selected_sources/sdk/openwrt-21.02/package/uboot/realtek/generic/boot/nvram_mngr/nm_api.h,3516,375e14ceb3db784a8bd146bb665f73be650dab23b213ebd71130504819c3ce97
MR62X_SDK,MR62X_SDK_Paket/selected_sources/sdk/openwrt-21.02/package/uboot/realtek/generic/boot/nvram_mngr/nm_fwup.c,48277,56a23e16240926eafd94b94d35632a0394964f1e3a36cf07fda1f4a51a4da61e
MR62X_SDK,MR62X_SDK_Paket/selected_sources/sdk/openwrt-21.02/package/uboot/realtek/generic/boot/nvram_mngr/nm_fwup.h,4091,e370daf0e40853c7238adea9054f6961fb11ce3e40067a26d14310612634570c
MR62X_SDK,MR62X_SDK_Paket/selected_sources/sdk/openwrt-21.02/package/uboot/realtek/generic/boot/nvram_mngr/nm_lib.c,26207,3a3b6f4d4f58f6df2536a9dea7bfb58743cf40c31c5677e4e986d3fa947034dd
MR62X_SDK,MR62X_SDK_Paket/selected_sources/sdk/openwrt-21.02/package/uboot/realtek/generic/boot/nvram_mngr/nm_lib.h,6754,69fd32963b66f8f8ebb4d9f1737e6c11d6e4771b4609300f68bdbdfe6100d7ee
MR62X_SDK,MR62X_SDK_Paket/selected_sources/sdk/openwrt-21.02/package/uboot/realtek/generic/boot/nvram_mngr/nm_utils.c,8519,40d97437fd309cc5e9e4dc80842a39abdaea0951a1740cad43277bb34276f6dd
MR62X_SDK,MR62X_SDK_Paket/selected_sources/sdk/openwrt-21.02/package/uboot/realtek/generic/boot/nvram_mngr/nm_utils.h,1490,75e5f6b964e2eeafa6e5cd6bfcb7691416b5858eb52b21d67cbcc0e901500232
MR62X_SDK,MR62X_SDK_Paket/selected_sources/sdk/openwrt-21.02/package/uboot/realtek/generic/boot/nvram_mngr/rsaVerify.c,7407,52fdb83ac87c3fe6c8ba6bad890bef7ab371b225e76e427f4d6413d85aca6762
MR62X_SDK,MR62X_SDK_Paket/selected_sources/sdk/openwrt-21.02/package/uboot/realtek/generic/boot/nvram_mngr/rsaVerify.h,1787,f07f0a1b117975d27488da9b2255ba659b252aa62fb8d7d9affde93f63ab9c22
MR62X_SDK,MR62X_SDK_Paket/selected_sources/sdk/openwrt-21.02/package/uboot/realtek/generic/boot/nvram_mngr/shaAndSha512.c,11690,b52b3f822207bdb00adab4c535d40ef333b8bfb3db9bfcdea13bc07fcd96a70a
MR62X_SDK,MR62X_SDK_Paket/selected_sources/sdk/openwrt-21.02/package/uboot/realtek/generic/boot/nvram_mngr/shaAndSha512.h,2460,6889b7a18b60d29b980ef66ef5a7b633e418eab73b5ad3628b9f3215e68ff780
MR62X_SDK,MR62X_SDK_Paket/selected_sources/sdk/openwrt-21.02/package/uboot/realtek/generic/boot/nvram_mngr/sysProductInfo.c,34371,d0827f56841c3491ff6e8bc6361d49b9c190b0914c294d6286fc6c1f80b227b3
MR62X_SDK,MR62X_SDK_Paket/selected_sources/sdk/openwrt-21.02/package/uboot/realtek/generic/boot/nvram_mngr/sysProductInfo.h,4513,3929aef69cdda6e210666fcfcdc24594f929a6296f99aa5482d187c28c524643
MR62X_SDK,MR62X_SDK_Paket/selected_sources/sdk/openwrt-21.02/package/uboot/realtek/generic/boot/rtl8196x/swCore.c,59746,ce0d0c4d7750402aacd374176bcf4eef3c6cc3f0c47571cd4504cb613ff0c6cc
MR62X_SDK,MR62X_SDK_Paket/selected_sources/sdk/openwrt-21.02/package/uboot/realtek/generic/boot/rtl8196x/swNic_poll.c,42269,6cc17997d868a7514d25e6de2ea9fb547f634ffa35cedb6001a2a0e7faf02f25
MR62X_SDK,MR62X_SDK_Paket/selected_sources/sdk/openwrt-21.02/package/uboot/realtek/generic/boot/rtl8196x/swTable.c,12636,ac809f6e4ba70406258057755ddc1a799d437eb29fba434f4b7d8c21ec900198
MR62X_SDK,MR62X_SDK_Paket/selected_sources/sdk/openwrt-21.02/package/uboot/realtek/generic/boot/rtl8196x/vlanTable.c,5866,a7a2fc784fc760987ac41999c0d8e1ca56f43ca205b9326fc7e33ceb01b81aef
MR62X_SDK,MR62X_SDK_Paket/selected_sources/sdk/openwrt-21.02/package/uboot/realtek/generic/boot/rtl8367r/gpio.c,12214,bc50bad23ef14b00b7dd7cfc956fd75f22bbbe7c92f4fa6fe9e7c24041fc126b
MR62X_SDK,MR62X_SDK_Paket/selected_sources/sdk/openwrt-21.02/package/uboot/realtek/generic/boot/rtl8367r/gpio.h,2260,1238de361cd0bda99ae22dbdfe43be52d0f4ecbd97b8a002246f07b531538573
MR62X_SDK,MR62X_SDK_Paket/selected_sources/sdk/openwrt-21.02/package/uboot/realtek/generic/boot/rtl8367r/gpio_8198.h,2024,de806a1073daa5e84f22bbb798f16862a02d8d6efd555befd36dbb9a91dd02b9
MR62X_SDK,MR62X_SDK_Paket/selected_sources/sdk/openwrt-21.02/package/uboot/realtek/generic/boot/rtl8367r/rtk_api.c,202210,b58f489b15af35fd3037736c50ca334f886450307c072986d167a6163eb304ef
MR62X_SDK,MR62X_SDK_Paket/selected_sources/sdk/openwrt-21.02/package/uboot/realtek/generic/boot/rtl8367r/rtk_api.h,42986,cab6d2fca1803e7a16ff6af8033dbbb954605fbbd06fbbbdcebbff9e5db8c09f
MR62X_SDK,MR62X_SDK_Paket/selected_sources/sdk/openwrt-21.02/package/uboot/realtek/generic/boot/rtl8367r/rtk_api_ext.h,232734,7b3051d0ac32e0d624b1467c7484cafc1608c98ed8af10b79e1f0004c8f6411e
MR62X_SDK,MR62X_SDK_Paket/selected_sources/sdk/openwrt-21.02/package/uboot/realtek/generic/boot/rtl8367r/rtk_error.h,22967,39071a7e36f9075a465ea7aad98756289175dadba4a074e8b3ad00369ce13ba6
MR62X_SDK,MR62X_SDK_Paket/selected_sources/sdk/openwrt-21.02/package/uboot/realtek/generic/boot/rtl8367r/rtk_types.h,1631,bef3a5adf7fee9c7205bcebf53d49ad8dadf1430a67d54665dec2e3fa7c3a446
MR62X_SDK,MR62X_SDK_Paket/selected_sources/sdk/openwrt-21.02/package/uboot/realtek/generic/boot/rtl8367r/rtl8367b_asicdrv.c,14337,98ebc43e90fbdd30d2b557758318c3407b918e8c7d5fc8b259190d673e05641e
MR62X_SDK,MR62X_SDK_Paket/selected_sources/sdk/openwrt-21.02/package/uboot/realtek/generic/boot/rtl8367r/rtl8367b_asicdrv.h,3757,564fb2597870fa0ecacc12f44f9f54076ac101fac72e4b1b72ddbe6a867ad59f
MR62X_SDK,MR62X_SDK_Paket/selected_sources/sdk/openwrt-21.02/package/uboot/realtek/generic/boot/rtl8367r/rtl8367b_asicdrv_acl.h,6356,7a28f6aa13f85ed0bbf8303f266e14f225db92e61ffa959ec1bd904683da321a
MR62X_SDK,MR62X_SDK_Paket/selected_sources/sdk/openwrt-21.02/package/uboot/realtek/generic/boot/rtl8367r/rtl8367b_asicdrv_cputag.c,3080,f9dda82a3142ae3fa03ba401ed8dfa4452e5a863e075383c1379f5c681389386
MR62X_SDK,MR62X_SDK_Paket/selected_sources/sdk/openwrt-21.02/package/uboot/realtek/generic/boot/rtl8367r/rtl8367b_asicdrv_cputag.h,1373,c2c7c55d677c47579cec47cee266a5853179baef868059f083f6ddf8b082f52b
MR62X_SDK,MR62X_SDK_Paket/selected_sources/sdk/openwrt-21.02/package/uboot/realtek/generic/boot/rtl8367r/rtl8367b_asicdrv_dot1x.h,1580,5e72c66bc37af7ba3aad77ebee8dc4fb9ff4526fe12ce947c0c1d1d3aab1d3ba
MR62X_SDK,MR62X_SDK_Paket/selected_sources/sdk/openwrt-21.02/package/uboot/realtek/generic/boot/rtl8367r/rtl8367b_asicdrv_eav.h,1768,21d163db10b0737fb5e63a4996bbe9a8a8f2895589d81583637cb1e366b1fb26
MR62X_SDK,MR62X_SDK_Paket/selected_sources/sdk/openwrt-21.02/package/uboot/realtek/generic/boot/rtl8367r/rtl8367b_asicdrv_eee.h,446,3d49fb52ec5856a38375ede1f449f7557acf2433308f9025052dd7af6e9ce7a3
MR62X_SDK,MR62X_SDK_Paket/selected_sources/sdk/openwrt-21.02/package/uboot/realtek/generic/boot/rtl8367r/rtl8367b_asicdrv_fc.h,5442,f97fbbbd44ef97429269442a4fae0e36521dd677bdc2354ea271db810d098c51
MR62X_SDK,MR62X_SDK_Paket/selected_sources/sdk/openwrt-21.02/package/uboot/realtek/generic/boot/rtl8367r/rtl8367b_asicdrv_green.h,1067,50a6bd2e3fc686770b486deb894565771d751b946b27f5df6549a0ca8beb302b
MR62X_SDK,MR62X_SDK_Paket/selected_sources/sdk/openwrt-21.02/package/uboot/realtek/generic/boot/rtl8367r/rtl8367b_asicdrv_hsb.h,707,d3a845919e1df5416186c0245b6ec3f35f6a57d4ea776b45331dba544c67fadb
MR62X_SDK,MR62X_SDK_Paket/selected_sources/sdk/openwrt-21.02/package/uboot/realtek/generic/boot/rtl8367r/rtl8367b_asicdrv_igmp.h,6446,99d17fdedc9d8d0e0af08324b0aa6d36540a0dccbb28737d836c4c206b1cc446
MR62X_SDK,MR62X_SDK_Paket/selected_sources/sdk/openwrt-21.02/package/uboot/realtek/generic/boot/rtl8367r/rtl8367b_asicdrv_inbwctrl.h,575,33a4de6a9663eef7eaa0d3430f1e8d287351ffbf44f2b9e3fe9f29904c68c805
MR62X_SDK,MR62X_SDK_Paket/selected_sources/sdk/openwrt-21.02/package/uboot/realtek/generic/boot/rtl8367r/rtl8367b_asicdrv_interrupt.h,1333,79f88ef390094f5e5e96522d7bc7ba221d5948abb4ffbf37a2039f864e5adaf0
MR62X_SDK,MR62X_SDK_Paket/selected_sources/sdk/openwrt-21.02/package/uboot/realtek/generic/boot/rtl8367r/rtl8367b_asicdrv_led.h,3131,821fa36abfb0bc476f2738d808844ca49d66bbdf92da2ce9fb87d41d515fe50f
MR62X_SDK,MR62X_SDK_Paket/selected_sources/sdk/openwrt-21.02/package/uboot/realtek/generic/boot/rtl8367r/rtl8367b_asicdrv_lut.h,6896,0f623a5bbad94fa6644b8dce3ad0f5682ccf609de38b161e24a0d82af215da0e
MR62X_SDK,MR62X_SDK_Paket/selected_sources/sdk/openwrt-21.02/package/uboot/realtek/generic/boot/rtl8367r/rtl8367b_asicdrv_meter.h,669,f17264d1ebd46ac61157b2ac1766f05d2afb4c59149fa897b3b123294b7c3569
MR62X_SDK,MR62X_SDK_Paket/selected_sources/sdk/openwrt-21.02/package/uboot/realtek/generic/boot/rtl8367r/rtl8367b_asicdrv_mib.h,3113,09f452e32a3b50de96234cf6ed74c8bf9908a8f3cc2c089e063f05572a63fd34
MR62X_SDK,MR62X_SDK_Paket/selected_sources/sdk/openwrt-21.02/package/uboot/realtek/generic/boot/rtl8367r/rtl8367b_asicdrv_mirror.h,1035,7283c5e1acdbeb7c684d4896abac8120e04556708f64361bd0f32600a46ffaf1
MR62X_SDK,MR62X_SDK_Paket/selected_sources/sdk/openwrt-21.02/package/uboot/realtek/generic/boot/rtl8367r/rtl8367b_asicdrv_misc.h,823,24eb2c49573072f43e3329ed544d8f61d711236d32e299ed8ce4a0f12f278c9b
MR62X_SDK,MR62X_SDK_Paket/selected_sources/sdk/openwrt-21.02/package/uboot/realtek/generic/boot/rtl8367r/rtl8367b_asicdrv_phy.c,14198,f652cd0f676b27ba5e6267407ca3e85304a99135696bffbe2fea4dd977996ee4
MR62X_SDK,MR62X_SDK_Paket/selected_sources/sdk/openwrt-21.02/package/uboot/realtek/generic/boot/rtl8367r/rtl8367b_asicdrv_phy.h,1142,0356bed1c1056e97fb35a26885849857a375bf7a05119ed31731038033993058
MR62X_SDK,MR62X_SDK_Paket/selected_sources/sdk/openwrt-21.02/package/uboot/realtek/generic/boot/rtl8367r/rtl8367b_asicdrv_port.c,4562,c2e7cf90677dded92a238657d8bf5632292f7845f4641716bea2a43d647e933f
MR62X_SDK,MR62X_SDK_Paket/selected_sources/sdk/openwrt-21.02/package/uboot/realtek/generic/boot/rtl8367r/rtl8367b_asicdrv_port.h,6696,31269e319e09813314e74c94aa40dc9f1dbc2bc56e7dab248af24b444a5113cb
MR62X_SDK,MR62X_SDK_Paket/selected_sources/sdk/openwrt-21.02/package/uboot/realtek/generic/boot/rtl8367r/rtl8367b_asicdrv_portIsolation.h,543,a8cf2ac60b52b0d3680e72ea9a276646a5c306d3632ca4321d011979cc26627b
MR62X_SDK,MR62X_SDK_Paket/selected_sources/sdk/openwrt-21.02/package/uboot/realtek/generic/boot/rtl8367r/rtl8367b_asicdrv_qos.h,2222,4f6c431d79897ce36c7c2b163a340c6ed9eaaade71cb41729f7d4fd599a900a7
MR62X_SDK,MR62X_SDK_Paket/selected_sources/sdk/openwrt-21.02/package/uboot/realtek/generic/boot/rtl8367r/rtl8367b_asicdrv_rma.h,993,064e886d87891d5b2e4b62f2184f4f235700212ddcf3f46525e940b84e405803
MR62X_SDK,MR62X_SDK_Paket/selected_sources/sdk/openwrt-21.02/package/uboot/realtek/generic/boot/rtl8367r/rtl8367b_asicdrv_scheduling.h,2201,5e71f455d2b56ec3ffdaf98c509544680f2461b82069b81dbd7fbe5ff694a673
MR62X_SDK,MR62X_SDK_Paket/selected_sources/sdk/openwrt-21.02/package/uboot/realtek/generic/boot/rtl8367r/rtl8367b_asicdrv_storm.h,1687,8a49949515a0adedf1bace4b4de723196898fc5e1600f58757e15706d1cccc4c
MR62X_SDK,MR62X_SDK_Paket/selected_sources/sdk/openwrt-21.02/package/uboot/realtek/generic/boot/rtl8367r/rtl8367b_asicdrv_svlan.h,6079,d74184a69382d05725adbefa4de30f3435c0623731b58fde87c8ff46855e9146
MR62X_SDK,MR62X_SDK_Paket/selected_sources/sdk/openwrt-21.02/package/uboot/realtek/generic/boot/rtl8367r/rtl8367b_asicdrv_trunking.h,1262,0c5c0ef971062e80bad6fac1c70959fb72601388eab5d76740d51ab2c00f31d7
MR62X_SDK,MR62X_SDK_Paket/selected_sources/sdk/openwrt-21.02/package/uboot/realtek/generic/boot/rtl8367r/rtl8367b_asicdrv_unknownMulticast.h,1424,fc348749f76695cd0027c3eb4d95996c0e1faffdd69781bb647bf0b2d314a10b
MR62X_SDK,MR62X_SDK_Paket/selected_sources/sdk/openwrt-21.02/package/uboot/realtek/generic/boot/rtl8367r/rtl8367b_asicdrv_vlan.h,6431,048674752c6c92fe9b33a10f84bcd2638664a0fbe758dbf82ecad312d7279e84
MR62X_SDK,MR62X_SDK_Paket/selected_sources/sdk/openwrt-21.02/package/uboot/realtek/generic/boot/rtl8367r/rtl8367b_base.h,31358,1d56972f26cdb972dff47ab62aeef1dda25801c818cbc4938e16ec637c8c00fc
MR62X_SDK,MR62X_SDK_Paket/selected_sources/sdk/openwrt-21.02/package/uboot/realtek/generic/boot/rtl8367r/rtl8367b_reg.h,794839,7942a65f5ff25ee68d766412740370ce77cfcc6fccd134825afc08608b0633e8
MR62X_SDK,MR62X_SDK_Paket/selected_sources/sdk/openwrt-21.02/package/uboot/realtek/generic/boot/rtl8367r/smi.c,12899,a40488ad79151275e1377655a48e5f9a5c04150a60a3e2c711805a5376abcce1
MR62X_SDK,MR62X_SDK_Paket/selected_sources/sdk/openwrt-21.02/package/uboot/realtek/generic/boot/rtl8367r/smi.h,359,8e850b3c37173bf718718b61f082a31106c60ba2d5de53e5fa790d3c5271f607
MR62X_SDK,MR62X_SDK_Paket/selected_sources/sdk/openwrt-21.02/package/uboot/realtek/generic/boot/rtl83xx/cpu.c,14409,abd094ad6a78683e20282db6f6684b6649792990721e3d4d5c4d408acfc9aee6
MR62X_SDK,MR62X_SDK_Paket/selected_sources/sdk/openwrt-21.02/package/uboot/realtek/generic/boot/rtl83xx/cpu.h,9560,ffa76a6559c0f94b4eb87046b1ddd368e3287e5d3de1f2d21cbe06730c2f38fc
MR62X_SDK,MR62X_SDK_Paket/selected_sources/sdk/openwrt-21.02/package/uboot/realtek/generic/boot/rtl83xx/gpio.c,12163,69fab14e06fd1ad10795ca8b43fe8d92220b3699d4189504070dfa0272a6d0a1
MR62X_SDK,MR62X_SDK_Paket/selected_sources/sdk/openwrt-21.02/package/uboot/realtek/generic/boot/rtl83xx/gpio.h,2260,1238de361cd0bda99ae22dbdfe43be52d0f4ecbd97b8a002246f07b531538573
MR62X_SDK,MR62X_SDK_Paket/selected_sources/sdk/openwrt-21.02/package/uboot/realtek/generic/boot/rtl83xx/gpio_8198.h,2024,de806a1073daa5e84f22bbb798f16862a02d8d6efd555befd36dbb9a91dd02b9
MR62X_SDK,MR62X_SDK_Paket/selected_sources/sdk/openwrt-21.02/package/uboot/realtek/generic/boot/rtl83xx/led.c,21826,528330ab98674fb9e0906977e1c1c758f3065d86f592fc475f3a85a245dc59e1
MR62X_SDK,MR62X_SDK_Paket/selected_sources/sdk/openwrt-21.02/package/uboot/realtek/generic/boot/rtl83xx/led.h,14225,d0d1b8069a9a9665229af66ce22144ed467b619779bbcd84509646ceef59c041
MR62X_SDK,MR62X_SDK_Paket/selected_sources/sdk/openwrt-21.02/package/uboot/realtek/generic/boot/rtl83xx/port.c,90697,34652ab44f58dd0393d7a169689c2840777d1c7d1bc4e1701d98d3bc0fd54d04
MR62X_SDK,MR62X_SDK_Paket/selected_sources/sdk/openwrt-21.02/package/uboot/realtek/generic/boot/rtl83xx/port.h,31480,bf43cea518799fd1b46df881d52e91c6c594b4f547485385e8e8bb29300f386b
MR62X_SDK,MR62X_SDK_Paket/selected_sources/sdk/openwrt-21.02/package/uboot/realtek/generic/boot/rtl83xx/qos.h,26700,f8dd2d8f3ae526e65be4cdb34bec389ed01c3e1a75365f1f43912ee5bd05562e
MR62X_SDK,MR62X_SDK_Paket/selected_sources/sdk/openwrt-21.02/package/uboot/realtek/generic/boot/rtl83xx/rate.c,18672,9b7878df3a6bac7a236d0217750e168e386af28e06fcefd7602f5952f4b9f9e0
MR62X_SDK,MR62X_SDK_Paket/selected_sources/sdk/openwrt-21.02/package/uboot/realtek/generic/boot/rtl83xx/rate.h,10896,31f1bc1824ede6fad23c62e80139abb1ef6980c790adf98d970e7b2f58236085
MR62X_SDK,MR62X_SDK_Paket/selected_sources/sdk/openwrt-21.02/package/uboot/realtek/generic/boot/rtl83xx/rtk_api.c,12297,aeb5575f6a2ca3a558ab531dc3167cc02dfaa0d19ac21ae10a7f03da3830e920
MR62X_SDK,MR62X_SDK_Paket/selected_sources/sdk/openwrt-21.02/package/uboot/realtek/generic/boot/rtl83xx/rtk_api.h,679,6952320a0dd07cb4410c643f0f13627b95a2e65977e58e2fbe2f16a897f95bcd
MR62X_SDK,MR62X_SDK_Paket/selected_sources/sdk/openwrt-21.02/package/uboot/realtek/generic/boot/rtl83xx/rtk_error.h,23028,fc8a602009f1ed7197a2c60abef52722c876bf1ff2b7320e5e2d7a219de688b8
MR62X_SDK,MR62X_SDK_Paket/selected_sources/sdk/openwrt-21.02/package/uboot/realtek/generic/boot/rtl83xx/rtk_switch.c,51081,e5ba6cdcca1bce3aa0324eba6348b450dc18d4708d285a042020ca092af97d67
MR62X_SDK,MR62X_SDK_Paket/selected_sources/sdk/openwrt-21.02/package/uboot/realtek/generic/boot/rtl83xx/rtk_switch.h,22435,37f82ad0aca7452ecee294ed0fb4e53e80b328819dd971b6fe89b24827ddd31e
MR62X_SDK,MR62X_SDK_Paket/selected_sources/sdk/openwrt-21.02/package/uboot/realtek/generic/boot/rtl83xx/rtk_types.h,3000,4de462b4ee147918e82e60dfba34ee506e2d617f0e4a6d875eb30c741ed7d57f
MR62X_SDK,MR62X_SDK_Paket/selected_sources/sdk/openwrt-21.02/package/uboot/realtek/generic/boot/rtl83xx/rtl8367c_asicdrv.c,14203,e64b626e992d0fb558e30e54e2475f472bdf16575af488a8c0bc44ec2e32d017
MR62X_SDK,MR62X_SDK_Paket/selected_sources/sdk/openwrt-21.02/package/uboot/realtek/generic/boot/rtl83xx/rtl8367c_asicdrv.h,3537,a5b8e3014827983f6129c49195daa08c9b502e24ac4354f1556d2c8ed6a17379
MR62X_SDK,MR62X_SDK_Paket/selected_sources/sdk/openwrt-21.02/package/uboot/realtek/generic/boot/rtl83xx/rtl8367c_asicdrv_cputag.c,10179,0734863900f38857b17fbfc37e08e4323c1d750eed68a043f03bb5645f2cf881
MR62X_SDK,MR62X_SDK_Paket/selected_sources/sdk/openwrt-21.02/package/uboot/realtek/generic/boot/rtl83xx/rtl8367c_asicdrv_cputag.h,1373,1a19d3752a7f40532ecc1584bbc665ac348539ab97bd6083fc98d2a25bd4a317
MR62X_SDK,MR62X_SDK_Paket/selected_sources/sdk/openwrt-21.02/package/uboot/realtek/generic/boot/rtl83xx/rtl8367c_asicdrv_green.c,13175,3586e8be2021669dfde02331de21b8c4fbd479b5c367306dcaea90a98405e4ba
MR62X_SDK,MR62X_SDK_Paket/selected_sources/sdk/openwrt-21.02/package/uboot/realtek/generic/boot/rtl83xx/rtl8367c_asicdrv_green.h,987,61076fecbd89237fa5280a5946c83ae12ffb0b9a76dec6da05c15674556daef1
MR62X_SDK,MR62X_SDK_Paket/selected_sources/sdk/openwrt-21.02/package/uboot/realtek/generic/boot/rtl83xx/rtl8367c_asicdrv_inbwctrl.c,5218,5b762b913956699244b049d95ccb345b6a5cc75455b01b986a1fe6b9e427a0b2
MR62X_SDK,MR62X_SDK_Paket/selected_sources/sdk/openwrt-21.02/package/uboot/realtek/generic/boot/rtl83xx/rtl8367c_asicdrv_inbwctrl.h,575,43637a4da415d2167c012631ce8cc9e13ba38a6455a220fb65101cb06cad90ce
MR62X_SDK,MR62X_SDK_Paket/selected_sources/sdk/openwrt-21.02/package/uboot/realtek/generic/boot/rtl83xx/rtl8367c_asicdrv_led.c,22791,eae392a7f860cb63d2dd6bc8ba65cefd0c1a4fdc0643ad0e9a215640524017d2
MR62X_SDK,MR62X_SDK_Paket/selected_sources/sdk/openwrt-21.02/package/uboot/realtek/generic/boot/rtl83xx/rtl8367c_asicdrv_led.h,3440,14df792d78481315f133557e6f6a3e0d074002f755999f89270fd0a3dd88a5b1
MR62X_SDK,MR62X_SDK_Paket/selected_sources/sdk/openwrt-21.02/package/uboot/realtek/generic/boot/rtl83xx/rtl8367c_asicdrv_lut.c,44701,b3646d1b59b6f1329857e2194bd3e85d1795209d329c2aead4cc7a51e772ec4b
MR62X_SDK,MR62X_SDK_Paket/selected_sources/sdk/openwrt-21.02/package/uboot/realtek/generic/boot/rtl83xx/rtl8367c_asicdrv_lut.h,4985,5ad4f17c86d1cb8394907edd1e8ab18e63c7c332b3783b5ddd7035445df7243b
MR62X_SDK,MR62X_SDK_Paket/selected_sources/sdk/openwrt-21.02/package/uboot/realtek/generic/boot/rtl83xx/rtl8367c_asicdrv_meter.c,9023,145b53864d76f7c14bd9c6406a31ce38388c107953296fb6f790214b1c45d58b
MR62X_SDK,MR62X_SDK_Paket/selected_sources/sdk/openwrt-21.02/package/uboot/realtek/generic/boot/rtl83xx/rtl8367c_asicdrv_meter.h,831,4d9188cc422bc4660855d06e4facc2c48851ad8f93a4c67fef661035e7cf9f78
MR62X_SDK,MR62X_SDK_Paket/selected_sources/sdk/openwrt-21.02/package/uboot/realtek/generic/boot/rtl83xx/rtl8367c_asicdrv_mirror.c,13264,d5839f13063d62e7e09f7a317d8a843c49bc3893d8e0e722c96a3b345896a292
MR62X_SDK,MR62X_SDK_Paket/selected_sources/sdk/openwrt-21.02/package/uboot/realtek/generic/boot/rtl83xx/rtl8367c_asicdrv_mirror.h,2005,aac2cf2a8befd4c48110d749a5801b74c0abb6d0f991d90e194a2b8b1a738af1
MR62X_SDK,MR62X_SDK_Paket/selected_sources/sdk/openwrt-21.02/package/uboot/realtek/generic/boot/rtl83xx/rtl8367c_asicdrv_misc.c,6462,e8a804630cfded5f1a787ac1cadd7efaf85dcb1161ccbbbcce27159b33118233
MR62X_SDK,MR62X_SDK_Paket/selected_sources/sdk/openwrt-21.02/package/uboot/realtek/generic/boot/rtl83xx/rtl8367c_asicdrv_misc.h,813,ae3083080e940660fb09877eef99d04cf2add6643b259240571df82d1a560181
MR62X_SDK,MR62X_SDK_Paket/selected_sources/sdk/openwrt-21.02/package/uboot/realtek/generic/boot/rtl83xx/rtl8367c_asicdrv_phy.c,11109,eb6a46a450623a200c7e2fa28f683e19149153251fe1a7d3f4478178f492e101
MR62X_SDK,MR62X_SDK_Paket/selected_sources/sdk/openwrt-21.02/package/uboot/realtek/generic/boot/rtl83xx/rtl8367c_asicdrv_phy.h,1063,23d16aa27dae8d288cfe495e353237aaf6e27613c2448d38f79d6cee7bd3e02e
MR62X_SDK,MR62X_SDK_Paket/selected_sources/sdk/openwrt-21.02/package/uboot/realtek/generic/boot/rtl83xx/rtl8367c_asicdrv_port.c,144920,85a090707e57d43c969a33f046aa7e3c5bcd9a6689fef71b2e16762fb44c048a
MR62X_SDK,MR62X_SDK_Paket/selected_sources/sdk/openwrt-21.02/package/uboot/realtek/generic/boot/rtl83xx/rtl8367c_asicdrv_port.h,6710,f2bd33726f5140ac926123ef477fa53e9cc1d8750527e02629c57614d029066f
MR62X_SDK,MR62X_SDK_Paket/selected_sources/sdk/openwrt-21.02/package/uboot/realtek/generic/boot/rtl83xx/rtl8367c_asicdrv_portIsolation.c,3515,78454ee31da7b34c188f4074ada6c08794441cc5c1f524f3667604de505c4a64
MR62X_SDK,MR62X_SDK_Paket/selected_sources/sdk/openwrt-21.02/package/uboot/realtek/generic/boot/rtl83xx/rtl8367c_asicdrv_portIsolation.h,543,5a6f3855bf6cdd6aa9b6063f9f4f43b227367eeaa31344bc13946bd38de992b8
MR62X_SDK,MR62X_SDK_Paket/selected_sources/sdk/openwrt-21.02/package/uboot/realtek/generic/boot/rtl83xx/rtl8367c_asicdrv_rma.c,11341,b56465ec862a889b1f65425f3a156334de30002466e5583dcabf5f8a4d9c041e
MR62X_SDK,MR62X_SDK_Paket/selected_sources/sdk/openwrt-21.02/package/uboot/realtek/generic/boot/rtl83xx/rtl8367c_asicdrv_rma.h,1133,421e0dca76ab64fa4592dba8d43f42830acaff428e3fdf9c6f8c420b1abcc6ec
MR62X_SDK,MR62X_SDK_Paket/selected_sources/sdk/openwrt-21.02/package/uboot/realtek/generic/boot/rtl83xx/rtl8367c_asicdrv_scheduling.c,14049,f9f3b23dbc37a697bcf2d06ef5decdce2472588dad11f7da4c34f1a3cadc5ea9
MR62X_SDK,MR62X_SDK_Paket/selected_sources/sdk/openwrt-21.02/package/uboot/realtek/generic/boot/rtl83xx/rtl8367c_asicdrv_scheduling.h,2201,bf54cdfe8e8ffbb8841b4009585339e22333215a494853391a9704578a2ffe52
MR62X_SDK,MR62X_SDK_Paket/selected_sources/sdk/openwrt-21.02/package/uboot/realtek/generic/boot/rtl83xx/rtl8367c_asicdrv_unknownMulticast.h,1424,680d6638ed09d77e51ddb62fae249668f8a1d53d89fe130f42b59d8c3376a004
MR62X_SDK,MR62X_SDK_Paket/selected_sources/sdk/openwrt-21.02/package/uboot/realtek/generic/boot/rtl83xx/rtl8367c_base.h,39628,a3dc350511b6b8bc7128d70f5503322e68633cf870dbe2090e6d484ec5f62b9e
MR62X_SDK,MR62X_SDK_Paket/selected_sources/sdk/openwrt-21.02/package/uboot/realtek/generic/boot/rtl83xx/rtl8367c_reg.h,1089392,8ce78067a7b57531b40d0c28a847b47590235098e191de7a1162421ae6371c7a
MR62X_SDK,MR62X_SDK_Paket/selected_sources/sdk/openwrt-21.02/package/uboot/realtek/generic/boot/rtl83xx/smi.c,12899,d2d072c8eef6013564d6ffb16ed065b13b6e0b28990b145968dd291bc3f310ba
MR62X_SDK,MR62X_SDK_Paket/selected_sources/sdk/openwrt-21.02/package/uboot/realtek/generic/boot/rtl83xx/smi.h,359,8e850b3c37173bf718718b61f082a31106c60ba2d5de53e5fa790d3c5271f607
MR62X_SDK,MR62X_SDK_Paket/selected_sources/sdk/openwrt-21.02/package/uboot/realtek/generic/boot/rtl83xx_v1dot4/acl.c,21252,db286634d9b8d508d55a53d800afd2a1a47ae5cc6a2c633ada32ee881bb469d4
MR62X_SDK,MR62X_SDK_Paket/selected_sources/sdk/openwrt-21.02/package/uboot/realtek/generic/boot/rtl83xx_v1dot4/acl.h,28835,e8886ba47bca54b13f714fa34f570e2166a2dd8788fb1972c27c0c84b01ec69d
MR62X_SDK,MR62X_SDK_Paket/selected_sources/sdk/openwrt-21.02/package/uboot/realtek/generic/boot/rtl83xx_v1dot4/chip.c,16831,888cf1a9489aa1a9cdbd1178a25da4374a71c0c39568b508db6a0bf19f419676
MR62X_SDK,MR62X_SDK_Paket/selected_sources/sdk/openwrt-21.02/package/uboot/realtek/generic/boot/rtl83xx_v1dot4/chip.h,2156,c72936f72dfd822bcb6ebb9e44d01620805ca5d695e3507004f2a1c10f5ae064
MR62X_SDK,MR62X_SDK_Paket/selected_sources/sdk/openwrt-21.02/package/uboot/realtek/generic/boot/rtl83xx_v1dot4/cpu.c,12661,576c9f6e2dbb281390f517b3b6f17bf27ca88ba206d0c3738c821e47dc8948bf
MR62X_SDK,MR62X_SDK_Paket/selected_sources/sdk/openwrt-21.02/package/uboot/realtek/generic/boot/rtl83xx_v1dot4/cpu.h,9280,914657eff56ea19df656169b3b6e3c7b864f3d612fe36a5b0a0edbf571c5654b
MR62X_SDK,MR62X_SDK_Paket/selected_sources/sdk/openwrt-21.02/package/uboot/realtek/generic/boot/rtl83xx_v1dot4/dal/dal_mapper.h,36204,8519aa5c5e60ce5402f7be5c1af4a25125a6ea83bdf80ec8cf7cd9e730a48410
MR62X_SDK,MR62X_SDK_Paket/selected_sources/sdk/openwrt-21.02/package/uboot/realtek/generic/boot/rtl83xx_v1dot4/dal/dal_mgmt.c,2306,1f1d5cf432276ccec7129eaec733d1fca52784aace850ced8c97d1885840b31b
MR62X_SDK,MR62X_SDK_Paket/selected_sources/sdk/openwrt-21.02/package/uboot/realtek/generic/boot/rtl83xx_v1dot4/dal/dal_mgmt.h,1680,45fc4c1600f50010020cf72b7f094a06deae12396253bda6163eac42121aea9f
MR62X_SDK,MR62X_SDK_Paket/selected_sources/sdk/openwrt-21.02/package/uboot/realtek/generic/boot/rtl83xx_v1dot4/dal/rtl8367c/dal_rtl8367c_acl.c,72086,4419c820a28a411c5b0ac38cf12bf8d25e55d140f9db46329f34f9fd5409f2f2
MR62X_SDK,MR62X_SDK_Paket/selected_sources/sdk/openwrt-21.02/package/uboot/realtek/generic/boot/rtl83xx_v1dot4/dal/rtl8367c/dal_rtl8367c_acl.h,16127,5fd82c0e2b7142fce78c3ebcfd82af536066a05f6f45957f4d477b89efc0e7ce
MR62X_SDK,MR62X_SDK_Paket/selected_sources/sdk/openwrt-21.02/package/uboot/realtek/generic/boot/rtl83xx_v1dot4/dal/rtl8367c/dal_rtl8367c_cpu.c,14229,f2da5f2c3db3873628ebcc3035b0da393d2ace03736ba2d1a19f93a588835591
MR62X_SDK,MR62X_SDK_Paket/selected_sources/sdk/openwrt-21.02/package/uboot/realtek/generic/boot/rtl83xx_v1dot4/dal/rtl8367c/dal_rtl8367c_cpu.h,8994,cdc2ce92364364976b7549a9d3eb8c84df3dfec722ea0c70ff31e1753c0676c0
MR62X_SDK,MR62X_SDK_Paket/selected_sources/sdk/openwrt-21.02/package/uboot/realtek/generic/boot/rtl83xx_v1dot4/dal/rtl8367c/dal_rtl8367c_dot1x.c,24453,4e268c7b06ece32116cdfdc33db104583cbe098c3a41c0ad6c4239ba13901c87
MR62X_SDK,MR62X_SDK_Paket/selected_sources/sdk/openwrt-21.02/package/uboot/realtek/generic/boot/rtl83xx_v1dot4/dal/rtl8367c/dal_rtl8367c_dot1x.h,15531,13f590cbce1fae3c2b6956c3e10fe5d362c4fc9b58a56666b604747f5a4f1665
MR62X_SDK,MR62X_SDK_Paket/selected_sources/sdk/openwrt-21.02/package/uboot/realtek/generic/boot/rtl83xx_v1dot4/dal/rtl8367c/dal_rtl8367c_eee.c,4328,25915eb39b2ccdcb960df87c40ff8af197db6cf09b2f075474f183ef3573ccda
MR62X_SDK,MR62X_SDK_Paket/selected_sources/sdk/openwrt-21.02/package/uboot/realtek/generic/boot/rtl83xx_v1dot4/dal/rtl8367c/dal_rtl8367c_eee.h,2385,09207f4cd760b1dddd45e129874bbef1f60a2e5d72a8854c6cd03c2b7bfe6f0c
MR62X_SDK,MR62X_SDK_Paket/selected_sources/sdk/openwrt-21.02/package/uboot/realtek/generic/boot/rtl83xx_v1dot4/dal/rtl8367c/dal_rtl8367c_i2c.c,10991,335622514429b8b9cdf04d6e06a1a317906f87384c6d382e7dd8bb4e1d4aa33a
MR62X_SDK,MR62X_SDK_Paket/selected_sources/sdk/openwrt-21.02/package/uboot/realtek/generic/boot/rtl83xx_v1dot4/dal/rtl8367c/dal_rtl8367c_i2c.h,4258,d55016fb6cc87a95b538d51a4fc62405d29d916dfcb70de95cdcca9335410a18
MR62X_SDK,MR62X_SDK_Paket/selected_sources/sdk/openwrt-21.02/package/uboot/realtek/generic/boot/rtl83xx_v1dot4/dal/rtl8367c/dal_rtl8367c_igmp.c,41196,bf24c1e05fcfe8c7b29c43626111669d8ab54ed7e30d7a33473ce99a58f87a52
MR62X_SDK,MR62X_SDK_Paket/selected_sources/sdk/openwrt-21.02/package/uboot/realtek/generic/boot/rtl83xx_v1dot4/dal/rtl8367c/dal_rtl8367c_igmp.h,20049,53bbefb20e568d87e6800f9914071497d254f1392722f4fd3b3feedb28f7d88a
MR62X_SDK,MR62X_SDK_Paket/selected_sources/sdk/openwrt-21.02/package/uboot/realtek/generic/boot/rtl83xx_v1dot4/dal/rtl8367c/dal_rtl8367c_interrupt.c,12972,1d2593c01f020070bcd14d52c9a548b0860436c1b453382c95058b98b5f06d00
MR62X_SDK,MR62X_SDK_Paket/selected_sources/sdk/openwrt-21.02/package/uboot/realtek/generic/boot/rtl83xx_v1dot4/dal/rtl8367c/dal_rtl8367c_interrupt.h,6715,0115e2e7e95b2c301eff877e7a5570d989f7a9d2138f95606ee59ec3050eec87
MR62X_SDK,MR62X_SDK_Paket/selected_sources/sdk/openwrt-21.02/package/uboot/realtek/generic/boot/rtl83xx_v1dot4/dal/rtl8367c/dal_rtl8367c_l2.c,88995,8173ff8fe85cef2458d0f035f00998391902333eba3bdede853dd6e10b9224b8
MR62X_SDK,MR62X_SDK_Paket/selected_sources/sdk/openwrt-21.02/package/uboot/realtek/generic/boot/rtl83xx_v1dot4/dal/rtl8367c/dal_rtl8367c_l2.h,35693,4c35af66697fb9368bdf019a3b615f821d9a45ef234f9bb5e9954f75c9bbb6c4
MR62X_SDK,MR62X_SDK_Paket/selected_sources/sdk/openwrt-21.02/package/uboot/realtek/generic/boot/rtl83xx_v1dot4/dal/rtl8367c/dal_rtl8367c_leaky.c,16614,c3c1d6e75d81905f0e524e2ee53f62ae5d8aec04d92cf0ff90191d5930bccf5c
MR62X_SDK,MR62X_SDK_Paket/selected_sources/sdk/openwrt-21.02/package/uboot/realtek/generic/boot/rtl83xx_v1dot4/dal/rtl8367c/dal_rtl8367c_leaky.h,9633,91ee731f8edf2346d90a3ecadc19d2a4304e3c796cb2bb5db7dc5f6a7e7defda
MR62X_SDK,MR62X_SDK_Paket/selected_sources/sdk/openwrt-21.02/package/uboot/realtek/generic/boot/rtl83xx_v1dot4/dal/rtl8367c/dal_rtl8367c_led.c,21840,7f9ae2d7fc85bbc5644999509ec97bef55bda68d662a02b40712f4e50871fe5e
MR62X_SDK,MR62X_SDK_Paket/selected_sources/sdk/openwrt-21.02/package/uboot/realtek/generic/boot/rtl83xx_v1dot4/dal/rtl8367c/dal_rtl8367c_led.h,12511,c0f7f7d853015d2d40a7b92851eba3eb9eea9ea7338af7680c9e111be9db1f3a
MR62X_SDK,MR62X_SDK_Paket/selected_sources/sdk/openwrt-21.02/package/uboot/realtek/generic/boot/rtl83xx_v1dot4/dal/rtl8367c/dal_rtl8367c_mapper.c,32419,999a98b1c8e46c489552b611d4d1967fdafbf716147666e05b16ac3d731955ee
MR62X_SDK,MR62X_SDK_Paket/selected_sources/sdk/openwrt-21.02/package/uboot/realtek/generic/boot/rtl83xx_v1dot4/dal/rtl8367c/dal_rtl8367c_mapper.h,757,08f6158b0eff5af9aed7e9fd52b6cb35015d8d96681f30961c22e0dcb84677c3
MR62X_SDK,MR62X_SDK_Paket/selected_sources/sdk/openwrt-21.02/package/uboot/realtek/generic/boot/rtl83xx_v1dot4/dal/rtl8367c/dal_rtl8367c_mirror.c,16110,1b89b02c39f4200e033546b09c2fb1362c6ba5f6706d50c038c68bd35e270984
MR62X_SDK,MR62X_SDK_Paket/selected_sources/sdk/openwrt-21.02/package/uboot/realtek/generic/boot/rtl83xx_v1dot4/dal/rtl8367c/dal_rtl8367c_mirror.h,8730,eccae10dbb2550d52de63c1bf8cede24f1d43e86ab959d4bfe10e0f62a623d89
MR62X_SDK,MR62X_SDK_Paket/selected_sources/sdk/openwrt-21.02/package/uboot/realtek/generic/boot/rtl83xx_v1dot4/dal/rtl8367c/dal_rtl8367c_oam.c,5564,7e642cbc1f6ff46bcf0999477fb3e13ec9a68abb69075cee1139ee70a0785bd9
MR62X_SDK,MR62X_SDK_Paket/selected_sources/sdk/openwrt-21.02/package/uboot/realtek/generic/boot/rtl83xx_v1dot4/dal/rtl8367c/dal_rtl8367c_oam.h,3863,24f56ed5bea82bd958b2518ca9216e7a9e06bd004b78ab020da13a51a124f84c
MR62X_SDK,MR62X_SDK_Paket/selected_sources/sdk/openwrt-21.02/package/uboot/realtek/generic/boot/rtl83xx_v1dot4/dal/rtl8367c/dal_rtl8367c_port.c,127508,9e0e6f546b5558d69e475252b26585abe25aeeecc4127b243ea9ac39ef93880d
MR62X_SDK,MR62X_SDK_Paket/selected_sources/sdk/openwrt-21.02/package/uboot/realtek/generic/boot/rtl83xx_v1dot4/dal/rtl8367c/dal_rtl8367c_port.h,30539,c13c671fb861a68b9f63b10eb4daf1f2dc9d68ddd1c6c1b43656615861766b7d
MR62X_SDK,MR62X_SDK_Paket/selected_sources/sdk/openwrt-21.02/package/uboot/realtek/generic/boot/rtl83xx_v1dot4/dal/rtl8367c/dal_rtl8367c_ptp.c,20259,44242eb4874f50257002fd9571b9741892e2855147c29b5fd177eb985be1efb2
MR62X_SDK,MR62X_SDK_Paket/selected_sources/sdk/openwrt-21.02/package/uboot/realtek/generic/boot/rtl83xx_v1dot4/dal/rtl8367c/dal_rtl8367c_ptp.h,13945,5416fd4a26c3692c22c26b9de9e220257814558d02d9f5c6528cf5e9390639b4
MR62X_SDK,MR62X_SDK_Paket/selected_sources/sdk/openwrt-21.02/package/uboot/realtek/generic/boot/rtl83xx_v1dot4/dal/rtl8367c/dal_rtl8367c_qos.c,42355,68d6eb04747033895e0b7d1aa455d807c51b032b217cd8cb8077461fad37285e
MR62X_SDK,MR62X_SDK_Paket/selected_sources/sdk/openwrt-21.02/package/uboot/realtek/generic/boot/rtl83xx_v1dot4/dal/rtl8367c/dal_rtl8367c_qos.h,23535,ab1e6e48782bb253982d8f8407407e4786721c6ec3eeeffaf6116259ecff74e7
MR62X_SDK,MR62X_SDK_Paket/selected_sources/sdk/openwrt-21.02/package/uboot/realtek/generic/boot/rtl83xx_v1dot4/dal/rtl8367c/dal_rtl8367c_rate.c,18203,4b24d6a53d2179e47f566be3d4da0d932befdafcd3ed8c15d8d2f1bbade5c180
MR62X_SDK,MR62X_SDK_Paket/selected_sources/sdk/openwrt-21.02/package/uboot/realtek/generic/boot/rtl83xx_v1dot4/dal/rtl8367c/dal_rtl8367c_rate.h,10573,be927069118deb004c62a2dbd05ae264752fecbaae72e9327c42ffa2ab16d9a2
MR62X_SDK,MR62X_SDK_Paket/selected_sources/sdk/openwrt-21.02/package/uboot/realtek/generic/boot/rtl83xx_v1dot4/dal/rtl8367c/dal_rtl8367c_rldp.c,11367,447d52d3c4e0696aa62b42fe1ce7ac8521c4b5486827030f81f4b4e142677ce1
MR62X_SDK,MR62X_SDK_Paket/selected_sources/sdk/openwrt-21.02/package/uboot/realtek/generic/boot/rtl83xx_v1dot4/dal/rtl8367c/dal_rtl8367c_rldp.h,4455,a135930168728753236cc636a85d4e9b4503e6e2bea1615a16863cefb7e61219
MR62X_SDK,MR62X_SDK_Paket/selected_sources/sdk/openwrt-21.02/package/uboot/realtek/generic/boot/rtl83xx_v1dot4/dal/rtl8367c/dal_rtl8367c_stat.c,19658,5e44fc670da9e44d0f6eba529d3c1e715e7c7548b436ae3f141b2c8c5038874c
MR62X_SDK,MR62X_SDK_Paket/selected_sources/sdk/openwrt-21.02/package/uboot/realtek/generic/boot/rtl83xx_v1dot4/dal/rtl8367c/dal_rtl8367c_stat.h,7822,82d770aa2109d6e02f0a0a1734967ade207693b199b32258de5f488a343aaaf9
MR62X_SDK,MR62X_SDK_Paket/selected_sources/sdk/openwrt-21.02/package/uboot/realtek/generic/boot/rtl83xx_v1dot4/dal/rtl8367c/dal_rtl8367c_storm.c,24170,13301107330f6354a794c84918609034f7af52c10f728f92ce24a1b408109c7b
MR62X_SDK,MR62X_SDK_Paket/selected_sources/sdk/openwrt-21.02/package/uboot/realtek/generic/boot/rtl83xx_v1dot4/dal/rtl8367c/dal_rtl8367c_storm.h,10816,a6e94fe8f9ada3e3b1e49970bc2e047ed51fca8e78981f0c04df33b14aea2767
MR62X_SDK,MR62X_SDK_Paket/selected_sources/sdk/openwrt-21.02/package/uboot/realtek/generic/boot/rtl83xx_v1dot4/dal/rtl8367c/dal_rtl8367c_svlan.c,71974,f817ed6823f25324b96114da2092b628f86c878f13746ded279cb61e473114ca
MR62X_SDK,MR62X_SDK_Paket/selected_sources/sdk/openwrt-21.02/package/uboot/realtek/generic/boot/rtl83xx_v1dot4/dal/rtl8367c/dal_rtl8367c_svlan.h,30342,b642b8634e9cda95598e95772c48e6fc59eac3756b188b28d507380662d7884a
MR62X_SDK,MR62X_SDK_Paket/selected_sources/sdk/openwrt-21.02/package/uboot/realtek/generic/boot/rtl83xx_v1dot4/dal/rtl8367c/dal_rtl8367c_switch.c,27009,9c7482131f2f2be28255e35b0c6c247b042a21cc0613f2809c58a5db801ca548
MR62X_SDK,MR62X_SDK_Paket/selected_sources/sdk/openwrt-21.02/package/uboot/realtek/generic/boot/rtl83xx_v1dot4/dal/rtl8367c/dal_rtl8367c_switch.h,4549,59f5e6b9c8f6549721b6eb995ee6e3c358bb719d9b2e5a8c3680eb96260af302
MR62X_SDK,MR62X_SDK_Paket/selected_sources/sdk/openwrt-21.02/package/uboot/realtek/generic/boot/rtl83xx_v1dot4/dal/rtl8367c/dal_rtl8367c_trap.c,37746,debd3402e3d68d4ebee86f6591f632e3f914f359178095be76f54bc906b74914
MR62X_SDK,MR62X_SDK_Paket/selected_sources/sdk/openwrt-21.02/package/uboot/realtek/generic/boot/rtl83xx_v1dot4/dal/rtl8367c/dal_rtl8367c_trap.h,21579,4f168e35bcb4cb16344a0ddb7eace76bd9f4a4fe15bcc284419996786b9191ff
MR62X_SDK,MR62X_SDK_Paket/selected_sources/sdk/openwrt-21.02/package/uboot/realtek/generic/boot/rtl83xx_v1dot4/dal/rtl8367c/dal_rtl8367c_trunk.c,17206,f1573a3aa495173fd9cbfa30435d41e65095e998a83f26348a3548ea6a49f588
MR62X_SDK,MR62X_SDK_Paket/selected_sources/sdk/openwrt-21.02/package/uboot/realtek/generic/boot/rtl83xx_v1dot4/dal/rtl8367c/dal_rtl8367c_trunk.h,9738,bfdf068d37f5053b0aab1c0c68793ff0f0879213f4137823be052c1263623cfe
MR62X_SDK,MR62X_SDK_Paket/selected_sources/sdk/openwrt-21.02/package/uboot/realtek/generic/boot/rtl83xx_v1dot4/dal/rtl8367c/dal_rtl8367c_vlan.c,62214,300936d6ce2b3f981a9d017b6b4761137cb39bcd53482e743251cd0ac681c547
MR62X_SDK,MR62X_SDK_Paket/selected_sources/sdk/openwrt-21.02/package/uboot/realtek/generic/boot/rtl83xx_v1dot4/dal/rtl8367c/dal_rtl8367c_vlan.h,26725,38d97957f532e393ceaaafa8678769564223ff5b596ed38ff95f71e7f5558929
MR62X_SDK,MR62X_SDK_Paket/selected_sources/sdk/openwrt-21.02/package/uboot/realtek/generic/boot/rtl83xx_v1dot4/dal/rtl8367c/rtl8367c_asicdrv.c,15389,e2236c2c7b7c4f8594a7761f50b944c627a276016af0efa2de13313ee0be5d5a
MR62X_SDK,MR62X_SDK_Paket/selected_sources/sdk/openwrt-21.02/package/uboot/realtek/generic/boot/rtl83xx_v1dot4/dal/rtl8367c/rtl8367c_asicdrv.h,3549,bb349d5c38b62a97d60f9806a5c2cd38d1ae8541dd38c8957d2425c59153f60d
MR62X_SDK,MR62X_SDK_Paket/selected_sources/sdk/openwrt-21.02/package/uboot/realtek/generic/boot/rtl83xx_v1dot4/dal/rtl8367c/rtl8367c_asicdrv_acl.c,37294,25b14ddc9bdd8ad72ea43c3958f73e857b5f6cdb4e690f48b5c2ae27cec160f2
MR62X_SDK,MR62X_SDK_Paket/selected_sources/sdk/openwrt-21.02/package/uboot/realtek/generic/boot/rtl83xx_v1dot4/dal/rtl8367c/rtl8367c_asicdrv_acl.h,6249,502995ec9f7ba711fff667733dadb26f205168a337a8114df5cf7cc330475d7d
MR62X_SDK,MR62X_SDK_Paket/selected_sources/sdk/openwrt-21.02/package/uboot/realtek/generic/boot/rtl83xx_v1dot4/dal/rtl8367c/rtl8367c_asicdrv_cputag.c,11252,88f987e5ef087683f0242157c352fd6e7ed3ed5c2689fd739da6b0be8b6908a5
MR62X_SDK,MR62X_SDK_Paket/selected_sources/sdk/openwrt-21.02/package/uboot/realtek/generic/boot/rtl83xx_v1dot4/dal/rtl8367c/rtl8367c_asicdrv_cputag.h,1373,1a19d3752a7f40532ecc1584bbc665ac348539ab97bd6083fc98d2a25bd4a317
MR62X_SDK,MR62X_SDK_Paket/selected_sources/sdk/openwrt-21.02/package/uboot/realtek/generic/boot/rtl83xx_v1dot4/dal/rtl8367c/rtl8367c_asicdrv_dot1x.c,11485,a78416d2a688a6be94af2145c169029c3852df731df0f8ee10fafce2a57224dd
MR62X_SDK,MR62X_SDK_Paket/selected_sources/sdk/openwrt-21.02/package/uboot/realtek/generic/boot/rtl83xx_v1dot4/dal/rtl8367c/rtl8367c_asicdrv_dot1x.h,1580,297684e4aa50b1b7f42f1759329e507f4cd3f25fd4fb0c33582f6d21e3c6c596
MR62X_SDK,MR62X_SDK_Paket/selected_sources/sdk/openwrt-21.02/package/uboot/realtek/generic/boot/rtl83xx_v1dot4/dal/rtl8367c/rtl8367c_asicdrv_eav.c,27436,9a6f5bdddf9d96f85f0f724fb7aab7e1c0cb72b660aefc4b934d5d8aada3a413
MR62X_SDK,MR62X_SDK_Paket/selected_sources/sdk/openwrt-21.02/package/uboot/realtek/generic/boot/rtl83xx_v1dot4/dal/rtl8367c/rtl8367c_asicdrv_eav.h,3292,3f4f3bcc4faa2f51297d01855640156175aa7c2b591501fac54f55f5f701cf30
MR62X_SDK,MR62X_SDK_Paket/selected_sources/sdk/openwrt-21.02/package/uboot/realtek/generic/boot/rtl83xx_v1dot4/dal/rtl8367c/rtl8367c_asicdrv_eee.c,4588,5d43505ccb12d61b936126a97b5f9f3a7f814a0e84890e21536fa14b1001144d
MR62X_SDK,MR62X_SDK_Paket/selected_sources/sdk/openwrt-21.02/package/uboot/realtek/generic/boot/rtl83xx_v1dot4/dal/rtl8367c/rtl8367c_asicdrv_eee.h,472,ed62db4cc4e9b312934d7f2ee84ca6740710ffc2f0fb76365bbf7bb4fd07d6d9
MR62X_SDK,MR62X_SDK_Paket/selected_sources/sdk/openwrt-21.02/package/uboot/realtek/generic/boot/rtl83xx_v1dot4/dal/rtl8367c/rtl8367c_asicdrv_fc.c,42113,d03de3bfb839abfecb5fbbea88466fa62c3d0dcd5826837676f63266a0c5d853
MR62X_SDK,MR62X_SDK_Paket/selected_sources/sdk/openwrt-21.02/package/uboot/realtek/generic/boot/rtl83xx_v1dot4/dal/rtl8367c/rtl8367c_asicdrv_fc.h,5422,75d44c663c5ddcccc5fe8cf151c5e4e87426a8126c98bada21785834ab2b6506
MR62X_SDK,MR62X_SDK_Paket/selected_sources/sdk/openwrt-21.02/package/uboot/realtek/generic/boot/rtl83xx_v1dot4/dal/rtl8367c/rtl8367c_asicdrv_green.c,18766,bb116a23084b2dae642db328d0233b0ff304b915a9432f7c0b3dfc7076ecc64b
MR62X_SDK,MR62X_SDK_Paket/selected_sources/sdk/openwrt-21.02/package/uboot/realtek/generic/boot/rtl83xx_v1dot4/dal/rtl8367c/rtl8367c_asicdrv_green.h,987,61076fecbd89237fa5280a5946c83ae12ffb0b9a76dec6da05c15674556daef1
MR62X_SDK,MR62X_SDK_Paket/selected_sources/sdk/openwrt-21.02/package/uboot/realtek/generic/boot/rtl83xx_v1dot4/dal/rtl8367c/rtl8367c_asicdrv_hsb.c,2740,efb48d5438e7109d71a97101fc34e39c313a8dbaa206d62f64dc84ddb5a5ab3d
MR62X_SDK,MR62X_SDK_Paket/selected_sources/sdk/openwrt-21.02/package/uboot/realtek/generic/boot/rtl83xx_v1dot4/dal/rtl8367c/rtl8367c_asicdrv_hsb.h,725,14d11bb65d2469faa56044a8bd6904f698aae056ec23ae5263bcf7ad82154fcf
MR62X_SDK,MR62X_SDK_Paket/selected_sources/sdk/openwrt-21.02/package/uboot/realtek/generic/boot/rtl83xx_v1dot4/dal/rtl8367c/rtl8367c_asicdrv_i2c.c,11495,25589ab38209ac6877af628730fa90c7e98a57452431e643f877bbda7abc21ce
MR62X_SDK,MR62X_SDK_Paket/selected_sources/sdk/openwrt-21.02/package/uboot/realtek/generic/boot/rtl83xx_v1dot4/dal/rtl8367c/rtl8367c_asicdrv_i2c.h,877,98fa9659efb14ddb849f99f91ddae9e1efcc4a3aefc08638850c85749fed4740
MR62X_SDK,MR62X_SDK_Paket/selected_sources/sdk/openwrt-21.02/package/uboot/realtek/generic/boot/rtl83xx_v1dot4/dal/rtl8367c/rtl8367c_asicdrv_igmp.c,55659,831f585687906612cec3b78123dd9c0f20b4452647153e8927d5cb82f9268c34
MR62X_SDK,MR62X_SDK_Paket/selected_sources/sdk/openwrt-21.02/package/uboot/realtek/generic/boot/rtl83xx_v1dot4/dal/rtl8367c/rtl8367c_asicdrv_igmp.h,6023,8b78f44b76e066e14eb6bc61d6df88787554ac80810918d3e5830217cb077126
MR62X_SDK,MR62X_SDK_Paket/selected_sources/sdk/openwrt-21.02/package/uboot/realtek/generic/boot/rtl83xx_v1dot4/dal/rtl8367c/rtl8367c_asicdrv_inbwctrl.c,5427,58ca6b6afbbcd684fc95956d85f7e25f8f38136bafbb8be7074e208c67e97e5a
MR62X_SDK,MR62X_SDK_Paket/selected_sources/sdk/openwrt-21.02/package/uboot/realtek/generic/boot/rtl83xx_v1dot4/dal/rtl8367c/rtl8367c_asicdrv_inbwctrl.h,575,43637a4da415d2167c012631ce8cc9e13ba38a6455a220fb65101cb06cad90ce
MR62X_SDK,MR62X_SDK_Paket/selected_sources/sdk/openwrt-21.02/package/uboot/realtek/generic/boot/rtl83xx_v1dot4/dal/rtl8367c/rtl8367c_asicdrv_interrupt.c,6770,6dde98297832784fcaf6c3c3c41857460225e4251e595f8d73e4a38c3fd12063
MR62X_SDK,MR62X_SDK_Paket/selected_sources/sdk/openwrt-21.02/package/uboot/realtek/generic/boot/rtl83xx_v1dot4/dal/rtl8367c/rtl8367c_asicdrv_interrupt.h,1399,995bf68ce2b48ab2fc9ccc0562075200537a49f86b0a0b193abc767e93840f49
MR62X_SDK,MR62X_SDK_Paket/selected_sources/sdk/openwrt-21.02/package/uboot/realtek/generic/boot/rtl83xx_v1dot4/dal/rtl8367c/rtl8367c_asicdrv_led.c,27744,706b18eda10a17126a44589e126406e7528c100aa86b51f4b6a825db4e04600a
MR62X_SDK,MR62X_SDK_Paket/selected_sources/sdk/openwrt-21.02/package/uboot/realtek/generic/boot/rtl83xx_v1dot4/dal/rtl8367c/rtl8367c_asicdrv_led.h,3479,0fd1989f5286342f96dcf42aabb1ee127756cfbd289795437b047a60eb1cef8f
MR62X_SDK,MR62X_SDK_Paket/selected_sources/sdk/openwrt-21.02/package/uboot/realtek/generic/boot/rtl83xx_v1dot4/dal/rtl8367c/rtl8367c_asicdrv_lut.c,46302,e130d0d552504d2075588b958e78bf897a22acf6d55ef944ec278dd290ff1a95
MR62X_SDK,MR62X_SDK_Paket/selected_sources/sdk/openwrt-21.02/package/uboot/realtek/generic/boot/rtl83xx_v1dot4/dal/rtl8367c/rtl8367c_asicdrv_lut.h,5133,cbfc4901e7eb9d7148028af4122f02619a5e916a26355b24ab9db1f4a6d37044
MR62X_SDK,MR62X_SDK_Paket/selected_sources/sdk/openwrt-21.02/package/uboot/realtek/generic/boot/rtl83xx_v1dot4/dal/rtl8367c/rtl8367c_asicdrv_meter.c,9206,3e4e1096931f7f66e05f96db6cf10b761197af78d0008759ad1524e105209ba8
MR62X_SDK,MR62X_SDK_Paket/selected_sources/sdk/openwrt-21.02/package/uboot/realtek/generic/boot/rtl83xx_v1dot4/dal/rtl8367c/rtl8367c_asicdrv_meter.h,831,4d9188cc422bc4660855d06e4facc2c48851ad8f93a4c67fef661035e7cf9f78
MR62X_SDK,MR62X_SDK_Paket/selected_sources/sdk/openwrt-21.02/package/uboot/realtek/generic/boot/rtl83xx_v1dot4/dal/rtl8367c/rtl8367c_asicdrv_mib.c,17697,9c7f35a126b1bf37a7d9172b669479c2b0e31f7e6abf23811091b8adfb6442e5
MR62X_SDK,MR62X_SDK_Paket/selected_sources/sdk/openwrt-21.02/package/uboot/realtek/generic/boot/rtl83xx_v1dot4/dal/rtl8367c/rtl8367c_asicdrv_mib.h,3477,0c2390bbd9e4047f724d4d2c574a627cac4c7fcc459400402f033f3839a639ac
MR62X_SDK,MR62X_SDK_Paket/selected_sources/sdk/openwrt-21.02/package/uboot/realtek/generic/boot/rtl83xx_v1dot4/dal/rtl8367c/rtl8367c_asicdrv_mirror.c,13536,9cefab827176a9a57c2560f2f88349730bce94a711c8a40c5fc87b455465f714
MR62X_SDK,MR62X_SDK_Paket/selected_sources/sdk/openwrt-21.02/package/uboot/realtek/generic/boot/rtl83xx_v1dot4/dal/rtl8367c/rtl8367c_asicdrv_mirror.h,2005,aac2cf2a8befd4c48110d749a5801b74c0abb6d0f991d90e194a2b8b1a738af1
MR62X_SDK,MR62X_SDK_Paket/selected_sources/sdk/openwrt-21.02/package/uboot/realtek/generic/boot/rtl83xx_v1dot4/dal/rtl8367c/rtl8367c_asicdrv_misc.c,6492,4deedf1ca7f8749ad13e95848a448f6194bd39332e04edfe73c864c03d0225e4
MR62X_SDK,MR62X_SDK_Paket/selected_sources/sdk/openwrt-21.02/package/uboot/realtek/generic/boot/rtl83xx_v1dot4/dal/rtl8367c/rtl8367c_asicdrv_misc.h,813,ae3083080e940660fb09877eef99d04cf2add6643b259240571df82d1a560181
MR62X_SDK,MR62X_SDK_Paket/selected_sources/sdk/openwrt-21.02/package/uboot/realtek/generic/boot/rtl83xx_v1dot4/dal/rtl8367c/rtl8367c_asicdrv_oam.c,5500,e357b0ebcdd6227849c1eda35f56ced61f6acd6a49942dfcb0e2f7b0313b8a76
MR62X_SDK,MR62X_SDK_Paket/selected_sources/sdk/openwrt-21.02/package/uboot/realtek/generic/boot/rtl83xx_v1dot4/dal/rtl8367c/rtl8367c_asicdrv_oam.h,879,09a53fc30f80e91151e12ad6b308fa5928238ab7fed025269d074da6b7142e11
MR62X_SDK,MR62X_SDK_Paket/selected_sources/sdk/openwrt-21.02/package/uboot/realtek/generic/boot/rtl83xx_v1dot4/dal/rtl8367c/rtl8367c_asicdrv_phy.c,12355,baae94ba729d44f65311b4bb36ac62a056b072004aeb115b0cbbdd5095c28ccb
MR62X_SDK,MR62X_SDK_Paket/selected_sources/sdk/openwrt-21.02/package/uboot/realtek/generic/boot/rtl83xx_v1dot4/dal/rtl8367c/rtl8367c_asicdrv_phy.h,1179,daae12af33b378cf1f81381345ef34aa1b3546edc41ac9b7ced2bc60379791de
MR62X_SDK,MR62X_SDK_Paket/selected_sources/sdk/openwrt-21.02/package/uboot/realtek/generic/boot/rtl83xx_v1dot4/dal/rtl8367c/rtl8367c_asicdrv_port.c,221447,e365cae063b0b537ef3f1d0b594ef81c722bb622b6c7c33624c598c7847959c8
MR62X_SDK,MR62X_SDK_Paket/selected_sources/sdk/openwrt-21.02/package/uboot/realtek/generic/boot/rtl83xx_v1dot4/dal/rtl8367c/rtl8367c_asicdrv_port.h,6737,93bcf151d2127f6d6879e7356d344db34575788753b90cf50fae25001fb187a4
MR62X_SDK,MR62X_SDK_Paket/selected_sources/sdk/openwrt-21.02/package/uboot/realtek/generic/boot/rtl83xx_v1dot4/dal/rtl8367c/rtl8367c_asicdrv_portIsolation.c,3899,d49e5a14a1d9e17d8883d64fdf263f82276a6959fe521ffc859fdfd493f89a2c
MR62X_SDK,MR62X_SDK_Paket/selected_sources/sdk/openwrt-21.02/package/uboot/realtek/generic/boot/rtl83xx_v1dot4/dal/rtl8367c/rtl8367c_asicdrv_portIsolation.h,543,5a6f3855bf6cdd6aa9b6063f9f4f43b227367eeaa31344bc13946bd38de992b8
MR62X_SDK,MR62X_SDK_Paket/selected_sources/sdk/openwrt-21.02/package/uboot/realtek/generic/boot/rtl83xx_v1dot4/dal/rtl8367c/rtl8367c_asicdrv_qos.c,23185,513c285805d9ef8e185a38bf5c8a4b4b983b89e24ef7c302afb6906ec74b25b2
MR62X_SDK,MR62X_SDK_Paket/selected_sources/sdk/openwrt-21.02/package/uboot/realtek/generic/boot/rtl83xx_v1dot4/dal/rtl8367c/rtl8367c_asicdrv_qos.h,3271,3fa4aa26de6a041ba136b22c67e61b4573034f811719cf2cfd05a4d2b447228a
MR62X_SDK,MR62X_SDK_Paket/selected_sources/sdk/openwrt-21.02/package/uboot/realtek/generic/boot/rtl83xx_v1dot4/dal/rtl8367c/rtl8367c_asicdrv_rldp.c,17741,42278216faa1ba74b13fed91a22e36a86c6ce86873003e1f850705605d0a2296
MR62X_SDK,MR62X_SDK_Paket/selected_sources/sdk/openwrt-21.02/package/uboot/realtek/generic/boot/rtl83xx_v1dot4/dal/rtl8367c/rtl8367c_asicdrv_rldp.h,2289,f02d765a97ca4f9b68e3ab90c273b8699332b74b3427d9e8105c03c3ebdccad1
MR62X_SDK,MR62X_SDK_Paket/selected_sources/sdk/openwrt-21.02/package/uboot/realtek/generic/boot/rtl83xx_v1dot4/dal/rtl8367c/rtl8367c_asicdrv_rma.c,11293,445e9155682709fd2e9f686ddae9a0c3876a9494f69723278dc397484a830b52
MR62X_SDK,MR62X_SDK_Paket/selected_sources/sdk/openwrt-21.02/package/uboot/realtek/generic/boot/rtl83xx_v1dot4/dal/rtl8367c/rtl8367c_asicdrv_rma.h,1133,421e0dca76ab64fa4592dba8d43f42830acaff428e3fdf9c6f8c420b1abcc6ec
MR62X_SDK,MR62X_SDK_Paket/selected_sources/sdk/openwrt-21.02/package/uboot/realtek/generic/boot/rtl83xx_v1dot4/dal/rtl8367c/rtl8367c_asicdrv_scheduling.c,15333,b71f13ed9e9b6630b27c33ce60ed6f6e9f830095bc2f512b262a93614cee5c05
MR62X_SDK,MR62X_SDK_Paket/selected_sources/sdk/openwrt-21.02/package/uboot/realtek/generic/boot/rtl83xx_v1dot4/dal/rtl8367c/rtl8367c_asicdrv_scheduling.h,2207,b76e5dfe880fc5abd8d28ee6c3894b038931bfeeffc058623938b70edfc0c193
MR62X_SDK,MR62X_SDK_Paket/selected_sources/sdk/openwrt-21.02/package/uboot/realtek/generic/boot/rtl83xx_v1dot4/dal/rtl8367c/rtl8367c_asicdrv_storm.c,24661,279e14de68cba72e5cbe854c77ff76fc633f87cc0abccf14107986043a9ee9d0
MR62X_SDK,MR62X_SDK_Paket/selected_sources/sdk/openwrt-21.02/package/uboot/realtek/generic/boot/rtl83xx_v1dot4/dal/rtl8367c/rtl8367c_asicdrv_storm.h,3170,94ca89384ab2d55ebb824cab017e47aa9765fa78ee754fde4217e5665999bbb7
MR62X_SDK,MR62X_SDK_Paket/selected_sources/sdk/openwrt-21.02/package/uboot/realtek/generic/boot/rtl83xx_v1dot4/dal/rtl8367c/rtl8367c_asicdrv_svlan.c,29326,9f02803d2fb1f1e25f6ef8e56b73f490046c463079ace64fec71bcac1fc3c349
MR62X_SDK,MR62X_SDK_Paket/selected_sources/sdk/openwrt-21.02/package/uboot/realtek/generic/boot/rtl83xx_v1dot4/dal/rtl8367c/rtl8367c_asicdrv_svlan.h,4179,93a9c6411501e8c28e5eb400846afb367614fabe791ea841d631993ac2d63196
MR62X_SDK,MR62X_SDK_Paket/selected_sources/sdk/openwrt-21.02/package/uboot/realtek/generic/boot/rtl83xx_v1dot4/dal/rtl8367c/rtl8367c_asicdrv_trunking.c,10851,3bf1f3648bb8fa487b0145e1cfa18d53e5dce62e92b6e2e967a7be77ec9d6064
MR62X_SDK,MR62X_SDK_Paket/selected_sources/sdk/openwrt-21.02/package/uboot/realtek/generic/boot/rtl83xx_v1dot4/dal/rtl8367c/rtl8367c_asicdrv_trunking.h,1491,5f63eaf3b8329b2627a4f6a60973dbe289541a6da06a5f420f3490387e2f0469
MR62X_SDK,MR62X_SDK_Paket/selected_sources/sdk/openwrt-21.02/package/uboot/realtek/generic/boot/rtl83xx_v1dot4/dal/rtl8367c/rtl8367c_asicdrv_unknownMulticast.c,7051,c91746b0bceff1ae25154d69c25dafee112beae8b6a6d432a6c53225cc58f517
MR62X_SDK,MR62X_SDK_Paket/selected_sources/sdk/openwrt-21.02/package/uboot/realtek/generic/boot/rtl83xx_v1dot4/dal/rtl8367c/rtl8367c_asicdrv_unknownMulticast.h,1436,f0ac96a92a1597ffdfb79f856936d83dbc7e6da2ab8658b40abb9b9a81257e11
MR62X_SDK,MR62X_SDK_Paket/selected_sources/sdk/openwrt-21.02/package/uboot/realtek/generic/boot/rtl83xx_v1dot4/dal/rtl8367c/rtl8367c_asicdrv_vlan.c,47485,b275c9ad1cc33e237a0d741ac5eb99abe06dca74b6813fd1f9fba973e6154e15
MR62X_SDK,MR62X_SDK_Paket/selected_sources/sdk/openwrt-21.02/package/uboot/realtek/generic/boot/rtl83xx_v1dot4/dal/rtl8367c/rtl8367c_asicdrv_vlan.h,5486,ab883fc3184e914fb9556857bd7583fdf170a8dcab2433627ea1f0e6cab279c6
MR62X_SDK,MR62X_SDK_Paket/selected_sources/sdk/openwrt-21.02/package/uboot/realtek/generic/boot/rtl83xx_v1dot4/dal/rtl8367c/rtl8367c_base.h,39628,a3dc350511b6b8bc7128d70f5503322e68633cf870dbe2090e6d484ec5f62b9e
MR62X_SDK,MR62X_SDK_Paket/selected_sources/sdk/openwrt-21.02/package/uboot/realtek/generic/boot/rtl83xx_v1dot4/dal/rtl8367c/rtl8367c_reg.h,1066573,2f1160c72c2e6140bee61868e859080ccb68f430a8bb24ac194e8c86b56f635d
MR62X_SDK,MR62X_SDK_Paket/selected_sources/sdk/openwrt-21.02/package/uboot/realtek/generic/boot/rtl83xx_v1dot4/dal/rtl8367c/rtl8367c_smi.c,11251,4aab154b01d2f444617c5a683929f9248569b1372b2220a938feffdad29337f9
MR62X_SDK,MR62X_SDK_Paket/selected_sources/sdk/openwrt-21.02/package/uboot/realtek/generic/boot/rtl83xx_v1dot4/dal/rtl8367c/rtl8367c_smi.h,1157,31ff6da15b096923a21a3473016ddc8c8c9cecca18b0dc55f0df89336b6b66b7
MR62X_SDK,MR62X_SDK_Paket/selected_sources/sdk/openwrt-21.02/package/uboot/realtek/generic/boot/rtl83xx_v1dot4/dal/rtl8367d/dal_rtl8367d_acl.c,84461,b11129c047aa3523c43ed1b0a000d0a289518b7cbbedf622a5c4e6375a9f49f9
MR62X_SDK,MR62X_SDK_Paket/selected_sources/sdk/openwrt-21.02/package/uboot/realtek/generic/boot/rtl83xx_v1dot4/dal/rtl8367d/dal_rtl8367d_acl.h,16470,468094ad9444403b0ffb67c20a5fbd98384eeb87fb4dd61f7154a2aae4b32bca
MR62X_SDK,MR62X_SDK_Paket/selected_sources/sdk/openwrt-21.02/package/uboot/realtek/generic/boot/rtl83xx_v1dot4/dal/rtl8367d/dal_rtl8367d_cpu.c,17337,bd85ff5afc887d7c87d195403c66e658148217561b459b637f1f24c2abb2f5f1
MR62X_SDK,MR62X_SDK_Paket/selected_sources/sdk/openwrt-21.02/package/uboot/realtek/generic/boot/rtl83xx_v1dot4/dal/rtl8367d/dal_rtl8367d_cpu.h,8994,9d97b9e0acab4b9dc9e3945b27fe21fb3774940da1cd5cb8854c5d82b7a3488b
MR62X_SDK,MR62X_SDK_Paket/selected_sources/sdk/openwrt-21.02/package/uboot/realtek/generic/boot/rtl83xx_v1dot4/dal/rtl8367d/dal_rtl8367d_dot1x.c,13106,2ac6c1c36b3425e146d00e36de2113c87878757433cd952afc42d69c40edaa18
MR62X_SDK,MR62X_SDK_Paket/selected_sources/sdk/openwrt-21.02/package/uboot/realtek/generic/boot/rtl83xx_v1dot4/dal/rtl8367d/dal_rtl8367d_dot1x.h,8366,43495c4e595ba559ce7faff4f61d8f73223bc5d9c65736eb42f5048186aa4e64
MR62X_SDK,MR62X_SDK_Paket/selected_sources/sdk/openwrt-21.02/package/uboot/realtek/generic/boot/rtl83xx_v1dot4/dal/rtl8367d/dal_rtl8367d_eee.c,3490,704f769be8fbdfc7a7c6eb16ab124fa6ae7282dd2b57650749c9eb776d4b8125
MR62X_SDK,MR62X_SDK_Paket/selected_sources/sdk/openwrt-21.02/package/uboot/realtek/generic/boot/rtl83xx_v1dot4/dal/rtl8367d/dal_rtl8367d_eee.h,1985,d50775c5143e0873cb4066724807ebc9c01d4a259db02b7a64ce5b25032e249b
MR62X_SDK,MR62X_SDK_Paket/selected_sources/sdk/openwrt-21.02/package/uboot/realtek/generic/boot/rtl83xx_v1dot4/dal/rtl8367d/dal_rtl8367d_igmp.c,10175,ab20682406b909b6b4bf1d2443819e8bcb9d84c9910c4b5e4566eb46a9f92af9
MR62X_SDK,MR62X_SDK_Paket/selected_sources/sdk/openwrt-21.02/package/uboot/realtek/generic/boot/rtl83xx_v1dot4/dal/rtl8367d/dal_rtl8367d_igmp.h,3090,c8889e01278f71a2909b6ed665aafb445d7d089692187fe27209392601a13c96
MR62X_SDK,MR62X_SDK_Paket/selected_sources/sdk/openwrt-21.02/package/uboot/realtek/generic/boot/rtl83xx_v1dot4/dal/rtl8367d/dal_rtl8367d_interrupt.c,16040,ff7ce31a4d29dcfe2d783bda67a6157c00732446cf00fb29e57ee5d3048cf892
MR62X_SDK,MR62X_SDK_Paket/selected_sources/sdk/openwrt-21.02/package/uboot/realtek/generic/boot/rtl83xx_v1dot4/dal/rtl8367d/dal_rtl8367d_interrupt.h,7299,a4efd713f14941d6f4873db7373b2d639920d832a5875168adf722f58e9cde55
MR62X_SDK,MR62X_SDK_Paket/selected_sources/sdk/openwrt-21.02/package/uboot/realtek/generic/boot/rtl83xx_v1dot4/dal/rtl8367d/dal_rtl8367d_l2.c,90704,5a1f1134e068749787f71fb5452da2c346c801cc53a67a30c625744909adbf51
MR62X_SDK,MR62X_SDK_Paket/selected_sources/sdk/openwrt-21.02/package/uboot/realtek/generic/boot/rtl83xx_v1dot4/dal/rtl8367d/dal_rtl8367d_l2.h,34588,0e236906b368536f7c3e8a4cab110b62f23f92f5245f491bd14e2852bd47bd13
MR62X_SDK,MR62X_SDK_Paket/selected_sources/sdk/openwrt-21.02/package/uboot/realtek/generic/boot/rtl83xx_v1dot4/dal/rtl8367d/dal_rtl8367d_leaky.c,17837,a0522c82d27ee244d32d4fa433be056faa0d0293db694f849ec4a3b0321f5a13
MR62X_SDK,MR62X_SDK_Paket/selected_sources/sdk/openwrt-21.02/package/uboot/realtek/generic/boot/rtl83xx_v1dot4/dal/rtl8367d/dal_rtl8367d_leaky.h,9633,5e39cc8f2abd467aaaad7560005a99822ada6b8a88ceadae7294a6f2cd09f81d
MR62X_SDK,MR62X_SDK_Paket/selected_sources/sdk/openwrt-21.02/package/uboot/realtek/generic/boot/rtl83xx_v1dot4/dal/rtl8367d/dal_rtl8367d_led.c,23054,e3e7bc0bf8b16b4fa41ad87d3bffecab63934b1f578b63e638c88791be5219b1
MR62X_SDK,MR62X_SDK_Paket/selected_sources/sdk/openwrt-21.02/package/uboot/realtek/generic/boot/rtl83xx_v1dot4/dal/rtl8367d/dal_rtl8367d_led.h,11683,8423511dd892a1e2cc032c68daefc56224307c7e0edba28540cd3073e49a7b85
MR62X_SDK,MR62X_SDK_Paket/selected_sources/sdk/openwrt-21.02/package/uboot/realtek/generic/boot/rtl83xx_v1dot4/dal/rtl8367d/dal_rtl8367d_mapper.c,29523,1ac2307602ae85d046a7321745ee49178ab8e9ccab528b1749995d4421e14dd6
MR62X_SDK,MR62X_SDK_Paket/selected_sources/sdk/openwrt-21.02/package/uboot/realtek/generic/boot/rtl83xx_v1dot4/dal/rtl8367d/dal_rtl8367d_mapper.h,757,5650fc2b8ef541a0f657bec153f86838b733ecd703537fdd1bc0e4bc220e3957
MR62X_SDK,MR62X_SDK_Paket/selected_sources/sdk/openwrt-21.02/package/uboot/realtek/generic/boot/rtl83xx_v1dot4/dal/rtl8367d/dal_rtl8367d_mirror.c,17146,d74065cd0e4308741bc8c051a8409e90d48cc48653784706b8914cff5ecde149
MR62X_SDK,MR62X_SDK_Paket/selected_sources/sdk/openwrt-21.02/package/uboot/realtek/generic/boot/rtl83xx_v1dot4/dal/rtl8367d/dal_rtl8367d_mirror.h,8730,d7316d8030f6bb7fd50d075a6dededf903942d65fb327385004b4862d98ce4ed
MR62X_SDK,MR62X_SDK_Paket/selected_sources/sdk/openwrt-21.02/package/uboot/realtek/generic/boot/rtl83xx_v1dot4/dal/rtl8367d/dal_rtl8367d_port.c,127053,6c9fc015c8856f00f9323554ea61fac9a4390cc78c3d137ebd729dc2c3ac0438
MR62X_SDK,MR62X_SDK_Paket/selected_sources/sdk/openwrt-21.02/package/uboot/realtek/generic/boot/rtl83xx_v1dot4/dal/rtl8367d/dal_rtl8367d_port.h,27306,724424749050d6d62cee1767d2a4eb192a874b6017b0140cd088e8630964a145
MR62X_SDK,MR62X_SDK_Paket/selected_sources/sdk/openwrt-21.02/package/uboot/realtek/generic/boot/rtl83xx_v1dot4/dal/rtl8367d/dal_rtl8367d_qos.c,49501,a867fe066d2d57d7afea59f482f050a7996b9514a0b05e92754dd3425b7159b2
MR62X_SDK,MR62X_SDK_Paket/selected_sources/sdk/openwrt-21.02/package/uboot/realtek/generic/boot/rtl83xx_v1dot4/dal/rtl8367d/dal_rtl8367d_qos.h,23705,bc1bc8c0eb7ac124e3bac0734696b3250097ed470c5ca51d37bc1b83f60da89f
MR62X_SDK,MR62X_SDK_Paket/selected_sources/sdk/openwrt-21.02/package/uboot/realtek/generic/boot/rtl83xx_v1dot4/dal/rtl8367d/dal_rtl8367d_rate.c,22897,e63e3533173036c7bec23b041998fa75554de900230e4b0400b29d6f68bba65e
MR62X_SDK,MR62X_SDK_Paket/selected_sources/sdk/openwrt-21.02/package/uboot/realtek/generic/boot/rtl83xx_v1dot4/dal/rtl8367d/dal_rtl8367d_rate.h,10625,9048701ea7013c7044d50aa7462051dcb568cb2ed162c281b6f7965eaf155c24
MR62X_SDK,MR62X_SDK_Paket/selected_sources/sdk/openwrt-21.02/package/uboot/realtek/generic/boot/rtl83xx_v1dot4/dal/rtl8367d/dal_rtl8367d_rldp.c,12857,a4f29710efbeadcb541b10960221f7dcccc383b53169d9246c1e4b9083fd1333
MR62X_SDK,MR62X_SDK_Paket/selected_sources/sdk/openwrt-21.02/package/uboot/realtek/generic/boot/rtl83xx_v1dot4/dal/rtl8367d/dal_rtl8367d_rldp.h,4455,aabeb87940f725548044c28a2ccf945617d31faa58b06a730944b4357ff8d1d3
MR62X_SDK,MR62X_SDK_Paket/selected_sources/sdk/openwrt-21.02/package/uboot/realtek/generic/boot/rtl83xx_v1dot4/dal/rtl8367d/dal_rtl8367d_stat.c,27225,ab98f42dff74d934033159b854d256c9c304da3b9c344c436d8758e646c4a839
MR62X_SDK,MR62X_SDK_Paket/selected_sources/sdk/openwrt-21.02/package/uboot/realtek/generic/boot/rtl83xx_v1dot4/dal/rtl8367d/dal_rtl8367d_stat.h,9838,783fb6296e96351887c4fe18c269bfba192a65a29911302a0b3b9c298d59eb6f
MR62X_SDK,MR62X_SDK_Paket/selected_sources/sdk/openwrt-21.02/package/uboot/realtek/generic/boot/rtl83xx_v1dot4/dal/rtl8367d/dal_rtl8367d_storm.c,27519,f6af5fc1e734ced2f6b8bbf03691e29ef7c8275f8f9958a6439439b631e94af4
MR62X_SDK,MR62X_SDK_Paket/selected_sources/sdk/openwrt-21.02/package/uboot/realtek/generic/boot/rtl83xx_v1dot4/dal/rtl8367d/dal_rtl8367d_storm.h,10816,1b067c82ccfbd86c58fcd91b7f2c5b2df0086b6ad9fe778426b3edb58d1ad0c2
MR62X_SDK,MR62X_SDK_Paket/selected_sources/sdk/openwrt-21.02/package/uboot/realtek/generic/boot/rtl83xx_v1dot4/dal/rtl8367d/dal_rtl8367d_svlan.c,40296,a465384049c45f449da4505458039b11f3635f7ff5b17c77cc3ce3232ed41c90
MR62X_SDK,MR62X_SDK_Paket/selected_sources/sdk/openwrt-21.02/package/uboot/realtek/generic/boot/rtl83xx_v1dot4/dal/rtl8367d/dal_rtl8367d_svlan.h,18230,6b885f242365f2c59e164d9b98315f4fa4fdf41d982ea6f0ee89cd12fe67e92f
MR62X_SDK,MR62X_SDK_Paket/selected_sources/sdk/openwrt-21.02/package/uboot/realtek/generic/boot/rtl83xx_v1dot4/dal/rtl8367d/dal_rtl8367d_switch.c,6485,e5d00240b5c6190d139620e224f1a184685c0b047bacdfa41b2877d170c725b1
MR62X_SDK,MR62X_SDK_Paket/selected_sources/sdk/openwrt-21.02/package/uboot/realtek/generic/boot/rtl83xx_v1dot4/dal/rtl8367d/dal_rtl8367d_switch.h,4549,85ca33dee2c30548b4f806c02169988afc66d993c58ba018031dca69f1b6056d
MR62X_SDK,MR62X_SDK_Paket/selected_sources/sdk/openwrt-21.02/package/uboot/realtek/generic/boot/rtl83xx_v1dot4/dal/rtl8367d/dal_rtl8367d_trap.c,41103,82a0c19ab58c3e93c8e5430d05d57607f680cd1b1a43dd5871f85a1fff135c21
MR62X_SDK,MR62X_SDK_Paket/selected_sources/sdk/openwrt-21.02/package/uboot/realtek/generic/boot/rtl83xx_v1dot4/dal/rtl8367d/dal_rtl8367d_trap.h,22019,dbf84ae8c68ac4a7314e6269da169d95bbd79a02af6d1e8b76ff9050b53360a8
MR62X_SDK,MR62X_SDK_Paket/selected_sources/sdk/openwrt-21.02/package/uboot/realtek/generic/boot/rtl83xx_v1dot4/dal/rtl8367d/dal_rtl8367d_trunk.c,17389,f22a5b17ed2630d716361804639ddfa71d2ff47774c50d327e5f6e31aa7d0fc9
MR62X_SDK,MR62X_SDK_Paket/selected_sources/sdk/openwrt-21.02/package/uboot/realtek/generic/boot/rtl83xx_v1dot4/dal/rtl8367d/dal_rtl8367d_trunk.h,9738,6578674ad7ccb63839e6b8bca4497ffb9da10c9e5de55e5729b12f9958ce1f07
MR62X_SDK,MR62X_SDK_Paket/selected_sources/sdk/openwrt-21.02/package/uboot/realtek/generic/boot/rtl83xx_v1dot4/dal/rtl8367d/dal_rtl8367d_vlan.c,41922,ad803a3c9455bf8f2047013a916947b94a1e52f74d71be65e4c95260bb26298d
MR62X_SDK,MR62X_SDK_Paket/selected_sources/sdk/openwrt-21.02/package/uboot/realtek/generic/boot/rtl83xx_v1dot4/dal/rtl8367d/dal_rtl8367d_vlan.h,20047,5d09f6ec088c2a7d0cdab2876f640cd09840909846ba51033b85bd6d6a5f1b9f
MR62X_SDK,MR62X_SDK_Paket/selected_sources/sdk/openwrt-21.02/package/uboot/realtek/generic/boot/rtl83xx_v1dot4/dal/rtl8367d/rtl8367d_asicdrv.c,15373,c0b63e55c9efb16325d38971ce95dcee12a2534c03965b5221dc97d7c64d9f3a
MR62X_SDK,MR62X_SDK_Paket/selected_sources/sdk/openwrt-21.02/package/uboot/realtek/generic/boot/rtl83xx_v1dot4/dal/rtl8367d/rtl8367d_asicdrv.h,2751,64afdc588ccd023fe33c5b699de84726a1ee085fd5437133363348d4fa1fe658
MR62X_SDK,MR62X_SDK_Paket/selected_sources/sdk/openwrt-21.02/package/uboot/realtek/generic/boot/rtl83xx_v1dot4/dal/rtl8367d/rtl8367d_reg.h,563635,2d1cbb61dfb8f771a536fabb24dac67cf874f0491ebb2e7d4dcd50fd16bdbfd2
MR62X_SDK,MR62X_SDK_Paket/selected_sources/sdk/openwrt-21.02/package/uboot/realtek/generic/boot/rtl83xx_v1dot4/dal/rtl8367d/rtl8367d_smi.c,12455,b1ed32d0f506c3d1ac7bf586771d61ef7482a45aa9456b3bef8fca9fc2c3723c
MR62X_SDK,MR62X_SDK_Paket/selected_sources/sdk/openwrt-21.02/package/uboot/realtek/generic/boot/rtl83xx_v1dot4/dal/rtl8367d/rtl8367d_smi.h,272,d2ed471fd2a280edbb6fc47393d601febda8b58f21f53ad64ac6736f321437fb
MR62X_SDK,MR62X_SDK_Paket/selected_sources/sdk/openwrt-21.02/package/uboot/realtek/generic/boot/rtl83xx_v1dot4/dot1x.c,20348,8bd32033354e25bc62839599ae3d92d0b5f8229dee6fd396ab6d78f73a502374
MR62X_SDK,MR62X_SDK_Paket/selected_sources/sdk/openwrt-21.02/package/uboot/realtek/generic/boot/rtl83xx_v1dot4/dot1x.h,15610,94091e6328c5b5fef5d505bb2311a4edda3c8606a33c0cac9a7d0d299bc1c392
MR62X_SDK,MR62X_SDK_Paket/selected_sources/sdk/openwrt-21.02/package/uboot/realtek/generic/boot/rtl83xx_v1dot4/eee.c,3026,d44f0b846c4c98972e34bfd2a178dbb068c9e0b99544b7c7e9994a73bf6d89c1
MR62X_SDK,MR62X_SDK_Paket/selected_sources/sdk/openwrt-21.02/package/uboot/realtek/generic/boot/rtl83xx_v1dot4/eee.h,2316,f20700929ef8d0d6e124e5cbfff396f14b02bfb926ec65e295d44d36e8568418
MR62X_SDK,MR62X_SDK_Paket/selected_sources/sdk/openwrt-21.02/package/uboot/realtek/generic/boot/rtl83xx_v1dot4/gpio.c,12083,52dfe4acbc0e8c42b2f4055a0d1ddcac8b73b622f19a09a0a4ee70e8d9a92629
MR62X_SDK,MR62X_SDK_Paket/selected_sources/sdk/openwrt-21.02/package/uboot/realtek/generic/boot/rtl83xx_v1dot4/gpio_819x.h,2125,cdacf10b0189fc8598c2271e5b5bd2b6f41f3516cb501f2c7ecc147fda440583
MR62X_SDK,MR62X_SDK_Paket/selected_sources/sdk/openwrt-21.02/package/uboot/realtek/generic/boot/rtl83xx_v1dot4/i2c.c,5801,701e75bf1c94e4536c6b024025daec7fe9eb1998e7c1fc3d93b04e9fd33c9da4
MR62X_SDK,MR62X_SDK_Paket/selected_sources/sdk/openwrt-21.02/package/uboot/realtek/generic/boot/rtl83xx_v1dot4/i2c.h,4354,5a39aeea9f820c8a64b6ce20bef01bcde83431e350153466ae516d02a6db466e
MR62X_SDK,MR62X_SDK_Paket/selected_sources/sdk/openwrt-21.02/package/uboot/realtek/generic/boot/rtl83xx_v1dot4/igmp.c,28086,7b9f9f16ff8207e5ddc6db019ce69d7d17e7a090a31d41c738bf237f6c6531bf
MR62X_SDK,MR62X_SDK_Paket/selected_sources/sdk/openwrt-21.02/package/uboot/realtek/generic/boot/rtl83xx_v1dot4/igmp.h,21422,df7d4da7f38527cc9174691b9a1347369b631c08007b7a93e121e89f73bd9956
MR62X_SDK,MR62X_SDK_Paket/selected_sources/sdk/openwrt-21.02/package/uboot/realtek/generic/boot/rtl83xx_v1dot4/interrupt.c,8255,dea077d785f52e258980911aed2a3c713d2d9b457473b165bd319db1f8734888
MR62X_SDK,MR62X_SDK_Paket/selected_sources/sdk/openwrt-21.02/package/uboot/realtek/generic/boot/rtl83xx_v1dot4/interrupt.h,7773,e0e1eb01dcab831bbcfb88659b5b2eaff516b7530d888921a8e412c6912c29cc
MR62X_SDK,MR62X_SDK_Paket/selected_sources/sdk/openwrt-21.02/package/uboot/realtek/generic/boot/rtl83xx_v1dot4/l2.c,48451,4e15d41e69052a0974a2502cf170424dfd1195d0ef639392c369e9b7aaad2b36
MR62X_SDK,MR62X_SDK_Paket/selected_sources/sdk/openwrt-21.02/package/uboot/realtek/generic/boot/rtl83xx_v1dot4/l2.h,40033,7b84c369f8fc5f5a25ab975f768415819d8a024a00984640d66baf03ac8f54d3
MR62X_SDK,MR62X_SDK_Paket/selected_sources/sdk/openwrt-21.02/package/uboot/realtek/generic/boot/rtl83xx_v1dot4/leaky.c,10534,06614b4f657c45a942cf056ab71dafe1e08975e6e639e4dbb0b460f404f56c68
MR62X_SDK,MR62X_SDK_Paket/selected_sources/sdk/openwrt-21.02/package/uboot/realtek/generic/boot/rtl83xx_v1dot4/leaky.h,10833,488f797c429990f98fe48507a8a67b56a5ade43832461d0a54c20da2d292545e
MR62X_SDK,MR62X_SDK_Paket/selected_sources/sdk/openwrt-21.02/package/uboot/realtek/generic/boot/rtl83xx_v1dot4/led.c,17278,c915e0a63b058cc564748f06d8f7bf31e35768b6e71110ee66de12c9cee70210
MR62X_SDK,MR62X_SDK_Paket/selected_sources/sdk/openwrt-21.02/package/uboot/realtek/generic/boot/rtl83xx_v1dot4/led.h,13841,7aac4cf24c2088ebdb30b67f701046458f63454276779915e7a3d59a219b258a
MR62X_SDK,MR62X_SDK_Paket/selected_sources/sdk/openwrt-21.02/package/uboot/realtek/generic/boot/rtl83xx_v1dot4/mirror.c,11477,78365a5f4c7c0f20a9d7cc58609d838c635714c4f58ea646500294495e6b2458
MR62X_SDK,MR62X_SDK_Paket/selected_sources/sdk/openwrt-21.02/package/uboot/realtek/generic/boot/rtl83xx_v1dot4/mirror.h,8607,2337e43b3cf1ed04447f052f84304411d937d278fcf847858b223a1b08128ba6
MR62X_SDK,MR62X_SDK_Paket/selected_sources/sdk/openwrt-21.02/package/uboot/realtek/generic/boot/rtl83xx_v1dot4/oam.c,5214,2550791f4c38bf4a3fadf8cf23d49709fda1599a9fb346de1c2b111db69135fd
MR62X_SDK,MR62X_SDK_Paket/selected_sources/sdk/openwrt-21.02/package/uboot/realtek/generic/boot/rtl83xx_v1dot4/oam.h,4097,9d5b33c0500d4c9d1776fdc3311cbe3a34fcc6e8e9a513cea93b525230898b9b
MR62X_SDK,MR62X_SDK_Paket/selected_sources/sdk/openwrt-21.02/package/uboot/realtek/generic/boot/rtl83xx_v1dot4/port.c,44500,3a24127f9664dd8c46ad5c741e8a123d3a70178488341f485c5ab579022d2eae
MR62X_SDK,MR62X_SDK_Paket/selected_sources/sdk/openwrt-21.02/package/uboot/realtek/generic/boot/rtl83xx_v1dot4/port.h,37236,66fdaa30a87b54127292a727d24e856cb88fa0f3e6b20fef283c462c5566a7d7
MR62X_SDK,MR62X_SDK_Paket/selected_sources/sdk/openwrt-21.02/package/uboot/realtek/generic/boot/rtl83xx_v1dot4/ptp.c,17741,1b93cd3716322b843c820f948b8a9b5713566d785769be9ad9cad1b806b45490
MR62X_SDK,MR62X_SDK_Paket/selected_sources/sdk/openwrt-21.02/package/uboot/realtek/generic/boot/rtl83xx_v1dot4/ptp.h,14708,47bd4592735988e64bed20988b21e93c489d45366f81d5bcede400dfc3979fd0
MR62X_SDK,MR62X_SDK_Paket/selected_sources/sdk/openwrt-21.02/package/uboot/realtek/generic/boot/rtl83xx_v1dot4/qos.c,31797,b40d4293fb5fff9be6cf7aaddf4d70e76ff42f5a1591d0587ef8e2651a4b3082
MR62X_SDK,MR62X_SDK_Paket/selected_sources/sdk/openwrt-21.02/package/uboot/realtek/generic/boot/rtl83xx_v1dot4/qos.h,27100,f71f121ef0c77eb543d247f843fa2efaa3b7abb24069be8cf3e8511b16aa0d0e
MR62X_SDK,MR62X_SDK_Paket/selected_sources/sdk/openwrt-21.02/package/uboot/realtek/generic/boot/rtl83xx_v1dot4/rate.c,13461,5e83f39f10ace28815469403261225f86f00f06022cd0e04d99c0043e1d4a131
MR62X_SDK,MR62X_SDK_Paket/selected_sources/sdk/openwrt-21.02/package/uboot/realtek/generic/boot/rtl83xx_v1dot4/rate.h,10510,30af9c3de4a4fb9a89aafa92aaaf98750544ff63e3cba89992f7c2d70700810e
MR62X_SDK,MR62X_SDK_Paket/selected_sources/sdk/openwrt-21.02/package/uboot/realtek/generic/boot/rtl83xx_v1dot4/rldp.c,6196,5686b7af77c9a6e626b430d7954cdc6c950362663a7ed7f32731351beb35527d
MR62X_SDK,MR62X_SDK_Paket/selected_sources/sdk/openwrt-21.02/package/uboot/realtek/generic/boot/rtl83xx_v1dot4/rldp.h,6005,fc5658adcf2944c53453fd8066174d788cb694231ae2fdc2c4d301b0a4aa3df3
MR62X_SDK,MR62X_SDK_Paket/selected_sources/sdk/openwrt-21.02/package/uboot/realtek/generic/boot/rtl83xx_v1dot4/rtk_api.c,5156,0c1c8109ecb4a825d03b772718d737d264973475ca2c39cf578d65d418bc20c0
MR62X_SDK,MR62X_SDK_Paket/selected_sources/sdk/openwrt-21.02/package/uboot/realtek/generic/boot/rtl83xx_v1dot4/rtk_error.h,22967,39071a7e36f9075a465ea7aad98756289175dadba4a074e8b3ad00369ce13ba6
MR62X_SDK,MR62X_SDK_Paket/selected_sources/sdk/openwrt-21.02/package/uboot/realtek/generic/boot/rtl83xx_v1dot4/rtk_switch.c,22959,84f8c156b5b7f0b2101b68c4cb7ed892e072e3e7fa5705bc9e6466669074255b
MR62X_SDK,MR62X_SDK_Paket/selected_sources/sdk/openwrt-21.02/package/uboot/realtek/generic/boot/rtl83xx_v1dot4/rtk_switch.h,21280,62680a4f78bc5b157297b2ba4fcd81a1f48c0c4d686de9b79ca8298221874ce3
MR62X_SDK,MR62X_SDK_Paket/selected_sources/sdk/openwrt-21.02/package/uboot/realtek/generic/boot/rtl83xx_v1dot4/rtk_types.h,3214,a945204503c6f9c608f759766f6fdfcfedf0ebc65c48dadf891d8e2fac02be01
MR62X_SDK,MR62X_SDK_Paket/selected_sources/sdk/openwrt-21.02/package/uboot/realtek/generic/boot/rtl83xx_v1dot4/smi.c,13248,d5a5902a194ae7531f6e2b0fbfda6de26813bb2137a27a5acca967f6db4be101
MR62X_SDK,MR62X_SDK_Paket/selected_sources/sdk/openwrt-21.02/package/uboot/realtek/generic/boot/rtl83xx_v1dot4/smi.h,649,3396e29487768be1b8437fee7c19b0788a345b4156dd8dbc3a6cf648073c907c
MR62X_SDK,MR62X_SDK_Paket/selected_sources/sdk/openwrt-21.02/package/uboot/realtek/generic/boot/rtl83xx_v1dot4/stat.c,10698,86d82bca4fd79a476ce81943d33374ce3a78d830297e1da72b04d4b36ee2e760
MR62X_SDK,MR62X_SDK_Paket/selected_sources/sdk/openwrt-21.02/package/uboot/realtek/generic/boot/rtl83xx_v1dot4/stat.h,12698,32c9668d8cfe9c13aab098294e2e22a3b92237f607421111b7a42ea2b42ba35d
MR62X_SDK,MR62X_SDK_Paket/selected_sources/sdk/openwrt-21.02/package/uboot/realtek/generic/boot/rtl83xx_v1dot4/storm.c,13839,2c3c8066ff33c677ec0efbe55ae9999b278ad473bd77f12e85ff3adbc6886964
MR62X_SDK,MR62X_SDK_Paket/selected_sources/sdk/openwrt-21.02/package/uboot/realtek/generic/boot/rtl83xx_v1dot4/storm.h,12128,6f959f0ab0ca91fce315cd12cd3737b73465387b635a29cc78980f84c2427578
MR62X_SDK,MR62X_SDK_Paket/selected_sources/sdk/openwrt-21.02/package/uboot/realtek/generic/boot/rtl83xx_v1dot4/svlan.c,38284,1bbd74b58d6e01779aaebaf0a400d55effe1c355c170d364c2ce5b3b9b693953
MR62X_SDK,MR62X_SDK_Paket/selected_sources/sdk/openwrt-21.02/package/uboot/realtek/generic/boot/rtl83xx_v1dot4/svlan.h,30153,e3add05edb1d5a41b510537cee0a271251f9e8bd03b110abb3be51ff43c4c198
MR62X_SDK,MR62X_SDK_Paket/selected_sources/sdk/openwrt-21.02/package/uboot/realtek/generic/boot/rtl83xx_v1dot4/trap.c,30097,4afcdc499dc7ed2475a0f3551d509db852c8324c15053265d618297fb1f7e539
MR62X_SDK,MR62X_SDK_Paket/selected_sources/sdk/openwrt-21.02/package/uboot/realtek/generic/boot/rtl83xx_v1dot4/trap.h,26869,6dd4be88230a0c78cb6481c7171c85cacff729b3af15ecaf91fa616c15131c6e
MR62X_SDK,MR62X_SDK_Paket/selected_sources/sdk/openwrt-21.02/package/uboot/realtek/generic/boot/rtl83xx_v1dot4/trunk.c,12749,0111d9daa2a08e0e73380ad73e3709003acc1a0899e4c97a31b0972b209f3c57
MR62X_SDK,MR62X_SDK_Paket/selected_sources/sdk/openwrt-21.02/package/uboot/realtek/generic/boot/rtl83xx_v1dot4/trunk.h,10402,a674d603617770f0fc6d521abeae0129932b160599b1fff69555aabea9b9045c
MR62X_SDK,MR62X_SDK_Paket/selected_sources/sdk/openwrt-21.02/package/uboot/realtek/generic/boot/rtl83xx_v1dot4/vlan.c,34159,ec1935c2ce3e70f2dca30ffaf435d939e9a8758b829a0d6075fc88c6d4dad78c
MR62X_SDK,MR62X_SDK_Paket/selected_sources/sdk/openwrt-21.02/package/uboot/realtek/generic/boot/rtl83xx_v1dot4/vlan.h,27736,d128001b7e4683e9179ebee27b2d4fb10dac0258ab21bf19ac94703abf7a1492
MR62X_SDK,MR62X_SDK_Paket/selected_sources/sdk/openwrt-21.02/package/uboot/realtek/generic/boot/rtl_nfbi/rtl_nfbi.c,13243,b0a4c8b2abe2593c8312b2f2ff496a5aebc00620875977f84f8149b799b54b3b
MR62X_SDK,MR62X_SDK_Paket/selected_sources/sdk/openwrt-21.02/package/uboot/realtek/generic/boot/rtl_nfbi/rtl_nfbi.h,11071,ab02f21c9062d77da5399216fe2753bd82333cd0ec91f076fe2a4a51b913ff04
MR62X_SDK,MR62X_SDK_Paket/selected_sources/sdk/openwrt-21.02/package/uboot/realtek/generic/boot/sdcard/arch/include/sd_error_type.h,5015,a815fdd601d9a719a1e93a417ff18ba4de6ba8efbaf04b67d1396826454040b8
MR62X_SDK,MR62X_SDK_Paket/selected_sources/sdk/openwrt-21.02/package/uboot/realtek/generic/boot/sdcard/arch/include/sdcard_reg.h,9549,9c2a7540da6ee12a49dee927f3650d70af899066d3fd8db9aad7a22cc875172a
MR62X_SDK,MR62X_SDK_Paket/selected_sources/sdk/openwrt-21.02/package/uboot/realtek/generic/boot/sdcard/config.mk,440,8845e0f579db87e57897fbf38d86422bfaf47ea35f5ba393c062bc3db706ea5a
MR62X_SDK,MR62X_SDK_Paket/selected_sources/sdk/openwrt-21.02/package/uboot/realtek/generic/boot/sdcard/include/linux/mmc/mmc.h,15489,7f85fbcb6609bd649307d9211b34e9a327315a8266396d605f5dafc130893202
MR62X_SDK,MR62X_SDK_Paket/selected_sources/sdk/openwrt-21.02/package/uboot/realtek/generic/boot/sdcard/include/linux/mmc/sd.h,2736,1b302652fffebd16cef077aaa6b0a85bb5a00a1b235e32995a62f528fa93c765
MR62X_SDK,MR62X_SDK_Paket/selected_sources/sdk/openwrt-21.02/package/uboot/realtek/generic/boot/sdcard/sdcard.c,49757,ff7bef8b997d287f46c68567fee8d4e387ca9e5a9a396908ac4bf5f66f976951
MR62X_SDK,MR62X_SDK_Paket/selected_sources/sdk/openwrt-21.02/package/uboot/realtek/generic/boot/sdcard/sdcard.h,8227,87f1868ebd8e9f8460063fcc11ff8edcef3cd70a139931a64451309fd5552cd6
MR62X_SDK,MR62X_SDK_Paket/selected_sources/sdk/openwrt-21.02/package/uboot/realtek/generic/boot/signature.h,179,3976119de6c3f38939855b01b97ff1ee4ac2202f49f80c532063193fe5bb5252
MR62X_SDK,MR62X_SDK_Paket/selected_sources/sdk/openwrt-21.02/package/uboot/realtek/generic/boot/temp.c,22,ec00387b3e3ba92002e8fc2b09aaa40879aa5b495717045709afa32f6dcc6fe2
MR62X_SDK,MR62X_SDK_Paket/selected_sources/sdk/openwrt-21.02/package/uboot/realtek/generic/boot/timer/timer.c,5293,23d3f6f3c194c79066e22904ff6b355694f671d29ba2879d14393a589f13d4c5
MR62X_SDK,MR62X_SDK_Paket/selected_sources/sdk/openwrt-21.02/package/uboot/realtek/generic/bsp/bspchip.h,17367,b8bcddde465749947b0039dd306ed5869c8acff6188d8dc4a1604dccf4e4d8f5
MR62X_SDK,MR62X_SDK_Paket/selected_sources/sdk/openwrt-21.02/package/uboot/realtek/generic/btcode/LzmaDecode.c,16489,a1f37746a9927eb5e3747b861743230e0a5599a7c9e9023242b7ba336ef81ff5
MR62X_SDK,MR62X_SDK_Paket/selected_sources/sdk/openwrt-21.02/package/uboot/realtek/generic/btcode/LzmaDecode.h,3165,bf571127f706fe6003cccf5bf5f061e203f96bfb7b81794460878903ad1e84e6
MR62X_SDK,MR62X_SDK_Paket/selected_sources/sdk/openwrt-21.02/package/uboot/realtek/generic/btcode/Makefile,11536,700d9df1ad3bab568e49d91b0cad58fb052c449ecdbfa59e41aa3cb293a05a07
MR62X_SDK,MR62X_SDK_Paket/selected_sources/sdk/openwrt-21.02/package/uboot/realtek/generic/btcode/bootload.c,9365,9de047579d5a80f9fd45545e2f3da9edb69a6230cd6198a05e93910b48362b27
MR62X_SDK,MR62X_SDK_Paket/selected_sources/sdk/openwrt-21.02/package/uboot/realtek/generic/btcode/cache_c.c,7660,5444ca47965d8468a4cd92fc52f02c5fef40720549563dbd98ef461614a7e2d2
MR62X_SDK,MR62X_SDK_Paket/selected_sources/sdk/openwrt-21.02/package/uboot/realtek/generic/btcode/cache_cpu.S,12896,b76588b2ca4ea59839a679edccb4c2965c55c37254c65514155aadb00c11080c
MR62X_SDK,MR62X_SDK_Paket/selected_sources/sdk/openwrt-21.02/package/uboot/realtek/generic/btcode/cvimg,41613,a1c47eb8b0b8be102cfb1768401416af87b12ba5fcc04a2bb4f53902bfd3ce2e
MR62X_SDK,MR62X_SDK_Paket/selected_sources/sdk/openwrt-21.02/package/uboot/realtek/generic/btcode/cvimg.c,5672,70c98e5ee65626397673fb0d542834d1adb1752d00a521b2c80e89dcda469642
MR62X_SDK,MR62X_SDK_Paket/selected_sources/sdk/openwrt-21.02/package/uboot/realtek/generic/btcode/ddr/config.mk,386,b2b2182149cb1a7cfe680eef8c19b039bbc6f9bcf19eb6f54d236b4c49181b11
MR62X_SDK,MR62X_SDK_Paket/selected_sources/sdk/openwrt-21.02/package/uboot/realtek/generic/btcode/ddr/dram_deliver/dram_device_info.h,4049,31169c2f645644b0b9faed8dc81b9daeca52b964c1ca39033c33946068d45218
MR62X_SDK,MR62X_SDK_Paket/selected_sources/sdk/openwrt-21.02/package/uboot/realtek/generic/btcode/ddr/dram_deliver/dram_param_custom.h,964,68dd23bffea2fec0a4169bb3a6adf21b9f912e1c15ee59ce7303eea170ccf22d
MR62X_SDK,MR62X_SDK_Paket/selected_sources/sdk/openwrt-21.02/package/uboot/realtek/generic/btcode/ddr/dram_deliver/dram_param_defs.h,40304,1d697ed1c96cf25ac033ece0e489889355326d0e80e48df2858bb7a3017ebbfa
MR62X_SDK,MR62X_SDK_Paket/selected_sources/sdk/openwrt-21.02/package/uboot/realtek/generic/btcode/ddr/dram_deliver/ms_rxi310_defs.h,33434,1fb72216644484bf0503b8f82917168c167c94851819690f4df9150a5a44cb7a
MR62X_SDK,MR62X_SDK_Paket/selected_sources/sdk/openwrt-21.02/package/uboot/realtek/generic/btcode/ddr/dram_init.c,191627,791b36a9bef7423891a3680acd924227318338da3a5ce9fde315a3b22843c50f
MR62X_SDK,MR62X_SDK_Paket/selected_sources/sdk/openwrt-21.02/package/uboot/realtek/generic/btcode/ddr/dramtest.c,29693,a340942195b9044027a9043bf0ce9046f733d51be5c6e48f2fdf48b38b778756
MR62X_SDK,MR62X_SDK_Paket/selected_sources/sdk/openwrt-21.02/package/uboot/realtek/generic/btcode/ddr/efuse.c,18250,f39498feea8daf5ac698cdba0f36388afcef85ed85d00703a2dc818d883a410e
MR62X_SDK,MR62X_SDK_Paket/selected_sources/sdk/openwrt-21.02/package/uboot/realtek/generic/btcode/ddr/efuse.h,11675,cdc3be03a24d0830bbeb20d35da51aac147759fd28792a43a46a07d69c0ceae9
MR62X_SDK,MR62X_SDK_Paket/selected_sources/sdk/openwrt-21.02/package/uboot/realtek/generic/btcode/ddr/efuse_data.c,941,125ca0c249e686bc5e32cade00c79bc2300c78e908f46793371dae39ae450e20
MR62X_SDK,MR62X_SDK_Paket/selected_sources/sdk/openwrt-21.02/package/uboot/realtek/generic/btcode/efuse.h,7682,ebfc3aa477e21131b497028bce1ead281934e92e896b309de47442ef759875ef
MR62X_SDK,MR62X_SDK_Paket/selected_sources/sdk/openwrt-21.02/package/uboot/realtek/generic/btcode/gunzip.c,15904,00c7c24a4fe5850e8ee2959c21cdf502d35bdd87f16c65f8fc0fa18676177c27
MR62X_SDK,MR62X_SDK_Paket/selected_sources/sdk/openwrt-21.02/package/uboot/realtek/generic/btcode/gunzip.h,2765,ebbfaf1f225b43a9d6ef184f87daf19b5f623c3cc3ac98bd800551dbbc0b9939
MR62X_SDK,MR62X_SDK_Paket/selected_sources/sdk/openwrt-21.02/package/uboot/realtek/generic/btcode/iram_parallel_nand.c,9244,ff96220a4f243ac4d20cc1af260e49afd1c94f19c28837f30ee071ff0ac20871
MR62X_SDK,MR62X_SDK_Paket/selected_sources/sdk/openwrt-21.02/package/uboot/realtek/generic/btcode/iram_spi_nand.c,19819,1ad7d30e13391110f902fd62b3b4b96c3b84f2c891de98d1810a1362ffa9ec7d
MR62X_SDK,MR62X_SDK_Paket/selected_sources/sdk/openwrt-21.02/package/uboot/realtek/generic/btcode/ld-nfbi.script,689,1f6c8b361ce2b50e32dc9aa4a1fff3cf839f7e2d464e18f25cb45ff5b704f2a7
MR62X_SDK,MR62X_SDK_Paket/selected_sources/sdk/openwrt-21.02/package/uboot/realtek/generic/btcode/ld.script,838,1eac7d0ebca32db022cd90a50394dd4b4486acfbb7b96582198d0d41f0717fd6
MR62X_SDK,MR62X_SDK_Paket/selected_sources/sdk/openwrt-21.02/package/uboot/realtek/generic/btcode/ld.script_nand,838,98fb46e32a7b7b557433229141bb4f06d411bd3ca74bebe9cffac0d0634d4379
MR62X_SDK,MR62X_SDK_Paket/selected_sources/sdk/openwrt-21.02/package/uboot/realtek/generic/btcode/ld.script_nand_iram,764,ccdb132aaad74fa028d048f2b9cee86b23342538c97b7381db2b6c1ea9c661ea
MR62X_SDK,MR62X_SDK_Paket/selected_sources/sdk/openwrt-21.02/package/uboot/realtek/generic/btcode/ld.script_rom,838,e15a6d58bc123411e89cc0f18bdd5f079bfb7d3e9a717659ca3514cfcb1b8fa6
MR62X_SDK,MR62X_SDK_Paket/selected_sources/sdk/openwrt-21.02/package/uboot/realtek/generic/btcode/ld_decrease_bootsize.script,836,6e44bfbe2a0107ee180475a62701ae25eb35b1725ef55814e3ca7e5150d4d5fd
MR62X_SDK,MR62X_SDK_Paket/selected_sources/sdk/openwrt-21.02/package/uboot/realtek/generic/btcode/ld_ram.script,307,f4cfd0a4e71ba71ffb253f9f7d091a7834de141632db5592eafe57e6518a683a
MR62X_SDK,MR62X_SDK_Paket/selected_sources/sdk/openwrt-21.02/package/uboot/realtek/generic/btcode/lzma,215,23453cacc856c9f70d910fe62b2daa43f6384535a2be94b933174777e7a59aed
MR62X_SDK,MR62X_SDK_Paket/selected_sources/sdk/openwrt-21.02/package/uboot/realtek/generic/btcode/lzma-24,176616,73b3b59d21ad0bef374de9956b42d60a581dd0724cb70f06b3ce62a1d4a3cf22
MR62X_SDK,MR62X_SDK_Paket/selected_sources/sdk/openwrt-21.02/package/uboot/realtek/generic/btcode/lzma-26,215973,52e292a9bf15dad0ecdf2fe5b24dd1e7bbfe4c1d193ca024da52cb228eae8435
MR62X_SDK,MR62X_SDK_Paket/selected_sources/sdk/openwrt-21.02/package/uboot/realtek/generic/btcode/mips.h,17777,490d5c20cf0b7b0e260320041980d37b2c7ad8927ae4749871bc3890f56ad59a
MR62X_SDK,MR62X_SDK_Paket/selected_sources/sdk/openwrt-21.02/package/uboot/realtek/generic/btcode/nfjrom.script,689,80514a89fe0d4922c1177cf7d06b3ed5ed298c3ad39d6117371e9d9c506b56e2
MR62X_SDK,MR62X_SDK_Paket/selected_sources/sdk/openwrt-21.02/package/uboot/realtek/generic/btcode/padding,8968,b92a60e26f123d7b0800ea1472d8b98f5d0f5c032eebd2fec01184b6e3c199a5
MR62X_SDK,MR62X_SDK_Paket/selected_sources/sdk/openwrt-21.02/package/uboot/realtek/generic/btcode/padding.c,1163,28b1981cff503142dbd949f90f300b3e05d2501aaac0ab3606133a6e84aa0f33
MR62X_SDK,MR62X_SDK_Paket/selected_sources/sdk/openwrt-21.02/package/uboot/realtek/generic/btcode/piggy.S,754,13a126a25f63e5668ce665a16577d3bd24bf0587ddd668000c41578b92267a11
MR62X_SDK,MR62X_SDK_Paket/selected_sources/sdk/openwrt-21.02/package/uboot/realtek/generic/btcode/piggy.script,689,343084970d467e7f1663e319a70afccf04ed8efbfa484da34d901c9ebea05b01
MR62X_SDK,MR62X_SDK_Paket/selected_sources/sdk/openwrt-21.02/package/uboot/realtek/generic/btcode/piggy.script_nand,689,949e1b22c8f4a035d396345824dc64f69e9a7bec91dcde1672df7f55f002e974
MR62X_SDK,MR62X_SDK_Paket/selected_sources/sdk/openwrt-21.02/package/uboot/realtek/generic/btcode/ram_func,640,2c5740010df5ce1b5b66771eaffc35b0410d1853c5769d22ef8cffa8f83fad38
MR62X_SDK,MR62X_SDK_Paket/selected_sources/sdk/openwrt-21.02/package/uboot/realtek/generic/btcode/regdef.h,124493,74157d7a8dd7575f694e58ff9c2ccb83a4e0c8f79394008711fc4a70fa29af91
MR62X_SDK,MR62X_SDK_Paket/selected_sources/sdk/openwrt-21.02/package/uboot/realtek/generic/btcode/rlxboard.h,8243,f699d466f5fdd3f532965f944130c138fa6b0b24ddc5843d0c68ac2e39c5d8fa
MR62X_SDK,MR62X_SDK_Paket/selected_sources/sdk/openwrt-21.02/package/uboot/realtek/generic/btcode/rom_def.h,8238,a33fcb360c1656d0159e899e22e87c6834676df220d603e74ed51255dda39a93
MR62X_SDK,MR62X_SDK_Paket/selected_sources/sdk/openwrt-21.02/package/uboot/realtek/generic/btcode/sd_boot_tool/cvimg,9067,3da8a120ba1b169e85b968e9e808551c433ed6a500b1f5324a913105ce645d8d
MR62X_SDK,MR62X_SDK_Paket/selected_sources/sdk/openwrt-21.02/package/uboot/realtek/generic/btcode/sd_boot_tool/cvimg.c,5236,de986c25e18a6d178f977434026f4109f79f8c93b52257dbc810d87d02645127
MR62X_SDK,MR62X_SDK_Paket/selected_sources/sdk/openwrt-21.02/package/uboot/realtek/generic/btcode/start.S,5290,d42a9ce88c3f5772ab748585aeae31d1b9dc8218f95fafbf5b106376110f2c0a
MR62X_SDK,MR62X_SDK_Paket/selected_sources/sdk/openwrt-21.02/package/uboot/realtek/generic/btcode/start.h,5899,3bfefb9a3c484242f0b7b164f74d0d79a88116e0ef47e1c6430f2605e34f5dcb
MR62X_SDK,MR62X_SDK_Paket/selected_sources/sdk/openwrt-21.02/package/uboot/realtek/generic/btcode/start_c.c,20298,7c0072bf360a4e525156c11c780b9adc9f1526ad57212c669945b0df5265baf6
MR62X_SDK,MR62X_SDK_Paket/selected_sources/sdk/openwrt-21.02/package/uboot/realtek/generic/btcode/start_nand.S,1787,951f7e2fb37ccb2070f2269f1aacc50a4ccf25468f5800cd9b4a466e76c9b74a
MR62X_SDK,MR62X_SDK_Paket/selected_sources/sdk/openwrt-21.02/package/uboot/realtek/generic/btcode/sys_reg.h,8753,79ef6936c6bcc4487c1ac52848dbfb082c58826169c0d5e032ea7e07427822ff
MR62X_SDK,MR62X_SDK_Paket/selected_sources/sdk/openwrt-21.02/package/uboot/realtek/generic/btcode/sysdefs.h,17640,b242eb2ec96279d30d49fe2add28bbd96d96d452b742b9d4707e84f61d3d4f1d
MR62X_SDK,MR62X_SDK_Paket/selected_sources/sdk/openwrt-21.02/package/uboot/realtek/generic/btcode/szcheck.sh,178,8037e25b5cb869a067a4a409ba6af4965782dd9c596b183d72df2d425f0d1b24
MR62X_SDK,MR62X_SDK_Paket/selected_sources/sdk/openwrt-21.02/package/uboot/realtek/generic/btcode_vg/LzmaDecode.c,15900,9ac04af00cf1dcc6e5b00b461300f0d106d510363e0648797e00d1cfbe2a5c32
MR62X_SDK,MR62X_SDK_Paket/selected_sources/sdk/openwrt-21.02/package/uboot/realtek/generic/btcode_vg/LzmaDecode.h,3034,1bc8f1e20f68a3ea253041b5bee7c5d06d7d283afc1b8eff8cd793e450d7e76b
MR62X_SDK,MR62X_SDK_Paket/selected_sources/sdk/openwrt-21.02/package/uboot/realtek/generic/btcode_vg/Makefile,11587,437cc55b30ce44a07374728460d70a09161c50e801984847a92af7a458a74f5f
MR62X_SDK,MR62X_SDK_Paket/selected_sources/sdk/openwrt-21.02/package/uboot/realtek/generic/btcode_vg/bootload.c,9365,9de047579d5a80f9fd45545e2f3da9edb69a6230cd6198a05e93910b48362b27
MR62X_SDK,MR62X_SDK_Paket/selected_sources/sdk/openwrt-21.02/package/uboot/realtek/generic/btcode_vg/cache_c.c,7660,5444ca47965d8468a4cd92fc52f02c5fef40720549563dbd98ef461614a7e2d2
MR62X_SDK,MR62X_SDK_Paket/selected_sources/sdk/openwrt-21.02/package/uboot/realtek/generic/btcode_vg/cache_cpu.S,12896,b76588b2ca4ea59839a679edccb4c2965c55c37254c65514155aadb00c11080c
MR62X_SDK,MR62X_SDK_Paket/selected_sources/sdk/openwrt-21.02/package/uboot/realtek/generic/btcode_vg/cvimg,41613,a1c47eb8b0b8be102cfb1768401416af87b12ba5fcc04a2bb4f53902bfd3ce2e
MR62X_SDK,MR62X_SDK_Paket/selected_sources/sdk/openwrt-21.02/package/uboot/realtek/generic/btcode_vg/cvimg.c,5672,70c98e5ee65626397673fb0d542834d1adb1752d00a521b2c80e89dcda469642
MR62X_SDK,MR62X_SDK_Paket/selected_sources/sdk/openwrt-21.02/package/uboot/realtek/generic/btcode_vg/ddr/config.mk,386,b2b2182149cb1a7cfe680eef8c19b039bbc6f9bcf19eb6f54d236b4c49181b11
MR62X_SDK,MR62X_SDK_Paket/selected_sources/sdk/openwrt-21.02/package/uboot/realtek/generic/btcode_vg/ddr/dram_deliver/dram_device_info.h,4524,254598775c8f4ed1f1573b027aa5f1738ebf562b4d74fde315d194ea3799ab97
MR62X_SDK,MR62X_SDK_Paket/selected_sources/sdk/openwrt-21.02/package/uboot/realtek/generic/btcode_vg/ddr/dram_deliver/dram_param_custom.h,964,68dd23bffea2fec0a4169bb3a6adf21b9f912e1c15ee59ce7303eea170ccf22d
MR62X_SDK,MR62X_SDK_Paket/selected_sources/sdk/openwrt-21.02/package/uboot/realtek/generic/btcode_vg/ddr/dram_deliver/dram_param_defs.h,24695,28daeb5bbdd957e5be45e1dd3bdb20d00e7a11dc198142947e47416eb328c3df
MR62X_SDK,MR62X_SDK_Paket/selected_sources/sdk/openwrt-21.02/package/uboot/realtek/generic/btcode_vg/ddr/dram_deliver/ms_rxi310_defs.h,52344,f6f7f7029a9eebd469977cf04abf1c600b0a6f4dbd0ba83be1f95ff2d50265eb
MR62X_SDK,MR62X_SDK_Paket/selected_sources/sdk/openwrt-21.02/package/uboot/realtek/generic/btcode_vg/ddr/dram_init.c,100143,f51954287e27faf3f5e5c8bbf286887243e82176cbc6e3e192d9aaecf0d3fe2e
MR62X_SDK,MR62X_SDK_Paket/selected_sources/sdk/openwrt-21.02/package/uboot/realtek/generic/btcode_vg/ddr/dramtest.c,29693,a340942195b9044027a9043bf0ce9046f733d51be5c6e48f2fdf48b38b778756
MR62X_SDK,MR62X_SDK_Paket/selected_sources/sdk/openwrt-21.02/package/uboot/realtek/generic/btcode_vg/ddr/efuse.c,17763,3787f012fc57302fdca8a7070c2c6fbfd0b4f88d4f8f3519c7db609672540df4
MR62X_SDK,MR62X_SDK_Paket/selected_sources/sdk/openwrt-21.02/package/uboot/realtek/generic/btcode_vg/ddr/efuse.h,11469,35fc0cb1f7b8d2fd5e825dff3a219ba4471a9c7ddc079f839469d26d74e474ab
MR62X_SDK,MR62X_SDK_Paket/selected_sources/sdk/openwrt-21.02/package/uboot/realtek/generic/btcode_vg/ddr/efuse_data.c,932,f5cbac5655482953f585084a37989abb1075b65ce8e5f259bec6e8cc9fb4dab6
MR62X_SDK,MR62X_SDK_Paket/selected_sources/sdk/openwrt-21.02/package/uboot/realtek/generic/btcode_vg/efuse.h,7538,5a186885f83ffdcb59e9f4ccd4ecf9ca735619171dd2118a72e29888136ffa6c
MR62X_SDK,MR62X_SDK_Paket/selected_sources/sdk/openwrt-21.02/package/uboot/realtek/generic/btcode_vg/gunzip.c,15904,00c7c24a4fe5850e8ee2959c21cdf502d35bdd87f16c65f8fc0fa18676177c27
MR62X_SDK,MR62X_SDK_Paket/selected_sources/sdk/openwrt-21.02/package/uboot/realtek/generic/btcode_vg/gunzip.h,2765,ebbfaf1f225b43a9d6ef184f87daf19b5f623c3cc3ac98bd800551dbbc0b9939
MR62X_SDK,MR62X_SDK_Paket/selected_sources/sdk/openwrt-21.02/package/uboot/realtek/generic/btcode_vg/iram_parallel_nand.c,8954,6b7fed89b590ca0f4866b555a8ea48593ac01a6cf02e04b54847b8afb6ec1dbe
MR62X_SDK,MR62X_SDK_Paket/selected_sources/sdk/openwrt-21.02/package/uboot/realtek/generic/btcode_vg/iram_spi_nand.c,19165,acfcd925f5b7dacd33f02a02a04d631d596da1512cff9c764ef6439be1d3c18f
MR62X_SDK,MR62X_SDK_Paket/selected_sources/sdk/openwrt-21.02/package/uboot/realtek/generic/btcode_vg/ld-nfbi.script,689,1f6c8b361ce2b50e32dc9aa4a1fff3cf839f7e2d464e18f25cb45ff5b704f2a7
MR62X_SDK,MR62X_SDK_Paket/selected_sources/sdk/openwrt-21.02/package/uboot/realtek/generic/btcode_vg/ld.script,838,1eac7d0ebca32db022cd90a50394dd4b4486acfbb7b96582198d0d41f0717fd6
MR62X_SDK,MR62X_SDK_Paket/selected_sources/sdk/openwrt-21.02/package/uboot/realtek/generic/btcode_vg/ld.script_nand,838,98fb46e32a7b7b557433229141bb4f06d411bd3ca74bebe9cffac0d0634d4379
MR62X_SDK,MR62X_SDK_Paket/selected_sources/sdk/openwrt-21.02/package/uboot/realtek/generic/btcode_vg/ld.script_nand_iram,764,ccdb132aaad74fa028d048f2b9cee86b23342538c97b7381db2b6c1ea9c661ea
MR62X_SDK,MR62X_SDK_Paket/selected_sources/sdk/openwrt-21.02/package/uboot/realtek/generic/btcode_vg/ld.script_rom,838,e15a6d58bc123411e89cc0f18bdd5f079bfb7d3e9a717659ca3514cfcb1b8fa6
MR62X_SDK,MR62X_SDK_Paket/selected_sources/sdk/openwrt-21.02/package/uboot/realtek/generic/btcode_vg/ld_decrease_bootsize.script,836,6e44bfbe2a0107ee180475a62701ae25eb35b1725ef55814e3ca7e5150d4d5fd
MR62X_SDK,MR62X_SDK_Paket/selected_sources/sdk/openwrt-21.02/package/uboot/realtek/generic/btcode_vg/ld_ram.script,307,f4cfd0a4e71ba71ffb253f9f7d091a7834de141632db5592eafe57e6518a683a
MR62X_SDK,MR62X_SDK_Paket/selected_sources/sdk/openwrt-21.02/package/uboot/realtek/generic/btcode_vg/lzma,215,23453cacc856c9f70d910fe62b2daa43f6384535a2be94b933174777e7a59aed
MR62X_SDK,MR62X_SDK_Paket/selected_sources/sdk/openwrt-21.02/package/uboot/realtek/generic/btcode_vg/lzma-24,176616,73b3b59d21ad0bef374de9956b42d60a581dd0724cb70f06b3ce62a1d4a3cf22
MR62X_SDK,MR62X_SDK_Paket/selected_sources/sdk/openwrt-21.02/package/uboot/realtek/generic/btcode_vg/lzma-26,215973,52e292a9bf15dad0ecdf2fe5b24dd1e7bbfe4c1d193ca024da52cb228eae8435
MR62X_SDK,MR62X_SDK_Paket/selected_sources/sdk/openwrt-21.02/package/uboot/realtek/generic/btcode_vg/mips.h,17777,490d5c20cf0b7b0e260320041980d37b2c7ad8927ae4749871bc3890f56ad59a
MR62X_SDK,MR62X_SDK_Paket/selected_sources/sdk/openwrt-21.02/package/uboot/realtek/generic/btcode_vg/nfjrom.script,689,80514a89fe0d4922c1177cf7d06b3ed5ed298c3ad39d6117371e9d9c506b56e2
MR62X_SDK,MR62X_SDK_Paket/selected_sources/sdk/openwrt-21.02/package/uboot/realtek/generic/btcode_vg/padding.c,1105,18f465eef638129c6c8f85b135d5b79f38fcd98bdc2b41f4a077e9fde3aed017
MR62X_SDK,MR62X_SDK_Paket/selected_sources/sdk/openwrt-21.02/package/uboot/realtek/generic/btcode_vg/piggy.S,754,13a126a25f63e5668ce665a16577d3bd24bf0587ddd668000c41578b92267a11
MR62X_SDK,MR62X_SDK_Paket/selected_sources/sdk/openwrt-21.02/package/uboot/realtek/generic/btcode_vg/piggy.script,689,343084970d467e7f1663e319a70afccf04ed8efbfa484da34d901c9ebea05b01
MR62X_SDK,MR62X_SDK_Paket/selected_sources/sdk/openwrt-21.02/package/uboot/realtek/generic/btcode_vg/piggy.script_nand,689,949e1b22c8f4a035d396345824dc64f69e9a7bec91dcde1672df7f55f002e974
MR62X_SDK,MR62X_SDK_Paket/selected_sources/sdk/openwrt-21.02/package/uboot/realtek/generic/btcode_vg/ram_func,640,2c5740010df5ce1b5b66771eaffc35b0410d1853c5769d22ef8cffa8f83fad38
MR62X_SDK,MR62X_SDK_Paket/selected_sources/sdk/openwrt-21.02/package/uboot/realtek/generic/btcode_vg/regdef.h,124493,74157d7a8dd7575f694e58ff9c2ccb83a4e0c8f79394008711fc4a70fa29af91
MR62X_SDK,MR62X_SDK_Paket/selected_sources/sdk/openwrt-21.02/package/uboot/realtek/generic/btcode_vg/rlxboard.h,8243,f699d466f5fdd3f532965f944130c138fa6b0b24ddc5843d0c68ac2e39c5d8fa
MR62X_SDK,MR62X_SDK_Paket/selected_sources/sdk/openwrt-21.02/package/uboot/realtek/generic/btcode_vg/rom_def.h,8238,a33fcb360c1656d0159e899e22e87c6834676df220d603e74ed51255dda39a93
MR62X_SDK,MR62X_SDK_Paket/selected_sources/sdk/openwrt-21.02/package/uboot/realtek/generic/btcode_vg/sd_boot_tool/cvimg,9067,3da8a120ba1b169e85b968e9e808551c433ed6a500b1f5324a913105ce645d8d
MR62X_SDK,MR62X_SDK_Paket/selected_sources/sdk/openwrt-21.02/package/uboot/realtek/generic/btcode_vg/sd_boot_tool/cvimg.c,5236,de986c25e18a6d178f977434026f4109f79f8c93b52257dbc810d87d02645127
MR62X_SDK,MR62X_SDK_Paket/selected_sources/sdk/openwrt-21.02/package/uboot/realtek/generic/btcode_vg/start.S,5290,d42a9ce88c3f5772ab748585aeae31d1b9dc8218f95fafbf5b106376110f2c0a
MR62X_SDK,MR62X_SDK_Paket/selected_sources/sdk/openwrt-21.02/package/uboot/realtek/generic/btcode_vg/start.h,5670,4dedc9c8850f164ecb90b921c3127c9d78c4aa22891b19ba91e8b4d7473054df
MR62X_SDK,MR62X_SDK_Paket/selected_sources/sdk/openwrt-21.02/package/uboot/realtek/generic/btcode_vg/start_c.c,21047,7636912915234851a55682da76781a5e16b1c384de28e54bceb3ffbaa67591be
MR62X_SDK,MR62X_SDK_Paket/selected_sources/sdk/openwrt-21.02/package/uboot/realtek/generic/btcode_vg/start_nand.S,1787,951f7e2fb37ccb2070f2269f1aacc50a4ccf25468f5800cd9b4a466e76c9b74a
MR62X_SDK,MR62X_SDK_Paket/selected_sources/sdk/openwrt-21.02/package/uboot/realtek/generic/btcode_vg/sys_reg.h,8753,79ef6936c6bcc4487c1ac52848dbfb082c58826169c0d5e032ea7e07427822ff
MR62X_SDK,MR62X_SDK_Paket/selected_sources/sdk/openwrt-21.02/package/uboot/realtek/generic/btcode_vg/sysdefs.h,17640,b242eb2ec96279d30d49fe2add28bbd96d96d452b742b9d4707e84f61d3d4f1d
MR62X_SDK,MR62X_SDK_Paket/selected_sources/sdk/openwrt-21.02/package/uboot/realtek/generic/btcode_vg/szcheck.sh,178,8037e25b5cb869a067a4a409ba6af4965782dd9c596b183d72df2d425f0d1b24
MR62X_SDK,MR62X_SDK_Paket/selected_sources/sdk/openwrt-21.02/package/uboot/realtek/generic/config/Configure.help,58213,36df08a82a949685a91414db853fffc7d8c3dd7ea22d3e3d8e614d5bfd1508c1
MR62X_SDK,MR62X_SDK_Paket/selected_sources/sdk/openwrt-21.02/package/uboot/realtek/generic/config/Makefile,1462,106e1b8673b11cad9d703a1aea2f495bc0387f8e90459a94ab18323877a4f724
MR62X_SDK,MR62X_SDK_Paket/selected_sources/sdk/openwrt-21.02/package/uboot/realtek/generic/config/autoconf.h,148,f237bad0c4dcee2a0ac7d312014a528473f5704ecdda58ac0ad7305b131ee34b
MR62X_SDK,MR62X_SDK_Paket/selected_sources/sdk/openwrt-21.02/package/uboot/realtek/generic/config/config.h,91,84700aa86b5a47f1efcca7faa8e03133e7f94bacd55e5e37b4f530defd831230
MR62X_SDK,MR62X_SDK_Paket/selected_sources/sdk/openwrt-21.02/package/uboot/realtek/generic/config/config.in,42565,4278e82ee2de5836b159643fcfd48dd6bfbdb7a3e243f7ecd074321a91294cfe
MR62X_SDK,MR62X_SDK_Paket/selected_sources/sdk/openwrt-21.02/package/uboot/realtek/generic/config/fixconfig,814,2172f184235f9f36015a275032a5fe16b4024f40ca7e3fe3cac02236e02678a3
MR62X_SDK,MR62X_SDK_Paket/selected_sources/sdk/openwrt-21.02/package/uboot/realtek/generic/config/getArch,1190,40137115197d4810e8a280db485c91a2f9021734b8b3eb8b47e456828158c2b4
MR62X_SDK,MR62X_SDK_Paket/selected_sources/sdk/openwrt-21.02/package/uboot/realtek/generic/config/mkconfig,7765,0487bae8f9ca8d903db6fffc36cfd4ff7a1393873a918da4dd0a4d0255ec5ab5
MR62X_SDK,MR62X_SDK_Paket/selected_sources/sdk/openwrt-21.02/package/uboot/realtek/generic/config/mkconfig-items,383,d1cbe6b857a50ab635ea2557b09de2080526934da03a1de9686713bb6196d7bf
MR62X_SDK,MR62X_SDK_Paket/selected_sources/sdk/openwrt-21.02/package/uboot/realtek/generic/config/release,8552,6931eac4f4d6de9f028b1dec0b6e6c07358f8bb3dbf3670837a6b598f7d00bd4
MR62X_SDK,MR62X_SDK_Paket/selected_sources/sdk/openwrt-21.02/package/uboot/realtek/generic/config/scripts/Configure,12626,eeef100ab78b732a61c89b49fd040e4187936c42dfa891f0ad07f7eb5813a5e6
MR62X_SDK,MR62X_SDK_Paket/selected_sources/sdk/openwrt-21.02/package/uboot/realtek/generic/config/scripts/Makefile,1066,81e93ad14c62f0218baece6e29f746931a37953fd2b30e3700566c83b9b8d1b8
MR62X_SDK,MR62X_SDK_Paket/selected_sources/sdk/openwrt-21.02/package/uboot/realtek/generic/config/scripts/Menuconfig,30305,19ea849e9d42dc92f3c408874e24e206c57cb13ff28aab870cd681c87f148485
MR62X_SDK,MR62X_SDK_Paket/selected_sources/sdk/openwrt-21.02/package/uboot/realtek/generic/config/scripts/README.Menuconfig,7651,07a52d59ad287d17a053f4866b16295c803953dc7322bb2345f114fbeb8f289d
MR62X_SDK,MR62X_SDK_Paket/selected_sources/sdk/openwrt-21.02/package/uboot/realtek/generic/config/scripts/README.uClinux,203,51bc4e15ed04f215822a40947cf13bb89fa601844c1fdb8cdd58cbcfc608c4b8
MR62X_SDK,MR62X_SDK_Paket/selected_sources/sdk/openwrt-21.02/package/uboot/realtek/generic/config/scripts/header.tk,18505,3b1d9f3266976e5a95cf616563046909299b1a431669488e7edec7693873c47a
MR62X_SDK,MR62X_SDK_Paket/selected_sources/sdk/openwrt-21.02/package/uboot/realtek/generic/config/scripts/lxdialog/BIG.FAT.WARNING,234,fafb1692d3d4f88b12fc38a4ddfd818927b0c094f34eb5fdf05000694306de75
MR62X_SDK,MR62X_SDK_Paket/selected_sources/sdk/openwrt-21.02/package/uboot/realtek/generic/config/scripts/lxdialog/Makefile,1142,ba4ca3ac4f594407cac90ac1cf5c09951c88692519fb7c37d20cff0bd3520ba0
MR62X_SDK,MR62X_SDK_Paket/selected_sources/sdk/openwrt-21.02/package/uboot/realtek/generic/config/scripts/lxdialog/checklist.c,9584,2db18338c046cb97a610adb1f392aa3acccfdb1f33f63b40246a335912f3e6c4
MR62X_SDK,MR62X_SDK_Paket/selected_sources/sdk/openwrt-21.02/package/uboot/realtek/generic/config/scripts/lxdialog/colors.h,5384,85ca3f8919fe837392471a140c82519cd4d29824306634a16005d62e547c4d3c
MR62X_SDK,MR62X_SDK_Paket/selected_sources/sdk/openwrt-21.02/package/uboot/realtek/generic/config/scripts/lxdialog/dialog.h,5936,cec7cfa82abd6b36d68762411ccaa8e30c53cf7ab2fff549720fe00b142168f4
MR62X_SDK,MR62X_SDK_Paket/selected_sources/sdk/openwrt-21.02/package/uboot/realtek/generic/config/scripts/lxdialog/inputbox.c,6179,8bbe8d115f65b76be281bf897f8f3bce56d01ce7f1f13114034615ced62d8940
MR62X_SDK,MR62X_SDK_Paket/selected_sources/sdk/openwrt-21.02/package/uboot/realtek/generic/config/scripts/lxdialog/lxdialog,41041,bf1e73de683212ff8ff88f2dea19fa241fdbd4c958ff833462554247a59899c7
MR62X_SDK,MR62X_SDK_Paket/selected_sources/sdk/openwrt-21.02/package/uboot/realtek/generic/config/scripts/lxdialog/lxdialog.c,6023,8df090b9ec0f409aeddc21bccf1107c671d729cca74cdab4cdbaaf8f4322a359
MR62X_SDK,MR62X_SDK_Paket/selected_sources/sdk/openwrt-21.02/package/uboot/realtek/generic/config/scripts/lxdialog/menubox.c,12716,6d739ccfeee9fec1e0622544afb88f5036a19996602441e698fdb5a2ad9f9ac3
MR62X_SDK,MR62X_SDK_Paket/selected_sources/sdk/openwrt-21.02/package/uboot/realtek/generic/config/scripts/lxdialog/msgbox.c,2529,2d6af61fda2e3da4fae9fcc33085a25f31a1c6386cbc2c845627da6a0bda5cf3
MR62X_SDK,MR62X_SDK_Paket/selected_sources/sdk/openwrt-21.02/package/uboot/realtek/generic/config/scripts/lxdialog/textbox.c,15584,977dbddc7693042e37352fdd4a9dd3c1ff831d6b9bf79cfede9a68c82fb924e4
MR62X_SDK,MR62X_SDK_Paket/selected_sources/sdk/openwrt-21.02/package/uboot/realtek/generic/config/scripts/lxdialog/util.c,9604,b8d952ed45928de96803b77c6d568d07e96c7589d6beb8ea549f5faa8a4d08c7
MR62X_SDK,MR62X_SDK_Paket/selected_sources/sdk/openwrt-21.02/package/uboot/realtek/generic/config/scripts/lxdialog/yesno.c,3067,e9d9b677faa53d1e30a3a3a88d71c471bd1a4d5641bfa7f7e9eb88643bfffc6d
MR62X_SDK,MR62X_SDK_Paket/selected_sources/sdk/openwrt-21.02/package/uboot/realtek/generic/config/scripts/tail.tk,2414,a3a450ac18ab035e1bc814ddc7d5644832bb7e8f29a75efdbb4e4762472d361c
MR62X_SDK,MR62X_SDK_Paket/selected_sources/sdk/openwrt-21.02/package/uboot/realtek/generic/config/scripts/tkcond.c,14760,9dd2d864d2792e2af513b15e196c3292d761e53b995e522911f1b73cff3c174a
MR62X_SDK,MR62X_SDK_Paket/selected_sources/sdk/openwrt-21.02/package/uboot/realtek/generic/config/scripts/tkgen.c,47273,24c63990c87ba60a231b9f64471a2098f235a62dd922409f0c4e14428f4650e0
MR62X_SDK,MR62X_SDK_Paket/selected_sources/sdk/openwrt-21.02/package/uboot/realtek/generic/config/scripts/tkparse.c,19528,b26d5a305ec7064a369369fbd1a1d1e7d1b79e42cfa723aa89c8690419dd4a84
MR62X_SDK,MR62X_SDK_Paket/selected_sources/sdk/openwrt-21.02/package/uboot/realtek/generic/config/scripts/tkparse.h,2348,50924a3d20677ec0ea58b383ea3cc588fcbae73567af44df3b75a372dab150fd
MR62X_SDK,MR62X_SDK_Paket/selected_sources/sdk/openwrt-21.02/package/uboot/realtek/generic/config/setCfgFile,4470,5d1152f2205efce8f9e55b226e0592d4cf26f635a2978091da18c83e592100f3
MR62X_SDK,MR62X_SDK_Paket/selected_sources/sdk/openwrt-21.02/package/uboot/realtek/generic/config/setconfig,11115,aa9da813502fb68dda2a8738db3df70398b037f7c18ff0e3046a127456be0e72
MR62X_SDK,MR62X_SDK_Paket/selected_sources/sdk/openwrt-21.02/package/uboot/realtek/generic/config.in,15217,305f4ff369e4026f0a510c8ea88a83246a4fe809d6ceaa24c55c9bf3784ab52a
MR62X_SDK,MR62X_SDK_Paket/selected_sources/sdk/openwrt-21.02/package/uboot/realtek/generic/def-rtl8197FS-VSx_8367rb-spi_nand-config,2076,da9d68ee4a5820a0fcf1be5d9ac19f2ab5c7d20f7586ed347a6003fd77786f16
MR62X_SDK,MR62X_SDK_Paket/selected_sources/sdk/openwrt-21.02/package/uboot/realtek/generic/def-rtl8197f-config,1423,828643335e941d33273f9aa0c3ea5e89f0f758da73b1cf35f168cb9114688556
MR62X_SDK,MR62X_SDK_Paket/selected_sources/sdk/openwrt-21.02/package/uboot/realtek/generic/def-rtl8197f-decrease_bootsize_config,1897,b28dfa3d53cc4b513c9365ecdf83002058de4b9536d66aa325c85ef2919d0cf4
MR62X_SDK,MR62X_SDK_Paket/selected_sources/sdk/openwrt-21.02/package/uboot/realtek/generic/def-rtl8197f-ecos-8M-config,1363,b41c27f094ce802d1b90e817de19a4ba98d45f57e21e03a1d2114f9cebd80cfd
MR62X_SDK,MR62X_SDK_Paket/selected_sources/sdk/openwrt-21.02/package/uboot/realtek/generic/def-rtl8197f-parallel_nand-config,1556,89a5c9d0a51bae12c4ab3935e3b023b96c790619f30d777591b407bf840aeb28
MR62X_SDK,MR62X_SDK_Paket/selected_sources/sdk/openwrt-21.02/package/uboot/realtek/generic/def-rtl8197f-spi_nand-config,2140,34d66913109f26f4626e347ab9e17b461f664be3798d7d848f508ee29bc38725
MR62X_SDK,MR62X_SDK_Paket/selected_sources/sdk/openwrt-21.02/package/uboot/realtek/generic/def-rtl8197f_vg-config,2156,f246b063e52f4705886bb0bb4887eee5de49b6f060599a2fb4f3f475f3201b67
MR62X_SDK,MR62X_SDK_Paket/selected_sources/sdk/openwrt-21.02/package/uboot/realtek/generic/def-rtl8197fb_8367rb_8bit_128MBx2-config,1301,eef58eccfb3e1a0246d2a399910ef4754f7ff1e65148e93b6c1c283560da10b7
MR62X_SDK,MR62X_SDK_Paket/selected_sources/sdk/openwrt-21.02/package/uboot/realtek/generic/def-rtl8197fb_8367rb_ddr128M-config,1326,335c1a1cda0334186a7e5956cb4ca9755f6bd0196cecc6380d7a5b26d080539e
MR62X_SDK,MR62X_SDK_Paket/selected_sources/sdk/openwrt-21.02/package/uboot/realtek/generic/def-rtl8197fb_spinand_8367rb_8bit_128MBx2-config,1822,30e40007bed2ab71fd659d7ed292548f412463458bbdc21fd4daf3900afb3c67
MR62X_SDK,MR62X_SDK_Paket/selected_sources/sdk/openwrt-21.02/package/uboot/realtek/generic/def-rtl8197fh_8367rb-config,2273,f014c44527a40eeef1202972290ffb1bbf6a619c11c70b0d225baf629df86e45
MR62X_SDK,MR62X_SDK_Paket/selected_sources/sdk/openwrt-21.02/package/uboot/realtek/generic/def-rtl8197fh_vg_8367rb-config,2266,c079d33e5b0fb325a2befe0b1b847ea364a71780608d39ead898974ec978bd16
MR62X_SDK,MR62X_SDK_Paket/selected_sources/sdk/openwrt-21.02/package/uboot/realtek/generic/def-rtl8197fh_vg_8367rb_AC21-config,2266,c079d33e5b0fb325a2befe0b1b847ea364a71780608d39ead898974ec978bd16
MR62X_SDK,MR62X_SDK_Paket/selected_sources/sdk/openwrt-21.02/package/uboot/realtek/generic/def-rtl8197fh_vg_8367rb_AC8-config,2294,0c7bdd465960ba145eb91026145ab5f32b293eae82a87d4ef3f2f56ce7ecd2a6
MR62X_SDK,MR62X_SDK_Paket/selected_sources/sdk/openwrt-21.02/package/uboot/realtek/generic/def-rtl8197fh_vg_8367rb_vc-config,2372,2eccbfc56d49b08f0f5b3d8fa2f200471acfcb342b410daa57b597ee3b030585
MR62X_SDK,MR62X_SDK_Paket/selected_sources/sdk/openwrt-21.02/package/uboot/realtek/generic/def-rtl8197fh_vg_8367rb_vc-spi_nand-config,2543,604ec22f3d7980470093aacbec1682eb7f45bdc4355ea4a17f03b80c42c6795d
MR62X_SDK,MR62X_SDK_Paket/selected_sources/sdk/openwrt-21.02/package/uboot/realtek/generic/def-rtl8197fh_vg_8367s_V622G-config,2276,71a31e2a5535cf339746a4c2481e7f298f3b05374c145a9014855c001b5086a1
MR62X_SDK,MR62X_SDK_Paket/selected_sources/sdk/openwrt-21.02/package/uboot/realtek/generic/def-rtl8197fs_8367rb-config,1331,cffbb48775ecd407e58c0917d82bf787f1a934e048c9a721da6039380119f9e7
MR62X_SDK,MR62X_SDK_Paket/selected_sources/sdk/openwrt-21.02/package/uboot/realtek/generic/def-rtl8197fs_vg_8367rb-config,2255,220c662d1ab8e1523b69cdc5d96ef7788dcb99db1f5f72f86d6595fcb7ec38ea
MR62X_SDK,MR62X_SDK_Paket/selected_sources/sdk/openwrt-21.02/package/uboot/realtek/generic/def-rtl8197fs_vg_8367rb-spi_nand_V672-config,2509,4d2503015d91090cb7fde5e3f792dd4f8937193aca6a010a604e34458e440d90
MR62X_SDK,MR62X_SDK_Paket/selected_sources/sdk/openwrt-21.02/package/uboot/realtek/generic/def-rtl8197fs_vg_8367rb_V670-config,2227,e4a941311b549531099ee7c3d3495d69b5c6890af7583cf786f5bd1a9004adcb
MR62X_SDK,MR62X_SDK_Paket/selected_sources/sdk/openwrt-21.02/package/uboot/realtek/generic/def-rtl8197fs_vg_8367rb_V672-config,2255,220c662d1ab8e1523b69cdc5d96ef7788dcb99db1f5f72f86d6595fcb7ec38ea
MR62X_SDK,MR62X_SDK_Paket/selected_sources/sdk/openwrt-21.02/package/uboot/realtek/generic/def-rtl8197fs_vg_8367rb_vc-config,2372,c895389f3a99e2ceac017f8fd86979ff0c34f29031307b1352907072fb6efdba
MR62X_SDK,MR62X_SDK_Paket/selected_sources/sdk/openwrt-21.02/package/uboot/realtek/generic/def-rtl8197fs_vg_8367rb_vc-spi_nand-config,2586,58bde797d3b4ad5cc2096e8cc64de24618ae7183685436ade2c2bd5e896b1390
MR62X_SDK,MR62X_SDK_Paket/selected_sources/sdk/openwrt-21.02/package/uboot/realtek/generic/realtek-generic-config,2355,6b0fb671bc550faa1d0d0f599c74ef4cfdc0d3f6dbc84f3b50724f7fe1b12ead
MR62X_SDK,MR62X_SDK_Paket/selected_sources/sdk/openwrt-21.02/package/uboot/realtek/generic/romboot_support/init_ram.bin,9184,508e1356f9a3e7c050ea639f67aa3f7944c3cdcdc8b3af4cf94acf8bc636ef1b
MR62X_SDK,MR62X_SDK_Paket/selected_sources/sdk/openwrt-21.02/rules.mk,14509,875a79c9f8f72dfe93effb891f4af91fb028f9877f58a7a7ee6a19006f4b511f
MR62X_SDK,MR62X_SDK_Paket/selected_sources/sdk/openwrt-21.02/target/linux/linux-4.4/drivers/net/wireless/realtek/g6_wifi_driver/Kconfig,10709,bb2b38dea2aea16d98d442d1235f695b27fa6939fbc25364a3c8793754cea7b5
MR62X_SDK,MR62X_SDK_Paket/selected_sources/sdk/openwrt-21.02/target/linux/linux-4.4/drivers/net/wireless/realtek/g6_wifi_driver/Kconfig.wfo,681,521a33188f2e7ee28e777dd5b43cec613b87d6c85701f538674aa882b5343803
MR62X_SDK,MR62X_SDK_Paket/selected_sources/sdk/openwrt-21.02/target/linux/linux-4.4/drivers/net/wireless/realtek/g6_wifi_driver/Kconfig_rtl8132br_pci_linux,120,8afbab841d37e6b43c71c8323c0322466913ff9b72d02c8ef95761bf5d6c9f81
MR62X_SDK,MR62X_SDK_Paket/selected_sources/sdk/openwrt-21.02/target/linux/linux-4.4/drivers/net/wireless/realtek/g6_wifi_driver/Kconfig_rtl8192xb_pci_linux,120,5b6f6f25f1a27ea394f4a22d38226ef22139aeaad6656d7d7634813dde0d739c
MR62X_SDK,MR62X_SDK_Paket/selected_sources/sdk/openwrt-21.02/target/linux/linux-4.4/drivers/net/wireless/realtek/g6_wifi_driver/Kconfig_rtl8852a_pci_linux,119,5c9e7d6be5b8e73b04c4b2704b39fca6dd8003f14be5266d9469f13070ce10dd
MR62X_SDK,MR62X_SDK_Paket/selected_sources/sdk/openwrt-21.02/target/linux/linux-4.4/drivers/net/wireless/realtek/g6_wifi_driver/Kconfig_rtl8852a_sdio_linux,94,0820b010377f7f49c1c1258020890c05fa488774e7bc4c9e5eb637333b6dac79
MR62X_SDK,MR62X_SDK_Paket/selected_sources/sdk/openwrt-21.02/target/linux/linux-4.4/drivers/net/wireless/realtek/g6_wifi_driver/Kconfig_rtl8852a_usb_linux,110,81a01076a1b783b13061c62d82e5d3361a8aad969841412971228441d4e10037
MR62X_SDK,MR62X_SDK_Paket/selected_sources/sdk/openwrt-21.02/target/linux/linux-4.4/drivers/net/wireless/realtek/g6_wifi_driver/Kconfig_rtl8852b_pci_linux,112,dd4ec4b4466b2e2aa5e0842563fc1af12aed90c534629869ed2ddaeb2fc6ce20
MR62X_SDK,MR62X_SDK_Paket/selected_sources/sdk/openwrt-21.02/target/linux/linux-4.4/drivers/net/wireless/realtek/g6_wifi_driver/Kconfig_rtl8852b_sdio_linux,94,855734158fa09e31fc54f8ba624ce350a1b7b48500de14dc75c6c4734f58bf70
MR62X_SDK,MR62X_SDK_Paket/selected_sources/sdk/openwrt-21.02/target/linux/linux-4.4/drivers/net/wireless/realtek/g6_wifi_driver/Kconfig_rtl8852b_usb_linux,110,947ffba8e23b59964e59946c9668f13dcf1af94c018fcf0fbbc783ddf5fa6758
MR62X_SDK,MR62X_SDK_Paket/selected_sources/sdk/openwrt-21.02/target/linux/linux-4.4/drivers/net/wireless/realtek/g6_wifi_driver/Kconfig_rtl8852c_pci_linux,119,cc43ddecfaa7c8b9f764b1212f62e39a5aa78516ca6eb43ac84e810c4c3b2ee2
MR62X_SDK,MR62X_SDK_Paket/selected_sources/sdk/openwrt-21.02/target/linux/linux-4.4/drivers/net/wireless/realtek/g6_wifi_driver/Makefile,22880,75d80f5f459bb646ab7ff3eb1a02e0d088aa65baf388b3b26bb1e15c011c8da4
MR62X_SDK,MR62X_SDK_Paket/selected_sources/sdk/openwrt-21.02/target/linux/linux-4.4/drivers/net/wireless/realtek/g6_wifi_driver/Makefile_freebsd,2840,b639896325cdfd6a495a828d5c5b9cee3d1343526a3632e3dcb50d12c429a1f1
MR62X_SDK,MR62X_SDK_Paket/selected_sources/sdk/openwrt-21.02/target/linux/linux-4.4/drivers/net/wireless/realtek/g6_wifi_driver/platform/mips_97f/rtl8192xbe/RFE50/AP_2G/PHY_REG.txt,34,339a26e15f16f6190fde1dda1b61f721929345a55e58a004456886c15f6ae131
MR62X_SDK,MR62X_SDK_Paket/selected_sources/sdk/openwrt-21.02/target/linux/linux-4.4/drivers/net/wireless/realtek/g6_wifi_driver/platform/mips_97f/rtl8192xbe/RFE50/AP_2G/RadioA.txt,37,33423d37d4ab389e013a8d53426bab8a2b5effb1d97cfb46151367d058354d7f
MR62X_SDK,MR62X_SDK_Paket/selected_sources/sdk/openwrt-21.02/target/linux/linux-4.4/drivers/net/wireless/realtek/g6_wifi_driver/platform/mips_97f/rtl8192xbe/RFE50/AP_2G/RadioB.txt,37,33423d37d4ab389e013a8d53426bab8a2b5effb1d97cfb46151367d058354d7f
MR62X_SDK,MR62X_SDK_Paket/selected_sources/sdk/openwrt-21.02/target/linux/linux-4.4/drivers/net/wireless/realtek/g6_wifi_driver/platform/mips_97f/rtl8192xbe/RFE50/AP_2G/TXPWR_ByRate.txt,2386,c361c20b146c2cfdeea7c5f4d5ca2a14f7ced3e1c905195ec55df2870e30ee61
MR62X_SDK,MR62X_SDK_Paket/selected_sources/sdk/openwrt-21.02/target/linux/linux-4.4/drivers/net/wireless/realtek/g6_wifi_driver/platform/mips_97f/rtl8192xbe/RFE50/AP_2G/TXPWR_LMT.txt,14674,df4945543541d7ac0fe34a7e74291f777f4002e76fca321cc32cbf257c9741ae
MR62X_SDK,MR62X_SDK_Paket/selected_sources/sdk/openwrt-21.02/target/linux/linux-4.4/drivers/net/wireless/realtek/g6_wifi_driver/platform/mips_97f/rtl8192xbe/RFE50/AP_2G/TXPWR_LMT_RU.txt,9750,529e9b5e8fa4deb60d97bcd78d353af34f42f372e9cc426b44c8137a5a2838d7
MR62X_SDK,MR62X_SDK_Paket/selected_sources/sdk/openwrt-21.02/target/linux/linux-4.4/drivers/net/wireless/realtek/g6_wifi_driver/platform/mips_97f/rtl8192xbe/RFE50/AP_2G/TXPWR_TrackTSSI.txt,2572,d19aedf32582118680bdcbf95b9e175f3d6f8d6273e9569f3f04a79dd84fb7b5
MR62X_SDK,MR62X_SDK_Paket/selected_sources/sdk/openwrt-21.02/target/linux/linux-4.4/drivers/net/wireless/realtek/g6_wifi_driver/platform/mips_97f/rtl8192xbe/RFE50/AP_5G/PHY_REG.txt,33,820332547fe26b27b92492e99f8a42f62ff31938ddf47f33b6f1b7c9cbc65456
MR62X_SDK,MR62X_SDK_Paket/selected_sources/sdk/openwrt-21.02/target/linux/linux-4.4/drivers/net/wireless/realtek/g6_wifi_driver/platform/mips_97f/rtl8192xbe/RFE50/AP_5G/RadioA.txt,37,54c4c30ce765826b1447d2fb955c80f5f68abfc74836afcfd22cf3fed700f3ea
MR62X_SDK,MR62X_SDK_Paket/selected_sources/sdk/openwrt-21.02/target/linux/linux-4.4/drivers/net/wireless/realtek/g6_wifi_driver/platform/mips_97f/rtl8192xbe/RFE50/AP_5G/RadioB.txt,37,54c4c30ce765826b1447d2fb955c80f5f68abfc74836afcfd22cf3fed700f3ea
MR62X_SDK,MR62X_SDK_Paket/selected_sources/sdk/openwrt-21.02/target/linux/linux-4.4/drivers/net/wireless/realtek/g6_wifi_driver/platform/mips_97f/rtl8192xbe/RFE50/AP_5G/TXPWR_ByRate.txt,2386,c361c20b146c2cfdeea7c5f4d5ca2a14f7ced3e1c905195ec55df2870e30ee61
MR62X_SDK,MR62X_SDK_Paket/selected_sources/sdk/openwrt-21.02/target/linux/linux-4.4/drivers/net/wireless/realtek/g6_wifi_driver/platform/mips_97f/rtl8192xbe/RFE50/AP_5G/TXPWR_LMT.txt,14674,df4945543541d7ac0fe34a7e74291f777f4002e76fca321cc32cbf257c9741ae
MR62X_SDK,MR62X_SDK_Paket/selected_sources/sdk/openwrt-21.02/target/linux/linux-4.4/drivers/net/wireless/realtek/g6_wifi_driver/platform/mips_97f/rtl8192xbe/RFE50/AP_5G/TXPWR_LMT_RU.txt,9750,529e9b5e8fa4deb60d97bcd78d353af34f42f372e9cc426b44c8137a5a2838d7
MR62X_SDK,MR62X_SDK_Paket/selected_sources/sdk/openwrt-21.02/target/linux/linux-4.4/drivers/net/wireless/realtek/g6_wifi_driver/platform/mips_97f/rtl8192xbe/RFE50/AP_5G/TXPWR_TrackTSSI.txt,2572,d19aedf32582118680bdcbf95b9e175f3d6f8d6273e9569f3f04a79dd84fb7b5
MR62X_SDK,MR62X_SDK_Paket/selected_sources/sdk/openwrt-21.02/target/linux/linux-4.4/drivers/net/wireless/realtek/g6_wifi_driver/platform/mips_97f/rtl8192xbe/RFE50/PHY_REG.txt,25110,fbfae7a35ea8557b7a0614b996be2e1f830391c98e8c9947619f5060e8e9f88a
MR62X_SDK,MR62X_SDK_Paket/selected_sources/sdk/openwrt-21.02/target/linux/linux-4.4/drivers/net/wireless/realtek/g6_wifi_driver/platform/mips_97f/rtl8192xbe/RFE50/PON_2G/PHY_REG.txt,35,f987a7b30c3bb710efc99b93919bd947d894a66efefa576be2d602b4fc11e603
MR62X_SDK,MR62X_SDK_Paket/selected_sources/sdk/openwrt-21.02/target/linux/linux-4.4/drivers/net/wireless/realtek/g6_wifi_driver/platform/mips_97f/rtl8192xbe/RFE50/PON_2G/RadioA.txt,38,639a9e9846487e3c432e351a37ba6a6f42c22b79267db6ce91847e5e0dbd365c
MR62X_SDK,MR62X_SDK_Paket/selected_sources/sdk/openwrt-21.02/target/linux/linux-4.4/drivers/net/wireless/realtek/g6_wifi_driver/platform/mips_97f/rtl8192xbe/RFE50/PON_2G/RadioB.txt,39,3ede117a744aead0618c651ce9fe80f5a577af2edc088d790d31a873f2510844
MR62X_SDK,MR62X_SDK_Paket/selected_sources/sdk/openwrt-21.02/target/linux/linux-4.4/drivers/net/wireless/realtek/g6_wifi_driver/platform/mips_97f/rtl8192xbe/RFE50/PON_2G/TXPWR_ByRate.txt,2386,c361c20b146c2cfdeea7c5f4d5ca2a14f7ced3e1c905195ec55df2870e30ee61
MR62X_SDK,MR62X_SDK_Paket/selected_sources/sdk/openwrt-21.02/target/linux/linux-4.4/drivers/net/wireless/realtek/g6_wifi_driver/platform/mips_97f/rtl8192xbe/RFE50/PON_2G/TXPWR_LMT.txt,14674,df4945543541d7ac0fe34a7e74291f777f4002e76fca321cc32cbf257c9741ae
MR62X_SDK,MR62X_SDK_Paket/selected_sources/sdk/openwrt-21.02/target/linux/linux-4.4/drivers/net/wireless/realtek/g6_wifi_driver/platform/mips_97f/rtl8192xbe/RFE50/PON_2G/TXPWR_LMT_RU.txt,9750,529e9b5e8fa4deb60d97bcd78d353af34f42f372e9cc426b44c8137a5a2838d7
MR62X_SDK,MR62X_SDK_Paket/selected_sources/sdk/openwrt-21.02/target/linux/linux-4.4/drivers/net/wireless/realtek/g6_wifi_driver/platform/mips_97f/rtl8192xbe/RFE50/PON_2G/TXPWR_TrackTSSI.txt,2572,d19aedf32582118680bdcbf95b9e175f3d6f8d6273e9569f3f04a79dd84fb7b5
MR62X_SDK,MR62X_SDK_Paket/selected_sources/sdk/openwrt-21.02/target/linux/linux-4.4/drivers/net/wireless/realtek/g6_wifi_driver/platform/mips_97f/rtl8192xbe/RFE50/PON_5G/PHY_REG.txt,36,1332a2104b1db840403857e8e8f747acb7a6f5f53bade10a84e7be957ede6feb
MR62X_SDK,MR62X_SDK_Paket/selected_sources/sdk/openwrt-21.02/target/linux/linux-4.4/drivers/net/wireless/realtek/g6_wifi_driver/platform/mips_97f/rtl8192xbe/RFE50/PON_5G/RadioA.txt,38,4ee9df0ced8688c137d5ce06ff3be833e19dbfa2f28d02160163f10a9047e0b4
MR62X_SDK,MR62X_SDK_Paket/selected_sources/sdk/openwrt-21.02/target/linux/linux-4.4/drivers/net/wireless/realtek/g6_wifi_driver/platform/mips_97f/rtl8192xbe/RFE50/PON_5G/RadioB.txt,38,4ee9df0ced8688c137d5ce06ff3be833e19dbfa2f28d02160163f10a9047e0b4
MR62X_SDK,MR62X_SDK_Paket/selected_sources/sdk/openwrt-21.02/target/linux/linux-4.4/drivers/net/wireless/realtek/g6_wifi_driver/platform/mips_97f/rtl8192xbe/RFE50/PON_5G/TXPWR_ByRate.txt,2386,c361c20b146c2cfdeea7c5f4d5ca2a14f7ced3e1c905195ec55df2870e30ee61
MR62X_SDK,MR62X_SDK_Paket/selected_sources/sdk/openwrt-21.02/target/linux/linux-4.4/drivers/net/wireless/realtek/g6_wifi_driver/platform/mips_97f/rtl8192xbe/RFE50/PON_5G/TXPWR_LMT.txt,14674,df4945543541d7ac0fe34a7e74291f777f4002e76fca321cc32cbf257c9741ae
MR62X_SDK,MR62X_SDK_Paket/selected_sources/sdk/openwrt-21.02/target/linux/linux-4.4/drivers/net/wireless/realtek/g6_wifi_driver/platform/mips_97f/rtl8192xbe/RFE50/PON_5G/TXPWR_LMT_RU.txt,9750,529e9b5e8fa4deb60d97bcd78d353af34f42f372e9cc426b44c8137a5a2838d7
MR62X_SDK,MR62X_SDK_Paket/selected_sources/sdk/openwrt-21.02/target/linux/linux-4.4/drivers/net/wireless/realtek/g6_wifi_driver/platform/mips_97f/rtl8192xbe/RFE50/PON_5G/TXPWR_TrackTSSI.txt,2572,d19aedf32582118680bdcbf95b9e175f3d6f8d6273e9569f3f04a79dd84fb7b5
MR62X_SDK,MR62X_SDK_Paket/selected_sources/sdk/openwrt-21.02/target/linux/linux-4.4/drivers/net/wireless/realtek/g6_wifi_driver/platform/mips_97f/rtl8192xbe/RFE50/RadioA.txt,10240,50eb85e6209c0979046b9492b5a885d674dcb24a0fbbde1f86b1931d7bd52835
MR62X_SDK,MR62X_SDK_Paket/selected_sources/sdk/openwrt-21.02/target/linux/linux-4.4/drivers/net/wireless/realtek/g6_wifi_driver/platform/mips_97f/rtl8192xbe/RFE50/RadioB.txt,8550,4cb60f9b5db8ccd3321e6e5d9539832656de42e62391126402d16c7d30c2d571
MR62X_SDK,MR62X_SDK_Paket/selected_sources/sdk/openwrt-21.02/target/linux/linux-4.4/drivers/net/wireless/realtek/g6_wifi_driver/platform/mips_97f/rtl8192xbe/RFE50/TXPWR_ByRate.txt,2386,c361c20b146c2cfdeea7c5f4d5ca2a14f7ced3e1c905195ec55df2870e30ee61
MR62X_SDK,MR62X_SDK_Paket/selected_sources/sdk/openwrt-21.02/target/linux/linux-4.4/drivers/net/wireless/realtek/g6_wifi_driver/platform/mips_97f/rtl8192xbe/RFE50/TXPWR_LMT.txt,14674,df4945543541d7ac0fe34a7e74291f777f4002e76fca321cc32cbf257c9741ae
MR62X_SDK,MR62X_SDK_Paket/selected_sources/sdk/openwrt-21.02/target/linux/linux-4.4/drivers/net/wireless/realtek/g6_wifi_driver/platform/mips_97f/rtl8192xbe/RFE50/TXPWR_LMT_RU.txt,9750,529e9b5e8fa4deb60d97bcd78d353af34f42f372e9cc426b44c8137a5a2838d7
MR62X_SDK,MR62X_SDK_Paket/selected_sources/sdk/openwrt-21.02/target/linux/linux-4.4/drivers/net/wireless/realtek/g6_wifi_driver/platform/mips_97f/rtl8192xbe/RFE50/TXPWR_TrackTSSI.txt,2572,d19aedf32582118680bdcbf95b9e175f3d6f8d6273e9569f3f04a79dd84fb7b5
MR62X_SDK,MR62X_SDK_Paket/selected_sources/sdk/openwrt-21.02/target/linux/linux-4.4/drivers/net/wireless/realtek/g6_wifi_driver/platform/mips_97f/rtl8832bre/RFE50/AP_2G/PHY_REG.txt,34,339a26e15f16f6190fde1dda1b61f721929345a55e58a004456886c15f6ae131
MR62X_SDK,MR62X_SDK_Paket/selected_sources/sdk/openwrt-21.02/target/linux/linux-4.4/drivers/net/wireless/realtek/g6_wifi_driver/platform/mips_97f/rtl8832bre/RFE50/AP_2G/RadioA.txt,37,33423d37d4ab389e013a8d53426bab8a2b5effb1d97cfb46151367d058354d7f
MR62X_SDK,MR62X_SDK_Paket/selected_sources/sdk/openwrt-21.02/target/linux/linux-4.4/drivers/net/wireless/realtek/g6_wifi_driver/platform/mips_97f/rtl8832bre/RFE50/AP_2G/RadioB.txt,37,33423d37d4ab389e013a8d53426bab8a2b5effb1d97cfb46151367d058354d7f
MR62X_SDK,MR62X_SDK_Paket/selected_sources/sdk/openwrt-21.02/target/linux/linux-4.4/drivers/net/wireless/realtek/g6_wifi_driver/platform/mips_97f/rtl8832bre/RFE50/AP_2G/TXPWR_ByRate.txt,2384,f6da672e0c5bb5e654c72d731fc78f834756d6541440bd3cf61ef0b666475a07
MR62X_SDK,MR62X_SDK_Paket/selected_sources/sdk/openwrt-21.02/target/linux/linux-4.4/drivers/net/wireless/realtek/g6_wifi_driver/platform/mips_97f/rtl8832bre/RFE50/AP_2G/TXPWR_LMT.txt,14674,df4945543541d7ac0fe34a7e74291f777f4002e76fca321cc32cbf257c9741ae
MR62X_SDK,MR62X_SDK_Paket/selected_sources/sdk/openwrt-21.02/target/linux/linux-4.4/drivers/net/wireless/realtek/g6_wifi_driver/platform/mips_97f/rtl8832bre/RFE50/AP_2G/TXPWR_LMT_RU.txt,9750,529e9b5e8fa4deb60d97bcd78d353af34f42f372e9cc426b44c8137a5a2838d7
MR62X_SDK,MR62X_SDK_Paket/selected_sources/sdk/openwrt-21.02/target/linux/linux-4.4/drivers/net/wireless/realtek/g6_wifi_driver/platform/mips_97f/rtl8832bre/RFE50/AP_2G/TXPWR_TrackTSSI.txt,2570,1f16dfbd61289c1a01434553a48b3cbf7f7d710dbaf8b91865d2efb76325ae03
MR62X_SDK,MR62X_SDK_Paket/selected_sources/sdk/openwrt-21.02/target/linux/linux-4.4/drivers/net/wireless/realtek/g6_wifi_driver/platform/mips_97f/rtl8832bre/RFE50/AP_5G/PHY_REG.txt,33,820332547fe26b27b92492e99f8a42f62ff31938ddf47f33b6f1b7c9cbc65456
MR62X_SDK,MR62X_SDK_Paket/selected_sources/sdk/openwrt-21.02/target/linux/linux-4.4/drivers/net/wireless/realtek/g6_wifi_driver/platform/mips_97f/rtl8832bre/RFE50/AP_5G/RadioA.txt,37,54c4c30ce765826b1447d2fb955c80f5f68abfc74836afcfd22cf3fed700f3ea
MR62X_SDK,MR62X_SDK_Paket/selected_sources/sdk/openwrt-21.02/target/linux/linux-4.4/drivers/net/wireless/realtek/g6_wifi_driver/platform/mips_97f/rtl8832bre/RFE50/AP_5G/RadioB.txt,37,54c4c30ce765826b1447d2fb955c80f5f68abfc74836afcfd22cf3fed700f3ea
MR62X_SDK,MR62X_SDK_Paket/selected_sources/sdk/openwrt-21.02/target/linux/linux-4.4/drivers/net/wireless/realtek/g6_wifi_driver/platform/mips_97f/rtl8832bre/RFE50/AP_5G/TXPWR_ByRate.txt,2384,f6da672e0c5bb5e654c72d731fc78f834756d6541440bd3cf61ef0b666475a07
MR62X_SDK,MR62X_SDK_Paket/selected_sources/sdk/openwrt-21.02/target/linux/linux-4.4/drivers/net/wireless/realtek/g6_wifi_driver/platform/mips_97f/rtl8832bre/RFE50/AP_5G/TXPWR_LMT.txt,14674,df4945543541d7ac0fe34a7e74291f777f4002e76fca321cc32cbf257c9741ae
MR62X_SDK,MR62X_SDK_Paket/selected_sources/sdk/openwrt-21.02/target/linux/linux-4.4/drivers/net/wireless/realtek/g6_wifi_driver/platform/mips_97f/rtl8832bre/RFE50/AP_5G/TXPWR_LMT_RU.txt,9750,529e9b5e8fa4deb60d97bcd78d353af34f42f372e9cc426b44c8137a5a2838d7
MR62X_SDK,MR62X_SDK_Paket/selected_sources/sdk/openwrt-21.02/target/linux/linux-4.4/drivers/net/wireless/realtek/g6_wifi_driver/platform/mips_97f/rtl8832bre/RFE50/AP_5G/TXPWR_TrackTSSI.txt,2570,1f16dfbd61289c1a01434553a48b3cbf7f7d710dbaf8b91865d2efb76325ae03
MR62X_SDK,MR62X_SDK_Paket/selected_sources/sdk/openwrt-21.02/target/linux/linux-4.4/drivers/net/wireless/realtek/g6_wifi_driver/platform/mips_97f/rtl8832bre/RFE50/PHY_REG.txt,25110,fbfae7a35ea8557b7a0614b996be2e1f830391c98e8c9947619f5060e8e9f88a
MR62X_SDK,MR62X_SDK_Paket/selected_sources/sdk/openwrt-21.02/target/linux/linux-4.4/drivers/net/wireless/realtek/g6_wifi_driver/platform/mips_97f/rtl8832bre/RFE50/PON_2G/PHY_REG.txt,35,f987a7b30c3bb710efc99b93919bd947d894a66efefa576be2d602b4fc11e603
MR62X_SDK,MR62X_SDK_Paket/selected_sources/sdk/openwrt-21.02/target/linux/linux-4.4/drivers/net/wireless/realtek/g6_wifi_driver/platform/mips_97f/rtl8832bre/RFE50/PON_2G/RadioA.txt,38,639a9e9846487e3c432e351a37ba6a6f42c22b79267db6ce91847e5e0dbd365c
MR62X_SDK,MR62X_SDK_Paket/selected_sources/sdk/openwrt-21.02/target/linux/linux-4.4/drivers/net/wireless/realtek/g6_wifi_driver/platform/mips_97f/rtl8832bre/RFE50/PON_2G/RadioB.txt,39,3ede117a744aead0618c651ce9fe80f5a577af2edc088d790d31a873f2510844
MR62X_SDK,MR62X_SDK_Paket/selected_sources/sdk/openwrt-21.02/target/linux/linux-4.4/drivers/net/wireless/realtek/g6_wifi_driver/platform/mips_97f/rtl8832bre/RFE50/PON_2G/TXPWR_ByRate.txt,2384,f6da672e0c5bb5e654c72d731fc78f834756d6541440bd3cf61ef0b666475a07
MR62X_SDK,MR62X_SDK_Paket/selected_sources/sdk/openwrt-21.02/target/linux/linux-4.4/drivers/net/wireless/realtek/g6_wifi_driver/platform/mips_97f/rtl8832bre/RFE50/PON_2G/TXPWR_LMT.txt,14674,df4945543541d7ac0fe34a7e74291f777f4002e76fca321cc32cbf257c9741ae
MR62X_SDK,MR62X_SDK_Paket/selected_sources/sdk/openwrt-21.02/target/linux/linux-4.4/drivers/net/wireless/realtek/g6_wifi_driver/platform/mips_97f/rtl8832bre/RFE50/PON_2G/TXPWR_LMT_RU.txt,9750,529e9b5e8fa4deb60d97bcd78d353af34f42f372e9cc426b44c8137a5a2838d7
MR62X_SDK,MR62X_SDK_Paket/selected_sources/sdk/openwrt-21.02/target/linux/linux-4.4/drivers/net/wireless/realtek/g6_wifi_driver/platform/mips_97f/rtl8832bre/RFE50/PON_2G/TXPWR_TrackTSSI.txt,2570,1f16dfbd61289c1a01434553a48b3cbf7f7d710dbaf8b91865d2efb76325ae03
MR62X_SDK,MR62X_SDK_Paket/selected_sources/sdk/openwrt-21.02/target/linux/linux-4.4/drivers/net/wireless/realtek/g6_wifi_driver/platform/mips_97f/rtl8832bre/RFE50/PON_5G/PHY_REG.txt,36,1332a2104b1db840403857e8e8f747acb7a6f5f53bade10a84e7be957ede6feb
MR62X_SDK,MR62X_SDK_Paket/selected_sources/sdk/openwrt-21.02/target/linux/linux-4.4/drivers/net/wireless/realtek/g6_wifi_driver/platform/mips_97f/rtl8832bre/RFE50/PON_5G/RadioA.txt,38,4ee9df0ced8688c137d5ce06ff3be833e19dbfa2f28d02160163f10a9047e0b4
MR62X_SDK,MR62X_SDK_Paket/selected_sources/sdk/openwrt-21.02/target/linux/linux-4.4/drivers/net/wireless/realtek/g6_wifi_driver/platform/mips_97f/rtl8832bre/RFE50/PON_5G/RadioB.txt,38,4ee9df0ced8688c137d5ce06ff3be833e19dbfa2f28d02160163f10a9047e0b4
MR62X_SDK,MR62X_SDK_Paket/selected_sources/sdk/openwrt-21.02/target/linux/linux-4.4/drivers/net/wireless/realtek/g6_wifi_driver/platform/mips_97f/rtl8832bre/RFE50/PON_5G/TXPWR_ByRate.txt,2384,f6da672e0c5bb5e654c72d731fc78f834756d6541440bd3cf61ef0b666475a07
MR62X_SDK,MR62X_SDK_Paket/selected_sources/sdk/openwrt-21.02/target/linux/linux-4.4/drivers/net/wireless/realtek/g6_wifi_driver/platform/mips_97f/rtl8832bre/RFE50/PON_5G/TXPWR_LMT.txt,14674,df4945543541d7ac0fe34a7e74291f777f4002e76fca321cc32cbf257c9741ae
MR62X_SDK,MR62X_SDK_Paket/selected_sources/sdk/openwrt-21.02/target/linux/linux-4.4/drivers/net/wireless/realtek/g6_wifi_driver/platform/mips_97f/rtl8832bre/RFE50/PON_5G/TXPWR_LMT_RU.txt,9750,529e9b5e8fa4deb60d97bcd78d353af34f42f372e9cc426b44c8137a5a2838d7
MR62X_SDK,MR62X_SDK_Paket/selected_sources/sdk/openwrt-21.02/target/linux/linux-4.4/drivers/net/wireless/realtek/g6_wifi_driver/platform/mips_97f/rtl8832bre/RFE50/PON_5G/TXPWR_TrackTSSI.txt,2570,1f16dfbd61289c1a01434553a48b3cbf7f7d710dbaf8b91865d2efb76325ae03
MR62X_SDK,MR62X_SDK_Paket/selected_sources/sdk/openwrt-21.02/target/linux/linux-4.4/drivers/net/wireless/realtek/g6_wifi_driver/platform/mips_97f/rtl8832bre/RFE50/RadioA.txt,20228,81b724d64b0086777947565933076710c814ede25bf3bfe6f6382aa47fcaa807
MR62X_SDK,MR62X_SDK_Paket/selected_sources/sdk/openwrt-21.02/target/linux/linux-4.4/drivers/net/wireless/realtek/g6_wifi_driver/platform/mips_97f/rtl8832bre/RFE50/RadioB.txt,20056,3c5d63ad1d052764d987873d99241e79cc10f82d509f44c1568d510d71ec3ee2
MR62X_SDK,MR62X_SDK_Paket/selected_sources/sdk/openwrt-21.02/target/linux/linux-4.4/drivers/net/wireless/realtek/g6_wifi_driver/platform/mips_97f/rtl8832bre/RFE50/TXPWR_ByRate.txt,2384,f6da672e0c5bb5e654c72d731fc78f834756d6541440bd3cf61ef0b666475a07
MR62X_SDK,MR62X_SDK_Paket/selected_sources/sdk/openwrt-21.02/target/linux/linux-4.4/drivers/net/wireless/realtek/g6_wifi_driver/platform/mips_97f/rtl8832bre/RFE50/TXPWR_LMT.txt,14674,df4945543541d7ac0fe34a7e74291f777f4002e76fca321cc32cbf257c9741ae
MR62X_SDK,MR62X_SDK_Paket/selected_sources/sdk/openwrt-21.02/target/linux/linux-4.4/drivers/net/wireless/realtek/g6_wifi_driver/platform/mips_97f/rtl8832bre/RFE50/TXPWR_LMT_RU.txt,9750,529e9b5e8fa4deb60d97bcd78d353af34f42f372e9cc426b44c8137a5a2838d7
MR62X_SDK,MR62X_SDK_Paket/selected_sources/sdk/openwrt-21.02/target/linux/linux-4.4/drivers/net/wireless/realtek/g6_wifi_driver/platform/mips_97f/rtl8832bre/RFE50/TXPWR_TrackTSSI.txt,2570,1f16dfbd61289c1a01434553a48b3cbf7f7d710dbaf8b91865d2efb76325ae03
MR62X_SDK,MR62X_SDK_Paket/selected_sources/sdk/openwrt-21.02/target/linux/linux-4.4/drivers/net/wireless/realtek/g6_wifi_driver/platform/mips_97f/rtl8852ae/RFE50/AP_2G/PHY_REG.txt,34,339a26e15f16f6190fde1dda1b61f721929345a55e58a004456886c15f6ae131
MR62X_SDK,MR62X_SDK_Paket/selected_sources/sdk/openwrt-21.02/target/linux/linux-4.4/drivers/net/wireless/realtek/g6_wifi_driver/platform/mips_97f/rtl8852ae/RFE50/AP_2G/RadioA.txt,37,33423d37d4ab389e013a8d53426bab8a2b5effb1d97cfb46151367d058354d7f
MR62X_SDK,MR62X_SDK_Paket/selected_sources/sdk/openwrt-21.02/target/linux/linux-4.4/drivers/net/wireless/realtek/g6_wifi_driver/platform/mips_97f/rtl8852ae/RFE50/AP_2G/RadioB.txt,37,33423d37d4ab389e013a8d53426bab8a2b5effb1d97cfb46151367d058354d7f
MR62X_SDK,MR62X_SDK_Paket/selected_sources/sdk/openwrt-21.02/target/linux/linux-4.4/drivers/net/wireless/realtek/g6_wifi_driver/platform/mips_97f/rtl8852ae/RFE50/AP_2G/TXPWR_ByRate.txt,2320,335d1adc748a61c13c7f807853b0cd62f7e2d762686417d7ae3308c9bfa32045
MR62X_SDK,MR62X_SDK_Paket/selected_sources/sdk/openwrt-21.02/target/linux/linux-4.4/drivers/net/wireless/realtek/g6_wifi_driver/platform/mips_97f/rtl8852ae/RFE50/AP_2G/TXPWR_LMT.txt,22428,8fab2ce17aea31f336dcb32bf66b9719ff969d2bbfc3b28fa4ed734ad5f35d67
MR62X_SDK,MR62X_SDK_Paket/selected_sources/sdk/openwrt-21.02/target/linux/linux-4.4/drivers/net/wireless/realtek/g6_wifi_driver/platform/mips_97f/rtl8852ae/RFE50/AP_2G/TXPWR_LMT_RU.txt,14519,52bf0453113ca5d5260d4fc6907672e1fea8a7155be86eefe3d09629d949b922
MR62X_SDK,MR62X_SDK_Paket/selected_sources/sdk/openwrt-21.02/target/linux/linux-4.4/drivers/net/wireless/realtek/g6_wifi_driver/platform/mips_97f/rtl8852ae/RFE50/AP_2G/TXPWR_TrackTSSI.txt,2466,6f58d48d9dc19d1e842f09322ba14db6f297a0f1bdb16f6293e94478b9ddaf8d
MR62X_SDK,MR62X_SDK_Paket/selected_sources/sdk/openwrt-21.02/target/linux/linux-4.4/drivers/net/wireless/realtek/g6_wifi_driver/platform/mips_97f/rtl8852ae/RFE50/AP_5G/PHY_REG.txt,33,820332547fe26b27b92492e99f8a42f62ff31938ddf47f33b6f1b7c9cbc65456
MR62X_SDK,MR62X_SDK_Paket/selected_sources/sdk/openwrt-21.02/target/linux/linux-4.4/drivers/net/wireless/realtek/g6_wifi_driver/platform/mips_97f/rtl8852ae/RFE50/AP_5G/RadioA.txt,37,54c4c30ce765826b1447d2fb955c80f5f68abfc74836afcfd22cf3fed700f3ea
MR62X_SDK,MR62X_SDK_Paket/selected_sources/sdk/openwrt-21.02/target/linux/linux-4.4/drivers/net/wireless/realtek/g6_wifi_driver/platform/mips_97f/rtl8852ae/RFE50/AP_5G/RadioB.txt,37,54c4c30ce765826b1447d2fb955c80f5f68abfc74836afcfd22cf3fed700f3ea
MR62X_SDK,MR62X_SDK_Paket/selected_sources/sdk/openwrt-21.02/target/linux/linux-4.4/drivers/net/wireless/realtek/g6_wifi_driver/platform/mips_97f/rtl8852ae/RFE50/AP_5G/TXPWR_ByRate.txt,2320,63a5baf9e9be3e80d8d88760f9592abfbb25deaf3be0a2ace28d2c7bfe0efec8
MR62X_SDK,MR62X_SDK_Paket/selected_sources/sdk/openwrt-21.02/target/linux/linux-4.4/drivers/net/wireless/realtek/g6_wifi_driver/platform/mips_97f/rtl8852ae/RFE50/AP_5G/TXPWR_LMT.txt,22428,514c36cfc827f66befe7b59403b9f45eb10655459695ac1001c5a098478b4e07
MR62X_SDK,MR62X_SDK_Paket/selected_sources/sdk/openwrt-21.02/target/linux/linux-4.4/drivers/net/wireless/realtek/g6_wifi_driver/platform/mips_97f/rtl8852ae/RFE50/AP_5G/TXPWR_LMT_RU.txt,14519,cf9349f4aaef7e53f4f6a19ab130c94a95f67d7dbceaccfd14173416f1776581
MR62X_SDK,MR62X_SDK_Paket/selected_sources/sdk/openwrt-21.02/target/linux/linux-4.4/drivers/net/wireless/realtek/g6_wifi_driver/platform/mips_97f/rtl8852ae/RFE50/AP_5G/TXPWR_TrackTSSI.txt,2466,8e8c48eaf6cba46cd8bf03a68e2add264ad5b183a9efc3307ddf482fd7b19923
MR62X_SDK,MR62X_SDK_Paket/selected_sources/sdk/openwrt-21.02/target/linux/linux-4.4/drivers/net/wireless/realtek/g6_wifi_driver/platform/mips_97f/rtl8852ae/RFE50/PHY_REG.txt,20142,0284d7b883c796416bb022f9654ef290837586942d04c469ae08fcd97a3ac87b
MR62X_SDK,MR62X_SDK_Paket/selected_sources/sdk/openwrt-21.02/target/linux/linux-4.4/drivers/net/wireless/realtek/g6_wifi_driver/platform/mips_97f/rtl8852ae/RFE50/PHY_REG_GAIN.txt,825,3bdb4758997e9df31f5257f51fec46f1dbd2cdb23c27fc2cc13898fc58d82c11
MR62X_SDK,MR62X_SDK_Paket/selected_sources/sdk/openwrt-21.02/target/linux/linux-4.4/drivers/net/wireless/realtek/g6_wifi_driver/platform/mips_97f/rtl8852ae/RFE50/PON_2G/PHY_REG.txt,35,f987a7b30c3bb710efc99b93919bd947d894a66efefa576be2d602b4fc11e603
MR62X_SDK,MR62X_SDK_Paket/selected_sources/sdk/openwrt-21.02/target/linux/linux-4.4/drivers/net/wireless/realtek/g6_wifi_driver/platform/mips_97f/rtl8852ae/RFE50/PON_2G/RadioA.txt,38,639a9e9846487e3c432e351a37ba6a6f42c22b79267db6ce91847e5e0dbd365c
MR62X_SDK,MR62X_SDK_Paket/selected_sources/sdk/openwrt-21.02/target/linux/linux-4.4/drivers/net/wireless/realtek/g6_wifi_driver/platform/mips_97f/rtl8852ae/RFE50/PON_2G/RadioB.txt,39,3ede117a744aead0618c651ce9fe80f5a577af2edc088d790d31a873f2510844
MR62X_SDK,MR62X_SDK_Paket/selected_sources/sdk/openwrt-21.02/target/linux/linux-4.4/drivers/net/wireless/realtek/g6_wifi_driver/platform/mips_97f/rtl8852ae/RFE50/PON_2G/TXPWR_ByRate.txt,2321,2cbf915e08c05ed2cfb50a480b69563b75db4384370acb1fb79bb9102cde1284
MR62X_SDK,MR62X_SDK_Paket/selected_sources/sdk/openwrt-21.02/target/linux/linux-4.4/drivers/net/wireless/realtek/g6_wifi_driver/platform/mips_97f/rtl8852ae/RFE50/PON_2G/TXPWR_LMT.txt,22429,61e0d1de810215f549eea3089bbed5b1a4f390c6b8c82040b4d9cc8221b85029
MR62X_SDK,MR62X_SDK_Paket/selected_sources/sdk/openwrt-21.02/target/linux/linux-4.4/drivers/net/wireless/realtek/g6_wifi_driver/platform/mips_97f/rtl8852ae/RFE50/PON_2G/TXPWR_LMT_RU.txt,14520,fda7cea1c56138b45aed9b72390dbc1e9d18323c283f360781245f7f45b69190
MR62X_SDK,MR62X_SDK_Paket/selected_sources/sdk/openwrt-21.02/target/linux/linux-4.4/drivers/net/wireless/realtek/g6_wifi_driver/platform/mips_97f/rtl8852ae/RFE50/PON_2G/TXPWR_TrackTSSI.txt,2467,5ca8314d5945bc6a9fa0dd8b768fd7dd477fc31f32e9d9ec517dd086d53a7bf9
MR62X_SDK,MR62X_SDK_Paket/selected_sources/sdk/openwrt-21.02/target/linux/linux-4.4/drivers/net/wireless/realtek/g6_wifi_driver/platform/mips_97f/rtl8852ae/RFE50/PON_5G/PHY_REG.txt,36,1332a2104b1db840403857e8e8f747acb7a6f5f53bade10a84e7be957ede6feb
MR62X_SDK,MR62X_SDK_Paket/selected_sources/sdk/openwrt-21.02/target/linux/linux-4.4/drivers/net/wireless/realtek/g6_wifi_driver/platform/mips_97f/rtl8852ae/RFE50/PON_5G/RadioA.txt,38,4ee9df0ced8688c137d5ce06ff3be833e19dbfa2f28d02160163f10a9047e0b4
MR62X_SDK,MR62X_SDK_Paket/selected_sources/sdk/openwrt-21.02/target/linux/linux-4.4/drivers/net/wireless/realtek/g6_wifi_driver/platform/mips_97f/rtl8852ae/RFE50/PON_5G/RadioB.txt,38,4ee9df0ced8688c137d5ce06ff3be833e19dbfa2f28d02160163f10a9047e0b4
MR62X_SDK,MR62X_SDK_Paket/selected_sources/sdk/openwrt-21.02/target/linux/linux-4.4/drivers/net/wireless/realtek/g6_wifi_driver/platform/mips_97f/rtl8852ae/RFE50/PON_5G/TXPWR_ByRate.txt,2321,39cc15505899875c211dd84361bd31bb33c83a2ebece5b5e6cec932ee94b4824
MR62X_SDK,MR62X_SDK_Paket/selected_sources/sdk/openwrt-21.02/target/linux/linux-4.4/drivers/net/wireless/realtek/g6_wifi_driver/platform/mips_97f/rtl8852ae/RFE50/PON_5G/TXPWR_LMT.txt,22429,f60cdcb859a7d78b9de3e67a7f01573b8ec1a4d54053f429278f7e18e906a72f
MR62X_SDK,MR62X_SDK_Paket/selected_sources/sdk/openwrt-21.02/target/linux/linux-4.4/drivers/net/wireless/realtek/g6_wifi_driver/platform/mips_97f/rtl8852ae/RFE50/PON_5G/TXPWR_LMT_RU.txt,14520,087fab661ba06deca58945d58e5c5ca81500c4789a91976a418b939dc77dfef4
MR62X_SDK,MR62X_SDK_Paket/selected_sources/sdk/openwrt-21.02/target/linux/linux-4.4/drivers/net/wireless/realtek/g6_wifi_driver/platform/mips_97f/rtl8852ae/RFE50/PON_5G/TXPWR_TrackTSSI.txt,2467,338b67b59b36e42f6ba5254c9aac7cf2097d2c4844e79f3b22aa1c0b9e2302bd
MR62X_SDK,MR62X_SDK_Paket/selected_sources/sdk/openwrt-21.02/target/linux/linux-4.4/drivers/net/wireless/realtek/g6_wifi_driver/platform/mips_97f/rtl8852ae/RFE50/RadioA.txt,23551,9f6b274eb33a2cd6353194b15aa9486f8005c283513984c706fc614c08178292
MR62X_SDK,MR62X_SDK_Paket/selected_sources/sdk/openwrt-21.02/target/linux/linux-4.4/drivers/net/wireless/realtek/g6_wifi_driver/platform/mips_97f/rtl8852ae/RFE50/RadioB.txt,23523,cb6ef0413c7a9dffe47f678a151eff65399535091fdd32c519e15bba92e2ef80
MR62X_SDK,MR62X_SDK_Paket/selected_sources/sdk/openwrt-21.02/target/linux/linux-4.4/drivers/net/wireless/realtek/g6_wifi_driver/platform/mips_97f/rtl8852ae/RFE50/TXPWR_ByRate.txt,2383,e91355ccbe1f1f0608a6fccf43e281d795e882f5e2071568988964f2c7ba51b6
MR62X_SDK,MR62X_SDK_Paket/selected_sources/sdk/openwrt-21.02/target/linux/linux-4.4/drivers/net/wireless/realtek/g6_wifi_driver/platform/mips_97f/rtl8852ae/RFE50/TXPWR_ByRate_PON.txt,2383,0c095201733abd8c41792e3e3d968a00b42b86d4382a34e19b41e18e563c93f3
MR62X_SDK,MR62X_SDK_Paket/selected_sources/sdk/openwrt-21.02/target/linux/linux-4.4/drivers/net/wireless/realtek/g6_wifi_driver/platform/mips_97f/rtl8852ae/RFE50/TXPWR_LMT.txt,22407,689a3fe9cfa99c0080dc3e287c35e8329cff92f1937f6d340bf627226df5f4e6
MR62X_SDK,MR62X_SDK_Paket/selected_sources/sdk/openwrt-21.02/target/linux/linux-4.4/drivers/net/wireless/realtek/g6_wifi_driver/platform/mips_97f/rtl8852ae/RFE50/TXPWR_LMT[FCC SAR][IC SAR].txt,23152,4a0b4118a9849fd3ed437c435e2206841e303c5a963c8c6519c2c0c38f18ac99
MR62X_SDK,MR62X_SDK_Paket/selected_sources/sdk/openwrt-21.02/target/linux/linux-4.4/drivers/net/wireless/realtek/g6_wifi_driver/platform/mips_97f/rtl8852ae/RFE50/TXPWR_LMT_RU.txt,14498,4267b371178bc1a576b5e0a6433e400e7070be50855a1e12c455a197096b34ba
MR62X_SDK,MR62X_SDK_Paket/selected_sources/sdk/openwrt-21.02/target/linux/linux-4.4/drivers/net/wireless/realtek/g6_wifi_driver/platform/mips_97f/rtl8852ae/RFE50/TXPWR_TrackTSSI.txt,2542,a4a74e4cb2210209b25cc7a5a985c59b08c62f9b6bc788dd10f04d2f4a6db147
MR62X_SDK,MR62X_SDK_Paket/selected_sources/sdk/openwrt-21.02/target/linux/linux-4.4/drivers/net/wireless/realtek/g6_wifi_driver/platform/mips_97f/rtl8852ae/RFE50/TXPWR_TrackTSSI_type2.txt,2566,77e242b017c9ef0925ff9e3b52818ceac4223236ac61594328557828589b5016
MR62X_SDK,MR62X_SDK_Paket/selected_sources/sdk/openwrt-21.02/target/linux/linux-4.4/drivers/net/wireless/realtek/g6_wifi_driver/platform/mips_97f/rtl8852ae/RFE50/TXPWR_TrackTSSI_type3.txt,2566,77e242b017c9ef0925ff9e3b52818ceac4223236ac61594328557828589b5016
MR62X_SDK,MR62X_SDK_Paket/selected_sources/sdk/openwrt-21.02/target/linux/linux-4.4/drivers/net/wireless/realtek/g6_wifi_driver/platform/mips_97f/rtl8852ae/RFE50/TXPWR_TrackTSSI_type37.txt,2566,77e242b017c9ef0925ff9e3b52818ceac4223236ac61594328557828589b5016
MR62X_SDK,MR62X_SDK_Paket/selected_sources/sdk/openwrt-21.02/target/linux/linux-4.4/drivers/net/wireless/realtek/g6_wifi_driver/platform/mips_97f/rtl8852ae/RFE50/TXPWR_TrackTSSI_type38.txt,2566,77e242b017c9ef0925ff9e3b52818ceac4223236ac61594328557828589b5016
MR62X_SDK,MR62X_SDK_Paket/selected_sources/sdk/openwrt-21.02/target/linux/linux-4.4/drivers/net/wireless/realtek/g6_wifi_driver/platform/mips_97f/rtl8852ae/RFE50/TXPWR_TrackTSSI_type4.txt,2566,77e242b017c9ef0925ff9e3b52818ceac4223236ac61594328557828589b5016
MR62X_SDK,MR62X_SDK_Paket/selected_sources/sdk/openwrt-21.02/target/linux/linux-4.4/drivers/net/wireless/realtek/g6_wifi_driver/platform/mips_97f/rtl8852ae/RFE50/TXPWR_TrackTSSI_type50.txt,2512,58e8e09cc9a0bfd48d8588921b8f1431e59951f568dc33e30428bdb1247e16a1
MR62X_SDK,MR62X_SDK_Paket/selected_sources/sdk/openwrt-21.02/target/linux/linux-4.4/drivers/net/wireless/realtek/g6_wifi_driver/platform/mips_97f/rtl8852ae/RFE50/TXPWR_TrackTSSI_type51.txt,2492,b39ec0b8e737e3424dead28863d42a2248ad62336653812ad85fb2c75cdc533f
MR62X_SDK,MR62X_SDK_Paket/selected_sources/sdk/openwrt-21.02/target/linux/linux-4.4/drivers/net/wireless/realtek/g6_wifi_driver/platform/mips_97f/rtl8852ae/RFE50/TXPWR_TrackTSSI_type52.txt,2492,2ab23dc00d595de7ad9831c087b0038d60e26651d6281f227944ed03269966c7
MR62X_SDK,MR62X_SDK_Paket/selected_sources/sdk/openwrt-21.02/target/linux/linux-4.4/drivers/net/wireless/realtek/g6_wifi_driver/platform/mips_97f/rtl8852ae/RFE50/TXPWR_TrackTSSI_type53.txt,2492,981b41a60cc6d8946670f0800455fcd389dae5df8114696420fa1991a2184303
MR62X_SDK,MR62X_SDK_Paket/selected_sources/sdk/openwrt-21.02/target/linux/linux-4.4/drivers/net/wireless/realtek/g6_wifi_driver/platform/mips_97f/rtl8852ae/RFE50/TXPWR_TrackTSSI_type54.txt,2492,492572a79d61c9fec23e0a201600c8e2725cd3fd4a860e624f5fbb2b30762b03
MR62X_SDK,MR62X_SDK_Paket/selected_sources/sdk/openwrt-21.02/target/linux/linux-4.4/drivers/net/wireless/realtek/g6_wifi_driver/platform/mips_97f/rtl8852ae/RFE50/TxXtalTrack.txt,711,8dc3ffe61231a3271e14d24edeae53ac238b75c19ae5ac26b845c84088d78df6
MR62X_SDK,MR62X_SDK_Paket/selected_sources/sdk/openwrt-21.02/target/linux/linux-4.4/drivers/net/wireless/realtek/g6_wifi_driver/platform/mips_97f/rtl8852ae/RFE51/KCT8248HE/PHY_REG.txt,1213,49fd6359726fc8e164ee6d0280ec983fe531b036bb05c4213a2ce57e17ee46f7
MR62X_SDK,MR62X_SDK_Paket/selected_sources/sdk/openwrt-21.02/target/linux/linux-4.4/drivers/net/wireless/realtek/g6_wifi_driver/platform/mips_97f/rtl8852ae/RFE51/KCT8248HE/RadioA.txt,103,68597b1b43012b44302cecd63d394cd19fbd781bf5d1e4304fcead95db9d92a8
MR62X_SDK,MR62X_SDK_Paket/selected_sources/sdk/openwrt-21.02/target/linux/linux-4.4/drivers/net/wireless/realtek/g6_wifi_driver/platform/mips_97f/rtl8852ae/RFE51/KCT8248HE/RadioB.txt,103,68597b1b43012b44302cecd63d394cd19fbd781bf5d1e4304fcead95db9d92a8
MR62X_SDK,MR62X_SDK_Paket/selected_sources/sdk/openwrt-21.02/target/linux/linux-4.4/drivers/net/wireless/realtek/g6_wifi_driver/platform/mips_97f/rtl8852ae/RFE51/KCT8248HE/TXPWR_ByRate.txt,2314,50ef4836ecba8ecd66ebabf7a86ac4290eda70e6568b839005ab7e86495fc478
MR62X_SDK,MR62X_SDK_Paket/selected_sources/sdk/openwrt-21.02/target/linux/linux-4.4/drivers/net/wireless/realtek/g6_wifi_driver/platform/mips_97f/rtl8852ae/RFE51/KCT8248HE/TXPWR_LMT.txt,22422,9b8b143baca48002a9c135b308f3ff21ee8778b796414176ef076fee1352c563
MR62X_SDK,MR62X_SDK_Paket/selected_sources/sdk/openwrt-21.02/target/linux/linux-4.4/drivers/net/wireless/realtek/g6_wifi_driver/platform/mips_97f/rtl8852ae/RFE51/KCT8248HE/TXPWR_LMT_RU.txt,14513,26d36ba2db80669e60920f378cd655970462b30c5dc913c894f881af1c9bf368
MR62X_SDK,MR62X_SDK_Paket/selected_sources/sdk/openwrt-21.02/target/linux/linux-4.4/drivers/net/wireless/realtek/g6_wifi_driver/platform/mips_97f/rtl8852ae/RFE51/KCT8248HE/TXPWR_TrackTSSI.txt,2467,c2873fc4d3d7fb599fa119f81780cef6f3962290adebd7c598cd1d572bbf1c2e
MR62X_SDK,MR62X_SDK_Paket/selected_sources/sdk/openwrt-21.02/target/linux/linux-4.4/drivers/net/wireless/realtek/g6_wifi_driver/platform/mips_97f/rtl8852ae/RFE51/PHY_REG.txt,20142,89164c5af8598d7c3545da41542423d5e5a47934f5fe43a128eefd06d9858327
MR62X_SDK,MR62X_SDK_Paket/selected_sources/sdk/openwrt-21.02/target/linux/linux-4.4/drivers/net/wireless/realtek/g6_wifi_driver/platform/mips_97f/rtl8852ae/RFE51/PHY_REG_GAIN.txt,827,25a455a0c88c64d03f5b7502e90f4469c8427646a75612499d4ac4c431bb706e
MR62X_SDK,MR62X_SDK_Paket/selected_sources/sdk/openwrt-21.02/target/linux/linux-4.4/drivers/net/wireless/realtek/g6_wifi_driver/platform/mips_97f/rtl8852ae/RFE51/RadioA.txt,23552,02d09ca373ce2d8e07297a7dde2ac6d49a4ca47aee7bb579131380bc62c8a065
MR62X_SDK,MR62X_SDK_Paket/selected_sources/sdk/openwrt-21.02/target/linux/linux-4.4/drivers/net/wireless/realtek/g6_wifi_driver/platform/mips_97f/rtl8852ae/RFE51/RadioB.txt,23524,5c42266a29b5774151193c7a69ae304f089d6fde0eee4ff38e301afcce8dd211
MR62X_SDK,MR62X_SDK_Paket/selected_sources/sdk/openwrt-21.02/target/linux/linux-4.4/drivers/net/wireless/realtek/g6_wifi_driver/platform/mips_97f/rtl8852ae/RFE51/SKY85333/PHY_REG.txt,1212,d21345cb09c090ebb1100ff414ef1bf38bd5ec1de4d41cf10cc7cc75df5e48e6
MR62X_SDK,MR62X_SDK_Paket/selected_sources/sdk/openwrt-21.02/target/linux/linux-4.4/drivers/net/wireless/realtek/g6_wifi_driver/platform/mips_97f/rtl8852ae/RFE51/SKY85333/RadioA.txt,102,3c185c66803595dc5cd269717a7c4053980752b07405f8df3421ed0a6520fbb7
MR62X_SDK,MR62X_SDK_Paket/selected_sources/sdk/openwrt-21.02/target/linux/linux-4.4/drivers/net/wireless/realtek/g6_wifi_driver/platform/mips_97f/rtl8852ae/RFE51/SKY85333/RadioB.txt,102,3c185c66803595dc5cd269717a7c4053980752b07405f8df3421ed0a6520fbb7
MR62X_SDK,MR62X_SDK_Paket/selected_sources/sdk/openwrt-21.02/target/linux/linux-4.4/drivers/net/wireless/realtek/g6_wifi_driver/platform/mips_97f/rtl8852ae/RFE51/SKY85333/TXPWR_ByRate.txt,2313,6a6f93bc6f2ea53ec4014c12722895ba3cb8b8acdce27a27806ce625a85577a0
MR62X_SDK,MR62X_SDK_Paket/selected_sources/sdk/openwrt-21.02/target/linux/linux-4.4/drivers/net/wireless/realtek/g6_wifi_driver/platform/mips_97f/rtl8852ae/RFE51/SKY85333/TXPWR_LMT.txt,22421,f14a22baf52974649c9a0af85493cacea4047d003698dc429fce0c4e127d4215
MR62X_SDK,MR62X_SDK_Paket/selected_sources/sdk/openwrt-21.02/target/linux/linux-4.4/drivers/net/wireless/realtek/g6_wifi_driver/platform/mips_97f/rtl8852ae/RFE51/SKY85333/TXPWR_LMT_RU.txt,14512,a64afec6f228a1bb1034015e13e5601305a1e9efe2c21a95f328275472c62c62
MR62X_SDK,MR62X_SDK_Paket/selected_sources/sdk/openwrt-21.02/target/linux/linux-4.4/drivers/net/wireless/realtek/g6_wifi_driver/platform/mips_97f/rtl8852ae/RFE51/SKY85333/TXPWR_TrackTSSI.txt,2466,f38a4c079d949e0c17173f94bd701e9833c3c45253ffea7afdc4f42584f0a675
MR62X_SDK,MR62X_SDK_Paket/selected_sources/sdk/openwrt-21.02/target/linux/linux-4.4/drivers/net/wireless/realtek/g6_wifi_driver/platform/mips_97f/rtl8852ae/RFE51/SKY85747/PHY_REG.txt,1228,3c96da325b954be30c0b58cda451b19c9b8dda607efa4e347f366af90aa8bf58
MR62X_SDK,MR62X_SDK_Paket/selected_sources/sdk/openwrt-21.02/target/linux/linux-4.4/drivers/net/wireless/realtek/g6_wifi_driver/platform/mips_97f/rtl8852ae/RFE51/SKY85747/RadioA.txt,102,34190c2cbc4d56ed6ddf8d991895b6e856e9c8cb9567aadf94d8caf8d2e33277
MR62X_SDK,MR62X_SDK_Paket/selected_sources/sdk/openwrt-21.02/target/linux/linux-4.4/drivers/net/wireless/realtek/g6_wifi_driver/platform/mips_97f/rtl8852ae/RFE51/SKY85747/RadioB.txt,102,783796865b3268ae38ba3d5a4ef4217c0beb4e9b3d12c3388388fad76864081a
MR62X_SDK,MR62X_SDK_Paket/selected_sources/sdk/openwrt-21.02/target/linux/linux-4.4/drivers/net/wireless/realtek/g6_wifi_driver/platform/mips_97f/rtl8852ae/RFE51/SKY85747/TXPWR_ByRate.txt,2313,e913036fc42b9edc1f0bb046cb4c5bc8e5fcd4fa2a8585a057ec48ddbd6f345b
MR62X_SDK,MR62X_SDK_Paket/selected_sources/sdk/openwrt-21.02/target/linux/linux-4.4/drivers/net/wireless/realtek/g6_wifi_driver/platform/mips_97f/rtl8852ae/RFE51/SKY85747/TXPWR_LMT.txt,22421,2efc0fcdba36c8123f041555f9c912c802f715c8d264003bea85417a0adfb8a3
MR62X_SDK,MR62X_SDK_Paket/selected_sources/sdk/openwrt-21.02/target/linux/linux-4.4/drivers/net/wireless/realtek/g6_wifi_driver/platform/mips_97f/rtl8852ae/RFE51/SKY85747/TXPWR_LMT_RU.txt,14512,b09b70a88f6e4ba0dfa8c06bb3b3545e66146440dd17ae99139d082a45b3521e
MR62X_SDK,MR62X_SDK_Paket/selected_sources/sdk/openwrt-21.02/target/linux/linux-4.4/drivers/net/wireless/realtek/g6_wifi_driver/platform/mips_97f/rtl8852ae/RFE51/SKY85747/TXPWR_TrackTSSI.txt,2466,f5b4f96bedf1c0d2562be45031ea55f64c36ed058ca5078dd0a8d7872b3dfd59
MR62X_SDK,MR62X_SDK_Paket/selected_sources/sdk/openwrt-21.02/target/linux/linux-4.4/drivers/net/wireless/realtek/g6_wifi_driver/platform/mips_97f/rtl8852ae/RFE51/TXPWR_ByRate.txt,2383,e91355ccbe1f1f0608a6fccf43e281d795e882f5e2071568988964f2c7ba51b6
MR62X_SDK,MR62X_SDK_Paket/selected_sources/sdk/openwrt-21.02/target/linux/linux-4.4/drivers/net/wireless/realtek/g6_wifi_driver/platform/mips_97f/rtl8852ae/RFE51/TXPWR_LMT.txt,22407,689a3fe9cfa99c0080dc3e287c35e8329cff92f1937f6d340bf627226df5f4e6
MR62X_SDK,MR62X_SDK_Paket/selected_sources/sdk/openwrt-21.02/target/linux/linux-4.4/drivers/net/wireless/realtek/g6_wifi_driver/platform/mips_97f/rtl8852ae/RFE51/TXPWR_LMT[FCC SAR][IC SAR].txt,23152,4a0b4118a9849fd3ed437c435e2206841e303c5a963c8c6519c2c0c38f18ac99
MR62X_SDK,MR62X_SDK_Paket/selected_sources/sdk/openwrt-21.02/target/linux/linux-4.4/drivers/net/wireless/realtek/g6_wifi_driver/platform/mips_97f/rtl8852ae/RFE51/TXPWR_LMT_RU.txt,14498,4267b371178bc1a576b5e0a6433e400e7070be50855a1e12c455a197096b34ba
MR62X_SDK,MR62X_SDK_Paket/selected_sources/sdk/openwrt-21.02/target/linux/linux-4.4/drivers/net/wireless/realtek/g6_wifi_driver/platform/mips_97f/rtl8852ae/RFE51/TXPWR_TrackTSSI.txt,2542,a4a74e4cb2210209b25cc7a5a985c59b08c62f9b6bc788dd10f04d2f4a6db147
MR62X_SDK,MR62X_SDK_Paket/selected_sources/sdk/openwrt-21.02/target/linux/linux-4.4/drivers/net/wireless/realtek/g6_wifi_driver/platform/mips_97f/rtl8852ae/RFE51/TXPWR_TrackTSSI_51.txt,2488,97c380c4a2f51f88f72d616b906fddb647bf2a6f062a67552014d358e7684e69
MR62X_SDK,MR62X_SDK_Paket/selected_sources/sdk/openwrt-21.02/target/linux/linux-4.4/drivers/net/wireless/realtek/g6_wifi_driver/platform/mips_97f/rtl8852ae/RFE51/TXPWR_TrackTSSI_type2.txt,2566,77e242b017c9ef0925ff9e3b52818ceac4223236ac61594328557828589b5016
MR62X_SDK,MR62X_SDK_Paket/selected_sources/sdk/openwrt-21.02/target/linux/linux-4.4/drivers/net/wireless/realtek/g6_wifi_driver/platform/mips_97f/rtl8852ae/RFE51/TXPWR_TrackTSSI_type3.txt,2566,77e242b017c9ef0925ff9e3b52818ceac4223236ac61594328557828589b5016
MR62X_SDK,MR62X_SDK_Paket/selected_sources/sdk/openwrt-21.02/target/linux/linux-4.4/drivers/net/wireless/realtek/g6_wifi_driver/platform/mips_97f/rtl8852ae/RFE51/TXPWR_TrackTSSI_type37.txt,2566,77e242b017c9ef0925ff9e3b52818ceac4223236ac61594328557828589b5016
MR62X_SDK,MR62X_SDK_Paket/selected_sources/sdk/openwrt-21.02/target/linux/linux-4.4/drivers/net/wireless/realtek/g6_wifi_driver/platform/mips_97f/rtl8852ae/RFE51/TXPWR_TrackTSSI_type38.txt,2566,77e242b017c9ef0925ff9e3b52818ceac4223236ac61594328557828589b5016
MR62X_SDK,MR62X_SDK_Paket/selected_sources/sdk/openwrt-21.02/target/linux/linux-4.4/drivers/net/wireless/realtek/g6_wifi_driver/platform/mips_97f/rtl8852ae/RFE51/TXPWR_TrackTSSI_type4.txt,2566,77e242b017c9ef0925ff9e3b52818ceac4223236ac61594328557828589b5016
MR62X_SDK,MR62X_SDK_Paket/selected_sources/sdk/openwrt-21.02/target/linux/linux-4.4/drivers/net/wireless/realtek/g6_wifi_driver/platform/mips_97f/rtl8852ae/RFE51/TXPWR_TrackTSSI_type50.txt,2512,58e8e09cc9a0bfd48d8588921b8f1431e59951f568dc33e30428bdb1247e16a1
MR62X_SDK,MR62X_SDK_Paket/selected_sources/sdk/openwrt-21.02/target/linux/linux-4.4/drivers/net/wireless/realtek/g6_wifi_driver/platform/mips_97f/rtl8852ae/RFE51/TXPWR_TrackTSSI_type51.txt,2492,b39ec0b8e737e3424dead28863d42a2248ad62336653812ad85fb2c75cdc533f
MR62X_SDK,MR62X_SDK_Paket/selected_sources/sdk/openwrt-21.02/target/linux/linux-4.4/drivers/net/wireless/realtek/g6_wifi_driver/platform/mips_97f/rtl8852ae/RFE51/TXPWR_TrackTSSI_type52.txt,2492,2ab23dc00d595de7ad9831c087b0038d60e26651d6281f227944ed03269966c7
MR62X_SDK,MR62X_SDK_Paket/selected_sources/sdk/openwrt-21.02/target/linux/linux-4.4/drivers/net/wireless/realtek/g6_wifi_driver/platform/mips_97f/rtl8852ae/RFE51/TXPWR_TrackTSSI_type53.txt,2492,981b41a60cc6d8946670f0800455fcd389dae5df8114696420fa1991a2184303
MR62X_SDK,MR62X_SDK_Paket/selected_sources/sdk/openwrt-21.02/target/linux/linux-4.4/drivers/net/wireless/realtek/g6_wifi_driver/platform/mips_97f/rtl8852ae/RFE51/TXPWR_TrackTSSI_type54.txt,2492,492572a79d61c9fec23e0a201600c8e2725cd3fd4a860e624f5fbb2b30762b03
MR62X_SDK,MR62X_SDK_Paket/selected_sources/sdk/openwrt-21.02/target/linux/linux-4.4/drivers/net/wireless/realtek/g6_wifi_driver/platform/mips_97f/rtl8852ae/RFE51/TxXtalTrack.txt,711,8dc3ffe61231a3271e14d24edeae53ac238b75c19ae5ac26b845c84088d78df6
MR62X_SDK,MR62X_SDK_Paket/selected_sources/sdk/openwrt-21.02/target/linux/linux-4.4/drivers/net/wireless/realtek/g6_wifi_driver/platform/mips_97f/rtl8852ae/RFE51/VC5333/PHY_REG.txt,1210,06026c443f50a95ca473a98a484b45a5cabc234cc5d66ee0e09a67374e9633bb
MR62X_SDK,MR62X_SDK_Paket/selected_sources/sdk/openwrt-21.02/target/linux/linux-4.4/drivers/net/wireless/realtek/g6_wifi_driver/platform/mips_97f/rtl8852ae/RFE51/VC5333/RadioA.txt,100,fec7594b8356c37f238aa9d43ad9a87169d81d3ee74560fa980213fcbaea2700
MR62X_SDK,MR62X_SDK_Paket/selected_sources/sdk/openwrt-21.02/target/linux/linux-4.4/drivers/net/wireless/realtek/g6_wifi_driver/platform/mips_97f/rtl8852ae/RFE51/VC5333/RadioB.txt,100,43f0c5e7876fa49705a65b37f349ac9c45a356f72657beb2f36a299c8b067af2
MR62X_SDK,MR62X_SDK_Paket/selected_sources/sdk/openwrt-21.02/target/linux/linux-4.4/drivers/net/wireless/realtek/g6_wifi_driver/platform/mips_97f/rtl8852ae/RFE51/VC5333/TXPWR_ByRate.txt,2311,58f922483540bd1f6a24111093f5b00e1371401d524c93cf63e75948db95cce3
MR62X_SDK,MR62X_SDK_Paket/selected_sources/sdk/openwrt-21.02/target/linux/linux-4.4/drivers/net/wireless/realtek/g6_wifi_driver/platform/mips_97f/rtl8852ae/RFE51/VC5333/TXPWR_LMT.txt,22419,42dafd019cd7d15936ae6f069fcc672cefe16b16ada042ce1d26a758d1db5694
MR62X_SDK,MR62X_SDK_Paket/selected_sources/sdk/openwrt-21.02/target/linux/linux-4.4/drivers/net/wireless/realtek/g6_wifi_driver/platform/mips_97f/rtl8852ae/RFE51/VC5333/TXPWR_LMT_RU.txt,14510,767dbfa4ad7d91c8f21c8c0ec6c48943a65ad8499cd225bf4290da811f987adc
MR62X_SDK,MR62X_SDK_Paket/selected_sources/sdk/openwrt-21.02/target/linux/linux-4.4/drivers/net/wireless/realtek/g6_wifi_driver/platform/mips_97f/rtl8852ae/RFE51/VC5333/TXPWR_TrackTSSI.txt,2464,10e3c0fe251c506067b8286ffb3b96692369405451dc5348d436c7bf3e61a44a
MR62X_SDK,MR62X_SDK_Paket/selected_sources/sdk/openwrt-21.02/target/linux/linux-4.4/drivers/net/wireless/realtek/g6_wifi_driver/platform/mips_97f/rtl8852ae/RFE52/PHY_REG.txt,20142,110421534732f6fcc48355fbdf638b619496260839b64656d78e617ff95106e8
MR62X_SDK,MR62X_SDK_Paket/selected_sources/sdk/openwrt-21.02/target/linux/linux-4.4/drivers/net/wireless/realtek/g6_wifi_driver/platform/mips_97f/rtl8852ae/RFE52/PHY_REG_GAIN.txt,827,25a455a0c88c64d03f5b7502e90f4469c8427646a75612499d4ac4c431bb706e
MR62X_SDK,MR62X_SDK_Paket/selected_sources/sdk/openwrt-21.02/target/linux/linux-4.4/drivers/net/wireless/realtek/g6_wifi_driver/platform/mips_97f/rtl8852ae/RFE52/RTC66204/PHY_REG.txt,1212,c6bf30da39d076e9c305b23f2fe4c52678209da70d8f3a65a6a209a16f876a6f
MR62X_SDK,MR62X_SDK_Paket/selected_sources/sdk/openwrt-21.02/target/linux/linux-4.4/drivers/net/wireless/realtek/g6_wifi_driver/platform/mips_97f/rtl8852ae/RFE52/RTC66204/RadioA.txt,102,f97e754aa48d4f17bd204b482d1b588d8cb043e6bde14b6629dc793475092bbc
MR62X_SDK,MR62X_SDK_Paket/selected_sources/sdk/openwrt-21.02/target/linux/linux-4.4/drivers/net/wireless/realtek/g6_wifi_driver/platform/mips_97f/rtl8852ae/RFE52/RTC66204/RadioB.txt,102,f97e754aa48d4f17bd204b482d1b588d8cb043e6bde14b6629dc793475092bbc
MR62X_SDK,MR62X_SDK_Paket/selected_sources/sdk/openwrt-21.02/target/linux/linux-4.4/drivers/net/wireless/realtek/g6_wifi_driver/platform/mips_97f/rtl8852ae/RFE52/RTC66204/TXPWR_ByRate.txt,2313,36efe2893232f2f85f04459509efd5a1c0d4c31786d9fc79c409419c8a16ee86
MR62X_SDK,MR62X_SDK_Paket/selected_sources/sdk/openwrt-21.02/target/linux/linux-4.4/drivers/net/wireless/realtek/g6_wifi_driver/platform/mips_97f/rtl8852ae/RFE52/RTC66204/TXPWR_LMT.txt,22421,35ea892564aeae25cf5eb1fb72c3281495f813e018aef49164a69987d9c6a8a7
MR62X_SDK,MR62X_SDK_Paket/selected_sources/sdk/openwrt-21.02/target/linux/linux-4.4/drivers/net/wireless/realtek/g6_wifi_driver/platform/mips_97f/rtl8852ae/RFE52/RTC66204/TXPWR_LMT_RU.txt,14512,14f9b2c1eb3408e269cd792c15cd13713a74582ec248e5d51532634b13e4b311
MR62X_SDK,MR62X_SDK_Paket/selected_sources/sdk/openwrt-21.02/target/linux/linux-4.4/drivers/net/wireless/realtek/g6_wifi_driver/platform/mips_97f/rtl8852ae/RFE52/RTC66204/TXPWR_TrackTSSI.txt,2466,f1683ba8daf0b1c45cdac0e349be196daa544cb3d1c967c5d41007e3e7278019
MR62X_SDK,MR62X_SDK_Paket/selected_sources/sdk/openwrt-21.02/target/linux/linux-4.4/drivers/net/wireless/realtek/g6_wifi_driver/platform/mips_97f/rtl8852ae/RFE52/RTC66504/PHY_REG.txt,1229,21e0e175cda4ce67b0a2e34584314652d110f149058e0b67f03c09ed8fd62bd8
MR62X_SDK,MR62X_SDK_Paket/selected_sources/sdk/openwrt-21.02/target/linux/linux-4.4/drivers/net/wireless/realtek/g6_wifi_driver/platform/mips_97f/rtl8852ae/RFE52/RTC66504/RadioA.txt,102,1e7a8a40e7667d1fcca9ff4d0cc987036c99d835056d0c15bc140c299b5d7933
MR62X_SDK,MR62X_SDK_Paket/selected_sources/sdk/openwrt-21.02/target/linux/linux-4.4/drivers/net/wireless/realtek/g6_wifi_driver/platform/mips_97f/rtl8852ae/RFE52/RTC66504/RadioB.txt,102,31bad158870c840b4d8b6fd4ddbaa226f45e2665d56563a921cbb88517f85efa
MR62X_SDK,MR62X_SDK_Paket/selected_sources/sdk/openwrt-21.02/target/linux/linux-4.4/drivers/net/wireless/realtek/g6_wifi_driver/platform/mips_97f/rtl8852ae/RFE52/RTC66504/TXPWR_ByRate.txt,2313,159af2eea381005cd33ea7e7d27ecba86c8b7112802cc7a819b0c4c136d8798d
MR62X_SDK,MR62X_SDK_Paket/selected_sources/sdk/openwrt-21.02/target/linux/linux-4.4/drivers/net/wireless/realtek/g6_wifi_driver/platform/mips_97f/rtl8852ae/RFE52/RTC66504/TXPWR_LMT.txt,22421,b6fe89873c6cdf3d188ced871a95a6611a6561d98fb3260bc8613b311598991f
MR62X_SDK,MR62X_SDK_Paket/selected_sources/sdk/openwrt-21.02/target/linux/linux-4.4/drivers/net/wireless/realtek/g6_wifi_driver/platform/mips_97f/rtl8852ae/RFE52/RTC66504/TXPWR_LMT_RU.txt,14512,7374cfd64acb22b3804b03572d4b99737504ee9e1adadbdb6d4d33ac301081c7
MR62X_SDK,MR62X_SDK_Paket/selected_sources/sdk/openwrt-21.02/target/linux/linux-4.4/drivers/net/wireless/realtek/g6_wifi_driver/platform/mips_97f/rtl8852ae/RFE52/RTC66504/TXPWR_TrackTSSI.txt,2466,bc494585312ab0645e49faa42438f8fb46c6daeb8051cec75789b87ad5d6402f
MR62X_SDK,MR62X_SDK_Paket/selected_sources/sdk/openwrt-21.02/target/linux/linux-4.4/drivers/net/wireless/realtek/g6_wifi_driver/platform/mips_97f/rtl8852ae/RFE52/RadioA.txt,23552,02d09ca373ce2d8e07297a7dde2ac6d49a4ca47aee7bb579131380bc62c8a065
MR62X_SDK,MR62X_SDK_Paket/selected_sources/sdk/openwrt-21.02/target/linux/linux-4.4/drivers/net/wireless/realtek/g6_wifi_driver/platform/mips_97f/rtl8852ae/RFE52/RadioB.txt,23524,5c42266a29b5774151193c7a69ae304f089d6fde0eee4ff38e301afcce8dd211
MR62X_SDK,MR62X_SDK_Paket/selected_sources/sdk/openwrt-21.02/target/linux/linux-4.4/drivers/net/wireless/realtek/g6_wifi_driver/platform/mips_97f/rtl8852ae/RFE52/TXPWR_ByRate.txt,2383,e91355ccbe1f1f0608a6fccf43e281d795e882f5e2071568988964f2c7ba51b6
MR62X_SDK,MR62X_SDK_Paket/selected_sources/sdk/openwrt-21.02/target/linux/linux-4.4/drivers/net/wireless/realtek/g6_wifi_driver/platform/mips_97f/rtl8852ae/RFE52/TXPWR_LMT.txt,22407,689a3fe9cfa99c0080dc3e287c35e8329cff92f1937f6d340bf627226df5f4e6
MR62X_SDK,MR62X_SDK_Paket/selected_sources/sdk/openwrt-21.02/target/linux/linux-4.4/drivers/net/wireless/realtek/g6_wifi_driver/platform/mips_97f/rtl8852ae/RFE52/TXPWR_LMT[FCC SAR][IC SAR].txt,23152,4a0b4118a9849fd3ed437c435e2206841e303c5a963c8c6519c2c0c38f18ac99
MR62X_SDK,MR62X_SDK_Paket/selected_sources/sdk/openwrt-21.02/target/linux/linux-4.4/drivers/net/wireless/realtek/g6_wifi_driver/platform/mips_97f/rtl8852ae/RFE52/TXPWR_LMT_RU.txt,14498,4267b371178bc1a576b5e0a6433e400e7070be50855a1e12c455a197096b34ba
MR62X_SDK,MR62X_SDK_Paket/selected_sources/sdk/openwrt-21.02/target/linux/linux-4.4/drivers/net/wireless/realtek/g6_wifi_driver/platform/mips_97f/rtl8852ae/RFE52/TXPWR_TrackTSSI.txt,2542,a4a74e4cb2210209b25cc7a5a985c59b08c62f9b6bc788dd10f04d2f4a6db147
MR62X_SDK,MR62X_SDK_Paket/selected_sources/sdk/openwrt-21.02/target/linux/linux-4.4/drivers/net/wireless/realtek/g6_wifi_driver/platform/mips_97f/rtl8852ae/RFE52/TXPWR_TrackTSSI_type2.txt,2566,77e242b017c9ef0925ff9e3b52818ceac4223236ac61594328557828589b5016
MR62X_SDK,MR62X_SDK_Paket/selected_sources/sdk/openwrt-21.02/target/linux/linux-4.4/drivers/net/wireless/realtek/g6_wifi_driver/platform/mips_97f/rtl8852ae/RFE52/TXPWR_TrackTSSI_type3.txt,2566,77e242b017c9ef0925ff9e3b52818ceac4223236ac61594328557828589b5016
MR62X_SDK,MR62X_SDK_Paket/selected_sources/sdk/openwrt-21.02/target/linux/linux-4.4/drivers/net/wireless/realtek/g6_wifi_driver/platform/mips_97f/rtl8852ae/RFE52/TXPWR_TrackTSSI_type37.txt,2566,77e242b017c9ef0925ff9e3b52818ceac4223236ac61594328557828589b5016
MR62X_SDK,MR62X_SDK_Paket/selected_sources/sdk/openwrt-21.02/target/linux/linux-4.4/drivers/net/wireless/realtek/g6_wifi_driver/platform/mips_97f/rtl8852ae/RFE52/TXPWR_TrackTSSI_type38.txt,2566,77e242b017c9ef0925ff9e3b52818ceac4223236ac61594328557828589b5016
MR62X_SDK,MR62X_SDK_Paket/selected_sources/sdk/openwrt-21.02/target/linux/linux-4.4/drivers/net/wireless/realtek/g6_wifi_driver/platform/mips_97f/rtl8852ae/RFE52/TXPWR_TrackTSSI_type4.txt,2566,77e242b017c9ef0925ff9e3b52818ceac4223236ac61594328557828589b5016
MR62X_SDK,MR62X_SDK_Paket/selected_sources/sdk/openwrt-21.02/target/linux/linux-4.4/drivers/net/wireless/realtek/g6_wifi_driver/platform/mips_97f/rtl8852ae/RFE52/TXPWR_TrackTSSI_type50.txt,2512,58e8e09cc9a0bfd48d8588921b8f1431e59951f568dc33e30428bdb1247e16a1
MR62X_SDK,MR62X_SDK_Paket/selected_sources/sdk/openwrt-21.02/target/linux/linux-4.4/drivers/net/wireless/realtek/g6_wifi_driver/platform/mips_97f/rtl8852ae/RFE52/TXPWR_TrackTSSI_type51.txt,2492,b39ec0b8e737e3424dead28863d42a2248ad62336653812ad85fb2c75cdc533f
MR62X_SDK,MR62X_SDK_Paket/selected_sources/sdk/openwrt-21.02/target/linux/linux-4.4/drivers/net/wireless/realtek/g6_wifi_driver/platform/mips_97f/rtl8852ae/RFE52/TXPWR_TrackTSSI_type52.txt,2492,2ab23dc00d595de7ad9831c087b0038d60e26651d6281f227944ed03269966c7
MR62X_SDK,MR62X_SDK_Paket/selected_sources/sdk/openwrt-21.02/target/linux/linux-4.4/drivers/net/wireless/realtek/g6_wifi_driver/platform/mips_97f/rtl8852ae/RFE52/TXPWR_TrackTSSI_type53.txt,2492,981b41a60cc6d8946670f0800455fcd389dae5df8114696420fa1991a2184303
MR62X_SDK,MR62X_SDK_Paket/selected_sources/sdk/openwrt-21.02/target/linux/linux-4.4/drivers/net/wireless/realtek/g6_wifi_driver/platform/mips_97f/rtl8852ae/RFE52/TXPWR_TrackTSSI_type54.txt,2492,492572a79d61c9fec23e0a201600c8e2725cd3fd4a860e624f5fbb2b30762b03
MR62X_SDK,MR62X_SDK_Paket/selected_sources/sdk/openwrt-21.02/target/linux/linux-4.4/drivers/net/wireless/realtek/g6_wifi_driver/platform/mips_97f/rtl8852ae/RFE52/TxXtalTrack.txt,711,8dc3ffe61231a3271e14d24edeae53ac238b75c19ae5ac26b845c84088d78df6
MR62X_SDK,MR62X_SDK_Paket/selected_sources/sdk/openwrt-21.02/target/linux/linux-4.4/drivers/net/wireless/realtek/g6_wifi_driver/platform/mips_97f/rtl8852ae/RFE53/KCT8575HE/PHY_REG.txt,7385,1f47aa2db0812682f1e72be52a998cc65324881448cc8ec21be16682e19857d4
MR62X_SDK,MR62X_SDK_Paket/selected_sources/sdk/openwrt-21.02/target/linux/linux-4.4/drivers/net/wireless/realtek/g6_wifi_driver/platform/mips_97f/rtl8852ae/RFE53/KCT8575HE/RadioA.txt,103,dd1e9a638eb64e01d253cde56d658569a3680175c7016f6733ecef7f741054f0
MR62X_SDK,MR62X_SDK_Paket/selected_sources/sdk/openwrt-21.02/target/linux/linux-4.4/drivers/net/wireless/realtek/g6_wifi_driver/platform/mips_97f/rtl8852ae/RFE53/KCT8575HE/RadioB.txt,103,8df239467c37a5d397af0a23d291dfb956d1c04ba7e30c9ba337774989f26b37
MR62X_SDK,MR62X_SDK_Paket/selected_sources/sdk/openwrt-21.02/target/linux/linux-4.4/drivers/net/wireless/realtek/g6_wifi_driver/platform/mips_97f/rtl8852ae/RFE53/KCT8575HE/TXPWR_ByRate.txt,2314,0cf754aa8266731cad8a26121abc998aa716e7e17e34f90d5c32f32b2a7d04f4
MR62X_SDK,MR62X_SDK_Paket/selected_sources/sdk/openwrt-21.02/target/linux/linux-4.4/drivers/net/wireless/realtek/g6_wifi_driver/platform/mips_97f/rtl8852ae/RFE53/KCT8575HE/TXPWR_LMT.txt,22422,7b1936b2c6545a2a9b1b46e27a4ef951586138f1017d15fcf329960bae9f5ede
MR62X_SDK,MR62X_SDK_Paket/selected_sources/sdk/openwrt-21.02/target/linux/linux-4.4/drivers/net/wireless/realtek/g6_wifi_driver/platform/mips_97f/rtl8852ae/RFE53/KCT8575HE/TXPWR_LMT_RU.txt,14513,385938887876103185c188ca936787697df16f6840f9238a5afb317102ad894c
MR62X_SDK,MR62X_SDK_Paket/selected_sources/sdk/openwrt-21.02/target/linux/linux-4.4/drivers/net/wireless/realtek/g6_wifi_driver/platform/mips_97f/rtl8852ae/RFE53/KCT8575HE/TXPWR_TrackTSSI.txt,2467,f95146569a40cdb42a9a8199c59dc3b3c7a694e87ad5ac757a50e93ef06ce345
MR62X_SDK,MR62X_SDK_Paket/selected_sources/sdk/openwrt-21.02/target/linux/linux-4.4/drivers/net/wireless/realtek/g6_wifi_driver/platform/mips_97f/rtl8852ae/RFE53/PHY_REG.txt,20142,eeea11fb02df58fa1cfce2c107985f6b203d6cfc02beab1044f0ec4e4fd6f11a
MR62X_SDK,MR62X_SDK_Paket/selected_sources/sdk/openwrt-21.02/target/linux/linux-4.4/drivers/net/wireless/realtek/g6_wifi_driver/platform/mips_97f/rtl8852ae/RFE53/PHY_REG_GAIN.txt,827,25a455a0c88c64d03f5b7502e90f4469c8427646a75612499d4ac4c431bb706e
MR62X_SDK,MR62X_SDK_Paket/selected_sources/sdk/openwrt-21.02/target/linux/linux-4.4/drivers/net/wireless/realtek/g6_wifi_driver/platform/mips_97f/rtl8852ae/RFE53/RadioA.txt,23552,02d09ca373ce2d8e07297a7dde2ac6d49a4ca47aee7bb579131380bc62c8a065
MR62X_SDK,MR62X_SDK_Paket/selected_sources/sdk/openwrt-21.02/target/linux/linux-4.4/drivers/net/wireless/realtek/g6_wifi_driver/platform/mips_97f/rtl8852ae/RFE53/RadioB.txt,23524,5c42266a29b5774151193c7a69ae304f089d6fde0eee4ff38e301afcce8dd211
MR62X_SDK,MR62X_SDK_Paket/selected_sources/sdk/openwrt-21.02/target/linux/linux-4.4/drivers/net/wireless/realtek/g6_wifi_driver/platform/mips_97f/rtl8852ae/RFE53/TXPWR_ByRate.txt,2383,e91355ccbe1f1f0608a6fccf43e281d795e882f5e2071568988964f2c7ba51b6
MR62X_SDK,MR62X_SDK_Paket/selected_sources/sdk/openwrt-21.02/target/linux/linux-4.4/drivers/net/wireless/realtek/g6_wifi_driver/platform/mips_97f/rtl8852ae/RFE53/TXPWR_LMT.txt,22407,689a3fe9cfa99c0080dc3e287c35e8329cff92f1937f6d340bf627226df5f4e6
MR62X_SDK,MR62X_SDK_Paket/selected_sources/sdk/openwrt-21.02/target/linux/linux-4.4/drivers/net/wireless/realtek/g6_wifi_driver/platform/mips_97f/rtl8852ae/RFE53/TXPWR_LMT[FCC SAR][IC SAR].txt,23152,4a0b4118a9849fd3ed437c435e2206841e303c5a963c8c6519c2c0c38f18ac99
MR62X_SDK,MR62X_SDK_Paket/selected_sources/sdk/openwrt-21.02/target/linux/linux-4.4/drivers/net/wireless/realtek/g6_wifi_driver/platform/mips_97f/rtl8852ae/RFE53/TXPWR_LMT_RU.txt,14498,4267b371178bc1a576b5e0a6433e400e7070be50855a1e12c455a197096b34ba
MR62X_SDK,MR62X_SDK_Paket/selected_sources/sdk/openwrt-21.02/target/linux/linux-4.4/drivers/net/wireless/realtek/g6_wifi_driver/platform/mips_97f/rtl8852ae/RFE53/TXPWR_TrackTSSI.txt,2542,a4a74e4cb2210209b25cc7a5a985c59b08c62f9b6bc788dd10f04d2f4a6db147
MR62X_SDK,MR62X_SDK_Paket/selected_sources/sdk/openwrt-21.02/target/linux/linux-4.4/drivers/net/wireless/realtek/g6_wifi_driver/platform/mips_97f/rtl8852ae/RFE53/TXPWR_TrackTSSI_type2.txt,2566,77e242b017c9ef0925ff9e3b52818ceac4223236ac61594328557828589b5016
MR62X_SDK,MR62X_SDK_Paket/selected_sources/sdk/openwrt-21.02/target/linux/linux-4.4/drivers/net/wireless/realtek/g6_wifi_driver/platform/mips_97f/rtl8852ae/RFE53/TXPWR_TrackTSSI_type3.txt,2566,77e242b017c9ef0925ff9e3b52818ceac4223236ac61594328557828589b5016
MR62X_SDK,MR62X_SDK_Paket/selected_sources/sdk/openwrt-21.02/target/linux/linux-4.4/drivers/net/wireless/realtek/g6_wifi_driver/platform/mips_97f/rtl8852ae/RFE53/TXPWR_TrackTSSI_type37.txt,2566,77e242b017c9ef0925ff9e3b52818ceac4223236ac61594328557828589b5016
MR62X_SDK,MR62X_SDK_Paket/selected_sources/sdk/openwrt-21.02/target/linux/linux-4.4/drivers/net/wireless/realtek/g6_wifi_driver/platform/mips_97f/rtl8852ae/RFE53/TXPWR_TrackTSSI_type38.txt,2566,77e242b017c9ef0925ff9e3b52818ceac4223236ac61594328557828589b5016
MR62X_SDK,MR62X_SDK_Paket/selected_sources/sdk/openwrt-21.02/target/linux/linux-4.4/drivers/net/wireless/realtek/g6_wifi_driver/platform/mips_97f/rtl8852ae/RFE53/TXPWR_TrackTSSI_type4.txt,2566,77e242b017c9ef0925ff9e3b52818ceac4223236ac61594328557828589b5016
MR62X_SDK,MR62X_SDK_Paket/selected_sources/sdk/openwrt-21.02/target/linux/linux-4.4/drivers/net/wireless/realtek/g6_wifi_driver/platform/mips_97f/rtl8852ae/RFE53/TXPWR_TrackTSSI_type50.txt,2512,58e8e09cc9a0bfd48d8588921b8f1431e59951f568dc33e30428bdb1247e16a1
MR62X_SDK,MR62X_SDK_Paket/selected_sources/sdk/openwrt-21.02/target/linux/linux-4.4/drivers/net/wireless/realtek/g6_wifi_driver/platform/mips_97f/rtl8852ae/RFE53/TXPWR_TrackTSSI_type51.txt,2492,b39ec0b8e737e3424dead28863d42a2248ad62336653812ad85fb2c75cdc533f
MR62X_SDK,MR62X_SDK_Paket/selected_sources/sdk/openwrt-21.02/target/linux/linux-4.4/drivers/net/wireless/realtek/g6_wifi_driver/platform/mips_97f/rtl8852ae/RFE53/TXPWR_TrackTSSI_type52.txt,2492,2ab23dc00d595de7ad9831c087b0038d60e26651d6281f227944ed03269966c7
MR62X_SDK,MR62X_SDK_Paket/selected_sources/sdk/openwrt-21.02/target/linux/linux-4.4/drivers/net/wireless/realtek/g6_wifi_driver/platform/mips_97f/rtl8852ae/RFE53/TXPWR_TrackTSSI_type53.txt,2492,981b41a60cc6d8946670f0800455fcd389dae5df8114696420fa1991a2184303
MR62X_SDK,MR62X_SDK_Paket/selected_sources/sdk/openwrt-21.02/target/linux/linux-4.4/drivers/net/wireless/realtek/g6_wifi_driver/platform/mips_97f/rtl8852ae/RFE53/TXPWR_TrackTSSI_type54.txt,2492,492572a79d61c9fec23e0a201600c8e2725cd3fd4a860e624f5fbb2b30762b03
MR62X_SDK,MR62X_SDK_Paket/selected_sources/sdk/openwrt-21.02/target/linux/linux-4.4/drivers/net/wireless/realtek/g6_wifi_driver/platform/mips_97f/rtl8852ae/RFE53/TxXtalTrack.txt,711,8dc3ffe61231a3271e14d24edeae53ac238b75c19ae5ac26b845c84088d78df6
MR62X_SDK,MR62X_SDK_Paket/selected_sources/sdk/openwrt-21.02/target/linux/linux-4.4/drivers/net/wireless/realtek/g6_wifi_driver/platform/mips_97f/rtl8852ae/RFE54/PHY_REG.txt,20142,b3f28d253dceb6de13c503353cc9cac3ec1eb0af0be3b87effbf0b17ca164be5
MR62X_SDK,MR62X_SDK_Paket/selected_sources/sdk/openwrt-21.02/target/linux/linux-4.4/drivers/net/wireless/realtek/g6_wifi_driver/platform/mips_97f/rtl8852ae/RFE54/PHY_REG_GAIN.txt,827,25a455a0c88c64d03f5b7502e90f4469c8427646a75612499d4ac4c431bb706e
MR62X_SDK,MR62X_SDK_Paket/selected_sources/sdk/openwrt-21.02/target/linux/linux-4.4/drivers/net/wireless/realtek/g6_wifi_driver/platform/mips_97f/rtl8852ae/RFE54/RTC7676E/PHY_REG.txt,1229,70d63911d2605eb9a6f0fd274f9f96329ddbfd04c11a2668d867904e8cf6fdb6
MR62X_SDK,MR62X_SDK_Paket/selected_sources/sdk/openwrt-21.02/target/linux/linux-4.4/drivers/net/wireless/realtek/g6_wifi_driver/platform/mips_97f/rtl8852ae/RFE54/RTC7676E/RadioA.txt,102,a8162c4b0f00b6fcf5021deb1ae6ef48f85b7db8a41f3eab6735da4aa39976de
MR62X_SDK,MR62X_SDK_Paket/selected_sources/sdk/openwrt-21.02/target/linux/linux-4.4/drivers/net/wireless/realtek/g6_wifi_driver/platform/mips_97f/rtl8852ae/RFE54/RTC7676E/RadioB.txt,102,a5067a0b84ba71521f0d5822d375b2c210ce9b9862c434b947a5444ece597594
MR62X_SDK,MR62X_SDK_Paket/selected_sources/sdk/openwrt-21.02/target/linux/linux-4.4/drivers/net/wireless/realtek/g6_wifi_driver/platform/mips_97f/rtl8852ae/RFE54/RTC7676E/TXPWR_ByRate.txt,2313,9363778b4242d8a4e9a4367f402056db4d72d9fc739ee162cab37a6c73be0e10
MR62X_SDK,MR62X_SDK_Paket/selected_sources/sdk/openwrt-21.02/target/linux/linux-4.4/drivers/net/wireless/realtek/g6_wifi_driver/platform/mips_97f/rtl8852ae/RFE54/RTC7676E/TXPWR_LMT.txt,22421,5234252429d62434d185be243bd0f8b9dc04865ee82046c2519a9122f5d88703
MR62X_SDK,MR62X_SDK_Paket/selected_sources/sdk/openwrt-21.02/target/linux/linux-4.4/drivers/net/wireless/realtek/g6_wifi_driver/platform/mips_97f/rtl8852ae/RFE54/RTC7676E/TXPWR_LMT_RU.txt,14512,6468f685787a46db19671d15d0ca66907c6ffb80d7e3ce99b797935ed3b11263
MR62X_SDK,MR62X_SDK_Paket/selected_sources/sdk/openwrt-21.02/target/linux/linux-4.4/drivers/net/wireless/realtek/g6_wifi_driver/platform/mips_97f/rtl8852ae/RFE54/RTC7676E/TXPWR_TrackTSSI.txt,2466,0a2873c831363609ce745c4a41e277cba9b53b1b56ca7c5f6de66f06c30f7e36
MR62X_SDK,MR62X_SDK_Paket/selected_sources/sdk/openwrt-21.02/target/linux/linux-4.4/drivers/net/wireless/realtek/g6_wifi_driver/platform/mips_97f/rtl8852ae/RFE54/RadioA.txt,23552,02d09ca373ce2d8e07297a7dde2ac6d49a4ca47aee7bb579131380bc62c8a065
MR62X_SDK,MR62X_SDK_Paket/selected_sources/sdk/openwrt-21.02/target/linux/linux-4.4/drivers/net/wireless/realtek/g6_wifi_driver/platform/mips_97f/rtl8852ae/RFE54/RadioB.txt,23524,5c42266a29b5774151193c7a69ae304f089d6fde0eee4ff38e301afcce8dd211
MR62X_SDK,MR62X_SDK_Paket/selected_sources/sdk/openwrt-21.02/target/linux/linux-4.4/drivers/net/wireless/realtek/g6_wifi_driver/platform/mips_97f/rtl8852ae/RFE54/TXPWR_ByRate.txt,2383,e91355ccbe1f1f0608a6fccf43e281d795e882f5e2071568988964f2c7ba51b6
MR62X_SDK,MR62X_SDK_Paket/selected_sources/sdk/openwrt-21.02/target/linux/linux-4.4/drivers/net/wireless/realtek/g6_wifi_driver/platform/mips_97f/rtl8852ae/RFE54/TXPWR_LMT.txt,22407,689a3fe9cfa99c0080dc3e287c35e8329cff92f1937f6d340bf627226df5f4e6
MR62X_SDK,MR62X_SDK_Paket/selected_sources/sdk/openwrt-21.02/target/linux/linux-4.4/drivers/net/wireless/realtek/g6_wifi_driver/platform/mips_97f/rtl8852ae/RFE54/TXPWR_LMT[FCC SAR][IC SAR].txt,23152,4a0b4118a9849fd3ed437c435e2206841e303c5a963c8c6519c2c0c38f18ac99
MR62X_SDK,MR62X_SDK_Paket/selected_sources/sdk/openwrt-21.02/target/linux/linux-4.4/drivers/net/wireless/realtek/g6_wifi_driver/platform/mips_97f/rtl8852ae/RFE54/TXPWR_LMT_RU.txt,14498,4267b371178bc1a576b5e0a6433e400e7070be50855a1e12c455a197096b34ba
MR62X_SDK,MR62X_SDK_Paket/selected_sources/sdk/openwrt-21.02/target/linux/linux-4.4/drivers/net/wireless/realtek/g6_wifi_driver/platform/mips_97f/rtl8852ae/RFE54/TXPWR_TrackTSSI.txt,2542,a4a74e4cb2210209b25cc7a5a985c59b08c62f9b6bc788dd10f04d2f4a6db147
MR62X_SDK,MR62X_SDK_Paket/selected_sources/sdk/openwrt-21.02/target/linux/linux-4.4/drivers/net/wireless/realtek/g6_wifi_driver/platform/mips_97f/rtl8852ae/RFE54/TXPWR_TrackTSSI_type2.txt,2566,77e242b017c9ef0925ff9e3b52818ceac4223236ac61594328557828589b5016
MR62X_SDK,MR62X_SDK_Paket/selected_sources/sdk/openwrt-21.02/target/linux/linux-4.4/drivers/net/wireless/realtek/g6_wifi_driver/platform/mips_97f/rtl8852ae/RFE54/TXPWR_TrackTSSI_type3.txt,2566,77e242b017c9ef0925ff9e3b52818ceac4223236ac61594328557828589b5016
MR62X_SDK,MR62X_SDK_Paket/selected_sources/sdk/openwrt-21.02/target/linux/linux-4.4/drivers/net/wireless/realtek/g6_wifi_driver/platform/mips_97f/rtl8852ae/RFE54/TXPWR_TrackTSSI_type37.txt,2566,77e242b017c9ef0925ff9e3b52818ceac4223236ac61594328557828589b5016
MR62X_SDK,MR62X_SDK_Paket/selected_sources/sdk/openwrt-21.02/target/linux/linux-4.4/drivers/net/wireless/realtek/g6_wifi_driver/platform/mips_97f/rtl8852ae/RFE54/TXPWR_TrackTSSI_type38.txt,2566,77e242b017c9ef0925ff9e3b52818ceac4223236ac61594328557828589b5016
MR62X_SDK,MR62X_SDK_Paket/selected_sources/sdk/openwrt-21.02/target/linux/linux-4.4/drivers/net/wireless/realtek/g6_wifi_driver/platform/mips_97f/rtl8852ae/RFE54/TXPWR_TrackTSSI_type4.txt,2566,77e242b017c9ef0925ff9e3b52818ceac4223236ac61594328557828589b5016
MR62X_SDK,MR62X_SDK_Paket/selected_sources/sdk/openwrt-21.02/target/linux/linux-4.4/drivers/net/wireless/realtek/g6_wifi_driver/platform/mips_97f/rtl8852ae/RFE54/TXPWR_TrackTSSI_type50.txt,2512,58e8e09cc9a0bfd48d8588921b8f1431e59951f568dc33e30428bdb1247e16a1
MR62X_SDK,MR62X_SDK_Paket/selected_sources/sdk/openwrt-21.02/target/linux/linux-4.4/drivers/net/wireless/realtek/g6_wifi_driver/platform/mips_97f/rtl8852ae/RFE54/TXPWR_TrackTSSI_type51.txt,2492,b39ec0b8e737e3424dead28863d42a2248ad62336653812ad85fb2c75cdc533f
MR62X_SDK,MR62X_SDK_Paket/selected_sources/sdk/openwrt-21.02/target/linux/linux-4.4/drivers/net/wireless/realtek/g6_wifi_driver/platform/mips_97f/rtl8852ae/RFE54/TXPWR_TrackTSSI_type52.txt,2492,2ab23dc00d595de7ad9831c087b0038d60e26651d6281f227944ed03269966c7
MR62X_SDK,MR62X_SDK_Paket/selected_sources/sdk/openwrt-21.02/target/linux/linux-4.4/drivers/net/wireless/realtek/g6_wifi_driver/platform/mips_97f/rtl8852ae/RFE54/TXPWR_TrackTSSI_type53.txt,2492,981b41a60cc6d8946670f0800455fcd389dae5df8114696420fa1991a2184303
MR62X_SDK,MR62X_SDK_Paket/selected_sources/sdk/openwrt-21.02/target/linux/linux-4.4/drivers/net/wireless/realtek/g6_wifi_driver/platform/mips_97f/rtl8852ae/RFE54/TXPWR_TrackTSSI_type54.txt,2492,492572a79d61c9fec23e0a201600c8e2725cd3fd4a860e624f5fbb2b30762b03
MR62X_SDK,MR62X_SDK_Paket/selected_sources/sdk/openwrt-21.02/target/linux/linux-4.4/drivers/net/wireless/realtek/g6_wifi_driver/platform/mips_97f/rtl8852ae/RFE54/TxXtalTrack.txt,711,8dc3ffe61231a3271e14d24edeae53ac238b75c19ae5ac26b845c84088d78df6
MR62X_SDK,MR62X_SDK_Paket/selected_sources/sdk/openwrt-21.02/target/linux/linux-4.4/drivers/net/wireless/realtek/g6_wifi_driver/platform/mips_97f/rtw_pltfm_postconf.h,12632,84a189fe4ad80924e8645c023e2f18d03eda062b0c9f22817efab4fe29a473fa
MR62X_SDK,MR62X_SDK_Paket/selected_sources/sdk/openwrt-21.02/target/linux/linux-4.4/drivers/net/wireless/realtek/g6_wifi_driver/platform/mips_97f/rtw_pltfm_preconf.h,3793,203819fa406e8eba474165f9c8cd563804737babd20bc8e74255dea7bc7c482a
MR62X_SDK,MR62X_SDK_Paket/selected_sources/sdk/openwrt-21.02/target/linux/linux-4.4/drivers/net/wireless/realtek/g6_wifi_driver/platform/mips_97f.mk,1728,df7d604cae63974fe53499ad68c5b69fa64fc9f36ac8ebf37feeeafa7436357e
MR62X_SDK,MR62X_SDK_Paket/selected_sources/sdk/openwrt-21.02/target/linux/linux-4.4/drivers/net/wireless/realtek/rtl8192cd/Kconfig,41299,750212688dcc6285c6da36dbe27eb057be68243f3168d962946ed383858f7c73
MR62X_SDK,MR62X_SDK_Paket/selected_sources/sdk/openwrt-21.02/target/linux/linux-4.4/drivers/net/wireless/realtek/rtl8192cd/Kconfig-usb,1456,421f41026115958a1526d4147158c551c903ba9e0ca5a1c7265512478b3bd1ff
MR62X_SDK,MR62X_SDK_Paket/selected_sources/sdk/openwrt-21.02/target/linux/linux-4.4/drivers/net/wireless/realtek/rtl8192cd/Makefile,41950,4770ec16fa06fbdafe661256eda5b1b173fff37b9ff56a880cd9d4f97dd024a6
MR62X_SDK,MR62X_SDK_Paket/selected_sources/sdk/openwrt-21.02/target/linux/linux-4.4/drivers/net/wireless/realtek/rtl8192cd/Makefile.build,22023,cf6411a7acb3046bfe39bf451eb3c1bc819648bfeda676cad30071f18f057350
MR62X_SDK,MR62X_SDK_Paket/selected_sources/sdk/openwrt-21.02/target/linux/linux-4.4/drivers/net/wireless/realtek/rtl8192cd/Makefile.ecos,7994,3859d28e6f300f75adcedc21b5b2d94be89f67235c951c5e8ef2b13829264b47
MR62X_SDK,MR62X_SDK_Paket/selected_sources/sdk/openwrt-21.02/target/linux/linux-4.4/drivers/net/wireless/realtek/rtl8192cd/Makefile_nrs,40757,21bdc5ae6fb5dceaecce1ba8a465cad02f96fd83132640528a608bec4212b9ee
MR62X_SDK,MR62X_SDK_Paket/selected_sources/sdk/openwrt-21.02/target/linux/linux-4.4/drivers/net/wireless/realtek/rtl8192cd/WlanHAL/Data/8197F/AGC_TAB_8197F.txt,4383,ed68df4f7c33be02d3a896afe74797ce4ad1642071d00c7c20d73ae93ade8d4b
MR62X_SDK,MR62X_SDK_Paket/selected_sources/sdk/openwrt-21.02/target/linux/linux-4.4/drivers/net/wireless/realtek/rtl8192cd/WlanHAL/Data/8197F/AGC_TAB_8197F_hp.txt,4619,50cc7f4a1ff24e4cebf21a38dbcce679ebc59b4bb6d351e4534f346364bae95f
MR62X_SDK,MR62X_SDK_Paket/selected_sources/sdk/openwrt-21.02/target/linux/linux-4.4/drivers/net/wireless/realtek/rtl8192cd/WlanHAL/Data/8197F/AGC_TAB_8197Fmp.txt,4561,f07025528b006887ab9ae102d87127c0d7ce6297941c8590c9da1d8537c91779
MR62X_SDK,MR62X_SDK_Paket/selected_sources/sdk/openwrt-21.02/target/linux/linux-4.4/drivers/net/wireless/realtek/rtl8192cd/WlanHAL/Data/8197F/AGC_TAB_8197Fmp_hp.txt,9109,e6688d561621b38e67f3b582e10fcb9eb9e5175a9c9b7e7a82b4c6ce44223d88
MR62X_SDK,MR62X_SDK_Paket/selected_sources/sdk/openwrt-21.02/target/linux/linux-4.4/drivers/net/wireless/realtek/rtl8192cd/WlanHAL/Data/8197F/MACDM_def_high_8197F.txt,99,f04fd0b0ec863000e30bfb6be16e0e9bda7d0ae89ce4667f5a5dd944c4d5a41a
MR62X_SDK,MR62X_SDK_Paket/selected_sources/sdk/openwrt-21.02/target/linux/linux-4.4/drivers/net/wireless/realtek/rtl8192cd/WlanHAL/Data/8197F/MACDM_def_low_8197F.txt,99,f04fd0b0ec863000e30bfb6be16e0e9bda7d0ae89ce4667f5a5dd944c4d5a41a
MR62X_SDK,MR62X_SDK_Paket/selected_sources/sdk/openwrt-21.02/target/linux/linux-4.4/drivers/net/wireless/realtek/rtl8192cd/WlanHAL/Data/8197F/MACDM_def_normal_8197F.txt,99,f04fd0b0ec863000e30bfb6be16e0e9bda7d0ae89ce4667f5a5dd944c4d5a41a
MR62X_SDK,MR62X_SDK_Paket/selected_sources/sdk/openwrt-21.02/target/linux/linux-4.4/drivers/net/wireless/realtek/rtl8192cd/WlanHAL/Data/8197F/MACDM_gen_high_8197F.txt,99,c8a75f45b308b073f516b21bd9dd476248f77b37b1b21b5164b998853a2d59cc
MR62X_SDK,MR62X_SDK_Paket/selected_sources/sdk/openwrt-21.02/target/linux/linux-4.4/drivers/net/wireless/realtek/rtl8192cd/WlanHAL/Data/8197F/MACDM_gen_low_8197F.txt,99,f04fd0b0ec863000e30bfb6be16e0e9bda7d0ae89ce4667f5a5dd944c4d5a41a
MR62X_SDK,MR62X_SDK_Paket/selected_sources/sdk/openwrt-21.02/target/linux/linux-4.4/drivers/net/wireless/realtek/rtl8192cd/WlanHAL/Data/8197F/MACDM_gen_normal_8197F.txt,99,c8a75f45b308b073f516b21bd9dd476248f77b37b1b21b5164b998853a2d59cc
MR62X_SDK,MR62X_SDK_Paket/selected_sources/sdk/openwrt-21.02/target/linux/linux-4.4/drivers/net/wireless/realtek/rtl8192cd/WlanHAL/Data/8197F/MACDM_state_criteria_8197F.txt,700,4753096fa2fafa2ad32406375b4f19f491c094e9854a37c11d63d11076b1c607
MR62X_SDK,MR62X_SDK_Paket/selected_sources/sdk/openwrt-21.02/target/linux/linux-4.4/drivers/net/wireless/realtek/rtl8192cd/WlanHAL/Data/8197F/MACDM_txop_high_8197F.txt,99,8e268f957e8b44bd04e446ac53eb178d3bdcd7091ad0c5d90074735722b15ceb
MR62X_SDK,MR62X_SDK_Paket/selected_sources/sdk/openwrt-21.02/target/linux/linux-4.4/drivers/net/wireless/realtek/rtl8192cd/WlanHAL/Data/8197F/MACDM_txop_low_8197F.txt,99,d0e27dffb72ae15768dbb45e0fcb1b19caed3d516a485659837fc06ace673bba
MR62X_SDK,MR62X_SDK_Paket/selected_sources/sdk/openwrt-21.02/target/linux/linux-4.4/drivers/net/wireless/realtek/rtl8192cd/WlanHAL/Data/8197F/MACDM_txop_normal_8197F.txt,99,1217909227962a2f334f3b20b56d98f7ff01141288320e8ca6150753012cf032
MR62X_SDK,MR62X_SDK_Paket/selected_sources/sdk/openwrt-21.02/target/linux/linux-4.4/drivers/net/wireless/realtek/rtl8192cd/WlanHAL/Data/8197F/MAC_REG_8197F.txt,2428,4f18d9cd387f9082e2aec5bd88f76cf140482471c1a73af97e79ccb95aa8ae72
MR62X_SDK,MR62X_SDK_Paket/selected_sources/sdk/openwrt-21.02/target/linux/linux-4.4/drivers/net/wireless/realtek/rtl8192cd/WlanHAL/Data/8197F/MAC_REG_8197Fmp.txt,2348,dfc3831ee2af31603031d268ccc3bd4b4facbac4ab1798068d5d9977e4806137
MR62X_SDK,MR62X_SDK_Paket/selected_sources/sdk/openwrt-21.02/target/linux/linux-4.4/drivers/net/wireless/realtek/rtl8192cd/WlanHAL/Data/8197F/PHY_REG_8197F.txt,10688,b463becc1f0a20093e02790e39e7bb83a46d8a1e471e17151ad34f801d8f2ba4
MR62X_SDK,MR62X_SDK_Paket/selected_sources/sdk/openwrt-21.02/target/linux/linux-4.4/drivers/net/wireless/realtek/rtl8192cd/WlanHAL/Data/8197F/PHY_REG_8197F_hp.txt,24614,785f5833d2b2e360fa2a124ceff8e07f74f4db6880e463a5e1e215c7104f125c
MR62X_SDK,MR62X_SDK_Paket/selected_sources/sdk/openwrt-21.02/target/linux/linux-4.4/drivers/net/wireless/realtek/rtl8192cd/WlanHAL/Data/8197F/PHY_REG_8197Fmp.txt,13930,d7f225bc78f657157935b892c0ab4ca9604ad2dead5e3f8dd7f144fe26431141
MR62X_SDK,MR62X_SDK_Paket/selected_sources/sdk/openwrt-21.02/target/linux/linux-4.4/drivers/net/wireless/realtek/rtl8192cd/WlanHAL/Data/8197F/PHY_REG_8197Fmp_hp.txt,44220,343698567570de67399a50b8535922fe4c459547ac71dbf1918bf2e40d984c78
MR62X_SDK,MR62X_SDK_Paket/selected_sources/sdk/openwrt-21.02/target/linux/linux-4.4/drivers/net/wireless/realtek/rtl8192cd/WlanHAL/Data/8197F/PHY_REG_MP_8197F.txt,72,aeb99283d8392245ee7903b5bf67aa440cc8ad6c6a66bacc9f80e3d6bb04e370
MR62X_SDK,MR62X_SDK_Paket/selected_sources/sdk/openwrt-21.02/target/linux/linux-4.4/drivers/net/wireless/realtek/rtl8192cd/WlanHAL/Data/8197F/PHY_REG_MP_8197Fmp.txt,113,a270ad1f7183103da4f5c952b5d91888a435cf51963c1e9a243268473a1797ae
MR62X_SDK,MR62X_SDK_Paket/selected_sources/sdk/openwrt-21.02/target/linux/linux-4.4/drivers/net/wireless/realtek/rtl8192cd/WlanHAL/Data/8197F/PHY_REG_PG_8197Fmp.txt,1273,b3e6ee6a60352d42cfae12db78ea59114edd996278cd33f7d40d02fa4c2fc4b6
MR62X_SDK,MR62X_SDK_Paket/selected_sources/sdk/openwrt-21.02/target/linux/linux-4.4/drivers/net/wireless/realtek/rtl8192cd/WlanHAL/Data/8197F/PHY_REG_PG_8197Fmp_Type0.txt,1273,b3e6ee6a60352d42cfae12db78ea59114edd996278cd33f7d40d02fa4c2fc4b6
MR62X_SDK,MR62X_SDK_Paket/selected_sources/sdk/openwrt-21.02/target/linux/linux-4.4/drivers/net/wireless/realtek/rtl8192cd/WlanHAL/Data/8197F/PHY_REG_PG_8197Fmp_Type1.txt,1273,d0d55623a50723e3af4c6d7dd42b1b278cd6d88927e4e4c79ce271e3b7473fd6
MR62X_SDK,MR62X_SDK_Paket/selected_sources/sdk/openwrt-21.02/target/linux/linux-4.4/drivers/net/wireless/realtek/rtl8192cd/WlanHAL/Data/8197F/PHY_REG_PG_8197Fmp_Type2.txt,1273,b3e6ee6a60352d42cfae12db78ea59114edd996278cd33f7d40d02fa4c2fc4b6
MR62X_SDK,MR62X_SDK_Paket/selected_sources/sdk/openwrt-21.02/target/linux/linux-4.4/drivers/net/wireless/realtek/rtl8192cd/WlanHAL/Data/8197F/PHY_REG_PG_8197Fmp_Type3.txt,1273,b3e6ee6a60352d42cfae12db78ea59114edd996278cd33f7d40d02fa4c2fc4b6
MR62X_SDK,MR62X_SDK_Paket/selected_sources/sdk/openwrt-21.02/target/linux/linux-4.4/drivers/net/wireless/realtek/rtl8192cd/WlanHAL/Data/8197F/PHY_REG_PG_8197Fmp_Type4.txt,1273,b3e6ee6a60352d42cfae12db78ea59114edd996278cd33f7d40d02fa4c2fc4b6
MR62X_SDK,MR62X_SDK_Paket/selected_sources/sdk/openwrt-21.02/target/linux/linux-4.4/drivers/net/wireless/realtek/rtl8192cd/WlanHAL/Data/8197F/PHY_REG_PG_8197Fmp_Type5.txt,1273,e2fe5d1e2b28e54ecf513b6e9df70ebfef76593d6e8e68e37221558983625986
MR62X_SDK,MR62X_SDK_Paket/selected_sources/sdk/openwrt-21.02/target/linux/linux-4.4/drivers/net/wireless/realtek/rtl8192cd/WlanHAL/Data/8197F/PHY_REG_PG_8197Fmp_Type6.txt,1273,b3e6ee6a60352d42cfae12db78ea59114edd996278cd33f7d40d02fa4c2fc4b6
MR62X_SDK,MR62X_SDK_Paket/selected_sources/sdk/openwrt-21.02/target/linux/linux-4.4/drivers/net/wireless/realtek/rtl8192cd/WlanHAL/Data/8197F/RadioA_8197F.txt,947,464f1063dd586336515bb82f69f41a026fe4eee7ccdbaca0c1472d772d5925be
MR62X_SDK,MR62X_SDK_Paket/selected_sources/sdk/openwrt-21.02/target/linux/linux-4.4/drivers/net/wireless/realtek/rtl8192cd/WlanHAL/Data/8197F/RadioB_8197F.txt,608,deeee1ab25b687fa703bee208b53b839b4e40555b5d694ed2b736cc18143f30f
MR62X_SDK,MR62X_SDK_Paket/selected_sources/sdk/openwrt-21.02/target/linux/linux-4.4/drivers/net/wireless/realtek/rtl8192cd/WlanHAL/Data/8197F/TXPWR_LMT_8197Fmp.txt,4398,36225fb7bf55ab34af524e483df1c0dd18c1130d1357f1dd7582cf135fb9bde4
MR62X_SDK,MR62X_SDK_Paket/selected_sources/sdk/openwrt-21.02/target/linux/linux-4.4/drivers/net/wireless/realtek/rtl8192cd/WlanHAL/Data/8197F/TXPWR_LMT_8197Fmp_TXBF.txt,4398,f8d2028195c660e723c83348816a7bbaf43b3499d8413189c3ecf6d4586e746c
MR62X_SDK,MR62X_SDK_Paket/selected_sources/sdk/openwrt-21.02/target/linux/linux-4.4/drivers/net/wireless/realtek/rtl8192cd/WlanHAL/Data/8197F/TXPWR_LMT_8197Fmp_Type0.txt,4398,37b9f2e0561c0ada26d415b1c54d17dca33ee73364ef987f467e2c9259eefd2e
MR62X_SDK,MR62X_SDK_Paket/selected_sources/sdk/openwrt-21.02/target/linux/linux-4.4/drivers/net/wireless/realtek/rtl8192cd/WlanHAL/Data/8197F/TXPWR_LMT_8197Fmp_Type1.txt,4398,f8d2028195c660e723c83348816a7bbaf43b3499d8413189c3ecf6d4586e746c
MR62X_SDK,MR62X_SDK_Paket/selected_sources/sdk/openwrt-21.02/target/linux/linux-4.4/drivers/net/wireless/realtek/rtl8192cd/WlanHAL/Data/8197F/TXPWR_LMT_8197Fmp_Type2.txt,4398,37b9f2e0561c0ada26d415b1c54d17dca33ee73364ef987f467e2c9259eefd2e
MR62X_SDK,MR62X_SDK_Paket/selected_sources/sdk/openwrt-21.02/target/linux/linux-4.4/drivers/net/wireless/realtek/rtl8192cd/WlanHAL/Data/8197F/TXPWR_LMT_8197Fmp_Type3.txt,4398,37b9f2e0561c0ada26d415b1c54d17dca33ee73364ef987f467e2c9259eefd2e
MR62X_SDK,MR62X_SDK_Paket/selected_sources/sdk/openwrt-21.02/target/linux/linux-4.4/drivers/net/wireless/realtek/rtl8192cd/WlanHAL/Data/8197F/TXPWR_LMT_8197Fmp_Type4.txt,4398,37b9f2e0561c0ada26d415b1c54d17dca33ee73364ef987f467e2c9259eefd2e
MR62X_SDK,MR62X_SDK_Paket/selected_sources/sdk/openwrt-21.02/target/linux/linux-4.4/drivers/net/wireless/realtek/rtl8192cd/WlanHAL/Data/8197F/TXPWR_LMT_8197Fmp_Type5.txt,4398,f8d2028195c660e723c83348816a7bbaf43b3499d8413189c3ecf6d4586e746c
MR62X_SDK,MR62X_SDK_Paket/selected_sources/sdk/openwrt-21.02/target/linux/linux-4.4/drivers/net/wireless/realtek/rtl8192cd/WlanHAL/Data/8197F/TXPWR_LMT_8197Fmp_Type6.txt,4398,37b9f2e0561c0ada26d415b1c54d17dca33ee73364ef987f467e2c9259eefd2e
MR62X_SDK,MR62X_SDK_Paket/selected_sources/sdk/openwrt-21.02/target/linux/linux-4.4/drivers/net/wireless/realtek/rtl8192cd/WlanHAL/Data/8197F/TxPowerTrack_AP_8197Fmp.txt,1374,28253e196a21ee25e057929672a755b624fd617e38351ab76366c5cedcc392d2
MR62X_SDK,MR62X_SDK_Paket/selected_sources/sdk/openwrt-21.02/target/linux/linux-4.4/drivers/net/wireless/realtek/rtl8192cd/WlanHAL/Data/8197F/Version.txt,58,1d4b3199d8fae29397f59844345c3f080a8e62d374c838df45866f3e7a330065
MR62X_SDK,MR62X_SDK_Paket/selected_sources/sdk/openwrt-21.02/target/linux/linux-4.4/drivers/net/wireless/realtek/rtl8192cd/WlanHAL/Data/8197F/rtl8197Ffw.bin,56080,61d6ef42cd8ff6af6c83649fdf18ea654abc9a62a43cc12f9369a2732a509515
MR62X_SDK,MR62X_SDK_Paket/selected_sources/sdk/openwrt-21.02/target/linux/linux-4.4/drivers/net/wireless/realtek/rtl8192cd/WlanHAL/RTL88XX/RTL8197F/Hal8197FCfg.h,2647,17f2632fdb74c3c7c4bf764f192de9d826f79680556111dbce05f39cf165a993
MR62X_SDK,MR62X_SDK_Paket/selected_sources/sdk/openwrt-21.02/target/linux/linux-4.4/drivers/net/wireless/realtek/rtl8192cd/WlanHAL/RTL88XX/RTL8197F/Hal8197FDef.h,6462,d9e03fc6706b98615be6bff352f3934412749ea2c6580e2ba26dbb2c45a44791
MR62X_SDK,MR62X_SDK_Paket/selected_sources/sdk/openwrt-21.02/target/linux/linux-4.4/drivers/net/wireless/realtek/rtl8192cd/WlanHAL/RTL88XX/RTL8197F/Hal8197FFirmware.c,0,e3b0c44298fc1c149afbf4c8996fb92427ae41e4649b934ca495991b7852b855
MR62X_SDK,MR62X_SDK_Paket/selected_sources/sdk/openwrt-21.02/target/linux/linux-4.4/drivers/net/wireless/realtek/rtl8192cd/WlanHAL/RTL88XX/RTL8197F/Hal8197FFirmware.h,0,e3b0c44298fc1c149afbf4c8996fb92427ae41e4649b934ca495991b7852b855
MR62X_SDK,MR62X_SDK_Paket/selected_sources/sdk/openwrt-21.02/target/linux/linux-4.4/drivers/net/wireless/realtek/rtl8192cd/WlanHAL/RTL88XX/RTL8197F/Hal8197FGen.c,13799,fc52b7bdfd2aa2a8662702e2fbce8cf04b97e2238807c27e56742c39db8a6407
MR62X_SDK,MR62X_SDK_Paket/selected_sources/sdk/openwrt-21.02/target/linux/linux-4.4/drivers/net/wireless/realtek/rtl8192cd/WlanHAL/RTL88XX/RTL8197F/Hal8197FHWImg.c,0,e3b0c44298fc1c149afbf4c8996fb92427ae41e4649b934ca495991b7852b855
MR62X_SDK,MR62X_SDK_Paket/selected_sources/sdk/openwrt-21.02/target/linux/linux-4.4/drivers/net/wireless/realtek/rtl8192cd/WlanHAL/RTL88XX/RTL8197F/Hal8197FHWImg.h,0,e3b0c44298fc1c149afbf4c8996fb92427ae41e4649b934ca495991b7852b855
MR62X_SDK,MR62X_SDK_Paket/selected_sources/sdk/openwrt-21.02/target/linux/linux-4.4/drivers/net/wireless/realtek/rtl8192cd/WlanHAL/RTL88XX/RTL8197F/Hal8197FIsr.c,0,e3b0c44298fc1c149afbf4c8996fb92427ae41e4649b934ca495991b7852b855
MR62X_SDK,MR62X_SDK_Paket/selected_sources/sdk/openwrt-21.02/target/linux/linux-4.4/drivers/net/wireless/realtek/rtl8192cd/WlanHAL/RTL88XX/RTL8197F/Hal8197FPhyCfg.c,2414,51b22ce78fefcd2075a3ff924f502af64c86a1b5c461c8f458dc0dfe7cfe7744
MR62X_SDK,MR62X_SDK_Paket/selected_sources/sdk/openwrt-21.02/target/linux/linux-4.4/drivers/net/wireless/realtek/rtl8192cd/WlanHAL/RTL88XX/RTL8197F/Hal8197FPhyCfg.h,1138,ec78545263b656168d22adc1013328e2911701c3321fe0aa4ef5c4a768c4668a
MR62X_SDK,MR62X_SDK_Paket/selected_sources/sdk/openwrt-21.02/target/linux/linux-4.4/drivers/net/wireless/realtek/rtl8192cd/WlanHAL/RTL88XX/RTL8197F/Hal8197FPwrSeqCmd.c,2681,3c177b26c3ebc859ccfe0054fa9ab1aee1cdf24327bd2a6ac35146f6201bd2aa
MR62X_SDK,MR62X_SDK_Paket/selected_sources/sdk/openwrt-21.02/target/linux/linux-4.4/drivers/net/wireless/realtek/rtl8192cd/WlanHAL/RTL88XX/RTL8197F/Hal8197FPwrSeqCmd.h,17816,90fa5069365e6ebf273010b1e530c235328e087497d756782f707a5a7bd39c3d
MR62X_SDK,MR62X_SDK_Paket/selected_sources/sdk/openwrt-21.02/target/linux/linux-4.4/drivers/net/wireless/realtek/rtl8192cd/WlanHAL/RTL88XX/RTL8197F/Hal8197FReg.h,1,01ba4719c80b6fe911b091a7c05124b64eeece964e09c058ef8f9805daca546b
MR62X_SDK,MR62X_SDK_Paket/selected_sources/sdk/openwrt-21.02/target/linux/linux-4.4/drivers/net/wireless/realtek/rtl8192cd/WlanHAL/RTL88XX/RTL8197F/Hal8197FRxDesc.c,0,e3b0c44298fc1c149afbf4c8996fb92427ae41e4649b934ca495991b7852b855
MR62X_SDK,MR62X_SDK_Paket/selected_sources/sdk/openwrt-21.02/target/linux/linux-4.4/drivers/net/wireless/realtek/rtl8192cd/WlanHAL/RTL88XX/RTL8197F/Hal8197FRxDesc.h,0,e3b0c44298fc1c149afbf4c8996fb92427ae41e4649b934ca495991b7852b855
MR62X_SDK,MR62X_SDK_Paket/selected_sources/sdk/openwrt-21.02/target/linux/linux-4.4/drivers/net/wireless/realtek/rtl8192cd/WlanHAL/RTL88XX/RTL8197F/Hal8197FTxDesc.c,0,e3b0c44298fc1c149afbf4c8996fb92427ae41e4649b934ca495991b7852b855
MR62X_SDK,MR62X_SDK_Paket/selected_sources/sdk/openwrt-21.02/target/linux/linux-4.4/drivers/net/wireless/realtek/rtl8192cd/WlanHAL/RTL88XX/RTL8197F/Hal8197FTxDesc.h,592,c82d67bcaee3b0caea0503dd1427e91dbf0ff5ed7cc46c9c1ee76ee706717d87
MR62X_SDK,MR62X_SDK_Paket/selected_sources/sdk/openwrt-21.02/target/linux/linux-4.4/drivers/net/wireless/realtek/rtl8192cd/WlanHAL/RTL88XX/RTL8197F/Hal8197FVerify.c,0,e3b0c44298fc1c149afbf4c8996fb92427ae41e4649b934ca495991b7852b855
MR62X_SDK,MR62X_SDK_Paket/selected_sources/sdk/openwrt-21.02/target/linux/linux-4.4/drivers/net/wireless/realtek/rtl8192cd/WlanHAL/RTL88XX/RTL8197F/Hal8197FVerify.h,0,e3b0c44298fc1c149afbf4c8996fb92427ae41e4649b934ca495991b7852b855
MR62X_SDK,MR62X_SDK_Paket/selected_sources/sdk/openwrt-21.02/target/linux/linux-4.4/drivers/net/wireless/realtek/rtl8192cd/WlanHAL/RTL88XX/RTL8197F/RTL8197FE/Hal8197FEDef.h,586,0dad949d7fcf46a54a1e2af2285422157f901a09e49e9277464734766778a558
MR62X_SDK,MR62X_SDK_Paket/selected_sources/sdk/openwrt-21.02/target/linux/linux-4.4/drivers/net/wireless/realtek/rtl8192cd/WlanHAL/RTL88XX/RTL8197F/RTL8197FE/Hal8197FEGen.c,8616,d6991924ee2c81c4428f16ee237d7997c622aa3ab4e3be8cf56b412e80406333
MR62X_SDK,MR62X_SDK_Paket/selected_sources/sdk/openwrt-21.02/target/linux/linux-4.4/drivers/net/wireless/realtek/rtl8192cd/phydm/halrf/rtl8197f/halhwimg8197f_rf.c,78128,da4341080fde556692267a67110b7895a5cbcd65c3c5ac8c8aa4c23d5f74e3c2
MR62X_SDK,MR62X_SDK_Paket/selected_sources/sdk/openwrt-21.02/target/linux/linux-4.4/drivers/net/wireless/realtek/rtl8192cd/phydm/halrf/rtl8197f/halhwimg8197f_rf.h,6563,9f3bb3ee4a4ab6257fc9961ed17ada196440b310b145c2c4ff5cc343d171e374
MR62X_SDK,MR62X_SDK_Paket/selected_sources/sdk/openwrt-21.02/target/linux/linux-4.4/drivers/net/wireless/realtek/rtl8192cd/phydm/halrf/rtl8197f/halrf_8197f.c,11628,3906e4bf15fad110eba0294b784c3abdb348d0b422931375eff6a9d5f6af5fe3
MR62X_SDK,MR62X_SDK_Paket/selected_sources/sdk/openwrt-21.02/target/linux/linux-4.4/drivers/net/wireless/realtek/rtl8192cd/phydm/halrf/rtl8197f/halrf_8197f.h,1608,b95c2ad575b599299f27635b215b9ab9198d4fecbd5440799517588f4b8997ea
MR62X_SDK,MR62X_SDK_Paket/selected_sources/sdk/openwrt-21.02/target/linux/linux-4.4/drivers/net/wireless/realtek/rtl8192cd/phydm/halrf/rtl8197f/halrf_dpk_8197f.c,64684,e358b238e54a456089939114caacb21da6a52fdfdd28b9927b21e425f5a622a9
MR62X_SDK,MR62X_SDK_Paket/selected_sources/sdk/openwrt-21.02/target/linux/linux-4.4/drivers/net/wireless/realtek/rtl8192cd/phydm/halrf/rtl8197f/halrf_dpk_8197f.h,1977,2a917381e6477d4835ede1616918259db5cd0235bd7fb31de49f6612750fd384
MR62X_SDK,MR62X_SDK_Paket/selected_sources/sdk/openwrt-21.02/target/linux/linux-4.4/drivers/net/wireless/realtek/rtl8192cd/phydm/halrf/rtl8197f/halrf_iqk_8197f.c,53765,ef3b9ceec50ec853e60d19de0eca1da4498be1775bad880eb262596f34d096b5
MR62X_SDK,MR62X_SDK_Paket/selected_sources/sdk/openwrt-21.02/target/linux/linux-4.4/drivers/net/wireless/realtek/rtl8192cd/phydm/halrf/rtl8197f/halrf_iqk_8197f.h,1450,c43d59034840a9a4dcfbf430d045d04d83d3cdcd356420ca0930ebd6e90eefed
MR62X_SDK,MR62X_SDK_Paket/selected_sources/sdk/openwrt-21.02/target/linux/linux-4.4/drivers/net/wireless/realtek/rtl8192cd/phydm/halrf/rtl8197f/version_rtl8197f_rf.h,1030,3511e7a3967deeda9bee9085d6154e8368c29b134a7db8e9f2ac5b1cb0ad8266
MR62X_SDK,MR62X_SDK_Paket/selected_sources/sdk/openwrt-21.02/target/linux/rtknet/drivers/net/rtl819x/AsicDriver/Makefile,1701,47a84672028de2a652fa9d3f70cbb4ea5bc05030e9024071d954316f4844e3c1
MR62X_SDK,MR62X_SDK_Paket/selected_sources/sdk/openwrt-21.02/target/linux/rtknet/drivers/net/rtl819x/AsicDriver/asicRegs.h,1699,f0149ab3c26a7ec0949818c5873463f5dbc4ab5df31a073d03bb959c52ed8f37
MR62X_SDK,MR62X_SDK_Paket/selected_sources/sdk/openwrt-21.02/target/linux/rtknet/drivers/net/rtl819x/AsicDriver/asicTabs.h,527,b4c3d99e45b6e66784cd44281937a60add4b05faf6bd227dfeee7b50befcd3f2
MR62X_SDK,MR62X_SDK_Paket/selected_sources/sdk/openwrt-21.02/target/linux/rtknet/drivers/net/rtl819x/AsicDriver/rtl865xC_hs.c,10287,b5574d921ee84bf0f507ef0c6b50594dc43e00b8f2d4f1b99e2072de59d39289
MR62X_SDK,MR62X_SDK_Paket/selected_sources/sdk/openwrt-21.02/target/linux/rtknet/drivers/net/rtl819x/AsicDriver/rtl865xC_hs.h,25510,3b4ef042e7fa939b379736531583adb638a3e0ca0df245fb9ee2ef3a774db2f9
MR62X_SDK,MR62X_SDK_Paket/selected_sources/sdk/openwrt-21.02/target/linux/rtknet/drivers/net/rtl819x/AsicDriver/rtl865x_asicBasic.c,16740,6e0dbb4e86b03ccd39cae1d6663f6b85804870ca68dea2bc79a1fe8d795dad13
MR62X_SDK,MR62X_SDK_Paket/selected_sources/sdk/openwrt-21.02/target/linux/rtknet/drivers/net/rtl819x/AsicDriver/rtl865x_asicBasic.h,2199,18ec6b659291cf694f090511a097028b1c5b2c6c1482f830268e2c827052caec
MR62X_SDK,MR62X_SDK_Paket/selected_sources/sdk/openwrt-21.02/target/linux/rtknet/drivers/net/rtl819x/AsicDriver/rtl865x_asicCom.c,79077,029d1137edc28bdaa4465d7d479ddf84df6e9fd36731c3234dd4a319c466a3a1
MR62X_SDK,MR62X_SDK_Paket/selected_sources/sdk/openwrt-21.02/target/linux/rtknet/drivers/net/rtl819x/AsicDriver/rtl865x_asicCom.h,35611,cc3f89ef0d22a4656903c9e561bba2665d4d576e2e6b4af597828429f5ee191a
MR62X_SDK,MR62X_SDK_Paket/selected_sources/sdk/openwrt-21.02/target/linux/rtknet/drivers/net/rtl819x/AsicDriver/rtl865x_asicL2.c,344105,7a3c271a803cb482463d199cc5c4f5e302c6fc22a2b758aba2161425010fa7b1
MR62X_SDK,MR62X_SDK_Paket/selected_sources/sdk/openwrt-21.02/target/linux/rtknet/drivers/net/rtl819x/AsicDriver/rtl865x_asicL2.h,29998,5036d4b73771a7fc09319712831a050e9f0682e8653293408a23ade43c7e146c
MR62X_SDK,MR62X_SDK_Paket/selected_sources/sdk/openwrt-21.02/target/linux/rtknet/drivers/net/rtl819x/AsicDriver/rtl865x_asicL3.c,64611,8c15b4a73272e6fe7d9e84c502a00470fccc576199b1abcabbef748aed878683
MR62X_SDK,MR62X_SDK_Paket/selected_sources/sdk/openwrt-21.02/target/linux/rtknet/drivers/net/rtl819x/AsicDriver/rtl865x_asicL3.h,31079,83c62a8d4f03d94eab23a6ac905d172dd874b4fa6ee4f2c42e5de185681b709b
MR62X_SDK,MR62X_SDK_Paket/selected_sources/sdk/openwrt-21.02/target/linux/rtknet/drivers/net/rtl819x/AsicDriver/rtl865x_asicL4.c,14109,9382d6c9fa0a8771702d6313c16e21d82e19b3f2000d266695cc18a2d061823d
MR62X_SDK,MR62X_SDK_Paket/selected_sources/sdk/openwrt-21.02/target/linux/rtknet/drivers/net/rtl819x/AsicDriver/rtl865x_asicL4.h,5060,858775f9ee0de7c78c17a79bf1f671cf90b5ae73213bb94697ff765a31cb93b1
MR62X_SDK,MR62X_SDK_Paket/selected_sources/sdk/openwrt-21.02/target/linux/rtknet/drivers/net/rtl819x/AsicDriver/rtl865x_hwPatch.h,1211,f7f124f2fe3e3ceabe3f24265c105f66c38f3386726159efbf47802f7e06a7e1
MR62X_SDK,MR62X_SDK_Paket/selected_sources/sdk/openwrt-21.02/target/linux/rtknet/drivers/net/rtl819x/AsicDriver/rtl865xc_asicregs.h,283688,c8e2436f9ac130e1b40aac0920597d04be9a27d9ac0fada7817ef4ae3430205b
MR62X_SDK,MR62X_SDK_Paket/selected_sources/sdk/openwrt-21.02/target/linux/rtknet/drivers/net/rtl819x/Kconfig,20731,e3fdb8c5e9b9ae35aa23614df0861aea09b146d5159d1e82d96e2566ffe704c7
MR62X_SDK,MR62X_SDK_Paket/selected_sources/sdk/openwrt-21.02/target/linux/rtknet/drivers/net/rtl819x/Makefile,3403,a292f247e85d9eebe0f1eafa5d75ce21a60b9fd2618c99e27232e4221165477c
MR62X_SDK,MR62X_SDK_Paket/selected_sources/sdk/openwrt-21.02/target/linux/rtknet/drivers/net/rtl819x/Makefile.Release,1317,ac52ae42ab77e0349d48e4e9272b41a3b27e72c1d2ec577098824415c8b03e9a
MR62X_SDK,MR62X_SDK_Paket/selected_sources/sdk/openwrt-21.02/target/linux/rtknet/drivers/net/rtl819x/board.h,62558,545a6e49b6f4dee2e28708ba8ced5f9eea88829bbc3d89fc49c602a31644c21c
MR62X_SDK,MR62X_SDK_Paket/selected_sources/sdk/openwrt-21.02/target/linux/rtknet/drivers/net/rtl819x/common/Makefile,1654,5b80b9d0dce9458ca37b0bb4f8896cdde4db5989d393dcecd42008a365eb0179
MR62X_SDK,MR62X_SDK_Paket/selected_sources/sdk/openwrt-21.02/target/linux/rtknet/drivers/net/rtl819x/common/gpio.c,11564,3315c844be19b206070743c5004fe444b4cda2d21852a756eeae0b44614ed71a
MR62X_SDK,MR62X_SDK_Paket/selected_sources/sdk/openwrt-21.02/target/linux/rtknet/drivers/net/rtl819x/common/gpio.h,2023,70c4348d26573036f0d748c869e3de7d18c4dc95189d2a0135687361a296f13f
MR62X_SDK,MR62X_SDK_Paket/selected_sources/sdk/openwrt-21.02/target/linux/rtknet/drivers/net/rtl819x/common/mbuf.h,58517,6c3e1115d9b805f04d676362fd5116be61a866972933b410c8117de9443088f8
MR62X_SDK,MR62X_SDK_Paket/selected_sources/sdk/openwrt-21.02/target/linux/rtknet/drivers/net/rtl819x/common/rtl8651_tblDrvProto.h,20154,39565a01b3cb9f92d0d24ebb3d2926fd1335583eb643a4b100de749d9ff4a1af
MR62X_SDK,MR62X_SDK_Paket/selected_sources/sdk/openwrt-21.02/target/linux/rtknet/drivers/net/rtl819x/common/rtl865x_eventMgr.c,13790,e0749e75dc08cab4b2ccb7b7d90c6e50f3e5a2ffa8a65eb73c29f4683f58333f
MR62X_SDK,MR62X_SDK_Paket/selected_sources/sdk/openwrt-21.02/target/linux/rtknet/drivers/net/rtl819x/common/rtl865x_eventMgr.h,7002,5ad1bf754614698de461ff934af85dc4ad3444264a43c39757c1ad6a29829b61
MR62X_SDK,MR62X_SDK_Paket/selected_sources/sdk/openwrt-21.02/target/linux/rtknet/drivers/net/rtl819x/common/rtl865x_netif.c,254332,f9367dac853e102194a373b922a5dc7ea1f2ed19756b5eb05809c1610ca7cf1e
MR62X_SDK,MR62X_SDK_Paket/selected_sources/sdk/openwrt-21.02/target/linux/rtknet/drivers/net/rtl819x/common/rtl865x_netif_local.h,3326,b41aaafa826175c0cbd189d719f6bea874fb9680d37808a603fb02676d500b04
MR62X_SDK,MR62X_SDK_Paket/selected_sources/sdk/openwrt-21.02/target/linux/rtknet/drivers/net/rtl819x/common/rtl865x_vlan.c,19412,2cc9f83201025e6cf07fb9d5ea257c86aacb2ca025e24bcce423f1439548549b
MR62X_SDK,MR62X_SDK_Paket/selected_sources/sdk/openwrt-21.02/target/linux/rtknet/drivers/net/rtl819x/common/rtl865x_vlan.h,2182,f2d9dc8af54970e21158147ed95abb9490d0a91d287ef1213b7f339e3fa1832d
MR62X_SDK,MR62X_SDK_Paket/selected_sources/sdk/openwrt-21.02/target/linux/rtknet/drivers/net/rtl819x/common/rtl_errno.h,19935,79f7100ece5c78801e8f582f6c82daee097815e3e4a85ea2b67dd5844aeb6a3d
MR62X_SDK,MR62X_SDK_Paket/selected_sources/sdk/openwrt-21.02/target/linux/rtknet/drivers/net/rtl819x/common/rtl_utils.c,14830,320de9c5b1db660a8795f6640efb3577cb273d3191288de3dfbfc115a32ddbd5
MR62X_SDK,MR62X_SDK_Paket/selected_sources/sdk/openwrt-21.02/target/linux/rtknet/drivers/net/rtl819x/common/rtl_utils.h,2813,eb05653b5f35f4c523b231c8febf0275b02ff610199375e9e557ca2425614dca
MR62X_SDK,MR62X_SDK_Paket/selected_sources/sdk/openwrt-21.02/target/linux/rtknet/drivers/net/rtl819x/common/smi.c,18095,45e0ad098ffd6d05fc31dd0d4b4b24f2d96f4b11cd773c9989feaab828e67c05
MR62X_SDK,MR62X_SDK_Paket/selected_sources/sdk/openwrt-21.02/target/linux/rtknet/drivers/net/rtl819x/common/smi.h,460,a063118a936163a533da801794f89583112488123d79da71bbeb63e1f311a730
MR62X_SDK,MR62X_SDK_Paket/selected_sources/sdk/openwrt-21.02/target/linux/rtknet/drivers/net/rtl819x/igmpsnooping/Makefile,1314,ce5edc2c22644c477df0043f19f74cebc0e0968e42d527949338defc3ab3146a
MR62X_SDK,MR62X_SDK_Paket/selected_sources/sdk/openwrt-21.02/target/linux/rtknet/drivers/net/rtl819x/igmpsnooping/igmp_delete.c,3909,caaee807ae2f2c48da6cf5947b68c86df95a0a3b8e36b49585c5128c0d46bc68
MR62X_SDK,MR62X_SDK_Paket/selected_sources/sdk/openwrt-21.02/target/linux/rtknet/drivers/net/rtl819x/igmpsnooping/rtl865x_igmpsnooping.c,133447,bcd292247c7f50f2e00ecd9ad5bb8edb5eedeb8f3934cbdf8afd7f5f43b22106
MR62X_SDK,MR62X_SDK_Paket/selected_sources/sdk/openwrt-21.02/target/linux/rtknet/drivers/net/rtl819x/igmpsnooping/rtl865x_igmpsnooping_glue.c,1693,464e7f0671ab2488a74927470c8a60610b84ca991a79b0bb8f60b03072b20f95
MR62X_SDK,MR62X_SDK_Paket/selected_sources/sdk/openwrt-21.02/target/linux/rtknet/drivers/net/rtl819x/igmpsnooping/rtl865x_igmpsnooping_local.h,17938,6b212d0a50505632e60b8e2ea24a832858ae0ed1cdb3d49984cb8504bebac6a4
MR62X_SDK,MR62X_SDK_Paket/selected_sources/sdk/openwrt-21.02/target/linux/rtknet/drivers/net/rtl819x/igmpsnooping/rtl865x_igmpsnooping_new.c,258894,8ee106b5b6577ea219eeabc437744c695a91fde7cc18e94380f3666748181a9d
MR62X_SDK,MR62X_SDK_Paket/selected_sources/sdk/openwrt-21.02/target/linux/rtknet/drivers/net/rtl819x/l2Driver/Makefile,1613,c52514d4f18633f062e09191dba6fd76cb86389b9256488076940ae841fda333
MR62X_SDK,MR62X_SDK_Paket/selected_sources/sdk/openwrt-21.02/target/linux/rtknet/drivers/net/rtl819x/l2Driver/rtl865x_83xx_hw_qos_config.c,18046,711fdd80377d1a705cc4b017abbae3bc5bc582b5c786c093a666e88ba1384c96
MR62X_SDK,MR62X_SDK_Paket/selected_sources/sdk/openwrt-21.02/target/linux/rtknet/drivers/net/rtl819x/l2Driver/rtl865x_fdb.c,72645,f0da0b86190d2223a3fe38fa73b5591836826b65dcd4107d1f0d3d8e5a190e06
MR62X_SDK,MR62X_SDK_Paket/selected_sources/sdk/openwrt-21.02/target/linux/rtknet/drivers/net/rtl819x/l2Driver/rtl865x_fdb.h,6209,ca24f80ce79d04d5a3c8ece923261fcd27ef34f6089750705992380bdd5f0d48
MR62X_SDK,MR62X_SDK_Paket/selected_sources/sdk/openwrt-21.02/target/linux/rtknet/drivers/net/rtl819x/l2Driver/rtl865x_hw_qos_config.c,27627,672e0eec4f6e6ccf6b886fe1a4eae00cc916f8d7bf92d0668ce31ebc3526acde
MR62X_SDK,MR62X_SDK_Paket/selected_sources/sdk/openwrt-21.02/target/linux/rtknet/drivers/net/rtl819x/l2Driver/rtl865x_outputQueue.c,107131,d7be8bc69c4bf4ff92982ee2b5b9ae6799d2d3f9ce3fc4056a8ccb5ee37297e0
MR62X_SDK,MR62X_SDK_Paket/selected_sources/sdk/openwrt-21.02/target/linux/rtknet/drivers/net/rtl819x/l2Driver/rtl865x_stp.c,1061,5d4d71d115a4a3ca44af77f94a1d384722a78d7bd8c6a5c8ea65c35ecc1fd3ae
MR62X_SDK,MR62X_SDK_Paket/selected_sources/sdk/openwrt-21.02/target/linux/rtknet/drivers/net/rtl819x/l3Driver/Makefile,2125,d0b1b670e52dbb37158732879df1b3db5cb8b31867b4c6c813366f3e842b886c
MR62X_SDK,MR62X_SDK_Paket/selected_sources/sdk/openwrt-21.02/target/linux/rtknet/drivers/net/rtl819x/l3Driver/rtl8198c_arpIpv6.c,21539,bd20baaafa94091df0225b7bf38317e9f5e7684f257239c06877563afcee3d35
MR62X_SDK,MR62X_SDK_Paket/selected_sources/sdk/openwrt-21.02/target/linux/rtknet/drivers/net/rtl819x/l3Driver/rtl8198c_arpIpv6.h,219,8916b66ab4052d2fd6c59b53bf518b522380ea927db120eafc23696cdfc3ff38
MR62X_SDK,MR62X_SDK_Paket/selected_sources/sdk/openwrt-21.02/target/linux/rtknet/drivers/net/rtl819x/l3Driver/rtl8198c_nexthopIpv6.c,23240,f48282fb51f5853bc8b2ff2f2d666a0857653fb2f7430508c07b0e7cd905e7dd
MR62X_SDK,MR62X_SDK_Paket/selected_sources/sdk/openwrt-21.02/target/linux/rtknet/drivers/net/rtl819x/l3Driver/rtl8198c_nexthopIpv6.h,1148,2eed4a16619b21914949fa96ad7c9f8cfb5f717cb04f6d133b163c806ed2d063
MR62X_SDK,MR62X_SDK_Paket/selected_sources/sdk/openwrt-21.02/target/linux/rtknet/drivers/net/rtl819x/l3Driver/rtl8198c_routeIpv6.c,34949,715ae5d917915d8dd621ed30e61d89ee0b37adf2e011518221f3b4a3fa8b6be3
MR62X_SDK,MR62X_SDK_Paket/selected_sources/sdk/openwrt-21.02/target/linux/rtknet/drivers/net/rtl819x/l3Driver/rtl8198c_routeIpv6.h,2677,5a19a2cfa8762f6a6f27ffa750f256c62d0882117fc23e6beffe6e6e1a67fd90
MR62X_SDK,MR62X_SDK_Paket/selected_sources/sdk/openwrt-21.02/target/linux/rtknet/drivers/net/rtl819x/l3Driver/rtl865x_6rd.c,10459,ad9feec789498d306bc762c5579071d191b9a1fc636c54633dc74c04787c87ec
MR62X_SDK,MR62X_SDK_Paket/selected_sources/sdk/openwrt-21.02/target/linux/rtknet/drivers/net/rtl819x/l3Driver/rtl865x_6rd.h,840,2a28e687467f7f3a14cc55464f83aff9b0894d2f51476cb5ee72cd671daf74ae
MR62X_SDK,MR62X_SDK_Paket/selected_sources/sdk/openwrt-21.02/target/linux/rtknet/drivers/net/rtl819x/l3Driver/rtl865x_arp.c,23301,f6ac9e78a4d077ffe7b71870c3375b534907acf69a215dd96f43790e81b2ebec
MR62X_SDK,MR62X_SDK_Paket/selected_sources/sdk/openwrt-21.02/target/linux/rtknet/drivers/net/rtl819x/l3Driver/rtl865x_arp.h,818,1c881ee0f5af0601956233a4e04edfc9fc4d64ddcfe4e91c096f007ed3bf69ee
MR62X_SDK,MR62X_SDK_Paket/selected_sources/sdk/openwrt-21.02/target/linux/rtknet/drivers/net/rtl819x/l3Driver/rtl865x_dslite.c,11190,0deeba8c4427e0209f35ea004c0682ab56784b20da2c0f4e5394998e1c41c035
MR62X_SDK,MR62X_SDK_Paket/selected_sources/sdk/openwrt-21.02/target/linux/rtknet/drivers/net/rtl819x/l3Driver/rtl865x_dslite.h,876,9e41581985549c95d4ab9490fa4ba4906dd0c83270efdec6f6527ded0f917759
MR62X_SDK,MR62X_SDK_Paket/selected_sources/sdk/openwrt-21.02/target/linux/rtknet/drivers/net/rtl819x/l3Driver/rtl865x_ip.c,8858,3efa5b2976d35066e2cf41aad85110bee9fefad73811115eb38a33c13794996d
MR62X_SDK,MR62X_SDK_Paket/selected_sources/sdk/openwrt-21.02/target/linux/rtknet/drivers/net/rtl819x/l3Driver/rtl865x_ip.h,1546,c1aa47f2ecfbe800d963436d95130a927956a20e6b2c5adf08c33288d4f693c6
MR62X_SDK,MR62X_SDK_Paket/selected_sources/sdk/openwrt-21.02/target/linux/rtknet/drivers/net/rtl819x/l3Driver/rtl865x_multicast.c,185038,350c8b3ce18a5328e95aecb6860c2089faa6ff44bc48ff92be7f544f862d536f
MR62X_SDK,MR62X_SDK_Paket/selected_sources/sdk/openwrt-21.02/target/linux/rtknet/drivers/net/rtl819x/l3Driver/rtl865x_multipleWan.h,708,cf88e4bedc48212102109ad32bb21dc42b222e44df58eb937222376d74c4adda
MR62X_SDK,MR62X_SDK_Paket/selected_sources/sdk/openwrt-21.02/target/linux/rtknet/drivers/net/rtl819x/l3Driver/rtl865x_nexthop.c,28395,50572e8745764564487f045b41b9d2a9932f214f2ea3b4ed34e57388f527351f
MR62X_SDK,MR62X_SDK_Paket/selected_sources/sdk/openwrt-21.02/target/linux/rtknet/drivers/net/rtl819x/l3Driver/rtl865x_nexthop.h,2136,de0a2bb665a317702e555e6685eb60bf60f0b30b9cb1f119fda6bf4bbd6aaa0a
MR62X_SDK,MR62X_SDK_Paket/selected_sources/sdk/openwrt-21.02/target/linux/rtknet/drivers/net/rtl819x/l3Driver/rtl865x_ppp.c,17591,bceafa5e4f34a3e89060a0c3789267baba07f9243c89ed03852f67ab352e3c07
MR62X_SDK,MR62X_SDK_Paket/selected_sources/sdk/openwrt-21.02/target/linux/rtknet/drivers/net/rtl819x/l3Driver/rtl865x_ppp_local.h,906,f26a57d6cca2f14f42a9f47760902ddbd5f0727b32d5c90fa4d8c1f405d7dda8
MR62X_SDK,MR62X_SDK_Paket/selected_sources/sdk/openwrt-21.02/target/linux/rtknet/drivers/net/rtl819x/l3Driver/rtl865x_route.c,40300,a9906cfb85ac7a06a993ae665e0b6b9ab8b84e3bceebd6b94a670978bbafeaa6
MR62X_SDK,MR62X_SDK_Paket/selected_sources/sdk/openwrt-21.02/target/linux/rtknet/drivers/net/rtl819x/l3Driver/rtl865x_route.h,2841,5a263be730a272861740f82e2fcdb210094f7a531e6b9490f894d9ff86046b80
MR62X_SDK,MR62X_SDK_Paket/selected_sources/sdk/openwrt-21.02/target/linux/rtknet/drivers/net/rtl819x/l4Driver/Makefile,1218,89779ceddadf294ab2a8ee98bc826fae5132e3ec3c4837dd5a904afc1c019068
MR62X_SDK,MR62X_SDK_Paket/selected_sources/sdk/openwrt-21.02/target/linux/rtknet/drivers/net/rtl819x/l4Driver/rtl865x_nat.c,54376,3c54549423b52f0395f1a50e21a73f0c3e7ad9ba92137fc68e13de467b5a158c
MR62X_SDK,MR62X_SDK_Paket/selected_sources/sdk/openwrt-21.02/target/linux/rtknet/drivers/net/rtl819x/l4Driver/rtl865x_nat_local.h,1388,c5fd89ef8aa3cef3cae852401346f02d258ee893a355ea621dee803d5a1534a0
MR62X_SDK,MR62X_SDK_Paket/selected_sources/sdk/openwrt-21.02/target/linux/rtknet/drivers/net/rtl819x/m1074kctrl.c,4063,c1af3c5e5b0f9ff0c62f6c65e282444d022895aa5ceb216aed273eb138987fa2
MR62X_SDK,MR62X_SDK_Paket/selected_sources/sdk/openwrt-21.02/target/linux/rtknet/drivers/net/rtl819x/m24kctrl.c,3613,58651d9d7ebe42a6109fe7b4d2915b9086cb5d2f5ad2c0947860b56fc7ffa704
MR62X_SDK,MR62X_SDK_Paket/selected_sources/sdk/openwrt-21.02/target/linux/rtknet/drivers/net/rtl819x/m24kctrl.h,3352,4b0eefe1389d206d0a1ed5077148f2206cb5f80f5541deddf9a3bfda8b4b3804
MR62X_SDK,MR62X_SDK_Paket/selected_sources/sdk/openwrt-21.02/target/linux/rtknet/drivers/net/rtl819x/mmap.c,5133,1d27a59cf4c730ac6c8f00fcb12c0b878a9c6f22094fe8bfc265d89ccbe7c4bd
MR62X_SDK,MR62X_SDK_Paket/selected_sources/sdk/openwrt-21.02/target/linux/rtknet/drivers/net/rtl819x/rlx5181_perCounter.S,2640,02bb114acd35deb40566ab5da194c0f8aecd3aa864b508f0c04d6f77358d4b72
MR62X_SDK,MR62X_SDK_Paket/selected_sources/sdk/openwrt-21.02/target/linux/rtknet/drivers/net/rtl819x/rlx5281_perCounter.S,4492,d55b2602859207f36a9a0529a1ada11d01dcb5bb0a3a0b3ef83403fd0ca87f80
MR62X_SDK,MR62X_SDK_Paket/selected_sources/sdk/openwrt-21.02/target/linux/rtknet/drivers/net/rtl819x/romeperf.c,18116,0d7037b63ea9bb7ea68f2c22de3219c228cff6caed8f0a40f144f4c402ef5bb4
MR62X_SDK,MR62X_SDK_Paket/selected_sources/sdk/openwrt-21.02/target/linux/rtknet/drivers/net/rtl819x/romeperf.h,5031,fa4f95b97ec1c7ddbc98da620de8e6f48dd9b1be5f5841f76de440b50d20e5b1
MR62X_SDK,MR62X_SDK_Paket/selected_sources/sdk/openwrt-21.02/target/linux/rtknet/drivers/net/rtl819x/rtl819x_swNic.c,81474,deb9b4c9c61bb6a565dc36934a7a073715d5b65a4d52e4c5c075bf063f134058
MR62X_SDK,MR62X_SDK_Paket/selected_sources/sdk/openwrt-21.02/target/linux/rtknet/drivers/net/rtl819x/rtl819x_swNic.h,19241,783f37656c80da3413fafa363a777b21ee50751f530bc5e0ddd0dd9f8f3d0076
MR62X_SDK,MR62X_SDK_Paket/selected_sources/sdk/openwrt-21.02/target/linux/rtknet/drivers/net/rtl819x/rtl819x_switch.c,13152,f1721ef530140218df352be8cb793a7c48edb593fb45cc0668986dffe3f0c645
MR62X_SDK,MR62X_SDK_Paket/selected_sources/sdk/openwrt-21.02/target/linux/rtknet/drivers/net/rtl819x/rtl819x_switch.h,446,9782c2c0e025171d7a1d4d5028026003bb6590207add7091f10dbaa3df7a0789
MR62X_SDK,MR62X_SDK_Paket/selected_sources/sdk/openwrt-21.02/target/linux/rtknet/drivers/net/rtl819x/rtl8325d/Makefile,1380,6f22d6c7cc1af75020c2a39543fae61d604ce99c26f5f2a15c815d3eb7dcfa2a
MR62X_SDK,MR62X_SDK_Paket/selected_sources/sdk/openwrt-21.02/target/linux/rtknet/drivers/net/rtl819x/rtl8325d/basic/rtl8316d_regField_list.c,799159,fd1eee055c2041ad216de0227e02f9c4934b8ba371e568d241dfba16b1b51658
MR62X_SDK,MR62X_SDK_Paket/selected_sources/sdk/openwrt-21.02/target/linux/rtknet/drivers/net/rtl819x/rtl8325d/basic/rtl8316d_reg_list.c,707386,8f55544baba148797daf2e56a38a9439a3c025ae8c1e051e73097429e6d2863e
MR62X_SDK,MR62X_SDK_Paket/selected_sources/sdk/openwrt-21.02/target/linux/rtknet/drivers/net/rtl819x/rtl8325d/basic/rtl8316d_tableField_list.c,7259,34b4ffcb5af9b0306f91cd9db94d75e27f60d9f3c27dd8c79a284bbb97a8dd4b
MR62X_SDK,MR62X_SDK_Paket/selected_sources/sdk/openwrt-21.02/target/linux/rtknet/drivers/net/rtl819x/rtl8325d/basic/rtl8316d_table_list.c,6279,32692a97fd28980e115187ee05c57a80c2116dd1d2a81de5fbf6eb5a8a6c1ee7
MR62X_SDK,MR62X_SDK_Paket/selected_sources/sdk/openwrt-21.02/target/linux/rtknet/drivers/net/rtl819x/rtl8325d/include/asicdrv/basic/rtl8316d_general_reg.h,246681,6275adfc0bd397039d7e843fbd1d48434ae2735397225cc6457aa8c0a57ce5cc
MR62X_SDK,MR62X_SDK_Paket/selected_sources/sdk/openwrt-21.02/target/linux/rtknet/drivers/net/rtl819x/rtl8325d/include/asicdrv/basic/rtl8316d_regField_list.h,53072,9346d07fc8d30b34cdb1fcfc18a580e39503e6f991a82b8d0b999810b32c0662
MR62X_SDK,MR62X_SDK_Paket/selected_sources/sdk/openwrt-21.02/target/linux/rtknet/drivers/net/rtl819x/rtl8325d/include/asicdrv/basic/rtl8316d_reg_struct.h,193955,ec72b28c17babf0a4e2d006306dc88aa08d97197e3d88ac6e7fcb83dfcb078dc
MR62X_SDK,MR62X_SDK_Paket/selected_sources/sdk/openwrt-21.02/target/linux/rtknet/drivers/net/rtl819x/rtl8325d/include/asicdrv/basic/rtl8316d_tableField_list.h,1079,3060e2e989de2d9f633b3dc24682ddcfe764555bc4a732c4a366741970a7f45a
MR62X_SDK,MR62X_SDK_Paket/selected_sources/sdk/openwrt-21.02/target/linux/rtknet/drivers/net/rtl819x/rtl8325d/include/asicdrv/basic/rtl8316d_table_struct.h,3933,35954a6b982487053037eeee27083c4fa66d54d790a894590e9de0d69a5a0ffe
MR62X_SDK,MR62X_SDK_Paket/selected_sources/sdk/openwrt-21.02/target/linux/rtknet/drivers/net/rtl819x/rtl8325d/include/asicdrv/rtl8316d_asicDrv.h,7624,6bd94aea271c5812cb34661bff9728c09d59fbada7c864a543b7692ca0ab7aee
MR62X_SDK,MR62X_SDK_Paket/selected_sources/sdk/openwrt-21.02/target/linux/rtknet/drivers/net/rtl819x/rtl8325d/include/asicdrv/rtl8316d_asicdrv_dot1x.h,13733,01a210a69ae3450e82fcc719c3c70b043287e39bb0d96f5af8e9d1ae1371f8c5
MR62X_SDK,MR62X_SDK_Paket/selected_sources/sdk/openwrt-21.02/target/linux/rtknet/drivers/net/rtl819x/rtl8325d/include/asicdrv/rtl8316d_asicdrv_inacl.h,25014,25e42d0af8ca859976e5d67b0bdc77fa7b0a5aedec9156cea8a3f7f228b83b56
MR62X_SDK,MR62X_SDK_Paket/selected_sources/sdk/openwrt-21.02/target/linux/rtknet/drivers/net/rtl819x/rtl8325d/include/asicdrv/rtl8316d_asicdrv_mir.h,2798,dcffaa1fa06689e2a3347335ee8598887acf7b5f22e21704b3536c6b9ff207dc
MR62X_SDK,MR62X_SDK_Paket/selected_sources/sdk/openwrt-21.02/target/linux/rtknet/drivers/net/rtl819x/rtl8325d/include/asicdrv/rtl8316d_asicdrv_nic.h,12072,efa1bf5662829a2885d6b7fa30d804ca34da19ec61555887a56fb85804bfa66f
MR62X_SDK,MR62X_SDK_Paket/selected_sources/sdk/openwrt-21.02/target/linux/rtknet/drivers/net/rtl819x/rtl8325d/include/asicdrv/rtl8316d_asicdrv_port.h,6466,2fc616b9d25a9dcf10bbdc037d227aa9fa10c5108d25cd3da9c39e81092f1bad
MR62X_SDK,MR62X_SDK_Paket/selected_sources/sdk/openwrt-21.02/target/linux/rtknet/drivers/net/rtl819x/rtl8325d/include/asicdrv/rtl8316d_asicdrv_qos.h,2355,1cfae7c6e917ed230f3b7a7db63763dc703486326a1d74df35ad8631d9efa5ac
MR62X_SDK,MR62X_SDK_Paket/selected_sources/sdk/openwrt-21.02/target/linux/rtknet/drivers/net/rtl819x/rtl8325d/include/asicdrv/rtl8316d_asicdrv_reg.h,9551,54f1d015a0f04fe79cd026282e2de4c7a1178162b69d723019fa5c125249fe0e
MR62X_SDK,MR62X_SDK_Paket/selected_sources/sdk/openwrt-21.02/target/linux/rtknet/drivers/net/rtl819x/rtl8325d/include/asicdrv/rtl8316d_asicdrv_rma.h,845,a0516bdfcc106e66afdd11df8ee1b87d45e28623c81a36f98332932375a5d44f
MR62X_SDK,MR62X_SDK_Paket/selected_sources/sdk/openwrt-21.02/target/linux/rtknet/drivers/net/rtl819x/rtl8325d/include/asicdrv/rtl8316d_asicdrv_rtkpp.h,737,09220a19682800aa0b863304ca23bb14c7d66ad92e2b609115f0a9a512199c49
MR62X_SDK,MR62X_SDK_Paket/selected_sources/sdk/openwrt-21.02/target/linux/rtknet/drivers/net/rtl819x/rtl8325d/include/asicdrv/rtl8316d_asicdrv_stp.h,734,ecb8298382ce2ee9fceec0fc933d1532aa4558454640d9fd607ff9b87c1a6cf4
MR62X_SDK,MR62X_SDK_Paket/selected_sources/sdk/openwrt-21.02/target/linux/rtknet/drivers/net/rtl819x/rtl8325d/include/asicdrv/rtl8316d_asicdrv_svlan.h,9703,3e3402f5c46f07419b593c6782f0bbb583824749634865e840621a3bd30e2dba
MR62X_SDK,MR62X_SDK_Paket/selected_sources/sdk/openwrt-21.02/target/linux/rtknet/drivers/net/rtl819x/rtl8325d/include/asicdrv/rtl8316d_asicdrv_tbl.h,8100,eeeeb1bba48b5513b5a0808e0dbaad12cf59f53a8677e1b920ce9f5d1f3ac60a
MR62X_SDK,MR62X_SDK_Paket/selected_sources/sdk/openwrt-21.02/target/linux/rtknet/drivers/net/rtl819x/rtl8325d/include/asicdrv/rtl8316d_asicdrv_trunk.h,1185,b83352bc2c9a7dff3487536a7301484f56ce407359ab562583ec34a44e85cd2d
MR62X_SDK,MR62X_SDK_Paket/selected_sources/sdk/openwrt-21.02/target/linux/rtknet/drivers/net/rtl819x/rtl8325d/include/asicdrv/rtl8316d_asicdrv_vlan.h,16169,6acec5c094ccb8aae952df37aec63ccd52efe7f070f6d101d8af99bbd04477af
MR62X_SDK,MR62X_SDK_Paket/selected_sources/sdk/openwrt-21.02/target/linux/rtknet/drivers/net/rtl819x/rtl8325d/include/asicdrv/rtl8316d_types.h,8456,71a6c23eddf34018a6c37f16b92ffec663dbe86cf54bb87f776e06824bd16e8e
MR62X_SDK,MR62X_SDK_Paket/selected_sources/sdk/openwrt-21.02/target/linux/rtknet/drivers/net/rtl819x/rtl8325d/include/rtk_api.h,38982,a326d1692da55110decec94861bf1b807eef5b90b09c20e36419c3fa24110e9f
MR62X_SDK,MR62X_SDK_Paket/selected_sources/sdk/openwrt-21.02/target/linux/rtknet/drivers/net/rtl819x/rtl8325d/include/rtk_api_ext.h,175979,445c1d42ca493c618b0759074a4713c3d0fffd7611bd8e368d1f82ccbcabade7
MR62X_SDK,MR62X_SDK_Paket/selected_sources/sdk/openwrt-21.02/target/linux/rtknet/drivers/net/rtl819x/rtl8325d/include/rtk_error.h,24312,e3fc8515419bd78df8b626f0fb6f5393dc90c5da0adc96e217634f0c1bab3a7d
MR62X_SDK,MR62X_SDK_Paket/selected_sources/sdk/openwrt-21.02/target/linux/rtknet/drivers/net/rtl819x/rtl8325d/include/rtk_types.h,1692,497ec81fab28f7a004c1a06b4a817176c9020e1de5e2d34b223e308c9d1ccc94
MR62X_SDK,MR62X_SDK_Paket/selected_sources/sdk/openwrt-21.02/target/linux/rtknet/drivers/net/rtl819x/rtl8325d/include/rtl8316d_debug.h,6058,2d772ed3eaad8d67c5d468bb3d95d5180a0233a9753543c35a0fc5973da380ff
MR62X_SDK,MR62X_SDK_Paket/selected_sources/sdk/openwrt-21.02/target/linux/rtknet/drivers/net/rtl819x/rtl8325d/rtl8316d_asicDrv.c,74917,22efac9c370564437e524ef5ac0cb06253c3bfa6e28ac058a568d38acf5ead5e
MR62X_SDK,MR62X_SDK_Paket/selected_sources/sdk/openwrt-21.02/target/linux/rtknet/drivers/net/rtl819x/rtl8325d/rtl8316d_asicdrv_dot1x.c,20899,41102f93f27f0d1c5f7c488086c8dde9d0a8a8af38b6388bf79ee0874e7a0f33
MR62X_SDK,MR62X_SDK_Paket/selected_sources/sdk/openwrt-21.02/target/linux/rtknet/drivers/net/rtl819x/rtl8325d/rtl8316d_asicdrv_inacl.c,91283,e774c7a918c6c823f4ecfd1b7d153b236a9eae5db2e52a5923c29aa88700d3a9
MR62X_SDK,MR62X_SDK_Paket/selected_sources/sdk/openwrt-21.02/target/linux/rtknet/drivers/net/rtl819x/rtl8325d/rtl8316d_asicdrv_lut.c,89795,8feb2ebfc9b43528a819759c88da077c3c6ab9480d558331d259d5c35403679a
MR62X_SDK,MR62X_SDK_Paket/selected_sources/sdk/openwrt-21.02/target/linux/rtknet/drivers/net/rtl819x/rtl8325d/rtl8316d_asicdrv_mib.c,9585,555c1709870bb2ea14100df76b89f2e6c80f02f147bb25db433ba48d5128ced8
MR62X_SDK,MR62X_SDK_Paket/selected_sources/sdk/openwrt-21.02/target/linux/rtknet/drivers/net/rtl819x/rtl8325d/rtl8316d_asicdrv_mir.c,4084,401d49445b78196d914e936fc13f24b38b414c3d1d3eb52288b4db7aa399cc9d
MR62X_SDK,MR62X_SDK_Paket/selected_sources/sdk/openwrt-21.02/target/linux/rtknet/drivers/net/rtl819x/rtl8325d/rtl8316d_asicdrv_nic.c,4241,fb9cbb26933c996333def62b0c9b6981eeb719e496fb498a2a80b9034c633a6c
MR62X_SDK,MR62X_SDK_Paket/selected_sources/sdk/openwrt-21.02/target/linux/rtknet/drivers/net/rtl819x/rtl8325d/rtl8316d_asicdrv_port.c,19323,90753b2510520d07e6c24d17c7ce616725fd5768b295415c8f10a83e76a52bf8
MR62X_SDK,MR62X_SDK_Paket/selected_sources/sdk/openwrt-21.02/target/linux/rtknet/drivers/net/rtl819x/rtl8325d/rtl8316d_asicdrv_qos.c,72439,dc493374efa67c4a1f6c2ef298cea615dc0fe386a000eebcf792bac74fce8d7a
MR62X_SDK,MR62X_SDK_Paket/selected_sources/sdk/openwrt-21.02/target/linux/rtknet/drivers/net/rtl819x/rtl8325d/rtl8316d_asicdrv_rma.c,13540,1836d5eba07b31255a3a8fcd9a9bb38a53171c8f5c68a5390594a55bac1e1d62
MR62X_SDK,MR62X_SDK_Paket/selected_sources/sdk/openwrt-21.02/target/linux/rtknet/drivers/net/rtl819x/rtl8325d/rtl8316d_asicdrv_rtkpp.c,52521,6af7f139cdc8b36237078a2a595416e4a63b7a30e08b67e3bd44e71edb05073d
MR62X_SDK,MR62X_SDK_Paket/selected_sources/sdk/openwrt-21.02/target/linux/rtknet/drivers/net/rtl819x/rtl8325d/rtl8316d_asicdrv_stp.c,3813,f4053a67f2e9d391934499bbcb03a4cf22c7f603963df179a240bdfd09b9f517
MR62X_SDK,MR62X_SDK_Paket/selected_sources/sdk/openwrt-21.02/target/linux/rtknet/drivers/net/rtl819x/rtl8325d/rtl8316d_asicdrv_svlan.c,14076,1e76834ee2c6e47c2c5ec51589a6da4ed28af621afe186af197e84c835d91214
MR62X_SDK,MR62X_SDK_Paket/selected_sources/sdk/openwrt-21.02/target/linux/rtknet/drivers/net/rtl819x/rtl8325d/rtl8316d_asicdrv_tbl.c,12016,02eb602ee715abfc4ed426c87b747f14ab05852e66e63df5dd5d265b73ce7260
MR62X_SDK,MR62X_SDK_Paket/selected_sources/sdk/openwrt-21.02/target/linux/rtknet/drivers/net/rtl819x/rtl8325d/rtl8316d_asicdrv_trunk.c,2643,a1fc3d4f3a04d332d03d8a7c1ead2702f38fa991801e80f69a9daea9f9ca4b5c
MR62X_SDK,MR62X_SDK_Paket/selected_sources/sdk/openwrt-21.02/target/linux/rtknet/drivers/net/rtl819x/rtl8325d/rtl8316d_asicdrv_vlan.c,27939,71771c8b235e539168a0fd841de75cd78955d177ca3cd2a942761712626dfe7f
MR62X_SDK,MR62X_SDK_Paket/selected_sources/sdk/openwrt-21.02/target/linux/rtknet/drivers/net/rtl819x/rtl8367r/Makefile,1601,6b0331ecdca4a50b24d867434e113a75a20cfe17c23d50d19b0a56b49c2fa5ab
MR62X_SDK,MR62X_SDK_Paket/selected_sources/sdk/openwrt-21.02/target/linux/rtknet/drivers/net/rtl819x/rtl8367r/rtk_api.c,786173,fcf05d694f3acee2d820ae511934a38aea8892e6e381d4f14e5151bb94493196
MR62X_SDK,MR62X_SDK_Paket/selected_sources/sdk/openwrt-21.02/target/linux/rtknet/drivers/net/rtl819x/rtl8367r/rtk_api.h,43325,c04c9c110d58bbe9163e66b5b51091b4bc3c90e029561b65e847593785f09f7c
MR62X_SDK,MR62X_SDK_Paket/selected_sources/sdk/openwrt-21.02/target/linux/rtknet/drivers/net/rtl819x/rtl8367r/rtk_api_ext.h,232734,7b3051d0ac32e0d624b1467c7484cafc1608c98ed8af10b79e1f0004c8f6411e
MR62X_SDK,MR62X_SDK_Paket/selected_sources/sdk/openwrt-21.02/target/linux/rtknet/drivers/net/rtl819x/rtl8367r/rtk_error.h,22967,39071a7e36f9075a465ea7aad98756289175dadba4a074e8b3ad00369ce13ba6
MR62X_SDK,MR62X_SDK_Paket/selected_sources/sdk/openwrt-21.02/target/linux/rtknet/drivers/net/rtl819x/rtl8367r/rtk_types.h,1786,3e3a391963c9b3dba7c66bd0d06df86f2daf9e6c8935a57b66944082cfcf5bf5
MR62X_SDK,MR62X_SDK_Paket/selected_sources/sdk/openwrt-21.02/target/linux/rtknet/drivers/net/rtl819x/rtl8367r/rtl8367b_asicdrv.c,14371,3b2610186d4460ecb96c43f70b6e07a42ff896eca41212c2996cc41916c54066
MR62X_SDK,MR62X_SDK_Paket/selected_sources/sdk/openwrt-21.02/target/linux/rtknet/drivers/net/rtl819x/rtl8367r/rtl8367b_asicdrv.h,3757,564fb2597870fa0ecacc12f44f9f54076ac101fac72e4b1b72ddbe6a867ad59f
MR62X_SDK,MR62X_SDK_Paket/selected_sources/sdk/openwrt-21.02/target/linux/rtknet/drivers/net/rtl819x/rtl8367r/rtl8367b_asicdrv_acl.c,31704,fade7e833c37146432a1dada39e2f35b579ffab08d325ed25a9a0f701f154a00
MR62X_SDK,MR62X_SDK_Paket/selected_sources/sdk/openwrt-21.02/target/linux/rtknet/drivers/net/rtl819x/rtl8367r/rtl8367b_asicdrv_acl.h,6356,7a28f6aa13f85ed0bbf8303f266e14f225db92e61ffa959ec1bd904683da321a
MR62X_SDK,MR62X_SDK_Paket/selected_sources/sdk/openwrt-21.02/target/linux/rtknet/drivers/net/rtl819x/rtl8367r/rtl8367b_asicdrv_cputag.c,9608,8a8916be4b5d2c58904cf74570a37cebfa971607511f26f944b5442131f5f51b
MR62X_SDK,MR62X_SDK_Paket/selected_sources/sdk/openwrt-21.02/target/linux/rtknet/drivers/net/rtl819x/rtl8367r/rtl8367b_asicdrv_cputag.h,1373,c2c7c55d677c47579cec47cee266a5853179baef868059f083f6ddf8b082f52b
MR62X_SDK,MR62X_SDK_Paket/selected_sources/sdk/openwrt-21.02/target/linux/rtknet/drivers/net/rtl819x/rtl8367r/rtl8367b_asicdrv_dot1x.c,10905,ea1019ef90f3b44d9ab0109ed0695f4b40753434fe843f8a8c0daab60af19289
MR62X_SDK,MR62X_SDK_Paket/selected_sources/sdk/openwrt-21.02/target/linux/rtknet/drivers/net/rtl819x/rtl8367r/rtl8367b_asicdrv_dot1x.h,1580,5e72c66bc37af7ba3aad77ebee8dc4fb9ff4526fe12ce947c0c1d1d3aab1d3ba
MR62X_SDK,MR62X_SDK_Paket/selected_sources/sdk/openwrt-21.02/target/linux/rtknet/drivers/net/rtl819x/rtl8367r/rtl8367b_asicdrv_eav.c,14687,3ceccd43d9f7a4a6da663deb6f05db71da06953a62b98a256d17efaf6131ee16
MR62X_SDK,MR62X_SDK_Paket/selected_sources/sdk/openwrt-21.02/target/linux/rtknet/drivers/net/rtl819x/rtl8367r/rtl8367b_asicdrv_eav.h,1768,21d163db10b0737fb5e63a4996bbe9a8a8f2895589d81583637cb1e366b1fb26
MR62X_SDK,MR62X_SDK_Paket/selected_sources/sdk/openwrt-21.02/target/linux/rtknet/drivers/net/rtl819x/rtl8367r/rtl8367b_asicdrv_eee.c,3175,f99096fc2dc794bce9ba4ab6e4cdfa7c7a91222ef21fdba04f958493edddf630
MR62X_SDK,MR62X_SDK_Paket/selected_sources/sdk/openwrt-21.02/target/linux/rtknet/drivers/net/rtl819x/rtl8367r/rtl8367b_asicdrv_eee.h,446,3d49fb52ec5856a38375ede1f449f7557acf2433308f9025052dd7af6e9ce7a3
MR62X_SDK,MR62X_SDK_Paket/selected_sources/sdk/openwrt-21.02/target/linux/rtknet/drivers/net/rtl819x/rtl8367r/rtl8367b_asicdrv_fc.c,41418,2dceb25ac2e8f356cc6f32f3cddf5b9352bee9ebcb32a177a1a6dadfeb8b8c75
MR62X_SDK,MR62X_SDK_Paket/selected_sources/sdk/openwrt-21.02/target/linux/rtknet/drivers/net/rtl819x/rtl8367r/rtl8367b_asicdrv_fc.h,5442,f97fbbbd44ef97429269442a4fae0e36521dd677bdc2354ea271db810d098c51
MR62X_SDK,MR62X_SDK_Paket/selected_sources/sdk/openwrt-21.02/target/linux/rtknet/drivers/net/rtl819x/rtl8367r/rtl8367b_asicdrv_green.c,14752,78329b177f2255e1ec0cb782fe1213043b7e0cb6012e458340de9bfa9c0acba2
MR62X_SDK,MR62X_SDK_Paket/selected_sources/sdk/openwrt-21.02/target/linux/rtknet/drivers/net/rtl819x/rtl8367r/rtl8367b_asicdrv_green.h,1067,50a6bd2e3fc686770b486deb894565771d751b946b27f5df6549a0ca8beb302b
MR62X_SDK,MR62X_SDK_Paket/selected_sources/sdk/openwrt-21.02/target/linux/rtknet/drivers/net/rtl819x/rtl8367r/rtl8367b_asicdrv_hsb.c,2715,ed219d6b2a845e8b1abaf4d4381da5512e4a1931486abc1fc4a3a43e911174f8
MR62X_SDK,MR62X_SDK_Paket/selected_sources/sdk/openwrt-21.02/target/linux/rtknet/drivers/net/rtl819x/rtl8367r/rtl8367b_asicdrv_hsb.h,707,d3a845919e1df5416186c0245b6ec3f35f6a57d4ea776b45331dba544c67fadb
MR62X_SDK,MR62X_SDK_Paket/selected_sources/sdk/openwrt-21.02/target/linux/rtknet/drivers/net/rtl819x/rtl8367r/rtl8367b_asicdrv_igmp.c,44282,1595d2f48736cf27108fc1f499eb54a372ff9a9f5d95c7b17d16d8db291dd8d7
MR62X_SDK,MR62X_SDK_Paket/selected_sources/sdk/openwrt-21.02/target/linux/rtknet/drivers/net/rtl819x/rtl8367r/rtl8367b_asicdrv_igmp.h,6446,99d17fdedc9d8d0e0af08324b0aa6d36540a0dccbb28737d836c4c206b1cc446
MR62X_SDK,MR62X_SDK_Paket/selected_sources/sdk/openwrt-21.02/target/linux/rtknet/drivers/net/rtl819x/rtl8367r/rtl8367b_asicdrv_inbwctrl.c,5124,01d3b1ef99a381a0c48fe8b01d47be1f77bf913fa9e4e98f53c5259ce28b6723
MR62X_SDK,MR62X_SDK_Paket/selected_sources/sdk/openwrt-21.02/target/linux/rtknet/drivers/net/rtl819x/rtl8367r/rtl8367b_asicdrv_inbwctrl.h,575,33a4de6a9663eef7eaa0d3430f1e8d287351ffbf44f2b9e3fe9f29904c68c805
MR62X_SDK,MR62X_SDK_Paket/selected_sources/sdk/openwrt-21.02/target/linux/rtknet/drivers/net/rtl819x/rtl8367r/rtl8367b_asicdrv_interrupt.c,5958,e74a8e72e6bcbcdca86501b25a8d69c5936c33b0fdbacffc7f6c8915e9d817bf
MR62X_SDK,MR62X_SDK_Paket/selected_sources/sdk/openwrt-21.02/target/linux/rtknet/drivers/net/rtl819x/rtl8367r/rtl8367b_asicdrv_interrupt.h,1333,79f88ef390094f5e5e96522d7bc7ba221d5948abb4ffbf37a2039f864e5adaf0
MR62X_SDK,MR62X_SDK_Paket/selected_sources/sdk/openwrt-21.02/target/linux/rtknet/drivers/net/rtl819x/rtl8367r/rtl8367b_asicdrv_led.c,18749,9f7ba17aab2a269f87b72f43d5205c160530d930a4c5afabd3a91450d350ebb9
MR62X_SDK,MR62X_SDK_Paket/selected_sources/sdk/openwrt-21.02/target/linux/rtknet/drivers/net/rtl819x/rtl8367r/rtl8367b_asicdrv_led.h,3131,821fa36abfb0bc476f2738d808844ca49d66bbdf92da2ce9fb87d41d515fe50f
MR62X_SDK,MR62X_SDK_Paket/selected_sources/sdk/openwrt-21.02/target/linux/rtknet/drivers/net/rtl819x/rtl8367r/rtl8367b_asicdrv_lut.c,33913,07c08d68b4a769287a6cbfe293b78f2b5a965afec78420e957f59448f7719a8f
MR62X_SDK,MR62X_SDK_Paket/selected_sources/sdk/openwrt-21.02/target/linux/rtknet/drivers/net/rtl819x/rtl8367r/rtl8367b_asicdrv_lut.h,6896,0f623a5bbad94fa6644b8dce3ad0f5682ccf609de38b161e24a0d82af215da0e
MR62X_SDK,MR62X_SDK_Paket/selected_sources/sdk/openwrt-21.02/target/linux/rtknet/drivers/net/rtl819x/rtl8367r/rtl8367b_asicdrv_meter.c,5494,7ff30ce65e02e80d9f51d4a6c6231fc9839e621375f88c3a6c5563c46c9b34ef
MR62X_SDK,MR62X_SDK_Paket/selected_sources/sdk/openwrt-21.02/target/linux/rtknet/drivers/net/rtl819x/rtl8367r/rtl8367b_asicdrv_meter.h,669,f17264d1ebd46ac61157b2ac1766f05d2afb4c59149fa897b3b123294b7c3569
MR62X_SDK,MR62X_SDK_Paket/selected_sources/sdk/openwrt-21.02/target/linux/rtknet/drivers/net/rtl819x/rtl8367r/rtl8367b_asicdrv_mib.c,13036,95e69c51733a8be05ef6f51d63b4656a3d67c6bc523e8475eb4d059dbf6067c7
MR62X_SDK,MR62X_SDK_Paket/selected_sources/sdk/openwrt-21.02/target/linux/rtknet/drivers/net/rtl819x/rtl8367r/rtl8367b_asicdrv_mib.h,3113,09f452e32a3b50de96234cf6ed74c8bf9908a8f3cc2c089e063f05572a63fd34
MR62X_SDK,MR62X_SDK_Paket/selected_sources/sdk/openwrt-21.02/target/linux/rtknet/drivers/net/rtl819x/rtl8367r/rtl8367b_asicdrv_mirror.c,6096,623b8b1900b630a84b004198c3fc57147a715673d1f4df218293ab95e085a424
MR62X_SDK,MR62X_SDK_Paket/selected_sources/sdk/openwrt-21.02/target/linux/rtknet/drivers/net/rtl819x/rtl8367r/rtl8367b_asicdrv_mirror.h,1035,7283c5e1acdbeb7c684d4896abac8120e04556708f64361bd0f32600a46ffaf1
MR62X_SDK,MR62X_SDK_Paket/selected_sources/sdk/openwrt-21.02/target/linux/rtknet/drivers/net/rtl819x/rtl8367r/rtl8367b_asicdrv_misc.c,12289,fff1d99a77dfc1c7f9db80da780c1e2f52077fb36ebc34190402c37be83a2b87
MR62X_SDK,MR62X_SDK_Paket/selected_sources/sdk/openwrt-21.02/target/linux/rtknet/drivers/net/rtl819x/rtl8367r/rtl8367b_asicdrv_misc.h,823,24eb2c49573072f43e3329ed544d8f61d711236d32e299ed8ce4a0f12f278c9b
MR62X_SDK,MR62X_SDK_Paket/selected_sources/sdk/openwrt-21.02/target/linux/rtknet/drivers/net/rtl819x/rtl8367r/rtl8367b_asicdrv_phy.c,14101,aeb3dc8daf7b287b42caffd72e1775a2d6a9b6f4e507387d9c8bb03c49641022
MR62X_SDK,MR62X_SDK_Paket/selected_sources/sdk/openwrt-21.02/target/linux/rtknet/drivers/net/rtl819x/rtl8367r/rtl8367b_asicdrv_phy.h,1143,b219075e30a44ebabad37e9a83debf53bacf94b015ff74410a28e77fe194c986
MR62X_SDK,MR62X_SDK_Paket/selected_sources/sdk/openwrt-21.02/target/linux/rtknet/drivers/net/rtl819x/rtl8367r/rtl8367b_asicdrv_port.c,30044,f64bb63ac040caccf47b848962cb79316925233db139c32699e8368110433df9
MR62X_SDK,MR62X_SDK_Paket/selected_sources/sdk/openwrt-21.02/target/linux/rtknet/drivers/net/rtl819x/rtl8367r/rtl8367b_asicdrv_port.h,6696,31269e319e09813314e74c94aa40dc9f1dbc2bc56e7dab248af24b444a5113cb
MR62X_SDK,MR62X_SDK_Paket/selected_sources/sdk/openwrt-21.02/target/linux/rtknet/drivers/net/rtl819x/rtl8367r/rtl8367b_asicdrv_portIsolation.c,3530,0b86f844e44d6082d4c9b911b8ebb14a39a4a1a3126e3fbafb514a89dcbbd5d7
MR62X_SDK,MR62X_SDK_Paket/selected_sources/sdk/openwrt-21.02/target/linux/rtknet/drivers/net/rtl819x/rtl8367r/rtl8367b_asicdrv_portIsolation.h,543,a8cf2ac60b52b0d3680e72ea9a276646a5c306d3632ca4321d011979cc26627b
MR62X_SDK,MR62X_SDK_Paket/selected_sources/sdk/openwrt-21.02/target/linux/rtknet/drivers/net/rtl819x/rtl8367r/rtl8367b_asicdrv_qos.c,14704,d090f4c1a97ddc0137c635042fe904dfabb276b99fe97c43b5ebd6a052248cd9
MR62X_SDK,MR62X_SDK_Paket/selected_sources/sdk/openwrt-21.02/target/linux/rtknet/drivers/net/rtl819x/rtl8367r/rtl8367b_asicdrv_qos.h,2222,4f6c431d79897ce36c7c2b163a340c6ed9eaaade71cb41729f7d4fd599a900a7
MR62X_SDK,MR62X_SDK_Paket/selected_sources/sdk/openwrt-21.02/target/linux/rtknet/drivers/net/rtl819x/rtl8367r/rtl8367b_asicdrv_rma.c,3098,1ca498c62b26a17507e2ee22418db4558b43c2351edc6b4987573249a1aa0461
MR62X_SDK,MR62X_SDK_Paket/selected_sources/sdk/openwrt-21.02/target/linux/rtknet/drivers/net/rtl819x/rtl8367r/rtl8367b_asicdrv_rma.h,993,064e886d87891d5b2e4b62f2184f4f235700212ddcf3f46525e940b84e405803
MR62X_SDK,MR62X_SDK_Paket/selected_sources/sdk/openwrt-21.02/target/linux/rtknet/drivers/net/rtl819x/rtl8367r/rtl8367b_asicdrv_scheduling.c,13588,902871bb8c86b0a6b97a9e18e813ae094b649e7cd709f6841617744b19bbf9c8
MR62X_SDK,MR62X_SDK_Paket/selected_sources/sdk/openwrt-21.02/target/linux/rtknet/drivers/net/rtl819x/rtl8367r/rtl8367b_asicdrv_scheduling.h,2201,5e71f455d2b56ec3ffdaf98c509544680f2461b82069b81dbd7fbe5ff694a673
MR62X_SDK,MR62X_SDK_Paket/selected_sources/sdk/openwrt-21.02/target/linux/rtknet/drivers/net/rtl819x/rtl8367r/rtl8367b_asicdrv_storm.c,12008,fd2f64cfe25859a46114a0eb51cbe0e9199d77cb9a08067d8497a0433f86efde
MR62X_SDK,MR62X_SDK_Paket/selected_sources/sdk/openwrt-21.02/target/linux/rtknet/drivers/net/rtl819x/rtl8367r/rtl8367b_asicdrv_storm.h,1687,8a49949515a0adedf1bace4b4de723196898fc5e1600f58757e15706d1cccc4c
MR62X_SDK,MR62X_SDK_Paket/selected_sources/sdk/openwrt-21.02/target/linux/rtknet/drivers/net/rtl819x/rtl8367r/rtl8367b_asicdrv_svlan.c,26475,00dda17f1ee6a07b392b37a9fa0c7581b083b12bd3320504fef1b93d0f430c4c
MR62X_SDK,MR62X_SDK_Paket/selected_sources/sdk/openwrt-21.02/target/linux/rtknet/drivers/net/rtl819x/rtl8367r/rtl8367b_asicdrv_svlan.h,6079,d74184a69382d05725adbefa4de30f3435c0623731b58fde87c8ff46855e9146
MR62X_SDK,MR62X_SDK_Paket/selected_sources/sdk/openwrt-21.02/target/linux/rtknet/drivers/net/rtl819x/rtl8367r/rtl8367b_asicdrv_trunking.c,8459,53a885ebd517a7affe0a689049e98a05409ac111eea3ab0b1e34c70906a4a92b
MR62X_SDK,MR62X_SDK_Paket/selected_sources/sdk/openwrt-21.02/target/linux/rtknet/drivers/net/rtl819x/rtl8367r/rtl8367b_asicdrv_trunking.h,1262,0c5c0ef971062e80bad6fac1c70959fb72601388eab5d76740d51ab2c00f31d7
MR62X_SDK,MR62X_SDK_Paket/selected_sources/sdk/openwrt-21.02/target/linux/rtknet/drivers/net/rtl819x/rtl8367r/rtl8367b_asicdrv_unknownMulticast.c,6294,b6449a96accd82e92376c09bab723a5fa86c7ca1d71677489d66271f951a49a5
MR62X_SDK,MR62X_SDK_Paket/selected_sources/sdk/openwrt-21.02/target/linux/rtknet/drivers/net/rtl819x/rtl8367r/rtl8367b_asicdrv_unknownMulticast.h,1424,fc348749f76695cd0027c3eb4d95996c0e1faffdd69781bb647bf0b2d314a10b
MR62X_SDK,MR62X_SDK_Paket/selected_sources/sdk/openwrt-21.02/target/linux/rtknet/drivers/net/rtl819x/rtl8367r/rtl8367b_asicdrv_vlan.c,33010,ec64def97b7574510894a0fa01ef82a7e694dc20a22237f82c1a663bba9a2eea
MR62X_SDK,MR62X_SDK_Paket/selected_sources/sdk/openwrt-21.02/target/linux/rtknet/drivers/net/rtl819x/rtl8367r/rtl8367b_asicdrv_vlan.h,6431,048674752c6c92fe9b33a10f84bcd2638664a0fbe758dbf82ecad312d7279e84
MR62X_SDK,MR62X_SDK_Paket/selected_sources/sdk/openwrt-21.02/target/linux/rtknet/drivers/net/rtl819x/rtl8367r/rtl8367b_base.h,31358,1d56972f26cdb972dff47ab62aeef1dda25801c818cbc4938e16ec637c8c00fc
MR62X_SDK,MR62X_SDK_Paket/selected_sources/sdk/openwrt-21.02/target/linux/rtknet/drivers/net/rtl819x/rtl8367r/rtl8367b_reg.h,794839,7942a65f5ff25ee68d766412740370ce77cfcc6fccd134825afc08608b0633e8
MR62X_SDK,MR62X_SDK_Paket/selected_sources/sdk/openwrt-21.02/target/linux/rtknet/drivers/net/rtl819x/rtl83xx/Makefile,1990,109d8c2bf2ed2903ac7666b496bf939aaace3164f55685d1c7e68349ca6ae0bd
MR62X_SDK,MR62X_SDK_Paket/selected_sources/sdk/openwrt-21.02/target/linux/rtknet/drivers/net/rtl819x/rtl83xx/acl.c,80030,d5d0c7a2272c9deeaf07000d4b9780ab05da6d8d6da054169011ec049c7ddcbc
MR62X_SDK,MR62X_SDK_Paket/selected_sources/sdk/openwrt-21.02/target/linux/rtknet/drivers/net/rtl819x/rtl83xx/acl.h,29753,f3b5e61b7552ab7c1c7bbde7c89f25d471ce319ee55495a31dd5cff5867d7064
MR62X_SDK,MR62X_SDK_Paket/selected_sources/sdk/openwrt-21.02/target/linux/rtknet/drivers/net/rtl819x/rtl83xx/cpu.c,17736,1cb9a30d14c6b1c85fecf932e398e942174f95d998321cc8b482354c47d86ec5
MR62X_SDK,MR62X_SDK_Paket/selected_sources/sdk/openwrt-21.02/target/linux/rtknet/drivers/net/rtl819x/rtl83xx/cpu.h,9580,0419555639f2d96adad796928a7eded7ce47d4b9594aadcb3f803fbb3bd1fcc4
MR62X_SDK,MR62X_SDK_Paket/selected_sources/sdk/openwrt-21.02/target/linux/rtknet/drivers/net/rtl819x/rtl83xx/dot1x.c,30265,648f8ab168946bef0bd5a83451c1e319b2a1191778500491c64fb6338d9261bf
MR62X_SDK,MR62X_SDK_Paket/selected_sources/sdk/openwrt-21.02/target/linux/rtknet/drivers/net/rtl819x/rtl83xx/dot1x.h,16082,2ff62cd92719e793c3b24ddafbd7899508e029acfde504a0ed0d9941174f2902
MR62X_SDK,MR62X_SDK_Paket/selected_sources/sdk/openwrt-21.02/target/linux/rtknet/drivers/net/rtl819x/rtl83xx/eee.c,5154,f7f9b4a1d5286104fb0cd8b919b39300d8dd0d5341f719e0164078a0e1ee271f
MR62X_SDK,MR62X_SDK_Paket/selected_sources/sdk/openwrt-21.02/target/linux/rtknet/drivers/net/rtl819x/rtl83xx/eee.h,2400,abc40e7c2052100f38587c02a3ea33591c0d2ec0f9f789b723a16dcbd7b0f2a3
MR62X_SDK,MR62X_SDK_Paket/selected_sources/sdk/openwrt-21.02/target/linux/rtknet/drivers/net/rtl819x/rtl83xx/i2c.c,12811,254ee3e9365f7bf2279aef575b05209c72146115be232c8fb3727cd1743b8fa7
MR62X_SDK,MR62X_SDK_Paket/selected_sources/sdk/openwrt-21.02/target/linux/rtknet/drivers/net/rtl819x/rtl83xx/i2c.h,4354,5a39aeea9f820c8a64b6ce20bef01bcde83431e350153466ae516d02a6db466e
MR62X_SDK,MR62X_SDK_Paket/selected_sources/sdk/openwrt-21.02/target/linux/rtknet/drivers/net/rtl819x/rtl83xx/igmp.c,51321,2e487a23c082bb8b24a4ae42ebde93876dd037c4a730491b1095ddf603498763
MR62X_SDK,MR62X_SDK_Paket/selected_sources/sdk/openwrt-21.02/target/linux/rtknet/drivers/net/rtl819x/rtl83xx/igmp.h,22193,61601549fef932f79d93d9dcb1cedba6b3fc3a616a76e4a805fb457f8db84d0a
MR62X_SDK,MR62X_SDK_Paket/selected_sources/sdk/openwrt-21.02/target/linux/rtknet/drivers/net/rtl819x/rtl83xx/interrupt.c,14940,b59b7f42a365c3a781e8c1a98b84bc58800dc38111a87b06df9db73462d61364
MR62X_SDK,MR62X_SDK_Paket/selected_sources/sdk/openwrt-21.02/target/linux/rtknet/drivers/net/rtl819x/rtl83xx/interrupt.h,7943,98fec29e17d7a6aa89ce146bf2d0e82fd3fdaa2cd2367c48c0fefa17581ef692
MR62X_SDK,MR62X_SDK_Paket/selected_sources/sdk/openwrt-21.02/target/linux/rtknet/drivers/net/rtl819x/rtl83xx/l2.c,101870,b196d7b0dbd70caa6f5cb0524028886824d294718a404de1927ea5375e0c0661
MR62X_SDK,MR62X_SDK_Paket/selected_sources/sdk/openwrt-21.02/target/linux/rtknet/drivers/net/rtl819x/rtl83xx/l2.h,39573,49f3058c4307ddc5d165c400997d26dac69aa9cb2657efc941e7ff94a2207821
MR62X_SDK,MR62X_SDK_Paket/selected_sources/sdk/openwrt-21.02/target/linux/rtknet/drivers/net/rtl819x/rtl83xx/leaky.c,18195,403228468fc5c8f79c69f3b1678f313994e254515b52b6b68c31584954682feb
MR62X_SDK,MR62X_SDK_Paket/selected_sources/sdk/openwrt-21.02/target/linux/rtknet/drivers/net/rtl819x/rtl83xx/leaky.h,11206,12a317a2bc2564262efa6212541bcb0487fe47ba00e7d123e8fd8c5e64fd0962
MR62X_SDK,MR62X_SDK_Paket/selected_sources/sdk/openwrt-21.02/target/linux/rtknet/drivers/net/rtl819x/rtl83xx/led.c,26418,b730621c5ab8c1e16ea2cb929e05c8f8c5acf201bf547063eddea02def156bdd
MR62X_SDK,MR62X_SDK_Paket/selected_sources/sdk/openwrt-21.02/target/linux/rtknet/drivers/net/rtl819x/rtl83xx/led.h,14295,dbde731e93048a5fae83da44761b51b73db5a6119439ac322c303f1166a3dae2
MR62X_SDK,MR62X_SDK_Paket/selected_sources/sdk/openwrt-21.02/target/linux/rtknet/drivers/net/rtl819x/rtl83xx/mirror.c,19811,6fffddeb4002bfc419a296e6a488655cae4be36331667815fb398eb8a4ba238b
MR62X_SDK,MR62X_SDK_Paket/selected_sources/sdk/openwrt-21.02/target/linux/rtknet/drivers/net/rtl819x/rtl83xx/mirror.h,8881,86ef97c71df346526615921318c644b595f467e121c5d3bb877a0201293291cf
MR62X_SDK,MR62X_SDK_Paket/selected_sources/sdk/openwrt-21.02/target/linux/rtknet/drivers/net/rtl819x/rtl83xx/oam.c,7469,9b10c48e7113741420b1a8774755822ce028d3f06da100d83b7a97ed3acbdb5e
MR62X_SDK,MR62X_SDK_Paket/selected_sources/sdk/openwrt-21.02/target/linux/rtknet/drivers/net/rtl819x/rtl83xx/oam.h,4348,002f687a0d4cb0df2148d975e9c8024e90776d655766ab4304e0bac0a9a5c201
MR62X_SDK,MR62X_SDK_Paket/selected_sources/sdk/openwrt-21.02/target/linux/rtknet/drivers/net/rtl819x/rtl83xx/port.c,88459,bfa40e947a50f6855cd76f81a257a2d1933eb1765506fb52aa5df86b0fab4eac
MR62X_SDK,MR62X_SDK_Paket/selected_sources/sdk/openwrt-21.02/target/linux/rtknet/drivers/net/rtl819x/rtl83xx/port.h,31787,e49ae52486d82394cc994d3e0b743657df1413e2af5d632661dfbbf785c9c0fe
MR62X_SDK,MR62X_SDK_Paket/selected_sources/sdk/openwrt-21.02/target/linux/rtknet/drivers/net/rtl819x/rtl83xx/ptp.c,25302,1b370e3839ab71e70b58b94ff0dfd584686f0e965ee50e831440ef51e3b76ef3
MR62X_SDK,MR62X_SDK_Paket/selected_sources/sdk/openwrt-21.02/target/linux/rtknet/drivers/net/rtl819x/rtl83xx/ptp.h,15221,774f52bca5bdbd6cd5b11384e27a3eceb9ed06d53294b729730c3c1d480e8bdc
MR62X_SDK,MR62X_SDK_Paket/selected_sources/sdk/openwrt-21.02/target/linux/rtknet/drivers/net/rtl819x/rtl83xx/qos.c,50916,5b410d7d5fd9b609425efd4d841cb9e7055af72c2c9cbf9c66d03cd8e705b5ae
MR62X_SDK,MR62X_SDK_Paket/selected_sources/sdk/openwrt-21.02/target/linux/rtknet/drivers/net/rtl819x/rtl83xx/qos.h,26854,5c2432894093de8ce56c4f7b0106e3d6b994d7a9e45fc77b2e39a86dd0fc4805
MR62X_SDK,MR62X_SDK_Paket/selected_sources/sdk/openwrt-21.02/target/linux/rtknet/drivers/net/rtl819x/rtl83xx/rate.c,22201,7f66f43ae84b7e62ad05352eedd899a952113697a949aa3a0e923a273331d754
MR62X_SDK,MR62X_SDK_Paket/selected_sources/sdk/openwrt-21.02/target/linux/rtknet/drivers/net/rtl819x/rtl83xx/rate.h,10929,5f59050b17dd8fdff52a70c55be24ec6f7ad75df025196a94137af360c67028d
MR62X_SDK,MR62X_SDK_Paket/selected_sources/sdk/openwrt-21.02/target/linux/rtknet/drivers/net/rtl819x/rtl83xx/rldp.c,13764,088bd5ed7e34835cd3931d07bf04afb418cd3242f2eb63bca2a1151cd95f0dc5
MR62X_SDK,MR62X_SDK_Paket/selected_sources/sdk/openwrt-21.02/target/linux/rtknet/drivers/net/rtl819x/rtl83xx/rldp.h,6271,a065966746470080e042671a6c646ab4168a106aa428e8f77719e9b971c9142d
MR62X_SDK,MR62X_SDK_Paket/selected_sources/sdk/openwrt-21.02/target/linux/rtknet/drivers/net/rtl819x/rtl83xx/rtk_api.c,135304,f005e570e183edc5f2f66e18183242402d7fc37381f386b93a13361288770424
MR62X_SDK,MR62X_SDK_Paket/selected_sources/sdk/openwrt-21.02/target/linux/rtknet/drivers/net/rtl819x/rtl83xx/rtk_api.h,3472,e8d7342fc05b360ecc837c9aa264626d5f72355029b405221591f340a1722581
MR62X_SDK,MR62X_SDK_Paket/selected_sources/sdk/openwrt-21.02/target/linux/rtknet/drivers/net/rtl819x/rtl83xx/rtk_error.h,23028,fc8a602009f1ed7197a2c60abef52722c876bf1ff2b7320e5e2d7a219de688b8
MR62X_SDK,MR62X_SDK_Paket/selected_sources/sdk/openwrt-21.02/target/linux/rtknet/drivers/net/rtl819x/rtl83xx/rtk_switch.c,58461,b4ffcfbb41172d7a395a3458333fe3cccdb332aad7c7a7c26fbcd555ba92e30d
MR62X_SDK,MR62X_SDK_Paket/selected_sources/sdk/openwrt-21.02/target/linux/rtknet/drivers/net/rtl819x/rtl83xx/rtk_switch.h,23062,98558ade2126fea2aeb21b5a0d2aa79a15f86448c574d5a191c7e5891bbf75d9
MR62X_SDK,MR62X_SDK_Paket/selected_sources/sdk/openwrt-21.02/target/linux/rtknet/drivers/net/rtl819x/rtl83xx/rtk_types.h,3214,a945204503c6f9c608f759766f6fdfcfedf0ebc65c48dadf891d8e2fac02be01
MR62X_SDK,MR62X_SDK_Paket/selected_sources/sdk/openwrt-21.02/target/linux/rtknet/drivers/net/rtl819x/rtl83xx/rtl8367c_asicdrv.c,15369,4e281c2ebd8de0672337643a96bab1ae8b87cb2b638657d7c92cbba095dc25fb
MR62X_SDK,MR62X_SDK_Paket/selected_sources/sdk/openwrt-21.02/target/linux/rtknet/drivers/net/rtl819x/rtl83xx/rtl8367c_asicdrv.h,3549,bb349d5c38b62a97d60f9806a5c2cd38d1ae8541dd38c8957d2425c59153f60d
MR62X_SDK,MR62X_SDK_Paket/selected_sources/sdk/openwrt-21.02/target/linux/rtknet/drivers/net/rtl819x/rtl83xx/rtl8367c_asicdrv_acl.c,37355,de2f0ecf4052ddb170da099d01cce32485c4ec727493ba045dafbea2cc78490c
MR62X_SDK,MR62X_SDK_Paket/selected_sources/sdk/openwrt-21.02/target/linux/rtknet/drivers/net/rtl819x/rtl83xx/rtl8367c_asicdrv_acl.h,6249,502995ec9f7ba711fff667733dadb26f205168a337a8114df5cf7cc330475d7d
MR62X_SDK,MR62X_SDK_Paket/selected_sources/sdk/openwrt-21.02/target/linux/rtknet/drivers/net/rtl819x/rtl83xx/rtl8367c_asicdrv_cputag.c,10391,fa4ba8dd589e0567c70878d2a7ed30614520878681ce71b195b43ca817ad6922
MR62X_SDK,MR62X_SDK_Paket/selected_sources/sdk/openwrt-21.02/target/linux/rtknet/drivers/net/rtl819x/rtl83xx/rtl8367c_asicdrv_cputag.h,1373,1a19d3752a7f40532ecc1584bbc665ac348539ab97bd6083fc98d2a25bd4a317
MR62X_SDK,MR62X_SDK_Paket/selected_sources/sdk/openwrt-21.02/target/linux/rtknet/drivers/net/rtl819x/rtl83xx/rtl8367c_asicdrv_dot1x.c,11546,817f19fd067869ca0c7b8c088ac3eea506d0c91f935415ec22db20967ad91b3c
MR62X_SDK,MR62X_SDK_Paket/selected_sources/sdk/openwrt-21.02/target/linux/rtknet/drivers/net/rtl819x/rtl83xx/rtl8367c_asicdrv_dot1x.h,1580,297684e4aa50b1b7f42f1759329e507f4cd3f25fd4fb0c33582f6d21e3c6c596
MR62X_SDK,MR62X_SDK_Paket/selected_sources/sdk/openwrt-21.02/target/linux/rtknet/drivers/net/rtl819x/rtl83xx/rtl8367c_asicdrv_eav.c,27493,48722175ca1e2ae655652735f675a70bb49100cbc26a24edba3ddcb33fde620e
MR62X_SDK,MR62X_SDK_Paket/selected_sources/sdk/openwrt-21.02/target/linux/rtknet/drivers/net/rtl819x/rtl83xx/rtl8367c_asicdrv_eav.h,3292,3f4f3bcc4faa2f51297d01855640156175aa7c2b591501fac54f55f5f701cf30
MR62X_SDK,MR62X_SDK_Paket/selected_sources/sdk/openwrt-21.02/target/linux/rtknet/drivers/net/rtl819x/rtl83xx/rtl8367c_asicdrv_eee.c,4126,e021cae6c14fa54f2ae41eb593b89373773a17300912a425d039149a2db546ca
MR62X_SDK,MR62X_SDK_Paket/selected_sources/sdk/openwrt-21.02/target/linux/rtknet/drivers/net/rtl819x/rtl83xx/rtl8367c_asicdrv_eee.h,486,84011ac5a4b4164ed4bd3562634eaa66e28124ad71918e6b1f9a7f7a93056cfc
MR62X_SDK,MR62X_SDK_Paket/selected_sources/sdk/openwrt-21.02/target/linux/rtknet/drivers/net/rtl819x/rtl83xx/rtl8367c_asicdrv_fc.c,42174,336b54b5c1aa482f0355b5f596a632d0e72d93221422c757ab2e5f91ccae8955
MR62X_SDK,MR62X_SDK_Paket/selected_sources/sdk/openwrt-21.02/target/linux/rtknet/drivers/net/rtl819x/rtl83xx/rtl8367c_asicdrv_fc.h,5437,288eb9e096b276ea17653baba8446ff0f401376f59e3c2b914459299d5d211d8
MR62X_SDK,MR62X_SDK_Paket/selected_sources/sdk/openwrt-21.02/target/linux/rtknet/drivers/net/rtl819x/rtl83xx/rtl8367c_asicdrv_green.c,13261,5d1caf481c8eac04b612c706d70bacfd5d38e9aa799966a44ff7abdac632e7f1
MR62X_SDK,MR62X_SDK_Paket/selected_sources/sdk/openwrt-21.02/target/linux/rtknet/drivers/net/rtl819x/rtl83xx/rtl8367c_asicdrv_green.h,987,61076fecbd89237fa5280a5946c83ae12ffb0b9a76dec6da05c15674556daef1
MR62X_SDK,MR62X_SDK_Paket/selected_sources/sdk/openwrt-21.02/target/linux/rtknet/drivers/net/rtl819x/rtl83xx/rtl8367c_asicdrv_hsb.c,2801,93202a5e6f7a526de57e65ce910ca76c74cf70c7bcc14c0bcd477c392acf70f6
MR62X_SDK,MR62X_SDK_Paket/selected_sources/sdk/openwrt-21.02/target/linux/rtknet/drivers/net/rtl819x/rtl83xx/rtl8367c_asicdrv_hsb.h,725,14d11bb65d2469faa56044a8bd6904f698aae056ec23ae5263bcf7ad82154fcf
MR62X_SDK,MR62X_SDK_Paket/selected_sources/sdk/openwrt-21.02/target/linux/rtknet/drivers/net/rtl819x/rtl83xx/rtl8367c_asicdrv_i2c.c,11495,25589ab38209ac6877af628730fa90c7e98a57452431e643f877bbda7abc21ce
MR62X_SDK,MR62X_SDK_Paket/selected_sources/sdk/openwrt-21.02/target/linux/rtknet/drivers/net/rtl819x/rtl83xx/rtl8367c_asicdrv_i2c.h,877,98fa9659efb14ddb849f99f91ddae9e1efcc4a3aefc08638850c85749fed4740
MR62X_SDK,MR62X_SDK_Paket/selected_sources/sdk/openwrt-21.02/target/linux/rtknet/drivers/net/rtl819x/rtl83xx/rtl8367c_asicdrv_igmp.c,55720,34df1789510194840baf446c93ae0b9c1698f2849470bef419ba7cb2cc84af80
MR62X_SDK,MR62X_SDK_Paket/selected_sources/sdk/openwrt-21.02/target/linux/rtknet/drivers/net/rtl819x/rtl83xx/rtl8367c_asicdrv_igmp.h,6023,8b78f44b76e066e14eb6bc61d6df88787554ac80810918d3e5830217cb077126
MR62X_SDK,MR62X_SDK_Paket/selected_sources/sdk/openwrt-21.02/target/linux/rtknet/drivers/net/rtl819x/rtl83xx/rtl8367c_asicdrv_inbwctrl.c,5474,1d031d286d2e037d8ea994a109911445aac78c428e7415c59013029b9e52adec
MR62X_SDK,MR62X_SDK_Paket/selected_sources/sdk/openwrt-21.02/target/linux/rtknet/drivers/net/rtl819x/rtl83xx/rtl8367c_asicdrv_inbwctrl.h,575,43637a4da415d2167c012631ce8cc9e13ba38a6455a220fb65101cb06cad90ce
MR62X_SDK,MR62X_SDK_Paket/selected_sources/sdk/openwrt-21.02/target/linux/rtknet/drivers/net/rtl819x/rtl83xx/rtl8367c_asicdrv_interrupt.c,6831,ef2e7a4f5aa1de387cd903250b3c093a16459ea4a5a7658a6f7338e6edc473f5
MR62X_SDK,MR62X_SDK_Paket/selected_sources/sdk/openwrt-21.02/target/linux/rtknet/drivers/net/rtl819x/rtl83xx/rtl8367c_asicdrv_interrupt.h,1399,995bf68ce2b48ab2fc9ccc0562075200537a49f86b0a0b193abc767e93840f49
MR62X_SDK,MR62X_SDK_Paket/selected_sources/sdk/openwrt-21.02/target/linux/rtknet/drivers/net/rtl819x/rtl83xx/rtl8367c_asicdrv_led.c,23438,a228a7ac984e76d3ed9b302bb16eb5cb3ab7d15f71dce8ea3ba69064511b2633
MR62X_SDK,MR62X_SDK_Paket/selected_sources/sdk/openwrt-21.02/target/linux/rtknet/drivers/net/rtl819x/rtl83xx/rtl8367c_asicdrv_led.h,3479,0fd1989f5286342f96dcf42aabb1ee127756cfbd289795437b047a60eb1cef8f
MR62X_SDK,MR62X_SDK_Paket/selected_sources/sdk/openwrt-21.02/target/linux/rtknet/drivers/net/rtl819x/rtl83xx/rtl8367c_asicdrv_lut.c,46185,245a1b48773588f7286eacbea2aec7d42ed013b79bda98a92633a1acf8d1fdcc
MR62X_SDK,MR62X_SDK_Paket/selected_sources/sdk/openwrt-21.02/target/linux/rtknet/drivers/net/rtl819x/rtl83xx/rtl8367c_asicdrv_lut.h,5133,cbfc4901e7eb9d7148028af4122f02619a5e916a26355b24ab9db1f4a6d37044
MR62X_SDK,MR62X_SDK_Paket/selected_sources/sdk/openwrt-21.02/target/linux/rtknet/drivers/net/rtl819x/rtl83xx/rtl8367c_asicdrv_meter.c,9267,93d8532ec83a9f4b85af794133b270bd9a43ae9854d878ff0c06fb009507f6af
MR62X_SDK,MR62X_SDK_Paket/selected_sources/sdk/openwrt-21.02/target/linux/rtknet/drivers/net/rtl819x/rtl83xx/rtl8367c_asicdrv_meter.h,831,4d9188cc422bc4660855d06e4facc2c48851ad8f93a4c67fef661035e7cf9f78
MR62X_SDK,MR62X_SDK_Paket/selected_sources/sdk/openwrt-21.02/target/linux/rtknet/drivers/net/rtl819x/rtl83xx/rtl8367c_asicdrv_mib.c,15904,7bf0c8efa631f59c7a23ff600f3a78d93d8ec0b27de7aa09d61445d42d7441a0
MR62X_SDK,MR62X_SDK_Paket/selected_sources/sdk/openwrt-21.02/target/linux/rtknet/drivers/net/rtl819x/rtl83xx/rtl8367c_asicdrv_mib.h,3477,0c2390bbd9e4047f724d4d2c574a627cac4c7fcc459400402f033f3839a639ac
MR62X_SDK,MR62X_SDK_Paket/selected_sources/sdk/openwrt-21.02/target/linux/rtknet/drivers/net/rtl819x/rtl83xx/rtl8367c_asicdrv_mirror.c,13568,94e91ac9e883de6806606962d186e3b5fa0d0362984e3baeeffaa06efe59ad73
MR62X_SDK,MR62X_SDK_Paket/selected_sources/sdk/openwrt-21.02/target/linux/rtknet/drivers/net/rtl819x/rtl83xx/rtl8367c_asicdrv_mirror.h,2005,aac2cf2a8befd4c48110d749a5801b74c0abb6d0f991d90e194a2b8b1a738af1
MR62X_SDK,MR62X_SDK_Paket/selected_sources/sdk/openwrt-21.02/target/linux/rtknet/drivers/net/rtl819x/rtl83xx/rtl8367c_asicdrv_misc.c,6548,37e87a0c9062e40a54e9d05375d48951018c65586f94a03ffcd6b6d15edf0007
MR62X_SDK,MR62X_SDK_Paket/selected_sources/sdk/openwrt-21.02/target/linux/rtknet/drivers/net/rtl819x/rtl83xx/rtl8367c_asicdrv_misc.h,813,ae3083080e940660fb09877eef99d04cf2add6643b259240571df82d1a560181
MR62X_SDK,MR62X_SDK_Paket/selected_sources/sdk/openwrt-21.02/target/linux/rtknet/drivers/net/rtl819x/rtl83xx/rtl8367c_asicdrv_oam.c,5500,e357b0ebcdd6227849c1eda35f56ced61f6acd6a49942dfcb0e2f7b0313b8a76
MR62X_SDK,MR62X_SDK_Paket/selected_sources/sdk/openwrt-21.02/target/linux/rtknet/drivers/net/rtl819x/rtl83xx/rtl8367c_asicdrv_oam.h,879,09a53fc30f80e91151e12ad6b308fa5928238ab7fed025269d074da6b7142e11
MR62X_SDK,MR62X_SDK_Paket/selected_sources/sdk/openwrt-21.02/target/linux/rtknet/drivers/net/rtl819x/rtl83xx/rtl8367c_asicdrv_phy.c,12412,829f9230fa3b9152e7db9a4a51053e85e43974932e5f07fa656148643b80d94b
MR62X_SDK,MR62X_SDK_Paket/selected_sources/sdk/openwrt-21.02/target/linux/rtknet/drivers/net/rtl819x/rtl83xx/rtl8367c_asicdrv_phy.h,1179,daae12af33b378cf1f81381345ef34aa1b3546edc41ac9b7ced2bc60379791de
MR62X_SDK,MR62X_SDK_Paket/selected_sources/sdk/openwrt-21.02/target/linux/rtknet/drivers/net/rtl819x/rtl83xx/rtl8367c_asicdrv_port.c,214320,8de498d72b42665219b00cb5c4ddc8b29309c2868bf73676cc11a4addef5e89b
MR62X_SDK,MR62X_SDK_Paket/selected_sources/sdk/openwrt-21.02/target/linux/rtknet/drivers/net/rtl819x/rtl83xx/rtl8367c_asicdrv_port.h,6910,19cf8ed86258a91fb1c728dc733bffffe95d49c0c9637a6f025ca740a6bfc9e2
MR62X_SDK,MR62X_SDK_Paket/selected_sources/sdk/openwrt-21.02/target/linux/rtknet/drivers/net/rtl819x/rtl83xx/rtl8367c_asicdrv_portIsolation.c,3609,0efb00016769eb1d988c1e2e55f59086824c46bf7f14c802102f330e380532e9
MR62X_SDK,MR62X_SDK_Paket/selected_sources/sdk/openwrt-21.02/target/linux/rtknet/drivers/net/rtl819x/rtl83xx/rtl8367c_asicdrv_portIsolation.h,543,5a6f3855bf6cdd6aa9b6063f9f4f43b227367eeaa31344bc13946bd38de992b8
MR62X_SDK,MR62X_SDK_Paket/selected_sources/sdk/openwrt-21.02/target/linux/rtknet/drivers/net/rtl819x/rtl83xx/rtl8367c_asicdrv_qos.c,23246,b32be8baef02285e25e0471c75812601f702ff00a13b888c1edff6aa9a19433c
MR62X_SDK,MR62X_SDK_Paket/selected_sources/sdk/openwrt-21.02/target/linux/rtknet/drivers/net/rtl819x/rtl83xx/rtl8367c_asicdrv_qos.h,3271,3fa4aa26de6a041ba136b22c67e61b4573034f811719cf2cfd05a4d2b447228a
MR62X_SDK,MR62X_SDK_Paket/selected_sources/sdk/openwrt-21.02/target/linux/rtknet/drivers/net/rtl819x/rtl83xx/rtl8367c_asicdrv_rldp.c,17741,42278216faa1ba74b13fed91a22e36a86c6ce86873003e1f850705605d0a2296
MR62X_SDK,MR62X_SDK_Paket/selected_sources/sdk/openwrt-21.02/target/linux/rtknet/drivers/net/rtl819x/rtl83xx/rtl8367c_asicdrv_rldp.h,2289,f02d765a97ca4f9b68e3ab90c273b8699332b74b3427d9e8105c03c3ebdccad1
MR62X_SDK,MR62X_SDK_Paket/selected_sources/sdk/openwrt-21.02/target/linux/rtknet/drivers/net/rtl819x/rtl83xx/rtl8367c_asicdrv_rma.c,11341,b56465ec862a889b1f65425f3a156334de30002466e5583dcabf5f8a4d9c041e
MR62X_SDK,MR62X_SDK_Paket/selected_sources/sdk/openwrt-21.02/target/linux/rtknet/drivers/net/rtl819x/rtl83xx/rtl8367c_asicdrv_rma.h,1133,421e0dca76ab64fa4592dba8d43f42830acaff428e3fdf9c6f8c420b1abcc6ec
MR62X_SDK,MR62X_SDK_Paket/selected_sources/sdk/openwrt-21.02/target/linux/rtknet/drivers/net/rtl819x/rtl83xx/rtl8367c_asicdrv_scheduling.c,14422,b110a940bad66adc7c5e775a7f3881a89e553a50865fa97cd6fd31190242e248
MR62X_SDK,MR62X_SDK_Paket/selected_sources/sdk/openwrt-21.02/target/linux/rtknet/drivers/net/rtl819x/rtl83xx/rtl8367c_asicdrv_scheduling.h,2207,b76e5dfe880fc5abd8d28ee6c3894b038931bfeeffc058623938b70edfc0c193
MR62X_SDK,MR62X_SDK_Paket/selected_sources/sdk/openwrt-21.02/target/linux/rtknet/drivers/net/rtl819x/rtl83xx/rtl8367c_asicdrv_storm.c,24722,51e7f0ae432e59944dd373caebfb9ca37f15ad5f9f95224350d568ba4a15246d
MR62X_SDK,MR62X_SDK_Paket/selected_sources/sdk/openwrt-21.02/target/linux/rtknet/drivers/net/rtl819x/rtl83xx/rtl8367c_asicdrv_storm.h,3170,94ca89384ab2d55ebb824cab017e47aa9765fa78ee754fde4217e5665999bbb7
MR62X_SDK,MR62X_SDK_Paket/selected_sources/sdk/openwrt-21.02/target/linux/rtknet/drivers/net/rtl819x/rtl83xx/rtl8367c_asicdrv_svlan.c,29187,06664f93e281f7be9045d67c28c6b92016c16729c9991a030d15058ca504faa3
MR62X_SDK,MR62X_SDK_Paket/selected_sources/sdk/openwrt-21.02/target/linux/rtknet/drivers/net/rtl819x/rtl83xx/rtl8367c_asicdrv_svlan.h,4179,93a9c6411501e8c28e5eb400846afb367614fabe791ea841d631993ac2d63196
MR62X_SDK,MR62X_SDK_Paket/selected_sources/sdk/openwrt-21.02/target/linux/rtknet/drivers/net/rtl819x/rtl83xx/rtl8367c_asicdrv_trunking.c,10912,b9ae0fe82b36cfdcc51d1bbd8b4e5c7326eff49da1b51547484e8dae81634f6f
MR62X_SDK,MR62X_SDK_Paket/selected_sources/sdk/openwrt-21.02/target/linux/rtknet/drivers/net/rtl819x/rtl83xx/rtl8367c_asicdrv_trunking.h,1491,5f63eaf3b8329b2627a4f6a60973dbe289541a6da06a5f420f3490387e2f0469
MR62X_SDK,MR62X_SDK_Paket/selected_sources/sdk/openwrt-21.02/target/linux/rtknet/drivers/net/rtl819x/rtl83xx/rtl8367c_asicdrv_unknownMulticast.c,7112,76c096ffd8cde3d334da47cd2cf519a40eeb508b0dab1a9ec54479fcbfe8ba5c
MR62X_SDK,MR62X_SDK_Paket/selected_sources/sdk/openwrt-21.02/target/linux/rtknet/drivers/net/rtl819x/rtl83xx/rtl8367c_asicdrv_unknownMulticast.h,1436,f0ac96a92a1597ffdfb79f856936d83dbc7e6da2ab8658b40abb9b9a81257e11
MR62X_SDK,MR62X_SDK_Paket/selected_sources/sdk/openwrt-21.02/target/linux/rtknet/drivers/net/rtl819x/rtl83xx/rtl8367c_asicdrv_vlan.c,47199,a834ee6799a8856a05645287e059d42d7c1ffd0ba2c5762c3bc20b7ee64b8e7b
MR62X_SDK,MR62X_SDK_Paket/selected_sources/sdk/openwrt-21.02/target/linux/rtknet/drivers/net/rtl819x/rtl83xx/rtl8367c_asicdrv_vlan.h,5486,ab883fc3184e914fb9556857bd7583fdf170a8dcab2433627ea1f0e6cab279c6
MR62X_SDK,MR62X_SDK_Paket/selected_sources/sdk/openwrt-21.02/target/linux/rtknet/drivers/net/rtl819x/rtl83xx/rtl8367c_base.h,39628,a3dc350511b6b8bc7128d70f5503322e68633cf870dbe2090e6d484ec5f62b9e
MR62X_SDK,MR62X_SDK_Paket/selected_sources/sdk/openwrt-21.02/target/linux/rtknet/drivers/net/rtl819x/rtl83xx/rtl8367c_phy_test.c,7319,04f7ab594066a43b89d30b786bb48a7edc2f74631da05d7cffc6c79c733e7acd
MR62X_SDK,MR62X_SDK_Paket/selected_sources/sdk/openwrt-21.02/target/linux/rtknet/drivers/net/rtl819x/rtl83xx/rtl8367c_reg.h,1089392,8ce78067a7b57531b40d0c28a847b47590235098e191de7a1162421ae6371c7a
MR62X_SDK,MR62X_SDK_Paket/selected_sources/sdk/openwrt-21.02/target/linux/rtknet/drivers/net/rtl819x/rtl83xx/smi.c,11224,fd06d7fcd4c6bcb18104529166278275b7c934ac2af6b21b123a0456a3b7fd7d
MR62X_SDK,MR62X_SDK_Paket/selected_sources/sdk/openwrt-21.02/target/linux/rtknet/drivers/net/rtl819x/rtl83xx/smi.h,1139,5d1c7a72b4f838696358688f30ce54a1490bf43822bba4075f2b7650d59ebc3c
MR62X_SDK,MR62X_SDK_Paket/selected_sources/sdk/openwrt-21.02/target/linux/rtknet/drivers/net/rtl819x/rtl83xx/stat.c,25457,7a07a64f9bd5fd66f48dcfde56c2c02d8df19675ab94df93bb66be14b8ba6b78
MR62X_SDK,MR62X_SDK_Paket/selected_sources/sdk/openwrt-21.02/target/linux/rtknet/drivers/net/rtl819x/rtl83xx/stat.h,13133,e4303f0263e02840fd3a483172a079cf8705a9814e23e3ac1f52a02d5c94c7e6
MR62X_SDK,MR62X_SDK_Paket/selected_sources/sdk/openwrt-21.02/target/linux/rtknet/drivers/net/rtl819x/rtl83xx/storm.c,28204,422c48874fe74dbe5c47f2f28f3ca467fc1cc8efe6e5e9938f2b75fd3abf7341
MR62X_SDK,MR62X_SDK_Paket/selected_sources/sdk/openwrt-21.02/target/linux/rtknet/drivers/net/rtl819x/rtl83xx/storm.h,12773,8a410add5c58f26865eb72a68a64867fb908caba7e25239a6914a9c64bfe3bd8
MR62X_SDK,MR62X_SDK_Paket/selected_sources/sdk/openwrt-21.02/target/linux/rtknet/drivers/net/rtl819x/rtl83xx/string.h,25,fbebe77f2584c4df3014bfa2007cdf80457b612c78a1f7b77e464f608c10bb00
MR62X_SDK,MR62X_SDK_Paket/selected_sources/sdk/openwrt-21.02/target/linux/rtknet/drivers/net/rtl819x/rtl83xx/svlan.c,82825,1e2714891f95daa30b84731b0a046fd3df70d49ba943d1e9625e605b05dd680a
MR62X_SDK,MR62X_SDK_Paket/selected_sources/sdk/openwrt-21.02/target/linux/rtknet/drivers/net/rtl819x/rtl83xx/svlan.h,31561,ba019f1985f8186b3976ac6c5d3e1f65e94ba836fb2fb35b971dcf4279f71531
MR62X_SDK,MR62X_SDK_Paket/selected_sources/sdk/openwrt-21.02/target/linux/rtknet/drivers/net/rtl819x/rtl83xx/trap.c,41598,08881ff027df79deb7e001dcc6528fab4a10f89b89f8f9f5624b79a0dcff4d3c
MR62X_SDK,MR62X_SDK_Paket/selected_sources/sdk/openwrt-21.02/target/linux/rtknet/drivers/net/rtl819x/rtl83xx/trap.h,24214,20b97ae865db53b95cdb38e2ba13cf4ac48f6b0ec98136daa5d8e424d6282339
MR62X_SDK,MR62X_SDK_Paket/selected_sources/sdk/openwrt-21.02/target/linux/rtknet/drivers/net/rtl819x/rtl83xx/trunk.c,21137,868a1ea9a8a71cbbfcbfa3f8dba6d19d9dbdf6417924faa99ecd47108c5e5efa
MR62X_SDK,MR62X_SDK_Paket/selected_sources/sdk/openwrt-21.02/target/linux/rtknet/drivers/net/rtl819x/rtl83xx/trunk.h,10732,c07a746e7216742d375292c4ae3e969d539865c43a24037364d8769d3e79a150
MR62X_SDK,MR62X_SDK_Paket/selected_sources/sdk/openwrt-21.02/target/linux/rtknet/drivers/net/rtl819x/rtl83xx/vlan.c,73074,f278278d966b0ef777c171b5f1bb3d78d8288fb4a1ac6035b33541bab5da3458
MR62X_SDK,MR62X_SDK_Paket/selected_sources/sdk/openwrt-21.02/target/linux/rtknet/drivers/net/rtl819x/rtl83xx/vlan.h,29295,bd1a2b08397a9add3d7d55d64fb0f3a1582e55f22dc81cd0e9ce357dbec395fc
MR62X_SDK,MR62X_SDK_Paket/selected_sources/sdk/openwrt-21.02/target/linux/rtknet/drivers/net/rtl819x/rtl83xx_v1dot4/Makefile,4688,54450ad19d08b1c97bceadde89ce6b1f5441527323c533b4b47872f87370f57b
MR62X_SDK,MR62X_SDK_Paket/selected_sources/sdk/openwrt-21.02/target/linux/rtknet/drivers/net/rtl819x/rtl83xx_v1dot4/acl.c,21252,db286634d9b8d508d55a53d800afd2a1a47ae5cc6a2c633ada32ee881bb469d4
MR62X_SDK,MR62X_SDK_Paket/selected_sources/sdk/openwrt-21.02/target/linux/rtknet/drivers/net/rtl819x/rtl83xx_v1dot4/acl.h,28835,e8886ba47bca54b13f714fa34f570e2166a2dd8788fb1972c27c0c84b01ec69d
MR62X_SDK,MR62X_SDK_Paket/selected_sources/sdk/openwrt-21.02/target/linux/rtknet/drivers/net/rtl819x/rtl83xx_v1dot4/chip.c,16831,888cf1a9489aa1a9cdbd1178a25da4374a71c0c39568b508db6a0bf19f419676
MR62X_SDK,MR62X_SDK_Paket/selected_sources/sdk/openwrt-21.02/target/linux/rtknet/drivers/net/rtl819x/rtl83xx_v1dot4/chip.h,2156,c72936f72dfd822bcb6ebb9e44d01620805ca5d695e3507004f2a1c10f5ae064
MR62X_SDK,MR62X_SDK_Paket/selected_sources/sdk/openwrt-21.02/target/linux/rtknet/drivers/net/rtl819x/rtl83xx_v1dot4/cpu.c,12047,c69932d3d8801b22dc84b507d216ba112b351e4c09ae5ccc9009dce8507e6c03
MR62X_SDK,MR62X_SDK_Paket/selected_sources/sdk/openwrt-21.02/target/linux/rtknet/drivers/net/rtl819x/rtl83xx_v1dot4/cpu.h,9280,914657eff56ea19df656169b3b6e3c7b864f3d612fe36a5b0a0edbf571c5654b
MR62X_SDK,MR62X_SDK_Paket/selected_sources/sdk/openwrt-21.02/target/linux/rtknet/drivers/net/rtl819x/rtl83xx_v1dot4/dal/dal_mapper.h,36769,335eabd0f64754c07a1572f4ae33c8c0b707f0ab2f31fdcd3968f1df99b97e2e
MR62X_SDK,MR62X_SDK_Paket/selected_sources/sdk/openwrt-21.02/target/linux/rtknet/drivers/net/rtl819x/rtl83xx_v1dot4/dal/dal_mgmt.c,2306,1f1d5cf432276ccec7129eaec733d1fca52784aace850ced8c97d1885840b31b
MR62X_SDK,MR62X_SDK_Paket/selected_sources/sdk/openwrt-21.02/target/linux/rtknet/drivers/net/rtl819x/rtl83xx_v1dot4/dal/dal_mgmt.h,1680,45fc4c1600f50010020cf72b7f094a06deae12396253bda6163eac42121aea9f
MR62X_SDK,MR62X_SDK_Paket/selected_sources/sdk/openwrt-21.02/target/linux/rtknet/drivers/net/rtl819x/rtl83xx_v1dot4/dal/rtl8367c/dal_rtl8367c_acl.c,72086,4419c820a28a411c5b0ac38cf12bf8d25e55d140f9db46329f34f9fd5409f2f2
MR62X_SDK,MR62X_SDK_Paket/selected_sources/sdk/openwrt-21.02/target/linux/rtknet/drivers/net/rtl819x/rtl83xx_v1dot4/dal/rtl8367c/dal_rtl8367c_acl.h,16127,5fd82c0e2b7142fce78c3ebcfd82af536066a05f6f45957f4d477b89efc0e7ce
MR62X_SDK,MR62X_SDK_Paket/selected_sources/sdk/openwrt-21.02/target/linux/rtknet/drivers/net/rtl819x/rtl83xx_v1dot4/dal/rtl8367c/dal_rtl8367c_cpu.c,14214,5b758e6f9f928992184da5a4d3041c765b41266b0829f15f81cba6596286167b
MR62X_SDK,MR62X_SDK_Paket/selected_sources/sdk/openwrt-21.02/target/linux/rtknet/drivers/net/rtl819x/rtl83xx_v1dot4/dal/rtl8367c/dal_rtl8367c_cpu.h,8994,cdc2ce92364364976b7549a9d3eb8c84df3dfec722ea0c70ff31e1753c0676c0
MR62X_SDK,MR62X_SDK_Paket/selected_sources/sdk/openwrt-21.02/target/linux/rtknet/drivers/net/rtl819x/rtl83xx_v1dot4/dal/rtl8367c/dal_rtl8367c_dot1x.c,24453,4e268c7b06ece32116cdfdc33db104583cbe098c3a41c0ad6c4239ba13901c87
MR62X_SDK,MR62X_SDK_Paket/selected_sources/sdk/openwrt-21.02/target/linux/rtknet/drivers/net/rtl819x/rtl83xx_v1dot4/dal/rtl8367c/dal_rtl8367c_dot1x.h,15531,13f590cbce1fae3c2b6956c3e10fe5d362c4fc9b58a56666b604747f5a4f1665
MR62X_SDK,MR62X_SDK_Paket/selected_sources/sdk/openwrt-21.02/target/linux/rtknet/drivers/net/rtl819x/rtl83xx_v1dot4/dal/rtl8367c/dal_rtl8367c_eee.c,4328,25915eb39b2ccdcb960df87c40ff8af197db6cf09b2f075474f183ef3573ccda
MR62X_SDK,MR62X_SDK_Paket/selected_sources/sdk/openwrt-21.02/target/linux/rtknet/drivers/net/rtl819x/rtl83xx_v1dot4/dal/rtl8367c/dal_rtl8367c_eee.h,2385,09207f4cd760b1dddd45e129874bbef1f60a2e5d72a8854c6cd03c2b7bfe6f0c
MR62X_SDK,MR62X_SDK_Paket/selected_sources/sdk/openwrt-21.02/target/linux/rtknet/drivers/net/rtl819x/rtl83xx_v1dot4/dal/rtl8367c/dal_rtl8367c_i2c.c,10991,335622514429b8b9cdf04d6e06a1a317906f87384c6d382e7dd8bb4e1d4aa33a
MR62X_SDK,MR62X_SDK_Paket/selected_sources/sdk/openwrt-21.02/target/linux/rtknet/drivers/net/rtl819x/rtl83xx_v1dot4/dal/rtl8367c/dal_rtl8367c_i2c.h,4258,d55016fb6cc87a95b538d51a4fc62405d29d916dfcb70de95cdcca9335410a18
MR62X_SDK,MR62X_SDK_Paket/selected_sources/sdk/openwrt-21.02/target/linux/rtknet/drivers/net/rtl819x/rtl83xx_v1dot4/dal/rtl8367c/dal_rtl8367c_igmp.c,41196,bf24c1e05fcfe8c7b29c43626111669d8ab54ed7e30d7a33473ce99a58f87a52
MR62X_SDK,MR62X_SDK_Paket/selected_sources/sdk/openwrt-21.02/target/linux/rtknet/drivers/net/rtl819x/rtl83xx_v1dot4/dal/rtl8367c/dal_rtl8367c_igmp.h,20049,53bbefb20e568d87e6800f9914071497d254f1392722f4fd3b3feedb28f7d88a
MR62X_SDK,MR62X_SDK_Paket/selected_sources/sdk/openwrt-21.02/target/linux/rtknet/drivers/net/rtl819x/rtl83xx_v1dot4/dal/rtl8367c/dal_rtl8367c_interrupt.c,12972,1d2593c01f020070bcd14d52c9a548b0860436c1b453382c95058b98b5f06d00
MR62X_SDK,MR62X_SDK_Paket/selected_sources/sdk/openwrt-21.02/target/linux/rtknet/drivers/net/rtl819x/rtl83xx_v1dot4/dal/rtl8367c/dal_rtl8367c_interrupt.h,6715,0115e2e7e95b2c301eff877e7a5570d989f7a9d2138f95606ee59ec3050eec87
MR62X_SDK,MR62X_SDK_Paket/selected_sources/sdk/openwrt-21.02/target/linux/rtknet/drivers/net/rtl819x/rtl83xx_v1dot4/dal/rtl8367c/dal_rtl8367c_l2.c,87860,6ca34d2bd429af5df29681fcb5e4cc232133a6b29c53165646b79c537e6e1cc9
MR62X_SDK,MR62X_SDK_Paket/selected_sources/sdk/openwrt-21.02/target/linux/rtknet/drivers/net/rtl819x/rtl83xx_v1dot4/dal/rtl8367c/dal_rtl8367c_l2.h,35693,4c35af66697fb9368bdf019a3b615f821d9a45ef234f9bb5e9954f75c9bbb6c4
MR62X_SDK,MR62X_SDK_Paket/selected_sources/sdk/openwrt-21.02/target/linux/rtknet/drivers/net/rtl819x/rtl83xx_v1dot4/dal/rtl8367c/dal_rtl8367c_leaky.c,16614,c3c1d6e75d81905f0e524e2ee53f62ae5d8aec04d92cf0ff90191d5930bccf5c
MR62X_SDK,MR62X_SDK_Paket/selected_sources/sdk/openwrt-21.02/target/linux/rtknet/drivers/net/rtl819x/rtl83xx_v1dot4/dal/rtl8367c/dal_rtl8367c_leaky.h,9633,91ee731f8edf2346d90a3ecadc19d2a4304e3c796cb2bb5db7dc5f6a7e7defda
MR62X_SDK,MR62X_SDK_Paket/selected_sources/sdk/openwrt-21.02/target/linux/rtknet/drivers/net/rtl819x/rtl83xx_v1dot4/dal/rtl8367c/dal_rtl8367c_led.c,21756,0a4279045a4650b569963600c869dfe4a8a5128aad6c0bb70fd5e500f55baafb
MR62X_SDK,MR62X_SDK_Paket/selected_sources/sdk/openwrt-21.02/target/linux/rtknet/drivers/net/rtl819x/rtl83xx_v1dot4/dal/rtl8367c/dal_rtl8367c_led.h,12891,50c94061ff4a14eefce221cb3b67c05ae3284c1da9b9ee45b77db5f61f23f367
MR62X_SDK,MR62X_SDK_Paket/selected_sources/sdk/openwrt-21.02/target/linux/rtknet/drivers/net/rtl819x/rtl83xx_v1dot4/dal/rtl8367c/dal_rtl8367c_mapper.c,32725,3c6221b7d79e95faa38bee2d02c2302fd9665360d80befea18174f8d6ae3b5bc
MR62X_SDK,MR62X_SDK_Paket/selected_sources/sdk/openwrt-21.02/target/linux/rtknet/drivers/net/rtl819x/rtl83xx_v1dot4/dal/rtl8367c/dal_rtl8367c_mapper.h,757,08f6158b0eff5af9aed7e9fd52b6cb35015d8d96681f30961c22e0dcb84677c3
MR62X_SDK,MR62X_SDK_Paket/selected_sources/sdk/openwrt-21.02/target/linux/rtknet/drivers/net/rtl819x/rtl83xx_v1dot4/dal/rtl8367c/dal_rtl8367c_mirror.c,16110,1b89b02c39f4200e033546b09c2fb1362c6ba5f6706d50c038c68bd35e270984
MR62X_SDK,MR62X_SDK_Paket/selected_sources/sdk/openwrt-21.02/target/linux/rtknet/drivers/net/rtl819x/rtl83xx_v1dot4/dal/rtl8367c/dal_rtl8367c_mirror.h,8730,eccae10dbb2550d52de63c1bf8cede24f1d43e86ab959d4bfe10e0f62a623d89
MR62X_SDK,MR62X_SDK_Paket/selected_sources/sdk/openwrt-21.02/target/linux/rtknet/drivers/net/rtl819x/rtl83xx_v1dot4/dal/rtl8367c/dal_rtl8367c_oam.c,5564,7e642cbc1f6ff46bcf0999477fb3e13ec9a68abb69075cee1139ee70a0785bd9
MR62X_SDK,MR62X_SDK_Paket/selected_sources/sdk/openwrt-21.02/target/linux/rtknet/drivers/net/rtl819x/rtl83xx_v1dot4/dal/rtl8367c/dal_rtl8367c_oam.h,3863,24f56ed5bea82bd958b2518ca9216e7a9e06bd004b78ab020da13a51a124f84c
MR62X_SDK,MR62X_SDK_Paket/selected_sources/sdk/openwrt-21.02/target/linux/rtknet/drivers/net/rtl819x/rtl83xx_v1dot4/dal/rtl8367c/dal_rtl8367c_port.c,126300,2c4fb9daa385da65f824297daaff7997b2fe889fb2625ecf4c43e3bd3e0a454c
MR62X_SDK,MR62X_SDK_Paket/selected_sources/sdk/openwrt-21.02/target/linux/rtknet/drivers/net/rtl819x/rtl83xx_v1dot4/dal/rtl8367c/dal_rtl8367c_port.h,32079,1cc76b154406821911d348017d9287734d807660d4511361ce667bf22e325b83
MR62X_SDK,MR62X_SDK_Paket/selected_sources/sdk/openwrt-21.02/target/linux/rtknet/drivers/net/rtl819x/rtl83xx_v1dot4/dal/rtl8367c/dal_rtl8367c_ptp.c,20259,44242eb4874f50257002fd9571b9741892e2855147c29b5fd177eb985be1efb2
MR62X_SDK,MR62X_SDK_Paket/selected_sources/sdk/openwrt-21.02/target/linux/rtknet/drivers/net/rtl819x/rtl83xx_v1dot4/dal/rtl8367c/dal_rtl8367c_ptp.h,13945,5416fd4a26c3692c22c26b9de9e220257814558d02d9f5c6528cf5e9390639b4
MR62X_SDK,MR62X_SDK_Paket/selected_sources/sdk/openwrt-21.02/target/linux/rtknet/drivers/net/rtl819x/rtl83xx_v1dot4/dal/rtl8367c/dal_rtl8367c_qos.c,42738,4ba79375d0a09c25dda92fb86a104791646021bb2c795782db2a9d746ce7e7cd
MR62X_SDK,MR62X_SDK_Paket/selected_sources/sdk/openwrt-21.02/target/linux/rtknet/drivers/net/rtl819x/rtl83xx_v1dot4/dal/rtl8367c/dal_rtl8367c_qos.h,23535,ab1e6e48782bb253982d8f8407407e4786721c6ec3eeeffaf6116259ecff74e7
MR62X_SDK,MR62X_SDK_Paket/selected_sources/sdk/openwrt-21.02/target/linux/rtknet/drivers/net/rtl819x/rtl83xx_v1dot4/dal/rtl8367c/dal_rtl8367c_rate.c,18203,4b24d6a53d2179e47f566be3d4da0d932befdafcd3ed8c15d8d2f1bbade5c180
MR62X_SDK,MR62X_SDK_Paket/selected_sources/sdk/openwrt-21.02/target/linux/rtknet/drivers/net/rtl819x/rtl83xx_v1dot4/dal/rtl8367c/dal_rtl8367c_rate.h,10573,be927069118deb004c62a2dbd05ae264752fecbaae72e9327c42ffa2ab16d9a2
MR62X_SDK,MR62X_SDK_Paket/selected_sources/sdk/openwrt-21.02/target/linux/rtknet/drivers/net/rtl819x/rtl83xx_v1dot4/dal/rtl8367c/dal_rtl8367c_rldp.c,11367,447d52d3c4e0696aa62b42fe1ce7ac8521c4b5486827030f81f4b4e142677ce1
MR62X_SDK,MR62X_SDK_Paket/selected_sources/sdk/openwrt-21.02/target/linux/rtknet/drivers/net/rtl819x/rtl83xx_v1dot4/dal/rtl8367c/dal_rtl8367c_rldp.h,4455,a135930168728753236cc636a85d4e9b4503e6e2bea1615a16863cefb7e61219
MR62X_SDK,MR62X_SDK_Paket/selected_sources/sdk/openwrt-21.02/target/linux/rtknet/drivers/net/rtl819x/rtl83xx_v1dot4/dal/rtl8367c/dal_rtl8367c_stat.c,23592,5bfd0de2b1394a0c7ee4dfcfcb7518c7945deb7d4d7e7b9d38064c8c87a2d62d
MR62X_SDK,MR62X_SDK_Paket/selected_sources/sdk/openwrt-21.02/target/linux/rtknet/drivers/net/rtl819x/rtl83xx_v1dot4/dal/rtl8367c/dal_rtl8367c_stat.h,8536,615a39ad839c9445c7946d32d9263da6c0eb7e546adb09610c71366b2187bcbd
MR62X_SDK,MR62X_SDK_Paket/selected_sources/sdk/openwrt-21.02/target/linux/rtknet/drivers/net/rtl819x/rtl83xx_v1dot4/dal/rtl8367c/dal_rtl8367c_storm.c,24170,13301107330f6354a794c84918609034f7af52c10f728f92ce24a1b408109c7b
MR62X_SDK,MR62X_SDK_Paket/selected_sources/sdk/openwrt-21.02/target/linux/rtknet/drivers/net/rtl819x/rtl83xx_v1dot4/dal/rtl8367c/dal_rtl8367c_storm.h,10816,a6e94fe8f9ada3e3b1e49970bc2e047ed51fca8e78981f0c04df33b14aea2767
MR62X_SDK,MR62X_SDK_Paket/selected_sources/sdk/openwrt-21.02/target/linux/rtknet/drivers/net/rtl819x/rtl83xx_v1dot4/dal/rtl8367c/dal_rtl8367c_svlan.c,71974,f817ed6823f25324b96114da2092b628f86c878f13746ded279cb61e473114ca
MR62X_SDK,MR62X_SDK_Paket/selected_sources/sdk/openwrt-21.02/target/linux/rtknet/drivers/net/rtl819x/rtl83xx_v1dot4/dal/rtl8367c/dal_rtl8367c_svlan.h,30342,b642b8634e9cda95598e95772c48e6fc59eac3756b188b28d507380662d7884a
MR62X_SDK,MR62X_SDK_Paket/selected_sources/sdk/openwrt-21.02/target/linux/rtknet/drivers/net/rtl819x/rtl83xx_v1dot4/dal/rtl8367c/dal_rtl8367c_switch.c,27088,be078d41bb4f6dff99b0413a54ecda78b31092b9c8024745ad33e8cfab09e4a9
MR62X_SDK,MR62X_SDK_Paket/selected_sources/sdk/openwrt-21.02/target/linux/rtknet/drivers/net/rtl819x/rtl83xx_v1dot4/dal/rtl8367c/dal_rtl8367c_switch.h,4549,59f5e6b9c8f6549721b6eb995ee6e3c358bb719d9b2e5a8c3680eb96260af302
MR62X_SDK,MR62X_SDK_Paket/selected_sources/sdk/openwrt-21.02/target/linux/rtknet/drivers/net/rtl819x/rtl83xx_v1dot4/dal/rtl8367c/dal_rtl8367c_trap.c,37746,debd3402e3d68d4ebee86f6591f632e3f914f359178095be76f54bc906b74914
MR62X_SDK,MR62X_SDK_Paket/selected_sources/sdk/openwrt-21.02/target/linux/rtknet/drivers/net/rtl819x/rtl83xx_v1dot4/dal/rtl8367c/dal_rtl8367c_trap.h,21579,4f168e35bcb4cb16344a0ddb7eace76bd9f4a4fe15bcc284419996786b9191ff
MR62X_SDK,MR62X_SDK_Paket/selected_sources/sdk/openwrt-21.02/target/linux/rtknet/drivers/net/rtl819x/rtl83xx_v1dot4/dal/rtl8367c/dal_rtl8367c_trunk.c,17206,f1573a3aa495173fd9cbfa30435d41e65095e998a83f26348a3548ea6a49f588
MR62X_SDK,MR62X_SDK_Paket/selected_sources/sdk/openwrt-21.02/target/linux/rtknet/drivers/net/rtl819x/rtl83xx_v1dot4/dal/rtl8367c/dal_rtl8367c_trunk.h,9738,bfdf068d37f5053b0aab1c0c68793ff0f0879213f4137823be052c1263623cfe
MR62X_SDK,MR62X_SDK_Paket/selected_sources/sdk/openwrt-21.02/target/linux/rtknet/drivers/net/rtl819x/rtl83xx_v1dot4/dal/rtl8367c/dal_rtl8367c_vlan.c,62290,082b4e937ba43cdb57605dafe43adb39dfeb3500fcc24ec996a7cf3e27399bc7
MR62X_SDK,MR62X_SDK_Paket/selected_sources/sdk/openwrt-21.02/target/linux/rtknet/drivers/net/rtl819x/rtl83xx_v1dot4/dal/rtl8367c/dal_rtl8367c_vlan.h,26725,38d97957f532e393ceaaafa8678769564223ff5b596ed38ff95f71e7f5558929
MR62X_SDK,MR62X_SDK_Paket/selected_sources/sdk/openwrt-21.02/target/linux/rtknet/drivers/net/rtl819x/rtl83xx_v1dot4/dal/rtl8367c/rtl8367c_asicdrv.c,15396,5ff76444aa302a7d3fc37cb5e1c966d1c39f01eb1cb9d0ddaf96447380778891
MR62X_SDK,MR62X_SDK_Paket/selected_sources/sdk/openwrt-21.02/target/linux/rtknet/drivers/net/rtl819x/rtl83xx_v1dot4/dal/rtl8367c/rtl8367c_asicdrv.h,3549,bb349d5c38b62a97d60f9806a5c2cd38d1ae8541dd38c8957d2425c59153f60d
MR62X_SDK,MR62X_SDK_Paket/selected_sources/sdk/openwrt-21.02/target/linux/rtknet/drivers/net/rtl819x/rtl83xx_v1dot4/dal/rtl8367c/rtl8367c_asicdrv_acl.c,37294,25b14ddc9bdd8ad72ea43c3958f73e857b5f6cdb4e690f48b5c2ae27cec160f2
MR62X_SDK,MR62X_SDK_Paket/selected_sources/sdk/openwrt-21.02/target/linux/rtknet/drivers/net/rtl819x/rtl83xx_v1dot4/dal/rtl8367c/rtl8367c_asicdrv_acl.h,6249,502995ec9f7ba711fff667733dadb26f205168a337a8114df5cf7cc330475d7d
MR62X_SDK,MR62X_SDK_Paket/selected_sources/sdk/openwrt-21.02/target/linux/rtknet/drivers/net/rtl819x/rtl83xx_v1dot4/dal/rtl8367c/rtl8367c_asicdrv_cputag.c,10330,1f4c29ad1fae2e4bde16dd3df71398b2b118c7e8bf2092e5a65aee2ddc564276
MR62X_SDK,MR62X_SDK_Paket/selected_sources/sdk/openwrt-21.02/target/linux/rtknet/drivers/net/rtl819x/rtl83xx_v1dot4/dal/rtl8367c/rtl8367c_asicdrv_cputag.h,1373,1a19d3752a7f40532ecc1584bbc665ac348539ab97bd6083fc98d2a25bd4a317
MR62X_SDK,MR62X_SDK_Paket/selected_sources/sdk/openwrt-21.02/target/linux/rtknet/drivers/net/rtl819x/rtl83xx_v1dot4/dal/rtl8367c/rtl8367c_asicdrv_dot1x.c,11485,a78416d2a688a6be94af2145c169029c3852df731df0f8ee10fafce2a57224dd
MR62X_SDK,MR62X_SDK_Paket/selected_sources/sdk/openwrt-21.02/target/linux/rtknet/drivers/net/rtl819x/rtl83xx_v1dot4/dal/rtl8367c/rtl8367c_asicdrv_dot1x.h,1580,297684e4aa50b1b7f42f1759329e507f4cd3f25fd4fb0c33582f6d21e3c6c596
MR62X_SDK,MR62X_SDK_Paket/selected_sources/sdk/openwrt-21.02/target/linux/rtknet/drivers/net/rtl819x/rtl83xx_v1dot4/dal/rtl8367c/rtl8367c_asicdrv_eav.c,27436,9a6f5bdddf9d96f85f0f724fb7aab7e1c0cb72b660aefc4b934d5d8aada3a413
MR62X_SDK,MR62X_SDK_Paket/selected_sources/sdk/openwrt-21.02/target/linux/rtknet/drivers/net/rtl819x/rtl83xx_v1dot4/dal/rtl8367c/rtl8367c_asicdrv_eav.h,3292,3f4f3bcc4faa2f51297d01855640156175aa7c2b591501fac54f55f5f701cf30
MR62X_SDK,MR62X_SDK_Paket/selected_sources/sdk/openwrt-21.02/target/linux/rtknet/drivers/net/rtl819x/rtl83xx_v1dot4/dal/rtl8367c/rtl8367c_asicdrv_eee.c,4588,5d43505ccb12d61b936126a97b5f9f3a7f814a0e84890e21536fa14b1001144d
MR62X_SDK,MR62X_SDK_Paket/selected_sources/sdk/openwrt-21.02/target/linux/rtknet/drivers/net/rtl819x/rtl83xx_v1dot4/dal/rtl8367c/rtl8367c_asicdrv_eee.h,472,ed62db4cc4e9b312934d7f2ee84ca6740710ffc2f0fb76365bbf7bb4fd07d6d9
MR62X_SDK,MR62X_SDK_Paket/selected_sources/sdk/openwrt-21.02/target/linux/rtknet/drivers/net/rtl819x/rtl83xx_v1dot4/dal/rtl8367c/rtl8367c_asicdrv_fc.c,42113,d03de3bfb839abfecb5fbbea88466fa62c3d0dcd5826837676f63266a0c5d853
MR62X_SDK,MR62X_SDK_Paket/selected_sources/sdk/openwrt-21.02/target/linux/rtknet/drivers/net/rtl819x/rtl83xx_v1dot4/dal/rtl8367c/rtl8367c_asicdrv_fc.h,5422,75d44c663c5ddcccc5fe8cf151c5e4e87426a8126c98bada21785834ab2b6506
MR62X_SDK,MR62X_SDK_Paket/selected_sources/sdk/openwrt-21.02/target/linux/rtknet/drivers/net/rtl819x/rtl83xx_v1dot4/dal/rtl8367c/rtl8367c_asicdrv_green.c,18766,bb116a23084b2dae642db328d0233b0ff304b915a9432f7c0b3dfc7076ecc64b
MR62X_SDK,MR62X_SDK_Paket/selected_sources/sdk/openwrt-21.02/target/linux/rtknet/drivers/net/rtl819x/rtl83xx_v1dot4/dal/rtl8367c/rtl8367c_asicdrv_green.h,987,61076fecbd89237fa5280a5946c83ae12ffb0b9a76dec6da05c15674556daef1
MR62X_SDK,MR62X_SDK_Paket/selected_sources/sdk/openwrt-21.02/target/linux/rtknet/drivers/net/rtl819x/rtl83xx_v1dot4/dal/rtl8367c/rtl8367c_asicdrv_hsb.c,2740,efb48d5438e7109d71a97101fc34e39c313a8dbaa206d62f64dc84ddb5a5ab3d
MR62X_SDK,MR62X_SDK_Paket/selected_sources/sdk/openwrt-21.02/target/linux/rtknet/drivers/net/rtl819x/rtl83xx_v1dot4/dal/rtl8367c/rtl8367c_asicdrv_hsb.h,725,14d11bb65d2469faa56044a8bd6904f698aae056ec23ae5263bcf7ad82154fcf
MR62X_SDK,MR62X_SDK_Paket/selected_sources/sdk/openwrt-21.02/target/linux/rtknet/drivers/net/rtl819x/rtl83xx_v1dot4/dal/rtl8367c/rtl8367c_asicdrv_i2c.c,11495,25589ab38209ac6877af628730fa90c7e98a57452431e643f877bbda7abc21ce
MR62X_SDK,MR62X_SDK_Paket/selected_sources/sdk/openwrt-21.02/target/linux/rtknet/drivers/net/rtl819x/rtl83xx_v1dot4/dal/rtl8367c/rtl8367c_asicdrv_i2c.h,877,98fa9659efb14ddb849f99f91ddae9e1efcc4a3aefc08638850c85749fed4740
MR62X_SDK,MR62X_SDK_Paket/selected_sources/sdk/openwrt-21.02/target/linux/rtknet/drivers/net/rtl819x/rtl83xx_v1dot4/dal/rtl8367c/rtl8367c_asicdrv_igmp.c,55659,831f585687906612cec3b78123dd9c0f20b4452647153e8927d5cb82f9268c34
MR62X_SDK,MR62X_SDK_Paket/selected_sources/sdk/openwrt-21.02/target/linux/rtknet/drivers/net/rtl819x/rtl83xx_v1dot4/dal/rtl8367c/rtl8367c_asicdrv_igmp.h,6023,8b78f44b76e066e14eb6bc61d6df88787554ac80810918d3e5830217cb077126
MR62X_SDK,MR62X_SDK_Paket/selected_sources/sdk/openwrt-21.02/target/linux/rtknet/drivers/net/rtl819x/rtl83xx_v1dot4/dal/rtl8367c/rtl8367c_asicdrv_inbwctrl.c,5413,e62bfef89a756b1fa0ca34c9839598f076a85c060be36867bac83376d01efcd3
MR62X_SDK,MR62X_SDK_Paket/selected_sources/sdk/openwrt-21.02/target/linux/rtknet/drivers/net/rtl819x/rtl83xx_v1dot4/dal/rtl8367c/rtl8367c_asicdrv_inbwctrl.h,575,43637a4da415d2167c012631ce8cc9e13ba38a6455a220fb65101cb06cad90ce
MR62X_SDK,MR62X_SDK_Paket/selected_sources/sdk/openwrt-21.02/target/linux/rtknet/drivers/net/rtl819x/rtl83xx_v1dot4/dal/rtl8367c/rtl8367c_asicdrv_interrupt.c,6770,6dde98297832784fcaf6c3c3c41857460225e4251e595f8d73e4a38c3fd12063
MR62X_SDK,MR62X_SDK_Paket/selected_sources/sdk/openwrt-21.02/target/linux/rtknet/drivers/net/rtl819x/rtl83xx_v1dot4/dal/rtl8367c/rtl8367c_asicdrv_interrupt.h,1399,995bf68ce2b48ab2fc9ccc0562075200537a49f86b0a0b193abc767e93840f49
MR62X_SDK,MR62X_SDK_Paket/selected_sources/sdk/openwrt-21.02/target/linux/rtknet/drivers/net/rtl819x/rtl83xx_v1dot4/dal/rtl8367c/rtl8367c_asicdrv_led.c,26210,84bed6eb598ad26f3f54dd8487e81902c4149d7ae8c4d8ef7b9428cb3226ca10
MR62X_SDK,MR62X_SDK_Paket/selected_sources/sdk/openwrt-21.02/target/linux/rtknet/drivers/net/rtl819x/rtl83xx_v1dot4/dal/rtl8367c/rtl8367c_asicdrv_led.h,3479,0fd1989f5286342f96dcf42aabb1ee127756cfbd289795437b047a60eb1cef8f
MR62X_SDK,MR62X_SDK_Paket/selected_sources/sdk/openwrt-21.02/target/linux/rtknet/drivers/net/rtl819x/rtl83xx_v1dot4/dal/rtl8367c/rtl8367c_asicdrv_lut.c,46128,d235637217d91fab6576bc8ba33db7e8d45377769407870cd2772148c5482230
MR62X_SDK,MR62X_SDK_Paket/selected_sources/sdk/openwrt-21.02/target/linux/rtknet/drivers/net/rtl819x/rtl83xx_v1dot4/dal/rtl8367c/rtl8367c_asicdrv_lut.h,5133,cbfc4901e7eb9d7148028af4122f02619a5e916a26355b24ab9db1f4a6d37044
MR62X_SDK,MR62X_SDK_Paket/selected_sources/sdk/openwrt-21.02/target/linux/rtknet/drivers/net/rtl819x/rtl83xx_v1dot4/dal/rtl8367c/rtl8367c_asicdrv_meter.c,9206,3e4e1096931f7f66e05f96db6cf10b761197af78d0008759ad1524e105209ba8
MR62X_SDK,MR62X_SDK_Paket/selected_sources/sdk/openwrt-21.02/target/linux/rtknet/drivers/net/rtl819x/rtl83xx_v1dot4/dal/rtl8367c/rtl8367c_asicdrv_meter.h,831,4d9188cc422bc4660855d06e4facc2c48851ad8f93a4c67fef661035e7cf9f78
MR62X_SDK,MR62X_SDK_Paket/selected_sources/sdk/openwrt-21.02/target/linux/rtknet/drivers/net/rtl819x/rtl83xx_v1dot4/dal/rtl8367c/rtl8367c_asicdrv_mib.c,17697,9c7f35a126b1bf37a7d9172b669479c2b0e31f7e6abf23811091b8adfb6442e5
MR62X_SDK,MR62X_SDK_Paket/selected_sources/sdk/openwrt-21.02/target/linux/rtknet/drivers/net/rtl819x/rtl83xx_v1dot4/dal/rtl8367c/rtl8367c_asicdrv_mib.h,3477,0c2390bbd9e4047f724d4d2c574a627cac4c7fcc459400402f033f3839a639ac
MR62X_SDK,MR62X_SDK_Paket/selected_sources/sdk/openwrt-21.02/target/linux/rtknet/drivers/net/rtl819x/rtl83xx_v1dot4/dal/rtl8367c/rtl8367c_asicdrv_mirror.c,13507,38476907e4bf1ed94e1e8b06ff818554c3b11e35a6a05dbdf51cf04bb024fae6
MR62X_SDK,MR62X_SDK_Paket/selected_sources/sdk/openwrt-21.02/target/linux/rtknet/drivers/net/rtl819x/rtl83xx_v1dot4/dal/rtl8367c/rtl8367c_asicdrv_mirror.h,2005,aac2cf2a8befd4c48110d749a5801b74c0abb6d0f991d90e194a2b8b1a738af1
MR62X_SDK,MR62X_SDK_Paket/selected_sources/sdk/openwrt-21.02/target/linux/rtknet/drivers/net/rtl819x/rtl83xx_v1dot4/dal/rtl8367c/rtl8367c_asicdrv_misc.c,6491,385bd2e439d22b84b0a470a63096eae34b6e54d0ed4e3b12dc4ba9dc24580384
MR62X_SDK,MR62X_SDK_Paket/selected_sources/sdk/openwrt-21.02/target/linux/rtknet/drivers/net/rtl819x/rtl83xx_v1dot4/dal/rtl8367c/rtl8367c_asicdrv_misc.h,813,ae3083080e940660fb09877eef99d04cf2add6643b259240571df82d1a560181
MR62X_SDK,MR62X_SDK_Paket/selected_sources/sdk/openwrt-21.02/target/linux/rtknet/drivers/net/rtl819x/rtl83xx_v1dot4/dal/rtl8367c/rtl8367c_asicdrv_oam.c,5500,e357b0ebcdd6227849c1eda35f56ced61f6acd6a49942dfcb0e2f7b0313b8a76
MR62X_SDK,MR62X_SDK_Paket/selected_sources/sdk/openwrt-21.02/target/linux/rtknet/drivers/net/rtl819x/rtl83xx_v1dot4/dal/rtl8367c/rtl8367c_asicdrv_oam.h,879,09a53fc30f80e91151e12ad6b308fa5928238ab7fed025269d074da6b7142e11
MR62X_SDK,MR62X_SDK_Paket/selected_sources/sdk/openwrt-21.02/target/linux/rtknet/drivers/net/rtl819x/rtl83xx_v1dot4/dal/rtl8367c/rtl8367c_asicdrv_phy.c,12355,baae94ba729d44f65311b4bb36ac62a056b072004aeb115b0cbbdd5095c28ccb
MR62X_SDK,MR62X_SDK_Paket/selected_sources/sdk/openwrt-21.02/target/linux/rtknet/drivers/net/rtl819x/rtl83xx_v1dot4/dal/rtl8367c/rtl8367c_asicdrv_phy.h,1179,daae12af33b378cf1f81381345ef34aa1b3546edc41ac9b7ced2bc60379791de
MR62X_SDK,MR62X_SDK_Paket/selected_sources/sdk/openwrt-21.02/target/linux/rtknet/drivers/net/rtl819x/rtl83xx_v1dot4/dal/rtl8367c/rtl8367c_asicdrv_port.c,219027,3d09503c3d3592e8e1eb871028ae887c64ecea1d82aa7139acda8319b61245dd
MR62X_SDK,MR62X_SDK_Paket/selected_sources/sdk/openwrt-21.02/target/linux/rtknet/drivers/net/rtl819x/rtl83xx_v1dot4/dal/rtl8367c/rtl8367c_asicdrv_port.h,6737,93bcf151d2127f6d6879e7356d344db34575788753b90cf50fae25001fb187a4
MR62X_SDK,MR62X_SDK_Paket/selected_sources/sdk/openwrt-21.02/target/linux/rtknet/drivers/net/rtl819x/rtl83xx_v1dot4/dal/rtl8367c/rtl8367c_asicdrv_portIsolation.c,3548,6761f080e845b28d50ce39ee81a074693a242dc0fa0dd36687a7458475c1ec9a
MR62X_SDK,MR62X_SDK_Paket/selected_sources/sdk/openwrt-21.02/target/linux/rtknet/drivers/net/rtl819x/rtl83xx_v1dot4/dal/rtl8367c/rtl8367c_asicdrv_portIsolation.h,543,5a6f3855bf6cdd6aa9b6063f9f4f43b227367eeaa31344bc13946bd38de992b8
MR62X_SDK,MR62X_SDK_Paket/selected_sources/sdk/openwrt-21.02/target/linux/rtknet/drivers/net/rtl819x/rtl83xx_v1dot4/dal/rtl8367c/rtl8367c_asicdrv_qos.c,23185,513c285805d9ef8e185a38bf5c8a4b4b983b89e24ef7c302afb6906ec74b25b2
MR62X_SDK,MR62X_SDK_Paket/selected_sources/sdk/openwrt-21.02/target/linux/rtknet/drivers/net/rtl819x/rtl83xx_v1dot4/dal/rtl8367c/rtl8367c_asicdrv_qos.h,3271,3fa4aa26de6a041ba136b22c67e61b4573034f811719cf2cfd05a4d2b447228a
MR62X_SDK,MR62X_SDK_Paket/selected_sources/sdk/openwrt-21.02/target/linux/rtknet/drivers/net/rtl819x/rtl83xx_v1dot4/dal/rtl8367c/rtl8367c_asicdrv_rldp.c,17741,42278216faa1ba74b13fed91a22e36a86c6ce86873003e1f850705605d0a2296
MR62X_SDK,MR62X_SDK_Paket/selected_sources/sdk/openwrt-21.02/target/linux/rtknet/drivers/net/rtl819x/rtl83xx_v1dot4/dal/rtl8367c/rtl8367c_asicdrv_rldp.h,2289,f02d765a97ca4f9b68e3ab90c273b8699332b74b3427d9e8105c03c3ebdccad1
MR62X_SDK,MR62X_SDK_Paket/selected_sources/sdk/openwrt-21.02/target/linux/rtknet/drivers/net/rtl819x/rtl83xx_v1dot4/dal/rtl8367c/rtl8367c_asicdrv_rma.c,11277,4d829633159d4ac2d01d1c0e478b40cd1cd03ae7e4daae8be8730d8a07c5d0e6
MR62X_SDK,MR62X_SDK_Paket/selected_sources/sdk/openwrt-21.02/target/linux/rtknet/drivers/net/rtl819x/rtl83xx_v1dot4/dal/rtl8367c/rtl8367c_asicdrv_rma.h,1133,421e0dca76ab64fa4592dba8d43f42830acaff428e3fdf9c6f8c420b1abcc6ec
MR62X_SDK,MR62X_SDK_Paket/selected_sources/sdk/openwrt-21.02/target/linux/rtknet/drivers/net/rtl819x/rtl83xx_v1dot4/dal/rtl8367c/rtl8367c_asicdrv_scheduling.c,14361,703f9fe8a3794e686d72eb8306776c4f2ed02ab7834439b807eb6c2e99f01f2f
MR62X_SDK,MR62X_SDK_Paket/selected_sources/sdk/openwrt-21.02/target/linux/rtknet/drivers/net/rtl819x/rtl83xx_v1dot4/dal/rtl8367c/rtl8367c_asicdrv_scheduling.h,2207,b76e5dfe880fc5abd8d28ee6c3894b038931bfeeffc058623938b70edfc0c193
MR62X_SDK,MR62X_SDK_Paket/selected_sources/sdk/openwrt-21.02/target/linux/rtknet/drivers/net/rtl819x/rtl83xx_v1dot4/dal/rtl8367c/rtl8367c_asicdrv_storm.c,24661,279e14de68cba72e5cbe854c77ff76fc633f87cc0abccf14107986043a9ee9d0
MR62X_SDK,MR62X_SDK_Paket/selected_sources/sdk/openwrt-21.02/target/linux/rtknet/drivers/net/rtl819x/rtl83xx_v1dot4/dal/rtl8367c/rtl8367c_asicdrv_storm.h,3170,94ca89384ab2d55ebb824cab017e47aa9765fa78ee754fde4217e5665999bbb7
MR62X_SDK,MR62X_SDK_Paket/selected_sources/sdk/openwrt-21.02/target/linux/rtknet/drivers/net/rtl819x/rtl83xx_v1dot4/dal/rtl8367c/rtl8367c_asicdrv_svlan.c,29326,9f02803d2fb1f1e25f6ef8e56b73f490046c463079ace64fec71bcac1fc3c349
MR62X_SDK,MR62X_SDK_Paket/selected_sources/sdk/openwrt-21.02/target/linux/rtknet/drivers/net/rtl819x/rtl83xx_v1dot4/dal/rtl8367c/rtl8367c_asicdrv_svlan.h,4179,93a9c6411501e8c28e5eb400846afb367614fabe791ea841d631993ac2d63196
MR62X_SDK,MR62X_SDK_Paket/selected_sources/sdk/openwrt-21.02/target/linux/rtknet/drivers/net/rtl819x/rtl83xx_v1dot4/dal/rtl8367c/rtl8367c_asicdrv_trunking.c,10851,3bf1f3648bb8fa487b0145e1cfa18d53e5dce62e92b6e2e967a7be77ec9d6064
MR62X_SDK,MR62X_SDK_Paket/selected_sources/sdk/openwrt-21.02/target/linux/rtknet/drivers/net/rtl819x/rtl83xx_v1dot4/dal/rtl8367c/rtl8367c_asicdrv_trunking.h,1491,5f63eaf3b8329b2627a4f6a60973dbe289541a6da06a5f420f3490387e2f0469
MR62X_SDK,MR62X_SDK_Paket/selected_sources/sdk/openwrt-21.02/target/linux/rtknet/drivers/net/rtl819x/rtl83xx_v1dot4/dal/rtl8367c/rtl8367c_asicdrv_unknownMulticast.c,7051,c91746b0bceff1ae25154d69c25dafee112beae8b6a6d432a6c53225cc58f517
MR62X_SDK,MR62X_SDK_Paket/selected_sources/sdk/openwrt-21.02/target/linux/rtknet/drivers/net/rtl819x/rtl83xx_v1dot4/dal/rtl8367c/rtl8367c_asicdrv_unknownMulticast.h,1436,f0ac96a92a1597ffdfb79f856936d83dbc7e6da2ab8658b40abb9b9a81257e11
MR62X_SDK,MR62X_SDK_Paket/selected_sources/sdk/openwrt-21.02/target/linux/rtknet/drivers/net/rtl819x/rtl83xx_v1dot4/dal/rtl8367c/rtl8367c_asicdrv_vlan.c,47485,b275c9ad1cc33e237a0d741ac5eb99abe06dca74b6813fd1f9fba973e6154e15
MR62X_SDK,MR62X_SDK_Paket/selected_sources/sdk/openwrt-21.02/target/linux/rtknet/drivers/net/rtl819x/rtl83xx_v1dot4/dal/rtl8367c/rtl8367c_asicdrv_vlan.h,5486,ab883fc3184e914fb9556857bd7583fdf170a8dcab2433627ea1f0e6cab279c6
MR62X_SDK,MR62X_SDK_Paket/selected_sources/sdk/openwrt-21.02/target/linux/rtknet/drivers/net/rtl819x/rtl83xx_v1dot4/dal/rtl8367c/rtl8367c_base.h,39628,a3dc350511b6b8bc7128d70f5503322e68633cf870dbe2090e6d484ec5f62b9e
MR62X_SDK,MR62X_SDK_Paket/selected_sources/sdk/openwrt-21.02/target/linux/rtknet/drivers/net/rtl819x/rtl83xx_v1dot4/dal/rtl8367c/rtl8367c_reg.h,1066573,2f1160c72c2e6140bee61868e859080ccb68f430a8bb24ac194e8c86b56f635d
MR62X_SDK,MR62X_SDK_Paket/selected_sources/sdk/openwrt-21.02/target/linux/rtknet/drivers/net/rtl819x/rtl83xx_v1dot4/dal/rtl8367c/rtl8367c_smi.c,11251,4aab154b01d2f444617c5a683929f9248569b1372b2220a938feffdad29337f9
MR62X_SDK,MR62X_SDK_Paket/selected_sources/sdk/openwrt-21.02/target/linux/rtknet/drivers/net/rtl819x/rtl83xx_v1dot4/dal/rtl8367c/rtl8367c_smi.h,1157,31ff6da15b096923a21a3473016ddc8c8c9cecca18b0dc55f0df89336b6b66b7
MR62X_SDK,MR62X_SDK_Paket/selected_sources/sdk/openwrt-21.02/target/linux/rtknet/drivers/net/rtl819x/rtl83xx_v1dot4/dal/rtl8367d/dal_rtl8367d_acl.c,84461,b11129c047aa3523c43ed1b0a000d0a289518b7cbbedf622a5c4e6375a9f49f9
MR62X_SDK,MR62X_SDK_Paket/selected_sources/sdk/openwrt-21.02/target/linux/rtknet/drivers/net/rtl819x/rtl83xx_v1dot4/dal/rtl8367d/dal_rtl8367d_acl.h,16470,468094ad9444403b0ffb67c20a5fbd98384eeb87fb4dd61f7154a2aae4b32bca
MR62X_SDK,MR62X_SDK_Paket/selected_sources/sdk/openwrt-21.02/target/linux/rtknet/drivers/net/rtl819x/rtl83xx_v1dot4/dal/rtl8367d/dal_rtl8367d_cpu.c,16457,6c2209bcc001d8c0ce535d4ad5634724b3b41227b76f141d280309f745dd0eae
MR62X_SDK,MR62X_SDK_Paket/selected_sources/sdk/openwrt-21.02/target/linux/rtknet/drivers/net/rtl819x/rtl83xx_v1dot4/dal/rtl8367d/dal_rtl8367d_cpu.h,8994,9d97b9e0acab4b9dc9e3945b27fe21fb3774940da1cd5cb8854c5d82b7a3488b
MR62X_SDK,MR62X_SDK_Paket/selected_sources/sdk/openwrt-21.02/target/linux/rtknet/drivers/net/rtl819x/rtl83xx_v1dot4/dal/rtl8367d/dal_rtl8367d_dot1x.c,13106,2ac6c1c36b3425e146d00e36de2113c87878757433cd952afc42d69c40edaa18
MR62X_SDK,MR62X_SDK_Paket/selected_sources/sdk/openwrt-21.02/target/linux/rtknet/drivers/net/rtl819x/rtl83xx_v1dot4/dal/rtl8367d/dal_rtl8367d_dot1x.h,8366,43495c4e595ba559ce7faff4f61d8f73223bc5d9c65736eb42f5048186aa4e64
MR62X_SDK,MR62X_SDK_Paket/selected_sources/sdk/openwrt-21.02/target/linux/rtknet/drivers/net/rtl819x/rtl83xx_v1dot4/dal/rtl8367d/dal_rtl8367d_eee.c,3490,704f769be8fbdfc7a7c6eb16ab124fa6ae7282dd2b57650749c9eb776d4b8125
MR62X_SDK,MR62X_SDK_Paket/selected_sources/sdk/openwrt-21.02/target/linux/rtknet/drivers/net/rtl819x/rtl83xx_v1dot4/dal/rtl8367d/dal_rtl8367d_eee.h,1985,d50775c5143e0873cb4066724807ebc9c01d4a259db02b7a64ce5b25032e249b
MR62X_SDK,MR62X_SDK_Paket/selected_sources/sdk/openwrt-21.02/target/linux/rtknet/drivers/net/rtl819x/rtl83xx_v1dot4/dal/rtl8367d/dal_rtl8367d_igmp.c,10175,ab20682406b909b6b4bf1d2443819e8bcb9d84c9910c4b5e4566eb46a9f92af9
MR62X_SDK,MR62X_SDK_Paket/selected_sources/sdk/openwrt-21.02/target/linux/rtknet/drivers/net/rtl819x/rtl83xx_v1dot4/dal/rtl8367d/dal_rtl8367d_igmp.h,3090,c8889e01278f71a2909b6ed665aafb445d7d089692187fe27209392601a13c96
MR62X_SDK,MR62X_SDK_Paket/selected_sources/sdk/openwrt-21.02/target/linux/rtknet/drivers/net/rtl819x/rtl83xx_v1dot4/dal/rtl8367d/dal_rtl8367d_interrupt.c,16040,ff7ce31a4d29dcfe2d783bda67a6157c00732446cf00fb29e57ee5d3048cf892
MR62X_SDK,MR62X_SDK_Paket/selected_sources/sdk/openwrt-21.02/target/linux/rtknet/drivers/net/rtl819x/rtl83xx_v1dot4/dal/rtl8367d/dal_rtl8367d_interrupt.h,7299,a4efd713f14941d6f4873db7373b2d639920d832a5875168adf722f58e9cde55
MR62X_SDK,MR62X_SDK_Paket/selected_sources/sdk/openwrt-21.02/target/linux/rtknet/drivers/net/rtl819x/rtl83xx_v1dot4/dal/rtl8367d/dal_rtl8367d_l2.c,89544,968cc0c55d924a283a623746e4e0550494abd830663d8fcf30806549dde22536
MR62X_SDK,MR62X_SDK_Paket/selected_sources/sdk/openwrt-21.02/target/linux/rtknet/drivers/net/rtl819x/rtl83xx_v1dot4/dal/rtl8367d/dal_rtl8367d_l2.h,34588,0e236906b368536f7c3e8a4cab110b62f23f92f5245f491bd14e2852bd47bd13
MR62X_SDK,MR62X_SDK_Paket/selected_sources/sdk/openwrt-21.02/target/linux/rtknet/drivers/net/rtl819x/rtl83xx_v1dot4/dal/rtl8367d/dal_rtl8367d_leaky.c,17837,a0522c82d27ee244d32d4fa433be056faa0d0293db694f849ec4a3b0321f5a13
MR62X_SDK,MR62X_SDK_Paket/selected_sources/sdk/openwrt-21.02/target/linux/rtknet/drivers/net/rtl819x/rtl83xx_v1dot4/dal/rtl8367d/dal_rtl8367d_leaky.h,9633,5e39cc8f2abd467aaaad7560005a99822ada6b8a88ceadae7294a6f2cd09f81d
MR62X_SDK,MR62X_SDK_Paket/selected_sources/sdk/openwrt-21.02/target/linux/rtknet/drivers/net/rtl819x/rtl83xx_v1dot4/dal/rtl8367d/dal_rtl8367d_led.c,22663,f18e654ae04a92b3ca2b45e1ae92dda737d9f0999894a2ce8f34039958da83ae
MR62X_SDK,MR62X_SDK_Paket/selected_sources/sdk/openwrt-21.02/target/linux/rtknet/drivers/net/rtl819x/rtl83xx_v1dot4/dal/rtl8367d/dal_rtl8367d_led.h,12063,b75305eaad04ec40ce9ec1218105d83dd6d3432515aaa1ea8c28602ec1ed045e
MR62X_SDK,MR62X_SDK_Paket/selected_sources/sdk/openwrt-21.02/target/linux/rtknet/drivers/net/rtl819x/rtl83xx_v1dot4/dal/rtl8367d/dal_rtl8367d_mapper.c,29842,ee5f9d3c95f2b1c5126ab0444846ed2522ebd9d6782b383f7f32c87fcd730413
MR62X_SDK,MR62X_SDK_Paket/selected_sources/sdk/openwrt-21.02/target/linux/rtknet/drivers/net/rtl819x/rtl83xx_v1dot4/dal/rtl8367d/dal_rtl8367d_mapper.h,757,5650fc2b8ef541a0f657bec153f86838b733ecd703537fdd1bc0e4bc220e3957
MR62X_SDK,MR62X_SDK_Paket/selected_sources/sdk/openwrt-21.02/target/linux/rtknet/drivers/net/rtl819x/rtl83xx_v1dot4/dal/rtl8367d/dal_rtl8367d_mirror.c,17146,d74065cd0e4308741bc8c051a8409e90d48cc48653784706b8914cff5ecde149
MR62X_SDK,MR62X_SDK_Paket/selected_sources/sdk/openwrt-21.02/target/linux/rtknet/drivers/net/rtl819x/rtl83xx_v1dot4/dal/rtl8367d/dal_rtl8367d_mirror.h,8730,d7316d8030f6bb7fd50d075a6dededf903942d65fb327385004b4862d98ce4ed
MR62X_SDK,MR62X_SDK_Paket/selected_sources/sdk/openwrt-21.02/target/linux/rtknet/drivers/net/rtl819x/rtl83xx_v1dot4/dal/rtl8367d/dal_rtl8367d_port.c,138275,a0300302adefb20f2af0c8175bd08054c69c0b95ad1bcde7490da45a0ead775a
MR62X_SDK,MR62X_SDK_Paket/selected_sources/sdk/openwrt-21.02/target/linux/rtknet/drivers/net/rtl819x/rtl83xx_v1dot4/dal/rtl8367d/dal_rtl8367d_port.h,31192,4af761004dc4f55aa6f34d3765de0749e2d011615bf2650455389434c4df88f6
MR62X_SDK,MR62X_SDK_Paket/selected_sources/sdk/openwrt-21.02/target/linux/rtknet/drivers/net/rtl819x/rtl83xx_v1dot4/dal/rtl8367d/dal_rtl8367d_qos.c,50296,8d75f629a9028964e4f47c7e7764a650e416250391dba5a28957e20866df6709
MR62X_SDK,MR62X_SDK_Paket/selected_sources/sdk/openwrt-21.02/target/linux/rtknet/drivers/net/rtl819x/rtl83xx_v1dot4/dal/rtl8367d/dal_rtl8367d_qos.h,23705,bc1bc8c0eb7ac124e3bac0734696b3250097ed470c5ca51d37bc1b83f60da89f
MR62X_SDK,MR62X_SDK_Paket/selected_sources/sdk/openwrt-21.02/target/linux/rtknet/drivers/net/rtl819x/rtl83xx_v1dot4/dal/rtl8367d/dal_rtl8367d_rate.c,22894,f4ed972c84b02394e2142053002b8379d4feaf8e4f271cdf32e3ee1a04c412bb
MR62X_SDK,MR62X_SDK_Paket/selected_sources/sdk/openwrt-21.02/target/linux/rtknet/drivers/net/rtl819x/rtl83xx_v1dot4/dal/rtl8367d/dal_rtl8367d_rate.h,10625,9048701ea7013c7044d50aa7462051dcb568cb2ed162c281b6f7965eaf155c24
MR62X_SDK,MR62X_SDK_Paket/selected_sources/sdk/openwrt-21.02/target/linux/rtknet/drivers/net/rtl819x/rtl83xx_v1dot4/dal/rtl8367d/dal_rtl8367d_rldp.c,12857,a4f29710efbeadcb541b10960221f7dcccc383b53169d9246c1e4b9083fd1333
MR62X_SDK,MR62X_SDK_Paket/selected_sources/sdk/openwrt-21.02/target/linux/rtknet/drivers/net/rtl819x/rtl83xx_v1dot4/dal/rtl8367d/dal_rtl8367d_rldp.h,4455,aabeb87940f725548044c28a2ccf945617d31faa58b06a730944b4357ff8d1d3
MR62X_SDK,MR62X_SDK_Paket/selected_sources/sdk/openwrt-21.02/target/linux/rtknet/drivers/net/rtl819x/rtl83xx_v1dot4/dal/rtl8367d/dal_rtl8367d_stat.c,31158,e9f9666a99443eb38955575230ae19276da92e5ca0969bf01b3f058e15c0ef75
MR62X_SDK,MR62X_SDK_Paket/selected_sources/sdk/openwrt-21.02/target/linux/rtknet/drivers/net/rtl819x/rtl83xx_v1dot4/dal/rtl8367d/dal_rtl8367d_stat.h,10552,e81d6e606bd3d4d4e02799054a6b6f2c73630865aa408aa81d81b761f63bd907
MR62X_SDK,MR62X_SDK_Paket/selected_sources/sdk/openwrt-21.02/target/linux/rtknet/drivers/net/rtl819x/rtl83xx_v1dot4/dal/rtl8367d/dal_rtl8367d_storm.c,27519,f6af5fc1e734ced2f6b8bbf03691e29ef7c8275f8f9958a6439439b631e94af4
MR62X_SDK,MR62X_SDK_Paket/selected_sources/sdk/openwrt-21.02/target/linux/rtknet/drivers/net/rtl819x/rtl83xx_v1dot4/dal/rtl8367d/dal_rtl8367d_storm.h,10816,1b067c82ccfbd86c58fcd91b7f2c5b2df0086b6ad9fe778426b3edb58d1ad0c2
MR62X_SDK,MR62X_SDK_Paket/selected_sources/sdk/openwrt-21.02/target/linux/rtknet/drivers/net/rtl819x/rtl83xx_v1dot4/dal/rtl8367d/dal_rtl8367d_svlan.c,40296,a465384049c45f449da4505458039b11f3635f7ff5b17c77cc3ce3232ed41c90
MR62X_SDK,MR62X_SDK_Paket/selected_sources/sdk/openwrt-21.02/target/linux/rtknet/drivers/net/rtl819x/rtl83xx_v1dot4/dal/rtl8367d/dal_rtl8367d_svlan.h,18230,6b885f242365f2c59e164d9b98315f4fa4fdf41d982ea6f0ee89cd12fe67e92f
MR62X_SDK,MR62X_SDK_Paket/selected_sources/sdk/openwrt-21.02/target/linux/rtknet/drivers/net/rtl819x/rtl83xx_v1dot4/dal/rtl8367d/dal_rtl8367d_switch.c,6049,46b2073d14fbf0964b30f2a1089433b7f608b493f90a5b06b30fa420c5e60950
MR62X_SDK,MR62X_SDK_Paket/selected_sources/sdk/openwrt-21.02/target/linux/rtknet/drivers/net/rtl819x/rtl83xx_v1dot4/dal/rtl8367d/dal_rtl8367d_switch.h,3590,5207af9db6d760309945fb4d8b1c963d0c5e1c0449eefbbfdbca5a3e68f83672
MR62X_SDK,MR62X_SDK_Paket/selected_sources/sdk/openwrt-21.02/target/linux/rtknet/drivers/net/rtl819x/rtl83xx_v1dot4/dal/rtl8367d/dal_rtl8367d_trap.c,41103,82a0c19ab58c3e93c8e5430d05d57607f680cd1b1a43dd5871f85a1fff135c21
MR62X_SDK,MR62X_SDK_Paket/selected_sources/sdk/openwrt-21.02/target/linux/rtknet/drivers/net/rtl819x/rtl83xx_v1dot4/dal/rtl8367d/dal_rtl8367d_trap.h,22019,dbf84ae8c68ac4a7314e6269da169d95bbd79a02af6d1e8b76ff9050b53360a8
MR62X_SDK,MR62X_SDK_Paket/selected_sources/sdk/openwrt-21.02/target/linux/rtknet/drivers/net/rtl819x/rtl83xx_v1dot4/dal/rtl8367d/dal_rtl8367d_trunk.c,17389,f22a5b17ed2630d716361804639ddfa71d2ff47774c50d327e5f6e31aa7d0fc9
MR62X_SDK,MR62X_SDK_Paket/selected_sources/sdk/openwrt-21.02/target/linux/rtknet/drivers/net/rtl819x/rtl83xx_v1dot4/dal/rtl8367d/dal_rtl8367d_trunk.h,9738,6578674ad7ccb63839e6b8bca4497ffb9da10c9e5de55e5729b12f9958ce1f07
MR62X_SDK,MR62X_SDK_Paket/selected_sources/sdk/openwrt-21.02/target/linux/rtknet/drivers/net/rtl819x/rtl83xx_v1dot4/dal/rtl8367d/dal_rtl8367d_vlan.c,41922,ad803a3c9455bf8f2047013a916947b94a1e52f74d71be65e4c95260bb26298d
MR62X_SDK,MR62X_SDK_Paket/selected_sources/sdk/openwrt-21.02/target/linux/rtknet/drivers/net/rtl819x/rtl83xx_v1dot4/dal/rtl8367d/dal_rtl8367d_vlan.h,20047,5d09f6ec088c2a7d0cdab2876f640cd09840909846ba51033b85bd6d6a5f1b9f
MR62X_SDK,MR62X_SDK_Paket/selected_sources/sdk/openwrt-21.02/target/linux/rtknet/drivers/net/rtl819x/rtl83xx_v1dot4/dal/rtl8367d/rtl8367d_asicdrv.c,15380,e5942f04b83285a94b59dd5889deebd5846514e1f533d66a9a328e6b682baaca
MR62X_SDK,MR62X_SDK_Paket/selected_sources/sdk/openwrt-21.02/target/linux/rtknet/drivers/net/rtl819x/rtl83xx_v1dot4/dal/rtl8367d/rtl8367d_asicdrv.h,2751,a6868b562171489037edb270924f4fb8c8a7ede33570049b02b803e6fa795978
MR62X_SDK,MR62X_SDK_Paket/selected_sources/sdk/openwrt-21.02/target/linux/rtknet/drivers/net/rtl819x/rtl83xx_v1dot4/dal/rtl8367d/rtl8367d_reg.h,563635,2d1cbb61dfb8f771a536fabb24dac67cf874f0491ebb2e7d4dcd50fd16bdbfd2
MR62X_SDK,MR62X_SDK_Paket/selected_sources/sdk/openwrt-21.02/target/linux/rtknet/drivers/net/rtl819x/rtl83xx_v1dot4/dal/rtl8367d/rtl8367d_smi.c,12455,b1ed32d0f506c3d1ac7bf586771d61ef7482a45aa9456b3bef8fca9fc2c3723c
MR62X_SDK,MR62X_SDK_Paket/selected_sources/sdk/openwrt-21.02/target/linux/rtknet/drivers/net/rtl819x/rtl83xx_v1dot4/dal/rtl8367d/rtl8367d_smi.h,272,d2ed471fd2a280edbb6fc47393d601febda8b58f21f53ad64ac6736f321437fb
MR62X_SDK,MR62X_SDK_Paket/selected_sources/sdk/openwrt-21.02/target/linux/rtknet/drivers/net/rtl819x/rtl83xx_v1dot4/dot1x.c,20348,8bd32033354e25bc62839599ae3d92d0b5f8229dee6fd396ab6d78f73a502374
MR62X_SDK,MR62X_SDK_Paket/selected_sources/sdk/openwrt-21.02/target/linux/rtknet/drivers/net/rtl819x/rtl83xx_v1dot4/dot1x.h,15610,94091e6328c5b5fef5d505bb2311a4edda3c8606a33c0cac9a7d0d299bc1c392
MR62X_SDK,MR62X_SDK_Paket/selected_sources/sdk/openwrt-21.02/target/linux/rtknet/drivers/net/rtl819x/rtl83xx_v1dot4/eee.c,3026,d44f0b846c4c98972e34bfd2a178dbb068c9e0b99544b7c7e9994a73bf6d89c1
MR62X_SDK,MR62X_SDK_Paket/selected_sources/sdk/openwrt-21.02/target/linux/rtknet/drivers/net/rtl819x/rtl83xx_v1dot4/eee.h,2316,f20700929ef8d0d6e124e5cbfff396f14b02bfb926ec65e295d44d36e8568418
MR62X_SDK,MR62X_SDK_Paket/selected_sources/sdk/openwrt-21.02/target/linux/rtknet/drivers/net/rtl819x/rtl83xx_v1dot4/i2c.c,5801,701e75bf1c94e4536c6b024025daec7fe9eb1998e7c1fc3d93b04e9fd33c9da4
MR62X_SDK,MR62X_SDK_Paket/selected_sources/sdk/openwrt-21.02/target/linux/rtknet/drivers/net/rtl819x/rtl83xx_v1dot4/i2c.h,4354,5a39aeea9f820c8a64b6ce20bef01bcde83431e350153466ae516d02a6db466e
MR62X_SDK,MR62X_SDK_Paket/selected_sources/sdk/openwrt-21.02/target/linux/rtknet/drivers/net/rtl819x/rtl83xx_v1dot4/igmp.c,28086,7b9f9f16ff8207e5ddc6db019ce69d7d17e7a090a31d41c738bf237f6c6531bf
MR62X_SDK,MR62X_SDK_Paket/selected_sources/sdk/openwrt-21.02/target/linux/rtknet/drivers/net/rtl819x/rtl83xx_v1dot4/igmp.h,21422,df7d4da7f38527cc9174691b9a1347369b631c08007b7a93e121e89f73bd9956
MR62X_SDK,MR62X_SDK_Paket/selected_sources/sdk/openwrt-21.02/target/linux/rtknet/drivers/net/rtl819x/rtl83xx_v1dot4/interrupt.c,8255,dea077d785f52e258980911aed2a3c713d2d9b457473b165bd319db1f8734888
MR62X_SDK,MR62X_SDK_Paket/selected_sources/sdk/openwrt-21.02/target/linux/rtknet/drivers/net/rtl819x/rtl83xx_v1dot4/interrupt.h,7773,e0e1eb01dcab831bbcfb88659b5b2eaff516b7530d888921a8e412c6912c29cc
MR62X_SDK,MR62X_SDK_Paket/selected_sources/sdk/openwrt-21.02/target/linux/rtknet/drivers/net/rtl819x/rtl83xx_v1dot4/l2.c,48073,ed8e0a4c9b352828b5e47b427b9c7fa233d7350b99609dc041201cedf20d02f6
MR62X_SDK,MR62X_SDK_Paket/selected_sources/sdk/openwrt-21.02/target/linux/rtknet/drivers/net/rtl819x/rtl83xx_v1dot4/l2.h,40033,7b84c369f8fc5f5a25ab975f768415819d8a024a00984640d66baf03ac8f54d3
MR62X_SDK,MR62X_SDK_Paket/selected_sources/sdk/openwrt-21.02/target/linux/rtknet/drivers/net/rtl819x/rtl83xx_v1dot4/leaky.c,10534,06614b4f657c45a942cf056ab71dafe1e08975e6e639e4dbb0b460f404f56c68
MR62X_SDK,MR62X_SDK_Paket/selected_sources/sdk/openwrt-21.02/target/linux/rtknet/drivers/net/rtl819x/rtl83xx_v1dot4/leaky.h,10833,488f797c429990f98fe48507a8a67b56a5ade43832461d0a54c20da2d292545e
MR62X_SDK,MR62X_SDK_Paket/selected_sources/sdk/openwrt-21.02/target/linux/rtknet/drivers/net/rtl819x/rtl83xx_v1dot4/led.c,16971,043284f4b3dc8ddce5fe5d1ee1bd2a567c78eef30e4bd685e3c8835332b7408a
MR62X_SDK,MR62X_SDK_Paket/selected_sources/sdk/openwrt-21.02/target/linux/rtknet/drivers/net/rtl819x/rtl83xx_v1dot4/led.h,14221,83642e80a14f2db28b7dce4c976f28f649e9b6e80d65b932ac8e89d67c5d2791
MR62X_SDK,MR62X_SDK_Paket/selected_sources/sdk/openwrt-21.02/target/linux/rtknet/drivers/net/rtl819x/rtl83xx_v1dot4/mirror.c,11477,78365a5f4c7c0f20a9d7cc58609d838c635714c4f58ea646500294495e6b2458
MR62X_SDK,MR62X_SDK_Paket/selected_sources/sdk/openwrt-21.02/target/linux/rtknet/drivers/net/rtl819x/rtl83xx_v1dot4/mirror.h,8607,2337e43b3cf1ed04447f052f84304411d937d278fcf847858b223a1b08128ba6
MR62X_SDK,MR62X_SDK_Paket/selected_sources/sdk/openwrt-21.02/target/linux/rtknet/drivers/net/rtl819x/rtl83xx_v1dot4/oam.c,5214,2550791f4c38bf4a3fadf8cf23d49709fda1599a9fb346de1c2b111db69135fd
MR62X_SDK,MR62X_SDK_Paket/selected_sources/sdk/openwrt-21.02/target/linux/rtknet/drivers/net/rtl819x/rtl83xx_v1dot4/oam.h,4097,9d5b33c0500d4c9d1776fdc3311cbe3a34fcc6e8e9a513cea93b525230898b9b
MR62X_SDK,MR62X_SDK_Paket/selected_sources/sdk/openwrt-21.02/target/linux/rtknet/drivers/net/rtl819x/rtl83xx_v1dot4/port.c,47009,01786e91a59a9ab91c0db5672b2239c0bb3d628469bf382a3b46807eb80f460a
MR62X_SDK,MR62X_SDK_Paket/selected_sources/sdk/openwrt-21.02/target/linux/rtknet/drivers/net/rtl819x/rtl83xx_v1dot4/port.h,40277,f3566543a1b0b744da1c8b8d2581e1b0ac548d4e70933e6d7b7d3dc786dc5780
MR62X_SDK,MR62X_SDK_Paket/selected_sources/sdk/openwrt-21.02/target/linux/rtknet/drivers/net/rtl819x/rtl83xx_v1dot4/ptp.c,17741,1b93cd3716322b843c820f948b8a9b5713566d785769be9ad9cad1b806b45490
MR62X_SDK,MR62X_SDK_Paket/selected_sources/sdk/openwrt-21.02/target/linux/rtknet/drivers/net/rtl819x/rtl83xx_v1dot4/ptp.h,14708,47bd4592735988e64bed20988b21e93c489d45366f81d5bcede400dfc3979fd0
MR62X_SDK,MR62X_SDK_Paket/selected_sources/sdk/openwrt-21.02/target/linux/rtknet/drivers/net/rtl819x/rtl83xx_v1dot4/qos.c,31797,b40d4293fb5fff9be6cf7aaddf4d70e76ff42f5a1591d0587ef8e2651a4b3082
MR62X_SDK,MR62X_SDK_Paket/selected_sources/sdk/openwrt-21.02/target/linux/rtknet/drivers/net/rtl819x/rtl83xx_v1dot4/qos.h,27547,a69722afb5309d0be5b5b06b55784b784c92892e755346cb2645629a2c938f41
MR62X_SDK,MR62X_SDK_Paket/selected_sources/sdk/openwrt-21.02/target/linux/rtknet/drivers/net/rtl819x/rtl83xx_v1dot4/rate.c,13461,5e83f39f10ace28815469403261225f86f00f06022cd0e04d99c0043e1d4a131
MR62X_SDK,MR62X_SDK_Paket/selected_sources/sdk/openwrt-21.02/target/linux/rtknet/drivers/net/rtl819x/rtl83xx_v1dot4/rate.h,10510,30af9c3de4a4fb9a89aafa92aaaf98750544ff63e3cba89992f7c2d70700810e
MR62X_SDK,MR62X_SDK_Paket/selected_sources/sdk/openwrt-21.02/target/linux/rtknet/drivers/net/rtl819x/rtl83xx_v1dot4/rldp.c,6196,5686b7af77c9a6e626b430d7954cdc6c950362663a7ed7f32731351beb35527d
MR62X_SDK,MR62X_SDK_Paket/selected_sources/sdk/openwrt-21.02/target/linux/rtknet/drivers/net/rtl819x/rtl83xx_v1dot4/rldp.h,6005,fc5658adcf2944c53453fd8066174d788cb694231ae2fdc2c4d301b0a4aa3df3
MR62X_SDK,MR62X_SDK_Paket/selected_sources/sdk/openwrt-21.02/target/linux/rtknet/drivers/net/rtl819x/rtl83xx_v1dot4/rtk_api.c,119677,b6ceacdcfd4153a57087615b9f25caa8a6c6c0914fa6fc71ee3cbbb322d71ec0
MR62X_SDK,MR62X_SDK_Paket/selected_sources/sdk/openwrt-21.02/target/linux/rtknet/drivers/net/rtl819x/rtl83xx_v1dot4/rtk_api.h,2892,822853f6dcde8504863bc6f4046881074b1757a55eb54613f0ba7283f9a475ee
MR62X_SDK,MR62X_SDK_Paket/selected_sources/sdk/openwrt-21.02/target/linux/rtknet/drivers/net/rtl819x/rtl83xx_v1dot4/rtk_error.h,22967,39071a7e36f9075a465ea7aad98756289175dadba4a074e8b3ad00369ce13ba6
MR62X_SDK,MR62X_SDK_Paket/selected_sources/sdk/openwrt-21.02/target/linux/rtknet/drivers/net/rtl819x/rtl83xx_v1dot4/rtk_switch.c,23261,4ace656cc05c27fde9d35c9c6f254a6fe29817533db9fc58db2660c95e96c95e
MR62X_SDK,MR62X_SDK_Paket/selected_sources/sdk/openwrt-21.02/target/linux/rtknet/drivers/net/rtl819x/rtl83xx_v1dot4/rtk_switch.h,21404,b862ce5e55e19a07afb09fcef6bb5a22c0e59150cd3e9d0bd91c7974297e1351
MR62X_SDK,MR62X_SDK_Paket/selected_sources/sdk/openwrt-21.02/target/linux/rtknet/drivers/net/rtl819x/rtl83xx_v1dot4/rtk_types.h,3214,a945204503c6f9c608f759766f6fdfcfedf0ebc65c48dadf891d8e2fac02be01
MR62X_SDK,MR62X_SDK_Paket/selected_sources/sdk/openwrt-21.02/target/linux/rtknet/drivers/net/rtl819x/rtl83xx_v1dot4/stat.c,11383,801fbf8815243528d890a3102332165ea28aaaa61caceb6a01a39dcfd18d4dc4
MR62X_SDK,MR62X_SDK_Paket/selected_sources/sdk/openwrt-21.02/target/linux/rtknet/drivers/net/rtl819x/rtl83xx_v1dot4/stat.h,12698,32c9668d8cfe9c13aab098294e2e22a3b92237f607421111b7a42ea2b42ba35d
MR62X_SDK,MR62X_SDK_Paket/selected_sources/sdk/openwrt-21.02/target/linux/rtknet/drivers/net/rtl819x/rtl83xx_v1dot4/storm.c,13839,2c3c8066ff33c677ec0efbe55ae9999b278ad473bd77f12e85ff3adbc6886964
MR62X_SDK,MR62X_SDK_Paket/selected_sources/sdk/openwrt-21.02/target/linux/rtknet/drivers/net/rtl819x/rtl83xx_v1dot4/storm.h,12128,6f959f0ab0ca91fce315cd12cd3737b73465387b635a29cc78980f84c2427578
MR62X_SDK,MR62X_SDK_Paket/selected_sources/sdk/openwrt-21.02/target/linux/rtknet/drivers/net/rtl819x/rtl83xx_v1dot4/string.h,27,4c92818354c51bfc6f329e5a71356b0d18cbfd12695d9ca6fdc9c548b4b0f3ab
MR62X_SDK,MR62X_SDK_Paket/selected_sources/sdk/openwrt-21.02/target/linux/rtknet/drivers/net/rtl819x/rtl83xx_v1dot4/svlan.c,38284,1bbd74b58d6e01779aaebaf0a400d55effe1c355c170d364c2ce5b3b9b693953
MR62X_SDK,MR62X_SDK_Paket/selected_sources/sdk/openwrt-21.02/target/linux/rtknet/drivers/net/rtl819x/rtl83xx_v1dot4/svlan.h,30153,e3add05edb1d5a41b510537cee0a271251f9e8bd03b110abb3be51ff43c4c198
MR62X_SDK,MR62X_SDK_Paket/selected_sources/sdk/openwrt-21.02/target/linux/rtknet/drivers/net/rtl819x/rtl83xx_v1dot4/trap.c,30097,4afcdc499dc7ed2475a0f3551d509db852c8324c15053265d618297fb1f7e539
MR62X_SDK,MR62X_SDK_Paket/selected_sources/sdk/openwrt-21.02/target/linux/rtknet/drivers/net/rtl819x/rtl83xx_v1dot4/trap.h,26869,6dd4be88230a0c78cb6481c7171c85cacff729b3af15ecaf91fa616c15131c6e
MR62X_SDK,MR62X_SDK_Paket/selected_sources/sdk/openwrt-21.02/target/linux/rtknet/drivers/net/rtl819x/rtl83xx_v1dot4/trunk.c,12749,0111d9daa2a08e0e73380ad73e3709003acc1a0899e4c97a31b0972b209f3c57
MR62X_SDK,MR62X_SDK_Paket/selected_sources/sdk/openwrt-21.02/target/linux/rtknet/drivers/net/rtl819x/rtl83xx_v1dot4/trunk.h,10402,a674d603617770f0fc6d521abeae0129932b160599b1fff69555aabea9b9045c
MR62X_SDK,MR62X_SDK_Paket/selected_sources/sdk/openwrt-21.02/target/linux/rtknet/drivers/net/rtl819x/rtl83xx_v1dot4/vlan.c,34159,ec1935c2ce3e70f2dca30ffaf435d939e9a8758b829a0d6075fc88c6d4dad78c
MR62X_SDK,MR62X_SDK_Paket/selected_sources/sdk/openwrt-21.02/target/linux/rtknet/drivers/net/rtl819x/rtl83xx_v1dot4/vlan.h,27794,a4e30aba186f67c138430402b9d65f31cbacf83e4168951fa8109be5649a7f28
MR62X_SDK,MR62X_SDK_Paket/selected_sources/sdk/openwrt-21.02/target/linux/rtknet/drivers/net/rtl819x/rtl865x/Makefile,2252,e630a8185278c2a74bb84bb5dbf63eb344575c3790f3024a777d4bf126284be7
MR62X_SDK,MR62X_SDK_Paket/selected_sources/sdk/openwrt-21.02/target/linux/rtknet/drivers/net/rtl819x/rtl865x_log.h,1249,4ba2dc7f6488821b95906fafe7a1600c885c4778743a6a94e816bc71b544a316
MR62X_SDK,MR62X_SDK_Paket/selected_sources/sdk/openwrt-21.02/target/linux/rtknet/drivers/net/rtl819x/rtl865x_proc_debug.c,490381,3c4e5e8dde20bdecd958765b3302c06842dd7e2260b1cfd77742f17ecd416985
MR62X_SDK,MR62X_SDK_Paket/selected_sources/sdk/openwrt-21.02/target/linux/rtknet/drivers/net/rtl819x/rtl865x_proc_debug.h,626,db133fe9dd82735925f218403f128ee4c6e50f2855e799ee6156dd69a6cd73cf
MR62X_SDK,MR62X_SDK_Paket/selected_sources/sdk/openwrt-21.02/target/linux/rtknet/drivers/net/rtl819x/rtl865xc_swNic.c,69205,d4eb0a0e8e01130b551a92f0691fac47401b90393bc1cde7b46e3b84e9f424d3
MR62X_SDK,MR62X_SDK_Paket/selected_sources/sdk/openwrt-21.02/target/linux/rtknet/drivers/net/rtl819x/rtl865xc_swNic.h,19576,2bec825fb4df9af231cea938243fa6d27a0564c03249c207d7e331572d1d7e80
MR62X_SDK,MR62X_SDK_Paket/selected_sources/sdk/openwrt-21.02/target/linux/rtknet/drivers/net/rtl819x/rtl_acl.c,63708,1cbb40805ed66da4a8c0a9633769bccd7d84b86fd4234c126846e0e017ac569d
MR62X_SDK,MR62X_SDK_Paket/selected_sources/sdk/openwrt-21.02/target/linux/rtknet/drivers/net/rtl819x/rtl_brsc.c,8056,fb16e1e13a2833d810c1568dd38dcae71c6450dce8dff4935707d3e5d868ae37
MR62X_SDK,MR62X_SDK_Paket/selected_sources/sdk/openwrt-21.02/target/linux/rtknet/drivers/net/rtl819x/rtl_dot1x.c,49911,3b21ce7748ab16ed088acf2484a11e7a9534850f38d8b974361b5eb27e4051f8
MR62X_SDK,MR62X_SDK_Paket/selected_sources/sdk/openwrt-21.02/target/linux/rtknet/drivers/net/rtl819x/rtl_glue.c,2424,4cc0383ad0c0b7df8196aed5fe0de5e2337dc82b3ced380e1708cbdb88e13fd7
MR62X_SDK,MR62X_SDK_Paket/selected_sources/sdk/openwrt-21.02/target/linux/rtknet/drivers/net/rtl819x/rtl_mempool.c,23417,685cfe69b9a3ad09c98377e73e6b3aa63eb4ec03863e5d6ac6f4aed3d3e18f1a
MR62X_SDK,MR62X_SDK_Paket/selected_sources/sdk/openwrt-21.02/target/linux/rtknet/drivers/net/rtl819x/rtl_multi_wan.c,45414,290a1ccb06e230f6f6c5dc971671b58bad461f5abdca31244522859953112bba
MR62X_SDK,MR62X_SDK_Paket/selected_sources/sdk/openwrt-21.02/target/linux/rtknet/drivers/net/rtl819x/rtl_nic.c,902458,dcd980ca52db31df5a7a30368c002ae825be334d73b0de9c82c89d38ad82bb37
MR62X_SDK,MR62X_SDK_Paket/selected_sources/sdk/openwrt-21.02/target/linux/rtknet/drivers/net/rtl819x/version.h,94,7b5128e2559a6b257477d0d473a0192ea13b346479173e92bb473bd2cd135f1c
MR62X_SDK,MR62X_SDK_Paket/selected_sources/sdk/openwrt-21.02/target/linux/rtknet/include/net/rtl/fastpath/fast_br.h,957,a121d422f83edd0f55140a8c4d94f23e7fde5778a9cbc7d3a6644316cfc88121
MR62X_SDK,MR62X_SDK_Paket/selected_sources/sdk/openwrt-21.02/target/linux/rtknet/include/net/rtl/fastpath/fastpath_core.h,42581,4c11efa6a1b05cd37ab3cdc7ecbf195c1f843472c483ebfc2030ca70135aab0a
MR62X_SDK,MR62X_SDK_Paket/selected_sources/sdk/openwrt-21.02/target/linux/rtknet/include/net/rtl/features/fast_bridge.h,2099,a7f2a78d3db9bacde1cfe7287ecb862cd3252f03de7304a09c4839781cd617d5
MR62X_SDK,MR62X_SDK_Paket/selected_sources/sdk/openwrt-21.02/target/linux/rtknet/include/net/rtl/features/lan_restrict.h,430,75800e5020fcae315d0db05400fbcca717d4ff5c8f3ff55856e21e80458a9abf
MR62X_SDK,MR62X_SDK_Paket/selected_sources/sdk/openwrt-21.02/target/linux/rtknet/include/net/rtl/features/rtl_dev_stats.h,1048,49a605f33ac79529057b73f25b3dcca83a9481eea209111224063a1e9ba7d351
MR62X_SDK,MR62X_SDK_Paket/selected_sources/sdk/openwrt-21.02/target/linux/rtknet/include/net/rtl/features/rtl_features.h,9763,cd0364b7e58903ec75ec0c87ee1fa8da8a01d05b794f5243cb824a4d702798e7
MR62X_SDK,MR62X_SDK_Paket/selected_sources/sdk/openwrt-21.02/target/linux/rtknet/include/net/rtl/features/rtl_igmp_ps_hook.h,5589,c81cae670ccc3768e2b9d36505edd0cc63fc7cba22b58f60cf67d3ead6913c73
MR62X_SDK,MR62X_SDK_Paket/selected_sources/sdk/openwrt-21.02/target/linux/rtknet/include/net/rtl/features/rtl_private_struct.h,526,66139601b58e320a040c06bc79050860104c0a97e6dad3fe58c95e49e24b4603
MR62X_SDK,MR62X_SDK_Paket/selected_sources/sdk/openwrt-21.02/target/linux/rtknet/include/net/rtl/features/rtl_ps_hooks.h,7574,9f5a5717923918609e57c39ba8b086f729c3cb2ead080712c2fade7b918cd0ce
MR62X_SDK,MR62X_SDK_Paket/selected_sources/sdk/openwrt-21.02/target/linux/rtknet/include/net/rtl/features/rtl_ps_log.h,1268,7ddebe871276b150857ca5660b116c26666b22ecbdf7677ac61c8ada42844a04
MR62X_SDK,MR62X_SDK_Paket/selected_sources/sdk/openwrt-21.02/target/linux/rtknet/include/net/rtl/features/rtl_sched_hooks.h,10192,e271c1351e436c8adc2138a4c56981d9bbf7ad044501241f2413e84dfa2307de
MR62X_SDK,MR62X_SDK_Paket/selected_sources/sdk/openwrt-21.02/target/linux/rtknet/include/net/rtl/phy_multi_wan_portmask.h,1029,065e605e3032153d49b6d87be010f78cbef1f8f60f3bad18a3e4e68a4da690fe
MR62X_SDK,MR62X_SDK_Paket/selected_sources/sdk/openwrt-21.02/target/linux/rtknet/include/net/rtl/rtk_stp.h,1182,0c86828b350eef7bb204c12fb3717df4f1b0659a8feb6ac38fbd4eb6c00236c5
MR62X_SDK,MR62X_SDK_Paket/selected_sources/sdk/openwrt-21.02/target/linux/rtknet/include/net/rtl/rtk_vlan.h,2043,054f74d725827356a71ed28f38e699247b1fd5e76277246f6f98210d8430a01e
MR62X_SDK,MR62X_SDK_Paket/selected_sources/sdk/openwrt-21.02/target/linux/rtknet/include/net/rtl/rtl8198c_arp_ipv6_api.h,1203,ffcda0738af30b6a5b5f14b33849895b0debabe4e92b7e8dd0eee1b7da530c5e
MR62X_SDK,MR62X_SDK_Paket/selected_sources/sdk/openwrt-21.02/target/linux/rtknet/include/net/rtl/rtl8198c_route_ipv6_api.h,543,1fb15de495960d0956aa438ca02807fd8c75b9acbb9c592d386945346d283835
MR62X_SDK,MR62X_SDK_Paket/selected_sources/sdk/openwrt-21.02/target/linux/rtknet/include/net/rtl/rtl865x_arp_api.h,1093,bf21317d1bf82f49a224669992850b2402aad8ddf4297ad5025d042ddfd24f4a
MR62X_SDK,MR62X_SDK_Paket/selected_sources/sdk/openwrt-21.02/target/linux/rtknet/include/net/rtl/rtl865x_fdb_api.h,3966,0b5a2a5d6c676c483251648f4daa2b122fb594fafacffdbed0fafacfe9201b9c
MR62X_SDK,MR62X_SDK_Paket/selected_sources/sdk/openwrt-21.02/target/linux/rtknet/include/net/rtl/rtl865x_igmpsnooping.h,5944,eb36a102dc646d33567700ff9c794425ed5d4fca4de038dcf97815d28898c4cf
MR62X_SDK,MR62X_SDK_Paket/selected_sources/sdk/openwrt-21.02/target/linux/rtknet/include/net/rtl/rtl865x_igmpsnooping_glue.h,2828,0025f6b74903165a4750e9c776a884ba295c1ed29c00e6ecfa9cd10b27699df2
MR62X_SDK,MR62X_SDK_Paket/selected_sources/sdk/openwrt-21.02/target/linux/rtknet/include/net/rtl/rtl865x_ip_api.h,313,3898e54e11bf0657dc3e4c7d3f70f2f924f2f58c1a0e907b9a66661b5b4ec13f
MR62X_SDK,MR62X_SDK_Paket/selected_sources/sdk/openwrt-21.02/target/linux/rtknet/include/net/rtl/rtl865x_localPublic.h,2808,b618ae939272ba4374a7de9d625a99a0a1ed7e5b7c21eba05b36dcfdfdbafb70
MR62X_SDK,MR62X_SDK_Paket/selected_sources/sdk/openwrt-21.02/target/linux/rtknet/include/net/rtl/rtl865x_multicast.h,19060,1c53cffb12175c146e91aed6dc19d276cc0cf0b71a182c5d8288d0ae1578dac7
MR62X_SDK,MR62X_SDK_Paket/selected_sources/sdk/openwrt-21.02/target/linux/rtknet/include/net/rtl/rtl865x_multipleWan_api.h,9365,230ae83b723725b2117c53c693d723adb1f8832a295314eb168d80dabf36100b
MR62X_SDK,MR62X_SDK_Paket/selected_sources/sdk/openwrt-21.02/target/linux/rtknet/include/net/rtl/rtl865x_nat.h,4393,102fde38aafdc0d3ee79b409e671d605179eb59e225e6ace73dc87109fd55cff
MR62X_SDK,MR62X_SDK_Paket/selected_sources/sdk/openwrt-21.02/target/linux/rtknet/include/net/rtl/rtl865x_netif.h,35518,8a66cc1973b4c9427193dfcdfbb01735540a3380902d1450e8ee34e2ec1ada03
MR62X_SDK,MR62X_SDK_Paket/selected_sources/sdk/openwrt-21.02/target/linux/rtknet/include/net/rtl/rtl865x_outputQueue.h,11792,e09c76e581d3bb4b4ba6e2feed7b9aa612a1fd23b30312f28953b8b15e3bd5f7
MR62X_SDK,MR62X_SDK_Paket/selected_sources/sdk/openwrt-21.02/target/linux/rtknet/include/net/rtl/rtl865x_ppp.h,861,6625b409bce59a19b80afb4c949e15febd97bc8f00e186d770790a9f601c0867
MR62X_SDK,MR62X_SDK_Paket/selected_sources/sdk/openwrt-21.02/target/linux/rtknet/include/net/rtl/rtl865x_route_api.h,638,dd294eae35241784f762bbdc573ddee82e1d37cca88d9a041ba64abc2ccf4afe
MR62X_SDK,MR62X_SDK_Paket/selected_sources/sdk/openwrt-21.02/target/linux/rtknet/include/net/rtl/rtl_acl.h,6929,812fd341c1733b1a1584fcfdcc011920d087f4b8271e2d04e77d5a54bb8ebd4b
MR62X_SDK,MR62X_SDK_Paket/selected_sources/sdk/openwrt-21.02/target/linux/rtknet/include/net/rtl/rtl_brsc.h,902,41dd626a834155d2aa3d8e69632b0cdbc24181cde42dad759515e45d10efa95f
MR62X_SDK,MR62X_SDK_Paket/selected_sources/sdk/openwrt-21.02/target/linux/rtknet/include/net/rtl/rtl_dnstrap.h,721,a536e9b1339cc8fddd739daa38eac72048a95aa41b07a85a37c27a5e33ca6c69
MR62X_SDK,MR62X_SDK_Paket/selected_sources/sdk/openwrt-21.02/target/linux/rtknet/include/net/rtl/rtl_dot1x.h,4672,a1cf263b24a40c43b82d2e2decb4132bf2cd7862d56e98832f17578babd7261d
MR62X_SDK,MR62X_SDK_Paket/selected_sources/sdk/openwrt-21.02/target/linux/rtknet/include/net/rtl/rtl_glue.h,8222,17eb5c00aa2455a7564ee69ce9f5fa84d039f9d8b5ab63c613c197253350b17a
MR62X_SDK,MR62X_SDK_Paket/selected_sources/sdk/openwrt-21.02/target/linux/rtknet/include/net/rtl/rtl_mempool.h,492,941db8a51f6dc744618b914776d61d1e39fcd8faf7c219567dc0dfe2530de135
MR62X_SDK,MR62X_SDK_Paket/selected_sources/sdk/openwrt-21.02/target/linux/rtknet/include/net/rtl/rtl_multi_wan.h,2770,8e795f23a33d9283659d7a8818677cc6fff469f5fae8d72f3f8487b9d5fdcd6f
MR62X_SDK,MR62X_SDK_Paket/selected_sources/sdk/openwrt-21.02/target/linux/rtknet/include/net/rtl/rtl_nf.h,910,8cdedfb85176fff688a571366ad71068090d94666df2ce35be42ff7290680d27
MR62X_SDK,MR62X_SDK_Paket/selected_sources/sdk/openwrt-21.02/target/linux/rtknet/include/net/rtl/rtl_nic.h,11944,d4a3fee09943191bf2c0d92a685d3617ad941b7066c0cfadd0a94bfccab6be15
MR62X_SDK,MR62X_SDK_Paket/selected_sources/sdk/openwrt-21.02/target/linux/rtknet/include/net/rtl/rtl_queue.h,30159,11ec94c3e48e355aefc34714ef414842e614083b6cc6e1071c815029943e3e10
MR62X_SDK,MR62X_SDK_Paket/selected_sources/sdk/openwrt-21.02/target/linux/rtknet/include/net/rtl/rtl_sendfile.h,771,23156eaafd2abc23564653c66fbf0c06661fcada61b7d292595619d4f22871e1
MR62X_SDK,MR62X_SDK_Paket/selected_sources/sdk/openwrt-21.02/target/linux/rtknet/include/net/rtl/rtl_types.h,30487,d25842dbda7ff8c5b0daa79c38b143a84d73d3e70b52f401b85e43ee8c158b51
MR62X_SDK,MR62X_SDK_Paket/selected_sources/sdk/openwrt-21.02/target/linux/rtknet/include/net/rtl/rtw_crossband_repeater.h,877,e73979671734ab31ec56e9203846020fa1d6a7d8f2969934c99b9134392f9ade
MR62X_SDK,MR62X_SDK_Paket/selected_sources/sdk/openwrt-21.02/target/linux/rtknet/net/rtl/fastpath/Kconfig,215,a24eefad484fafdaf7be37dac192f864e9533c1b0fac1447d5ab09106924ea4b
MR62X_SDK,MR62X_SDK_Paket/selected_sources/sdk/openwrt-21.02/target/linux/rtknet/net/rtl/fastpath/Makefile,2049,2264585dc9a89b569f1a35921ec3fa8d8e7c4eeb23f2e1252a1edf4814f87e34
MR62X_SDK,MR62X_SDK_Paket/selected_sources/sdk/openwrt-21.02/target/linux/rtknet/net/rtl/fastpath/core/fast_br.c,9692,2de5b1a12600d79718622a9fbeba7a0b2ad5eb242928e48c64c238786d8313e0
MR62X_SDK,MR62X_SDK_Paket/selected_sources/sdk/openwrt-21.02/target/linux/rtknet/net/rtl/fastpath/core/fast_filter.c,49291,ce84f7294d1d3b27d782265d2caf08d8180aa0a48624cac157393f294cc27b25
MR62X_SDK,MR62X_SDK_Paket/selected_sources/sdk/openwrt-21.02/target/linux/rtknet/net/rtl/fastpath/core/fast_ipv6_core.c,40356,3ec34ef86e6a6105b751c0e37b3bf3671ff0188489fccd2eccd736c78977acc1
MR62X_SDK,MR62X_SDK_Paket/selected_sources/sdk/openwrt-21.02/target/linux/rtknet/net/rtl/fastpath/core/fast_l2tp_core.c,29215,910a2edc36deda499feb20230fd06b4931886ed4f493eb8ec0f231861ca9c6e2
MR62X_SDK,MR62X_SDK_Paket/selected_sources/sdk/openwrt-21.02/target/linux/rtknet/net/rtl/fastpath/core/fast_pppoe_core.c,23991,41fc82c61ae791039865470334060047b02693cb365d5f7a6af6e0663e536c20
MR62X_SDK,MR62X_SDK_Paket/selected_sources/sdk/openwrt-21.02/target/linux/rtknet/net/rtl/fastpath/core/fast_pptp_core.c,46633,cf29c829d5053aab043224712659802c466dfaf464be4d6f82323430c6921efb
MR62X_SDK,MR62X_SDK_Paket/selected_sources/sdk/openwrt-21.02/target/linux/rtknet/net/rtl/fastpath/core/fastpath_core.c,100213,1e8959dbaab537d95eec2e83555b9e33bd7fa51781de9b102df296d717f26926
MR62X_SDK,MR62X_SDK_Paket/selected_sources/sdk/openwrt-21.02/target/linux/rtknet/net/rtl/fastpath/core/filter.c,74435,917659b009d885fdd7a298d5e39ae4cde6bf9bcf79ba716910d3c028037bdfdb
MR62X_SDK,MR62X_SDK_Paket/selected_sources/sdk/openwrt-21.02/target/linux/rtknet/net/rtl/fastpath/core/filter_ipv4.c,40080,0e97f7e3b6f573a07430745d3a2c43a2e48c6217d7b0b63ee0a1e4878b2f037f
MR62X_SDK,MR62X_SDK_Paket/selected_sources/sdk/openwrt-21.02/target/linux/rtknet/net/rtl/fastpath/core/filter_ipv6.c,9815,789940cd134cecd9b0e39a92c22a0056b098eb3c0bb57aa96ba28df0745e55f3
MR62X_SDK,MR62X_SDK_Paket/selected_sources/sdk/openwrt-21.02/target/linux/rtknet/net/rtl/fastpath/core/filter_v2.c,42738,1f64f9e9132ee5f4ef85a2c70a3eb8a84f1475ddbb32e6aa21fd51a0ea2e4ea0
MR62X_SDK,MR62X_SDK_Paket/selected_sources/sdk/openwrt-21.02/target/linux/rtknet/net/rtl/fastpath/core_release/fast_ipv6_core.S,48232,8dc8be40d07d52576122697400e6e8ed68067ec26d7789ec2194ed3502ef669d
MR62X_SDK,MR62X_SDK_Paket/selected_sources/sdk/openwrt-21.02/target/linux/rtknet/net/rtl/fastpath/core_release/fast_l2tp_core.S,21241,dca3ed44bf781421a24276856b5e966860f0483cdf0770037964aa331690722e
MR62X_SDK,MR62X_SDK_Paket/selected_sources/sdk/openwrt-21.02/target/linux/rtknet/net/rtl/fastpath/core_release/fast_pppoe_core.S,30798,3ee4a7a73ccad669535374f13743f4b6d1ea366b0be350a219ce016b333e9929
MR62X_SDK,MR62X_SDK_Paket/selected_sources/sdk/openwrt-21.02/target/linux/rtknet/net/rtl/fastpath/core_release/fast_pptp_core.S,35453,a7c04cee094e8c5d9b9f77a4393ac6b79539eac4c4f9f5189042ccec59e474c7
MR62X_SDK,MR62X_SDK_Paket/selected_sources/sdk/openwrt-21.02/target/linux/rtknet/net/rtl/fastpath/core_release/fastpath_core.S,105779,3d17f27fdabdd2cc02d4b01f1894f3b7b2664ee3826616fe1508d657b2a1f193
MR62X_SDK,MR62X_SDK_Paket/selected_sources/sdk/openwrt-21.02/target/linux/rtknet/net/rtl/fastpath/core_release/filter.S,124480,f4f5e52e8ab07dd854b5522ea9a0330688a305ef904ca9263446e8abaf7117b7
MR62X_SDK,MR62X_SDK_Paket/selected_sources/sdk/openwrt-21.02/target/linux/rtknet/net/rtl/fastpath/core_release/filter_ipv4.S,45281,a079c2d4ab72de51d3b654c7c2798b2209d3150b15e79aba281413cad1a7beff
MR62X_SDK,MR62X_SDK_Paket/selected_sources/sdk/openwrt-21.02/target/linux/rtknet/net/rtl/fastpath/core_release/filter_ipv6.S,15143,9cbabe5ef3c039a563e6fa1ee8a037d33e14f74f771f8a5ea52ab87137c95cca
MR62X_SDK,MR62X_SDK_Paket/selected_sources/sdk/openwrt-21.02/target/linux/rtknet/net/rtl/fastpath/core_release/filter_v2.S,170,1e5a901195b2d38216f66561aa63756c5ec5d86b9580ec2ba59d03c0173ea4e2
MR62X_SDK,MR62X_SDK_Paket/selected_sources/sdk/openwrt-21.02/target/linux/rtknet/net/rtl/fastpath/fast_l2tp_core.h,604,efe21d10a10107220d2ca26d61d3be5436d44cf460987a2727fece13572ae8a1
MR62X_SDK,MR62X_SDK_Paket/selected_sources/sdk/openwrt-21.02/target/linux/rtknet/net/rtl/fastpath/fastpath_common.c,91431,488c10c4c0d7ca865994ec518ae484f86e59eb0295027ce7cedd6523a3fe020f
MR62X_SDK,MR62X_SDK_Paket/selected_sources/sdk/openwrt-21.02/target/linux/rtknet/net/rtl/fastpath/filter_common.c,4015,48615bbf98501c3bd5b7a3079214cd5e29a4bd88672d7a7098be76adae1e27f3
MR62X_SDK,MR62X_SDK_Paket/selected_sources/sdk/openwrt-21.02/target/linux/rtknet/net/rtl/features/Makefile,857,6fcac69729b4d5f951ac277f4c72dc460f1ff8a66469519a2754075e49648607
MR62X_SDK,MR62X_SDK_Paket/selected_sources/sdk/openwrt-21.02/target/linux/rtknet/net/rtl/features/rtl_features.c,140976,2cf6de583d89e2c14a7d540a0d9d2acd4f0ebda6ee26392982d46dc81347facc
MR62X_SDK,MR62X_SDK_Paket/selected_sources/sdk/openwrt-21.02/target/linux/rtknet/net/rtl/features/rtl_ps_hooks.c,39528,4d21024f1a9452d99c001fa071137fad0e50862dd09004cdc7bd1e26d45523f6
MR62X_SDK,MR62X_SDK_Paket/selected_sources/sdk/openwrt-21.02/target/linux/target/Makefile,10141,114409d2c5f9cf85a500aae6ccf049e7684b2b57fdad32da8063f76ccc373d63
MR62X_SDK,MR62X_SDK_Paket/selected_sources/sdk/openwrt-21.02/target/linux/target/board-configuration.in,507,7d0561c7715e5f9a0649629975c2ba37f7217a1b978a9e5808bb2cc704750b00
MR62X_SDK,MR62X_SDK_Paket/selected_sources/sdk/openwrt-21.02/target/linux/target/bsp/Kconfig,285,ea98e2ad79a47cb9ada24c62785ceb8a6a625fc06085816f1658c597740ad190
MR62X_SDK,MR62X_SDK_Paket/selected_sources/sdk/openwrt-21.02/target/linux/target/bsp/Makefile,706,c6325dd7632b8c8e5485c403cc71cb8361e5a531ce13a5b1dd90fc89aed4d830
MR62X_SDK,MR62X_SDK_Paket/selected_sources/sdk/openwrt-21.02/target/linux/target/bsp/Platform,108,8ac0133cff0c342c60c89f6f5729d3293c1c3972961112c3ddd3e1cf744841ed
MR62X_SDK,MR62X_SDK_Paket/selected_sources/sdk/openwrt-21.02/target/linux/target/bsp/bspchip.h,19976,6eb8022ea15ed9979f1aec352432228b6d2622dcca314c6ec984a2f769075ee2
MR62X_SDK,MR62X_SDK_Paket/selected_sources/sdk/openwrt-21.02/target/linux/target/bsp/bspcpu.h,658,2faf1bbbc06eab23d343ba66a61c811f745d53cc55807ea373527029b27f7728
MR62X_SDK,MR62X_SDK_Paket/selected_sources/sdk/openwrt-21.02/target/linux/target/bsp/bspinit.h,434,1cf25010b835bd5d3b0e672711ed6e3960b7333fadfc242331625fbe9082147f
MR62X_SDK,MR62X_SDK_Paket/selected_sources/sdk/openwrt-21.02/target/linux/target/bsp/clk.c,1717,7f852336b9c1119fc450841093261da50bdf973fa5f917e6f842f517a7cd5f5c
MR62X_SDK,MR62X_SDK_Paket/selected_sources/sdk/openwrt-21.02/target/linux/target/bsp/cpu-feature-overrides.h,1545,e093b419d605d963b9573fc3a32d1603c09aa231fb3b060ba14dc6d64d5f8a3e
MR62X_SDK,MR62X_SDK_Paket/selected_sources/sdk/openwrt-21.02/target/linux/target/bsp/dev_usb.c,28593,55eb8ed9c2f746e3ad6ad166d77ef5c99f4871f74bccebc56a8ecdb709d1451e
MR62X_SDK,MR62X_SDK_Paket/selected_sources/sdk/openwrt-21.02/target/linux/target/bsp/dev_usb.h,1560,3e42fb4c1ee401807fb1b2955531df1ec5a430d5aa272e748ecef2043322aa57
MR62X_SDK,MR62X_SDK_Paket/selected_sources/sdk/openwrt-21.02/target/linux/target/bsp/gpio.c,25076,de728f714bed14f53f5a2a29a59a2d578beae9c4f967ef3786fc20e4e5af9b83
MR62X_SDK,MR62X_SDK_Paket/selected_sources/sdk/openwrt-21.02/target/linux/target/bsp/i2c.c,8830,9b6da29e5239f3c194117947711bc74f3f29f9e0fe96861c6a322fb47b088e29
MR62X_SDK,MR62X_SDK_Paket/selected_sources/sdk/openwrt-21.02/target/linux/target/bsp/i2s.c,880,bcad363acf7ace3b8410b2c25d4c306b85103f01ec76013f3c5c02d36d65c11a
MR62X_SDK,MR62X_SDK_Paket/selected_sources/sdk/openwrt-21.02/target/linux/target/bsp/i2s.h,481,a0df99565221e92395c5035fa0ea999ebe83342c6ba1d4d88fc502533d95194a
MR62X_SDK,MR62X_SDK_Paket/selected_sources/sdk/openwrt-21.02/target/linux/target/bsp/irq-gpio.c,6148,7502982b25ea822a2d6297bf41f038e9b9464f4953311457831beb07a6877790
MR62X_SDK,MR62X_SDK_Paket/selected_sources/sdk/openwrt-21.02/target/linux/target/bsp/irq-ictl.c,2302,fbffd4b775f0a7b3fd8739c44fc1bafba623350c4922635d259ce1daf9f29bb1
MR62X_SDK,MR62X_SDK_Paket/selected_sources/sdk/openwrt-21.02/target/linux/target/bsp/irq.c,3331,40a12d319556312f5c99a051fa9647eec24477cbcdb77c844677ba52c345c06a
MR62X_SDK,MR62X_SDK_Paket/selected_sources/sdk/openwrt-21.02/target/linux/target/bsp/irq.h,133,a623159766ee244cd8cd11af06fd86248bddb9e153ab275ec68ce608b0fc618f
MR62X_SDK,MR62X_SDK_Paket/selected_sources/sdk/openwrt-21.02/target/linux/target/bsp/mtd.c,10207,6ce81acb7a45ce1d7d1a741f20f2af4fc52193995887fb14aff281131cbdfbdf
MR62X_SDK,MR62X_SDK_Paket/selected_sources/sdk/openwrt-21.02/target/linux/target/bsp/pci-fixup.c,1094,a3f95c9bc3d0e39b53838e478b8445f4a9a39e7c5d6033afc04167ba34f73e24
MR62X_SDK,MR62X_SDK_Paket/selected_sources/sdk/openwrt-21.02/target/linux/target/bsp/pci-ops.c,2987,1356dcc19dd2bf8019ad6e04f57437f09408b0116361667d19563728bb10a7a5
MR62X_SDK,MR62X_SDK_Paket/selected_sources/sdk/openwrt-21.02/target/linux/target/bsp/pci.c,6209,09c00003d5fb16a28803d6d8e5e79bdbf4357caaba6e11a5549dfdda4e7f7e02
MR62X_SDK,MR62X_SDK_Paket/selected_sources/sdk/openwrt-21.02/target/linux/target/bsp/platform.c,4373,80909034f0f70d040557058791a499710355530a0a4ccbe5abf757a2fa6fb1cb
MR62X_SDK,MR62X_SDK_Paket/selected_sources/sdk/openwrt-21.02/target/linux/target/bsp/prom.c,6928,aeaffc9c26b9c68beccf5e7a72830db22e5c50ac4ab8780c3343f13a968d79da
MR62X_SDK,MR62X_SDK_Paket/selected_sources/sdk/openwrt-21.02/target/linux/target/bsp/serial.c,5084,afe94e9c8f6d25171bfd5156c8117f851fe07299395d94e6ae25d6c7257c6601
MR62X_SDK,MR62X_SDK_Paket/selected_sources/sdk/openwrt-21.02/target/linux/target/bsp/setup.c,2415,b6bdbe3778104cb9735d8a1b32d1cad781d4781831d6089fa3a8e5e1e9f52d2c
MR62X_SDK,MR62X_SDK_Paket/selected_sources/sdk/openwrt-21.02/target/linux/target/bsp/spi.c,2341,28f694e4830a8ef2c3b93046631ad60a8d589f0c2f813bf55bb17be3d0f8b0e6
MR62X_SDK,MR62X_SDK_Paket/selected_sources/sdk/openwrt-21.02/target/linux/target/bsp/timer.c,11342,b5ab6dbeaa8f1827aae821bbd15989372f6626b6918125d9d9b7630785991d37
MR62X_SDK,MR62X_SDK_Paket/selected_sources/sdk/openwrt-21.02/target/linux/target/bsp/vmlinux.lds.S,4125,e4f9ef549680661e6519d4bf7bd5a82f45ae71609a027aeba66ada6d5e9e9d4f
MR62X_SDK,MR62X_SDK_Paket/selected_sources/sdk/openwrt-21.02/target/linux/target/bsp/war.h,880,555c3a1896b508bd1bccaad194a976631670c2171f5f1567c57ccef988407dde
MR62X_SDK,MR62X_SDK_Paket/selected_sources/sdk/openwrt-21.02/target/linux/target/config.backports-5.2.8-1,42563,770919ce0b8590c24a153ff6b77f3d0ee9c1f3147f892d9fed186d8009123800
MR62X_SDK,MR62X_SDK_Paket/selected_sources/sdk/openwrt-21.02/target/linux/target/config.backports-5.2.8-1.RTL8197F_VG_8832BR_8367R_KERN44_GW,44120,e3d896bcba570ee8f5597ce485abb981b225793070ee0bc9f1ef3361b25d0952
MR62X_SDK,MR62X_SDK_Paket/selected_sources/sdk/openwrt-21.02/target/linux/target/config.backports-5.2.8-1.SPINAND_RTL8197F_VG_8832BR_8367R_KERN44_DUALSTACK_GW,44120,e3d896bcba570ee8f5597ce485abb981b225793070ee0bc9f1ef3361b25d0952
MR62X_SDK,MR62X_SDK_Paket/selected_sources/sdk/openwrt-21.02/target/linux/target/config.backports-5.2.8-1.SPINAND_RTL8197F_VG_8832BR_8367R_KERN44_GW,44120,e3d896bcba570ee8f5597ce485abb981b225793070ee0bc9f1ef3361b25d0952
MR62X_SDK,MR62X_SDK_Paket/selected_sources/sdk/openwrt-21.02/target/linux/target/config.backports-5.2.8-1.SPINAND_RTL8197F_VG_8832BR_8367R_KERN44_GW_EASYMESH,43682,985f8705acc5d07b574a0baa6c3125e225b138bfcbb64c2902432151991812a2
MR62X_SDK,MR62X_SDK_Paket/selected_sources/sdk/openwrt-21.02/target/linux/target/config.backports-5.2.8-1.SPINAND_RTL8197F_VG_8832BR_8367R_KERN44_GW_EASYMESH_R2_WFA,43537,6a9c423a546e784c8a06d65018d5df444ca620880b37048fc22c4821b15eae0a
MR62X_SDK,MR62X_SDK_Paket/selected_sources/sdk/openwrt-21.02/target/linux/target/config.busybox-1.24.1.RTL8197F_VG_8832BR_8367R_KERN44_GW,32033,16d203a163804bb9d92bcd69c54a0f0d6962ed65e34faf003312756a4c6dd15b
MR62X_SDK,MR62X_SDK_Paket/selected_sources/sdk/openwrt-21.02/target/linux/target/config.busybox-1.24.1.SPINAND_RTL8197F_VG_8832BR_8367R_KERN44_DUALSTACK_GW,32000,2a368e9c4312327b079c1c8792a3fef5507589fc7353e6996c753e02d0435e22
MR62X_SDK,MR62X_SDK_Paket/selected_sources/sdk/openwrt-21.02/target/linux/target/config.busybox-1.24.1.SPINAND_RTL8197F_VG_8832BR_8367R_KERN44_GW,32033,16d203a163804bb9d92bcd69c54a0f0d6962ed65e34faf003312756a4c6dd15b
MR62X_SDK,MR62X_SDK_Paket/selected_sources/sdk/openwrt-21.02/target/linux/target/config.busybox-1.24.1.SPINAND_RTL8197F_VG_8832BR_8367R_KERN44_GW_EASYMESH,32044,04e7e89a3ab5d1011cfd894e70a82348950df9697cc8b8a17c27c05546a6c608
MR62X_SDK,MR62X_SDK_Paket/selected_sources/sdk/openwrt-21.02/target/linux/target/config.busybox-1.24.1.SPINAND_RTL8197F_VG_8832BR_8367R_KERN44_GW_EASYMESH_R2_WFA,31967,bfb587e555246ab432889783d85c05840efda80e4159728e2581b348ef2bac34
MR62X_SDK,MR62X_SDK_Paket/selected_sources/sdk/openwrt-21.02/target/linux/target/config.cpu,1121,d460759374736a2986057252a3f0967a969d5b88f7069f398b23a47e72e4038d
MR62X_SDK,MR62X_SDK_Paket/selected_sources/sdk/openwrt-21.02/target/linux/target/config.in,16134,4d59c8802e6851294e1caac14f667e9ab799fb8a15c6ca3f52786ce7ff347552
MR62X_SDK,MR62X_SDK_Paket/selected_sources/sdk/openwrt-21.02/target/linux/target/config.linux-4.4.RTL8197F_VG_8832BR_8367R_KERN44_GW,57437,7646340cc51166cea8b2d923596d5cb0d651d84c04c6fc16dcd2e856d976b5da
MR62X_SDK,MR62X_SDK_Paket/selected_sources/sdk/openwrt-21.02/target/linux/target/config.linux-4.4.SPINAND_RTL8197F_VG_8832BR_8367R_KERN44_DUALSTACK_GW,59053,1929705423e12beb6d3f9f4216c1a8b3b9e7be64cef49dbb6d059f0b7d9b9b46
MR62X_SDK,MR62X_SDK_Paket/selected_sources/sdk/openwrt-21.02/target/linux/target/config.linux-4.4.SPINAND_RTL8197F_VG_8832BR_8367R_KERN44_GW,57193,e010743897b0172fd97d1a9d7138c9245efce80b465ffb2af456cfd633613e7a
MR62X_SDK,MR62X_SDK_Paket/selected_sources/sdk/openwrt-21.02/target/linux/target/config.linux-4.4.SPINAND_RTL8197F_VG_8832BR_8367R_KERN44_GW_EASYMESH,57230,40408e16fb97ad0a5e16a897e5cc9c6b7c92450677076ba50c8b7b1dd414f65d
MR62X_SDK,MR62X_SDK_Paket/selected_sources/sdk/openwrt-21.02/target/linux/target/config.linux-4.4.SPINAND_RTL8197F_VG_8832BR_8367R_KERN44_GW_EASYMESH_R2_WFA,57241,bbb21a62a851e49934d265be6c9b59a09eaaec37435cf1d30edf479f7dc6349e
MR62X_SDK,MR62X_SDK_Paket/selected_sources/sdk/openwrt-21.02/target/linux/target/config.users.RTL8197F_VG_8832BR_8367R_KERN44_GW,6283,66184fc39d38f77ba7253aa602eb9a0465544f456da5af429a36c85a913400f0
MR62X_SDK,MR62X_SDK_Paket/selected_sources/sdk/openwrt-21.02/target/linux/target/config.users.SPINAND_RTL8197F_VG_8832BR_8367R_KERN44_DUALSTACK_GW,6196,91db64b35434a326dbbcfcc84f659c18812a8176d78aaaefef17434352a3afbd
MR62X_SDK,MR62X_SDK_Paket/selected_sources/sdk/openwrt-21.02/target/linux/target/config.users.SPINAND_RTL8197F_VG_8832BR_8367R_KERN44_GW,6283,66184fc39d38f77ba7253aa602eb9a0465544f456da5af429a36c85a913400f0
MR62X_SDK,MR62X_SDK_Paket/selected_sources/sdk/openwrt-21.02/target/linux/target/config.users.SPINAND_RTL8197F_VG_8832BR_8367R_KERN44_GW_EASYMESH,6583,88d35525d93bb7a52b9c2ff9c94b6051526fac1ccf13fd30e8755c7607c85ca2
MR62X_SDK,MR62X_SDK_Paket/selected_sources/sdk/openwrt-21.02/target/linux/target/config.users.SPINAND_RTL8197F_VG_8832BR_8367R_KERN44_GW_EASYMESH_R2_WFA,6572,2613f81bff8801a5233b89507766cd9759fb23fb372afe1599b41ad05a2fe4df
MR62X_SDK,MR62X_SDK_Paket/selected_sources/sdk/openwrt-21.02/target/linux/target/ed25519-donna/Makefile,147,50d27dde1947f3108735c878f1fb8172cbe880a24d995c1d2680591d0e649d4a
MR62X_SDK,MR62X_SDK_Paket/selected_sources/sdk/openwrt-21.02/target/linux/target/ed25519-donna/README.md,8155,ce7e04079bf12928d5e66126b4becd6aedcb6ba94f2f44dbc81b93cf7f4e5133
MR62X_SDK,MR62X_SDK_Paket/selected_sources/sdk/openwrt-21.02/target/linux/target/ed25519-donna/curve25519-donna-32bit.h,22614,f92c32aa69d5a015a81b96bfd75063061447bcc60b79d7fa48f4056262addd39
MR62X_SDK,MR62X_SDK_Paket/selected_sources/sdk/openwrt-21.02/target/linux/target/ed25519-donna/curve25519-donna-64bit.h,14869,200b6f43ab3ef2a4c835a79c3795d169f4762f19b51af1f950952587f6573310
MR62X_SDK,MR62X_SDK_Paket/selected_sources/sdk/openwrt-21.02/target/linux/target/ed25519-donna/curve25519-donna-helpers.h,2374,a3cd2e774f9f57cfe16ac7b010085590464c602b9eb64e704d48b25860a7e9a1
MR62X_SDK,MR62X_SDK_Paket/selected_sources/sdk/openwrt-21.02/target/linux/target/ed25519-donna/curve25519-donna-sse2.h,58626,fa8e7894e269b0667c18d0ec9c66025468c0d1fd2b7e370d026d2239c95d8758
MR62X_SDK,MR62X_SDK_Paket/selected_sources/sdk/openwrt-21.02/target/linux/target/ed25519-donna/ed25519-donna-32bit-sse2.h,18640,c7b3658eb060f1ece83865a979bb48125ff45cc65f70ade96e51377c2109ab71
MR62X_SDK,MR62X_SDK_Paket/selected_sources/sdk/openwrt-21.02/target/linux/target/ed25519-donna/ed25519-donna-32bit-tables.h,12002,4487a16e12cd57252df91364ad820cc5eb93d91cbc602fc21d96c676134754bc
MR62X_SDK,MR62X_SDK_Paket/selected_sources/sdk/openwrt-21.02/target/linux/target/ed25519-donna/ed25519-donna-64bit-sse2.h,16318,086a0b7418114ed12141c9fcbb19d30a47fc2e14f97532874418c85920767bf6
MR62X_SDK,MR62X_SDK_Paket/selected_sources/sdk/openwrt-21.02/target/linux/target/ed25519-donna/ed25519-donna-64bit-tables.h,10380,417c853c5ffddfc8b3e244096985fb919e872d9d4cc02e4f6c2047a1c5ec599c
MR62X_SDK,MR62X_SDK_Paket/selected_sources/sdk/openwrt-21.02/target/linux/target/ed25519-donna/ed25519-donna-64bit-x86-32bit.h,16281,faa56400228b031de42b230e3d12192963bf863583f93f0ede5b93b843920e73
MR62X_SDK,MR62X_SDK_Paket/selected_sources/sdk/openwrt-21.02/target/linux/target/ed25519-donna/ed25519-donna-64bit-x86.h,12962,70c13b515c2a674673378ecc7a15d41f2a24b5d79df6ec33d5e8e965293436bb
MR62X_SDK,MR62X_SDK_Paket/selected_sources/sdk/openwrt-21.02/target/linux/target/ed25519-donna/ed25519-donna-basepoint-table.h,124048,0bfcde5ac42fe07700b9c04b280d932c888d91a73597130201ff11dcfe629e3d
MR62X_SDK,MR62X_SDK_Paket/selected_sources/sdk/openwrt-21.02/target/linux/target/ed25519-donna/ed25519-donna-batchverify.h,7644,81c518f1591a3e90f952af752495bfb8e8b29082f63e56a441961957db04645d
MR62X_SDK,MR62X_SDK_Paket/selected_sources/sdk/openwrt-21.02/target/linux/target/ed25519-donna/ed25519-donna-impl-base.h,10220,243eee2c096612090bf724ca530590664605df1ca11744da09fe830a160c159a
MR62X_SDK,MR62X_SDK_Paket/selected_sources/sdk/openwrt-21.02/target/linux/target/ed25519-donna/ed25519-donna-impl-sse2.h,11815,693a03c83572d0d082fbbdb24867c313672b4372041aa774a2e343b0203a45fa
MR62X_SDK,MR62X_SDK_Paket/selected_sources/sdk/openwrt-21.02/target/linux/target/ed25519-donna/ed25519-donna-portable-identify.h,2910,bc3f37b7106dfac8594367b598747664d65e1a3ed5125d70c525649785070a6d
MR62X_SDK,MR62X_SDK_Paket/selected_sources/sdk/openwrt-21.02/target/linux/target/ed25519-donna/ed25519-donna-portable.h,4761,5143e41565c60fb9bb60fbd18dd00c6bdb4304f567ee61cd0553b2dd1fd38371
MR62X_SDK,MR62X_SDK_Paket/selected_sources/sdk/openwrt-21.02/target/linux/target/ed25519-donna/ed25519-donna.h,2762,b53f69909a80a6930879aa093a41831aa6f3f6e443187f159eacc96cb7e6294e
MR62X_SDK,MR62X_SDK_Paket/selected_sources/sdk/openwrt-21.02/target/linux/target/ed25519-donna/ed25519-hash-custom.h,370,4403f88d9a30aee0dc3b30eeba35fc6a513b7eba1efd1e4ed1811e8cf2794831
MR62X_SDK,MR62X_SDK_Paket/selected_sources/sdk/openwrt-21.02/target/linux/target/ed25519-donna/ed25519-hash.h,6867,d1ee2991539feb3bd1bade01dfabb2a9d6a4c86e9f9deda7da1df45c831f732e
MR62X_SDK,MR62X_SDK_Paket/selected_sources/sdk/openwrt-21.02/target/linux/target/ed25519-donna/ed25519-randombytes-custom.h,211,db6ebec8ea68ec2d4aa1978cbea25b01379283a5a4f1f296cfd1e4a0eb3ea666
MR62X_SDK,MR62X_SDK_Paket/selected_sources/sdk/openwrt-21.02/target/linux/target/ed25519-donna/ed25519-randombytes.h,1847,0716dd5e8a68e4241b432f14852cc69db2be07915163daffd01b564f2af553a7
MR62X_SDK,MR62X_SDK_Paket/selected_sources/sdk/openwrt-21.02/target/linux/target/ed25519-donna/ed25519.c,3687,491efa60521d6ef3cc8b42c722adbb07c5a8da3e355bd9ed8947a5ca02cec594
MR62X_SDK,MR62X_SDK_Paket/selected_sources/sdk/openwrt-21.02/target/linux/target/ed25519-donna/ed25519.h,960,98c711b3d04fcaaa9ff560efab6b0f2e969326208a7a854d56462162b1734bfb
MR62X_SDK,MR62X_SDK_Paket/selected_sources/sdk/openwrt-21.02/target/linux/target/ed25519-donna/fuzz/README.md,5761,a67181a195a440b6aeeadf9bd8e2a6c1f9f8b16e0bba0c1eb97071c597653b1d
MR62X_SDK,MR62X_SDK_Paket/selected_sources/sdk/openwrt-21.02/target/linux/target/ed25519-donna/fuzz/build-nix.php,3641,a13e0d0129f1054d82802115330d504b6e16fab9d58750f953ca469235ade5c3
MR62X_SDK,MR62X_SDK_Paket/selected_sources/sdk/openwrt-21.02/target/linux/target/ed25519-donna/fuzz/curve25519-ref10.c,38169,efaceaef0858e529a54766b5ee0d2288cc8e1ba9c0c15c8adfab9c65ac12c958
MR62X_SDK,MR62X_SDK_Paket/selected_sources/sdk/openwrt-21.02/target/linux/target/ed25519-donna/fuzz/curve25519-ref10.h,259,c087f514d5415cff167ff9a81adf61aee3ceaf263785df1bb60454ab59768876
MR62X_SDK,MR62X_SDK_Paket/selected_sources/sdk/openwrt-21.02/target/linux/target/ed25519-donna/fuzz/ed25519-donna-sse2.c,74,817f1771cc169f13753c15cbc0492ca719acf925a0acaa701b5f8aa03c689c48
MR62X_SDK,MR62X_SDK_Paket/selected_sources/sdk/openwrt-21.02/target/linux/target/ed25519-donna/fuzz/ed25519-donna.c,24,ec26208115014b36793cddfafd6d5efc064d64bb878073396922b2ea6b211415
MR62X_SDK,MR62X_SDK_Paket/selected_sources/sdk/openwrt-21.02/target/linux/target/ed25519-donna/fuzz/ed25519-donna.h,1561,5ba9f448728209a7e519585467be5d4ea084f5d13c22225a8fde0d3bcc415259
MR62X_SDK,MR62X_SDK_Paket/selected_sources/sdk/openwrt-21.02/target/linux/target/ed25519-donna/fuzz/ed25519-ref10.c,171009,6c9e86c6de53e57593e0bc30b8045fdb72364c2d78a67fc5fe89dd483b39683c
MR62X_SDK,MR62X_SDK_Paket/selected_sources/sdk/openwrt-21.02/target/linux/target/ed25519-donna/fuzz/ed25519-ref10.h,426,69e48a0f86e1f32bd9282e9bbf0e96c7789ed6f38b5830ce838bfc30b992e981
MR62X_SDK,MR62X_SDK_Paket/selected_sources/sdk/openwrt-21.02/target/linux/target/ed25519-donna/fuzz/fuzz-curve25519.c,3686,ab2b7f065263bd12a64307da8ff6278402113e76bf83188984fd91993855fd6a
MR62X_SDK,MR62X_SDK_Paket/selected_sources/sdk/openwrt-21.02/target/linux/target/ed25519-donna/fuzz/fuzz-ed25519.c,5412,949114b06eca2ecbe00cc7f6c893da03ded8634056ea81f6c7c9576c90bd281d
MR62X_SDK,MR62X_SDK_Paket/selected_sources/sdk/openwrt-21.02/target/linux/target/ed25519-donna/modm-donna-32bit.h,21134,56716eb2f1eb1c5c5de494110b4ef912392ea7217a0e05608e3c70c236460ee1
MR62X_SDK,MR62X_SDK_Paket/selected_sources/sdk/openwrt-21.02/target/linux/target/ed25519-donna/modm-donna-64bit.h,13354,1e320582deefcd5547bc9b036f639bd8248c01b0f4cfa1d8f7e1703dc7eea3ac
MR62X_SDK,MR62X_SDK_Paket/selected_sources/sdk/openwrt-21.02/target/linux/target/ed25519-donna/regression.h,2765824,0575f870ab0c7c95970fbed795a5f83143b55b63ea967b50b6c2a6fdeba7f385
MR62X_SDK,MR62X_SDK_Paket/selected_sources/sdk/openwrt-21.02/target/linux/target/ed25519-donna/run.sh,100,cf04d8eab0cce94ddfbabcc611ab443dc43cf05ab20ed4825d6ae39b3c5c8ddc
MR62X_SDK,MR62X_SDK_Paket/selected_sources/sdk/openwrt-21.02/target/linux/target/ed25519-donna/sign_key.c,15899,557bada2c8df39ce69e4be57ec635e1884136b043488174b3fd6283ce005a849
MR62X_SDK,MR62X_SDK_Paket/selected_sources/sdk/openwrt-21.02/target/linux/target/ed25519-donna/test-internals.c,6019,14c9805089f61f847f18761a3180219a8481f8916a8fe3288686e2aa0f735ceb
MR62X_SDK,MR62X_SDK_Paket/selected_sources/sdk/openwrt-21.02/target/linux/target/ed25519-donna/test-ticks.h,1313,89edcd5f1d94783979c857e91f04e51f63041b5e074a958b085dafef55f56613
MR62X_SDK,MR62X_SDK_Paket/selected_sources/sdk/openwrt-21.02/target/linux/target/etc.RTL8197F_8812AR_MP/TZ,9,4923762c725a5e9cde7b5067ec7b1436cd293feefb4de92bd2efb5a470eb5c97
MR62X_SDK,MR62X_SDK_Paket/selected_sources/sdk/openwrt-21.02/target/linux/target/etc.RTL8197F_8812AR_MP/group,32,5148fde8988f4762c1a14039adf6ca7cfcf3b201c71cd48332da60ca69ff49a8
MR62X_SDK,MR62X_SDK_Paket/selected_sources/sdk/openwrt-21.02/target/linux/target/etc.RTL8197F_8812AR_MP/host.conf,17,313728062c7ae797e11187c7f1d66b559f0098115320166bca6100486c167824
MR62X_SDK,MR62X_SDK_Paket/selected_sources/sdk/openwrt-21.02/target/linux/target/etc.RTL8197F_8812AR_MP/hosts,146,f80e3d5c3a0e4517e650bccee94c8033131e263d8458b37a18dcee440cb3819b
MR62X_SDK,MR62X_SDK_Paket/selected_sources/sdk/openwrt-21.02/target/linux/target/etc.RTL8197F_8812AR_MP/init.d/rcS,291,4ba8dbfde1e6858373479b9b21d189f916a660fbc2098b9b7185bc5df0b76dd8
MR62X_SDK,MR62X_SDK_Paket/selected_sources/sdk/openwrt-21.02/target/linux/target/etc.RTL8197F_8812AR_MP/inittab,308,029314c08baad22a9a6d592670a68befbf0c920a4db80648486e723ebe5c9948
MR62X_SDK,MR62X_SDK_Paket/selected_sources/sdk/openwrt-21.02/target/linux/target/etc.RTL8197F_8812AR_MP/mime.types,1552,8d0a3ce3b74daccb330e158471cab898d40d4e40ed8a74ff9d710909a82cdf6e
MR62X_SDK,MR62X_SDK_Paket/selected_sources/sdk/openwrt-21.02/target/linux/target/etc.RTL8197F_8812AR_MP/motd,334,3b727708cd2efa362aa751c12c8d2e9e0e2050cb07b3d646dae2c6f4bcdd1cb3
MR62X_SDK,MR62X_SDK_Paket/selected_sources/sdk/openwrt-21.02/target/linux/target/etc.RTL8197F_8812AR_MP/passwd,59,4d6b899746dbeedb12a8f24fe71fe5d280272127ac830dc3c7755608c6704076
MR62X_SDK,MR62X_SDK_Paket/selected_sources/sdk/openwrt-21.02/target/linux/target/etc.RTL8197F_8812AR_MP/resolv.conf,22,bc90c8d01ca4fdd435dc0fc0cc1d50eb93a2a727e0554bae8bed0807469819f9
MR62X_SDK,MR62X_SDK_Paket/selected_sources/sdk/openwrt-21.02/target/linux/target/etc.RTL8197F_8812AR_MP/services,8205,6ae28a7390a44890f3709f772dd5a2d8246880b40a734f1317cb117eea6de748
MR62X_SDK,MR62X_SDK_Paket/selected_sources/sdk/openwrt-21.02/target/linux/target/etc.RTL8197F_8812AR_MP/smb.conf,9770,e2228076ff7e562fe6b0ba496e4e5291efef49e0f97a7b801d5882429ae8441b
MR62X_SDK,MR62X_SDK_Paket/selected_sources/sdk/openwrt-21.02/target/linux/target/etc.RTL8197F_8812BR_8367R_MP/TZ,9,4923762c725a5e9cde7b5067ec7b1436cd293feefb4de92bd2efb5a470eb5c97
MR62X_SDK,MR62X_SDK_Paket/selected_sources/sdk/openwrt-21.02/target/linux/target/etc.RTL8197F_8812BR_8367R_MP/group,32,5148fde8988f4762c1a14039adf6ca7cfcf3b201c71cd48332da60ca69ff49a8
MR62X_SDK,MR62X_SDK_Paket/selected_sources/sdk/openwrt-21.02/target/linux/target/etc.RTL8197F_8812BR_8367R_MP/host.conf,17,313728062c7ae797e11187c7f1d66b559f0098115320166bca6100486c167824
MR62X_SDK,MR62X_SDK_Paket/selected_sources/sdk/openwrt-21.02/target/linux/target/etc.RTL8197F_8812BR_8367R_MP/hosts,146,f80e3d5c3a0e4517e650bccee94c8033131e263d8458b37a18dcee440cb3819b
MR62X_SDK,MR62X_SDK_Paket/selected_sources/sdk/openwrt-21.02/target/linux/target/etc.RTL8197F_8812BR_8367R_MP/init.d/rcS,291,4ba8dbfde1e6858373479b9b21d189f916a660fbc2098b9b7185bc5df0b76dd8
MR62X_SDK,MR62X_SDK_Paket/selected_sources/sdk/openwrt-21.02/target/linux/target/etc.RTL8197F_8812BR_8367R_MP/inittab,308,029314c08baad22a9a6d592670a68befbf0c920a4db80648486e723ebe5c9948
MR62X_SDK,MR62X_SDK_Paket/selected_sources/sdk/openwrt-21.02/target/linux/target/etc.RTL8197F_8812BR_8367R_MP/mime.types,1552,8d0a3ce3b74daccb330e158471cab898d40d4e40ed8a74ff9d710909a82cdf6e
MR62X_SDK,MR62X_SDK_Paket/selected_sources/sdk/openwrt-21.02/target/linux/target/etc.RTL8197F_8812BR_8367R_MP/motd,334,3b727708cd2efa362aa751c12c8d2e9e0e2050cb07b3d646dae2c6f4bcdd1cb3
MR62X_SDK,MR62X_SDK_Paket/selected_sources/sdk/openwrt-21.02/target/linux/target/etc.RTL8197F_8812BR_8367R_MP/passwd,59,4d6b899746dbeedb12a8f24fe71fe5d280272127ac830dc3c7755608c6704076
MR62X_SDK,MR62X_SDK_Paket/selected_sources/sdk/openwrt-21.02/target/linux/target/etc.RTL8197F_8812BR_8367R_MP/resolv.conf,22,bc90c8d01ca4fdd435dc0fc0cc1d50eb93a2a727e0554bae8bed0807469819f9
MR62X_SDK,MR62X_SDK_Paket/selected_sources/sdk/openwrt-21.02/target/linux/target/etc.RTL8197F_8812BR_8367R_MP/services,8205,6ae28a7390a44890f3709f772dd5a2d8246880b40a734f1317cb117eea6de748
MR62X_SDK,MR62X_SDK_Paket/selected_sources/sdk/openwrt-21.02/target/linux/target/etc.RTL8197F_8812BR_8367R_MP/smb.conf,9770,e2228076ff7e562fe6b0ba496e4e5291efef49e0f97a7b801d5882429ae8441b
MR62X_SDK,MR62X_SDK_Paket/selected_sources/sdk/openwrt-21.02/target/linux/target/etc.RTL8197F_8812BR_8367R_WAC/TZ,9,4923762c725a5e9cde7b5067ec7b1436cd293feefb4de92bd2efb5a470eb5c97
MR62X_SDK,MR62X_SDK_Paket/selected_sources/sdk/openwrt-21.02/target/linux/target/etc.RTL8197F_8812BR_8367R_WAC/group,32,5148fde8988f4762c1a14039adf6ca7cfcf3b201c71cd48332da60ca69ff49a8
MR62X_SDK,MR62X_SDK_Paket/selected_sources/sdk/openwrt-21.02/target/linux/target/etc.RTL8197F_8812BR_8367R_WAC/host.conf,17,313728062c7ae797e11187c7f1d66b559f0098115320166bca6100486c167824
MR62X_SDK,MR62X_SDK_Paket/selected_sources/sdk/openwrt-21.02/target/linux/target/etc.RTL8197F_8812BR_8367R_WAC/hosts,146,f80e3d5c3a0e4517e650bccee94c8033131e263d8458b37a18dcee440cb3819b
MR62X_SDK,MR62X_SDK_Paket/selected_sources/sdk/openwrt-21.02/target/linux/target/etc.RTL8197F_8812BR_8367R_WAC/init.d/rcS_AP,1407,d0b7549d9eea0c9a02c44007ed6c433cf17cd9c2d06ae523703b8de1ae7182e0
MR62X_SDK,MR62X_SDK_Paket/selected_sources/sdk/openwrt-21.02/target/linux/target/etc.RTL8197F_8812BR_8367R_WAC/init.d/rcS_GW,3104,060bd5b0fdda7e85c8eafbdf4b1334ca3c9e0fa7ec3d6973b6832b3a094e02cb
MR62X_SDK,MR62X_SDK_Paket/selected_sources/sdk/openwrt-21.02/target/linux/target/etc.RTL8197F_8812BR_8367R_WAC/inittab,308,029314c08baad22a9a6d592670a68befbf0c920a4db80648486e723ebe5c9948
MR62X_SDK,MR62X_SDK_Paket/selected_sources/sdk/openwrt-21.02/target/linux/target/etc.RTL8197F_8812BR_8367R_WAC/iproute2/rt_tables,114,140279ef964cfad53dda8514620b566d50f223643bae3bfb80ec6d128dee976f
MR62X_SDK,MR62X_SDK_Paket/selected_sources/sdk/openwrt-21.02/target/linux/target/etc.RTL8197F_8812BR_8367R_WAC/mime.types,1552,8d0a3ce3b74daccb330e158471cab898d40d4e40ed8a74ff9d710909a82cdf6e
MR62X_SDK,MR62X_SDK_Paket/selected_sources/sdk/openwrt-21.02/target/linux/target/etc.RTL8197F_8812BR_8367R_WAC/minidlna.conf,2513,f9af70366cae26add0c4587e607731e1f82b061b65494371aed571d2cf5b43ab
MR62X_SDK,MR62X_SDK_Paket/selected_sources/sdk/openwrt-21.02/target/linux/target/etc.RTL8197F_8812BR_8367R_WAC/motd,334,3b727708cd2efa362aa751c12c8d2e9e0e2050cb07b3d646dae2c6f4bcdd1cb3
MR62X_SDK,MR62X_SDK_Paket/selected_sources/sdk/openwrt-21.02/target/linux/target/etc.RTL8197F_8812BR_8367R_WAC/passwd,57,808edc685e7acd587536825800b6136fd069d8a422ede561d71328447b5f0f96
MR62X_SDK,MR62X_SDK_Paket/selected_sources/sdk/openwrt-21.02/target/linux/target/etc.RTL8197F_8812BR_8367R_WAC/resolv.conf,22,bc90c8d01ca4fdd435dc0fc0cc1d50eb93a2a727e0554bae8bed0807469819f9
MR62X_SDK,MR62X_SDK_Paket/selected_sources/sdk/openwrt-21.02/target/linux/target/etc.RTL8197F_8812BR_8367R_WAC/samba/smb.conf,10136,0f14f29296ff2c41ca059dec63962cbbb297b7da25ba6eebb2e5583454534f27
MR62X_SDK,MR62X_SDK_Paket/selected_sources/sdk/openwrt-21.02/target/linux/target/etc.RTL8197F_8812BR_8367R_WAC/samba/smbpasswd,104,2187a31165dc5cb2190130abdc04d6c5fef3d78ffc609b390b74a444f8e76c94
MR62X_SDK,MR62X_SDK_Paket/selected_sources/sdk/openwrt-21.02/target/linux/target/etc.RTL8197F_8812BR_8367R_WAC/services,8205,6ae28a7390a44890f3709f772dd5a2d8246880b40a734f1317cb117eea6de748
MR62X_SDK,MR62X_SDK_Paket/selected_sources/sdk/openwrt-21.02/target/linux/target/etc.RTL8197F_8812BR_8367R_WAC/shadow.sample,87,106bf188d92eae79b255c106cb9f05777b5ba225ddef95132fb1da552b81caac
MR62X_SDK,MR62X_SDK_Paket/selected_sources/sdk/openwrt-21.02/target/linux/target/etc.RTL8197F_8812BR_8367R_WAC/ushare.conf,1359,8e1b479172c4f1c7478a6658bae1a1049b607e7aacd24f2c40ff415b6e3da057
MR62X_SDK,MR62X_SDK_Paket/selected_sources/sdk/openwrt-21.02/target/linux/target/etc.RTL8197F_8812BR_8367R_WAC/vsftpd.conf,4505,c86e2c41c3c17be5510db27e4998fbf372751727c340dce68362012d47744e92
MR62X_SDK,MR62X_SDK_Paket/selected_sources/sdk/openwrt-21.02/target/linux/target/etc.RTL8197F_8812F_8367R_MP/TZ,9,4923762c725a5e9cde7b5067ec7b1436cd293feefb4de92bd2efb5a470eb5c97
MR62X_SDK,MR62X_SDK_Paket/selected_sources/sdk/openwrt-21.02/target/linux/target/etc.RTL8197F_8812F_8367R_MP/group,32,5148fde8988f4762c1a14039adf6ca7cfcf3b201c71cd48332da60ca69ff49a8
MR62X_SDK,MR62X_SDK_Paket/selected_sources/sdk/openwrt-21.02/target/linux/target/etc.RTL8197F_8812F_8367R_MP/host.conf,17,313728062c7ae797e11187c7f1d66b559f0098115320166bca6100486c167824
MR62X_SDK,MR62X_SDK_Paket/selected_sources/sdk/openwrt-21.02/target/linux/target/etc.RTL8197F_8812F_8367R_MP/hosts,146,f80e3d5c3a0e4517e650bccee94c8033131e263d8458b37a18dcee440cb3819b
MR62X_SDK,MR62X_SDK_Paket/selected_sources/sdk/openwrt-21.02/target/linux/target/etc.RTL8197F_8812F_8367R_MP/init.d/rcS,291,4ba8dbfde1e6858373479b9b21d189f916a660fbc2098b9b7185bc5df0b76dd8
MR62X_SDK,MR62X_SDK_Paket/selected_sources/sdk/openwrt-21.02/target/linux/target/etc.RTL8197F_8812F_8367R_MP/inittab,308,029314c08baad22a9a6d592670a68befbf0c920a4db80648486e723ebe5c9948
MR62X_SDK,MR62X_SDK_Paket/selected_sources/sdk/openwrt-21.02/target/linux/target/etc.RTL8197F_8812F_8367R_MP/mime.types,1552,8d0a3ce3b74daccb330e158471cab898d40d4e40ed8a74ff9d710909a82cdf6e
MR62X_SDK,MR62X_SDK_Paket/selected_sources/sdk/openwrt-21.02/target/linux/target/etc.RTL8197F_8812F_8367R_MP/motd,334,3b727708cd2efa362aa751c12c8d2e9e0e2050cb07b3d646dae2c6f4bcdd1cb3
MR62X_SDK,MR62X_SDK_Paket/selected_sources/sdk/openwrt-21.02/target/linux/target/etc.RTL8197F_8812F_8367R_MP/passwd,59,4d6b899746dbeedb12a8f24fe71fe5d280272127ac830dc3c7755608c6704076
MR62X_SDK,MR62X_SDK_Paket/selected_sources/sdk/openwrt-21.02/target/linux/target/etc.RTL8197F_8812F_8367R_MP/resolv.conf,22,bc90c8d01ca4fdd435dc0fc0cc1d50eb93a2a727e0554bae8bed0807469819f9
MR62X_SDK,MR62X_SDK_Paket/selected_sources/sdk/openwrt-21.02/target/linux/target/etc.RTL8197F_8812F_8367R_MP/services,8205,6ae28a7390a44890f3709f772dd5a2d8246880b40a734f1317cb117eea6de748
MR62X_SDK,MR62X_SDK_Paket/selected_sources/sdk/openwrt-21.02/target/linux/target/etc.RTL8197F_8812F_8367R_MP/smb.conf,9770,e2228076ff7e562fe6b0ba496e4e5291efef49e0f97a7b801d5882429ae8441b
MR62X_SDK,MR62X_SDK_Paket/selected_sources/sdk/openwrt-21.02/target/linux/target/etc.RTL8197F_8814B_8367R_MP/TZ,9,4923762c725a5e9cde7b5067ec7b1436cd293feefb4de92bd2efb5a470eb5c97
MR62X_SDK,MR62X_SDK_Paket/selected_sources/sdk/openwrt-21.02/target/linux/target/etc.RTL8197F_8814B_8367R_MP/group,32,5148fde8988f4762c1a14039adf6ca7cfcf3b201c71cd48332da60ca69ff49a8
MR62X_SDK,MR62X_SDK_Paket/selected_sources/sdk/openwrt-21.02/target/linux/target/etc.RTL8197F_8814B_8367R_MP/host.conf,17,313728062c7ae797e11187c7f1d66b559f0098115320166bca6100486c167824
MR62X_SDK,MR62X_SDK_Paket/selected_sources/sdk/openwrt-21.02/target/linux/target/etc.RTL8197F_8814B_8367R_MP/hosts,146,f80e3d5c3a0e4517e650bccee94c8033131e263d8458b37a18dcee440cb3819b
MR62X_SDK,MR62X_SDK_Paket/selected_sources/sdk/openwrt-21.02/target/linux/target/etc.RTL8197F_8814B_8367R_MP/init.d/rcS,291,4ba8dbfde1e6858373479b9b21d189f916a660fbc2098b9b7185bc5df0b76dd8
MR62X_SDK,MR62X_SDK_Paket/selected_sources/sdk/openwrt-21.02/target/linux/target/etc.RTL8197F_8814B_8367R_MP/inittab,308,029314c08baad22a9a6d592670a68befbf0c920a4db80648486e723ebe5c9948
MR62X_SDK,MR62X_SDK_Paket/selected_sources/sdk/openwrt-21.02/target/linux/target/etc.RTL8197F_8814B_8367R_MP/mime.types,1552,8d0a3ce3b74daccb330e158471cab898d40d4e40ed8a74ff9d710909a82cdf6e
MR62X_SDK,MR62X_SDK_Paket/selected_sources/sdk/openwrt-21.02/target/linux/target/etc.RTL8197F_8814B_8367R_MP/motd,334,3b727708cd2efa362aa751c12c8d2e9e0e2050cb07b3d646dae2c6f4bcdd1cb3
MR62X_SDK,MR62X_SDK_Paket/selected_sources/sdk/openwrt-21.02/target/linux/target/etc.RTL8197F_8814B_8367R_MP/passwd,59,4d6b899746dbeedb12a8f24fe71fe5d280272127ac830dc3c7755608c6704076
MR62X_SDK,MR62X_SDK_Paket/selected_sources/sdk/openwrt-21.02/target/linux/target/etc.RTL8197F_8814B_8367R_MP/resolv.conf,22,bc90c8d01ca4fdd435dc0fc0cc1d50eb93a2a727e0554bae8bed0807469819f9
MR62X_SDK,MR62X_SDK_Paket/selected_sources/sdk/openwrt-21.02/target/linux/target/etc.RTL8197F_8814B_8367R_MP/services,8205,6ae28a7390a44890f3709f772dd5a2d8246880b40a734f1317cb117eea6de748
MR62X_SDK,MR62X_SDK_Paket/selected_sources/sdk/openwrt-21.02/target/linux/target/etc.RTL8197F_8814B_8367R_MP/smb.conf,9770,e2228076ff7e562fe6b0ba496e4e5291efef49e0f97a7b801d5882429ae8441b
MR62X_SDK,MR62X_SDK_Paket/selected_sources/sdk/openwrt-21.02/target/linux/target/etc.RTL8197F_ETH_RAMFS/TZ,9,4923762c725a5e9cde7b5067ec7b1436cd293feefb4de92bd2efb5a470eb5c97
MR62X_SDK,MR62X_SDK_Paket/selected_sources/sdk/openwrt-21.02/target/linux/target/etc.RTL8197F_ETH_RAMFS/group,32,5148fde8988f4762c1a14039adf6ca7cfcf3b201c71cd48332da60ca69ff49a8
MR62X_SDK,MR62X_SDK_Paket/selected_sources/sdk/openwrt-21.02/target/linux/target/etc.RTL8197F_ETH_RAMFS/host.conf,17,313728062c7ae797e11187c7f1d66b559f0098115320166bca6100486c167824
MR62X_SDK,MR62X_SDK_Paket/selected_sources/sdk/openwrt-21.02/target/linux/target/etc.RTL8197F_ETH_RAMFS/hosts,146,f80e3d5c3a0e4517e650bccee94c8033131e263d8458b37a18dcee440cb3819b
MR62X_SDK,MR62X_SDK_Paket/selected_sources/sdk/openwrt-21.02/target/linux/target/etc.RTL8197F_ETH_RAMFS/init.d/rcS,556,72026f9dd218e1e469b4e80bb842f3697f913f650fe43ae78d7d736c95851f04
MR62X_SDK,MR62X_SDK_Paket/selected_sources/sdk/openwrt-21.02/target/linux/target/etc.RTL8197F_ETH_RAMFS/inittab,308,029314c08baad22a9a6d592670a68befbf0c920a4db80648486e723ebe5c9948
MR62X_SDK,MR62X_SDK_Paket/selected_sources/sdk/openwrt-21.02/target/linux/target/etc.RTL8197F_ETH_RAMFS/mime.types,1552,8d0a3ce3b74daccb330e158471cab898d40d4e40ed8a74ff9d710909a82cdf6e
MR62X_SDK,MR62X_SDK_Paket/selected_sources/sdk/openwrt-21.02/target/linux/target/etc.RTL8197F_ETH_RAMFS/motd,334,3b727708cd2efa362aa751c12c8d2e9e0e2050cb07b3d646dae2c6f4bcdd1cb3
MR62X_SDK,MR62X_SDK_Paket/selected_sources/sdk/openwrt-21.02/target/linux/target/etc.RTL8197F_ETH_RAMFS/passwd,59,4d6b899746dbeedb12a8f24fe71fe5d280272127ac830dc3c7755608c6704076
MR62X_SDK,MR62X_SDK_Paket/selected_sources/sdk/openwrt-21.02/target/linux/target/etc.RTL8197F_ETH_RAMFS/resolv.conf,22,bc90c8d01ca4fdd435dc0fc0cc1d50eb93a2a727e0554bae8bed0807469819f9
MR62X_SDK,MR62X_SDK_Paket/selected_sources/sdk/openwrt-21.02/target/linux/target/etc.RTL8197F_ETH_RAMFS/services,8205,6ae28a7390a44890f3709f772dd5a2d8246880b40a734f1317cb117eea6de748
MR62X_SDK,MR62X_SDK_Paket/selected_sources/sdk/openwrt-21.02/target/linux/target/etc.RTL8197F_ETH_RAMFS/smb.conf,9770,e2228076ff7e562fe6b0ba496e4e5291efef49e0f97a7b801d5882429ae8441b
MR62X_SDK,MR62X_SDK_Paket/selected_sources/sdk/openwrt-21.02/target/linux/target/etc.RTL8197F_MP/TZ,9,4923762c725a5e9cde7b5067ec7b1436cd293feefb4de92bd2efb5a470eb5c97
MR62X_SDK,MR62X_SDK_Paket/selected_sources/sdk/openwrt-21.02/target/linux/target/etc.RTL8197F_MP/group,32,5148fde8988f4762c1a14039adf6ca7cfcf3b201c71cd48332da60ca69ff49a8
MR62X_SDK,MR62X_SDK_Paket/selected_sources/sdk/openwrt-21.02/target/linux/target/etc.RTL8197F_MP/host.conf,17,313728062c7ae797e11187c7f1d66b559f0098115320166bca6100486c167824
MR62X_SDK,MR62X_SDK_Paket/selected_sources/sdk/openwrt-21.02/target/linux/target/etc.RTL8197F_MP/hosts,146,f80e3d5c3a0e4517e650bccee94c8033131e263d8458b37a18dcee440cb3819b
MR62X_SDK,MR62X_SDK_Paket/selected_sources/sdk/openwrt-21.02/target/linux/target/etc.RTL8197F_MP/init.d/rcS,399,798568e8a9e473ced90223640e33c222082d1f8f9967c44f39764d56e9a8658c
MR62X_SDK,MR62X_SDK_Paket/selected_sources/sdk/openwrt-21.02/target/linux/target/etc.RTL8197F_MP/inittab,308,029314c08baad22a9a6d592670a68befbf0c920a4db80648486e723ebe5c9948
MR62X_SDK,MR62X_SDK_Paket/selected_sources/sdk/openwrt-21.02/target/linux/target/etc.RTL8197F_MP/mime.types,1552,8d0a3ce3b74daccb330e158471cab898d40d4e40ed8a74ff9d710909a82cdf6e
MR62X_SDK,MR62X_SDK_Paket/selected_sources/sdk/openwrt-21.02/target/linux/target/etc.RTL8197F_MP/motd,334,3b727708cd2efa362aa751c12c8d2e9e0e2050cb07b3d646dae2c6f4bcdd1cb3
MR62X_SDK,MR62X_SDK_Paket/selected_sources/sdk/openwrt-21.02/target/linux/target/etc.RTL8197F_MP/passwd,59,4d6b899746dbeedb12a8f24fe71fe5d280272127ac830dc3c7755608c6704076
MR62X_SDK,MR62X_SDK_Paket/selected_sources/sdk/openwrt-21.02/target/linux/target/etc.RTL8197F_MP/resolv.conf,22,bc90c8d01ca4fdd435dc0fc0cc1d50eb93a2a727e0554bae8bed0807469819f9
MR62X_SDK,MR62X_SDK_Paket/selected_sources/sdk/openwrt-21.02/target/linux/target/etc.RTL8197F_MP/services,8205,6ae28a7390a44890f3709f772dd5a2d8246880b40a734f1317cb117eea6de748
MR62X_SDK,MR62X_SDK_Paket/selected_sources/sdk/openwrt-21.02/target/linux/target/etc.RTL8197F_MP/smb.conf,9770,e2228076ff7e562fe6b0ba496e4e5291efef49e0f97a7b801d5882429ae8441b
MR62X_SDK,MR62X_SDK_Paket/selected_sources/sdk/openwrt-21.02/target/linux/target/etc.RTL8197F_RAMFS/TZ,9,4923762c725a5e9cde7b5067ec7b1436cd293feefb4de92bd2efb5a470eb5c97
MR62X_SDK,MR62X_SDK_Paket/selected_sources/sdk/openwrt-21.02/target/linux/target/etc.RTL8197F_RAMFS/group,32,5148fde8988f4762c1a14039adf6ca7cfcf3b201c71cd48332da60ca69ff49a8
MR62X_SDK,MR62X_SDK_Paket/selected_sources/sdk/openwrt-21.02/target/linux/target/etc.RTL8197F_RAMFS/host.conf,17,313728062c7ae797e11187c7f1d66b559f0098115320166bca6100486c167824
MR62X_SDK,MR62X_SDK_Paket/selected_sources/sdk/openwrt-21.02/target/linux/target/etc.RTL8197F_RAMFS/hosts,146,f80e3d5c3a0e4517e650bccee94c8033131e263d8458b37a18dcee440cb3819b
MR62X_SDK,MR62X_SDK_Paket/selected_sources/sdk/openwrt-21.02/target/linux/target/etc.RTL8197F_RAMFS/init.d/rcS,556,72026f9dd218e1e469b4e80bb842f3697f913f650fe43ae78d7d736c95851f04
MR62X_SDK,MR62X_SDK_Paket/selected_sources/sdk/openwrt-21.02/target/linux/target/etc.RTL8197F_RAMFS/inittab,308,029314c08baad22a9a6d592670a68befbf0c920a4db80648486e723ebe5c9948
MR62X_SDK,MR62X_SDK_Paket/selected_sources/sdk/openwrt-21.02/target/linux/target/etc.RTL8197F_RAMFS/mime.types,1552,8d0a3ce3b74daccb330e158471cab898d40d4e40ed8a74ff9d710909a82cdf6e
MR62X_SDK,MR62X_SDK_Paket/selected_sources/sdk/openwrt-21.02/target/linux/target/etc.RTL8197F_RAMFS/motd,334,3b727708cd2efa362aa751c12c8d2e9e0e2050cb07b3d646dae2c6f4bcdd1cb3
MR62X_SDK,MR62X_SDK_Paket/selected_sources/sdk/openwrt-21.02/target/linux/target/etc.RTL8197F_RAMFS/passwd,59,4d6b899746dbeedb12a8f24fe71fe5d280272127ac830dc3c7755608c6704076
MR62X_SDK,MR62X_SDK_Paket/selected_sources/sdk/openwrt-21.02/target/linux/target/etc.RTL8197F_RAMFS/resolv.conf,22,bc90c8d01ca4fdd435dc0fc0cc1d50eb93a2a727e0554bae8bed0807469819f9
MR62X_SDK,MR62X_SDK_Paket/selected_sources/sdk/openwrt-21.02/target/linux/target/etc.RTL8197F_RAMFS/services,8205,6ae28a7390a44890f3709f772dd5a2d8246880b40a734f1317cb117eea6de748
MR62X_SDK,MR62X_SDK_Paket/selected_sources/sdk/openwrt-21.02/target/linux/target/etc.RTL8197F_RAMFS/smb.conf,9770,e2228076ff7e562fe6b0ba496e4e5291efef49e0f97a7b801d5882429ae8441b
MR62X_SDK,MR62X_SDK_Paket/selected_sources/sdk/openwrt-21.02/target/linux/target/etc.RTL8197F_VG_8367R_MP/TZ,9,4923762c725a5e9cde7b5067ec7b1436cd293feefb4de92bd2efb5a470eb5c97
MR62X_SDK,MR62X_SDK_Paket/selected_sources/sdk/openwrt-21.02/target/linux/target/etc.RTL8197F_VG_8367R_MP/group,32,5148fde8988f4762c1a14039adf6ca7cfcf3b201c71cd48332da60ca69ff49a8
MR62X_SDK,MR62X_SDK_Paket/selected_sources/sdk/openwrt-21.02/target/linux/target/etc.RTL8197F_VG_8367R_MP/host.conf,17,313728062c7ae797e11187c7f1d66b559f0098115320166bca6100486c167824
MR62X_SDK,MR62X_SDK_Paket/selected_sources/sdk/openwrt-21.02/target/linux/target/etc.RTL8197F_VG_8367R_MP/hosts,146,f80e3d5c3a0e4517e650bccee94c8033131e263d8458b37a18dcee440cb3819b
MR62X_SDK,MR62X_SDK_Paket/selected_sources/sdk/openwrt-21.02/target/linux/target/etc.RTL8197F_VG_8367R_MP/init.d/rcS,399,798568e8a9e473ced90223640e33c222082d1f8f9967c44f39764d56e9a8658c
MR62X_SDK,MR62X_SDK_Paket/selected_sources/sdk/openwrt-21.02/target/linux/target/etc.RTL8197F_VG_8367R_MP/inittab,308,029314c08baad22a9a6d592670a68befbf0c920a4db80648486e723ebe5c9948
MR62X_SDK,MR62X_SDK_Paket/selected_sources/sdk/openwrt-21.02/target/linux/target/etc.RTL8197F_VG_8367R_MP/mime.types,1552,8d0a3ce3b74daccb330e158471cab898d40d4e40ed8a74ff9d710909a82cdf6e
MR62X_SDK,MR62X_SDK_Paket/selected_sources/sdk/openwrt-21.02/target/linux/target/etc.RTL8197F_VG_8367R_MP/motd,334,3b727708cd2efa362aa751c12c8d2e9e0e2050cb07b3d646dae2c6f4bcdd1cb3
MR62X_SDK,MR62X_SDK_Paket/selected_sources/sdk/openwrt-21.02/target/linux/target/etc.RTL8197F_VG_8367R_MP/passwd,59,4d6b899746dbeedb12a8f24fe71fe5d280272127ac830dc3c7755608c6704076
MR62X_SDK,MR62X_SDK_Paket/selected_sources/sdk/openwrt-21.02/target/linux/target/etc.RTL8197F_VG_8367R_MP/resolv.conf,22,bc90c8d01ca4fdd435dc0fc0cc1d50eb93a2a727e0554bae8bed0807469819f9
MR62X_SDK,MR62X_SDK_Paket/selected_sources/sdk/openwrt-21.02/target/linux/target/etc.RTL8197F_VG_8367R_MP/services,8205,6ae28a7390a44890f3709f772dd5a2d8246880b40a734f1317cb117eea6de748
MR62X_SDK,MR62X_SDK_Paket/selected_sources/sdk/openwrt-21.02/target/linux/target/etc.RTL8197F_VG_8367R_MP/smb.conf,9770,e2228076ff7e562fe6b0ba496e4e5291efef49e0f97a7b801d5882429ae8441b
MR62X_SDK,MR62X_SDK_Paket/selected_sources/sdk/openwrt-21.02/target/linux/target/etc.RTL8197F_VG_8812F_8367R_MP/TZ,9,4923762c725a5e9cde7b5067ec7b1436cd293feefb4de92bd2efb5a470eb5c97
MR62X_SDK,MR62X_SDK_Paket/selected_sources/sdk/openwrt-21.02/target/linux/target/etc.RTL8197F_VG_8812F_8367R_MP/group,32,5148fde8988f4762c1a14039adf6ca7cfcf3b201c71cd48332da60ca69ff49a8
MR62X_SDK,MR62X_SDK_Paket/selected_sources/sdk/openwrt-21.02/target/linux/target/etc.RTL8197F_VG_8812F_8367R_MP/host.conf,17,313728062c7ae797e11187c7f1d66b559f0098115320166bca6100486c167824
MR62X_SDK,MR62X_SDK_Paket/selected_sources/sdk/openwrt-21.02/target/linux/target/etc.RTL8197F_VG_8812F_8367R_MP/hosts,146,f80e3d5c3a0e4517e650bccee94c8033131e263d8458b37a18dcee440cb3819b
MR62X_SDK,MR62X_SDK_Paket/selected_sources/sdk/openwrt-21.02/target/linux/target/etc.RTL8197F_VG_8812F_8367R_MP/init.d/rcS,291,4ba8dbfde1e6858373479b9b21d189f916a660fbc2098b9b7185bc5df0b76dd8
MR62X_SDK,MR62X_SDK_Paket/selected_sources/sdk/openwrt-21.02/target/linux/target/etc.RTL8197F_VG_8812F_8367R_MP/inittab,308,029314c08baad22a9a6d592670a68befbf0c920a4db80648486e723ebe5c9948
MR62X_SDK,MR62X_SDK_Paket/selected_sources/sdk/openwrt-21.02/target/linux/target/etc.RTL8197F_VG_8812F_8367R_MP/mime.types,1552,8d0a3ce3b74daccb330e158471cab898d40d4e40ed8a74ff9d710909a82cdf6e
MR62X_SDK,MR62X_SDK_Paket/selected_sources/sdk/openwrt-21.02/target/linux/target/etc.RTL8197F_VG_8812F_8367R_MP/motd,334,3b727708cd2efa362aa751c12c8d2e9e0e2050cb07b3d646dae2c6f4bcdd1cb3
MR62X_SDK,MR62X_SDK_Paket/selected_sources/sdk/openwrt-21.02/target/linux/target/etc.RTL8197F_VG_8812F_8367R_MP/passwd,59,4d6b899746dbeedb12a8f24fe71fe5d280272127ac830dc3c7755608c6704076
MR62X_SDK,MR62X_SDK_Paket/selected_sources/sdk/openwrt-21.02/target/linux/target/etc.RTL8197F_VG_8812F_8367R_MP/resolv.conf,22,bc90c8d01ca4fdd435dc0fc0cc1d50eb93a2a727e0554bae8bed0807469819f9
MR62X_SDK,MR62X_SDK_Paket/selected_sources/sdk/openwrt-21.02/target/linux/target/etc.RTL8197F_VG_8812F_8367R_MP/services,8205,6ae28a7390a44890f3709f772dd5a2d8246880b40a734f1317cb117eea6de748
MR62X_SDK,MR62X_SDK_Paket/selected_sources/sdk/openwrt-21.02/target/linux/target/etc.RTL8197F_VG_8812F_8367R_MP/smb.conf,9770,e2228076ff7e562fe6b0ba496e4e5291efef49e0f97a7b801d5882429ae8441b
MR62X_SDK,MR62X_SDK_Paket/selected_sources/sdk/openwrt-21.02/target/linux/target/etc.RTL8197F_VG_8812F_MP/TZ,9,4923762c725a5e9cde7b5067ec7b1436cd293feefb4de92bd2efb5a470eb5c97
MR62X_SDK,MR62X_SDK_Paket/selected_sources/sdk/openwrt-21.02/target/linux/target/etc.RTL8197F_VG_8812F_MP/group,32,5148fde8988f4762c1a14039adf6ca7cfcf3b201c71cd48332da60ca69ff49a8
MR62X_SDK,MR62X_SDK_Paket/selected_sources/sdk/openwrt-21.02/target/linux/target/etc.RTL8197F_VG_8812F_MP/host.conf,17,313728062c7ae797e11187c7f1d66b559f0098115320166bca6100486c167824
MR62X_SDK,MR62X_SDK_Paket/selected_sources/sdk/openwrt-21.02/target/linux/target/etc.RTL8197F_VG_8812F_MP/hosts,146,f80e3d5c3a0e4517e650bccee94c8033131e263d8458b37a18dcee440cb3819b
MR62X_SDK,MR62X_SDK_Paket/selected_sources/sdk/openwrt-21.02/target/linux/target/etc.RTL8197F_VG_8812F_MP/init.d/rcS,291,4ba8dbfde1e6858373479b9b21d189f916a660fbc2098b9b7185bc5df0b76dd8
MR62X_SDK,MR62X_SDK_Paket/selected_sources/sdk/openwrt-21.02/target/linux/target/etc.RTL8197F_VG_8812F_MP/inittab,308,029314c08baad22a9a6d592670a68befbf0c920a4db80648486e723ebe5c9948
MR62X_SDK,MR62X_SDK_Paket/selected_sources/sdk/openwrt-21.02/target/linux/target/etc.RTL8197F_VG_8812F_MP/mime.types,1552,8d0a3ce3b74daccb330e158471cab898d40d4e40ed8a74ff9d710909a82cdf6e
MR62X_SDK,MR62X_SDK_Paket/selected_sources/sdk/openwrt-21.02/target/linux/target/etc.RTL8197F_VG_8812F_MP/motd,334,3b727708cd2efa362aa751c12c8d2e9e0e2050cb07b3d646dae2c6f4bcdd1cb3
MR62X_SDK,MR62X_SDK_Paket/selected_sources/sdk/openwrt-21.02/target/linux/target/etc.RTL8197F_VG_8812F_MP/passwd,59,4d6b899746dbeedb12a8f24fe71fe5d280272127ac830dc3c7755608c6704076
MR62X_SDK,MR62X_SDK_Paket/selected_sources/sdk/openwrt-21.02/target/linux/target/etc.RTL8197F_VG_8812F_MP/resolv.conf,22,bc90c8d01ca4fdd435dc0fc0cc1d50eb93a2a727e0554bae8bed0807469819f9
MR62X_SDK,MR62X_SDK_Paket/selected_sources/sdk/openwrt-21.02/target/linux/target/etc.RTL8197F_VG_8812F_MP/services,8205,6ae28a7390a44890f3709f772dd5a2d8246880b40a734f1317cb117eea6de748
MR62X_SDK,MR62X_SDK_Paket/selected_sources/sdk/openwrt-21.02/target/linux/target/etc.RTL8197F_VG_8812F_MP/smb.conf,9770,e2228076ff7e562fe6b0ba496e4e5291efef49e0f97a7b801d5882429ae8441b
MR62X_SDK,MR62X_SDK_Paket/selected_sources/sdk/openwrt-21.02/target/linux/target/etc.RTL8197F_VG_8814B_8367R_MP/TZ,9,4923762c725a5e9cde7b5067ec7b1436cd293feefb4de92bd2efb5a470eb5c97
MR62X_SDK,MR62X_SDK_Paket/selected_sources/sdk/openwrt-21.02/target/linux/target/etc.RTL8197F_VG_8814B_8367R_MP/group,32,5148fde8988f4762c1a14039adf6ca7cfcf3b201c71cd48332da60ca69ff49a8
MR62X_SDK,MR62X_SDK_Paket/selected_sources/sdk/openwrt-21.02/target/linux/target/etc.RTL8197F_VG_8814B_8367R_MP/host.conf,17,313728062c7ae797e11187c7f1d66b559f0098115320166bca6100486c167824
MR62X_SDK,MR62X_SDK_Paket/selected_sources/sdk/openwrt-21.02/target/linux/target/etc.RTL8197F_VG_8814B_8367R_MP/hosts,146,f80e3d5c3a0e4517e650bccee94c8033131e263d8458b37a18dcee440cb3819b
MR62X_SDK,MR62X_SDK_Paket/selected_sources/sdk/openwrt-21.02/target/linux/target/etc.RTL8197F_VG_8814B_8367R_MP/init.d/rcS,291,4ba8dbfde1e6858373479b9b21d189f916a660fbc2098b9b7185bc5df0b76dd8
MR62X_SDK,MR62X_SDK_Paket/selected_sources/sdk/openwrt-21.02/target/linux/target/etc.RTL8197F_VG_8814B_8367R_MP/inittab,308,029314c08baad22a9a6d592670a68befbf0c920a4db80648486e723ebe5c9948
MR62X_SDK,MR62X_SDK_Paket/selected_sources/sdk/openwrt-21.02/target/linux/target/etc.RTL8197F_VG_8814B_8367R_MP/mime.types,1552,8d0a3ce3b74daccb330e158471cab898d40d4e40ed8a74ff9d710909a82cdf6e
MR62X_SDK,MR62X_SDK_Paket/selected_sources/sdk/openwrt-21.02/target/linux/target/etc.RTL8197F_VG_8814B_8367R_MP/motd,334,3b727708cd2efa362aa751c12c8d2e9e0e2050cb07b3d646dae2c6f4bcdd1cb3
MR62X_SDK,MR62X_SDK_Paket/selected_sources/sdk/openwrt-21.02/target/linux/target/etc.RTL8197F_VG_8814B_8367R_MP/passwd,59,4d6b899746dbeedb12a8f24fe71fe5d280272127ac830dc3c7755608c6704076
MR62X_SDK,MR62X_SDK_Paket/selected_sources/sdk/openwrt-21.02/target/linux/target/etc.RTL8197F_VG_8814B_8367R_MP/resolv.conf,22,bc90c8d01ca4fdd435dc0fc0cc1d50eb93a2a727e0554bae8bed0807469819f9
MR62X_SDK,MR62X_SDK_Paket/selected_sources/sdk/openwrt-21.02/target/linux/target/etc.RTL8197F_VG_8814B_8367R_MP/services,8205,6ae28a7390a44890f3709f772dd5a2d8246880b40a734f1317cb117eea6de748
MR62X_SDK,MR62X_SDK_Paket/selected_sources/sdk/openwrt-21.02/target/linux/target/etc.RTL8197F_VG_8814B_8367R_MP/smb.conf,9770,e2228076ff7e562fe6b0ba496e4e5291efef49e0f97a7b801d5882429ae8441b
MR62X_SDK,MR62X_SDK_Paket/selected_sources/sdk/openwrt-21.02/target/linux/target/etc.RTL8197F_VG_V632G-4_8814C_8367R_MP/TZ,9,4923762c725a5e9cde7b5067ec7b1436cd293feefb4de92bd2efb5a470eb5c97
MR62X_SDK,MR62X_SDK_Paket/selected_sources/sdk/openwrt-21.02/target/linux/target/etc.RTL8197F_VG_V632G-4_8814C_8367R_MP/group,32,5148fde8988f4762c1a14039adf6ca7cfcf3b201c71cd48332da60ca69ff49a8
MR62X_SDK,MR62X_SDK_Paket/selected_sources/sdk/openwrt-21.02/target/linux/target/etc.RTL8197F_VG_V632G-4_8814C_8367R_MP/host.conf,17,313728062c7ae797e11187c7f1d66b559f0098115320166bca6100486c167824
MR62X_SDK,MR62X_SDK_Paket/selected_sources/sdk/openwrt-21.02/target/linux/target/etc.RTL8197F_VG_V632G-4_8814C_8367R_MP/hosts,146,f80e3d5c3a0e4517e650bccee94c8033131e263d8458b37a18dcee440cb3819b
MR62X_SDK,MR62X_SDK_Paket/selected_sources/sdk/openwrt-21.02/target/linux/target/etc.RTL8197F_VG_V632G-4_8814C_8367R_MP/init.d/rcS,291,4ba8dbfde1e6858373479b9b21d189f916a660fbc2098b9b7185bc5df0b76dd8
MR62X_SDK,MR62X_SDK_Paket/selected_sources/sdk/openwrt-21.02/target/linux/target/etc.RTL8197F_VG_V632G-4_8814C_8367R_MP/inittab,308,029314c08baad22a9a6d592670a68befbf0c920a4db80648486e723ebe5c9948
MR62X_SDK,MR62X_SDK_Paket/selected_sources/sdk/openwrt-21.02/target/linux/target/etc.RTL8197F_VG_V632G-4_8814C_8367R_MP/mime.types,1552,8d0a3ce3b74daccb330e158471cab898d40d4e40ed8a74ff9d710909a82cdf6e
MR62X_SDK,MR62X_SDK_Paket/selected_sources/sdk/openwrt-21.02/target/linux/target/etc.RTL8197F_VG_V632G-4_8814C_8367R_MP/motd,334,3b727708cd2efa362aa751c12c8d2e9e0e2050cb07b3d646dae2c6f4bcdd1cb3
MR62X_SDK,MR62X_SDK_Paket/selected_sources/sdk/openwrt-21.02/target/linux/target/etc.RTL8197F_VG_V632G-4_8814C_8367R_MP/passwd,59,4d6b899746dbeedb12a8f24fe71fe5d280272127ac830dc3c7755608c6704076
MR62X_SDK,MR62X_SDK_Paket/selected_sources/sdk/openwrt-21.02/target/linux/target/etc.RTL8197F_VG_V632G-4_8814C_8367R_MP/resolv.conf,22,bc90c8d01ca4fdd435dc0fc0cc1d50eb93a2a727e0554bae8bed0807469819f9
MR62X_SDK,MR62X_SDK_Paket/selected_sources/sdk/openwrt-21.02/target/linux/target/etc.RTL8197F_VG_V632G-4_8814C_8367R_MP/services,8205,6ae28a7390a44890f3709f772dd5a2d8246880b40a734f1317cb117eea6de748
MR62X_SDK,MR62X_SDK_Paket/selected_sources/sdk/openwrt-21.02/target/linux/target/etc.RTL8197F_VG_V632G-4_8814C_8367R_MP/smb.conf,9770,e2228076ff7e562fe6b0ba496e4e5291efef49e0f97a7b801d5882429ae8441b
MR62X_SDK,MR62X_SDK_Paket/selected_sources/sdk/openwrt-21.02/target/linux/target/etc.default/TZ,9,4923762c725a5e9cde7b5067ec7b1436cd293feefb4de92bd2efb5a470eb5c97
MR62X_SDK,MR62X_SDK_Paket/selected_sources/sdk/openwrt-21.02/target/linux/target/etc.default/group,32,5148fde8988f4762c1a14039adf6ca7cfcf3b201c71cd48332da60ca69ff49a8
MR62X_SDK,MR62X_SDK_Paket/selected_sources/sdk/openwrt-21.02/target/linux/target/etc.default/host.conf,17,313728062c7ae797e11187c7f1d66b559f0098115320166bca6100486c167824
MR62X_SDK,MR62X_SDK_Paket/selected_sources/sdk/openwrt-21.02/target/linux/target/etc.default/hosts,146,f80e3d5c3a0e4517e650bccee94c8033131e263d8458b37a18dcee440cb3819b
MR62X_SDK,MR62X_SDK_Paket/selected_sources/sdk/openwrt-21.02/target/linux/target/etc.default/init.d/rcS_AP,1407,d0b7549d9eea0c9a02c44007ed6c433cf17cd9c2d06ae523703b8de1ae7182e0
MR62X_SDK,MR62X_SDK_Paket/selected_sources/sdk/openwrt-21.02/target/linux/target/etc.default/init.d/rcS_GW,3630,cef28deda947d2c012c640175e29d6deae3ecca8446e238b045a8053f7194016
MR62X_SDK,MR62X_SDK_Paket/selected_sources/sdk/openwrt-21.02/target/linux/target/etc.default/inittab,308,029314c08baad22a9a6d592670a68befbf0c920a4db80648486e723ebe5c9948
MR62X_SDK,MR62X_SDK_Paket/selected_sources/sdk/openwrt-21.02/target/linux/target/etc.default/iproute2/rt_tables,114,140279ef964cfad53dda8514620b566d50f223643bae3bfb80ec6d128dee976f
MR62X_SDK,MR62X_SDK_Paket/selected_sources/sdk/openwrt-21.02/target/linux/target/etc.default/mime.types,1552,8d0a3ce3b74daccb330e158471cab898d40d4e40ed8a74ff9d710909a82cdf6e
MR62X_SDK,MR62X_SDK_Paket/selected_sources/sdk/openwrt-21.02/target/linux/target/etc.default/minidlna.conf,2513,f9af70366cae26add0c4587e607731e1f82b061b65494371aed571d2cf5b43ab
MR62X_SDK,MR62X_SDK_Paket/selected_sources/sdk/openwrt-21.02/target/linux/target/etc.default/motd,334,3b727708cd2efa362aa751c12c8d2e9e0e2050cb07b3d646dae2c6f4bcdd1cb3
MR62X_SDK,MR62X_SDK_Paket/selected_sources/sdk/openwrt-21.02/target/linux/target/etc.default/passwd,57,808edc685e7acd587536825800b6136fd069d8a422ede561d71328447b5f0f96
MR62X_SDK,MR62X_SDK_Paket/selected_sources/sdk/openwrt-21.02/target/linux/target/etc.default/resolv.conf,22,bc90c8d01ca4fdd435dc0fc0cc1d50eb93a2a727e0554bae8bed0807469819f9
MR62X_SDK,MR62X_SDK_Paket/selected_sources/sdk/openwrt-21.02/target/linux/target/etc.default/samba/smb.conf,10136,0f14f29296ff2c41ca059dec63962cbbb297b7da25ba6eebb2e5583454534f27
MR62X_SDK,MR62X_SDK_Paket/selected_sources/sdk/openwrt-21.02/target/linux/target/etc.default/samba/smbpasswd,104,2187a31165dc5cb2190130abdc04d6c5fef3d78ffc609b390b74a444f8e76c94
MR62X_SDK,MR62X_SDK_Paket/selected_sources/sdk/openwrt-21.02/target/linux/target/etc.default/services,8251,a8e6cd6e14b748740506ed541c7e6bdd2dc02b3a7d88d91e176787335b83ca0a
MR62X_SDK,MR62X_SDK_Paket/selected_sources/sdk/openwrt-21.02/target/linux/target/etc.default/shadow.sample,87,106bf188d92eae79b255c106cb9f05777b5ba225ddef95132fb1da552b81caac
MR62X_SDK,MR62X_SDK_Paket/selected_sources/sdk/openwrt-21.02/target/linux/target/etc.default/ushare.conf,1359,8e1b479172c4f1c7478a6658bae1a1049b607e7aacd24f2c40ff415b6e3da057
MR62X_SDK,MR62X_SDK_Paket/selected_sources/sdk/openwrt-21.02/target/linux/target/etc.default/vsftpd.conf,4505,c86e2c41c3c17be5510db27e4998fbf372751727c340dce68362012d47744e92
MR62X_SDK,MR62X_SDK_Paket/selected_sources/sdk/openwrt-21.02/target/linux/target/preconfig_RTL8197F_VG_8832BR_8367R_Kernel4.4_GW,4886,f3107f0e6a85eca07012716789846b33b29327918c2734c31cf426e6afb8049c
MR62X_SDK,MR62X_SDK_Paket/selected_sources/sdk/openwrt-21.02/target/linux/target/preconfig_SPINAND_RTL8197F_VG_8832BR_8367R_Kernel4.4_DUALSTACK_GW,3042,c47dea0e6adcb3bc4084e47b4c03de4494fd76ec3ca6da0fc8f1cf35ca0ceafc
MR62X_SDK,MR62X_SDK_Paket/selected_sources/sdk/openwrt-21.02/target/linux/target/preconfig_SPINAND_RTL8197F_VG_8832BR_8367R_Kernel4.4_GW,4902,3f35d1190b598a147bcb21ccf3c8c30f41f8cef7a68c09b45222ede94e53ab52
MR62X_SDK,MR62X_SDK_Paket/selected_sources/sdk/openwrt-21.02/target/linux/target/preconfig_SPINAND_RTL8197F_VG_8832BR_8367R_Kernel4.4_GW_EASYMESH,5074,53e9e9624cb368e4c92d12bdea0f86379e04658c5d91291a3ef5a807ae2a3242
MR62X_SDK,MR62X_SDK_Paket/selected_sources/sdk/openwrt-21.02/target/linux/target/romfs.txt,2908,cf272f9c37137f19af0781ec365bb2d2408e8fb5b2ba1f8bd56747c9f1de293a
MR62X_SDK,MR62X_SDK_Paket/selected_sources/sdk/openwrt-21.02/target/linux/target/squashfs-pf-list.txt,13588,6f121aa5645d91396c536b67be37ad4f8c83a769cf1210cac8fe15ce780e6676
MR62X_SDK,MR62X_SDK_Paket/selected_sources/sdk/openwrt-21.02/target/linux/target/tmpfs/include/appconfig.h,27933,f45adf35b9ebccc60ab814674b4c4550a0740031a8ae0985ea7c97b9def05bff
MR62X_SDK,MR62X_SDK_Paket/selected_sources/sdk/openwrt-21.02/target/linux/target/tools/libstrip,7036,e2da34f6a0bead57fa90d58acc863d6e57eb1035433b97a5cf78116eb2d42e1a
MR62X_SDK,MR62X_SDK_Paket/selected_sources/sdk/openwrt-21.02/target/linux/target/tools/list_dynamic_symbol,424046,0bb3747a490e24147f1496134ed68d4640b801dd79583442a9bd028807eac63c
MR62X_SDK,MR62X_SDK_Paket/selected_sources/sdk/openwrt-21.02/target/linux/target/tools/mkimg,36677,07a517e58d03b92df3fab9eca70ed069e272cbeee8b7987755e39a2a60d14db3
MR62X_SDK,MR62X_SDK_Paket/selected_sources/sdk/openwrt-21.02/target/linux/target/tools/mkimg_mp,304,cd01ca2343920830a7a06d75087a6ec2d7c8bf4e83af019b161c7c562b4d4367
MR62X_SDK,MR62X_SDK_Paket/selected_sources/sdk/openwrt-21.02/target/linux/target/tools/mkromfs,594,2bb2c93077be0243a79cdddb8ddc5797d9c69dc5158a91702874ee6260b45e43
MR62X_SDK,MR62X_SDK_Paket/selected_sources/sdk/openwrt-21.02/target/linux/target/tools/mkttlimg,2037,b9e7051d6308323220a0a335d88790926c5bf911845863df09cbc426fc3b4a0e
Gesamtpaket,README.md,4380,497c61d39e77ac8c7f3db971755ebe0febb392ff13638bca684f8760a539f4d4
Gesamtpaket,VERGLEICH_AX12v1_vs_MR62X.md,2229,e909d26eb350bc06ecd1000a2e07241c04f1ee6a96a750048595d7b1b698155c
