change	category	path	bytes	sha256	link_target
added	port-report	REALTEK_DRIVER_PORT_REPORT.md	8662	82b20b7dcc9673ffddb9b866ddfec0e95298594d9afdf3a620b13f738c705583	
added	validation-tooling	scripts/realtek-sdk-port-manifest.py	15266	4a8640fda122c682432a65bba24cfaab5ab5b90587619224ccbfa92be44739a1	
added	validation-tooling	scripts/validate-realtek-driver-port.sh	10233	3f6e5f9351b7cfc09f4b081a4f32967989c73929d56776b49adceed06530b92b	
added	realtek-target-integration	target/linux/realtek/DRIVER_PORT_STATUS.md	3525	6eccaa5415089454e8bdd8a11846ca7809289bdc9a3b38a71d0ae05820ba466d	
modified	realtek-target-integration	target/linux/realtek/Makefile	514	d3f474d6075c239d80fca534b545d1a9f65b3c6c4518ee1577e5d05bc69374ce	
added	realtek-target-integration	target/linux/realtek/RD05_V5AH_RXMIRROR_CPU6_NOTE.txt	1056	4af107f6575022b6557722862f0b15a0582783fec006662a21055d1c66741017	
added	realtek-target-integration	target/linux/realtek/RD05_V5AI_EXTPAIR_NOTE.txt	702	d8eb2d8905f6cfa35fc9c3c816df24fa82e827012f79aff3674844ae25dd303b	
added	realtek-target-integration	target/linux/realtek/README_RD05_V15_7.md	433	b4e327d2acf517fe366fa621e77f284cf07dac97a0ddd2a87554926cf99ed304	
added	realtek-target-integration	target/linux/realtek/README_RD05_V15_8_STANDARD_OPENWRT.md	1046	2d12413a0f581070c406dff1dc1d3d5897092a14f0b06750f23a6dd6ecdd6fbe	
added	device-tree	target/linux/realtek/dts/rtl8380_d-link_dgs-1210-10mp-f.dts	2777	fb5ce30ae07e879c5e71a7c819e85bce383b33aab900d023cd09c70f7e8afb75	
added	device-tree	target/linux/realtek/dts/rtl8380_engenius_ews2910p.dts	4509	5abead3b9687438f02022e2621e4f49e429b32b7e333de0c197cf803bb7c788d	
added	device-tree	target/linux/realtek/dts/rtl8380_hpe_1920-8g-poe-180w.dts	442	7264c0d47981cfc311e05c8f5cccae38a092053761ab38eb67af6fd0037675fb	
added	device-tree	target/linux/realtek/dts/rtl8380_hpe_1920-8g-poe-65w.dts	230	0cd5a72660ecf219924bfbcec194be1a3b43da9ea5a414637ab6aa9936e78737	
added	device-tree	target/linux/realtek/dts/rtl8380_hpe_1920-8g.dts	182	a150d2cf1e18ad89d036ced5ad015419bfc11d7abf74cf32fb7b4edc5bdc68c7	
added	device-tree	target/linux/realtek/dts/rtl8380_hpe_1920-8g.dtsi	2402	6f41194f3f528efeef0bec2722176681aed54c1bf97d445db2c4f0d830ddc1e6	
added	device-tree	target/linux/realtek/dts/rtl8380_linksys_lgs310c.dts	4363	700edef37fdabb2017317441de3e1c5caa5ea46301e44da0d29071c7f71a431b	
added	device-tree	target/linux/realtek/dts/rtl8380_netgear_gigabit.dtsi	2557	d7def700bf99a91804d9c2b6a49136793ce007e9910fd9aa5c04fff727ab511e	
added	device-tree	target/linux/realtek/dts/rtl8380_netgear_gs108t-v3.dts	741	6e882cced8978d4465bfa0ac3a18ac60460259d14741bb906f3aa327e7433d90	
added	device-tree	target/linux/realtek/dts/rtl8380_netgear_gs110tpp-v1.dts	1170	ec38541aa0cfba35bcac3a1f9f674b5896f564e60b8ace61d5c4c872313034f4	
added	device-tree	target/linux/realtek/dts/rtl8380_netgear_gs110tup-v1.dts	1057	c1a9244ec5f1c341c8c372776255376944f22d73244911ede59341ba79c3ad49	
added	device-tree	target/linux/realtek/dts/rtl8380_netgear_gs308t-v1.dts	741	a4c3da3ed8b2e86e9474e43dbee385b9e4b3dcbba75e1c8dbd0e2e690e9c3f9c	
added	device-tree	target/linux/realtek/dts/rtl8380_netgear_gs310tp-v1.dts	532	581f990fe95ff9de7f21df8eb89cc12fd89e7556ca550905b350194e515f00cc	
added	device-tree	target/linux/realtek/dts/rtl8380_panasonic_m8eg-pn28080k.dts	2643	da9ecd293e9011e3c1025f8e0eeb0240dda977becf0680574a22fc15ae57aa69	
added	device-tree	target/linux/realtek/dts/rtl8380_tplink_sg2008p-v1.dts	364	6972bb157ca4a477bebb912020b415f4768d378ceb6cea8f64f6edef36443404	
added	device-tree	target/linux/realtek/dts/rtl8380_tplink_sg2210p-v3.dts	251	952a99dd7f9e63010f89aa09262edc776fe01cea2d59a47863abf7371389d0e8	
added	device-tree	target/linux/realtek/dts/rtl8380_tplink_sg2xxx.dtsi	3451	013722a3bc4bb0a6a33eaf235b4ecbc823752dcd4d1dd1f784b73e3827250eec	
added	device-tree	target/linux/realtek/dts/rtl8380_zyxel_gs1900-10hp.dts	1692	6f702cfd410e36dcbb1f467ea26274d0d4dd2c557bd7671ac326ecd3e5eeea21	
added	device-tree	target/linux/realtek/dts/rtl8380_zyxel_gs1900-8-v1.dts	277	97eda188cfd8948e7f993f5f58d436a981686e7089621ac464f12473fb5013e5	
added	device-tree	target/linux/realtek/dts/rtl8380_zyxel_gs1900-8-v2.dts	268	e537dadc997ef2e79acf2181d411f7001d8278c97e8749b4a7476ae8da058034	
added	device-tree	target/linux/realtek/dts/rtl8380_zyxel_gs1900-8hp-v1.dts	263	eff9292bbeae4dbed64549bcc4bbfbbbf1e8d1944f934b46d01d0d68fde34a19	
added	device-tree	target/linux/realtek/dts/rtl8380_zyxel_gs1900-8hp-v2.dts	263	4ccb57a8fc608153e88eb6f2b36ecc09cf8e8a392bc742bf64c42277c8c488bb	
added	device-tree	target/linux/realtek/dts/rtl8380_zyxel_gs1900.dtsi	2331	047e6cc166472c89937938cb9e9f76ba07063b24f014670e5dc4f0bc3f812f8a	
added	device-tree	target/linux/realtek/dts/rtl8380_zyxel_gs1900_gpio.dtsi	539	1571d4469d5b1ec36c0ed905977650bda49d4d353ea4052ced24a06d02a1543e	
added	device-tree	target/linux/realtek/dts/rtl8380_zyxel_gs1900_gpio_emulated.dtsi	540	e6ff5d16302c2c8bf509a88825a6829ec13983bda20ebaf786ba0c1d0467346b	
added	device-tree	target/linux/realtek/dts/rtl8382_allnet_all-sg8208m.dts	2497	28a73197c10f9ed74e39ade891b73b140931f0eb5e2d207ce06407c0865996db	
added	device-tree	target/linux/realtek/dts/rtl8382_apresia_aplgs120gtss.dts	5388	395a569659eaed72dd65624fc4bd32e0d8bd636f70083e23d5e5c17aabdfe4ec	
added	device-tree	target/linux/realtek/dts/rtl8382_d-link_dgs-1210-10p.dts	2791	df1918f0e0333179cd7f1a895b0d5850ac1ae3c29f907cd5310e4823a8e060ee	
added	device-tree	target/linux/realtek/dts/rtl8382_d-link_dgs-1210-16.dts	1623	92e279b07a16341f5d266d3b07ceb0f03f3c739fad02540868b525d3e40f55e2	
added	device-tree	target/linux/realtek/dts/rtl8382_d-link_dgs-1210-20.dts	1623	da9bddb44ed0fb26ea3667ff862fc1a225029d7475b76d81d697b84590a40420	
added	device-tree	target/linux/realtek/dts/rtl8382_d-link_dgs-1210-28.dts	366	020303bb1ad6807731a14705e8f2d99e76521cc416696555ea77c4cf58fba383	
added	device-tree	target/linux/realtek/dts/rtl8382_d-link_dgs-1210-28_common.dtsi	1865	ddde8af189b79147608d5d014a28fd342a1f1e5c888f62f79ded16be7b1111a7	
added	device-tree	target/linux/realtek/dts/rtl8382_d-link_dgs-1210-28mp-f.dts	449	ffd3ab48b4855f4a9599fe6e40e432d43b9f83dcf88805bd43ad80567698bdfa	
added	device-tree	target/linux/realtek/dts/rtl8382_d-link_dgs-1210-28p-f.dts	446	079cddb82070710fc2b89df7912fe025a4a0e3074fb2dc513a54975896cd678c	
added	device-tree	target/linux/realtek/dts/rtl8382_d-link_dgs-1210-28p_common.dtsi	849	dbf017ef07b704208230dbdf59c257045ad2c3619473688f074923a8f5251058	
added	device-tree	target/linux/realtek/dts/rtl8382_hpe_1920-16g.dts	1008	89541f4e35cce204511e3cbb1761555cbcfdd07143cefcca392213046eabcef5	
added	device-tree	target/linux/realtek/dts/rtl8382_hpe_1920-24g-poe-180w.dts	445	4ae468ab62e50e7e935088f7cade108328640531bc21d06e3f56de4f45a74f89	
added	device-tree	target/linux/realtek/dts/rtl8382_hpe_1920-24g-poe-370w.dts	445	896e24341dea8e4af7d96e37ec9e4beb9e046accb78077d1ff6dd8927bc0dea0	
added	device-tree	target/linux/realtek/dts/rtl8382_hpe_1920-24g.dts	185	2ad4a66624590a5718f9416bcc9b8ab8137ea2f7d4b9c5b2209c50fc29bb6622	
added	device-tree	target/linux/realtek/dts/rtl8382_hpe_1920-24g.dtsi	1389	4c52f628acdeff17816116b83141572d47ed797219776e40ab5ae3a1441c8c8e	
added	device-tree	target/linux/realtek/dts/rtl8382_hpe_1920.dtsi	2861	7193457055fe26654d94598aed1bbdf0d0d517878873baaf55ed679b09faab7d	
added	device-tree	target/linux/realtek/dts/rtl8382_inaba_aml2-17gp.dts	2763	31884019000e4f99bb18b1be4e1650ceeb2398ee13b50a9c852639d4c976e194	
added	device-tree	target/linux/realtek/dts/rtl8382_iodata_bsh-g24mb.dts	3692	6736310a1be873376e7fa0a3cb8ca01dba10c7be8f275b16db3eba05522820a7	
added	device-tree	target/linux/realtek/dts/rtl8382_panasonic_m16eg-pn28160k.dts	3814	341148b5ed77a14c8cd6d0c1619c68df3dd714b08451767c60e501380e191b22	
added	device-tree	target/linux/realtek/dts/rtl8382_panasonic_m24eg-pn28240k.dts	4270	9103ccd3c768c0ccda459b5f4f07b692b1aa56473bd2a3bec22b0d5ef98a1112	
added	device-tree	target/linux/realtek/dts/rtl8382_tplink_t1600g-28ts-v3.dts	3247	58f507756bea564f25bf832fea84f43ad956b53331d87c00c0e3efa441fcab4a	
added	device-tree	target/linux/realtek/dts/rtl8382_zyxel_gs1900-16.dts	680	543e9b9e19b788ad5dafc7a0e06be02fe0ad03d77a6804e57ea2b2f2ae784b98	
added	device-tree	target/linux/realtek/dts/rtl8382_zyxel_gs1900-24-v1.dts	2774	3855662d369d0246ea1dc7e38b7cdf8213d36e05c4047a053f31ab0dc55385a7	
added	device-tree	target/linux/realtek/dts/rtl8382_zyxel_gs1900-24e.dts	1299	2bd879caaa12fe7d19446f1f56af12f041a00d43afd05541ff8f594aec5719d2	
added	device-tree	target/linux/realtek/dts/rtl8382_zyxel_gs1900-24ep.dts	1299	0aacccd3f467392129ae179b0ce2dc69dd7b09323f5488d0cca4a28c66d3d9eb	
added	device-tree	target/linux/realtek/dts/rtl8382_zyxel_gs1900-24hp-v1.dts	2739	2bf591f5051430c2aaadbe1182e37a31933a45dc4a16c3ccf5251c9837e15352	
added	device-tree	target/linux/realtek/dts/rtl8382_zyxel_gs1900-24hp-v2.dts	2704	9477cdaee8ac3d6540e169b629d92308b0d951847824f29bbf6dd09f330374ca	
added	device-tree	target/linux/realtek/dts/rtl838x.dtsi	7319	3636dca7da7751e35a7a7e6e1a07b8d791327248269fe8423ae3fb93e81b37e0	
added	device-tree	target/linux/realtek/dts/rtl8393_d-link_dgs-1210-52.dts	3508	79845b59abf563da28fdb512eb32dd6bc1407843e5e507332bc8c974c6faac1e	
added	device-tree	target/linux/realtek/dts/rtl8393_hpe_1920-48g-poe.dts	700	1cb5d424b700c2c5f0781c9053a47cf729c2f5e96f3820c441469152cd610a22	
added	device-tree	target/linux/realtek/dts/rtl8393_hpe_1920-48g.dts	181	ce3840caac2e2e8573148216ff4514db6cc75ba12770da5fa62cbdde127ca93b	
added	device-tree	target/linux/realtek/dts/rtl8393_hpe_1920.dtsi	5521	acdac300713c3b16ec8b84e0a30304d3e201c500b4206444ec7f6039f4f81280	
added	device-tree	target/linux/realtek/dts/rtl8393_netgear_gs750e.dts	4918	55d8db45e459b58271f7a036ecc5c3946680dfbb6d23185ece957b1b05fa7db0	
added	device-tree	target/linux/realtek/dts/rtl8393_panasonic_m48eg-pn28480k.dts	8107	7be371263d7281b314319aa31804da13702a348ff8d7fc3fdf95631bc5d7b72b	
added	device-tree	target/linux/realtek/dts/rtl8393_tplink_sg2452p-v4.dts	8240	8b6ab7a272b592359a4d45b0f526cf8c77da3490eae7b797e06942e06e98d1ad	
added	device-tree	target/linux/realtek/dts/rtl8393_zyxel_gs1900-48.dts	6395	3e8dd3cb709c84e257615db5e07295229004d25f74d41b0e52abf863d68586f8	
added	device-tree	target/linux/realtek/dts/rtl839x.dtsi	6619	4358fb8f7c9b06d1cdd973d3fc1d05c50fcc3249c0ebaab32bbd48aff5e58591	
added	device-tree	target/linux/realtek/dts/rtl83xx_d-link_dgs-1210_common.dtsi	1558	6cb68c74bb2986c25125a225d0f9740323635358f00e970d41742e30f70cfee6	
added	device-tree	target/linux/realtek/dts/rtl83xx_d-link_dgs-1210_gpio.dtsi	620	cebeec86a4f1bd4ce47613c515b731a7321c383eca0b7931d82eb51244e70a32	
added	device-tree	target/linux/realtek/dts/rtl83xx_d-link_dgs-1210_gpio_sfp.dtsi	2023	3bc03060d888bd63b28cd1b3c077a6aa246707eebc82952bbaaa1b4bb39e98a0	
added	device-tree	target/linux/realtek/dts/rtl83xx_hpe_1920.dtsi	1638	66173fd49db1706ea077eee5927252f0717ddc7302a5a3927d301acfb82cbd4c	
added	device-tree	target/linux/realtek/dts/rtl83xx_panasonic_mxxeg-pn28xx0k.dtsi	3659	c487bda25e76e0987657c9fa9e83aa3dbba98f55ea78071a06065995b4d434c5	
added	device-tree	target/linux/realtek/dts/rtl9302_zyxel_xgs1250-12.dts	8692	75f80ebec042a6e470b1cf74bd57336292106786cfbf07646033fdd382001d6b	
added	device-tree	target/linux/realtek/dts/rtl930x.dtsi	3419	abe6270733ed5030e1325300f6b37211d7b84994de8a228f803c3a69fe97a775	
added	device-tree	target/linux/realtek/dts/rtl931x.dtsi	4141	1c73958e9394bd3f3adbf06e633ea9634ef9a165f4c514b76c8107bd91dc4dce	
added	kernel-overlay-driver	target/linux/realtek/files-6.6/arch/mips/include/asm/mach-rtl838x/ioremap.h	685	28b898ba4023891d81e83ae767b72dfb01539dd3c6ed9a02003acc04beecd614	
added	kernel-overlay-driver	target/linux/realtek/files-6.6/arch/mips/include/asm/mach-rtl838x/mach-rtl83xx.h	13208	8ea23e1a3d1b545c312ca58475fb362f99f1fa44421afc1f119090a72517081f	
added	kernel-overlay-driver	target/linux/realtek/files-6.6/arch/mips/rtl838x/Makefile	85	0502e327bb70e562d4f690c59b9c9667c403ba301a8a108a9b860f0a0c4389f6	
added	kernel-overlay-driver	target/linux/realtek/files-6.6/arch/mips/rtl838x/Platform	173	11b270b5cdc5a1e098d4dae7f55decddcb2540f3923a51a63e869331fc419079	
added	kernel-overlay-driver	target/linux/realtek/files-6.6/arch/mips/rtl838x/prom.c	6680	f2130e609b1a0938eaa56121eb924788e5e604590c8fac29566f14891fb88e47	
added	kernel-overlay-driver	target/linux/realtek/files-6.6/arch/mips/rtl838x/setup.c	7861	b0f3c2e31496775233c4cdabdce10c1d0588ea602c082f7e44aad11db42ae571	
added	kernel-overlay-driver	target/linux/realtek/files-6.6/drivers/clk/realtek/Kconfig	583	2fdd984e14baa8aef4fa07cfd8cc9f69fa86d09afbe0c5ba50b60e2aedf2df17	
added	kernel-overlay-driver	target/linux/realtek/files-6.6/drivers/clk/realtek/Makefile	128	157df9833139a4b9c062797df12902973b0cbb220ade59a53f1437a63b4b4695	
added	kernel-overlay-driver	target/linux/realtek/files-6.6/drivers/clk/realtek/clk-rtl838x-sram.S	2866	52814ba7c7c5b3115c9b5a775b646a97cf25c37039e6b2d69fb5137cd5d6f8bc	
added	kernel-overlay-driver	target/linux/realtek/files-6.6/drivers/clk/realtek/clk-rtl839x-sram.S	2718	a2887b794a31ed19f13af3c9ff7d3360a525737dc883eb8fdb6d7912055cec56	
added	kernel-overlay-driver	target/linux/realtek/files-6.6/drivers/clk/realtek/clk-rtl83xx.c	21825	6ee5a480062f3ca0a03a22f738e3d6cde6f279047afb93857b7bf0357d7f4629	
added	kernel-overlay-driver	target/linux/realtek/files-6.6/drivers/clk/realtek/clk-rtl83xx.h	2383	2e25b760d59d94667b397b3d5bdcd34fcfd743d0d055e031162d54e05ad46c87	
added	kernel-overlay-driver	target/linux/realtek/files-6.6/drivers/i2c/busses/i2c-rtl9300.c	13215	b510c2d9d6d1b97da3c741eb553e3e1b5ae4793589336aa0372e68f0e3f3d3e4	
added	kernel-overlay-driver	target/linux/realtek/files-6.6/drivers/i2c/busses/i2c-rtl9300.h	1691	e4f45e549c920213e74dcd31e85815af759b123afa3ba517a1584ddbfaad17af	
added	kernel-overlay-driver	target/linux/realtek/files-6.6/drivers/i2c/muxes/i2c-mux-rtl9300.c	7627	e768cac4a30081d36db500905145ae611ceea6d6143ff4dc7fb1076e9211f0d5	
added	kernel-overlay-driver	target/linux/realtek/files-6.6/drivers/net/dsa/rtl83xx/Kconfig	296	833a1c18b4da7488df1d9dbffac3609681dc48c0d542848bf1b2b450c5955c5c	
added	kernel-overlay-driver	target/linux/realtek/files-6.6/drivers/net/dsa/rtl83xx/Makefile	147	4b261de5ab615ec6c15165645379335c8450a765099b54a252e13f92bab6a9e7	
added	kernel-overlay-driver	target/linux/realtek/files-6.6/drivers/net/dsa/rtl83xx/common.c	46398	701463210e616e3b7c933c05376e80bcf81ea335e064a7a2b77fd564529fc264	
added	kernel-overlay-driver	target/linux/realtek/files-6.6/drivers/net/dsa/rtl83xx/debugfs.c	25487	ae807fb8a324a5c574fd1a5b9f6733c1a7558cc6b93a1197aaae8858c1e388b7	
added	kernel-overlay-driver	target/linux/realtek/files-6.6/drivers/net/dsa/rtl83xx/dsa.c	64351	d6bc4fba9403ed90dd5bfdff2a0780d434f288c9393559ee6ac278c4e490b69f	
added	kernel-overlay-driver	target/linux/realtek/files-6.6/drivers/net/dsa/rtl83xx/qos.c	17592	9eac0bc9318ed4d0ee82d14ff779094d568150e3a7ef7779f1ca618ff01c63ed	
added	kernel-overlay-driver	target/linux/realtek/files-6.6/drivers/net/dsa/rtl83xx/rtl838x.c	58654	6eef67bd60bbc831f0ce1b0523f5f676e3bef1643465dac4e16dda2ec63c7e79	
added	kernel-overlay-driver	target/linux/realtek/files-6.6/drivers/net/dsa/rtl83xx/rtl838x.h	39943	23bbc07ceb8d4b855cd3639ae9c19424901d0bcb01ad3d86a5d7c66c10aff122	
added	kernel-overlay-driver	target/linux/realtek/files-6.6/drivers/net/dsa/rtl83xx/rtl839x.c	55389	1ad4c190b73b0f9d60fedee8ac8a628d5517cf651b15324c3fc0a195fbde00b4	
added	kernel-overlay-driver	target/linux/realtek/files-6.6/drivers/net/dsa/rtl83xx/rtl83xx.h	4276	0829f257eaa0b5c4bc792aa037205ff6baddbf83548e9a3c8e59bdbfd4278931	
added	kernel-overlay-driver	target/linux/realtek/files-6.6/drivers/net/dsa/rtl83xx/rtl930x.c	81205	3bbab2cd000590cfc7ac0af6a2250954325e12eaf4179fd369701ba682a66b6b	
added	kernel-overlay-driver	target/linux/realtek/files-6.6/drivers/net/dsa/rtl83xx/rtl931x.c	50987	f8b0ec311b8802ddd5cd1a5f288cb6065697118a1ad23ceb76d4808105b98b47	
added	kernel-overlay-driver	target/linux/realtek/files-6.6/drivers/net/dsa/rtl83xx/tc.c	11142	9889e214c5c8529b983b4a971158ecd0591af4f665667dd454eeb91919adebce	
added	kernel-overlay-driver	target/linux/realtek/files-6.6/include/dt-bindings/clock/rtl83xx-clk.h	318	215afb30e68cd4cfb458321953fb3805efcb4e32793bddb170a2d0d9ca5f1919	
added	image-definition	target/linux/realtek/image/rtl838x.mk	10316	674cdd1624017864d22ec3ba95db324973c6c39c84f8b760fa682adc8da7543f	
added	image-definition	target/linux/realtek/image/rtl839x.mk	1944	eae75bc47d2eb906d6e7f9f1b0e22ea3747c94dc038e05c446b3f672f1f9dea2	
added	image-definition	target/linux/realtek/image/rtl930x.mk	405	8aafda9dd7f7c6301f64057cdc3ed67cfb85bcaf7a7310b4ce9242595e0592f1	
added	image-definition	target/linux/realtek/image/rtl931x.mk	40	ee5e293dc0800caacf4071ba2be7a01ca2cc6eedac4f2ad62644759c07385d82	
added	active-kernel-patch	target/linux/realtek/patches-6.6/310-add-i2c-rtl9300-support.patch	1752	3a09b98df268d510b06eb5ff16e7f19ece182c236e33d2f800cf3bf687a3582f	
added	active-kernel-patch	target/linux/realtek/patches-6.6/311-add-i2c-mux-rtl9300-support.patch	1848	7deea4473fcd88003af1a17c2043d8c27f417a05827aee651bac46c9c11b88d8	
added	active-kernel-patch	target/linux/realtek/patches-6.6/318-add-rtl83xx-clk-support.patch	1250	9cffeae197f998d106a7e0f9e8fe924f134f6b78406dcc4de0d41a2edd65c1dd	
added	active-kernel-patch	target/linux/realtek/patches-6.6/700-net-dsa-increase-dsa-max-ports-for-rtl838x.patch	960	65e7c6b1c105231c2d312c0f95e3f0a303520ef75639c35923810df6e4294b70	
added	active-kernel-patch	target/linux/realtek/patches-6.6/702-include-linux-add-phy-hsgmii-mode.patch	2660	1861133f8df1af915206d8abd27beadad43bd2069cb78f43681d4f36bfcb98fc	
added	active-kernel-patch	target/linux/realtek/patches-6.6/704-include-linux-phy-increase-phy-address-number-for-rtl839x.patch	1027	ae69d461e8e3ce5b1836ff62ae1308d52ff0349e4e7a4ca237ad7b15df8d5e40	
added	active-kernel-patch	target/linux/realtek/patches-6.6/706-include-linux-add-phy-ops-for-rtl838x.patch	1196	0b7ed0e916607caa5f8f97f98049fc53b924cf2be4149d20d5f5d4987a71d4d9	
added	active-kernel-patch	target/linux/realtek/patches-6.6/708-drivers-net-phy-eee-support-for-rtl838x.patch	1793	57e257dd7385b99a472965d5d2dbfd8c69d84e1021b289e73c0810b622e5539f	
added	active-kernel-patch	target/linux/realtek/patches-6.6/710-net-phy-sfp-re-probe-modules-on-DEV_UP-event.patch	906	c50674418ea1c318933cdd2d954ae6ad624d19aa0fc8809acc2625977735c1e5	
added	active-kernel-patch	target/linux/realtek/patches-6.6/712-net-phy-add-an-MDIO-SMBus-library.patch	4308	8452cdcb29843034d41775aef83713a987369c9811e4be0d007f02379ce8abd0	
added	active-kernel-patch	target/linux/realtek/patches-6.6/714-net-phy-sfp-add-support-for-SMBus.patch	3030	c33147344f20d5ce1cab3213b6bcb4508576b10f9b3891fb72b6b0488f56c9ce	
added	active-kernel-patch	target/linux/realtek/patches-6.6/716-net-ethernet-add-support-for-rtl838x-ethernet.patch	1916	a3f45606992489568e807020d84d8331a948bab2c17b3fa70a0bc1cd622ec704	
added	active-kernel-patch	target/linux/realtek/patches-6.6/718-net-dsa-add-support-for-rtl838x-switch.patch	1282	bf0c135c3823c3e9a18634f89f1a4ad526e5c955b640c1d090f687d45c50f413	
added	active-kernel-patch	target/linux/realtek/patches-6.6/720-add-rtl-phy.patch	1301	488cd5e7933639f482bf6d9ba2c7777d41368ffe2b3bc8958fadbc69ef9e6b3c	
added	active-kernel-patch	target/linux/realtek/patches-6.6/722-net-dsa-add-rtl838x-support-for-tag-trailer.patch	1706	3878ad2a1797263275cbecc3468e36028eea30ee0e4dbfe1edaade02826c33f3	
added	active-kernel-patch	target/linux/realtek/patches-6.6/723-net-mdio-Add-Realtek-Otto-auxiliary-controller.patch	6976	a2e2443f16f689c701d6de80f1c2835b983f672e73646617b5da96897122a808	
added	active-kernel-patch	target/linux/realtek/patches-6.6/800-gpio-regmap-Bypass-cache-for-shadowed-outputs.patch	2160	1383d17e257cd28f0384845c2536cb1cd8c9adc211c5758693ae0c86bcbfd355	
added	active-kernel-patch	target/linux/realtek/patches-6.6/802-mfd-Add-RTL8231-core-device.patch	10099	9876f11cbca30fac3552d5b47022080c35f0f8282927d24111e9986fb53b760b	
added	active-kernel-patch	target/linux/realtek/patches-6.6/803-pinctrl-Add-RTL8231-pin-control-and-GPIO-support.patch	17667	737b2feb79abe0b97ad3692444f5c03944e41cb2e75756376dfc928ffb2bbabf	
added	active-kernel-patch	target/linux/realtek/patches-6.6/804-leds-Add-support-for-RTL8231-LED-scan-matrix.patch	10092	8d5ccaca8e8dfcfb0335b7143c554a827bcbef20a214febd59a9d73c6b221c4d	
added	subtarget-config	target/linux/realtek/rtl8197f/NATIVE_BOOT_STATUS.md	2722	5c3aa5bb8597fdbe68b66ea3a457d70d3b420a7ccf3f31535f737a4c22911bfb	
added	subtarget-config	target/linux/realtek/rtl8197f/PORTING_AUDIT_3.10_4.4.md	9231	bed5472353986f9107fbf3a060a9aaf0e8e2d995204ccc589e6066d3f6ce6ad7	
added	subtarget-config	target/linux/realtek/rtl8197f/README.rd05-oem-8367d-v6.md	1882	8e87f022ae270116acd551d8022237bbbebaf0e1b58aa701d757bad0f38f321d	
added	subtarget-config	target/linux/realtek/rtl8197f/README.rd05-v5ab-oemswcore.md	1056	63066f26dde861487368ae9ad8ff27de4b2939a62926d5f79806d397d7d2522d	
added	subtarget-config	target/linux/realtek/rtl8197f/README.rd05-v5ag-rxmirror.md	1078	daa385f466ae9b81c9de47109b4238f6c260f3726c6e7e48572a38047212825b	
added	subtarget-config	target/linux/realtek/rtl8197f/README.rtl8197f-rd05-bringup.md	6546	f6b678b6e4df53878977c7bc8f9b78063b722243bcf7ee6d05460d56f77ebe12	
added	subtarget-config	target/linux/realtek/rtl8197f/vendor-target/Makefile	10141	114409d2c5f9cf85a500aae6ccf049e7684b2b57fdad32da8063f76ccc373d63	
added	subtarget-config	target/linux/realtek/rtl8197f/vendor-target/SDK_PORTING_NOTES.v11	580	91108758e95e75e7ba84aa0cbd7847f52bc954ba00b95d405c6ffe4967c047cb	
added	subtarget-config	target/linux/realtek/rtl8197f/vendor-target/board-configuration.in	507	7d0561c7715e5f9a0649629975c2ba37f7217a1b978a9e5808bb2cc704750b00	
added	subtarget-config	target/linux/realtek/rtl8197f/vendor-target/config.backports-5.2.8-1.RTL8197F_VG_8832BR_8367R_KERN44_GW	44120	e3d896bcba570ee8f5597ce485abb981b225793070ee0bc9f1ef3361b25d0952	
added	subtarget-config	target/linux/realtek/rtl8197f/vendor-target/config.backports-5.2.8-1.SPINAND_RTL8197F_VG_8832BR_8367R_KERN44_DUALSTACK_GW	44120	e3d896bcba570ee8f5597ce485abb981b225793070ee0bc9f1ef3361b25d0952	
added	subtarget-config	target/linux/realtek/rtl8197f/vendor-target/config.backports-5.2.8-1.SPINAND_RTL8197F_VG_8832BR_8367R_KERN44_GW	44120	e3d896bcba570ee8f5597ce485abb981b225793070ee0bc9f1ef3361b25d0952	
added	subtarget-config	target/linux/realtek/rtl8197f/vendor-target/config.backports-5.2.8-1.SPINAND_RTL8197F_VG_8832BR_8367R_KERN44_GW_EASYMESH	43682	985f8705acc5d07b574a0baa6c3125e225b138bfcbb64c2902432151991812a2	
added	subtarget-config	target/linux/realtek/rtl8197f/vendor-target/config.backports-5.2.8-1.SPINAND_RTL8197F_VG_8832BR_8367R_KERN44_GW_EASYMESH_R2_WFA	43537	6a9c423a546e784c8a06d65018d5df444ca620880b37048fc22c4821b15eae0a	
added	subtarget-config	target/linux/realtek/rtl8197f/vendor-target/config.busybox-1.24.1.RTL8197F_VG_8832BR_8367R_KERN44_GW	32033	16d203a163804bb9d92bcd69c54a0f0d6962ed65e34faf003312756a4c6dd15b	
added	subtarget-config	target/linux/realtek/rtl8197f/vendor-target/config.busybox-1.24.1.SPINAND_RTL8197F_VG_8832BR_8367R_KERN44_DUALSTACK_GW	32000	2a368e9c4312327b079c1c8792a3fef5507589fc7353e6996c753e02d0435e22	
added	subtarget-config	target/linux/realtek/rtl8197f/vendor-target/config.busybox-1.24.1.SPINAND_RTL8197F_VG_8832BR_8367R_KERN44_GW	32033	16d203a163804bb9d92bcd69c54a0f0d6962ed65e34faf003312756a4c6dd15b	
added	subtarget-config	target/linux/realtek/rtl8197f/vendor-target/config.busybox-1.24.1.SPINAND_RTL8197F_VG_8832BR_8367R_KERN44_GW_EASYMESH	32044	04e7e89a3ab5d1011cfd894e70a82348950df9697cc8b8a17c27c05546a6c608	
added	subtarget-config	target/linux/realtek/rtl8197f/vendor-target/config.busybox-1.24.1.SPINAND_RTL8197F_VG_8832BR_8367R_KERN44_GW_EASYMESH_R2_WFA	31967	bfb587e555246ab432889783d85c05840efda80e4159728e2581b348ef2bac34	
added	subtarget-config	target/linux/realtek/rtl8197f/vendor-target/config.cpu	1121	d460759374736a2986057252a3f0967a969d5b88f7069f398b23a47e72e4038d	
added	subtarget-config	target/linux/realtek/rtl8197f/vendor-target/config.in	16134	4d59c8802e6851294e1caac14f667e9ab799fb8a15c6ca3f52786ce7ff347552	
added	subtarget-config	target/linux/realtek/rtl8197f/vendor-target/config.linux-4.4.RTL8197F_VG_8832BR_8367R_KERN44_GW	57437	7646340cc51166cea8b2d923596d5cb0d651d84c04c6fc16dcd2e856d976b5da	
added	subtarget-config	target/linux/realtek/rtl8197f/vendor-target/config.linux-4.4.SPINAND_RTL8197F_VG_8832BR_8367R_KERN44_DUALSTACK_GW	59053	1929705423e12beb6d3f9f4216c1a8b3b9e7be64cef49dbb6d059f0b7d9b9b46	
added	subtarget-config	target/linux/realtek/rtl8197f/vendor-target/config.linux-4.4.SPINAND_RTL8197F_VG_8832BR_8367R_KERN44_GW	57193	e010743897b0172fd97d1a9d7138c9245efce80b465ffb2af456cfd633613e7a	
added	subtarget-config	target/linux/realtek/rtl8197f/vendor-target/config.linux-4.4.SPINAND_RTL8197F_VG_8832BR_8367R_KERN44_GW_EASYMESH	57230	40408e16fb97ad0a5e16a897e5cc9c6b7c92450677076ba50c8b7b1dd414f65d	
added	subtarget-config	target/linux/realtek/rtl8197f/vendor-target/config.linux-4.4.SPINAND_RTL8197F_VG_8832BR_8367R_KERN44_GW_EASYMESH_R2_WFA	57241	bbb21a62a851e49934d265be6c9b59a09eaaec37435cf1d30edf479f7dc6349e	
added	subtarget-config	target/linux/realtek/rtl8197f/vendor-target/config.users.RTL8197F_VG_8832BR_8367R_KERN44_GW	6283	66184fc39d38f77ba7253aa602eb9a0465544f456da5af429a36c85a913400f0	
added	subtarget-config	target/linux/realtek/rtl8197f/vendor-target/config.users.SPINAND_RTL8197F_VG_8832BR_8367R_KERN44_DUALSTACK_GW	6196	91db64b35434a326dbbcfcc84f659c18812a8176d78aaaefef17434352a3afbd	
added	subtarget-config	target/linux/realtek/rtl8197f/vendor-target/config.users.SPINAND_RTL8197F_VG_8832BR_8367R_KERN44_GW	6283	66184fc39d38f77ba7253aa602eb9a0465544f456da5af429a36c85a913400f0	
added	subtarget-config	target/linux/realtek/rtl8197f/vendor-target/config.users.SPINAND_RTL8197F_VG_8832BR_8367R_KERN44_GW_EASYMESH	6583	88d35525d93bb7a52b9c2ff9c94b6051526fac1ccf13fd30e8755c7607c85ca2	
added	subtarget-config	target/linux/realtek/rtl8197f/vendor-target/config.users.SPINAND_RTL8197F_VG_8832BR_8367R_KERN44_GW_EASYMESH_R2_WFA	6572	2613f81bff8801a5233b89507766cd9759fb23fb372afe1599b41ad05a2fe4df	
added	subtarget-config	target/linux/realtek/rtl8197f/vendor-target/etc.RTL8197F_8812AR_MP/TZ	9	4923762c725a5e9cde7b5067ec7b1436cd293feefb4de92bd2efb5a470eb5c97	
added	subtarget-config	target/linux/realtek/rtl8197f/vendor-target/etc.RTL8197F_8812AR_MP/group	32	5148fde8988f4762c1a14039adf6ca7cfcf3b201c71cd48332da60ca69ff49a8	
added	subtarget-config	target/linux/realtek/rtl8197f/vendor-target/etc.RTL8197F_8812AR_MP/host.conf	17	313728062c7ae797e11187c7f1d66b559f0098115320166bca6100486c167824	
added	subtarget-config	target/linux/realtek/rtl8197f/vendor-target/etc.RTL8197F_8812AR_MP/hosts	146	f80e3d5c3a0e4517e650bccee94c8033131e263d8458b37a18dcee440cb3819b	
added	subtarget-config	target/linux/realtek/rtl8197f/vendor-target/etc.RTL8197F_8812AR_MP/init.d/rcS	291	4ba8dbfde1e6858373479b9b21d189f916a660fbc2098b9b7185bc5df0b76dd8	
added	subtarget-config	target/linux/realtek/rtl8197f/vendor-target/etc.RTL8197F_8812AR_MP/inittab	308	029314c08baad22a9a6d592670a68befbf0c920a4db80648486e723ebe5c9948	
added	subtarget-config	target/linux/realtek/rtl8197f/vendor-target/etc.RTL8197F_8812AR_MP/mime.types	1552	8d0a3ce3b74daccb330e158471cab898d40d4e40ed8a74ff9d710909a82cdf6e	
added	subtarget-config	target/linux/realtek/rtl8197f/vendor-target/etc.RTL8197F_8812AR_MP/motd	334	3b727708cd2efa362aa751c12c8d2e9e0e2050cb07b3d646dae2c6f4bcdd1cb3	
added	subtarget-config	target/linux/realtek/rtl8197f/vendor-target/etc.RTL8197F_8812AR_MP/passwd	59	4d6b899746dbeedb12a8f24fe71fe5d280272127ac830dc3c7755608c6704076	
added	subtarget-config	target/linux/realtek/rtl8197f/vendor-target/etc.RTL8197F_8812AR_MP/resolv.conf	22	bc90c8d01ca4fdd435dc0fc0cc1d50eb93a2a727e0554bae8bed0807469819f9	
added	subtarget-config	target/linux/realtek/rtl8197f/vendor-target/etc.RTL8197F_8812AR_MP/services	8205	6ae28a7390a44890f3709f772dd5a2d8246880b40a734f1317cb117eea6de748	
added	subtarget-config	target/linux/realtek/rtl8197f/vendor-target/etc.RTL8197F_8812AR_MP/smb.conf	9770	e2228076ff7e562fe6b0ba496e4e5291efef49e0f97a7b801d5882429ae8441b	
added	subtarget-config	target/linux/realtek/rtl8197f/vendor-target/etc.RTL8197F_8812BR_8367R_MP/TZ	9	4923762c725a5e9cde7b5067ec7b1436cd293feefb4de92bd2efb5a470eb5c97	
added	subtarget-config	target/linux/realtek/rtl8197f/vendor-target/etc.RTL8197F_8812BR_8367R_MP/group	32	5148fde8988f4762c1a14039adf6ca7cfcf3b201c71cd48332da60ca69ff49a8	
added	subtarget-config	target/linux/realtek/rtl8197f/vendor-target/etc.RTL8197F_8812BR_8367R_MP/host.conf	17	313728062c7ae797e11187c7f1d66b559f0098115320166bca6100486c167824	
added	subtarget-config	target/linux/realtek/rtl8197f/vendor-target/etc.RTL8197F_8812BR_8367R_MP/hosts	146	f80e3d5c3a0e4517e650bccee94c8033131e263d8458b37a18dcee440cb3819b	
added	subtarget-config	target/linux/realtek/rtl8197f/vendor-target/etc.RTL8197F_8812BR_8367R_MP/init.d/rcS	291	4ba8dbfde1e6858373479b9b21d189f916a660fbc2098b9b7185bc5df0b76dd8	
added	subtarget-config	target/linux/realtek/rtl8197f/vendor-target/etc.RTL8197F_8812BR_8367R_MP/inittab	308	029314c08baad22a9a6d592670a68befbf0c920a4db80648486e723ebe5c9948	
added	subtarget-config	target/linux/realtek/rtl8197f/vendor-target/etc.RTL8197F_8812BR_8367R_MP/mime.types	1552	8d0a3ce3b74daccb330e158471cab898d40d4e40ed8a74ff9d710909a82cdf6e	
added	subtarget-config	target/linux/realtek/rtl8197f/vendor-target/etc.RTL8197F_8812BR_8367R_MP/motd	334	3b727708cd2efa362aa751c12c8d2e9e0e2050cb07b3d646dae2c6f4bcdd1cb3	
added	subtarget-config	target/linux/realtek/rtl8197f/vendor-target/etc.RTL8197F_8812BR_8367R_MP/passwd	59	4d6b899746dbeedb12a8f24fe71fe5d280272127ac830dc3c7755608c6704076	
added	subtarget-config	target/linux/realtek/rtl8197f/vendor-target/etc.RTL8197F_8812BR_8367R_MP/resolv.conf	22	bc90c8d01ca4fdd435dc0fc0cc1d50eb93a2a727e0554bae8bed0807469819f9	
added	subtarget-config	target/linux/realtek/rtl8197f/vendor-target/etc.RTL8197F_8812BR_8367R_MP/services	8205	6ae28a7390a44890f3709f772dd5a2d8246880b40a734f1317cb117eea6de748	
added	subtarget-config	target/linux/realtek/rtl8197f/vendor-target/etc.RTL8197F_8812BR_8367R_MP/smb.conf	9770	e2228076ff7e562fe6b0ba496e4e5291efef49e0f97a7b801d5882429ae8441b	
added	subtarget-config	target/linux/realtek/rtl8197f/vendor-target/etc.RTL8197F_8812BR_8367R_WAC/TZ	9	4923762c725a5e9cde7b5067ec7b1436cd293feefb4de92bd2efb5a470eb5c97	
added	subtarget-config	target/linux/realtek/rtl8197f/vendor-target/etc.RTL8197F_8812BR_8367R_WAC/group	32	5148fde8988f4762c1a14039adf6ca7cfcf3b201c71cd48332da60ca69ff49a8	
added	subtarget-config	target/linux/realtek/rtl8197f/vendor-target/etc.RTL8197F_8812BR_8367R_WAC/host.conf	17	313728062c7ae797e11187c7f1d66b559f0098115320166bca6100486c167824	
added	subtarget-config	target/linux/realtek/rtl8197f/vendor-target/etc.RTL8197F_8812BR_8367R_WAC/hosts	146	f80e3d5c3a0e4517e650bccee94c8033131e263d8458b37a18dcee440cb3819b	
added	subtarget-config	target/linux/realtek/rtl8197f/vendor-target/etc.RTL8197F_8812BR_8367R_WAC/init.d/rcS_AP	1407	d0b7549d9eea0c9a02c44007ed6c433cf17cd9c2d06ae523703b8de1ae7182e0	
added	subtarget-config	target/linux/realtek/rtl8197f/vendor-target/etc.RTL8197F_8812BR_8367R_WAC/init.d/rcS_GW	3104	060bd5b0fdda7e85c8eafbdf4b1334ca3c9e0fa7ec3d6973b6832b3a094e02cb	
added	subtarget-config	target/linux/realtek/rtl8197f/vendor-target/etc.RTL8197F_8812BR_8367R_WAC/inittab	308	029314c08baad22a9a6d592670a68befbf0c920a4db80648486e723ebe5c9948	
added	subtarget-config	target/linux/realtek/rtl8197f/vendor-target/etc.RTL8197F_8812BR_8367R_WAC/iproute2/rt_tables	114	140279ef964cfad53dda8514620b566d50f223643bae3bfb80ec6d128dee976f	
added	subtarget-config	target/linux/realtek/rtl8197f/vendor-target/etc.RTL8197F_8812BR_8367R_WAC/mime.types	1552	8d0a3ce3b74daccb330e158471cab898d40d4e40ed8a74ff9d710909a82cdf6e	
added	subtarget-config	target/linux/realtek/rtl8197f/vendor-target/etc.RTL8197F_8812BR_8367R_WAC/minidlna.conf	2513	f9af70366cae26add0c4587e607731e1f82b061b65494371aed571d2cf5b43ab	
added	subtarget-config	target/linux/realtek/rtl8197f/vendor-target/etc.RTL8197F_8812BR_8367R_WAC/motd	334	3b727708cd2efa362aa751c12c8d2e9e0e2050cb07b3d646dae2c6f4bcdd1cb3	
added	subtarget-config	target/linux/realtek/rtl8197f/vendor-target/etc.RTL8197F_8812BR_8367R_WAC/passwd	57	808edc685e7acd587536825800b6136fd069d8a422ede561d71328447b5f0f96	
added	subtarget-config	target/linux/realtek/rtl8197f/vendor-target/etc.RTL8197F_8812BR_8367R_WAC/resolv.conf	22	bc90c8d01ca4fdd435dc0fc0cc1d50eb93a2a727e0554bae8bed0807469819f9	
added	subtarget-config	target/linux/realtek/rtl8197f/vendor-target/etc.RTL8197F_8812BR_8367R_WAC/samba/smb.conf	10136	0f14f29296ff2c41ca059dec63962cbbb297b7da25ba6eebb2e5583454534f27	
added	subtarget-config	target/linux/realtek/rtl8197f/vendor-target/etc.RTL8197F_8812BR_8367R_WAC/samba/smbpasswd	104	2187a31165dc5cb2190130abdc04d6c5fef3d78ffc609b390b74a444f8e76c94	
added	subtarget-config	target/linux/realtek/rtl8197f/vendor-target/etc.RTL8197F_8812BR_8367R_WAC/services	8205	6ae28a7390a44890f3709f772dd5a2d8246880b40a734f1317cb117eea6de748	
added	subtarget-config	target/linux/realtek/rtl8197f/vendor-target/etc.RTL8197F_8812BR_8367R_WAC/shadow.sample	87	106bf188d92eae79b255c106cb9f05777b5ba225ddef95132fb1da552b81caac	
added	subtarget-config	target/linux/realtek/rtl8197f/vendor-target/etc.RTL8197F_8812BR_8367R_WAC/ushare.conf	1359	8e1b479172c4f1c7478a6658bae1a1049b607e7aacd24f2c40ff415b6e3da057	
added	subtarget-config	target/linux/realtek/rtl8197f/vendor-target/etc.RTL8197F_8812BR_8367R_WAC/vsftpd.conf	4505	c86e2c41c3c17be5510db27e4998fbf372751727c340dce68362012d47744e92	
added	subtarget-config	target/linux/realtek/rtl8197f/vendor-target/etc.RTL8197F_8812F_8367R_MP/TZ	9	4923762c725a5e9cde7b5067ec7b1436cd293feefb4de92bd2efb5a470eb5c97	
added	subtarget-config	target/linux/realtek/rtl8197f/vendor-target/etc.RTL8197F_8812F_8367R_MP/group	32	5148fde8988f4762c1a14039adf6ca7cfcf3b201c71cd48332da60ca69ff49a8	
added	subtarget-config	target/linux/realtek/rtl8197f/vendor-target/etc.RTL8197F_8812F_8367R_MP/host.conf	17	313728062c7ae797e11187c7f1d66b559f0098115320166bca6100486c167824	
added	subtarget-config	target/linux/realtek/rtl8197f/vendor-target/etc.RTL8197F_8812F_8367R_MP/hosts	146	f80e3d5c3a0e4517e650bccee94c8033131e263d8458b37a18dcee440cb3819b	
added	subtarget-config	target/linux/realtek/rtl8197f/vendor-target/etc.RTL8197F_8812F_8367R_MP/init.d/rcS	291	4ba8dbfde1e6858373479b9b21d189f916a660fbc2098b9b7185bc5df0b76dd8	
added	subtarget-config	target/linux/realtek/rtl8197f/vendor-target/etc.RTL8197F_8812F_8367R_MP/inittab	308	029314c08baad22a9a6d592670a68befbf0c920a4db80648486e723ebe5c9948	
added	subtarget-config	target/linux/realtek/rtl8197f/vendor-target/etc.RTL8197F_8812F_8367R_MP/mime.types	1552	8d0a3ce3b74daccb330e158471cab898d40d4e40ed8a74ff9d710909a82cdf6e	
added	subtarget-config	target/linux/realtek/rtl8197f/vendor-target/etc.RTL8197F_8812F_8367R_MP/motd	334	3b727708cd2efa362aa751c12c8d2e9e0e2050cb07b3d646dae2c6f4bcdd1cb3	
added	subtarget-config	target/linux/realtek/rtl8197f/vendor-target/etc.RTL8197F_8812F_8367R_MP/passwd	59	4d6b899746dbeedb12a8f24fe71fe5d280272127ac830dc3c7755608c6704076	
added	subtarget-config	target/linux/realtek/rtl8197f/vendor-target/etc.RTL8197F_8812F_8367R_MP/resolv.conf	22	bc90c8d01ca4fdd435dc0fc0cc1d50eb93a2a727e0554bae8bed0807469819f9	
added	subtarget-config	target/linux/realtek/rtl8197f/vendor-target/etc.RTL8197F_8812F_8367R_MP/services	8205	6ae28a7390a44890f3709f772dd5a2d8246880b40a734f1317cb117eea6de748	
added	subtarget-config	target/linux/realtek/rtl8197f/vendor-target/etc.RTL8197F_8812F_8367R_MP/smb.conf	9770	e2228076ff7e562fe6b0ba496e4e5291efef49e0f97a7b801d5882429ae8441b	
added	subtarget-config	target/linux/realtek/rtl8197f/vendor-target/etc.RTL8197F_8814B_8367R_MP/TZ	9	4923762c725a5e9cde7b5067ec7b1436cd293feefb4de92bd2efb5a470eb5c97	
added	subtarget-config	target/linux/realtek/rtl8197f/vendor-target/etc.RTL8197F_8814B_8367R_MP/group	32	5148fde8988f4762c1a14039adf6ca7cfcf3b201c71cd48332da60ca69ff49a8	
added	subtarget-config	target/linux/realtek/rtl8197f/vendor-target/etc.RTL8197F_8814B_8367R_MP/host.conf	17	313728062c7ae797e11187c7f1d66b559f0098115320166bca6100486c167824	
added	subtarget-config	target/linux/realtek/rtl8197f/vendor-target/etc.RTL8197F_8814B_8367R_MP/hosts	146	f80e3d5c3a0e4517e650bccee94c8033131e263d8458b37a18dcee440cb3819b	
added	subtarget-config	target/linux/realtek/rtl8197f/vendor-target/etc.RTL8197F_8814B_8367R_MP/init.d/rcS	291	4ba8dbfde1e6858373479b9b21d189f916a660fbc2098b9b7185bc5df0b76dd8	
added	subtarget-config	target/linux/realtek/rtl8197f/vendor-target/etc.RTL8197F_8814B_8367R_MP/inittab	308	029314c08baad22a9a6d592670a68befbf0c920a4db80648486e723ebe5c9948	
added	subtarget-config	target/linux/realtek/rtl8197f/vendor-target/etc.RTL8197F_8814B_8367R_MP/mime.types	1552	8d0a3ce3b74daccb330e158471cab898d40d4e40ed8a74ff9d710909a82cdf6e	
added	subtarget-config	target/linux/realtek/rtl8197f/vendor-target/etc.RTL8197F_8814B_8367R_MP/motd	334	3b727708cd2efa362aa751c12c8d2e9e0e2050cb07b3d646dae2c6f4bcdd1cb3	
added	subtarget-config	target/linux/realtek/rtl8197f/vendor-target/etc.RTL8197F_8814B_8367R_MP/passwd	59	4d6b899746dbeedb12a8f24fe71fe5d280272127ac830dc3c7755608c6704076	
added	subtarget-config	target/linux/realtek/rtl8197f/vendor-target/etc.RTL8197F_8814B_8367R_MP/resolv.conf	22	bc90c8d01ca4fdd435dc0fc0cc1d50eb93a2a727e0554bae8bed0807469819f9	
added	subtarget-config	target/linux/realtek/rtl8197f/vendor-target/etc.RTL8197F_8814B_8367R_MP/services	8205	6ae28a7390a44890f3709f772dd5a2d8246880b40a734f1317cb117eea6de748	
added	subtarget-config	target/linux/realtek/rtl8197f/vendor-target/etc.RTL8197F_8814B_8367R_MP/smb.conf	9770	e2228076ff7e562fe6b0ba496e4e5291efef49e0f97a7b801d5882429ae8441b	
added	subtarget-config	target/linux/realtek/rtl8197f/vendor-target/etc.RTL8197F_ETH_RAMFS/TZ	9	4923762c725a5e9cde7b5067ec7b1436cd293feefb4de92bd2efb5a470eb5c97	
added	subtarget-config	target/linux/realtek/rtl8197f/vendor-target/etc.RTL8197F_ETH_RAMFS/group	32	5148fde8988f4762c1a14039adf6ca7cfcf3b201c71cd48332da60ca69ff49a8	
added	subtarget-config	target/linux/realtek/rtl8197f/vendor-target/etc.RTL8197F_ETH_RAMFS/host.conf	17	313728062c7ae797e11187c7f1d66b559f0098115320166bca6100486c167824	
added	subtarget-config	target/linux/realtek/rtl8197f/vendor-target/etc.RTL8197F_ETH_RAMFS/hosts	146	f80e3d5c3a0e4517e650bccee94c8033131e263d8458b37a18dcee440cb3819b	
added	subtarget-config	target/linux/realtek/rtl8197f/vendor-target/etc.RTL8197F_ETH_RAMFS/init.d/rcS	556	72026f9dd218e1e469b4e80bb842f3697f913f650fe43ae78d7d736c95851f04	
added	subtarget-config	target/linux/realtek/rtl8197f/vendor-target/etc.RTL8197F_ETH_RAMFS/inittab	308	029314c08baad22a9a6d592670a68befbf0c920a4db80648486e723ebe5c9948	
added	subtarget-config	target/linux/realtek/rtl8197f/vendor-target/etc.RTL8197F_ETH_RAMFS/mime.types	1552	8d0a3ce3b74daccb330e158471cab898d40d4e40ed8a74ff9d710909a82cdf6e	
added	subtarget-config	target/linux/realtek/rtl8197f/vendor-target/etc.RTL8197F_ETH_RAMFS/motd	334	3b727708cd2efa362aa751c12c8d2e9e0e2050cb07b3d646dae2c6f4bcdd1cb3	
added	subtarget-config	target/linux/realtek/rtl8197f/vendor-target/etc.RTL8197F_ETH_RAMFS/passwd	59	4d6b899746dbeedb12a8f24fe71fe5d280272127ac830dc3c7755608c6704076	
added	subtarget-config	target/linux/realtek/rtl8197f/vendor-target/etc.RTL8197F_ETH_RAMFS/resolv.conf	22	bc90c8d01ca4fdd435dc0fc0cc1d50eb93a2a727e0554bae8bed0807469819f9	
added	subtarget-config	target/linux/realtek/rtl8197f/vendor-target/etc.RTL8197F_ETH_RAMFS/services	8205	6ae28a7390a44890f3709f772dd5a2d8246880b40a734f1317cb117eea6de748	
added	subtarget-config	target/linux/realtek/rtl8197f/vendor-target/etc.RTL8197F_ETH_RAMFS/smb.conf	9770	e2228076ff7e562fe6b0ba496e4e5291efef49e0f97a7b801d5882429ae8441b	
added	subtarget-config	target/linux/realtek/rtl8197f/vendor-target/etc.RTL8197F_MP/TZ	9	4923762c725a5e9cde7b5067ec7b1436cd293feefb4de92bd2efb5a470eb5c97	
added	subtarget-config	target/linux/realtek/rtl8197f/vendor-target/etc.RTL8197F_MP/group	32	5148fde8988f4762c1a14039adf6ca7cfcf3b201c71cd48332da60ca69ff49a8	
added	subtarget-config	target/linux/realtek/rtl8197f/vendor-target/etc.RTL8197F_MP/host.conf	17	313728062c7ae797e11187c7f1d66b559f0098115320166bca6100486c167824	
added	subtarget-config	target/linux/realtek/rtl8197f/vendor-target/etc.RTL8197F_MP/hosts	146	f80e3d5c3a0e4517e650bccee94c8033131e263d8458b37a18dcee440cb3819b	
added	subtarget-config	target/linux/realtek/rtl8197f/vendor-target/etc.RTL8197F_MP/init.d/rcS	399	798568e8a9e473ced90223640e33c222082d1f8f9967c44f39764d56e9a8658c	
added	subtarget-config	target/linux/realtek/rtl8197f/vendor-target/etc.RTL8197F_MP/inittab	308	029314c08baad22a9a6d592670a68befbf0c920a4db80648486e723ebe5c9948	
added	subtarget-config	target/linux/realtek/rtl8197f/vendor-target/etc.RTL8197F_MP/mime.types	1552	8d0a3ce3b74daccb330e158471cab898d40d4e40ed8a74ff9d710909a82cdf6e	
added	subtarget-config	target/linux/realtek/rtl8197f/vendor-target/etc.RTL8197F_MP/motd	334	3b727708cd2efa362aa751c12c8d2e9e0e2050cb07b3d646dae2c6f4bcdd1cb3	
added	subtarget-config	target/linux/realtek/rtl8197f/vendor-target/etc.RTL8197F_MP/passwd	59	4d6b899746dbeedb12a8f24fe71fe5d280272127ac830dc3c7755608c6704076	
added	subtarget-config	target/linux/realtek/rtl8197f/vendor-target/etc.RTL8197F_MP/resolv.conf	22	bc90c8d01ca4fdd435dc0fc0cc1d50eb93a2a727e0554bae8bed0807469819f9	
added	subtarget-config	target/linux/realtek/rtl8197f/vendor-target/etc.RTL8197F_MP/services	8205	6ae28a7390a44890f3709f772dd5a2d8246880b40a734f1317cb117eea6de748	
added	subtarget-config	target/linux/realtek/rtl8197f/vendor-target/etc.RTL8197F_MP/smb.conf	9770	e2228076ff7e562fe6b0ba496e4e5291efef49e0f97a7b801d5882429ae8441b	
added	subtarget-config	target/linux/realtek/rtl8197f/vendor-target/etc.RTL8197F_RAMFS/TZ	9	4923762c725a5e9cde7b5067ec7b1436cd293feefb4de92bd2efb5a470eb5c97	
added	subtarget-config	target/linux/realtek/rtl8197f/vendor-target/etc.RTL8197F_RAMFS/group	32	5148fde8988f4762c1a14039adf6ca7cfcf3b201c71cd48332da60ca69ff49a8	
added	subtarget-config	target/linux/realtek/rtl8197f/vendor-target/etc.RTL8197F_RAMFS/host.conf	17	313728062c7ae797e11187c7f1d66b559f0098115320166bca6100486c167824	
added	subtarget-config	target/linux/realtek/rtl8197f/vendor-target/etc.RTL8197F_RAMFS/hosts	146	f80e3d5c3a0e4517e650bccee94c8033131e263d8458b37a18dcee440cb3819b	
added	subtarget-config	target/linux/realtek/rtl8197f/vendor-target/etc.RTL8197F_RAMFS/init.d/rcS	556	72026f9dd218e1e469b4e80bb842f3697f913f650fe43ae78d7d736c95851f04	
added	subtarget-config	target/linux/realtek/rtl8197f/vendor-target/etc.RTL8197F_RAMFS/inittab	308	029314c08baad22a9a6d592670a68befbf0c920a4db80648486e723ebe5c9948	
added	subtarget-config	target/linux/realtek/rtl8197f/vendor-target/etc.RTL8197F_RAMFS/mime.types	1552	8d0a3ce3b74daccb330e158471cab898d40d4e40ed8a74ff9d710909a82cdf6e	
added	subtarget-config	target/linux/realtek/rtl8197f/vendor-target/etc.RTL8197F_RAMFS/motd	334	3b727708cd2efa362aa751c12c8d2e9e0e2050cb07b3d646dae2c6f4bcdd1cb3	
added	subtarget-config	target/linux/realtek/rtl8197f/vendor-target/etc.RTL8197F_RAMFS/passwd	59	4d6b899746dbeedb12a8f24fe71fe5d280272127ac830dc3c7755608c6704076	
added	subtarget-config	target/linux/realtek/rtl8197f/vendor-target/etc.RTL8197F_RAMFS/resolv.conf	22	bc90c8d01ca4fdd435dc0fc0cc1d50eb93a2a727e0554bae8bed0807469819f9	
added	subtarget-config	target/linux/realtek/rtl8197f/vendor-target/etc.RTL8197F_RAMFS/services	8205	6ae28a7390a44890f3709f772dd5a2d8246880b40a734f1317cb117eea6de748	
added	subtarget-config	target/linux/realtek/rtl8197f/vendor-target/etc.RTL8197F_RAMFS/smb.conf	9770	e2228076ff7e562fe6b0ba496e4e5291efef49e0f97a7b801d5882429ae8441b	
added	subtarget-config	target/linux/realtek/rtl8197f/vendor-target/etc.RTL8197F_VG_8367R_MP/TZ	9	4923762c725a5e9cde7b5067ec7b1436cd293feefb4de92bd2efb5a470eb5c97	
added	subtarget-config	target/linux/realtek/rtl8197f/vendor-target/etc.RTL8197F_VG_8367R_MP/group	32	5148fde8988f4762c1a14039adf6ca7cfcf3b201c71cd48332da60ca69ff49a8	
added	subtarget-config	target/linux/realtek/rtl8197f/vendor-target/etc.RTL8197F_VG_8367R_MP/host.conf	17	313728062c7ae797e11187c7f1d66b559f0098115320166bca6100486c167824	
added	subtarget-config	target/linux/realtek/rtl8197f/vendor-target/etc.RTL8197F_VG_8367R_MP/hosts	146	f80e3d5c3a0e4517e650bccee94c8033131e263d8458b37a18dcee440cb3819b	
added	subtarget-config	target/linux/realtek/rtl8197f/vendor-target/etc.RTL8197F_VG_8367R_MP/init.d/rcS	399	798568e8a9e473ced90223640e33c222082d1f8f9967c44f39764d56e9a8658c	
added	subtarget-config	target/linux/realtek/rtl8197f/vendor-target/etc.RTL8197F_VG_8367R_MP/inittab	308	029314c08baad22a9a6d592670a68befbf0c920a4db80648486e723ebe5c9948	
added	subtarget-config	target/linux/realtek/rtl8197f/vendor-target/etc.RTL8197F_VG_8367R_MP/mime.types	1552	8d0a3ce3b74daccb330e158471cab898d40d4e40ed8a74ff9d710909a82cdf6e	
added	subtarget-config	target/linux/realtek/rtl8197f/vendor-target/etc.RTL8197F_VG_8367R_MP/motd	334	3b727708cd2efa362aa751c12c8d2e9e0e2050cb07b3d646dae2c6f4bcdd1cb3	
added	subtarget-config	target/linux/realtek/rtl8197f/vendor-target/etc.RTL8197F_VG_8367R_MP/passwd	59	4d6b899746dbeedb12a8f24fe71fe5d280272127ac830dc3c7755608c6704076	
added	subtarget-config	target/linux/realtek/rtl8197f/vendor-target/etc.RTL8197F_VG_8367R_MP/resolv.conf	22	bc90c8d01ca4fdd435dc0fc0cc1d50eb93a2a727e0554bae8bed0807469819f9	
added	subtarget-config	target/linux/realtek/rtl8197f/vendor-target/etc.RTL8197F_VG_8367R_MP/services	8205	6ae28a7390a44890f3709f772dd5a2d8246880b40a734f1317cb117eea6de748	
added	subtarget-config	target/linux/realtek/rtl8197f/vendor-target/etc.RTL8197F_VG_8367R_MP/smb.conf	9770	e2228076ff7e562fe6b0ba496e4e5291efef49e0f97a7b801d5882429ae8441b	
added	subtarget-config	target/linux/realtek/rtl8197f/vendor-target/etc.RTL8197F_VG_8812F_8367R_MP/TZ	9	4923762c725a5e9cde7b5067ec7b1436cd293feefb4de92bd2efb5a470eb5c97	
added	subtarget-config	target/linux/realtek/rtl8197f/vendor-target/etc.RTL8197F_VG_8812F_8367R_MP/group	32	5148fde8988f4762c1a14039adf6ca7cfcf3b201c71cd48332da60ca69ff49a8	
added	subtarget-config	target/linux/realtek/rtl8197f/vendor-target/etc.RTL8197F_VG_8812F_8367R_MP/host.conf	17	313728062c7ae797e11187c7f1d66b559f0098115320166bca6100486c167824	
added	subtarget-config	target/linux/realtek/rtl8197f/vendor-target/etc.RTL8197F_VG_8812F_8367R_MP/hosts	146	f80e3d5c3a0e4517e650bccee94c8033131e263d8458b37a18dcee440cb3819b	
added	subtarget-config	target/linux/realtek/rtl8197f/vendor-target/etc.RTL8197F_VG_8812F_8367R_MP/init.d/rcS	291	4ba8dbfde1e6858373479b9b21d189f916a660fbc2098b9b7185bc5df0b76dd8	
added	subtarget-config	target/linux/realtek/rtl8197f/vendor-target/etc.RTL8197F_VG_8812F_8367R_MP/inittab	308	029314c08baad22a9a6d592670a68befbf0c920a4db80648486e723ebe5c9948	
added	subtarget-config	target/linux/realtek/rtl8197f/vendor-target/etc.RTL8197F_VG_8812F_8367R_MP/mime.types	1552	8d0a3ce3b74daccb330e158471cab898d40d4e40ed8a74ff9d710909a82cdf6e	
added	subtarget-config	target/linux/realtek/rtl8197f/vendor-target/etc.RTL8197F_VG_8812F_8367R_MP/motd	334	3b727708cd2efa362aa751c12c8d2e9e0e2050cb07b3d646dae2c6f4bcdd1cb3	
added	subtarget-config	target/linux/realtek/rtl8197f/vendor-target/etc.RTL8197F_VG_8812F_8367R_MP/passwd	59	4d6b899746dbeedb12a8f24fe71fe5d280272127ac830dc3c7755608c6704076	
added	subtarget-config	target/linux/realtek/rtl8197f/vendor-target/etc.RTL8197F_VG_8812F_8367R_MP/resolv.conf	22	bc90c8d01ca4fdd435dc0fc0cc1d50eb93a2a727e0554bae8bed0807469819f9	
added	subtarget-config	target/linux/realtek/rtl8197f/vendor-target/etc.RTL8197F_VG_8812F_8367R_MP/services	8205	6ae28a7390a44890f3709f772dd5a2d8246880b40a734f1317cb117eea6de748	
added	subtarget-config	target/linux/realtek/rtl8197f/vendor-target/etc.RTL8197F_VG_8812F_8367R_MP/smb.conf	9770	e2228076ff7e562fe6b0ba496e4e5291efef49e0f97a7b801d5882429ae8441b	
added	subtarget-config	target/linux/realtek/rtl8197f/vendor-target/etc.RTL8197F_VG_8812F_MP/TZ	9	4923762c725a5e9cde7b5067ec7b1436cd293feefb4de92bd2efb5a470eb5c97	
added	subtarget-config	target/linux/realtek/rtl8197f/vendor-target/etc.RTL8197F_VG_8812F_MP/group	32	5148fde8988f4762c1a14039adf6ca7cfcf3b201c71cd48332da60ca69ff49a8	
added	subtarget-config	target/linux/realtek/rtl8197f/vendor-target/etc.RTL8197F_VG_8812F_MP/host.conf	17	313728062c7ae797e11187c7f1d66b559f0098115320166bca6100486c167824	
added	subtarget-config	target/linux/realtek/rtl8197f/vendor-target/etc.RTL8197F_VG_8812F_MP/hosts	146	f80e3d5c3a0e4517e650bccee94c8033131e263d8458b37a18dcee440cb3819b	
added	subtarget-config	target/linux/realtek/rtl8197f/vendor-target/etc.RTL8197F_VG_8812F_MP/init.d/rcS	291	4ba8dbfde1e6858373479b9b21d189f916a660fbc2098b9b7185bc5df0b76dd8	
added	subtarget-config	target/linux/realtek/rtl8197f/vendor-target/etc.RTL8197F_VG_8812F_MP/inittab	308	029314c08baad22a9a6d592670a68befbf0c920a4db80648486e723ebe5c9948	
added	subtarget-config	target/linux/realtek/rtl8197f/vendor-target/etc.RTL8197F_VG_8812F_MP/mime.types	1552	8d0a3ce3b74daccb330e158471cab898d40d4e40ed8a74ff9d710909a82cdf6e	
added	subtarget-config	target/linux/realtek/rtl8197f/vendor-target/etc.RTL8197F_VG_8812F_MP/motd	334	3b727708cd2efa362aa751c12c8d2e9e0e2050cb07b3d646dae2c6f4bcdd1cb3	
added	subtarget-config	target/linux/realtek/rtl8197f/vendor-target/etc.RTL8197F_VG_8812F_MP/passwd	59	4d6b899746dbeedb12a8f24fe71fe5d280272127ac830dc3c7755608c6704076	
added	subtarget-config	target/linux/realtek/rtl8197f/vendor-target/etc.RTL8197F_VG_8812F_MP/resolv.conf	22	bc90c8d01ca4fdd435dc0fc0cc1d50eb93a2a727e0554bae8bed0807469819f9	
added	subtarget-config	target/linux/realtek/rtl8197f/vendor-target/etc.RTL8197F_VG_8812F_MP/services	8205	6ae28a7390a44890f3709f772dd5a2d8246880b40a734f1317cb117eea6de748	
added	subtarget-config	target/linux/realtek/rtl8197f/vendor-target/etc.RTL8197F_VG_8812F_MP/smb.conf	9770	e2228076ff7e562fe6b0ba496e4e5291efef49e0f97a7b801d5882429ae8441b	
added	subtarget-config	target/linux/realtek/rtl8197f/vendor-target/etc.RTL8197F_VG_8814B_8367R_MP/TZ	9	4923762c725a5e9cde7b5067ec7b1436cd293feefb4de92bd2efb5a470eb5c97	
added	subtarget-config	target/linux/realtek/rtl8197f/vendor-target/etc.RTL8197F_VG_8814B_8367R_MP/group	32	5148fde8988f4762c1a14039adf6ca7cfcf3b201c71cd48332da60ca69ff49a8	
added	subtarget-config	target/linux/realtek/rtl8197f/vendor-target/etc.RTL8197F_VG_8814B_8367R_MP/host.conf	17	313728062c7ae797e11187c7f1d66b559f0098115320166bca6100486c167824	
added	subtarget-config	target/linux/realtek/rtl8197f/vendor-target/etc.RTL8197F_VG_8814B_8367R_MP/hosts	146	f80e3d5c3a0e4517e650bccee94c8033131e263d8458b37a18dcee440cb3819b	
added	subtarget-config	target/linux/realtek/rtl8197f/vendor-target/etc.RTL8197F_VG_8814B_8367R_MP/init.d/rcS	291	4ba8dbfde1e6858373479b9b21d189f916a660fbc2098b9b7185bc5df0b76dd8	
added	subtarget-config	target/linux/realtek/rtl8197f/vendor-target/etc.RTL8197F_VG_8814B_8367R_MP/inittab	308	029314c08baad22a9a6d592670a68befbf0c920a4db80648486e723ebe5c9948	
added	subtarget-config	target/linux/realtek/rtl8197f/vendor-target/etc.RTL8197F_VG_8814B_8367R_MP/mime.types	1552	8d0a3ce3b74daccb330e158471cab898d40d4e40ed8a74ff9d710909a82cdf6e	
added	subtarget-config	target/linux/realtek/rtl8197f/vendor-target/etc.RTL8197F_VG_8814B_8367R_MP/motd	334	3b727708cd2efa362aa751c12c8d2e9e0e2050cb07b3d646dae2c6f4bcdd1cb3	
added	subtarget-config	target/linux/realtek/rtl8197f/vendor-target/etc.RTL8197F_VG_8814B_8367R_MP/passwd	59	4d6b899746dbeedb12a8f24fe71fe5d280272127ac830dc3c7755608c6704076	
added	subtarget-config	target/linux/realtek/rtl8197f/vendor-target/etc.RTL8197F_VG_8814B_8367R_MP/resolv.conf	22	bc90c8d01ca4fdd435dc0fc0cc1d50eb93a2a727e0554bae8bed0807469819f9	
added	subtarget-config	target/linux/realtek/rtl8197f/vendor-target/etc.RTL8197F_VG_8814B_8367R_MP/services	8205	6ae28a7390a44890f3709f772dd5a2d8246880b40a734f1317cb117eea6de748	
added	subtarget-config	target/linux/realtek/rtl8197f/vendor-target/etc.RTL8197F_VG_8814B_8367R_MP/smb.conf	9770	e2228076ff7e562fe6b0ba496e4e5291efef49e0f97a7b801d5882429ae8441b	
added	subtarget-config	target/linux/realtek/rtl8197f/vendor-target/etc.RTL8197F_VG_V632G-4_8814C_8367R_MP/TZ	9	4923762c725a5e9cde7b5067ec7b1436cd293feefb4de92bd2efb5a470eb5c97	
added	subtarget-config	target/linux/realtek/rtl8197f/vendor-target/etc.RTL8197F_VG_V632G-4_8814C_8367R_MP/group	32	5148fde8988f4762c1a14039adf6ca7cfcf3b201c71cd48332da60ca69ff49a8	
added	subtarget-config	target/linux/realtek/rtl8197f/vendor-target/etc.RTL8197F_VG_V632G-4_8814C_8367R_MP/host.conf	17	313728062c7ae797e11187c7f1d66b559f0098115320166bca6100486c167824	
added	subtarget-config	target/linux/realtek/rtl8197f/vendor-target/etc.RTL8197F_VG_V632G-4_8814C_8367R_MP/hosts	146	f80e3d5c3a0e4517e650bccee94c8033131e263d8458b37a18dcee440cb3819b	
added	subtarget-config	target/linux/realtek/rtl8197f/vendor-target/etc.RTL8197F_VG_V632G-4_8814C_8367R_MP/init.d/rcS	291	4ba8dbfde1e6858373479b9b21d189f916a660fbc2098b9b7185bc5df0b76dd8	
added	subtarget-config	target/linux/realtek/rtl8197f/vendor-target/etc.RTL8197F_VG_V632G-4_8814C_8367R_MP/inittab	308	029314c08baad22a9a6d592670a68befbf0c920a4db80648486e723ebe5c9948	
added	subtarget-config	target/linux/realtek/rtl8197f/vendor-target/etc.RTL8197F_VG_V632G-4_8814C_8367R_MP/mime.types	1552	8d0a3ce3b74daccb330e158471cab898d40d4e40ed8a74ff9d710909a82cdf6e	
added	subtarget-config	target/linux/realtek/rtl8197f/vendor-target/etc.RTL8197F_VG_V632G-4_8814C_8367R_MP/motd	334	3b727708cd2efa362aa751c12c8d2e9e0e2050cb07b3d646dae2c6f4bcdd1cb3	
added	subtarget-config	target/linux/realtek/rtl8197f/vendor-target/etc.RTL8197F_VG_V632G-4_8814C_8367R_MP/passwd	59	4d6b899746dbeedb12a8f24fe71fe5d280272127ac830dc3c7755608c6704076	
added	subtarget-config	target/linux/realtek/rtl8197f/vendor-target/etc.RTL8197F_VG_V632G-4_8814C_8367R_MP/resolv.conf	22	bc90c8d01ca4fdd435dc0fc0cc1d50eb93a2a727e0554bae8bed0807469819f9	
added	subtarget-config	target/linux/realtek/rtl8197f/vendor-target/etc.RTL8197F_VG_V632G-4_8814C_8367R_MP/services	8205	6ae28a7390a44890f3709f772dd5a2d8246880b40a734f1317cb117eea6de748	
added	subtarget-config	target/linux/realtek/rtl8197f/vendor-target/etc.RTL8197F_VG_V632G-4_8814C_8367R_MP/smb.conf	9770	e2228076ff7e562fe6b0ba496e4e5291efef49e0f97a7b801d5882429ae8441b	
added	subtarget-config	target/linux/realtek/rtl8197f/vendor-target/preconfig_RTL8197F_VG_8832BR_8367R_Kernel4.4_GW	4886	f3107f0e6a85eca07012716789846b33b29327918c2734c31cf426e6afb8049c	
added	subtarget-config	target/linux/realtek/rtl8197f/vendor-target/preconfig_SPINAND_RTL8197F_VG_8832BR_8367R_Kernel4.4_DUALSTACK_GW	3042	c47dea0e6adcb3bc4084e47b4c03de4494fd76ec3ca6da0fc8f1cf35ca0ceafc	
added	subtarget-config	target/linux/realtek/rtl8197f/vendor-target/preconfig_SPINAND_RTL8197F_VG_8832BR_8367R_Kernel4.4_GW	4902	3f35d1190b598a147bcb21ccf3c8c30f41f8cef7a68c09b45222ede94e53ab52	
added	subtarget-config	target/linux/realtek/rtl8197f/vendor-target/preconfig_SPINAND_RTL8197F_VG_8832BR_8367R_Kernel4.4_GW_EASYMESH	5074	53e9e9624cb368e4c92d12bdea0f86379e04658c5d91291a3ef5a807ae2a3242	
added	subtarget-config	target/linux/realtek/rtl838x/config-6.6	6034	49cdd5a8d5df78bee780a3f6e9a072873af9ab0da8b3f067e508fc319bdb6c54	
added	subtarget-config	target/linux/realtek/rtl838x/target.mk	268	77349f7bd1ba488e70e41ccb6db94e56678a3d9f793e3469d5f659307f4251dd	
added	subtarget-config	target/linux/realtek/rtl839x/config-6.6	6377	9ef53cce57f8574a0c58714a8a06af13b768b7cdfa86a70977eacc115bbbe5e2	
added	subtarget-config	target/linux/realtek/rtl839x/target.mk	222	d8ca8106793bb7198bcb32b90eaa6f6b06df8aa2d73876857f2bc5b26149525e	
added	subtarget-config	target/linux/realtek/rtl930x/config-6.6	5219	8521f7e317d6d579af6c33b9b8cf2b97a1c26edaa56dbc1a1203cbee9f656339	
added	subtarget-config	target/linux/realtek/rtl930x/target.mk	222	52b1184d4018331f9d136a0ea366d0ca6b921381d88b2974c16a30ab317baec8	
added	subtarget-config	target/linux/realtek/rtl931x/config-6.6	6061	25105c98f1d5baf1130208a62f6feaa3b8c79a9f9e65c497de602cb6238fc7a0	
added	subtarget-config	target/linux/realtek/rtl931x/target.mk	222	e0112d634b11c1ad4d227740b4449ea83fc046d7c2da54b3dc4232b85f70d2e8	
added	port-audit-and-evidence	target/linux/realtek/vendor/legacy-switch-sdk/INPUT_ARCHIVES.sha256	209	28d6d03647849dbfaaaf51d89391e9a278a2936de05dcfaceafcb0bb30ba9cf8	
added	port-audit-and-evidence	target/linux/realtek/vendor/legacy-switch-sdk/PORT_MANIFEST.tsv	304724	cfd75bcdea8879d4f0f03042b00454567d571942868e4fb82508e6e2ee00d4fa	
added	port-audit-and-evidence	target/linux/realtek/vendor/legacy-switch-sdk/PORT_SUMMARY.tsv	1596	6acd950a991cc85d2614e593f8bfeb14bcd2a46c75d6fba0379beb10642f10c2	
added	port-audit-and-evidence	target/linux/realtek/vendor/legacy-switch-sdk/README.md	2972	cb7d7efc8614f71e71bad149635b75ee6512281e932d1059e05a3f5409e8c003	
added	port-audit-and-evidence	target/linux/realtek/vendor/legacy-switch-sdk/SOURCE_SHA256SUMS	103244	2110d413f9ad112801e766373321d79f7b4d14d72326382b5a1abeecc48faed3	
added	port-audit-and-evidence	target/linux/realtek/vendor/legacy-switch-sdk/porting-evidence/full-realtek-target-normalized-diff.txt	247	93864b8cae1a9942762fdf7dd7d98f3d53d217bf51c759afabb5351f6702f0db	
added	port-audit-and-evidence	target/linux/realtek/vendor/legacy-switch-sdk/porting-evidence/legacy-sdk-kbuild-probe-summary.md	1347	a20330d1f087814337ab5b8b0a262eb088e81e13351159fccf061dc87321151c	
added	port-audit-and-evidence	target/linux/realtek/vendor/legacy-switch-sdk/porting-evidence/manifest-generation.log	508	12a8c09f7280023820ebd07119f0042412eb948121e77a8f1539907f686b6502	
added	port-audit-and-evidence	target/linux/realtek/vendor/legacy-switch-sdk/porting-evidence/openwrt-defconfig-summary.txt	291	8c1707d496aad3f6ab5c5837cefd776472032036a80500ee19028c3aee33c45c	
added	port-audit-and-evidence	target/linux/realtek/vendor/legacy-switch-sdk/porting-evidence/openwrt-defconfig.log	4872	62b427630385e2641a5f4a19675e066dc3a1cf0c81e8b19999457a5cb21b3372	
added	port-audit-and-evidence	target/linux/realtek/vendor/legacy-switch-sdk/porting-evidence/preexisting-missing-dependencies.txt	190	99ca1735568de7fedc258041b63d6c98313aa63abe5480b54c6963426345037b	
added	port-audit-and-evidence	target/linux/realtek/vendor/legacy-switch-sdk/porting-evidence/static-validation.log	9010	772f89888df6e7e964a589330448a306db0046f0bc34e985fa030c8efa504f67	
added	port-audit-and-evidence	target/linux/realtek/vendor/legacy-switch-sdk/porting-evidence/target-linux-prepare-summary.txt	276	6763b14711f2b8e9a6b604bea3097f206c608653008546974a825b6d004a7183	
added	port-audit-and-evidence	target/linux/realtek/vendor/legacy-switch-sdk/porting-evidence/target-linux-prepare.log	5325	4ca8ea3cc5ac55b9b4630c40b86c4593f41786036668287476041293797c3e7e	
added	embedded-user-sdk-reference	target/linux/realtek/vendor/legacy-switch-sdk/source/build/Makefile.app.diag	7104	c57f94b24f019c8e3c9c42c85099c4a47ed6b6528769809e376cc55f9c5b98cb	
added	embedded-user-sdk-reference	target/linux/realtek/vendor/legacy-switch-sdk/source/build/Makefile.ecos	11358	1600bbbad1e414666d32e6822b006a4dde2f3fced689d8598777de2acf3e55a5	
added	embedded-user-sdk-reference	target/linux/realtek/vendor/legacy-switch-sdk/source/build/Makefile.linux.drivers	733	d101c30eb9d02d7e5b13def2aed1d297dc5656767baa6483dec865bfd68850c0	
added	embedded-user-sdk-reference	target/linux/realtek/vendor/legacy-switch-sdk/source/build/Makefile.linux.kernel.rtcore	3968	2e0b55303ca131912d72e480c4ac0d9b8121b7df94bcc997ee9835fc70906e65	
added	embedded-user-sdk-reference	target/linux/realtek/vendor/legacy-switch-sdk/source/build/Makefile.linux.kernel.rtdrv	919	37bb4e86ec84b2e4881b01c6dad18c61abe03cd39282c26ff7a6daa0f5d08816	
added	embedded-user-sdk-reference	target/linux/realtek/vendor/legacy-switch-sdk/source/build/Makefile.linux.kernel.rtk	9067	dd4afa9de706748c5ee87493ccd868a333e64a712c40d9ea64dafe2e185361fc	
added	embedded-user-sdk-reference	target/linux/realtek/vendor/legacy-switch-sdk/source/build/Makefile.linux.kernel.rtnic	639	93c1a5ca5edd762f752a3195acadf0e91d2e58157edb0cee5c63f1eb94d0b147	
added	embedded-user-sdk-reference	target/linux/realtek/vendor/legacy-switch-sdk/source/build/Makefile.linux.kernel.ut	2525	ed594e9f7783a5ecd68e110ddef2c8987f3cd2f00434f3dfba228cbd488d969d	
added	embedded-user-sdk-reference	target/linux/realtek/vendor/legacy-switch-sdk/source/build/Makefile.linux.net	516	2526725ca329298c7cfd50bbb18588bfe463021e424e5456ee99b55d94826e46	
added	embedded-user-sdk-reference	target/linux/realtek/vendor/legacy-switch-sdk/source/build/Makefile.linux.user	832	7d0824e7cbf1e94ebf819bb742bc130710f5bc138248720e1d7c86b9ae7b9e0b	
added	embedded-user-sdk-reference	target/linux/realtek/vendor/legacy-switch-sdk/source/build/Makefile.linux.user.rtcore	2619	baf1faac6e25a9a5b179ed7534c080907f75244f44d5b5c8c1b6497707e73620	
added	embedded-user-sdk-reference	target/linux/realtek/vendor/legacy-switch-sdk/source/build/Makefile.linux.user.rtk	8446	f6448b1a68394b42be0ac5fe631cefbf287386f526919e58f448ff456215b3f0	
added	embedded-user-sdk-reference	target/linux/realtek/vendor/legacy-switch-sdk/source/build/Makefile.linux.user.rtusr	1583	75e8ce24dadc87d674101aa6ffde9664568f9c14643c3c8409f13280a661410f	
added	embedded-user-sdk-reference	target/linux/realtek/vendor/legacy-switch-sdk/source/build/Makefile.linux.user.ut	2413	5b897faf5996b09ec57454b36f4b0cabd4ff1608acaf4535e992434666c3720a	
added	embedded-user-sdk-reference	target/linux/realtek/vendor/legacy-switch-sdk/source/config/Configure.help	7967	64aa767d302644d11d52d81f100f0c021852592680f6c727d9b1565ba89717dd	
added	embedded-user-sdk-reference	target/linux/realtek/vendor/legacy-switch-sdk/source/config/Makefile	2081	a8817c9eb5b14dae7a5af18f2fc1698bd4d22fc28cb95f291fa4111481c1d0d7	
added	embedded-user-sdk-reference	target/linux/realtek/vendor/legacy-switch-sdk/source/config/config.in	12577	ba212a4ba4e324598c83e8bcb3d928eb87972726395e38caa56e5d02e70e5923	
added	embedded-user-sdk-reference	target/linux/realtek/vendor/legacy-switch-sdk/source/config/defconfig	2858	acd040f93f74ba1422489e023e1d8b53d424b4caa4f4e57361b8080b7a23728a	
added	embedded-user-sdk-reference	target/linux/realtek/vendor/legacy-switch-sdk/source/config/scripts/Configure	14055	8cde955a879a9440c10efb65653691d9418a10277659b97374801fbd685a4cc4	
added	embedded-user-sdk-reference	target/linux/realtek/vendor/legacy-switch-sdk/source/config/scripts/Makefile	1066	81e93ad14c62f0218baece6e29f746931a37953fd2b30e3700566c83b9b8d1b8	
added	embedded-user-sdk-reference	target/linux/realtek/vendor/legacy-switch-sdk/source/config/scripts/Menuconfig	32402	60f86e3dd1a511ecc5479ec0ae189c818079f5a74e90d57face9a906d8b415a2	
added	embedded-user-sdk-reference	target/linux/realtek/vendor/legacy-switch-sdk/source/config/scripts/README.Menuconfig	7651	07a52d59ad287d17a053f4866b16295c803953dc7322bb2345f114fbeb8f289d	
added	embedded-user-sdk-reference	target/linux/realtek/vendor/legacy-switch-sdk/source/config/scripts/README.uClinux	203	51bc4e15ed04f215822a40947cf13bb89fa601844c1fdb8cdd58cbcfc608c4b8	
added	embedded-user-sdk-reference	target/linux/realtek/vendor/legacy-switch-sdk/source/config/scripts/STDERR	25	bea7ddc61364434703a63b8618031d08466809961e382ceb0cc8fa12f085c74e	
added	embedded-user-sdk-reference	target/linux/realtek/vendor/legacy-switch-sdk/source/config/scripts/header.tk	18516	ea427a5e576963097870249d5f78c19f97395650b2ffff99f887eb907eadf30e	
added	embedded-user-sdk-reference	target/linux/realtek/vendor/legacy-switch-sdk/source/config/scripts/lxdialog/BIG.FAT.WARNING	234	fafb1692d3d4f88b12fc38a4ddfd818927b0c094f34eb5fdf05000694306de75	
added	embedded-user-sdk-reference	target/linux/realtek/vendor/legacy-switch-sdk/source/config/scripts/lxdialog/Makefile	1164	cdca29bfba071885de0b7fe29e23f22c8178fd8cb9da595231d6c8c7eebcb13f	
added	embedded-user-sdk-reference	target/linux/realtek/vendor/legacy-switch-sdk/source/config/scripts/lxdialog/checklist.c	9584	2db18338c046cb97a610adb1f392aa3acccfdb1f33f63b40246a335912f3e6c4	
added	embedded-user-sdk-reference	target/linux/realtek/vendor/legacy-switch-sdk/source/config/scripts/lxdialog/colors.h	5384	85ca3f8919fe837392471a140c82519cd4d29824306634a16005d62e547c4d3c	
added	embedded-user-sdk-reference	target/linux/realtek/vendor/legacy-switch-sdk/source/config/scripts/lxdialog/dialog.h	5936	cec7cfa82abd6b36d68762411ccaa8e30c53cf7ab2fff549720fe00b142168f4	
added	embedded-user-sdk-reference	target/linux/realtek/vendor/legacy-switch-sdk/source/config/scripts/lxdialog/inputbox.c	6179	8bbe8d115f65b76be281bf897f8f3bce56d01ce7f1f13114034615ced62d8940	
added	embedded-user-sdk-reference	target/linux/realtek/vendor/legacy-switch-sdk/source/config/scripts/lxdialog/lxdialog.c	6023	8df090b9ec0f409aeddc21bccf1107c671d729cca74cdab4cdbaaf8f4322a359	
added	embedded-user-sdk-reference	target/linux/realtek/vendor/legacy-switch-sdk/source/config/scripts/lxdialog/menubox.c	12716	6d739ccfeee9fec1e0622544afb88f5036a19996602441e698fdb5a2ad9f9ac3	
added	embedded-user-sdk-reference	target/linux/realtek/vendor/legacy-switch-sdk/source/config/scripts/lxdialog/msgbox.c	2529	2d6af61fda2e3da4fae9fcc33085a25f31a1c6386cbc2c845627da6a0bda5cf3	
added	embedded-user-sdk-reference	target/linux/realtek/vendor/legacy-switch-sdk/source/config/scripts/lxdialog/textbox.c	15584	977dbddc7693042e37352fdd4a9dd3c1ff831d6b9bf79cfede9a68c82fb924e4	
added	embedded-user-sdk-reference	target/linux/realtek/vendor/legacy-switch-sdk/source/config/scripts/lxdialog/util.c	9604	b8d952ed45928de96803b77c6d568d07e96c7589d6beb8ea549f5faa8a4d08c7	
added	embedded-user-sdk-reference	target/linux/realtek/vendor/legacy-switch-sdk/source/config/scripts/lxdialog/yesno.c	3067	e9d9b677faa53d1e30a3a3a88d71c471bd1a4d5641bfa7f7e9eb88643bfffc6d	
added	embedded-user-sdk-reference	target/linux/realtek/vendor/legacy-switch-sdk/source/config/scripts/tail.tk	2414	a3a450ac18ab035e1bc814ddc7d5644832bb7e8f29a75efdbb4e4762472d361c	
added	embedded-user-sdk-reference	target/linux/realtek/vendor/legacy-switch-sdk/source/config/scripts/tkcond.c	14760	9dd2d864d2792e2af513b15e196c3292d761e53b995e522911f1b73cff3c174a	
added	embedded-user-sdk-reference	target/linux/realtek/vendor/legacy-switch-sdk/source/config/scripts/tkgen.c	47273	24c63990c87ba60a231b9f64471a2098f235a62dd922409f0c4e14428f4650e0	
added	embedded-user-sdk-reference	target/linux/realtek/vendor/legacy-switch-sdk/source/config/scripts/tkparse.c	19572	c0ab133239b255c63af4fe811c62ac972f59560fb177170804680795491ab156	
added	embedded-user-sdk-reference	target/linux/realtek/vendor/legacy-switch-sdk/source/config/scripts/tkparse.h	2348	50924a3d20677ec0ea58b383ea3cc588fcbae73567af44df3b75a372dab150fd	
added	embedded-user-sdk-reference	target/linux/realtek/vendor/legacy-switch-sdk/source/example/nic/user_mode_test/Readme.txt	422	3fccd48a54290242219e9ce54edf29cc2aa14e5d06e8a23e53e66743ae488017	
added	embedded-user-sdk-reference	target/linux/realtek/vendor/legacy-switch-sdk/source/example/nic/user_mode_test/usrAppStart.c	11618	579355aa426dacd363a8e8139fddd06c4736f26004081de8b25c4f212399f39e	
added	embedded-user-sdk-reference	target/linux/realtek/vendor/legacy-switch-sdk/source/include/common/rt_error.h	24315	1c71f81e281e9186c2e6a344bcf13503ad870623502bbd0d99f751d7a4d19e73	
added	embedded-user-sdk-reference	target/linux/realtek/vendor/legacy-switch-sdk/source/include/common/rt_type.h	7222	ac8249861ff11cd9cd4acba588b80a66a13f51d9e02b0646c22bcbdcd0bc7d1a	
added	embedded-user-sdk-reference	target/linux/realtek/vendor/legacy-switch-sdk/source/include/common/rt_version.h	775	9f1e5719b76ca64f2616826d5f6779be2996f8fb43a973a43065b19e9f090689	
added	embedded-user-sdk-reference	target/linux/realtek/vendor/legacy-switch-sdk/source/include/common/util/rt_bitop.h	5757	52e2184fc9461f40a523d3f94bac65365d08bcad14e602e801bea0e0ab91d1ac	
added	embedded-user-sdk-reference	target/linux/realtek/vendor/legacy-switch-sdk/source/include/common/util/rt_util.h	4074	fb00956ebb5b074c464f98830778a761022f05f8422848946c881d4441bb56e7	
added	embedded-user-sdk-reference	target/linux/realtek/vendor/legacy-switch-sdk/source/include/dal/cypress/dal_cypress_acl.h	51485	4e93a9bf8e139a02842fb10bbf48d87fb994511196eee8e26da755400a83043e	
added	embedded-user-sdk-reference	target/linux/realtek/vendor/legacy-switch-sdk/source/include/dal/cypress/dal_cypress_common.h	2884	9947ef3bed491f3f30da08b01f6fad071d36dacc7059f54cbca7b5d0dc3ebcc7	
added	embedded-user-sdk-reference	target/linux/realtek/vendor/legacy-switch-sdk/source/include/dal/cypress/dal_cypress_diag.h	11229	1a68861bf22cbeb1ea420a9f63ce7e6d9352b7bd53719230a7cba70e97515e9a	
added	embedded-user-sdk-reference	target/linux/realtek/vendor/legacy-switch-sdk/source/include/dal/cypress/dal_cypress_eee.h	4558	f5c8589b2a63004a5ff8f235919bf6c268c77231984ec6eff586d57f8944a91e	
added	embedded-user-sdk-reference	target/linux/realtek/vendor/legacy-switch-sdk/source/include/dal/cypress/dal_cypress_flowctrl.h	24631	ffb9f359d73429a7034b1d6849f8788978e748a37db17afc740e501abb1b0f21	
added	embedded-user-sdk-reference	target/linux/realtek/vendor/legacy-switch-sdk/source/include/dal/cypress/dal_cypress_l2.h	99522	81d5902a7722295795215037cf5f0addae653708cb7faaa734c217b8ee78e6b4	
added	embedded-user-sdk-reference	target/linux/realtek/vendor/legacy-switch-sdk/source/include/dal/cypress/dal_cypress_l3.h	3503	856dafe62543273ef5b788afe854de6b20d2baf93d462dcb11212a71b94f3396	
added	embedded-user-sdk-reference	target/linux/realtek/vendor/legacy-switch-sdk/source/include/dal/cypress/dal_cypress_led.h	8150	20f4f727886ecedb7443de686c3f6751ea65054404df9fadf55122cc87b8c512	
added	embedded-user-sdk-reference	target/linux/realtek/vendor/legacy-switch-sdk/source/include/dal/cypress/dal_cypress_mapper.h	1245	9f839881191d62bfa712b92d70bff7c2be5217411c0dca0ea273121b1287f5a3	
added	embedded-user-sdk-reference	target/linux/realtek/vendor/legacy-switch-sdk/source/include/dal/cypress/dal_cypress_mirror.h	17317	86f213a3e9a2c838a6352178177d3ea841f90f0cadb28151be8f4538220de482	
added	embedded-user-sdk-reference	target/linux/realtek/vendor/legacy-switch-sdk/source/include/dal/cypress/dal_cypress_mpls.h	4703	e205f5409ffba8679c69bbd5117a0ccd434b20c9f96ea42f275ad83a33aeb92f	
added	embedded-user-sdk-reference	target/linux/realtek/vendor/legacy-switch-sdk/source/include/dal/cypress/dal_cypress_oam.h	29605	e6ef736f29fd2482dd42e7471e9c240f801125190ad5a73ac07ae2703abc3809	
added	embedded-user-sdk-reference	target/linux/realtek/vendor/legacy-switch-sdk/source/include/dal/cypress/dal_cypress_port.h	53110	6d1af93b6b583f8fc6e165e37e124f27c9a8b318f74935fc0a3c77f2fe1a7a73	
added	embedded-user-sdk-reference	target/linux/realtek/vendor/legacy-switch-sdk/source/include/dal/cypress/dal_cypress_qos.h	60468	ec66f71b3184bc6b314228e4a0c02afbcf3d041a354203fb1fec685e0321e089	
added	embedded-user-sdk-reference	target/linux/realtek/vendor/legacy-switch-sdk/source/include/dal/cypress/dal_cypress_rate.h	47282	703f3937040ad33a8e2095fcc21f321023003212d49095aede7207f4312a491e	
added	embedded-user-sdk-reference	target/linux/realtek/vendor/legacy-switch-sdk/source/include/dal/cypress/dal_cypress_sec.h	11023	6966e2c08c9b875c7c9438e5bb563d785e7156160c9757b54dc2344d186b5c58	
added	embedded-user-sdk-reference	target/linux/realtek/vendor/legacy-switch-sdk/source/include/dal/cypress/dal_cypress_stat.h	7128	77115658478097ba372210a71496a81a6c3c6249e8ac368f85d27b1ed47930f1	
added	embedded-user-sdk-reference	target/linux/realtek/vendor/legacy-switch-sdk/source/include/dal/cypress/dal_cypress_stp.h	6386	48cb992d71eccdd03ab8ab768e8e7303cdb367a5f2556c9de13238ea9af04f9e	
added	embedded-user-sdk-reference	target/linux/realtek/vendor/legacy-switch-sdk/source/include/dal/cypress/dal_cypress_switch.h	19760	a7088117c7072c190277c2832e5b8248ad9b6e25732a49e569b421945dc0c15e	
added	embedded-user-sdk-reference	target/linux/realtek/vendor/legacy-switch-sdk/source/include/dal/cypress/dal_cypress_time.h	7362	1ad7b86d62cbab77730579410f718281a475a57b3569c9d6d394fea8ef831d90	
added	embedded-user-sdk-reference	target/linux/realtek/vendor/legacy-switch-sdk/source/include/dal/cypress/dal_cypress_trap.h	50707	615e34ba2f13aa343e899e08fd714c7d150ecd5a76df277488daa628b138e6a7	
added	embedded-user-sdk-reference	target/linux/realtek/vendor/legacy-switch-sdk/source/include/dal/cypress/dal_cypress_trunk.h	8016	0fc8ec5eef0a1fc8ba56ea1534122668afd7796d0afff5324639bf217becf84a	
added	embedded-user-sdk-reference	target/linux/realtek/vendor/legacy-switch-sdk/source/include/dal/cypress/dal_cypress_vlan.h	78819	c8b0ae1571a29446091afa911d194d15377873e14d9e3c2605b88464f4d0ac48	
added	embedded-user-sdk-reference	target/linux/realtek/vendor/legacy-switch-sdk/source/include/dal/dal_common.h	1114	e9835029635e480ddb97de3856e0ed3cd6367a4cdc31cc7be066227a4764f0ff	
added	embedded-user-sdk-reference	target/linux/realtek/vendor/legacy-switch-sdk/source/include/dal/dal_linkFaultMon.h	2373	5afa3cfa27967744f95c8a58a9e95ad88c809726d4fa4062e1f49b4903f2324e	
added	embedded-user-sdk-reference	target/linux/realtek/vendor/legacy-switch-sdk/source/include/dal/dal_linkMon.h	4652	cc7807a9778d32cda901c0428fc0bd3f61de0acabf3c48dee06f33e1fde886af	
added	embedded-user-sdk-reference	target/linux/realtek/vendor/legacy-switch-sdk/source/include/dal/dal_losMon.h	5204	cef391e5924ed1b4a15dac5bbc2806d853228f07ffe4bf54dd3ce4c4933f69b7	
added	embedded-user-sdk-reference	target/linux/realtek/vendor/legacy-switch-sdk/source/include/dal/dal_macMon.h	1904	38b9ab3a31200cd4d085143def820e65ba2fe2db8c32e0ecbc2ec3e7a7f249fc	
added	embedded-user-sdk-reference	target/linux/realtek/vendor/legacy-switch-sdk/source/include/dal/dal_mapper.h	120083	3d388ed356995164a514133de02a70f0aa3a47cc06a525069ddae3853bfbbba5	
added	embedded-user-sdk-reference	target/linux/realtek/vendor/legacy-switch-sdk/source/include/dal/dal_mgmt.h	2437	a8e062015c043a6808c24edefb1a0ff37b2a07e945711b0c8505652eb9553c59	
added	embedded-user-sdk-reference	target/linux/realtek/vendor/legacy-switch-sdk/source/include/dal/dal_waMon.h	2919	2adb40854527b9a9276965c6aec16f0ce6f35fa9b53756ca1751110b1b2f8462	
added	embedded-user-sdk-reference	target/linux/realtek/vendor/legacy-switch-sdk/source/include/dal/esw/dal_esw_diag.h	4738	1fafcefd5c52e3aeb1970d7dce0524e5cc2aea05784d82ff72c7a51e54f3994a	
added	embedded-user-sdk-reference	target/linux/realtek/vendor/legacy-switch-sdk/source/include/dal/esw/dal_esw_dot1x.h	26080	49cae0521744821155d46f653e9f8cb91c2e2951858694ccda960ebaafadabd8	
added	embedded-user-sdk-reference	target/linux/realtek/vendor/legacy-switch-sdk/source/include/dal/esw/dal_esw_eee.h	3184	c57dc1eb88748fc4459163ccbce33cca9ef4cf81216ace376f97a225878c704d	
added	embedded-user-sdk-reference	target/linux/realtek/vendor/legacy-switch-sdk/source/include/dal/esw/dal_esw_flowctrl.h	21912	d8ef9d71b56a152db49ac6920e947fc1f201f39dec07a37f9bd5fe48444436d1	
added	embedded-user-sdk-reference	target/linux/realtek/vendor/legacy-switch-sdk/source/include/dal/esw/dal_esw_l2.h	100257	79875b3e53bba7f390ab43d0e4f7389ba4e2b30410e8f19ab22ea63293ffbae1	
added	embedded-user-sdk-reference	target/linux/realtek/vendor/legacy-switch-sdk/source/include/dal/esw/dal_esw_l3.h	10714	586c11ded8a441fbf0a24cd055ee85bb72c97a9ea4e901dfc7c5c83d0ae2c210	
added	embedded-user-sdk-reference	target/linux/realtek/vendor/legacy-switch-sdk/source/include/dal/esw/dal_esw_led.h	4045	6aaaf96f6892e6b51748dbda0f45ccca75bf7718b90379c53b1f274ef868a05b	
added	embedded-user-sdk-reference	target/linux/realtek/vendor/legacy-switch-sdk/source/include/dal/esw/dal_esw_mapper.h	1022	c26eb2f8e2fca622a016bd58ad8332f14bf1b95d7af2c8795f28a6652ccb7c4f	
added	embedded-user-sdk-reference	target/linux/realtek/vendor/legacy-switch-sdk/source/include/dal/esw/dal_esw_mirror.h	27417	6780a52c1e628c04dac658f48c94e316b28285575582f342374a443b7a8a382d	
added	embedded-user-sdk-reference	target/linux/realtek/vendor/legacy-switch-sdk/source/include/dal/esw/dal_esw_oam.h	33459	87309f5308d9d98b6391f23cde8ceecd6f5ddb2010b74b84c96a643d067ebf22	
added	embedded-user-sdk-reference	target/linux/realtek/vendor/legacy-switch-sdk/source/include/dal/esw/dal_esw_pie.h	55344	f61e339956f7db96b75f7af532bd7ffdcedcba05baa8bc807ee9b1b07c6956f7	
added	embedded-user-sdk-reference	target/linux/realtek/vendor/legacy-switch-sdk/source/include/dal/esw/dal_esw_port.h	50678	64807825bca7d90491fef2e6525a6d80137093cb3269f560ec7d828b93985fe4	
added	embedded-user-sdk-reference	target/linux/realtek/vendor/legacy-switch-sdk/source/include/dal/esw/dal_esw_qos.h	61014	b8d22d9eec0905799baeec8e0410c93b3437fb62af27881bbde52d643cdab3d0	
added	embedded-user-sdk-reference	target/linux/realtek/vendor/legacy-switch-sdk/source/include/dal/esw/dal_esw_rate.h	34365	5eb84a99f1dd97380d33c81d70670e6764ef4abacec027711725ad6f5ef83017	
added	embedded-user-sdk-reference	target/linux/realtek/vendor/legacy-switch-sdk/source/include/dal/esw/dal_esw_sec.h	9174	bf75e5084f5a03115007d5c5000fd3707f4210e3f22597db6679f414102293cd	
added	embedded-user-sdk-reference	target/linux/realtek/vendor/legacy-switch-sdk/source/include/dal/esw/dal_esw_stat.h	6714	45664bbe915665482beba010447321aca8c4c02053ea18cdfe35b9e5439d5722	
added	embedded-user-sdk-reference	target/linux/realtek/vendor/legacy-switch-sdk/source/include/dal/esw/dal_esw_stp.h	4802	a595f89c4d5d26be6f4d5f4bfd0dd50e0d971fccaa878093f7d3382f5621e6df	
added	embedded-user-sdk-reference	target/linux/realtek/vendor/legacy-switch-sdk/source/include/dal/esw/dal_esw_switch.h	16654	6d9fee334f84aa16e13297c54b9c06bd62bae8c2a390efd28c19f337ca1d13e2	
added	embedded-user-sdk-reference	target/linux/realtek/vendor/legacy-switch-sdk/source/include/dal/esw/dal_esw_trap.h	68876	2be5da6bcab9bada34f9684f1f54cdddd9fd98d65d53e5e1453c1c665b751e72	
added	embedded-user-sdk-reference	target/linux/realtek/vendor/legacy-switch-sdk/source/include/dal/esw/dal_esw_trunk.h	12547	22a5f9016113a9ecf41ce04c035c746fc40b0820109b29c2626ae65e7757c146	
added	embedded-user-sdk-reference	target/linux/realtek/vendor/legacy-switch-sdk/source/include/dal/esw/dal_esw_vlan.h	57300	516a92a8a20c33480acb3462fdcc8f365ff5ddc1b99e7b516b5bcd2c0ccde22a	
added	embedded-user-sdk-reference	target/linux/realtek/vendor/legacy-switch-sdk/source/include/dal/maple/dal_maple_acl.h	50273	afa886535f99497dbb30e3938c842533348f3e409ad8407dfffb140e274f4456	
added	embedded-user-sdk-reference	target/linux/realtek/vendor/legacy-switch-sdk/source/include/dal/maple/dal_maple_diag.h	4486	acdd5253a6c74303903ab58a3f11bec25724a1392153cba7834698216261727b	
added	embedded-user-sdk-reference	target/linux/realtek/vendor/legacy-switch-sdk/source/include/dal/maple/dal_maple_eee.h	4343	f8298b72518b11c199262dcb9babdba52f74e29f9a755f21f670b7250906fc56	
added	embedded-user-sdk-reference	target/linux/realtek/vendor/legacy-switch-sdk/source/include/dal/maple/dal_maple_flowctrl.h	32293	21a5c8ea79144492fd6823ca36535ebc89b807c2767b406c4b261c5a78842fee	
added	embedded-user-sdk-reference	target/linux/realtek/vendor/legacy-switch-sdk/source/include/dal/maple/dal_maple_l2.h	96726	55a0a853fca0e35231aeab807da202169d50387af628f077fc2eed4dd80e2011	
added	embedded-user-sdk-reference	target/linux/realtek/vendor/legacy-switch-sdk/source/include/dal/maple/dal_maple_l3.h	2175	3b48eddd81fb42bd7d48d43d16f54dc5e49d6d7ff334e18cde5c5047d984a70e	
added	embedded-user-sdk-reference	target/linux/realtek/vendor/legacy-switch-sdk/source/include/dal/maple/dal_maple_led.h	7965	770b9b5231d7e80dd8e3bbe3db3401a2a25cc5e3de00f57200cb0e638b3f1b3a	
added	embedded-user-sdk-reference	target/linux/realtek/vendor/legacy-switch-sdk/source/include/dal/maple/dal_maple_mapper.h	1260	dfd9d72b4eeac02f87094d7784490f5900200c07fcd65ce4fc7c9f174e74d900	
added	embedded-user-sdk-reference	target/linux/realtek/vendor/legacy-switch-sdk/source/include/dal/maple/dal_maple_mirror.h	8633	0a83708ea4a117f4038f0d2667ab8f39d906db198de666f98fed1605904af683	
added	embedded-user-sdk-reference	target/linux/realtek/vendor/legacy-switch-sdk/source/include/dal/maple/dal_maple_port.h	44582	781733cad28ffb06e10fea5912efa169569b3a94aef4b521e3a3801f9ee7bfd0	
added	embedded-user-sdk-reference	target/linux/realtek/vendor/legacy-switch-sdk/source/include/dal/maple/dal_maple_qos.h	52991	350e913ff50f7e1b8f47f0cbf8c92b2df83800479b3ce271ce485c9a6d21d402	
added	embedded-user-sdk-reference	target/linux/realtek/vendor/legacy-switch-sdk/source/include/dal/maple/dal_maple_rate.h	40767	7835472c9d28ba277920c52e0bfe80febaa00398dd618fac049acfc498035e83	
added	embedded-user-sdk-reference	target/linux/realtek/vendor/legacy-switch-sdk/source/include/dal/maple/dal_maple_sec.h	10808	351547bc942f233331e6d2c1fba893ce185108c12a5b8b6386a7a652b012d529	
added	embedded-user-sdk-reference	target/linux/realtek/vendor/legacy-switch-sdk/source/include/dal/maple/dal_maple_stat.h	7562	5df6fae2910ae036c83451cda7d5fa38fca9f0f901c442b009ad6fe2824c79ea	
added	embedded-user-sdk-reference	target/linux/realtek/vendor/legacy-switch-sdk/source/include/dal/maple/dal_maple_stp.h	6398	3b59e1a9d41044993334190af9162eb34167c2c8cb169140986e14f352d0e0ed	
added	embedded-user-sdk-reference	target/linux/realtek/vendor/legacy-switch-sdk/source/include/dal/maple/dal_maple_switch.h	16332	2b623608939ef21e14a408512197871908a9debe5b21fd9889ffafac6dfb89c7	
added	embedded-user-sdk-reference	target/linux/realtek/vendor/legacy-switch-sdk/source/include/dal/maple/dal_maple_time.h	18608	0d71ce280b837e5e492e25ba077ca13427c6bfe9358476359be67d9106c51ef4	
added	embedded-user-sdk-reference	target/linux/realtek/vendor/legacy-switch-sdk/source/include/dal/maple/dal_maple_trap.h	34172	3d3cfade60a711e1cfa67438d731946962d1aee135ba7733a39a561de0dada58	
added	embedded-user-sdk-reference	target/linux/realtek/vendor/legacy-switch-sdk/source/include/dal/maple/dal_maple_trunk.h	8582	4b27d9c630933be413fad699198c242969459ccbeaa59a7fb6e95a8f6d724937	
added	embedded-user-sdk-reference	target/linux/realtek/vendor/legacy-switch-sdk/source/include/dal/maple/dal_maple_vlan.h	66433	affe25a5fe2e3b794a0a459c407de2576fffdf4492e5a6952e997cde3b78966d	
added	embedded-user-sdk-reference	target/linux/realtek/vendor/legacy-switch-sdk/source/include/dal/ssw/dal_ssw_diag.h	6469	046e68266444e77d02e46638e0c84ba43070815954da7d3d3ea1e2c5e1a657b2	
added	embedded-user-sdk-reference	target/linux/realtek/vendor/legacy-switch-sdk/source/include/dal/ssw/dal_ssw_dot1x.h	15234	f011694b798ad9c550adc0f76e00259db3a4d670f5c7a20cb2c2df64470623c6	
added	embedded-user-sdk-reference	target/linux/realtek/vendor/legacy-switch-sdk/source/include/dal/ssw/dal_ssw_eee.h	2678	dbe712603044e40d95ca6fb332499421404ce65e90074a0367d5dbb24ad9e093	
added	embedded-user-sdk-reference	target/linux/realtek/vendor/legacy-switch-sdk/source/include/dal/ssw/dal_ssw_filter.h	43641	d2b011c92d30ca1afac73a58c1a77736b9ebea620d65d91912da941305a7c373	
added	embedded-user-sdk-reference	target/linux/realtek/vendor/legacy-switch-sdk/source/include/dal/ssw/dal_ssw_flowctrl.h	11824	3a99034e54d3e60ea42a9bc37e0d25dcbe25d19b9d65f18e0e86ba6a1570d395	
added	embedded-user-sdk-reference	target/linux/realtek/vendor/legacy-switch-sdk/source/include/dal/ssw/dal_ssw_l2.h	42091	159918cc77ada9e2cbe659d8e27b2c4e3ace857ba2adc05f4bb403b1bc1ef30a	
added	embedded-user-sdk-reference	target/linux/realtek/vendor/legacy-switch-sdk/source/include/dal/ssw/dal_ssw_led.h	3647	00d577314204507fc6748c810acdbe8015639cd6b59c7ad92d88cd25ec35c40a	
added	embedded-user-sdk-reference	target/linux/realtek/vendor/legacy-switch-sdk/source/include/dal/ssw/dal_ssw_mapper.h	1233	05f915e3768c7cbe87ad3039819d78e2e95c58b1b9496d8d55b2a43ff9d29fa4	
added	embedded-user-sdk-reference	target/linux/realtek/vendor/legacy-switch-sdk/source/include/dal/ssw/dal_ssw_mirror.h	5874	e00045e022f39ab095dd176edb48e509a8827356e13e13b5cfb956017e5b7263	
added	embedded-user-sdk-reference	target/linux/realtek/vendor/legacy-switch-sdk/source/include/dal/ssw/dal_ssw_port.h	30073	7762375801206ae53d38f23bf9b1bb38c573b7009167a465eb8daacbb925abae	
added	embedded-user-sdk-reference	target/linux/realtek/vendor/legacy-switch-sdk/source/include/dal/ssw/dal_ssw_qos.h	21337	13b2e61fcba7ba524f93254985ffb08eb201f31cfb2ad4a9edf50d78b4d2aca3	
added	embedded-user-sdk-reference	target/linux/realtek/vendor/legacy-switch-sdk/source/include/dal/ssw/dal_ssw_rate.h	12502	eb4c2fb4f88ece1615c2b77466290b9f847ce13128af8dbcd65e1d78b823debd	
added	embedded-user-sdk-reference	target/linux/realtek/vendor/legacy-switch-sdk/source/include/dal/ssw/dal_ssw_stat.h	5532	52dff683dcfbe28e1b903477652a20ed60eeb6008a7849837bfc2b4861a49437	
added	embedded-user-sdk-reference	target/linux/realtek/vendor/legacy-switch-sdk/source/include/dal/ssw/dal_ssw_stp.h	5441	fbfb041292641a85f8d9a8f7971f69672b536248544f4e84dd2d4bef3c6c77f6	
added	embedded-user-sdk-reference	target/linux/realtek/vendor/legacy-switch-sdk/source/include/dal/ssw/dal_ssw_svlan.h	11788	cd4b0c326fe248e4269e8bc88cf6aab3aa59a5bcc57d05b606b5803c092221b7	
added	embedded-user-sdk-reference	target/linux/realtek/vendor/legacy-switch-sdk/source/include/dal/ssw/dal_ssw_switch.h	5012	f3dae699205b735c712f42aa46fe166b050b46102336b2c0cd12eabca293c2d0	
added	embedded-user-sdk-reference	target/linux/realtek/vendor/legacy-switch-sdk/source/include/dal/ssw/dal_ssw_time.h	6489	86524ad4a099f1b1f031d29f9e41b75ff4250c690ebb9ab95e5d4b7cfa264b0d	
added	embedded-user-sdk-reference	target/linux/realtek/vendor/legacy-switch-sdk/source/include/dal/ssw/dal_ssw_trap.h	16148	92a3a80fd325ca4107cc8f0780ff8e9683af6d36e3db0dae6653b6d4010ccde9	
added	embedded-user-sdk-reference	target/linux/realtek/vendor/legacy-switch-sdk/source/include/dal/ssw/dal_ssw_trunk.h	9266	d898e9aefadefb0a5f44126924ff86be8b1754a1b80e5e8ad0baae51a0d55f05	
added	embedded-user-sdk-reference	target/linux/realtek/vendor/legacy-switch-sdk/source/include/dal/ssw/dal_ssw_vlan.h	21590	7d1686c2b2f073e6e4fbbcc96df2349e0fa10c99a15136b88bf643cf77f1d7b1	
added	embedded-user-sdk-reference	target/linux/realtek/vendor/legacy-switch-sdk/source/include/hal/chipdef/allmem.h	4278	ba347ce26f6bd88dcceba7f15f021e45ff2e91108de89cc997c998028bca0d80	
added	embedded-user-sdk-reference	target/linux/realtek/vendor/legacy-switch-sdk/source/include/hal/chipdef/allreg.h	2933	900803dcdb9a77da92249bc592cb4c53218f3ea94972c714d398963eb0b8464e	
added	embedded-user-sdk-reference	target/linux/realtek/vendor/legacy-switch-sdk/source/include/hal/chipdef/chip.h	13431	4d85a396bbb4e7c067e6874851e14b74ba1a87f691d6841428adcd2e9ce5f667	
added	embedded-user-sdk-reference	target/linux/realtek/vendor/legacy-switch-sdk/source/include/hal/chipdef/cypress/rtk_cypress_regField_list.h	67752	f46a0c7cba0237147c252854eed7cf95f2d727b74537dadaa73d66305ddc101a	
added	embedded-user-sdk-reference	target/linux/realtek/vendor/legacy-switch-sdk/source/include/hal/chipdef/cypress/rtk_cypress_reg_struct.h	334322	f0df9f54835c62fb1732bd40f4346647de04b7ed181cbea76a0d9cf277bc525f	
added	embedded-user-sdk-reference	target/linux/realtek/vendor/legacy-switch-sdk/source/include/hal/chipdef/cypress/rtk_cypress_tableField_list.h	2527	b19eecadd78a9d8f75d759cecd31f52c4f9a5d25e545d1b9e0494e5c60ce0cff	
added	embedded-user-sdk-reference	target/linux/realtek/vendor/legacy-switch-sdk/source/include/hal/chipdef/cypress/rtk_cypress_table_struct.h	40234	39566055e1f19410e790800d69f0aad3d79753351071629d3a0a5e6d9644f001	
added	embedded-user-sdk-reference	target/linux/realtek/vendor/legacy-switch-sdk/source/include/hal/chipdef/driver.h	4661	61565d8eddbdc44025be7f2d264ca5f56550e2defabb1df314523588920afd8c	
added	embedded-user-sdk-reference	target/linux/realtek/vendor/legacy-switch-sdk/source/include/hal/chipdef/esw/rtk_esw_regField_list.h	193208	014b2e09862da76da26a7bcb5389cdf6d2b042c85b5ab1aea767a0e932d26efb	
added	embedded-user-sdk-reference	target/linux/realtek/vendor/legacy-switch-sdk/source/include/hal/chipdef/esw/rtk_esw_reg_struct.h	666684	cfffe769813b0c51a3cfc24f3df3d0b615dcf06f7cf0dff034287faa1abe3eba	
added	embedded-user-sdk-reference	target/linux/realtek/vendor/legacy-switch-sdk/source/include/hal/chipdef/esw/rtk_esw_tableField_list.h	2088	266bca52c6db3eeccc8a1c8bf29e5f0c721dd80c6ac4f4338ec01f719d6856ba	
added	embedded-user-sdk-reference	target/linux/realtek/vendor/legacy-switch-sdk/source/include/hal/chipdef/esw/rtk_esw_table_struct.h	15574	a2614fd854a2c3c28b7c0d5c9c20abfcae17afb753d8b1921e866ef7cc00b544	
added	embedded-user-sdk-reference	target/linux/realtek/vendor/legacy-switch-sdk/source/include/hal/chipdef/maple/rtk_maple_regField_list.h	200167	9452335488ab76e2957d233cf8a439e0f24873a566032faa3bc3f2bf12463200	
added	embedded-user-sdk-reference	target/linux/realtek/vendor/legacy-switch-sdk/source/include/hal/chipdef/maple/rtk_maple_reg_struct.h	524993	c1a59f76cff89c19828dbe379fc5f35fc6fa9c32d4f9c1042cf40a13a958b334	
added	embedded-user-sdk-reference	target/linux/realtek/vendor/legacy-switch-sdk/source/include/hal/chipdef/maple/rtk_maple_tableField_list.h	1704	6c110aa711b88e588fd0c73e650040a9c15123684bd26a449883310badc8ecd7	
added	embedded-user-sdk-reference	target/linux/realtek/vendor/legacy-switch-sdk/source/include/hal/chipdef/maple/rtk_maple_table_struct.h	20159	a68033819bcd24ee111557d2815e12f91baf0bbff37638bf43363ba43cc33a75	
added	embedded-user-sdk-reference	target/linux/realtek/vendor/legacy-switch-sdk/source/include/hal/chipdef/ssw/rtk_ssw_regField_list.h	273679	0ab61c21d70ef3246c1bceb77cd7e57438695b46ef9425f1f48a919f3f20908e	
added	embedded-user-sdk-reference	target/linux/realtek/vendor/legacy-switch-sdk/source/include/hal/chipdef/ssw/rtk_ssw_reg_struct.h	660248	996fea1db9c113cb86109370cbc5a20742a941e6115c3d3ace80e8c340101568	
added	embedded-user-sdk-reference	target/linux/realtek/vendor/legacy-switch-sdk/source/include/hal/chipdef/ssw/rtk_ssw_tableField_list.h	1021	a568b05979b71027b9e8676a7a70a75199f12bd2f07bcf91953a698d418dd1a8	
added	embedded-user-sdk-reference	target/linux/realtek/vendor/legacy-switch-sdk/source/include/hal/chipdef/ssw/rtk_ssw_table_struct.h	9082	3955460fa5d1acf87c3271ce5fb174c4ba60932bd71b7b586b7e438f7033cc6b	
added	embedded-user-sdk-reference	target/linux/realtek/vendor/legacy-switch-sdk/source/include/hal/common/hal_adpt.h	1333	dfde72ee8aa28061765ced94c3912438bb916486c53fac4a2c731f3c2c1a5990	
added	embedded-user-sdk-reference	target/linux/realtek/vendor/legacy-switch-sdk/source/include/hal/common/halctrl.h	23594	c129bc15e2b1aa9db122657b1e7be56e663e6a56f96d31ee40702a6833c216fb	
added	embedded-user-sdk-reference	target/linux/realtek/vendor/legacy-switch-sdk/source/include/hal/common/miim.h	40415	021783224d9d688e87fa0003d6b26fbe53409b3916c183533223d7d3f479b5d0	
added	embedded-user-sdk-reference	target/linux/realtek/vendor/legacy-switch-sdk/source/include/hal/mac/drv.h	38906	33155b52efa6771877fa1d4009b49dcc58db949fde9fc9fd82f546079af0ca0e	
added	embedded-user-sdk-reference	target/linux/realtek/vendor/legacy-switch-sdk/source/include/hal/mac/mac_debug.h	70179	370e660adb47ace27a58898411d7f77edfc9a2f459aa911c2490c198f5e3ec7d	
added	embedded-user-sdk-reference	target/linux/realtek/vendor/legacy-switch-sdk/source/include/hal/mac/mac_probe.h	1410	94f843f84354cf6ebdf430e333394cd6434214af97c4be75ca5ce511bd316374	
added	embedded-user-sdk-reference	target/linux/realtek/vendor/legacy-switch-sdk/source/include/hal/mac/mem.h	8376	4fbd4f8c17548e760cffca47bbee6c720e6ae1fa1367a867875d907514dff254	
added	embedded-user-sdk-reference	target/linux/realtek/vendor/legacy-switch-sdk/source/include/hal/mac/reg.h	12329	73bbd34c2c8096a17aec5530a361560e2af99d9587e8efb27b85af0031d6702f	
added	embedded-user-sdk-reference	target/linux/realtek/vendor/legacy-switch-sdk/source/include/hal/phy/identify.h	2574	60d2b0d4dd5f3fcc7f0a2fcb5e6e5e136785c638bf92e3cf6513f7dc33ba4228	
added	embedded-user-sdk-reference	target/linux/realtek/vendor/legacy-switch-sdk/source/include/hal/phy/phy_8201.h	3693	b1da39b0fb81d96fcacc2361e82474003981950c16da5746f25ae9affc7cbb2c	
added	embedded-user-sdk-reference	target/linux/realtek/vendor/legacy-switch-sdk/source/include/hal/phy/phy_8208.h	15767	b92a60a6a9d03c76d53e2400c21c60ab5aceeb4f66d698c742a508f354abf731	
added	embedded-user-sdk-reference	target/linux/realtek/vendor/legacy-switch-sdk/source/include/hal/phy/phy_8208_patch.h	1292	d8d67f2a74e20231f427e4bca9ab85b8ebba50edd6a10eaef603ae6e95e5ae2d	
added	embedded-user-sdk-reference	target/linux/realtek/vendor/legacy-switch-sdk/source/include/hal/phy/phy_8212f.h	10744	798b02d35acfd8c74af1317f04d11f3eee16487f7126537004453d688a867e32	
added	embedded-user-sdk-reference	target/linux/realtek/vendor/legacy-switch-sdk/source/include/hal/phy/phy_8214f.h	11569	111a946e22aa7c837368a23dd046e5239a8bc659eed12b91089414d54d0e2e27	
added	embedded-user-sdk-reference	target/linux/realtek/vendor/legacy-switch-sdk/source/include/hal/phy/phy_8214fb.h	19148	21ff3571aab5b7a81c88e5da6fda51b2e02dd78d5cee67b2c9ecbee0012a7c90	
added	embedded-user-sdk-reference	target/linux/realtek/vendor/legacy-switch-sdk/source/include/hal/phy/phy_8214fb_patch.h	1304	0751da20feed8f8ff91c0947fe516debb121c8cb40d9d1c1701f74f10f173ba5	
added	embedded-user-sdk-reference	target/linux/realtek/vendor/legacy-switch-sdk/source/include/hal/phy/phy_8218.h	11437	1bcf1ab9256890afb7baebd0e49a3456f08f7225621be6f516585c577713ceb7	
added	embedded-user-sdk-reference	target/linux/realtek/vendor/legacy-switch-sdk/source/include/hal/phy/phy_8218b.h	52584	22a3a2b9caebd7fd18103a6ea5ccc8ba0542580f7747224e28421c4e06b71e63	
added	embedded-user-sdk-reference	target/linux/realtek/vendor/legacy-switch-sdk/source/include/hal/phy/phy_8218b_patch.h	2342	95bc5396681f1f6d2e7f09b6f6eedda0cd3f1b56273f9e36cd69ed433de4f96d	
added	embedded-user-sdk-reference	target/linux/realtek/vendor/legacy-switch-sdk/source/include/hal/phy/phy_8328.h	2184	d090cfed2362709f9150bc3408812ed8c9cb49689ebf7a600c45fcbf7251d17f	
added	embedded-user-sdk-reference	target/linux/realtek/vendor/legacy-switch-sdk/source/include/hal/phy/phy_8380.h	6806	0e4cbd9f1770ac9102c342085f53451dc9b8eaf9ecf2e90120afffdbfaee7687	
added	embedded-user-sdk-reference	target/linux/realtek/vendor/legacy-switch-sdk/source/include/hal/phy/phy_8389.h	2184	b5e68696a1997d33b43f623bd27e2faa4f64b9e6c74b5a0611c2c55826955590	
added	embedded-user-sdk-reference	target/linux/realtek/vendor/legacy-switch-sdk/source/include/hal/phy/phy_8390.h	7033	1ee6505dc66f0fd73181cad87b8e3bd718458eb9956ec9263de984da0aeeccbc	
added	embedded-user-sdk-reference	target/linux/realtek/vendor/legacy-switch-sdk/source/include/hal/phy/phy_common.h	5113	defbcf8fc1c52d39b59349bf9acca240256cfec5875c8070dc312eefe7f2b548	
added	embedded-user-sdk-reference	target/linux/realtek/vendor/legacy-switch-sdk/source/include/hal/phy/phy_probe.h	1354	9033158acbf812c42f691e3d30f1c426b534218bc476708da6f0e67fa200c9ce	
added	embedded-user-sdk-reference	target/linux/realtek/vendor/legacy-switch-sdk/source/include/hal/phy/phydef.h	22289	393cca6ce0f8117cce0d81e37b32f259045640eec4571d5f5598338fe0d1f007	
added	embedded-user-sdk-reference	target/linux/realtek/vendor/legacy-switch-sdk/source/include/rtk/acl.h	110176	74949c3eb5f356eb3c05772c5ecb1cf0534dd380e3cea0fb673e7aac92174848	
added	embedded-user-sdk-reference	target/linux/realtek/vendor/legacy-switch-sdk/source/include/rtk/customer/customer_api.h	1814	9c79bd702d40e176605541db9db3a104328e3b7ba3d9ac9875c2117d9538b5b5	
added	embedded-user-sdk-reference	target/linux/realtek/vendor/legacy-switch-sdk/source/include/rtk/customer/customer_api_demo.h	1460	0c9dc5423b4059876cf8d943f650ba316c6ea91a3fe5ff56b5e8ebe46704842c	
added	embedded-user-sdk-reference	target/linux/realtek/vendor/legacy-switch-sdk/source/include/rtk/customer_hook.h	1024	7ddace5e8f88e1ba562cd3990c383a0ec5b492898f43f420b5247e05c18533ea	
added	embedded-user-sdk-reference	target/linux/realtek/vendor/legacy-switch-sdk/source/include/rtk/default.h	8866	cd04eeba09eedacae4783b7ccb8e0b60d662632b65ee5a30c5b5eb5e26800c73	
added	embedded-user-sdk-reference	target/linux/realtek/vendor/legacy-switch-sdk/source/include/rtk/diag.h	10363	79a9a26d8ecff5048d64c1ca73ad0aa7e789828db57cc617c34869d9e0a080ae	
added	embedded-user-sdk-reference	target/linux/realtek/vendor/legacy-switch-sdk/source/include/rtk/dot1x.h	30566	2016d43335bcd45777bb6aa7fbc5d45a9de14528e5d292dea5b76ae12457e02a	
added	embedded-user-sdk-reference	target/linux/realtek/vendor/legacy-switch-sdk/source/include/rtk/eee.h	5618	fefd6f35d7e062a5864e2bc038c132de3a01bd43ecc8b9bcca7d34585066a6bc	
added	embedded-user-sdk-reference	target/linux/realtek/vendor/legacy-switch-sdk/source/include/rtk/filter.h	52614	035c4c48a517954a1a1b48a3cddf5404325b982114f636908a8a5255c131e99d	
added	embedded-user-sdk-reference	target/linux/realtek/vendor/legacy-switch-sdk/source/include/rtk/flowctrl.h	65604	5ddfca985263614b0a8a7e9b754b62d505ea6d1ec2f47d6428eff96b2d0b00b2	
added	embedded-user-sdk-reference	target/linux/realtek/vendor/legacy-switch-sdk/source/include/rtk/init.h	1236	99a00e43b5fbc11787b1f6f7daf1519ce6eea18f090c5de6246cf4744275bfa1	
added	embedded-user-sdk-reference	target/linux/realtek/vendor/legacy-switch-sdk/source/include/rtk/l2.h	176487	93b75eb4eb4886259ea9c9c4a5a1962aae889a640204b7fbeb18c5b744e9076b	
added	embedded-user-sdk-reference	target/linux/realtek/vendor/legacy-switch-sdk/source/include/rtk/l3.h	14811	691521828316fdcc4a4d9fa91920c25b9afc2a65af7604925d3f57c2bd5372c0	
added	embedded-user-sdk-reference	target/linux/realtek/vendor/legacy-switch-sdk/source/include/rtk/led.h	11862	d8b58a1c9254b266db789d5ed08a1dc52baf4e23c8d82c3f8ee2a62949bb6994	
added	embedded-user-sdk-reference	target/linux/realtek/vendor/legacy-switch-sdk/source/include/rtk/mirror.h	42074	66ed54a9334037432bebb545f4ed90c1dd158ef5329171ab69d95f0dc2f6e9de	
added	embedded-user-sdk-reference	target/linux/realtek/vendor/legacy-switch-sdk/source/include/rtk/mpls.h	7165	480585db7ff229b48c94bfa62eb31b538df61725bd557723a6cf112694edf4a4	
added	embedded-user-sdk-reference	target/linux/realtek/vendor/legacy-switch-sdk/source/include/rtk/oam.h	94719	aded723551a3ee4ffcc0930cc69301adcc2ea2f5247096abad721b6c037561aa	
added	embedded-user-sdk-reference	target/linux/realtek/vendor/legacy-switch-sdk/source/include/rtk/pie.h	103994	0e3f523ed7a722cef25a5f1d418c00ffba9305e4a0435098a9ae76ff4d5e9259	
added	embedded-user-sdk-reference	target/linux/realtek/vendor/legacy-switch-sdk/source/include/rtk/port.h	83033	95bdf787785d0da5a2091af0a884812e026c4d2aea1f3299788f046f59beccad	
added	embedded-user-sdk-reference	target/linux/realtek/vendor/legacy-switch-sdk/source/include/rtk/qos.h	140793	0c886b70a60f2a62a715597c82528689351ba173c2f1d93b47d9ad851300f952	
added	embedded-user-sdk-reference	target/linux/realtek/vendor/legacy-switch-sdk/source/include/rtk/rate.h	79471	17831c89f8cf286eb5dbb8ea00e017b5e3208b3a8b74c84bbd086477f3357a24	
added	embedded-user-sdk-reference	target/linux/realtek/vendor/legacy-switch-sdk/source/include/rtk/sec.h	21713	d2f97ef6d08da85194feb5711d12e47090069ce5ca909e5671ac6ba0c436746c	
added	embedded-user-sdk-reference	target/linux/realtek/vendor/legacy-switch-sdk/source/include/rtk/stat.h	36566	c14b4b71f484c4e4b3635c4ea0d7ffb76396e369000b5aca4492798a4e5cdeb2	
added	embedded-user-sdk-reference	target/linux/realtek/vendor/legacy-switch-sdk/source/include/rtk/stp.h	7830	09f55fc1883b63062a00d212b6aafb658ce396bd50496106b17587b1f83733d8	
added	embedded-user-sdk-reference	target/linux/realtek/vendor/legacy-switch-sdk/source/include/rtk/svlan.h	12578	0a8a8d5c87c9bb8c0dc220124a9e538cda6b46936acda187192ad1d06ebe3f54	
added	embedded-user-sdk-reference	target/linux/realtek/vendor/legacy-switch-sdk/source/include/rtk/switch.h	38451	9496ae058423d4215d1a1a2760b5c64b4c82b7c35acd6525330eb390d4aee2a7	
added	embedded-user-sdk-reference	target/linux/realtek/vendor/legacy-switch-sdk/source/include/rtk/time.h	8653	2561ed8324697baf38a39c58765ef79d9a45c4740d4b8a682fa6270bd4eecff4	
added	embedded-user-sdk-reference	target/linux/realtek/vendor/legacy-switch-sdk/source/include/rtk/trap.h	138717	93dedfe40b09aeb58ac0d45cfa3e7661823e1d819c0c6149d65334de9687b734	
added	embedded-user-sdk-reference	target/linux/realtek/vendor/legacy-switch-sdk/source/include/rtk/trunk.h	23819	5526d9b86092c146b279287d61f76b8f8cb1f8804d562c6630c5fdffe7879c0f	
added	embedded-user-sdk-reference	target/linux/realtek/vendor/legacy-switch-sdk/source/include/rtk/vlan.h	143847	28cd750427388c9a0e91523dac95036516d3314eb52f56313cb7f0e1be6b8774	
added	embedded-user-sdk-reference	target/linux/realtek/vendor/legacy-switch-sdk/source/make.install.mk	446	e05206f2a042361bfa378781cb3bc5fb7a7a9de69b4ae723be87723edfbda584	
added	embedded-user-sdk-reference	target/linux/realtek/vendor/legacy-switch-sdk/source/src/Makefile	321	11054faa71e967971d59af188f4908c5bf5199e5ee54220025333bbf8c614362	
added	embedded-user-sdk-reference	target/linux/realtek/vendor/legacy-switch-sdk/source/src/app/diag/Makefile	172	478a6aab799a2425d43466716a271f36154b35bbcb11eab347776d255156a322	
added	embedded-user-sdk-reference	target/linux/realtek/vendor/legacy-switch-sdk/source/src/app/diag/config/acl.cli	36176	35f000f3b5ec57201d750e74dcd1a973911a5e57dbe8e560233389e11014420a	
added	embedded-user-sdk-reference	target/linux/realtek/vendor/legacy-switch-sdk/source/src/app/diag/config/counter.cli	2341	c13e73036c19dc6048cd67add4d08a9ee670e42fc162a00f87cba6b14241511a	
added	embedded-user-sdk-reference	target/linux/realtek/vendor/legacy-switch-sdk/source/src/app/diag/config/debug.cli	3348	d90b5fb98eed8e1f503d3a7e9fc0bea7c9703a0d3eb57aa3a4a2c962c7d66574	
added	embedded-user-sdk-reference	target/linux/realtek/vendor/legacy-switch-sdk/source/src/app/diag/config/diag.cli	2491	fcc541a0a0a2b15deef4b2d2aa5c0cd8c45ef57025f1aa3987db226008483247	
added	embedded-user-sdk-reference	target/linux/realtek/vendor/legacy-switch-sdk/source/src/app/diag/config/diag_shell.cli	1713	c9f2e940f3ad8e3c327123f075b9f0c2f2034b8e9548f6b4487ffc2bd85d32b6	
added	embedded-user-sdk-reference	target/linux/realtek/vendor/legacy-switch-sdk/source/src/app/diag/config/dot1x.cli	6530	5106f5ef291be7cc2d93b2a8e9435c7d134c14cdbfde6fe59bb8a0c8fdaf4ec2	
added	embedded-user-sdk-reference	target/linux/realtek/vendor/legacy-switch-sdk/source/src/app/diag/config/eee.cli	1398	d83c74875d2c498741f453e991066259477bc23fe8bb82544015c97243ebbd23	
added	embedded-user-sdk-reference	target/linux/realtek/vendor/legacy-switch-sdk/source/src/app/diag/config/ext/ext_8380.cli	1114	9586953bf9d8107d52a84167c83592ccb86b9e933efbb070a18011f4df46bb7d	
added	embedded-user-sdk-reference	target/linux/realtek/vendor/legacy-switch-sdk/source/src/app/diag/config/ext/ext_8390.cli	22074	af9300e506de3b0b07da54ae45cc99c3247f6df373025680a53122308458e1bb	
added	embedded-user-sdk-reference	target/linux/realtek/vendor/legacy-switch-sdk/source/src/app/diag/config/filter.cli	25280	6223cb20c43b2eae29d7a7973d4e49a6e2995d954e9a37285f615080dabca3a8	
added	embedded-user-sdk-reference	target/linux/realtek/vendor/legacy-switch-sdk/source/src/app/diag/config/flowctrl.cli	16228	5ee6dfd59fed6350ee592fcd418359803974563a30d7c486bb3d712c71a73517	
added	embedded-user-sdk-reference	target/linux/realtek/vendor/legacy-switch-sdk/source/src/app/diag/config/gpio.cli	2419	28646c95e16319cd5c99cc32c4c49f376e8584b7d3e6b0c4c50a4a4aabc2bfbb	
added	embedded-user-sdk-reference	target/linux/realtek/vendor/legacy-switch-sdk/source/src/app/diag/config/l2.cli	53186	5bd14ea5e7bf29ecbb8e8f67519964dd9be8088fd54e7b212466801698efd689	
added	embedded-user-sdk-reference	target/linux/realtek/vendor/legacy-switch-sdk/source/src/app/diag/config/l3.cli	4584	a4d4a4d7fd7e5d4645455b3fbfb71d0d026b540b659fe07b4ce23c4fd40237dc	
added	embedded-user-sdk-reference	target/linux/realtek/vendor/legacy-switch-sdk/source/src/app/diag/config/led.cli	3786	f0d844e3b468dbf47e442e17a39ddebd1024c28cfacb6535aaa08fa4134820e3	
added	embedded-user-sdk-reference	target/linux/realtek/vendor/legacy-switch-sdk/source/src/app/diag/config/mirror.cli	10397	8f2df264eb51cb750cbaaed9a2b9a8dc0c3565ff2b3cbdf68dd8228033081233	
added	embedded-user-sdk-reference	target/linux/realtek/vendor/legacy-switch-sdk/source/src/app/diag/config/mpls.cli	1969	4a3191b1d27916232cd6d44f224ba35e452c7eb10f86199368f2be110accedfb	
added	embedded-user-sdk-reference	target/linux/realtek/vendor/legacy-switch-sdk/source/src/app/diag/config/nic.cli	3935	7608502476fc75721db2e82ddbd863124739aa63f4fa7528d8d61a02887eff79	
added	embedded-user-sdk-reference	target/linux/realtek/vendor/legacy-switch-sdk/source/src/app/diag/config/oam.cli	32775	a89967cf53009ac02ece140d640e518331579c5c8a30926f6a898beffeaca624	
added	embedded-user-sdk-reference	target/linux/realtek/vendor/legacy-switch-sdk/source/src/app/diag/config/pie.cli	39216	48761c0f23326f88b16a8ece8581357a93e27a4d060c9e96394933522ff7f80d	
added	embedded-user-sdk-reference	target/linux/realtek/vendor/legacy-switch-sdk/source/src/app/diag/config/port.cli	15959	f76a26b712487e301917f0add740a78a37fcac51f4dc74251c8acd449d066032	
added	embedded-user-sdk-reference	target/linux/realtek/vendor/legacy-switch-sdk/source/src/app/diag/config/qos.cli	35037	00b7fb17e0df17c66eb8daef86032eeaf08812597998556893ec090d37bd2312	
added	embedded-user-sdk-reference	target/linux/realtek/vendor/legacy-switch-sdk/source/src/app/diag/config/rate.cli	17740	2ad4225a395ebd993e97da051eaa8d6b5cd252f36d3d67e36ed9fc049a8c0e7f	
added	embedded-user-sdk-reference	target/linux/realtek/vendor/legacy-switch-sdk/source/src/app/diag/config/reg.cli	1077	ea18c07066eb77014d09690e5bdbe432414c30e5182b79ced27c726beaba3592	
added	embedded-user-sdk-reference	target/linux/realtek/vendor/legacy-switch-sdk/source/src/app/diag/config/rtl8231.cli	5698	312d18fb2f10fc1f1fd832ec755e3bd5126dee48a15d8e56f35663a212ded009	
added	embedded-user-sdk-reference	target/linux/realtek/vendor/legacy-switch-sdk/source/src/app/diag/config/script/mk_parser.py	35903	b1415eed9addc107beb606e9c634a3f244e192e87a19dc93de7edc4f33f62d0a	
added	embedded-user-sdk-reference	target/linux/realtek/vendor/legacy-switch-sdk/source/src/app/diag/config/sdk.cli	1228	ed2551dfa4ca8fd25729605634a5d50efaeaa0634f48250a1b72ec550b4fc502	
added	embedded-user-sdk-reference	target/linux/realtek/vendor/legacy-switch-sdk/source/src/app/diag/config/sec.cli	6450	8a52ac8a315398c41c089e7aa46bd1fc221ba8b64cda4e90cc9aa9f2cc1f261d	
added	embedded-user-sdk-reference	target/linux/realtek/vendor/legacy-switch-sdk/source/src/app/diag/config/smi.cli	2029	9b2cfc4fbbc5b4da9555516c9dd0d760e1d3bd62022eb6e74816144911812180	
added	embedded-user-sdk-reference	target/linux/realtek/vendor/legacy-switch-sdk/source/src/app/diag/config/stp.cli	1402	47e47270c3d89390b286060e292ebdc175a38ccaedb90d46cdde0d085d728432	
added	embedded-user-sdk-reference	target/linux/realtek/vendor/legacy-switch-sdk/source/src/app/diag/config/svlan.cli	3153	de91935b659fc77675190f8ded7c43e949fa6b74dc750eaf4ddbb582e5894806	
added	embedded-user-sdk-reference	target/linux/realtek/vendor/legacy-switch-sdk/source/src/app/diag/config/switch.cli	9331	59abc7f94910b964dc37a0178487d24dcd7b13f832e913f6ee01b0dae971f455	
added	embedded-user-sdk-reference	target/linux/realtek/vendor/legacy-switch-sdk/source/src/app/diag/config/time.cli	2041	618c8791333f4d422f8f51838f4847beceadea93ce4fbce3788fc530bb09eafc	
added	embedded-user-sdk-reference	target/linux/realtek/vendor/legacy-switch-sdk/source/src/app/diag/config/trap.cli	42045	e134f7cf31de90eee620eca8cf866cc6440e7b9c2382b4d9414ab51d5727f12d	
added	embedded-user-sdk-reference	target/linux/realtek/vendor/legacy-switch-sdk/source/src/app/diag/config/trunk.cli	6247	b2ee08ac45263e9d7c34b592c2b779fee71f2d4b0447bdb920344c261b943e75	
added	embedded-user-sdk-reference	target/linux/realtek/vendor/legacy-switch-sdk/source/src/app/diag/config/vlan.cli	34337	1ca4f318257f4001763d5fbcf90aeaef15d02247ed2c6f3fc5c72ed2f0d7c3d2	
added	embedded-user-sdk-reference	target/linux/realtek/vendor/legacy-switch-sdk/source/src/app/diag/include/diag_om.h	1736	44e0ce4dbdbf0f4ac7ea16b534c1e1658a95521f8f63f55e02f798f9d5a2bf7c	
added	embedded-user-sdk-reference	target/linux/realtek/vendor/legacy-switch-sdk/source/src/app/diag/include/diag_str.h	887	71aa38036c8714567dfdb0085d2a3fe64a61adb6d1e3a767b2b31aa04c77f327	
added	embedded-user-sdk-reference	target/linux/realtek/vendor/legacy-switch-sdk/source/src/app/diag/include/diag_util.h	6100	c3be059dbe1a8470b849c0b5547a9befb4bd77974f726fdf0de2a8ce6053f1e5	
added	embedded-user-sdk-reference	target/linux/realtek/vendor/legacy-switch-sdk/source/src/app/diag/include/flag/cmd_flag.h	1220	1810db0400ac86977b608d6d140ae1a36012a50f91e69fe15736882d2191198f	
added	embedded-user-sdk-reference	target/linux/realtek/vendor/legacy-switch-sdk/source/src/app/diag/include/flag/cmd_flag_rtl8328.h	57076	2e4d70c778069ce826d7c205c471c9e683d9467128840e4b7312ceea8bb9d956	
added	embedded-user-sdk-reference	target/linux/realtek/vendor/legacy-switch-sdk/source/src/app/diag/include/flag/cmd_flag_rtl8380.h	28826	ec92ea32e98a24015afa89bfc86c5a3064ab4bdac4271ed94f313fed0ab78cb9	
added	embedded-user-sdk-reference	target/linux/realtek/vendor/legacy-switch-sdk/source/src/app/diag/include/flag/cmd_flag_rtl8389.h	5202	7875dfb3a90caca44c8f9f31fa46662509e12c0acc0833e6ee72291e5190ac7a	
added	embedded-user-sdk-reference	target/linux/realtek/vendor/legacy-switch-sdk/source/src/app/diag/include/flag/cmd_flag_rtl8390.h	47683	42518493ffaa6ff9992d4b2b5837b4ae80310ecc15c1dbec7147f8611e501b9d	
added	embedded-user-sdk-reference	target/linux/realtek/vendor/legacy-switch-sdk/source/src/app/diag/include/parser/cparser.h	33197	e1293ac96f271acdaf26f0c3a87f1533e81326cf4980b75ae0e5cd77ff96ab64	
added	embedded-user-sdk-reference	target/linux/realtek/vendor/legacy-switch-sdk/source/src/app/diag/include/parser/cparser_fsm.h	2981	64cc290f224a1ad5250531de3765a7e7d15b88baa365b25d5170eee11fdae0be	
added	embedded-user-sdk-reference	target/linux/realtek/vendor/legacy-switch-sdk/source/src/app/diag/include/parser/cparser_io.h	3988	2ac225c3f6a9c55ee19f38441275b106a91c38de0744dff3bfddb696d7f3f357	
added	embedded-user-sdk-reference	target/linux/realtek/vendor/legacy-switch-sdk/source/src/app/diag/include/parser/cparser_line.h	5795	470cb872cb9828e4e27219bb26116e2c158199f789588808eed724853db07338	
added	embedded-user-sdk-reference	target/linux/realtek/vendor/legacy-switch-sdk/source/src/app/diag/include/parser/cparser_options.h	2563	4e8cf91a543e3c472100a611908b482723df54adfa18577a9fe6a589db4bbf1b	
added	embedded-user-sdk-reference	target/linux/realtek/vendor/legacy-switch-sdk/source/src/app/diag/include/parser/cparser_priv.h	2797	106ea5f2e69f23e1cbff70d30afe8fe8c4a2d2f57e91913369e8aa832c779e62	
added	embedded-user-sdk-reference	target/linux/realtek/vendor/legacy-switch-sdk/source/src/app/diag/include/parser/cparser_token.h	9462	99b110081763fb7d75f0d4827115ee4700f4570a7e70326706b28bdb5519ed7d	
added	embedded-user-sdk-reference	target/linux/realtek/vendor/legacy-switch-sdk/source/src/app/diag/src/Makefile	133	f1a0b3adb1061bf0ed4b28a1fb4dba8356fafc94924b21f827581186b81e98f0	
added	embedded-user-sdk-reference	target/linux/realtek/vendor/legacy-switch-sdk/source/src/app/diag/src/diag_acl.c	172531	d1fa8395f289c6794f22768bf9de7babe7903ed6f0d774658fc12f4b9dc53811	
added	embedded-user-sdk-reference	target/linux/realtek/vendor/legacy-switch-sdk/source/src/app/diag/src/diag_cmd.c	2073	b208910e18d997b95a3b40580fa8298d52ace622cb41892ee4de5b1c5a1fe80a	
added	embedded-user-sdk-reference	target/linux/realtek/vendor/legacy-switch-sdk/source/src/app/diag/src/diag_counter.c	41195	13448725cd7ef7f6872df856cda83dbd3c466498a1fec66e42c499fb0a1bcedf	
added	embedded-user-sdk-reference	target/linux/realtek/vendor/legacy-switch-sdk/source/src/app/diag/src/diag_debug.c	14814	436de684a219221f8dca8e9f02f3fa1211953762f9cca929181fcebe836c9949	
added	embedded-user-sdk-reference	target/linux/realtek/vendor/legacy-switch-sdk/source/src/app/diag/src/diag_diag.c	14848	10d77dc03b5f47842f344e168a5e9e46c48cc75231976d5070bdc0ed037255ee	
added	embedded-user-sdk-reference	target/linux/realtek/vendor/legacy-switch-sdk/source/src/app/diag/src/diag_dot1x.c	28432	173ad8407a0d0d43ae9a7ae487db24d9ef3c565c6cece16a69cd16295e7bf252	
added	embedded-user-sdk-reference	target/linux/realtek/vendor/legacy-switch-sdk/source/src/app/diag/src/diag_eee.c	5303	c83b576441245fcf846852bfbcfddbc1801ab49a8f1afc0e903a99cb55f328bf	
added	embedded-user-sdk-reference	target/linux/realtek/vendor/legacy-switch-sdk/source/src/app/diag/src/diag_filter.c	200474	e2df3447398a3e8a36ab4bcad6b2af9aeee7852af772b06a16453a15590f970d	
added	embedded-user-sdk-reference	target/linux/realtek/vendor/legacy-switch-sdk/source/src/app/diag/src/diag_flowctrl.c	54159	fb4b3dd9987315ccb0ff145fbddb37d32a72ec302c4360d7bb0cf621be6c9d71	
added	embedded-user-sdk-reference	target/linux/realtek/vendor/legacy-switch-sdk/source/src/app/diag/src/diag_gpio.c	6153	1113a93598f81a6ca7b5236438c571f25b7fb4b81d502f4777a6c3bc3171bfb8	
added	embedded-user-sdk-reference	target/linux/realtek/vendor/legacy-switch-sdk/source/src/app/diag/src/diag_l2.c	297007	cfa87bf9563df59f97c97417632e853750ec6ea57c0ec37a8a3318c5e2a7e98f	
added	embedded-user-sdk-reference	target/linux/realtek/vendor/legacy-switch-sdk/source/src/app/diag/src/diag_l3.c	19841	f9099c1e68271c057514c8cd036f080613cb78456a1beddf777586be33c06639	
added	embedded-user-sdk-reference	target/linux/realtek/vendor/legacy-switch-sdk/source/src/app/diag/src/diag_led.c	14421	46a5fd11e2f4582b12e111fb2bb70a1074d4c02b4385f945249484b92f2bbfb4	
added	embedded-user-sdk-reference	target/linux/realtek/vendor/legacy-switch-sdk/source/src/app/diag/src/diag_main.c	3022	0561f4240d82645fe68a52038cca51b68aae332013f9ec64bf583c3d583455ce	
added	embedded-user-sdk-reference	target/linux/realtek/vendor/legacy-switch-sdk/source/src/app/diag/src/diag_mirror.c	43290	c46ce183857091203a8ce1cd95e76e5532a5ea0483646535318fa0909698d965	
added	embedded-user-sdk-reference	target/linux/realtek/vendor/legacy-switch-sdk/source/src/app/diag/src/diag_mpls.c	6099	6d6b0550a8fa6cafb77665b1cf28cb27d4ff4922d0bfe3c2b3bd2a04c431a2d1	
added	embedded-user-sdk-reference	target/linux/realtek/vendor/legacy-switch-sdk/source/src/app/diag/src/diag_nic.c	19660	f2e7e59ecd9beee98aebbfd632342575c9a67fd63af0b32fea7b133b7aa5e115	
added	embedded-user-sdk-reference	target/linux/realtek/vendor/legacy-switch-sdk/source/src/app/diag/src/diag_oam.c	128886	4ddda4bf3a6145f58b75f6b67facea41dfd2e6b670d6fccb8070ff25509a1e25	
added	embedded-user-sdk-reference	target/linux/realtek/vendor/legacy-switch-sdk/source/src/app/diag/src/diag_om.c	2568	03e7d62eb4f7a9846f6d6a25743a3417ccf9f924ab3b9826e6dac1f00859ad60	
added	embedded-user-sdk-reference	target/linux/realtek/vendor/legacy-switch-sdk/source/src/app/diag/src/diag_pie.c	238786	2a4d2a6bd2170a58adeed0f7570f61a8485e5fda214fd287ca5f35ad29e517fe	
added	embedded-user-sdk-reference	target/linux/realtek/vendor/legacy-switch-sdk/source/src/app/diag/src/diag_port.c	91949	248dd67ae83d921ba4d532f0db53863e6512ac8977903b941d1ad02670969329	
added	embedded-user-sdk-reference	target/linux/realtek/vendor/legacy-switch-sdk/source/src/app/diag/src/diag_qos.c	133397	f7bad0602bda418328885490cb0aafe92906e330b5fa18491a9ed4762bc4b300	
added	embedded-user-sdk-reference	target/linux/realtek/vendor/legacy-switch-sdk/source/src/app/diag/src/diag_rate.c	73111	7734313fbe226f87e3df29b776c850f1bf6349f5f5dfb24341e86b228b31582c	
added	embedded-user-sdk-reference	target/linux/realtek/vendor/legacy-switch-sdk/source/src/app/diag/src/diag_reg.c	7731	2eccc7146225f851dad438a4bebdc4ff1c19a7e4390eb4ec2ae71b725bebbca2	
added	embedded-user-sdk-reference	target/linux/realtek/vendor/legacy-switch-sdk/source/src/app/diag/src/diag_rtl8231.c	22357	6937021b117c5262fa1ae43b050f477fdb2935e03f9a2dcd351196123a60f5fd	
added	embedded-user-sdk-reference	target/linux/realtek/vendor/legacy-switch-sdk/source/src/app/diag/src/diag_sdk.c	3482	a0a698b7c414ecff1d9cb737504741c8d77604bb44df12903c45fc37b67b836a	
added	embedded-user-sdk-reference	target/linux/realtek/vendor/legacy-switch-sdk/source/src/app/diag/src/diag_sec.c	22001	e7c98feab9660645159bb2deab5b53b9ea2b039ea6d75d302f2097ad15a79b2d	
added	embedded-user-sdk-reference	target/linux/realtek/vendor/legacy-switch-sdk/source/src/app/diag/src/diag_smi.c	6495	75e044880055a5d9e5148a76520c2953527f3d5ae1b9a3838ea457f9ebcaeb1b	
added	embedded-user-sdk-reference	target/linux/realtek/vendor/legacy-switch-sdk/source/src/app/diag/src/diag_stp.c	6094	2b760b58546a4fc26b0927b3c569d1f0f287624d267d38f80df54ecdc6f7e4c4	
added	embedded-user-sdk-reference	target/linux/realtek/vendor/legacy-switch-sdk/source/src/app/diag/src/diag_svlan.c	13237	a9c1ce9786fcf1ecfce22599a006b27bdf9685d7fe49428cc97ba81d4b5f73b2	
added	embedded-user-sdk-reference	target/linux/realtek/vendor/legacy-switch-sdk/source/src/app/diag/src/diag_switch.c	39489	5ed757ad9a0d6122da465b3f71bbd570d66c2e1b270108867bc78ce52834687f	
added	embedded-user-sdk-reference	target/linux/realtek/vendor/legacy-switch-sdk/source/src/app/diag/src/diag_time.c	6523	5bcf4ccf1c768bc8d233b114a3eeac4275a677dad5714af66cb3cb34e034b795	
added	embedded-user-sdk-reference	target/linux/realtek/vendor/legacy-switch-sdk/source/src/app/diag/src/diag_trap.c	182990	b492704837364a982cbf27c9e1dff54815904951fd3b5784ff1dd3b5599f92a5	
added	embedded-user-sdk-reference	target/linux/realtek/vendor/legacy-switch-sdk/source/src/app/diag/src/diag_trunk.c	33854	3bd43d6e0c795dbaa975e71a3918d68dfe58700d14ef4582c92d12caeb474616	
added	embedded-user-sdk-reference	target/linux/realtek/vendor/legacy-switch-sdk/source/src/app/diag/src/diag_util.c	25469	2573f5e18540fe0f88b694375b5af80a7e848a81944354da9d3311be7ad7bfbe	
added	embedded-user-sdk-reference	target/linux/realtek/vendor/legacy-switch-sdk/source/src/app/diag/src/diag_vlan.c	144659	e343f2b1a680f4353348223ee2e3ba283233a378859f764a242adc183115ec61	
added	embedded-user-sdk-reference	target/linux/realtek/vendor/legacy-switch-sdk/source/src/app/diag/src/ext/diag_ext_8380.c	3148	6094c174f648ff2aeb832db3f1da7ee8191f1a2db0e1d5418e86de803acfb703	
added	embedded-user-sdk-reference	target/linux/realtek/vendor/legacy-switch-sdk/source/src/app/diag/src/ext/diag_ext_8390.c	126824	a6ac5263e8adb9d642a6f58bdc7020102a4fbd5d6da955c1aff57d5f6db42282	
added	embedded-user-sdk-reference	target/linux/realtek/vendor/legacy-switch-sdk/source/src/app/diag/src/parser/cparser.c	31981	33d8c8a3974d6e2d39928097fe03c4c6d0d35c92a7dc40177afa780ee6d7f211	
added	embedded-user-sdk-reference	target/linux/realtek/vendor/legacy-switch-sdk/source/src/app/diag/src/parser/cparser_fsm.c	20244	e479cd3088f04a1f5ebccd081cc2d1342940910a36fe2129448115df6dfc451f	
added	embedded-user-sdk-reference	target/linux/realtek/vendor/legacy-switch-sdk/source/src/app/diag/src/parser/cparser_io_unix.c	6113	4ad2776a4ecd36566035346bb384c3605fca4e9f12d2b3ec088e1190b4894552	
added	embedded-user-sdk-reference	target/linux/realtek/vendor/legacy-switch-sdk/source/src/app/diag/src/parser/cparser_line.c	10479	f02d79bca50dea7a148275b2cb9542a3126ba2545ae59c7c810ec43e84b20ed5	
added	embedded-user-sdk-reference	target/linux/realtek/vendor/legacy-switch-sdk/source/src/app/diag/src/parser/cparser_token.c	35357	c011797d6d22367bd67dbdfe52f9ad034f070b3808610ab9e114ac6fba77c81c	
added	embedded-user-sdk-reference	target/linux/realtek/vendor/legacy-switch-sdk/source/src/app/diag/src/parser/cparser_token_tbl.c	3716	fe8519db062d67bb50e573f3475b7c8c729239833819b730316490345b2e82c1	
added	embedded-user-sdk-reference	target/linux/realtek/vendor/legacy-switch-sdk/source/src/app/diag_v2/Makefile	172	478a6aab799a2425d43466716a271f36154b35bbcb11eab347776d255156a322	
added	embedded-user-sdk-reference	target/linux/realtek/vendor/legacy-switch-sdk/source/src/app/diag_v2/config/acl.cli	56673	dc900c8d6ef1d1ae61902a8bfde51e392aaef26ca3a77dce240aadddbb14476e	
added	embedded-user-sdk-reference	target/linux/realtek/vendor/legacy-switch-sdk/source/src/app/diag_v2/config/counter.cli	5271	a44f6b0eee492796467bfc449dda9db53f86f11c7052bafc45d7e73d3b496c7a	
added	embedded-user-sdk-reference	target/linux/realtek/vendor/legacy-switch-sdk/source/src/app/diag_v2/config/debug.cli	5893	7b0717b11fae51948eec83591e20bb9eebc3900fdb980d07fc0c38d94ef6707a	
added	embedded-user-sdk-reference	target/linux/realtek/vendor/legacy-switch-sdk/source/src/app/diag_v2/config/diag.cli	4948	b7c1bf809e717dca19d069ecd0f928b08dff8779878fd878e6196a554e4c7c46	
added	embedded-user-sdk-reference	target/linux/realtek/vendor/legacy-switch-sdk/source/src/app/diag_v2/config/diag_shell.cli	1767	cf960b42ffaa903de42bfb5b9e84ed7ab072d58deafb51664844d5ef5a81b574	
added	embedded-user-sdk-reference	target/linux/realtek/vendor/legacy-switch-sdk/source/src/app/diag_v2/config/dot1x.cli	6530	693c2cb0a4cceeef6148ae2ac4d0d1e6ceb68726f86d900212d3cf22b45660dd	
added	embedded-user-sdk-reference	target/linux/realtek/vendor/legacy-switch-sdk/source/src/app/diag_v2/config/eee.cli	1598	aae63146bc5c887840e9350dd9ce127af019fb66d00266d13c600b3a746d237c	
added	embedded-user-sdk-reference	target/linux/realtek/vendor/legacy-switch-sdk/source/src/app/diag_v2/config/ext/ext_8380.cli	1108	4b3bfce8e0d904e906be991546171be76fde2c168171fc127b42fb89dadd6454	
added	embedded-user-sdk-reference	target/linux/realtek/vendor/legacy-switch-sdk/source/src/app/diag_v2/config/ext/ext_8390.cli	25449	2158945db8c98c1456492d6d8b82f6b6a46f901079c49812616511029b89e8fe	
added	embedded-user-sdk-reference	target/linux/realtek/vendor/legacy-switch-sdk/source/src/app/diag_v2/config/filter.cli	25280	3903743208e73eb1e73269a0b11bc5daac3439ca91ff6d0975419ae750784fcd	
added	embedded-user-sdk-reference	target/linux/realtek/vendor/legacy-switch-sdk/source/src/app/diag_v2/config/flowctrl.cli	34375	42005155466e7dd83c3137ca1b076e42babbcc307b3bbbe33949e901cb4ec7ed	
added	embedded-user-sdk-reference	target/linux/realtek/vendor/legacy-switch-sdk/source/src/app/diag_v2/config/gpio.cli	3925	c4f5090b1cfde2c679f58c97ad05e4088eab015c5133eb6ab61a8978fe181750	
added	embedded-user-sdk-reference	target/linux/realtek/vendor/legacy-switch-sdk/source/src/app/diag_v2/config/l2.cli	55103	a5ec1880b6991aa57a11d85a8b2f61b6f1f2ec1b223203afe4e49c62d27d941a	
added	embedded-user-sdk-reference	target/linux/realtek/vendor/legacy-switch-sdk/source/src/app/diag_v2/config/l3.cli	4270	16eb8b44e970cc025f5cec227f1b7e2c7ef9ff3f536645f3f087557fd64ea664	
added	embedded-user-sdk-reference	target/linux/realtek/vendor/legacy-switch-sdk/source/src/app/diag_v2/config/led.cli	3786	f0d844e3b468dbf47e442e17a39ddebd1024c28cfacb6535aaa08fa4134820e3	
added	embedded-user-sdk-reference	target/linux/realtek/vendor/legacy-switch-sdk/source/src/app/diag_v2/config/mirror.cli	11609	c01710591b6accfa37d317d29d78e929d2ba13074195dfd74e54fb88675f32c1	
added	embedded-user-sdk-reference	target/linux/realtek/vendor/legacy-switch-sdk/source/src/app/diag_v2/config/mpls.cli	1963	102e5589f5e6ed0c47a00662f8cef6d7c195de5c9d5725b3dab4bd1d3fb46314	
added	embedded-user-sdk-reference	target/linux/realtek/vendor/legacy-switch-sdk/source/src/app/diag_v2/config/nic.cli	3935	118f8f30d1ad81385ca5e9dc173c4c889838b018c668404610b9d34d642cc332	
added	embedded-user-sdk-reference	target/linux/realtek/vendor/legacy-switch-sdk/source/src/app/diag_v2/config/oam.cli	30646	acdb364c6ed1a9c757db9a6b4dbc05f2229b5dfc5bac0c0f27ce1eff0fab90c2	
added	embedded-user-sdk-reference	target/linux/realtek/vendor/legacy-switch-sdk/source/src/app/diag_v2/config/pie.cli	39216	c410ed2a82ae73560b8f33e671d919f1c0ac7d7a41ad512f1343f1866b2f7480	
added	embedded-user-sdk-reference	target/linux/realtek/vendor/legacy-switch-sdk/source/src/app/diag_v2/config/port.cli	26422	37e7fd6e2bdbfd4e8fb2e87e73da3efaceb65de8cee0288b5be90773e9ca6cbf	
added	embedded-user-sdk-reference	target/linux/realtek/vendor/legacy-switch-sdk/source/src/app/diag_v2/config/qos.cli	60275	1311a9a501b3d3e9bf790969346b3ecf8697950e437c5238dfca884611412dde	
added	embedded-user-sdk-reference	target/linux/realtek/vendor/legacy-switch-sdk/source/src/app/diag_v2/config/rate.cli	23325	8b320d3533d208fcf8d390bd36ea040bdaefcb76bd4a543457bc87485ccdbcab	
added	embedded-user-sdk-reference	target/linux/realtek/vendor/legacy-switch-sdk/source/src/app/diag_v2/config/reg.cli	1077	4ac33f4b1f07930013693545592a803738cb9c6382647d8da4292b7a8be448af	
added	embedded-user-sdk-reference	target/linux/realtek/vendor/legacy-switch-sdk/source/src/app/diag_v2/config/rtl8231.cli	8725	e7682aa8a66d82422623428e5ce7872e22e17400646a3103a5718db3b5e7d473	
added	embedded-user-sdk-reference	target/linux/realtek/vendor/legacy-switch-sdk/source/src/app/diag_v2/config/script/mk_parser.py	35903	b1415eed9addc107beb606e9c634a3f244e192e87a19dc93de7edc4f33f62d0a	
added	embedded-user-sdk-reference	target/linux/realtek/vendor/legacy-switch-sdk/source/src/app/diag_v2/config/sdk.cli	1228	b7adce50988c0e70732f8b932f6ab98a40d3de51199d991674f1793c0fa2f508	
added	embedded-user-sdk-reference	target/linux/realtek/vendor/legacy-switch-sdk/source/src/app/diag_v2/config/sec.cli	6727	23193ef6d189c8a7acf3db5d66bf7d9cd3be225f7702f9fd8c19121ff13787f2	
added	embedded-user-sdk-reference	target/linux/realtek/vendor/legacy-switch-sdk/source/src/app/diag_v2/config/smi.cli	2060	83885751a3f1d3419dcbe215a5e1f4ae1d671db4bcdcc88b89c6573f8f9a6215	
added	embedded-user-sdk-reference	target/linux/realtek/vendor/legacy-switch-sdk/source/src/app/diag_v2/config/stp.cli	1677	36d4226fe1a9f12fa221b98e3911a3800b5d63057f2d633082691a2c074cf3e7	
added	embedded-user-sdk-reference	target/linux/realtek/vendor/legacy-switch-sdk/source/src/app/diag_v2/config/svlan.cli	3153	088392c010a038c4e13d24dc927e55dc85a66774115b3074437d7676e8a64ba2	
added	embedded-user-sdk-reference	target/linux/realtek/vendor/legacy-switch-sdk/source/src/app/diag_v2/config/switch.cli	11764	4d3c97b165df477c1bc31029cb5973b1cc0c46319217fc0c60c02e0b6bfe7d8e	
added	embedded-user-sdk-reference	target/linux/realtek/vendor/legacy-switch-sdk/source/src/app/diag_v2/config/time.cli	3668	81e908c5841ac864649e63a81d4e23997a51724a7ac297b258d059befe54dcae	
added	embedded-user-sdk-reference	target/linux/realtek/vendor/legacy-switch-sdk/source/src/app/diag_v2/config/trap.cli	52757	63cb6488ab32e5047479d9601d5ff0bd24eff57da8348a4f9e11cae6188725cd	
added	embedded-user-sdk-reference	target/linux/realtek/vendor/legacy-switch-sdk/source/src/app/diag_v2/config/trunk.cli	10275	093dd4eb737549a1d8680cfcd1f853716b877ebebe03c2a5e9a28a91f38c393b	
added	embedded-user-sdk-reference	target/linux/realtek/vendor/legacy-switch-sdk/source/src/app/diag_v2/config/uart.cli	1504	0392011423c682cfd773cf84701f462b6067bc71baaf927eb2eff5d5b81e9740	
added	embedded-user-sdk-reference	target/linux/realtek/vendor/legacy-switch-sdk/source/src/app/diag_v2/config/vlan.cli	44857	edbcf489def39a9353ff7995adc11b488d588010f85b91a25b8e2b3faf289f1b	
added	embedded-user-sdk-reference	target/linux/realtek/vendor/legacy-switch-sdk/source/src/app/diag_v2/include/diag_debug.h	710	63ec2a9cdca204fb7aaa40df0579c78fb8a19d76048216495eecb75e67305bc0	
added	embedded-user-sdk-reference	target/linux/realtek/vendor/legacy-switch-sdk/source/src/app/diag_v2/include/diag_om.h	1877	c0f82e263e23b5150de611b8d6de02b6c7ab721d06e9f27a58eb07b81f3a01e5	
added	embedded-user-sdk-reference	target/linux/realtek/vendor/legacy-switch-sdk/source/src/app/diag_v2/include/diag_str.h	887	ab72a380cb3c0fe7025b3228389b4f108b5481ebd9dfb304fee440ea03cac927	
added	embedded-user-sdk-reference	target/linux/realtek/vendor/legacy-switch-sdk/source/src/app/diag_v2/include/diag_util.h	6292	13142a00ebafb67c1530e375df1a39e31333fa05b0b29882d723aabe793f5e84	
added	embedded-user-sdk-reference	target/linux/realtek/vendor/legacy-switch-sdk/source/src/app/diag_v2/include/flag/cmd_flag.h	1220	157a14d9a7bff786d91a858e2855ace9a3e4ccabbabb0a79051df32c9089a83b	
added	embedded-user-sdk-reference	target/linux/realtek/vendor/legacy-switch-sdk/source/src/app/diag_v2/include/flag/cmd_flag_rtl8328.h	115497	63ba2ec871d6717a6d14cd05af23806aec434cd64fe91c43164ee58208e9c429	
added	embedded-user-sdk-reference	target/linux/realtek/vendor/legacy-switch-sdk/source/src/app/diag_v2/include/flag/cmd_flag_rtl8380.h	117038	81f080b12d4a792f15e2402bfa26eb12fa0744b7e76df1d6485fd4dea1db1e84	
added	embedded-user-sdk-reference	target/linux/realtek/vendor/legacy-switch-sdk/source/src/app/diag_v2/include/flag/cmd_flag_rtl8389.h	6458	6ec22a3e5881ecfceb17555f5d1533b6f21ff64b8732da5ec920649091efb6d0	
added	embedded-user-sdk-reference	target/linux/realtek/vendor/legacy-switch-sdk/source/src/app/diag_v2/include/flag/cmd_flag_rtl8390.h	102720	c28b7e2e86de22d6c3cdb45516e9f31579ac28e1fc2417c611401f7d0343c4b8	
added	embedded-user-sdk-reference	target/linux/realtek/vendor/legacy-switch-sdk/source/src/app/diag_v2/include/flag/cmd_flag_rtl83xx_superset_undef.h	114065	c85e99d447ac56f6b8add4ff2e71c06715f4a9582fc565437f4e94531bd4e568	
added	embedded-user-sdk-reference	target/linux/realtek/vendor/legacy-switch-sdk/source/src/app/diag_v2/include/parser/cparser.h	33197	e1293ac96f271acdaf26f0c3a87f1533e81326cf4980b75ae0e5cd77ff96ab64	
added	embedded-user-sdk-reference	target/linux/realtek/vendor/legacy-switch-sdk/source/src/app/diag_v2/include/parser/cparser_fsm.h	2981	64cc290f224a1ad5250531de3765a7e7d15b88baa365b25d5170eee11fdae0be	
added	embedded-user-sdk-reference	target/linux/realtek/vendor/legacy-switch-sdk/source/src/app/diag_v2/include/parser/cparser_io.h	3988	2ac225c3f6a9c55ee19f38441275b106a91c38de0744dff3bfddb696d7f3f357	
added	embedded-user-sdk-reference	target/linux/realtek/vendor/legacy-switch-sdk/source/src/app/diag_v2/include/parser/cparser_line.h	5795	470cb872cb9828e4e27219bb26116e2c158199f789588808eed724853db07338	
added	embedded-user-sdk-reference	target/linux/realtek/vendor/legacy-switch-sdk/source/src/app/diag_v2/include/parser/cparser_options.h	2565	d130c0790c520ce7b6d41cfe0a1a75a1f4b119d714a566d1a98a85053cfd98af	
added	embedded-user-sdk-reference	target/linux/realtek/vendor/legacy-switch-sdk/source/src/app/diag_v2/include/parser/cparser_priv.h	2822	40f7af072526a2bfb4d2d18794093216f1d8a723a81c94cc1f3fab3546dfd5f6	
added	embedded-user-sdk-reference	target/linux/realtek/vendor/legacy-switch-sdk/source/src/app/diag_v2/include/parser/cparser_token.h	9462	99b110081763fb7d75f0d4827115ee4700f4570a7e70326706b28bdb5519ed7d	
added	embedded-user-sdk-reference	target/linux/realtek/vendor/legacy-switch-sdk/source/src/app/diag_v2/src/Makefile	133	f1a0b3adb1061bf0ed4b28a1fb4dba8356fafc94924b21f827581186b81e98f0	
added	embedded-user-sdk-reference	target/linux/realtek/vendor/legacy-switch-sdk/source/src/app/diag_v2/src/diag_acl.c	271172	5369a1109df706819e7d3a579196d1e9afe80bda7546a7c21aabbe06df601dbc	
added	embedded-user-sdk-reference	target/linux/realtek/vendor/legacy-switch-sdk/source/src/app/diag_v2/src/diag_cmd.c	2074	19716c2a8bd2f4dc0c32ec3d04b1f5a1c9c81446b1a91efbe9fd7c2a1d0bdd7a	
added	embedded-user-sdk-reference	target/linux/realtek/vendor/legacy-switch-sdk/source/src/app/diag_v2/src/diag_counter.c	49409	15c475ddd2f80780e2558eee9a37695845fb3f938bc00534406ea0fcd91a7097	
added	embedded-user-sdk-reference	target/linux/realtek/vendor/legacy-switch-sdk/source/src/app/diag_v2/src/diag_debug.c	57193	4b8f1510c2df98b3bf62a8b5de24103aa8b616ecca298f0fb8352b908e2cf426	
added	embedded-user-sdk-reference	target/linux/realtek/vendor/legacy-switch-sdk/source/src/app/diag_v2/src/diag_diag.c	33467	b568ffbf5c8a965509cc75d3ce3331adc1a005c7798db74c4e628a7acad16f4e	
added	embedded-user-sdk-reference	target/linux/realtek/vendor/legacy-switch-sdk/source/src/app/diag_v2/src/diag_dot1x.c	28432	23ce9ef4903cf428abca700492b37ce58c4317fc36250e33b6c533e3a83398ad	
added	embedded-user-sdk-reference	target/linux/realtek/vendor/legacy-switch-sdk/source/src/app/diag_v2/src/diag_eee.c	5618	6c23ec868a24499d3e1b7094165fd0a1485dba40e0dc7527ff4620a5b3cfb2da	
added	embedded-user-sdk-reference	target/linux/realtek/vendor/legacy-switch-sdk/source/src/app/diag_v2/src/diag_filter.c	200474	255cd85352e5c51e4500b0b445190cf2bed3dbca83a2ce6ffb95be01a557b339	
added	embedded-user-sdk-reference	target/linux/realtek/vendor/legacy-switch-sdk/source/src/app/diag_v2/src/diag_flowctrl.c	112350	caca8dd296869a37bd7d8db5c1f9c8a127ec363a12f362a30c5230c250697181	
added	embedded-user-sdk-reference	target/linux/realtek/vendor/legacy-switch-sdk/source/src/app/diag_v2/src/diag_gpio.c	10813	8698367377887d76e56a63dcef5e607b50d3f211c0caa3241d2ad6549e0be42d	
added	embedded-user-sdk-reference	target/linux/realtek/vendor/legacy-switch-sdk/source/src/app/diag_v2/src/diag_l2.c	313770	ee989bd1d5bd68d9b4883b56e90d453b9224f53633d15db2fdbc7339a1ab83e1	
added	embedded-user-sdk-reference	target/linux/realtek/vendor/legacy-switch-sdk/source/src/app/diag_v2/src/diag_l3.c	18049	568d633d0005cbcaeb82171bfb547ee6520c65ce71c80c7240dab012c2840e52	
added	embedded-user-sdk-reference	target/linux/realtek/vendor/legacy-switch-sdk/source/src/app/diag_v2/src/diag_led.c	14514	4b0a1b6d2ef91c14403ab481f3b1aa825b464c633b8e710b871877c490af4e5e	
added	embedded-user-sdk-reference	target/linux/realtek/vendor/legacy-switch-sdk/source/src/app/diag_v2/src/diag_main.c	3634	118ffd1f9e6cda7b34cc5a02617415222b3799da08f23f3c721bf53cc0259f01	
added	embedded-user-sdk-reference	target/linux/realtek/vendor/legacy-switch-sdk/source/src/app/diag_v2/src/diag_mirror.c	48167	ce6853c393ff649656668556d692b9139c67fb3a3d32e0649f6b64af24881f61	
added	embedded-user-sdk-reference	target/linux/realtek/vendor/legacy-switch-sdk/source/src/app/diag_v2/src/diag_mpls.c	6142	17649aee75cf2030af3f898d1669f97faf22406f3897492f9f7602a1502f11e0	
added	embedded-user-sdk-reference	target/linux/realtek/vendor/legacy-switch-sdk/source/src/app/diag_v2/src/diag_nic.c	19660	037017aa18ddaafa4b55475e1919641ea9ff620346db804882367f35aabafd09	
added	embedded-user-sdk-reference	target/linux/realtek/vendor/legacy-switch-sdk/source/src/app/diag_v2/src/diag_oam.c	128724	486841e085afb3fb776355eaad7f364ccda31279d25a37e9cd45f8b9aec82730	
added	embedded-user-sdk-reference	target/linux/realtek/vendor/legacy-switch-sdk/source/src/app/diag_v2/src/diag_om.c	2843	d966ac1bc6aa090dada56c3afe5724f0663bc437f5b105e52727ed40fc0753e0	
added	embedded-user-sdk-reference	target/linux/realtek/vendor/legacy-switch-sdk/source/src/app/diag_v2/src/diag_pie.c	238786	b1a58fe7ecddc8279a98b94cd952a77986b4d3c15997bb711303f9fb493a48ef	
added	embedded-user-sdk-reference	target/linux/realtek/vendor/legacy-switch-sdk/source/src/app/diag_v2/src/diag_port.c	124491	534ec4f7f2436abb5815c92cab6b531792028babd5808c8d2ecc3c4938bb9e32	
added	embedded-user-sdk-reference	target/linux/realtek/vendor/legacy-switch-sdk/source/src/app/diag_v2/src/diag_qos.c	199311	e509f51e3b3f5fec4452c311cac642d4bd7112cb70d8f34e20ec219aaa269de9	
added	embedded-user-sdk-reference	target/linux/realtek/vendor/legacy-switch-sdk/source/src/app/diag_v2/src/diag_rate.c	95492	76f768fa4812d1d28443261325d6702641d6621b8b6a479881d5a8493d6cecf7	
added	embedded-user-sdk-reference	target/linux/realtek/vendor/legacy-switch-sdk/source/src/app/diag_v2/src/diag_reg.c	7731	5a66e8d48965c7a190aaa7d1a6e2efd9f075993d1fe4131fd703f79cb5cbce5d	
added	embedded-user-sdk-reference	target/linux/realtek/vendor/legacy-switch-sdk/source/src/app/diag_v2/src/diag_rtl8231.c	35329	c24888ce925c68991b6cffb162e91cbb8679f6f7835751df8366cb2f898ee1c9	
added	embedded-user-sdk-reference	target/linux/realtek/vendor/legacy-switch-sdk/source/src/app/diag_v2/src/diag_sdk.c	3482	3128feb66b9684cfa7c585c9189c6f58818dab5ff451e21eb4f8e92e05798412	
added	embedded-user-sdk-reference	target/linux/realtek/vendor/legacy-switch-sdk/source/src/app/diag_v2/src/diag_sec.c	25644	1c72d593da16cd33e6d82561d404ef0d52d49b994d9532d8283d1e7671dfbd69	
added	embedded-user-sdk-reference	target/linux/realtek/vendor/legacy-switch-sdk/source/src/app/diag_v2/src/diag_smi.c	6613	9fab98af25ec3dbe492d44200f6070cc0e3ed484adb4e986c89fdc1516451830	
added	embedded-user-sdk-reference	target/linux/realtek/vendor/legacy-switch-sdk/source/src/app/diag_v2/src/diag_stp.c	7231	e594d3846f285f51c80a772f7499b63598cdc4054db69669bd164e3777af0f68	
added	embedded-user-sdk-reference	target/linux/realtek/vendor/legacy-switch-sdk/source/src/app/diag_v2/src/diag_svlan.c	13237	d139d234dc2fe900f271b08d739b0e454dc43c75a493ab7773b2f1265616ad17	
added	embedded-user-sdk-reference	target/linux/realtek/vendor/legacy-switch-sdk/source/src/app/diag_v2/src/diag_switch.c	48075	1cf9bd4b2756ececd6165e3f5e79a467093766cfdc3fe29ad715ab1fe7db37ec	
added	embedded-user-sdk-reference	target/linux/realtek/vendor/legacy-switch-sdk/source/src/app/diag_v2/src/diag_time.c	11625	702397f7255b7a8260d3474f693cc6223214be008465e7a3d109450a2d91015e	
added	embedded-user-sdk-reference	target/linux/realtek/vendor/legacy-switch-sdk/source/src/app/diag_v2/src/diag_trap.c	226161	06f617e5b2cfc352fe956b79359b80750bb47238c733cb86fd6ae7b93e96c012	
added	embedded-user-sdk-reference	target/linux/realtek/vendor/legacy-switch-sdk/source/src/app/diag_v2/src/diag_trunk.c	48383	2c0a4848b62f18d30f8fb85610cb74368d8150074ac70934d9f5fe44367fe37b	
added	embedded-user-sdk-reference	target/linux/realtek/vendor/legacy-switch-sdk/source/src/app/diag_v2/src/diag_uart.c	3963	87223f5d284ec9b42f402f35b5ba6ad93a8c7af9ee9a9fee78eafe21216b4fb0	
added	embedded-user-sdk-reference	target/linux/realtek/vendor/legacy-switch-sdk/source/src/app/diag_v2/src/diag_util.c	25628	72bd6666ec6b4ac63bde59922398f956a091c69df451c30ecfb464d1de69b83b	
added	embedded-user-sdk-reference	target/linux/realtek/vendor/legacy-switch-sdk/source/src/app/diag_v2/src/diag_vlan.c	168523	57f59e834c14c04549e0d5b2e59cf8f2824a6ff493e38522835388212ee03980	
added	embedded-user-sdk-reference	target/linux/realtek/vendor/legacy-switch-sdk/source/src/app/diag_v2/src/ext/diag_ext_8380.c	2778	d21b6f25b48a308758373c117d91b73f0c9c6b4ea8b88e88cf794c71837fea9f	
added	embedded-user-sdk-reference	target/linux/realtek/vendor/legacy-switch-sdk/source/src/app/diag_v2/src/ext/diag_ext_8390.c	131122	e77328d943b2b75454019a30cb842d46293b1299f13c731d17bd11911d4dc995	
added	embedded-user-sdk-reference	target/linux/realtek/vendor/legacy-switch-sdk/source/src/app/diag_v2/src/parser/cparser.c	31974	efd077a75185acfb30ad50fc90429c82bda092cef3c7808984eb78f24e26aebf	
added	embedded-user-sdk-reference	target/linux/realtek/vendor/legacy-switch-sdk/source/src/app/diag_v2/src/parser/cparser_fsm.c	20244	e479cd3088f04a1f5ebccd081cc2d1342940910a36fe2129448115df6dfc451f	
added	embedded-user-sdk-reference	target/linux/realtek/vendor/legacy-switch-sdk/source/src/app/diag_v2/src/parser/cparser_io_unix.c	6059	ba47cca267601a4d13acd6c9554b9d820ec73365212f66fdd89659dbe2dbb6aa	
added	embedded-user-sdk-reference	target/linux/realtek/vendor/legacy-switch-sdk/source/src/app/diag_v2/src/parser/cparser_line.c	10479	f02d79bca50dea7a148275b2cb9542a3126ba2545ae59c7c810ec43e84b20ed5	
added	embedded-user-sdk-reference	target/linux/realtek/vendor/legacy-switch-sdk/source/src/app/diag_v2/src/parser/cparser_token.c	35298	9b9e3524fe91cc59f2f168aff4bb5155661a07dad215303da3be8d88cd5199ae	
added	embedded-user-sdk-reference	target/linux/realtek/vendor/legacy-switch-sdk/source/src/app/diag_v2/src/parser/cparser_token_tbl.c	3716	fe8519db062d67bb50e573f3475b7c8c729239833819b730316490345b2e82c1	
added	embedded-user-sdk-reference	target/linux/realtek/vendor/legacy-switch-sdk/source/src/common/rt_error.c	17706	4bdba21763c4cd5a884a8d6fbf7446442a06cd0ff25c38c33ca40a700489bd64	
added	embedded-user-sdk-reference	target/linux/realtek/vendor/legacy-switch-sdk/source/src/common/util/rt_bitop.c	4635	44f627e10019dc334049ded8f926c95623f3e9d28a5012c29b8892e904364f04	
added	embedded-user-sdk-reference	target/linux/realtek/vendor/legacy-switch-sdk/source/src/common/util/rt_util.c	1325	853bf724443e10c0c79e775d9fb9f5dc57d78be4151d334f652f096871b4c4ba	
added	embedded-user-sdk-reference	target/linux/realtek/vendor/legacy-switch-sdk/source/src/dal/cypress/dal_cypress_acl.c	358081	6bc46967e68b42c6592e80adc8f0ab3984085d3c0938549c0d1fb4e436717450	
added	embedded-user-sdk-reference	target/linux/realtek/vendor/legacy-switch-sdk/source/src/dal/cypress/dal_cypress_common.c	9467	6d66cb809e792d5cfd834cc90706269a12df03da78472e16153324ba07663f4b	
added	embedded-user-sdk-reference	target/linux/realtek/vendor/legacy-switch-sdk/source/src/dal/cypress/dal_cypress_diag.c	32653	23cbb665043324246266cc8d14fb77b2274a057f5c8f63ee8c0c38bba0b0d658	
added	embedded-user-sdk-reference	target/linux/realtek/vendor/legacy-switch-sdk/source/src/dal/cypress/dal_cypress_eee.c	16717	16e3d062f1b1a1029749d988b2eb15fa19efbe9dcea9fc2999db292cfa336d70	
added	embedded-user-sdk-reference	target/linux/realtek/vendor/legacy-switch-sdk/source/src/dal/cypress/dal_cypress_flowctrl.c	68575	1e555e2d326ff0de0c012d8394665245f4b92bffcadd24585350c9b2c4bf696a	
added	embedded-user-sdk-reference	target/linux/realtek/vendor/legacy-switch-sdk/source/src/dal/cypress/dal_cypress_l2.c	443086	11ed22b5f1106b4308d621447b75ee9f81d59bfe09ef580d0e3d60d0ee5dd0da	
added	embedded-user-sdk-reference	target/linux/realtek/vendor/legacy-switch-sdk/source/src/dal/cypress/dal_cypress_l3.c	11738	cd15411f8865be3d20a796f44931218d3992136e2f350e1ed7455344abab9cfc	
added	embedded-user-sdk-reference	target/linux/realtek/vendor/legacy-switch-sdk/source/src/dal/cypress/dal_cypress_led.c	21623	246cafb42b12a6e993bf9c0842e4e44a7a8c9735585e50e9f927b45c94325c50	
added	embedded-user-sdk-reference	target/linux/realtek/vendor/legacy-switch-sdk/source/src/dal/cypress/dal_cypress_mapper.c	135703	ad1622356c002ca0e2a49d3d134fafb3a747086a8d095cf3e39896af825ecc77	
added	embedded-user-sdk-reference	target/linux/realtek/vendor/legacy-switch-sdk/source/src/dal/cypress/dal_cypress_mirror.c	55603	501d56a94c2bd3901c4dea6fbee75ea498f7fc9447cc5d6782f61c544604e1d7	
added	embedded-user-sdk-reference	target/linux/realtek/vendor/legacy-switch-sdk/source/src/dal/cypress/dal_cypress_mpls.c	16304	a868954f35d1c3e73318cbe54be9ddcc914fc6436bf85d136b355392fadbec38	
added	embedded-user-sdk-reference	target/linux/realtek/vendor/legacy-switch-sdk/source/src/dal/cypress/dal_cypress_oam.c	67701	0055d998a5434e65e1c09d8645268500482c4e8ac20b89dd41f41506566eb79a	
added	embedded-user-sdk-reference	target/linux/realtek/vendor/legacy-switch-sdk/source/src/dal/cypress/dal_cypress_port.c	177520	00f534f67f04f259d8758d310b0aff7c712b240cbbfccf0c0257730bf855552f	
added	embedded-user-sdk-reference	target/linux/realtek/vendor/legacy-switch-sdk/source/src/dal/cypress/dal_cypress_qos.c	173802	fb19ee48cd84079fd85f357c387bf1d02c38e1cd53be0e4961dce90fdf101aa8	
added	embedded-user-sdk-reference	target/linux/realtek/vendor/legacy-switch-sdk/source/src/dal/cypress/dal_cypress_rate.c	152909	687cc33d68d2ea42f09606adae7603d83548a8d37a6a8afff14ee32e5b842263	
added	embedded-user-sdk-reference	target/linux/realtek/vendor/legacy-switch-sdk/source/src/dal/cypress/dal_cypress_sec.c	29326	df4539d4c06595ce22a5377ea845d7e5f035270ed7cb6874fbcee91bc43907de	
added	embedded-user-sdk-reference	target/linux/realtek/vendor/legacy-switch-sdk/source/src/dal/cypress/dal_cypress_stat.c	58718	00836c29b2042295f4a854af7ae2ba780924f070787c6bd089c1ad195efc5ef2	
added	embedded-user-sdk-reference	target/linux/realtek/vendor/legacy-switch-sdk/source/src/dal/cypress/dal_cypress_stp.c	19723	d40aa5c9a60b65d642f5794dabb7977d5afb9054219b25cbd2171719e087cd9b	
added	embedded-user-sdk-reference	target/linux/realtek/vendor/legacy-switch-sdk/source/src/dal/cypress/dal_cypress_switch.c	42338	3085618d458f7ba5bf5a94aedf3390102210bb9975ec7453afd53b7b00b40b05	
added	embedded-user-sdk-reference	target/linux/realtek/vendor/legacy-switch-sdk/source/src/dal/cypress/dal_cypress_time.c	24809	c2bab2f048e7ae504c3156518f585c4f38a345dfa4fc16d25447ad3ca3803f76	
added	embedded-user-sdk-reference	target/linux/realtek/vendor/legacy-switch-sdk/source/src/dal/cypress/dal_cypress_trap.c	138800	bdd336e52325a9800df64659a8241338480f6997b42e6c2ce77fead6b6b9b277	
added	embedded-user-sdk-reference	target/linux/realtek/vendor/legacy-switch-sdk/source/src/dal/cypress/dal_cypress_trunk.c	29819	1b5058d2d01f86e5224280872f94935a1c999854424cd1e0a4fb50ce99d0e134	
added	embedded-user-sdk-reference	target/linux/realtek/vendor/legacy-switch-sdk/source/src/dal/cypress/dal_cypress_vlan.c	251552	da75ebd7deb6a985a0c5c8454f729184501f598d4e16e1a6b841949f72873431	
added	embedded-user-sdk-reference	target/linux/realtek/vendor/legacy-switch-sdk/source/src/dal/dal_common.c	928	9930492997aca8720ba38bdcdd9e5309d9bb04425ca52d86d255e4a55e41d504	
added	embedded-user-sdk-reference	target/linux/realtek/vendor/legacy-switch-sdk/source/src/dal/dal_linkFaultMon.c	9365	f07e8dc5f236dda0c9202d17d1b1f1ff6598960e9cccf627063c370d3b8ebf59	
added	embedded-user-sdk-reference	target/linux/realtek/vendor/legacy-switch-sdk/source/src/dal/dal_linkMon.c	35093	9980307baa97b179378ac8466e5d0164a2a63017f7d454bd0e24dde5f945a61c	
added	embedded-user-sdk-reference	target/linux/realtek/vendor/legacy-switch-sdk/source/src/dal/dal_losMon.c	17546	bd817e80a03823e494e850c08b633b8d709e9723c21f1e3a6f11e51724111fbf	
added	embedded-user-sdk-reference	target/linux/realtek/vendor/legacy-switch-sdk/source/src/dal/dal_losMon_conf.c	3032	1053aedc7825b3794e68dc57b260f42653172c2e8c731badc15fb15dca592db1	
added	embedded-user-sdk-reference	target/linux/realtek/vendor/legacy-switch-sdk/source/src/dal/dal_macMon.c	9185	8978e31c16b14b6c54299886a1a53b40173ee962e45e09539cbc4b98c49100ac	
added	embedded-user-sdk-reference	target/linux/realtek/vendor/legacy-switch-sdk/source/src/dal/dal_mgmt.c	13765	7d551f88093c38184b30282171b4dde97bcab88128acbc043f52165227f9e8c8	
added	embedded-user-sdk-reference	target/linux/realtek/vendor/legacy-switch-sdk/source/src/dal/dal_waMon.c	15195	10d1dc0209785b3287547d462d2154ba66528d7f36d5680270117fe59722a35c	
added	embedded-user-sdk-reference	target/linux/realtek/vendor/legacy-switch-sdk/source/src/dal/esw/dal_esw_diag.c	11682	bb625b6f09dde98b6239275210e6adf3dc1f7f1ad8addcbc49f136d1e316275e	
added	embedded-user-sdk-reference	target/linux/realtek/vendor/legacy-switch-sdk/source/src/dal/esw/dal_esw_dot1x.c	53761	5652e55f281cefc266c44452265ded21697590516220d528d75aeef4b7a96baa	
added	embedded-user-sdk-reference	target/linux/realtek/vendor/legacy-switch-sdk/source/src/dal/esw/dal_esw_eee.c	12045	9d24b9640946410f4aa8e498a718c91ff0275e272f383dc1d5dab334198134b9	
added	embedded-user-sdk-reference	target/linux/realtek/vendor/legacy-switch-sdk/source/src/dal/esw/dal_esw_flowctrl.c	66310	3c3e610ddb2cbd4c6cf2f00c1d85ff44e40f83de9a51e7cd68d0ddb1c14eb895	
added	embedded-user-sdk-reference	target/linux/realtek/vendor/legacy-switch-sdk/source/src/dal/esw/dal_esw_l2.c	416059	fe58a1c023b094bcb181de93630d483d3c7af54668908de9dd52316fb3a72605	
added	embedded-user-sdk-reference	target/linux/realtek/vendor/legacy-switch-sdk/source/src/dal/esw/dal_esw_l3.c	24874	934121c10ac1b00ab1edffbbc3d6a81f30a28db49797afefbf36a46ed2856b07	
added	embedded-user-sdk-reference	target/linux/realtek/vendor/legacy-switch-sdk/source/src/dal/esw/dal_esw_led.c	15693	65c0045347aa715bdf51296ace4309d3cd2c918a7b70a625b858f233eff500ac	
added	embedded-user-sdk-reference	target/linux/realtek/vendor/legacy-switch-sdk/source/src/dal/esw/dal_esw_mapper.c	113734	e7586359c2097c8fcc438e96e50f1b103433d7443447d9cf486ffb68481f5d45	
added	embedded-user-sdk-reference	target/linux/realtek/vendor/legacy-switch-sdk/source/src/dal/esw/dal_esw_mirror.c	70548	b8f6a2a73ea056d29b5e4bcb0854cef220975e97abb951a39b4420113dfc2ec7	
added	embedded-user-sdk-reference	target/linux/realtek/vendor/legacy-switch-sdk/source/src/dal/esw/dal_esw_oam.c	131319	55428b8ef74910a3076d8bdf2f73548dd2bacd116d06341c539274f254ec9340	
added	embedded-user-sdk-reference	target/linux/realtek/vendor/legacy-switch-sdk/source/src/dal/esw/dal_esw_pie.c	560592	7f066bc052593b8e7d10d048f10dbccfbe8e52943236bf2ec39400eebe2e32ab	
added	embedded-user-sdk-reference	target/linux/realtek/vendor/legacy-switch-sdk/source/src/dal/esw/dal_esw_port.c	174184	400d8af060b758b47d84e5d60abfd97e56abe3eded15d2383f2b0bb7c205a223	
added	embedded-user-sdk-reference	target/linux/realtek/vendor/legacy-switch-sdk/source/src/dal/esw/dal_esw_qos.c	197062	08fd4c1cdf5d8237bef430bf5f31388a1dff7d070d4f649a69d74cc9aaf94f46	
added	embedded-user-sdk-reference	target/linux/realtek/vendor/legacy-switch-sdk/source/src/dal/esw/dal_esw_rate.c	102378	576fb6a2fc74de11a32987777f81dc3d5ed381de877c38f0f9507642dbf85b94	
added	embedded-user-sdk-reference	target/linux/realtek/vendor/legacy-switch-sdk/source/src/dal/esw/dal_esw_sec.c	22558	a582678d04a9068b95b7c698018eb894f199485d96fd76c29a899a5cf7db42c4	
added	embedded-user-sdk-reference	target/linux/realtek/vendor/legacy-switch-sdk/source/src/dal/esw/dal_esw_stat.c	47429	1bbd710d4464f0cf42b31aae111bbb8ea711a983ec0cb8b9fc12e30bd8b1611b	
added	embedded-user-sdk-reference	target/linux/realtek/vendor/legacy-switch-sdk/source/src/dal/esw/dal_esw_stp.c	14863	819debfe7a327885bf214befafe5618aa7f4ae6b37c72f42d80d9b0f702f8a7d	
added	embedded-user-sdk-reference	target/linux/realtek/vendor/legacy-switch-sdk/source/src/dal/esw/dal_esw_switch.c	51234	2c113434bffc8a1af6fe3fb1125c853da89a91bc311a623023b80ebe278b25f0	
added	embedded-user-sdk-reference	target/linux/realtek/vendor/legacy-switch-sdk/source/src/dal/esw/dal_esw_trap.c	214218	b58eca064fa781329a56a632351a962efa975ed67ad516fdf01f38c2f31a0f62	
added	embedded-user-sdk-reference	target/linux/realtek/vendor/legacy-switch-sdk/source/src/dal/esw/dal_esw_trunk.c	45030	ddfaf7125079deaa60fe0848c3c21dce408922e489bf7cbaba16511eb3e79aff	
added	embedded-user-sdk-reference	target/linux/realtek/vendor/legacy-switch-sdk/source/src/dal/esw/dal_esw_vlan.c	158090	9c8d41fff3d86db8fef6f3c074f8fd24e10276539ba87c4cbcdd9f4c36d5579b	
added	embedded-user-sdk-reference	target/linux/realtek/vendor/legacy-switch-sdk/source/src/dal/maple/dal_maple_acl.c	304026	a241e90dbcabffcebf7694d92edb50df510bd0924a3ddf9575e64894a27e0a2e	
added	embedded-user-sdk-reference	target/linux/realtek/vendor/legacy-switch-sdk/source/src/dal/maple/dal_maple_diag.c	9788	8994db0222a174075937928582c16bedabf845d341e99eb0d08ca6559b98cb90	
added	embedded-user-sdk-reference	target/linux/realtek/vendor/legacy-switch-sdk/source/src/dal/maple/dal_maple_eee.c	14580	7df875f9fa2e5d24b5e6ada264cbd76e53b8dca4146977e64eedb8119ded7113	
added	embedded-user-sdk-reference	target/linux/realtek/vendor/legacy-switch-sdk/source/src/dal/maple/dal_maple_flowctrl.c	94030	308dde955e42e6f07a3ccf781092ca796ebcf3c2b888cbcd57ed71f512b20820	
added	embedded-user-sdk-reference	target/linux/realtek/vendor/legacy-switch-sdk/source/src/dal/maple/dal_maple_l2.c	442774	286cab4b0fbcb210afdb5d7266a89a3c37457cca1681dfa187f9f6a2709dd58a	
added	embedded-user-sdk-reference	target/linux/realtek/vendor/legacy-switch-sdk/source/src/dal/maple/dal_maple_l3.c	6900	a88afad52d96f6ff0dced794a8b03091cefbb1e2777e2c3f6db2e5b649e2d1c2	
added	embedded-user-sdk-reference	target/linux/realtek/vendor/legacy-switch-sdk/source/src/dal/maple/dal_maple_led.c	24068	0b7922807a483cc1f8a9b7d0b9c82e517eefa27b6bd2ed76b87f362bb8db9f5e	
added	embedded-user-sdk-reference	target/linux/realtek/vendor/legacy-switch-sdk/source/src/dal/maple/dal_maple_mapper.c	135746	c2b68696074ef0756068a929b07fe75004be931613b576fdc4d2ed81a9696dca	
added	embedded-user-sdk-reference	target/linux/realtek/vendor/legacy-switch-sdk/source/src/dal/maple/dal_maple_mirror.c	35239	686666e8975970080cb5ec00ae293c29b1800de5d5665a858ab9f6650ac2eebf	
added	embedded-user-sdk-reference	target/linux/realtek/vendor/legacy-switch-sdk/source/src/dal/maple/dal_maple_port.c	187695	8a51f3b7146d09402d92eac139bab6962b5e73d0a6d234b802561079178bfcb9	
added	embedded-user-sdk-reference	target/linux/realtek/vendor/legacy-switch-sdk/source/src/dal/maple/dal_maple_qos.c	150046	168e21983cb74621e3b3047ce2542b5df0328f56348ca5d2540cb9704d2fb2f9	
added	embedded-user-sdk-reference	target/linux/realtek/vendor/legacy-switch-sdk/source/src/dal/maple/dal_maple_rate.c	104543	b26b1f774ad45e4548f7a45fc9a44476648e275e4118ff20d1e01e79f9e0adf3	
added	embedded-user-sdk-reference	target/linux/realtek/vendor/legacy-switch-sdk/source/src/dal/maple/dal_maple_sec.c	29069	a16927ec1ee78314dcedd4556cb86076420242f5a66604d4ab8398181c77055f	
added	embedded-user-sdk-reference	target/linux/realtek/vendor/legacy-switch-sdk/source/src/dal/maple/dal_maple_stat.c	52687	af205836c5edcae8d8dff59291d305d7ca3c1f2c4fff98fd0907cc0b64d4c173	
added	embedded-user-sdk-reference	target/linux/realtek/vendor/legacy-switch-sdk/source/src/dal/maple/dal_maple_stp.c	17352	3c298dabf6a27a75fc2e125d3740b35b185e0edd2d67c32d11f528a9bb7a01fd	
added	embedded-user-sdk-reference	target/linux/realtek/vendor/legacy-switch-sdk/source/src/dal/maple/dal_maple_switch.c	39272	539a69673ee2687c6b57412a9e193e1f82c2ac36c94eaede568a0a3e58926fa8	
added	embedded-user-sdk-reference	target/linux/realtek/vendor/legacy-switch-sdk/source/src/dal/maple/dal_maple_time.c	57222	84e91784128151a1149f990ba62a0210633634b8abc9add1bd6d2f123adfcb44	
added	embedded-user-sdk-reference	target/linux/realtek/vendor/legacy-switch-sdk/source/src/dal/maple/dal_maple_trap.c	107628	6b09ce7626dbf5ed72dd231afe4a1baf44fe4edf66d595b488752f219efb9d95	
added	embedded-user-sdk-reference	target/linux/realtek/vendor/legacy-switch-sdk/source/src/dal/maple/dal_maple_trunk.c	29250	68547a1222f00c5f83c9dc49234f88c6e2db5e28df5858cf161a711dd978be72	
added	embedded-user-sdk-reference	target/linux/realtek/vendor/legacy-switch-sdk/source/src/dal/maple/dal_maple_vlan.c	201182	d48348fddafd276dd344647c2af869c30ea40b052d8928a5c4bc94adc09cc3db	
added	embedded-user-sdk-reference	target/linux/realtek/vendor/legacy-switch-sdk/source/src/dal/ssw/dal_ssw_diag.c	15898	1bb9db97215eddc34659dff371ce637e75004758b7b0ee649fc75b6b8f2a4821	
added	embedded-user-sdk-reference	target/linux/realtek/vendor/legacy-switch-sdk/source/src/dal/ssw/dal_ssw_dot1x.c	31709	86ed249cd1ff0e2f07e910fecbd9a87548be47cd9ea369b75df19f9a8aea7bd1	
added	embedded-user-sdk-reference	target/linux/realtek/vendor/legacy-switch-sdk/source/src/dal/ssw/dal_ssw_eee.c	5486	099c04591299462235128fe150cc9ad22667cd7e49a835c1754f745b5a1a1931	
added	embedded-user-sdk-reference	target/linux/realtek/vendor/legacy-switch-sdk/source/src/dal/ssw/dal_ssw_filter.c	192513	fa64b32b3389752265903d9b4249ee1ef43f9b737a73ce6c93cd583c8ca2caef	
added	embedded-user-sdk-reference	target/linux/realtek/vendor/legacy-switch-sdk/source/src/dal/ssw/dal_ssw_flowctrl.c	49339	a89ad20fbbbd9eec8c923b3afabfc3fa0afe79bf2018ed376720033f7e512744	
added	embedded-user-sdk-reference	target/linux/realtek/vendor/legacy-switch-sdk/source/src/dal/ssw/dal_ssw_l2.c	200284	b8a1c992c71346cc27b9a8da19698e20be72dbe951d8334b523afc0482dd0fb8	
added	embedded-user-sdk-reference	target/linux/realtek/vendor/legacy-switch-sdk/source/src/dal/ssw/dal_ssw_led.c	8760	d9a35f2d68d5cad2e59fb8ca86264ca739f89625527542b3c44cb306d03cda2b	
added	embedded-user-sdk-reference	target/linux/realtek/vendor/legacy-switch-sdk/source/src/dal/ssw/dal_ssw_mapper.c	87425	ab34c9d31ebf618eb54179b55e3e5d2e488b902c75de4ba3da0bfc912d9d74e5	
added	embedded-user-sdk-reference	target/linux/realtek/vendor/legacy-switch-sdk/source/src/dal/ssw/dal_ssw_mirror.c	21539	d07dada5470701cd8ccd26fa6c1dafbd51e50242df1f1e9ab1fefda6e9aa95b5	
added	embedded-user-sdk-reference	target/linux/realtek/vendor/legacy-switch-sdk/source/src/dal/ssw/dal_ssw_port.c	123050	a92c49b3a1f881a7b0a4b1782dbfcb3473a0f98309cbdce060da4797253cffc7	
added	embedded-user-sdk-reference	target/linux/realtek/vendor/legacy-switch-sdk/source/src/dal/ssw/dal_ssw_qos.c	85978	f5a7c8fe12c66b190702d7c22e61d9af267eeaab17f63b5ecf91f081529f6fc6	
added	embedded-user-sdk-reference	target/linux/realtek/vendor/legacy-switch-sdk/source/src/dal/ssw/dal_ssw_rate.c	53837	6b107214fb738d81757ffe1622c7a8414eabce295c6c8cf6af27057ed252f05c	
added	embedded-user-sdk-reference	target/linux/realtek/vendor/legacy-switch-sdk/source/src/dal/ssw/dal_ssw_stat.c	30209	0bdc41dcc87618029d55b868a9cbc7a017597844abfbdb0cde4189917b1aa3c4	
added	embedded-user-sdk-reference	target/linux/realtek/vendor/legacy-switch-sdk/source/src/dal/ssw/dal_ssw_stp.c	16349	beb5870d5224c9fb38e9d7305aff9028e430061df4bb6dc4158a70b632e1db6d	
added	embedded-user-sdk-reference	target/linux/realtek/vendor/legacy-switch-sdk/source/src/dal/ssw/dal_ssw_svlan.c	44001	5ddbf16c11ced9ce6bc0a07261c60e82385d3be2b7655cd676d73c78ce9fb5c0	
added	embedded-user-sdk-reference	target/linux/realtek/vendor/legacy-switch-sdk/source/src/dal/ssw/dal_ssw_switch.c	14643	2a2029539b6e6c904719ccd868c18f768efd5c1d68e2ea1584f0fbfc430e0af1	
added	embedded-user-sdk-reference	target/linux/realtek/vendor/legacy-switch-sdk/source/src/dal/ssw/dal_ssw_time.c	24270	bbb4d00fe115471264d81f015b71e3d0b6e9cc1b53309439e852d16da14a2b21	
added	embedded-user-sdk-reference	target/linux/realtek/vendor/legacy-switch-sdk/source/src/dal/ssw/dal_ssw_trap.c	34416	9c24e096637f1aedc52ea89e0e0059b09bf3438169f127140ea4de4e8ee1e737	
added	embedded-user-sdk-reference	target/linux/realtek/vendor/legacy-switch-sdk/source/src/dal/ssw/dal_ssw_trunk.c	55024	81fe59b435c2c4c7fbe4b590d32a83f2f3c4e49cb882d764bc734be4e82c2b38	
added	embedded-user-sdk-reference	target/linux/realtek/vendor/legacy-switch-sdk/source/src/dal/ssw/dal_ssw_vlan.c	63451	5e5076e32fc2c97c90a311b043a02d4bd4aeb3106694874d604e892e34fcc1ff	
added	embedded-user-sdk-reference	target/linux/realtek/vendor/legacy-switch-sdk/source/src/hal/chipdef/chip.c	72140	1df90a29662031d24d180cccca4bb609ba1483c58d6978e69407c1805f55288a	
added	embedded-user-sdk-reference	target/linux/realtek/vendor/legacy-switch-sdk/source/src/hal/chipdef/cypress/chip_rtl8390.c	129268	bcb0a22b2d6eb82d03ee15ac6835936b8401375be15f0040fea77dce2a4bf9e6	
added	embedded-user-sdk-reference	target/linux/realtek/vendor/legacy-switch-sdk/source/src/hal/chipdef/cypress/rtk_cypress_regField_list.c	1175168	96a022fb584d2e8ddf2de6e410b7bf1653c63f3c003a7ffb72ada50570c95743	
added	embedded-user-sdk-reference	target/linux/realtek/vendor/legacy-switch-sdk/source/src/hal/chipdef/cypress/rtk_cypress_reg_list.c	300567	7e5b01f104cbd2f2578681589514e9f0d94aa918e14fcfe09aaa37c7cf4adb3a	
added	embedded-user-sdk-reference	target/linux/realtek/vendor/legacy-switch-sdk/source/src/hal/chipdef/cypress/rtk_cypress_tableField_list.c	50928	8da29af5abea9e90d03c5b42e3790e9f6a7919055a7a3620d21f65b2a3cf6093	
added	embedded-user-sdk-reference	target/linux/realtek/vendor/legacy-switch-sdk/source/src/hal/chipdef/cypress/rtk_cypress_table_list.c	11205	a7743481522a47322b88f23aa40b66214c6287c37f78be8489a593fc3ecafeec	
added	embedded-user-sdk-reference	target/linux/realtek/vendor/legacy-switch-sdk/source/src/hal/chipdef/driver.c	2346	5ab5d70e5249c3c97d500777a519fbbaa8a4a595b332750fa9ecd92c9c785095	
added	embedded-user-sdk-reference	target/linux/realtek/vendor/legacy-switch-sdk/source/src/hal/chipdef/esw/chip_rtl8328.c	196645	6b9eb6df5f67532397ca16bc3cd0fcc48d11055600c5c403ede27bad86242cd5	
added	embedded-user-sdk-reference	target/linux/realtek/vendor/legacy-switch-sdk/source/src/hal/chipdef/esw/rtk_esw_regField_list.c	1116287	d0a94a0959669e587c05c056a90d27532bd0cbfb5bd90bdfc8b2a01092a6af68	
added	embedded-user-sdk-reference	target/linux/realtek/vendor/legacy-switch-sdk/source/src/hal/chipdef/esw/rtk_esw_reg_list.c	846423	e20fafab3a1cdc9810dc9f575d62b79fc3fd883ee60b879ddc9ed145d96ccc4d	
added	embedded-user-sdk-reference	target/linux/realtek/vendor/legacy-switch-sdk/source/src/hal/chipdef/esw/rtk_esw_tableField_list.c	17436	ff0b3016d917aa063111d992fb865d4fc5958b7b118bd5672a063d75f43b6597	
added	embedded-user-sdk-reference	target/linux/realtek/vendor/legacy-switch-sdk/source/src/hal/chipdef/esw/rtk_esw_table_list.c	8836	fb1c3866d8910f99f36268d87d49d512a85d1069cc2e5c78858fd3afe3fab5c1	
added	embedded-user-sdk-reference	target/linux/realtek/vendor/legacy-switch-sdk/source/src/hal/chipdef/maple/chip_rtl8380.c	346672	e51ded1e5d9c33d369a33e10928527fb609d9d6af6657e178181717753517f52	
added	embedded-user-sdk-reference	target/linux/realtek/vendor/legacy-switch-sdk/source/src/hal/chipdef/maple/rtk_maple_regField_list.c	978028	0763ef42558a776edfd04d89fefdfe237e551ccf64ed7eed75ec5faa5394ec52	
added	embedded-user-sdk-reference	target/linux/realtek/vendor/legacy-switch-sdk/source/src/hal/chipdef/maple/rtk_maple_reg_list.c	885912	cb1fa2fe1ea97f9ef96d3e9d6b34def0781c0589eb8076ceb355dac92030e681	
added	embedded-user-sdk-reference	target/linux/realtek/vendor/legacy-switch-sdk/source/src/hal/chipdef/maple/rtk_maple_tableField_list.c	24717	45134b6474a5453b8a608f3c1c37fd209707addfec243cd6e00ef06f67a2282d	
added	embedded-user-sdk-reference	target/linux/realtek/vendor/legacy-switch-sdk/source/src/hal/chipdef/maple/rtk_maple_table_list.c	7681	572ef265eabfd7ccb2c075ce7ba46328a319e0730c66c495a444294d1c58f673	
added	embedded-user-sdk-reference	target/linux/realtek/vendor/legacy-switch-sdk/source/src/hal/chipdef/ssw/chip_rtl8389.c	274751	d2615f8a1936e0a01e08db9a3f36b77a0e9bb9214ac4c1ff7dd4bea7a4eb1db6	
added	embedded-user-sdk-reference	target/linux/realtek/vendor/legacy-switch-sdk/source/src/hal/chipdef/ssw/rtk_ssw_regField_list.c	1071849	236b61daa0aab49d7eec824742f48c675aee4090abfd4287ede7d0e076c7806e	
added	embedded-user-sdk-reference	target/linux/realtek/vendor/legacy-switch-sdk/source/src/hal/chipdef/ssw/rtk_ssw_reg_list.c	1192815	07fd3bd7ef68c341db6667311f72a3a9ea4c8589c6555df799cb7e1c5e953500	
added	embedded-user-sdk-reference	target/linux/realtek/vendor/legacy-switch-sdk/source/src/hal/chipdef/ssw/rtk_ssw_tableField_list.c	11580	0bcf80180b072c93939441ad288769b37f34eb8efff494bd0d60c95006159a5c	
added	embedded-user-sdk-reference	target/linux/realtek/vendor/legacy-switch-sdk/source/src/hal/chipdef/ssw/rtk_ssw_table_list.c	3292	7cef8c42677c8d00e311c5159efd300573ae62773870739c8a0d1a588c5b6573	
added	embedded-user-sdk-reference	target/linux/realtek/vendor/legacy-switch-sdk/source/src/hal/common/halctrl.c	4273	1130e10641ff33dc2404490f8d48ad1504a8a2a96ef3a35061beb8a5d4f060c2	
added	embedded-user-sdk-reference	target/linux/realtek/vendor/legacy-switch-sdk/source/src/hal/common/miim.c	83636	7395829cfa9e6eb3aa81164f2f47d0146357df50e28d26ae9958c7c5bcb8a15e	
added	embedded-user-sdk-reference	target/linux/realtek/vendor/legacy-switch-sdk/source/src/hal/mac/drv.c	228655	06b860bed67f1ec8c8f282b2f9384891fc3fd7e1851ae58b09fcd0cbf86cd225	
added	embedded-user-sdk-reference	target/linux/realtek/vendor/legacy-switch-sdk/source/src/hal/mac/mac_debug.c	266448	b4e275c41206d72d2ce489049c2286e8b57485e4986223c936f594854fe8c794	
added	embedded-user-sdk-reference	target/linux/realtek/vendor/legacy-switch-sdk/source/src/hal/mac/mac_probe.c	14606	73b3a8adc15203b0b6b8ac8b1627b30573364f23fbae0634d512e537b66a1da5	
added	embedded-user-sdk-reference	target/linux/realtek/vendor/legacy-switch-sdk/source/src/hal/mac/mem.c	18582	d985a64d96dd161b42fb80549013482ea266a4436277ff3ebfc221b267e188bf	
added	embedded-user-sdk-reference	target/linux/realtek/vendor/legacy-switch-sdk/source/src/hal/mac/reg.c	52417	bb2b7e65e23e175773d51be142669ad38abf95fc2d34f8774f525f4215dcbad7	
added	embedded-user-sdk-reference	target/linux/realtek/vendor/legacy-switch-sdk/source/src/hal/phy/identify.c	50314	51563603d2ba175ba21444e1028a6ebe7b9593957dcf8c47c63538deb5a1104f	
added	embedded-user-sdk-reference	target/linux/realtek/vendor/legacy-switch-sdk/source/src/hal/phy/phy_8201.c	10519	ee0b39da7d22351d5d9197cfbe7ac1422af43eb132e0acbbe9d1e6865ad1205d	
added	embedded-user-sdk-reference	target/linux/realtek/vendor/legacy-switch-sdk/source/src/hal/phy/phy_8208.c	52829	76c0184a0cfbc4981c3b124e57197053eb1809b583f41736e189ee084db8fe52	
added	embedded-user-sdk-reference	target/linux/realtek/vendor/legacy-switch-sdk/source/src/hal/phy/phy_8208_patch.c	6497	20422e0c996e46c1c4c2997b1b43c14fbfcbf86334b9071d9b1588fca03e0610	
added	embedded-user-sdk-reference	target/linux/realtek/vendor/legacy-switch-sdk/source/src/hal/phy/phy_8212f.c	55535	35333c04231e8db0f641ee02e19aec051810c014cad43bc3305df81b0c282fff	
added	embedded-user-sdk-reference	target/linux/realtek/vendor/legacy-switch-sdk/source/src/hal/phy/phy_8214f.c	48699	41c0c5e6a662571d30a0be61fd91a8daca7f5c75bfc8ee6f83f2109243d2816c	
added	embedded-user-sdk-reference	target/linux/realtek/vendor/legacy-switch-sdk/source/src/hal/phy/phy_8214fb.c	155013	1da660e21b9b37d876b11c86cfecc0aab2459898912a1e3c0b04ff36f5f2b3dc	
added	embedded-user-sdk-reference	target/linux/realtek/vendor/legacy-switch-sdk/source/src/hal/phy/phy_8214fb_patch.c	3422	60a3fd751e5d95b9a48d858707e64449518d64fb27cd78b317cfc4e30bccd253	
added	embedded-user-sdk-reference	target/linux/realtek/vendor/legacy-switch-sdk/source/src/hal/phy/phy_8218.c	104776	db9a1979e05b80675fdf735f9db9d4c8cd694f96601536d9265ae3f18972bf60	
added	embedded-user-sdk-reference	target/linux/realtek/vendor/legacy-switch-sdk/source/src/hal/phy/phy_8218b.c	219383	adf74fd76b5633bac1e2f0fa2c0514c597d6089db9bfec42e0df27920d49ba35	
added	embedded-user-sdk-reference	target/linux/realtek/vendor/legacy-switch-sdk/source/src/hal/phy/phy_8218b_patch.c	125336	e0cd86933f6fa7807a1432353c387f40644a726be3c8845f9b369bc56da7b9ce	
added	embedded-user-sdk-reference	target/linux/realtek/vendor/legacy-switch-sdk/source/src/hal/phy/phy_8328.c	6322	95cd4ee90e678ea027a8f76e021578b658a1f283718a7aeff6636b3e0b582702	
added	embedded-user-sdk-reference	target/linux/realtek/vendor/legacy-switch-sdk/source/src/hal/phy/phy_8380.c	25981	b126da68a5940196bb0f06d0d685d3f468eaff419079d95ddb1c16f88bee23f1	
added	embedded-user-sdk-reference	target/linux/realtek/vendor/legacy-switch-sdk/source/src/hal/phy/phy_8389.c	6334	4671dcf4ee013386a4bf59bf853537998ed7a3a0e3d677cf3e6810094bfba96a	
added	embedded-user-sdk-reference	target/linux/realtek/vendor/legacy-switch-sdk/source/src/hal/phy/phy_8390.c	88576	8796f98e944f295a1fb3a328e76a84aa26dc6ca43d8819bf923c95ae77dead31	
added	embedded-user-sdk-reference	target/linux/realtek/vendor/legacy-switch-sdk/source/src/hal/phy/phy_common.c	10886	b46989896c33a076143be380f7acffd6fb66339d6e3632368818c0a6a5595419	
added	embedded-user-sdk-reference	target/linux/realtek/vendor/legacy-switch-sdk/source/src/hal/phy/phy_probe.c	6371	db7e14e2e91e04793d2abf74b8d142ce419de932c7655666085fe5bbd7559616	
added	embedded-user-sdk-reference	target/linux/realtek/vendor/legacy-switch-sdk/source/src/rtk/acl.c	78213	d1953a0b0a85a40b071fda4477dbf05d9a84d90c139c89d2325de3127d4eafe3	
added	embedded-user-sdk-reference	target/linux/realtek/vendor/legacy-switch-sdk/source/src/rtk/customer/customer_api.c	1937	8aea20b1b4b04a071b0bf180166251f56686d61f7c0d40cdd41434c57a7bdc68	
added	embedded-user-sdk-reference	target/linux/realtek/vendor/legacy-switch-sdk/source/src/rtk/customer/customer_api.mk	183	4797bffe84eb425ee8bb5b3a0786c415c6b1f7cb665d3eea73e00b0bed573590	
added	embedded-user-sdk-reference	target/linux/realtek/vendor/legacy-switch-sdk/source/src/rtk/customer/customer_api_demo.c	1614	5c3fac37c9e2e511a7e13503fe4f9fd027ceb99c8727ee4557b11882d21ea3ac	
added	embedded-user-sdk-reference	target/linux/realtek/vendor/legacy-switch-sdk/source/src/rtk/diag.c	23376	cd042230e937f97b982772f412ee06259ebd49d53c8c7c68829767723dc89eb4	
added	embedded-user-sdk-reference	target/linux/realtek/vendor/legacy-switch-sdk/source/src/rtk/dot1x.c	37099	671ee3892730d4af1f399dfb6e7fec7f50c80e4484904b4ae68b16eb3a625d53	
added	embedded-user-sdk-reference	target/linux/realtek/vendor/legacy-switch-sdk/source/src/rtk/eee.c	6933	b75d2e00bafcde3f30a6ce5c8df3e4cd613283493d56662f1e9354f08fccf964	
added	embedded-user-sdk-reference	target/linux/realtek/vendor/legacy-switch-sdk/source/src/rtk/filter.c	55277	7e0d14fb1e1a4c9cc2ef797b112faa3ed122d9e18268f32f606c959f8c01159f	
added	embedded-user-sdk-reference	target/linux/realtek/vendor/legacy-switch-sdk/source/src/rtk/flowctrl.c	81816	67a8f976508a62e79ce51af99faa5c3599a6ddaa3a1bad000702f68380e39009	
added	embedded-user-sdk-reference	target/linux/realtek/vendor/legacy-switch-sdk/source/src/rtk/init.c	2981	914d99656142f9cb07361a4f8e4d7adb00369519f821db07a6f20441891d3ab8	
added	embedded-user-sdk-reference	target/linux/realtek/vendor/legacy-switch-sdk/source/src/rtk/l2.c	219861	b64b07ddaec765eb5a1646535834d0793173d10f09d34397f67d152a27f47ff9	
added	embedded-user-sdk-reference	target/linux/realtek/vendor/legacy-switch-sdk/source/src/rtk/l3.c	17783	2c6c7ebc332603455ae101262ccb2475f80628b7e701506dc73a1a4d39f0ece1	
added	embedded-user-sdk-reference	target/linux/realtek/vendor/legacy-switch-sdk/source/src/rtk/led.c	14566	07e5d0d22bd96130627e205f6b8087c163d7b57a008bd3b5e46b3fc48ae677c0	
added	embedded-user-sdk-reference	target/linux/realtek/vendor/legacy-switch-sdk/source/src/rtk/mirror.c	47845	e5fac4a497a7560e25ea419834d147938f37a88527340e71fc14215842e25afb	
added	embedded-user-sdk-reference	target/linux/realtek/vendor/legacy-switch-sdk/source/src/rtk/mpls.c	7348	67f1f81402970881d084a3c8df7c51517d7024b4916fb46128cc2213b1949731	
added	embedded-user-sdk-reference	target/linux/realtek/vendor/legacy-switch-sdk/source/src/rtk/oam.c	108822	4e5497f2dbdc5bc2c3c978ef87b2eab48ab5a3c7a92e944368616c3be88dc3dc	
added	embedded-user-sdk-reference	target/linux/realtek/vendor/legacy-switch-sdk/source/src/rtk/pie.c	73250	e544fc63623754ddec9c5532d0dad5cb5ff3285c2b279276852d1c3bd3dd50a4	
added	embedded-user-sdk-reference	target/linux/realtek/vendor/legacy-switch-sdk/source/src/rtk/port.c	111498	bb6f1cfcb8272b4526299437da24246bbe5a02cab1aa3e78411d800c3a5cb950	
added	embedded-user-sdk-reference	target/linux/realtek/vendor/legacy-switch-sdk/source/src/rtk/qos.c	176972	0ec9b310e77e83a6534b14b118831b47ada8ea423250d1f9a1a1f9ad27489e8c	
added	embedded-user-sdk-reference	target/linux/realtek/vendor/legacy-switch-sdk/source/src/rtk/rate.c	101747	8fc4b2934fd11244aea513b1b13bb2da52fdc6ff2bef47503ac5285d10dd8e68	
added	embedded-user-sdk-reference	target/linux/realtek/vendor/legacy-switch-sdk/source/src/rtk/sec.c	26531	38295da3acee8a79c92a487db3496e01c9516238c82de71a5ee271d026f95ef3	
added	embedded-user-sdk-reference	target/linux/realtek/vendor/legacy-switch-sdk/source/src/rtk/stat.c	21676	f043d7c5a36ee87306c9ebc55aa62cd6e850680eff28ea174090bcb84b1e1ed3	
added	embedded-user-sdk-reference	target/linux/realtek/vendor/legacy-switch-sdk/source/src/rtk/stp.c	9284	fd1c780c04ac69044c0ed0acce236db5fcf959d8adf4a5e75431caa719f1aaa8	
added	embedded-user-sdk-reference	target/linux/realtek/vendor/legacy-switch-sdk/source/src/rtk/svlan.c	15888	e5f9fd5c90074ba9428bf92b3d9ca4706778b641915bb8013857694ce4cf3e6b	
added	embedded-user-sdk-reference	target/linux/realtek/vendor/legacy-switch-sdk/source/src/rtk/switch.c	51243	a87a237dbd3ab832274fe90531c26db8da447b6adc31dda4b01f3546e81e2c01	
added	embedded-user-sdk-reference	target/linux/realtek/vendor/legacy-switch-sdk/source/src/rtk/time.c	11693	da432819a3cfe1143524b155cbec36f4a7975ed94c5e24b2ccb91c1aee1e27fe	
added	embedded-user-sdk-reference	target/linux/realtek/vendor/legacy-switch-sdk/source/src/rtk/trap.c	162011	9b2ca5f0e15721abb97d5a26f77aca2ef1f853ef0b7781eaf10fbac60ab70469	
added	embedded-user-sdk-reference	target/linux/realtek/vendor/legacy-switch-sdk/source/src/rtk/trunk.c	28153	bd7952c60ae4946e3afa3c6ddce4b033757c44243e709fcafb4259d71737ed86	
added	embedded-user-sdk-reference	target/linux/realtek/vendor/legacy-switch-sdk/source/src/rtk/vlan.c	178645	ec6dad60547a2d23b95c675585c4ed611479c6081940e95934b982df370f9953	
added	embedded-user-sdk-reference	target/linux/realtek/vendor/legacy-switch-sdk/source/system/common/debug/mem.c	2301	5695fa1b2e54846dc0eb5b118e5e3cf66c63630ee7d9cee67226e0e1dbcaaa24	
added	embedded-user-sdk-reference	target/linux/realtek/vendor/legacy-switch-sdk/source/system/common/debug/rt_log.c	13730	0ac3c081828f21f0ba891e056178653371fb9f9be72517d1274b3396b8d9416c	
added	embedded-user-sdk-reference	target/linux/realtek/vendor/legacy-switch-sdk/source/system/common/debug/user/mem.c	2686	e74a0088c7581624da35f01db13c53c6366c5665b21987122f63ba870cb4bffb	
added	embedded-user-sdk-reference	target/linux/realtek/vendor/legacy-switch-sdk/source/system/common/debug/user/rt_log.c	14960	cfec6d8231b060fca3892fc3efea644a99f503c88862b03e08b129a19fe35e23	
added	embedded-user-sdk-reference	target/linux/realtek/vendor/legacy-switch-sdk/source/system/common/rtcore/init.c	5383	0ec911426c94e2852b33122c04998341463baa8bb57d98a2ef841b316cbdaef5	
added	embedded-user-sdk-reference	target/linux/realtek/vendor/legacy-switch-sdk/source/system/drv/gpio/ext_gpio.c	41547	a31ea7b2408a47c9ac195a13aac01073ac12d1d1276c89f35edc0a2bcd3852bf	
added	embedded-user-sdk-reference	target/linux/realtek/vendor/legacy-switch-sdk/source/system/drv/gpio/generalCtrl_gpio.c	8729	f0cffa562b60c1bed338bea0b83834d0edd242f165d03d9b159c8f865281b242	
added	embedded-user-sdk-reference	target/linux/realtek/vendor/legacy-switch-sdk/source/system/drv/gpio/gpio.c	28728	0aa996de97b7e88f1520e81909f5b22257675af1fb6e5ec6a6fd46ead4b71d23	
added	embedded-user-sdk-reference	target/linux/realtek/vendor/legacy-switch-sdk/source/system/drv/gpio/user/ext_gpio.c	17188	e18319dda7e8508a10eddf60765e432f1def67a7569f3436844bd726db5837b9	
added	embedded-user-sdk-reference	target/linux/realtek/vendor/legacy-switch-sdk/source/system/drv/gpio/user/generalCtrl_gpio.c	6571	181babef2c1e8685673b1e4d7109d3699154c28567cd0b23210cede5094922c0	
added	embedded-user-sdk-reference	target/linux/realtek/vendor/legacy-switch-sdk/source/system/drv/gpio/user/gpio.c	3783	21494f4a77bc03305de33466b4c72579e7246ba52dc1ae6ca8ce72189315e028	
added	embedded-user-sdk-reference	target/linux/realtek/vendor/legacy-switch-sdk/source/system/drv/intr/intr.c	21987	2e45aae811387f71241cd2bf70257d9d7e08427d2e3fa47e7125861a010db799	
added	embedded-user-sdk-reference	target/linux/realtek/vendor/legacy-switch-sdk/source/system/drv/intr/user/intr.c	13598	90b3b5fa55824084900b7d4335d224ef00217cbbd22a178b2929cc0ec47334d1	
added	embedded-user-sdk-reference	target/linux/realtek/vendor/legacy-switch-sdk/source/system/drv/nic/diag.c	5422	95ac0a9e1b012f0734a764bd6758f22c0846e0936084ab540bdc23b0f4270090	
added	embedded-user-sdk-reference	target/linux/realtek/vendor/legacy-switch-sdk/source/system/drv/nic/nic.c	10406	7ecafc4a57fb6d4f38b9b00020c1231d7c42da89b6abdbe3161cdf29fe92019d	
added	embedded-user-sdk-reference	target/linux/realtek/vendor/legacy-switch-sdk/source/system/drv/nic/nic_rx.c	19366	5608438d57f12cbbf4a67cf07cb7cc11c4e3383ae0dcb952f26a0d4f9b3be067	
added	embedded-user-sdk-reference	target/linux/realtek/vendor/legacy-switch-sdk/source/system/drv/nic/probe.c	7155	91cf69bd76c9fe9cc19d09ab82a37518db3c7830fd6d8ce1a6a55dcf1a4d423a	
added	embedded-user-sdk-reference	target/linux/realtek/vendor/legacy-switch-sdk/source/system/drv/nic/r8328.c	119971	d85fae3b135a66ee8c466d11ee837844f384c5a6c7392fe6b615c309f64720c6	
added	embedded-user-sdk-reference	target/linux/realtek/vendor/legacy-switch-sdk/source/system/drv/nic/r8380.c	108165	a66e413da00bff79a7d164de3a6376fe4b3a6a3b5ceafdae7895d3b6273c0324	
added	embedded-user-sdk-reference	target/linux/realtek/vendor/legacy-switch-sdk/source/system/drv/nic/r8389.c	79919	163457c2fab18d6e3878450e974fdf9a386b8499dff77d39bbc2ee770094c65a	
added	embedded-user-sdk-reference	target/linux/realtek/vendor/legacy-switch-sdk/source/system/drv/nic/r8390.c	78006	aa14cce810adf780a00a77e02ea55b64add4b126b222742817f06f05c7e418ef	
added	embedded-user-sdk-reference	target/linux/realtek/vendor/legacy-switch-sdk/source/system/drv/nic/user/diag.c	6900	8b65cede5c4eb773b486c952195795d87d701f5149c3f5d4f75133f7d4b41bfd	
added	embedded-user-sdk-reference	target/linux/realtek/vendor/legacy-switch-sdk/source/system/drv/nic/user/nic.c	4250	6fdf2c9f4708915cda0dc5fdd3104f7a76be9fb3281717c3c30bc0e3f31df34c	
added	embedded-user-sdk-reference	target/linux/realtek/vendor/legacy-switch-sdk/source/system/drv/nic/user/r8328.c	87577	14f2c0807bb274b492eb9ed5de7294bef53373c639313abedd7bb14f8a07f114	
added	embedded-user-sdk-reference	target/linux/realtek/vendor/legacy-switch-sdk/source/system/drv/nic/user/r8380.c	82820	63253345f19edb355ddb0365a3e2e88867fb7fb2aa645d9c6bc7aba2432007df	
added	embedded-user-sdk-reference	target/linux/realtek/vendor/legacy-switch-sdk/source/system/drv/nic/user/r8389.c	72493	013bdfd4881dac180b0f2f711f4ff93dcb763c9dc2d88015c278256a802f5fa3	
added	embedded-user-sdk-reference	target/linux/realtek/vendor/legacy-switch-sdk/source/system/drv/nic/user/r8390.c	73674	42251af19c25428e99393f947188c89ceddc761b6df355468908938a379cf243	
added	embedded-user-sdk-reference	target/linux/realtek/vendor/legacy-switch-sdk/source/system/drv/rtl8231/probe.c	9610	2fb4cacbd0f4ba08d7fd8f0fc448fbd0433ee5c3ce928246e215565e6cb7ce6e	
added	embedded-user-sdk-reference	target/linux/realtek/vendor/legacy-switch-sdk/source/system/drv/rtl8231/r8328.c	6510	402fd531aef94c4e980e4ab137a3fe4229e1e815c2047d014f8fcbadaeec7814	
added	embedded-user-sdk-reference	target/linux/realtek/vendor/legacy-switch-sdk/source/system/drv/rtl8231/r8380.c	38190	a421af9a6c2a128262a1d7fc76987374d06f8269227df014b02d525beee2863e	
added	embedded-user-sdk-reference	target/linux/realtek/vendor/legacy-switch-sdk/source/system/drv/rtl8231/r8389.c	9258	f832f226e65ebab3e4ba10cbffccdcccc8e98a9d1a392dfb57b384d716a2caaa	
added	embedded-user-sdk-reference	target/linux/realtek/vendor/legacy-switch-sdk/source/system/drv/rtl8231/r8390.c	16550	4f0bca532c8df9b1c55dc50400b948a27a544b687c13a1c8ecd5db856c661eaa	
added	embedded-user-sdk-reference	target/linux/realtek/vendor/legacy-switch-sdk/source/system/drv/rtl8231/rtl8231.c	12972	2484a9e3a7107775cc89b4898ab52456f7e8f486a262db88dda8240be7a041e8	
added	embedded-user-sdk-reference	target/linux/realtek/vendor/legacy-switch-sdk/source/system/drv/rtl8231/user/rtl8231.c	4668	15a83dbd56028cd536bde6847742646e6f0358841605600c275b67bfd6efc54d	
added	embedded-user-sdk-reference	target/linux/realtek/vendor/legacy-switch-sdk/source/system/drv/smi/ext_smi.c	20563	4f6b0a9995bd2f37e7b452f2d93e132f3c0760e5ebcd9ac3651741b11ae7335f	
added	embedded-user-sdk-reference	target/linux/realtek/vendor/legacy-switch-sdk/source/system/drv/smi/smi.c	52454	8567e6b72c003edeb25cb58e79b0d5415f91c416211ba7509f144d88cd26d430	
added	embedded-user-sdk-reference	target/linux/realtek/vendor/legacy-switch-sdk/source/system/drv/smi/user/ext_smi.c	2190	fb7ccb4d07f2f1d4fd690dc6a10a0c5ceacce02b6c6317d8d9f3486fd5e04aef	
added	embedded-user-sdk-reference	target/linux/realtek/vendor/legacy-switch-sdk/source/system/drv/smi/user/smi.c	5621	c10a2b14c1914b001428d6833b240abd3b7119e5459755f50b10785916c53385	
added	embedded-user-sdk-reference	target/linux/realtek/vendor/legacy-switch-sdk/source/system/drv/swcore/chip.c	33266	8439eda7be37c64de1d7a3a0f7da5dfb8bae333433b37ee8d6b01fa657b619e8	
added	embedded-user-sdk-reference	target/linux/realtek/vendor/legacy-switch-sdk/source/system/drv/swcore/l2notification.c	13686	2c4152717bae0f0f885192eb12812e8ceec34d3c2d619ebc6f1125f1d5156bc1	
added	embedded-user-sdk-reference	target/linux/realtek/vendor/legacy-switch-sdk/source/system/drv/swcore/l2notification_usr_krn.c	8760	908dd3f2dc9eb196965092599dea80471a52fd3c6142c68e3a288c93da1baa7a	
added	embedded-user-sdk-reference	target/linux/realtek/vendor/legacy-switch-sdk/source/system/drv/swcore/sys.c	9214	61d2a8881abbffcee82a4717601560b52cb3c39f29fc36bc15cc6bd9a77c7745	
added	embedded-user-sdk-reference	target/linux/realtek/vendor/legacy-switch-sdk/source/system/drv/swcore/user/chip.c	3104	8a51339fbe0a29968584977dca5ae97e329db2d42c023fb215e879268699378f	
added	embedded-user-sdk-reference	target/linux/realtek/vendor/legacy-switch-sdk/source/system/drv/swcore/user/l2notification_usr.c	3235	37f8ebcdc5e45f35835dde9ae1221221accd9d5eca56fa58ca8fa43eb11695e7	
added	embedded-user-sdk-reference	target/linux/realtek/vendor/legacy-switch-sdk/source/system/drv/swled/swctrl_led_cfg.c	1143	028e0b6e83794ed58d85d221debef8922fd21a13a58d41fb23d8455a03a71e28	
added	embedded-user-sdk-reference	target/linux/realtek/vendor/legacy-switch-sdk/source/system/drv/swled/swctrl_led_main.c	26101	2da604a5e6423187e149bd7376de18053d54c166c74ecee759aea2ebfacb232c	
added	embedded-user-sdk-reference	target/linux/realtek/vendor/legacy-switch-sdk/source/system/drv/swled/swctrl_led_r8390.c	7692	a7f3b0f81bbd0bb08f71489c7c16290577dacde49b31919e7ad7db8faebd3665	
added	embedded-user-sdk-reference	target/linux/realtek/vendor/legacy-switch-sdk/source/system/drv/uart/probe.c	3452	7d5a7e5fb9457124f12b86afe7cc9b2c017b230b942f571a7c7fd9ca17bfad1f	
added	embedded-user-sdk-reference	target/linux/realtek/vendor/legacy-switch-sdk/source/system/drv/uart/r8380.c	9918	b2d534df4810ef9919286cc10780c955151b51c6d75f6d97537780e98b983f8a	
added	embedded-user-sdk-reference	target/linux/realtek/vendor/legacy-switch-sdk/source/system/drv/uart/r8390.c	10088	c13db1e925fffc027f50067d52ffccf956a9acb306b5ff35a03c0330cff4ebe1	
added	embedded-user-sdk-reference	target/linux/realtek/vendor/legacy-switch-sdk/source/system/drv/uart/uart.c	12369	96dc29ceafe51c003f005966e8e4ba776c1b6013b368872b2f0e3cde61ce58c6	
added	embedded-user-sdk-reference	target/linux/realtek/vendor/legacy-switch-sdk/source/system/drv/uart/user/uart.c	3726	a45fdc42df23bfe461b560be77d9e9874c0b1fc8068d4bbaf0eea2482d7a1160	
added	embedded-user-sdk-reference	target/linux/realtek/vendor/legacy-switch-sdk/source/system/drv/watchdog/probe.c	5396	276e2750e736394c6198879ac7fbf8afea8c46db51d414f31fffeea240a10234	
added	embedded-user-sdk-reference	target/linux/realtek/vendor/legacy-switch-sdk/source/system/drv/watchdog/r8328.c	7736	5cb3cf2f3e583c96bb7c48c99a81eb168b9dad461e795b91745139cf70115597	
added	embedded-user-sdk-reference	target/linux/realtek/vendor/legacy-switch-sdk/source/system/drv/watchdog/r8380.c	13088	3da382e5d57696a6c413b31901fd0491c033e0d19f38b38d809e8c2480114fdc	
added	embedded-user-sdk-reference	target/linux/realtek/vendor/legacy-switch-sdk/source/system/drv/watchdog/r8389.c	7910	468912f2b9dfbb65cf680d06949b9c9385e2c44e59619ccf31a7d5b837e12ca2	
added	embedded-user-sdk-reference	target/linux/realtek/vendor/legacy-switch-sdk/source/system/drv/watchdog/r8390.c	12921	3b87a836723a84dc36088eda22540389be6452195a941c6beb6ac38ee7d69e50	
added	embedded-user-sdk-reference	target/linux/realtek/vendor/legacy-switch-sdk/source/system/drv/watchdog/user/watchdog.c	8669	bb0d797ea518dca869062eb3a8f0ec760b474a69d8539a7c42788e9baed7c15e	
added	embedded-user-sdk-reference	target/linux/realtek/vendor/legacy-switch-sdk/source/system/drv/watchdog/watchdog.c	6123	21ec3fb3cb50373ef5779c199049fba0520da188a02be598ecdf2cd9fe309fa8	
added	embedded-user-sdk-reference	target/linux/realtek/vendor/legacy-switch-sdk/source/system/include/common/debug/mem.h	1788	bfb88851744ae00040e75c3f6a815c47de86e23df1cf67f84dac829f85a3c16d	
added	embedded-user-sdk-reference	target/linux/realtek/vendor/legacy-switch-sdk/source/system/include/common/debug/rt_log.h	21624	6efe332c2b1905a5821a93726cbdcf7b750fbb9e6d1593af772ba2bb4770cd96	
added	embedded-user-sdk-reference	target/linux/realtek/vendor/legacy-switch-sdk/source/system/include/common/error.h	7177	e6c4f3b3cc8b5bc900f74d4c11feef8c43b32d6639bf7acf4a92559a9ee6d289	
added	embedded-user-sdk-reference	target/linux/realtek/vendor/legacy-switch-sdk/source/system/include/common/rtcore/init.h	1204	d127ca61ee9ae4ebfe851d49c2d80ebffeccec9b4d2cb21f974afe8235a632cb	
added	embedded-user-sdk-reference	target/linux/realtek/vendor/legacy-switch-sdk/source/system/include/common/type.h	2021	bff4c4e1a4f3f77e246531ec342656b75500f160b4003de81762a0577704afee	
added	embedded-user-sdk-reference	target/linux/realtek/vendor/legacy-switch-sdk/source/system/include/common/util.h	1029	dceb5bbf260e7b6a88eef62ae606cb1ecb393023fec969ea0b99286d9a7007ab	
added	embedded-user-sdk-reference	target/linux/realtek/vendor/legacy-switch-sdk/source/system/include/drv/gpio/ext_gpio.h	12560	3512a4d0641a492e1f751ade3957d3f4c25cf7096216c2f317e3cdd2eef0469e	
added	embedded-user-sdk-reference	target/linux/realtek/vendor/legacy-switch-sdk/source/system/include/drv/gpio/generalCtrl_gpio.h	5428	8b89a0f2bdb862e12ea1d564cf62c065e9745915d35c2d2bc95239449a0d5468	
added	embedded-user-sdk-reference	target/linux/realtek/vendor/legacy-switch-sdk/source/system/include/drv/gpio/gpio.h	8894	1912df5ea8a98636e19e429cae9a5a7785dfd00860eee31c790fd87528798ba5	
added	embedded-user-sdk-reference	target/linux/realtek/vendor/legacy-switch-sdk/source/system/include/drv/intr/intr.h	4366	634d91821157fc9069aff8eb8e6915740cae1938dd1ce1b159fb71c3d59ad93e	
added	embedded-user-sdk-reference	target/linux/realtek/vendor/legacy-switch-sdk/source/system/include/drv/nic/common.h	14835	da29e8975a0dc5d3d499788edbb764a9481a483fa02c2fc4508197ed129486d6	
added	embedded-user-sdk-reference	target/linux/realtek/vendor/legacy-switch-sdk/source/system/include/drv/nic/diag.h	5835	11fcf2a98b8004c480d3f68705fc4da9a1ba1a3ff8efbb59ef12bd01e15b203a	
added	embedded-user-sdk-reference	target/linux/realtek/vendor/legacy-switch-sdk/source/system/include/drv/nic/nic.h	9370	f031cf387e701ac2b6f94af4e790b481a5c2da41bc83d2757491dc9cbcc1de2e	
added	embedded-user-sdk-reference	target/linux/realtek/vendor/legacy-switch-sdk/source/system/include/drv/nic/nic_rx.h	7423	70bc77c0fc8933c133b210aa75e8f488ca48d1c617bf0de0873cabf4478914c0	
added	embedded-user-sdk-reference	target/linux/realtek/vendor/legacy-switch-sdk/source/system/include/drv/nic/probe.h	3117	0291e788270795df515959ccc5929df66aa983692aa8edaca0982cbad1f66d45	
added	embedded-user-sdk-reference	target/linux/realtek/vendor/legacy-switch-sdk/source/system/include/drv/nic/r8328.h	20685	90519e4e50b54f8e8f093588e8779a5f43afacef862849ee98b44ddd71041bf2	
added	embedded-user-sdk-reference	target/linux/realtek/vendor/legacy-switch-sdk/source/system/include/drv/nic/r8380.h	12855	cb0f0b88262b30ad14ed7690f487a82f8ee4e44cc6c6e1f002bf94d7f968a366	
added	embedded-user-sdk-reference	target/linux/realtek/vendor/legacy-switch-sdk/source/system/include/drv/nic/r8389.h	13463	b008d4e21cf1996f68cc539a925d88208d3d01ad41240647ac4e432ee89c6615	
added	embedded-user-sdk-reference	target/linux/realtek/vendor/legacy-switch-sdk/source/system/include/drv/nic/r8390.h	12273	ef586d3d29afa6fc49a414f410e85f0c8dc1a811af1336d4d6c4438883aeb49b	
added	embedded-user-sdk-reference	target/linux/realtek/vendor/legacy-switch-sdk/source/system/include/drv/rtl8231/probe.h	3348	dfc17b0f56799e25c623c80b40de6cccc2f07466d7d4fb4d04dcd9001faff488	
added	embedded-user-sdk-reference	target/linux/realtek/vendor/legacy-switch-sdk/source/system/include/drv/rtl8231/r8328.h	3197	5f24ec7f76e711488b421af3393e4e3ae852408bfe46a3f968bc45267fc0c07c	
added	embedded-user-sdk-reference	target/linux/realtek/vendor/legacy-switch-sdk/source/system/include/drv/rtl8231/r8380.h	10041	f9e3a5866db009699bd6c8698d2abb826d293d7b3afeccd25cc772277e298cb8	
added	embedded-user-sdk-reference	target/linux/realtek/vendor/legacy-switch-sdk/source/system/include/drv/rtl8231/r8389.h	3469	3cc59395b5bc10f3ace15eeff354ace93427287d56010d3dc86c53cda9cdf752	
added	embedded-user-sdk-reference	target/linux/realtek/vendor/legacy-switch-sdk/source/system/include/drv/rtl8231/r8390.h	6840	d51c3f4b7044cd491b94b2a1175a545f3906ff38b6fc467d93cb8608f4da0e03	
added	embedded-user-sdk-reference	target/linux/realtek/vendor/legacy-switch-sdk/source/system/include/drv/rtl8231/rtl8231.h	18210	57e7345ec3f8ac609b8191cc4e04eac71fe27197673b6bf66ec8a7552751636b	
added	embedded-user-sdk-reference	target/linux/realtek/vendor/legacy-switch-sdk/source/system/include/drv/smi/ext_smi.h	1846	af467c673617184b8fa428e34c6d2bcaa93969575540ea712b2a1bf0b35be640	
added	embedded-user-sdk-reference	target/linux/realtek/vendor/legacy-switch-sdk/source/system/include/drv/smi/smi.h	6076	ec00c7a9a5c7a10ff4048001758b86de7c4303f7eebb81474fd7466529930f2e	
added	embedded-user-sdk-reference	target/linux/realtek/vendor/legacy-switch-sdk/source/system/include/drv/swcore/chip.h	6402	3f46d678a6c0657fd20370d124fc7f0f8b21b5efe24c35e3b543a0489f24b068	
added	embedded-user-sdk-reference	target/linux/realtek/vendor/legacy-switch-sdk/source/system/include/drv/swcore/l2notification.h	3580	e4a45793ce6bd58ad9812d501b7dd861b127fe3b6f758003210ffdef0a64d4da	
added	embedded-user-sdk-reference	target/linux/realtek/vendor/legacy-switch-sdk/source/system/include/drv/swcore/rtl8328.h	2708629	1809560bf1198373edf86766faba75024a815a611438d9f66740b7dec4e98fae	
added	embedded-user-sdk-reference	target/linux/realtek/vendor/legacy-switch-sdk/source/system/include/drv/swcore/rtl8380.h	2107433	594bd77ebaa07d625952dcc49ad3a7d9aa15a6e7da6a5c664e2e41e33cfa3bc9	
added	embedded-user-sdk-reference	target/linux/realtek/vendor/legacy-switch-sdk/source/system/include/drv/swcore/rtl8389.h	2421298	2db0353f95ad849a7c2519e8d31938f840e6b5d0b264198f28e68054a8668283	
added	embedded-user-sdk-reference	target/linux/realtek/vendor/legacy-switch-sdk/source/system/include/drv/swcore/rtl8390.h	2928748	40683fe511aa019e31d7b819640a5666fa772251c0d95b9149b2048a380b1337	
added	embedded-user-sdk-reference	target/linux/realtek/vendor/legacy-switch-sdk/source/system/include/drv/swcore/sys.h	1995	8054888eee6df95b17305987ba19885f5676a7b3d7dade7b45f2fde29f6414df	
added	embedded-user-sdk-reference	target/linux/realtek/vendor/legacy-switch-sdk/source/system/include/drv/swled/swctrl_led_main.h	3503	8cf27ce576203f5a39bf8a0255b7ffdb7a3ef8088b1b072fa9c05bb919dc4ba2	
added	embedded-user-sdk-reference	target/linux/realtek/vendor/legacy-switch-sdk/source/system/include/drv/uart/probe.h	2052	156c7dfb25e043df49f0e3d593c6ce0e9b547f41c1fcbe2a0b5423713e46e146	
added	embedded-user-sdk-reference	target/linux/realtek/vendor/legacy-switch-sdk/source/system/include/drv/uart/r8380.h	3625	37db2385dc87857e5359d1211aaae3f86023a8f1ea6a18e7a871eead8e64b06f	
added	embedded-user-sdk-reference	target/linux/realtek/vendor/legacy-switch-sdk/source/system/include/drv/uart/r8390.h	3607	e75e518f01f35201da161ef6d64a4ce962c3e2313ed65d0ed27bf64b31e4bc21	
added	embedded-user-sdk-reference	target/linux/realtek/vendor/legacy-switch-sdk/source/system/include/drv/uart/uart.h	4409	3437733ba960fa68392d88eca4f814c3a1dbdf9d4f700df515d2c08a5d21fbf0	
added	embedded-user-sdk-reference	target/linux/realtek/vendor/legacy-switch-sdk/source/system/include/drv/watchdog/probe.h	2325	d4a10fe99bd99fe224de3924b992df50b21797011ade3128852bff0b233afe95	
added	embedded-user-sdk-reference	target/linux/realtek/vendor/legacy-switch-sdk/source/system/include/drv/watchdog/r8328.h	4231	e5cc0f8d1e6a1efe6de48035cac5299da3e2ce11925e7eb2bd00f34ce6ff66e4	
added	embedded-user-sdk-reference	target/linux/realtek/vendor/legacy-switch-sdk/source/system/include/drv/watchdog/r8380.h	5209	76f0617be8490e87df146a4ad367f42aa0ce08faeca565b57e88c7721615b203	
added	embedded-user-sdk-reference	target/linux/realtek/vendor/legacy-switch-sdk/source/system/include/drv/watchdog/r8389.h	4231	65ec1ad575d9db1113453fb2ac729d928c1e93b388ff2b42488554a832d346d1	
added	embedded-user-sdk-reference	target/linux/realtek/vendor/legacy-switch-sdk/source/system/include/drv/watchdog/r8390.h	5209	b943f98a7683cb82a44872c914b1989a240773891d52be814111c97275f99e6c	
added	embedded-user-sdk-reference	target/linux/realtek/vendor/legacy-switch-sdk/source/system/include/drv/watchdog/watchdog.h	5707	6c6c3b131c878cd49b7f2872994d07619346bf81d1d2d78345a1eedade0d7cd4	
added	embedded-user-sdk-reference	target/linux/realtek/vendor/legacy-switch-sdk/source/system/include/ioal/ioal_init.h	4601	a62cf93f4e344a9d9908b4a6dbf63478f745d00c068eeed5bb76eb72a6c9e92e	
added	embedded-user-sdk-reference	target/linux/realtek/vendor/legacy-switch-sdk/source/system/include/ioal/mem32.h	3368	925a3dcb2ac4d3345fb98965d20fec5340cc8b3658dcd74dfc1c89e79cc84a3c	
added	embedded-user-sdk-reference	target/linux/realtek/vendor/legacy-switch-sdk/source/system/include/osal/atomic.h	2416	2242a3b78649f3ca604e857c4446af30313f7aba4e680caf2186990dcd358c01	
added	embedded-user-sdk-reference	target/linux/realtek/vendor/legacy-switch-sdk/source/system/include/osal/cache.h	1394	68348c1d2a3e2dc75b705943cae5056df634a574059606802413f058955e7258	
added	embedded-user-sdk-reference	target/linux/realtek/vendor/legacy-switch-sdk/source/system/include/osal/inet.h	1544	c7cda91712c274cced75e4da97e75c9e2c5577247b70d7b683a7c7b236cb0840	
added	embedded-user-sdk-reference	target/linux/realtek/vendor/legacy-switch-sdk/source/system/include/osal/isr.h	2203	beb851c05cba372c4c3b949d339522051ccb5e4201af2e565349b1b7575ce138	
added	embedded-user-sdk-reference	target/linux/realtek/vendor/legacy-switch-sdk/source/system/include/osal/lib.h	4861	892e17d997efd0e23afa2e2cff19ce2a7eedddc2762cce2118906057b91f4503	
added	embedded-user-sdk-reference	target/linux/realtek/vendor/legacy-switch-sdk/source/system/include/osal/memory.h	2992	143f96af782c519d13f5c81b7f64cf45781241fea9c5dd483061da9518550739	
added	embedded-user-sdk-reference	target/linux/realtek/vendor/legacy-switch-sdk/source/system/include/osal/print.h	1966	774ef7f6a83444e0c65f91ffda7cae15a534299cf4d88897c3aa0749be45789e	
added	embedded-user-sdk-reference	target/linux/realtek/vendor/legacy-switch-sdk/source/system/include/osal/sem.h	3861	101ed7f725df7e421d40302275cddbda27672d97cd132ad393633681f9b873e1	
added	embedded-user-sdk-reference	target/linux/realtek/vendor/legacy-switch-sdk/source/system/include/osal/spl.h	1686	4dabcb69bf13e375c356a7adaa2f2d2cd6de8af18f975979c445adb35ea068d4	
added	embedded-user-sdk-reference	target/linux/realtek/vendor/legacy-switch-sdk/source/system/include/osal/thread.h	2998	f64468fb34a518f7bf86f55f9ce896b59835ceaa6f94fd8eedb41c2b4b5f76ce	
added	embedded-user-sdk-reference	target/linux/realtek/vendor/legacy-switch-sdk/source/system/include/osal/time.h	3264	d595e4635c43ab7f0aef16e7aeda07977d20d75e5731a16e47128fcd7920ef87	
added	embedded-user-sdk-reference	target/linux/realtek/vendor/legacy-switch-sdk/source/system/include/osal/wait.h	1345	1484d3cd2463e16bff3b14acc857375d5f9506fb75e97d8a8ce6ea9727e8d3aa	
added	embedded-user-sdk-reference	target/linux/realtek/vendor/legacy-switch-sdk/source/system/include/osal/workqueue.h	1676	fbe09cd377c53ea5f324c4d8a8c9a00ea7a27b32f3364c9078a019041db04f9f	
added	embedded-user-sdk-reference	target/linux/realtek/vendor/legacy-switch-sdk/source/system/include/soc/common/eeprom_reg.h	1022	8260e4a4534bf1620050622388b0c611b7ea9cbb1ae961ea4b6fdedab2528783	
added	embedded-user-sdk-reference	target/linux/realtek/vendor/legacy-switch-sdk/source/system/include/soc/common/gpio_reg.h	1350	10dac58cff8704574337f888324de4150e56e4785dd9f4a6a00b7e8caa99623b	
added	embedded-user-sdk-reference	target/linux/realtek/vendor/legacy-switch-sdk/source/system/include/soc/common/interrupt_reg.h	2029	ff57af33e3cd2d75787bb8173564639ffd029598d6f12cecaf52c3e49b70a98a	
added	embedded-user-sdk-reference	target/linux/realtek/vendor/legacy-switch-sdk/source/system/include/soc/common/interrupt_setting.h	1558	0942612f7d734758583c095ebc295d7bd56f3e35b20b4c4d72f32ec02d915c14	
added	embedded-user-sdk-reference	target/linux/realtek/vendor/legacy-switch-sdk/source/system/include/soc/common/memory_reg.h	3394	edb18c9d0193b1ab08d5b18d9fcb0c8b08df56af4bda842f5ddd4953a32646b7	
added	embedded-user-sdk-reference	target/linux/realtek/vendor/legacy-switch-sdk/source/system/include/soc/common/nor_flash_reg.h	909	9f34a4de5dd4c399fe0d24732136e3dcf07d8f2e90ff862ca9bb45e780de100c	
added	embedded-user-sdk-reference	target/linux/realtek/vendor/legacy-switch-sdk/source/system/include/soc/common/spi_flash_reg.h	1002	b19ac207f1e64efd9cb02f78e45bacf0db4e56719a312d4d4be28083b4b5fcef	
added	embedded-user-sdk-reference	target/linux/realtek/vendor/legacy-switch-sdk/source/system/include/soc/common/time_setting.h	820	357bf8e7ea450ec4e063c514b090dd5f27f429b09e9965d4e02896c56c76b9d3	
added	embedded-user-sdk-reference	target/linux/realtek/vendor/legacy-switch-sdk/source/system/include/soc/common/timer_wdog_reg.h	9128	e1c8e5df71e95d5951d538c7cad640e764e913ac3148c9a2288c24d9ac733d77	
added	embedded-user-sdk-reference	target/linux/realtek/vendor/legacy-switch-sdk/source/system/include/soc/common/uart_reg.h	3214	1f35ec5fc9b525ca589f86098a44431a74c9a7e0d658246ffdcd3dc09b0e0685	
added	embedded-user-sdk-reference	target/linux/realtek/vendor/legacy-switch-sdk/source/system/include/soc/default_plf/plf_interrupt_setting.h	706	3310adc04e0aa91340b2a847de120c555fbff5ef0d892602117874ca3e52f7b6	
added	embedded-user-sdk-reference	target/linux/realtek/vendor/legacy-switch-sdk/source/system/include/soc/default_plf/plf_time_setting.h	685	11e026e382ef9799437a0dfd5e0d4661a8dfc0cd1d1d8d74470968441f1db80c	
added	embedded-user-sdk-reference	target/linux/realtek/vendor/legacy-switch-sdk/source/system/include/soc/default_var/var_eeprom_reg.h	647	8b96e646444fde4ec2828c6e959f68ce5140f5104a262569eda92c3551af882b	
added	embedded-user-sdk-reference	target/linux/realtek/vendor/legacy-switch-sdk/source/system/include/soc/default_var/var_gpio_reg.h	638	4896ec2189593ef1885f791cdc5e40e2e24c391d8303311cad242b684c0e7a21	
added	embedded-user-sdk-reference	target/linux/realtek/vendor/legacy-switch-sdk/source/system/include/soc/default_var/var_interrupt_reg.h	656	8ae16100275c541ff9c9aca16a3b08526c027746b5939b185c682ef5349adf49	
added	embedded-user-sdk-reference	target/linux/realtek/vendor/legacy-switch-sdk/source/system/include/soc/default_var/var_interrupt_setting.h	712	b9aaa4a99b682289867e4d58ea9a63ea735a0ef3736d8a35ac4cf7d16cc9cafd	
added	embedded-user-sdk-reference	target/linux/realtek/vendor/legacy-switch-sdk/source/system/include/soc/default_var/var_memory_reg.h	647	32d2e25c659f181801553379ed67884b5456ea3e2fbc96f1c554ae8a059ae0bf	
added	embedded-user-sdk-reference	target/linux/realtek/vendor/legacy-switch-sdk/source/system/include/soc/default_var/var_nor_flash_reg.h	657	bbeb3aa208d1333bfa5ce47662da250c340db5d6daa575cbf37e5cdc5f479f09	
added	embedded-user-sdk-reference	target/linux/realtek/vendor/legacy-switch-sdk/source/system/include/soc/default_var/var_spi_flash_reg.h	657	484e634cd4e77b210d45a6209270b5c8844f5222909d4fabe596110c5b2930bd	
added	embedded-user-sdk-reference	target/linux/realtek/vendor/legacy-switch-sdk/source/system/include/soc/default_var/var_time_setting.h	692	c70cac00fb5b74f82e265e5d901ce46f7be71556174f379a8b87708b27274aa9	
added	embedded-user-sdk-reference	target/linux/realtek/vendor/legacy-switch-sdk/source/system/include/soc/default_var/var_timer_wdog_reg.h	661	9a0932a08e497f0620e8286fcc92fea95e14922022e1f1e999df94789799e069	
added	embedded-user-sdk-reference	target/linux/realtek/vendor/legacy-switch-sdk/source/system/include/soc/default_var/var_uart_reg.h	641	77299f711fb28d64217043450d6882a2e1c2b417e469d7b173aa0aab762db5f5	
added	embedded-user-sdk-reference	target/linux/realtek/vendor/legacy-switch-sdk/source/system/include/soc/soc.h	1095	c727f4470afe577475c6e0db3b9fc8db90056b888af2956d3ce70b24ccd986c1	
added	embedded-user-sdk-reference	target/linux/realtek/vendor/legacy-switch-sdk/source/system/include/soc/type.h	2767	5e82ed33ed549f5f6784b50f6193584d5efd72ba22bbf7913e7cd923578acbd1	
added	embedded-user-sdk-reference	target/linux/realtek/vendor/legacy-switch-sdk/source/system/include/soc/var	12	14fb7f97ccf9de76ef7a7ac3457884193312a6eeff57c309e0a4e76d9cace9a5	default_var/
added	embedded-user-sdk-reference	target/linux/realtek/vendor/legacy-switch-sdk/source/system/ioal/ioal_init.c	2128	cb1985cb324b0b32bb6599b6c9bc5e02787f2185591d347e914ac24e95ccf770	
added	embedded-user-sdk-reference	target/linux/realtek/vendor/legacy-switch-sdk/source/system/ioal/mem32.c	8195	f18b98bd38b8a3a25b68c603273d56ccdce875d22d1192934c8c2eb73ef74c81	
added	embedded-user-sdk-reference	target/linux/realtek/vendor/legacy-switch-sdk/source/system/ioal/user/ioal_init.c	6784	c18daf3e7a72ac60d43fd9c409ccdc76547dffc51dae56eff9b83bc5c4037153	
added	embedded-user-sdk-reference	target/linux/realtek/vendor/legacy-switch-sdk/source/system/ioal/user/mem32.c	4585	29b3b303e7e1d63311a73b09455c76a87d739d1c50d2bbd718658e2e9c82ba1d	
added	embedded-user-sdk-reference	target/linux/realtek/vendor/legacy-switch-sdk/source/system/linux/dev_config.c	5580	d158d372898e2434476bccc09e7e0c2d725fcdaf5f18ef9b5343063dc8709b68	
added	embedded-user-sdk-reference	target/linux/realtek/vendor/legacy-switch-sdk/source/system/linux/dev_config.h	1205	8e074a950e794132faab6f720760b5f500537657a6748ae3cb7b252758b9339e	
added	embedded-user-sdk-reference	target/linux/realtek/vendor/legacy-switch-sdk/source/system/linux/linux-2.6.32.x/arch/mips/realtek/boards/rtl8328/bsp	13	a7ac65fa8e4654cb801f50ff432f3001bb3ff974d5ba1644b292fe8b42e350ca	selection/bsp
added	embedded-user-sdk-reference	target/linux/realtek/vendor/legacy-switch-sdk/source/system/linux/linux-2.6.32.x/arch/mips/realtek/boards/rtl8328/model/4kec/bsp/Makefile	522	b136ca25c472f6b1918121f1143edf5c61b83098a8ab95cb43078dd61ff281a0	
added	embedded-user-sdk-reference	target/linux/realtek/vendor/legacy-switch-sdk/source/system/linux/linux-2.6.32.x/arch/mips/realtek/boards/rtl8328/model/4kec/bsp/bspchip.h	8869	a521b17850b12ebc263320329e7ea9f349bfc4af1d91ff5340e9a7a48fa58fbd	
added	embedded-user-sdk-reference	target/linux/realtek/vendor/legacy-switch-sdk/source/system/linux/linux-2.6.32.x/arch/mips/realtek/boards/rtl8328/model/4kec/bsp/bspcpu.h	671	df4ca549dfe3c581f5df1649d437d1404e2462a90433c905ba253f23fd8d00d6	
added	embedded-user-sdk-reference	target/linux/realtek/vendor/legacy-switch-sdk/source/system/linux/linux-2.6.32.x/arch/mips/realtek/boards/rtl8328/model/4kec/bsp/bspinit.h	421	0b06e49c744dfc34f96205bc3082d6290ac2ae454f1b93fbd1772fcb2faee573	
added	embedded-user-sdk-reference	target/linux/realtek/vendor/legacy-switch-sdk/source/system/linux/linux-2.6.32.x/arch/mips/realtek/boards/rtl8328/model/4kec/bsp/irq.c	6562	1f7cef316b846b046824cb4b10e397b8cb106a6e6716b56c55191fa228d6b845	
added	embedded-user-sdk-reference	target/linux/realtek/vendor/legacy-switch-sdk/source/system/linux/linux-2.6.32.x/arch/mips/realtek/boards/rtl8328/model/4kec/bsp/modules.order	0	e3b0c44298fc1c149afbf4c8996fb92427ae41e4649b934ca495991b7852b855	
added	embedded-user-sdk-reference	target/linux/realtek/vendor/legacy-switch-sdk/source/system/linux/linux-2.6.32.x/arch/mips/realtek/boards/rtl8328/model/4kec/bsp/pci-fixup.c	1112	423d34273714b59066758aa7956516b189ceed39a5b8720c5a0d71360868218f	
added	embedded-user-sdk-reference	target/linux/realtek/vendor/legacy-switch-sdk/source/system/linux/linux-2.6.32.x/arch/mips/realtek/boards/rtl8328/model/4kec/bsp/pci-ops.c	1939	878e8820698f3ad4e4c7a2f40a7322893e32bf64ade9caddeaf9bdee2e67566f	
added	embedded-user-sdk-reference	target/linux/realtek/vendor/legacy-switch-sdk/source/system/linux/linux-2.6.32.x/arch/mips/realtek/boards/rtl8328/model/4kec/bsp/pci.c	1981	d6e34b0d1d617437822a7cb3b27ad1d73e0f06cbb20f80daf05bc658ebed946c	
added	embedded-user-sdk-reference	target/linux/realtek/vendor/legacy-switch-sdk/source/system/linux/linux-2.6.32.x/arch/mips/realtek/boards/rtl8328/model/4kec/bsp/prom.c	2034	16117a0f95cd2ed66f88779728e6b63c9968a101ef6cdafaddccef7607ea5f77	
added	embedded-user-sdk-reference	target/linux/realtek/vendor/legacy-switch-sdk/source/system/linux/linux-2.6.32.x/arch/mips/realtek/boards/rtl8328/model/4kec/bsp/prom.h	967	6345ed510edb2be909ac2de8f24464209cea69149a8e1a5a3bf9848f9d827014	
added	embedded-user-sdk-reference	target/linux/realtek/vendor/legacy-switch-sdk/source/system/linux/linux-2.6.32.x/arch/mips/realtek/boards/rtl8328/model/4kec/bsp/serial.c	2396	d8bb783be46fe3fe82a05e70071bdc19333b0fa51051c411313d594686915bf2	
added	embedded-user-sdk-reference	target/linux/realtek/vendor/legacy-switch-sdk/source/system/linux/linux-2.6.32.x/arch/mips/realtek/boards/rtl8328/model/4kec/bsp/setup.c	1040	387f816d4cfad1371005610d8f93f47287c833c09d64694b79c98c92b18a989a	
added	embedded-user-sdk-reference	target/linux/realtek/vendor/legacy-switch-sdk/source/system/linux/linux-2.6.32.x/arch/mips/realtek/boards/rtl8328/model/4kec/bsp/smtc.c	2395	05fe50283ca4e4ef6f6ece413f1a884ba1d0163337eb4fe590b79feb57b3c095	
added	embedded-user-sdk-reference	target/linux/realtek/vendor/legacy-switch-sdk/source/system/linux/linux-2.6.32.x/arch/mips/realtek/boards/rtl8328/model/4kec/bsp/timer.c	2692	6aec48ea9e0c1a458434b23475867e2ec8941acb017223b7668e25763a5af0c3	
added	embedded-user-sdk-reference	target/linux/realtek/vendor/legacy-switch-sdk/source/system/linux/linux-2.6.32.x/arch/mips/realtek/boards/rtl8328/model/4kec/bsp/usb.c	3375	a404af624a52c8ec68932bb1140b5c28d3e87f368899bc2951614677410120bc	
added	embedded-user-sdk-reference	target/linux/realtek/vendor/legacy-switch-sdk/source/system/linux/linux-2.6.32.x/arch/mips/realtek/boards/rtl8328/model/4kec/bsp/usb.h	7383	870f1bbe045d6bb4612133a32d7d2029ce7547803a0e12c357ba1f090e687d0e	
added	embedded-user-sdk-reference	target/linux/realtek/vendor/legacy-switch-sdk/source/system/linux/linux-2.6.32.x/arch/mips/realtek/boards/rtl8328/model/4kec/bsp/vmlinux.lds	14886	6e22f5631979da8e94d7113ad2e74d211fd097eacb7150703f5db90112b93bb5	
added	embedded-user-sdk-reference	target/linux/realtek/vendor/legacy-switch-sdk/source/system/linux/linux-2.6.32.x/arch/mips/realtek/boards/rtl8328/model/4kec/bsp/vmlinux.lds.S	3401	298446203b04fb281d0e71277edfab0397bd09b079cc521ae9d1bca180636de0	
added	embedded-user-sdk-reference	target/linux/realtek/vendor/legacy-switch-sdk/source/system/linux/linux-2.6.32.x/arch/mips/realtek/boards/rtl8328/model/4kec/bsp/vsmp.c	1467	737df5edb8202c1aa3706e3a581db29da868796cdd8812e67cc9758021a8e563	
added	embedded-user-sdk-reference	target/linux/realtek/vendor/legacy-switch-sdk/source/system/linux/linux-2.6.32.x/arch/mips/realtek/boards/rtl8328/model/4kec/config.cpu	823	989de3f746116f1e27ebca61481e317c611e3446d441cfa6d9536d267764f6fa	
added	embedded-user-sdk-reference	target/linux/realtek/vendor/legacy-switch-sdk/source/system/linux/linux-2.6.32.x/arch/mips/realtek/boards/rtl8328/model/4kec/config.in	742	ca936f6c41e2b227db5f07dbbb3d81996a1fc65887651e4560b2cffdc9b8d549	
added	embedded-user-sdk-reference	target/linux/realtek/vendor/legacy-switch-sdk/source/system/linux/linux-2.6.32.x/arch/mips/realtek/boards/rtl8328/selection	12	308da10a9009e401bf900965852b685279aada908d6d11dcf0d952d4041a47b2	model/4kec/.
added	embedded-user-sdk-reference	target/linux/realtek/vendor/legacy-switch-sdk/source/system/linux/linux-2.6.32.x/arch/mips/realtek/boards/rtl8380/bsp	13	a7ac65fa8e4654cb801f50ff432f3001bb3ff974d5ba1644b292fe8b42e350ca	selection/bsp
added	embedded-user-sdk-reference	target/linux/realtek/vendor/legacy-switch-sdk/source/system/linux/linux-2.6.32.x/arch/mips/realtek/boards/rtl8380/model/4kec/bsp/Makefile	522	b136ca25c472f6b1918121f1143edf5c61b83098a8ab95cb43078dd61ff281a0	
added	embedded-user-sdk-reference	target/linux/realtek/vendor/legacy-switch-sdk/source/system/linux/linux-2.6.32.x/arch/mips/realtek/boards/rtl8380/model/4kec/bsp/bspchip.h	9814	6c392a1f3fec9449322bdb4361c47b40ee17ece524a526136abe9734fbb5368c	
added	embedded-user-sdk-reference	target/linux/realtek/vendor/legacy-switch-sdk/source/system/linux/linux-2.6.32.x/arch/mips/realtek/boards/rtl8380/model/4kec/bsp/bspcpu.h	671	df4ca549dfe3c581f5df1649d437d1404e2462a90433c905ba253f23fd8d00d6	
added	embedded-user-sdk-reference	target/linux/realtek/vendor/legacy-switch-sdk/source/system/linux/linux-2.6.32.x/arch/mips/realtek/boards/rtl8380/model/4kec/bsp/bspinit.h	421	0b06e49c744dfc34f96205bc3082d6290ac2ae454f1b93fbd1772fcb2faee573	
added	embedded-user-sdk-reference	target/linux/realtek/vendor/legacy-switch-sdk/source/system/linux/linux-2.6.32.x/arch/mips/realtek/boards/rtl8380/model/4kec/bsp/irq.c	6479	7ebb9ebaba896a047373b4565a1901656065f47a7d7c89d9d35a5df68b3203a1	
added	embedded-user-sdk-reference	target/linux/realtek/vendor/legacy-switch-sdk/source/system/linux/linux-2.6.32.x/arch/mips/realtek/boards/rtl8380/model/4kec/bsp/modules.order	0	e3b0c44298fc1c149afbf4c8996fb92427ae41e4649b934ca495991b7852b855	
added	embedded-user-sdk-reference	target/linux/realtek/vendor/legacy-switch-sdk/source/system/linux/linux-2.6.32.x/arch/mips/realtek/boards/rtl8380/model/4kec/bsp/pci-fixup.c	1112	423d34273714b59066758aa7956516b189ceed39a5b8720c5a0d71360868218f	
added	embedded-user-sdk-reference	target/linux/realtek/vendor/legacy-switch-sdk/source/system/linux/linux-2.6.32.x/arch/mips/realtek/boards/rtl8380/model/4kec/bsp/pci-ops.c	1939	878e8820698f3ad4e4c7a2f40a7322893e32bf64ade9caddeaf9bdee2e67566f	
added	embedded-user-sdk-reference	target/linux/realtek/vendor/legacy-switch-sdk/source/system/linux/linux-2.6.32.x/arch/mips/realtek/boards/rtl8380/model/4kec/bsp/pci.c	1981	d6e34b0d1d617437822a7cb3b27ad1d73e0f06cbb20f80daf05bc658ebed946c	
added	embedded-user-sdk-reference	target/linux/realtek/vendor/legacy-switch-sdk/source/system/linux/linux-2.6.32.x/arch/mips/realtek/boards/rtl8380/model/4kec/bsp/prom.c	2134	6f9da00d2dde18567783fc9c7e7f7e304bbed44f4a53bcca58a2ec1a38a2da4e	
added	embedded-user-sdk-reference	target/linux/realtek/vendor/legacy-switch-sdk/source/system/linux/linux-2.6.32.x/arch/mips/realtek/boards/rtl8380/model/4kec/bsp/prom.h	967	6345ed510edb2be909ac2de8f24464209cea69149a8e1a5a3bf9848f9d827014	
added	embedded-user-sdk-reference	target/linux/realtek/vendor/legacy-switch-sdk/source/system/linux/linux-2.6.32.x/arch/mips/realtek/boards/rtl8380/model/4kec/bsp/serial.c	2396	d8bb783be46fe3fe82a05e70071bdc19333b0fa51051c411313d594686915bf2	
added	embedded-user-sdk-reference	target/linux/realtek/vendor/legacy-switch-sdk/source/system/linux/linux-2.6.32.x/arch/mips/realtek/boards/rtl8380/model/4kec/bsp/setup.c	1029	41fb5d8b399de0481d6e0a6985f5b5b1bdb157f2aabd0ac375e6637d1dbf3aee	
added	embedded-user-sdk-reference	target/linux/realtek/vendor/legacy-switch-sdk/source/system/linux/linux-2.6.32.x/arch/mips/realtek/boards/rtl8380/model/4kec/bsp/smtc.c	2395	05fe50283ca4e4ef6f6ece413f1a884ba1d0163337eb4fe590b79feb57b3c095	
added	embedded-user-sdk-reference	target/linux/realtek/vendor/legacy-switch-sdk/source/system/linux/linux-2.6.32.x/arch/mips/realtek/boards/rtl8380/model/4kec/bsp/timer.c	5407	84dcc9a390d8acf84af2a9c6aa29f06955b7c10e9be7575811eb5ae27655e1b8	
added	embedded-user-sdk-reference	target/linux/realtek/vendor/legacy-switch-sdk/source/system/linux/linux-2.6.32.x/arch/mips/realtek/boards/rtl8380/model/4kec/bsp/usb.c	3375	a404af624a52c8ec68932bb1140b5c28d3e87f368899bc2951614677410120bc	
added	embedded-user-sdk-reference	target/linux/realtek/vendor/legacy-switch-sdk/source/system/linux/linux-2.6.32.x/arch/mips/realtek/boards/rtl8380/model/4kec/bsp/usb.h	7383	870f1bbe045d6bb4612133a32d7d2029ce7547803a0e12c357ba1f090e687d0e	
added	embedded-user-sdk-reference	target/linux/realtek/vendor/legacy-switch-sdk/source/system/linux/linux-2.6.32.x/arch/mips/realtek/boards/rtl8380/model/4kec/bsp/vmlinux.lds.S	3401	298446203b04fb281d0e71277edfab0397bd09b079cc521ae9d1bca180636de0	
added	embedded-user-sdk-reference	target/linux/realtek/vendor/legacy-switch-sdk/source/system/linux/linux-2.6.32.x/arch/mips/realtek/boards/rtl8380/model/4kec/bsp/vsmp.c	1467	737df5edb8202c1aa3706e3a581db29da868796cdd8812e67cc9758021a8e563	
added	embedded-user-sdk-reference	target/linux/realtek/vendor/legacy-switch-sdk/source/system/linux/linux-2.6.32.x/arch/mips/realtek/boards/rtl8380/model/4kec/config.cpu	823	989de3f746116f1e27ebca61481e317c611e3446d441cfa6d9536d267764f6fa	
added	embedded-user-sdk-reference	target/linux/realtek/vendor/legacy-switch-sdk/source/system/linux/linux-2.6.32.x/arch/mips/realtek/boards/rtl8380/model/4kec/config.in	742	ca936f6c41e2b227db5f07dbbb3d81996a1fc65887651e4560b2cffdc9b8d549	
added	embedded-user-sdk-reference	target/linux/realtek/vendor/legacy-switch-sdk/source/system/linux/linux-2.6.32.x/arch/mips/realtek/boards/rtl8380/selection	12	308da10a9009e401bf900965852b685279aada908d6d11dcf0d952d4041a47b2	model/4kec/.
added	embedded-user-sdk-reference	target/linux/realtek/vendor/legacy-switch-sdk/source/system/linux/linux-2.6.32.x/arch/mips/realtek/boards/rtl8390/bsp	13	a7ac65fa8e4654cb801f50ff432f3001bb3ff974d5ba1644b292fe8b42e350ca	selection/bsp
added	embedded-user-sdk-reference	target/linux/realtek/vendor/legacy-switch-sdk/source/system/linux/linux-2.6.32.x/arch/mips/realtek/boards/rtl8390/model/34kc/bsp/Makefile	522	b136ca25c472f6b1918121f1143edf5c61b83098a8ab95cb43078dd61ff281a0	
added	embedded-user-sdk-reference	target/linux/realtek/vendor/legacy-switch-sdk/source/system/linux/linux-2.6.32.x/arch/mips/realtek/boards/rtl8390/model/34kc/bsp/bspchip.h	9809	80d3a7bcadbd3809b4decb44ff1fe1f5db69151896f9260e37ac50d734088b7a	
added	embedded-user-sdk-reference	target/linux/realtek/vendor/legacy-switch-sdk/source/system/linux/linux-2.6.32.x/arch/mips/realtek/boards/rtl8390/model/34kc/bsp/bspcpu.h	671	df4ca549dfe3c581f5df1649d437d1404e2462a90433c905ba253f23fd8d00d6	
added	embedded-user-sdk-reference	target/linux/realtek/vendor/legacy-switch-sdk/source/system/linux/linux-2.6.32.x/arch/mips/realtek/boards/rtl8390/model/34kc/bsp/bspinit.h	421	0b06e49c744dfc34f96205bc3082d6290ac2ae454f1b93fbd1772fcb2faee573	
added	embedded-user-sdk-reference	target/linux/realtek/vendor/legacy-switch-sdk/source/system/linux/linux-2.6.32.x/arch/mips/realtek/boards/rtl8390/model/34kc/bsp/irq.c	6378	172f409f06668fc290dd6626f8f5b835c87f2e720c52e697b15dd5f8702887d6	
added	embedded-user-sdk-reference	target/linux/realtek/vendor/legacy-switch-sdk/source/system/linux/linux-2.6.32.x/arch/mips/realtek/boards/rtl8390/model/34kc/bsp/modules.order	0	e3b0c44298fc1c149afbf4c8996fb92427ae41e4649b934ca495991b7852b855	
added	embedded-user-sdk-reference	target/linux/realtek/vendor/legacy-switch-sdk/source/system/linux/linux-2.6.32.x/arch/mips/realtek/boards/rtl8390/model/34kc/bsp/pci-fixup.c	1112	423d34273714b59066758aa7956516b189ceed39a5b8720c5a0d71360868218f	
added	embedded-user-sdk-reference	target/linux/realtek/vendor/legacy-switch-sdk/source/system/linux/linux-2.6.32.x/arch/mips/realtek/boards/rtl8390/model/34kc/bsp/pci-ops.c	1939	878e8820698f3ad4e4c7a2f40a7322893e32bf64ade9caddeaf9bdee2e67566f	
added	embedded-user-sdk-reference	target/linux/realtek/vendor/legacy-switch-sdk/source/system/linux/linux-2.6.32.x/arch/mips/realtek/boards/rtl8390/model/34kc/bsp/pci.c	1981	d6e34b0d1d617437822a7cb3b27ad1d73e0f06cbb20f80daf05bc658ebed946c	
added	embedded-user-sdk-reference	target/linux/realtek/vendor/legacy-switch-sdk/source/system/linux/linux-2.6.32.x/arch/mips/realtek/boards/rtl8390/model/34kc/bsp/prom.c	2108	af2959a0fd950882e984e6a2d62646db640b380413b6f88cf047b5870e694f8c	
added	embedded-user-sdk-reference	target/linux/realtek/vendor/legacy-switch-sdk/source/system/linux/linux-2.6.32.x/arch/mips/realtek/boards/rtl8390/model/34kc/bsp/prom.h	967	6345ed510edb2be909ac2de8f24464209cea69149a8e1a5a3bf9848f9d827014	
added	embedded-user-sdk-reference	target/linux/realtek/vendor/legacy-switch-sdk/source/system/linux/linux-2.6.32.x/arch/mips/realtek/boards/rtl8390/model/34kc/bsp/serial.c	2399	088a093f7f31b808f542dde7d6487fc4e705b3bd2afe31fcb911a549b9303110	
added	embedded-user-sdk-reference	target/linux/realtek/vendor/legacy-switch-sdk/source/system/linux/linux-2.6.32.x/arch/mips/realtek/boards/rtl8390/model/34kc/bsp/setup.c	1022	0b8072d567a593e24ebf812d9d28b2db35e5a77a375aadc895301ded3210f18a	
added	embedded-user-sdk-reference	target/linux/realtek/vendor/legacy-switch-sdk/source/system/linux/linux-2.6.32.x/arch/mips/realtek/boards/rtl8390/model/34kc/bsp/smtc.c	2395	05fe50283ca4e4ef6f6ece413f1a884ba1d0163337eb4fe590b79feb57b3c095	
added	embedded-user-sdk-reference	target/linux/realtek/vendor/legacy-switch-sdk/source/system/linux/linux-2.6.32.x/arch/mips/realtek/boards/rtl8390/model/34kc/bsp/timer.c	4514	0ed98be20efb166b38dcaecbaac1e772ffc81b78b92675135dce2b885d912c94	
added	embedded-user-sdk-reference	target/linux/realtek/vendor/legacy-switch-sdk/source/system/linux/linux-2.6.32.x/arch/mips/realtek/boards/rtl8390/model/34kc/bsp/usb.c	3375	a404af624a52c8ec68932bb1140b5c28d3e87f368899bc2951614677410120bc	
added	embedded-user-sdk-reference	target/linux/realtek/vendor/legacy-switch-sdk/source/system/linux/linux-2.6.32.x/arch/mips/realtek/boards/rtl8390/model/34kc/bsp/usb.h	7383	870f1bbe045d6bb4612133a32d7d2029ce7547803a0e12c357ba1f090e687d0e	
added	embedded-user-sdk-reference	target/linux/realtek/vendor/legacy-switch-sdk/source/system/linux/linux-2.6.32.x/arch/mips/realtek/boards/rtl8390/model/34kc/bsp/vmlinux.lds.S	3401	298446203b04fb281d0e71277edfab0397bd09b079cc521ae9d1bca180636de0	
added	embedded-user-sdk-reference	target/linux/realtek/vendor/legacy-switch-sdk/source/system/linux/linux-2.6.32.x/arch/mips/realtek/boards/rtl8390/model/34kc/bsp/vsmp.c	1467	737df5edb8202c1aa3706e3a581db29da868796cdd8812e67cc9758021a8e563	
added	embedded-user-sdk-reference	target/linux/realtek/vendor/legacy-switch-sdk/source/system/linux/linux-2.6.32.x/arch/mips/realtek/boards/rtl8390/model/34kc/config.cpu	865	bafdda2ce4e708ae9e8f0cde242553b89e05b91ab2644d5a0e28dedb6c40690d	
added	embedded-user-sdk-reference	target/linux/realtek/vendor/legacy-switch-sdk/source/system/linux/linux-2.6.32.x/arch/mips/realtek/boards/rtl8390/model/34kc/config.in	742	ca936f6c41e2b227db5f07dbbb3d81996a1fc65887651e4560b2cffdc9b8d549	
added	embedded-user-sdk-reference	target/linux/realtek/vendor/legacy-switch-sdk/source/system/linux/linux-2.6.32.x/arch/mips/realtek/boards/rtl8390/selection	12	94c5ce00b0151abee27bd13bef3cc085d0d6d565ad02980457b87ca9ce5dfb83	model/34kc/.
added	embedded-user-sdk-reference	target/linux/realtek/vendor/legacy-switch-sdk/source/system/linux/linux-2.6.32.x/arch/mips/realtek/boards/rtl83xx-universal-bsp/bsp	13	a7ac65fa8e4654cb801f50ff432f3001bb3ff974d5ba1644b292fe8b42e350ca	selection/bsp
added	embedded-user-sdk-reference	target/linux/realtek/vendor/legacy-switch-sdk/source/system/linux/linux-2.6.32.x/arch/mips/realtek/boards/rtl83xx-universal-bsp/model/mips32r2/bsp/Makefile	555	567d0736917ed17f7d0bcf5e68e8e64b6d9f01556794a5cd2fd4a6d1d14afae9	
added	embedded-user-sdk-reference	target/linux/realtek/vendor/legacy-switch-sdk/source/system/linux/linux-2.6.32.x/arch/mips/realtek/boards/rtl83xx-universal-bsp/model/mips32r2/bsp/bspchip.h	12892	526ae050429a8f6c811e9eaac972a59aeac332ce8c43a9d971134e10dd44e9a3	
added	embedded-user-sdk-reference	target/linux/realtek/vendor/legacy-switch-sdk/source/system/linux/linux-2.6.32.x/arch/mips/realtek/boards/rtl83xx-universal-bsp/model/mips32r2/bsp/bspcpu.h	671	df4ca549dfe3c581f5df1649d437d1404e2462a90433c905ba253f23fd8d00d6	
added	embedded-user-sdk-reference	target/linux/realtek/vendor/legacy-switch-sdk/source/system/linux/linux-2.6.32.x/arch/mips/realtek/boards/rtl83xx-universal-bsp/model/mips32r2/bsp/bspinit.h	421	0b06e49c744dfc34f96205bc3082d6290ac2ae454f1b93fbd1772fcb2faee573	
added	embedded-user-sdk-reference	target/linux/realtek/vendor/legacy-switch-sdk/source/system/linux/linux-2.6.32.x/arch/mips/realtek/boards/rtl83xx-universal-bsp/model/mips32r2/bsp/chip.h	55	3c643abe9aa9e7ab5e2eaa590bafc647badaf77f9cb540e6310073e25082571d	../../../../../../../../../../include/drv/swcore/chip.h
added	embedded-user-sdk-reference	target/linux/realtek/vendor/legacy-switch-sdk/source/system/linux/linux-2.6.32.x/arch/mips/realtek/boards/rtl83xx-universal-bsp/model/mips32r2/bsp/chip_probe.c	47	0fdead28d9b26216210e6a59c0f80041dc50d6592080b72f11652ee372bed306	../../../../../../../../../../drv/swcore/chip.c
added	embedded-user-sdk-reference	target/linux/realtek/vendor/legacy-switch-sdk/source/system/linux/linux-2.6.32.x/arch/mips/realtek/boards/rtl83xx-universal-bsp/model/mips32r2/bsp/irq.c	7442	4f700af8c788e65043c8e9ec4dba08527d5b240516e2a76759175b79cde49f12	
added	embedded-user-sdk-reference	target/linux/realtek/vendor/legacy-switch-sdk/source/system/linux/linux-2.6.32.x/arch/mips/realtek/boards/rtl83xx-universal-bsp/model/mips32r2/bsp/modules.order	0	e3b0c44298fc1c149afbf4c8996fb92427ae41e4649b934ca495991b7852b855	
added	embedded-user-sdk-reference	target/linux/realtek/vendor/legacy-switch-sdk/source/system/linux/linux-2.6.32.x/arch/mips/realtek/boards/rtl83xx-universal-bsp/model/mips32r2/bsp/pci-fixup.c	1112	423d34273714b59066758aa7956516b189ceed39a5b8720c5a0d71360868218f	
added	embedded-user-sdk-reference	target/linux/realtek/vendor/legacy-switch-sdk/source/system/linux/linux-2.6.32.x/arch/mips/realtek/boards/rtl83xx-universal-bsp/model/mips32r2/bsp/pci-ops.c	1939	878e8820698f3ad4e4c7a2f40a7322893e32bf64ade9caddeaf9bdee2e67566f	
added	embedded-user-sdk-reference	target/linux/realtek/vendor/legacy-switch-sdk/source/system/linux/linux-2.6.32.x/arch/mips/realtek/boards/rtl83xx-universal-bsp/model/mips32r2/bsp/pci.c	1981	d6e34b0d1d617437822a7cb3b27ad1d73e0f06cbb20f80daf05bc658ebed946c	
added	embedded-user-sdk-reference	target/linux/realtek/vendor/legacy-switch-sdk/source/system/linux/linux-2.6.32.x/arch/mips/realtek/boards/rtl83xx-universal-bsp/model/mips32r2/bsp/prom.c	4925	ef16314c8bee8112d9fefcc2df2556eb5b729c7e44e0147cc109d15caa949333	
added	embedded-user-sdk-reference	target/linux/realtek/vendor/legacy-switch-sdk/source/system/linux/linux-2.6.32.x/arch/mips/realtek/boards/rtl83xx-universal-bsp/model/mips32r2/bsp/prom.h	967	6345ed510edb2be909ac2de8f24464209cea69149a8e1a5a3bf9848f9d827014	
added	embedded-user-sdk-reference	target/linux/realtek/vendor/legacy-switch-sdk/source/system/linux/linux-2.6.32.x/arch/mips/realtek/boards/rtl83xx-universal-bsp/model/mips32r2/bsp/serial.c	2399	088a093f7f31b808f542dde7d6487fc4e705b3bd2afe31fcb911a549b9303110	
added	embedded-user-sdk-reference	target/linux/realtek/vendor/legacy-switch-sdk/source/system/linux/linux-2.6.32.x/arch/mips/realtek/boards/rtl83xx-universal-bsp/model/mips32r2/bsp/setup.c	1917	f0dd3fc5a4b0fab1216d675228a74aeba181ab6cb6275c9a8880fc247ed3d9c3	
added	embedded-user-sdk-reference	target/linux/realtek/vendor/legacy-switch-sdk/source/system/linux/linux-2.6.32.x/arch/mips/realtek/boards/rtl83xx-universal-bsp/model/mips32r2/bsp/smtc.c	2395	05fe50283ca4e4ef6f6ece413f1a884ba1d0163337eb4fe590b79feb57b3c095	
added	embedded-user-sdk-reference	target/linux/realtek/vendor/legacy-switch-sdk/source/system/linux/linux-2.6.32.x/arch/mips/realtek/boards/rtl83xx-universal-bsp/model/mips32r2/bsp/timer.c	8156	003ccf14edf38240e2725a161fe7912d78374c5a12702febdcac6040feaecc41	
added	embedded-user-sdk-reference	target/linux/realtek/vendor/legacy-switch-sdk/source/system/linux/linux-2.6.32.x/arch/mips/realtek/boards/rtl83xx-universal-bsp/model/mips32r2/bsp/usb.c	3375	a404af624a52c8ec68932bb1140b5c28d3e87f368899bc2951614677410120bc	
added	embedded-user-sdk-reference	target/linux/realtek/vendor/legacy-switch-sdk/source/system/linux/linux-2.6.32.x/arch/mips/realtek/boards/rtl83xx-universal-bsp/model/mips32r2/bsp/usb.h	7383	870f1bbe045d6bb4612133a32d7d2029ce7547803a0e12c357ba1f090e687d0e	
added	embedded-user-sdk-reference	target/linux/realtek/vendor/legacy-switch-sdk/source/system/linux/linux-2.6.32.x/arch/mips/realtek/boards/rtl83xx-universal-bsp/model/mips32r2/bsp/vmlinux.lds.S	3401	298446203b04fb281d0e71277edfab0397bd09b079cc521ae9d1bca180636de0	
added	embedded-user-sdk-reference	target/linux/realtek/vendor/legacy-switch-sdk/source/system/linux/linux-2.6.32.x/arch/mips/realtek/boards/rtl83xx-universal-bsp/model/mips32r2/bsp/vsmp.c	1467	737df5edb8202c1aa3706e3a581db29da868796cdd8812e67cc9758021a8e563	
added	embedded-user-sdk-reference	target/linux/realtek/vendor/legacy-switch-sdk/source/system/linux/linux-2.6.32.x/arch/mips/realtek/boards/rtl83xx-universal-bsp/model/mips32r2/config.cpu	865	894872e2e12417b00685e71a6d77b30b3f7705771657c1256c21b6adfcf9d08b	
added	embedded-user-sdk-reference	target/linux/realtek/vendor/legacy-switch-sdk/source/system/linux/linux-2.6.32.x/arch/mips/realtek/boards/rtl83xx-universal-bsp/model/mips32r2/config.in	742	ca936f6c41e2b227db5f07dbbb3d81996a1fc65887651e4560b2cffdc9b8d549	
added	embedded-user-sdk-reference	target/linux/realtek/vendor/legacy-switch-sdk/source/system/linux/linux-2.6.32.x/arch/mips/realtek/boards/rtl83xx-universal-bsp/selection	16	2eeccdd2dbb4abc9425a7068dff7e559fabdb54194067286eaf904b1f98b282f	model/mips32r2/.
added	embedded-user-sdk-reference	target/linux/realtek/vendor/legacy-switch-sdk/source/system/linux/linux-2.6.32.x/arch/mips/realtek/sel_chip	31	a4b91c5f67007d4cced3e7412395881e07aa4905d3873dd8190dbf4d1fc6bcec	./boards/rtl83xx-universal-bsp/
added	embedded-user-sdk-reference	target/linux/realtek/vendor/legacy-switch-sdk/source/system/linux/linux-2.6.32.x/drivers/mtd/maps/rtk_nor_flash.c	5568	18d7d89e7f3f03f2dead7024a47b3ead10f31ebbeb9777777eb056b661f71849	
added	embedded-user-sdk-reference	target/linux/realtek/vendor/legacy-switch-sdk/source/system/linux/linux-2.6.32.x/drivers/mtd/maps/rtk_spi_flash_mio.c	81189	93282b65f4149f1ff0edc55bd801dadcf0906585816b9f7e16a731dcfedba221	
added	embedded-user-sdk-reference	target/linux/realtek/vendor/legacy-switch-sdk/source/system/linux/linux-2.6.32.x/drivers/mtd/maps/rtk_spi_flash_sio.c	44351	0d4d3a7200e469218778f2d5b884439826c31eaa6e21e7804d9b2a7e89895f81	
added	embedded-user-sdk-reference	target/linux/realtek/vendor/legacy-switch-sdk/source/system/linux/linux-2.6.32.x/include/asm-mips/mach-realtek/rtl8328/platform.h	7609	a489b0450fb9d561c987765e197e6387fe62ec338829eb403b776e60f45d09c0	
added	embedded-user-sdk-reference	target/linux/realtek/vendor/legacy-switch-sdk/source/system/linux/linux-2.6.32.x/include/asm-mips/mach-realtek/rtl8328/prom.h	967	6345ed510edb2be909ac2de8f24464209cea69149a8e1a5a3bf9848f9d827014	
added	embedded-user-sdk-reference	target/linux/realtek/vendor/legacy-switch-sdk/source/system/linux/linux-2.6.32.x/include/asm-mips/mach-realtek/rtl_assert.h	240	f42884cece0caf59ddde94b4e369f221bfe031cdf9d7b486bbb3da4eababf47e	
added	embedded-user-sdk-reference	target/linux/realtek/vendor/legacy-switch-sdk/source/system/linux/linux-2.6.32.x/include/asm-mips/mach-realtek/rtl_error.h	430	7b1f3e45304e77bbcb0bcb51ab8542b34543dfdde33cd0d1671c0980586cd640	
added	embedded-user-sdk-reference	target/linux/realtek/vendor/legacy-switch-sdk/source/system/linux/linux-2.6.32.x/include/asm-mips/mach-realtek/rtl_glue.h	22237	a42660bea4356a848e7b6180f7429118b690ddc0a71f60e8e42bf6f497f3d8b1	
added	embedded-user-sdk-reference	target/linux/realtek/vendor/legacy-switch-sdk/source/system/linux/linux-2.6.32.x/include/asm-mips/mach-realtek/rtl_queue.h	30129	fd885e59c67d99226e4564f55ea3f43fb0875bcbb5e27577420697ad5bf3a48f	
added	embedded-user-sdk-reference	target/linux/realtek/vendor/legacy-switch-sdk/source/system/linux/linux-2.6.32.x/include/asm-mips/mach-realtek/rtl_types.h	16263	ad72ca7f9040885f7478ad3d4f96d5be4ce5d8776998a49c5c261617ca022ac8	
added	embedded-user-sdk-reference	target/linux/realtek/vendor/legacy-switch-sdk/source/system/linux/linux-2.6.32.x/include/asm-mips/mach-realtek/rtl_utils.h	2136	b9ec8060d133278fdb65d64a05f45107955f0112120d02389af96a46a8c5803f	
added	embedded-user-sdk-reference	target/linux/realtek/vendor/legacy-switch-sdk/source/system/linux/linux-2.6.32.x/include/linux/mtd/rtk_flash_common.h	24584	cafc0c1635ea6d64a5241913e754dc91978febe07037bc3c399be01dde410fa9	
added	embedded-user-sdk-reference	target/linux/realtek/vendor/legacy-switch-sdk/source/system/linux/linux-2.6.32.x/include/linux/mtd/rtk_norflash.h	1532	5e6d8d870a677e3cf50cbbeeeb907051a1e0e859b8a58fd60d458fc145716566	
added	embedded-user-sdk-reference	target/linux/realtek/vendor/legacy-switch-sdk/source/system/linux/linux-2.6.32.x/include/linux/mtd/rtk_spiflash_mio.h	11249	b0e9ef2ad4bb7b339d65198cfb2b14015fe95bd1747ebe61e67509cb897bcd87	
added	embedded-user-sdk-reference	target/linux/realtek/vendor/legacy-switch-sdk/source/system/linux/linux-2.6.32.x/include/linux/mtd/rtk_spiflash_sio.h	6852	1b1b158dead035d32790c43c9a863f04f060c238568d8675be2b7d7d9d4a595f	
added	embedded-user-sdk-reference	target/linux/realtek/vendor/legacy-switch-sdk/source/system/linux/linux-2.6.x/arch/mips/realtek/rtl8328/Kconfig	166	601376b432cd5d77b60041921190becedb580711bd0e7ecd91b5864f980053fe	
added	embedded-user-sdk-reference	target/linux/realtek/vendor/legacy-switch-sdk/source/system/linux/linux-2.6.x/arch/mips/realtek/rtl8328/Makefile	180	92125180d023d4ea8e6960aa39d15ab369c5764fd8a11fb9ed9d191091894757	
added	embedded-user-sdk-reference	target/linux/realtek/vendor/legacy-switch-sdk/source/system/linux/linux-2.6.x/arch/mips/realtek/rtl8328/int.c	4843	a12736e0abaa5ca6fade02fd61f4359acae505d2500d9c7400a627aef3dfabb3	
added	embedded-user-sdk-reference	target/linux/realtek/vendor/legacy-switch-sdk/source/system/linux/linux-2.6.x/arch/mips/realtek/rtl8328/mem.c	1733	4f0a04e29b263c118d67bd7c407ff333bc6e42b1302fe5279c9993ced9923be3	
added	embedded-user-sdk-reference	target/linux/realtek/vendor/legacy-switch-sdk/source/system/linux/linux-2.6.x/arch/mips/realtek/rtl8328/printf.c	2043	7387b0ffae3a9edf8a2dd311c801832866ef302b9d931af9200c895db34d3090	
added	embedded-user-sdk-reference	target/linux/realtek/vendor/legacy-switch-sdk/source/system/linux/linux-2.6.x/arch/mips/realtek/rtl8328/rtl8316sIRQ.S	795	99819959128d13a963de1bf21fcbee1a33bb4dccbec4f53d3b00bb9e8c5d614d	
added	embedded-user-sdk-reference	target/linux/realtek/vendor/legacy-switch-sdk/source/system/linux/linux-2.6.x/arch/mips/realtek/rtl8328/setup.c	3466	819283278442d4ce0118c38cc38d28a922e9a43aa9d183a7fd005a7c56606011	
added	embedded-user-sdk-reference	target/linux/realtek/vendor/legacy-switch-sdk/source/system/linux/linux-2.6.x/arch/mips/realtek/rtl8380/Kconfig	166	bfb265c4caed7252975f960251cb6f2e8a8e5a943e8636299753aaf13c136e43	
added	embedded-user-sdk-reference	target/linux/realtek/vendor/legacy-switch-sdk/source/system/linux/linux-2.6.x/arch/mips/realtek/rtl8380/Makefile	180	9b2e6d8f3f267edcf661b96ee5aa9b9c7836fad46ecf1c16043d4e2c7b90b5a5	
added	embedded-user-sdk-reference	target/linux/realtek/vendor/legacy-switch-sdk/source/system/linux/linux-2.6.x/arch/mips/realtek/rtl8380/int.c	4861	f2f89d298119821251298f5768f15d2b8b31c078ece0b3ff8a71387fe56623fa	
added	embedded-user-sdk-reference	target/linux/realtek/vendor/legacy-switch-sdk/source/system/linux/linux-2.6.x/arch/mips/realtek/rtl8380/mem.c	1733	4f0a04e29b263c118d67bd7c407ff333bc6e42b1302fe5279c9993ced9923be3	
added	embedded-user-sdk-reference	target/linux/realtek/vendor/legacy-switch-sdk/source/system/linux/linux-2.6.x/arch/mips/realtek/rtl8380/printf.c	2043	7387b0ffae3a9edf8a2dd311c801832866ef302b9d931af9200c895db34d3090	
added	embedded-user-sdk-reference	target/linux/realtek/vendor/legacy-switch-sdk/source/system/linux/linux-2.6.x/arch/mips/realtek/rtl8380/setup.c	5709	f509601ba8ff8444cc103f16bdccdb23729695420e8ac55481ac765aeb007a3c	
added	embedded-user-sdk-reference	target/linux/realtek/vendor/legacy-switch-sdk/source/system/linux/linux-2.6.x/arch/mips/realtek/rtl8389/Kconfig	166	cf2b90255026e9e7639a32b93d3671fa9c7287c7976671d3200bc26312bd1823	
added	embedded-user-sdk-reference	target/linux/realtek/vendor/legacy-switch-sdk/source/system/linux/linux-2.6.x/arch/mips/realtek/rtl8389/Makefile	231	660bf20c9efd7f6bfeaff3ff65f93006c77b00439c21a988d1259b3e8bbe6f9e	
added	embedded-user-sdk-reference	target/linux/realtek/vendor/legacy-switch-sdk/source/system/linux/linux-2.6.x/arch/mips/realtek/rtl8389/int.c	4918	bd2c28cdf57e67e39ca72f31b0683f0ff79e5f9b9f91eab7c5755d3b5053b911	
added	embedded-user-sdk-reference	target/linux/realtek/vendor/legacy-switch-sdk/source/system/linux/linux-2.6.x/arch/mips/realtek/rtl8389/mem.c	1722	c20813d3e9bae6f7dc02e1f14a4b5cf02d06685176885ffd12f70b645ea48060	
added	embedded-user-sdk-reference	target/linux/realtek/vendor/legacy-switch-sdk/source/system/linux/linux-2.6.x/arch/mips/realtek/rtl8389/printf.c	2081	31301eebcc8c514c2282eab0f821a3d62d1020100d85ed84c9304bd57e9d1d69	
added	embedded-user-sdk-reference	target/linux/realtek/vendor/legacy-switch-sdk/source/system/linux/linux-2.6.x/arch/mips/realtek/rtl8389/rtl8389IRQ.S	1599	b96b378bd04001c0bbd856691f25a513b57fb159725881ebe4a09aee3b84a201	
added	embedded-user-sdk-reference	target/linux/realtek/vendor/legacy-switch-sdk/source/system/linux/linux-2.6.x/arch/mips/realtek/rtl8389/setup.c	4049	ba3d670cdb9e8eb77d3ad6d708a10ea9d959631793e0c4efe1c829a67ce99d75	
added	embedded-user-sdk-reference	target/linux/realtek/vendor/legacy-switch-sdk/source/system/linux/linux-2.6.x/arch/mips/realtek/rtl8390/Kconfig	166	f96d4448ce168928fced8d0b78b48aa25617182698e2a085073ebcdbd1ed3da6	
added	embedded-user-sdk-reference	target/linux/realtek/vendor/legacy-switch-sdk/source/system/linux/linux-2.6.x/arch/mips/realtek/rtl8390/Makefile	180	384371e92ccaa17bcb0f8c86900f97d2418e236bff6a8730aad286d7afa34189	
added	embedded-user-sdk-reference	target/linux/realtek/vendor/legacy-switch-sdk/source/system/linux/linux-2.6.x/arch/mips/realtek/rtl8390/int.c	4640	4c0679dbfb6f552fc5cdcfa71de85de2fc61e8c0264a3fe2e372ad6a0a059d14	
added	embedded-user-sdk-reference	target/linux/realtek/vendor/legacy-switch-sdk/source/system/linux/linux-2.6.x/arch/mips/realtek/rtl8390/mem.c	1733	4f0a04e29b263c118d67bd7c407ff333bc6e42b1302fe5279c9993ced9923be3	
added	embedded-user-sdk-reference	target/linux/realtek/vendor/legacy-switch-sdk/source/system/linux/linux-2.6.x/arch/mips/realtek/rtl8390/printf.c	2043	7387b0ffae3a9edf8a2dd311c801832866ef302b9d931af9200c895db34d3090	
added	embedded-user-sdk-reference	target/linux/realtek/vendor/legacy-switch-sdk/source/system/linux/linux-2.6.x/arch/mips/realtek/rtl8390/setup.c	4594	993319df3e200df475632e836778e75fd3de680c04a8400aeb93cc7671c2d6eb	
added	embedded-user-sdk-reference	target/linux/realtek/vendor/legacy-switch-sdk/source/system/linux/linux-2.6.x/arch/mips/realtek/rtl83xx-universal-bsp/Kconfig	166	f96d4448ce168928fced8d0b78b48aa25617182698e2a085073ebcdbd1ed3da6	
added	embedded-user-sdk-reference	target/linux/realtek/vendor/legacy-switch-sdk/source/system/linux/linux-2.6.x/arch/mips/realtek/rtl83xx-universal-bsp/Makefile	221	b707532f691bb9d7380f0c00bc9f54a5f934fc63269fe81373196905d6576475	
added	embedded-user-sdk-reference	target/linux/realtek/vendor/legacy-switch-sdk/source/system/linux/linux-2.6.x/arch/mips/realtek/rtl83xx-universal-bsp/chip.h	43	d366a53a0877699a11c33b5c6511ddc02c6ab7820d17f0b3722371af841d36a5	../../../../../../include/drv/swcore/chip.h
added	embedded-user-sdk-reference	target/linux/realtek/vendor/legacy-switch-sdk/source/system/linux/linux-2.6.x/arch/mips/realtek/rtl83xx-universal-bsp/chip_probe.c	35	87733fe0ced3bcc0489aa99b2f0aa8c1aca792b627c1d2aad2da519c3c838612	../../../../../../drv/swcore/chip.c
added	embedded-user-sdk-reference	target/linux/realtek/vendor/legacy-switch-sdk/source/system/linux/linux-2.6.x/arch/mips/realtek/rtl83xx-universal-bsp/int.c	9365	d9f55c541b06cb5282a5dd955071f900009ca59adc88404c14cb7750513b1506	
added	embedded-user-sdk-reference	target/linux/realtek/vendor/legacy-switch-sdk/source/system/linux/linux-2.6.x/arch/mips/realtek/rtl83xx-universal-bsp/mem.c	1733	4f0a04e29b263c118d67bd7c407ff333bc6e42b1302fe5279c9993ced9923be3	
added	embedded-user-sdk-reference	target/linux/realtek/vendor/legacy-switch-sdk/source/system/linux/linux-2.6.x/arch/mips/realtek/rtl83xx-universal-bsp/printf.c	2043	7387b0ffae3a9edf8a2dd311c801832866ef302b9d931af9200c895db34d3090	
added	embedded-user-sdk-reference	target/linux/realtek/vendor/legacy-switch-sdk/source/system/linux/linux-2.6.x/arch/mips/realtek/rtl83xx-universal-bsp/rtl8316sIRQ.S	795	99819959128d13a963de1bf21fcbee1a33bb4dccbec4f53d3b00bb9e8c5d614d	
added	embedded-user-sdk-reference	target/linux/realtek/vendor/legacy-switch-sdk/source/system/linux/linux-2.6.x/arch/mips/realtek/rtl83xx-universal-bsp/setup.c	12977	a6a8aa614d5b57dc5b192f607e219542169e53ab72a16bf2403fe77c5516bec6	
added	embedded-user-sdk-reference	target/linux/realtek/vendor/legacy-switch-sdk/source/system/linux/linux-2.6.x/arch/mips/realtek/rtl_glue.c	42466	b3932f0d0237ceffad321c3181ad5f76f0b00f4073712efff6271de6b1c7356f	
added	embedded-user-sdk-reference	target/linux/realtek/vendor/legacy-switch-sdk/source/system/linux/linux-2.6.x/arch/mips/realtek/rtl_utils.c	10434	27ab876a6a66cec9a67c24273d5b3e7c32616e1f26e50dd9f8ced0f0ef66417d	
added	embedded-user-sdk-reference	target/linux/realtek/vendor/legacy-switch-sdk/source/system/linux/linux-2.6.x/drivers/mtd/maps/rtk_nor_flash.c	5438	698dba988f86a0cfb0f2066e80ab8223f1093c552f87b31b1fe1274a05ef819c	
added	embedded-user-sdk-reference	target/linux/realtek/vendor/legacy-switch-sdk/source/system/linux/linux-2.6.x/drivers/mtd/maps/rtk_spi_flash_mio.c	88571	4b4392e6e5d62c5a0626965613e71e61074528bcd5c8fef508d7a750c557e596	
added	embedded-user-sdk-reference	target/linux/realtek/vendor/legacy-switch-sdk/source/system/linux/linux-2.6.x/drivers/mtd/maps/rtk_spi_flash_sio.c	44493	56ead254800d30614df26478924293615ce2bb2c578cb1c8ed98b96b27f33fb0	
added	embedded-user-sdk-reference	target/linux/realtek/vendor/legacy-switch-sdk/source/system/linux/linux-2.6.x/include/asm-mips/mach-realtek/rtl8328/platform.h	7609	a489b0450fb9d561c987765e197e6387fe62ec338829eb403b776e60f45d09c0	
added	embedded-user-sdk-reference	target/linux/realtek/vendor/legacy-switch-sdk/source/system/linux/linux-2.6.x/include/asm-mips/mach-realtek/rtl8328/prom.h	967	6345ed510edb2be909ac2de8f24464209cea69149a8e1a5a3bf9848f9d827014	
added	embedded-user-sdk-reference	target/linux/realtek/vendor/legacy-switch-sdk/source/system/linux/linux-2.6.x/include/asm-mips/mach-realtek/rtl8380/platform.h	8766	cff96f51fb6dbed0c1dc6f31607e0d73acf6cf8c6f4cccb9d0967854b95a93a7	
added	embedded-user-sdk-reference	target/linux/realtek/vendor/legacy-switch-sdk/source/system/linux/linux-2.6.x/include/asm-mips/mach-realtek/rtl8380/prom.h	967	6345ed510edb2be909ac2de8f24464209cea69149a8e1a5a3bf9848f9d827014	
added	embedded-user-sdk-reference	target/linux/realtek/vendor/legacy-switch-sdk/source/system/linux/linux-2.6.x/include/asm-mips/mach-realtek/rtl8389/platform.h	3114	6c18e6158d70109eff2c36d79ad52ddf33b1aff8ffadc49f8093da8f5e00e963	
added	embedded-user-sdk-reference	target/linux/realtek/vendor/legacy-switch-sdk/source/system/linux/linux-2.6.x/include/asm-mips/mach-realtek/rtl8389/prom.h	957	ddf6c350d463f170acbbde761cdb823936cea8974f5c385bfb9d0d057f1f2c84	
added	embedded-user-sdk-reference	target/linux/realtek/vendor/legacy-switch-sdk/source/system/linux/linux-2.6.x/include/asm-mips/mach-realtek/rtl8390/platform.h	8414	42ce17ddbfc12f7b4b2cd4b9a410f19e1265d434ca9db8591bbda6238b5d26f4	
added	embedded-user-sdk-reference	target/linux/realtek/vendor/legacy-switch-sdk/source/system/linux/linux-2.6.x/include/asm-mips/mach-realtek/rtl8390/prom.h	967	6345ed510edb2be909ac2de8f24464209cea69149a8e1a5a3bf9848f9d827014	
added	embedded-user-sdk-reference	target/linux/realtek/vendor/legacy-switch-sdk/source/system/linux/linux-2.6.x/include/asm-mips/mach-realtek/rtl83xx-universal-bsp/platform.h	11698	1a3aefe1b7a4f2360f42d417542567a96445a52cfa929eac21d05c50873b81c4	
added	embedded-user-sdk-reference	target/linux/realtek/vendor/legacy-switch-sdk/source/system/linux/linux-2.6.x/include/asm-mips/mach-realtek/rtl83xx-universal-bsp/prom.h	967	6345ed510edb2be909ac2de8f24464209cea69149a8e1a5a3bf9848f9d827014	
added	embedded-user-sdk-reference	target/linux/realtek/vendor/legacy-switch-sdk/source/system/linux/linux-2.6.x/include/asm-mips/mach-realtek/rtl_assert.h	240	f42884cece0caf59ddde94b4e369f221bfe031cdf9d7b486bbb3da4eababf47e	
added	embedded-user-sdk-reference	target/linux/realtek/vendor/legacy-switch-sdk/source/system/linux/linux-2.6.x/include/asm-mips/mach-realtek/rtl_error.h	430	7b1f3e45304e77bbcb0bcb51ab8542b34543dfdde33cd0d1671c0980586cd640	
added	embedded-user-sdk-reference	target/linux/realtek/vendor/legacy-switch-sdk/source/system/linux/linux-2.6.x/include/asm-mips/mach-realtek/rtl_glue.h	22237	a42660bea4356a848e7b6180f7429118b690ddc0a71f60e8e42bf6f497f3d8b1	
added	embedded-user-sdk-reference	target/linux/realtek/vendor/legacy-switch-sdk/source/system/linux/linux-2.6.x/include/asm-mips/mach-realtek/rtl_queue.h	30129	fd885e59c67d99226e4564f55ea3f43fb0875bcbb5e27577420697ad5bf3a48f	
added	embedded-user-sdk-reference	target/linux/realtek/vendor/legacy-switch-sdk/source/system/linux/linux-2.6.x/include/asm-mips/mach-realtek/rtl_types.h	16263	ad72ca7f9040885f7478ad3d4f96d5be4ce5d8776998a49c5c261617ca022ac8	
added	embedded-user-sdk-reference	target/linux/realtek/vendor/legacy-switch-sdk/source/system/linux/linux-2.6.x/include/asm-mips/mach-realtek/rtl_utils.h	2136	b9ec8060d133278fdb65d64a05f45107955f0112120d02389af96a46a8c5803f	
added	embedded-user-sdk-reference	target/linux/realtek/vendor/legacy-switch-sdk/source/system/linux/linux-2.6.x/include/linux/mtd/rtk_flash_common.h	24584	cafc0c1635ea6d64a5241913e754dc91978febe07037bc3c399be01dde410fa9	
added	embedded-user-sdk-reference	target/linux/realtek/vendor/legacy-switch-sdk/source/system/linux/linux-2.6.x/include/linux/mtd/rtk_norflash.h	1532	5e6d8d870a677e3cf50cbbeeeb907051a1e0e859b8a58fd60d458fc145716566	
added	embedded-user-sdk-reference	target/linux/realtek/vendor/legacy-switch-sdk/source/system/linux/linux-2.6.x/include/linux/mtd/rtk_spiflash_mio.h	11291	c14f4c12cb62315ac0af5cec032bc6f8db53c07aeb9084152a41abb4b3f783ba	
added	embedded-user-sdk-reference	target/linux/realtek/vendor/legacy-switch-sdk/source/system/linux/linux-2.6.x/include/linux/mtd/rtk_spiflash_sio.h	6954	e31fb6da0bdd200f3a2fdd9820fe3600da8a62e8132dfc0c32a36c66b65af19c	
added	embedded-user-sdk-reference	target/linux/realtek/vendor/legacy-switch-sdk/source/system/linux/rtcore/Makefile	147	4c18c69298b44f88f8987493a06d856a8c643c2a8044a586d01e5053932c41bc	
added	embedded-user-sdk-reference	target/linux/realtek/vendor/legacy-switch-sdk/source/system/linux/rtcore/rtcore.h	7455	ad4d48dc43814b5e63f071707ed7dccdaf445e18dbb9a10c953f77196dfcf2bc	
added	embedded-user-sdk-reference	target/linux/realtek/vendor/legacy-switch-sdk/source/system/linux/rtcore/rtcore_drv.c	35216	78f0369c5d13e258e27adf5175910ff90bce067f1193da9a0617649a7e2dc237	
added	embedded-user-sdk-reference	target/linux/realtek/vendor/legacy-switch-sdk/source/system/linux/rtcore/rtcore_export.c	8700	d043f98358b8668cc420188d11b36b6debd0b29184474ebb88c94c13ada5ef79	
added	embedded-user-sdk-reference	target/linux/realtek/vendor/legacy-switch-sdk/source/system/linux/rtcore/user/rtcore_drv_usr.c	10424	4ad6716dd88b8028038ea1891814f0d77400bf55bd0043c44af6d7815d00e333	
added	embedded-user-sdk-reference	target/linux/realtek/vendor/legacy-switch-sdk/source/system/linux/rtcore/user/rtcore_drv_usr.h	2342	9ef6220bdd6a9a9bcbb0f610507104d31e51171a5ac271217d1bdf6038484352	
added	embedded-user-sdk-reference	target/linux/realtek/vendor/legacy-switch-sdk/source/system/linux/rtdrv/Makefile	152	c6d3d95557a517eafb44857357d3ca736c98bd4f8c79e79cd1d1859cccf4054d	
added	embedded-user-sdk-reference	target/linux/realtek/vendor/legacy-switch-sdk/source/system/linux/rtdrv/ext/rtdrv_netfilter_ext_8380.c	5868	409620d37000bc6ab0eff1099842ff6986c607b0fc42018c1498997e76bf6845	
added	embedded-user-sdk-reference	target/linux/realtek/vendor/legacy-switch-sdk/source/system/linux/rtdrv/ext/rtdrv_netfilter_ext_8380.h	14893	edddc85563fd70163f69c79165b4c79bd09a29254eda67194f4a236daf69b8a5	
added	embedded-user-sdk-reference	target/linux/realtek/vendor/legacy-switch-sdk/source/system/linux/rtdrv/ext/rtdrv_netfilter_ext_8390.c	82364	9111187d16ee01813c1500c5239348c35402362255ca9ef0d4e302429554e7da	
added	embedded-user-sdk-reference	target/linux/realtek/vendor/legacy-switch-sdk/source/system/linux/rtdrv/ext/rtdrv_netfilter_ext_8390.h	14920	4742bc962c11c14dc81cdeba4c4447646fce404f9c291d833f74e4c61119be7b	
added	embedded-user-sdk-reference	target/linux/realtek/vendor/legacy-switch-sdk/source/system/linux/rtdrv/rtdrv_netfilter.c	456518	bb7219c860033f8898db2e5169c2fe2c02108e06e30b004150839655966293b8	
added	embedded-user-sdk-reference	target/linux/realtek/vendor/legacy-switch-sdk/source/system/linux/rtdrv/rtdrv_netfilter.h	101784	3ff41e393cd22d75f299b493c74deaf3e092f94541903716068f3f3f1b958086	
added	embedded-user-sdk-reference	target/linux/realtek/vendor/legacy-switch-sdk/source/system/linux/rtk/model_module.c	7104	5278fc7232d634eefc41dd46eee7e04593f5d80cc533ab22d1353a82d0900202	
added	embedded-user-sdk-reference	target/linux/realtek/vendor/legacy-switch-sdk/source/system/linux/rtk/module.c	73611	cf5bec11542a898a021664addd6ea64e2f9462dd6e1e0c4619f8479321a52aa3	
added	embedded-user-sdk-reference	target/linux/realtek/vendor/legacy-switch-sdk/source/system/linux/rtk/rtusr/Makefile	173	0781892dd1ea7935e05be439553c34674ef8cef508a291bf529d4afbcf268de4	
added	embedded-user-sdk-reference	target/linux/realtek/vendor/legacy-switch-sdk/source/system/linux/rtk/rtusr/include/rtusr_util.h	1793	01cec3b9f7306c63ef07b809dd2f0000b1e6cfdfa70e7c4fa8449ed62e1d6db4	
added	embedded-user-sdk-reference	target/linux/realtek/vendor/legacy-switch-sdk/source/system/linux/rtk/rtusr/src/Makefile	149	f2b3e7b835e13e04c6fda75ba18013c8dbce9e6556c6b8d0ef2d6272973f478a	
added	embedded-user-sdk-reference	target/linux/realtek/vendor/legacy-switch-sdk/source/system/linux/rtk/rtusr/src/rtusr_acl.c	29403	6f913c6cd5adef95849f50ce127d2cf1f0e34e85f902ff9143e9ad9c726f45cf	
added	embedded-user-sdk-reference	target/linux/realtek/vendor/legacy-switch-sdk/source/system/linux/rtk/rtusr/src/rtusr_counter.c	4498	625c5597ee3a8ecc3f0757e2eee81e50614fb83502d14289fa5b36e18e17154d	
added	embedded-user-sdk-reference	target/linux/realtek/vendor/legacy-switch-sdk/source/system/linux/rtk/rtusr/src/rtusr_debug.c	11724	1d5383e4c82e8b2aebdba15253dd6a923c6c7cbdc8406847ba083170a6c1cb17	
added	embedded-user-sdk-reference	target/linux/realtek/vendor/legacy-switch-sdk/source/system/linux/rtk/rtusr/src/rtusr_diag.c	29491	ae54c8cf2654c7be8f69d028ebc40116706d5c3507766bbedb1f987a1b31e203	
added	embedded-user-sdk-reference	target/linux/realtek/vendor/legacy-switch-sdk/source/system/linux/rtk/rtusr/src/rtusr_dot1x.c	12812	6120afe8b6bc3904e55bc4a51ea9c96793e07edfc684a6ab5ba9610c1c72c1a8	
added	embedded-user-sdk-reference	target/linux/realtek/vendor/legacy-switch-sdk/source/system/linux/rtk/rtusr/src/rtusr_eee.c	2343	89085addfc4858d54a33d0fe060554eb55e840289badb6c6c2921cbce498febb	
added	embedded-user-sdk-reference	target/linux/realtek/vendor/legacy-switch-sdk/source/system/linux/rtk/rtusr/src/rtusr_ext_8380.c	2652	bd51702c4d65b3adf5180b2fc5b52fc6cf201ae8dda887086e2f192725bb04b6	
added	embedded-user-sdk-reference	target/linux/realtek/vendor/legacy-switch-sdk/source/system/linux/rtk/rtusr/src/rtusr_filter.c	7231	e0087d7c9ce03ae11205c67e92529fef2f8139c4c2d1f3a9b1017952ef3d5daf	
added	embedded-user-sdk-reference	target/linux/realtek/vendor/legacy-switch-sdk/source/system/linux/rtk/rtusr/src/rtusr_flowctrl.c	27573	618716240c508410f94742d6dd221b7ee3f2f94e005b21e015932b2baf54785d	
added	embedded-user-sdk-reference	target/linux/realtek/vendor/legacy-switch-sdk/source/system/linux/rtk/rtusr/src/rtusr_init.c	1304	3d1b4fa57562643fb4cde1627629c1c0c52b624d1847f2a0592dd99d685f705d	
added	embedded-user-sdk-reference	target/linux/realtek/vendor/legacy-switch-sdk/source/system/linux/rtk/rtusr/src/rtusr_l2.c	62912	c98ffc920596e9cbfd683fc07d28dc9393a9d1f060718e2a5d846ed1cc0d73c3	
added	embedded-user-sdk-reference	target/linux/realtek/vendor/legacy-switch-sdk/source/system/linux/rtk/rtusr/src/rtusr_l3.c	6377	6a0abff9fa3aa4ffbc8c4b294243c4cb8b620464e301ab2408cc4e92846a9865	
added	embedded-user-sdk-reference	target/linux/realtek/vendor/legacy-switch-sdk/source/system/linux/rtk/rtusr/src/rtusr_led.c	4114	2cf5ac5883934a0d245a5cc0374ae9aaa7e69f246edfb227c80b1b79a0db2651	
added	embedded-user-sdk-reference	target/linux/realtek/vendor/legacy-switch-sdk/source/system/linux/rtk/rtusr/src/rtusr_mirror.c	17432	e94f90d32da6484d308f593f225f0c9bc9a5f201458343bf6f99f6d6f91245cb	
added	embedded-user-sdk-reference	target/linux/realtek/vendor/legacy-switch-sdk/source/system/linux/rtk/rtusr/src/rtusr_mpls.c	3109	cd5a64cb7b385a94c51984ff3b36259693d12d7baf748ff229a813079cb4a59c	
added	embedded-user-sdk-reference	target/linux/realtek/vendor/legacy-switch-sdk/source/system/linux/rtk/rtusr/src/rtusr_nic.c	3173	d80a6bc0d044078deb22795824298c07ad01369f9f4aa5d375da1b4c7b9f1df6	
added	embedded-user-sdk-reference	target/linux/realtek/vendor/legacy-switch-sdk/source/system/linux/rtk/rtusr/src/rtusr_oam.c	36287	fd5a0e91bd9a8d79a2002b3eb63ee7895d870d8c244dca4009b73cb01779631f	
added	embedded-user-sdk-reference	target/linux/realtek/vendor/legacy-switch-sdk/source/system/linux/rtk/rtusr/src/rtusr_pie.c	31153	8289eca8c76505954f980369aa4e744d55af1783b11538704d447d0d915ab931	
added	embedded-user-sdk-reference	target/linux/realtek/vendor/legacy-switch-sdk/source/system/linux/rtk/rtusr/src/rtusr_port.c	36944	c2a955250783e0e42f66a43a843a0fbe6b556fa1d3bdde61109684c6378567de	
added	embedded-user-sdk-reference	target/linux/realtek/vendor/legacy-switch-sdk/source/system/linux/rtk/rtusr/src/rtusr_private.c	2179	3f2c6bee55060f4fa24323f82ed2bf142efdfcc258a9276006ca9b8faec21788	
added	embedded-user-sdk-reference	target/linux/realtek/vendor/legacy-switch-sdk/source/system/linux/rtk/rtusr/src/rtusr_qos.c	58455	d88f6c9aa3f1bc21e580186b29f2621fa5e64bf3b53d28e52fbfdb66f5eaf549	
added	embedded-user-sdk-reference	target/linux/realtek/vendor/legacy-switch-sdk/source/system/linux/rtk/rtusr/src/rtusr_rate.c	30621	a5ee7e79ba49753434b4f38d7971195e73ce52fe74354602075cb8e01138f9ad	
added	embedded-user-sdk-reference	target/linux/realtek/vendor/legacy-switch-sdk/source/system/linux/rtk/rtusr/src/rtusr_sec.c	7961	b887e8dc8e38dc24ba75b411c8529049df1ef38b1b84cac59a40087d0a561d07	
added	embedded-user-sdk-reference	target/linux/realtek/vendor/legacy-switch-sdk/source/system/linux/rtk/rtusr/src/rtusr_stp.c	2268	2373a861b6f6aedae285500aa41e305eed738177e977824538e1711c03ad2362	
added	embedded-user-sdk-reference	target/linux/realtek/vendor/legacy-switch-sdk/source/system/linux/rtk/rtusr/src/rtusr_svlan.c	5760	e1b1929eb69f9d8e1e45052beca0151319ce14b3ef8572cec72d1d6103220af4	
added	embedded-user-sdk-reference	target/linux/realtek/vendor/legacy-switch-sdk/source/system/linux/rtk/rtusr/src/rtusr_switch.c	16848	312f81cff140407351c34840addcd745d06bc03aeadacbf12f4bc4ffc749d8f3	
added	embedded-user-sdk-reference	target/linux/realtek/vendor/legacy-switch-sdk/source/system/linux/rtk/rtusr/src/rtusr_time.c	3328	a77dbc02ed1784e1b27091afabce94dd1d8a1831f3109137d76959569e96cb24	
added	embedded-user-sdk-reference	target/linux/realtek/vendor/legacy-switch-sdk/source/system/linux/rtk/rtusr/src/rtusr_trap.c	56654	60910c74bc26b54c6ac66d8b91e0323f90ec2cf99eedf3d16916d516cd148fa1	
added	embedded-user-sdk-reference	target/linux/realtek/vendor/legacy-switch-sdk/source/system/linux/rtk/rtusr/src/rtusr_trunk.c	8933	34a97fb981e14626097404c0dfb0c9528b68430ad85533ad3a604cc1835a4115	
added	embedded-user-sdk-reference	target/linux/realtek/vendor/legacy-switch-sdk/source/system/linux/rtk/rtusr/src/rtusr_uart.c	2450	06f42a253edf39d56cd461886d55d897f342ef2025f853eea069c33db7888c4f	
added	embedded-user-sdk-reference	target/linux/realtek/vendor/legacy-switch-sdk/source/system/linux/rtk/rtusr/src/rtusr_vlan.c	54542	b48ec8b45ebabe1cce6b5f7a00493f12fc910cac85c2fe25bab2ab714514fb8e	
added	embedded-user-sdk-reference	target/linux/realtek/vendor/legacy-switch-sdk/source/system/linux/rtnic/Makefile	152	6dd33e9ca0b6770ab283c7c2dc054c7bb1dedfd3624364ee84a5970f381785a9	
added	embedded-user-sdk-reference	target/linux/realtek/vendor/legacy-switch-sdk/source/system/linux/rtnic/rtnic_drv.c	17159	2cf64fafe5e5083b38960940b3701173ad667c96acf1edf378c96d2d486395b4	
added	embedded-user-sdk-reference	target/linux/realtek/vendor/legacy-switch-sdk/source/system/linux/rtnic/rtnic_drv.h	1286	3519281dcb7e85c2f7a958e5c8d73cfc30fef796717d04579c471b7c62cfadbf	
added	embedded-user-sdk-reference	target/linux/realtek/vendor/legacy-switch-sdk/source/system/linux/usrAppStart.c	2246	084a442512bb673658bc38ae28a428ac12f68e974b2ae25775c93cb18b1f882c	
added	embedded-user-sdk-reference	target/linux/realtek/vendor/legacy-switch-sdk/source/system/osal/linux/atomic.c	3277	66c56cce366b7b8de785a774c501d2b39ea99abb9ee1a3c38942a18a3ec53269	
added	embedded-user-sdk-reference	target/linux/realtek/vendor/legacy-switch-sdk/source/system/osal/linux/cache.c	1949	1b9e09efe9e557dc22f0fd4522eae2b245bd6755c8e9160f151808a28ed2ce00	
added	embedded-user-sdk-reference	target/linux/realtek/vendor/legacy-switch-sdk/source/system/osal/linux/isr.c	5015	601b949d1769078b311891d7e3927f54606f0a7a4393399dc5504b09ef492147	
added	embedded-user-sdk-reference	target/linux/realtek/vendor/legacy-switch-sdk/source/system/osal/linux/lib.c	6601	7b314fb0ba1ebd4741cd87e6fee84b69b7ef19ca0ccd783ae1c71d4da6b9d4de	
added	embedded-user-sdk-reference	target/linux/realtek/vendor/legacy-switch-sdk/source/system/osal/linux/memory.c	2072	5acca3cf821303a2c35e1bc3b056d0d0d98bf171142321d8ad01967bd88d0e2f	
added	embedded-user-sdk-reference	target/linux/realtek/vendor/legacy-switch-sdk/source/system/osal/linux/sem.c	7648	ed958cff5623e120954a78cac5063eb1fd0e26d2f597d57f46e3da09c2c62f27	
added	embedded-user-sdk-reference	target/linux/realtek/vendor/legacy-switch-sdk/source/system/osal/linux/spl.c	2108	d1086abe851ee5404b0a2fcb51a64a7713f33dbee292564abce6c4b3e9657dfc	
added	embedded-user-sdk-reference	target/linux/realtek/vendor/legacy-switch-sdk/source/system/osal/linux/thread.c	10436	09093c62347c4406412664c535303cc417cf40959551ff402e277c33305b8283	
added	embedded-user-sdk-reference	target/linux/realtek/vendor/legacy-switch-sdk/source/system/osal/linux/time.c	5822	b148e0ccc867c984ec52a757615ced7c5221d0a2b50307fd1e6952fa7bad944c	
added	embedded-user-sdk-reference	target/linux/realtek/vendor/legacy-switch-sdk/source/system/osal/linux/user/cache.c	2020	c9084628a31a7569f0105450b26dc53bf11ed14e965156799d10702e64efaef5	
added	embedded-user-sdk-reference	target/linux/realtek/vendor/legacy-switch-sdk/source/system/osal/linux/user/lib.c	6601	7b314fb0ba1ebd4741cd87e6fee84b69b7ef19ca0ccd783ae1c71d4da6b9d4de	
added	embedded-user-sdk-reference	target/linux/realtek/vendor/legacy-switch-sdk/source/system/osal/linux/user/memory.c	3349	e2a5bdd55cbc38f3906f829ff495e9b5e264b26cfc32ac31bae90f96365b785b	
added	embedded-user-sdk-reference	target/linux/realtek/vendor/legacy-switch-sdk/source/system/osal/linux/user/sem.c	8716	7a6958c30ae998adc183303067491b3eebac8460f02b8b76a81345215da46514	
added	embedded-user-sdk-reference	target/linux/realtek/vendor/legacy-switch-sdk/source/system/osal/linux/user/thread.c	8298	8038934b3fe2a231d352728645da7dada02cdfac0354ea02b38088e15f4f3923	
added	embedded-user-sdk-reference	target/linux/realtek/vendor/legacy-switch-sdk/source/system/osal/linux/user/time.c	3381	8d8cdcd437bf19bbab539e5fca991269084ae24db1c2c79e575358f2fb6e8bb5	
