family	symbol	arguments	kind	raw_value	numeric_value_decimal	source_line
B	_RTL8367B_REG_H_		REGISTER			2
B	RTL8367B_REG_PKTGEN_PORT0_CTRL		REGISTER	0x0001	1	10
B	RTL8367B_PKTGEN_PORT0_CTRL_STATUS_OFFSET		OFFSET_SHIFT	15	15	11
B	RTL8367B_PKTGEN_PORT0_CTRL_STATUS_MASK		MASK	0x8000	32768	12
B	RTL8367B_PKTGEN_PORT0_CTRL_PKTGEN_STS_OFFSET		OFFSET_SHIFT	13	13	13
B	RTL8367B_PKTGEN_PORT0_CTRL_PKTGEN_STS_MASK		MASK	0x2000	8192	14
B	RTL8367B_PKTGEN_PORT0_CTRL_PKTGEN_SUSPEND_OFFSET		OFFSET_SHIFT	12	12	15
B	RTL8367B_PKTGEN_PORT0_CTRL_PKTGEN_SUSPEND_MASK		MASK	0x1000	4096	16
B	RTL8367B_PKTGEN_PORT0_CTRL_PKTGEN_LENGTH_FIELD_SEL_OFFSET		OFFSET_SHIFT	11	11	17
B	RTL8367B_PKTGEN_PORT0_CTRL_PKTGEN_LENGTH_FIELD_SEL_MASK		MASK	0x800	2048	18
B	RTL8367B_PKTGEN_PORT0_CTRL_RANDOM_LENTH_OFFSET		OFFSET_SHIFT	10	10	19
B	RTL8367B_PKTGEN_PORT0_CTRL_RANDOM_LENTH_MASK		MASK	0x400	1024	20
B	RTL8367B_PKTGEN_PORT0_CTRL_ENABLED_OFFSET		OFFSET_SHIFT	9	9	21
B	RTL8367B_PKTGEN_PORT0_CTRL_ENABLED_MASK		MASK	0x200	512	22
B	RTL8367B_PKTGEN_PORT0_CTRL_INC_BC_OFFSET		OFFSET_SHIFT	8	8	23
B	RTL8367B_PKTGEN_PORT0_CTRL_INC_BC_MASK		MASK	0x100	256	24
B	RTL8367B_PKTGEN_PORT0_CTRL_INC_SA_OFFSET		OFFSET_SHIFT	7	7	25
B	RTL8367B_PKTGEN_PORT0_CTRL_INC_SA_MASK		MASK	0x80	128	26
B	RTL8367B_PKTGEN_PORT0_CTRL_INC_DA_OFFSET		OFFSET_SHIFT	6	6	27
B	RTL8367B_PKTGEN_PORT0_CTRL_INC_DA_MASK		MASK	0x40	64	28
B	RTL8367B_PKTGEN_PORT0_CTRL_RANDOM_OFFSET		OFFSET_SHIFT	5	5	29
B	RTL8367B_PKTGEN_PORT0_CTRL_RANDOM_MASK		MASK	0x20	32	30
B	RTL8367B_PKTGEN_PORT0_CTRL_CRC_NO_ERROR_OFFSET		OFFSET_SHIFT	4	4	31
B	RTL8367B_PKTGEN_PORT0_CTRL_CRC_NO_ERROR_MASK		MASK	0x10	16	32
B	RTL8367B_PKTGEN_PORT0_CTRL_CMD_STOP_OFFSET		OFFSET_SHIFT	3	3	33
B	RTL8367B_PKTGEN_PORT0_CTRL_CMD_STOP_MASK		MASK	0x8	8	34
B	RTL8367B_PKTGEN_PORT0_CTRL_CONTINUE_MODE_OFFSET		OFFSET_SHIFT	2	2	35
B	RTL8367B_PKTGEN_PORT0_CTRL_CONTINUE_MODE_MASK		MASK	0x4	4	36
B	RTL8367B_PKTGEN_PORT0_CTRL_PAUSE_MODE_OFFSET		OFFSET_SHIFT	1	1	37
B	RTL8367B_PKTGEN_PORT0_CTRL_PAUSE_MODE_MASK		MASK	0x2	2	38
B	RTL8367B_PKTGEN_PORT0_CTRL_CMD_START_OFFSET		OFFSET_SHIFT	0	0	39
B	RTL8367B_PKTGEN_PORT0_CTRL_CMD_START_MASK		MASK	0x1	1	40
B	RTL8367B_REG_TX_ERR_CNT_PORT0		REGISTER	0x0002	2	42
B	RTL8367B_TX_ERR_CNT_PORT0_OFFSET		OFFSET_SHIFT	0	0	43
B	RTL8367B_TX_ERR_CNT_PORT0_MASK		MASK	0x7	7	44
B	RTL8367B_REG_PKTGEN_PORT0_DA0		REGISTER	0x0003	3	46
B	RTL8367B_REG_PKTGEN_PORT0_DA1		REGISTER	0x0004	4	48
B	RTL8367B_REG_PKTGEN_PORT0_DA2		REGISTER	0x0005	5	50
B	RTL8367B_REG_PKTGEN_PORT0_SA0		REGISTER	0x0006	6	52
B	RTL8367B_REG_PKTGEN_PORT0_SA1		REGISTER	0x0007	7	54
B	RTL8367B_REG_PKTGEN_PORT0_SA2		REGISTER	0x0008	8	56
B	RTL8367B_REG_PKTGEN_PORT0_COUNTER0		REGISTER	0x0009	9	58
B	RTL8367B_REG_PKTGEN_PORT0_COUNTER1		REGISTER	0x000a	10	60
B	RTL8367B_PKTGEN_PORT0_COUNTER1_OFFSET		OFFSET_SHIFT	0	0	61
B	RTL8367B_PKTGEN_PORT0_COUNTER1_MASK		MASK	0xFF	255	62
B	RTL8367B_REG_PKTGEN_PORT0_TX_LENGTH		REGISTER	0x000b	11	64
B	RTL8367B_PKTGEN_PORT0_TX_LENGTH_OFFSET		OFFSET_SHIFT	0	0	65
B	RTL8367B_PKTGEN_PORT0_TX_LENGTH_MASK		MASK	0x3FFF	16383	66
B	RTL8367B_REG_PKTGEN_PORT0_MAX_LENGTH		REGISTER	0x000c	12	68
B	RTL8367B_PKTGEN_PORT0_MAX_LENGTH_OFFSET		OFFSET_SHIFT	0	0	69
B	RTL8367B_PKTGEN_PORT0_MAX_LENGTH_MASK		MASK	0x3FFF	16383	70
B	RTL8367B_REG_PKTGEN_PORT0_TIMER		REGISTER	0x000d	13	72
B	RTL8367B_PKTGEN_PORT0_TIMER_TIMER_OFFSET		OFFSET_SHIFT	4	4	73
B	RTL8367B_PKTGEN_PORT0_TIMER_TIMER_MASK		MASK	0xF0	240	74
B	RTL8367B_PKTGEN_PORT0_TIMER_RX_DMA_ERR_FLAG_OFFSET		OFFSET_SHIFT	3	3	75
B	RTL8367B_PKTGEN_PORT0_TIMER_RX_DMA_ERR_FLAG_MASK		MASK	0x8	8	76
B	RTL8367B_REG_PORT0_MISC_CFG		REGISTER	0x000e	14	78
B	RTL8367B_PORT0_MISC_CFG_SMALL_TAG_IPG_OFFSET		OFFSET_SHIFT	15	15	79
B	RTL8367B_PORT0_MISC_CFG_SMALL_TAG_IPG_MASK		MASK	0x8000	32768	80
B	RTL8367B_PORT0_MISC_CFG_TX_ITFSP_MODE_OFFSET		OFFSET_SHIFT	14	14	81
B	RTL8367B_PORT0_MISC_CFG_TX_ITFSP_MODE_MASK		MASK	0x4000	16384	82
B	RTL8367B_PORT0_MISC_CFG_FLOWCTRL_INDEP_OFFSET		OFFSET_SHIFT	13	13	83
B	RTL8367B_PORT0_MISC_CFG_FLOWCTRL_INDEP_MASK		MASK	0x2000	8192	84
B	RTL8367B_PORT0_MISC_CFG_DOT1Q_REMARK_ENABLE_OFFSET		OFFSET_SHIFT	12	12	85
B	RTL8367B_PORT0_MISC_CFG_DOT1Q_REMARK_ENABLE_MASK		MASK	0x1000	4096	86
B	RTL8367B_PORT0_MISC_CFG_INGRESSBW_FLOWCTRL_OFFSET		OFFSET_SHIFT	11	11	87
B	RTL8367B_PORT0_MISC_CFG_INGRESSBW_FLOWCTRL_MASK		MASK	0x800	2048	88
B	RTL8367B_PORT0_MISC_CFG_INGRESSBW_IFG_OFFSET		OFFSET_SHIFT	10	10	89
B	RTL8367B_PORT0_MISC_CFG_INGRESSBW_IFG_MASK		MASK	0x400	1024	90
B	RTL8367B_PORT0_MISC_CFG_RX_SPC_OFFSET		OFFSET_SHIFT	9	9	91
B	RTL8367B_PORT0_MISC_CFG_RX_SPC_MASK		MASK	0x200	512	92
B	RTL8367B_PORT0_MISC_CFG_CRC_SKIP_OFFSET		OFFSET_SHIFT	8	8	93
B	RTL8367B_PORT0_MISC_CFG_CRC_SKIP_MASK		MASK	0x100	256	94
B	RTL8367B_PORT0_MISC_CFG_PKTGEN_TX_FIRST_OFFSET		OFFSET_SHIFT	7	7	95
B	RTL8367B_PORT0_MISC_CFG_PKTGEN_TX_FIRST_MASK		MASK	0x80	128	96
B	RTL8367B_PORT0_MISC_CFG_MAC_LOOPBACK_OFFSET		OFFSET_SHIFT	6	6	97
B	RTL8367B_PORT0_MISC_CFG_MAC_LOOPBACK_MASK		MASK	0x40	64	98
B	RTL8367B_PORT0_MISC_CFG_VLAN_EGRESS_MODE_OFFSET		OFFSET_SHIFT	4	4	99
B	RTL8367B_PORT0_MISC_CFG_VLAN_EGRESS_MODE_MASK		MASK	0x30	48	100
B	RTL8367B_PORT0_MISC_CFG_CONGESTION_SUSTAIN_TIME_OFFSET		OFFSET_SHIFT	0	0	101
B	RTL8367B_PORT0_MISC_CFG_CONGESTION_SUSTAIN_TIME_MASK		MASK	0xF	15	102
B	RTL8367B_REG_INGRESSBW_PORT0_RATE_CTRL0		REGISTER	0x000f	15	104
B	RTL8367B_REG_INGRESSBW_PORT0_RATE_CTRL1		REGISTER	0x0010	16	106
B	RTL8367B_INGRESSBW_PORT0_RATE_CTRL1_DUMMY_OFFSET		OFFSET_SHIFT	1	1	107
B	RTL8367B_INGRESSBW_PORT0_RATE_CTRL1_DUMMY_MASK		MASK	0xFFFE	65534	108
B	RTL8367B_INGRESSBW_PORT0_RATE_CTRL1_INGRESSBW_RATE16_OFFSET		OFFSET_SHIFT	0	0	109
B	RTL8367B_INGRESSBW_PORT0_RATE_CTRL1_INGRESSBW_RATE16_MASK		MASK	0x1	1	110
B	RTL8367B_REG_PORT0_FORCE_RATE0		REGISTER	0x0011	17	112
B	RTL8367B_REG_PORT0_FORCE_RATE1		REGISTER	0x0012	18	114
B	RTL8367B_REG_PORT0_CURENT_RATE0		REGISTER	0x0013	19	116
B	RTL8367B_REG_PORT0_CURENT_RATE1		REGISTER	0x0014	20	118
B	RTL8367B_REG_PORT0_PAGE_COUNTER		REGISTER	0x0015	21	120
B	RTL8367B_PORT0_PAGE_COUNTER_OFFSET		OFFSET_SHIFT	0	0	121
B	RTL8367B_PORT0_PAGE_COUNTER_MASK		MASK	0x7F	127	122
B	RTL8367B_REG_PAGEMETER_PORT0_CTRL0		REGISTER	0x0016	22	124
B	RTL8367B_REG_PAGEMETER_PORT0_CTRL1		REGISTER	0x0017	23	126
B	RTL8367B_PAGEMETER_PORT0_CTRL1_OFFSET		OFFSET_SHIFT	0	0	127
B	RTL8367B_PAGEMETER_PORT0_CTRL1_MASK		MASK	0x1F	31	128
B	RTL8367B_REG_PORT0_EEECFG		REGISTER	0x0018	24	130
B	RTL8367B_PORT0_EEECFG_EEEP_ENABLE_TX_OFFSET		OFFSET_SHIFT	14	14	131
B	RTL8367B_PORT0_EEECFG_EEEP_ENABLE_TX_MASK		MASK	0x4000	16384	132
B	RTL8367B_PORT0_EEECFG_EEEP_ENABLE_RX_OFFSET		OFFSET_SHIFT	13	13	133
B	RTL8367B_PORT0_EEECFG_EEEP_ENABLE_RX_MASK		MASK	0x2000	8192	134
B	RTL8367B_PORT0_EEECFG_EEE_FORCE_OFFSET		OFFSET_SHIFT	12	12	135
B	RTL8367B_PORT0_EEECFG_EEE_FORCE_MASK		MASK	0x1000	4096	136
B	RTL8367B_PORT0_EEECFG_EEE_100M_OFFSET		OFFSET_SHIFT	11	11	137
B	RTL8367B_PORT0_EEECFG_EEE_100M_MASK		MASK	0x800	2048	138
B	RTL8367B_PORT0_EEECFG_EEE_GIGA_OFFSET		OFFSET_SHIFT	10	10	139
B	RTL8367B_PORT0_EEECFG_EEE_GIGA_MASK		MASK	0x400	1024	140
B	RTL8367B_PORT0_EEECFG_EEE_TX_OFFSET		OFFSET_SHIFT	9	9	141
B	RTL8367B_PORT0_EEECFG_EEE_TX_MASK		MASK	0x200	512	142
B	RTL8367B_PORT0_EEECFG_EEE_RX_OFFSET		OFFSET_SHIFT	8	8	143
B	RTL8367B_PORT0_EEECFG_EEE_RX_MASK		MASK	0x100	256	144
B	RTL8367B_PORT0_EEECFG_EEE_DSP_RX_OFFSET		OFFSET_SHIFT	6	6	145
B	RTL8367B_PORT0_EEECFG_EEE_DSP_RX_MASK		MASK	0x40	64	146
B	RTL8367B_PORT0_EEECFG_EEE_LPI_OFFSET		OFFSET_SHIFT	5	5	147
B	RTL8367B_PORT0_EEECFG_EEE_LPI_MASK		MASK	0x20	32	148
B	RTL8367B_PORT0_EEECFG_EEE_TX_LPI_OFFSET		OFFSET_SHIFT	4	4	149
B	RTL8367B_PORT0_EEECFG_EEE_TX_LPI_MASK		MASK	0x10	16	150
B	RTL8367B_PORT0_EEECFG_EEE_RX_LPI_OFFSET		OFFSET_SHIFT	3	3	151
B	RTL8367B_PORT0_EEECFG_EEE_RX_LPI_MASK		MASK	0x8	8	152
B	RTL8367B_PORT0_EEECFG_EEE_PAUSE_INDICATOR_OFFSET		OFFSET_SHIFT	2	2	153
B	RTL8367B_PORT0_EEECFG_EEE_PAUSE_INDICATOR_MASK		MASK	0x4	4	154
B	RTL8367B_PORT0_EEECFG_EEE_WAKE_REQ_OFFSET		OFFSET_SHIFT	1	1	155
B	RTL8367B_PORT0_EEECFG_EEE_WAKE_REQ_MASK		MASK	0x2	2	156
B	RTL8367B_PORT0_EEECFG_EEE_SLEEP_REQ_OFFSET		OFFSET_SHIFT	0	0	157
B	RTL8367B_PORT0_EEECFG_EEE_SLEEP_REQ_MASK		MASK	0x1	1	158
B	RTL8367B_REG_PORT0_EEETXMTR		REGISTER	0x0019	25	160
B	RTL8367B_REG_PORT0_EEERXMTR		REGISTER	0x001a	26	162
B	RTL8367B_REG_PORT0_EEEPTXMTR		REGISTER	0x001b	27	164
B	RTL8367B_REG_PORT0_EEEPRXMTR		REGISTER	0x001c	28	166
B	RTL8367B_REG_PTP_PORT0_CFG0		REGISTER	0x001d	29	168
B	RTL8367B_REG_PTP_PORT0_CFG1		REGISTER	0x001e	30	170
B	RTL8367B_PTP_PORT0_CFG1_TIME_TS_SECOND_OFFSET		OFFSET_SHIFT	8	8	171
B	RTL8367B_PTP_PORT0_CFG1_TIME_TS_SECOND_MASK		MASK	0xFF00	65280	172
B	RTL8367B_PTP_PORT0_CFG1_TIME_SYNC_EN_OFFSET		OFFSET_SHIFT	7	7	173
B	RTL8367B_PTP_PORT0_CFG1_TIME_SYNC_EN_MASK		MASK	0x80	128	174
B	RTL8367B_PTP_PORT0_CFG1_TIME_SYNC_TX_TS_FILL_EN_OFFSET		OFFSET_SHIFT	6	6	175
B	RTL8367B_PTP_PORT0_CFG1_TIME_SYNC_TX_TS_FILL_EN_MASK		MASK	0x40	64	176
B	RTL8367B_PTP_PORT0_CFG1_EGRESS_TS_VALID_OFFSET		OFFSET_SHIFT	5	5	177
B	RTL8367B_PTP_PORT0_CFG1_EGRESS_TS_VALID_MASK		MASK	0x20	32	178
B	RTL8367B_PTP_PORT0_CFG1_EGRESS_TS_512NS_OFFSET		OFFSET_SHIFT	0	0	179
B	RTL8367B_PTP_PORT0_CFG1_EGRESS_TS_512NS_MASK		MASK	0x1F	31	180
B	RTL8367B_REG_P0_MSIC1		REGISTER	0x001f	31	182
B	RTL8367B_P0_MSIC1_OFFSET		OFFSET_SHIFT	0	0	183
B	RTL8367B_P0_MSIC1_MASK		MASK	0x1	1	184
B	RTL8367B_REG_PKTGEN_PORT1_CTRL		REGISTER	0x0021	33	186
B	RTL8367B_PKTGEN_PORT1_CTRL_STATUS_OFFSET		OFFSET_SHIFT	15	15	187
B	RTL8367B_PKTGEN_PORT1_CTRL_STATUS_MASK		MASK	0x8000	32768	188
B	RTL8367B_PKTGEN_PORT1_CTRL_PKTGEN_STS_OFFSET		OFFSET_SHIFT	13	13	189
B	RTL8367B_PKTGEN_PORT1_CTRL_PKTGEN_STS_MASK		MASK	0x2000	8192	190
B	RTL8367B_PKTGEN_PORT1_CTRL_PKTGEN_SUSPEND_OFFSET		OFFSET_SHIFT	12	12	191
B	RTL8367B_PKTGEN_PORT1_CTRL_PKTGEN_SUSPEND_MASK		MASK	0x1000	4096	192
B	RTL8367B_PKTGEN_PORT1_CTRL_PKTGEN_LENGTH_FIELD_SEL_OFFSET		OFFSET_SHIFT	11	11	193
B	RTL8367B_PKTGEN_PORT1_CTRL_PKTGEN_LENGTH_FIELD_SEL_MASK		MASK	0x800	2048	194
B	RTL8367B_PKTGEN_PORT1_CTRL_RANDOM_LENTH_OFFSET		OFFSET_SHIFT	10	10	195
B	RTL8367B_PKTGEN_PORT1_CTRL_RANDOM_LENTH_MASK		MASK	0x400	1024	196
B	RTL8367B_PKTGEN_PORT1_CTRL_ENABLED_OFFSET		OFFSET_SHIFT	9	9	197
B	RTL8367B_PKTGEN_PORT1_CTRL_ENABLED_MASK		MASK	0x200	512	198
B	RTL8367B_PKTGEN_PORT1_CTRL_INC_BC_OFFSET		OFFSET_SHIFT	8	8	199
B	RTL8367B_PKTGEN_PORT1_CTRL_INC_BC_MASK		MASK	0x100	256	200
B	RTL8367B_PKTGEN_PORT1_CTRL_INC_SA_OFFSET		OFFSET_SHIFT	7	7	201
B	RTL8367B_PKTGEN_PORT1_CTRL_INC_SA_MASK		MASK	0x80	128	202
B	RTL8367B_PKTGEN_PORT1_CTRL_INC_DA_OFFSET		OFFSET_SHIFT	6	6	203
B	RTL8367B_PKTGEN_PORT1_CTRL_INC_DA_MASK		MASK	0x40	64	204
B	RTL8367B_PKTGEN_PORT1_CTRL_RANDOM_OFFSET		OFFSET_SHIFT	5	5	205
B	RTL8367B_PKTGEN_PORT1_CTRL_RANDOM_MASK		MASK	0x20	32	206
B	RTL8367B_PKTGEN_PORT1_CTRL_CRC_NO_ERROR_OFFSET		OFFSET_SHIFT	4	4	207
B	RTL8367B_PKTGEN_PORT1_CTRL_CRC_NO_ERROR_MASK		MASK	0x10	16	208
B	RTL8367B_PKTGEN_PORT1_CTRL_CMD_STOP_OFFSET		OFFSET_SHIFT	3	3	209
B	RTL8367B_PKTGEN_PORT1_CTRL_CMD_STOP_MASK		MASK	0x8	8	210
B	RTL8367B_PKTGEN_PORT1_CTRL_CONTINUE_MODE_OFFSET		OFFSET_SHIFT	2	2	211
B	RTL8367B_PKTGEN_PORT1_CTRL_CONTINUE_MODE_MASK		MASK	0x4	4	212
B	RTL8367B_PKTGEN_PORT1_CTRL_PAUSE_MODE_OFFSET		OFFSET_SHIFT	1	1	213
B	RTL8367B_PKTGEN_PORT1_CTRL_PAUSE_MODE_MASK		MASK	0x2	2	214
B	RTL8367B_PKTGEN_PORT1_CTRL_CMD_START_OFFSET		OFFSET_SHIFT	0	0	215
B	RTL8367B_PKTGEN_PORT1_CTRL_CMD_START_MASK		MASK	0x1	1	216
B	RTL8367B_REG_TX_ERR_CNT_PORT1		REGISTER	0x0022	34	218
B	RTL8367B_TX_ERR_CNT_PORT1_OFFSET		OFFSET_SHIFT	0	0	219
B	RTL8367B_TX_ERR_CNT_PORT1_MASK		MASK	0x7	7	220
B	RTL8367B_REG_PKTGEN_PORT1_DA0		REGISTER	0x0023	35	222
B	RTL8367B_REG_PKTGEN_PORT1_DA1		REGISTER	0x0024	36	224
B	RTL8367B_REG_PKTGEN_PORT1_DA2		REGISTER	0x0025	37	226
B	RTL8367B_REG_PKTGEN_PORT1_SA0		REGISTER	0x0026	38	228
B	RTL8367B_REG_PKTGEN_PORT1_SA1		REGISTER	0x0027	39	230
B	RTL8367B_REG_PKTGEN_PORT1_SA2		REGISTER	0x0028	40	232
B	RTL8367B_REG_PKTGEN_PORT1_COUNTER0		REGISTER	0x0029	41	234
B	RTL8367B_REG_PKTGEN_PORT1_COUNTER1		REGISTER	0x002a	42	236
B	RTL8367B_PKTGEN_PORT1_COUNTER1_OFFSET		OFFSET_SHIFT	0	0	237
B	RTL8367B_PKTGEN_PORT1_COUNTER1_MASK		MASK	0xFF	255	238
B	RTL8367B_REG_PKTGEN_PORT1_TX_LENGTH		REGISTER	0x002b	43	240
B	RTL8367B_PKTGEN_PORT1_TX_LENGTH_OFFSET		OFFSET_SHIFT	0	0	241
B	RTL8367B_PKTGEN_PORT1_TX_LENGTH_MASK		MASK	0x3FFF	16383	242
B	RTL8367B_REG_PKTGEN_PORT1_MAX_LENGTH		REGISTER	0x002c	44	244
B	RTL8367B_PKTGEN_PORT1_MAX_LENGTH_OFFSET		OFFSET_SHIFT	0	0	245
B	RTL8367B_PKTGEN_PORT1_MAX_LENGTH_MASK		MASK	0x3FFF	16383	246
B	RTL8367B_REG_PKTGEN_PORT1_TIMER		REGISTER	0x002d	45	248
B	RTL8367B_PKTGEN_PORT1_TIMER_TIMER_OFFSET		OFFSET_SHIFT	4	4	249
B	RTL8367B_PKTGEN_PORT1_TIMER_TIMER_MASK		MASK	0xF0	240	250
B	RTL8367B_PKTGEN_PORT1_TIMER_RX_DMA_ERR_FLAG_OFFSET		OFFSET_SHIFT	3	3	251
B	RTL8367B_PKTGEN_PORT1_TIMER_RX_DMA_ERR_FLAG_MASK		MASK	0x8	8	252
B	RTL8367B_REG_PORT1_MISC_CFG		REGISTER	0x002e	46	254
B	RTL8367B_PORT1_MISC_CFG_SMALL_TAG_IPG_OFFSET		OFFSET_SHIFT	15	15	255
B	RTL8367B_PORT1_MISC_CFG_SMALL_TAG_IPG_MASK		MASK	0x8000	32768	256
B	RTL8367B_PORT1_MISC_CFG_TX_ITFSP_MODE_OFFSET		OFFSET_SHIFT	14	14	257
B	RTL8367B_PORT1_MISC_CFG_TX_ITFSP_MODE_MASK		MASK	0x4000	16384	258
B	RTL8367B_PORT1_MISC_CFG_FLOWCTRL_INDEP_OFFSET		OFFSET_SHIFT	13	13	259
B	RTL8367B_PORT1_MISC_CFG_FLOWCTRL_INDEP_MASK		MASK	0x2000	8192	260
B	RTL8367B_PORT1_MISC_CFG_DOT1Q_REMARK_ENABLE_OFFSET		OFFSET_SHIFT	12	12	261
B	RTL8367B_PORT1_MISC_CFG_DOT1Q_REMARK_ENABLE_MASK		MASK	0x1000	4096	262
B	RTL8367B_PORT1_MISC_CFG_INGRESSBW_FLOWCTRL_OFFSET		OFFSET_SHIFT	11	11	263
B	RTL8367B_PORT1_MISC_CFG_INGRESSBW_FLOWCTRL_MASK		MASK	0x800	2048	264
B	RTL8367B_PORT1_MISC_CFG_INGRESSBW_IFG_OFFSET		OFFSET_SHIFT	10	10	265
B	RTL8367B_PORT1_MISC_CFG_INGRESSBW_IFG_MASK		MASK	0x400	1024	266
B	RTL8367B_PORT1_MISC_CFG_RX_SPC_OFFSET		OFFSET_SHIFT	9	9	267
B	RTL8367B_PORT1_MISC_CFG_RX_SPC_MASK		MASK	0x200	512	268
B	RTL8367B_PORT1_MISC_CFG_CRC_SKIP_OFFSET		OFFSET_SHIFT	8	8	269
B	RTL8367B_PORT1_MISC_CFG_CRC_SKIP_MASK		MASK	0x100	256	270
B	RTL8367B_PORT1_MISC_CFG_PKTGEN_TX_FIRST_OFFSET		OFFSET_SHIFT	7	7	271
B	RTL8367B_PORT1_MISC_CFG_PKTGEN_TX_FIRST_MASK		MASK	0x80	128	272
B	RTL8367B_PORT1_MISC_CFG_MAC_LOOPBACK_OFFSET		OFFSET_SHIFT	6	6	273
B	RTL8367B_PORT1_MISC_CFG_MAC_LOOPBACK_MASK		MASK	0x40	64	274
B	RTL8367B_PORT1_MISC_CFG_VLAN_EGRESS_MODE_OFFSET		OFFSET_SHIFT	4	4	275
B	RTL8367B_PORT1_MISC_CFG_VLAN_EGRESS_MODE_MASK		MASK	0x30	48	276
B	RTL8367B_PORT1_MISC_CFG_CONGESTION_SUSTAIN_TIME_OFFSET		OFFSET_SHIFT	0	0	277
B	RTL8367B_PORT1_MISC_CFG_CONGESTION_SUSTAIN_TIME_MASK		MASK	0xF	15	278
B	RTL8367B_REG_INGRESSBW_PORT1_RATE_CTRL0		REGISTER	0x002f	47	280
B	RTL8367B_REG_INGRESSBW_PORT1_RATE_CTRL1		REGISTER	0x0030	48	282
B	RTL8367B_INGRESSBW_PORT1_RATE_CTRL1_DUMMY_OFFSET		OFFSET_SHIFT	1	1	283
B	RTL8367B_INGRESSBW_PORT1_RATE_CTRL1_DUMMY_MASK		MASK	0xFFFE	65534	284
B	RTL8367B_INGRESSBW_PORT1_RATE_CTRL1_INGRESSBW_RATE16_OFFSET		OFFSET_SHIFT	0	0	285
B	RTL8367B_INGRESSBW_PORT1_RATE_CTRL1_INGRESSBW_RATE16_MASK		MASK	0x1	1	286
B	RTL8367B_REG_PORT1_FORCE_RATE0		REGISTER	0x0031	49	288
B	RTL8367B_REG_PORT1_FORCE_RATE1		REGISTER	0x0032	50	290
B	RTL8367B_REG_PORT1_CURENT_RATE0		REGISTER	0x0033	51	292
B	RTL8367B_REG_PORT1_CURENT_RATE1		REGISTER	0x0034	52	294
B	RTL8367B_REG_PORT1_PAGE_COUNTER		REGISTER	0x0035	53	296
B	RTL8367B_PORT1_PAGE_COUNTER_OFFSET		OFFSET_SHIFT	0	0	297
B	RTL8367B_PORT1_PAGE_COUNTER_MASK		MASK	0x7F	127	298
B	RTL8367B_REG_PAGEMETER_PORT1_CTRL0		REGISTER	0x0036	54	300
B	RTL8367B_REG_PAGEMETER_PORT1_CTRL1		REGISTER	0x0037	55	302
B	RTL8367B_PAGEMETER_PORT1_CTRL1_OFFSET		OFFSET_SHIFT	0	0	303
B	RTL8367B_PAGEMETER_PORT1_CTRL1_MASK		MASK	0x1F	31	304
B	RTL8367B_REG_PORT1_EEECFG		REGISTER	0x0038	56	306
B	RTL8367B_PORT1_EEECFG_EEEP_ENABLE_TX_OFFSET		OFFSET_SHIFT	14	14	307
B	RTL8367B_PORT1_EEECFG_EEEP_ENABLE_TX_MASK		MASK	0x4000	16384	308
B	RTL8367B_PORT1_EEECFG_EEEP_ENABLE_RX_OFFSET		OFFSET_SHIFT	13	13	309
B	RTL8367B_PORT1_EEECFG_EEEP_ENABLE_RX_MASK		MASK	0x2000	8192	310
B	RTL8367B_PORT1_EEECFG_EEE_FORCE_OFFSET		OFFSET_SHIFT	12	12	311
B	RTL8367B_PORT1_EEECFG_EEE_FORCE_MASK		MASK	0x1000	4096	312
B	RTL8367B_PORT1_EEECFG_EEE_100M_OFFSET		OFFSET_SHIFT	11	11	313
B	RTL8367B_PORT1_EEECFG_EEE_100M_MASK		MASK	0x800	2048	314
B	RTL8367B_PORT1_EEECFG_EEE_GIGA_OFFSET		OFFSET_SHIFT	10	10	315
B	RTL8367B_PORT1_EEECFG_EEE_GIGA_MASK		MASK	0x400	1024	316
B	RTL8367B_PORT1_EEECFG_EEE_TX_OFFSET		OFFSET_SHIFT	9	9	317
B	RTL8367B_PORT1_EEECFG_EEE_TX_MASK		MASK	0x200	512	318
B	RTL8367B_PORT1_EEECFG_EEE_RX_OFFSET		OFFSET_SHIFT	8	8	319
B	RTL8367B_PORT1_EEECFG_EEE_RX_MASK		MASK	0x100	256	320
B	RTL8367B_PORT1_EEECFG_EEE_DSP_RX_OFFSET		OFFSET_SHIFT	6	6	321
B	RTL8367B_PORT1_EEECFG_EEE_DSP_RX_MASK		MASK	0x40	64	322
B	RTL8367B_PORT1_EEECFG_EEE_LPI_OFFSET		OFFSET_SHIFT	5	5	323
B	RTL8367B_PORT1_EEECFG_EEE_LPI_MASK		MASK	0x20	32	324
B	RTL8367B_PORT1_EEECFG_EEE_TX_LPI_OFFSET		OFFSET_SHIFT	4	4	325
B	RTL8367B_PORT1_EEECFG_EEE_TX_LPI_MASK		MASK	0x10	16	326
B	RTL8367B_PORT1_EEECFG_EEE_RX_LPI_OFFSET		OFFSET_SHIFT	3	3	327
B	RTL8367B_PORT1_EEECFG_EEE_RX_LPI_MASK		MASK	0x8	8	328
B	RTL8367B_PORT1_EEECFG_EEE_PAUSE_INDICATOR_OFFSET		OFFSET_SHIFT	2	2	329
B	RTL8367B_PORT1_EEECFG_EEE_PAUSE_INDICATOR_MASK		MASK	0x4	4	330
B	RTL8367B_PORT1_EEECFG_EEE_WAKE_REQ_OFFSET		OFFSET_SHIFT	1	1	331
B	RTL8367B_PORT1_EEECFG_EEE_WAKE_REQ_MASK		MASK	0x2	2	332
B	RTL8367B_PORT1_EEECFG_EEE_SLEEP_REQ_OFFSET		OFFSET_SHIFT	0	0	333
B	RTL8367B_PORT1_EEECFG_EEE_SLEEP_REQ_MASK		MASK	0x1	1	334
B	RTL8367B_REG_PORT1_EEETXMTR		REGISTER	0x0039	57	336
B	RTL8367B_REG_PORT1_EEERXMTR		REGISTER	0x003a	58	338
B	RTL8367B_REG_PORT1_EEEPTXMTR		REGISTER	0x003b	59	340
B	RTL8367B_REG_PORT1_EEEPRXMTR		REGISTER	0x003c	60	342
B	RTL8367B_REG_PTP_PORT1_CFG0		REGISTER	0x003d	61	344
B	RTL8367B_REG_PTP_PORT1_CFG1		REGISTER	0x003e	62	346
B	RTL8367B_PTP_PORT1_CFG1_TIME_TS_SECOND_OFFSET		OFFSET_SHIFT	8	8	347
B	RTL8367B_PTP_PORT1_CFG1_TIME_TS_SECOND_MASK		MASK	0xFF00	65280	348
B	RTL8367B_PTP_PORT1_CFG1_TIME_SYNC_EN_OFFSET		OFFSET_SHIFT	7	7	349
B	RTL8367B_PTP_PORT1_CFG1_TIME_SYNC_EN_MASK		MASK	0x80	128	350
B	RTL8367B_PTP_PORT1_CFG1_TIME_SYNC_TX_TS_FILL_EN_OFFSET		OFFSET_SHIFT	6	6	351
B	RTL8367B_PTP_PORT1_CFG1_TIME_SYNC_TX_TS_FILL_EN_MASK		MASK	0x40	64	352
B	RTL8367B_PTP_PORT1_CFG1_EGRESS_TS_VALID_OFFSET		OFFSET_SHIFT	5	5	353
B	RTL8367B_PTP_PORT1_CFG1_EGRESS_TS_VALID_MASK		MASK	0x20	32	354
B	RTL8367B_PTP_PORT1_CFG1_EGRESS_TS_512NS_OFFSET		OFFSET_SHIFT	0	0	355
B	RTL8367B_PTP_PORT1_CFG1_EGRESS_TS_512NS_MASK		MASK	0x1F	31	356
B	RTL8367B_REG_P1_MSIC1		REGISTER	0x003f	63	358
B	RTL8367B_P1_MSIC1_OFFSET		OFFSET_SHIFT	0	0	359
B	RTL8367B_P1_MSIC1_MASK		MASK	0x1	1	360
B	RTL8367B_REG_PKTGEN_PORT2_CTRL		REGISTER	0x0041	65	362
B	RTL8367B_PKTGEN_PORT2_CTRL_STATUS_OFFSET		OFFSET_SHIFT	15	15	363
B	RTL8367B_PKTGEN_PORT2_CTRL_STATUS_MASK		MASK	0x8000	32768	364
B	RTL8367B_PKTGEN_PORT2_CTRL_PKTGEN_STS_OFFSET		OFFSET_SHIFT	13	13	365
B	RTL8367B_PKTGEN_PORT2_CTRL_PKTGEN_STS_MASK		MASK	0x2000	8192	366
B	RTL8367B_PKTGEN_PORT2_CTRL_PKTGEN_SUSPEND_OFFSET		OFFSET_SHIFT	12	12	367
B	RTL8367B_PKTGEN_PORT2_CTRL_PKTGEN_SUSPEND_MASK		MASK	0x1000	4096	368
B	RTL8367B_PKTGEN_PORT2_CTRL_PKTGEN_LENGTH_FIELD_SEL_OFFSET		OFFSET_SHIFT	11	11	369
B	RTL8367B_PKTGEN_PORT2_CTRL_PKTGEN_LENGTH_FIELD_SEL_MASK		MASK	0x800	2048	370
B	RTL8367B_PKTGEN_PORT2_CTRL_RANDOM_LENTH_OFFSET		OFFSET_SHIFT	10	10	371
B	RTL8367B_PKTGEN_PORT2_CTRL_RANDOM_LENTH_MASK		MASK	0x400	1024	372
B	RTL8367B_PKTGEN_PORT2_CTRL_ENABLED_OFFSET		OFFSET_SHIFT	9	9	373
B	RTL8367B_PKTGEN_PORT2_CTRL_ENABLED_MASK		MASK	0x200	512	374
B	RTL8367B_PKTGEN_PORT2_CTRL_INC_BC_OFFSET		OFFSET_SHIFT	8	8	375
B	RTL8367B_PKTGEN_PORT2_CTRL_INC_BC_MASK		MASK	0x100	256	376
B	RTL8367B_PKTGEN_PORT2_CTRL_INC_SA_OFFSET		OFFSET_SHIFT	7	7	377
B	RTL8367B_PKTGEN_PORT2_CTRL_INC_SA_MASK		MASK	0x80	128	378
B	RTL8367B_PKTGEN_PORT2_CTRL_INC_DA_OFFSET		OFFSET_SHIFT	6	6	379
B	RTL8367B_PKTGEN_PORT2_CTRL_INC_DA_MASK		MASK	0x40	64	380
B	RTL8367B_PKTGEN_PORT2_CTRL_RANDOM_OFFSET		OFFSET_SHIFT	5	5	381
B	RTL8367B_PKTGEN_PORT2_CTRL_RANDOM_MASK		MASK	0x20	32	382
B	RTL8367B_PKTGEN_PORT2_CTRL_CRC_NO_ERROR_OFFSET		OFFSET_SHIFT	4	4	383
B	RTL8367B_PKTGEN_PORT2_CTRL_CRC_NO_ERROR_MASK		MASK	0x10	16	384
B	RTL8367B_PKTGEN_PORT2_CTRL_CMD_STOP_OFFSET		OFFSET_SHIFT	3	3	385
B	RTL8367B_PKTGEN_PORT2_CTRL_CMD_STOP_MASK		MASK	0x8	8	386
B	RTL8367B_PKTGEN_PORT2_CTRL_CONTINUE_MODE_OFFSET		OFFSET_SHIFT	2	2	387
B	RTL8367B_PKTGEN_PORT2_CTRL_CONTINUE_MODE_MASK		MASK	0x4	4	388
B	RTL8367B_PKTGEN_PORT2_CTRL_PAUSE_MODE_OFFSET		OFFSET_SHIFT	1	1	389
B	RTL8367B_PKTGEN_PORT2_CTRL_PAUSE_MODE_MASK		MASK	0x2	2	390
B	RTL8367B_PKTGEN_PORT2_CTRL_CMD_START_OFFSET		OFFSET_SHIFT	0	0	391
B	RTL8367B_PKTGEN_PORT2_CTRL_CMD_START_MASK		MASK	0x1	1	392
B	RTL8367B_REG_TX_ERR_CNT_PORT2		REGISTER	0x0042	66	394
B	RTL8367B_TX_ERR_CNT_PORT2_OFFSET		OFFSET_SHIFT	0	0	395
B	RTL8367B_TX_ERR_CNT_PORT2_MASK		MASK	0x7	7	396
B	RTL8367B_REG_PKTGEN_PORT2_DA0		REGISTER	0x0043	67	398
B	RTL8367B_REG_PKTGEN_PORT2_DA1		REGISTER	0x0044	68	400
B	RTL8367B_REG_PKTGEN_PORT2_DA2		REGISTER	0x0045	69	402
B	RTL8367B_REG_PKTGEN_PORT2_SA0		REGISTER	0x0046	70	404
B	RTL8367B_REG_PKTGEN_PORT2_SA1		REGISTER	0x0047	71	406
B	RTL8367B_REG_PKTGEN_PORT2_SA2		REGISTER	0x0048	72	408
B	RTL8367B_REG_PKTGEN_PORT2_COUNTER0		REGISTER	0x0049	73	410
B	RTL8367B_REG_PKTGEN_PORT2_COUNTER1		REGISTER	0x004a	74	412
B	RTL8367B_PKTGEN_PORT2_COUNTER1_OFFSET		OFFSET_SHIFT	0	0	413
B	RTL8367B_PKTGEN_PORT2_COUNTER1_MASK		MASK	0xFF	255	414
B	RTL8367B_REG_PKTGEN_PORT2_TX_LENGTH		REGISTER	0x004b	75	416
B	RTL8367B_PKTGEN_PORT2_TX_LENGTH_OFFSET		OFFSET_SHIFT	0	0	417
B	RTL8367B_PKTGEN_PORT2_TX_LENGTH_MASK		MASK	0x3FFF	16383	418
B	RTL8367B_REG_PKTGEN_PORT2_MAX_LENGTH		REGISTER	0x004c	76	420
B	RTL8367B_PKTGEN_PORT2_MAX_LENGTH_OFFSET		OFFSET_SHIFT	0	0	421
B	RTL8367B_PKTGEN_PORT2_MAX_LENGTH_MASK		MASK	0x3FFF	16383	422
B	RTL8367B_REG_PKTGEN_PORT2_TIMER		REGISTER	0x004d	77	424
B	RTL8367B_PKTGEN_PORT2_TIMER_TIMER_OFFSET		OFFSET_SHIFT	4	4	425
B	RTL8367B_PKTGEN_PORT2_TIMER_TIMER_MASK		MASK	0xF0	240	426
B	RTL8367B_PKTGEN_PORT2_TIMER_RX_DMA_ERR_FLAG_OFFSET		OFFSET_SHIFT	3	3	427
B	RTL8367B_PKTGEN_PORT2_TIMER_RX_DMA_ERR_FLAG_MASK		MASK	0x8	8	428
B	RTL8367B_REG_PORT2_MISC_CFG		REGISTER	0x004e	78	430
B	RTL8367B_PORT2_MISC_CFG_SMALL_TAG_IPG_OFFSET		OFFSET_SHIFT	15	15	431
B	RTL8367B_PORT2_MISC_CFG_SMALL_TAG_IPG_MASK		MASK	0x8000	32768	432
B	RTL8367B_PORT2_MISC_CFG_TX_ITFSP_MODE_OFFSET		OFFSET_SHIFT	14	14	433
B	RTL8367B_PORT2_MISC_CFG_TX_ITFSP_MODE_MASK		MASK	0x4000	16384	434
B	RTL8367B_PORT2_MISC_CFG_FLOWCTRL_INDEP_OFFSET		OFFSET_SHIFT	13	13	435
B	RTL8367B_PORT2_MISC_CFG_FLOWCTRL_INDEP_MASK		MASK	0x2000	8192	436
B	RTL8367B_PORT2_MISC_CFG_DOT1Q_REMARK_ENABLE_OFFSET		OFFSET_SHIFT	12	12	437
B	RTL8367B_PORT2_MISC_CFG_DOT1Q_REMARK_ENABLE_MASK		MASK	0x1000	4096	438
B	RTL8367B_PORT2_MISC_CFG_INGRESSBW_FLOWCTRL_OFFSET		OFFSET_SHIFT	11	11	439
B	RTL8367B_PORT2_MISC_CFG_INGRESSBW_FLOWCTRL_MASK		MASK	0x800	2048	440
B	RTL8367B_PORT2_MISC_CFG_INGRESSBW_IFG_OFFSET		OFFSET_SHIFT	10	10	441
B	RTL8367B_PORT2_MISC_CFG_INGRESSBW_IFG_MASK		MASK	0x400	1024	442
B	RTL8367B_PORT2_MISC_CFG_RX_SPC_OFFSET		OFFSET_SHIFT	9	9	443
B	RTL8367B_PORT2_MISC_CFG_RX_SPC_MASK		MASK	0x200	512	444
B	RTL8367B_PORT2_MISC_CFG_CRC_SKIP_OFFSET		OFFSET_SHIFT	8	8	445
B	RTL8367B_PORT2_MISC_CFG_CRC_SKIP_MASK		MASK	0x100	256	446
B	RTL8367B_PORT2_MISC_CFG_PKTGEN_TX_FIRST_OFFSET		OFFSET_SHIFT	7	7	447
B	RTL8367B_PORT2_MISC_CFG_PKTGEN_TX_FIRST_MASK		MASK	0x80	128	448
B	RTL8367B_PORT2_MISC_CFG_MAC_LOOPBACK_OFFSET		OFFSET_SHIFT	6	6	449
B	RTL8367B_PORT2_MISC_CFG_MAC_LOOPBACK_MASK		MASK	0x40	64	450
B	RTL8367B_PORT2_MISC_CFG_VLAN_EGRESS_MODE_OFFSET		OFFSET_SHIFT	4	4	451
B	RTL8367B_PORT2_MISC_CFG_VLAN_EGRESS_MODE_MASK		MASK	0x30	48	452
B	RTL8367B_PORT2_MISC_CFG_CONGESTION_SUSTAIN_TIME_OFFSET		OFFSET_SHIFT	0	0	453
B	RTL8367B_PORT2_MISC_CFG_CONGESTION_SUSTAIN_TIME_MASK		MASK	0xF	15	454
B	RTL8367B_REG_INGRESSBW_PORT2_RATE_CTRL0		REGISTER	0x004f	79	456
B	RTL8367B_REG_INGRESSBW_PORT2_RATE_CTRL1		REGISTER	0x0050	80	458
B	RTL8367B_INGRESSBW_PORT2_RATE_CTRL1_DUMMY_OFFSET		OFFSET_SHIFT	1	1	459
B	RTL8367B_INGRESSBW_PORT2_RATE_CTRL1_DUMMY_MASK		MASK	0xFFFE	65534	460
B	RTL8367B_INGRESSBW_PORT2_RATE_CTRL1_INGRESSBW_RATE16_OFFSET		OFFSET_SHIFT	0	0	461
B	RTL8367B_INGRESSBW_PORT2_RATE_CTRL1_INGRESSBW_RATE16_MASK		MASK	0x1	1	462
B	RTL8367B_REG_PORT2_FORCE_RATE0		REGISTER	0x0051	81	464
B	RTL8367B_REG_PORT2_FORCE_RATE1		REGISTER	0x0052	82	466
B	RTL8367B_REG_PORT2_CURENT_RATE0		REGISTER	0x0053	83	468
B	RTL8367B_REG_PORT2_CURENT_RATE1		REGISTER	0x0054	84	470
B	RTL8367B_REG_PORT2_PAGE_COUNTER		REGISTER	0x0055	85	472
B	RTL8367B_PORT2_PAGE_COUNTER_OFFSET		OFFSET_SHIFT	0	0	473
B	RTL8367B_PORT2_PAGE_COUNTER_MASK		MASK	0x7F	127	474
B	RTL8367B_REG_PAGEMETER_PORT2_CTRL0		REGISTER	0x0056	86	476
B	RTL8367B_REG_PAGEMETER_PORT2_CTRL1		REGISTER	0x0057	87	478
B	RTL8367B_PAGEMETER_PORT2_CTRL1_OFFSET		OFFSET_SHIFT	0	0	479
B	RTL8367B_PAGEMETER_PORT2_CTRL1_MASK		MASK	0x1F	31	480
B	RTL8367B_REG_PORT2_EEECFG		REGISTER	0x0058	88	482
B	RTL8367B_PORT2_EEECFG_EEEP_ENABLE_TX_OFFSET		OFFSET_SHIFT	14	14	483
B	RTL8367B_PORT2_EEECFG_EEEP_ENABLE_TX_MASK		MASK	0x4000	16384	484
B	RTL8367B_PORT2_EEECFG_EEEP_ENABLE_RX_OFFSET		OFFSET_SHIFT	13	13	485
B	RTL8367B_PORT2_EEECFG_EEEP_ENABLE_RX_MASK		MASK	0x2000	8192	486
B	RTL8367B_PORT2_EEECFG_EEE_FORCE_OFFSET		OFFSET_SHIFT	12	12	487
B	RTL8367B_PORT2_EEECFG_EEE_FORCE_MASK		MASK	0x1000	4096	488
B	RTL8367B_PORT2_EEECFG_EEE_100M_OFFSET		OFFSET_SHIFT	11	11	489
B	RTL8367B_PORT2_EEECFG_EEE_100M_MASK		MASK	0x800	2048	490
B	RTL8367B_PORT2_EEECFG_EEE_GIGA_OFFSET		OFFSET_SHIFT	10	10	491
B	RTL8367B_PORT2_EEECFG_EEE_GIGA_MASK		MASK	0x400	1024	492
B	RTL8367B_PORT2_EEECFG_EEE_TX_OFFSET		OFFSET_SHIFT	9	9	493
B	RTL8367B_PORT2_EEECFG_EEE_TX_MASK		MASK	0x200	512	494
B	RTL8367B_PORT2_EEECFG_EEE_RX_OFFSET		OFFSET_SHIFT	8	8	495
B	RTL8367B_PORT2_EEECFG_EEE_RX_MASK		MASK	0x100	256	496
B	RTL8367B_PORT2_EEECFG_EEE_DSP_RX_OFFSET		OFFSET_SHIFT	6	6	497
B	RTL8367B_PORT2_EEECFG_EEE_DSP_RX_MASK		MASK	0x40	64	498
B	RTL8367B_PORT2_EEECFG_EEE_LPI_OFFSET		OFFSET_SHIFT	5	5	499
B	RTL8367B_PORT2_EEECFG_EEE_LPI_MASK		MASK	0x20	32	500
B	RTL8367B_PORT2_EEECFG_EEE_TX_LPI_OFFSET		OFFSET_SHIFT	4	4	501
B	RTL8367B_PORT2_EEECFG_EEE_TX_LPI_MASK		MASK	0x10	16	502
B	RTL8367B_PORT2_EEECFG_EEE_RX_LPI_OFFSET		OFFSET_SHIFT	3	3	503
B	RTL8367B_PORT2_EEECFG_EEE_RX_LPI_MASK		MASK	0x8	8	504
B	RTL8367B_PORT2_EEECFG_EEE_PAUSE_INDICATOR_OFFSET		OFFSET_SHIFT	2	2	505
B	RTL8367B_PORT2_EEECFG_EEE_PAUSE_INDICATOR_MASK		MASK	0x4	4	506
B	RTL8367B_PORT2_EEECFG_EEE_WAKE_REQ_OFFSET		OFFSET_SHIFT	1	1	507
B	RTL8367B_PORT2_EEECFG_EEE_WAKE_REQ_MASK		MASK	0x2	2	508
B	RTL8367B_PORT2_EEECFG_EEE_SLEEP_REQ_OFFSET		OFFSET_SHIFT	0	0	509
B	RTL8367B_PORT2_EEECFG_EEE_SLEEP_REQ_MASK		MASK	0x1	1	510
B	RTL8367B_REG_PORT2_EEETXMTR		REGISTER	0x0059	89	512
B	RTL8367B_REG_PORT2_EEERXMTR		REGISTER	0x005a	90	514
B	RTL8367B_REG_PORT2_EEEPTXMTR		REGISTER	0x005b	91	516
B	RTL8367B_REG_PORT2_EEEPRXMTR		REGISTER	0x005c	92	518
B	RTL8367B_REG_PTP_PORT2_CFG0		REGISTER	0x005d	93	520
B	RTL8367B_REG_PTP_PORT2_CFG1		REGISTER	0x005e	94	522
B	RTL8367B_PTP_PORT2_CFG1_TIME_TS_SECOND_OFFSET		OFFSET_SHIFT	8	8	523
B	RTL8367B_PTP_PORT2_CFG1_TIME_TS_SECOND_MASK		MASK	0xFF00	65280	524
B	RTL8367B_PTP_PORT2_CFG1_TIME_SYNC_EN_OFFSET		OFFSET_SHIFT	7	7	525
B	RTL8367B_PTP_PORT2_CFG1_TIME_SYNC_EN_MASK		MASK	0x80	128	526
B	RTL8367B_PTP_PORT2_CFG1_TIME_SYNC_TX_TS_FILL_EN_OFFSET		OFFSET_SHIFT	6	6	527
B	RTL8367B_PTP_PORT2_CFG1_TIME_SYNC_TX_TS_FILL_EN_MASK		MASK	0x40	64	528
B	RTL8367B_PTP_PORT2_CFG1_EGRESS_TS_VALID_OFFSET		OFFSET_SHIFT	5	5	529
B	RTL8367B_PTP_PORT2_CFG1_EGRESS_TS_VALID_MASK		MASK	0x20	32	530
B	RTL8367B_PTP_PORT2_CFG1_EGRESS_TS_512NS_OFFSET		OFFSET_SHIFT	0	0	531
B	RTL8367B_PTP_PORT2_CFG1_EGRESS_TS_512NS_MASK		MASK	0x1F	31	532
B	RTL8367B_REG_P2_MSIC1		REGISTER	0x005f	95	534
B	RTL8367B_P2_MSIC1_OFFSET		OFFSET_SHIFT	0	0	535
B	RTL8367B_P2_MSIC1_MASK		MASK	0x1	1	536
B	RTL8367B_REG_PKTGEN_PORT3_CTRL		REGISTER	0x0061	97	538
B	RTL8367B_PKTGEN_PORT3_CTRL_STATUS_OFFSET		OFFSET_SHIFT	15	15	539
B	RTL8367B_PKTGEN_PORT3_CTRL_STATUS_MASK		MASK	0x8000	32768	540
B	RTL8367B_PKTGEN_PORT3_CTRL_PKTGEN_STS_OFFSET		OFFSET_SHIFT	13	13	541
B	RTL8367B_PKTGEN_PORT3_CTRL_PKTGEN_STS_MASK		MASK	0x2000	8192	542
B	RTL8367B_PKTGEN_PORT3_CTRL_PKTGEN_SUSPEND_OFFSET		OFFSET_SHIFT	12	12	543
B	RTL8367B_PKTGEN_PORT3_CTRL_PKTGEN_SUSPEND_MASK		MASK	0x1000	4096	544
B	RTL8367B_PKTGEN_PORT3_CTRL_PKTGEN_LENGTH_FIELD_SEL_OFFSET		OFFSET_SHIFT	11	11	545
B	RTL8367B_PKTGEN_PORT3_CTRL_PKTGEN_LENGTH_FIELD_SEL_MASK		MASK	0x800	2048	546
B	RTL8367B_PKTGEN_PORT3_CTRL_RANDOM_LENTH_OFFSET		OFFSET_SHIFT	10	10	547
B	RTL8367B_PKTGEN_PORT3_CTRL_RANDOM_LENTH_MASK		MASK	0x400	1024	548
B	RTL8367B_PKTGEN_PORT3_CTRL_ENABLED_OFFSET		OFFSET_SHIFT	9	9	549
B	RTL8367B_PKTGEN_PORT3_CTRL_ENABLED_MASK		MASK	0x200	512	550
B	RTL8367B_PKTGEN_PORT3_CTRL_INC_BC_OFFSET		OFFSET_SHIFT	8	8	551
B	RTL8367B_PKTGEN_PORT3_CTRL_INC_BC_MASK		MASK	0x100	256	552
B	RTL8367B_PKTGEN_PORT3_CTRL_INC_SA_OFFSET		OFFSET_SHIFT	7	7	553
B	RTL8367B_PKTGEN_PORT3_CTRL_INC_SA_MASK		MASK	0x80	128	554
B	RTL8367B_PKTGEN_PORT3_CTRL_INC_DA_OFFSET		OFFSET_SHIFT	6	6	555
B	RTL8367B_PKTGEN_PORT3_CTRL_INC_DA_MASK		MASK	0x40	64	556
B	RTL8367B_PKTGEN_PORT3_CTRL_RANDOM_OFFSET		OFFSET_SHIFT	5	5	557
B	RTL8367B_PKTGEN_PORT3_CTRL_RANDOM_MASK		MASK	0x20	32	558
B	RTL8367B_PKTGEN_PORT3_CTRL_CRC_NO_ERROR_OFFSET		OFFSET_SHIFT	4	4	559
B	RTL8367B_PKTGEN_PORT3_CTRL_CRC_NO_ERROR_MASK		MASK	0x10	16	560
B	RTL8367B_PKTGEN_PORT3_CTRL_CMD_STOP_OFFSET		OFFSET_SHIFT	3	3	561
B	RTL8367B_PKTGEN_PORT3_CTRL_CMD_STOP_MASK		MASK	0x8	8	562
B	RTL8367B_PKTGEN_PORT3_CTRL_CONTINUE_MODE_OFFSET		OFFSET_SHIFT	2	2	563
B	RTL8367B_PKTGEN_PORT3_CTRL_CONTINUE_MODE_MASK		MASK	0x4	4	564
B	RTL8367B_PKTGEN_PORT3_CTRL_PAUSE_MODE_OFFSET		OFFSET_SHIFT	1	1	565
B	RTL8367B_PKTGEN_PORT3_CTRL_PAUSE_MODE_MASK		MASK	0x2	2	566
B	RTL8367B_PKTGEN_PORT3_CTRL_CMD_START_OFFSET		OFFSET_SHIFT	0	0	567
B	RTL8367B_PKTGEN_PORT3_CTRL_CMD_START_MASK		MASK	0x1	1	568
B	RTL8367B_REG_TX_ERR_CNT_PORT3		REGISTER	0x0062	98	570
B	RTL8367B_TX_ERR_CNT_PORT3_OFFSET		OFFSET_SHIFT	0	0	571
B	RTL8367B_TX_ERR_CNT_PORT3_MASK		MASK	0x7	7	572
B	RTL8367B_REG_PKTGEN_PORT3_DA0		REGISTER	0x0063	99	574
B	RTL8367B_REG_PKTGEN_PORT3_DA1		REGISTER	0x0064	100	576
B	RTL8367B_REG_PKTGEN_PORT3_DA2		REGISTER	0x0065	101	578
B	RTL8367B_REG_PKTGEN_PORT3_SA0		REGISTER	0x0066	102	580
B	RTL8367B_REG_PKTGEN_PORT3_SA1		REGISTER	0x0067	103	582
B	RTL8367B_REG_PKTGEN_PORT3_SA2		REGISTER	0x0068	104	584
B	RTL8367B_REG_PKTGEN_PORT3_COUNTER0		REGISTER	0x0069	105	586
B	RTL8367B_REG_PKTGEN_PORT3_COUNTER1		REGISTER	0x006a	106	588
B	RTL8367B_PKTGEN_PORT3_COUNTER1_OFFSET		OFFSET_SHIFT	0	0	589
B	RTL8367B_PKTGEN_PORT3_COUNTER1_MASK		MASK	0xFF	255	590
B	RTL8367B_REG_PKTGEN_PORT3_TX_LENGTH		REGISTER	0x006b	107	592
B	RTL8367B_PKTGEN_PORT3_TX_LENGTH_OFFSET		OFFSET_SHIFT	0	0	593
B	RTL8367B_PKTGEN_PORT3_TX_LENGTH_MASK		MASK	0x3FFF	16383	594
B	RTL8367B_REG_PKTGEN_PORT3_MAX_LENGTH		REGISTER	0x006c	108	596
B	RTL8367B_PKTGEN_PORT3_MAX_LENGTH_OFFSET		OFFSET_SHIFT	0	0	597
B	RTL8367B_PKTGEN_PORT3_MAX_LENGTH_MASK		MASK	0x3FFF	16383	598
B	RTL8367B_REG_PKTGEN_PORT3_TIMER		REGISTER	0x006d	109	600
B	RTL8367B_PKTGEN_PORT3_TIMER_TIMER_OFFSET		OFFSET_SHIFT	4	4	601
B	RTL8367B_PKTGEN_PORT3_TIMER_TIMER_MASK		MASK	0xF0	240	602
B	RTL8367B_PKTGEN_PORT3_TIMER_RX_DMA_ERR_FLAG_OFFSET		OFFSET_SHIFT	3	3	603
B	RTL8367B_PKTGEN_PORT3_TIMER_RX_DMA_ERR_FLAG_MASK		MASK	0x8	8	604
B	RTL8367B_REG_PORT3_MISC_CFG		REGISTER	0x006e	110	606
B	RTL8367B_PORT3_MISC_CFG_SMALL_TAG_IPG_OFFSET		OFFSET_SHIFT	15	15	607
B	RTL8367B_PORT3_MISC_CFG_SMALL_TAG_IPG_MASK		MASK	0x8000	32768	608
B	RTL8367B_PORT3_MISC_CFG_TX_ITFSP_MODE_OFFSET		OFFSET_SHIFT	14	14	609
B	RTL8367B_PORT3_MISC_CFG_TX_ITFSP_MODE_MASK		MASK	0x4000	16384	610
B	RTL8367B_PORT3_MISC_CFG_FLOWCTRL_INDEP_OFFSET		OFFSET_SHIFT	13	13	611
B	RTL8367B_PORT3_MISC_CFG_FLOWCTRL_INDEP_MASK		MASK	0x2000	8192	612
B	RTL8367B_PORT3_MISC_CFG_DOT1Q_REMARK_ENABLE_OFFSET		OFFSET_SHIFT	12	12	613
B	RTL8367B_PORT3_MISC_CFG_DOT1Q_REMARK_ENABLE_MASK		MASK	0x1000	4096	614
B	RTL8367B_PORT3_MISC_CFG_INGRESSBW_FLOWCTRL_OFFSET		OFFSET_SHIFT	11	11	615
B	RTL8367B_PORT3_MISC_CFG_INGRESSBW_FLOWCTRL_MASK		MASK	0x800	2048	616
B	RTL8367B_PORT3_MISC_CFG_INGRESSBW_IFG_OFFSET		OFFSET_SHIFT	10	10	617
B	RTL8367B_PORT3_MISC_CFG_INGRESSBW_IFG_MASK		MASK	0x400	1024	618
B	RTL8367B_PORT3_MISC_CFG_RX_SPC_OFFSET		OFFSET_SHIFT	9	9	619
B	RTL8367B_PORT3_MISC_CFG_RX_SPC_MASK		MASK	0x200	512	620
B	RTL8367B_PORT3_MISC_CFG_CRC_SKIP_OFFSET		OFFSET_SHIFT	8	8	621
B	RTL8367B_PORT3_MISC_CFG_CRC_SKIP_MASK		MASK	0x100	256	622
B	RTL8367B_PORT3_MISC_CFG_PKTGEN_TX_FIRST_OFFSET		OFFSET_SHIFT	7	7	623
B	RTL8367B_PORT3_MISC_CFG_PKTGEN_TX_FIRST_MASK		MASK	0x80	128	624
B	RTL8367B_PORT3_MISC_CFG_MAC_LOOPBACK_OFFSET		OFFSET_SHIFT	6	6	625
B	RTL8367B_PORT3_MISC_CFG_MAC_LOOPBACK_MASK		MASK	0x40	64	626
B	RTL8367B_PORT3_MISC_CFG_VLAN_EGRESS_MODE_OFFSET		OFFSET_SHIFT	4	4	627
B	RTL8367B_PORT3_MISC_CFG_VLAN_EGRESS_MODE_MASK		MASK	0x30	48	628
B	RTL8367B_PORT3_MISC_CFG_CONGESTION_SUSTAIN_TIME_OFFSET		OFFSET_SHIFT	0	0	629
B	RTL8367B_PORT3_MISC_CFG_CONGESTION_SUSTAIN_TIME_MASK		MASK	0xF	15	630
B	RTL8367B_REG_INGRESSBW_PORT3_RATE_CTRL0		REGISTER	0x006f	111	632
B	RTL8367B_REG_INGRESSBW_PORT3_RATE_CTRL1		REGISTER	0x0070	112	634
B	RTL8367B_INGRESSBW_PORT3_RATE_CTRL1_DUMMY_OFFSET		OFFSET_SHIFT	1	1	635
B	RTL8367B_INGRESSBW_PORT3_RATE_CTRL1_DUMMY_MASK		MASK	0xFFFE	65534	636
B	RTL8367B_INGRESSBW_PORT3_RATE_CTRL1_INGRESSBW_RATE16_OFFSET		OFFSET_SHIFT	0	0	637
B	RTL8367B_INGRESSBW_PORT3_RATE_CTRL1_INGRESSBW_RATE16_MASK		MASK	0x1	1	638
B	RTL8367B_REG_PORT3_FORCE_RATE0		REGISTER	0x0071	113	640
B	RTL8367B_REG_PORT3_FORCE_RATE1		REGISTER	0x0072	114	642
B	RTL8367B_REG_PORT3_CURENT_RATE0		REGISTER	0x0073	115	644
B	RTL8367B_REG_PORT3_CURENT_RATE1		REGISTER	0x0074	116	646
B	RTL8367B_REG_PORT3_PAGE_COUNTER		REGISTER	0x0075	117	648
B	RTL8367B_PORT3_PAGE_COUNTER_OFFSET		OFFSET_SHIFT	0	0	649
B	RTL8367B_PORT3_PAGE_COUNTER_MASK		MASK	0x7F	127	650
B	RTL8367B_REG_PAGEMETER_PORT3_CTRL0		REGISTER	0x0076	118	652
B	RTL8367B_REG_PAGEMETER_PORT3_CTRL1		REGISTER	0x0077	119	654
B	RTL8367B_PAGEMETER_PORT3_CTRL1_OFFSET		OFFSET_SHIFT	0	0	655
B	RTL8367B_PAGEMETER_PORT3_CTRL1_MASK		MASK	0x1F	31	656
B	RTL8367B_REG_PORT3_EEECFG		REGISTER	0x0078	120	658
B	RTL8367B_PORT3_EEECFG_EEEP_ENABLE_TX_OFFSET		OFFSET_SHIFT	14	14	659
B	RTL8367B_PORT3_EEECFG_EEEP_ENABLE_TX_MASK		MASK	0x4000	16384	660
B	RTL8367B_PORT3_EEECFG_EEEP_ENABLE_RX_OFFSET		OFFSET_SHIFT	13	13	661
B	RTL8367B_PORT3_EEECFG_EEEP_ENABLE_RX_MASK		MASK	0x2000	8192	662
B	RTL8367B_PORT3_EEECFG_EEE_FORCE_OFFSET		OFFSET_SHIFT	12	12	663
B	RTL8367B_PORT3_EEECFG_EEE_FORCE_MASK		MASK	0x1000	4096	664
B	RTL8367B_PORT3_EEECFG_EEE_100M_OFFSET		OFFSET_SHIFT	11	11	665
B	RTL8367B_PORT3_EEECFG_EEE_100M_MASK		MASK	0x800	2048	666
B	RTL8367B_PORT3_EEECFG_EEE_GIGA_OFFSET		OFFSET_SHIFT	10	10	667
B	RTL8367B_PORT3_EEECFG_EEE_GIGA_MASK		MASK	0x400	1024	668
B	RTL8367B_PORT3_EEECFG_EEE_TX_OFFSET		OFFSET_SHIFT	9	9	669
B	RTL8367B_PORT3_EEECFG_EEE_TX_MASK		MASK	0x200	512	670
B	RTL8367B_PORT3_EEECFG_EEE_RX_OFFSET		OFFSET_SHIFT	8	8	671
B	RTL8367B_PORT3_EEECFG_EEE_RX_MASK		MASK	0x100	256	672
B	RTL8367B_PORT3_EEECFG_EEE_DSP_RX_OFFSET		OFFSET_SHIFT	6	6	673
B	RTL8367B_PORT3_EEECFG_EEE_DSP_RX_MASK		MASK	0x40	64	674
B	RTL8367B_PORT3_EEECFG_EEE_LPI_OFFSET		OFFSET_SHIFT	5	5	675
B	RTL8367B_PORT3_EEECFG_EEE_LPI_MASK		MASK	0x20	32	676
B	RTL8367B_PORT3_EEECFG_EEE_TX_LPI_OFFSET		OFFSET_SHIFT	4	4	677
B	RTL8367B_PORT3_EEECFG_EEE_TX_LPI_MASK		MASK	0x10	16	678
B	RTL8367B_PORT3_EEECFG_EEE_RX_LPI_OFFSET		OFFSET_SHIFT	3	3	679
B	RTL8367B_PORT3_EEECFG_EEE_RX_LPI_MASK		MASK	0x8	8	680
B	RTL8367B_PORT3_EEECFG_EEE_PAUSE_INDICATOR_OFFSET		OFFSET_SHIFT	2	2	681
B	RTL8367B_PORT3_EEECFG_EEE_PAUSE_INDICATOR_MASK		MASK	0x4	4	682
B	RTL8367B_PORT3_EEECFG_EEE_WAKE_REQ_OFFSET		OFFSET_SHIFT	1	1	683
B	RTL8367B_PORT3_EEECFG_EEE_WAKE_REQ_MASK		MASK	0x2	2	684
B	RTL8367B_PORT3_EEECFG_EEE_SLEEP_REQ_OFFSET		OFFSET_SHIFT	0	0	685
B	RTL8367B_PORT3_EEECFG_EEE_SLEEP_REQ_MASK		MASK	0x1	1	686
B	RTL8367B_REG_PORT3_EEETXMTR		REGISTER	0x0079	121	688
B	RTL8367B_REG_PORT3_EEERXMTR		REGISTER	0x007a	122	690
B	RTL8367B_REG_PORT3_EEEPTXMTR		REGISTER	0x007b	123	692
B	RTL8367B_REG_PORT3_EEEPRXMTR		REGISTER	0x007c	124	694
B	RTL8367B_REG_PTP_PORT3_CFG0		REGISTER	0x007d	125	696
B	RTL8367B_REG_PTP_PORT3_CFG1		REGISTER	0x007e	126	698
B	RTL8367B_PTP_PORT3_CFG1_TIME_TS_SECOND_OFFSET		OFFSET_SHIFT	8	8	699
B	RTL8367B_PTP_PORT3_CFG1_TIME_TS_SECOND_MASK		MASK	0xFF00	65280	700
B	RTL8367B_PTP_PORT3_CFG1_TIME_SYNC_EN_OFFSET		OFFSET_SHIFT	7	7	701
B	RTL8367B_PTP_PORT3_CFG1_TIME_SYNC_EN_MASK		MASK	0x80	128	702
B	RTL8367B_PTP_PORT3_CFG1_TIME_SYNC_TX_TS_FILL_EN_OFFSET		OFFSET_SHIFT	6	6	703
B	RTL8367B_PTP_PORT3_CFG1_TIME_SYNC_TX_TS_FILL_EN_MASK		MASK	0x40	64	704
B	RTL8367B_PTP_PORT3_CFG1_EGRESS_TS_VALID_OFFSET		OFFSET_SHIFT	5	5	705
B	RTL8367B_PTP_PORT3_CFG1_EGRESS_TS_VALID_MASK		MASK	0x20	32	706
B	RTL8367B_PTP_PORT3_CFG1_EGRESS_TS_512NS_OFFSET		OFFSET_SHIFT	0	0	707
B	RTL8367B_PTP_PORT3_CFG1_EGRESS_TS_512NS_MASK		MASK	0x1F	31	708
B	RTL8367B_REG_P3_MSIC1		REGISTER	0x007f	127	710
B	RTL8367B_P3_MSIC1_OFFSET		OFFSET_SHIFT	0	0	711
B	RTL8367B_P3_MSIC1_MASK		MASK	0x1	1	712
B	RTL8367B_REG_PKTGEN_PORT4_CTRL		REGISTER	0x0081	129	714
B	RTL8367B_PKTGEN_PORT4_CTRL_STATUS_OFFSET		OFFSET_SHIFT	15	15	715
B	RTL8367B_PKTGEN_PORT4_CTRL_STATUS_MASK		MASK	0x8000	32768	716
B	RTL8367B_PKTGEN_PORT4_CTRL_PKTGEN_STS_OFFSET		OFFSET_SHIFT	13	13	717
B	RTL8367B_PKTGEN_PORT4_CTRL_PKTGEN_STS_MASK		MASK	0x2000	8192	718
B	RTL8367B_PKTGEN_PORT4_CTRL_PKTGEN_SUSPEND_OFFSET		OFFSET_SHIFT	12	12	719
B	RTL8367B_PKTGEN_PORT4_CTRL_PKTGEN_SUSPEND_MASK		MASK	0x1000	4096	720
B	RTL8367B_PKTGEN_PORT4_CTRL_PKTGEN_LENGTH_FIELD_SEL_OFFSET		OFFSET_SHIFT	11	11	721
B	RTL8367B_PKTGEN_PORT4_CTRL_PKTGEN_LENGTH_FIELD_SEL_MASK		MASK	0x800	2048	722
B	RTL8367B_PKTGEN_PORT4_CTRL_RANDOM_LENTH_OFFSET		OFFSET_SHIFT	10	10	723
B	RTL8367B_PKTGEN_PORT4_CTRL_RANDOM_LENTH_MASK		MASK	0x400	1024	724
B	RTL8367B_PKTGEN_PORT4_CTRL_ENABLED_OFFSET		OFFSET_SHIFT	9	9	725
B	RTL8367B_PKTGEN_PORT4_CTRL_ENABLED_MASK		MASK	0x200	512	726
B	RTL8367B_PKTGEN_PORT4_CTRL_INC_BC_OFFSET		OFFSET_SHIFT	8	8	727
B	RTL8367B_PKTGEN_PORT4_CTRL_INC_BC_MASK		MASK	0x100	256	728
B	RTL8367B_PKTGEN_PORT4_CTRL_INC_SA_OFFSET		OFFSET_SHIFT	7	7	729
B	RTL8367B_PKTGEN_PORT4_CTRL_INC_SA_MASK		MASK	0x80	128	730
B	RTL8367B_PKTGEN_PORT4_CTRL_INC_DA_OFFSET		OFFSET_SHIFT	6	6	731
B	RTL8367B_PKTGEN_PORT4_CTRL_INC_DA_MASK		MASK	0x40	64	732
B	RTL8367B_PKTGEN_PORT4_CTRL_RANDOM_OFFSET		OFFSET_SHIFT	5	5	733
B	RTL8367B_PKTGEN_PORT4_CTRL_RANDOM_MASK		MASK	0x20	32	734
B	RTL8367B_PKTGEN_PORT4_CTRL_CRC_NO_ERROR_OFFSET		OFFSET_SHIFT	4	4	735
B	RTL8367B_PKTGEN_PORT4_CTRL_CRC_NO_ERROR_MASK		MASK	0x10	16	736
B	RTL8367B_PKTGEN_PORT4_CTRL_CMD_STOP_OFFSET		OFFSET_SHIFT	3	3	737
B	RTL8367B_PKTGEN_PORT4_CTRL_CMD_STOP_MASK		MASK	0x8	8	738
B	RTL8367B_PKTGEN_PORT4_CTRL_CONTINUE_MODE_OFFSET		OFFSET_SHIFT	2	2	739
B	RTL8367B_PKTGEN_PORT4_CTRL_CONTINUE_MODE_MASK		MASK	0x4	4	740
B	RTL8367B_PKTGEN_PORT4_CTRL_PAUSE_MODE_OFFSET		OFFSET_SHIFT	1	1	741
B	RTL8367B_PKTGEN_PORT4_CTRL_PAUSE_MODE_MASK		MASK	0x2	2	742
B	RTL8367B_PKTGEN_PORT4_CTRL_CMD_START_OFFSET		OFFSET_SHIFT	0	0	743
B	RTL8367B_PKTGEN_PORT4_CTRL_CMD_START_MASK		MASK	0x1	1	744
B	RTL8367B_REG_TX_ERR_CNT_PORT4		REGISTER	0x0082	130	746
B	RTL8367B_TX_ERR_CNT_PORT4_OFFSET		OFFSET_SHIFT	0	0	747
B	RTL8367B_TX_ERR_CNT_PORT4_MASK		MASK	0x7	7	748
B	RTL8367B_REG_PKTGEN_PORT4_DA0		REGISTER	0x0083	131	750
B	RTL8367B_REG_PKTGEN_PORT4_DA1		REGISTER	0x0084	132	752
B	RTL8367B_REG_PKTGEN_PORT4_DA2		REGISTER	0x0085	133	754
B	RTL8367B_REG_PKTGEN_PORT4_SA0		REGISTER	0x0086	134	756
B	RTL8367B_REG_PKTGEN_PORT4_SA1		REGISTER	0x0087	135	758
B	RTL8367B_REG_PKTGEN_PORT4_SA2		REGISTER	0x0088	136	760
B	RTL8367B_REG_PKTGEN_PORT4_COUNTER0		REGISTER	0x0089	137	762
B	RTL8367B_REG_PKTGEN_PORT4_COUNTER1		REGISTER	0x008a	138	764
B	RTL8367B_PKTGEN_PORT4_COUNTER1_OFFSET		OFFSET_SHIFT	0	0	765
B	RTL8367B_PKTGEN_PORT4_COUNTER1_MASK		MASK	0xFF	255	766
B	RTL8367B_REG_PKTGEN_PORT4_TX_LENGTH		REGISTER	0x008b	139	768
B	RTL8367B_PKTGEN_PORT4_TX_LENGTH_OFFSET		OFFSET_SHIFT	0	0	769
B	RTL8367B_PKTGEN_PORT4_TX_LENGTH_MASK		MASK	0x3FFF	16383	770
B	RTL8367B_REG_PKTGEN_PORT4_MAX_LENGTH		REGISTER	0x008c	140	772
B	RTL8367B_PKTGEN_PORT4_MAX_LENGTH_OFFSET		OFFSET_SHIFT	0	0	773
B	RTL8367B_PKTGEN_PORT4_MAX_LENGTH_MASK		MASK	0x3FFF	16383	774
B	RTL8367B_REG_PKTGEN_PORT4_TIMER		REGISTER	0x008d	141	776
B	RTL8367B_PKTGEN_PORT4_TIMER_TIMER_OFFSET		OFFSET_SHIFT	4	4	777
B	RTL8367B_PKTGEN_PORT4_TIMER_TIMER_MASK		MASK	0xF0	240	778
B	RTL8367B_PKTGEN_PORT4_TIMER_RX_DMA_ERR_FLAG_OFFSET		OFFSET_SHIFT	3	3	779
B	RTL8367B_PKTGEN_PORT4_TIMER_RX_DMA_ERR_FLAG_MASK		MASK	0x8	8	780
B	RTL8367B_REG_PORT4_MISC_CFG		REGISTER	0x008e	142	782
B	RTL8367B_PORT4_MISC_CFG_SMALL_TAG_IPG_OFFSET		OFFSET_SHIFT	15	15	783
B	RTL8367B_PORT4_MISC_CFG_SMALL_TAG_IPG_MASK		MASK	0x8000	32768	784
B	RTL8367B_PORT4_MISC_CFG_TX_ITFSP_MODE_OFFSET		OFFSET_SHIFT	14	14	785
B	RTL8367B_PORT4_MISC_CFG_TX_ITFSP_MODE_MASK		MASK	0x4000	16384	786
B	RTL8367B_PORT4_MISC_CFG_FLOWCTRL_INDEP_OFFSET		OFFSET_SHIFT	13	13	787
B	RTL8367B_PORT4_MISC_CFG_FLOWCTRL_INDEP_MASK		MASK	0x2000	8192	788
B	RTL8367B_PORT4_MISC_CFG_DOT1Q_REMARK_ENABLE_OFFSET		OFFSET_SHIFT	12	12	789
B	RTL8367B_PORT4_MISC_CFG_DOT1Q_REMARK_ENABLE_MASK		MASK	0x1000	4096	790
B	RTL8367B_PORT4_MISC_CFG_INGRESSBW_FLOWCTRL_OFFSET		OFFSET_SHIFT	11	11	791
B	RTL8367B_PORT4_MISC_CFG_INGRESSBW_FLOWCTRL_MASK		MASK	0x800	2048	792
B	RTL8367B_PORT4_MISC_CFG_INGRESSBW_IFG_OFFSET		OFFSET_SHIFT	10	10	793
B	RTL8367B_PORT4_MISC_CFG_INGRESSBW_IFG_MASK		MASK	0x400	1024	794
B	RTL8367B_PORT4_MISC_CFG_RX_SPC_OFFSET		OFFSET_SHIFT	9	9	795
B	RTL8367B_PORT4_MISC_CFG_RX_SPC_MASK		MASK	0x200	512	796
B	RTL8367B_PORT4_MISC_CFG_CRC_SKIP_OFFSET		OFFSET_SHIFT	8	8	797
B	RTL8367B_PORT4_MISC_CFG_CRC_SKIP_MASK		MASK	0x100	256	798
B	RTL8367B_PORT4_MISC_CFG_PKTGEN_TX_FIRST_OFFSET		OFFSET_SHIFT	7	7	799
B	RTL8367B_PORT4_MISC_CFG_PKTGEN_TX_FIRST_MASK		MASK	0x80	128	800
B	RTL8367B_PORT4_MISC_CFG_MAC_LOOPBACK_OFFSET		OFFSET_SHIFT	6	6	801
B	RTL8367B_PORT4_MISC_CFG_MAC_LOOPBACK_MASK		MASK	0x40	64	802
B	RTL8367B_PORT4_MISC_CFG_VLAN_EGRESS_MODE_OFFSET		OFFSET_SHIFT	4	4	803
B	RTL8367B_PORT4_MISC_CFG_VLAN_EGRESS_MODE_MASK		MASK	0x30	48	804
B	RTL8367B_PORT4_MISC_CFG_CONGESTION_SUSTAIN_TIME_OFFSET		OFFSET_SHIFT	0	0	805
B	RTL8367B_PORT4_MISC_CFG_CONGESTION_SUSTAIN_TIME_MASK		MASK	0xF	15	806
B	RTL8367B_REG_INGRESSBW_PORT4_RATE_CTRL0		REGISTER	0x008f	143	808
B	RTL8367B_REG_INGRESSBW_PORT4_RATE_CTRL1		REGISTER	0x0090	144	810
B	RTL8367B_INGRESSBW_PORT4_RATE_CTRL1_DUMMY_OFFSET		OFFSET_SHIFT	1	1	811
B	RTL8367B_INGRESSBW_PORT4_RATE_CTRL1_DUMMY_MASK		MASK	0xFFFE	65534	812
B	RTL8367B_INGRESSBW_PORT4_RATE_CTRL1_INGRESSBW_RATE16_OFFSET		OFFSET_SHIFT	0	0	813
B	RTL8367B_INGRESSBW_PORT4_RATE_CTRL1_INGRESSBW_RATE16_MASK		MASK	0x1	1	814
B	RTL8367B_REG_PORT4_FORCE_RATE0		REGISTER	0x0091	145	816
B	RTL8367B_REG_PORT4_FORCE_RATE1		REGISTER	0x0092	146	818
B	RTL8367B_REG_PORT4_CURENT_RATE0		REGISTER	0x0093	147	820
B	RTL8367B_REG_PORT4_CURENT_RATE1		REGISTER	0x0094	148	822
B	RTL8367B_REG_PORT4_PAGE_COUNTER		REGISTER	0x0095	149	824
B	RTL8367B_PORT4_PAGE_COUNTER_OFFSET		OFFSET_SHIFT	0	0	825
B	RTL8367B_PORT4_PAGE_COUNTER_MASK		MASK	0x7F	127	826
B	RTL8367B_REG_PAGEMETER_PORT4_CTRL0		REGISTER	0x0096	150	828
B	RTL8367B_REG_PAGEMETER_PORT4_CTRL1		REGISTER	0x0097	151	830
B	RTL8367B_PAGEMETER_PORT4_CTRL1_OFFSET		OFFSET_SHIFT	0	0	831
B	RTL8367B_PAGEMETER_PORT4_CTRL1_MASK		MASK	0x1F	31	832
B	RTL8367B_REG_PORT4_EEECFG		REGISTER	0x0098	152	834
B	RTL8367B_PORT4_EEECFG_EEEP_ENABLE_TX_OFFSET		OFFSET_SHIFT	14	14	835
B	RTL8367B_PORT4_EEECFG_EEEP_ENABLE_TX_MASK		MASK	0x4000	16384	836
B	RTL8367B_PORT4_EEECFG_EEEP_ENABLE_RX_OFFSET		OFFSET_SHIFT	13	13	837
B	RTL8367B_PORT4_EEECFG_EEEP_ENABLE_RX_MASK		MASK	0x2000	8192	838
B	RTL8367B_PORT4_EEECFG_EEE_FORCE_OFFSET		OFFSET_SHIFT	12	12	839
B	RTL8367B_PORT4_EEECFG_EEE_FORCE_MASK		MASK	0x1000	4096	840
B	RTL8367B_PORT4_EEECFG_EEE_100M_OFFSET		OFFSET_SHIFT	11	11	841
B	RTL8367B_PORT4_EEECFG_EEE_100M_MASK		MASK	0x800	2048	842
B	RTL8367B_PORT4_EEECFG_EEE_GIGA_OFFSET		OFFSET_SHIFT	10	10	843
B	RTL8367B_PORT4_EEECFG_EEE_GIGA_MASK		MASK	0x400	1024	844
B	RTL8367B_PORT4_EEECFG_EEE_TX_OFFSET		OFFSET_SHIFT	9	9	845
B	RTL8367B_PORT4_EEECFG_EEE_TX_MASK		MASK	0x200	512	846
B	RTL8367B_PORT4_EEECFG_EEE_RX_OFFSET		OFFSET_SHIFT	8	8	847
B	RTL8367B_PORT4_EEECFG_EEE_RX_MASK		MASK	0x100	256	848
B	RTL8367B_PORT4_EEECFG_EEE_DSP_RX_OFFSET		OFFSET_SHIFT	6	6	849
B	RTL8367B_PORT4_EEECFG_EEE_DSP_RX_MASK		MASK	0x40	64	850
B	RTL8367B_PORT4_EEECFG_EEE_LPI_OFFSET		OFFSET_SHIFT	5	5	851
B	RTL8367B_PORT4_EEECFG_EEE_LPI_MASK		MASK	0x20	32	852
B	RTL8367B_PORT4_EEECFG_EEE_TX_LPI_OFFSET		OFFSET_SHIFT	4	4	853
B	RTL8367B_PORT4_EEECFG_EEE_TX_LPI_MASK		MASK	0x10	16	854
B	RTL8367B_PORT4_EEECFG_EEE_RX_LPI_OFFSET		OFFSET_SHIFT	3	3	855
B	RTL8367B_PORT4_EEECFG_EEE_RX_LPI_MASK		MASK	0x8	8	856
B	RTL8367B_PORT4_EEECFG_EEE_PAUSE_INDICATOR_OFFSET		OFFSET_SHIFT	2	2	857
B	RTL8367B_PORT4_EEECFG_EEE_PAUSE_INDICATOR_MASK		MASK	0x4	4	858
B	RTL8367B_PORT4_EEECFG_EEE_WAKE_REQ_OFFSET		OFFSET_SHIFT	1	1	859
B	RTL8367B_PORT4_EEECFG_EEE_WAKE_REQ_MASK		MASK	0x2	2	860
B	RTL8367B_PORT4_EEECFG_EEE_SLEEP_REQ_OFFSET		OFFSET_SHIFT	0	0	861
B	RTL8367B_PORT4_EEECFG_EEE_SLEEP_REQ_MASK		MASK	0x1	1	862
B	RTL8367B_REG_PORT4_EEETXMTR		REGISTER	0x0099	153	864
B	RTL8367B_REG_PORT4_EEERXMTR		REGISTER	0x009a	154	866
B	RTL8367B_REG_PORT4_EEEPTXMTR		REGISTER	0x009b	155	868
B	RTL8367B_REG_PORT4_EEEPRXMTR		REGISTER	0x009c	156	870
B	RTL8367B_REG_PTP_PORT4_CFG0		REGISTER	0x009d	157	872
B	RTL8367B_REG_PTP_PORT4_CFG1		REGISTER	0x009e	158	874
B	RTL8367B_PTP_PORT4_CFG1_TIME_TS_SECOND_OFFSET		OFFSET_SHIFT	8	8	875
B	RTL8367B_PTP_PORT4_CFG1_TIME_TS_SECOND_MASK		MASK	0xFF00	65280	876
B	RTL8367B_PTP_PORT4_CFG1_TIME_SYNC_EN_OFFSET		OFFSET_SHIFT	7	7	877
B	RTL8367B_PTP_PORT4_CFG1_TIME_SYNC_EN_MASK		MASK	0x80	128	878
B	RTL8367B_PTP_PORT4_CFG1_TIME_SYNC_TX_TS_FILL_EN_OFFSET		OFFSET_SHIFT	6	6	879
B	RTL8367B_PTP_PORT4_CFG1_TIME_SYNC_TX_TS_FILL_EN_MASK		MASK	0x40	64	880
B	RTL8367B_PTP_PORT4_CFG1_EGRESS_TS_VALID_OFFSET		OFFSET_SHIFT	5	5	881
B	RTL8367B_PTP_PORT4_CFG1_EGRESS_TS_VALID_MASK		MASK	0x20	32	882
B	RTL8367B_PTP_PORT4_CFG1_EGRESS_TS_512NS_OFFSET		OFFSET_SHIFT	0	0	883
B	RTL8367B_PTP_PORT4_CFG1_EGRESS_TS_512NS_MASK		MASK	0x1F	31	884
B	RTL8367B_REG_P4_MSIC1		REGISTER	0x009f	159	886
B	RTL8367B_P4_MSIC1_OFFSET		OFFSET_SHIFT	0	0	887
B	RTL8367B_P4_MSIC1_MASK		MASK	0x1	1	888
B	RTL8367B_REG_PKTGEN_PORT5_CTRL		REGISTER	0x00a1	161	890
B	RTL8367B_PKTGEN_PORT5_CTRL_STATUS_OFFSET		OFFSET_SHIFT	15	15	891
B	RTL8367B_PKTGEN_PORT5_CTRL_STATUS_MASK		MASK	0x8000	32768	892
B	RTL8367B_PKTGEN_PORT5_CTRL_PKTGEN_STS_OFFSET		OFFSET_SHIFT	13	13	893
B	RTL8367B_PKTGEN_PORT5_CTRL_PKTGEN_STS_MASK		MASK	0x2000	8192	894
B	RTL8367B_PKTGEN_PORT5_CTRL_PKTGEN_SUSPEND_OFFSET		OFFSET_SHIFT	12	12	895
B	RTL8367B_PKTGEN_PORT5_CTRL_PKTGEN_SUSPEND_MASK		MASK	0x1000	4096	896
B	RTL8367B_PKTGEN_PORT5_CTRL_PKTGEN_LENGTH_FIELD_SEL_OFFSET		OFFSET_SHIFT	11	11	897
B	RTL8367B_PKTGEN_PORT5_CTRL_PKTGEN_LENGTH_FIELD_SEL_MASK		MASK	0x800	2048	898
B	RTL8367B_PKTGEN_PORT5_CTRL_RANDOM_LENTH_OFFSET		OFFSET_SHIFT	10	10	899
B	RTL8367B_PKTGEN_PORT5_CTRL_RANDOM_LENTH_MASK		MASK	0x400	1024	900
B	RTL8367B_PKTGEN_PORT5_CTRL_ENABLED_OFFSET		OFFSET_SHIFT	9	9	901
B	RTL8367B_PKTGEN_PORT5_CTRL_ENABLED_MASK		MASK	0x200	512	902
B	RTL8367B_PKTGEN_PORT5_CTRL_INC_BC_OFFSET		OFFSET_SHIFT	8	8	903
B	RTL8367B_PKTGEN_PORT5_CTRL_INC_BC_MASK		MASK	0x100	256	904
B	RTL8367B_PKTGEN_PORT5_CTRL_INC_SA_OFFSET		OFFSET_SHIFT	7	7	905
B	RTL8367B_PKTGEN_PORT5_CTRL_INC_SA_MASK		MASK	0x80	128	906
B	RTL8367B_PKTGEN_PORT5_CTRL_INC_DA_OFFSET		OFFSET_SHIFT	6	6	907
B	RTL8367B_PKTGEN_PORT5_CTRL_INC_DA_MASK		MASK	0x40	64	908
B	RTL8367B_PKTGEN_PORT5_CTRL_RANDOM_OFFSET		OFFSET_SHIFT	5	5	909
B	RTL8367B_PKTGEN_PORT5_CTRL_RANDOM_MASK		MASK	0x20	32	910
B	RTL8367B_PKTGEN_PORT5_CTRL_CRC_NO_ERROR_OFFSET		OFFSET_SHIFT	4	4	911
B	RTL8367B_PKTGEN_PORT5_CTRL_CRC_NO_ERROR_MASK		MASK	0x10	16	912
B	RTL8367B_PKTGEN_PORT5_CTRL_CMD_STOP_OFFSET		OFFSET_SHIFT	3	3	913
B	RTL8367B_PKTGEN_PORT5_CTRL_CMD_STOP_MASK		MASK	0x8	8	914
B	RTL8367B_PKTGEN_PORT5_CTRL_CONTINUE_MODE_OFFSET		OFFSET_SHIFT	2	2	915
B	RTL8367B_PKTGEN_PORT5_CTRL_CONTINUE_MODE_MASK		MASK	0x4	4	916
B	RTL8367B_PKTGEN_PORT5_CTRL_PAUSE_MODE_OFFSET		OFFSET_SHIFT	1	1	917
B	RTL8367B_PKTGEN_PORT5_CTRL_PAUSE_MODE_MASK		MASK	0x2	2	918
B	RTL8367B_PKTGEN_PORT5_CTRL_CMD_START_OFFSET		OFFSET_SHIFT	0	0	919
B	RTL8367B_PKTGEN_PORT5_CTRL_CMD_START_MASK		MASK	0x1	1	920
B	RTL8367B_REG_TX_ERR_CNT_PORT5		REGISTER	0x00a2	162	922
B	RTL8367B_TX_ERR_CNT_PORT5_OFFSET		OFFSET_SHIFT	0	0	923
B	RTL8367B_TX_ERR_CNT_PORT5_MASK		MASK	0x7	7	924
B	RTL8367B_REG_PKTGEN_PORT5_DA0		REGISTER	0x00a3	163	926
B	RTL8367B_REG_PKTGEN_PORT5_DA1		REGISTER	0x00a4	164	928
B	RTL8367B_REG_PKTGEN_PORT5_DA2		REGISTER	0x00a5	165	930
B	RTL8367B_REG_PKTGEN_PORT5_SA0		REGISTER	0x00a6	166	932
B	RTL8367B_REG_PKTGEN_PORT5_SA1		REGISTER	0x00a7	167	934
B	RTL8367B_REG_PKTGEN_PORT5_SA2		REGISTER	0x00a8	168	936
B	RTL8367B_REG_PKTGEN_PORT5_COUNTER0		REGISTER	0x00a9	169	938
B	RTL8367B_REG_PKTGEN_PORT5_COUNTER1		REGISTER	0x00aa	170	940
B	RTL8367B_PKTGEN_PORT5_COUNTER1_OFFSET		OFFSET_SHIFT	0	0	941
B	RTL8367B_PKTGEN_PORT5_COUNTER1_MASK		MASK	0xFF	255	942
B	RTL8367B_REG_PKTGEN_PORT5_TX_LENGTH		REGISTER	0x00ab	171	944
B	RTL8367B_PKTGEN_PORT5_TX_LENGTH_OFFSET		OFFSET_SHIFT	0	0	945
B	RTL8367B_PKTGEN_PORT5_TX_LENGTH_MASK		MASK	0x3FFF	16383	946
B	RTL8367B_REG_PKTGEN_PORT5_MAX_LENGTH		REGISTER	0x00ac	172	948
B	RTL8367B_PKTGEN_PORT5_MAX_LENGTH_OFFSET		OFFSET_SHIFT	0	0	949
B	RTL8367B_PKTGEN_PORT5_MAX_LENGTH_MASK		MASK	0x3FFF	16383	950
B	RTL8367B_REG_PKTGEN_PORT5_TIMER		REGISTER	0x00ad	173	952
B	RTL8367B_PKTGEN_PORT5_TIMER_TIMER_OFFSET		OFFSET_SHIFT	4	4	953
B	RTL8367B_PKTGEN_PORT5_TIMER_TIMER_MASK		MASK	0xF0	240	954
B	RTL8367B_PKTGEN_PORT5_TIMER_RX_DMA_ERR_FLAG_OFFSET		OFFSET_SHIFT	3	3	955
B	RTL8367B_PKTGEN_PORT5_TIMER_RX_DMA_ERR_FLAG_MASK		MASK	0x8	8	956
B	RTL8367B_REG_PORT5_MISC_CFG		REGISTER	0x00ae	174	958
B	RTL8367B_PORT5_MISC_CFG_SMALL_TAG_IPG_OFFSET		OFFSET_SHIFT	15	15	959
B	RTL8367B_PORT5_MISC_CFG_SMALL_TAG_IPG_MASK		MASK	0x8000	32768	960
B	RTL8367B_PORT5_MISC_CFG_TX_ITFSP_MODE_OFFSET		OFFSET_SHIFT	14	14	961
B	RTL8367B_PORT5_MISC_CFG_TX_ITFSP_MODE_MASK		MASK	0x4000	16384	962
B	RTL8367B_PORT5_MISC_CFG_FLOWCTRL_INDEP_OFFSET		OFFSET_SHIFT	13	13	963
B	RTL8367B_PORT5_MISC_CFG_FLOWCTRL_INDEP_MASK		MASK	0x2000	8192	964
B	RTL8367B_PORT5_MISC_CFG_DOT1Q_REMARK_ENABLE_OFFSET		OFFSET_SHIFT	12	12	965
B	RTL8367B_PORT5_MISC_CFG_DOT1Q_REMARK_ENABLE_MASK		MASK	0x1000	4096	966
B	RTL8367B_PORT5_MISC_CFG_INGRESSBW_FLOWCTRL_OFFSET		OFFSET_SHIFT	11	11	967
B	RTL8367B_PORT5_MISC_CFG_INGRESSBW_FLOWCTRL_MASK		MASK	0x800	2048	968
B	RTL8367B_PORT5_MISC_CFG_INGRESSBW_IFG_OFFSET		OFFSET_SHIFT	10	10	969
B	RTL8367B_PORT5_MISC_CFG_INGRESSBW_IFG_MASK		MASK	0x400	1024	970
B	RTL8367B_PORT5_MISC_CFG_RX_SPC_OFFSET		OFFSET_SHIFT	9	9	971
B	RTL8367B_PORT5_MISC_CFG_RX_SPC_MASK		MASK	0x200	512	972
B	RTL8367B_PORT5_MISC_CFG_CRC_SKIP_OFFSET		OFFSET_SHIFT	8	8	973
B	RTL8367B_PORT5_MISC_CFG_CRC_SKIP_MASK		MASK	0x100	256	974
B	RTL8367B_PORT5_MISC_CFG_PKTGEN_TX_FIRST_OFFSET		OFFSET_SHIFT	7	7	975
B	RTL8367B_PORT5_MISC_CFG_PKTGEN_TX_FIRST_MASK		MASK	0x80	128	976
B	RTL8367B_PORT5_MISC_CFG_MAC_LOOPBACK_OFFSET		OFFSET_SHIFT	6	6	977
B	RTL8367B_PORT5_MISC_CFG_MAC_LOOPBACK_MASK		MASK	0x40	64	978
B	RTL8367B_PORT5_MISC_CFG_VLAN_EGRESS_MODE_OFFSET		OFFSET_SHIFT	4	4	979
B	RTL8367B_PORT5_MISC_CFG_VLAN_EGRESS_MODE_MASK		MASK	0x30	48	980
B	RTL8367B_PORT5_MISC_CFG_CONGESTION_SUSTAIN_TIME_OFFSET		OFFSET_SHIFT	0	0	981
B	RTL8367B_PORT5_MISC_CFG_CONGESTION_SUSTAIN_TIME_MASK		MASK	0xF	15	982
B	RTL8367B_REG_INGRESSBW_PORT5_RATE_CTRL0		REGISTER	0x00af	175	984
B	RTL8367B_REG_INGRESSBW_PORT5_RATE_CTRL1		REGISTER	0x00b0	176	986
B	RTL8367B_INGRESSBW_PORT5_RATE_CTRL1_DUMMY_OFFSET		OFFSET_SHIFT	1	1	987
B	RTL8367B_INGRESSBW_PORT5_RATE_CTRL1_DUMMY_MASK		MASK	0xFFFE	65534	988
B	RTL8367B_INGRESSBW_PORT5_RATE_CTRL1_INGRESSBW_RATE16_OFFSET		OFFSET_SHIFT	0	0	989
B	RTL8367B_INGRESSBW_PORT5_RATE_CTRL1_INGRESSBW_RATE16_MASK		MASK	0x1	1	990
B	RTL8367B_REG_PORT5_FORCE_RATE0		REGISTER	0x00b1	177	992
B	RTL8367B_REG_PORT5_FORCE_RATE1		REGISTER	0x00b2	178	994
B	RTL8367B_REG_PORT5_CURENT_RATE0		REGISTER	0x00b3	179	996
B	RTL8367B_REG_PORT5_CURENT_RATE1		REGISTER	0x00b4	180	998
B	RTL8367B_REG_PORT5_PAGE_COUNTER		REGISTER	0x00b5	181	1000
B	RTL8367B_PORT5_PAGE_COUNTER_OFFSET		OFFSET_SHIFT	0	0	1001
B	RTL8367B_PORT5_PAGE_COUNTER_MASK		MASK	0x7F	127	1002
B	RTL8367B_REG_PAGEMETER_PORT5_CTRL0		REGISTER	0x00b6	182	1004
B	RTL8367B_REG_PAGEMETER_PORT5_CTRL1		REGISTER	0x00b7	183	1006
B	RTL8367B_PAGEMETER_PORT5_CTRL1_OFFSET		OFFSET_SHIFT	0	0	1007
B	RTL8367B_PAGEMETER_PORT5_CTRL1_MASK		MASK	0x1F	31	1008
B	RTL8367B_REG_PORT5_EEECFG		REGISTER	0x00b8	184	1010
B	RTL8367B_PORT5_EEECFG_EEEP_ENABLE_TX_OFFSET		OFFSET_SHIFT	14	14	1011
B	RTL8367B_PORT5_EEECFG_EEEP_ENABLE_TX_MASK		MASK	0x4000	16384	1012
B	RTL8367B_PORT5_EEECFG_EEEP_ENABLE_RX_OFFSET		OFFSET_SHIFT	13	13	1013
B	RTL8367B_PORT5_EEECFG_EEEP_ENABLE_RX_MASK		MASK	0x2000	8192	1014
B	RTL8367B_PORT5_EEECFG_EEE_FORCE_OFFSET		OFFSET_SHIFT	12	12	1015
B	RTL8367B_PORT5_EEECFG_EEE_FORCE_MASK		MASK	0x1000	4096	1016
B	RTL8367B_PORT5_EEECFG_EEE_100M_OFFSET		OFFSET_SHIFT	11	11	1017
B	RTL8367B_PORT5_EEECFG_EEE_100M_MASK		MASK	0x800	2048	1018
B	RTL8367B_PORT5_EEECFG_EEE_GIGA_OFFSET		OFFSET_SHIFT	10	10	1019
B	RTL8367B_PORT5_EEECFG_EEE_GIGA_MASK		MASK	0x400	1024	1020
B	RTL8367B_PORT5_EEECFG_EEE_TX_OFFSET		OFFSET_SHIFT	9	9	1021
B	RTL8367B_PORT5_EEECFG_EEE_TX_MASK		MASK	0x200	512	1022
B	RTL8367B_PORT5_EEECFG_EEE_RX_OFFSET		OFFSET_SHIFT	8	8	1023
B	RTL8367B_PORT5_EEECFG_EEE_RX_MASK		MASK	0x100	256	1024
B	RTL8367B_PORT5_EEECFG_EEE_DSP_RX_OFFSET		OFFSET_SHIFT	6	6	1025
B	RTL8367B_PORT5_EEECFG_EEE_DSP_RX_MASK		MASK	0x40	64	1026
B	RTL8367B_PORT5_EEECFG_EEE_LPI_OFFSET		OFFSET_SHIFT	5	5	1027
B	RTL8367B_PORT5_EEECFG_EEE_LPI_MASK		MASK	0x20	32	1028
B	RTL8367B_PORT5_EEECFG_EEE_TX_LPI_OFFSET		OFFSET_SHIFT	4	4	1029
B	RTL8367B_PORT5_EEECFG_EEE_TX_LPI_MASK		MASK	0x10	16	1030
B	RTL8367B_PORT5_EEECFG_EEE_RX_LPI_OFFSET		OFFSET_SHIFT	3	3	1031
B	RTL8367B_PORT5_EEECFG_EEE_RX_LPI_MASK		MASK	0x8	8	1032
B	RTL8367B_PORT5_EEECFG_EEE_PAUSE_INDICATOR_OFFSET		OFFSET_SHIFT	2	2	1033
B	RTL8367B_PORT5_EEECFG_EEE_PAUSE_INDICATOR_MASK		MASK	0x4	4	1034
B	RTL8367B_PORT5_EEECFG_EEE_WAKE_REQ_OFFSET		OFFSET_SHIFT	1	1	1035
B	RTL8367B_PORT5_EEECFG_EEE_WAKE_REQ_MASK		MASK	0x2	2	1036
B	RTL8367B_PORT5_EEECFG_EEE_SLEEP_REQ_OFFSET		OFFSET_SHIFT	0	0	1037
B	RTL8367B_PORT5_EEECFG_EEE_SLEEP_REQ_MASK		MASK	0x1	1	1038
B	RTL8367B_REG_PORT5_EEETXMTR		REGISTER	0x00b9	185	1040
B	RTL8367B_REG_PORT5_EEERXMTR		REGISTER	0x00ba	186	1042
B	RTL8367B_REG_PORT5_EEEPTXMTR		REGISTER	0x00bb	187	1044
B	RTL8367B_REG_PORT5_EEEPRXMTR		REGISTER	0x00bc	188	1046
B	RTL8367B_REG_PTP_PORT5_CFG0		REGISTER	0x00bd	189	1048
B	RTL8367B_REG_PTP_PORT5_CFG1		REGISTER	0x00be	190	1050
B	RTL8367B_PTP_PORT5_CFG1_TIME_TS_SECOND_OFFSET		OFFSET_SHIFT	8	8	1051
B	RTL8367B_PTP_PORT5_CFG1_TIME_TS_SECOND_MASK		MASK	0xFF00	65280	1052
B	RTL8367B_PTP_PORT5_CFG1_TIME_SYNC_EN_OFFSET		OFFSET_SHIFT	7	7	1053
B	RTL8367B_PTP_PORT5_CFG1_TIME_SYNC_EN_MASK		MASK	0x80	128	1054
B	RTL8367B_PTP_PORT5_CFG1_TIME_SYNC_TX_TS_FILL_EN_OFFSET		OFFSET_SHIFT	6	6	1055
B	RTL8367B_PTP_PORT5_CFG1_TIME_SYNC_TX_TS_FILL_EN_MASK		MASK	0x40	64	1056
B	RTL8367B_PTP_PORT5_CFG1_EGRESS_TS_VALID_OFFSET		OFFSET_SHIFT	5	5	1057
B	RTL8367B_PTP_PORT5_CFG1_EGRESS_TS_VALID_MASK		MASK	0x20	32	1058
B	RTL8367B_PTP_PORT5_CFG1_EGRESS_TS_512NS_OFFSET		OFFSET_SHIFT	0	0	1059
B	RTL8367B_PTP_PORT5_CFG1_EGRESS_TS_512NS_MASK		MASK	0x1F	31	1060
B	RTL8367B_REG_P5_MSIC1		REGISTER	0x00bf	191	1062
B	RTL8367B_P5_MSIC1_OFFSET		OFFSET_SHIFT	0	0	1063
B	RTL8367B_P5_MSIC1_MASK		MASK	0x1	1	1064
B	RTL8367B_REG_PKTGEN_PORT6_CTRL		REGISTER	0x00c1	193	1066
B	RTL8367B_PKTGEN_PORT6_CTRL_STATUS_OFFSET		OFFSET_SHIFT	15	15	1067
B	RTL8367B_PKTGEN_PORT6_CTRL_STATUS_MASK		MASK	0x8000	32768	1068
B	RTL8367B_PKTGEN_PORT6_CTRL_PKTGEN_STS_OFFSET		OFFSET_SHIFT	13	13	1069
B	RTL8367B_PKTGEN_PORT6_CTRL_PKTGEN_STS_MASK		MASK	0x2000	8192	1070
B	RTL8367B_PKTGEN_PORT6_CTRL_PKTGEN_SUSPEND_OFFSET		OFFSET_SHIFT	12	12	1071
B	RTL8367B_PKTGEN_PORT6_CTRL_PKTGEN_SUSPEND_MASK		MASK	0x1000	4096	1072
B	RTL8367B_PKTGEN_PORT6_CTRL_PKTGEN_LENGTH_FIELD_SEL_OFFSET		OFFSET_SHIFT	11	11	1073
B	RTL8367B_PKTGEN_PORT6_CTRL_PKTGEN_LENGTH_FIELD_SEL_MASK		MASK	0x800	2048	1074
B	RTL8367B_PKTGEN_PORT6_CTRL_RANDOM_LENTH_OFFSET		OFFSET_SHIFT	10	10	1075
B	RTL8367B_PKTGEN_PORT6_CTRL_RANDOM_LENTH_MASK		MASK	0x400	1024	1076
B	RTL8367B_PKTGEN_PORT6_CTRL_ENABLED_OFFSET		OFFSET_SHIFT	9	9	1077
B	RTL8367B_PKTGEN_PORT6_CTRL_ENABLED_MASK		MASK	0x200	512	1078
B	RTL8367B_PKTGEN_PORT6_CTRL_INC_BC_OFFSET		OFFSET_SHIFT	8	8	1079
B	RTL8367B_PKTGEN_PORT6_CTRL_INC_BC_MASK		MASK	0x100	256	1080
B	RTL8367B_PKTGEN_PORT6_CTRL_INC_SA_OFFSET		OFFSET_SHIFT	7	7	1081
B	RTL8367B_PKTGEN_PORT6_CTRL_INC_SA_MASK		MASK	0x80	128	1082
B	RTL8367B_PKTGEN_PORT6_CTRL_INC_DA_OFFSET		OFFSET_SHIFT	6	6	1083
B	RTL8367B_PKTGEN_PORT6_CTRL_INC_DA_MASK		MASK	0x40	64	1084
B	RTL8367B_PKTGEN_PORT6_CTRL_RANDOM_OFFSET		OFFSET_SHIFT	5	5	1085
B	RTL8367B_PKTGEN_PORT6_CTRL_RANDOM_MASK		MASK	0x20	32	1086
B	RTL8367B_PKTGEN_PORT6_CTRL_CRC_NO_ERROR_OFFSET		OFFSET_SHIFT	4	4	1087
B	RTL8367B_PKTGEN_PORT6_CTRL_CRC_NO_ERROR_MASK		MASK	0x10	16	1088
B	RTL8367B_PKTGEN_PORT6_CTRL_CMD_STOP_OFFSET		OFFSET_SHIFT	3	3	1089
B	RTL8367B_PKTGEN_PORT6_CTRL_CMD_STOP_MASK		MASK	0x8	8	1090
B	RTL8367B_PKTGEN_PORT6_CTRL_CONTINUE_MODE_OFFSET		OFFSET_SHIFT	2	2	1091
B	RTL8367B_PKTGEN_PORT6_CTRL_CONTINUE_MODE_MASK		MASK	0x4	4	1092
B	RTL8367B_PKTGEN_PORT6_CTRL_PAUSE_MODE_OFFSET		OFFSET_SHIFT	1	1	1093
B	RTL8367B_PKTGEN_PORT6_CTRL_PAUSE_MODE_MASK		MASK	0x2	2	1094
B	RTL8367B_PKTGEN_PORT6_CTRL_CMD_START_OFFSET		OFFSET_SHIFT	0	0	1095
B	RTL8367B_PKTGEN_PORT6_CTRL_CMD_START_MASK		MASK	0x1	1	1096
B	RTL8367B_REG_TX_ERR_CNT_PORT6		REGISTER	0x00c2	194	1098
B	RTL8367B_TX_ERR_CNT_PORT6_OFFSET		OFFSET_SHIFT	0	0	1099
B	RTL8367B_TX_ERR_CNT_PORT6_MASK		MASK	0x7	7	1100
B	RTL8367B_REG_PKTGEN_PORT6_DA0		REGISTER	0x00c3	195	1102
B	RTL8367B_REG_PKTGEN_PORT6_DA1		REGISTER	0x00c4	196	1104
B	RTL8367B_REG_PKTGEN_PORT6_DA2		REGISTER	0x00c5	197	1106
B	RTL8367B_REG_PKTGEN_PORT6_SA0		REGISTER	0x00c6	198	1108
B	RTL8367B_REG_PKTGEN_PORT6_SA1		REGISTER	0x00c7	199	1110
B	RTL8367B_REG_PKTGEN_PORT6_SA2		REGISTER	0x00c8	200	1112
B	RTL8367B_REG_PKTGEN_PORT6_COUNTER0		REGISTER	0x00c9	201	1114
B	RTL8367B_REG_PKTGEN_PORT6_COUNTER1		REGISTER	0x00ca	202	1116
B	RTL8367B_PKTGEN_PORT6_COUNTER1_OFFSET		OFFSET_SHIFT	0	0	1117
B	RTL8367B_PKTGEN_PORT6_COUNTER1_MASK		MASK	0xFF	255	1118
B	RTL8367B_REG_PKTGEN_PORT6_TX_LENGTH		REGISTER	0x00cb	203	1120
B	RTL8367B_PKTGEN_PORT6_TX_LENGTH_OFFSET		OFFSET_SHIFT	0	0	1121
B	RTL8367B_PKTGEN_PORT6_TX_LENGTH_MASK		MASK	0x3FFF	16383	1122
B	RTL8367B_REG_PKTGEN_PORT6_MAX_LENGTH		REGISTER	0x00cc	204	1124
B	RTL8367B_PKTGEN_PORT6_MAX_LENGTH_OFFSET		OFFSET_SHIFT	0	0	1125
B	RTL8367B_PKTGEN_PORT6_MAX_LENGTH_MASK		MASK	0x3FFF	16383	1126
B	RTL8367B_REG_PKTGEN_PORT6_TIMER		REGISTER	0x00cd	205	1128
B	RTL8367B_PKTGEN_PORT6_TIMER_TIMER_OFFSET		OFFSET_SHIFT	4	4	1129
B	RTL8367B_PKTGEN_PORT6_TIMER_TIMER_MASK		MASK	0xF0	240	1130
B	RTL8367B_PKTGEN_PORT6_TIMER_RX_DMA_ERR_FLAG_OFFSET		OFFSET_SHIFT	3	3	1131
B	RTL8367B_PKTGEN_PORT6_TIMER_RX_DMA_ERR_FLAG_MASK		MASK	0x8	8	1132
B	RTL8367B_REG_PORT6_MISC_CFG		REGISTER	0x00ce	206	1134
B	RTL8367B_PORT6_MISC_CFG_SMALL_TAG_IPG_OFFSET		OFFSET_SHIFT	15	15	1135
B	RTL8367B_PORT6_MISC_CFG_SMALL_TAG_IPG_MASK		MASK	0x8000	32768	1136
B	RTL8367B_PORT6_MISC_CFG_TX_ITFSP_MODE_OFFSET		OFFSET_SHIFT	14	14	1137
B	RTL8367B_PORT6_MISC_CFG_TX_ITFSP_MODE_MASK		MASK	0x4000	16384	1138
B	RTL8367B_PORT6_MISC_CFG_FLOWCTRL_INDEP_OFFSET		OFFSET_SHIFT	13	13	1139
B	RTL8367B_PORT6_MISC_CFG_FLOWCTRL_INDEP_MASK		MASK	0x2000	8192	1140
B	RTL8367B_PORT6_MISC_CFG_DOT1Q_REMARK_ENABLE_OFFSET		OFFSET_SHIFT	12	12	1141
B	RTL8367B_PORT6_MISC_CFG_DOT1Q_REMARK_ENABLE_MASK		MASK	0x1000	4096	1142
B	RTL8367B_PORT6_MISC_CFG_INGRESSBW_FLOWCTRL_OFFSET		OFFSET_SHIFT	11	11	1143
B	RTL8367B_PORT6_MISC_CFG_INGRESSBW_FLOWCTRL_MASK		MASK	0x800	2048	1144
B	RTL8367B_PORT6_MISC_CFG_INGRESSBW_IFG_OFFSET		OFFSET_SHIFT	10	10	1145
B	RTL8367B_PORT6_MISC_CFG_INGRESSBW_IFG_MASK		MASK	0x400	1024	1146
B	RTL8367B_PORT6_MISC_CFG_RX_SPC_OFFSET		OFFSET_SHIFT	9	9	1147
B	RTL8367B_PORT6_MISC_CFG_RX_SPC_MASK		MASK	0x200	512	1148
B	RTL8367B_PORT6_MISC_CFG_CRC_SKIP_OFFSET		OFFSET_SHIFT	8	8	1149
B	RTL8367B_PORT6_MISC_CFG_CRC_SKIP_MASK		MASK	0x100	256	1150
B	RTL8367B_PORT6_MISC_CFG_PKTGEN_TX_FIRST_OFFSET		OFFSET_SHIFT	7	7	1151
B	RTL8367B_PORT6_MISC_CFG_PKTGEN_TX_FIRST_MASK		MASK	0x80	128	1152
B	RTL8367B_PORT6_MISC_CFG_MAC_LOOPBACK_OFFSET		OFFSET_SHIFT	6	6	1153
B	RTL8367B_PORT6_MISC_CFG_MAC_LOOPBACK_MASK		MASK	0x40	64	1154
B	RTL8367B_PORT6_MISC_CFG_VLAN_EGRESS_MODE_OFFSET		OFFSET_SHIFT	4	4	1155
B	RTL8367B_PORT6_MISC_CFG_VLAN_EGRESS_MODE_MASK		MASK	0x30	48	1156
B	RTL8367B_PORT6_MISC_CFG_CONGESTION_SUSTAIN_TIME_OFFSET		OFFSET_SHIFT	0	0	1157
B	RTL8367B_PORT6_MISC_CFG_CONGESTION_SUSTAIN_TIME_MASK		MASK	0xF	15	1158
B	RTL8367B_REG_INGRESSBW_PORT6_RATE_CTRL0		REGISTER	0x00cf	207	1160
B	RTL8367B_REG_INGRESSBW_PORT6_RATE_CTRL1		REGISTER	0x00d0	208	1162
B	RTL8367B_INGRESSBW_PORT6_RATE_CTRL1_DUMMY_OFFSET		OFFSET_SHIFT	1	1	1163
B	RTL8367B_INGRESSBW_PORT6_RATE_CTRL1_DUMMY_MASK		MASK	0xFFFE	65534	1164
B	RTL8367B_INGRESSBW_PORT6_RATE_CTRL1_INGRESSBW_RATE16_OFFSET		OFFSET_SHIFT	0	0	1165
B	RTL8367B_INGRESSBW_PORT6_RATE_CTRL1_INGRESSBW_RATE16_MASK		MASK	0x1	1	1166
B	RTL8367B_REG_PORT6_FORCE_RATE0		REGISTER	0x00d1	209	1168
B	RTL8367B_REG_PORT6_FORCE_RATE1		REGISTER	0x00d2	210	1170
B	RTL8367B_REG_PORT6_CURENT_RATE0		REGISTER	0x00d3	211	1172
B	RTL8367B_REG_PORT6_CURENT_RATE1		REGISTER	0x00d4	212	1174
B	RTL8367B_REG_PORT6_PAGE_COUNTER		REGISTER	0x00d5	213	1176
B	RTL8367B_PORT6_PAGE_COUNTER_OFFSET		OFFSET_SHIFT	0	0	1177
B	RTL8367B_PORT6_PAGE_COUNTER_MASK		MASK	0x7F	127	1178
B	RTL8367B_REG_PAGEMETER_PORT6_CTRL0		REGISTER	0x00d6	214	1180
B	RTL8367B_REG_PAGEMETER_PORT6_CTRL1		REGISTER	0x00d7	215	1182
B	RTL8367B_PAGEMETER_PORT6_CTRL1_OFFSET		OFFSET_SHIFT	0	0	1183
B	RTL8367B_PAGEMETER_PORT6_CTRL1_MASK		MASK	0x1F	31	1184
B	RTL8367B_REG_PORT6_EEECFG		REGISTER	0x00d8	216	1186
B	RTL8367B_PORT6_EEECFG_EEEP_ENABLE_TX_OFFSET		OFFSET_SHIFT	14	14	1187
B	RTL8367B_PORT6_EEECFG_EEEP_ENABLE_TX_MASK		MASK	0x4000	16384	1188
B	RTL8367B_PORT6_EEECFG_EEEP_ENABLE_RX_OFFSET		OFFSET_SHIFT	13	13	1189
B	RTL8367B_PORT6_EEECFG_EEEP_ENABLE_RX_MASK		MASK	0x2000	8192	1190
B	RTL8367B_PORT6_EEECFG_EEE_FORCE_OFFSET		OFFSET_SHIFT	12	12	1191
B	RTL8367B_PORT6_EEECFG_EEE_FORCE_MASK		MASK	0x1000	4096	1192
B	RTL8367B_PORT6_EEECFG_EEE_100M_OFFSET		OFFSET_SHIFT	11	11	1193
B	RTL8367B_PORT6_EEECFG_EEE_100M_MASK		MASK	0x800	2048	1194
B	RTL8367B_PORT6_EEECFG_EEE_GIGA_OFFSET		OFFSET_SHIFT	10	10	1195
B	RTL8367B_PORT6_EEECFG_EEE_GIGA_MASK		MASK	0x400	1024	1196
B	RTL8367B_PORT6_EEECFG_EEE_TX_OFFSET		OFFSET_SHIFT	9	9	1197
B	RTL8367B_PORT6_EEECFG_EEE_TX_MASK		MASK	0x200	512	1198
B	RTL8367B_PORT6_EEECFG_EEE_RX_OFFSET		OFFSET_SHIFT	8	8	1199
B	RTL8367B_PORT6_EEECFG_EEE_RX_MASK		MASK	0x100	256	1200
B	RTL8367B_PORT6_EEECFG_EEE_DSP_RX_OFFSET		OFFSET_SHIFT	6	6	1201
B	RTL8367B_PORT6_EEECFG_EEE_DSP_RX_MASK		MASK	0x40	64	1202
B	RTL8367B_PORT6_EEECFG_EEE_LPI_OFFSET		OFFSET_SHIFT	5	5	1203
B	RTL8367B_PORT6_EEECFG_EEE_LPI_MASK		MASK	0x20	32	1204
B	RTL8367B_PORT6_EEECFG_EEE_TX_LPI_OFFSET		OFFSET_SHIFT	4	4	1205
B	RTL8367B_PORT6_EEECFG_EEE_TX_LPI_MASK		MASK	0x10	16	1206
B	RTL8367B_PORT6_EEECFG_EEE_RX_LPI_OFFSET		OFFSET_SHIFT	3	3	1207
B	RTL8367B_PORT6_EEECFG_EEE_RX_LPI_MASK		MASK	0x8	8	1208
B	RTL8367B_PORT6_EEECFG_EEE_PAUSE_INDICATOR_OFFSET		OFFSET_SHIFT	2	2	1209
B	RTL8367B_PORT6_EEECFG_EEE_PAUSE_INDICATOR_MASK		MASK	0x4	4	1210
B	RTL8367B_PORT6_EEECFG_EEE_WAKE_REQ_OFFSET		OFFSET_SHIFT	1	1	1211
B	RTL8367B_PORT6_EEECFG_EEE_WAKE_REQ_MASK		MASK	0x2	2	1212
B	RTL8367B_PORT6_EEECFG_EEE_SLEEP_REQ_OFFSET		OFFSET_SHIFT	0	0	1213
B	RTL8367B_PORT6_EEECFG_EEE_SLEEP_REQ_MASK		MASK	0x1	1	1214
B	RTL8367B_REG_PORT6_EEETXMTR		REGISTER	0x00d9	217	1216
B	RTL8367B_REG_PORT6_EEERXMTR		REGISTER	0x00da	218	1218
B	RTL8367B_REG_PORT6_EEEPTXMTR		REGISTER	0x00db	219	1220
B	RTL8367B_REG_PORT6_EEEPRXMTR		REGISTER	0x00dc	220	1222
B	RTL8367B_REG_PTP_PORT6_CFG0		REGISTER	0x00dd	221	1224
B	RTL8367B_REG_PTP_PORT6_CFG1		REGISTER	0x00de	222	1226
B	RTL8367B_PTP_PORT6_CFG1_TIME_TS_SECOND_OFFSET		OFFSET_SHIFT	8	8	1227
B	RTL8367B_PTP_PORT6_CFG1_TIME_TS_SECOND_MASK		MASK	0xFF00	65280	1228
B	RTL8367B_PTP_PORT6_CFG1_TIME_SYNC_EN_OFFSET		OFFSET_SHIFT	7	7	1229
B	RTL8367B_PTP_PORT6_CFG1_TIME_SYNC_EN_MASK		MASK	0x80	128	1230
B	RTL8367B_PTP_PORT6_CFG1_TIME_SYNC_TX_TS_FILL_EN_OFFSET		OFFSET_SHIFT	6	6	1231
B	RTL8367B_PTP_PORT6_CFG1_TIME_SYNC_TX_TS_FILL_EN_MASK		MASK	0x40	64	1232
B	RTL8367B_PTP_PORT6_CFG1_EGRESS_TS_VALID_OFFSET		OFFSET_SHIFT	5	5	1233
B	RTL8367B_PTP_PORT6_CFG1_EGRESS_TS_VALID_MASK		MASK	0x20	32	1234
B	RTL8367B_PTP_PORT6_CFG1_EGRESS_TS_512NS_OFFSET		OFFSET_SHIFT	0	0	1235
B	RTL8367B_PTP_PORT6_CFG1_EGRESS_TS_512NS_MASK		MASK	0x1F	31	1236
B	RTL8367B_REG_P6_MSIC1		REGISTER	0x00df	223	1238
B	RTL8367B_P6_MSIC1_OFFSET		OFFSET_SHIFT	0	0	1239
B	RTL8367B_P6_MSIC1_MASK		MASK	0x1	1	1240
B	RTL8367B_REG_PKTGEN_PORT7_CTRL		REGISTER	0x00e1	225	1242
B	RTL8367B_PKTGEN_PORT7_CTRL_STATUS_OFFSET		OFFSET_SHIFT	15	15	1243
B	RTL8367B_PKTGEN_PORT7_CTRL_STATUS_MASK		MASK	0x8000	32768	1244
B	RTL8367B_PKTGEN_PORT7_CTRL_PKTGEN_STS_OFFSET		OFFSET_SHIFT	13	13	1245
B	RTL8367B_PKTGEN_PORT7_CTRL_PKTGEN_STS_MASK		MASK	0x2000	8192	1246
B	RTL8367B_PKTGEN_PORT7_CTRL_PKTGEN_SUSPEND_OFFSET		OFFSET_SHIFT	12	12	1247
B	RTL8367B_PKTGEN_PORT7_CTRL_PKTGEN_SUSPEND_MASK		MASK	0x1000	4096	1248
B	RTL8367B_PKTGEN_PORT7_CTRL_PKTGEN_LENGTH_FIELD_SEL_OFFSET		OFFSET_SHIFT	11	11	1249
B	RTL8367B_PKTGEN_PORT7_CTRL_PKTGEN_LENGTH_FIELD_SEL_MASK		MASK	0x800	2048	1250
B	RTL8367B_PKTGEN_PORT7_CTRL_RANDOM_LENTH_OFFSET		OFFSET_SHIFT	10	10	1251
B	RTL8367B_PKTGEN_PORT7_CTRL_RANDOM_LENTH_MASK		MASK	0x400	1024	1252
B	RTL8367B_PKTGEN_PORT7_CTRL_ENABLED_OFFSET		OFFSET_SHIFT	9	9	1253
B	RTL8367B_PKTGEN_PORT7_CTRL_ENABLED_MASK		MASK	0x200	512	1254
B	RTL8367B_PKTGEN_PORT7_CTRL_INC_BC_OFFSET		OFFSET_SHIFT	8	8	1255
B	RTL8367B_PKTGEN_PORT7_CTRL_INC_BC_MASK		MASK	0x100	256	1256
B	RTL8367B_PKTGEN_PORT7_CTRL_INC_SA_OFFSET		OFFSET_SHIFT	7	7	1257
B	RTL8367B_PKTGEN_PORT7_CTRL_INC_SA_MASK		MASK	0x80	128	1258
B	RTL8367B_PKTGEN_PORT7_CTRL_INC_DA_OFFSET		OFFSET_SHIFT	6	6	1259
B	RTL8367B_PKTGEN_PORT7_CTRL_INC_DA_MASK		MASK	0x40	64	1260
B	RTL8367B_PKTGEN_PORT7_CTRL_RANDOM_OFFSET		OFFSET_SHIFT	5	5	1261
B	RTL8367B_PKTGEN_PORT7_CTRL_RANDOM_MASK		MASK	0x20	32	1262
B	RTL8367B_PKTGEN_PORT7_CTRL_CRC_NO_ERROR_OFFSET		OFFSET_SHIFT	4	4	1263
B	RTL8367B_PKTGEN_PORT7_CTRL_CRC_NO_ERROR_MASK		MASK	0x10	16	1264
B	RTL8367B_PKTGEN_PORT7_CTRL_CMD_STOP_OFFSET		OFFSET_SHIFT	3	3	1265
B	RTL8367B_PKTGEN_PORT7_CTRL_CMD_STOP_MASK		MASK	0x8	8	1266
B	RTL8367B_PKTGEN_PORT7_CTRL_CONTINUE_MODE_OFFSET		OFFSET_SHIFT	2	2	1267
B	RTL8367B_PKTGEN_PORT7_CTRL_CONTINUE_MODE_MASK		MASK	0x4	4	1268
B	RTL8367B_PKTGEN_PORT7_CTRL_PAUSE_MODE_OFFSET		OFFSET_SHIFT	1	1	1269
B	RTL8367B_PKTGEN_PORT7_CTRL_PAUSE_MODE_MASK		MASK	0x2	2	1270
B	RTL8367B_PKTGEN_PORT7_CTRL_CMD_START_OFFSET		OFFSET_SHIFT	0	0	1271
B	RTL8367B_PKTGEN_PORT7_CTRL_CMD_START_MASK		MASK	0x1	1	1272
B	RTL8367B_REG_TX_ERR_CNT_PORT7		REGISTER	0x00e2	226	1274
B	RTL8367B_TX_ERR_CNT_PORT7_OFFSET		OFFSET_SHIFT	0	0	1275
B	RTL8367B_TX_ERR_CNT_PORT7_MASK		MASK	0x7	7	1276
B	RTL8367B_REG_PKTGEN_PORT7_DA0		REGISTER	0x00e3	227	1278
B	RTL8367B_REG_PKTGEN_PORT7_DA1		REGISTER	0x00e4	228	1280
B	RTL8367B_REG_PKTGEN_PORT7_DA2		REGISTER	0x00e5	229	1282
B	RTL8367B_REG_PKTGEN_PORT7_SA0		REGISTER	0x00e6	230	1284
B	RTL8367B_REG_PKTGEN_PORT7_SA1		REGISTER	0x00e7	231	1286
B	RTL8367B_REG_PKTGEN_PORT7_SA2		REGISTER	0x00e8	232	1288
B	RTL8367B_REG_PKTGEN_PORT7_COUNTER0		REGISTER	0x00e9	233	1290
B	RTL8367B_REG_PKTGEN_PORT7_COUNTER1		REGISTER	0x00ea	234	1292
B	RTL8367B_PKTGEN_PORT7_COUNTER1_OFFSET		OFFSET_SHIFT	0	0	1293
B	RTL8367B_PKTGEN_PORT7_COUNTER1_MASK		MASK	0xFF	255	1294
B	RTL8367B_REG_PKTGEN_PORT7_TX_LENGTH		REGISTER	0x00eb	235	1296
B	RTL8367B_PKTGEN_PORT7_TX_LENGTH_OFFSET		OFFSET_SHIFT	0	0	1297
B	RTL8367B_PKTGEN_PORT7_TX_LENGTH_MASK		MASK	0x3FFF	16383	1298
B	RTL8367B_REG_PKTGEN_PORT7_MAX_LENGTH		REGISTER	0x00ec	236	1300
B	RTL8367B_PKTGEN_PORT7_MAX_LENGTH_OFFSET		OFFSET_SHIFT	0	0	1301
B	RTL8367B_PKTGEN_PORT7_MAX_LENGTH_MASK		MASK	0x3FFF	16383	1302
B	RTL8367B_REG_PKTGEN_PORT7_TIMER		REGISTER	0x00ed	237	1304
B	RTL8367B_PKTGEN_PORT7_TIMER_TIMER_OFFSET		OFFSET_SHIFT	4	4	1305
B	RTL8367B_PKTGEN_PORT7_TIMER_TIMER_MASK		MASK	0xF0	240	1306
B	RTL8367B_PKTGEN_PORT7_TIMER_RX_DMA_ERR_FLAG_OFFSET		OFFSET_SHIFT	3	3	1307
B	RTL8367B_PKTGEN_PORT7_TIMER_RX_DMA_ERR_FLAG_MASK		MASK	0x8	8	1308
B	RTL8367B_REG_PORT7_MISC_CFG		REGISTER	0x00ee	238	1310
B	RTL8367B_PORT7_MISC_CFG_SMALL_TAG_IPG_OFFSET		OFFSET_SHIFT	15	15	1311
B	RTL8367B_PORT7_MISC_CFG_SMALL_TAG_IPG_MASK		MASK	0x8000	32768	1312
B	RTL8367B_PORT7_MISC_CFG_TX_ITFSP_MODE_OFFSET		OFFSET_SHIFT	14	14	1313
B	RTL8367B_PORT7_MISC_CFG_TX_ITFSP_MODE_MASK		MASK	0x4000	16384	1314
B	RTL8367B_PORT7_MISC_CFG_FLOWCTRL_INDEP_OFFSET		OFFSET_SHIFT	13	13	1315
B	RTL8367B_PORT7_MISC_CFG_FLOWCTRL_INDEP_MASK		MASK	0x2000	8192	1316
B	RTL8367B_PORT7_MISC_CFG_DOT1Q_REMARK_ENABLE_OFFSET		OFFSET_SHIFT	12	12	1317
B	RTL8367B_PORT7_MISC_CFG_DOT1Q_REMARK_ENABLE_MASK		MASK	0x1000	4096	1318
B	RTL8367B_PORT7_MISC_CFG_INGRESSBW_FLOWCTRL_OFFSET		OFFSET_SHIFT	11	11	1319
B	RTL8367B_PORT7_MISC_CFG_INGRESSBW_FLOWCTRL_MASK		MASK	0x800	2048	1320
B	RTL8367B_PORT7_MISC_CFG_INGRESSBW_IFG_OFFSET		OFFSET_SHIFT	10	10	1321
B	RTL8367B_PORT7_MISC_CFG_INGRESSBW_IFG_MASK		MASK	0x400	1024	1322
B	RTL8367B_PORT7_MISC_CFG_RX_SPC_OFFSET		OFFSET_SHIFT	9	9	1323
B	RTL8367B_PORT7_MISC_CFG_RX_SPC_MASK		MASK	0x200	512	1324
B	RTL8367B_PORT7_MISC_CFG_CRC_SKIP_OFFSET		OFFSET_SHIFT	8	8	1325
B	RTL8367B_PORT7_MISC_CFG_CRC_SKIP_MASK		MASK	0x100	256	1326
B	RTL8367B_PORT7_MISC_CFG_PKTGEN_TX_FIRST_OFFSET		OFFSET_SHIFT	7	7	1327
B	RTL8367B_PORT7_MISC_CFG_PKTGEN_TX_FIRST_MASK		MASK	0x80	128	1328
B	RTL8367B_PORT7_MISC_CFG_MAC_LOOPBACK_OFFSET		OFFSET_SHIFT	6	6	1329
B	RTL8367B_PORT7_MISC_CFG_MAC_LOOPBACK_MASK		MASK	0x40	64	1330
B	RTL8367B_PORT7_MISC_CFG_VLAN_EGRESS_MODE_OFFSET		OFFSET_SHIFT	4	4	1331
B	RTL8367B_PORT7_MISC_CFG_VLAN_EGRESS_MODE_MASK		MASK	0x30	48	1332
B	RTL8367B_PORT7_MISC_CFG_CONGESTION_SUSTAIN_TIME_OFFSET		OFFSET_SHIFT	0	0	1333
B	RTL8367B_PORT7_MISC_CFG_CONGESTION_SUSTAIN_TIME_MASK		MASK	0xF	15	1334
B	RTL8367B_REG_INGRESSBW_PORT7_RATE_CTRL0		REGISTER	0x00ef	239	1336
B	RTL8367B_REG_INGRESSBW_PORT7_RATE_CTRL1		REGISTER	0x00f0	240	1338
B	RTL8367B_INGRESSBW_PORT7_RATE_CTRL1_DUMMY_OFFSET		OFFSET_SHIFT	1	1	1339
B	RTL8367B_INGRESSBW_PORT7_RATE_CTRL1_DUMMY_MASK		MASK	0xFFFE	65534	1340
B	RTL8367B_INGRESSBW_PORT7_RATE_CTRL1_INGRESSBW_RATE16_OFFSET		OFFSET_SHIFT	0	0	1341
B	RTL8367B_INGRESSBW_PORT7_RATE_CTRL1_INGRESSBW_RATE16_MASK		MASK	0x1	1	1342
B	RTL8367B_REG_PORT7_FORCE_RATE0		REGISTER	0x00f1	241	1344
B	RTL8367B_REG_PORT7_FORCE_RATE1		REGISTER	0x00f2	242	1346
B	RTL8367B_REG_PORT7_CURENT_RATE0		REGISTER	0x00f3	243	1348
B	RTL8367B_REG_PORT7_CURENT_RATE1		REGISTER	0x00f4	244	1350
B	RTL8367B_REG_PORT7_PAGE_COUNTER		REGISTER	0x00f5	245	1352
B	RTL8367B_PORT7_PAGE_COUNTER_OFFSET		OFFSET_SHIFT	0	0	1353
B	RTL8367B_PORT7_PAGE_COUNTER_MASK		MASK	0x7F	127	1354
B	RTL8367B_REG_PAGEMETER_PORT7_CTRL0		REGISTER	0x00f6	246	1356
B	RTL8367B_REG_PAGEMETER_PORT7_CTRL1		REGISTER	0x00f7	247	1358
B	RTL8367B_PAGEMETER_PORT7_CTRL1_OFFSET		OFFSET_SHIFT	0	0	1359
B	RTL8367B_PAGEMETER_PORT7_CTRL1_MASK		MASK	0x1F	31	1360
B	RTL8367B_REG_PORT7_EEECFG		REGISTER	0x00f8	248	1362
B	RTL8367B_PORT7_EEECFG_EEEP_ENABLE_TX_OFFSET		OFFSET_SHIFT	14	14	1363
B	RTL8367B_PORT7_EEECFG_EEEP_ENABLE_TX_MASK		MASK	0x4000	16384	1364
B	RTL8367B_PORT7_EEECFG_EEEP_ENABLE_RX_OFFSET		OFFSET_SHIFT	13	13	1365
B	RTL8367B_PORT7_EEECFG_EEEP_ENABLE_RX_MASK		MASK	0x2000	8192	1366
B	RTL8367B_PORT7_EEECFG_EEE_FORCE_OFFSET		OFFSET_SHIFT	12	12	1367
B	RTL8367B_PORT7_EEECFG_EEE_FORCE_MASK		MASK	0x1000	4096	1368
B	RTL8367B_PORT7_EEECFG_EEE_100M_OFFSET		OFFSET_SHIFT	11	11	1369
B	RTL8367B_PORT7_EEECFG_EEE_100M_MASK		MASK	0x800	2048	1370
B	RTL8367B_PORT7_EEECFG_EEE_GIGA_OFFSET		OFFSET_SHIFT	10	10	1371
B	RTL8367B_PORT7_EEECFG_EEE_GIGA_MASK		MASK	0x400	1024	1372
B	RTL8367B_PORT7_EEECFG_EEE_TX_OFFSET		OFFSET_SHIFT	9	9	1373
B	RTL8367B_PORT7_EEECFG_EEE_TX_MASK		MASK	0x200	512	1374
B	RTL8367B_PORT7_EEECFG_EEE_RX_OFFSET		OFFSET_SHIFT	8	8	1375
B	RTL8367B_PORT7_EEECFG_EEE_RX_MASK		MASK	0x100	256	1376
B	RTL8367B_PORT7_EEECFG_EEE_DSP_RX_OFFSET		OFFSET_SHIFT	6	6	1377
B	RTL8367B_PORT7_EEECFG_EEE_DSP_RX_MASK		MASK	0x40	64	1378
B	RTL8367B_PORT7_EEECFG_EEE_LPI_OFFSET		OFFSET_SHIFT	5	5	1379
B	RTL8367B_PORT7_EEECFG_EEE_LPI_MASK		MASK	0x20	32	1380
B	RTL8367B_PORT7_EEECFG_EEE_TX_LPI_OFFSET		OFFSET_SHIFT	4	4	1381
B	RTL8367B_PORT7_EEECFG_EEE_TX_LPI_MASK		MASK	0x10	16	1382
B	RTL8367B_PORT7_EEECFG_EEE_RX_LPI_OFFSET		OFFSET_SHIFT	3	3	1383
B	RTL8367B_PORT7_EEECFG_EEE_RX_LPI_MASK		MASK	0x8	8	1384
B	RTL8367B_PORT7_EEECFG_EEE_PAUSE_INDICATOR_OFFSET		OFFSET_SHIFT	2	2	1385
B	RTL8367B_PORT7_EEECFG_EEE_PAUSE_INDICATOR_MASK		MASK	0x4	4	1386
B	RTL8367B_PORT7_EEECFG_EEE_WAKE_REQ_OFFSET		OFFSET_SHIFT	1	1	1387
B	RTL8367B_PORT7_EEECFG_EEE_WAKE_REQ_MASK		MASK	0x2	2	1388
B	RTL8367B_PORT7_EEECFG_EEE_SLEEP_REQ_OFFSET		OFFSET_SHIFT	0	0	1389
B	RTL8367B_PORT7_EEECFG_EEE_SLEEP_REQ_MASK		MASK	0x1	1	1390
B	RTL8367B_REG_PORT7_EEETXMTR		REGISTER	0x00f9	249	1392
B	RTL8367B_REG_PORT7_EEERXMTR		REGISTER	0x00fa	250	1394
B	RTL8367B_REG_PORT7_EEEPTXMTR		REGISTER	0x00fb	251	1396
B	RTL8367B_REG_PORT7_EEEPRXMTR		REGISTER	0x00fc	252	1398
B	RTL8367B_REG_PTP_PORT7_CFG0		REGISTER	0x00fd	253	1400
B	RTL8367B_REG_PTP_PORT7_CFG1		REGISTER	0x00fe	254	1402
B	RTL8367B_PTP_PORT7_CFG1_TIME_TS_SECOND_OFFSET		OFFSET_SHIFT	8	8	1403
B	RTL8367B_PTP_PORT7_CFG1_TIME_TS_SECOND_MASK		MASK	0xFF00	65280	1404
B	RTL8367B_PTP_PORT7_CFG1_TIME_SYNC_EN_OFFSET		OFFSET_SHIFT	7	7	1405
B	RTL8367B_PTP_PORT7_CFG1_TIME_SYNC_EN_MASK		MASK	0x80	128	1406
B	RTL8367B_PTP_PORT7_CFG1_TIME_SYNC_TX_TS_FILL_EN_OFFSET		OFFSET_SHIFT	6	6	1407
B	RTL8367B_PTP_PORT7_CFG1_TIME_SYNC_TX_TS_FILL_EN_MASK		MASK	0x40	64	1408
B	RTL8367B_PTP_PORT7_CFG1_EGRESS_TS_VALID_OFFSET		OFFSET_SHIFT	5	5	1409
B	RTL8367B_PTP_PORT7_CFG1_EGRESS_TS_VALID_MASK		MASK	0x20	32	1410
B	RTL8367B_PTP_PORT7_CFG1_EGRESS_TS_512NS_OFFSET		OFFSET_SHIFT	0	0	1411
B	RTL8367B_PTP_PORT7_CFG1_EGRESS_TS_512NS_MASK		MASK	0x1F	31	1412
B	RTL8367B_REG_P7_MSIC1		REGISTER	0x00ff	255	1414
B	RTL8367B_P7_MSIC1_OFFSET		OFFSET_SHIFT	0	0	1415
B	RTL8367B_P7_MSIC1_MASK		MASK	0x1	1	1416
B	RTL8367B_REG_FLOWCTRL_QUEUE0_DROP_ON		REGISTER	0x0200	512	1420
B	RTL8367B_FLOWCTRL_QUEUE0_DROP_ON_OFFSET		OFFSET_SHIFT	0	0	1421
B	RTL8367B_FLOWCTRL_QUEUE0_DROP_ON_MASK		MASK	0x3FF	1023	1422
B	RTL8367B_REG_FLOWCTRL_QUEUE1_DROP_ON		REGISTER	0x0201	513	1424
B	RTL8367B_FLOWCTRL_QUEUE1_DROP_ON_OFFSET		OFFSET_SHIFT	0	0	1425
B	RTL8367B_FLOWCTRL_QUEUE1_DROP_ON_MASK		MASK	0x3FF	1023	1426
B	RTL8367B_REG_FLOWCTRL_QUEUE2_DROP_ON		REGISTER	0x0202	514	1428
B	RTL8367B_FLOWCTRL_QUEUE2_DROP_ON_OFFSET		OFFSET_SHIFT	0	0	1429
B	RTL8367B_FLOWCTRL_QUEUE2_DROP_ON_MASK		MASK	0x3FF	1023	1430
B	RTL8367B_REG_FLOWCTRL_QUEUE3_DROP_ON		REGISTER	0x0203	515	1432
B	RTL8367B_FLOWCTRL_QUEUE3_DROP_ON_OFFSET		OFFSET_SHIFT	0	0	1433
B	RTL8367B_FLOWCTRL_QUEUE3_DROP_ON_MASK		MASK	0x3FF	1023	1434
B	RTL8367B_REG_FLOWCTRL_QUEUE4_DROP_ON		REGISTER	0x0204	516	1436
B	RTL8367B_FLOWCTRL_QUEUE4_DROP_ON_OFFSET		OFFSET_SHIFT	0	0	1437
B	RTL8367B_FLOWCTRL_QUEUE4_DROP_ON_MASK		MASK	0x3FF	1023	1438
B	RTL8367B_REG_FLOWCTRL_QUEUE5_DROP_ON		REGISTER	0x0205	517	1440
B	RTL8367B_FLOWCTRL_QUEUE5_DROP_ON_OFFSET		OFFSET_SHIFT	0	0	1441
B	RTL8367B_FLOWCTRL_QUEUE5_DROP_ON_MASK		MASK	0x3FF	1023	1442
B	RTL8367B_REG_FLOWCTRL_QUEUE6_DROP_ON		REGISTER	0x0206	518	1444
B	RTL8367B_FLOWCTRL_QUEUE6_DROP_ON_OFFSET		OFFSET_SHIFT	0	0	1445
B	RTL8367B_FLOWCTRL_QUEUE6_DROP_ON_MASK		MASK	0x3FF	1023	1446
B	RTL8367B_REG_FLOWCTRL_QUEUE7_DROP_ON		REGISTER	0x0207	519	1448
B	RTL8367B_FLOWCTRL_QUEUE7_DROP_ON_OFFSET		OFFSET_SHIFT	0	0	1449
B	RTL8367B_FLOWCTRL_QUEUE7_DROP_ON_MASK		MASK	0x3FF	1023	1450
B	RTL8367B_REG_FLOWCTRL_PORT0_DROP_ON		REGISTER	0x0208	520	1452
B	RTL8367B_FLOWCTRL_PORT0_DROP_ON_OFFSET		OFFSET_SHIFT	0	0	1453
B	RTL8367B_FLOWCTRL_PORT0_DROP_ON_MASK		MASK	0x3FF	1023	1454
B	RTL8367B_REG_FLOWCTRL_PORT1_DROP_ON		REGISTER	0x0209	521	1456
B	RTL8367B_FLOWCTRL_PORT1_DROP_ON_OFFSET		OFFSET_SHIFT	0	0	1457
B	RTL8367B_FLOWCTRL_PORT1_DROP_ON_MASK		MASK	0x3FF	1023	1458
B	RTL8367B_REG_FLOWCTRL_PORT2_DROP_ON		REGISTER	0x020a	522	1460
B	RTL8367B_FLOWCTRL_PORT2_DROP_ON_OFFSET		OFFSET_SHIFT	0	0	1461
B	RTL8367B_FLOWCTRL_PORT2_DROP_ON_MASK		MASK	0x3FF	1023	1462
B	RTL8367B_REG_FLOWCTRL_PORT3_DROP_ON		REGISTER	0x020b	523	1464
B	RTL8367B_FLOWCTRL_PORT3_DROP_ON_OFFSET		OFFSET_SHIFT	0	0	1465
B	RTL8367B_FLOWCTRL_PORT3_DROP_ON_MASK		MASK	0x3FF	1023	1466
B	RTL8367B_REG_FLOWCTRL_PORT4_DROP_ON		REGISTER	0x020c	524	1468
B	RTL8367B_FLOWCTRL_PORT4_DROP_ON_OFFSET		OFFSET_SHIFT	0	0	1469
B	RTL8367B_FLOWCTRL_PORT4_DROP_ON_MASK		MASK	0x3FF	1023	1470
B	RTL8367B_REG_FLOWCTRL_PORT5_DROP_ON		REGISTER	0x020d	525	1472
B	RTL8367B_FLOWCTRL_PORT5_DROP_ON_OFFSET		OFFSET_SHIFT	0	0	1473
B	RTL8367B_FLOWCTRL_PORT5_DROP_ON_MASK		MASK	0x3FF	1023	1474
B	RTL8367B_REG_FLOWCTRL_PORT6_DROP_ON		REGISTER	0x020e	526	1476
B	RTL8367B_FLOWCTRL_PORT6_DROP_ON_OFFSET		OFFSET_SHIFT	0	0	1477
B	RTL8367B_FLOWCTRL_PORT6_DROP_ON_MASK		MASK	0x3FF	1023	1478
B	RTL8367B_REG_FLOWCTRL_PORT7_DROP_ON		REGISTER	0x020f	527	1480
B	RTL8367B_FLOWCTRL_PORT7_DROP_ON_OFFSET		OFFSET_SHIFT	0	0	1481
B	RTL8367B_FLOWCTRL_PORT7_DROP_ON_MASK		MASK	0x3FF	1023	1482
B	RTL8367B_REG_FLOWCTRL_PORT_GAP		REGISTER	0x0218	536	1484
B	RTL8367B_FLOWCTRL_PORT_GAP_OFFSET		OFFSET_SHIFT	0	0	1485
B	RTL8367B_FLOWCTRL_PORT_GAP_MASK		MASK	0x3FF	1023	1486
B	RTL8367B_REG_FLOWCTRL_QUEUE_GAP		REGISTER	0x0219	537	1488
B	RTL8367B_FLOWCTRL_QUEUE_GAP_OFFSET		OFFSET_SHIFT	0	0	1489
B	RTL8367B_FLOWCTRL_QUEUE_GAP_MASK		MASK	0x3FF	1023	1490
B	RTL8367B_REG_PORT_QEMPTY		REGISTER	0x022d	557	1492
B	RTL8367B_PORT_QEMPTY_OFFSET		OFFSET_SHIFT	0	0	1493
B	RTL8367B_PORT_QEMPTY_MASK		MASK	0xFF	255	1494
B	RTL8367B_REG_FLOWCTRL_DEBUG_CTRL0		REGISTER	0x022e	558	1496
B	RTL8367B_FLOWCTRL_DEBUG_CTRL0_OFFSET		OFFSET_SHIFT	0	0	1497
B	RTL8367B_FLOWCTRL_DEBUG_CTRL0_MASK		MASK	0xF	15	1498
B	RTL8367B_REG_FLOWCTRL_DEBUG_CTRL1		REGISTER	0x022f	559	1500
B	RTL8367B_TOTAL_OFFSET		OFFSET_SHIFT	9	9	1501
B	RTL8367B_TOTAL_MASK		MASK	0x200	512	1502
B	RTL8367B_PORT_MAX_OFFSET		OFFSET_SHIFT	8	8	1503
B	RTL8367B_PORT_MAX_MASK		MASK	0x100	256	1504
B	RTL8367B_QMAX_MASK_OFFSET		MASK	0	0	1505
B	RTL8367B_QMAX_MASK_MASK		MASK	0xFF	255	1506
B	RTL8367B_REG_FLOWCTRL_QUEUE0_PAGE_COUNT		REGISTER	0x0230	560	1508
B	RTL8367B_FLOWCTRL_QUEUE0_PAGE_COUNT_OFFSET		OFFSET_SHIFT	0	0	1509
B	RTL8367B_FLOWCTRL_QUEUE0_PAGE_COUNT_MASK		MASK	0x3FF	1023	1510
B	RTL8367B_REG_FLOWCTRL_QUEUE1_PAGE_COUNT		REGISTER	0x0231	561	1512
B	RTL8367B_FLOWCTRL_QUEUE1_PAGE_COUNT_OFFSET		OFFSET_SHIFT	0	0	1513
B	RTL8367B_FLOWCTRL_QUEUE1_PAGE_COUNT_MASK		MASK	0x3FF	1023	1514
B	RTL8367B_REG_FLOWCTRL_QUEUE2_PAGE_COUNT		REGISTER	0x0232	562	1516
B	RTL8367B_FLOWCTRL_QUEUE2_PAGE_COUNT_OFFSET		OFFSET_SHIFT	0	0	1517
B	RTL8367B_FLOWCTRL_QUEUE2_PAGE_COUNT_MASK		MASK	0x3FF	1023	1518
B	RTL8367B_REG_FLOWCTRL_QUEUE3_PAGE_COUNT		REGISTER	0x0233	563	1520
B	RTL8367B_FLOWCTRL_QUEUE3_PAGE_COUNT_OFFSET		OFFSET_SHIFT	0	0	1521
B	RTL8367B_FLOWCTRL_QUEUE3_PAGE_COUNT_MASK		MASK	0x3FF	1023	1522
B	RTL8367B_REG_FLOWCTRL_QUEUE4_PAGE_COUNT		REGISTER	0x0234	564	1524
B	RTL8367B_FLOWCTRL_QUEUE4_PAGE_COUNT_OFFSET		OFFSET_SHIFT	0	0	1525
B	RTL8367B_FLOWCTRL_QUEUE4_PAGE_COUNT_MASK		MASK	0x3FF	1023	1526
B	RTL8367B_REG_FLOWCTRL_QUEUE5_PAGE_COUNT		REGISTER	0x0235	565	1528
B	RTL8367B_FLOWCTRL_QUEUE5_PAGE_COUNT_OFFSET		OFFSET_SHIFT	0	0	1529
B	RTL8367B_FLOWCTRL_QUEUE5_PAGE_COUNT_MASK		MASK	0x3FF	1023	1530
B	RTL8367B_REG_FLOWCTRL_QUEUE6_PAGE_COUNT		REGISTER	0x0236	566	1532
B	RTL8367B_FLOWCTRL_QUEUE6_PAGE_COUNT_OFFSET		OFFSET_SHIFT	0	0	1533
B	RTL8367B_FLOWCTRL_QUEUE6_PAGE_COUNT_MASK		MASK	0x3FF	1023	1534
B	RTL8367B_REG_FLOWCTRL_QUEUE7_PAGE_COUNT		REGISTER	0x0237	567	1536
B	RTL8367B_FLOWCTRL_QUEUE7_PAGE_COUNT_OFFSET		OFFSET_SHIFT	0	0	1537
B	RTL8367B_FLOWCTRL_QUEUE7_PAGE_COUNT_MASK		MASK	0x3FF	1023	1538
B	RTL8367B_REG_FLOWCTRL_PORT_PAGE_COUNT		REGISTER	0x0238	568	1540
B	RTL8367B_FLOWCTRL_PORT_PAGE_COUNT_OFFSET		OFFSET_SHIFT	0	0	1541
B	RTL8367B_FLOWCTRL_PORT_PAGE_COUNT_MASK		MASK	0x3FF	1023	1542
B	RTL8367B_REG_FLOWCTRL_QUEUE0_MAX_PAGE_COUNT		REGISTER	0x0239	569	1544
B	RTL8367B_FLOWCTRL_QUEUE0_MAX_PAGE_COUNT_OFFSET		OFFSET_SHIFT	0	0	1545
B	RTL8367B_FLOWCTRL_QUEUE0_MAX_PAGE_COUNT_MASK		MASK	0x3FF	1023	1546
B	RTL8367B_REG_FLOWCTRL_QUEUE1_MAX_PAGE_COUNT		REGISTER	0x023a	570	1548
B	RTL8367B_FLOWCTRL_QUEUE1_MAX_PAGE_COUNT_OFFSET		OFFSET_SHIFT	0	0	1549
B	RTL8367B_FLOWCTRL_QUEUE1_MAX_PAGE_COUNT_MASK		MASK	0x3FF	1023	1550
B	RTL8367B_REG_FLOWCTRL_QUEUE2_MAX_PAGE_COUNT		REGISTER	0x023b	571	1552
B	RTL8367B_FLOWCTRL_QUEUE2_MAX_PAGE_COUNT_OFFSET		OFFSET_SHIFT	0	0	1553
B	RTL8367B_FLOWCTRL_QUEUE2_MAX_PAGE_COUNT_MASK		MASK	0x3FF	1023	1554
B	RTL8367B_REG_FLOWCTRL_QUEUE3_MAX_PAGE_COUNT		REGISTER	0x023c	572	1556
B	RTL8367B_FLOWCTRL_QUEUE3_MAX_PAGE_COUNT_OFFSET		OFFSET_SHIFT	0	0	1557
B	RTL8367B_FLOWCTRL_QUEUE3_MAX_PAGE_COUNT_MASK		MASK	0x3FF	1023	1558
B	RTL8367B_REG_FLOWCTRL_QUEUE4_MAX_PAGE_COUNT		REGISTER	0x023d	573	1560
B	RTL8367B_FLOWCTRL_QUEUE4_MAX_PAGE_COUNT_OFFSET		OFFSET_SHIFT	0	0	1561
B	RTL8367B_FLOWCTRL_QUEUE4_MAX_PAGE_COUNT_MASK		MASK	0x3FF	1023	1562
B	RTL8367B_REG_FLOWCTRL_QUEUE5_MAX_PAGE_COUNT		REGISTER	0x023e	574	1564
B	RTL8367B_FLOWCTRL_QUEUE5_MAX_PAGE_COUNT_OFFSET		OFFSET_SHIFT	0	0	1565
B	RTL8367B_FLOWCTRL_QUEUE5_MAX_PAGE_COUNT_MASK		MASK	0x3FF	1023	1566
B	RTL8367B_REG_FLOWCTRL_QUEUE6_MAX_PAGE_COUNT		REGISTER	0x023f	575	1568
B	RTL8367B_FLOWCTRL_QUEUE6_MAX_PAGE_COUNT_OFFSET		OFFSET_SHIFT	0	0	1569
B	RTL8367B_FLOWCTRL_QUEUE6_MAX_PAGE_COUNT_MASK		MASK	0x3FF	1023	1570
B	RTL8367B_REG_FLOWCTRL_QUEUE7_MAX_PAGE_COUNT		REGISTER	0x0240	576	1572
B	RTL8367B_FLOWCTRL_QUEUE7_MAX_PAGE_COUNT_OFFSET		OFFSET_SHIFT	0	0	1573
B	RTL8367B_FLOWCTRL_QUEUE7_MAX_PAGE_COUNT_MASK		MASK	0x3FF	1023	1574
B	RTL8367B_REG_FLOWCTRL_PORT_MAX_PAGE_COUNT		REGISTER	0x0241	577	1576
B	RTL8367B_FLOWCTRL_PORT_MAX_PAGE_COUNT_OFFSET		OFFSET_SHIFT	0	0	1577
B	RTL8367B_FLOWCTRL_PORT_MAX_PAGE_COUNT_MASK		MASK	0x3FF	1023	1578
B	RTL8367B_REG_FLOWCTRL_TOTAL_PACKET_COUNT		REGISTER	0x0243	579	1580
B	RTL8367B_REG_HIGH_QUEUE_MASK0		REGISTER	0x0244	580	1582
B	RTL8367B_PORT1_HIGH_QUEUE_MASK_OFFSET		MASK	8	8	1583
B	RTL8367B_PORT1_HIGH_QUEUE_MASK_MASK		MASK	0xFF00	65280	1584
B	RTL8367B_PORT0_HIGH_QUEUE_MASK_OFFSET		MASK	0	0	1585
B	RTL8367B_PORT0_HIGH_QUEUE_MASK_MASK		MASK	0xFF	255	1586
B	RTL8367B_REG_HIGH_QUEUE_MASK1		REGISTER	0x0245	581	1588
B	RTL8367B_PORT3_HIGH_QUEUE_MASK_OFFSET		MASK	8	8	1589
B	RTL8367B_PORT3_HIGH_QUEUE_MASK_MASK		MASK	0xFF00	65280	1590
B	RTL8367B_PORT2_HIGH_QUEUE_MASK_OFFSET		MASK	0	0	1591
B	RTL8367B_PORT2_HIGH_QUEUE_MASK_MASK		MASK	0xFF	255	1592
B	RTL8367B_REG_HIGH_QUEUE_MASK2		REGISTER	0x0246	582	1594
B	RTL8367B_PORT5_HIGH_QUEUE_MASK_OFFSET		MASK	8	8	1595
B	RTL8367B_PORT5_HIGH_QUEUE_MASK_MASK		MASK	0xFF00	65280	1596
B	RTL8367B_PORT4_HIGH_QUEUE_MASK_OFFSET		MASK	0	0	1597
B	RTL8367B_PORT4_HIGH_QUEUE_MASK_MASK		MASK	0xFF	255	1598
B	RTL8367B_REG_HIGH_QUEUE_MASK3		REGISTER	0x0247	583	1600
B	RTL8367B_PORT7_HIGH_QUEUE_MASK_OFFSET		MASK	8	8	1601
B	RTL8367B_PORT7_HIGH_QUEUE_MASK_MASK		MASK	0xFF00	65280	1602
B	RTL8367B_PORT6_HIGH_QUEUE_MASK_OFFSET		MASK	0	0	1603
B	RTL8367B_PORT6_HIGH_QUEUE_MASK_MASK		MASK	0xFF	255	1604
B	RTL8367B_REG_LOW_QUEUE_TH		REGISTER	0x024c	588	1606
B	RTL8367B_LOW_QUEUE_TH_OFFSET		OFFSET_SHIFT	0	0	1607
B	RTL8367B_LOW_QUEUE_TH_MASK		MASK	0x3FF	1023	1608
B	RTL8367B_REG_TH_TX_PREFET		REGISTER	0x0250	592	1610
B	RTL8367B_TH_TX_PREFET_OFFSET		OFFSET_SHIFT	0	0	1611
B	RTL8367B_TH_TX_PREFET_MASK		MASK	0xFF	255	1612
B	RTL8367B_REG_DUMMY_0251		REGISTER	0x0251	593	1614
B	RTL8367B_REG_DUMMY_0252		REGISTER	0x0252	594	1616
B	RTL8367B_REG_DUMMY_0253		REGISTER	0x0253	595	1618
B	RTL8367B_REG_DUMMY_0254		REGISTER	0x0254	596	1620
B	RTL8367B_REG_DUMMY_0255		REGISTER	0x0255	597	1622
B	RTL8367B_REG_DUMMY_0256		REGISTER	0x0256	598	1624
B	RTL8367B_REG_DUMMY_0257		REGISTER	0x0257	599	1626
B	RTL8367B_REG_DUMMY_0258		REGISTER	0x0258	600	1628
B	RTL8367B_REG_DUMMY_0259		REGISTER	0x0259	601	1630
B	RTL8367B_REG_DUMMY_025A		REGISTER	0x025A	602	1632
B	RTL8367B_REG_DUMMY_025B		REGISTER	0x025B	603	1634
B	RTL8367B_REG_DUMMY_025C		REGISTER	0x025C	604	1636
B	RTL8367B_REG_SCHEDULE_WFQ_CTRL		REGISTER	0x0300	768	1640
B	RTL8367B_SCHEDULE_WFQ_CTRL_OFFSET		OFFSET_SHIFT	0	0	1641
B	RTL8367B_SCHEDULE_WFQ_CTRL_MASK		MASK	0x1	1	1642
B	RTL8367B_REG_SCHEDULE_WFQ_BURST_SIZE		REGISTER	0x0301	769	1644
B	RTL8367B_REG_SCHEDULE_QUEUE_TYPE_CTRL0		REGISTER	0x0302	770	1646
B	RTL8367B_PORT1_QUEUE7_TYPE_OFFSET		OFFSET_SHIFT	15	15	1647
B	RTL8367B_PORT1_QUEUE7_TYPE_MASK		MASK	0x8000	32768	1648
B	RTL8367B_PORT1_QUEUE6_TYPE_OFFSET		OFFSET_SHIFT	14	14	1649
B	RTL8367B_PORT1_QUEUE6_TYPE_MASK		MASK	0x4000	16384	1650
B	RTL8367B_PORT1_QUEUE5_TYPE_OFFSET		OFFSET_SHIFT	13	13	1651
B	RTL8367B_PORT1_QUEUE5_TYPE_MASK		MASK	0x2000	8192	1652
B	RTL8367B_PORT1_QUEUE4_TYPE_OFFSET		OFFSET_SHIFT	12	12	1653
B	RTL8367B_PORT1_QUEUE4_TYPE_MASK		MASK	0x1000	4096	1654
B	RTL8367B_PORT1_QUEUE3_TYPE_OFFSET		OFFSET_SHIFT	11	11	1655
B	RTL8367B_PORT1_QUEUE3_TYPE_MASK		MASK	0x800	2048	1656
B	RTL8367B_PORT1_QUEUE2_TYPE_OFFSET		OFFSET_SHIFT	10	10	1657
B	RTL8367B_PORT1_QUEUE2_TYPE_MASK		MASK	0x400	1024	1658
B	RTL8367B_PORT1_QUEUE1_TYPE_OFFSET		OFFSET_SHIFT	9	9	1659
B	RTL8367B_PORT1_QUEUE1_TYPE_MASK		MASK	0x200	512	1660
B	RTL8367B_PORT1_QUEUE0_TYPE_OFFSET		OFFSET_SHIFT	8	8	1661
B	RTL8367B_PORT1_QUEUE0_TYPE_MASK		MASK	0x100	256	1662
B	RTL8367B_PORT0_QUEUE7_TYPE_OFFSET		OFFSET_SHIFT	7	7	1663
B	RTL8367B_PORT0_QUEUE7_TYPE_MASK		MASK	0x80	128	1664
B	RTL8367B_PORT0_QUEUE6_TYPE_OFFSET		OFFSET_SHIFT	6	6	1665
B	RTL8367B_PORT0_QUEUE6_TYPE_MASK		MASK	0x40	64	1666
B	RTL8367B_PORT0_QUEUE5_TYPE_OFFSET		OFFSET_SHIFT	5	5	1667
B	RTL8367B_PORT0_QUEUE5_TYPE_MASK		MASK	0x20	32	1668
B	RTL8367B_PORT0_QUEUE4_TYPE_OFFSET		OFFSET_SHIFT	4	4	1669
B	RTL8367B_PORT0_QUEUE4_TYPE_MASK		MASK	0x10	16	1670
B	RTL8367B_PORT0_QUEUE3_TYPE_OFFSET		OFFSET_SHIFT	3	3	1671
B	RTL8367B_PORT0_QUEUE3_TYPE_MASK		MASK	0x8	8	1672
B	RTL8367B_PORT0_QUEUE2_TYPE_OFFSET		OFFSET_SHIFT	2	2	1673
B	RTL8367B_PORT0_QUEUE2_TYPE_MASK		MASK	0x4	4	1674
B	RTL8367B_PORT0_QUEUE1_TYPE_OFFSET		OFFSET_SHIFT	1	1	1675
B	RTL8367B_PORT0_QUEUE1_TYPE_MASK		MASK	0x2	2	1676
B	RTL8367B_PORT0_QUEUE0_TYPE_OFFSET		OFFSET_SHIFT	0	0	1677
B	RTL8367B_PORT0_QUEUE0_TYPE_MASK		MASK	0x1	1	1678
B	RTL8367B_REG_SCHEDULE_QUEUE_TYPE_CTRL1		REGISTER	0x0303	771	1680
B	RTL8367B_PORT3_QUEUE7_TYPE_OFFSET		OFFSET_SHIFT	15	15	1681
B	RTL8367B_PORT3_QUEUE7_TYPE_MASK		MASK	0x8000	32768	1682
B	RTL8367B_PORT3_QUEUE6_TYPE_OFFSET		OFFSET_SHIFT	14	14	1683
B	RTL8367B_PORT3_QUEUE6_TYPE_MASK		MASK	0x4000	16384	1684
B	RTL8367B_PORT3_QUEUE5_TYPE_OFFSET		OFFSET_SHIFT	13	13	1685
B	RTL8367B_PORT3_QUEUE5_TYPE_MASK		MASK	0x2000	8192	1686
B	RTL8367B_PORT3_QUEUE4_TYPE_OFFSET		OFFSET_SHIFT	12	12	1687
B	RTL8367B_PORT3_QUEUE4_TYPE_MASK		MASK	0x1000	4096	1688
B	RTL8367B_PORT3_QUEUE3_TYPE_OFFSET		OFFSET_SHIFT	11	11	1689
B	RTL8367B_PORT3_QUEUE3_TYPE_MASK		MASK	0x800	2048	1690
B	RTL8367B_PORT3_QUEUE2_TYPE_OFFSET		OFFSET_SHIFT	10	10	1691
B	RTL8367B_PORT3_QUEUE2_TYPE_MASK		MASK	0x400	1024	1692
B	RTL8367B_PORT3_QUEUE1_TYPE_OFFSET		OFFSET_SHIFT	9	9	1693
B	RTL8367B_PORT3_QUEUE1_TYPE_MASK		MASK	0x200	512	1694
B	RTL8367B_PORT3_QUEUE0_TYPE_OFFSET		OFFSET_SHIFT	8	8	1695
B	RTL8367B_PORT3_QUEUE0_TYPE_MASK		MASK	0x100	256	1696
B	RTL8367B_PORT2_QUEUE7_TYPE_OFFSET		OFFSET_SHIFT	7	7	1697
B	RTL8367B_PORT2_QUEUE7_TYPE_MASK		MASK	0x80	128	1698
B	RTL8367B_PORT2_QUEUE6_TYPE_OFFSET		OFFSET_SHIFT	6	6	1699
B	RTL8367B_PORT2_QUEUE6_TYPE_MASK		MASK	0x40	64	1700
B	RTL8367B_PORT2_QUEUE5_TYPE_OFFSET		OFFSET_SHIFT	5	5	1701
B	RTL8367B_PORT2_QUEUE5_TYPE_MASK		MASK	0x20	32	1702
B	RTL8367B_PORT2_QUEUE4_TYPE_OFFSET		OFFSET_SHIFT	4	4	1703
B	RTL8367B_PORT2_QUEUE4_TYPE_MASK		MASK	0x10	16	1704
B	RTL8367B_PORT2_QUEUE3_TYPE_OFFSET		OFFSET_SHIFT	3	3	1705
B	RTL8367B_PORT2_QUEUE3_TYPE_MASK		MASK	0x8	8	1706
B	RTL8367B_PORT2_QUEUE2_TYPE_OFFSET		OFFSET_SHIFT	2	2	1707
B	RTL8367B_PORT2_QUEUE2_TYPE_MASK		MASK	0x4	4	1708
B	RTL8367B_PORT2_QUEUE1_TYPE_OFFSET		OFFSET_SHIFT	1	1	1709
B	RTL8367B_PORT2_QUEUE1_TYPE_MASK		MASK	0x2	2	1710
B	RTL8367B_PORT2_QUEUE0_TYPE_OFFSET		OFFSET_SHIFT	0	0	1711
B	RTL8367B_PORT2_QUEUE0_TYPE_MASK		MASK	0x1	1	1712
B	RTL8367B_REG_SCHEDULE_QUEUE_TYPE_CTRL2		REGISTER	0x0304	772	1714
B	RTL8367B_PORT5_QUEUE7_TYPE_OFFSET		OFFSET_SHIFT	15	15	1715
B	RTL8367B_PORT5_QUEUE7_TYPE_MASK		MASK	0x8000	32768	1716
B	RTL8367B_PORT5_QUEUE6_TYPE_OFFSET		OFFSET_SHIFT	14	14	1717
B	RTL8367B_PORT5_QUEUE6_TYPE_MASK		MASK	0x4000	16384	1718
B	RTL8367B_PORT5_QUEUE5_TYPE_OFFSET		OFFSET_SHIFT	13	13	1719
B	RTL8367B_PORT5_QUEUE5_TYPE_MASK		MASK	0x2000	8192	1720
B	RTL8367B_PORT5_QUEUE4_TYPE_OFFSET		OFFSET_SHIFT	12	12	1721
B	RTL8367B_PORT5_QUEUE4_TYPE_MASK		MASK	0x1000	4096	1722
B	RTL8367B_PORT5_QUEUE3_TYPE_OFFSET		OFFSET_SHIFT	11	11	1723
B	RTL8367B_PORT5_QUEUE3_TYPE_MASK		MASK	0x800	2048	1724
B	RTL8367B_PORT5_QUEUE2_TYPE_OFFSET		OFFSET_SHIFT	10	10	1725
B	RTL8367B_PORT5_QUEUE2_TYPE_MASK		MASK	0x400	1024	1726
B	RTL8367B_PORT5_QUEUE1_TYPE_OFFSET		OFFSET_SHIFT	9	9	1727
B	RTL8367B_PORT5_QUEUE1_TYPE_MASK		MASK	0x200	512	1728
B	RTL8367B_PORT5_QUEUE0_TYPE_OFFSET		OFFSET_SHIFT	8	8	1729
B	RTL8367B_PORT5_QUEUE0_TYPE_MASK		MASK	0x100	256	1730
B	RTL8367B_PORT4_QUEUE7_TYPE_OFFSET		OFFSET_SHIFT	7	7	1731
B	RTL8367B_PORT4_QUEUE7_TYPE_MASK		MASK	0x80	128	1732
B	RTL8367B_PORT4_QUEUE6_TYPE_OFFSET		OFFSET_SHIFT	6	6	1733
B	RTL8367B_PORT4_QUEUE6_TYPE_MASK		MASK	0x40	64	1734
B	RTL8367B_PORT4_QUEUE5_TYPE_OFFSET		OFFSET_SHIFT	5	5	1735
B	RTL8367B_PORT4_QUEUE5_TYPE_MASK		MASK	0x20	32	1736
B	RTL8367B_PORT4_QUEUE4_TYPE_OFFSET		OFFSET_SHIFT	4	4	1737
B	RTL8367B_PORT4_QUEUE4_TYPE_MASK		MASK	0x10	16	1738
B	RTL8367B_PORT4_QUEUE3_TYPE_OFFSET		OFFSET_SHIFT	3	3	1739
B	RTL8367B_PORT4_QUEUE3_TYPE_MASK		MASK	0x8	8	1740
B	RTL8367B_PORT4_QUEUE2_TYPE_OFFSET		OFFSET_SHIFT	2	2	1741
B	RTL8367B_PORT4_QUEUE2_TYPE_MASK		MASK	0x4	4	1742
B	RTL8367B_PORT4_QUEUE1_TYPE_OFFSET		OFFSET_SHIFT	1	1	1743
B	RTL8367B_PORT4_QUEUE1_TYPE_MASK		MASK	0x2	2	1744
B	RTL8367B_PORT4_QUEUE0_TYPE_OFFSET		OFFSET_SHIFT	0	0	1745
B	RTL8367B_PORT4_QUEUE0_TYPE_MASK		MASK	0x1	1	1746
B	RTL8367B_REG_SCHEDULE_QUEUE_TYPE_CTRL3		REGISTER	0x0305	773	1748
B	RTL8367B_PORT7_QUEUE7_TYPE_OFFSET		OFFSET_SHIFT	15	15	1749
B	RTL8367B_PORT7_QUEUE7_TYPE_MASK		MASK	0x8000	32768	1750
B	RTL8367B_PORT7_QUEUE6_TYPE_OFFSET		OFFSET_SHIFT	14	14	1751
B	RTL8367B_PORT7_QUEUE6_TYPE_MASK		MASK	0x4000	16384	1752
B	RTL8367B_PORT7_QUEUE5_TYPE_OFFSET		OFFSET_SHIFT	13	13	1753
B	RTL8367B_PORT7_QUEUE5_TYPE_MASK		MASK	0x2000	8192	1754
B	RTL8367B_PORT7_QUEUE4_TYPE_OFFSET		OFFSET_SHIFT	12	12	1755
B	RTL8367B_PORT7_QUEUE4_TYPE_MASK		MASK	0x1000	4096	1756
B	RTL8367B_PORT7_QUEUE3_TYPE_OFFSET		OFFSET_SHIFT	11	11	1757
B	RTL8367B_PORT7_QUEUE3_TYPE_MASK		MASK	0x800	2048	1758
B	RTL8367B_PORT7_QUEUE2_TYPE_OFFSET		OFFSET_SHIFT	10	10	1759
B	RTL8367B_PORT7_QUEUE2_TYPE_MASK		MASK	0x400	1024	1760
B	RTL8367B_PORT7_QUEUE1_TYPE_OFFSET		OFFSET_SHIFT	9	9	1761
B	RTL8367B_PORT7_QUEUE1_TYPE_MASK		MASK	0x200	512	1762
B	RTL8367B_PORT7_QUEUE0_TYPE_OFFSET		OFFSET_SHIFT	8	8	1763
B	RTL8367B_PORT7_QUEUE0_TYPE_MASK		MASK	0x100	256	1764
B	RTL8367B_PORT6_QUEUE7_TYPE_OFFSET		OFFSET_SHIFT	7	7	1765
B	RTL8367B_PORT6_QUEUE7_TYPE_MASK		MASK	0x80	128	1766
B	RTL8367B_PORT6_QUEUE6_TYPE_OFFSET		OFFSET_SHIFT	6	6	1767
B	RTL8367B_PORT6_QUEUE6_TYPE_MASK		MASK	0x40	64	1768
B	RTL8367B_PORT6_QUEUE5_TYPE_OFFSET		OFFSET_SHIFT	5	5	1769
B	RTL8367B_PORT6_QUEUE5_TYPE_MASK		MASK	0x20	32	1770
B	RTL8367B_PORT6_QUEUE4_TYPE_OFFSET		OFFSET_SHIFT	4	4	1771
B	RTL8367B_PORT6_QUEUE4_TYPE_MASK		MASK	0x10	16	1772
B	RTL8367B_PORT6_QUEUE3_TYPE_OFFSET		OFFSET_SHIFT	3	3	1773
B	RTL8367B_PORT6_QUEUE3_TYPE_MASK		MASK	0x8	8	1774
B	RTL8367B_PORT6_QUEUE2_TYPE_OFFSET		OFFSET_SHIFT	2	2	1775
B	RTL8367B_PORT6_QUEUE2_TYPE_MASK		MASK	0x4	4	1776
B	RTL8367B_PORT6_QUEUE1_TYPE_OFFSET		OFFSET_SHIFT	1	1	1777
B	RTL8367B_PORT6_QUEUE1_TYPE_MASK		MASK	0x2	2	1778
B	RTL8367B_PORT6_QUEUE0_TYPE_OFFSET		OFFSET_SHIFT	0	0	1779
B	RTL8367B_PORT6_QUEUE0_TYPE_MASK		MASK	0x1	1	1780
B	RTL8367B_REG_SCHEDULE_APR_CTRL0		REGISTER	0x030a	778	1782
B	RTL8367B_PORT7_APR_ENABLE_OFFSET		OFFSET_SHIFT	7	7	1783
B	RTL8367B_PORT7_APR_ENABLE_MASK		MASK	0x80	128	1784
B	RTL8367B_PORT6_APR_ENABLE_OFFSET		OFFSET_SHIFT	6	6	1785
B	RTL8367B_PORT6_APR_ENABLE_MASK		MASK	0x40	64	1786
B	RTL8367B_PORT5_APR_ENABLE_OFFSET		OFFSET_SHIFT	5	5	1787
B	RTL8367B_PORT5_APR_ENABLE_MASK		MASK	0x20	32	1788
B	RTL8367B_PORT4_APR_ENABLE_OFFSET		OFFSET_SHIFT	4	4	1789
B	RTL8367B_PORT4_APR_ENABLE_MASK		MASK	0x10	16	1790
B	RTL8367B_PORT3_APR_ENABLE_OFFSET		OFFSET_SHIFT	3	3	1791
B	RTL8367B_PORT3_APR_ENABLE_MASK		MASK	0x8	8	1792
B	RTL8367B_PORT2_APR_ENABLE_OFFSET		OFFSET_SHIFT	2	2	1793
B	RTL8367B_PORT2_APR_ENABLE_MASK		MASK	0x4	4	1794
B	RTL8367B_PORT1_APR_ENABLE_OFFSET		OFFSET_SHIFT	1	1	1795
B	RTL8367B_PORT1_APR_ENABLE_MASK		MASK	0x2	2	1796
B	RTL8367B_PORT0_APR_ENABLE_OFFSET		OFFSET_SHIFT	0	0	1797
B	RTL8367B_PORT0_APR_ENABLE_MASK		MASK	0x1	1	1798
B	RTL8367B_REG_SCHEDULE_PORT0_QUEUE0_WFQ_WEIGHT		REGISTER	0x030c	780	1800
B	RTL8367B_REG_SCHEDULE_PORT0_QUEUE1_WFQ_WEIGHT		REGISTER	0x030d	781	1802
B	RTL8367B_SCHEDULE_PORT0_QUEUE1_WFQ_WEIGHT_OFFSET		OFFSET_SHIFT	0	0	1803
B	RTL8367B_SCHEDULE_PORT0_QUEUE1_WFQ_WEIGHT_MASK		MASK	0x7F	127	1804
B	RTL8367B_REG_SCHEDULE_PORT0_QUEUE2_WFQ_WEIGHT		REGISTER	0x030e	782	1806
B	RTL8367B_SCHEDULE_PORT0_QUEUE2_WFQ_WEIGHT_OFFSET		OFFSET_SHIFT	0	0	1807
B	RTL8367B_SCHEDULE_PORT0_QUEUE2_WFQ_WEIGHT_MASK		MASK	0x7F	127	1808
B	RTL8367B_REG_SCHEDULE_PORT0_QUEUE3_WFQ_WEIGHT		REGISTER	0x030f	783	1810
B	RTL8367B_SCHEDULE_PORT0_QUEUE3_WFQ_WEIGHT_OFFSET		OFFSET_SHIFT	0	0	1811
B	RTL8367B_SCHEDULE_PORT0_QUEUE3_WFQ_WEIGHT_MASK		MASK	0x7F	127	1812
B	RTL8367B_REG_SCHEDULE_PORT0_QUEUE4_WFQ_WEIGHT		REGISTER	0x0310	784	1814
B	RTL8367B_SCHEDULE_PORT0_QUEUE4_WFQ_WEIGHT_OFFSET		OFFSET_SHIFT	0	0	1815
B	RTL8367B_SCHEDULE_PORT0_QUEUE4_WFQ_WEIGHT_MASK		MASK	0x7F	127	1816
B	RTL8367B_REG_SCHEDULE_PORT0_QUEUE5_WFQ_WEIGHT		REGISTER	0x0311	785	1818
B	RTL8367B_SCHEDULE_PORT0_QUEUE5_WFQ_WEIGHT_OFFSET		OFFSET_SHIFT	0	0	1819
B	RTL8367B_SCHEDULE_PORT0_QUEUE5_WFQ_WEIGHT_MASK		MASK	0x7F	127	1820
B	RTL8367B_REG_SCHEDULE_PORT0_QUEUE6_WFQ_WEIGHT		REGISTER	0x0312	786	1822
B	RTL8367B_SCHEDULE_PORT0_QUEUE6_WFQ_WEIGHT_OFFSET		OFFSET_SHIFT	0	0	1823
B	RTL8367B_SCHEDULE_PORT0_QUEUE6_WFQ_WEIGHT_MASK		MASK	0x7F	127	1824
B	RTL8367B_REG_SCHEDULE_PORT0_QUEUE7_WFQ_WEIGHT		REGISTER	0x0313	787	1826
B	RTL8367B_SCHEDULE_PORT0_QUEUE7_WFQ_WEIGHT_OFFSET		OFFSET_SHIFT	0	0	1827
B	RTL8367B_SCHEDULE_PORT0_QUEUE7_WFQ_WEIGHT_MASK		MASK	0x7F	127	1828
B	RTL8367B_REG_SCHEDULE_PORT1_QUEUE0_WFQ_WEIGHT		REGISTER	0x0314	788	1830
B	RTL8367B_REG_SCHEDULE_PORT1_QUEUE1_WFQ_WEIGHT		REGISTER	0x0315	789	1832
B	RTL8367B_SCHEDULE_PORT1_QUEUE1_WFQ_WEIGHT_OFFSET		OFFSET_SHIFT	0	0	1833
B	RTL8367B_SCHEDULE_PORT1_QUEUE1_WFQ_WEIGHT_MASK		MASK	0x7F	127	1834
B	RTL8367B_REG_SCHEDULE_PORT1_QUEUE2_WFQ_WEIGHT		REGISTER	0x0316	790	1836
B	RTL8367B_SCHEDULE_PORT1_QUEUE2_WFQ_WEIGHT_OFFSET		OFFSET_SHIFT	0	0	1837
B	RTL8367B_SCHEDULE_PORT1_QUEUE2_WFQ_WEIGHT_MASK		MASK	0x7F	127	1838
B	RTL8367B_REG_SCHEDULE_PORT1_QUEUE3_WFQ_WEIGHT		REGISTER	0x0317	791	1840
B	RTL8367B_SCHEDULE_PORT1_QUEUE3_WFQ_WEIGHT_OFFSET		OFFSET_SHIFT	0	0	1841
B	RTL8367B_SCHEDULE_PORT1_QUEUE3_WFQ_WEIGHT_MASK		MASK	0x7F	127	1842
B	RTL8367B_REG_SCHEDULE_PORT1_QUEUE4_WFQ_WEIGHT		REGISTER	0x0318	792	1844
B	RTL8367B_SCHEDULE_PORT1_QUEUE4_WFQ_WEIGHT_OFFSET		OFFSET_SHIFT	0	0	1845
B	RTL8367B_SCHEDULE_PORT1_QUEUE4_WFQ_WEIGHT_MASK		MASK	0x7F	127	1846
B	RTL8367B_REG_SCHEDULE_PORT1_QUEUE5_WFQ_WEIGHT		REGISTER	0x0319	793	1848
B	RTL8367B_SCHEDULE_PORT1_QUEUE5_WFQ_WEIGHT_OFFSET		OFFSET_SHIFT	0	0	1849
B	RTL8367B_SCHEDULE_PORT1_QUEUE5_WFQ_WEIGHT_MASK		MASK	0x7F	127	1850
B	RTL8367B_REG_SCHEDULE_PORT1_QUEUE6_WFQ_WEIGHT		REGISTER	0x031a	794	1852
B	RTL8367B_SCHEDULE_PORT1_QUEUE6_WFQ_WEIGHT_OFFSET		OFFSET_SHIFT	0	0	1853
B	RTL8367B_SCHEDULE_PORT1_QUEUE6_WFQ_WEIGHT_MASK		MASK	0x7F	127	1854
B	RTL8367B_REG_SCHEDULE_PORT1_QUEUE7_WFQ_WEIGHT		REGISTER	0x031b	795	1856
B	RTL8367B_SCHEDULE_PORT1_QUEUE7_WFQ_WEIGHT_OFFSET		OFFSET_SHIFT	0	0	1857
B	RTL8367B_SCHEDULE_PORT1_QUEUE7_WFQ_WEIGHT_MASK		MASK	0x7F	127	1858
B	RTL8367B_REG_SCHEDULE_PORT2_QUEUE0_WFQ_WEIGHT		REGISTER	0x031c	796	1860
B	RTL8367B_REG_SCHEDULE_PORT2_QUEUE1_WFQ_WEIGHT		REGISTER	0x031d	797	1862
B	RTL8367B_SCHEDULE_PORT2_QUEUE1_WFQ_WEIGHT_OFFSET		OFFSET_SHIFT	0	0	1863
B	RTL8367B_SCHEDULE_PORT2_QUEUE1_WFQ_WEIGHT_MASK		MASK	0x7F	127	1864
B	RTL8367B_REG_SCHEDULE_PORT2_QUEUE2_WFQ_WEIGHT		REGISTER	0x031e	798	1866
B	RTL8367B_SCHEDULE_PORT2_QUEUE2_WFQ_WEIGHT_OFFSET		OFFSET_SHIFT	0	0	1867
B	RTL8367B_SCHEDULE_PORT2_QUEUE2_WFQ_WEIGHT_MASK		MASK	0x7F	127	1868
B	RTL8367B_REG_SCHEDULE_PORT2_QUEUE3_WFQ_WEIGHT		REGISTER	0x031f	799	1870
B	RTL8367B_SCHEDULE_PORT2_QUEUE3_WFQ_WEIGHT_OFFSET		OFFSET_SHIFT	0	0	1871
B	RTL8367B_SCHEDULE_PORT2_QUEUE3_WFQ_WEIGHT_MASK		MASK	0x7F	127	1872
B	RTL8367B_REG_SCHEDULE_PORT2_QUEUE4_WFQ_WEIGHT		REGISTER	0x0320	800	1874
B	RTL8367B_SCHEDULE_PORT2_QUEUE4_WFQ_WEIGHT_OFFSET		OFFSET_SHIFT	0	0	1875
B	RTL8367B_SCHEDULE_PORT2_QUEUE4_WFQ_WEIGHT_MASK		MASK	0x7F	127	1876
B	RTL8367B_REG_SCHEDULE_PORT2_QUEUE5_WFQ_WEIGHT		REGISTER	0x0321	801	1878
B	RTL8367B_SCHEDULE_PORT2_QUEUE5_WFQ_WEIGHT_OFFSET		OFFSET_SHIFT	0	0	1879
B	RTL8367B_SCHEDULE_PORT2_QUEUE5_WFQ_WEIGHT_MASK		MASK	0x7F	127	1880
B	RTL8367B_REG_SCHEDULE_PORT2_QUEUE6_WFQ_WEIGHT		REGISTER	0x0322	802	1882
B	RTL8367B_SCHEDULE_PORT2_QUEUE6_WFQ_WEIGHT_OFFSET		OFFSET_SHIFT	0	0	1883
B	RTL8367B_SCHEDULE_PORT2_QUEUE6_WFQ_WEIGHT_MASK		MASK	0x7F	127	1884
B	RTL8367B_REG_SCHEDULE_PORT2_QUEUE7_WFQ_WEIGHT		REGISTER	0x0323	803	1886
B	RTL8367B_SCHEDULE_PORT2_QUEUE7_WFQ_WEIGHT_OFFSET		OFFSET_SHIFT	0	0	1887
B	RTL8367B_SCHEDULE_PORT2_QUEUE7_WFQ_WEIGHT_MASK		MASK	0x7F	127	1888
B	RTL8367B_REG_SCHEDULE_PORT3_QUEUE0_WFQ_WEIGHT		REGISTER	0x0324	804	1890
B	RTL8367B_REG_SCHEDULE_PORT3_QUEUE1_WFQ_WEIGHT		REGISTER	0x0325	805	1892
B	RTL8367B_SCHEDULE_PORT3_QUEUE1_WFQ_WEIGHT_OFFSET		OFFSET_SHIFT	0	0	1893
B	RTL8367B_SCHEDULE_PORT3_QUEUE1_WFQ_WEIGHT_MASK		MASK	0x7F	127	1894
B	RTL8367B_REG_SCHEDULE_PORT3_QUEUE2_WFQ_WEIGHT		REGISTER	0x0326	806	1896
B	RTL8367B_SCHEDULE_PORT3_QUEUE2_WFQ_WEIGHT_OFFSET		OFFSET_SHIFT	0	0	1897
B	RTL8367B_SCHEDULE_PORT3_QUEUE2_WFQ_WEIGHT_MASK		MASK	0x7F	127	1898
B	RTL8367B_REG_SCHEDULE_PORT3_QUEUE3_WFQ_WEIGHT		REGISTER	0x0327	807	1900
B	RTL8367B_SCHEDULE_PORT3_QUEUE3_WFQ_WEIGHT_OFFSET		OFFSET_SHIFT	0	0	1901
B	RTL8367B_SCHEDULE_PORT3_QUEUE3_WFQ_WEIGHT_MASK		MASK	0x7F	127	1902
B	RTL8367B_REG_SCHEDULE_PORT3_QUEUE4_WFQ_WEIGHT		REGISTER	0x0328	808	1904
B	RTL8367B_SCHEDULE_PORT3_QUEUE4_WFQ_WEIGHT_OFFSET		OFFSET_SHIFT	0	0	1905
B	RTL8367B_SCHEDULE_PORT3_QUEUE4_WFQ_WEIGHT_MASK		MASK	0x7F	127	1906
B	RTL8367B_REG_SCHEDULE_PORT3_QUEUE5_WFQ_WEIGHT		REGISTER	0x0329	809	1908
B	RTL8367B_SCHEDULE_PORT3_QUEUE5_WFQ_WEIGHT_OFFSET		OFFSET_SHIFT	0	0	1909
B	RTL8367B_SCHEDULE_PORT3_QUEUE5_WFQ_WEIGHT_MASK		MASK	0x7F	127	1910
B	RTL8367B_REG_SCHEDULE_PORT3_QUEUE6_WFQ_WEIGHT		REGISTER	0x032a	810	1912
B	RTL8367B_SCHEDULE_PORT3_QUEUE6_WFQ_WEIGHT_OFFSET		OFFSET_SHIFT	0	0	1913
B	RTL8367B_SCHEDULE_PORT3_QUEUE6_WFQ_WEIGHT_MASK		MASK	0x7F	127	1914
B	RTL8367B_REG_SCHEDULE_PORT3_QUEUE7_WFQ_WEIGHT		REGISTER	0x032b	811	1916
B	RTL8367B_SCHEDULE_PORT3_QUEUE7_WFQ_WEIGHT_OFFSET		OFFSET_SHIFT	0	0	1917
B	RTL8367B_SCHEDULE_PORT3_QUEUE7_WFQ_WEIGHT_MASK		MASK	0x7F	127	1918
B	RTL8367B_REG_SCHEDULE_PORT4_QUEUE0_WFQ_WEIGHT		REGISTER	0x032c	812	1920
B	RTL8367B_REG_SCHEDULE_PORT4_QUEUE1_WFQ_WEIGHT		REGISTER	0x032d	813	1922
B	RTL8367B_SCHEDULE_PORT4_QUEUE1_WFQ_WEIGHT_OFFSET		OFFSET_SHIFT	0	0	1923
B	RTL8367B_SCHEDULE_PORT4_QUEUE1_WFQ_WEIGHT_MASK		MASK	0x7F	127	1924
B	RTL8367B_REG_SCHEDULE_PORT4_QUEUE2_WFQ_WEIGHT		REGISTER	0x032e	814	1926
B	RTL8367B_SCHEDULE_PORT4_QUEUE2_WFQ_WEIGHT_OFFSET		OFFSET_SHIFT	0	0	1927
B	RTL8367B_SCHEDULE_PORT4_QUEUE2_WFQ_WEIGHT_MASK		MASK	0x7F	127	1928
B	RTL8367B_REG_SCHEDULE_PORT4_QUEUE3_WFQ_WEIGHT		REGISTER	0x032f	815	1930
B	RTL8367B_SCHEDULE_PORT4_QUEUE3_WFQ_WEIGHT_OFFSET		OFFSET_SHIFT	0	0	1931
B	RTL8367B_SCHEDULE_PORT4_QUEUE3_WFQ_WEIGHT_MASK		MASK	0x7F	127	1932
B	RTL8367B_REG_SCHEDULE_PORT4_QUEUE4_WFQ_WEIGHT		REGISTER	0x0330	816	1934
B	RTL8367B_SCHEDULE_PORT4_QUEUE4_WFQ_WEIGHT_OFFSET		OFFSET_SHIFT	0	0	1935
B	RTL8367B_SCHEDULE_PORT4_QUEUE4_WFQ_WEIGHT_MASK		MASK	0x7F	127	1936
B	RTL8367B_REG_SCHEDULE_PORT4_QUEUE5_WFQ_WEIGHT		REGISTER	0x0331	817	1938
B	RTL8367B_SCHEDULE_PORT4_QUEUE5_WFQ_WEIGHT_OFFSET		OFFSET_SHIFT	0	0	1939
B	RTL8367B_SCHEDULE_PORT4_QUEUE5_WFQ_WEIGHT_MASK		MASK	0x7F	127	1940
B	RTL8367B_REG_SCHEDULE_PORT4_QUEUE6_WFQ_WEIGHT		REGISTER	0x0332	818	1942
B	RTL8367B_SCHEDULE_PORT4_QUEUE6_WFQ_WEIGHT_OFFSET		OFFSET_SHIFT	0	0	1943
B	RTL8367B_SCHEDULE_PORT4_QUEUE6_WFQ_WEIGHT_MASK		MASK	0x7F	127	1944
B	RTL8367B_REG_SCHEDULE_PORT4_QUEUE7_WFQ_WEIGHT		REGISTER	0x0333	819	1946
B	RTL8367B_SCHEDULE_PORT4_QUEUE7_WFQ_WEIGHT_OFFSET		OFFSET_SHIFT	0	0	1947
B	RTL8367B_SCHEDULE_PORT4_QUEUE7_WFQ_WEIGHT_MASK		MASK	0x7F	127	1948
B	RTL8367B_REG_SCHEDULE_PORT5_QUEUE0_WFQ_WEIGHT		REGISTER	0x0334	820	1950
B	RTL8367B_REG_SCHEDULE_PORT5_QUEUE1_WFQ_WEIGHT		REGISTER	0x0335	821	1952
B	RTL8367B_SCHEDULE_PORT5_QUEUE1_WFQ_WEIGHT_OFFSET		OFFSET_SHIFT	0	0	1953
B	RTL8367B_SCHEDULE_PORT5_QUEUE1_WFQ_WEIGHT_MASK		MASK	0x7F	127	1954
B	RTL8367B_REG_SCHEDULE_PORT5_QUEUE2_WFQ_WEIGHT		REGISTER	0x0336	822	1956
B	RTL8367B_SCHEDULE_PORT5_QUEUE2_WFQ_WEIGHT_OFFSET		OFFSET_SHIFT	0	0	1957
B	RTL8367B_SCHEDULE_PORT5_QUEUE2_WFQ_WEIGHT_MASK		MASK	0x7F	127	1958
B	RTL8367B_REG_SCHEDULE_PORT5_QUEUE3_WFQ_WEIGHT		REGISTER	0x0337	823	1960
B	RTL8367B_SCHEDULE_PORT5_QUEUE3_WFQ_WEIGHT_OFFSET		OFFSET_SHIFT	0	0	1961
B	RTL8367B_SCHEDULE_PORT5_QUEUE3_WFQ_WEIGHT_MASK		MASK	0x7F	127	1962
B	RTL8367B_REG_SCHEDULE_PORT5_QUEUE4_WFQ_WEIGHT		REGISTER	0x0338	824	1964
B	RTL8367B_SCHEDULE_PORT5_QUEUE4_WFQ_WEIGHT_OFFSET		OFFSET_SHIFT	0	0	1965
B	RTL8367B_SCHEDULE_PORT5_QUEUE4_WFQ_WEIGHT_MASK		MASK	0x7F	127	1966
B	RTL8367B_REG_SCHEDULE_PORT5_QUEUE5_WFQ_WEIGHT		REGISTER	0x0339	825	1968
B	RTL8367B_SCHEDULE_PORT5_QUEUE5_WFQ_WEIGHT_OFFSET		OFFSET_SHIFT	0	0	1969
B	RTL8367B_SCHEDULE_PORT5_QUEUE5_WFQ_WEIGHT_MASK		MASK	0x7F	127	1970
B	RTL8367B_REG_SCHEDULE_PORT5_QUEUE6_WFQ_WEIGHT		REGISTER	0x033a	826	1972
B	RTL8367B_SCHEDULE_PORT5_QUEUE6_WFQ_WEIGHT_OFFSET		OFFSET_SHIFT	0	0	1973
B	RTL8367B_SCHEDULE_PORT5_QUEUE6_WFQ_WEIGHT_MASK		MASK	0x7F	127	1974
B	RTL8367B_REG_SCHEDULE_PORT5_QUEUE7_WFQ_WEIGHT		REGISTER	0x033b	827	1976
B	RTL8367B_SCHEDULE_PORT5_QUEUE7_WFQ_WEIGHT_OFFSET		OFFSET_SHIFT	0	0	1977
B	RTL8367B_SCHEDULE_PORT5_QUEUE7_WFQ_WEIGHT_MASK		MASK	0x7F	127	1978
B	RTL8367B_REG_SCHEDULE_PORT6_QUEUE0_WFQ_WEIGHT		REGISTER	0x033c	828	1980
B	RTL8367B_REG_SCHEDULE_PORT6_QUEUE1_WFQ_WEIGHT		REGISTER	0x033d	829	1982
B	RTL8367B_SCHEDULE_PORT6_QUEUE1_WFQ_WEIGHT_OFFSET		OFFSET_SHIFT	0	0	1983
B	RTL8367B_SCHEDULE_PORT6_QUEUE1_WFQ_WEIGHT_MASK		MASK	0x7F	127	1984
B	RTL8367B_REG_SCHEDULE_PORT6_QUEUE2_WFQ_WEIGHT		REGISTER	0x033e	830	1986
B	RTL8367B_SCHEDULE_PORT6_QUEUE2_WFQ_WEIGHT_OFFSET		OFFSET_SHIFT	0	0	1987
B	RTL8367B_SCHEDULE_PORT6_QUEUE2_WFQ_WEIGHT_MASK		MASK	0x7F	127	1988
B	RTL8367B_REG_SCHEDULE_PORT6_QUEUE3_WFQ_WEIGHT		REGISTER	0x033f	831	1990
B	RTL8367B_SCHEDULE_PORT6_QUEUE3_WFQ_WEIGHT_OFFSET		OFFSET_SHIFT	0	0	1991
B	RTL8367B_SCHEDULE_PORT6_QUEUE3_WFQ_WEIGHT_MASK		MASK	0x7F	127	1992
B	RTL8367B_REG_SCHEDULE_PORT6_QUEUE4_WFQ_WEIGHT		REGISTER	0x0340	832	1994
B	RTL8367B_SCHEDULE_PORT6_QUEUE4_WFQ_WEIGHT_OFFSET		OFFSET_SHIFT	0	0	1995
B	RTL8367B_SCHEDULE_PORT6_QUEUE4_WFQ_WEIGHT_MASK		MASK	0x7F	127	1996
B	RTL8367B_REG_SCHEDULE_PORT6_QUEUE5_WFQ_WEIGHT		REGISTER	0x0341	833	1998
B	RTL8367B_SCHEDULE_PORT6_QUEUE5_WFQ_WEIGHT_OFFSET		OFFSET_SHIFT	0	0	1999
B	RTL8367B_SCHEDULE_PORT6_QUEUE5_WFQ_WEIGHT_MASK		MASK	0x7F	127	2000
B	RTL8367B_REG_SCHEDULE_PORT6_QUEUE6_WFQ_WEIGHT		REGISTER	0x0342	834	2002
B	RTL8367B_SCHEDULE_PORT6_QUEUE6_WFQ_WEIGHT_OFFSET		OFFSET_SHIFT	0	0	2003
B	RTL8367B_SCHEDULE_PORT6_QUEUE6_WFQ_WEIGHT_MASK		MASK	0x7F	127	2004
B	RTL8367B_REG_SCHEDULE_PORT6_QUEUE7_WFQ_WEIGHT		REGISTER	0x0343	835	2006
B	RTL8367B_SCHEDULE_PORT6_QUEUE7_WFQ_WEIGHT_OFFSET		OFFSET_SHIFT	0	0	2007
B	RTL8367B_SCHEDULE_PORT6_QUEUE7_WFQ_WEIGHT_MASK		MASK	0x7F	127	2008
B	RTL8367B_REG_SCHEDULE_PORT7_QUEUE0_WFQ_WEIGHT		REGISTER	0x0344	836	2010
B	RTL8367B_REG_SCHEDULE_PORT7_QUEUE1_WFQ_WEIGHT		REGISTER	0x0345	837	2012
B	RTL8367B_SCHEDULE_PORT7_QUEUE1_WFQ_WEIGHT_OFFSET		OFFSET_SHIFT	0	0	2013
B	RTL8367B_SCHEDULE_PORT7_QUEUE1_WFQ_WEIGHT_MASK		MASK	0x7F	127	2014
B	RTL8367B_REG_SCHEDULE_PORT7_QUEUE2_WFQ_WEIGHT		REGISTER	0x0346	838	2016
B	RTL8367B_SCHEDULE_PORT7_QUEUE2_WFQ_WEIGHT_OFFSET		OFFSET_SHIFT	0	0	2017
B	RTL8367B_SCHEDULE_PORT7_QUEUE2_WFQ_WEIGHT_MASK		MASK	0x7F	127	2018
B	RTL8367B_REG_SCHEDULE_PORT7_QUEUE3_WFQ_WEIGHT		REGISTER	0x0347	839	2020
B	RTL8367B_SCHEDULE_PORT7_QUEUE3_WFQ_WEIGHT_OFFSET		OFFSET_SHIFT	0	0	2021
B	RTL8367B_SCHEDULE_PORT7_QUEUE3_WFQ_WEIGHT_MASK		MASK	0x7F	127	2022
B	RTL8367B_REG_SCHEDULE_PORT7_QUEUE4_WFQ_WEIGHT		REGISTER	0x0348	840	2024
B	RTL8367B_SCHEDULE_PORT7_QUEUE4_WFQ_WEIGHT_OFFSET		OFFSET_SHIFT	0	0	2025
B	RTL8367B_SCHEDULE_PORT7_QUEUE4_WFQ_WEIGHT_MASK		MASK	0x7F	127	2026
B	RTL8367B_REG_SCHEDULE_PORT7_QUEUE5_WFQ_WEIGHT		REGISTER	0x0349	841	2028
B	RTL8367B_SCHEDULE_PORT7_QUEUE5_WFQ_WEIGHT_OFFSET		OFFSET_SHIFT	0	0	2029
B	RTL8367B_SCHEDULE_PORT7_QUEUE5_WFQ_WEIGHT_MASK		MASK	0x7F	127	2030
B	RTL8367B_REG_SCHEDULE_PORT7_QUEUE6_WFQ_WEIGHT		REGISTER	0x034a	842	2032
B	RTL8367B_SCHEDULE_PORT7_QUEUE6_WFQ_WEIGHT_OFFSET		OFFSET_SHIFT	0	0	2033
B	RTL8367B_SCHEDULE_PORT7_QUEUE6_WFQ_WEIGHT_MASK		MASK	0x7F	127	2034
B	RTL8367B_REG_SCHEDULE_PORT7_QUEUE7_WFQ_WEIGHT		REGISTER	0x034b	843	2036
B	RTL8367B_SCHEDULE_PORT7_QUEUE7_WFQ_WEIGHT_OFFSET		OFFSET_SHIFT	0	0	2037
B	RTL8367B_SCHEDULE_PORT7_QUEUE7_WFQ_WEIGHT_MASK		MASK	0x7F	127	2038
B	RTL8367B_REG_PORT0_EGRESSBW_CTRL0		REGISTER	0x038c	908	2040
B	RTL8367B_REG_PORT0_EGRESSBW_CTRL1		REGISTER	0x038d	909	2042
B	RTL8367B_PORT0_EGRESSBW_CTRL1_OFFSET		OFFSET_SHIFT	0	0	2043
B	RTL8367B_PORT0_EGRESSBW_CTRL1_MASK		MASK	0x1	1	2044
B	RTL8367B_REG_PORT1_EGRESSBW_CTRL0		REGISTER	0x038e	910	2046
B	RTL8367B_REG_PORT1_EGRESSBW_CTRL1		REGISTER	0x038f	911	2048
B	RTL8367B_PORT1_EGRESSBW_CTRL1_OFFSET		OFFSET_SHIFT	0	0	2049
B	RTL8367B_PORT1_EGRESSBW_CTRL1_MASK		MASK	0x1	1	2050
B	RTL8367B_REG_PORT2_EGRESSBW_CTRL0		REGISTER	0x0390	912	2052
B	RTL8367B_REG_PORT2_EGRESSBW_CTRL1		REGISTER	0x0391	913	2054
B	RTL8367B_PORT2_EGRESSBW_CTRL1_OFFSET		OFFSET_SHIFT	0	0	2055
B	RTL8367B_PORT2_EGRESSBW_CTRL1_MASK		MASK	0x1	1	2056
B	RTL8367B_REG_PORT3_EGRESSBW_CTRL0		REGISTER	0x0392	914	2058
B	RTL8367B_REG_PORT3_EGRESSBW_CTRL1		REGISTER	0x0393	915	2060
B	RTL8367B_PORT3_EGRESSBW_CTRL1_OFFSET		OFFSET_SHIFT	0	0	2061
B	RTL8367B_PORT3_EGRESSBW_CTRL1_MASK		MASK	0x1	1	2062
B	RTL8367B_REG_PORT4_EGRESSBW_CTRL0		REGISTER	0x0394	916	2064
B	RTL8367B_REG_PORT4_EGRESSBW_CTRL1		REGISTER	0x0395	917	2066
B	RTL8367B_PORT4_EGRESSBW_CTRL1_OFFSET		OFFSET_SHIFT	0	0	2067
B	RTL8367B_PORT4_EGRESSBW_CTRL1_MASK		MASK	0x1	1	2068
B	RTL8367B_REG_PORT5_EGRESSBW_CTRL0		REGISTER	0x0396	918	2070
B	RTL8367B_REG_PORT5_EGRESSBW_CTRL1		REGISTER	0x0397	919	2072
B	RTL8367B_PORT5_EGRESSBW_CTRL1_OFFSET		OFFSET_SHIFT	0	0	2073
B	RTL8367B_PORT5_EGRESSBW_CTRL1_MASK		MASK	0x1	1	2074
B	RTL8367B_REG_PORT6_EGRESSBW_CTRL0		REGISTER	0x0398	920	2076
B	RTL8367B_REG_PORT6_EGRESSBW_CTRL1		REGISTER	0x0399	921	2078
B	RTL8367B_PORT6_EGRESSBW_CTRL1_OFFSET		OFFSET_SHIFT	0	0	2079
B	RTL8367B_PORT6_EGRESSBW_CTRL1_MASK		MASK	0x1	1	2080
B	RTL8367B_REG_PORT7_EGRESSBW_CTRL0		REGISTER	0x039a	922	2082
B	RTL8367B_REG_PORT7_EGRESSBW_CTRL1		REGISTER	0x039b	923	2084
B	RTL8367B_PORT7_EGRESSBW_CTRL1_OFFSET		OFFSET_SHIFT	0	0	2085
B	RTL8367B_PORT7_EGRESSBW_CTRL1_MASK		MASK	0x1	1	2086
B	RTL8367B_REG_SCHEDULE_PORT0_APR_METER_CTRL0		REGISTER	0x03ac	940	2088
B	RTL8367B_SCHEDULE_PORT0_APR_METER_CTRL0_QUEUE4_APR_METER_OFFSET		OFFSET_SHIFT	12	12	2089
B	RTL8367B_SCHEDULE_PORT0_APR_METER_CTRL0_QUEUE4_APR_METER_MASK		MASK	0x7000	28672	2090
B	RTL8367B_SCHEDULE_PORT0_APR_METER_CTRL0_QUEUE3_APR_METER_OFFSET		OFFSET_SHIFT	9	9	2091
B	RTL8367B_SCHEDULE_PORT0_APR_METER_CTRL0_QUEUE3_APR_METER_MASK		MASK	0xE00	3584	2092
B	RTL8367B_SCHEDULE_PORT0_APR_METER_CTRL0_QUEUE2_APR_METER_OFFSET		OFFSET_SHIFT	6	6	2093
B	RTL8367B_SCHEDULE_PORT0_APR_METER_CTRL0_QUEUE2_APR_METER_MASK		MASK	0x1C0	448	2094
B	RTL8367B_SCHEDULE_PORT0_APR_METER_CTRL0_QUEUE1_APR_METER_OFFSET		OFFSET_SHIFT	3	3	2095
B	RTL8367B_SCHEDULE_PORT0_APR_METER_CTRL0_QUEUE1_APR_METER_MASK		MASK	0x38	56	2096
B	RTL8367B_SCHEDULE_PORT0_APR_METER_CTRL0_QUEUE0_APR_METER_OFFSET		OFFSET_SHIFT	0	0	2097
B	RTL8367B_SCHEDULE_PORT0_APR_METER_CTRL0_QUEUE0_APR_METER_MASK		MASK	0x7	7	2098
B	RTL8367B_REG_SCHEDULE_PORT0_APR_METER_CTRL1		REGISTER	0x03ad	941	2100
B	RTL8367B_SCHEDULE_PORT0_APR_METER_CTRL1_QUEUE7_APR_METER_OFFSET		OFFSET_SHIFT	6	6	2101
B	RTL8367B_SCHEDULE_PORT0_APR_METER_CTRL1_QUEUE7_APR_METER_MASK		MASK	0x1C0	448	2102
B	RTL8367B_SCHEDULE_PORT0_APR_METER_CTRL1_QUEUE6_APR_METER_OFFSET		OFFSET_SHIFT	3	3	2103
B	RTL8367B_SCHEDULE_PORT0_APR_METER_CTRL1_QUEUE6_APR_METER_MASK		MASK	0x38	56	2104
B	RTL8367B_SCHEDULE_PORT0_APR_METER_CTRL1_QUEUE5_APR_METER_OFFSET		OFFSET_SHIFT	0	0	2105
B	RTL8367B_SCHEDULE_PORT0_APR_METER_CTRL1_QUEUE5_APR_METER_MASK		MASK	0x7	7	2106
B	RTL8367B_REG_SCHEDULE_PORT1_APR_METER_CTRL0		REGISTER	0x03b0	944	2108
B	RTL8367B_SCHEDULE_PORT1_APR_METER_CTRL0_QUEUE4_APR_METER_OFFSET		OFFSET_SHIFT	12	12	2109
B	RTL8367B_SCHEDULE_PORT1_APR_METER_CTRL0_QUEUE4_APR_METER_MASK		MASK	0x7000	28672	2110
B	RTL8367B_SCHEDULE_PORT1_APR_METER_CTRL0_QUEUE3_APR_METER_OFFSET		OFFSET_SHIFT	9	9	2111
B	RTL8367B_SCHEDULE_PORT1_APR_METER_CTRL0_QUEUE3_APR_METER_MASK		MASK	0xE00	3584	2112
B	RTL8367B_SCHEDULE_PORT1_APR_METER_CTRL0_QUEUE2_APR_METER_OFFSET		OFFSET_SHIFT	6	6	2113
B	RTL8367B_SCHEDULE_PORT1_APR_METER_CTRL0_QUEUE2_APR_METER_MASK		MASK	0x1C0	448	2114
B	RTL8367B_SCHEDULE_PORT1_APR_METER_CTRL0_QUEUE1_APR_METER_OFFSET		OFFSET_SHIFT	3	3	2115
B	RTL8367B_SCHEDULE_PORT1_APR_METER_CTRL0_QUEUE1_APR_METER_MASK		MASK	0x38	56	2116
B	RTL8367B_SCHEDULE_PORT1_APR_METER_CTRL0_QUEUE0_APR_METER_OFFSET		OFFSET_SHIFT	0	0	2117
B	RTL8367B_SCHEDULE_PORT1_APR_METER_CTRL0_QUEUE0_APR_METER_MASK		MASK	0x7	7	2118
B	RTL8367B_REG_SCHEDULE_PORT1_APR_METER_CTRL1		REGISTER	0x03b1	945	2120
B	RTL8367B_SCHEDULE_PORT1_APR_METER_CTRL1_QUEUE7_APR_METER_OFFSET		OFFSET_SHIFT	6	6	2121
B	RTL8367B_SCHEDULE_PORT1_APR_METER_CTRL1_QUEUE7_APR_METER_MASK		MASK	0x1C0	448	2122
B	RTL8367B_SCHEDULE_PORT1_APR_METER_CTRL1_QUEUE6_APR_METER_OFFSET		OFFSET_SHIFT	3	3	2123
B	RTL8367B_SCHEDULE_PORT1_APR_METER_CTRL1_QUEUE6_APR_METER_MASK		MASK	0x38	56	2124
B	RTL8367B_SCHEDULE_PORT1_APR_METER_CTRL1_QUEUE5_APR_METER_OFFSET		OFFSET_SHIFT	0	0	2125
B	RTL8367B_SCHEDULE_PORT1_APR_METER_CTRL1_QUEUE5_APR_METER_MASK		MASK	0x7	7	2126
B	RTL8367B_REG_SCHEDULE_PORT2_APR_METER_CTRL0		REGISTER	0x03b4	948	2128
B	RTL8367B_SCHEDULE_PORT2_APR_METER_CTRL0_QUEUE4_APR_METER_OFFSET		OFFSET_SHIFT	12	12	2129
B	RTL8367B_SCHEDULE_PORT2_APR_METER_CTRL0_QUEUE4_APR_METER_MASK		MASK	0x7000	28672	2130
B	RTL8367B_SCHEDULE_PORT2_APR_METER_CTRL0_QUEUE3_APR_METER_OFFSET		OFFSET_SHIFT	9	9	2131
B	RTL8367B_SCHEDULE_PORT2_APR_METER_CTRL0_QUEUE3_APR_METER_MASK		MASK	0xE00	3584	2132
B	RTL8367B_SCHEDULE_PORT2_APR_METER_CTRL0_QUEUE2_APR_METER_OFFSET		OFFSET_SHIFT	6	6	2133
B	RTL8367B_SCHEDULE_PORT2_APR_METER_CTRL0_QUEUE2_APR_METER_MASK		MASK	0x1C0	448	2134
B	RTL8367B_SCHEDULE_PORT2_APR_METER_CTRL0_QUEUE1_APR_METER_OFFSET		OFFSET_SHIFT	3	3	2135
B	RTL8367B_SCHEDULE_PORT2_APR_METER_CTRL0_QUEUE1_APR_METER_MASK		MASK	0x38	56	2136
B	RTL8367B_SCHEDULE_PORT2_APR_METER_CTRL0_QUEUE0_APR_METER_OFFSET		OFFSET_SHIFT	0	0	2137
B	RTL8367B_SCHEDULE_PORT2_APR_METER_CTRL0_QUEUE0_APR_METER_MASK		MASK	0x7	7	2138
B	RTL8367B_REG_SCHEDULE_PORT2_APR_METER_CTRL1		REGISTER	0x03b5	949	2140
B	RTL8367B_SCHEDULE_PORT2_APR_METER_CTRL1_QUEUE7_APR_METER_OFFSET		OFFSET_SHIFT	6	6	2141
B	RTL8367B_SCHEDULE_PORT2_APR_METER_CTRL1_QUEUE7_APR_METER_MASK		MASK	0x1C0	448	2142
B	RTL8367B_SCHEDULE_PORT2_APR_METER_CTRL1_QUEUE6_APR_METER_OFFSET		OFFSET_SHIFT	3	3	2143
B	RTL8367B_SCHEDULE_PORT2_APR_METER_CTRL1_QUEUE6_APR_METER_MASK		MASK	0x38	56	2144
B	RTL8367B_SCHEDULE_PORT2_APR_METER_CTRL1_QUEUE5_APR_METER_OFFSET		OFFSET_SHIFT	0	0	2145
B	RTL8367B_SCHEDULE_PORT2_APR_METER_CTRL1_QUEUE5_APR_METER_MASK		MASK	0x7	7	2146
B	RTL8367B_REG_SCHEDULE_PORT3_APR_METER_CTRL0		REGISTER	0x03b8	952	2148
B	RTL8367B_SCHEDULE_PORT3_APR_METER_CTRL0_QUEUE4_APR_METER_OFFSET		OFFSET_SHIFT	12	12	2149
B	RTL8367B_SCHEDULE_PORT3_APR_METER_CTRL0_QUEUE4_APR_METER_MASK		MASK	0x7000	28672	2150
B	RTL8367B_SCHEDULE_PORT3_APR_METER_CTRL0_QUEUE3_APR_METER_OFFSET		OFFSET_SHIFT	9	9	2151
B	RTL8367B_SCHEDULE_PORT3_APR_METER_CTRL0_QUEUE3_APR_METER_MASK		MASK	0xE00	3584	2152
B	RTL8367B_SCHEDULE_PORT3_APR_METER_CTRL0_QUEUE2_APR_METER_OFFSET		OFFSET_SHIFT	6	6	2153
B	RTL8367B_SCHEDULE_PORT3_APR_METER_CTRL0_QUEUE2_APR_METER_MASK		MASK	0x1C0	448	2154
B	RTL8367B_SCHEDULE_PORT3_APR_METER_CTRL0_QUEUE1_APR_METER_OFFSET		OFFSET_SHIFT	3	3	2155
B	RTL8367B_SCHEDULE_PORT3_APR_METER_CTRL0_QUEUE1_APR_METER_MASK		MASK	0x38	56	2156
B	RTL8367B_SCHEDULE_PORT3_APR_METER_CTRL0_QUEUE0_APR_METER_OFFSET		OFFSET_SHIFT	0	0	2157
B	RTL8367B_SCHEDULE_PORT3_APR_METER_CTRL0_QUEUE0_APR_METER_MASK		MASK	0x7	7	2158
B	RTL8367B_REG_SCHEDULE_PORT3_APR_METER_CTRL1		REGISTER	0x03b9	953	2160
B	RTL8367B_SCHEDULE_PORT3_APR_METER_CTRL1_QUEUE7_APR_METER_OFFSET		OFFSET_SHIFT	6	6	2161
B	RTL8367B_SCHEDULE_PORT3_APR_METER_CTRL1_QUEUE7_APR_METER_MASK		MASK	0x1C0	448	2162
B	RTL8367B_SCHEDULE_PORT3_APR_METER_CTRL1_QUEUE6_APR_METER_OFFSET		OFFSET_SHIFT	3	3	2163
B	RTL8367B_SCHEDULE_PORT3_APR_METER_CTRL1_QUEUE6_APR_METER_MASK		MASK	0x38	56	2164
B	RTL8367B_SCHEDULE_PORT3_APR_METER_CTRL1_QUEUE5_APR_METER_OFFSET		OFFSET_SHIFT	0	0	2165
B	RTL8367B_SCHEDULE_PORT3_APR_METER_CTRL1_QUEUE5_APR_METER_MASK		MASK	0x7	7	2166
B	RTL8367B_REG_SCHEDULE_PORT4_APR_METER_CTRL0		REGISTER	0x03bc	956	2168
B	RTL8367B_SCHEDULE_PORT4_APR_METER_CTRL0_QUEUE4_APR_METER_OFFSET		OFFSET_SHIFT	12	12	2169
B	RTL8367B_SCHEDULE_PORT4_APR_METER_CTRL0_QUEUE4_APR_METER_MASK		MASK	0x7000	28672	2170
B	RTL8367B_SCHEDULE_PORT4_APR_METER_CTRL0_QUEUE3_APR_METER_OFFSET		OFFSET_SHIFT	9	9	2171
B	RTL8367B_SCHEDULE_PORT4_APR_METER_CTRL0_QUEUE3_APR_METER_MASK		MASK	0xE00	3584	2172
B	RTL8367B_SCHEDULE_PORT4_APR_METER_CTRL0_QUEUE2_APR_METER_OFFSET		OFFSET_SHIFT	6	6	2173
B	RTL8367B_SCHEDULE_PORT4_APR_METER_CTRL0_QUEUE2_APR_METER_MASK		MASK	0x1C0	448	2174
B	RTL8367B_SCHEDULE_PORT4_APR_METER_CTRL0_QUEUE1_APR_METER_OFFSET		OFFSET_SHIFT	3	3	2175
B	RTL8367B_SCHEDULE_PORT4_APR_METER_CTRL0_QUEUE1_APR_METER_MASK		MASK	0x38	56	2176
B	RTL8367B_SCHEDULE_PORT4_APR_METER_CTRL0_QUEUE0_APR_METER_OFFSET		OFFSET_SHIFT	0	0	2177
B	RTL8367B_SCHEDULE_PORT4_APR_METER_CTRL0_QUEUE0_APR_METER_MASK		MASK	0x7	7	2178
B	RTL8367B_REG_SCHEDULE_PORT4_APR_METER_CTRL1		REGISTER	0x03bd	957	2180
B	RTL8367B_SCHEDULE_PORT4_APR_METER_CTRL1_QUEUE7_APR_METER_OFFSET		OFFSET_SHIFT	6	6	2181
B	RTL8367B_SCHEDULE_PORT4_APR_METER_CTRL1_QUEUE7_APR_METER_MASK		MASK	0x1C0	448	2182
B	RTL8367B_SCHEDULE_PORT4_APR_METER_CTRL1_QUEUE6_APR_METER_OFFSET		OFFSET_SHIFT	3	3	2183
B	RTL8367B_SCHEDULE_PORT4_APR_METER_CTRL1_QUEUE6_APR_METER_MASK		MASK	0x38	56	2184
B	RTL8367B_SCHEDULE_PORT4_APR_METER_CTRL1_QUEUE5_APR_METER_OFFSET		OFFSET_SHIFT	0	0	2185
B	RTL8367B_SCHEDULE_PORT4_APR_METER_CTRL1_QUEUE5_APR_METER_MASK		MASK	0x7	7	2186
B	RTL8367B_REG_SCHEDULE_PORT5_APR_METER_CTRL0		REGISTER	0x03c0	960	2188
B	RTL8367B_SCHEDULE_PORT5_APR_METER_CTRL0_QUEUE4_APR_METER_OFFSET		OFFSET_SHIFT	12	12	2189
B	RTL8367B_SCHEDULE_PORT5_APR_METER_CTRL0_QUEUE4_APR_METER_MASK		MASK	0x7000	28672	2190
B	RTL8367B_SCHEDULE_PORT5_APR_METER_CTRL0_QUEUE3_APR_METER_OFFSET		OFFSET_SHIFT	9	9	2191
B	RTL8367B_SCHEDULE_PORT5_APR_METER_CTRL0_QUEUE3_APR_METER_MASK		MASK	0xE00	3584	2192
B	RTL8367B_SCHEDULE_PORT5_APR_METER_CTRL0_QUEUE2_APR_METER_OFFSET		OFFSET_SHIFT	6	6	2193
B	RTL8367B_SCHEDULE_PORT5_APR_METER_CTRL0_QUEUE2_APR_METER_MASK		MASK	0x1C0	448	2194
B	RTL8367B_SCHEDULE_PORT5_APR_METER_CTRL0_QUEUE1_APR_METER_OFFSET		OFFSET_SHIFT	3	3	2195
B	RTL8367B_SCHEDULE_PORT5_APR_METER_CTRL0_QUEUE1_APR_METER_MASK		MASK	0x38	56	2196
B	RTL8367B_SCHEDULE_PORT5_APR_METER_CTRL0_QUEUE0_APR_METER_OFFSET		OFFSET_SHIFT	0	0	2197
B	RTL8367B_SCHEDULE_PORT5_APR_METER_CTRL0_QUEUE0_APR_METER_MASK		MASK	0x7	7	2198
B	RTL8367B_REG_SCHEDULE_PORT5_APR_METER_CTRL1		REGISTER	0x03c1	961	2200
B	RTL8367B_SCHEDULE_PORT5_APR_METER_CTRL1_QUEUE7_APR_METER_OFFSET		OFFSET_SHIFT	6	6	2201
B	RTL8367B_SCHEDULE_PORT5_APR_METER_CTRL1_QUEUE7_APR_METER_MASK		MASK	0x1C0	448	2202
B	RTL8367B_SCHEDULE_PORT5_APR_METER_CTRL1_QUEUE6_APR_METER_OFFSET		OFFSET_SHIFT	3	3	2203
B	RTL8367B_SCHEDULE_PORT5_APR_METER_CTRL1_QUEUE6_APR_METER_MASK		MASK	0x38	56	2204
B	RTL8367B_SCHEDULE_PORT5_APR_METER_CTRL1_QUEUE5_APR_METER_OFFSET		OFFSET_SHIFT	0	0	2205
B	RTL8367B_SCHEDULE_PORT5_APR_METER_CTRL1_QUEUE5_APR_METER_MASK		MASK	0x7	7	2206
B	RTL8367B_REG_SCHEDULE_PORT6_APR_METER_CTRL0		REGISTER	0x03c4	964	2208
B	RTL8367B_SCHEDULE_PORT6_APR_METER_CTRL0_QUEUE4_APR_METER_OFFSET		OFFSET_SHIFT	12	12	2209
B	RTL8367B_SCHEDULE_PORT6_APR_METER_CTRL0_QUEUE4_APR_METER_MASK		MASK	0x7000	28672	2210
B	RTL8367B_SCHEDULE_PORT6_APR_METER_CTRL0_QUEUE3_APR_METER_OFFSET		OFFSET_SHIFT	9	9	2211
B	RTL8367B_SCHEDULE_PORT6_APR_METER_CTRL0_QUEUE3_APR_METER_MASK		MASK	0xE00	3584	2212
B	RTL8367B_SCHEDULE_PORT6_APR_METER_CTRL0_QUEUE2_APR_METER_OFFSET		OFFSET_SHIFT	6	6	2213
B	RTL8367B_SCHEDULE_PORT6_APR_METER_CTRL0_QUEUE2_APR_METER_MASK		MASK	0x1C0	448	2214
B	RTL8367B_SCHEDULE_PORT6_APR_METER_CTRL0_QUEUE1_APR_METER_OFFSET		OFFSET_SHIFT	3	3	2215
B	RTL8367B_SCHEDULE_PORT6_APR_METER_CTRL0_QUEUE1_APR_METER_MASK		MASK	0x38	56	2216
B	RTL8367B_SCHEDULE_PORT6_APR_METER_CTRL0_QUEUE0_APR_METER_OFFSET		OFFSET_SHIFT	0	0	2217
B	RTL8367B_SCHEDULE_PORT6_APR_METER_CTRL0_QUEUE0_APR_METER_MASK		MASK	0x7	7	2218
B	RTL8367B_REG_SCHEDULE_PORT6_APR_METER_CTRL1		REGISTER	0x03c5	965	2220
B	RTL8367B_SCHEDULE_PORT6_APR_METER_CTRL1_QUEUE7_APR_METER_OFFSET		OFFSET_SHIFT	6	6	2221
B	RTL8367B_SCHEDULE_PORT6_APR_METER_CTRL1_QUEUE7_APR_METER_MASK		MASK	0x1C0	448	2222
B	RTL8367B_SCHEDULE_PORT6_APR_METER_CTRL1_QUEUE6_APR_METER_OFFSET		OFFSET_SHIFT	3	3	2223
B	RTL8367B_SCHEDULE_PORT6_APR_METER_CTRL1_QUEUE6_APR_METER_MASK		MASK	0x38	56	2224
B	RTL8367B_SCHEDULE_PORT6_APR_METER_CTRL1_QUEUE5_APR_METER_OFFSET		OFFSET_SHIFT	0	0	2225
B	RTL8367B_SCHEDULE_PORT6_APR_METER_CTRL1_QUEUE5_APR_METER_MASK		MASK	0x7	7	2226
B	RTL8367B_REG_SCHEDULE_PORT7_APR_METER_CTRL0		REGISTER	0x03c8	968	2228
B	RTL8367B_SCHEDULE_PORT7_APR_METER_CTRL0_QUEUE4_APR_METER_OFFSET		OFFSET_SHIFT	12	12	2229
B	RTL8367B_SCHEDULE_PORT7_APR_METER_CTRL0_QUEUE4_APR_METER_MASK		MASK	0x7000	28672	2230
B	RTL8367B_SCHEDULE_PORT7_APR_METER_CTRL0_QUEUE3_APR_METER_OFFSET		OFFSET_SHIFT	9	9	2231
B	RTL8367B_SCHEDULE_PORT7_APR_METER_CTRL0_QUEUE3_APR_METER_MASK		MASK	0xE00	3584	2232
B	RTL8367B_SCHEDULE_PORT7_APR_METER_CTRL0_QUEUE2_APR_METER_OFFSET		OFFSET_SHIFT	6	6	2233
B	RTL8367B_SCHEDULE_PORT7_APR_METER_CTRL0_QUEUE2_APR_METER_MASK		MASK	0x1C0	448	2234
B	RTL8367B_SCHEDULE_PORT7_APR_METER_CTRL0_QUEUE1_APR_METER_OFFSET		OFFSET_SHIFT	3	3	2235
B	RTL8367B_SCHEDULE_PORT7_APR_METER_CTRL0_QUEUE1_APR_METER_MASK		MASK	0x38	56	2236
B	RTL8367B_SCHEDULE_PORT7_APR_METER_CTRL0_QUEUE0_APR_METER_OFFSET		OFFSET_SHIFT	0	0	2237
B	RTL8367B_SCHEDULE_PORT7_APR_METER_CTRL0_QUEUE0_APR_METER_MASK		MASK	0x7	7	2238
B	RTL8367B_REG_SCHEDULE_PORT7_APR_METER_CTRL1		REGISTER	0x03c9	969	2240
B	RTL8367B_SCHEDULE_PORT7_APR_METER_CTRL1_QUEUE7_APR_METER_OFFSET		OFFSET_SHIFT	6	6	2241
B	RTL8367B_SCHEDULE_PORT7_APR_METER_CTRL1_QUEUE7_APR_METER_MASK		MASK	0x1C0	448	2242
B	RTL8367B_SCHEDULE_PORT7_APR_METER_CTRL1_QUEUE6_APR_METER_OFFSET		OFFSET_SHIFT	3	3	2243
B	RTL8367B_SCHEDULE_PORT7_APR_METER_CTRL1_QUEUE6_APR_METER_MASK		MASK	0x38	56	2244
B	RTL8367B_SCHEDULE_PORT7_APR_METER_CTRL1_QUEUE5_APR_METER_OFFSET		OFFSET_SHIFT	0	0	2245
B	RTL8367B_SCHEDULE_PORT7_APR_METER_CTRL1_QUEUE5_APR_METER_MASK		MASK	0x7	7	2246
B	RTL8367B_REG_LINE_RATE_1G_L		REGISTER	0x03ec	1004	2248
B	RTL8367B_REG_LINE_RATE_1G_H		REGISTER	0x03ed	1005	2250
B	RTL8367B_LINE_RATE_1G_H_OFFSET		OFFSET_SHIFT	0	0	2251
B	RTL8367B_LINE_RATE_1G_H_MASK		MASK	0x1	1	2252
B	RTL8367B_REG_LINE_RATE_100_L		REGISTER	0x03ee	1006	2254
B	RTL8367B_REG_LINE_RATE_100_H		REGISTER	0x03ef	1007	2256
B	RTL8367B_LINE_RATE_100_H_OFFSET		OFFSET_SHIFT	0	0	2257
B	RTL8367B_LINE_RATE_100_H_MASK		MASK	0x1	1	2258
B	RTL8367B_REG_LINE_RATE_10_L		REGISTER	0x03f0	1008	2260
B	RTL8367B_REG_LINE_RATE_10_H		REGISTER	0x03f1	1009	2262
B	RTL8367B_LINE_RATE_10_H_OFFSET		OFFSET_SHIFT	0	0	2263
B	RTL8367B_LINE_RATE_10_H_MASK		MASK	0x1	1	2264
B	RTL8367B_REG_DUMMY_03f2		REGISTER	0x03f2	1010	2266
B	RTL8367B_REG_DUMMY_03f3		REGISTER	0x03f3	1011	2268
B	RTL8367B_REG_DUMMY_03f4		REGISTER	0x03f4	1012	2270
B	RTL8367B_REG_DUMMY_03f5		REGISTER	0x03f5	1013	2272
B	RTL8367B_REG_DUMMY_03f6		REGISTER	0x03f6	1014	2274
B	RTL8367B_REG_BYPASS_LINE_RATE		REGISTER	0x03f7	1015	2276
B	RTL8367B_BYPASS_PORT7_CONSTRAINT_OFFSET		OFFSET_SHIFT	2	2	2277
B	RTL8367B_BYPASS_PORT7_CONSTRAINT_MASK		MASK	0x4	4	2278
B	RTL8367B_BYPASS_PORT6_CONSTRAINT_OFFSET		OFFSET_SHIFT	1	1	2279
B	RTL8367B_BYPASS_PORT6_CONSTRAINT_MASK		MASK	0x2	2	2280
B	RTL8367B_BYPASS_PORT5_CONSTRAINT_OFFSET		OFFSET_SHIFT	0	0	2281
B	RTL8367B_BYPASS_PORT5_CONSTRAINT_MASK		MASK	0x1	1	2282
B	RTL8367B_REG_TABLE_ACCESS_CTRL		REGISTER	0x0500	1280	2286
B	RTL8367B_SPA_OFFSET		OFFSET_SHIFT	8	8	2287
B	RTL8367B_SPA_MASK		MASK	0x700	1792	2288
B	RTL8367B_ACCESS_METHOD_OFFSET		OFFSET_SHIFT	4	4	2289
B	RTL8367B_ACCESS_METHOD_MASK		MASK	0x70	112	2290
B	RTL8367B_COMMAND_TYPE_OFFSET		OFFSET_SHIFT	3	3	2291
B	RTL8367B_COMMAND_TYPE_MASK		MASK	0x8	8	2292
B	RTL8367B_TABLE_TYPE_OFFSET		OFFSET_SHIFT	0	0	2293
B	RTL8367B_TABLE_TYPE_MASK		MASK	0x7	7	2294
B	RTL8367B_REG_TABLE_ACCESS_ADDR		REGISTER	0x0501	1281	2296
B	RTL8367B_TABLE_ACCESS_ADDR_OFFSET		OFFSET_SHIFT	0	0	2297
B	RTL8367B_TABLE_ACCESS_ADDR_MASK		MASK	0xFFF	4095	2298
B	RTL8367B_REG_TABLE_LUT_ADDR		REGISTER	0x0502	1282	2300
B	RTL8367B_TABLE_LUT_ADDR_BUSY_FLAG_OFFSET		OFFSET_SHIFT	13	13	2301
B	RTL8367B_TABLE_LUT_ADDR_BUSY_FLAG_MASK		MASK	0x2000	8192	2302
B	RTL8367B_HIT_STATUS_OFFSET		OFFSET_SHIFT	12	12	2303
B	RTL8367B_HIT_STATUS_MASK		MASK	0x1000	4096	2304
B	RTL8367B_TYPE_OFFSET		OFFSET_SHIFT	11	11	2305
B	RTL8367B_TYPE_MASK		MASK	0x800	2048	2306
B	RTL8367B_TABLE_LUT_ADDR_ADDRESS_OFFSET		OFFSET_SHIFT	0	0	2307
B	RTL8367B_TABLE_LUT_ADDR_ADDRESS_MASK		MASK	0x7FF	2047	2308
B	RTL8367B_REG_TABLE_WRITE_DATA0		REGISTER	0x0510	1296	2310
B	RTL8367B_REG_TABLE_WRITE_DATA1		REGISTER	0x0511	1297	2312
B	RTL8367B_REG_TABLE_WRITE_DATA2		REGISTER	0x0512	1298	2314
B	RTL8367B_REG_TABLE_WRITE_DATA3		REGISTER	0x0513	1299	2316
B	RTL8367B_REG_TABLE_WRITE_DATA4		REGISTER	0x0514	1300	2318
B	RTL8367B_REG_TABLE_WRITE_DATA5		REGISTER	0x0515	1301	2320
B	RTL8367B_REG_TABLE_WRITE_DATA6		REGISTER	0x0516	1302	2322
B	RTL8367B_REG_TABLE_WRITE_DATA7		REGISTER	0x0517	1303	2324
B	RTL8367B_REG_TABLE_WRITE_DATA8		REGISTER	0x0518	1304	2326
B	RTL8367B_REG_TABLE_WRITE_DATA9		REGISTER	0x0519	1305	2328
B	RTL8367B_TABLE_WRITE_DATA9_OFFSET		OFFSET_SHIFT	0	0	2329
B	RTL8367B_TABLE_WRITE_DATA9_MASK		MASK	0x1	1	2330
B	RTL8367B_REG_TABLE_READ_DATA0		REGISTER	0x0520	1312	2332
B	RTL8367B_REG_TABLE_READ_DATA1		REGISTER	0x0521	1313	2334
B	RTL8367B_REG_TABLE_READ_DATA2		REGISTER	0x0522	1314	2336
B	RTL8367B_REG_TABLE_READ_DATA3		REGISTER	0x0523	1315	2338
B	RTL8367B_REG_TABLE_READ_DATA4		REGISTER	0x0524	1316	2340
B	RTL8367B_REG_TABLE_READ_DATA5		REGISTER	0x0525	1317	2342
B	RTL8367B_REG_TABLE_READ_DATA6		REGISTER	0x0526	1318	2344
B	RTL8367B_REG_TABLE_READ_DATA7		REGISTER	0x0527	1319	2346
B	RTL8367B_REG_TABLE_READ_DATA8		REGISTER	0x0528	1320	2348
B	RTL8367B_REG_TABLE_READ_DATA9		REGISTER	0x0529	1321	2350
B	RTL8367B_TABLE_READ_DATA9_OFFSET		OFFSET_SHIFT	0	0	2351
B	RTL8367B_TABLE_READ_DATA9_MASK		MASK	0x1	1	2352
B	RTL8367B_REG_TBL_DUMMY00		REGISTER	0x0550	1360	2354
B	RTL8367B_REG_TBL_DUMMY01		REGISTER	0x0551	1361	2356
B	RTL8367B_REG_ACL_RULE_TEMPLATE0_CTRL0		REGISTER	0x0600	1536	2360
B	RTL8367B_ACL_RULE_TEMPLATE0_CTRL0_FIELD1_OFFSET		OFFSET_SHIFT	8	8	2361
B	RTL8367B_ACL_RULE_TEMPLATE0_CTRL0_FIELD1_MASK		MASK	0x7F00	32512	2362
B	RTL8367B_ACL_RULE_TEMPLATE0_CTRL0_FIELD0_OFFSET		OFFSET_SHIFT	0	0	2363
B	RTL8367B_ACL_RULE_TEMPLATE0_CTRL0_FIELD0_MASK		MASK	0x7F	127	2364
B	RTL8367B_REG_ACL_RULE_TEMPLATE0_CTRL1		REGISTER	0x0601	1537	2366
B	RTL8367B_ACL_RULE_TEMPLATE0_CTRL1_FIELD3_OFFSET		OFFSET_SHIFT	8	8	2367
B	RTL8367B_ACL_RULE_TEMPLATE0_CTRL1_FIELD3_MASK		MASK	0x7F00	32512	2368
B	RTL8367B_ACL_RULE_TEMPLATE0_CTRL1_FIELD2_OFFSET		OFFSET_SHIFT	0	0	2369
B	RTL8367B_ACL_RULE_TEMPLATE0_CTRL1_FIELD2_MASK		MASK	0x7F	127	2370
B	RTL8367B_REG_ACL_RULE_TEMPLATE0_CTRL2		REGISTER	0x0602	1538	2372
B	RTL8367B_ACL_RULE_TEMPLATE0_CTRL2_FIELD5_OFFSET		OFFSET_SHIFT	8	8	2373
B	RTL8367B_ACL_RULE_TEMPLATE0_CTRL2_FIELD5_MASK		MASK	0x7F00	32512	2374
B	RTL8367B_ACL_RULE_TEMPLATE0_CTRL2_FIELD4_OFFSET		OFFSET_SHIFT	0	0	2375
B	RTL8367B_ACL_RULE_TEMPLATE0_CTRL2_FIELD4_MASK		MASK	0x7F	127	2376
B	RTL8367B_REG_ACL_RULE_TEMPLATE0_CTRL3		REGISTER	0x0603	1539	2378
B	RTL8367B_ACL_RULE_TEMPLATE0_CTRL3_FIELD7_OFFSET		OFFSET_SHIFT	8	8	2379
B	RTL8367B_ACL_RULE_TEMPLATE0_CTRL3_FIELD7_MASK		MASK	0x7F00	32512	2380
B	RTL8367B_ACL_RULE_TEMPLATE0_CTRL3_FIELD6_OFFSET		OFFSET_SHIFT	0	0	2381
B	RTL8367B_ACL_RULE_TEMPLATE0_CTRL3_FIELD6_MASK		MASK	0x7F	127	2382
B	RTL8367B_REG_ACL_RULE_TEMPLATE1_CTRL0		REGISTER	0x0604	1540	2384
B	RTL8367B_ACL_RULE_TEMPLATE1_CTRL0_FIELD1_OFFSET		OFFSET_SHIFT	8	8	2385
B	RTL8367B_ACL_RULE_TEMPLATE1_CTRL0_FIELD1_MASK		MASK	0x7F00	32512	2386
B	RTL8367B_ACL_RULE_TEMPLATE1_CTRL0_FIELD0_OFFSET		OFFSET_SHIFT	0	0	2387
B	RTL8367B_ACL_RULE_TEMPLATE1_CTRL0_FIELD0_MASK		MASK	0x7F	127	2388
B	RTL8367B_REG_ACL_RULE_TEMPLATE1_CTRL1		REGISTER	0x0605	1541	2390
B	RTL8367B_ACL_RULE_TEMPLATE1_CTRL1_FIELD3_OFFSET		OFFSET_SHIFT	8	8	2391
B	RTL8367B_ACL_RULE_TEMPLATE1_CTRL1_FIELD3_MASK		MASK	0x7F00	32512	2392
B	RTL8367B_ACL_RULE_TEMPLATE1_CTRL1_FIELD2_OFFSET		OFFSET_SHIFT	0	0	2393
B	RTL8367B_ACL_RULE_TEMPLATE1_CTRL1_FIELD2_MASK		MASK	0x7F	127	2394
B	RTL8367B_REG_ACL_RULE_TEMPLATE1_CTRL2		REGISTER	0x0606	1542	2396
B	RTL8367B_ACL_RULE_TEMPLATE1_CTRL2_FIELD5_OFFSET		OFFSET_SHIFT	8	8	2397
B	RTL8367B_ACL_RULE_TEMPLATE1_CTRL2_FIELD5_MASK		MASK	0x7F00	32512	2398
B	RTL8367B_ACL_RULE_TEMPLATE1_CTRL2_FIELD4_OFFSET		OFFSET_SHIFT	0	0	2399
B	RTL8367B_ACL_RULE_TEMPLATE1_CTRL2_FIELD4_MASK		MASK	0x7F	127	2400
B	RTL8367B_REG_ACL_RULE_TEMPLATE1_CTRL3		REGISTER	0x0607	1543	2402
B	RTL8367B_ACL_RULE_TEMPLATE1_CTRL3_FIELD7_OFFSET		OFFSET_SHIFT	8	8	2403
B	RTL8367B_ACL_RULE_TEMPLATE1_CTRL3_FIELD7_MASK		MASK	0x7F00	32512	2404
B	RTL8367B_ACL_RULE_TEMPLATE1_CTRL3_FIELD6_OFFSET		OFFSET_SHIFT	0	0	2405
B	RTL8367B_ACL_RULE_TEMPLATE1_CTRL3_FIELD6_MASK		MASK	0x7F	127	2406
B	RTL8367B_REG_ACL_RULE_TEMPLATE2_CTRL0		REGISTER	0x0608	1544	2408
B	RTL8367B_ACL_RULE_TEMPLATE2_CTRL0_FIELD1_OFFSET		OFFSET_SHIFT	8	8	2409
B	RTL8367B_ACL_RULE_TEMPLATE2_CTRL0_FIELD1_MASK		MASK	0x7F00	32512	2410
B	RTL8367B_ACL_RULE_TEMPLATE2_CTRL0_FIELD0_OFFSET		OFFSET_SHIFT	0	0	2411
B	RTL8367B_ACL_RULE_TEMPLATE2_CTRL0_FIELD0_MASK		MASK	0x7F	127	2412
B	RTL8367B_REG_ACL_RULE_TEMPLATE2_CTRL1		REGISTER	0x0609	1545	2414
B	RTL8367B_ACL_RULE_TEMPLATE2_CTRL1_FIELD3_OFFSET		OFFSET_SHIFT	8	8	2415
B	RTL8367B_ACL_RULE_TEMPLATE2_CTRL1_FIELD3_MASK		MASK	0x7F00	32512	2416
B	RTL8367B_ACL_RULE_TEMPLATE2_CTRL1_FIELD2_OFFSET		OFFSET_SHIFT	0	0	2417
B	RTL8367B_ACL_RULE_TEMPLATE2_CTRL1_FIELD2_MASK		MASK	0x7F	127	2418
B	RTL8367B_REG_ACL_RULE_TEMPLATE2_CTRL2		REGISTER	0x060a	1546	2420
B	RTL8367B_ACL_RULE_TEMPLATE2_CTRL2_FIELD5_OFFSET		OFFSET_SHIFT	8	8	2421
B	RTL8367B_ACL_RULE_TEMPLATE2_CTRL2_FIELD5_MASK		MASK	0x7F00	32512	2422
B	RTL8367B_ACL_RULE_TEMPLATE2_CTRL2_FIELD4_OFFSET		OFFSET_SHIFT	0	0	2423
B	RTL8367B_ACL_RULE_TEMPLATE2_CTRL2_FIELD4_MASK		MASK	0x7F	127	2424
B	RTL8367B_REG_ACL_RULE_TEMPLATE2_CTRL3		REGISTER	0x060b	1547	2426
B	RTL8367B_ACL_RULE_TEMPLATE2_CTRL3_FIELD7_OFFSET		OFFSET_SHIFT	8	8	2427
B	RTL8367B_ACL_RULE_TEMPLATE2_CTRL3_FIELD7_MASK		MASK	0x7F00	32512	2428
B	RTL8367B_ACL_RULE_TEMPLATE2_CTRL3_FIELD6_OFFSET		OFFSET_SHIFT	0	0	2429
B	RTL8367B_ACL_RULE_TEMPLATE2_CTRL3_FIELD6_MASK		MASK	0x7F	127	2430
B	RTL8367B_REG_ACL_RULE_TEMPLATE3_CTRL0		REGISTER	0x060c	1548	2432
B	RTL8367B_ACL_RULE_TEMPLATE3_CTRL0_FIELD1_OFFSET		OFFSET_SHIFT	8	8	2433
B	RTL8367B_ACL_RULE_TEMPLATE3_CTRL0_FIELD1_MASK		MASK	0x7F00	32512	2434
B	RTL8367B_ACL_RULE_TEMPLATE3_CTRL0_FIELD0_OFFSET		OFFSET_SHIFT	0	0	2435
B	RTL8367B_ACL_RULE_TEMPLATE3_CTRL0_FIELD0_MASK		MASK	0x7F	127	2436
B	RTL8367B_REG_ACL_RULE_TEMPLATE3_CTRL1		REGISTER	0x060d	1549	2438
B	RTL8367B_ACL_RULE_TEMPLATE3_CTRL1_FIELD3_OFFSET		OFFSET_SHIFT	8	8	2439
B	RTL8367B_ACL_RULE_TEMPLATE3_CTRL1_FIELD3_MASK		MASK	0x7F00	32512	2440
B	RTL8367B_ACL_RULE_TEMPLATE3_CTRL1_FIELD2_OFFSET		OFFSET_SHIFT	0	0	2441
B	RTL8367B_ACL_RULE_TEMPLATE3_CTRL1_FIELD2_MASK		MASK	0x7F	127	2442
B	RTL8367B_REG_ACL_RULE_TEMPLATE3_CTRL2		REGISTER	0x060e	1550	2444
B	RTL8367B_ACL_RULE_TEMPLATE3_CTRL2_FIELD5_OFFSET		OFFSET_SHIFT	8	8	2445
B	RTL8367B_ACL_RULE_TEMPLATE3_CTRL2_FIELD5_MASK		MASK	0x7F00	32512	2446
B	RTL8367B_ACL_RULE_TEMPLATE3_CTRL2_FIELD4_OFFSET		OFFSET_SHIFT	0	0	2447
B	RTL8367B_ACL_RULE_TEMPLATE3_CTRL2_FIELD4_MASK		MASK	0x7F	127	2448
B	RTL8367B_REG_ACL_RULE_TEMPLATE3_CTRL3		REGISTER	0x060f	1551	2450
B	RTL8367B_ACL_RULE_TEMPLATE3_CTRL3_FIELD7_OFFSET		OFFSET_SHIFT	8	8	2451
B	RTL8367B_ACL_RULE_TEMPLATE3_CTRL3_FIELD7_MASK		MASK	0x7F00	32512	2452
B	RTL8367B_ACL_RULE_TEMPLATE3_CTRL3_FIELD6_OFFSET		OFFSET_SHIFT	0	0	2453
B	RTL8367B_ACL_RULE_TEMPLATE3_CTRL3_FIELD6_MASK		MASK	0x7F	127	2454
B	RTL8367B_REG_ACL_RULE_TEMPLATE4_CTRL0		REGISTER	0x0610	1552	2456
B	RTL8367B_ACL_RULE_TEMPLATE4_CTRL0_FIELD1_OFFSET		OFFSET_SHIFT	8	8	2457
B	RTL8367B_ACL_RULE_TEMPLATE4_CTRL0_FIELD1_MASK		MASK	0x7F00	32512	2458
B	RTL8367B_ACL_RULE_TEMPLATE4_CTRL0_FIELD0_OFFSET		OFFSET_SHIFT	0	0	2459
B	RTL8367B_ACL_RULE_TEMPLATE4_CTRL0_FIELD0_MASK		MASK	0x7F	127	2460
B	RTL8367B_REG_ACL_RULE_TEMPLATE4_CTRL1		REGISTER	0x0611	1553	2462
B	RTL8367B_ACL_RULE_TEMPLATE4_CTRL1_FIELD3_OFFSET		OFFSET_SHIFT	8	8	2463
B	RTL8367B_ACL_RULE_TEMPLATE4_CTRL1_FIELD3_MASK		MASK	0x7F00	32512	2464
B	RTL8367B_ACL_RULE_TEMPLATE4_CTRL1_FIELD2_OFFSET		OFFSET_SHIFT	0	0	2465
B	RTL8367B_ACL_RULE_TEMPLATE4_CTRL1_FIELD2_MASK		MASK	0x7F	127	2466
B	RTL8367B_REG_ACL_RULE_TEMPLATE4_CTRL2		REGISTER	0x0612	1554	2468
B	RTL8367B_ACL_RULE_TEMPLATE4_CTRL2_FIELD5_OFFSET		OFFSET_SHIFT	8	8	2469
B	RTL8367B_ACL_RULE_TEMPLATE4_CTRL2_FIELD5_MASK		MASK	0x7F00	32512	2470
B	RTL8367B_ACL_RULE_TEMPLATE4_CTRL2_FIELD4_OFFSET		OFFSET_SHIFT	0	0	2471
B	RTL8367B_ACL_RULE_TEMPLATE4_CTRL2_FIELD4_MASK		MASK	0x7F	127	2472
B	RTL8367B_REG_ACL_RULE_TEMPLATE4_CTRL3		REGISTER	0x0613	1555	2474
B	RTL8367B_ACL_RULE_TEMPLATE4_CTRL3_FIELD7_OFFSET		OFFSET_SHIFT	8	8	2475
B	RTL8367B_ACL_RULE_TEMPLATE4_CTRL3_FIELD7_MASK		MASK	0x7F00	32512	2476
B	RTL8367B_ACL_RULE_TEMPLATE4_CTRL3_FIELD6_OFFSET		OFFSET_SHIFT	0	0	2477
B	RTL8367B_ACL_RULE_TEMPLATE4_CTRL3_FIELD6_MASK		MASK	0x7F	127	2478
B	RTL8367B_REG_ACL_ACTION_CTRL0		REGISTER	0x0614	1556	2480
B	RTL8367B_OP1_NOT_OFFSET		OFFSET_SHIFT	14	14	2481
B	RTL8367B_OP1_NOT_MASK		MASK	0x4000	16384	2482
B	RTL8367B_ACT1_GPIO_OFFSET		OFFSET_SHIFT	13	13	2483
B	RTL8367B_ACT1_GPIO_MASK		MASK	0x2000	8192	2484
B	RTL8367B_ACT1_FORWARD_OFFSET		OFFSET_SHIFT	12	12	2485
B	RTL8367B_ACT1_FORWARD_MASK		MASK	0x1000	4096	2486
B	RTL8367B_ACT1_POLICING_OFFSET		OFFSET_SHIFT	11	11	2487
B	RTL8367B_ACT1_POLICING_MASK		MASK	0x800	2048	2488
B	RTL8367B_ACT1_PRIORITY_OFFSET		OFFSET_SHIFT	10	10	2489
B	RTL8367B_ACT1_PRIORITY_MASK		MASK	0x400	1024	2490
B	RTL8367B_ACT1_SVID_OFFSET		OFFSET_SHIFT	9	9	2491
B	RTL8367B_ACT1_SVID_MASK		MASK	0x200	512	2492
B	RTL8367B_ACT1_CVID_OFFSET		OFFSET_SHIFT	8	8	2493
B	RTL8367B_ACT1_CVID_MASK		MASK	0x100	256	2494
B	RTL8367B_OP0_NOT_OFFSET		OFFSET_SHIFT	6	6	2495
B	RTL8367B_OP0_NOT_MASK		MASK	0x40	64	2496
B	RTL8367B_ACT0_GPIO_OFFSET		OFFSET_SHIFT	5	5	2497
B	RTL8367B_ACT0_GPIO_MASK		MASK	0x20	32	2498
B	RTL8367B_ACT0_FORWARD_OFFSET		OFFSET_SHIFT	4	4	2499
B	RTL8367B_ACT0_FORWARD_MASK		MASK	0x10	16	2500
B	RTL8367B_ACT0_POLICING_OFFSET		OFFSET_SHIFT	3	3	2501
B	RTL8367B_ACT0_POLICING_MASK		MASK	0x8	8	2502
B	RTL8367B_ACT0_PRIORITY_OFFSET		OFFSET_SHIFT	2	2	2503
B	RTL8367B_ACT0_PRIORITY_MASK		MASK	0x4	4	2504
B	RTL8367B_ACT0_SVID_OFFSET		OFFSET_SHIFT	1	1	2505
B	RTL8367B_ACT0_SVID_MASK		MASK	0x2	2	2506
B	RTL8367B_ACT0_CVID_OFFSET		OFFSET_SHIFT	0	0	2507
B	RTL8367B_ACT0_CVID_MASK		MASK	0x1	1	2508
B	RTL8367B_REG_ACL_ACTION_CTRL1		REGISTER	0x0615	1557	2510
B	RTL8367B_OP3_NOT_OFFSET		OFFSET_SHIFT	14	14	2511
B	RTL8367B_OP3_NOT_MASK		MASK	0x4000	16384	2512
B	RTL8367B_ACT3_GPIO_OFFSET		OFFSET_SHIFT	13	13	2513
B	RTL8367B_ACT3_GPIO_MASK		MASK	0x2000	8192	2514
B	RTL8367B_ACT3_FORWARD_OFFSET		OFFSET_SHIFT	12	12	2515
B	RTL8367B_ACT3_FORWARD_MASK		MASK	0x1000	4096	2516
B	RTL8367B_ACT3_POLICING_OFFSET		OFFSET_SHIFT	11	11	2517
B	RTL8367B_ACT3_POLICING_MASK		MASK	0x800	2048	2518
B	RTL8367B_ACT3_PRIORITY_OFFSET		OFFSET_SHIFT	10	10	2519
B	RTL8367B_ACT3_PRIORITY_MASK		MASK	0x400	1024	2520
B	RTL8367B_ACT3_SVID_OFFSET		OFFSET_SHIFT	9	9	2521
B	RTL8367B_ACT3_SVID_MASK		MASK	0x200	512	2522
B	RTL8367B_ACT3_CVID_OFFSET		OFFSET_SHIFT	8	8	2523
B	RTL8367B_ACT3_CVID_MASK		MASK	0x100	256	2524
B	RTL8367B_OP2_NOT_OFFSET		OFFSET_SHIFT	6	6	2525
B	RTL8367B_OP2_NOT_MASK		MASK	0x40	64	2526
B	RTL8367B_ACT2_GPIO_OFFSET		OFFSET_SHIFT	5	5	2527
B	RTL8367B_ACT2_GPIO_MASK		MASK	0x20	32	2528
B	RTL8367B_ACT2_FORWARD_OFFSET		OFFSET_SHIFT	4	4	2529
B	RTL8367B_ACT2_FORWARD_MASK		MASK	0x10	16	2530
B	RTL8367B_ACT2_POLICING_OFFSET		OFFSET_SHIFT	3	3	2531
B	RTL8367B_ACT2_POLICING_MASK		MASK	0x8	8	2532
B	RTL8367B_ACT2_PRIORITY_OFFSET		OFFSET_SHIFT	2	2	2533
B	RTL8367B_ACT2_PRIORITY_MASK		MASK	0x4	4	2534
B	RTL8367B_ACT2_SVID_OFFSET		OFFSET_SHIFT	1	1	2535
B	RTL8367B_ACT2_SVID_MASK		MASK	0x2	2	2536
B	RTL8367B_ACT2_CVID_OFFSET		OFFSET_SHIFT	0	0	2537
B	RTL8367B_ACT2_CVID_MASK		MASK	0x1	1	2538
B	RTL8367B_REG_ACL_ACTION_CTRL2		REGISTER	0x0616	1558	2540
B	RTL8367B_OP5_NOT_OFFSET		OFFSET_SHIFT	14	14	2541
B	RTL8367B_OP5_NOT_MASK		MASK	0x4000	16384	2542
B	RTL8367B_ACT5_GPIO_OFFSET		OFFSET_SHIFT	13	13	2543
B	RTL8367B_ACT5_GPIO_MASK		MASK	0x2000	8192	2544
B	RTL8367B_ACT5_FORWARD_OFFSET		OFFSET_SHIFT	12	12	2545
B	RTL8367B_ACT5_FORWARD_MASK		MASK	0x1000	4096	2546
B	RTL8367B_ACT5_POLICING_OFFSET		OFFSET_SHIFT	11	11	2547
B	RTL8367B_ACT5_POLICING_MASK		MASK	0x800	2048	2548
B	RTL8367B_ACT5_PRIORITY_OFFSET		OFFSET_SHIFT	10	10	2549
B	RTL8367B_ACT5_PRIORITY_MASK		MASK	0x400	1024	2550
B	RTL8367B_ACT5_SVID_OFFSET		OFFSET_SHIFT	9	9	2551
B	RTL8367B_ACT5_SVID_MASK		MASK	0x200	512	2552
B	RTL8367B_ACT5_CVID_OFFSET		OFFSET_SHIFT	8	8	2553
B	RTL8367B_ACT5_CVID_MASK		MASK	0x100	256	2554
B	RTL8367B_OP4_NOT_OFFSET		OFFSET_SHIFT	6	6	2555
B	RTL8367B_OP4_NOT_MASK		MASK	0x40	64	2556
B	RTL8367B_ACT4_GPIO_OFFSET		OFFSET_SHIFT	5	5	2557
B	RTL8367B_ACT4_GPIO_MASK		MASK	0x20	32	2558
B	RTL8367B_ACT4_FORWARD_OFFSET		OFFSET_SHIFT	4	4	2559
B	RTL8367B_ACT4_FORWARD_MASK		MASK	0x10	16	2560
B	RTL8367B_ACT4_POLICING_OFFSET		OFFSET_SHIFT	3	3	2561
B	RTL8367B_ACT4_POLICING_MASK		MASK	0x8	8	2562
B	RTL8367B_ACT4_PRIORITY_OFFSET		OFFSET_SHIFT	2	2	2563
B	RTL8367B_ACT4_PRIORITY_MASK		MASK	0x4	4	2564
B	RTL8367B_ACT4_SVID_OFFSET		OFFSET_SHIFT	1	1	2565
B	RTL8367B_ACT4_SVID_MASK		MASK	0x2	2	2566
B	RTL8367B_ACT4_CVID_OFFSET		OFFSET_SHIFT	0	0	2567
B	RTL8367B_ACT4_CVID_MASK		MASK	0x1	1	2568
B	RTL8367B_REG_ACL_ACTION_CTRL3		REGISTER	0x0617	1559	2570
B	RTL8367B_OP7_NOT_OFFSET		OFFSET_SHIFT	14	14	2571
B	RTL8367B_OP7_NOT_MASK		MASK	0x4000	16384	2572
B	RTL8367B_ACT7_GPIO_OFFSET		OFFSET_SHIFT	13	13	2573
B	RTL8367B_ACT7_GPIO_MASK		MASK	0x2000	8192	2574
B	RTL8367B_ACT7_FORWARD_OFFSET		OFFSET_SHIFT	12	12	2575
B	RTL8367B_ACT7_FORWARD_MASK		MASK	0x1000	4096	2576
B	RTL8367B_ACT7_POLICING_OFFSET		OFFSET_SHIFT	11	11	2577
B	RTL8367B_ACT7_POLICING_MASK		MASK	0x800	2048	2578
B	RTL8367B_ACT7_PRIORITY_OFFSET		OFFSET_SHIFT	10	10	2579
B	RTL8367B_ACT7_PRIORITY_MASK		MASK	0x400	1024	2580
B	RTL8367B_ACT7_SVID_OFFSET		OFFSET_SHIFT	9	9	2581
B	RTL8367B_ACT7_SVID_MASK		MASK	0x200	512	2582
B	RTL8367B_ACT7_CVID_OFFSET		OFFSET_SHIFT	8	8	2583
B	RTL8367B_ACT7_CVID_MASK		MASK	0x100	256	2584
B	RTL8367B_OP6_NOT_OFFSET		OFFSET_SHIFT	6	6	2585
B	RTL8367B_OP6_NOT_MASK		MASK	0x40	64	2586
B	RTL8367B_ACT6_GPIO_OFFSET		OFFSET_SHIFT	5	5	2587
B	RTL8367B_ACT6_GPIO_MASK		MASK	0x20	32	2588
B	RTL8367B_ACT6_FORWARD_OFFSET		OFFSET_SHIFT	4	4	2589
B	RTL8367B_ACT6_FORWARD_MASK		MASK	0x10	16	2590
B	RTL8367B_ACT6_POLICING_OFFSET		OFFSET_SHIFT	3	3	2591
B	RTL8367B_ACT6_POLICING_MASK		MASK	0x8	8	2592
B	RTL8367B_ACT6_PRIORITY_OFFSET		OFFSET_SHIFT	2	2	2593
B	RTL8367B_ACT6_PRIORITY_MASK		MASK	0x4	4	2594
B	RTL8367B_ACT6_SVID_OFFSET		OFFSET_SHIFT	1	1	2595
B	RTL8367B_ACT6_SVID_MASK		MASK	0x2	2	2596
B	RTL8367B_ACT6_CVID_OFFSET		OFFSET_SHIFT	0	0	2597
B	RTL8367B_ACT6_CVID_MASK		MASK	0x1	1	2598
B	RTL8367B_REG_ACL_ACTION_CTRL4		REGISTER	0x0618	1560	2600
B	RTL8367B_OP9_NOT_OFFSET		OFFSET_SHIFT	14	14	2601
B	RTL8367B_OP9_NOT_MASK		MASK	0x4000	16384	2602
B	RTL8367B_ACT9_GPIO_OFFSET		OFFSET_SHIFT	13	13	2603
B	RTL8367B_ACT9_GPIO_MASK		MASK	0x2000	8192	2604
B	RTL8367B_ACT9_FORWARD_OFFSET		OFFSET_SHIFT	12	12	2605
B	RTL8367B_ACT9_FORWARD_MASK		MASK	0x1000	4096	2606
B	RTL8367B_ACT9_POLICING_OFFSET		OFFSET_SHIFT	11	11	2607
B	RTL8367B_ACT9_POLICING_MASK		MASK	0x800	2048	2608
B	RTL8367B_ACT9_PRIORITY_OFFSET		OFFSET_SHIFT	10	10	2609
B	RTL8367B_ACT9_PRIORITY_MASK		MASK	0x400	1024	2610
B	RTL8367B_ACT9_SVID_OFFSET		OFFSET_SHIFT	9	9	2611
B	RTL8367B_ACT9_SVID_MASK		MASK	0x200	512	2612
B	RTL8367B_ACT9_CVID_OFFSET		OFFSET_SHIFT	8	8	2613
B	RTL8367B_ACT9_CVID_MASK		MASK	0x100	256	2614
B	RTL8367B_OP8_NOT_OFFSET		OFFSET_SHIFT	6	6	2615
B	RTL8367B_OP8_NOT_MASK		MASK	0x40	64	2616
B	RTL8367B_ACT8_GPIO_OFFSET		OFFSET_SHIFT	5	5	2617
B	RTL8367B_ACT8_GPIO_MASK		MASK	0x20	32	2618
B	RTL8367B_ACT8_FORWARD_OFFSET		OFFSET_SHIFT	4	4	2619
B	RTL8367B_ACT8_FORWARD_MASK		MASK	0x10	16	2620
B	RTL8367B_ACT8_POLICING_OFFSET		OFFSET_SHIFT	3	3	2621
B	RTL8367B_ACT8_POLICING_MASK		MASK	0x8	8	2622
B	RTL8367B_ACT8_PRIORITY_OFFSET		OFFSET_SHIFT	2	2	2623
B	RTL8367B_ACT8_PRIORITY_MASK		MASK	0x4	4	2624
B	RTL8367B_ACT8_SVID_OFFSET		OFFSET_SHIFT	1	1	2625
B	RTL8367B_ACT8_SVID_MASK		MASK	0x2	2	2626
B	RTL8367B_ACT8_CVID_OFFSET		OFFSET_SHIFT	0	0	2627
B	RTL8367B_ACT8_CVID_MASK		MASK	0x1	1	2628
B	RTL8367B_REG_ACL_ACTION_CTRL5		REGISTER	0x0619	1561	2630
B	RTL8367B_OP11_NOT_OFFSET		OFFSET_SHIFT	14	14	2631
B	RTL8367B_OP11_NOT_MASK		MASK	0x4000	16384	2632
B	RTL8367B_ACT11_GPIO_OFFSET		OFFSET_SHIFT	13	13	2633
B	RTL8367B_ACT11_GPIO_MASK		MASK	0x2000	8192	2634
B	RTL8367B_ACT11_FORWARD_OFFSET		OFFSET_SHIFT	12	12	2635
B	RTL8367B_ACT11_FORWARD_MASK		MASK	0x1000	4096	2636
B	RTL8367B_ACT11_POLICING_OFFSET		OFFSET_SHIFT	11	11	2637
B	RTL8367B_ACT11_POLICING_MASK		MASK	0x800	2048	2638
B	RTL8367B_ACT11_PRIORITY_OFFSET		OFFSET_SHIFT	10	10	2639
B	RTL8367B_ACT11_PRIORITY_MASK		MASK	0x400	1024	2640
B	RTL8367B_ACT11_SVID_OFFSET		OFFSET_SHIFT	9	9	2641
B	RTL8367B_ACT11_SVID_MASK		MASK	0x200	512	2642
B	RTL8367B_ACT11_CVID_OFFSET		OFFSET_SHIFT	8	8	2643
B	RTL8367B_ACT11_CVID_MASK		MASK	0x100	256	2644
B	RTL8367B_OP10_NOT_OFFSET		OFFSET_SHIFT	6	6	2645
B	RTL8367B_OP10_NOT_MASK		MASK	0x40	64	2646
B	RTL8367B_ACT10_GPIO_OFFSET		OFFSET_SHIFT	5	5	2647
B	RTL8367B_ACT10_GPIO_MASK		MASK	0x20	32	2648
B	RTL8367B_ACT10_FORWARD_OFFSET		OFFSET_SHIFT	4	4	2649
B	RTL8367B_ACT10_FORWARD_MASK		MASK	0x10	16	2650
B	RTL8367B_ACT10_POLICING_OFFSET		OFFSET_SHIFT	3	3	2651
B	RTL8367B_ACT10_POLICING_MASK		MASK	0x8	8	2652
B	RTL8367B_ACT10_PRIORITY_OFFSET		OFFSET_SHIFT	2	2	2653
B	RTL8367B_ACT10_PRIORITY_MASK		MASK	0x4	4	2654
B	RTL8367B_ACT10_SVID_OFFSET		OFFSET_SHIFT	1	1	2655
B	RTL8367B_ACT10_SVID_MASK		MASK	0x2	2	2656
B	RTL8367B_ACT10_CVID_OFFSET		OFFSET_SHIFT	0	0	2657
B	RTL8367B_ACT10_CVID_MASK		MASK	0x1	1	2658
B	RTL8367B_REG_ACL_ACTION_CTRL6		REGISTER	0x061a	1562	2660
B	RTL8367B_OP13_NOT_OFFSET		OFFSET_SHIFT	14	14	2661
B	RTL8367B_OP13_NOT_MASK		MASK	0x4000	16384	2662
B	RTL8367B_ACT13_GPIO_OFFSET		OFFSET_SHIFT	13	13	2663
B	RTL8367B_ACT13_GPIO_MASK		MASK	0x2000	8192	2664
B	RTL8367B_ACT13_FORWARD_OFFSET		OFFSET_SHIFT	12	12	2665
B	RTL8367B_ACT13_FORWARD_MASK		MASK	0x1000	4096	2666
B	RTL8367B_ACT13_POLICING_OFFSET		OFFSET_SHIFT	11	11	2667
B	RTL8367B_ACT13_POLICING_MASK		MASK	0x800	2048	2668
B	RTL8367B_ACT13_PRIORITY_OFFSET		OFFSET_SHIFT	10	10	2669
B	RTL8367B_ACT13_PRIORITY_MASK		MASK	0x400	1024	2670
B	RTL8367B_ACT13_SVID_OFFSET		OFFSET_SHIFT	9	9	2671
B	RTL8367B_ACT13_SVID_MASK		MASK	0x200	512	2672
B	RTL8367B_ACT13_CVID_OFFSET		OFFSET_SHIFT	8	8	2673
B	RTL8367B_ACT13_CVID_MASK		MASK	0x100	256	2674
B	RTL8367B_OP12_NOT_OFFSET		OFFSET_SHIFT	6	6	2675
B	RTL8367B_OP12_NOT_MASK		MASK	0x40	64	2676
B	RTL8367B_ACT12_GPIO_OFFSET		OFFSET_SHIFT	5	5	2677
B	RTL8367B_ACT12_GPIO_MASK		MASK	0x20	32	2678
B	RTL8367B_ACT12_FORWARD_OFFSET		OFFSET_SHIFT	4	4	2679
B	RTL8367B_ACT12_FORWARD_MASK		MASK	0x10	16	2680
B	RTL8367B_ACT12_POLICING_OFFSET		OFFSET_SHIFT	3	3	2681
B	RTL8367B_ACT12_POLICING_MASK		MASK	0x8	8	2682
B	RTL8367B_ACT12_PRIORITY_OFFSET		OFFSET_SHIFT	2	2	2683
B	RTL8367B_ACT12_PRIORITY_MASK		MASK	0x4	4	2684
B	RTL8367B_ACT12_SVID_OFFSET		OFFSET_SHIFT	1	1	2685
B	RTL8367B_ACT12_SVID_MASK		MASK	0x2	2	2686
B	RTL8367B_ACT12_CVID_OFFSET		OFFSET_SHIFT	0	0	2687
B	RTL8367B_ACT12_CVID_MASK		MASK	0x1	1	2688
B	RTL8367B_REG_ACL_ACTION_CTRL7		REGISTER	0x061b	1563	2690
B	RTL8367B_OP15_NOT_OFFSET		OFFSET_SHIFT	14	14	2691
B	RTL8367B_OP15_NOT_MASK		MASK	0x4000	16384	2692
B	RTL8367B_ACT15_GPIO_OFFSET		OFFSET_SHIFT	13	13	2693
B	RTL8367B_ACT15_GPIO_MASK		MASK	0x2000	8192	2694
B	RTL8367B_ACT15_FORWARD_OFFSET		OFFSET_SHIFT	12	12	2695
B	RTL8367B_ACT15_FORWARD_MASK		MASK	0x1000	4096	2696
B	RTL8367B_ACT15_POLICING_OFFSET		OFFSET_SHIFT	11	11	2697
B	RTL8367B_ACT15_POLICING_MASK		MASK	0x800	2048	2698
B	RTL8367B_ACT15_PRIORITY_OFFSET		OFFSET_SHIFT	10	10	2699
B	RTL8367B_ACT15_PRIORITY_MASK		MASK	0x400	1024	2700
B	RTL8367B_ACT15_SVID_OFFSET		OFFSET_SHIFT	9	9	2701
B	RTL8367B_ACT15_SVID_MASK		MASK	0x200	512	2702
B	RTL8367B_ACT15_CVID_OFFSET		OFFSET_SHIFT	8	8	2703
B	RTL8367B_ACT15_CVID_MASK		MASK	0x100	256	2704
B	RTL8367B_OP14_NOT_OFFSET		OFFSET_SHIFT	6	6	2705
B	RTL8367B_OP14_NOT_MASK		MASK	0x40	64	2706
B	RTL8367B_ACT14_GPIO_OFFSET		OFFSET_SHIFT	5	5	2707
B	RTL8367B_ACT14_GPIO_MASK		MASK	0x20	32	2708
B	RTL8367B_ACT14_FORWARD_OFFSET		OFFSET_SHIFT	4	4	2709
B	RTL8367B_ACT14_FORWARD_MASK		MASK	0x10	16	2710
B	RTL8367B_ACT14_POLICING_OFFSET		OFFSET_SHIFT	3	3	2711
B	RTL8367B_ACT14_POLICING_MASK		MASK	0x8	8	2712
B	RTL8367B_ACT14_PRIORITY_OFFSET		OFFSET_SHIFT	2	2	2713
B	RTL8367B_ACT14_PRIORITY_MASK		MASK	0x4	4	2714
B	RTL8367B_ACT14_SVID_OFFSET		OFFSET_SHIFT	1	1	2715
B	RTL8367B_ACT14_SVID_MASK		MASK	0x2	2	2716
B	RTL8367B_ACT14_CVID_OFFSET		OFFSET_SHIFT	0	0	2717
B	RTL8367B_ACT14_CVID_MASK		MASK	0x1	1	2718
B	RTL8367B_REG_ACL_ACTION_CTRL8		REGISTER	0x061c	1564	2720
B	RTL8367B_OP17_NOT_OFFSET		OFFSET_SHIFT	14	14	2721
B	RTL8367B_OP17_NOT_MASK		MASK	0x4000	16384	2722
B	RTL8367B_ACT17_GPIO_OFFSET		OFFSET_SHIFT	13	13	2723
B	RTL8367B_ACT17_GPIO_MASK		MASK	0x2000	8192	2724
B	RTL8367B_ACT17_FORWARD_OFFSET		OFFSET_SHIFT	12	12	2725
B	RTL8367B_ACT17_FORWARD_MASK		MASK	0x1000	4096	2726
B	RTL8367B_ACT17_POLICING_OFFSET		OFFSET_SHIFT	11	11	2727
B	RTL8367B_ACT17_POLICING_MASK		MASK	0x800	2048	2728
B	RTL8367B_ACT17_PRIORITY_OFFSET		OFFSET_SHIFT	10	10	2729
B	RTL8367B_ACT17_PRIORITY_MASK		MASK	0x400	1024	2730
B	RTL8367B_ACT17_SVID_OFFSET		OFFSET_SHIFT	9	9	2731
B	RTL8367B_ACT17_SVID_MASK		MASK	0x200	512	2732
B	RTL8367B_ACT17_CVID_OFFSET		OFFSET_SHIFT	8	8	2733
B	RTL8367B_ACT17_CVID_MASK		MASK	0x100	256	2734
B	RTL8367B_OP16_NOT_OFFSET		OFFSET_SHIFT	6	6	2735
B	RTL8367B_OP16_NOT_MASK		MASK	0x40	64	2736
B	RTL8367B_ACT16_GPIO_OFFSET		OFFSET_SHIFT	5	5	2737
B	RTL8367B_ACT16_GPIO_MASK		MASK	0x20	32	2738
B	RTL8367B_ACT16_FORWARD_OFFSET		OFFSET_SHIFT	4	4	2739
B	RTL8367B_ACT16_FORWARD_MASK		MASK	0x10	16	2740
B	RTL8367B_ACT16_POLICING_OFFSET		OFFSET_SHIFT	3	3	2741
B	RTL8367B_ACT16_POLICING_MASK		MASK	0x8	8	2742
B	RTL8367B_ACT16_PRIORITY_OFFSET		OFFSET_SHIFT	2	2	2743
B	RTL8367B_ACT16_PRIORITY_MASK		MASK	0x4	4	2744
B	RTL8367B_ACT16_SVID_OFFSET		OFFSET_SHIFT	1	1	2745
B	RTL8367B_ACT16_SVID_MASK		MASK	0x2	2	2746
B	RTL8367B_ACT16_CVID_OFFSET		OFFSET_SHIFT	0	0	2747
B	RTL8367B_ACT16_CVID_MASK		MASK	0x1	1	2748
B	RTL8367B_REG_ACL_ACTION_CTRL9		REGISTER	0x061d	1565	2750
B	RTL8367B_OP19_NOT_OFFSET		OFFSET_SHIFT	14	14	2751
B	RTL8367B_OP19_NOT_MASK		MASK	0x4000	16384	2752
B	RTL8367B_ACT19_GPIO_OFFSET		OFFSET_SHIFT	13	13	2753
B	RTL8367B_ACT19_GPIO_MASK		MASK	0x2000	8192	2754
B	RTL8367B_ACT19_FORWARD_OFFSET		OFFSET_SHIFT	12	12	2755
B	RTL8367B_ACT19_FORWARD_MASK		MASK	0x1000	4096	2756
B	RTL8367B_ACT19_POLICING_OFFSET		OFFSET_SHIFT	11	11	2757
B	RTL8367B_ACT19_POLICING_MASK		MASK	0x800	2048	2758
B	RTL8367B_ACT19_PRIORITY_OFFSET		OFFSET_SHIFT	10	10	2759
B	RTL8367B_ACT19_PRIORITY_MASK		MASK	0x400	1024	2760
B	RTL8367B_ACT19_SVID_OFFSET		OFFSET_SHIFT	9	9	2761
B	RTL8367B_ACT19_SVID_MASK		MASK	0x200	512	2762
B	RTL8367B_ACT19_CVID_OFFSET		OFFSET_SHIFT	8	8	2763
B	RTL8367B_ACT19_CVID_MASK		MASK	0x100	256	2764
B	RTL8367B_OP18_NOT_OFFSET		OFFSET_SHIFT	6	6	2765
B	RTL8367B_OP18_NOT_MASK		MASK	0x40	64	2766
B	RTL8367B_ACT18_GPIO_OFFSET		OFFSET_SHIFT	5	5	2767
B	RTL8367B_ACT18_GPIO_MASK		MASK	0x20	32	2768
B	RTL8367B_ACT18_FORWARD_OFFSET		OFFSET_SHIFT	4	4	2769
B	RTL8367B_ACT18_FORWARD_MASK		MASK	0x10	16	2770
B	RTL8367B_ACT18_POLICING_OFFSET		OFFSET_SHIFT	3	3	2771
B	RTL8367B_ACT18_POLICING_MASK		MASK	0x8	8	2772
B	RTL8367B_ACT18_PRIORITY_OFFSET		OFFSET_SHIFT	2	2	2773
B	RTL8367B_ACT18_PRIORITY_MASK		MASK	0x4	4	2774
B	RTL8367B_ACT18_SVID_OFFSET		OFFSET_SHIFT	1	1	2775
B	RTL8367B_ACT18_SVID_MASK		MASK	0x2	2	2776
B	RTL8367B_ACT18_CVID_OFFSET		OFFSET_SHIFT	0	0	2777
B	RTL8367B_ACT18_CVID_MASK		MASK	0x1	1	2778
B	RTL8367B_REG_ACL_ACTION_CTRL10		REGISTER	0x061e	1566	2780
B	RTL8367B_OP21_NOT_OFFSET		OFFSET_SHIFT	14	14	2781
B	RTL8367B_OP21_NOT_MASK		MASK	0x4000	16384	2782
B	RTL8367B_ACT21_GPIO_OFFSET		OFFSET_SHIFT	13	13	2783
B	RTL8367B_ACT21_GPIO_MASK		MASK	0x2000	8192	2784
B	RTL8367B_ACT21_FORWARD_OFFSET		OFFSET_SHIFT	12	12	2785
B	RTL8367B_ACT21_FORWARD_MASK		MASK	0x1000	4096	2786
B	RTL8367B_ACT21_POLICING_OFFSET		OFFSET_SHIFT	11	11	2787
B	RTL8367B_ACT21_POLICING_MASK		MASK	0x800	2048	2788
B	RTL8367B_ACT21_PRIORITY_OFFSET		OFFSET_SHIFT	10	10	2789
B	RTL8367B_ACT21_PRIORITY_MASK		MASK	0x400	1024	2790
B	RTL8367B_ACT21_SVID_OFFSET		OFFSET_SHIFT	9	9	2791
B	RTL8367B_ACT21_SVID_MASK		MASK	0x200	512	2792
B	RTL8367B_ACT21_CVID_OFFSET		OFFSET_SHIFT	8	8	2793
B	RTL8367B_ACT21_CVID_MASK		MASK	0x100	256	2794
B	RTL8367B_OP20_NOT_OFFSET		OFFSET_SHIFT	6	6	2795
B	RTL8367B_OP20_NOT_MASK		MASK	0x40	64	2796
B	RTL8367B_ACT20_GPIO_OFFSET		OFFSET_SHIFT	5	5	2797
B	RTL8367B_ACT20_GPIO_MASK		MASK	0x20	32	2798
B	RTL8367B_ACT20_FORWARD_OFFSET		OFFSET_SHIFT	4	4	2799
B	RTL8367B_ACT20_FORWARD_MASK		MASK	0x10	16	2800
B	RTL8367B_ACT20_POLICING_OFFSET		OFFSET_SHIFT	3	3	2801
B	RTL8367B_ACT20_POLICING_MASK		MASK	0x8	8	2802
B	RTL8367B_ACT20_PRIORITY_OFFSET		OFFSET_SHIFT	2	2	2803
B	RTL8367B_ACT20_PRIORITY_MASK		MASK	0x4	4	2804
B	RTL8367B_ACT20_SVID_OFFSET		OFFSET_SHIFT	1	1	2805
B	RTL8367B_ACT20_SVID_MASK		MASK	0x2	2	2806
B	RTL8367B_ACT20_CVID_OFFSET		OFFSET_SHIFT	0	0	2807
B	RTL8367B_ACT20_CVID_MASK		MASK	0x1	1	2808
B	RTL8367B_REG_ACL_ACTION_CTRL11		REGISTER	0x061f	1567	2810
B	RTL8367B_OP23_NOT_OFFSET		OFFSET_SHIFT	14	14	2811
B	RTL8367B_OP23_NOT_MASK		MASK	0x4000	16384	2812
B	RTL8367B_ACT23_GPIO_OFFSET		OFFSET_SHIFT	13	13	2813
B	RTL8367B_ACT23_GPIO_MASK		MASK	0x2000	8192	2814
B	RTL8367B_ACT23_FORWARD_OFFSET		OFFSET_SHIFT	12	12	2815
B	RTL8367B_ACT23_FORWARD_MASK		MASK	0x1000	4096	2816
B	RTL8367B_ACT23_POLICING_OFFSET		OFFSET_SHIFT	11	11	2817
B	RTL8367B_ACT23_POLICING_MASK		MASK	0x800	2048	2818
B	RTL8367B_ACT23_PRIORITY_OFFSET		OFFSET_SHIFT	10	10	2819
B	RTL8367B_ACT23_PRIORITY_MASK		MASK	0x400	1024	2820
B	RTL8367B_ACT23_SVID_OFFSET		OFFSET_SHIFT	9	9	2821
B	RTL8367B_ACT23_SVID_MASK		MASK	0x200	512	2822
B	RTL8367B_ACT23_CVID_OFFSET		OFFSET_SHIFT	8	8	2823
B	RTL8367B_ACT23_CVID_MASK		MASK	0x100	256	2824
B	RTL8367B_OP22_NOT_OFFSET		OFFSET_SHIFT	6	6	2825
B	RTL8367B_OP22_NOT_MASK		MASK	0x40	64	2826
B	RTL8367B_ACT22_GPIO_OFFSET		OFFSET_SHIFT	5	5	2827
B	RTL8367B_ACT22_GPIO_MASK		MASK	0x20	32	2828
B	RTL8367B_ACT22_FORWARD_OFFSET		OFFSET_SHIFT	4	4	2829
B	RTL8367B_ACT22_FORWARD_MASK		MASK	0x10	16	2830
B	RTL8367B_ACT22_POLICING_OFFSET		OFFSET_SHIFT	3	3	2831
B	RTL8367B_ACT22_POLICING_MASK		MASK	0x8	8	2832
B	RTL8367B_ACT22_PRIORITY_OFFSET		OFFSET_SHIFT	2	2	2833
B	RTL8367B_ACT22_PRIORITY_MASK		MASK	0x4	4	2834
B	RTL8367B_ACT22_SVID_OFFSET		OFFSET_SHIFT	1	1	2835
B	RTL8367B_ACT22_SVID_MASK		MASK	0x2	2	2836
B	RTL8367B_ACT22_CVID_OFFSET		OFFSET_SHIFT	0	0	2837
B	RTL8367B_ACT22_CVID_MASK		MASK	0x1	1	2838
B	RTL8367B_REG_ACL_ACTION_CTRL12		REGISTER	0x0620	1568	2840
B	RTL8367B_OP25_NOT_OFFSET		OFFSET_SHIFT	14	14	2841
B	RTL8367B_OP25_NOT_MASK		MASK	0x4000	16384	2842
B	RTL8367B_ACT25_GPIO_OFFSET		OFFSET_SHIFT	13	13	2843
B	RTL8367B_ACT25_GPIO_MASK		MASK	0x2000	8192	2844
B	RTL8367B_ACT25_FORWARD_OFFSET		OFFSET_SHIFT	12	12	2845
B	RTL8367B_ACT25_FORWARD_MASK		MASK	0x1000	4096	2846
B	RTL8367B_ACT25_POLICING_OFFSET		OFFSET_SHIFT	11	11	2847
B	RTL8367B_ACT25_POLICING_MASK		MASK	0x800	2048	2848
B	RTL8367B_ACT25_PRIORITY_OFFSET		OFFSET_SHIFT	10	10	2849
B	RTL8367B_ACT25_PRIORITY_MASK		MASK	0x400	1024	2850
B	RTL8367B_ACT25_SVID_OFFSET		OFFSET_SHIFT	9	9	2851
B	RTL8367B_ACT25_SVID_MASK		MASK	0x200	512	2852
B	RTL8367B_ACT25_CVID_OFFSET		OFFSET_SHIFT	8	8	2853
B	RTL8367B_ACT25_CVID_MASK		MASK	0x100	256	2854
B	RTL8367B_OP24_NOT_OFFSET		OFFSET_SHIFT	6	6	2855
B	RTL8367B_OP24_NOT_MASK		MASK	0x40	64	2856
B	RTL8367B_ACT24_GPIO_OFFSET		OFFSET_SHIFT	5	5	2857
B	RTL8367B_ACT24_GPIO_MASK		MASK	0x20	32	2858
B	RTL8367B_ACT24_FORWARD_OFFSET		OFFSET_SHIFT	4	4	2859
B	RTL8367B_ACT24_FORWARD_MASK		MASK	0x10	16	2860
B	RTL8367B_ACT24_POLICING_OFFSET		OFFSET_SHIFT	3	3	2861
B	RTL8367B_ACT24_POLICING_MASK		MASK	0x8	8	2862
B	RTL8367B_ACT24_PRIORITY_OFFSET		OFFSET_SHIFT	2	2	2863
B	RTL8367B_ACT24_PRIORITY_MASK		MASK	0x4	4	2864
B	RTL8367B_ACT24_SVID_OFFSET		OFFSET_SHIFT	1	1	2865
B	RTL8367B_ACT24_SVID_MASK		MASK	0x2	2	2866
B	RTL8367B_ACT24_CVID_OFFSET		OFFSET_SHIFT	0	0	2867
B	RTL8367B_ACT24_CVID_MASK		MASK	0x1	1	2868
B	RTL8367B_REG_ACL_ACTION_CTRL13		REGISTER	0x0621	1569	2870
B	RTL8367B_OP27_NOT_OFFSET		OFFSET_SHIFT	14	14	2871
B	RTL8367B_OP27_NOT_MASK		MASK	0x4000	16384	2872
B	RTL8367B_ACT27_GPIO_OFFSET		OFFSET_SHIFT	13	13	2873
B	RTL8367B_ACT27_GPIO_MASK		MASK	0x2000	8192	2874
B	RTL8367B_ACT27_FORWARD_OFFSET		OFFSET_SHIFT	12	12	2875
B	RTL8367B_ACT27_FORWARD_MASK		MASK	0x1000	4096	2876
B	RTL8367B_ACT27_POLICING_OFFSET		OFFSET_SHIFT	11	11	2877
B	RTL8367B_ACT27_POLICING_MASK		MASK	0x800	2048	2878
B	RTL8367B_ACT27_PRIORITY_OFFSET		OFFSET_SHIFT	10	10	2879
B	RTL8367B_ACT27_PRIORITY_MASK		MASK	0x400	1024	2880
B	RTL8367B_ACT27_SVID_OFFSET		OFFSET_SHIFT	9	9	2881
B	RTL8367B_ACT27_SVID_MASK		MASK	0x200	512	2882
B	RTL8367B_ACT27_CVID_OFFSET		OFFSET_SHIFT	8	8	2883
B	RTL8367B_ACT27_CVID_MASK		MASK	0x100	256	2884
B	RTL8367B_OP26_NOT_OFFSET		OFFSET_SHIFT	6	6	2885
B	RTL8367B_OP26_NOT_MASK		MASK	0x40	64	2886
B	RTL8367B_ACT26_GPIO_OFFSET		OFFSET_SHIFT	5	5	2887
B	RTL8367B_ACT26_GPIO_MASK		MASK	0x20	32	2888
B	RTL8367B_ACT26_FORWARD_OFFSET		OFFSET_SHIFT	4	4	2889
B	RTL8367B_ACT26_FORWARD_MASK		MASK	0x10	16	2890
B	RTL8367B_ACT26_POLICING_OFFSET		OFFSET_SHIFT	3	3	2891
B	RTL8367B_ACT26_POLICING_MASK		MASK	0x8	8	2892
B	RTL8367B_ACT26_PRIORITY_OFFSET		OFFSET_SHIFT	2	2	2893
B	RTL8367B_ACT26_PRIORITY_MASK		MASK	0x4	4	2894
B	RTL8367B_ACT26_SVID_OFFSET		OFFSET_SHIFT	1	1	2895
B	RTL8367B_ACT26_SVID_MASK		MASK	0x2	2	2896
B	RTL8367B_ACT26_CVID_OFFSET		OFFSET_SHIFT	0	0	2897
B	RTL8367B_ACT26_CVID_MASK		MASK	0x1	1	2898
B	RTL8367B_REG_ACL_ACTION_CTRL14		REGISTER	0x0622	1570	2900
B	RTL8367B_OP29_NOT_OFFSET		OFFSET_SHIFT	14	14	2901
B	RTL8367B_OP29_NOT_MASK		MASK	0x4000	16384	2902
B	RTL8367B_ACT29_GPIO_OFFSET		OFFSET_SHIFT	13	13	2903
B	RTL8367B_ACT29_GPIO_MASK		MASK	0x2000	8192	2904
B	RTL8367B_ACT29_FORWARD_OFFSET		OFFSET_SHIFT	12	12	2905
B	RTL8367B_ACT29_FORWARD_MASK		MASK	0x1000	4096	2906
B	RTL8367B_ACT29_POLICING_OFFSET		OFFSET_SHIFT	11	11	2907
B	RTL8367B_ACT29_POLICING_MASK		MASK	0x800	2048	2908
B	RTL8367B_ACT29_PRIORITY_OFFSET		OFFSET_SHIFT	10	10	2909
B	RTL8367B_ACT29_PRIORITY_MASK		MASK	0x400	1024	2910
B	RTL8367B_ACT29_SVID_OFFSET		OFFSET_SHIFT	9	9	2911
B	RTL8367B_ACT29_SVID_MASK		MASK	0x200	512	2912
B	RTL8367B_ACT29_CVID_OFFSET		OFFSET_SHIFT	8	8	2913
B	RTL8367B_ACT29_CVID_MASK		MASK	0x100	256	2914
B	RTL8367B_OP28_NOT_OFFSET		OFFSET_SHIFT	6	6	2915
B	RTL8367B_OP28_NOT_MASK		MASK	0x40	64	2916
B	RTL8367B_ACT28_GPIO_OFFSET		OFFSET_SHIFT	5	5	2917
B	RTL8367B_ACT28_GPIO_MASK		MASK	0x20	32	2918
B	RTL8367B_ACT28_FORWARD_OFFSET		OFFSET_SHIFT	4	4	2919
B	RTL8367B_ACT28_FORWARD_MASK		MASK	0x10	16	2920
B	RTL8367B_ACT28_POLICING_OFFSET		OFFSET_SHIFT	3	3	2921
B	RTL8367B_ACT28_POLICING_MASK		MASK	0x8	8	2922
B	RTL8367B_ACT28_PRIORITY_OFFSET		OFFSET_SHIFT	2	2	2923
B	RTL8367B_ACT28_PRIORITY_MASK		MASK	0x4	4	2924
B	RTL8367B_ACT28_SVID_OFFSET		OFFSET_SHIFT	1	1	2925
B	RTL8367B_ACT28_SVID_MASK		MASK	0x2	2	2926
B	RTL8367B_ACT28_CVID_OFFSET		OFFSET_SHIFT	0	0	2927
B	RTL8367B_ACT28_CVID_MASK		MASK	0x1	1	2928
B	RTL8367B_REG_ACL_ACTION_CTRL15		REGISTER	0x0623	1571	2930
B	RTL8367B_OP31_NOT_OFFSET		OFFSET_SHIFT	14	14	2931
B	RTL8367B_OP31_NOT_MASK		MASK	0x4000	16384	2932
B	RTL8367B_ACT31_GPIO_OFFSET		OFFSET_SHIFT	13	13	2933
B	RTL8367B_ACT31_GPIO_MASK		MASK	0x2000	8192	2934
B	RTL8367B_ACT31_FORWARD_OFFSET		OFFSET_SHIFT	12	12	2935
B	RTL8367B_ACT31_FORWARD_MASK		MASK	0x1000	4096	2936
B	RTL8367B_ACT31_POLICING_OFFSET		OFFSET_SHIFT	11	11	2937
B	RTL8367B_ACT31_POLICING_MASK		MASK	0x800	2048	2938
B	RTL8367B_ACT31_PRIORITY_OFFSET		OFFSET_SHIFT	10	10	2939
B	RTL8367B_ACT31_PRIORITY_MASK		MASK	0x400	1024	2940
B	RTL8367B_ACT31_SVID_OFFSET		OFFSET_SHIFT	9	9	2941
B	RTL8367B_ACT31_SVID_MASK		MASK	0x200	512	2942
B	RTL8367B_ACT31_CVID_OFFSET		OFFSET_SHIFT	8	8	2943
B	RTL8367B_ACT31_CVID_MASK		MASK	0x100	256	2944
B	RTL8367B_OP30_NOT_OFFSET		OFFSET_SHIFT	6	6	2945
B	RTL8367B_OP30_NOT_MASK		MASK	0x40	64	2946
B	RTL8367B_ACT30_GPIO_OFFSET		OFFSET_SHIFT	5	5	2947
B	RTL8367B_ACT30_GPIO_MASK		MASK	0x20	32	2948
B	RTL8367B_ACT30_FORWARD_OFFSET		OFFSET_SHIFT	4	4	2949
B	RTL8367B_ACT30_FORWARD_MASK		MASK	0x10	16	2950
B	RTL8367B_ACT30_POLICING_OFFSET		OFFSET_SHIFT	3	3	2951
B	RTL8367B_ACT30_POLICING_MASK		MASK	0x8	8	2952
B	RTL8367B_ACT30_PRIORITY_OFFSET		OFFSET_SHIFT	2	2	2953
B	RTL8367B_ACT30_PRIORITY_MASK		MASK	0x4	4	2954
B	RTL8367B_ACT30_SVID_OFFSET		OFFSET_SHIFT	1	1	2955
B	RTL8367B_ACT30_SVID_MASK		MASK	0x2	2	2956
B	RTL8367B_ACT30_CVID_OFFSET		OFFSET_SHIFT	0	0	2957
B	RTL8367B_ACT30_CVID_MASK		MASK	0x1	1	2958
B	RTL8367B_REG_ACL_ACTION_CTRL16		REGISTER	0x0624	1572	2960
B	RTL8367B_OP33_NOT_OFFSET		OFFSET_SHIFT	14	14	2961
B	RTL8367B_OP33_NOT_MASK		MASK	0x4000	16384	2962
B	RTL8367B_ACT33_GPIO_OFFSET		OFFSET_SHIFT	13	13	2963
B	RTL8367B_ACT33_GPIO_MASK		MASK	0x2000	8192	2964
B	RTL8367B_ACT33_FORWARD_OFFSET		OFFSET_SHIFT	12	12	2965
B	RTL8367B_ACT33_FORWARD_MASK		MASK	0x1000	4096	2966
B	RTL8367B_ACT33_POLICING_OFFSET		OFFSET_SHIFT	11	11	2967
B	RTL8367B_ACT33_POLICING_MASK		MASK	0x800	2048	2968
B	RTL8367B_ACT33_PRIORITY_OFFSET		OFFSET_SHIFT	10	10	2969
B	RTL8367B_ACT33_PRIORITY_MASK		MASK	0x400	1024	2970
B	RTL8367B_ACT33_SVID_OFFSET		OFFSET_SHIFT	9	9	2971
B	RTL8367B_ACT33_SVID_MASK		MASK	0x200	512	2972
B	RTL8367B_ACT33_CVID_OFFSET		OFFSET_SHIFT	8	8	2973
B	RTL8367B_ACT33_CVID_MASK		MASK	0x100	256	2974
B	RTL8367B_OP32_NOT_OFFSET		OFFSET_SHIFT	6	6	2975
B	RTL8367B_OP32_NOT_MASK		MASK	0x40	64	2976
B	RTL8367B_ACT32_GPIO_OFFSET		OFFSET_SHIFT	5	5	2977
B	RTL8367B_ACT32_GPIO_MASK		MASK	0x20	32	2978
B	RTL8367B_ACT32_FORWARD_OFFSET		OFFSET_SHIFT	4	4	2979
B	RTL8367B_ACT32_FORWARD_MASK		MASK	0x10	16	2980
B	RTL8367B_ACT32_POLICING_OFFSET		OFFSET_SHIFT	3	3	2981
B	RTL8367B_ACT32_POLICING_MASK		MASK	0x8	8	2982
B	RTL8367B_ACT32_PRIORITY_OFFSET		OFFSET_SHIFT	2	2	2983
B	RTL8367B_ACT32_PRIORITY_MASK		MASK	0x4	4	2984
B	RTL8367B_ACT32_SVID_OFFSET		OFFSET_SHIFT	1	1	2985
B	RTL8367B_ACT32_SVID_MASK		MASK	0x2	2	2986
B	RTL8367B_ACT32_CVID_OFFSET		OFFSET_SHIFT	0	0	2987
B	RTL8367B_ACT32_CVID_MASK		MASK	0x1	1	2988
B	RTL8367B_REG_ACL_ACTION_CTRL17		REGISTER	0x0625	1573	2990
B	RTL8367B_OP35_NOT_OFFSET		OFFSET_SHIFT	14	14	2991
B	RTL8367B_OP35_NOT_MASK		MASK	0x4000	16384	2992
B	RTL8367B_ACT35_GPIO_OFFSET		OFFSET_SHIFT	13	13	2993
B	RTL8367B_ACT35_GPIO_MASK		MASK	0x2000	8192	2994
B	RTL8367B_ACT35_FORWARD_OFFSET		OFFSET_SHIFT	12	12	2995
B	RTL8367B_ACT35_FORWARD_MASK		MASK	0x1000	4096	2996
B	RTL8367B_ACT35_POLICING_OFFSET		OFFSET_SHIFT	11	11	2997
B	RTL8367B_ACT35_POLICING_MASK		MASK	0x800	2048	2998
B	RTL8367B_ACT35_PRIORITY_OFFSET		OFFSET_SHIFT	10	10	2999
B	RTL8367B_ACT35_PRIORITY_MASK		MASK	0x400	1024	3000
B	RTL8367B_ACT35_SVID_OFFSET		OFFSET_SHIFT	9	9	3001
B	RTL8367B_ACT35_SVID_MASK		MASK	0x200	512	3002
B	RTL8367B_ACT35_CVID_OFFSET		OFFSET_SHIFT	8	8	3003
B	RTL8367B_ACT35_CVID_MASK		MASK	0x100	256	3004
B	RTL8367B_OP34_NOT_OFFSET		OFFSET_SHIFT	6	6	3005
B	RTL8367B_OP34_NOT_MASK		MASK	0x40	64	3006
B	RTL8367B_ACT34_GPIO_OFFSET		OFFSET_SHIFT	5	5	3007
B	RTL8367B_ACT34_GPIO_MASK		MASK	0x20	32	3008
B	RTL8367B_ACT34_FORWARD_OFFSET		OFFSET_SHIFT	4	4	3009
B	RTL8367B_ACT34_FORWARD_MASK		MASK	0x10	16	3010
B	RTL8367B_ACT34_POLICING_OFFSET		OFFSET_SHIFT	3	3	3011
B	RTL8367B_ACT34_POLICING_MASK		MASK	0x8	8	3012
B	RTL8367B_ACT34_PRIORITY_OFFSET		OFFSET_SHIFT	2	2	3013
B	RTL8367B_ACT34_PRIORITY_MASK		MASK	0x4	4	3014
B	RTL8367B_ACT34_SVID_OFFSET		OFFSET_SHIFT	1	1	3015
B	RTL8367B_ACT34_SVID_MASK		MASK	0x2	2	3016
B	RTL8367B_ACT34_CVID_OFFSET		OFFSET_SHIFT	0	0	3017
B	RTL8367B_ACT34_CVID_MASK		MASK	0x1	1	3018
B	RTL8367B_REG_ACL_ACTION_CTRL18		REGISTER	0x0626	1574	3020
B	RTL8367B_OP37_NOT_OFFSET		OFFSET_SHIFT	14	14	3021
B	RTL8367B_OP37_NOT_MASK		MASK	0x4000	16384	3022
B	RTL8367B_ACT37_GPIO_OFFSET		OFFSET_SHIFT	13	13	3023
B	RTL8367B_ACT37_GPIO_MASK		MASK	0x2000	8192	3024
B	RTL8367B_ACT37_FORWARD_OFFSET		OFFSET_SHIFT	12	12	3025
B	RTL8367B_ACT37_FORWARD_MASK		MASK	0x1000	4096	3026
B	RTL8367B_ACT37_POLICING_OFFSET		OFFSET_SHIFT	11	11	3027
B	RTL8367B_ACT37_POLICING_MASK		MASK	0x800	2048	3028
B	RTL8367B_ACT37_PRIORITY_OFFSET		OFFSET_SHIFT	10	10	3029
B	RTL8367B_ACT37_PRIORITY_MASK		MASK	0x400	1024	3030
B	RTL8367B_ACT37_SVID_OFFSET		OFFSET_SHIFT	9	9	3031
B	RTL8367B_ACT37_SVID_MASK		MASK	0x200	512	3032
B	RTL8367B_ACT37_CVID_OFFSET		OFFSET_SHIFT	8	8	3033
B	RTL8367B_ACT37_CVID_MASK		MASK	0x100	256	3034
B	RTL8367B_OP36_NOT_OFFSET		OFFSET_SHIFT	6	6	3035
B	RTL8367B_OP36_NOT_MASK		MASK	0x40	64	3036
B	RTL8367B_ACT36_GPIO_OFFSET		OFFSET_SHIFT	5	5	3037
B	RTL8367B_ACT36_GPIO_MASK		MASK	0x20	32	3038
B	RTL8367B_ACT36_FORWARD_OFFSET		OFFSET_SHIFT	4	4	3039
B	RTL8367B_ACT36_FORWARD_MASK		MASK	0x10	16	3040
B	RTL8367B_ACT36_POLICING_OFFSET		OFFSET_SHIFT	3	3	3041
B	RTL8367B_ACT36_POLICING_MASK		MASK	0x8	8	3042
B	RTL8367B_ACT36_PRIORITY_OFFSET		OFFSET_SHIFT	2	2	3043
B	RTL8367B_ACT36_PRIORITY_MASK		MASK	0x4	4	3044
B	RTL8367B_ACT36_SVID_OFFSET		OFFSET_SHIFT	1	1	3045
B	RTL8367B_ACT36_SVID_MASK		MASK	0x2	2	3046
B	RTL8367B_ACT36_CVID_OFFSET		OFFSET_SHIFT	0	0	3047
B	RTL8367B_ACT36_CVID_MASK		MASK	0x1	1	3048
B	RTL8367B_REG_ACL_ACTION_CTRL19		REGISTER	0x0627	1575	3050
B	RTL8367B_OP39_NOT_OFFSET		OFFSET_SHIFT	14	14	3051
B	RTL8367B_OP39_NOT_MASK		MASK	0x4000	16384	3052
B	RTL8367B_ACT39_GPIO_OFFSET		OFFSET_SHIFT	13	13	3053
B	RTL8367B_ACT39_GPIO_MASK		MASK	0x2000	8192	3054
B	RTL8367B_ACT39_FORWARD_OFFSET		OFFSET_SHIFT	12	12	3055
B	RTL8367B_ACT39_FORWARD_MASK		MASK	0x1000	4096	3056
B	RTL8367B_ACT39_POLICING_OFFSET		OFFSET_SHIFT	11	11	3057
B	RTL8367B_ACT39_POLICING_MASK		MASK	0x800	2048	3058
B	RTL8367B_ACT39_PRIORITY_OFFSET		OFFSET_SHIFT	10	10	3059
B	RTL8367B_ACT39_PRIORITY_MASK		MASK	0x400	1024	3060
B	RTL8367B_ACT39_SVID_OFFSET		OFFSET_SHIFT	9	9	3061
B	RTL8367B_ACT39_SVID_MASK		MASK	0x200	512	3062
B	RTL8367B_ACT39_CVID_OFFSET		OFFSET_SHIFT	8	8	3063
B	RTL8367B_ACT39_CVID_MASK		MASK	0x100	256	3064
B	RTL8367B_OP38_NOT_OFFSET		OFFSET_SHIFT	6	6	3065
B	RTL8367B_OP38_NOT_MASK		MASK	0x40	64	3066
B	RTL8367B_ACT38_GPIO_OFFSET		OFFSET_SHIFT	5	5	3067
B	RTL8367B_ACT38_GPIO_MASK		MASK	0x20	32	3068
B	RTL8367B_ACT38_FORWARD_OFFSET		OFFSET_SHIFT	4	4	3069
B	RTL8367B_ACT38_FORWARD_MASK		MASK	0x10	16	3070
B	RTL8367B_ACT38_POLICING_OFFSET		OFFSET_SHIFT	3	3	3071
B	RTL8367B_ACT38_POLICING_MASK		MASK	0x8	8	3072
B	RTL8367B_ACT38_PRIORITY_OFFSET		OFFSET_SHIFT	2	2	3073
B	RTL8367B_ACT38_PRIORITY_MASK		MASK	0x4	4	3074
B	RTL8367B_ACT38_SVID_OFFSET		OFFSET_SHIFT	1	1	3075
B	RTL8367B_ACT38_SVID_MASK		MASK	0x2	2	3076
B	RTL8367B_ACT38_CVID_OFFSET		OFFSET_SHIFT	0	0	3077
B	RTL8367B_ACT38_CVID_MASK		MASK	0x1	1	3078
B	RTL8367B_REG_ACL_ACTION_CTRL20		REGISTER	0x0628	1576	3080
B	RTL8367B_OP41_NOT_OFFSET		OFFSET_SHIFT	14	14	3081
B	RTL8367B_OP41_NOT_MASK		MASK	0x4000	16384	3082
B	RTL8367B_ACT41_GPIO_OFFSET		OFFSET_SHIFT	13	13	3083
B	RTL8367B_ACT41_GPIO_MASK		MASK	0x2000	8192	3084
B	RTL8367B_ACT41_FORWARD_OFFSET		OFFSET_SHIFT	12	12	3085
B	RTL8367B_ACT41_FORWARD_MASK		MASK	0x1000	4096	3086
B	RTL8367B_ACT41_POLICING_OFFSET		OFFSET_SHIFT	11	11	3087
B	RTL8367B_ACT41_POLICING_MASK		MASK	0x800	2048	3088
B	RTL8367B_ACT41_PRIORITY_OFFSET		OFFSET_SHIFT	10	10	3089
B	RTL8367B_ACT41_PRIORITY_MASK		MASK	0x400	1024	3090
B	RTL8367B_ACT41_SVID_OFFSET		OFFSET_SHIFT	9	9	3091
B	RTL8367B_ACT41_SVID_MASK		MASK	0x200	512	3092
B	RTL8367B_ACT41_CVID_OFFSET		OFFSET_SHIFT	8	8	3093
B	RTL8367B_ACT41_CVID_MASK		MASK	0x100	256	3094
B	RTL8367B_OP40_NOT_OFFSET		OFFSET_SHIFT	6	6	3095
B	RTL8367B_OP40_NOT_MASK		MASK	0x40	64	3096
B	RTL8367B_ACT40_GPIO_OFFSET		OFFSET_SHIFT	5	5	3097
B	RTL8367B_ACT40_GPIO_MASK		MASK	0x20	32	3098
B	RTL8367B_ACT40_FORWARD_OFFSET		OFFSET_SHIFT	4	4	3099
B	RTL8367B_ACT40_FORWARD_MASK		MASK	0x10	16	3100
B	RTL8367B_ACT40_POLICING_OFFSET		OFFSET_SHIFT	3	3	3101
B	RTL8367B_ACT40_POLICING_MASK		MASK	0x8	8	3102
B	RTL8367B_ACT40_PRIORITY_OFFSET		OFFSET_SHIFT	2	2	3103
B	RTL8367B_ACT40_PRIORITY_MASK		MASK	0x4	4	3104
B	RTL8367B_ACT40_SVID_OFFSET		OFFSET_SHIFT	1	1	3105
B	RTL8367B_ACT40_SVID_MASK		MASK	0x2	2	3106
B	RTL8367B_ACT40_CVID_OFFSET		OFFSET_SHIFT	0	0	3107
B	RTL8367B_ACT40_CVID_MASK		MASK	0x1	1	3108
B	RTL8367B_REG_ACL_ACTION_CTRL21		REGISTER	0x0629	1577	3110
B	RTL8367B_OP43_NOT_OFFSET		OFFSET_SHIFT	14	14	3111
B	RTL8367B_OP43_NOT_MASK		MASK	0x4000	16384	3112
B	RTL8367B_ACT43_GPIO_OFFSET		OFFSET_SHIFT	13	13	3113
B	RTL8367B_ACT43_GPIO_MASK		MASK	0x2000	8192	3114
B	RTL8367B_ACT43_FORWARD_OFFSET		OFFSET_SHIFT	12	12	3115
B	RTL8367B_ACT43_FORWARD_MASK		MASK	0x1000	4096	3116
B	RTL8367B_ACT43_POLICING_OFFSET		OFFSET_SHIFT	11	11	3117
B	RTL8367B_ACT43_POLICING_MASK		MASK	0x800	2048	3118
B	RTL8367B_ACT43_PRIORITY_OFFSET		OFFSET_SHIFT	10	10	3119
B	RTL8367B_ACT43_PRIORITY_MASK		MASK	0x400	1024	3120
B	RTL8367B_ACT43_SVID_OFFSET		OFFSET_SHIFT	9	9	3121
B	RTL8367B_ACT43_SVID_MASK		MASK	0x200	512	3122
B	RTL8367B_ACT43_CVID_OFFSET		OFFSET_SHIFT	8	8	3123
B	RTL8367B_ACT43_CVID_MASK		MASK	0x100	256	3124
B	RTL8367B_OP42_NOT_OFFSET		OFFSET_SHIFT	6	6	3125
B	RTL8367B_OP42_NOT_MASK		MASK	0x40	64	3126
B	RTL8367B_ACT42_GPIO_OFFSET		OFFSET_SHIFT	5	5	3127
B	RTL8367B_ACT42_GPIO_MASK		MASK	0x20	32	3128
B	RTL8367B_ACT42_FORWARD_OFFSET		OFFSET_SHIFT	4	4	3129
B	RTL8367B_ACT42_FORWARD_MASK		MASK	0x10	16	3130
B	RTL8367B_ACT42_POLICING_OFFSET		OFFSET_SHIFT	3	3	3131
B	RTL8367B_ACT42_POLICING_MASK		MASK	0x8	8	3132
B	RTL8367B_ACT42_PRIORITY_OFFSET		OFFSET_SHIFT	2	2	3133
B	RTL8367B_ACT42_PRIORITY_MASK		MASK	0x4	4	3134
B	RTL8367B_ACT42_SVID_OFFSET		OFFSET_SHIFT	1	1	3135
B	RTL8367B_ACT42_SVID_MASK		MASK	0x2	2	3136
B	RTL8367B_ACT42_CVID_OFFSET		OFFSET_SHIFT	0	0	3137
B	RTL8367B_ACT42_CVID_MASK		MASK	0x1	1	3138
B	RTL8367B_REG_ACL_ACTION_CTRL22		REGISTER	0x062a	1578	3140
B	RTL8367B_OP45_NOT_OFFSET		OFFSET_SHIFT	14	14	3141
B	RTL8367B_OP45_NOT_MASK		MASK	0x4000	16384	3142
B	RTL8367B_ACT45_GPIO_OFFSET		OFFSET_SHIFT	13	13	3143
B	RTL8367B_ACT45_GPIO_MASK		MASK	0x2000	8192	3144
B	RTL8367B_ACT45_FORWARD_OFFSET		OFFSET_SHIFT	12	12	3145
B	RTL8367B_ACT45_FORWARD_MASK		MASK	0x1000	4096	3146
B	RTL8367B_ACT45_POLICING_OFFSET		OFFSET_SHIFT	11	11	3147
B	RTL8367B_ACT45_POLICING_MASK		MASK	0x800	2048	3148
B	RTL8367B_ACT45_PRIORITY_OFFSET		OFFSET_SHIFT	10	10	3149
B	RTL8367B_ACT45_PRIORITY_MASK		MASK	0x400	1024	3150
B	RTL8367B_ACT45_SVID_OFFSET		OFFSET_SHIFT	9	9	3151
B	RTL8367B_ACT45_SVID_MASK		MASK	0x200	512	3152
B	RTL8367B_ACT45_CVID_OFFSET		OFFSET_SHIFT	8	8	3153
B	RTL8367B_ACT45_CVID_MASK		MASK	0x100	256	3154
B	RTL8367B_OP44_NOT_OFFSET		OFFSET_SHIFT	6	6	3155
B	RTL8367B_OP44_NOT_MASK		MASK	0x40	64	3156
B	RTL8367B_ACT44_GPIO_OFFSET		OFFSET_SHIFT	5	5	3157
B	RTL8367B_ACT44_GPIO_MASK		MASK	0x20	32	3158
B	RTL8367B_ACT44_FORWARD_OFFSET		OFFSET_SHIFT	4	4	3159
B	RTL8367B_ACT44_FORWARD_MASK		MASK	0x10	16	3160
B	RTL8367B_ACT44_POLICING_OFFSET		OFFSET_SHIFT	3	3	3161
B	RTL8367B_ACT44_POLICING_MASK		MASK	0x8	8	3162
B	RTL8367B_ACT44_PRIORITY_OFFSET		OFFSET_SHIFT	2	2	3163
B	RTL8367B_ACT44_PRIORITY_MASK		MASK	0x4	4	3164
B	RTL8367B_ACT44_SVID_OFFSET		OFFSET_SHIFT	1	1	3165
B	RTL8367B_ACT44_SVID_MASK		MASK	0x2	2	3166
B	RTL8367B_ACT44_CVID_OFFSET		OFFSET_SHIFT	0	0	3167
B	RTL8367B_ACT44_CVID_MASK		MASK	0x1	1	3168
B	RTL8367B_REG_ACL_ACTION_CTRL23		REGISTER	0x062b	1579	3170
B	RTL8367B_OP47_NOT_OFFSET		OFFSET_SHIFT	14	14	3171
B	RTL8367B_OP47_NOT_MASK		MASK	0x4000	16384	3172
B	RTL8367B_ACT47_GPIO_OFFSET		OFFSET_SHIFT	13	13	3173
B	RTL8367B_ACT47_GPIO_MASK		MASK	0x2000	8192	3174
B	RTL8367B_ACT47_FORWARD_OFFSET		OFFSET_SHIFT	12	12	3175
B	RTL8367B_ACT47_FORWARD_MASK		MASK	0x1000	4096	3176
B	RTL8367B_ACT47_POLICING_OFFSET		OFFSET_SHIFT	11	11	3177
B	RTL8367B_ACT47_POLICING_MASK		MASK	0x800	2048	3178
B	RTL8367B_ACT47_PRIORITY_OFFSET		OFFSET_SHIFT	10	10	3179
B	RTL8367B_ACT47_PRIORITY_MASK		MASK	0x400	1024	3180
B	RTL8367B_ACT47_SVID_OFFSET		OFFSET_SHIFT	9	9	3181
B	RTL8367B_ACT47_SVID_MASK		MASK	0x200	512	3182
B	RTL8367B_ACT47_CVID_OFFSET		OFFSET_SHIFT	8	8	3183
B	RTL8367B_ACT47_CVID_MASK		MASK	0x100	256	3184
B	RTL8367B_OP46_NOT_OFFSET		OFFSET_SHIFT	6	6	3185
B	RTL8367B_OP46_NOT_MASK		MASK	0x40	64	3186
B	RTL8367B_ACT46_GPIO_OFFSET		OFFSET_SHIFT	5	5	3187
B	RTL8367B_ACT46_GPIO_MASK		MASK	0x20	32	3188
B	RTL8367B_ACT46_FORWARD_OFFSET		OFFSET_SHIFT	4	4	3189
B	RTL8367B_ACT46_FORWARD_MASK		MASK	0x10	16	3190
B	RTL8367B_ACT46_POLICING_OFFSET		OFFSET_SHIFT	3	3	3191
B	RTL8367B_ACT46_POLICING_MASK		MASK	0x8	8	3192
B	RTL8367B_ACT46_PRIORITY_OFFSET		OFFSET_SHIFT	2	2	3193
B	RTL8367B_ACT46_PRIORITY_MASK		MASK	0x4	4	3194
B	RTL8367B_ACT46_SVID_OFFSET		OFFSET_SHIFT	1	1	3195
B	RTL8367B_ACT46_SVID_MASK		MASK	0x2	2	3196
B	RTL8367B_ACT46_CVID_OFFSET		OFFSET_SHIFT	0	0	3197
B	RTL8367B_ACT46_CVID_MASK		MASK	0x1	1	3198
B	RTL8367B_REG_ACL_ACTION_CTRL24		REGISTER	0x062c	1580	3200
B	RTL8367B_OP49_NOT_OFFSET		OFFSET_SHIFT	14	14	3201
B	RTL8367B_OP49_NOT_MASK		MASK	0x4000	16384	3202
B	RTL8367B_ACT49_GPIO_OFFSET		OFFSET_SHIFT	13	13	3203
B	RTL8367B_ACT49_GPIO_MASK		MASK	0x2000	8192	3204
B	RTL8367B_ACT49_FORWARD_OFFSET		OFFSET_SHIFT	12	12	3205
B	RTL8367B_ACT49_FORWARD_MASK		MASK	0x1000	4096	3206
B	RTL8367B_ACT49_POLICING_OFFSET		OFFSET_SHIFT	11	11	3207
B	RTL8367B_ACT49_POLICING_MASK		MASK	0x800	2048	3208
B	RTL8367B_ACT49_PRIORITY_OFFSET		OFFSET_SHIFT	10	10	3209
B	RTL8367B_ACT49_PRIORITY_MASK		MASK	0x400	1024	3210
B	RTL8367B_ACT49_SVID_OFFSET		OFFSET_SHIFT	9	9	3211
B	RTL8367B_ACT49_SVID_MASK		MASK	0x200	512	3212
B	RTL8367B_ACT49_CVID_OFFSET		OFFSET_SHIFT	8	8	3213
B	RTL8367B_ACT49_CVID_MASK		MASK	0x100	256	3214
B	RTL8367B_OP48_NOT_OFFSET		OFFSET_SHIFT	6	6	3215
B	RTL8367B_OP48_NOT_MASK		MASK	0x40	64	3216
B	RTL8367B_ACT48_GPIO_OFFSET		OFFSET_SHIFT	5	5	3217
B	RTL8367B_ACT48_GPIO_MASK		MASK	0x20	32	3218
B	RTL8367B_ACT48_FORWARD_OFFSET		OFFSET_SHIFT	4	4	3219
B	RTL8367B_ACT48_FORWARD_MASK		MASK	0x10	16	3220
B	RTL8367B_ACT48_POLICING_OFFSET		OFFSET_SHIFT	3	3	3221
B	RTL8367B_ACT48_POLICING_MASK		MASK	0x8	8	3222
B	RTL8367B_ACT48_PRIORITY_OFFSET		OFFSET_SHIFT	2	2	3223
B	RTL8367B_ACT48_PRIORITY_MASK		MASK	0x4	4	3224
B	RTL8367B_ACT48_SVID_OFFSET		OFFSET_SHIFT	1	1	3225
B	RTL8367B_ACT48_SVID_MASK		MASK	0x2	2	3226
B	RTL8367B_ACT48_CVID_OFFSET		OFFSET_SHIFT	0	0	3227
B	RTL8367B_ACT48_CVID_MASK		MASK	0x1	1	3228
B	RTL8367B_REG_ACL_ACTION_CTRL25		REGISTER	0x062d	1581	3230
B	RTL8367B_OP51_NOT_OFFSET		OFFSET_SHIFT	14	14	3231
B	RTL8367B_OP51_NOT_MASK		MASK	0x4000	16384	3232
B	RTL8367B_ACT51_GPIO_OFFSET		OFFSET_SHIFT	13	13	3233
B	RTL8367B_ACT51_GPIO_MASK		MASK	0x2000	8192	3234
B	RTL8367B_ACT51_FORWARD_OFFSET		OFFSET_SHIFT	12	12	3235
B	RTL8367B_ACT51_FORWARD_MASK		MASK	0x1000	4096	3236
B	RTL8367B_ACT51_POLICING_OFFSET		OFFSET_SHIFT	11	11	3237
B	RTL8367B_ACT51_POLICING_MASK		MASK	0x800	2048	3238
B	RTL8367B_ACT51_PRIORITY_OFFSET		OFFSET_SHIFT	10	10	3239
B	RTL8367B_ACT51_PRIORITY_MASK		MASK	0x400	1024	3240
B	RTL8367B_ACT51_SVID_OFFSET		OFFSET_SHIFT	9	9	3241
B	RTL8367B_ACT51_SVID_MASK		MASK	0x200	512	3242
B	RTL8367B_ACT51_CVID_OFFSET		OFFSET_SHIFT	8	8	3243
B	RTL8367B_ACT51_CVID_MASK		MASK	0x100	256	3244
B	RTL8367B_OP50_NOT_OFFSET		OFFSET_SHIFT	6	6	3245
B	RTL8367B_OP50_NOT_MASK		MASK	0x40	64	3246
B	RTL8367B_ACT50_GPIO_OFFSET		OFFSET_SHIFT	5	5	3247
B	RTL8367B_ACT50_GPIO_MASK		MASK	0x20	32	3248
B	RTL8367B_ACT50_FORWARD_OFFSET		OFFSET_SHIFT	4	4	3249
B	RTL8367B_ACT50_FORWARD_MASK		MASK	0x10	16	3250
B	RTL8367B_ACT50_POLICING_OFFSET		OFFSET_SHIFT	3	3	3251
B	RTL8367B_ACT50_POLICING_MASK		MASK	0x8	8	3252
B	RTL8367B_ACT50_PRIORITY_OFFSET		OFFSET_SHIFT	2	2	3253
B	RTL8367B_ACT50_PRIORITY_MASK		MASK	0x4	4	3254
B	RTL8367B_ACT50_SVID_OFFSET		OFFSET_SHIFT	1	1	3255
B	RTL8367B_ACT50_SVID_MASK		MASK	0x2	2	3256
B	RTL8367B_ACT50_CVID_OFFSET		OFFSET_SHIFT	0	0	3257
B	RTL8367B_ACT50_CVID_MASK		MASK	0x1	1	3258
B	RTL8367B_REG_ACL_ACTION_CTRL26		REGISTER	0x062e	1582	3260
B	RTL8367B_OP53_NOT_OFFSET		OFFSET_SHIFT	14	14	3261
B	RTL8367B_OP53_NOT_MASK		MASK	0x4000	16384	3262
B	RTL8367B_ACT53_GPIO_OFFSET		OFFSET_SHIFT	13	13	3263
B	RTL8367B_ACT53_GPIO_MASK		MASK	0x2000	8192	3264
B	RTL8367B_ACT53_FORWARD_OFFSET		OFFSET_SHIFT	12	12	3265
B	RTL8367B_ACT53_FORWARD_MASK		MASK	0x1000	4096	3266
B	RTL8367B_ACT53_POLICING_OFFSET		OFFSET_SHIFT	11	11	3267
B	RTL8367B_ACT53_POLICING_MASK		MASK	0x800	2048	3268
B	RTL8367B_ACT53_PRIORITY_OFFSET		OFFSET_SHIFT	10	10	3269
B	RTL8367B_ACT53_PRIORITY_MASK		MASK	0x400	1024	3270
B	RTL8367B_ACT53_SVID_OFFSET		OFFSET_SHIFT	9	9	3271
B	RTL8367B_ACT53_SVID_MASK		MASK	0x200	512	3272
B	RTL8367B_ACT53_CVID_OFFSET		OFFSET_SHIFT	8	8	3273
B	RTL8367B_ACT53_CVID_MASK		MASK	0x100	256	3274
B	RTL8367B_OP52_NOT_OFFSET		OFFSET_SHIFT	6	6	3275
B	RTL8367B_OP52_NOT_MASK		MASK	0x40	64	3276
B	RTL8367B_ACT52_GPIO_OFFSET		OFFSET_SHIFT	5	5	3277
B	RTL8367B_ACT52_GPIO_MASK		MASK	0x20	32	3278
B	RTL8367B_ACT52_FORWARD_OFFSET		OFFSET_SHIFT	4	4	3279
B	RTL8367B_ACT52_FORWARD_MASK		MASK	0x10	16	3280
B	RTL8367B_ACT52_POLICING_OFFSET		OFFSET_SHIFT	3	3	3281
B	RTL8367B_ACT52_POLICING_MASK		MASK	0x8	8	3282
B	RTL8367B_ACT52_PRIORITY_OFFSET		OFFSET_SHIFT	2	2	3283
B	RTL8367B_ACT52_PRIORITY_MASK		MASK	0x4	4	3284
B	RTL8367B_ACT52_SVID_OFFSET		OFFSET_SHIFT	1	1	3285
B	RTL8367B_ACT52_SVID_MASK		MASK	0x2	2	3286
B	RTL8367B_ACT52_CVID_OFFSET		OFFSET_SHIFT	0	0	3287
B	RTL8367B_ACT52_CVID_MASK		MASK	0x1	1	3288
B	RTL8367B_REG_ACL_ACTION_CTRL27		REGISTER	0x062f	1583	3290
B	RTL8367B_OP55_NOT_OFFSET		OFFSET_SHIFT	14	14	3291
B	RTL8367B_OP55_NOT_MASK		MASK	0x4000	16384	3292
B	RTL8367B_ACT55_GPIO_OFFSET		OFFSET_SHIFT	13	13	3293
B	RTL8367B_ACT55_GPIO_MASK		MASK	0x2000	8192	3294
B	RTL8367B_ACT55_FORWARD_OFFSET		OFFSET_SHIFT	12	12	3295
B	RTL8367B_ACT55_FORWARD_MASK		MASK	0x1000	4096	3296
B	RTL8367B_ACT55_POLICING_OFFSET		OFFSET_SHIFT	11	11	3297
B	RTL8367B_ACT55_POLICING_MASK		MASK	0x800	2048	3298
B	RTL8367B_ACT55_PRIORITY_OFFSET		OFFSET_SHIFT	10	10	3299
B	RTL8367B_ACT55_PRIORITY_MASK		MASK	0x400	1024	3300
B	RTL8367B_ACT55_SVID_OFFSET		OFFSET_SHIFT	9	9	3301
B	RTL8367B_ACT55_SVID_MASK		MASK	0x200	512	3302
B	RTL8367B_ACT55_CVID_OFFSET		OFFSET_SHIFT	8	8	3303
B	RTL8367B_ACT55_CVID_MASK		MASK	0x100	256	3304
B	RTL8367B_OP54_NOT_OFFSET		OFFSET_SHIFT	6	6	3305
B	RTL8367B_OP54_NOT_MASK		MASK	0x40	64	3306
B	RTL8367B_ACT54_GPIO_OFFSET		OFFSET_SHIFT	5	5	3307
B	RTL8367B_ACT54_GPIO_MASK		MASK	0x20	32	3308
B	RTL8367B_ACT54_FORWARD_OFFSET		OFFSET_SHIFT	4	4	3309
B	RTL8367B_ACT54_FORWARD_MASK		MASK	0x10	16	3310
B	RTL8367B_ACT54_POLICING_OFFSET		OFFSET_SHIFT	3	3	3311
B	RTL8367B_ACT54_POLICING_MASK		MASK	0x8	8	3312
B	RTL8367B_ACT54_PRIORITY_OFFSET		OFFSET_SHIFT	2	2	3313
B	RTL8367B_ACT54_PRIORITY_MASK		MASK	0x4	4	3314
B	RTL8367B_ACT54_SVID_OFFSET		OFFSET_SHIFT	1	1	3315
B	RTL8367B_ACT54_SVID_MASK		MASK	0x2	2	3316
B	RTL8367B_ACT54_CVID_OFFSET		OFFSET_SHIFT	0	0	3317
B	RTL8367B_ACT54_CVID_MASK		MASK	0x1	1	3318
B	RTL8367B_REG_ACL_ACTION_CTRL28		REGISTER	0x0630	1584	3320
B	RTL8367B_OP57_NOT_OFFSET		OFFSET_SHIFT	14	14	3321
B	RTL8367B_OP57_NOT_MASK		MASK	0x4000	16384	3322
B	RTL8367B_ACT57_GPIO_OFFSET		OFFSET_SHIFT	13	13	3323
B	RTL8367B_ACT57_GPIO_MASK		MASK	0x2000	8192	3324
B	RTL8367B_ACT57_FORWARD_OFFSET		OFFSET_SHIFT	12	12	3325
B	RTL8367B_ACT57_FORWARD_MASK		MASK	0x1000	4096	3326
B	RTL8367B_ACT57_POLICING_OFFSET		OFFSET_SHIFT	11	11	3327
B	RTL8367B_ACT57_POLICING_MASK		MASK	0x800	2048	3328
B	RTL8367B_ACT57_PRIORITY_OFFSET		OFFSET_SHIFT	10	10	3329
B	RTL8367B_ACT57_PRIORITY_MASK		MASK	0x400	1024	3330
B	RTL8367B_ACT57_SVID_OFFSET		OFFSET_SHIFT	9	9	3331
B	RTL8367B_ACT57_SVID_MASK		MASK	0x200	512	3332
B	RTL8367B_ACT57_CVID_OFFSET		OFFSET_SHIFT	8	8	3333
B	RTL8367B_ACT57_CVID_MASK		MASK	0x100	256	3334
B	RTL8367B_OP56_NOT_OFFSET		OFFSET_SHIFT	6	6	3335
B	RTL8367B_OP56_NOT_MASK		MASK	0x40	64	3336
B	RTL8367B_ACT56_GPIO_OFFSET		OFFSET_SHIFT	5	5	3337
B	RTL8367B_ACT56_GPIO_MASK		MASK	0x20	32	3338
B	RTL8367B_ACT56_FORWARD_OFFSET		OFFSET_SHIFT	4	4	3339
B	RTL8367B_ACT56_FORWARD_MASK		MASK	0x10	16	3340
B	RTL8367B_ACT56_POLICING_OFFSET		OFFSET_SHIFT	3	3	3341
B	RTL8367B_ACT56_POLICING_MASK		MASK	0x8	8	3342
B	RTL8367B_ACT56_PRIORITY_OFFSET		OFFSET_SHIFT	2	2	3343
B	RTL8367B_ACT56_PRIORITY_MASK		MASK	0x4	4	3344
B	RTL8367B_ACT56_SVID_OFFSET		OFFSET_SHIFT	1	1	3345
B	RTL8367B_ACT56_SVID_MASK		MASK	0x2	2	3346
B	RTL8367B_ACT56_CVID_OFFSET		OFFSET_SHIFT	0	0	3347
B	RTL8367B_ACT56_CVID_MASK		MASK	0x1	1	3348
B	RTL8367B_REG_ACL_ACTION_CTRL29		REGISTER	0x0631	1585	3350
B	RTL8367B_OP59_NOT_OFFSET		OFFSET_SHIFT	14	14	3351
B	RTL8367B_OP59_NOT_MASK		MASK	0x4000	16384	3352
B	RTL8367B_ACT59_GPIO_OFFSET		OFFSET_SHIFT	13	13	3353
B	RTL8367B_ACT59_GPIO_MASK		MASK	0x2000	8192	3354
B	RTL8367B_ACT59_FORWARD_OFFSET		OFFSET_SHIFT	12	12	3355
B	RTL8367B_ACT59_FORWARD_MASK		MASK	0x1000	4096	3356
B	RTL8367B_ACT59_POLICING_OFFSET		OFFSET_SHIFT	11	11	3357
B	RTL8367B_ACT59_POLICING_MASK		MASK	0x800	2048	3358
B	RTL8367B_ACT59_PRIORITY_OFFSET		OFFSET_SHIFT	10	10	3359
B	RTL8367B_ACT59_PRIORITY_MASK		MASK	0x400	1024	3360
B	RTL8367B_ACT59_SVID_OFFSET		OFFSET_SHIFT	9	9	3361
B	RTL8367B_ACT59_SVID_MASK		MASK	0x200	512	3362
B	RTL8367B_ACT59_CVID_OFFSET		OFFSET_SHIFT	8	8	3363
B	RTL8367B_ACT59_CVID_MASK		MASK	0x100	256	3364
B	RTL8367B_OP58_NOT_OFFSET		OFFSET_SHIFT	6	6	3365
B	RTL8367B_OP58_NOT_MASK		MASK	0x40	64	3366
B	RTL8367B_ACT58_GPIO_OFFSET		OFFSET_SHIFT	5	5	3367
B	RTL8367B_ACT58_GPIO_MASK		MASK	0x20	32	3368
B	RTL8367B_ACT58_FORWARD_OFFSET		OFFSET_SHIFT	4	4	3369
B	RTL8367B_ACT58_FORWARD_MASK		MASK	0x10	16	3370
B	RTL8367B_ACT58_POLICING_OFFSET		OFFSET_SHIFT	3	3	3371
B	RTL8367B_ACT58_POLICING_MASK		MASK	0x8	8	3372
B	RTL8367B_ACT58_PRIORITY_OFFSET		OFFSET_SHIFT	2	2	3373
B	RTL8367B_ACT58_PRIORITY_MASK		MASK	0x4	4	3374
B	RTL8367B_ACT58_SVID_OFFSET		OFFSET_SHIFT	1	1	3375
B	RTL8367B_ACT58_SVID_MASK		MASK	0x2	2	3376
B	RTL8367B_ACT58_CVID_OFFSET		OFFSET_SHIFT	0	0	3377
B	RTL8367B_ACT58_CVID_MASK		MASK	0x1	1	3378
B	RTL8367B_REG_ACL_ACTION_CTRL30		REGISTER	0x0632	1586	3380
B	RTL8367B_OP61_NOT_OFFSET		OFFSET_SHIFT	14	14	3381
B	RTL8367B_OP61_NOT_MASK		MASK	0x4000	16384	3382
B	RTL8367B_ACT61_GPIO_OFFSET		OFFSET_SHIFT	13	13	3383
B	RTL8367B_ACT61_GPIO_MASK		MASK	0x2000	8192	3384
B	RTL8367B_ACT61_FORWARD_OFFSET		OFFSET_SHIFT	12	12	3385
B	RTL8367B_ACT61_FORWARD_MASK		MASK	0x1000	4096	3386
B	RTL8367B_ACT61_POLICING_OFFSET		OFFSET_SHIFT	11	11	3387
B	RTL8367B_ACT61_POLICING_MASK		MASK	0x800	2048	3388
B	RTL8367B_ACT61_PRIORITY_OFFSET		OFFSET_SHIFT	10	10	3389
B	RTL8367B_ACT61_PRIORITY_MASK		MASK	0x400	1024	3390
B	RTL8367B_ACT61_SVID_OFFSET		OFFSET_SHIFT	9	9	3391
B	RTL8367B_ACT61_SVID_MASK		MASK	0x200	512	3392
B	RTL8367B_ACT61_CVID_OFFSET		OFFSET_SHIFT	8	8	3393
B	RTL8367B_ACT61_CVID_MASK		MASK	0x100	256	3394
B	RTL8367B_OP60_NOT_OFFSET		OFFSET_SHIFT	6	6	3395
B	RTL8367B_OP60_NOT_MASK		MASK	0x40	64	3396
B	RTL8367B_ACT60_GPIO_OFFSET		OFFSET_SHIFT	5	5	3397
B	RTL8367B_ACT60_GPIO_MASK		MASK	0x20	32	3398
B	RTL8367B_ACT60_FORWARD_OFFSET		OFFSET_SHIFT	4	4	3399
B	RTL8367B_ACT60_FORWARD_MASK		MASK	0x10	16	3400
B	RTL8367B_ACT60_POLICING_OFFSET		OFFSET_SHIFT	3	3	3401
B	RTL8367B_ACT60_POLICING_MASK		MASK	0x8	8	3402
B	RTL8367B_ACT60_PRIORITY_OFFSET		OFFSET_SHIFT	2	2	3403
B	RTL8367B_ACT60_PRIORITY_MASK		MASK	0x4	4	3404
B	RTL8367B_ACT60_SVID_OFFSET		OFFSET_SHIFT	1	1	3405
B	RTL8367B_ACT60_SVID_MASK		MASK	0x2	2	3406
B	RTL8367B_ACT60_CVID_OFFSET		OFFSET_SHIFT	0	0	3407
B	RTL8367B_ACT60_CVID_MASK		MASK	0x1	1	3408
B	RTL8367B_REG_ACL_ACTION_CTRL31		REGISTER	0x0633	1587	3410
B	RTL8367B_OP63_NOT_OFFSET		OFFSET_SHIFT	14	14	3411
B	RTL8367B_OP63_NOT_MASK		MASK	0x4000	16384	3412
B	RTL8367B_ACT63_GPIO_OFFSET		OFFSET_SHIFT	13	13	3413
B	RTL8367B_ACT63_GPIO_MASK		MASK	0x2000	8192	3414
B	RTL8367B_ACT63_FORWARD_OFFSET		OFFSET_SHIFT	12	12	3415
B	RTL8367B_ACT63_FORWARD_MASK		MASK	0x1000	4096	3416
B	RTL8367B_ACT63_POLICING_OFFSET		OFFSET_SHIFT	11	11	3417
B	RTL8367B_ACT63_POLICING_MASK		MASK	0x800	2048	3418
B	RTL8367B_ACT63_PRIORITY_OFFSET		OFFSET_SHIFT	10	10	3419
B	RTL8367B_ACT63_PRIORITY_MASK		MASK	0x400	1024	3420
B	RTL8367B_ACT63_SVID_OFFSET		OFFSET_SHIFT	9	9	3421
B	RTL8367B_ACT63_SVID_MASK		MASK	0x200	512	3422
B	RTL8367B_ACT63_CVID_OFFSET		OFFSET_SHIFT	8	8	3423
B	RTL8367B_ACT63_CVID_MASK		MASK	0x100	256	3424
B	RTL8367B_OP62_NOT_OFFSET		OFFSET_SHIFT	6	6	3425
B	RTL8367B_OP62_NOT_MASK		MASK	0x40	64	3426
B	RTL8367B_ACT62_GPIO_OFFSET		OFFSET_SHIFT	5	5	3427
B	RTL8367B_ACT62_GPIO_MASK		MASK	0x20	32	3428
B	RTL8367B_ACT62_FORWARD_OFFSET		OFFSET_SHIFT	4	4	3429
B	RTL8367B_ACT62_FORWARD_MASK		MASK	0x10	16	3430
B	RTL8367B_ACT62_POLICING_OFFSET		OFFSET_SHIFT	3	3	3431
B	RTL8367B_ACT62_POLICING_MASK		MASK	0x8	8	3432
B	RTL8367B_ACT62_PRIORITY_OFFSET		OFFSET_SHIFT	2	2	3433
B	RTL8367B_ACT62_PRIORITY_MASK		MASK	0x4	4	3434
B	RTL8367B_ACT62_SVID_OFFSET		OFFSET_SHIFT	1	1	3435
B	RTL8367B_ACT62_SVID_MASK		MASK	0x2	2	3436
B	RTL8367B_ACT62_CVID_OFFSET		OFFSET_SHIFT	0	0	3437
B	RTL8367B_ACT62_CVID_MASK		MASK	0x1	1	3438
B	RTL8367B_REG_ACL_SDPORT_RANGE_ENTRY0_CTRL0		REGISTER	0x0635	1589	3440
B	RTL8367B_REG_ACL_SDPORT_RANGE_ENTRY0_CTRL1		REGISTER	0x0636	1590	3442
B	RTL8367B_REG_ACL_SDPORT_RANGE_ENTRY0_CTRL2		REGISTER	0x0637	1591	3444
B	RTL8367B_ACL_SDPORT_RANGE_ENTRY0_CTRL2_OFFSET		OFFSET_SHIFT	0	0	3445
B	RTL8367B_ACL_SDPORT_RANGE_ENTRY0_CTRL2_MASK		MASK	0x3	3	3446
B	RTL8367B_REG_ACL_SDPORT_RANGE_ENTRY1_CTRL0		REGISTER	0x0638	1592	3448
B	RTL8367B_REG_ACL_SDPORT_RANGE_ENTRY1_CTRL1		REGISTER	0x0639	1593	3450
B	RTL8367B_REG_ACL_SDPORT_RANGE_ENTRY1_CTRL2		REGISTER	0x063a	1594	3452
B	RTL8367B_ACL_SDPORT_RANGE_ENTRY1_CTRL2_OFFSET		OFFSET_SHIFT	0	0	3453
B	RTL8367B_ACL_SDPORT_RANGE_ENTRY1_CTRL2_MASK		MASK	0x3	3	3454
B	RTL8367B_REG_ACL_SDPORT_RANGE_ENTRY2_CTRL0		REGISTER	0x063b	1595	3456
B	RTL8367B_REG_ACL_SDPORT_RANGE_ENTRY2_CTRL1		REGISTER	0x063c	1596	3458
B	RTL8367B_REG_ACL_SDPORT_RANGE_ENTRY2_CTRL2		REGISTER	0x063d	1597	3460
B	RTL8367B_ACL_SDPORT_RANGE_ENTRY2_CTRL2_OFFSET		OFFSET_SHIFT	0	0	3461
B	RTL8367B_ACL_SDPORT_RANGE_ENTRY2_CTRL2_MASK		MASK	0x3	3	3462
B	RTL8367B_REG_ACL_SDPORT_RANGE_ENTRY3_CTRL0		REGISTER	0x063e	1598	3464
B	RTL8367B_REG_ACL_SDPORT_RANGE_ENTRY3_CTRL1		REGISTER	0x063f	1599	3466
B	RTL8367B_REG_ACL_SDPORT_RANGE_ENTRY3_CTRL2		REGISTER	0x0640	1600	3468
B	RTL8367B_ACL_SDPORT_RANGE_ENTRY3_CTRL2_OFFSET		OFFSET_SHIFT	0	0	3469
B	RTL8367B_ACL_SDPORT_RANGE_ENTRY3_CTRL2_MASK		MASK	0x3	3	3470
B	RTL8367B_REG_ACL_SDPORT_RANGE_ENTRY4_CTRL0		REGISTER	0x0641	1601	3472
B	RTL8367B_REG_ACL_SDPORT_RANGE_ENTRY4_CTRL1		REGISTER	0x0642	1602	3474
B	RTL8367B_REG_ACL_SDPORT_RANGE_ENTRY4_CTRL2		REGISTER	0x0643	1603	3476
B	RTL8367B_ACL_SDPORT_RANGE_ENTRY4_CTRL2_OFFSET		OFFSET_SHIFT	0	0	3477
B	RTL8367B_ACL_SDPORT_RANGE_ENTRY4_CTRL2_MASK		MASK	0x3	3	3478
B	RTL8367B_REG_ACL_SDPORT_RANGE_ENTRY5_CTRL0		REGISTER	0x0644	1604	3480
B	RTL8367B_REG_ACL_SDPORT_RANGE_ENTRY5_CTRL1		REGISTER	0x0645	1605	3482
B	RTL8367B_REG_ACL_SDPORT_RANGE_ENTRY5_CTRL2		REGISTER	0x0646	1606	3484
B	RTL8367B_ACL_SDPORT_RANGE_ENTRY5_CTRL2_OFFSET		OFFSET_SHIFT	0	0	3485
B	RTL8367B_ACL_SDPORT_RANGE_ENTRY5_CTRL2_MASK		MASK	0x3	3	3486
B	RTL8367B_REG_ACL_SDPORT_RANGE_ENTRY6_CTRL0		REGISTER	0x0647	1607	3488
B	RTL8367B_REG_ACL_SDPORT_RANGE_ENTRY6_CTRL1		REGISTER	0x0648	1608	3490
B	RTL8367B_REG_ACL_SDPORT_RANGE_ENTRY6_CTRL2		REGISTER	0x0649	1609	3492
B	RTL8367B_ACL_SDPORT_RANGE_ENTRY6_CTRL2_OFFSET		OFFSET_SHIFT	0	0	3493
B	RTL8367B_ACL_SDPORT_RANGE_ENTRY6_CTRL2_MASK		MASK	0x3	3	3494
B	RTL8367B_REG_ACL_SDPORT_RANGE_ENTRY7_CTRL0		REGISTER	0x064a	1610	3496
B	RTL8367B_REG_ACL_SDPORT_RANGE_ENTRY7_CTRL1		REGISTER	0x064b	1611	3498
B	RTL8367B_REG_ACL_SDPORT_RANGE_ENTRY7_CTRL2		REGISTER	0x064c	1612	3500
B	RTL8367B_ACL_SDPORT_RANGE_ENTRY7_CTRL2_OFFSET		OFFSET_SHIFT	0	0	3501
B	RTL8367B_ACL_SDPORT_RANGE_ENTRY7_CTRL2_MASK		MASK	0x3	3	3502
B	RTL8367B_REG_ACL_SDPORT_RANGE_ENTRY8_CTRL0		REGISTER	0x064d	1613	3504
B	RTL8367B_REG_ACL_SDPORT_RANGE_ENTRY8_CTRL1		REGISTER	0x064e	1614	3506
B	RTL8367B_REG_ACL_SDPORT_RANGE_ENTRY8_CTRL2		REGISTER	0x064f	1615	3508
B	RTL8367B_ACL_SDPORT_RANGE_ENTRY8_CTRL2_OFFSET		OFFSET_SHIFT	0	0	3509
B	RTL8367B_ACL_SDPORT_RANGE_ENTRY8_CTRL2_MASK		MASK	0x3	3	3510
B	RTL8367B_REG_ACL_SDPORT_RANGE_ENTRY9_CTRL0		REGISTER	0x0650	1616	3512
B	RTL8367B_REG_ACL_SDPORT_RANGE_ENTRY9_CTRL1		REGISTER	0x0651	1617	3514
B	RTL8367B_REG_ACL_SDPORT_RANGE_ENTRY9_CTRL2		REGISTER	0x0652	1618	3516
B	RTL8367B_ACL_SDPORT_RANGE_ENTRY9_CTRL2_OFFSET		OFFSET_SHIFT	0	0	3517
B	RTL8367B_ACL_SDPORT_RANGE_ENTRY9_CTRL2_MASK		MASK	0x3	3	3518
B	RTL8367B_REG_ACL_SDPORT_RANGE_ENTRY10_CTRL0		REGISTER	0x0653	1619	3520
B	RTL8367B_REG_ACL_SDPORT_RANGE_ENTRY10_CTRL1		REGISTER	0x0654	1620	3522
B	RTL8367B_REG_ACL_SDPORT_RANGE_ENTRY10_CTRL2		REGISTER	0x0655	1621	3524
B	RTL8367B_ACL_SDPORT_RANGE_ENTRY10_CTRL2_OFFSET		OFFSET_SHIFT	0	0	3525
B	RTL8367B_ACL_SDPORT_RANGE_ENTRY10_CTRL2_MASK		MASK	0x3	3	3526
B	RTL8367B_REG_ACL_SDPORT_RANGE_ENTRY11_CTRL0		REGISTER	0x0656	1622	3528
B	RTL8367B_REG_ACL_SDPORT_RANGE_ENTRY11_CTRL1		REGISTER	0x0657	1623	3530
B	RTL8367B_REG_ACL_SDPORT_RANGE_ENTRY11_CTRL2		REGISTER	0x0658	1624	3532
B	RTL8367B_ACL_SDPORT_RANGE_ENTRY11_CTRL2_OFFSET		OFFSET_SHIFT	0	0	3533
B	RTL8367B_ACL_SDPORT_RANGE_ENTRY11_CTRL2_MASK		MASK	0x3	3	3534
B	RTL8367B_REG_ACL_SDPORT_RANGE_ENTRY12_CTRL0		REGISTER	0x0659	1625	3536
B	RTL8367B_REG_ACL_SDPORT_RANGE_ENTRY12_CTRL1		REGISTER	0x065a	1626	3538
B	RTL8367B_REG_ACL_SDPORT_RANGE_ENTRY12_CTRL2		REGISTER	0x065b	1627	3540
B	RTL8367B_ACL_SDPORT_RANGE_ENTRY12_CTRL2_OFFSET		OFFSET_SHIFT	0	0	3541
B	RTL8367B_ACL_SDPORT_RANGE_ENTRY12_CTRL2_MASK		MASK	0x3	3	3542
B	RTL8367B_REG_ACL_SDPORT_RANGE_ENTRY13_CTRL0		REGISTER	0x065c	1628	3544
B	RTL8367B_REG_ACL_SDPORT_RANGE_ENTRY13_CTRL1		REGISTER	0x065d	1629	3546
B	RTL8367B_REG_ACL_SDPORT_RANGE_ENTRY13_CTRL2		REGISTER	0x065e	1630	3548
B	RTL8367B_ACL_SDPORT_RANGE_ENTRY13_CTRL2_OFFSET		OFFSET_SHIFT	0	0	3549
B	RTL8367B_ACL_SDPORT_RANGE_ENTRY13_CTRL2_MASK		MASK	0x3	3	3550
B	RTL8367B_REG_ACL_SDPORT_RANGE_ENTRY14_CTRL0		REGISTER	0x065f	1631	3552
B	RTL8367B_REG_ACL_SDPORT_RANGE_ENTRY14_CTRL1		REGISTER	0x0660	1632	3554
B	RTL8367B_REG_ACL_SDPORT_RANGE_ENTRY14_CTRL2		REGISTER	0x0661	1633	3556
B	RTL8367B_ACL_SDPORT_RANGE_ENTRY14_CTRL2_OFFSET		OFFSET_SHIFT	0	0	3557
B	RTL8367B_ACL_SDPORT_RANGE_ENTRY14_CTRL2_MASK		MASK	0x3	3	3558
B	RTL8367B_REG_ACL_SDPORT_RANGE_ENTRY15_CTRL0		REGISTER	0x0662	1634	3560
B	RTL8367B_REG_ACL_SDPORT_RANGE_ENTRY15_CTRL1		REGISTER	0x0663	1635	3562
B	RTL8367B_REG_ACL_SDPORT_RANGE_ENTRY15_CTRL2		REGISTER	0x0664	1636	3564
B	RTL8367B_ACL_SDPORT_RANGE_ENTRY15_CTRL2_OFFSET		OFFSET_SHIFT	0	0	3565
B	RTL8367B_ACL_SDPORT_RANGE_ENTRY15_CTRL2_MASK		MASK	0x3	3	3566
B	RTL8367B_REG_ACL_VID_RANGE_ENTRY0_CTRL0		REGISTER	0x0665	1637	3568
B	RTL8367B_ACL_VID_RANGE_ENTRY0_CTRL0_OFFSET		OFFSET_SHIFT	0	0	3569
B	RTL8367B_ACL_VID_RANGE_ENTRY0_CTRL0_MASK		MASK	0xFFF	4095	3570
B	RTL8367B_REG_ACL_VID_RANGE_ENTRY0_CTRL1		REGISTER	0x0666	1638	3572
B	RTL8367B_ACL_VID_RANGE_ENTRY0_CTRL1_CHECK0_TYPE_OFFSET		OFFSET_SHIFT	12	12	3573
B	RTL8367B_ACL_VID_RANGE_ENTRY0_CTRL1_CHECK0_TYPE_MASK		MASK	0x3000	12288	3574
B	RTL8367B_ACL_VID_RANGE_ENTRY0_CTRL1_CHECK0_HIGH_OFFSET		OFFSET_SHIFT	0	0	3575
B	RTL8367B_ACL_VID_RANGE_ENTRY0_CTRL1_CHECK0_HIGH_MASK		MASK	0xFFF	4095	3576
B	RTL8367B_REG_ACL_VID_RANGE_ENTRY1_CTRL0		REGISTER	0x0667	1639	3578
B	RTL8367B_ACL_VID_RANGE_ENTRY1_CTRL0_OFFSET		OFFSET_SHIFT	0	0	3579
B	RTL8367B_ACL_VID_RANGE_ENTRY1_CTRL0_MASK		MASK	0xFFF	4095	3580
B	RTL8367B_REG_ACL_VID_RANGE_ENTRY1_CTRL1		REGISTER	0x0668	1640	3582
B	RTL8367B_ACL_VID_RANGE_ENTRY1_CTRL1_CHECK1_TYPE_OFFSET		OFFSET_SHIFT	12	12	3583
B	RTL8367B_ACL_VID_RANGE_ENTRY1_CTRL1_CHECK1_TYPE_MASK		MASK	0x3000	12288	3584
B	RTL8367B_ACL_VID_RANGE_ENTRY1_CTRL1_CHECK1_HIGH_OFFSET		OFFSET_SHIFT	0	0	3585
B	RTL8367B_ACL_VID_RANGE_ENTRY1_CTRL1_CHECK1_HIGH_MASK		MASK	0xFFF	4095	3586
B	RTL8367B_REG_ACL_VID_RANGE_ENTRY2_CTRL0		REGISTER	0x0669	1641	3588
B	RTL8367B_ACL_VID_RANGE_ENTRY2_CTRL0_OFFSET		OFFSET_SHIFT	0	0	3589
B	RTL8367B_ACL_VID_RANGE_ENTRY2_CTRL0_MASK		MASK	0xFFF	4095	3590
B	RTL8367B_REG_ACL_VID_RANGE_ENTRY2_CTRL1		REGISTER	0x066a	1642	3592
B	RTL8367B_ACL_VID_RANGE_ENTRY2_CTRL1_CHECK2_TYPE_OFFSET		OFFSET_SHIFT	12	12	3593
B	RTL8367B_ACL_VID_RANGE_ENTRY2_CTRL1_CHECK2_TYPE_MASK		MASK	0x3000	12288	3594
B	RTL8367B_ACL_VID_RANGE_ENTRY2_CTRL1_CHECK2_HIGH_OFFSET		OFFSET_SHIFT	0	0	3595
B	RTL8367B_ACL_VID_RANGE_ENTRY2_CTRL1_CHECK2_HIGH_MASK		MASK	0xFFF	4095	3596
B	RTL8367B_REG_ACL_VID_RANGE_ENTRY3_CTRL0		REGISTER	0x066b	1643	3598
B	RTL8367B_ACL_VID_RANGE_ENTRY3_CTRL0_OFFSET		OFFSET_SHIFT	0	0	3599
B	RTL8367B_ACL_VID_RANGE_ENTRY3_CTRL0_MASK		MASK	0xFFF	4095	3600
B	RTL8367B_REG_ACL_VID_RANGE_ENTRY3_CTRL1		REGISTER	0x066c	1644	3602
B	RTL8367B_ACL_VID_RANGE_ENTRY3_CTRL1_CHECK3_TYPE_OFFSET		OFFSET_SHIFT	12	12	3603
B	RTL8367B_ACL_VID_RANGE_ENTRY3_CTRL1_CHECK3_TYPE_MASK		MASK	0x3000	12288	3604
B	RTL8367B_ACL_VID_RANGE_ENTRY3_CTRL1_CHECK3_HIGH_OFFSET		OFFSET_SHIFT	0	0	3605
B	RTL8367B_ACL_VID_RANGE_ENTRY3_CTRL1_CHECK3_HIGH_MASK		MASK	0xFFF	4095	3606
B	RTL8367B_REG_ACL_VID_RANGE_ENTRY4_CTRL0		REGISTER	0x066d	1645	3608
B	RTL8367B_ACL_VID_RANGE_ENTRY4_CTRL0_OFFSET		OFFSET_SHIFT	0	0	3609
B	RTL8367B_ACL_VID_RANGE_ENTRY4_CTRL0_MASK		MASK	0xFFF	4095	3610
B	RTL8367B_REG_ACL_VID_RANGE_ENTRY4_CTRL1		REGISTER	0x066e	1646	3612
B	RTL8367B_ACL_VID_RANGE_ENTRY4_CTRL1_CHECK4_TYPE_OFFSET		OFFSET_SHIFT	12	12	3613
B	RTL8367B_ACL_VID_RANGE_ENTRY4_CTRL1_CHECK4_TYPE_MASK		MASK	0x3000	12288	3614
B	RTL8367B_ACL_VID_RANGE_ENTRY4_CTRL1_CHECK4_HIGH_OFFSET		OFFSET_SHIFT	0	0	3615
B	RTL8367B_ACL_VID_RANGE_ENTRY4_CTRL1_CHECK4_HIGH_MASK		MASK	0xFFF	4095	3616
B	RTL8367B_REG_ACL_VID_RANGE_ENTRY5_CTRL0		REGISTER	0x066f	1647	3618
B	RTL8367B_ACL_VID_RANGE_ENTRY5_CTRL0_OFFSET		OFFSET_SHIFT	0	0	3619
B	RTL8367B_ACL_VID_RANGE_ENTRY5_CTRL0_MASK		MASK	0xFFF	4095	3620
B	RTL8367B_REG_ACL_VID_RANGE_ENTRY5_CTRL1		REGISTER	0x0670	1648	3622
B	RTL8367B_ACL_VID_RANGE_ENTRY5_CTRL1_CHECK5_TYPE_OFFSET		OFFSET_SHIFT	12	12	3623
B	RTL8367B_ACL_VID_RANGE_ENTRY5_CTRL1_CHECK5_TYPE_MASK		MASK	0x3000	12288	3624
B	RTL8367B_ACL_VID_RANGE_ENTRY5_CTRL1_CHECK5_HIGH_OFFSET		OFFSET_SHIFT	0	0	3625
B	RTL8367B_ACL_VID_RANGE_ENTRY5_CTRL1_CHECK5_HIGH_MASK		MASK	0xFFF	4095	3626
B	RTL8367B_REG_ACL_VID_RANGE_ENTRY6_CTRL0		REGISTER	0x0671	1649	3628
B	RTL8367B_ACL_VID_RANGE_ENTRY6_CTRL0_OFFSET		OFFSET_SHIFT	0	0	3629
B	RTL8367B_ACL_VID_RANGE_ENTRY6_CTRL0_MASK		MASK	0xFFF	4095	3630
B	RTL8367B_REG_ACL_VID_RANGE_ENTRY6_CTRL1		REGISTER	0x0672	1650	3632
B	RTL8367B_ACL_VID_RANGE_ENTRY6_CTRL1_CHECK6_TYPE_OFFSET		OFFSET_SHIFT	12	12	3633
B	RTL8367B_ACL_VID_RANGE_ENTRY6_CTRL1_CHECK6_TYPE_MASK		MASK	0x3000	12288	3634
B	RTL8367B_ACL_VID_RANGE_ENTRY6_CTRL1_CHECK6_HIGH_OFFSET		OFFSET_SHIFT	0	0	3635
B	RTL8367B_ACL_VID_RANGE_ENTRY6_CTRL1_CHECK6_HIGH_MASK		MASK	0xFFF	4095	3636
B	RTL8367B_REG_ACL_VID_RANGE_ENTRY7_CTRL0		REGISTER	0x0673	1651	3638
B	RTL8367B_ACL_VID_RANGE_ENTRY7_CTRL0_OFFSET		OFFSET_SHIFT	0	0	3639
B	RTL8367B_ACL_VID_RANGE_ENTRY7_CTRL0_MASK		MASK	0xFFF	4095	3640
B	RTL8367B_REG_ACL_VID_RANGE_ENTRY7_CTRL1		REGISTER	0x0674	1652	3642
B	RTL8367B_ACL_VID_RANGE_ENTRY7_CTRL1_CHECK7_TYPE_OFFSET		OFFSET_SHIFT	12	12	3643
B	RTL8367B_ACL_VID_RANGE_ENTRY7_CTRL1_CHECK7_TYPE_MASK		MASK	0x3000	12288	3644
B	RTL8367B_ACL_VID_RANGE_ENTRY7_CTRL1_CHECK7_HIGH_OFFSET		OFFSET_SHIFT	0	0	3645
B	RTL8367B_ACL_VID_RANGE_ENTRY7_CTRL1_CHECK7_HIGH_MASK		MASK	0xFFF	4095	3646
B	RTL8367B_REG_ACL_VID_RANGE_ENTRY8_CTRL0		REGISTER	0x0675	1653	3648
B	RTL8367B_ACL_VID_RANGE_ENTRY8_CTRL0_OFFSET		OFFSET_SHIFT	0	0	3649
B	RTL8367B_ACL_VID_RANGE_ENTRY8_CTRL0_MASK		MASK	0xFFF	4095	3650
B	RTL8367B_REG_ACL_VID_RANGE_ENTRY8_CTRL1		REGISTER	0x0676	1654	3652
B	RTL8367B_ACL_VID_RANGE_ENTRY8_CTRL1_CHECK8_TYPE_OFFSET		OFFSET_SHIFT	12	12	3653
B	RTL8367B_ACL_VID_RANGE_ENTRY8_CTRL1_CHECK8_TYPE_MASK		MASK	0x3000	12288	3654
B	RTL8367B_ACL_VID_RANGE_ENTRY8_CTRL1_CHECK8_HIGH_OFFSET		OFFSET_SHIFT	0	0	3655
B	RTL8367B_ACL_VID_RANGE_ENTRY8_CTRL1_CHECK8_HIGH_MASK		MASK	0xFFF	4095	3656
B	RTL8367B_REG_ACL_VID_RANGE_ENTRY9_CTRL0		REGISTER	0x0677	1655	3658
B	RTL8367B_ACL_VID_RANGE_ENTRY9_CTRL0_OFFSET		OFFSET_SHIFT	0	0	3659
B	RTL8367B_ACL_VID_RANGE_ENTRY9_CTRL0_MASK		MASK	0xFFF	4095	3660
B	RTL8367B_REG_ACL_VID_RANGE_ENTRY9_CTRL1		REGISTER	0x0678	1656	3662
B	RTL8367B_ACL_VID_RANGE_ENTRY9_CTRL1_CHECK9_TYPE_OFFSET		OFFSET_SHIFT	12	12	3663
B	RTL8367B_ACL_VID_RANGE_ENTRY9_CTRL1_CHECK9_TYPE_MASK		MASK	0x3000	12288	3664
B	RTL8367B_ACL_VID_RANGE_ENTRY9_CTRL1_CHECK9_HIGH_OFFSET		OFFSET_SHIFT	0	0	3665
B	RTL8367B_ACL_VID_RANGE_ENTRY9_CTRL1_CHECK9_HIGH_MASK		MASK	0xFFF	4095	3666
B	RTL8367B_REG_ACL_VID_RANGE_ENTRY10_CTRL0		REGISTER	0x0679	1657	3668
B	RTL8367B_ACL_VID_RANGE_ENTRY10_CTRL0_OFFSET		OFFSET_SHIFT	0	0	3669
B	RTL8367B_ACL_VID_RANGE_ENTRY10_CTRL0_MASK		MASK	0xFFF	4095	3670
B	RTL8367B_REG_ACL_VID_RANGE_ENTRY10_CTRL1		REGISTER	0x067a	1658	3672
B	RTL8367B_ACL_VID_RANGE_ENTRY10_CTRL1_CHECK10_TYPE_OFFSET		OFFSET_SHIFT	12	12	3673
B	RTL8367B_ACL_VID_RANGE_ENTRY10_CTRL1_CHECK10_TYPE_MASK		MASK	0x3000	12288	3674
B	RTL8367B_ACL_VID_RANGE_ENTRY10_CTRL1_CHECK10_HIGH_OFFSET		OFFSET_SHIFT	0	0	3675
B	RTL8367B_ACL_VID_RANGE_ENTRY10_CTRL1_CHECK10_HIGH_MASK		MASK	0xFFF	4095	3676
B	RTL8367B_REG_ACL_VID_RANGE_ENTRY11_CTRL0		REGISTER	0x067b	1659	3678
B	RTL8367B_ACL_VID_RANGE_ENTRY11_CTRL0_OFFSET		OFFSET_SHIFT	0	0	3679
B	RTL8367B_ACL_VID_RANGE_ENTRY11_CTRL0_MASK		MASK	0xFFF	4095	3680
B	RTL8367B_REG_ACL_VID_RANGE_ENTRY11_CTRL1		REGISTER	0x067c	1660	3682
B	RTL8367B_ACL_VID_RANGE_ENTRY11_CTRL1_CHECK11_TYPE_OFFSET		OFFSET_SHIFT	12	12	3683
B	RTL8367B_ACL_VID_RANGE_ENTRY11_CTRL1_CHECK11_TYPE_MASK		MASK	0x3000	12288	3684
B	RTL8367B_ACL_VID_RANGE_ENTRY11_CTRL1_CHECK11_HIGH_OFFSET		OFFSET_SHIFT	0	0	3685
B	RTL8367B_ACL_VID_RANGE_ENTRY11_CTRL1_CHECK11_HIGH_MASK		MASK	0xFFF	4095	3686
B	RTL8367B_REG_ACL_VID_RANGE_ENTRY12_CTRL0		REGISTER	0x067d	1661	3688
B	RTL8367B_ACL_VID_RANGE_ENTRY12_CTRL0_OFFSET		OFFSET_SHIFT	0	0	3689
B	RTL8367B_ACL_VID_RANGE_ENTRY12_CTRL0_MASK		MASK	0xFFF	4095	3690
B	RTL8367B_REG_ACL_VID_RANGE_ENTRY12_CTRL1		REGISTER	0x067e	1662	3692
B	RTL8367B_ACL_VID_RANGE_ENTRY12_CTRL1_CHECK12_TYPE_OFFSET		OFFSET_SHIFT	12	12	3693
B	RTL8367B_ACL_VID_RANGE_ENTRY12_CTRL1_CHECK12_TYPE_MASK		MASK	0x3000	12288	3694
B	RTL8367B_ACL_VID_RANGE_ENTRY12_CTRL1_CHECK12_HIGH_OFFSET		OFFSET_SHIFT	0	0	3695
B	RTL8367B_ACL_VID_RANGE_ENTRY12_CTRL1_CHECK12_HIGH_MASK		MASK	0xFFF	4095	3696
B	RTL8367B_REG_ACL_VID_RANGE_ENTRY13_CTRL0		REGISTER	0x067f	1663	3698
B	RTL8367B_ACL_VID_RANGE_ENTRY13_CTRL0_OFFSET		OFFSET_SHIFT	0	0	3699
B	RTL8367B_ACL_VID_RANGE_ENTRY13_CTRL0_MASK		MASK	0xFFF	4095	3700
B	RTL8367B_REG_ACL_VID_RANGE_ENTRY13_CTRL1		REGISTER	0x0680	1664	3702
B	RTL8367B_ACL_VID_RANGE_ENTRY13_CTRL1_CHECK13_TYPE_OFFSET		OFFSET_SHIFT	12	12	3703
B	RTL8367B_ACL_VID_RANGE_ENTRY13_CTRL1_CHECK13_TYPE_MASK		MASK	0x3000	12288	3704
B	RTL8367B_ACL_VID_RANGE_ENTRY13_CTRL1_CHECK13_HIGH_OFFSET		OFFSET_SHIFT	0	0	3705
B	RTL8367B_ACL_VID_RANGE_ENTRY13_CTRL1_CHECK13_HIGH_MASK		MASK	0xFFF	4095	3706
B	RTL8367B_REG_ACL_VID_RANGE_ENTRY14_CTRL0		REGISTER	0x0681	1665	3708
B	RTL8367B_ACL_VID_RANGE_ENTRY14_CTRL0_OFFSET		OFFSET_SHIFT	0	0	3709
B	RTL8367B_ACL_VID_RANGE_ENTRY14_CTRL0_MASK		MASK	0xFFF	4095	3710
B	RTL8367B_REG_ACL_VID_RANGE_ENTRY14_CTRL1		REGISTER	0x0682	1666	3712
B	RTL8367B_ACL_VID_RANGE_ENTRY14_CTRL1_CHECK14_TYPE_OFFSET		OFFSET_SHIFT	12	12	3713
B	RTL8367B_ACL_VID_RANGE_ENTRY14_CTRL1_CHECK14_TYPE_MASK		MASK	0x3000	12288	3714
B	RTL8367B_ACL_VID_RANGE_ENTRY14_CTRL1_CHECK14_HIGH_OFFSET		OFFSET_SHIFT	0	0	3715
B	RTL8367B_ACL_VID_RANGE_ENTRY14_CTRL1_CHECK14_HIGH_MASK		MASK	0xFFF	4095	3716
B	RTL8367B_REG_ACL_VID_RANGE_ENTRY15_CTRL0		REGISTER	0x0683	1667	3718
B	RTL8367B_ACL_VID_RANGE_ENTRY15_CTRL0_OFFSET		OFFSET_SHIFT	0	0	3719
B	RTL8367B_ACL_VID_RANGE_ENTRY15_CTRL0_MASK		MASK	0xFFF	4095	3720
B	RTL8367B_REG_ACL_VID_RANGE_ENTRY15_CTRL1		REGISTER	0x0684	1668	3722
B	RTL8367B_ACL_VID_RANGE_ENTRY15_CTRL1_CHECK15_TYPE_OFFSET		OFFSET_SHIFT	12	12	3723
B	RTL8367B_ACL_VID_RANGE_ENTRY15_CTRL1_CHECK15_TYPE_MASK		MASK	0x3000	12288	3724
B	RTL8367B_ACL_VID_RANGE_ENTRY15_CTRL1_CHECK15_HIGH_OFFSET		OFFSET_SHIFT	0	0	3725
B	RTL8367B_ACL_VID_RANGE_ENTRY15_CTRL1_CHECK15_HIGH_MASK		MASK	0xFFF	4095	3726
B	RTL8367B_REG_ACL_IP_RANGE_ENTRY0_CTRL0		REGISTER	0x0685	1669	3728
B	RTL8367B_REG_ACL_IP_RANGE_ENTRY0_CTRL1		REGISTER	0x0686	1670	3730
B	RTL8367B_REG_ACL_IP_RANGE_ENTRY0_CTRL2		REGISTER	0x0687	1671	3732
B	RTL8367B_REG_ACL_IP_RANGE_ENTRY0_CTRL3		REGISTER	0x0688	1672	3734
B	RTL8367B_REG_ACL_IP_RANGE_ENTRY0_CTRL4		REGISTER	0x0689	1673	3736
B	RTL8367B_ACL_IP_RANGE_ENTRY0_CTRL4_OFFSET		OFFSET_SHIFT	0	0	3737
B	RTL8367B_ACL_IP_RANGE_ENTRY0_CTRL4_MASK		MASK	0x7	7	3738
B	RTL8367B_REG_ACL_IP_RANGE_ENTRY1_CTRL0		REGISTER	0x068a	1674	3740
B	RTL8367B_REG_ACL_IP_RANGE_ENTRY1_CTRL1		REGISTER	0x068b	1675	3742
B	RTL8367B_REG_ACL_IP_RANGE_ENTRY1_CTRL2		REGISTER	0x068c	1676	3744
B	RTL8367B_REG_ACL_IP_RANGE_ENTRY1_CTRL3		REGISTER	0x068d	1677	3746
B	RTL8367B_REG_ACL_IP_RANGE_ENTRY1_CTRL4		REGISTER	0x068e	1678	3748
B	RTL8367B_ACL_IP_RANGE_ENTRY1_CTRL4_OFFSET		OFFSET_SHIFT	0	0	3749
B	RTL8367B_ACL_IP_RANGE_ENTRY1_CTRL4_MASK		MASK	0x7	7	3750
B	RTL8367B_REG_ACL_IP_RANGE_ENTRY2_CTRL0		REGISTER	0x068f	1679	3752
B	RTL8367B_REG_ACL_IP_RANGE_ENTRY2_CTRL1		REGISTER	0x0690	1680	3754
B	RTL8367B_REG_ACL_IP_RANGE_ENTRY2_CTRL2		REGISTER	0x0691	1681	3756
B	RTL8367B_REG_ACL_IP_RANGE_ENTRY2_CTRL3		REGISTER	0x0692	1682	3758
B	RTL8367B_REG_ACL_IP_RANGE_ENTRY2_CTRL4		REGISTER	0x0693	1683	3760
B	RTL8367B_ACL_IP_RANGE_ENTRY2_CTRL4_OFFSET		OFFSET_SHIFT	0	0	3761
B	RTL8367B_ACL_IP_RANGE_ENTRY2_CTRL4_MASK		MASK	0x7	7	3762
B	RTL8367B_REG_ACL_IP_RANGE_ENTRY3_CTRL0		REGISTER	0x0694	1684	3764
B	RTL8367B_REG_ACL_IP_RANGE_ENTRY3_CTRL1		REGISTER	0x0695	1685	3766
B	RTL8367B_REG_ACL_IP_RANGE_ENTRY3_CTRL2		REGISTER	0x0696	1686	3768
B	RTL8367B_REG_ACL_IP_RANGE_ENTRY3_CTRL3		REGISTER	0x0697	1687	3770
B	RTL8367B_REG_ACL_IP_RANGE_ENTRY3_CTRL4		REGISTER	0x0698	1688	3772
B	RTL8367B_ACL_IP_RANGE_ENTRY3_CTRL4_OFFSET		OFFSET_SHIFT	0	0	3773
B	RTL8367B_ACL_IP_RANGE_ENTRY3_CTRL4_MASK		MASK	0x7	7	3774
B	RTL8367B_REG_ACL_IP_RANGE_ENTRY4_CTRL0		REGISTER	0x0699	1689	3776
B	RTL8367B_REG_ACL_IP_RANGE_ENTRY4_CTRL1		REGISTER	0x069a	1690	3778
B	RTL8367B_REG_ACL_IP_RANGE_ENTRY4_CTRL2		REGISTER	0x069b	1691	3780
B	RTL8367B_REG_ACL_IP_RANGE_ENTRY4_CTRL3		REGISTER	0x069c	1692	3782
B	RTL8367B_REG_ACL_IP_RANGE_ENTRY4_CTRL4		REGISTER	0x069d	1693	3784
B	RTL8367B_ACL_IP_RANGE_ENTRY4_CTRL4_OFFSET		OFFSET_SHIFT	0	0	3785
B	RTL8367B_ACL_IP_RANGE_ENTRY4_CTRL4_MASK		MASK	0x7	7	3786
B	RTL8367B_REG_ACL_IP_RANGE_ENTRY5_CTRL0		REGISTER	0x069e	1694	3788
B	RTL8367B_REG_ACL_IP_RANGE_ENTRY5_CTRL1		REGISTER	0x069f	1695	3790
B	RTL8367B_REG_ACL_IP_RANGE_ENTRY5_CTRL2		REGISTER	0x06a0	1696	3792
B	RTL8367B_REG_ACL_IP_RANGE_ENTRY5_CTRL3		REGISTER	0x06a1	1697	3794
B	RTL8367B_REG_ACL_IP_RANGE_ENTRY5_CTRL4		REGISTER	0x06a2	1698	3796
B	RTL8367B_ACL_IP_RANGE_ENTRY5_CTRL4_OFFSET		OFFSET_SHIFT	0	0	3797
B	RTL8367B_ACL_IP_RANGE_ENTRY5_CTRL4_MASK		MASK	0x7	7	3798
B	RTL8367B_REG_ACL_IP_RANGE_ENTRY6_CTRL0		REGISTER	0x06a3	1699	3800
B	RTL8367B_REG_ACL_IP_RANGE_ENTRY6_CTRL1		REGISTER	0x06a4	1700	3802
B	RTL8367B_REG_ACL_IP_RANGE_ENTRY6_CTRL2		REGISTER	0x06a5	1701	3804
B	RTL8367B_REG_ACL_IP_RANGE_ENTRY6_CTRL3		REGISTER	0x06a6	1702	3806
B	RTL8367B_REG_ACL_IP_RANGE_ENTRY6_CTRL4		REGISTER	0x06a7	1703	3808
B	RTL8367B_ACL_IP_RANGE_ENTRY6_CTRL4_OFFSET		OFFSET_SHIFT	0	0	3809
B	RTL8367B_ACL_IP_RANGE_ENTRY6_CTRL4_MASK		MASK	0x7	7	3810
B	RTL8367B_REG_ACL_IP_RANGE_ENTRY7_CTRL0		REGISTER	0x06a8	1704	3812
B	RTL8367B_REG_ACL_IP_RANGE_ENTRY7_CTRL1		REGISTER	0x06a9	1705	3814
B	RTL8367B_REG_ACL_IP_RANGE_ENTRY7_CTRL2		REGISTER	0x06aa	1706	3816
B	RTL8367B_REG_ACL_IP_RANGE_ENTRY7_CTRL3		REGISTER	0x06ab	1707	3818
B	RTL8367B_REG_ACL_IP_RANGE_ENTRY7_CTRL4		REGISTER	0x06ac	1708	3820
B	RTL8367B_ACL_IP_RANGE_ENTRY7_CTRL4_OFFSET		OFFSET_SHIFT	0	0	3821
B	RTL8367B_ACL_IP_RANGE_ENTRY7_CTRL4_MASK		MASK	0x7	7	3822
B	RTL8367B_REG_ACL_IP_RANGE_ENTRY8_CTRL0		REGISTER	0x06ad	1709	3824
B	RTL8367B_REG_ACL_IP_RANGE_ENTRY8_CTRL1		REGISTER	0x06ae	1710	3826
B	RTL8367B_REG_ACL_IP_RANGE_ENTRY8_CTRL2		REGISTER	0x06af	1711	3828
B	RTL8367B_REG_ACL_IP_RANGE_ENTRY8_CTRL3		REGISTER	0x06b0	1712	3830
B	RTL8367B_REG_ACL_IP_RANGE_ENTRY8_CTRL4		REGISTER	0x06b1	1713	3832
B	RTL8367B_ACL_IP_RANGE_ENTRY8_CTRL4_OFFSET		OFFSET_SHIFT	0	0	3833
B	RTL8367B_ACL_IP_RANGE_ENTRY8_CTRL4_MASK		MASK	0x7	7	3834
B	RTL8367B_REG_ACL_IP_RANGE_ENTRY9_CTRL0		REGISTER	0x06b2	1714	3836
B	RTL8367B_REG_ACL_IP_RANGE_ENTRY9_CTRL1		REGISTER	0x06b3	1715	3838
B	RTL8367B_REG_ACL_IP_RANGE_ENTRY9_CTRL2		REGISTER	0x06b4	1716	3840
B	RTL8367B_REG_ACL_IP_RANGE_ENTRY9_CTRL3		REGISTER	0x06b5	1717	3842
B	RTL8367B_REG_ACL_IP_RANGE_ENTRY9_CTRL4		REGISTER	0x06b6	1718	3844
B	RTL8367B_ACL_IP_RANGE_ENTRY9_CTRL4_OFFSET		OFFSET_SHIFT	0	0	3845
B	RTL8367B_ACL_IP_RANGE_ENTRY9_CTRL4_MASK		MASK	0x7	7	3846
B	RTL8367B_REG_ACL_IP_RANGE_ENTRY10_CTRL0		REGISTER	0x06b7	1719	3848
B	RTL8367B_REG_ACL_IP_RANGE_ENTRY10_CTRL1		REGISTER	0x06b8	1720	3850
B	RTL8367B_REG_ACL_IP_RANGE_ENTRY10_CTRL2		REGISTER	0x06b9	1721	3852
B	RTL8367B_REG_ACL_IP_RANGE_ENTRY10_CTRL3		REGISTER	0x06ba	1722	3854
B	RTL8367B_REG_ACL_IP_RANGE_ENTRY10_CTRL4		REGISTER	0x06bb	1723	3856
B	RTL8367B_ACL_IP_RANGE_ENTRY10_CTRL4_OFFSET		OFFSET_SHIFT	0	0	3857
B	RTL8367B_ACL_IP_RANGE_ENTRY10_CTRL4_MASK		MASK	0x7	7	3858
B	RTL8367B_REG_ACL_IP_RANGE_ENTRY11_CTRL0		REGISTER	0x06bc	1724	3860
B	RTL8367B_REG_ACL_IP_RANGE_ENTRY11_CTRL1		REGISTER	0x06bd	1725	3862
B	RTL8367B_REG_ACL_IP_RANGE_ENTRY11_CTRL2		REGISTER	0x06be	1726	3864
B	RTL8367B_REG_ACL_IP_RANGE_ENTRY11_CTRL3		REGISTER	0x06bf	1727	3866
B	RTL8367B_REG_ACL_IP_RANGE_ENTRY11_CTRL4		REGISTER	0x06c0	1728	3868
B	RTL8367B_ACL_IP_RANGE_ENTRY11_CTRL4_OFFSET		OFFSET_SHIFT	0	0	3869
B	RTL8367B_ACL_IP_RANGE_ENTRY11_CTRL4_MASK		MASK	0x7	7	3870
B	RTL8367B_REG_ACL_IP_RANGE_ENTRY12_CTRL0		REGISTER	0x06c1	1729	3872
B	RTL8367B_REG_ACL_IP_RANGE_ENTRY12_CTRL1		REGISTER	0x06c2	1730	3874
B	RTL8367B_REG_ACL_IP_RANGE_ENTRY12_CTRL2		REGISTER	0x06c3	1731	3876
B	RTL8367B_REG_ACL_IP_RANGE_ENTRY12_CTRL3		REGISTER	0x06c4	1732	3878
B	RTL8367B_REG_ACL_IP_RANGE_ENTRY12_CTRL4		REGISTER	0x06c5	1733	3880
B	RTL8367B_ACL_IP_RANGE_ENTRY12_CTRL4_OFFSET		OFFSET_SHIFT	0	0	3881
B	RTL8367B_ACL_IP_RANGE_ENTRY12_CTRL4_MASK		MASK	0x7	7	3882
B	RTL8367B_REG_ACL_IP_RANGE_ENTRY13_CTRL0		REGISTER	0x06c6	1734	3884
B	RTL8367B_REG_ACL_IP_RANGE_ENTRY13_CTRL1		REGISTER	0x06c7	1735	3886
B	RTL8367B_REG_ACL_IP_RANGE_ENTRY13_CTRL2		REGISTER	0x06c8	1736	3888
B	RTL8367B_REG_ACL_IP_RANGE_ENTRY13_CTRL3		REGISTER	0x06c9	1737	3890
B	RTL8367B_REG_ACL_IP_RANGE_ENTRY13_CTRL4		REGISTER	0x06ca	1738	3892
B	RTL8367B_ACL_IP_RANGE_ENTRY13_CTRL4_OFFSET		OFFSET_SHIFT	0	0	3893
B	RTL8367B_ACL_IP_RANGE_ENTRY13_CTRL4_MASK		MASK	0x7	7	3894
B	RTL8367B_REG_ACL_IP_RANGE_ENTRY14_CTRL0		REGISTER	0x06cb	1739	3896
B	RTL8367B_REG_ACL_IP_RANGE_ENTRY14_CTRL1		REGISTER	0x06cc	1740	3898
B	RTL8367B_REG_ACL_IP_RANGE_ENTRY14_CTRL2		REGISTER	0x06cd	1741	3900
B	RTL8367B_REG_ACL_IP_RANGE_ENTRY14_CTRL3		REGISTER	0x06ce	1742	3902
B	RTL8367B_REG_ACL_IP_RANGE_ENTRY14_CTRL4		REGISTER	0x06cf	1743	3904
B	RTL8367B_ACL_IP_RANGE_ENTRY14_CTRL4_OFFSET		OFFSET_SHIFT	0	0	3905
B	RTL8367B_ACL_IP_RANGE_ENTRY14_CTRL4_MASK		MASK	0x7	7	3906
B	RTL8367B_REG_ACL_IP_RANGE_ENTRY15_CTRL0		REGISTER	0x06d0	1744	3908
B	RTL8367B_REG_ACL_IP_RANGE_ENTRY15_CTRL1		REGISTER	0x06d1	1745	3910
B	RTL8367B_REG_ACL_IP_RANGE_ENTRY15_CTRL2		REGISTER	0x06d2	1746	3912
B	RTL8367B_REG_ACL_IP_RANGE_ENTRY15_CTRL3		REGISTER	0x06d3	1747	3914
B	RTL8367B_REG_ACL_IP_RANGE_ENTRY15_CTRL4		REGISTER	0x06d4	1748	3916
B	RTL8367B_ACL_IP_RANGE_ENTRY15_CTRL4_OFFSET		OFFSET_SHIFT	0	0	3917
B	RTL8367B_ACL_IP_RANGE_ENTRY15_CTRL4_MASK		MASK	0x7	7	3918
B	RTL8367B_REG_ACL_ENABLE		REGISTER	0x06d5	1749	3920
B	RTL8367B_PORT7_ENABLE_OFFSET		OFFSET_SHIFT	7	7	3921
B	RTL8367B_PORT7_ENABLE_MASK		MASK	0x80	128	3922
B	RTL8367B_PORT6_ENABLE_OFFSET		OFFSET_SHIFT	6	6	3923
B	RTL8367B_PORT6_ENABLE_MASK		MASK	0x40	64	3924
B	RTL8367B_PORT5_ENABLE_OFFSET		OFFSET_SHIFT	5	5	3925
B	RTL8367B_PORT5_ENABLE_MASK		MASK	0x20	32	3926
B	RTL8367B_PORT4_ENABLE_OFFSET		OFFSET_SHIFT	4	4	3927
B	RTL8367B_PORT4_ENABLE_MASK		MASK	0x10	16	3928
B	RTL8367B_PORT3_ENABLE_OFFSET		OFFSET_SHIFT	3	3	3929
B	RTL8367B_PORT3_ENABLE_MASK		MASK	0x8	8	3930
B	RTL8367B_PORT2_ENABLE_OFFSET		OFFSET_SHIFT	2	2	3931
B	RTL8367B_PORT2_ENABLE_MASK		MASK	0x4	4	3932
B	RTL8367B_PORT1_ENABLE_OFFSET		OFFSET_SHIFT	1	1	3933
B	RTL8367B_PORT1_ENABLE_MASK		MASK	0x2	2	3934
B	RTL8367B_PORT0_ENABLE_OFFSET		OFFSET_SHIFT	0	0	3935
B	RTL8367B_PORT0_ENABLE_MASK		MASK	0x1	1	3936
B	RTL8367B_REG_ACL_UNMATCH_PERMIT		REGISTER	0x06d6	1750	3938
B	RTL8367B_PORT7_PERMIT_OFFSET		OFFSET_SHIFT	7	7	3939
B	RTL8367B_PORT7_PERMIT_MASK		MASK	0x80	128	3940
B	RTL8367B_PORT6_PERMIT_OFFSET		OFFSET_SHIFT	6	6	3941
B	RTL8367B_PORT6_PERMIT_MASK		MASK	0x40	64	3942
B	RTL8367B_PORT5_PERMIT_OFFSET		OFFSET_SHIFT	5	5	3943
B	RTL8367B_PORT5_PERMIT_MASK		MASK	0x20	32	3944
B	RTL8367B_PORT4_PERMIT_OFFSET		OFFSET_SHIFT	4	4	3945
B	RTL8367B_PORT4_PERMIT_MASK		MASK	0x10	16	3946
B	RTL8367B_PORT3_PERMIT_OFFSET		OFFSET_SHIFT	3	3	3947
B	RTL8367B_PORT3_PERMIT_MASK		MASK	0x8	8	3948
B	RTL8367B_PORT2_PERMIT_OFFSET		OFFSET_SHIFT	2	2	3949
B	RTL8367B_PORT2_PERMIT_MASK		MASK	0x4	4	3950
B	RTL8367B_PORT1_PERMIT_OFFSET		OFFSET_SHIFT	1	1	3951
B	RTL8367B_PORT1_PERMIT_MASK		MASK	0x2	2	3952
B	RTL8367B_PORT0_PERMIT_OFFSET		OFFSET_SHIFT	0	0	3953
B	RTL8367B_PORT0_PERMIT_MASK		MASK	0x1	1	3954
B	RTL8367B_REG_ACL_GPIO_POLARITY		REGISTER	0x06d7	1751	3956
B	RTL8367B_ACL_GPIO_POLARITY_OFFSET		OFFSET_SHIFT	0	0	3957
B	RTL8367B_ACL_GPIO_POLARITY_MASK		MASK	0x1	1	3958
B	RTL8367B_REG_ACL_LOG_CNT_TYPE		REGISTER	0x06d8	1752	3960
B	RTL8367B_ACL_LOG_CNT_TYPE_COUNTER15_TYPE_OFFSET		OFFSET_SHIFT	15	15	3961
B	RTL8367B_ACL_LOG_CNT_TYPE_COUNTER15_TYPE_MASK		MASK	0x8000	32768	3962
B	RTL8367B_ACL_LOG_CNT_TYPE_COUNTER14_TYPE_OFFSET		OFFSET_SHIFT	14	14	3963
B	RTL8367B_ACL_LOG_CNT_TYPE_COUNTER14_TYPE_MASK		MASK	0x4000	16384	3964
B	RTL8367B_ACL_LOG_CNT_TYPE_COUNTER13_TYPE_OFFSET		OFFSET_SHIFT	13	13	3965
B	RTL8367B_ACL_LOG_CNT_TYPE_COUNTER13_TYPE_MASK		MASK	0x2000	8192	3966
B	RTL8367B_ACL_LOG_CNT_TYPE_COUNTER12_TYPE_OFFSET		OFFSET_SHIFT	12	12	3967
B	RTL8367B_ACL_LOG_CNT_TYPE_COUNTER12_TYPE_MASK		MASK	0x1000	4096	3968
B	RTL8367B_ACL_LOG_CNT_TYPE_COUNTER11_TYPE_OFFSET		OFFSET_SHIFT	11	11	3969
B	RTL8367B_ACL_LOG_CNT_TYPE_COUNTER11_TYPE_MASK		MASK	0x800	2048	3970
B	RTL8367B_ACL_LOG_CNT_TYPE_COUNTER10_TYPE_OFFSET		OFFSET_SHIFT	10	10	3971
B	RTL8367B_ACL_LOG_CNT_TYPE_COUNTER10_TYPE_MASK		MASK	0x400	1024	3972
B	RTL8367B_ACL_LOG_CNT_TYPE_COUNTER9_TYPE_OFFSET		OFFSET_SHIFT	9	9	3973
B	RTL8367B_ACL_LOG_CNT_TYPE_COUNTER9_TYPE_MASK		MASK	0x200	512	3974
B	RTL8367B_ACL_LOG_CNT_TYPE_COUNTER8_TYPE_OFFSET		OFFSET_SHIFT	8	8	3975
B	RTL8367B_ACL_LOG_CNT_TYPE_COUNTER8_TYPE_MASK		MASK	0x100	256	3976
B	RTL8367B_ACL_LOG_CNT_TYPE_COUNTER7_TYPE_OFFSET		OFFSET_SHIFT	7	7	3977
B	RTL8367B_ACL_LOG_CNT_TYPE_COUNTER7_TYPE_MASK		MASK	0x80	128	3978
B	RTL8367B_ACL_LOG_CNT_TYPE_COUNTER6_TYPE_OFFSET		OFFSET_SHIFT	6	6	3979
B	RTL8367B_ACL_LOG_CNT_TYPE_COUNTER6_TYPE_MASK		MASK	0x40	64	3980
B	RTL8367B_ACL_LOG_CNT_TYPE_COUNTER5_TYPE_OFFSET		OFFSET_SHIFT	5	5	3981
B	RTL8367B_ACL_LOG_CNT_TYPE_COUNTER5_TYPE_MASK		MASK	0x20	32	3982
B	RTL8367B_ACL_LOG_CNT_TYPE_COUNTER4_TYPE_OFFSET		OFFSET_SHIFT	4	4	3983
B	RTL8367B_ACL_LOG_CNT_TYPE_COUNTER4_TYPE_MASK		MASK	0x10	16	3984
B	RTL8367B_ACL_LOG_CNT_TYPE_COUNTER3_TYPE_OFFSET		OFFSET_SHIFT	3	3	3985
B	RTL8367B_ACL_LOG_CNT_TYPE_COUNTER3_TYPE_MASK		MASK	0x8	8	3986
B	RTL8367B_ACL_LOG_CNT_TYPE_COUNTER2_TYPE_OFFSET		OFFSET_SHIFT	2	2	3987
B	RTL8367B_ACL_LOG_CNT_TYPE_COUNTER2_TYPE_MASK		MASK	0x4	4	3988
B	RTL8367B_ACL_LOG_CNT_TYPE_COUNTER1_TYPE_OFFSET		OFFSET_SHIFT	1	1	3989
B	RTL8367B_ACL_LOG_CNT_TYPE_COUNTER1_TYPE_MASK		MASK	0x2	2	3990
B	RTL8367B_ACL_LOG_CNT_TYPE_COUNTER0_TYPE_OFFSET		OFFSET_SHIFT	0	0	3991
B	RTL8367B_ACL_LOG_CNT_TYPE_COUNTER0_TYPE_MASK		MASK	0x1	1	3992
B	RTL8367B_REG_ACL_DUMMY00		REGISTER	0x06E0	1760	3994
B	RTL8367B_REG_ACL_DUMMY01		REGISTER	0x06E1	1761	3996
B	RTL8367B_REG_ACL_DUMMY02		REGISTER	0x06E2	1762	3998
B	RTL8367B_REG_ACL_DUMMY03		REGISTER	0x06E3	1763	4000
B	RTL8367B_REG_ACL_DUMMY04		REGISTER	0x06E4	1764	4002
B	RTL8367B_REG_ACL_DUMMY05		REGISTER	0x06E5	1765	4004
B	RTL8367B_REG_ACL_DUMMY06		REGISTER	0x06E6	1766	4006
B	RTL8367B_REG_ACL_DUMMY07		REGISTER	0x06E7	1767	4008
B	RTL8367B_REG_VLAN_PVID_CTRL0		REGISTER	0x0700	1792	4012
B	RTL8367B_PORT1_VIDX_OFFSET		OFFSET_SHIFT	8	8	4013
B	RTL8367B_PORT1_VIDX_MASK		MASK	0x1F00	7936	4014
B	RTL8367B_PORT0_VIDX_OFFSET		OFFSET_SHIFT	0	0	4015
B	RTL8367B_PORT0_VIDX_MASK		MASK	0x1F	31	4016
B	RTL8367B_REG_VLAN_PVID_CTRL1		REGISTER	0x0701	1793	4018
B	RTL8367B_PORT3_VIDX_OFFSET		OFFSET_SHIFT	8	8	4019
B	RTL8367B_PORT3_VIDX_MASK		MASK	0x1F00	7936	4020
B	RTL8367B_PORT2_VIDX_OFFSET		OFFSET_SHIFT	0	0	4021
B	RTL8367B_PORT2_VIDX_MASK		MASK	0x1F	31	4022
B	RTL8367B_REG_VLAN_PVID_CTRL2		REGISTER	0x0702	1794	4024
B	RTL8367B_PORT5_VIDX_OFFSET		OFFSET_SHIFT	8	8	4025
B	RTL8367B_PORT5_VIDX_MASK		MASK	0x1F00	7936	4026
B	RTL8367B_PORT4_VIDX_OFFSET		OFFSET_SHIFT	0	0	4027
B	RTL8367B_PORT4_VIDX_MASK		MASK	0x1F	31	4028
B	RTL8367B_REG_VLAN_PVID_CTRL3		REGISTER	0x0703	1795	4030
B	RTL8367B_PORT7_VIDX_OFFSET		OFFSET_SHIFT	8	8	4031
B	RTL8367B_PORT7_VIDX_MASK		MASK	0x1F00	7936	4032
B	RTL8367B_PORT6_VIDX_OFFSET		OFFSET_SHIFT	0	0	4033
B	RTL8367B_PORT6_VIDX_MASK		MASK	0x1F	31	4034
B	RTL8367B_REG_VLAN_PPB0_VALID		REGISTER	0x0708	1800	4036
B	RTL8367B_VLAN_PPB0_VALID_OFFSET		OFFSET_SHIFT	0	0	4037
B	RTL8367B_VLAN_PPB0_VALID_MASK		MASK	0xFF	255	4038
B	RTL8367B_REG_VLAN_PPB0_CTRL0		REGISTER	0x0709	1801	4040
B	RTL8367B_VLAN_PPB0_CTRL0_PORT2_INDEX_OFFSET		OFFSET_SHIFT	10	10	4041
B	RTL8367B_VLAN_PPB0_CTRL0_PORT2_INDEX_MASK		MASK	0x7C00	31744	4042
B	RTL8367B_VLAN_PPB0_CTRL0_PORT1_INDEX_OFFSET		OFFSET_SHIFT	5	5	4043
B	RTL8367B_VLAN_PPB0_CTRL0_PORT1_INDEX_MASK		MASK	0x3E0	992	4044
B	RTL8367B_VLAN_PPB0_CTRL0_PORT0_INDEX_OFFSET		OFFSET_SHIFT	0	0	4045
B	RTL8367B_VLAN_PPB0_CTRL0_PORT0_INDEX_MASK		MASK	0x1F	31	4046
B	RTL8367B_REG_VLAN_PPB0_CTRL1		REGISTER	0x070a	1802	4048
B	RTL8367B_VLAN_PPB0_CTRL1_PORT5_INDEX_OFFSET		OFFSET_SHIFT	10	10	4049
B	RTL8367B_VLAN_PPB0_CTRL1_PORT5_INDEX_MASK		MASK	0x7C00	31744	4050
B	RTL8367B_VLAN_PPB0_CTRL1_PORT4_INDEX_OFFSET		OFFSET_SHIFT	5	5	4051
B	RTL8367B_VLAN_PPB0_CTRL1_PORT4_INDEX_MASK		MASK	0x3E0	992	4052
B	RTL8367B_VLAN_PPB0_CTRL1_PORT3_INDEX_OFFSET		OFFSET_SHIFT	0	0	4053
B	RTL8367B_VLAN_PPB0_CTRL1_PORT3_INDEX_MASK		MASK	0x1F	31	4054
B	RTL8367B_REG_VLAN_PPB0_CTRL2		REGISTER	0x070b	1803	4056
B	RTL8367B_VLAN_PPB0_CTRL2_FRAME_TYPE_OFFSET		OFFSET_SHIFT	10	10	4057
B	RTL8367B_VLAN_PPB0_CTRL2_FRAME_TYPE_MASK		MASK	0xC00	3072	4058
B	RTL8367B_VLAN_PPB0_CTRL2_PORT7_INDEX_OFFSET		OFFSET_SHIFT	5	5	4059
B	RTL8367B_VLAN_PPB0_CTRL2_PORT7_INDEX_MASK		MASK	0x3E0	992	4060
B	RTL8367B_VLAN_PPB0_CTRL2_PORT6_INDEX_OFFSET		OFFSET_SHIFT	0	0	4061
B	RTL8367B_VLAN_PPB0_CTRL2_PORT6_INDEX_MASK		MASK	0x1F	31	4062
B	RTL8367B_REG_VLAN_PPB0_CTRL3		REGISTER	0x070f	1807	4064
B	RTL8367B_REG_VLAN_PPB1_VALID		REGISTER	0x0710	1808	4066
B	RTL8367B_VLAN_PPB1_VALID_OFFSET		OFFSET_SHIFT	0	0	4067
B	RTL8367B_VLAN_PPB1_VALID_MASK		MASK	0xFF	255	4068
B	RTL8367B_REG_VLAN_PPB1_CTRL0		REGISTER	0x0711	1809	4070
B	RTL8367B_VLAN_PPB1_CTRL0_PORT2_INDEX_OFFSET		OFFSET_SHIFT	10	10	4071
B	RTL8367B_VLAN_PPB1_CTRL0_PORT2_INDEX_MASK		MASK	0x7C00	31744	4072
B	RTL8367B_VLAN_PPB1_CTRL0_PORT1_INDEX_OFFSET		OFFSET_SHIFT	5	5	4073
B	RTL8367B_VLAN_PPB1_CTRL0_PORT1_INDEX_MASK		MASK	0x3E0	992	4074
B	RTL8367B_VLAN_PPB1_CTRL0_PORT0_INDEX_OFFSET		OFFSET_SHIFT	0	0	4075
B	RTL8367B_VLAN_PPB1_CTRL0_PORT0_INDEX_MASK		MASK	0x1F	31	4076
B	RTL8367B_REG_VLAN_PPB1_CTRL1		REGISTER	0x0712	1810	4078
B	RTL8367B_VLAN_PPB1_CTRL1_PORT5_INDEX_OFFSET		OFFSET_SHIFT	10	10	4079
B	RTL8367B_VLAN_PPB1_CTRL1_PORT5_INDEX_MASK		MASK	0x7C00	31744	4080
B	RTL8367B_VLAN_PPB1_CTRL1_PORT4_INDEX_OFFSET		OFFSET_SHIFT	5	5	4081
B	RTL8367B_VLAN_PPB1_CTRL1_PORT4_INDEX_MASK		MASK	0x3E0	992	4082
B	RTL8367B_VLAN_PPB1_CTRL1_PORT3_INDEX_OFFSET		OFFSET_SHIFT	0	0	4083
B	RTL8367B_VLAN_PPB1_CTRL1_PORT3_INDEX_MASK		MASK	0x1F	31	4084
B	RTL8367B_REG_VLAN_PPB1_CTRL2		REGISTER	0x0713	1811	4086
B	RTL8367B_VLAN_PPB1_CTRL2_FRAME_TYPE_OFFSET		OFFSET_SHIFT	10	10	4087
B	RTL8367B_VLAN_PPB1_CTRL2_FRAME_TYPE_MASK		MASK	0xC00	3072	4088
B	RTL8367B_VLAN_PPB1_CTRL2_PORT7_INDEX_OFFSET		OFFSET_SHIFT	5	5	4089
B	RTL8367B_VLAN_PPB1_CTRL2_PORT7_INDEX_MASK		MASK	0x3E0	992	4090
B	RTL8367B_VLAN_PPB1_CTRL2_PORT6_INDEX_OFFSET		OFFSET_SHIFT	0	0	4091
B	RTL8367B_VLAN_PPB1_CTRL2_PORT6_INDEX_MASK		MASK	0x1F	31	4092
B	RTL8367B_REG_VLAN_PPB1_CTRL3		REGISTER	0x0717	1815	4094
B	RTL8367B_REG_VLAN_PPB2_VALID		REGISTER	0x0718	1816	4096
B	RTL8367B_VLAN_PPB2_VALID_OFFSET		OFFSET_SHIFT	0	0	4097
B	RTL8367B_VLAN_PPB2_VALID_MASK		MASK	0xFF	255	4098
B	RTL8367B_REG_VLAN_PPB2_CTRL0		REGISTER	0x0719	1817	4100
B	RTL8367B_VLAN_PPB2_CTRL0_PORT2_INDEX_OFFSET		OFFSET_SHIFT	10	10	4101
B	RTL8367B_VLAN_PPB2_CTRL0_PORT2_INDEX_MASK		MASK	0x7C00	31744	4102
B	RTL8367B_VLAN_PPB2_CTRL0_PORT1_INDEX_OFFSET		OFFSET_SHIFT	5	5	4103
B	RTL8367B_VLAN_PPB2_CTRL0_PORT1_INDEX_MASK		MASK	0x3E0	992	4104
B	RTL8367B_VLAN_PPB2_CTRL0_PORT0_INDEX_OFFSET		OFFSET_SHIFT	0	0	4105
B	RTL8367B_VLAN_PPB2_CTRL0_PORT0_INDEX_MASK		MASK	0x1F	31	4106
B	RTL8367B_REG_VLAN_PPB2_CTRL1		REGISTER	0x071a	1818	4108
B	RTL8367B_VLAN_PPB2_CTRL1_PORT5_INDEX_OFFSET		OFFSET_SHIFT	10	10	4109
B	RTL8367B_VLAN_PPB2_CTRL1_PORT5_INDEX_MASK		MASK	0x7C00	31744	4110
B	RTL8367B_VLAN_PPB2_CTRL1_PORT4_INDEX_OFFSET		OFFSET_SHIFT	5	5	4111
B	RTL8367B_VLAN_PPB2_CTRL1_PORT4_INDEX_MASK		MASK	0x3E0	992	4112
B	RTL8367B_VLAN_PPB2_CTRL1_PORT3_INDEX_OFFSET		OFFSET_SHIFT	0	0	4113
B	RTL8367B_VLAN_PPB2_CTRL1_PORT3_INDEX_MASK		MASK	0x1F	31	4114
B	RTL8367B_REG_VLAN_PPB2_CTRL2		REGISTER	0x071b	1819	4116
B	RTL8367B_VLAN_PPB2_CTRL2_FRAME_TYPE_OFFSET		OFFSET_SHIFT	10	10	4117
B	RTL8367B_VLAN_PPB2_CTRL2_FRAME_TYPE_MASK		MASK	0xC00	3072	4118
B	RTL8367B_VLAN_PPB2_CTRL2_PORT7_INDEX_OFFSET		OFFSET_SHIFT	5	5	4119
B	RTL8367B_VLAN_PPB2_CTRL2_PORT7_INDEX_MASK		MASK	0x3E0	992	4120
B	RTL8367B_VLAN_PPB2_CTRL2_PORT6_INDEX_OFFSET		OFFSET_SHIFT	0	0	4121
B	RTL8367B_VLAN_PPB2_CTRL2_PORT6_INDEX_MASK		MASK	0x1F	31	4122
B	RTL8367B_REG_VLAN_PPB2_CTRL3		REGISTER	0x071f	1823	4124
B	RTL8367B_REG_VLAN_PPB3_VALID		REGISTER	0x0720	1824	4126
B	RTL8367B_VLAN_PPB3_VALID_OFFSET		OFFSET_SHIFT	0	0	4127
B	RTL8367B_VLAN_PPB3_VALID_MASK		MASK	0xFF	255	4128
B	RTL8367B_REG_VLAN_PPB3_CTRL0		REGISTER	0x0721	1825	4130
B	RTL8367B_VLAN_PPB3_CTRL0_PORT2_INDEX_OFFSET		OFFSET_SHIFT	10	10	4131
B	RTL8367B_VLAN_PPB3_CTRL0_PORT2_INDEX_MASK		MASK	0x7C00	31744	4132
B	RTL8367B_VLAN_PPB3_CTRL0_PORT1_INDEX_OFFSET		OFFSET_SHIFT	5	5	4133
B	RTL8367B_VLAN_PPB3_CTRL0_PORT1_INDEX_MASK		MASK	0x3E0	992	4134
B	RTL8367B_VLAN_PPB3_CTRL0_PORT0_INDEX_OFFSET		OFFSET_SHIFT	0	0	4135
B	RTL8367B_VLAN_PPB3_CTRL0_PORT0_INDEX_MASK		MASK	0x1F	31	4136
B	RTL8367B_REG_VLAN_PPB3_CTRL1		REGISTER	0x0722	1826	4138
B	RTL8367B_VLAN_PPB3_CTRL1_PORT5_INDEX_OFFSET		OFFSET_SHIFT	10	10	4139
B	RTL8367B_VLAN_PPB3_CTRL1_PORT5_INDEX_MASK		MASK	0x7C00	31744	4140
B	RTL8367B_VLAN_PPB3_CTRL1_PORT4_INDEX_OFFSET		OFFSET_SHIFT	5	5	4141
B	RTL8367B_VLAN_PPB3_CTRL1_PORT4_INDEX_MASK		MASK	0x3E0	992	4142
B	RTL8367B_VLAN_PPB3_CTRL1_PORT3_INDEX_OFFSET		OFFSET_SHIFT	0	0	4143
B	RTL8367B_VLAN_PPB3_CTRL1_PORT3_INDEX_MASK		MASK	0x1F	31	4144
B	RTL8367B_REG_VLAN_PPB3_CTRL2		REGISTER	0x0723	1827	4146
B	RTL8367B_VLAN_PPB3_CTRL2_FRAME_TYPE_OFFSET		OFFSET_SHIFT	10	10	4147
B	RTL8367B_VLAN_PPB3_CTRL2_FRAME_TYPE_MASK		MASK	0xC00	3072	4148
B	RTL8367B_VLAN_PPB3_CTRL2_PORT7_INDEX_OFFSET		OFFSET_SHIFT	5	5	4149
B	RTL8367B_VLAN_PPB3_CTRL2_PORT7_INDEX_MASK		MASK	0x3E0	992	4150
B	RTL8367B_VLAN_PPB3_CTRL2_PORT6_INDEX_OFFSET		OFFSET_SHIFT	0	0	4151
B	RTL8367B_VLAN_PPB3_CTRL2_PORT6_INDEX_MASK		MASK	0x1F	31	4152
B	RTL8367B_REG_VLAN_PPB3_CTRL3		REGISTER	0x0727	1831	4154
B	RTL8367B_REG_VLAN_MEMBER_CONFIGURATION0_CTRL0		REGISTER	0x0728	1832	4156
B	RTL8367B_VLAN_MEMBER_CONFIGURATION0_CTRL0_OFFSET		OFFSET_SHIFT	0	0	4157
B	RTL8367B_VLAN_MEMBER_CONFIGURATION0_CTRL0_MASK		MASK	0xFF	255	4158
B	RTL8367B_REG_VLAN_MEMBER_CONFIGURATION0_CTRL1		REGISTER	0x0729	1833	4160
B	RTL8367B_VLAN_MEMBER_CONFIGURATION0_CTRL1_OFFSET		OFFSET_SHIFT	0	0	4161
B	RTL8367B_VLAN_MEMBER_CONFIGURATION0_CTRL1_MASK		MASK	0xF	15	4162
B	RTL8367B_REG_VLAN_MEMBER_CONFIGURATION0_CTRL2		REGISTER	0x072a	1834	4164
B	RTL8367B_VLAN_MEMBER_CONFIGURATION0_CTRL2_METERIDX_OFFSET		OFFSET_SHIFT	5	5	4165
B	RTL8367B_VLAN_MEMBER_CONFIGURATION0_CTRL2_METERIDX_MASK		MASK	0x3E0	992	4166
B	RTL8367B_VLAN_MEMBER_CONFIGURATION0_CTRL2_ENVLANPOL_OFFSET		OFFSET_SHIFT	4	4	4167
B	RTL8367B_VLAN_MEMBER_CONFIGURATION0_CTRL2_ENVLANPOL_MASK		MASK	0x10	16	4168
B	RTL8367B_VLAN_MEMBER_CONFIGURATION0_CTRL2_VBPRI_OFFSET		OFFSET_SHIFT	1	1	4169
B	RTL8367B_VLAN_MEMBER_CONFIGURATION0_CTRL2_VBPRI_MASK		MASK	0xE	14	4170
B	RTL8367B_VLAN_MEMBER_CONFIGURATION0_CTRL2_VBPEN_OFFSET		OFFSET_SHIFT	0	0	4171
B	RTL8367B_VLAN_MEMBER_CONFIGURATION0_CTRL2_VBPEN_MASK		MASK	0x1	1	4172
B	RTL8367B_REG_VLAN_MEMBER_CONFIGURATION0_CTRL3		REGISTER	0x072b	1835	4174
B	RTL8367B_VLAN_MEMBER_CONFIGURATION0_CTRL3_OFFSET		OFFSET_SHIFT	0	0	4175
B	RTL8367B_VLAN_MEMBER_CONFIGURATION0_CTRL3_MASK		MASK	0x1FFF	8191	4176
B	RTL8367B_REG_VLAN_MEMBER_CONFIGURATION1_CTRL0		REGISTER	0x072c	1836	4178
B	RTL8367B_VLAN_MEMBER_CONFIGURATION1_CTRL0_OFFSET		OFFSET_SHIFT	0	0	4179
B	RTL8367B_VLAN_MEMBER_CONFIGURATION1_CTRL0_MASK		MASK	0xFF	255	4180
B	RTL8367B_REG_VLAN_MEMBER_CONFIGURATION1_CTRL1		REGISTER	0x072d	1837	4182
B	RTL8367B_VLAN_MEMBER_CONFIGURATION1_CTRL1_OFFSET		OFFSET_SHIFT	0	0	4183
B	RTL8367B_VLAN_MEMBER_CONFIGURATION1_CTRL1_MASK		MASK	0xF	15	4184
B	RTL8367B_REG_VLAN_MEMBER_CONFIGURATION1_CTRL2		REGISTER	0x072e	1838	4186
B	RTL8367B_VLAN_MEMBER_CONFIGURATION1_CTRL2_METERIDX_OFFSET		OFFSET_SHIFT	5	5	4187
B	RTL8367B_VLAN_MEMBER_CONFIGURATION1_CTRL2_METERIDX_MASK		MASK	0x3E0	992	4188
B	RTL8367B_VLAN_MEMBER_CONFIGURATION1_CTRL2_ENVLANPOL_OFFSET		OFFSET_SHIFT	4	4	4189
B	RTL8367B_VLAN_MEMBER_CONFIGURATION1_CTRL2_ENVLANPOL_MASK		MASK	0x10	16	4190
B	RTL8367B_VLAN_MEMBER_CONFIGURATION1_CTRL2_VBPRI_OFFSET		OFFSET_SHIFT	1	1	4191
B	RTL8367B_VLAN_MEMBER_CONFIGURATION1_CTRL2_VBPRI_MASK		MASK	0xE	14	4192
B	RTL8367B_VLAN_MEMBER_CONFIGURATION1_CTRL2_VBPEN_OFFSET		OFFSET_SHIFT	0	0	4193
B	RTL8367B_VLAN_MEMBER_CONFIGURATION1_CTRL2_VBPEN_MASK		MASK	0x1	1	4194
B	RTL8367B_REG_VLAN_MEMBER_CONFIGURATION1_CTRL3		REGISTER	0x072f	1839	4196
B	RTL8367B_VLAN_MEMBER_CONFIGURATION1_CTRL3_OFFSET		OFFSET_SHIFT	0	0	4197
B	RTL8367B_VLAN_MEMBER_CONFIGURATION1_CTRL3_MASK		MASK	0x1FFF	8191	4198
B	RTL8367B_REG_VLAN_MEMBER_CONFIGURATION2_CTRL0		REGISTER	0x0730	1840	4200
B	RTL8367B_VLAN_MEMBER_CONFIGURATION2_CTRL0_OFFSET		OFFSET_SHIFT	0	0	4201
B	RTL8367B_VLAN_MEMBER_CONFIGURATION2_CTRL0_MASK		MASK	0xFF	255	4202
B	RTL8367B_REG_VLAN_MEMBER_CONFIGURATION2_CTRL1		REGISTER	0x0731	1841	4204
B	RTL8367B_VLAN_MEMBER_CONFIGURATION2_CTRL1_OFFSET		OFFSET_SHIFT	0	0	4205
B	RTL8367B_VLAN_MEMBER_CONFIGURATION2_CTRL1_MASK		MASK	0xF	15	4206
B	RTL8367B_REG_VLAN_MEMBER_CONFIGURATION2_CTRL2		REGISTER	0x0732	1842	4208
B	RTL8367B_VLAN_MEMBER_CONFIGURATION2_CTRL2_METERIDX_OFFSET		OFFSET_SHIFT	5	5	4209
B	RTL8367B_VLAN_MEMBER_CONFIGURATION2_CTRL2_METERIDX_MASK		MASK	0x3E0	992	4210
B	RTL8367B_VLAN_MEMBER_CONFIGURATION2_CTRL2_ENVLANPOL_OFFSET		OFFSET_SHIFT	4	4	4211
B	RTL8367B_VLAN_MEMBER_CONFIGURATION2_CTRL2_ENVLANPOL_MASK		MASK	0x10	16	4212
B	RTL8367B_VLAN_MEMBER_CONFIGURATION2_CTRL2_VBPRI_OFFSET		OFFSET_SHIFT	1	1	4213
B	RTL8367B_VLAN_MEMBER_CONFIGURATION2_CTRL2_VBPRI_MASK		MASK	0xE	14	4214
B	RTL8367B_VLAN_MEMBER_CONFIGURATION2_CTRL2_VBPEN_OFFSET		OFFSET_SHIFT	0	0	4215
B	RTL8367B_VLAN_MEMBER_CONFIGURATION2_CTRL2_VBPEN_MASK		MASK	0x1	1	4216
B	RTL8367B_REG_VLAN_MEMBER_CONFIGURATION2_CTRL3		REGISTER	0x0733	1843	4218
B	RTL8367B_VLAN_MEMBER_CONFIGURATION2_CTRL3_OFFSET		OFFSET_SHIFT	0	0	4219
B	RTL8367B_VLAN_MEMBER_CONFIGURATION2_CTRL3_MASK		MASK	0x1FFF	8191	4220
B	RTL8367B_REG_VLAN_MEMBER_CONFIGURATION3_CTRL0		REGISTER	0x0734	1844	4222
B	RTL8367B_VLAN_MEMBER_CONFIGURATION3_CTRL0_OFFSET		OFFSET_SHIFT	0	0	4223
B	RTL8367B_VLAN_MEMBER_CONFIGURATION3_CTRL0_MASK		MASK	0xFF	255	4224
B	RTL8367B_REG_VLAN_MEMBER_CONFIGURATION3_CTRL1		REGISTER	0x0735	1845	4226
B	RTL8367B_VLAN_MEMBER_CONFIGURATION3_CTRL1_OFFSET		OFFSET_SHIFT	0	0	4227
B	RTL8367B_VLAN_MEMBER_CONFIGURATION3_CTRL1_MASK		MASK	0xF	15	4228
B	RTL8367B_REG_VLAN_MEMBER_CONFIGURATION3_CTRL2		REGISTER	0x0736	1846	4230
B	RTL8367B_VLAN_MEMBER_CONFIGURATION3_CTRL2_METERIDX_OFFSET		OFFSET_SHIFT	5	5	4231
B	RTL8367B_VLAN_MEMBER_CONFIGURATION3_CTRL2_METERIDX_MASK		MASK	0x3E0	992	4232
B	RTL8367B_VLAN_MEMBER_CONFIGURATION3_CTRL2_ENVLANPOL_OFFSET		OFFSET_SHIFT	4	4	4233
B	RTL8367B_VLAN_MEMBER_CONFIGURATION3_CTRL2_ENVLANPOL_MASK		MASK	0x10	16	4234
B	RTL8367B_VLAN_MEMBER_CONFIGURATION3_CTRL2_VBPRI_OFFSET		OFFSET_SHIFT	1	1	4235
B	RTL8367B_VLAN_MEMBER_CONFIGURATION3_CTRL2_VBPRI_MASK		MASK	0xE	14	4236
B	RTL8367B_VLAN_MEMBER_CONFIGURATION3_CTRL2_VBPEN_OFFSET		OFFSET_SHIFT	0	0	4237
B	RTL8367B_VLAN_MEMBER_CONFIGURATION3_CTRL2_VBPEN_MASK		MASK	0x1	1	4238
B	RTL8367B_REG_VLAN_MEMBER_CONFIGURATION3_CTRL3		REGISTER	0x0737	1847	4240
B	RTL8367B_VLAN_MEMBER_CONFIGURATION3_CTRL3_OFFSET		OFFSET_SHIFT	0	0	4241
B	RTL8367B_VLAN_MEMBER_CONFIGURATION3_CTRL3_MASK		MASK	0x1FFF	8191	4242
B	RTL8367B_REG_VLAN_MEMBER_CONFIGURATION4_CTRL0		REGISTER	0x0738	1848	4244
B	RTL8367B_VLAN_MEMBER_CONFIGURATION4_CTRL0_OFFSET		OFFSET_SHIFT	0	0	4245
B	RTL8367B_VLAN_MEMBER_CONFIGURATION4_CTRL0_MASK		MASK	0xFF	255	4246
B	RTL8367B_REG_VLAN_MEMBER_CONFIGURATION4_CTRL1		REGISTER	0x0739	1849	4248
B	RTL8367B_VLAN_MEMBER_CONFIGURATION4_CTRL1_OFFSET		OFFSET_SHIFT	0	0	4249
B	RTL8367B_VLAN_MEMBER_CONFIGURATION4_CTRL1_MASK		MASK	0xF	15	4250
B	RTL8367B_REG_VLAN_MEMBER_CONFIGURATION4_CTRL2		REGISTER	0x073a	1850	4252
B	RTL8367B_VLAN_MEMBER_CONFIGURATION4_CTRL2_METERIDX_OFFSET		OFFSET_SHIFT	5	5	4253
B	RTL8367B_VLAN_MEMBER_CONFIGURATION4_CTRL2_METERIDX_MASK		MASK	0x3E0	992	4254
B	RTL8367B_VLAN_MEMBER_CONFIGURATION4_CTRL2_ENVLANPOL_OFFSET		OFFSET_SHIFT	4	4	4255
B	RTL8367B_VLAN_MEMBER_CONFIGURATION4_CTRL2_ENVLANPOL_MASK		MASK	0x10	16	4256
B	RTL8367B_VLAN_MEMBER_CONFIGURATION4_CTRL2_VBPRI_OFFSET		OFFSET_SHIFT	1	1	4257
B	RTL8367B_VLAN_MEMBER_CONFIGURATION4_CTRL2_VBPRI_MASK		MASK	0xE	14	4258
B	RTL8367B_VLAN_MEMBER_CONFIGURATION4_CTRL2_VBPEN_OFFSET		OFFSET_SHIFT	0	0	4259
B	RTL8367B_VLAN_MEMBER_CONFIGURATION4_CTRL2_VBPEN_MASK		MASK	0x1	1	4260
B	RTL8367B_REG_VLAN_MEMBER_CONFIGURATION4_CTRL3		REGISTER	0x073b	1851	4262
B	RTL8367B_VLAN_MEMBER_CONFIGURATION4_CTRL3_OFFSET		OFFSET_SHIFT	0	0	4263
B	RTL8367B_VLAN_MEMBER_CONFIGURATION4_CTRL3_MASK		MASK	0x1FFF	8191	4264
B	RTL8367B_REG_VLAN_MEMBER_CONFIGURATION5_CTRL0		REGISTER	0x073c	1852	4266
B	RTL8367B_VLAN_MEMBER_CONFIGURATION5_CTRL0_OFFSET		OFFSET_SHIFT	0	0	4267
B	RTL8367B_VLAN_MEMBER_CONFIGURATION5_CTRL0_MASK		MASK	0xFF	255	4268
B	RTL8367B_REG_VLAN_MEMBER_CONFIGURATION5_CTRL1		REGISTER	0x073d	1853	4270
B	RTL8367B_VLAN_MEMBER_CONFIGURATION5_CTRL1_OFFSET		OFFSET_SHIFT	0	0	4271
B	RTL8367B_VLAN_MEMBER_CONFIGURATION5_CTRL1_MASK		MASK	0xF	15	4272
B	RTL8367B_REG_VLAN_MEMBER_CONFIGURATION5_CTRL2		REGISTER	0x073e	1854	4274
B	RTL8367B_VLAN_MEMBER_CONFIGURATION5_CTRL2_METERIDX_OFFSET		OFFSET_SHIFT	5	5	4275
B	RTL8367B_VLAN_MEMBER_CONFIGURATION5_CTRL2_METERIDX_MASK		MASK	0x3E0	992	4276
B	RTL8367B_VLAN_MEMBER_CONFIGURATION5_CTRL2_ENVLANPOL_OFFSET		OFFSET_SHIFT	4	4	4277
B	RTL8367B_VLAN_MEMBER_CONFIGURATION5_CTRL2_ENVLANPOL_MASK		MASK	0x10	16	4278
B	RTL8367B_VLAN_MEMBER_CONFIGURATION5_CTRL2_VBPRI_OFFSET		OFFSET_SHIFT	1	1	4279
B	RTL8367B_VLAN_MEMBER_CONFIGURATION5_CTRL2_VBPRI_MASK		MASK	0xE	14	4280
B	RTL8367B_VLAN_MEMBER_CONFIGURATION5_CTRL2_VBPEN_OFFSET		OFFSET_SHIFT	0	0	4281
B	RTL8367B_VLAN_MEMBER_CONFIGURATION5_CTRL2_VBPEN_MASK		MASK	0x1	1	4282
B	RTL8367B_REG_VLAN_MEMBER_CONFIGURATION5_CTRL3		REGISTER	0x073f	1855	4284
B	RTL8367B_VLAN_MEMBER_CONFIGURATION5_CTRL3_OFFSET		OFFSET_SHIFT	0	0	4285
B	RTL8367B_VLAN_MEMBER_CONFIGURATION5_CTRL3_MASK		MASK	0x1FFF	8191	4286
B	RTL8367B_REG_VLAN_MEMBER_CONFIGURATION6_CTRL0		REGISTER	0x0740	1856	4288
B	RTL8367B_VLAN_MEMBER_CONFIGURATION6_CTRL0_OFFSET		OFFSET_SHIFT	0	0	4289
B	RTL8367B_VLAN_MEMBER_CONFIGURATION6_CTRL0_MASK		MASK	0xFF	255	4290
B	RTL8367B_REG_VLAN_MEMBER_CONFIGURATION6_CTRL1		REGISTER	0x0741	1857	4292
B	RTL8367B_VLAN_MEMBER_CONFIGURATION6_CTRL1_OFFSET		OFFSET_SHIFT	0	0	4293
B	RTL8367B_VLAN_MEMBER_CONFIGURATION6_CTRL1_MASK		MASK	0xF	15	4294
B	RTL8367B_REG_VLAN_MEMBER_CONFIGURATION6_CTRL2		REGISTER	0x0742	1858	4296
B	RTL8367B_VLAN_MEMBER_CONFIGURATION6_CTRL2_METERIDX_OFFSET		OFFSET_SHIFT	5	5	4297
B	RTL8367B_VLAN_MEMBER_CONFIGURATION6_CTRL2_METERIDX_MASK		MASK	0x3E0	992	4298
B	RTL8367B_VLAN_MEMBER_CONFIGURATION6_CTRL2_ENVLANPOL_OFFSET		OFFSET_SHIFT	4	4	4299
B	RTL8367B_VLAN_MEMBER_CONFIGURATION6_CTRL2_ENVLANPOL_MASK		MASK	0x10	16	4300
B	RTL8367B_VLAN_MEMBER_CONFIGURATION6_CTRL2_VBPRI_OFFSET		OFFSET_SHIFT	1	1	4301
B	RTL8367B_VLAN_MEMBER_CONFIGURATION6_CTRL2_VBPRI_MASK		MASK	0xE	14	4302
B	RTL8367B_VLAN_MEMBER_CONFIGURATION6_CTRL2_VBPEN_OFFSET		OFFSET_SHIFT	0	0	4303
B	RTL8367B_VLAN_MEMBER_CONFIGURATION6_CTRL2_VBPEN_MASK		MASK	0x1	1	4304
B	RTL8367B_REG_VLAN_MEMBER_CONFIGURATION6_CTRL3		REGISTER	0x0743	1859	4306
B	RTL8367B_VLAN_MEMBER_CONFIGURATION6_CTRL3_OFFSET		OFFSET_SHIFT	0	0	4307
B	RTL8367B_VLAN_MEMBER_CONFIGURATION6_CTRL3_MASK		MASK	0x1FFF	8191	4308
B	RTL8367B_REG_VLAN_MEMBER_CONFIGURATION7_CTRL0		REGISTER	0x0744	1860	4310
B	RTL8367B_VLAN_MEMBER_CONFIGURATION7_CTRL0_OFFSET		OFFSET_SHIFT	0	0	4311
B	RTL8367B_VLAN_MEMBER_CONFIGURATION7_CTRL0_MASK		MASK	0xFF	255	4312
B	RTL8367B_REG_VLAN_MEMBER_CONFIGURATION7_CTRL1		REGISTER	0x0745	1861	4314
B	RTL8367B_VLAN_MEMBER_CONFIGURATION7_CTRL1_OFFSET		OFFSET_SHIFT	0	0	4315
B	RTL8367B_VLAN_MEMBER_CONFIGURATION7_CTRL1_MASK		MASK	0xF	15	4316
B	RTL8367B_REG_VLAN_MEMBER_CONFIGURATION7_CTRL2		REGISTER	0x0746	1862	4318
B	RTL8367B_VLAN_MEMBER_CONFIGURATION7_CTRL2_METERIDX_OFFSET		OFFSET_SHIFT	5	5	4319
B	RTL8367B_VLAN_MEMBER_CONFIGURATION7_CTRL2_METERIDX_MASK		MASK	0x3E0	992	4320
B	RTL8367B_VLAN_MEMBER_CONFIGURATION7_CTRL2_ENVLANPOL_OFFSET		OFFSET_SHIFT	4	4	4321
B	RTL8367B_VLAN_MEMBER_CONFIGURATION7_CTRL2_ENVLANPOL_MASK		MASK	0x10	16	4322
B	RTL8367B_VLAN_MEMBER_CONFIGURATION7_CTRL2_VBPRI_OFFSET		OFFSET_SHIFT	1	1	4323
B	RTL8367B_VLAN_MEMBER_CONFIGURATION7_CTRL2_VBPRI_MASK		MASK	0xE	14	4324
B	RTL8367B_VLAN_MEMBER_CONFIGURATION7_CTRL2_VBPEN_OFFSET		OFFSET_SHIFT	0	0	4325
B	RTL8367B_VLAN_MEMBER_CONFIGURATION7_CTRL2_VBPEN_MASK		MASK	0x1	1	4326
B	RTL8367B_REG_VLAN_MEMBER_CONFIGURATION7_CTRL3		REGISTER	0x0747	1863	4328
B	RTL8367B_VLAN_MEMBER_CONFIGURATION7_CTRL3_OFFSET		OFFSET_SHIFT	0	0	4329
B	RTL8367B_VLAN_MEMBER_CONFIGURATION7_CTRL3_MASK		MASK	0x1FFF	8191	4330
B	RTL8367B_REG_VLAN_MEMBER_CONFIGURATION8_CTRL0		REGISTER	0x0748	1864	4332
B	RTL8367B_VLAN_MEMBER_CONFIGURATION8_CTRL0_OFFSET		OFFSET_SHIFT	0	0	4333
B	RTL8367B_VLAN_MEMBER_CONFIGURATION8_CTRL0_MASK		MASK	0xFF	255	4334
B	RTL8367B_REG_VLAN_MEMBER_CONFIGURATION8_CTRL1		REGISTER	0x0749	1865	4336
B	RTL8367B_VLAN_MEMBER_CONFIGURATION8_CTRL1_OFFSET		OFFSET_SHIFT	0	0	4337
B	RTL8367B_VLAN_MEMBER_CONFIGURATION8_CTRL1_MASK		MASK	0xF	15	4338
B	RTL8367B_REG_VLAN_MEMBER_CONFIGURATION8_CTRL2		REGISTER	0x074a	1866	4340
B	RTL8367B_VLAN_MEMBER_CONFIGURATION8_CTRL2_METERIDX_OFFSET		OFFSET_SHIFT	5	5	4341
B	RTL8367B_VLAN_MEMBER_CONFIGURATION8_CTRL2_METERIDX_MASK		MASK	0x3E0	992	4342
B	RTL8367B_VLAN_MEMBER_CONFIGURATION8_CTRL2_ENVLANPOL_OFFSET		OFFSET_SHIFT	4	4	4343
B	RTL8367B_VLAN_MEMBER_CONFIGURATION8_CTRL2_ENVLANPOL_MASK		MASK	0x10	16	4344
B	RTL8367B_VLAN_MEMBER_CONFIGURATION8_CTRL2_VBPRI_OFFSET		OFFSET_SHIFT	1	1	4345
B	RTL8367B_VLAN_MEMBER_CONFIGURATION8_CTRL2_VBPRI_MASK		MASK	0xE	14	4346
B	RTL8367B_VLAN_MEMBER_CONFIGURATION8_CTRL2_VBPEN_OFFSET		OFFSET_SHIFT	0	0	4347
B	RTL8367B_VLAN_MEMBER_CONFIGURATION8_CTRL2_VBPEN_MASK		MASK	0x1	1	4348
B	RTL8367B_REG_VLAN_MEMBER_CONFIGURATION8_CTRL3		REGISTER	0x074b	1867	4350
B	RTL8367B_VLAN_MEMBER_CONFIGURATION8_CTRL3_OFFSET		OFFSET_SHIFT	0	0	4351
B	RTL8367B_VLAN_MEMBER_CONFIGURATION8_CTRL3_MASK		MASK	0x1FFF	8191	4352
B	RTL8367B_REG_VLAN_MEMBER_CONFIGURATION9_CTRL0		REGISTER	0x074c	1868	4354
B	RTL8367B_VLAN_MEMBER_CONFIGURATION9_CTRL0_OFFSET		OFFSET_SHIFT	0	0	4355
B	RTL8367B_VLAN_MEMBER_CONFIGURATION9_CTRL0_MASK		MASK	0xFF	255	4356
B	RTL8367B_REG_VLAN_MEMBER_CONFIGURATION9_CTRL1		REGISTER	0x074d	1869	4358
B	RTL8367B_VLAN_MEMBER_CONFIGURATION9_CTRL1_OFFSET		OFFSET_SHIFT	0	0	4359
B	RTL8367B_VLAN_MEMBER_CONFIGURATION9_CTRL1_MASK		MASK	0xF	15	4360
B	RTL8367B_REG_VLAN_MEMBER_CONFIGURATION9_CTRL2		REGISTER	0x074e	1870	4362
B	RTL8367B_VLAN_MEMBER_CONFIGURATION9_CTRL2_METERIDX_OFFSET		OFFSET_SHIFT	5	5	4363
B	RTL8367B_VLAN_MEMBER_CONFIGURATION9_CTRL2_METERIDX_MASK		MASK	0x3E0	992	4364
B	RTL8367B_VLAN_MEMBER_CONFIGURATION9_CTRL2_ENVLANPOL_OFFSET		OFFSET_SHIFT	4	4	4365
B	RTL8367B_VLAN_MEMBER_CONFIGURATION9_CTRL2_ENVLANPOL_MASK		MASK	0x10	16	4366
B	RTL8367B_VLAN_MEMBER_CONFIGURATION9_CTRL2_VBPRI_OFFSET		OFFSET_SHIFT	1	1	4367
B	RTL8367B_VLAN_MEMBER_CONFIGURATION9_CTRL2_VBPRI_MASK		MASK	0xE	14	4368
B	RTL8367B_VLAN_MEMBER_CONFIGURATION9_CTRL2_VBPEN_OFFSET		OFFSET_SHIFT	0	0	4369
B	RTL8367B_VLAN_MEMBER_CONFIGURATION9_CTRL2_VBPEN_MASK		MASK	0x1	1	4370
B	RTL8367B_REG_VLAN_MEMBER_CONFIGURATION9_CTRL3		REGISTER	0x074f	1871	4372
B	RTL8367B_VLAN_MEMBER_CONFIGURATION9_CTRL3_OFFSET		OFFSET_SHIFT	0	0	4373
B	RTL8367B_VLAN_MEMBER_CONFIGURATION9_CTRL3_MASK		MASK	0x1FFF	8191	4374
B	RTL8367B_REG_VLAN_MEMBER_CONFIGURATION10_CTRL0		REGISTER	0x0750	1872	4376
B	RTL8367B_VLAN_MEMBER_CONFIGURATION10_CTRL0_OFFSET		OFFSET_SHIFT	0	0	4377
B	RTL8367B_VLAN_MEMBER_CONFIGURATION10_CTRL0_MASK		MASK	0xFF	255	4378
B	RTL8367B_REG_VLAN_MEMBER_CONFIGURATION10_CTRL1		REGISTER	0x0751	1873	4380
B	RTL8367B_VLAN_MEMBER_CONFIGURATION10_CTRL1_OFFSET		OFFSET_SHIFT	0	0	4381
B	RTL8367B_VLAN_MEMBER_CONFIGURATION10_CTRL1_MASK		MASK	0xF	15	4382
B	RTL8367B_REG_VLAN_MEMBER_CONFIGURATION10_CTRL2		REGISTER	0x0752	1874	4384
B	RTL8367B_VLAN_MEMBER_CONFIGURATION10_CTRL2_METERIDX_OFFSET		OFFSET_SHIFT	5	5	4385
B	RTL8367B_VLAN_MEMBER_CONFIGURATION10_CTRL2_METERIDX_MASK		MASK	0x3E0	992	4386
B	RTL8367B_VLAN_MEMBER_CONFIGURATION10_CTRL2_ENVLANPOL_OFFSET		OFFSET_SHIFT	4	4	4387
B	RTL8367B_VLAN_MEMBER_CONFIGURATION10_CTRL2_ENVLANPOL_MASK		MASK	0x10	16	4388
B	RTL8367B_VLAN_MEMBER_CONFIGURATION10_CTRL2_VBPRI_OFFSET		OFFSET_SHIFT	1	1	4389
B	RTL8367B_VLAN_MEMBER_CONFIGURATION10_CTRL2_VBPRI_MASK		MASK	0xE	14	4390
B	RTL8367B_VLAN_MEMBER_CONFIGURATION10_CTRL2_VBPEN_OFFSET		OFFSET_SHIFT	0	0	4391
B	RTL8367B_VLAN_MEMBER_CONFIGURATION10_CTRL2_VBPEN_MASK		MASK	0x1	1	4392
B	RTL8367B_REG_VLAN_MEMBER_CONFIGURATION10_CTRL3		REGISTER	0x0753	1875	4394
B	RTL8367B_VLAN_MEMBER_CONFIGURATION10_CTRL3_OFFSET		OFFSET_SHIFT	0	0	4395
B	RTL8367B_VLAN_MEMBER_CONFIGURATION10_CTRL3_MASK		MASK	0x1FFF	8191	4396
B	RTL8367B_REG_VLAN_MEMBER_CONFIGURATION11_CTRL0		REGISTER	0x0754	1876	4398
B	RTL8367B_VLAN_MEMBER_CONFIGURATION11_CTRL0_OFFSET		OFFSET_SHIFT	0	0	4399
B	RTL8367B_VLAN_MEMBER_CONFIGURATION11_CTRL0_MASK		MASK	0xFF	255	4400
B	RTL8367B_REG_VLAN_MEMBER_CONFIGURATION11_CTRL1		REGISTER	0x0755	1877	4402
B	RTL8367B_VLAN_MEMBER_CONFIGURATION11_CTRL1_OFFSET		OFFSET_SHIFT	0	0	4403
B	RTL8367B_VLAN_MEMBER_CONFIGURATION11_CTRL1_MASK		MASK	0xF	15	4404
B	RTL8367B_REG_VLAN_MEMBER_CONFIGURATION11_CTRL2		REGISTER	0x0756	1878	4406
B	RTL8367B_VLAN_MEMBER_CONFIGURATION11_CTRL2_METERIDX_OFFSET		OFFSET_SHIFT	5	5	4407
B	RTL8367B_VLAN_MEMBER_CONFIGURATION11_CTRL2_METERIDX_MASK		MASK	0x3E0	992	4408
B	RTL8367B_VLAN_MEMBER_CONFIGURATION11_CTRL2_ENVLANPOL_OFFSET		OFFSET_SHIFT	4	4	4409
B	RTL8367B_VLAN_MEMBER_CONFIGURATION11_CTRL2_ENVLANPOL_MASK		MASK	0x10	16	4410
B	RTL8367B_VLAN_MEMBER_CONFIGURATION11_CTRL2_VBPRI_OFFSET		OFFSET_SHIFT	1	1	4411
B	RTL8367B_VLAN_MEMBER_CONFIGURATION11_CTRL2_VBPRI_MASK		MASK	0xE	14	4412
B	RTL8367B_VLAN_MEMBER_CONFIGURATION11_CTRL2_VBPEN_OFFSET		OFFSET_SHIFT	0	0	4413
B	RTL8367B_VLAN_MEMBER_CONFIGURATION11_CTRL2_VBPEN_MASK		MASK	0x1	1	4414
B	RTL8367B_REG_VLAN_MEMBER_CONFIGURATION11_CTRL3		REGISTER	0x0757	1879	4416
B	RTL8367B_VLAN_MEMBER_CONFIGURATION11_CTRL3_OFFSET		OFFSET_SHIFT	0	0	4417
B	RTL8367B_VLAN_MEMBER_CONFIGURATION11_CTRL3_MASK		MASK	0x1FFF	8191	4418
B	RTL8367B_REG_VLAN_MEMBER_CONFIGURATION12_CTRL0		REGISTER	0x0758	1880	4420
B	RTL8367B_VLAN_MEMBER_CONFIGURATION12_CTRL0_OFFSET		OFFSET_SHIFT	0	0	4421
B	RTL8367B_VLAN_MEMBER_CONFIGURATION12_CTRL0_MASK		MASK	0xFF	255	4422
B	RTL8367B_REG_VLAN_MEMBER_CONFIGURATION12_CTRL1		REGISTER	0x0759	1881	4424
B	RTL8367B_VLAN_MEMBER_CONFIGURATION12_CTRL1_OFFSET		OFFSET_SHIFT	0	0	4425
B	RTL8367B_VLAN_MEMBER_CONFIGURATION12_CTRL1_MASK		MASK	0xF	15	4426
B	RTL8367B_REG_VLAN_MEMBER_CONFIGURATION12_CTRL2		REGISTER	0x075a	1882	4428
B	RTL8367B_VLAN_MEMBER_CONFIGURATION12_CTRL2_METERIDX_OFFSET		OFFSET_SHIFT	5	5	4429
B	RTL8367B_VLAN_MEMBER_CONFIGURATION12_CTRL2_METERIDX_MASK		MASK	0x3E0	992	4430
B	RTL8367B_VLAN_MEMBER_CONFIGURATION12_CTRL2_ENVLANPOL_OFFSET		OFFSET_SHIFT	4	4	4431
B	RTL8367B_VLAN_MEMBER_CONFIGURATION12_CTRL2_ENVLANPOL_MASK		MASK	0x10	16	4432
B	RTL8367B_VLAN_MEMBER_CONFIGURATION12_CTRL2_VBPRI_OFFSET		OFFSET_SHIFT	1	1	4433
B	RTL8367B_VLAN_MEMBER_CONFIGURATION12_CTRL2_VBPRI_MASK		MASK	0xE	14	4434
B	RTL8367B_VLAN_MEMBER_CONFIGURATION12_CTRL2_VBPEN_OFFSET		OFFSET_SHIFT	0	0	4435
B	RTL8367B_VLAN_MEMBER_CONFIGURATION12_CTRL2_VBPEN_MASK		MASK	0x1	1	4436
B	RTL8367B_REG_VLAN_MEMBER_CONFIGURATION12_CTRL3		REGISTER	0x075b	1883	4438
B	RTL8367B_VLAN_MEMBER_CONFIGURATION12_CTRL3_OFFSET		OFFSET_SHIFT	0	0	4439
B	RTL8367B_VLAN_MEMBER_CONFIGURATION12_CTRL3_MASK		MASK	0x1FFF	8191	4440
B	RTL8367B_REG_VLAN_MEMBER_CONFIGURATION13_CTRL0		REGISTER	0x075c	1884	4442
B	RTL8367B_VLAN_MEMBER_CONFIGURATION13_CTRL0_OFFSET		OFFSET_SHIFT	0	0	4443
B	RTL8367B_VLAN_MEMBER_CONFIGURATION13_CTRL0_MASK		MASK	0xFF	255	4444
B	RTL8367B_REG_VLAN_MEMBER_CONFIGURATION13_CTRL1		REGISTER	0x075d	1885	4446
B	RTL8367B_VLAN_MEMBER_CONFIGURATION13_CTRL1_OFFSET		OFFSET_SHIFT	0	0	4447
B	RTL8367B_VLAN_MEMBER_CONFIGURATION13_CTRL1_MASK		MASK	0xF	15	4448
B	RTL8367B_REG_VLAN_MEMBER_CONFIGURATION13_CTRL2		REGISTER	0x075e	1886	4450
B	RTL8367B_VLAN_MEMBER_CONFIGURATION13_CTRL2_METERIDX_OFFSET		OFFSET_SHIFT	5	5	4451
B	RTL8367B_VLAN_MEMBER_CONFIGURATION13_CTRL2_METERIDX_MASK		MASK	0x3E0	992	4452
B	RTL8367B_VLAN_MEMBER_CONFIGURATION13_CTRL2_ENVLANPOL_OFFSET		OFFSET_SHIFT	4	4	4453
B	RTL8367B_VLAN_MEMBER_CONFIGURATION13_CTRL2_ENVLANPOL_MASK		MASK	0x10	16	4454
B	RTL8367B_VLAN_MEMBER_CONFIGURATION13_CTRL2_VBPRI_OFFSET		OFFSET_SHIFT	1	1	4455
B	RTL8367B_VLAN_MEMBER_CONFIGURATION13_CTRL2_VBPRI_MASK		MASK	0xE	14	4456
B	RTL8367B_VLAN_MEMBER_CONFIGURATION13_CTRL2_VBPEN_OFFSET		OFFSET_SHIFT	0	0	4457
B	RTL8367B_VLAN_MEMBER_CONFIGURATION13_CTRL2_VBPEN_MASK		MASK	0x1	1	4458
B	RTL8367B_REG_VLAN_MEMBER_CONFIGURATION13_CTRL3		REGISTER	0x075f	1887	4460
B	RTL8367B_VLAN_MEMBER_CONFIGURATION13_CTRL3_OFFSET		OFFSET_SHIFT	0	0	4461
B	RTL8367B_VLAN_MEMBER_CONFIGURATION13_CTRL3_MASK		MASK	0x1FFF	8191	4462
B	RTL8367B_REG_VLAN_MEMBER_CONFIGURATION14_CTRL0		REGISTER	0x0760	1888	4464
B	RTL8367B_VLAN_MEMBER_CONFIGURATION14_CTRL0_OFFSET		OFFSET_SHIFT	0	0	4465
B	RTL8367B_VLAN_MEMBER_CONFIGURATION14_CTRL0_MASK		MASK	0xFF	255	4466
B	RTL8367B_REG_VLAN_MEMBER_CONFIGURATION14_CTRL1		REGISTER	0x0761	1889	4468
B	RTL8367B_VLAN_MEMBER_CONFIGURATION14_CTRL1_OFFSET		OFFSET_SHIFT	0	0	4469
B	RTL8367B_VLAN_MEMBER_CONFIGURATION14_CTRL1_MASK		MASK	0xF	15	4470
B	RTL8367B_REG_VLAN_MEMBER_CONFIGURATION14_CTRL2		REGISTER	0x0762	1890	4472
B	RTL8367B_VLAN_MEMBER_CONFIGURATION14_CTRL2_METERIDX_OFFSET		OFFSET_SHIFT	5	5	4473
B	RTL8367B_VLAN_MEMBER_CONFIGURATION14_CTRL2_METERIDX_MASK		MASK	0x3E0	992	4474
B	RTL8367B_VLAN_MEMBER_CONFIGURATION14_CTRL2_ENVLANPOL_OFFSET		OFFSET_SHIFT	4	4	4475
B	RTL8367B_VLAN_MEMBER_CONFIGURATION14_CTRL2_ENVLANPOL_MASK		MASK	0x10	16	4476
B	RTL8367B_VLAN_MEMBER_CONFIGURATION14_CTRL2_VBPRI_OFFSET		OFFSET_SHIFT	1	1	4477
B	RTL8367B_VLAN_MEMBER_CONFIGURATION14_CTRL2_VBPRI_MASK		MASK	0xE	14	4478
B	RTL8367B_VLAN_MEMBER_CONFIGURATION14_CTRL2_VBPEN_OFFSET		OFFSET_SHIFT	0	0	4479
B	RTL8367B_VLAN_MEMBER_CONFIGURATION14_CTRL2_VBPEN_MASK		MASK	0x1	1	4480
B	RTL8367B_REG_VLAN_MEMBER_CONFIGURATION14_CTRL3		REGISTER	0x0763	1891	4482
B	RTL8367B_VLAN_MEMBER_CONFIGURATION14_CTRL3_OFFSET		OFFSET_SHIFT	0	0	4483
B	RTL8367B_VLAN_MEMBER_CONFIGURATION14_CTRL3_MASK		MASK	0x1FFF	8191	4484
B	RTL8367B_REG_VLAN_MEMBER_CONFIGURATION15_CTRL0		REGISTER	0x0764	1892	4486
B	RTL8367B_VLAN_MEMBER_CONFIGURATION15_CTRL0_OFFSET		OFFSET_SHIFT	0	0	4487
B	RTL8367B_VLAN_MEMBER_CONFIGURATION15_CTRL0_MASK		MASK	0xFF	255	4488
B	RTL8367B_REG_VLAN_MEMBER_CONFIGURATION15_CTRL1		REGISTER	0x0765	1893	4490
B	RTL8367B_VLAN_MEMBER_CONFIGURATION15_CTRL1_OFFSET		OFFSET_SHIFT	0	0	4491
B	RTL8367B_VLAN_MEMBER_CONFIGURATION15_CTRL1_MASK		MASK	0xF	15	4492
B	RTL8367B_REG_VLAN_MEMBER_CONFIGURATION15_CTRL2		REGISTER	0x0766	1894	4494
B	RTL8367B_VLAN_MEMBER_CONFIGURATION15_CTRL2_METERIDX_OFFSET		OFFSET_SHIFT	5	5	4495
B	RTL8367B_VLAN_MEMBER_CONFIGURATION15_CTRL2_METERIDX_MASK		MASK	0x3E0	992	4496
B	RTL8367B_VLAN_MEMBER_CONFIGURATION15_CTRL2_ENVLANPOL_OFFSET		OFFSET_SHIFT	4	4	4497
B	RTL8367B_VLAN_MEMBER_CONFIGURATION15_CTRL2_ENVLANPOL_MASK		MASK	0x10	16	4498
B	RTL8367B_VLAN_MEMBER_CONFIGURATION15_CTRL2_VBPRI_OFFSET		OFFSET_SHIFT	1	1	4499
B	RTL8367B_VLAN_MEMBER_CONFIGURATION15_CTRL2_VBPRI_MASK		MASK	0xE	14	4500
B	RTL8367B_VLAN_MEMBER_CONFIGURATION15_CTRL2_VBPEN_OFFSET		OFFSET_SHIFT	0	0	4501
B	RTL8367B_VLAN_MEMBER_CONFIGURATION15_CTRL2_VBPEN_MASK		MASK	0x1	1	4502
B	RTL8367B_REG_VLAN_MEMBER_CONFIGURATION15_CTRL3		REGISTER	0x0767	1895	4504
B	RTL8367B_VLAN_MEMBER_CONFIGURATION15_CTRL3_OFFSET		OFFSET_SHIFT	0	0	4505
B	RTL8367B_VLAN_MEMBER_CONFIGURATION15_CTRL3_MASK		MASK	0x1FFF	8191	4506
B	RTL8367B_REG_VLAN_MEMBER_CONFIGURATION16_CTRL0		REGISTER	0x0768	1896	4508
B	RTL8367B_VLAN_MEMBER_CONFIGURATION16_CTRL0_OFFSET		OFFSET_SHIFT	0	0	4509
B	RTL8367B_VLAN_MEMBER_CONFIGURATION16_CTRL0_MASK		MASK	0xFF	255	4510
B	RTL8367B_REG_VLAN_MEMBER_CONFIGURATION16_CTRL1		REGISTER	0x0769	1897	4512
B	RTL8367B_VLAN_MEMBER_CONFIGURATION16_CTRL1_OFFSET		OFFSET_SHIFT	0	0	4513
B	RTL8367B_VLAN_MEMBER_CONFIGURATION16_CTRL1_MASK		MASK	0xF	15	4514
B	RTL8367B_REG_VLAN_MEMBER_CONFIGURATION16_CTRL2		REGISTER	0x076a	1898	4516
B	RTL8367B_VLAN_MEMBER_CONFIGURATION16_CTRL2_METERIDX_OFFSET		OFFSET_SHIFT	5	5	4517
B	RTL8367B_VLAN_MEMBER_CONFIGURATION16_CTRL2_METERIDX_MASK		MASK	0x3E0	992	4518
B	RTL8367B_VLAN_MEMBER_CONFIGURATION16_CTRL2_ENVLANPOL_OFFSET		OFFSET_SHIFT	4	4	4519
B	RTL8367B_VLAN_MEMBER_CONFIGURATION16_CTRL2_ENVLANPOL_MASK		MASK	0x10	16	4520
B	RTL8367B_VLAN_MEMBER_CONFIGURATION16_CTRL2_VBPRI_OFFSET		OFFSET_SHIFT	1	1	4521
B	RTL8367B_VLAN_MEMBER_CONFIGURATION16_CTRL2_VBPRI_MASK		MASK	0xE	14	4522
B	RTL8367B_VLAN_MEMBER_CONFIGURATION16_CTRL2_VBPEN_OFFSET		OFFSET_SHIFT	0	0	4523
B	RTL8367B_VLAN_MEMBER_CONFIGURATION16_CTRL2_VBPEN_MASK		MASK	0x1	1	4524
B	RTL8367B_REG_VLAN_MEMBER_CONFIGURATION16_CTRL3		REGISTER	0x076b	1899	4526
B	RTL8367B_VLAN_MEMBER_CONFIGURATION16_CTRL3_OFFSET		OFFSET_SHIFT	0	0	4527
B	RTL8367B_VLAN_MEMBER_CONFIGURATION16_CTRL3_MASK		MASK	0x1FFF	8191	4528
B	RTL8367B_REG_VLAN_MEMBER_CONFIGURATION17_CTRL0		REGISTER	0x076c	1900	4530
B	RTL8367B_VLAN_MEMBER_CONFIGURATION17_CTRL0_OFFSET		OFFSET_SHIFT	0	0	4531
B	RTL8367B_VLAN_MEMBER_CONFIGURATION17_CTRL0_MASK		MASK	0xFF	255	4532
B	RTL8367B_REG_VLAN_MEMBER_CONFIGURATION17_CTRL1		REGISTER	0x076d	1901	4534
B	RTL8367B_VLAN_MEMBER_CONFIGURATION17_CTRL1_OFFSET		OFFSET_SHIFT	0	0	4535
B	RTL8367B_VLAN_MEMBER_CONFIGURATION17_CTRL1_MASK		MASK	0xF	15	4536
B	RTL8367B_REG_VLAN_MEMBER_CONFIGURATION17_CTRL2		REGISTER	0x076e	1902	4538
B	RTL8367B_VLAN_MEMBER_CONFIGURATION17_CTRL2_METERIDX_OFFSET		OFFSET_SHIFT	5	5	4539
B	RTL8367B_VLAN_MEMBER_CONFIGURATION17_CTRL2_METERIDX_MASK		MASK	0x3E0	992	4540
B	RTL8367B_VLAN_MEMBER_CONFIGURATION17_CTRL2_ENVLANPOL_OFFSET		OFFSET_SHIFT	4	4	4541
B	RTL8367B_VLAN_MEMBER_CONFIGURATION17_CTRL2_ENVLANPOL_MASK		MASK	0x10	16	4542
B	RTL8367B_VLAN_MEMBER_CONFIGURATION17_CTRL2_VBPRI_OFFSET		OFFSET_SHIFT	1	1	4543
B	RTL8367B_VLAN_MEMBER_CONFIGURATION17_CTRL2_VBPRI_MASK		MASK	0xE	14	4544
B	RTL8367B_VLAN_MEMBER_CONFIGURATION17_CTRL2_VBPEN_OFFSET		OFFSET_SHIFT	0	0	4545
B	RTL8367B_VLAN_MEMBER_CONFIGURATION17_CTRL2_VBPEN_MASK		MASK	0x1	1	4546
B	RTL8367B_REG_VLAN_MEMBER_CONFIGURATION17_CTRL3		REGISTER	0x076f	1903	4548
B	RTL8367B_VLAN_MEMBER_CONFIGURATION17_CTRL3_OFFSET		OFFSET_SHIFT	0	0	4549
B	RTL8367B_VLAN_MEMBER_CONFIGURATION17_CTRL3_MASK		MASK	0x1FFF	8191	4550
B	RTL8367B_REG_VLAN_MEMBER_CONFIGURATION18_CTRL0		REGISTER	0x0770	1904	4552
B	RTL8367B_VLAN_MEMBER_CONFIGURATION18_CTRL0_OFFSET		OFFSET_SHIFT	0	0	4553
B	RTL8367B_VLAN_MEMBER_CONFIGURATION18_CTRL0_MASK		MASK	0xFF	255	4554
B	RTL8367B_REG_VLAN_MEMBER_CONFIGURATION18_CTRL1		REGISTER	0x0771	1905	4556
B	RTL8367B_VLAN_MEMBER_CONFIGURATION18_CTRL1_OFFSET		OFFSET_SHIFT	0	0	4557
B	RTL8367B_VLAN_MEMBER_CONFIGURATION18_CTRL1_MASK		MASK	0xF	15	4558
B	RTL8367B_REG_VLAN_MEMBER_CONFIGURATION18_CTRL2		REGISTER	0x0772	1906	4560
B	RTL8367B_VLAN_MEMBER_CONFIGURATION18_CTRL2_METERIDX_OFFSET		OFFSET_SHIFT	5	5	4561
B	RTL8367B_VLAN_MEMBER_CONFIGURATION18_CTRL2_METERIDX_MASK		MASK	0x3E0	992	4562
B	RTL8367B_VLAN_MEMBER_CONFIGURATION18_CTRL2_ENVLANPOL_OFFSET		OFFSET_SHIFT	4	4	4563
B	RTL8367B_VLAN_MEMBER_CONFIGURATION18_CTRL2_ENVLANPOL_MASK		MASK	0x10	16	4564
B	RTL8367B_VLAN_MEMBER_CONFIGURATION18_CTRL2_VBPRI_OFFSET		OFFSET_SHIFT	1	1	4565
B	RTL8367B_VLAN_MEMBER_CONFIGURATION18_CTRL2_VBPRI_MASK		MASK	0xE	14	4566
B	RTL8367B_VLAN_MEMBER_CONFIGURATION18_CTRL2_VBPEN_OFFSET		OFFSET_SHIFT	0	0	4567
B	RTL8367B_VLAN_MEMBER_CONFIGURATION18_CTRL2_VBPEN_MASK		MASK	0x1	1	4568
B	RTL8367B_REG_VLAN_MEMBER_CONFIGURATION18_CTRL3		REGISTER	0x0773	1907	4570
B	RTL8367B_VLAN_MEMBER_CONFIGURATION18_CTRL3_OFFSET		OFFSET_SHIFT	0	0	4571
B	RTL8367B_VLAN_MEMBER_CONFIGURATION18_CTRL3_MASK		MASK	0x1FFF	8191	4572
B	RTL8367B_REG_VLAN_MEMBER_CONFIGURATION19_CTRL0		REGISTER	0x0774	1908	4574
B	RTL8367B_VLAN_MEMBER_CONFIGURATION19_CTRL0_OFFSET		OFFSET_SHIFT	0	0	4575
B	RTL8367B_VLAN_MEMBER_CONFIGURATION19_CTRL0_MASK		MASK	0xFF	255	4576
B	RTL8367B_REG_VLAN_MEMBER_CONFIGURATION19_CTRL1		REGISTER	0x0775	1909	4578
B	RTL8367B_VLAN_MEMBER_CONFIGURATION19_CTRL1_OFFSET		OFFSET_SHIFT	0	0	4579
B	RTL8367B_VLAN_MEMBER_CONFIGURATION19_CTRL1_MASK		MASK	0xF	15	4580
B	RTL8367B_REG_VLAN_MEMBER_CONFIGURATION19_CTRL2		REGISTER	0x0776	1910	4582
B	RTL8367B_VLAN_MEMBER_CONFIGURATION19_CTRL2_METERIDX_OFFSET		OFFSET_SHIFT	5	5	4583
B	RTL8367B_VLAN_MEMBER_CONFIGURATION19_CTRL2_METERIDX_MASK		MASK	0x3E0	992	4584
B	RTL8367B_VLAN_MEMBER_CONFIGURATION19_CTRL2_ENVLANPOL_OFFSET		OFFSET_SHIFT	4	4	4585
B	RTL8367B_VLAN_MEMBER_CONFIGURATION19_CTRL2_ENVLANPOL_MASK		MASK	0x10	16	4586
B	RTL8367B_VLAN_MEMBER_CONFIGURATION19_CTRL2_VBPRI_OFFSET		OFFSET_SHIFT	1	1	4587
B	RTL8367B_VLAN_MEMBER_CONFIGURATION19_CTRL2_VBPRI_MASK		MASK	0xE	14	4588
B	RTL8367B_VLAN_MEMBER_CONFIGURATION19_CTRL2_VBPEN_OFFSET		OFFSET_SHIFT	0	0	4589
B	RTL8367B_VLAN_MEMBER_CONFIGURATION19_CTRL2_VBPEN_MASK		MASK	0x1	1	4590
B	RTL8367B_REG_VLAN_MEMBER_CONFIGURATION19_CTRL3		REGISTER	0x0777	1911	4592
B	RTL8367B_VLAN_MEMBER_CONFIGURATION19_CTRL3_OFFSET		OFFSET_SHIFT	0	0	4593
B	RTL8367B_VLAN_MEMBER_CONFIGURATION19_CTRL3_MASK		MASK	0x1FFF	8191	4594
B	RTL8367B_REG_VLAN_MEMBER_CONFIGURATION20_CTRL0		REGISTER	0x0778	1912	4596
B	RTL8367B_VLAN_MEMBER_CONFIGURATION20_CTRL0_OFFSET		OFFSET_SHIFT	0	0	4597
B	RTL8367B_VLAN_MEMBER_CONFIGURATION20_CTRL0_MASK		MASK	0xFF	255	4598
B	RTL8367B_REG_VLAN_MEMBER_CONFIGURATION20_CTRL1		REGISTER	0x0779	1913	4600
B	RTL8367B_VLAN_MEMBER_CONFIGURATION20_CTRL1_OFFSET		OFFSET_SHIFT	0	0	4601
B	RTL8367B_VLAN_MEMBER_CONFIGURATION20_CTRL1_MASK		MASK	0xF	15	4602
B	RTL8367B_REG_VLAN_MEMBER_CONFIGURATION20_CTRL2		REGISTER	0x077a	1914	4604
B	RTL8367B_VLAN_MEMBER_CONFIGURATION20_CTRL2_METERIDX_OFFSET		OFFSET_SHIFT	5	5	4605
B	RTL8367B_VLAN_MEMBER_CONFIGURATION20_CTRL2_METERIDX_MASK		MASK	0x3E0	992	4606
B	RTL8367B_VLAN_MEMBER_CONFIGURATION20_CTRL2_ENVLANPOL_OFFSET		OFFSET_SHIFT	4	4	4607
B	RTL8367B_VLAN_MEMBER_CONFIGURATION20_CTRL2_ENVLANPOL_MASK		MASK	0x10	16	4608
B	RTL8367B_VLAN_MEMBER_CONFIGURATION20_CTRL2_VBPRI_OFFSET		OFFSET_SHIFT	1	1	4609
B	RTL8367B_VLAN_MEMBER_CONFIGURATION20_CTRL2_VBPRI_MASK		MASK	0xE	14	4610
B	RTL8367B_VLAN_MEMBER_CONFIGURATION20_CTRL2_VBPEN_OFFSET		OFFSET_SHIFT	0	0	4611
B	RTL8367B_VLAN_MEMBER_CONFIGURATION20_CTRL2_VBPEN_MASK		MASK	0x1	1	4612
B	RTL8367B_REG_VLAN_MEMBER_CONFIGURATION20_CTRL3		REGISTER	0x077b	1915	4614
B	RTL8367B_VLAN_MEMBER_CONFIGURATION20_CTRL3_OFFSET		OFFSET_SHIFT	0	0	4615
B	RTL8367B_VLAN_MEMBER_CONFIGURATION20_CTRL3_MASK		MASK	0x1FFF	8191	4616
B	RTL8367B_REG_VLAN_MEMBER_CONFIGURATION21_CTRL0		REGISTER	0x077c	1916	4618
B	RTL8367B_VLAN_MEMBER_CONFIGURATION21_CTRL0_OFFSET		OFFSET_SHIFT	0	0	4619
B	RTL8367B_VLAN_MEMBER_CONFIGURATION21_CTRL0_MASK		MASK	0xFF	255	4620
B	RTL8367B_REG_VLAN_MEMBER_CONFIGURATION21_CTRL1		REGISTER	0x077d	1917	4622
B	RTL8367B_VLAN_MEMBER_CONFIGURATION21_CTRL1_OFFSET		OFFSET_SHIFT	0	0	4623
B	RTL8367B_VLAN_MEMBER_CONFIGURATION21_CTRL1_MASK		MASK	0xF	15	4624
B	RTL8367B_REG_VLAN_MEMBER_CONFIGURATION21_CTRL2		REGISTER	0x077e	1918	4626
B	RTL8367B_VLAN_MEMBER_CONFIGURATION21_CTRL2_METERIDX_OFFSET		OFFSET_SHIFT	5	5	4627
B	RTL8367B_VLAN_MEMBER_CONFIGURATION21_CTRL2_METERIDX_MASK		MASK	0x3E0	992	4628
B	RTL8367B_VLAN_MEMBER_CONFIGURATION21_CTRL2_ENVLANPOL_OFFSET		OFFSET_SHIFT	4	4	4629
B	RTL8367B_VLAN_MEMBER_CONFIGURATION21_CTRL2_ENVLANPOL_MASK		MASK	0x10	16	4630
B	RTL8367B_VLAN_MEMBER_CONFIGURATION21_CTRL2_VBPRI_OFFSET		OFFSET_SHIFT	1	1	4631
B	RTL8367B_VLAN_MEMBER_CONFIGURATION21_CTRL2_VBPRI_MASK		MASK	0xE	14	4632
B	RTL8367B_VLAN_MEMBER_CONFIGURATION21_CTRL2_VBPEN_OFFSET		OFFSET_SHIFT	0	0	4633
B	RTL8367B_VLAN_MEMBER_CONFIGURATION21_CTRL2_VBPEN_MASK		MASK	0x1	1	4634
B	RTL8367B_REG_VLAN_MEMBER_CONFIGURATION21_CTRL3		REGISTER	0x077f	1919	4636
B	RTL8367B_VLAN_MEMBER_CONFIGURATION21_CTRL3_OFFSET		OFFSET_SHIFT	0	0	4637
B	RTL8367B_VLAN_MEMBER_CONFIGURATION21_CTRL3_MASK		MASK	0x1FFF	8191	4638
B	RTL8367B_REG_VLAN_MEMBER_CONFIGURATION22_CTRL0		REGISTER	0x0780	1920	4640
B	RTL8367B_VLAN_MEMBER_CONFIGURATION22_CTRL0_OFFSET		OFFSET_SHIFT	0	0	4641
B	RTL8367B_VLAN_MEMBER_CONFIGURATION22_CTRL0_MASK		MASK	0xFF	255	4642
B	RTL8367B_REG_VLAN_MEMBER_CONFIGURATION22_CTRL1		REGISTER	0x0781	1921	4644
B	RTL8367B_VLAN_MEMBER_CONFIGURATION22_CTRL1_OFFSET		OFFSET_SHIFT	0	0	4645
B	RTL8367B_VLAN_MEMBER_CONFIGURATION22_CTRL1_MASK		MASK	0xF	15	4646
B	RTL8367B_REG_VLAN_MEMBER_CONFIGURATION22_CTRL2		REGISTER	0x0782	1922	4648
B	RTL8367B_VLAN_MEMBER_CONFIGURATION22_CTRL2_METERIDX_OFFSET		OFFSET_SHIFT	5	5	4649
B	RTL8367B_VLAN_MEMBER_CONFIGURATION22_CTRL2_METERIDX_MASK		MASK	0x3E0	992	4650
B	RTL8367B_VLAN_MEMBER_CONFIGURATION22_CTRL2_ENVLANPOL_OFFSET		OFFSET_SHIFT	4	4	4651
B	RTL8367B_VLAN_MEMBER_CONFIGURATION22_CTRL2_ENVLANPOL_MASK		MASK	0x10	16	4652
B	RTL8367B_VLAN_MEMBER_CONFIGURATION22_CTRL2_VBPRI_OFFSET		OFFSET_SHIFT	1	1	4653
B	RTL8367B_VLAN_MEMBER_CONFIGURATION22_CTRL2_VBPRI_MASK		MASK	0xE	14	4654
B	RTL8367B_VLAN_MEMBER_CONFIGURATION22_CTRL2_VBPEN_OFFSET		OFFSET_SHIFT	0	0	4655
B	RTL8367B_VLAN_MEMBER_CONFIGURATION22_CTRL2_VBPEN_MASK		MASK	0x1	1	4656
B	RTL8367B_REG_VLAN_MEMBER_CONFIGURATION22_CTRL3		REGISTER	0x0783	1923	4658
B	RTL8367B_VLAN_MEMBER_CONFIGURATION22_CTRL3_OFFSET		OFFSET_SHIFT	0	0	4659
B	RTL8367B_VLAN_MEMBER_CONFIGURATION22_CTRL3_MASK		MASK	0x1FFF	8191	4660
B	RTL8367B_REG_VLAN_MEMBER_CONFIGURATION23_CTRL0		REGISTER	0x0784	1924	4662
B	RTL8367B_VLAN_MEMBER_CONFIGURATION23_CTRL0_OFFSET		OFFSET_SHIFT	0	0	4663
B	RTL8367B_VLAN_MEMBER_CONFIGURATION23_CTRL0_MASK		MASK	0xFF	255	4664
B	RTL8367B_REG_VLAN_MEMBER_CONFIGURATION23_CTRL1		REGISTER	0x0785	1925	4666
B	RTL8367B_VLAN_MEMBER_CONFIGURATION23_CTRL1_OFFSET		OFFSET_SHIFT	0	0	4667
B	RTL8367B_VLAN_MEMBER_CONFIGURATION23_CTRL1_MASK		MASK	0xF	15	4668
B	RTL8367B_REG_VLAN_MEMBER_CONFIGURATION23_CTRL2		REGISTER	0x0786	1926	4670
B	RTL8367B_VLAN_MEMBER_CONFIGURATION23_CTRL2_METERIDX_OFFSET		OFFSET_SHIFT	5	5	4671
B	RTL8367B_VLAN_MEMBER_CONFIGURATION23_CTRL2_METERIDX_MASK		MASK	0x3E0	992	4672
B	RTL8367B_VLAN_MEMBER_CONFIGURATION23_CTRL2_ENVLANPOL_OFFSET		OFFSET_SHIFT	4	4	4673
B	RTL8367B_VLAN_MEMBER_CONFIGURATION23_CTRL2_ENVLANPOL_MASK		MASK	0x10	16	4674
B	RTL8367B_VLAN_MEMBER_CONFIGURATION23_CTRL2_VBPRI_OFFSET		OFFSET_SHIFT	1	1	4675
B	RTL8367B_VLAN_MEMBER_CONFIGURATION23_CTRL2_VBPRI_MASK		MASK	0xE	14	4676
B	RTL8367B_VLAN_MEMBER_CONFIGURATION23_CTRL2_VBPEN_OFFSET		OFFSET_SHIFT	0	0	4677
B	RTL8367B_VLAN_MEMBER_CONFIGURATION23_CTRL2_VBPEN_MASK		MASK	0x1	1	4678
B	RTL8367B_REG_VLAN_MEMBER_CONFIGURATION23_CTRL3		REGISTER	0x0787	1927	4680
B	RTL8367B_VLAN_MEMBER_CONFIGURATION23_CTRL3_OFFSET		OFFSET_SHIFT	0	0	4681
B	RTL8367B_VLAN_MEMBER_CONFIGURATION23_CTRL3_MASK		MASK	0x1FFF	8191	4682
B	RTL8367B_REG_VLAN_MEMBER_CONFIGURATION24_CTRL0		REGISTER	0x0788	1928	4684
B	RTL8367B_VLAN_MEMBER_CONFIGURATION24_CTRL0_OFFSET		OFFSET_SHIFT	0	0	4685
B	RTL8367B_VLAN_MEMBER_CONFIGURATION24_CTRL0_MASK		MASK	0xFF	255	4686
B	RTL8367B_REG_VLAN_MEMBER_CONFIGURATION24_CTRL1		REGISTER	0x0789	1929	4688
B	RTL8367B_VLAN_MEMBER_CONFIGURATION24_CTRL1_OFFSET		OFFSET_SHIFT	0	0	4689
B	RTL8367B_VLAN_MEMBER_CONFIGURATION24_CTRL1_MASK		MASK	0xF	15	4690
B	RTL8367B_REG_VLAN_MEMBER_CONFIGURATION24_CTRL2		REGISTER	0x078a	1930	4692
B	RTL8367B_VLAN_MEMBER_CONFIGURATION24_CTRL2_METERIDX_OFFSET		OFFSET_SHIFT	5	5	4693
B	RTL8367B_VLAN_MEMBER_CONFIGURATION24_CTRL2_METERIDX_MASK		MASK	0x3E0	992	4694
B	RTL8367B_VLAN_MEMBER_CONFIGURATION24_CTRL2_ENVLANPOL_OFFSET		OFFSET_SHIFT	4	4	4695
B	RTL8367B_VLAN_MEMBER_CONFIGURATION24_CTRL2_ENVLANPOL_MASK		MASK	0x10	16	4696
B	RTL8367B_VLAN_MEMBER_CONFIGURATION24_CTRL2_VBPRI_OFFSET		OFFSET_SHIFT	1	1	4697
B	RTL8367B_VLAN_MEMBER_CONFIGURATION24_CTRL2_VBPRI_MASK		MASK	0xE	14	4698
B	RTL8367B_VLAN_MEMBER_CONFIGURATION24_CTRL2_VBPEN_OFFSET		OFFSET_SHIFT	0	0	4699
B	RTL8367B_VLAN_MEMBER_CONFIGURATION24_CTRL2_VBPEN_MASK		MASK	0x1	1	4700
B	RTL8367B_REG_VLAN_MEMBER_CONFIGURATION24_CTRL3		REGISTER	0x078b	1931	4702
B	RTL8367B_VLAN_MEMBER_CONFIGURATION24_CTRL3_OFFSET		OFFSET_SHIFT	0	0	4703
B	RTL8367B_VLAN_MEMBER_CONFIGURATION24_CTRL3_MASK		MASK	0x1FFF	8191	4704
B	RTL8367B_REG_VLAN_MEMBER_CONFIGURATION25_CTRL0		REGISTER	0x078c	1932	4706
B	RTL8367B_VLAN_MEMBER_CONFIGURATION25_CTRL0_OFFSET		OFFSET_SHIFT	0	0	4707
B	RTL8367B_VLAN_MEMBER_CONFIGURATION25_CTRL0_MASK		MASK	0xFF	255	4708
B	RTL8367B_REG_VLAN_MEMBER_CONFIGURATION25_CTRL1		REGISTER	0x078d	1933	4710
B	RTL8367B_VLAN_MEMBER_CONFIGURATION25_CTRL1_OFFSET		OFFSET_SHIFT	0	0	4711
B	RTL8367B_VLAN_MEMBER_CONFIGURATION25_CTRL1_MASK		MASK	0xF	15	4712
B	RTL8367B_REG_VLAN_MEMBER_CONFIGURATION25_CTRL2		REGISTER	0x078e	1934	4714
B	RTL8367B_VLAN_MEMBER_CONFIGURATION25_CTRL2_METERIDX_OFFSET		OFFSET_SHIFT	5	5	4715
B	RTL8367B_VLAN_MEMBER_CONFIGURATION25_CTRL2_METERIDX_MASK		MASK	0x3E0	992	4716
B	RTL8367B_VLAN_MEMBER_CONFIGURATION25_CTRL2_ENVLANPOL_OFFSET		OFFSET_SHIFT	4	4	4717
B	RTL8367B_VLAN_MEMBER_CONFIGURATION25_CTRL2_ENVLANPOL_MASK		MASK	0x10	16	4718
B	RTL8367B_VLAN_MEMBER_CONFIGURATION25_CTRL2_VBPRI_OFFSET		OFFSET_SHIFT	1	1	4719
B	RTL8367B_VLAN_MEMBER_CONFIGURATION25_CTRL2_VBPRI_MASK		MASK	0xE	14	4720
B	RTL8367B_VLAN_MEMBER_CONFIGURATION25_CTRL2_VBPEN_OFFSET		OFFSET_SHIFT	0	0	4721
B	RTL8367B_VLAN_MEMBER_CONFIGURATION25_CTRL2_VBPEN_MASK		MASK	0x1	1	4722
B	RTL8367B_REG_VLAN_MEMBER_CONFIGURATION25_CTRL3		REGISTER	0x078f	1935	4724
B	RTL8367B_VLAN_MEMBER_CONFIGURATION25_CTRL3_OFFSET		OFFSET_SHIFT	0	0	4725
B	RTL8367B_VLAN_MEMBER_CONFIGURATION25_CTRL3_MASK		MASK	0x1FFF	8191	4726
B	RTL8367B_REG_VLAN_MEMBER_CONFIGURATION26_CTRL0		REGISTER	0x0790	1936	4728
B	RTL8367B_VLAN_MEMBER_CONFIGURATION26_CTRL0_OFFSET		OFFSET_SHIFT	0	0	4729
B	RTL8367B_VLAN_MEMBER_CONFIGURATION26_CTRL0_MASK		MASK	0xFF	255	4730
B	RTL8367B_REG_VLAN_MEMBER_CONFIGURATION26_CTRL1		REGISTER	0x0791	1937	4732
B	RTL8367B_VLAN_MEMBER_CONFIGURATION26_CTRL1_OFFSET		OFFSET_SHIFT	0	0	4733
B	RTL8367B_VLAN_MEMBER_CONFIGURATION26_CTRL1_MASK		MASK	0xF	15	4734
B	RTL8367B_REG_VLAN_MEMBER_CONFIGURATION26_CTRL2		REGISTER	0x0792	1938	4736
B	RTL8367B_VLAN_MEMBER_CONFIGURATION26_CTRL2_METERIDX_OFFSET		OFFSET_SHIFT	5	5	4737
B	RTL8367B_VLAN_MEMBER_CONFIGURATION26_CTRL2_METERIDX_MASK		MASK	0x3E0	992	4738
B	RTL8367B_VLAN_MEMBER_CONFIGURATION26_CTRL2_ENVLANPOL_OFFSET		OFFSET_SHIFT	4	4	4739
B	RTL8367B_VLAN_MEMBER_CONFIGURATION26_CTRL2_ENVLANPOL_MASK		MASK	0x10	16	4740
B	RTL8367B_VLAN_MEMBER_CONFIGURATION26_CTRL2_VBPRI_OFFSET		OFFSET_SHIFT	1	1	4741
B	RTL8367B_VLAN_MEMBER_CONFIGURATION26_CTRL2_VBPRI_MASK		MASK	0xE	14	4742
B	RTL8367B_VLAN_MEMBER_CONFIGURATION26_CTRL2_VBPEN_OFFSET		OFFSET_SHIFT	0	0	4743
B	RTL8367B_VLAN_MEMBER_CONFIGURATION26_CTRL2_VBPEN_MASK		MASK	0x1	1	4744
B	RTL8367B_REG_VLAN_MEMBER_CONFIGURATION26_CTRL3		REGISTER	0x0793	1939	4746
B	RTL8367B_VLAN_MEMBER_CONFIGURATION26_CTRL3_OFFSET		OFFSET_SHIFT	0	0	4747
B	RTL8367B_VLAN_MEMBER_CONFIGURATION26_CTRL3_MASK		MASK	0x1FFF	8191	4748
B	RTL8367B_REG_VLAN_MEMBER_CONFIGURATION27_CTRL0		REGISTER	0x0794	1940	4750
B	RTL8367B_VLAN_MEMBER_CONFIGURATION27_CTRL0_OFFSET		OFFSET_SHIFT	0	0	4751
B	RTL8367B_VLAN_MEMBER_CONFIGURATION27_CTRL0_MASK		MASK	0xFF	255	4752
B	RTL8367B_REG_VLAN_MEMBER_CONFIGURATION27_CTRL1		REGISTER	0x0795	1941	4754
B	RTL8367B_VLAN_MEMBER_CONFIGURATION27_CTRL1_OFFSET		OFFSET_SHIFT	0	0	4755
B	RTL8367B_VLAN_MEMBER_CONFIGURATION27_CTRL1_MASK		MASK	0xF	15	4756
B	RTL8367B_REG_VLAN_MEMBER_CONFIGURATION27_CTRL2		REGISTER	0x0796	1942	4758
B	RTL8367B_VLAN_MEMBER_CONFIGURATION27_CTRL2_METERIDX_OFFSET		OFFSET_SHIFT	5	5	4759
B	RTL8367B_VLAN_MEMBER_CONFIGURATION27_CTRL2_METERIDX_MASK		MASK	0x3E0	992	4760
B	RTL8367B_VLAN_MEMBER_CONFIGURATION27_CTRL2_ENVLANPOL_OFFSET		OFFSET_SHIFT	4	4	4761
B	RTL8367B_VLAN_MEMBER_CONFIGURATION27_CTRL2_ENVLANPOL_MASK		MASK	0x10	16	4762
B	RTL8367B_VLAN_MEMBER_CONFIGURATION27_CTRL2_VBPRI_OFFSET		OFFSET_SHIFT	1	1	4763
B	RTL8367B_VLAN_MEMBER_CONFIGURATION27_CTRL2_VBPRI_MASK		MASK	0xE	14	4764
B	RTL8367B_VLAN_MEMBER_CONFIGURATION27_CTRL2_VBPEN_OFFSET		OFFSET_SHIFT	0	0	4765
B	RTL8367B_VLAN_MEMBER_CONFIGURATION27_CTRL2_VBPEN_MASK		MASK	0x1	1	4766
B	RTL8367B_REG_VLAN_MEMBER_CONFIGURATION27_CTRL3		REGISTER	0x0797	1943	4768
B	RTL8367B_VLAN_MEMBER_CONFIGURATION27_CTRL3_OFFSET		OFFSET_SHIFT	0	0	4769
B	RTL8367B_VLAN_MEMBER_CONFIGURATION27_CTRL3_MASK		MASK	0x1FFF	8191	4770
B	RTL8367B_REG_VLAN_MEMBER_CONFIGURATION28_CTRL0		REGISTER	0x0798	1944	4772
B	RTL8367B_VLAN_MEMBER_CONFIGURATION28_CTRL0_OFFSET		OFFSET_SHIFT	0	0	4773
B	RTL8367B_VLAN_MEMBER_CONFIGURATION28_CTRL0_MASK		MASK	0xFF	255	4774
B	RTL8367B_REG_VLAN_MEMBER_CONFIGURATION28_CTRL1		REGISTER	0x0799	1945	4776
B	RTL8367B_VLAN_MEMBER_CONFIGURATION28_CTRL1_OFFSET		OFFSET_SHIFT	0	0	4777
B	RTL8367B_VLAN_MEMBER_CONFIGURATION28_CTRL1_MASK		MASK	0xF	15	4778
B	RTL8367B_REG_VLAN_MEMBER_CONFIGURATION28_CTRL2		REGISTER	0x079a	1946	4780
B	RTL8367B_VLAN_MEMBER_CONFIGURATION28_CTRL2_METERIDX_OFFSET		OFFSET_SHIFT	5	5	4781
B	RTL8367B_VLAN_MEMBER_CONFIGURATION28_CTRL2_METERIDX_MASK		MASK	0x3E0	992	4782
B	RTL8367B_VLAN_MEMBER_CONFIGURATION28_CTRL2_ENVLANPOL_OFFSET		OFFSET_SHIFT	4	4	4783
B	RTL8367B_VLAN_MEMBER_CONFIGURATION28_CTRL2_ENVLANPOL_MASK		MASK	0x10	16	4784
B	RTL8367B_VLAN_MEMBER_CONFIGURATION28_CTRL2_VBPRI_OFFSET		OFFSET_SHIFT	1	1	4785
B	RTL8367B_VLAN_MEMBER_CONFIGURATION28_CTRL2_VBPRI_MASK		MASK	0xE	14	4786
B	RTL8367B_VLAN_MEMBER_CONFIGURATION28_CTRL2_VBPEN_OFFSET		OFFSET_SHIFT	0	0	4787
B	RTL8367B_VLAN_MEMBER_CONFIGURATION28_CTRL2_VBPEN_MASK		MASK	0x1	1	4788
B	RTL8367B_REG_VLAN_MEMBER_CONFIGURATION28_CTRL3		REGISTER	0x079b	1947	4790
B	RTL8367B_VLAN_MEMBER_CONFIGURATION28_CTRL3_OFFSET		OFFSET_SHIFT	0	0	4791
B	RTL8367B_VLAN_MEMBER_CONFIGURATION28_CTRL3_MASK		MASK	0x1FFF	8191	4792
B	RTL8367B_REG_VLAN_MEMBER_CONFIGURATION29_CTRL0		REGISTER	0x079c	1948	4794
B	RTL8367B_VLAN_MEMBER_CONFIGURATION29_CTRL0_OFFSET		OFFSET_SHIFT	0	0	4795
B	RTL8367B_VLAN_MEMBER_CONFIGURATION29_CTRL0_MASK		MASK	0xFF	255	4796
B	RTL8367B_REG_VLAN_MEMBER_CONFIGURATION29_CTRL1		REGISTER	0x079d	1949	4798
B	RTL8367B_VLAN_MEMBER_CONFIGURATION29_CTRL1_OFFSET		OFFSET_SHIFT	0	0	4799
B	RTL8367B_VLAN_MEMBER_CONFIGURATION29_CTRL1_MASK		MASK	0xF	15	4800
B	RTL8367B_REG_VLAN_MEMBER_CONFIGURATION29_CTRL2		REGISTER	0x079e	1950	4802
B	RTL8367B_VLAN_MEMBER_CONFIGURATION29_CTRL2_METERIDX_OFFSET		OFFSET_SHIFT	5	5	4803
B	RTL8367B_VLAN_MEMBER_CONFIGURATION29_CTRL2_METERIDX_MASK		MASK	0x3E0	992	4804
B	RTL8367B_VLAN_MEMBER_CONFIGURATION29_CTRL2_ENVLANPOL_OFFSET		OFFSET_SHIFT	4	4	4805
B	RTL8367B_VLAN_MEMBER_CONFIGURATION29_CTRL2_ENVLANPOL_MASK		MASK	0x10	16	4806
B	RTL8367B_VLAN_MEMBER_CONFIGURATION29_CTRL2_VBPRI_OFFSET		OFFSET_SHIFT	1	1	4807
B	RTL8367B_VLAN_MEMBER_CONFIGURATION29_CTRL2_VBPRI_MASK		MASK	0xE	14	4808
B	RTL8367B_VLAN_MEMBER_CONFIGURATION29_CTRL2_VBPEN_OFFSET		OFFSET_SHIFT	0	0	4809
B	RTL8367B_VLAN_MEMBER_CONFIGURATION29_CTRL2_VBPEN_MASK		MASK	0x1	1	4810
B	RTL8367B_REG_VLAN_MEMBER_CONFIGURATION29_CTRL3		REGISTER	0x079f	1951	4812
B	RTL8367B_VLAN_MEMBER_CONFIGURATION29_CTRL3_OFFSET		OFFSET_SHIFT	0	0	4813
B	RTL8367B_VLAN_MEMBER_CONFIGURATION29_CTRL3_MASK		MASK	0x1FFF	8191	4814
B	RTL8367B_REG_VLAN_MEMBER_CONFIGURATION30_CTRL0		REGISTER	0x07a0	1952	4816
B	RTL8367B_VLAN_MEMBER_CONFIGURATION30_CTRL0_OFFSET		OFFSET_SHIFT	0	0	4817
B	RTL8367B_VLAN_MEMBER_CONFIGURATION30_CTRL0_MASK		MASK	0xFF	255	4818
B	RTL8367B_REG_VLAN_MEMBER_CONFIGURATION30_CTRL1		REGISTER	0x07a1	1953	4820
B	RTL8367B_VLAN_MEMBER_CONFIGURATION30_CTRL1_OFFSET		OFFSET_SHIFT	0	0	4821
B	RTL8367B_VLAN_MEMBER_CONFIGURATION30_CTRL1_MASK		MASK	0xF	15	4822
B	RTL8367B_REG_VLAN_MEMBER_CONFIGURATION30_CTRL2		REGISTER	0x07a2	1954	4824
B	RTL8367B_VLAN_MEMBER_CONFIGURATION30_CTRL2_METERIDX_OFFSET		OFFSET_SHIFT	5	5	4825
B	RTL8367B_VLAN_MEMBER_CONFIGURATION30_CTRL2_METERIDX_MASK		MASK	0x3E0	992	4826
B	RTL8367B_VLAN_MEMBER_CONFIGURATION30_CTRL2_ENVLANPOL_OFFSET		OFFSET_SHIFT	4	4	4827
B	RTL8367B_VLAN_MEMBER_CONFIGURATION30_CTRL2_ENVLANPOL_MASK		MASK	0x10	16	4828
B	RTL8367B_VLAN_MEMBER_CONFIGURATION30_CTRL2_VBPRI_OFFSET		OFFSET_SHIFT	1	1	4829
B	RTL8367B_VLAN_MEMBER_CONFIGURATION30_CTRL2_VBPRI_MASK		MASK	0xE	14	4830
B	RTL8367B_VLAN_MEMBER_CONFIGURATION30_CTRL2_VBPEN_OFFSET		OFFSET_SHIFT	0	0	4831
B	RTL8367B_VLAN_MEMBER_CONFIGURATION30_CTRL2_VBPEN_MASK		MASK	0x1	1	4832
B	RTL8367B_REG_VLAN_MEMBER_CONFIGURATION30_CTRL3		REGISTER	0x07a3	1955	4834
B	RTL8367B_VLAN_MEMBER_CONFIGURATION30_CTRL3_OFFSET		OFFSET_SHIFT	0	0	4835
B	RTL8367B_VLAN_MEMBER_CONFIGURATION30_CTRL3_MASK		MASK	0x1FFF	8191	4836
B	RTL8367B_REG_VLAN_MEMBER_CONFIGURATION31_CTRL0		REGISTER	0x07a4	1956	4838
B	RTL8367B_VLAN_MEMBER_CONFIGURATION31_CTRL0_OFFSET		OFFSET_SHIFT	0	0	4839
B	RTL8367B_VLAN_MEMBER_CONFIGURATION31_CTRL0_MASK		MASK	0xFF	255	4840
B	RTL8367B_REG_VLAN_MEMBER_CONFIGURATION31_CTRL1		REGISTER	0x07a5	1957	4842
B	RTL8367B_VLAN_MEMBER_CONFIGURATION31_CTRL1_OFFSET		OFFSET_SHIFT	0	0	4843
B	RTL8367B_VLAN_MEMBER_CONFIGURATION31_CTRL1_MASK		MASK	0xF	15	4844
B	RTL8367B_REG_VLAN_MEMBER_CONFIGURATION31_CTRL2		REGISTER	0x07a6	1958	4846
B	RTL8367B_VLAN_MEMBER_CONFIGURATION31_CTRL2_METERIDX_OFFSET		OFFSET_SHIFT	5	5	4847
B	RTL8367B_VLAN_MEMBER_CONFIGURATION31_CTRL2_METERIDX_MASK		MASK	0x3E0	992	4848
B	RTL8367B_VLAN_MEMBER_CONFIGURATION31_CTRL2_ENVLANPOL_OFFSET		OFFSET_SHIFT	4	4	4849
B	RTL8367B_VLAN_MEMBER_CONFIGURATION31_CTRL2_ENVLANPOL_MASK		MASK	0x10	16	4850
B	RTL8367B_VLAN_MEMBER_CONFIGURATION31_CTRL2_VBPRI_OFFSET		OFFSET_SHIFT	1	1	4851
B	RTL8367B_VLAN_MEMBER_CONFIGURATION31_CTRL2_VBPRI_MASK		MASK	0xE	14	4852
B	RTL8367B_VLAN_MEMBER_CONFIGURATION31_CTRL2_VBPEN_OFFSET		OFFSET_SHIFT	0	0	4853
B	RTL8367B_VLAN_MEMBER_CONFIGURATION31_CTRL2_VBPEN_MASK		MASK	0x1	1	4854
B	RTL8367B_REG_VLAN_MEMBER_CONFIGURATION31_CTRL3		REGISTER	0x07a7	1959	4856
B	RTL8367B_VLAN_MEMBER_CONFIGURATION31_CTRL3_OFFSET		OFFSET_SHIFT	0	0	4857
B	RTL8367B_VLAN_MEMBER_CONFIGURATION31_CTRL3_MASK		MASK	0x1FFF	8191	4858
B	RTL8367B_REG_VLAN_CTRL		REGISTER	0x07a8	1960	4860
B	RTL8367B_VLAN_CTRL_OFFSET		OFFSET_SHIFT	0	0	4861
B	RTL8367B_VLAN_CTRL_MASK		MASK	0x1	1	4862
B	RTL8367B_REG_VLAN_INGRESS		REGISTER	0x07a9	1961	4864
B	RTL8367B_VLAN_INGRESS_OFFSET		OFFSET_SHIFT	0	0	4865
B	RTL8367B_VLAN_INGRESS_MASK		MASK	0xFF	255	4866
B	RTL8367B_REG_VLAN_ACCEPT_FRAME_TYPE_CTRL0		REGISTER	0x07aa	1962	4868
B	RTL8367B_PORT7_FRAME_TYPE_OFFSET		OFFSET_SHIFT	14	14	4869
B	RTL8367B_PORT7_FRAME_TYPE_MASK		MASK	0xC000	49152	4870
B	RTL8367B_PORT6_FRAME_TYPE_OFFSET		OFFSET_SHIFT	12	12	4871
B	RTL8367B_PORT6_FRAME_TYPE_MASK		MASK	0x3000	12288	4872
B	RTL8367B_PORT5_FRAME_TYPE_OFFSET		OFFSET_SHIFT	10	10	4873
B	RTL8367B_PORT5_FRAME_TYPE_MASK		MASK	0xC00	3072	4874
B	RTL8367B_PORT4_FRAME_TYPE_OFFSET		OFFSET_SHIFT	8	8	4875
B	RTL8367B_PORT4_FRAME_TYPE_MASK		MASK	0x300	768	4876
B	RTL8367B_PORT3_FRAME_TYPE_OFFSET		OFFSET_SHIFT	6	6	4877
B	RTL8367B_PORT3_FRAME_TYPE_MASK		MASK	0xC0	192	4878
B	RTL8367B_PORT2_FRAME_TYPE_OFFSET		OFFSET_SHIFT	4	4	4879
B	RTL8367B_PORT2_FRAME_TYPE_MASK		MASK	0x30	48	4880
B	RTL8367B_PORT1_FRAME_TYPE_OFFSET		OFFSET_SHIFT	2	2	4881
B	RTL8367B_PORT1_FRAME_TYPE_MASK		MASK	0xC	12	4882
B	RTL8367B_PORT0_FRAME_TYPE_OFFSET		OFFSET_SHIFT	0	0	4883
B	RTL8367B_PORT0_FRAME_TYPE_MASK		MASK	0x3	3	4884
B	RTL8367B_REG_PORT_PBFIDEN		REGISTER	0x07ac	1964	4886
B	RTL8367B_PORT_PBFIDEN_OFFSET		OFFSET_SHIFT	0	0	4887
B	RTL8367B_PORT_PBFIDEN_MASK		MASK	0xFF	255	4888
B	RTL8367B_REG_PORT0_PBFID		REGISTER	0x07ad	1965	4890
B	RTL8367B_PORT0_PBFID_OFFSET		OFFSET_SHIFT	0	0	4891
B	RTL8367B_PORT0_PBFID_MASK		MASK	0xF	15	4892
B	RTL8367B_REG_PORT1_PBFID		REGISTER	0x07ae	1966	4894
B	RTL8367B_PORT1_PBFID_OFFSET		OFFSET_SHIFT	0	0	4895
B	RTL8367B_PORT1_PBFID_MASK		MASK	0xF	15	4896
B	RTL8367B_REG_PORT2_PBFID		REGISTER	0x07af	1967	4898
B	RTL8367B_PORT2_PBFID_OFFSET		OFFSET_SHIFT	0	0	4899
B	RTL8367B_PORT2_PBFID_MASK		MASK	0xF	15	4900
B	RTL8367B_REG_PORT3_PBFID		REGISTER	0x07b0	1968	4902
B	RTL8367B_PORT3_PBFID_OFFSET		OFFSET_SHIFT	0	0	4903
B	RTL8367B_PORT3_PBFID_MASK		MASK	0xF	15	4904
B	RTL8367B_REG_PORT4_PBFID		REGISTER	0x07b1	1969	4906
B	RTL8367B_PORT4_PBFID_OFFSET		OFFSET_SHIFT	0	0	4907
B	RTL8367B_PORT4_PBFID_MASK		MASK	0xF	15	4908
B	RTL8367B_REG_PORT5_PBFID		REGISTER	0x07b2	1970	4910
B	RTL8367B_PORT5_PBFID_OFFSET		OFFSET_SHIFT	0	0	4911
B	RTL8367B_PORT5_PBFID_MASK		MASK	0xF	15	4912
B	RTL8367B_REG_PORT6_PBFID		REGISTER	0x07b3	1971	4914
B	RTL8367B_PORT6_PBFID_OFFSET		OFFSET_SHIFT	0	0	4915
B	RTL8367B_PORT6_PBFID_MASK		MASK	0xF	15	4916
B	RTL8367B_REG_PORT7_PBFID		REGISTER	0x07b4	1972	4918
B	RTL8367B_PORT7_PBFID_OFFSET		OFFSET_SHIFT	0	0	4919
B	RTL8367B_PORT7_PBFID_MASK		MASK	0xF	15	4920
B	RTL8367B_REG_CVLAN_DUMMY00		REGISTER	0x07E0	2016	4922
B	RTL8367B_REG_CVLAN_DUMMY01		REGISTER	0x07E1	2017	4924
B	RTL8367B_REG_CVLAN_DUMMY02		REGISTER	0x07E2	2018	4926
B	RTL8367B_REG_CVLAN_DUMMY03		REGISTER	0x07E3	2019	4928
B	RTL8367B_REG_CVLAN_DUMMY04		REGISTER	0x07E4	2020	4930
B	RTL8367B_REG_CVLAN_DUMMY05		REGISTER	0x07E5	2021	4932
B	RTL8367B_REG_CVLAN_DUMMY06		REGISTER	0x07E6	2022	4934
B	RTL8367B_REG_CVLAN_DUMMY07		REGISTER	0x07E7	2023	4936
B	RTL8367B_REG_CVLAN_DUMMY08		REGISTER	0x07E8	2024	4938
B	RTL8367B_REG_CVLAN_DUMMY09		REGISTER	0x07E9	2025	4940
B	RTL8367B_REG_CVLAN_DUMMY10		REGISTER	0x07EA	2026	4942
B	RTL8367B_REG_CVLAN_DUMMY11		REGISTER	0x07EB	2027	4944
B	RTL8367B_REG_CVLAN_DUMMY12		REGISTER	0x07EC	2028	4946
B	RTL8367B_REG_CVLAN_DUMMY13		REGISTER	0x07ED	2029	4948
B	RTL8367B_REG_CVLAN_DUMMY14		REGISTER	0x07EE	2030	4950
B	RTL8367B_REG_CVLAN_DUMMY15		REGISTER	0x07EF	2031	4952
B	RTL8367B_REG_RMA_CTRL00		REGISTER	0x0800	2048	4956
B	RTL8367B_RMA_CTRL00_OPERATION_OFFSET		OFFSET_SHIFT	7	7	4957
B	RTL8367B_RMA_CTRL00_OPERATION_MASK		MASK	0x180	384	4958
B	RTL8367B_RMA_CTRL00_DISCARD_STORM_FILTER_OFFSET		OFFSET_SHIFT	6	6	4959
B	RTL8367B_RMA_CTRL00_DISCARD_STORM_FILTER_MASK		MASK	0x40	64	4960
B	RTL8367B_TRAP_PRIORITY_OFFSET		OFFSET_SHIFT	3	3	4961
B	RTL8367B_TRAP_PRIORITY_MASK		MASK	0x38	56	4962
B	RTL8367B_RMA_CTRL00_KEEP_FORMAT_OFFSET		OFFSET_SHIFT	2	2	4963
B	RTL8367B_RMA_CTRL00_KEEP_FORMAT_MASK		MASK	0x4	4	4964
B	RTL8367B_RMA_CTRL00_VLAN_LEAKY_OFFSET		OFFSET_SHIFT	1	1	4965
B	RTL8367B_RMA_CTRL00_VLAN_LEAKY_MASK		MASK	0x2	2	4966
B	RTL8367B_RMA_CTRL00_PORTISO_LEAKY_OFFSET		OFFSET_SHIFT	0	0	4967
B	RTL8367B_RMA_CTRL00_PORTISO_LEAKY_MASK		MASK	0x1	1	4968
B	RTL8367B_REG_RMA_CTRL01		REGISTER	0x0801	2049	4970
B	RTL8367B_RMA_CTRL01_OPERATION_OFFSET		OFFSET_SHIFT	7	7	4971
B	RTL8367B_RMA_CTRL01_OPERATION_MASK		MASK	0x180	384	4972
B	RTL8367B_RMA_CTRL01_DISCARD_STORM_FILTER_OFFSET		OFFSET_SHIFT	6	6	4973
B	RTL8367B_RMA_CTRL01_DISCARD_STORM_FILTER_MASK		MASK	0x40	64	4974
B	RTL8367B_RMA_CTRL01_KEEP_FORMAT_OFFSET		OFFSET_SHIFT	2	2	4975
B	RTL8367B_RMA_CTRL01_KEEP_FORMAT_MASK		MASK	0x4	4	4976
B	RTL8367B_RMA_CTRL01_VLAN_LEAKY_OFFSET		OFFSET_SHIFT	1	1	4977
B	RTL8367B_RMA_CTRL01_VLAN_LEAKY_MASK		MASK	0x2	2	4978
B	RTL8367B_RMA_CTRL01_PORTISO_LEAKY_OFFSET		OFFSET_SHIFT	0	0	4979
B	RTL8367B_RMA_CTRL01_PORTISO_LEAKY_MASK		MASK	0x1	1	4980
B	RTL8367B_REG_RMA_CTRL02		REGISTER	0x0802	2050	4982
B	RTL8367B_RMA_CTRL02_OPERATION_OFFSET		OFFSET_SHIFT	7	7	4983
B	RTL8367B_RMA_CTRL02_OPERATION_MASK		MASK	0x180	384	4984
B	RTL8367B_RMA_CTRL02_DISCARD_STORM_FILTER_OFFSET		OFFSET_SHIFT	6	6	4985
B	RTL8367B_RMA_CTRL02_DISCARD_STORM_FILTER_MASK		MASK	0x40	64	4986
B	RTL8367B_RMA_CTRL02_KEEP_FORMAT_OFFSET		OFFSET_SHIFT	2	2	4987
B	RTL8367B_RMA_CTRL02_KEEP_FORMAT_MASK		MASK	0x4	4	4988
B	RTL8367B_RMA_CTRL02_VLAN_LEAKY_OFFSET		OFFSET_SHIFT	1	1	4989
B	RTL8367B_RMA_CTRL02_VLAN_LEAKY_MASK		MASK	0x2	2	4990
B	RTL8367B_RMA_CTRL02_PORTISO_LEAKY_OFFSET		OFFSET_SHIFT	0	0	4991
B	RTL8367B_RMA_CTRL02_PORTISO_LEAKY_MASK		MASK	0x1	1	4992
B	RTL8367B_REG_RMA_CTRL03		REGISTER	0x0803	2051	4994
B	RTL8367B_RMA_CTRL03_OPERATION_OFFSET		OFFSET_SHIFT	7	7	4995
B	RTL8367B_RMA_CTRL03_OPERATION_MASK		MASK	0x180	384	4996
B	RTL8367B_RMA_CTRL03_DISCARD_STORM_FILTER_OFFSET		OFFSET_SHIFT	6	6	4997
B	RTL8367B_RMA_CTRL03_DISCARD_STORM_FILTER_MASK		MASK	0x40	64	4998
B	RTL8367B_RMA_CTRL03_KEEP_FORMAT_OFFSET		OFFSET_SHIFT	2	2	4999
B	RTL8367B_RMA_CTRL03_KEEP_FORMAT_MASK		MASK	0x4	4	5000
B	RTL8367B_RMA_CTRL03_VLAN_LEAKY_OFFSET		OFFSET_SHIFT	1	1	5001
B	RTL8367B_RMA_CTRL03_VLAN_LEAKY_MASK		MASK	0x2	2	5002
B	RTL8367B_RMA_CTRL03_PORTISO_LEAKY_OFFSET		OFFSET_SHIFT	0	0	5003
B	RTL8367B_RMA_CTRL03_PORTISO_LEAKY_MASK		MASK	0x1	1	5004
B	RTL8367B_REG_RMA_CTRL04		REGISTER	0x0804	2052	5006
B	RTL8367B_RMA_CTRL04_OPERATION_OFFSET		OFFSET_SHIFT	7	7	5007
B	RTL8367B_RMA_CTRL04_OPERATION_MASK		MASK	0x180	384	5008
B	RTL8367B_RMA_CTRL04_DISCARD_STORM_FILTER_OFFSET		OFFSET_SHIFT	6	6	5009
B	RTL8367B_RMA_CTRL04_DISCARD_STORM_FILTER_MASK		MASK	0x40	64	5010
B	RTL8367B_RMA_CTRL04_KEEP_FORMAT_OFFSET		OFFSET_SHIFT	2	2	5011
B	RTL8367B_RMA_CTRL04_KEEP_FORMAT_MASK		MASK	0x4	4	5012
B	RTL8367B_RMA_CTRL04_VLAN_LEAKY_OFFSET		OFFSET_SHIFT	1	1	5013
B	RTL8367B_RMA_CTRL04_VLAN_LEAKY_MASK		MASK	0x2	2	5014
B	RTL8367B_RMA_CTRL04_PORTISO_LEAKY_OFFSET		OFFSET_SHIFT	0	0	5015
B	RTL8367B_RMA_CTRL04_PORTISO_LEAKY_MASK		MASK	0x1	1	5016
B	RTL8367B_REG_RMA_CTRL08		REGISTER	0x0808	2056	5018
B	RTL8367B_RMA_CTRL08_OPERATION_OFFSET		OFFSET_SHIFT	7	7	5019
B	RTL8367B_RMA_CTRL08_OPERATION_MASK		MASK	0x180	384	5020
B	RTL8367B_RMA_CTRL08_DISCARD_STORM_FILTER_OFFSET		OFFSET_SHIFT	6	6	5021
B	RTL8367B_RMA_CTRL08_DISCARD_STORM_FILTER_MASK		MASK	0x40	64	5022
B	RTL8367B_RMA_CTRL08_KEEP_FORMAT_OFFSET		OFFSET_SHIFT	2	2	5023
B	RTL8367B_RMA_CTRL08_KEEP_FORMAT_MASK		MASK	0x4	4	5024
B	RTL8367B_RMA_CTRL08_VLAN_LEAKY_OFFSET		OFFSET_SHIFT	1	1	5025
B	RTL8367B_RMA_CTRL08_VLAN_LEAKY_MASK		MASK	0x2	2	5026
B	RTL8367B_RMA_CTRL08_PORTISO_LEAKY_OFFSET		OFFSET_SHIFT	0	0	5027
B	RTL8367B_RMA_CTRL08_PORTISO_LEAKY_MASK		MASK	0x1	1	5028
B	RTL8367B_REG_RMA_CTRL0D		REGISTER	0x080d	2061	5030
B	RTL8367B_RMA_CTRL0D_OPERATION_OFFSET		OFFSET_SHIFT	7	7	5031
B	RTL8367B_RMA_CTRL0D_OPERATION_MASK		MASK	0x180	384	5032
B	RTL8367B_RMA_CTRL0D_DISCARD_STORM_FILTER_OFFSET		OFFSET_SHIFT	6	6	5033
B	RTL8367B_RMA_CTRL0D_DISCARD_STORM_FILTER_MASK		MASK	0x40	64	5034
B	RTL8367B_RMA_CTRL0D_KEEP_FORMAT_OFFSET		OFFSET_SHIFT	2	2	5035
B	RTL8367B_RMA_CTRL0D_KEEP_FORMAT_MASK		MASK	0x4	4	5036
B	RTL8367B_RMA_CTRL0D_VLAN_LEAKY_OFFSET		OFFSET_SHIFT	1	1	5037
B	RTL8367B_RMA_CTRL0D_VLAN_LEAKY_MASK		MASK	0x2	2	5038
B	RTL8367B_RMA_CTRL0D_PORTISO_LEAKY_OFFSET		OFFSET_SHIFT	0	0	5039
B	RTL8367B_RMA_CTRL0D_PORTISO_LEAKY_MASK		MASK	0x1	1	5040
B	RTL8367B_REG_RMA_CTRL0E		REGISTER	0x080e	2062	5042
B	RTL8367B_RMA_CTRL0E_OPERATION_OFFSET		OFFSET_SHIFT	7	7	5043
B	RTL8367B_RMA_CTRL0E_OPERATION_MASK		MASK	0x180	384	5044
B	RTL8367B_RMA_CTRL0E_DISCARD_STORM_FILTER_OFFSET		OFFSET_SHIFT	6	6	5045
B	RTL8367B_RMA_CTRL0E_DISCARD_STORM_FILTER_MASK		MASK	0x40	64	5046
B	RTL8367B_RMA_CTRL0E_KEEP_FORMAT_OFFSET		OFFSET_SHIFT	2	2	5047
B	RTL8367B_RMA_CTRL0E_KEEP_FORMAT_MASK		MASK	0x4	4	5048
B	RTL8367B_RMA_CTRL0E_VLAN_LEAKY_OFFSET		OFFSET_SHIFT	1	1	5049
B	RTL8367B_RMA_CTRL0E_VLAN_LEAKY_MASK		MASK	0x2	2	5050
B	RTL8367B_RMA_CTRL0E_PORTISO_LEAKY_OFFSET		OFFSET_SHIFT	0	0	5051
B	RTL8367B_RMA_CTRL0E_PORTISO_LEAKY_MASK		MASK	0x1	1	5052
B	RTL8367B_REG_RMA_CTRL10		REGISTER	0x0810	2064	5054
B	RTL8367B_RMA_CTRL10_OPERATION_OFFSET		OFFSET_SHIFT	7	7	5055
B	RTL8367B_RMA_CTRL10_OPERATION_MASK		MASK	0x180	384	5056
B	RTL8367B_RMA_CTRL10_DISCARD_STORM_FILTER_OFFSET		OFFSET_SHIFT	6	6	5057
B	RTL8367B_RMA_CTRL10_DISCARD_STORM_FILTER_MASK		MASK	0x40	64	5058
B	RTL8367B_RMA_CTRL10_KEEP_FORMAT_OFFSET		OFFSET_SHIFT	2	2	5059
B	RTL8367B_RMA_CTRL10_KEEP_FORMAT_MASK		MASK	0x4	4	5060
B	RTL8367B_RMA_CTRL10_VLAN_LEAKY_OFFSET		OFFSET_SHIFT	1	1	5061
B	RTL8367B_RMA_CTRL10_VLAN_LEAKY_MASK		MASK	0x2	2	5062
B	RTL8367B_RMA_CTRL10_PORTISO_LEAKY_OFFSET		OFFSET_SHIFT	0	0	5063
B	RTL8367B_RMA_CTRL10_PORTISO_LEAKY_MASK		MASK	0x1	1	5064
B	RTL8367B_REG_RMA_CTRL11		REGISTER	0x0811	2065	5066
B	RTL8367B_RMA_CTRL11_OPERATION_OFFSET		OFFSET_SHIFT	7	7	5067
B	RTL8367B_RMA_CTRL11_OPERATION_MASK		MASK	0x180	384	5068
B	RTL8367B_RMA_CTRL11_DISCARD_STORM_FILTER_OFFSET		OFFSET_SHIFT	6	6	5069
B	RTL8367B_RMA_CTRL11_DISCARD_STORM_FILTER_MASK		MASK	0x40	64	5070
B	RTL8367B_RMA_CTRL11_KEEP_FORMAT_OFFSET		OFFSET_SHIFT	2	2	5071
B	RTL8367B_RMA_CTRL11_KEEP_FORMAT_MASK		MASK	0x4	4	5072
B	RTL8367B_RMA_CTRL11_VLAN_LEAKY_OFFSET		OFFSET_SHIFT	1	1	5073
B	RTL8367B_RMA_CTRL11_VLAN_LEAKY_MASK		MASK	0x2	2	5074
B	RTL8367B_RMA_CTRL11_PORTISO_LEAKY_OFFSET		OFFSET_SHIFT	0	0	5075
B	RTL8367B_RMA_CTRL11_PORTISO_LEAKY_MASK		MASK	0x1	1	5076
B	RTL8367B_REG_RMA_CTRL12		REGISTER	0x0812	2066	5078
B	RTL8367B_RMA_CTRL12_OPERATION_OFFSET		OFFSET_SHIFT	7	7	5079
B	RTL8367B_RMA_CTRL12_OPERATION_MASK		MASK	0x180	384	5080
B	RTL8367B_RMA_CTRL12_DISCARD_STORM_FILTER_OFFSET		OFFSET_SHIFT	6	6	5081
B	RTL8367B_RMA_CTRL12_DISCARD_STORM_FILTER_MASK		MASK	0x40	64	5082
B	RTL8367B_RMA_CTRL12_KEEP_FORMAT_OFFSET		OFFSET_SHIFT	2	2	5083
B	RTL8367B_RMA_CTRL12_KEEP_FORMAT_MASK		MASK	0x4	4	5084
B	RTL8367B_RMA_CTRL12_VLAN_LEAKY_OFFSET		OFFSET_SHIFT	1	1	5085
B	RTL8367B_RMA_CTRL12_VLAN_LEAKY_MASK		MASK	0x2	2	5086
B	RTL8367B_RMA_CTRL12_PORTISO_LEAKY_OFFSET		OFFSET_SHIFT	0	0	5087
B	RTL8367B_RMA_CTRL12_PORTISO_LEAKY_MASK		MASK	0x1	1	5088
B	RTL8367B_REG_RMA_CTRL13		REGISTER	0x0813	2067	5090
B	RTL8367B_RMA_CTRL13_OPERATION_OFFSET		OFFSET_SHIFT	7	7	5091
B	RTL8367B_RMA_CTRL13_OPERATION_MASK		MASK	0x180	384	5092
B	RTL8367B_RMA_CTRL13_DISCARD_STORM_FILTER_OFFSET		OFFSET_SHIFT	6	6	5093
B	RTL8367B_RMA_CTRL13_DISCARD_STORM_FILTER_MASK		MASK	0x40	64	5094
B	RTL8367B_RMA_CTRL13_KEEP_FORMAT_OFFSET		OFFSET_SHIFT	2	2	5095
B	RTL8367B_RMA_CTRL13_KEEP_FORMAT_MASK		MASK	0x4	4	5096
B	RTL8367B_RMA_CTRL13_VLAN_LEAKY_OFFSET		OFFSET_SHIFT	1	1	5097
B	RTL8367B_RMA_CTRL13_VLAN_LEAKY_MASK		MASK	0x2	2	5098
B	RTL8367B_RMA_CTRL13_PORTISO_LEAKY_OFFSET		OFFSET_SHIFT	0	0	5099
B	RTL8367B_RMA_CTRL13_PORTISO_LEAKY_MASK		MASK	0x1	1	5100
B	RTL8367B_REG_RMA_CTRL18		REGISTER	0x0818	2072	5102
B	RTL8367B_RMA_CTRL18_OPERATION_OFFSET		OFFSET_SHIFT	7	7	5103
B	RTL8367B_RMA_CTRL18_OPERATION_MASK		MASK	0x180	384	5104
B	RTL8367B_RMA_CTRL18_DISCARD_STORM_FILTER_OFFSET		OFFSET_SHIFT	6	6	5105
B	RTL8367B_RMA_CTRL18_DISCARD_STORM_FILTER_MASK		MASK	0x40	64	5106
B	RTL8367B_RMA_CTRL18_KEEP_FORMAT_OFFSET		OFFSET_SHIFT	2	2	5107
B	RTL8367B_RMA_CTRL18_KEEP_FORMAT_MASK		MASK	0x4	4	5108
B	RTL8367B_RMA_CTRL18_VLAN_LEAKY_OFFSET		OFFSET_SHIFT	1	1	5109
B	RTL8367B_RMA_CTRL18_VLAN_LEAKY_MASK		MASK	0x2	2	5110
B	RTL8367B_RMA_CTRL18_PORTISO_LEAKY_OFFSET		OFFSET_SHIFT	0	0	5111
B	RTL8367B_RMA_CTRL18_PORTISO_LEAKY_MASK		MASK	0x1	1	5112
B	RTL8367B_REG_RMA_CTRL1A		REGISTER	0x081a	2074	5114
B	RTL8367B_RMA_CTRL1A_OPERATION_OFFSET		OFFSET_SHIFT	7	7	5115
B	RTL8367B_RMA_CTRL1A_OPERATION_MASK		MASK	0x180	384	5116
B	RTL8367B_RMA_CTRL1A_DISCARD_STORM_FILTER_OFFSET		OFFSET_SHIFT	6	6	5117
B	RTL8367B_RMA_CTRL1A_DISCARD_STORM_FILTER_MASK		MASK	0x40	64	5118
B	RTL8367B_RMA_CTRL1A_KEEP_FORMAT_OFFSET		OFFSET_SHIFT	2	2	5119
B	RTL8367B_RMA_CTRL1A_KEEP_FORMAT_MASK		MASK	0x4	4	5120
B	RTL8367B_RMA_CTRL1A_VLAN_LEAKY_OFFSET		OFFSET_SHIFT	1	1	5121
B	RTL8367B_RMA_CTRL1A_VLAN_LEAKY_MASK		MASK	0x2	2	5122
B	RTL8367B_RMA_CTRL1A_PORTISO_LEAKY_OFFSET		OFFSET_SHIFT	0	0	5123
B	RTL8367B_RMA_CTRL1A_PORTISO_LEAKY_MASK		MASK	0x1	1	5124
B	RTL8367B_REG_RMA_CTRL20		REGISTER	0x0820	2080	5126
B	RTL8367B_RMA_CTRL20_OPERATION_OFFSET		OFFSET_SHIFT	7	7	5127
B	RTL8367B_RMA_CTRL20_OPERATION_MASK		MASK	0x180	384	5128
B	RTL8367B_RMA_CTRL20_DISCARD_STORM_FILTER_OFFSET		OFFSET_SHIFT	6	6	5129
B	RTL8367B_RMA_CTRL20_DISCARD_STORM_FILTER_MASK		MASK	0x40	64	5130
B	RTL8367B_RMA_CTRL20_KEEP_FORMAT_OFFSET		OFFSET_SHIFT	2	2	5131
B	RTL8367B_RMA_CTRL20_KEEP_FORMAT_MASK		MASK	0x4	4	5132
B	RTL8367B_RMA_CTRL20_VLAN_LEAKY_OFFSET		OFFSET_SHIFT	1	1	5133
B	RTL8367B_RMA_CTRL20_VLAN_LEAKY_MASK		MASK	0x2	2	5134
B	RTL8367B_RMA_CTRL20_PORTISO_LEAKY_OFFSET		OFFSET_SHIFT	0	0	5135
B	RTL8367B_RMA_CTRL20_PORTISO_LEAKY_MASK		MASK	0x1	1	5136
B	RTL8367B_REG_RMA_CTRL21		REGISTER	0x0821	2081	5138
B	RTL8367B_RMA_CTRL21_OPERATION_OFFSET		OFFSET_SHIFT	7	7	5139
B	RTL8367B_RMA_CTRL21_OPERATION_MASK		MASK	0x180	384	5140
B	RTL8367B_RMA_CTRL21_DISCARD_STORM_FILTER_OFFSET		OFFSET_SHIFT	6	6	5141
B	RTL8367B_RMA_CTRL21_DISCARD_STORM_FILTER_MASK		MASK	0x40	64	5142
B	RTL8367B_RMA_CTRL21_KEEP_FORMAT_OFFSET		OFFSET_SHIFT	2	2	5143
B	RTL8367B_RMA_CTRL21_KEEP_FORMAT_MASK		MASK	0x4	4	5144
B	RTL8367B_RMA_CTRL21_VLAN_LEAKY_OFFSET		OFFSET_SHIFT	1	1	5145
B	RTL8367B_RMA_CTRL21_VLAN_LEAKY_MASK		MASK	0x2	2	5146
B	RTL8367B_RMA_CTRL21_PORTISO_LEAKY_OFFSET		OFFSET_SHIFT	0	0	5147
B	RTL8367B_RMA_CTRL21_PORTISO_LEAKY_MASK		MASK	0x1	1	5148
B	RTL8367B_REG_RMA_CTRL22		REGISTER	0x0822	2082	5150
B	RTL8367B_RMA_CTRL22_OPERATION_OFFSET		OFFSET_SHIFT	7	7	5151
B	RTL8367B_RMA_CTRL22_OPERATION_MASK		MASK	0x180	384	5152
B	RTL8367B_RMA_CTRL22_DISCARD_STORM_FILTER_OFFSET		OFFSET_SHIFT	6	6	5153
B	RTL8367B_RMA_CTRL22_DISCARD_STORM_FILTER_MASK		MASK	0x40	64	5154
B	RTL8367B_RMA_CTRL22_KEEP_FORMAT_OFFSET		OFFSET_SHIFT	2	2	5155
B	RTL8367B_RMA_CTRL22_KEEP_FORMAT_MASK		MASK	0x4	4	5156
B	RTL8367B_RMA_CTRL22_VLAN_LEAKY_OFFSET		OFFSET_SHIFT	1	1	5157
B	RTL8367B_RMA_CTRL22_VLAN_LEAKY_MASK		MASK	0x2	2	5158
B	RTL8367B_RMA_CTRL22_PORTISO_LEAKY_OFFSET		OFFSET_SHIFT	0	0	5159
B	RTL8367B_RMA_CTRL22_PORTISO_LEAKY_MASK		MASK	0x1	1	5160
B	RTL8367B_REG_VLAN_PORTBASED_PRIORITY_CTRL0		REGISTER	0x0851	2129	5162
B	RTL8367B_VLAN_PORTBASED_PRIORITY_CTRL0_PORT3_PRIORITY_OFFSET		OFFSET_SHIFT	12	12	5163
B	RTL8367B_VLAN_PORTBASED_PRIORITY_CTRL0_PORT3_PRIORITY_MASK		MASK	0x7000	28672	5164
B	RTL8367B_VLAN_PORTBASED_PRIORITY_CTRL0_PORT2_PRIORITY_OFFSET		OFFSET_SHIFT	8	8	5165
B	RTL8367B_VLAN_PORTBASED_PRIORITY_CTRL0_PORT2_PRIORITY_MASK		MASK	0x700	1792	5166
B	RTL8367B_VLAN_PORTBASED_PRIORITY_CTRL0_PORT1_PRIORITY_OFFSET		OFFSET_SHIFT	4	4	5167
B	RTL8367B_VLAN_PORTBASED_PRIORITY_CTRL0_PORT1_PRIORITY_MASK		MASK	0x70	112	5168
B	RTL8367B_VLAN_PORTBASED_PRIORITY_CTRL0_PORT0_PRIORITY_OFFSET		OFFSET_SHIFT	0	0	5169
B	RTL8367B_VLAN_PORTBASED_PRIORITY_CTRL0_PORT0_PRIORITY_MASK		MASK	0x7	7	5170
B	RTL8367B_REG_VLAN_PORTBASED_PRIORITY_CTRL1		REGISTER	0x0852	2130	5172
B	RTL8367B_VLAN_PORTBASED_PRIORITY_CTRL1_PORT7_PRIORITY_OFFSET		OFFSET_SHIFT	12	12	5173
B	RTL8367B_VLAN_PORTBASED_PRIORITY_CTRL1_PORT7_PRIORITY_MASK		MASK	0x7000	28672	5174
B	RTL8367B_VLAN_PORTBASED_PRIORITY_CTRL1_PORT6_PRIORITY_OFFSET		OFFSET_SHIFT	8	8	5175
B	RTL8367B_VLAN_PORTBASED_PRIORITY_CTRL1_PORT6_PRIORITY_MASK		MASK	0x700	1792	5176
B	RTL8367B_VLAN_PORTBASED_PRIORITY_CTRL1_PORT5_PRIORITY_OFFSET		OFFSET_SHIFT	4	4	5177
B	RTL8367B_VLAN_PORTBASED_PRIORITY_CTRL1_PORT5_PRIORITY_MASK		MASK	0x70	112	5178
B	RTL8367B_VLAN_PORTBASED_PRIORITY_CTRL1_PORT4_PRIORITY_OFFSET		OFFSET_SHIFT	0	0	5179
B	RTL8367B_VLAN_PORTBASED_PRIORITY_CTRL1_PORT4_PRIORITY_MASK		MASK	0x7	7	5180
B	RTL8367B_REG_VLAN_PPB_PRIORITY_ITEM0_CTRL0		REGISTER	0x0855	2133	5182
B	RTL8367B_VLAN_PPB_PRIORITY_ITEM0_CTRL0_PORT3_PRIORITY_OFFSET		OFFSET_SHIFT	12	12	5183
B	RTL8367B_VLAN_PPB_PRIORITY_ITEM0_CTRL0_PORT3_PRIORITY_MASK		MASK	0x7000	28672	5184
B	RTL8367B_VLAN_PPB_PRIORITY_ITEM0_CTRL0_PORT2_PRIORITY_OFFSET		OFFSET_SHIFT	8	8	5185
B	RTL8367B_VLAN_PPB_PRIORITY_ITEM0_CTRL0_PORT2_PRIORITY_MASK		MASK	0x700	1792	5186
B	RTL8367B_VLAN_PPB_PRIORITY_ITEM0_CTRL0_PORT1_PRIORITY_OFFSET		OFFSET_SHIFT	4	4	5187
B	RTL8367B_VLAN_PPB_PRIORITY_ITEM0_CTRL0_PORT1_PRIORITY_MASK		MASK	0x70	112	5188
B	RTL8367B_VLAN_PPB_PRIORITY_ITEM0_CTRL0_PORT0_PRIORITY_OFFSET		OFFSET_SHIFT	0	0	5189
B	RTL8367B_VLAN_PPB_PRIORITY_ITEM0_CTRL0_PORT0_PRIORITY_MASK		MASK	0x7	7	5190
B	RTL8367B_REG_VLAN_PPB_PRIORITY_ITEM0_CTRL1		REGISTER	0x0856	2134	5192
B	RTL8367B_VLAN_PPB_PRIORITY_ITEM0_CTRL1_PORT7_PRIORITY_OFFSET		OFFSET_SHIFT	12	12	5193
B	RTL8367B_VLAN_PPB_PRIORITY_ITEM0_CTRL1_PORT7_PRIORITY_MASK		MASK	0x7000	28672	5194
B	RTL8367B_VLAN_PPB_PRIORITY_ITEM0_CTRL1_PORT6_PRIORITY_OFFSET		OFFSET_SHIFT	8	8	5195
B	RTL8367B_VLAN_PPB_PRIORITY_ITEM0_CTRL1_PORT6_PRIORITY_MASK		MASK	0x700	1792	5196
B	RTL8367B_VLAN_PPB_PRIORITY_ITEM0_CTRL1_PORT5_PRIORITY_OFFSET		OFFSET_SHIFT	4	4	5197
B	RTL8367B_VLAN_PPB_PRIORITY_ITEM0_CTRL1_PORT5_PRIORITY_MASK		MASK	0x70	112	5198
B	RTL8367B_VLAN_PPB_PRIORITY_ITEM0_CTRL1_PORT4_PRIORITY_OFFSET		OFFSET_SHIFT	0	0	5199
B	RTL8367B_VLAN_PPB_PRIORITY_ITEM0_CTRL1_PORT4_PRIORITY_MASK		MASK	0x7	7	5200
B	RTL8367B_REG_VLAN_PPB_PRIORITY_ITEM1_CTRL0		REGISTER	0x0859	2137	5202
B	RTL8367B_VLAN_PPB_PRIORITY_ITEM1_CTRL0_PORT3_PRIORITY_OFFSET		OFFSET_SHIFT	12	12	5203
B	RTL8367B_VLAN_PPB_PRIORITY_ITEM1_CTRL0_PORT3_PRIORITY_MASK		MASK	0x7000	28672	5204
B	RTL8367B_VLAN_PPB_PRIORITY_ITEM1_CTRL0_PORT2_PRIORITY_OFFSET		OFFSET_SHIFT	8	8	5205
B	RTL8367B_VLAN_PPB_PRIORITY_ITEM1_CTRL0_PORT2_PRIORITY_MASK		MASK	0x700	1792	5206
B	RTL8367B_VLAN_PPB_PRIORITY_ITEM1_CTRL0_PORT1_PRIORITY_OFFSET		OFFSET_SHIFT	4	4	5207
B	RTL8367B_VLAN_PPB_PRIORITY_ITEM1_CTRL0_PORT1_PRIORITY_MASK		MASK	0x70	112	5208
B	RTL8367B_VLAN_PPB_PRIORITY_ITEM1_CTRL0_PORT0_PRIORITY_OFFSET		OFFSET_SHIFT	0	0	5209
B	RTL8367B_VLAN_PPB_PRIORITY_ITEM1_CTRL0_PORT0_PRIORITY_MASK		MASK	0x7	7	5210
B	RTL8367B_REG_VLAN_PPB_PRIORITY_ITEM1_CTRL1		REGISTER	0x085a	2138	5212
B	RTL8367B_VLAN_PPB_PRIORITY_ITEM1_CTRL1_PORT7_PRIORITY_OFFSET		OFFSET_SHIFT	12	12	5213
B	RTL8367B_VLAN_PPB_PRIORITY_ITEM1_CTRL1_PORT7_PRIORITY_MASK		MASK	0x7000	28672	5214
B	RTL8367B_VLAN_PPB_PRIORITY_ITEM1_CTRL1_PORT6_PRIORITY_OFFSET		OFFSET_SHIFT	8	8	5215
B	RTL8367B_VLAN_PPB_PRIORITY_ITEM1_CTRL1_PORT6_PRIORITY_MASK		MASK	0x700	1792	5216
B	RTL8367B_VLAN_PPB_PRIORITY_ITEM1_CTRL1_PORT5_PRIORITY_OFFSET		OFFSET_SHIFT	4	4	5217
B	RTL8367B_VLAN_PPB_PRIORITY_ITEM1_CTRL1_PORT5_PRIORITY_MASK		MASK	0x70	112	5218
B	RTL8367B_VLAN_PPB_PRIORITY_ITEM1_CTRL1_PORT4_PRIORITY_OFFSET		OFFSET_SHIFT	0	0	5219
B	RTL8367B_VLAN_PPB_PRIORITY_ITEM1_CTRL1_PORT4_PRIORITY_MASK		MASK	0x7	7	5220
B	RTL8367B_REG_VLAN_PPB_PRIORITY_ITEM2_CTRL0		REGISTER	0x085d	2141	5222
B	RTL8367B_VLAN_PPB_PRIORITY_ITEM2_CTRL0_PORT3_PRIORITY_OFFSET		OFFSET_SHIFT	12	12	5223
B	RTL8367B_VLAN_PPB_PRIORITY_ITEM2_CTRL0_PORT3_PRIORITY_MASK		MASK	0x7000	28672	5224
B	RTL8367B_VLAN_PPB_PRIORITY_ITEM2_CTRL0_PORT2_PRIORITY_OFFSET		OFFSET_SHIFT	8	8	5225
B	RTL8367B_VLAN_PPB_PRIORITY_ITEM2_CTRL0_PORT2_PRIORITY_MASK		MASK	0x700	1792	5226
B	RTL8367B_VLAN_PPB_PRIORITY_ITEM2_CTRL0_PORT1_PRIORITY_OFFSET		OFFSET_SHIFT	4	4	5227
B	RTL8367B_VLAN_PPB_PRIORITY_ITEM2_CTRL0_PORT1_PRIORITY_MASK		MASK	0x70	112	5228
B	RTL8367B_VLAN_PPB_PRIORITY_ITEM2_CTRL0_PORT0_PRIORITY_OFFSET		OFFSET_SHIFT	0	0	5229
B	RTL8367B_VLAN_PPB_PRIORITY_ITEM2_CTRL0_PORT0_PRIORITY_MASK		MASK	0x7	7	5230
B	RTL8367B_REG_VLAN_PPB_PRIORITY_ITEM2_CTRL1		REGISTER	0x085e	2142	5232
B	RTL8367B_VLAN_PPB_PRIORITY_ITEM2_CTRL1_PORT7_PRIORITY_OFFSET		OFFSET_SHIFT	12	12	5233
B	RTL8367B_VLAN_PPB_PRIORITY_ITEM2_CTRL1_PORT7_PRIORITY_MASK		MASK	0x7000	28672	5234
B	RTL8367B_VLAN_PPB_PRIORITY_ITEM2_CTRL1_PORT6_PRIORITY_OFFSET		OFFSET_SHIFT	8	8	5235
B	RTL8367B_VLAN_PPB_PRIORITY_ITEM2_CTRL1_PORT6_PRIORITY_MASK		MASK	0x700	1792	5236
B	RTL8367B_VLAN_PPB_PRIORITY_ITEM2_CTRL1_PORT5_PRIORITY_OFFSET		OFFSET_SHIFT	4	4	5237
B	RTL8367B_VLAN_PPB_PRIORITY_ITEM2_CTRL1_PORT5_PRIORITY_MASK		MASK	0x70	112	5238
B	RTL8367B_VLAN_PPB_PRIORITY_ITEM2_CTRL1_PORT4_PRIORITY_OFFSET		OFFSET_SHIFT	0	0	5239
B	RTL8367B_VLAN_PPB_PRIORITY_ITEM2_CTRL1_PORT4_PRIORITY_MASK		MASK	0x7	7	5240
B	RTL8367B_REG_VLAN_PPB_PRIORITY_ITEM3_CTRL0		REGISTER	0x0861	2145	5242
B	RTL8367B_VLAN_PPB_PRIORITY_ITEM3_CTRL0_PORT3_PRIORITY_OFFSET		OFFSET_SHIFT	12	12	5243
B	RTL8367B_VLAN_PPB_PRIORITY_ITEM3_CTRL0_PORT3_PRIORITY_MASK		MASK	0x7000	28672	5244
B	RTL8367B_VLAN_PPB_PRIORITY_ITEM3_CTRL0_PORT2_PRIORITY_OFFSET		OFFSET_SHIFT	8	8	5245
B	RTL8367B_VLAN_PPB_PRIORITY_ITEM3_CTRL0_PORT2_PRIORITY_MASK		MASK	0x700	1792	5246
B	RTL8367B_VLAN_PPB_PRIORITY_ITEM3_CTRL0_PORT1_PRIORITY_OFFSET		OFFSET_SHIFT	4	4	5247
B	RTL8367B_VLAN_PPB_PRIORITY_ITEM3_CTRL0_PORT1_PRIORITY_MASK		MASK	0x70	112	5248
B	RTL8367B_VLAN_PPB_PRIORITY_ITEM3_CTRL0_PORT0_PRIORITY_OFFSET		OFFSET_SHIFT	0	0	5249
B	RTL8367B_VLAN_PPB_PRIORITY_ITEM3_CTRL0_PORT0_PRIORITY_MASK		MASK	0x7	7	5250
B	RTL8367B_REG_VLAN_PPB_PRIORITY_ITEM3_CTRL1		REGISTER	0x0862	2146	5252
B	RTL8367B_VLAN_PPB_PRIORITY_ITEM3_CTRL1_PORT7_PRIORITY_OFFSET		OFFSET_SHIFT	12	12	5253
B	RTL8367B_VLAN_PPB_PRIORITY_ITEM3_CTRL1_PORT7_PRIORITY_MASK		MASK	0x7000	28672	5254
B	RTL8367B_VLAN_PPB_PRIORITY_ITEM3_CTRL1_PORT6_PRIORITY_OFFSET		OFFSET_SHIFT	8	8	5255
B	RTL8367B_VLAN_PPB_PRIORITY_ITEM3_CTRL1_PORT6_PRIORITY_MASK		MASK	0x700	1792	5256
B	RTL8367B_VLAN_PPB_PRIORITY_ITEM3_CTRL1_PORT5_PRIORITY_OFFSET		OFFSET_SHIFT	4	4	5257
B	RTL8367B_VLAN_PPB_PRIORITY_ITEM3_CTRL1_PORT5_PRIORITY_MASK		MASK	0x70	112	5258
B	RTL8367B_VLAN_PPB_PRIORITY_ITEM3_CTRL1_PORT4_PRIORITY_OFFSET		OFFSET_SHIFT	0	0	5259
B	RTL8367B_VLAN_PPB_PRIORITY_ITEM3_CTRL1_PORT4_PRIORITY_MASK		MASK	0x7	7	5260
B	RTL8367B_REG_QOS_1Q_PRIORITY_REMAPPING_CTRL0		REGISTER	0x0865	2149	5262
B	RTL8367B_QOS_1Q_PRIORITY_REMAPPING_CTRL0_PRIORITY3_OFFSET		OFFSET_SHIFT	12	12	5263
B	RTL8367B_QOS_1Q_PRIORITY_REMAPPING_CTRL0_PRIORITY3_MASK		MASK	0x7000	28672	5264
B	RTL8367B_QOS_1Q_PRIORITY_REMAPPING_CTRL0_PRIORITY2_OFFSET		OFFSET_SHIFT	8	8	5265
B	RTL8367B_QOS_1Q_PRIORITY_REMAPPING_CTRL0_PRIORITY2_MASK		MASK	0x700	1792	5266
B	RTL8367B_QOS_1Q_PRIORITY_REMAPPING_CTRL0_PRIORITY1_OFFSET		OFFSET_SHIFT	4	4	5267
B	RTL8367B_QOS_1Q_PRIORITY_REMAPPING_CTRL0_PRIORITY1_MASK		MASK	0x70	112	5268
B	RTL8367B_QOS_1Q_PRIORITY_REMAPPING_CTRL0_PRIORITY0_OFFSET		OFFSET_SHIFT	0	0	5269
B	RTL8367B_QOS_1Q_PRIORITY_REMAPPING_CTRL0_PRIORITY0_MASK		MASK	0x7	7	5270
B	RTL8367B_REG_QOS_1Q_PRIORITY_REMAPPING_CTRL1		REGISTER	0x0866	2150	5272
B	RTL8367B_QOS_1Q_PRIORITY_REMAPPING_CTRL1_PRIORITY7_OFFSET		OFFSET_SHIFT	12	12	5273
B	RTL8367B_QOS_1Q_PRIORITY_REMAPPING_CTRL1_PRIORITY7_MASK		MASK	0x7000	28672	5274
B	RTL8367B_QOS_1Q_PRIORITY_REMAPPING_CTRL1_PRIORITY6_OFFSET		OFFSET_SHIFT	8	8	5275
B	RTL8367B_QOS_1Q_PRIORITY_REMAPPING_CTRL1_PRIORITY6_MASK		MASK	0x700	1792	5276
B	RTL8367B_QOS_1Q_PRIORITY_REMAPPING_CTRL1_PRIORITY5_OFFSET		OFFSET_SHIFT	4	4	5277
B	RTL8367B_QOS_1Q_PRIORITY_REMAPPING_CTRL1_PRIORITY5_MASK		MASK	0x70	112	5278
B	RTL8367B_QOS_1Q_PRIORITY_REMAPPING_CTRL1_PRIORITY4_OFFSET		OFFSET_SHIFT	0	0	5279
B	RTL8367B_QOS_1Q_PRIORITY_REMAPPING_CTRL1_PRIORITY4_MASK		MASK	0x7	7	5280
B	RTL8367B_REG_QOS_DSCP_TO_PRIORITY_CTRL0		REGISTER	0x0867	2151	5282
B	RTL8367B_DSCP3_PRIORITY_OFFSET		OFFSET_SHIFT	12	12	5283
B	RTL8367B_DSCP3_PRIORITY_MASK		MASK	0x7000	28672	5284
B	RTL8367B_DSCP2_PRIORITY_OFFSET		OFFSET_SHIFT	8	8	5285
B	RTL8367B_DSCP2_PRIORITY_MASK		MASK	0x700	1792	5286
B	RTL8367B_DSCP1_PRIORITY_OFFSET		OFFSET_SHIFT	4	4	5287
B	RTL8367B_DSCP1_PRIORITY_MASK		MASK	0x70	112	5288
B	RTL8367B_DSCP0_PRIORITY_OFFSET		OFFSET_SHIFT	0	0	5289
B	RTL8367B_DSCP0_PRIORITY_MASK		MASK	0x7	7	5290
B	RTL8367B_REG_QOS_DSCP_TO_PRIORITY_CTRL1		REGISTER	0x0868	2152	5292
B	RTL8367B_DSCP7_PRIORITY_OFFSET		OFFSET_SHIFT	12	12	5293
B	RTL8367B_DSCP7_PRIORITY_MASK		MASK	0x7000	28672	5294
B	RTL8367B_DSCP6_PRIORITY_OFFSET		OFFSET_SHIFT	8	8	5295
B	RTL8367B_DSCP6_PRIORITY_MASK		MASK	0x700	1792	5296
B	RTL8367B_DSCP5_PRIORITY_OFFSET		OFFSET_SHIFT	4	4	5297
B	RTL8367B_DSCP5_PRIORITY_MASK		MASK	0x70	112	5298
B	RTL8367B_DSCP4_PRIORITY_OFFSET		OFFSET_SHIFT	0	0	5299
B	RTL8367B_DSCP4_PRIORITY_MASK		MASK	0x7	7	5300
B	RTL8367B_REG_QOS_DSCP_TO_PRIORITY_CTRL2		REGISTER	0x0869	2153	5302
B	RTL8367B_DSCP11_PRIORITY_OFFSET		OFFSET_SHIFT	12	12	5303
B	RTL8367B_DSCP11_PRIORITY_MASK		MASK	0x7000	28672	5304
B	RTL8367B_DSCP10_PRIORITY_OFFSET		OFFSET_SHIFT	8	8	5305
B	RTL8367B_DSCP10_PRIORITY_MASK		MASK	0x700	1792	5306
B	RTL8367B_DSCP9_PRIORITY_OFFSET		OFFSET_SHIFT	4	4	5307
B	RTL8367B_DSCP9_PRIORITY_MASK		MASK	0x70	112	5308
B	RTL8367B_DSCP8_PRIORITY_OFFSET		OFFSET_SHIFT	0	0	5309
B	RTL8367B_DSCP8_PRIORITY_MASK		MASK	0x7	7	5310
B	RTL8367B_REG_QOS_DSCP_TO_PRIORITY_CTRL3		REGISTER	0x086a	2154	5312
B	RTL8367B_DSCP15_PRIORITY_OFFSET		OFFSET_SHIFT	12	12	5313
B	RTL8367B_DSCP15_PRIORITY_MASK		MASK	0x7000	28672	5314
B	RTL8367B_DSCP14_PRIORITY_OFFSET		OFFSET_SHIFT	8	8	5315
B	RTL8367B_DSCP14_PRIORITY_MASK		MASK	0x700	1792	5316
B	RTL8367B_DSCP13_PRIORITY_OFFSET		OFFSET_SHIFT	4	4	5317
B	RTL8367B_DSCP13_PRIORITY_MASK		MASK	0x70	112	5318
B	RTL8367B_DSCP12_PRIORITY_OFFSET		OFFSET_SHIFT	0	0	5319
B	RTL8367B_DSCP12_PRIORITY_MASK		MASK	0x7	7	5320
B	RTL8367B_REG_QOS_DSCP_TO_PRIORITY_CTRL4		REGISTER	0x086b	2155	5322
B	RTL8367B_DSCP19_PRIORITY_OFFSET		OFFSET_SHIFT	12	12	5323
B	RTL8367B_DSCP19_PRIORITY_MASK		MASK	0x7000	28672	5324
B	RTL8367B_DSCP18_PRIORITY_OFFSET		OFFSET_SHIFT	8	8	5325
B	RTL8367B_DSCP18_PRIORITY_MASK		MASK	0x700	1792	5326
B	RTL8367B_DSCP17_PRIORITY_OFFSET		OFFSET_SHIFT	4	4	5327
B	RTL8367B_DSCP17_PRIORITY_MASK		MASK	0x70	112	5328
B	RTL8367B_DSCP16_PRIORITY_OFFSET		OFFSET_SHIFT	0	0	5329
B	RTL8367B_DSCP16_PRIORITY_MASK		MASK	0x7	7	5330
B	RTL8367B_REG_QOS_DSCP_TO_PRIORITY_CTRL5		REGISTER	0x086c	2156	5332
B	RTL8367B_DSCP23_PRIORITY_OFFSET		OFFSET_SHIFT	12	12	5333
B	RTL8367B_DSCP23_PRIORITY_MASK		MASK	0x7000	28672	5334
B	RTL8367B_DSCP22_PRIORITY_OFFSET		OFFSET_SHIFT	8	8	5335
B	RTL8367B_DSCP22_PRIORITY_MASK		MASK	0x700	1792	5336
B	RTL8367B_DSCP21_PRIORITY_OFFSET		OFFSET_SHIFT	4	4	5337
B	RTL8367B_DSCP21_PRIORITY_MASK		MASK	0x70	112	5338
B	RTL8367B_DSCP20_PRIORITY_OFFSET		OFFSET_SHIFT	0	0	5339
B	RTL8367B_DSCP20_PRIORITY_MASK		MASK	0x7	7	5340
B	RTL8367B_REG_QOS_DSCP_TO_PRIORITY_CTRL6		REGISTER	0x086d	2157	5342
B	RTL8367B_DSCP27_PRIORITY_OFFSET		OFFSET_SHIFT	12	12	5343
B	RTL8367B_DSCP27_PRIORITY_MASK		MASK	0x7000	28672	5344
B	RTL8367B_DSCP26_PRIORITY_OFFSET		OFFSET_SHIFT	8	8	5345
B	RTL8367B_DSCP26_PRIORITY_MASK		MASK	0x700	1792	5346
B	RTL8367B_DSCP25_PRIORITY_OFFSET		OFFSET_SHIFT	4	4	5347
B	RTL8367B_DSCP25_PRIORITY_MASK		MASK	0x70	112	5348
B	RTL8367B_DSCP24_PRIORITY_OFFSET		OFFSET_SHIFT	0	0	5349
B	RTL8367B_DSCP24_PRIORITY_MASK		MASK	0x7	7	5350
B	RTL8367B_REG_QOS_DSCP_TO_PRIORITY_CTRL7		REGISTER	0x086e	2158	5352
B	RTL8367B_DSCP31_PRIORITY_OFFSET		OFFSET_SHIFT	12	12	5353
B	RTL8367B_DSCP31_PRIORITY_MASK		MASK	0x7000	28672	5354
B	RTL8367B_DSCP30_PRIORITY_OFFSET		OFFSET_SHIFT	8	8	5355
B	RTL8367B_DSCP30_PRIORITY_MASK		MASK	0x700	1792	5356
B	RTL8367B_DSCP29_PRIORITY_OFFSET		OFFSET_SHIFT	4	4	5357
B	RTL8367B_DSCP29_PRIORITY_MASK		MASK	0x70	112	5358
B	RTL8367B_DSCP28_PRIORITY_OFFSET		OFFSET_SHIFT	0	0	5359
B	RTL8367B_DSCP28_PRIORITY_MASK		MASK	0x7	7	5360
B	RTL8367B_REG_QOS_DSCP_TO_PRIORITY_CTRL8		REGISTER	0x086f	2159	5362
B	RTL8367B_DSCP35_PRIORITY_OFFSET		OFFSET_SHIFT	12	12	5363
B	RTL8367B_DSCP35_PRIORITY_MASK		MASK	0x7000	28672	5364
B	RTL8367B_DSCP34_PRIORITY_OFFSET		OFFSET_SHIFT	8	8	5365
B	RTL8367B_DSCP34_PRIORITY_MASK		MASK	0x700	1792	5366
B	RTL8367B_DSCP33_PRIORITY_OFFSET		OFFSET_SHIFT	4	4	5367
B	RTL8367B_DSCP33_PRIORITY_MASK		MASK	0x70	112	5368
B	RTL8367B_DSCP32_PRIORITY_OFFSET		OFFSET_SHIFT	0	0	5369
B	RTL8367B_DSCP32_PRIORITY_MASK		MASK	0x7	7	5370
B	RTL8367B_REG_QOS_DSCP_TO_PRIORITY_CTRL9		REGISTER	0x0870	2160	5372
B	RTL8367B_DSCP39_PRIORITY_OFFSET		OFFSET_SHIFT	12	12	5373
B	RTL8367B_DSCP39_PRIORITY_MASK		MASK	0x7000	28672	5374
B	RTL8367B_DSCP38_PRIORITY_OFFSET		OFFSET_SHIFT	8	8	5375
B	RTL8367B_DSCP38_PRIORITY_MASK		MASK	0x700	1792	5376
B	RTL8367B_DSCP37_PRIORITY_OFFSET		OFFSET_SHIFT	4	4	5377
B	RTL8367B_DSCP37_PRIORITY_MASK		MASK	0x70	112	5378
B	RTL8367B_DSCP36_PRIORITY_OFFSET		OFFSET_SHIFT	0	0	5379
B	RTL8367B_DSCP36_PRIORITY_MASK		MASK	0x7	7	5380
B	RTL8367B_REG_QOS_DSCP_TO_PRIORITY_CTRL10		REGISTER	0x0871	2161	5382
B	RTL8367B_DSCP43_PRIORITY_OFFSET		OFFSET_SHIFT	12	12	5383
B	RTL8367B_DSCP43_PRIORITY_MASK		MASK	0x7000	28672	5384
B	RTL8367B_DSCP42_PRIORITY_OFFSET		OFFSET_SHIFT	8	8	5385
B	RTL8367B_DSCP42_PRIORITY_MASK		MASK	0x700	1792	5386
B	RTL8367B_DSCP41_PRIORITY_OFFSET		OFFSET_SHIFT	4	4	5387
B	RTL8367B_DSCP41_PRIORITY_MASK		MASK	0x70	112	5388
B	RTL8367B_DSCP40_PRIORITY_OFFSET		OFFSET_SHIFT	0	0	5389
B	RTL8367B_DSCP40_PRIORITY_MASK		MASK	0x7	7	5390
B	RTL8367B_REG_QOS_DSCP_TO_PRIORITY_CTRL11		REGISTER	0x0872	2162	5392
B	RTL8367B_DSCP47_PRIORITY_OFFSET		OFFSET_SHIFT	12	12	5393
B	RTL8367B_DSCP47_PRIORITY_MASK		MASK	0x7000	28672	5394
B	RTL8367B_DSCP46_PRIORITY_OFFSET		OFFSET_SHIFT	8	8	5395
B	RTL8367B_DSCP46_PRIORITY_MASK		MASK	0x700	1792	5396
B	RTL8367B_DSCP45_PRIORITY_OFFSET		OFFSET_SHIFT	4	4	5397
B	RTL8367B_DSCP45_PRIORITY_MASK		MASK	0x70	112	5398
B	RTL8367B_DSCP44_PRIORITY_OFFSET		OFFSET_SHIFT	0	0	5399
B	RTL8367B_DSCP44_PRIORITY_MASK		MASK	0x7	7	5400
B	RTL8367B_REG_QOS_DSCP_TO_PRIORITY_CTRL12		REGISTER	0x0873	2163	5402
B	RTL8367B_DSCP51_PRIORITY_OFFSET		OFFSET_SHIFT	12	12	5403
B	RTL8367B_DSCP51_PRIORITY_MASK		MASK	0x7000	28672	5404
B	RTL8367B_DSCP50_PRIORITY_OFFSET		OFFSET_SHIFT	8	8	5405
B	RTL8367B_DSCP50_PRIORITY_MASK		MASK	0x700	1792	5406
B	RTL8367B_DSCP49_PRIORITY_OFFSET		OFFSET_SHIFT	4	4	5407
B	RTL8367B_DSCP49_PRIORITY_MASK		MASK	0x70	112	5408
B	RTL8367B_DSCP48_PRIORITY_OFFSET		OFFSET_SHIFT	0	0	5409
B	RTL8367B_DSCP48_PRIORITY_MASK		MASK	0x7	7	5410
B	RTL8367B_REG_QOS_DSCP_TO_PRIORITY_CTRL13		REGISTER	0x0874	2164	5412
B	RTL8367B_DSCP55_PRIORITY_OFFSET		OFFSET_SHIFT	12	12	5413
B	RTL8367B_DSCP55_PRIORITY_MASK		MASK	0x7000	28672	5414
B	RTL8367B_DSCP54_PRIORITY_OFFSET		OFFSET_SHIFT	8	8	5415
B	RTL8367B_DSCP54_PRIORITY_MASK		MASK	0x700	1792	5416
B	RTL8367B_DSCP53_PRIORITY_OFFSET		OFFSET_SHIFT	4	4	5417
B	RTL8367B_DSCP53_PRIORITY_MASK		MASK	0x70	112	5418
B	RTL8367B_DSCP52_PRIORITY_OFFSET		OFFSET_SHIFT	0	0	5419
B	RTL8367B_DSCP52_PRIORITY_MASK		MASK	0x7	7	5420
B	RTL8367B_REG_QOS_DSCP_TO_PRIORITY_CTRL14		REGISTER	0x0875	2165	5422
B	RTL8367B_DSCP59_PRIORITY_OFFSET		OFFSET_SHIFT	12	12	5423
B	RTL8367B_DSCP59_PRIORITY_MASK		MASK	0x7000	28672	5424
B	RTL8367B_DSCP58_PRIORITY_OFFSET		OFFSET_SHIFT	8	8	5425
B	RTL8367B_DSCP58_PRIORITY_MASK		MASK	0x700	1792	5426
B	RTL8367B_DSCP57_PRIORITY_OFFSET		OFFSET_SHIFT	4	4	5427
B	RTL8367B_DSCP57_PRIORITY_MASK		MASK	0x70	112	5428
B	RTL8367B_DSCP56_PRIORITY_OFFSET		OFFSET_SHIFT	0	0	5429
B	RTL8367B_DSCP56_PRIORITY_MASK		MASK	0x7	7	5430
B	RTL8367B_REG_QOS_DSCP_TO_PRIORITY_CTRL15		REGISTER	0x0876	2166	5432
B	RTL8367B_DSCP63_PRIORITY_OFFSET		OFFSET_SHIFT	12	12	5433
B	RTL8367B_DSCP63_PRIORITY_MASK		MASK	0x7000	28672	5434
B	RTL8367B_DSCP62_PRIORITY_OFFSET		OFFSET_SHIFT	8	8	5435
B	RTL8367B_DSCP62_PRIORITY_MASK		MASK	0x700	1792	5436
B	RTL8367B_DSCP61_PRIORITY_OFFSET		OFFSET_SHIFT	4	4	5437
B	RTL8367B_DSCP61_PRIORITY_MASK		MASK	0x70	112	5438
B	RTL8367B_DSCP60_PRIORITY_OFFSET		OFFSET_SHIFT	0	0	5439
B	RTL8367B_DSCP60_PRIORITY_MASK		MASK	0x7	7	5440
B	RTL8367B_REG_QOS_PORTBASED_PRIORITY_CTRL0		REGISTER	0x0877	2167	5442
B	RTL8367B_QOS_PORTBASED_PRIORITY_CTRL0_PORT3_PRIORITY_OFFSET		OFFSET_SHIFT	12	12	5443
B	RTL8367B_QOS_PORTBASED_PRIORITY_CTRL0_PORT3_PRIORITY_MASK		MASK	0x7000	28672	5444
B	RTL8367B_QOS_PORTBASED_PRIORITY_CTRL0_PORT2_PRIORITY_OFFSET		OFFSET_SHIFT	8	8	5445
B	RTL8367B_QOS_PORTBASED_PRIORITY_CTRL0_PORT2_PRIORITY_MASK		MASK	0x700	1792	5446
B	RTL8367B_QOS_PORTBASED_PRIORITY_CTRL0_PORT1_PRIORITY_OFFSET		OFFSET_SHIFT	4	4	5447
B	RTL8367B_QOS_PORTBASED_PRIORITY_CTRL0_PORT1_PRIORITY_MASK		MASK	0x70	112	5448
B	RTL8367B_QOS_PORTBASED_PRIORITY_CTRL0_PORT0_PRIORITY_OFFSET		OFFSET_SHIFT	0	0	5449
B	RTL8367B_QOS_PORTBASED_PRIORITY_CTRL0_PORT0_PRIORITY_MASK		MASK	0x7	7	5450
B	RTL8367B_REG_QOS_PORTBASED_PRIORITY_CTRL1		REGISTER	0x0878	2168	5452
B	RTL8367B_QOS_PORTBASED_PRIORITY_CTRL1_PORT7_PRIORITY_OFFSET		OFFSET_SHIFT	12	12	5453
B	RTL8367B_QOS_PORTBASED_PRIORITY_CTRL1_PORT7_PRIORITY_MASK		MASK	0x7000	28672	5454
B	RTL8367B_QOS_PORTBASED_PRIORITY_CTRL1_PORT6_PRIORITY_OFFSET		OFFSET_SHIFT	8	8	5455
B	RTL8367B_QOS_PORTBASED_PRIORITY_CTRL1_PORT6_PRIORITY_MASK		MASK	0x700	1792	5456
B	RTL8367B_QOS_PORTBASED_PRIORITY_CTRL1_PORT5_PRIORITY_OFFSET		OFFSET_SHIFT	4	4	5457
B	RTL8367B_QOS_PORTBASED_PRIORITY_CTRL1_PORT5_PRIORITY_MASK		MASK	0x70	112	5458
B	RTL8367B_QOS_PORTBASED_PRIORITY_CTRL1_PORT4_PRIORITY_OFFSET		OFFSET_SHIFT	0	0	5459
B	RTL8367B_QOS_PORTBASED_PRIORITY_CTRL1_PORT4_PRIORITY_MASK		MASK	0x7	7	5460
B	RTL8367B_REG_DUMMY0879		REGISTER	0x0879	2169	5462
B	RTL8367B_DUMMY0879_OFFSET		OFFSET_SHIFT	0	0	5463
B	RTL8367B_DUMMY0879_MASK		MASK	0x1	1	5464
B	RTL8367B_REG_QOS_INTERNAL_PRIORITY_DECISION_CTRL0		REGISTER	0x087b	2171	5466
B	RTL8367B_QOS_ACL_WEIGHT_OFFSET		OFFSET_SHIFT	8	8	5467
B	RTL8367B_QOS_ACL_WEIGHT_MASK		MASK	0xFF00	65280	5468
B	RTL8367B_QOS_PORT_WEIGHT_OFFSET		OFFSET_SHIFT	0	0	5469
B	RTL8367B_QOS_PORT_WEIGHT_MASK		MASK	0xFF	255	5470
B	RTL8367B_REG_QOS_INTERNAL_PRIORITY_DECISION_CTRL1		REGISTER	0x087c	2172	5472
B	RTL8367B_QOS_DOT1Q_WEIGHT_OFFSET		OFFSET_SHIFT	8	8	5473
B	RTL8367B_QOS_DOT1Q_WEIGHT_MASK		MASK	0xFF00	65280	5474
B	RTL8367B_QOS_DSCP_WEIGHT_OFFSET		OFFSET_SHIFT	0	0	5475
B	RTL8367B_QOS_DSCP_WEIGHT_MASK		MASK	0xFF	255	5476
B	RTL8367B_REG_QOS_INTERNAL_PRIORITY_DECISION_CTRL2		REGISTER	0x087d	2173	5478
B	RTL8367B_QOS_CVLAN_WEIGHT_OFFSET		OFFSET_SHIFT	8	8	5479
B	RTL8367B_QOS_CVLAN_WEIGHT_MASK		MASK	0xFF00	65280	5480
B	RTL8367B_QOS_SVLAN_WEIGHT_OFFSET		OFFSET_SHIFT	0	0	5481
B	RTL8367B_QOS_SVLAN_WEIGHT_MASK		MASK	0xFF	255	5482
B	RTL8367B_REG_QOS_INTERNAL_PRIORITY_DECISION_CTRL3		REGISTER	0x087e	2174	5484
B	RTL8367B_QOS_SA_WEIGHT_OFFSET		OFFSET_SHIFT	8	8	5485
B	RTL8367B_QOS_SA_WEIGHT_MASK		MASK	0xFF00	65280	5486
B	RTL8367B_QOS_LUTFWD_WEIGHT_OFFSET		OFFSET_SHIFT	0	0	5487
B	RTL8367B_QOS_LUTFWD_WEIGHT_MASK		MASK	0xFF	255	5488
B	RTL8367B_REG_QOS_PRIORITY_REMAPPING_IN_CPU_CTRL0		REGISTER	0x087f	2175	5490
B	RTL8367B_QOS_PRIORITY_REMAPPING_IN_CPU_CTRL0_PRIORITY3_OFFSET		OFFSET_SHIFT	12	12	5491
B	RTL8367B_QOS_PRIORITY_REMAPPING_IN_CPU_CTRL0_PRIORITY3_MASK		MASK	0x7000	28672	5492
B	RTL8367B_QOS_PRIORITY_REMAPPING_IN_CPU_CTRL0_PRIORITY2_OFFSET		OFFSET_SHIFT	8	8	5493
B	RTL8367B_QOS_PRIORITY_REMAPPING_IN_CPU_CTRL0_PRIORITY2_MASK		MASK	0x700	1792	5494
B	RTL8367B_QOS_PRIORITY_REMAPPING_IN_CPU_CTRL0_PRIORITY1_OFFSET		OFFSET_SHIFT	4	4	5495
B	RTL8367B_QOS_PRIORITY_REMAPPING_IN_CPU_CTRL0_PRIORITY1_MASK		MASK	0x70	112	5496
B	RTL8367B_QOS_PRIORITY_REMAPPING_IN_CPU_CTRL0_PRIORITY0_OFFSET		OFFSET_SHIFT	0	0	5497
B	RTL8367B_QOS_PRIORITY_REMAPPING_IN_CPU_CTRL0_PRIORITY0_MASK		MASK	0x7	7	5498
B	RTL8367B_REG_QOS_PRIORITY_REMAPPING_IN_CPU_CTRL1		REGISTER	0x0880	2176	5500
B	RTL8367B_QOS_PRIORITY_REMAPPING_IN_CPU_CTRL1_PRIORITY7_OFFSET		OFFSET_SHIFT	12	12	5501
B	RTL8367B_QOS_PRIORITY_REMAPPING_IN_CPU_CTRL1_PRIORITY7_MASK		MASK	0x7000	28672	5502
B	RTL8367B_QOS_PRIORITY_REMAPPING_IN_CPU_CTRL1_PRIORITY6_OFFSET		OFFSET_SHIFT	8	8	5503
B	RTL8367B_QOS_PRIORITY_REMAPPING_IN_CPU_CTRL1_PRIORITY6_MASK		MASK	0x700	1792	5504
B	RTL8367B_QOS_PRIORITY_REMAPPING_IN_CPU_CTRL1_PRIORITY5_OFFSET		OFFSET_SHIFT	4	4	5505
B	RTL8367B_QOS_PRIORITY_REMAPPING_IN_CPU_CTRL1_PRIORITY5_MASK		MASK	0x70	112	5506
B	RTL8367B_QOS_PRIORITY_REMAPPING_IN_CPU_CTRL1_PRIORITY4_OFFSET		OFFSET_SHIFT	0	0	5507
B	RTL8367B_QOS_PRIORITY_REMAPPING_IN_CPU_CTRL1_PRIORITY4_MASK		MASK	0x7	7	5508
B	RTL8367B_REG_QOS_TRAP_PRIORITY0		REGISTER	0x0881	2177	5510
B	RTL8367B_UNKNOWN_MC_PRIORTY_OFFSET		OFFSET_SHIFT	12	12	5511
B	RTL8367B_UNKNOWN_MC_PRIORTY_MASK		MASK	0x7000	28672	5512
B	RTL8367B_SVLAN_PRIOIRTY_OFFSET		OFFSET_SHIFT	8	8	5513
B	RTL8367B_SVLAN_PRIOIRTY_MASK		MASK	0x700	1792	5514
B	RTL8367B_OAM_PRIOIRTY_OFFSET		OFFSET_SHIFT	4	4	5515
B	RTL8367B_OAM_PRIOIRTY_MASK		MASK	0x70	112	5516
B	RTL8367B_DOT1X_PRIORTY_OFFSET		OFFSET_SHIFT	0	0	5517
B	RTL8367B_DOT1X_PRIORTY_MASK		MASK	0x7	7	5518
B	RTL8367B_REG_QOS_TRAP_PRIORITY1		REGISTER	0x0882	2178	5520
B	RTL8367B_DW8051_TRAP_PRI_OFFSET		OFFSET_SHIFT	4	4	5521
B	RTL8367B_DW8051_TRAP_PRI_MASK		MASK	0x70	112	5522
B	RTL8367B_EEELLDP_TRAP_PRI_OFFSET		OFFSET_SHIFT	0	0	5523
B	RTL8367B_EEELLDP_TRAP_PRI_MASK		MASK	0x7	7	5524
B	RTL8367B_REG_MAX_LENGTH_CFG		REGISTER	0x0883	2179	5526
B	RTL8367B_MAX_LENGTH_GIGA_OFFSET		OFFSET_SHIFT	8	8	5527
B	RTL8367B_MAX_LENGTH_GIGA_MASK		MASK	0xFF00	65280	5528
B	RTL8367B_MAX_LENGTH_10_100M_OFFSET		OFFSET_SHIFT	0	0	5529
B	RTL8367B_MAX_LENGTH_10_100M_MASK		MASK	0xFF	255	5530
B	RTL8367B_REG_MAX_LEN_RX_TX		REGISTER	0x0884	2180	5532
B	RTL8367B_MAX_LEN_RX_TX_OFFSET		OFFSET_SHIFT	0	0	5533
B	RTL8367B_MAX_LEN_RX_TX_MASK		MASK	0x3	3	5534
B	RTL8367B_REG_UNDA_FLOODING_PMSK		REGISTER	0x0890	2192	5536
B	RTL8367B_UNDA_FLOODING_PMSK_OFFSET		OFFSET_SHIFT	0	0	5537
B	RTL8367B_UNDA_FLOODING_PMSK_MASK		MASK	0xFF	255	5538
B	RTL8367B_REG_UNMCAST_FLOADING_PMSK		REGISTER	0x0891	2193	5540
B	RTL8367B_UNMCAST_FLOADING_PMSK_OFFSET		OFFSET_SHIFT	0	0	5541
B	RTL8367B_UNMCAST_FLOADING_PMSK_MASK		MASK	0xFF	255	5542
B	RTL8367B_REG_BCAST_FLOADING_PMSK		REGISTER	0x0892	2194	5544
B	RTL8367B_BCAST_FLOADING_PMSK_OFFSET		OFFSET_SHIFT	0	0	5545
B	RTL8367B_BCAST_FLOADING_PMSK_MASK		MASK	0xFF	255	5546
B	RTL8367B_REG_PORT_ISOLATION_PORT0_MASK		REGISTER	0x08a2	2210	5548
B	RTL8367B_PORT_ISOLATION_PORT0_MASK_OFFSET		MASK	0	0	5549
B	RTL8367B_PORT_ISOLATION_PORT0_MASK_MASK		MASK	0xFF	255	5550
B	RTL8367B_REG_PORT_ISOLATION_PORT1_MASK		REGISTER	0x08a3	2211	5552
B	RTL8367B_PORT_ISOLATION_PORT1_MASK_OFFSET		MASK	0	0	5553
B	RTL8367B_PORT_ISOLATION_PORT1_MASK_MASK		MASK	0xFF	255	5554
B	RTL8367B_REG_PORT_ISOLATION_PORT2_MASK		REGISTER	0x08a4	2212	5556
B	RTL8367B_PORT_ISOLATION_PORT2_MASK_OFFSET		MASK	0	0	5557
B	RTL8367B_PORT_ISOLATION_PORT2_MASK_MASK		MASK	0xFF	255	5558
B	RTL8367B_REG_PORT_ISOLATION_PORT3_MASK		REGISTER	0x08a5	2213	5560
B	RTL8367B_PORT_ISOLATION_PORT3_MASK_OFFSET		MASK	0	0	5561
B	RTL8367B_PORT_ISOLATION_PORT3_MASK_MASK		MASK	0xFF	255	5562
B	RTL8367B_REG_PORT_ISOLATION_PORT4_MASK		REGISTER	0x08a6	2214	5564
B	RTL8367B_PORT_ISOLATION_PORT4_MASK_OFFSET		MASK	0	0	5565
B	RTL8367B_PORT_ISOLATION_PORT4_MASK_MASK		MASK	0xFF	255	5566
B	RTL8367B_REG_PORT_ISOLATION_PORT5_MASK		REGISTER	0x08a7	2215	5568
B	RTL8367B_PORT_ISOLATION_PORT5_MASK_OFFSET		MASK	0	0	5569
B	RTL8367B_PORT_ISOLATION_PORT5_MASK_MASK		MASK	0xFF	255	5570
B	RTL8367B_REG_PORT_ISOLATION_PORT6_MASK		REGISTER	0x08a8	2216	5572
B	RTL8367B_PORT_ISOLATION_PORT6_MASK_OFFSET		MASK	0	0	5573
B	RTL8367B_PORT_ISOLATION_PORT6_MASK_MASK		MASK	0xFF	255	5574
B	RTL8367B_REG_PORT_ISOLATION_PORT7_MASK		REGISTER	0x08a9	2217	5576
B	RTL8367B_PORT_ISOLATION_PORT7_MASK_OFFSET		MASK	0	0	5577
B	RTL8367B_PORT_ISOLATION_PORT7_MASK_MASK		MASK	0xFF	255	5578
B	RTL8367B_REG_FORCE_CTRL		REGISTER	0x08b4	2228	5580
B	RTL8367B_FORCE_CTRL_OFFSET		OFFSET_SHIFT	0	0	5581
B	RTL8367B_FORCE_CTRL_MASK		MASK	0x1	1	5582
B	RTL8367B_REG_FORCE_PORT0_MASK		REGISTER	0x08b5	2229	5584
B	RTL8367B_FORCE_PORT0_MASK_OFFSET		MASK	0	0	5585
B	RTL8367B_FORCE_PORT0_MASK_MASK		MASK	0xFF	255	5586
B	RTL8367B_REG_FORCE_PORT1_MASK		REGISTER	0x08b6	2230	5588
B	RTL8367B_FORCE_PORT1_MASK_OFFSET		MASK	0	0	5589
B	RTL8367B_FORCE_PORT1_MASK_MASK		MASK	0xFF	255	5590
B	RTL8367B_REG_FORCE_PORT2_MASK		REGISTER	0x08b7	2231	5592
B	RTL8367B_FORCE_PORT2_MASK_OFFSET		MASK	0	0	5593
B	RTL8367B_FORCE_PORT2_MASK_MASK		MASK	0xFF	255	5594
B	RTL8367B_REG_FORCE_PORT3_MASK		REGISTER	0x08b8	2232	5596
B	RTL8367B_FORCE_PORT3_MASK_OFFSET		MASK	0	0	5597
B	RTL8367B_FORCE_PORT3_MASK_MASK		MASK	0xFF	255	5598
B	RTL8367B_REG_FORCE_PORT4_MASK		REGISTER	0x08b9	2233	5600
B	RTL8367B_FORCE_PORT4_MASK_OFFSET		MASK	0	0	5601
B	RTL8367B_FORCE_PORT4_MASK_MASK		MASK	0xFF	255	5602
B	RTL8367B_REG_FORCE_PORT5_MASK		REGISTER	0x08ba	2234	5604
B	RTL8367B_FORCE_PORT5_MASK_OFFSET		MASK	0	0	5605
B	RTL8367B_FORCE_PORT5_MASK_MASK		MASK	0xFF	255	5606
B	RTL8367B_REG_FORCE_PORT6_MASK		REGISTER	0x08bb	2235	5608
B	RTL8367B_FORCE_PORT6_MASK_OFFSET		MASK	0	0	5609
B	RTL8367B_FORCE_PORT6_MASK_MASK		MASK	0xFF	255	5610
B	RTL8367B_REG_FORCE_PORT7_MASK		REGISTER	0x08bc	2236	5612
B	RTL8367B_FORCE_PORT7_MASK_OFFSET		MASK	0	0	5613
B	RTL8367B_FORCE_PORT7_MASK_MASK		MASK	0xFF	255	5614
B	RTL8367B_REG_SOURCE_PORT_PERMIT		REGISTER	0x08c5	2245	5616
B	RTL8367B_SOURCE_PORT_PERMIT_OFFSET		OFFSET_SHIFT	0	0	5617
B	RTL8367B_SOURCE_PORT_PERMIT_MASK		MASK	0xFF	255	5618
B	RTL8367B_REG_IPMCAST_VLAN_LEAKY		REGISTER	0x08c6	2246	5620
B	RTL8367B_IPMCAST_VLAN_LEAKY_OFFSET		OFFSET_SHIFT	0	0	5621
B	RTL8367B_IPMCAST_VLAN_LEAKY_MASK		MASK	0xFF	255	5622
B	RTL8367B_REG_IPMCAST_PORTISO_LEAKY		REGISTER	0x08c7	2247	5624
B	RTL8367B_IPMCAST_PORTISO_LEAKY_OFFSET		OFFSET_SHIFT	0	0	5625
B	RTL8367B_IPMCAST_PORTISO_LEAKY_MASK		MASK	0xFF	255	5626
B	RTL8367B_REG_PORT_SECURITY_CTRL		REGISTER	0x08c8	2248	5628
B	RTL8367B_UNKNOWN_UNICAST_DA_BEHAVE_OFFSET		OFFSET_SHIFT	6	6	5629
B	RTL8367B_UNKNOWN_UNICAST_DA_BEHAVE_MASK		MASK	0xC0	192	5630
B	RTL8367B_LUT_LEARN_OVER_ACT_OFFSET		OFFSET_SHIFT	4	4	5631
B	RTL8367B_LUT_LEARN_OVER_ACT_MASK		MASK	0x30	48	5632
B	RTL8367B_UNMATCHED_SA_BEHAVE_OFFSET		OFFSET_SHIFT	2	2	5633
B	RTL8367B_UNMATCHED_SA_BEHAVE_MASK		MASK	0xC	12	5634
B	RTL8367B_UNKNOWN_SA_BEHAVE_OFFSET		OFFSET_SHIFT	0	0	5635
B	RTL8367B_UNKNOWN_SA_BEHAVE_MASK		MASK	0x3	3	5636
B	RTL8367B_REG_UNKNOWN_IPV4_MULTICAST_CTRL0		REGISTER	0x08c9	2249	5638
B	RTL8367B_PORT7_UNKNOWN_IP4_MCAST_OFFSET		OFFSET_SHIFT	14	14	5639
B	RTL8367B_PORT7_UNKNOWN_IP4_MCAST_MASK		MASK	0xC000	49152	5640
B	RTL8367B_PORT6_UNKNOWN_IP4_MCAST_OFFSET		OFFSET_SHIFT	12	12	5641
B	RTL8367B_PORT6_UNKNOWN_IP4_MCAST_MASK		MASK	0x3000	12288	5642
B	RTL8367B_PORT5_UNKNOWN_IP4_MCAST_OFFSET		OFFSET_SHIFT	10	10	5643
B	RTL8367B_PORT5_UNKNOWN_IP4_MCAST_MASK		MASK	0xC00	3072	5644
B	RTL8367B_PORT4_UNKNOWN_IP4_MCAST_OFFSET		OFFSET_SHIFT	8	8	5645
B	RTL8367B_PORT4_UNKNOWN_IP4_MCAST_MASK		MASK	0x300	768	5646
B	RTL8367B_PORT3_UNKNOWN_IP4_MCAST_OFFSET		OFFSET_SHIFT	6	6	5647
B	RTL8367B_PORT3_UNKNOWN_IP4_MCAST_MASK		MASK	0xC0	192	5648
B	RTL8367B_PORT2_UNKNOWN_IP4_MCAST_OFFSET		OFFSET_SHIFT	4	4	5649
B	RTL8367B_PORT2_UNKNOWN_IP4_MCAST_MASK		MASK	0x30	48	5650
B	RTL8367B_PORT1_UNKNOWN_IP4_MCAST_OFFSET		OFFSET_SHIFT	2	2	5651
B	RTL8367B_PORT1_UNKNOWN_IP4_MCAST_MASK		MASK	0xC	12	5652
B	RTL8367B_PORT0_UNKNOWN_IP4_MCAST_OFFSET		OFFSET_SHIFT	0	0	5653
B	RTL8367B_PORT0_UNKNOWN_IP4_MCAST_MASK		MASK	0x3	3	5654
B	RTL8367B_REG_UNKNOWN_IPV6_MULTICAST_CTRL0		REGISTER	0x08cb	2251	5656
B	RTL8367B_PORT7_UNKNOWN_IP6_MCAST_OFFSET		OFFSET_SHIFT	14	14	5657
B	RTL8367B_PORT7_UNKNOWN_IP6_MCAST_MASK		MASK	0xC000	49152	5658
B	RTL8367B_PORT6_UNKNOWN_IP6_MCAST_OFFSET		OFFSET_SHIFT	12	12	5659
B	RTL8367B_PORT6_UNKNOWN_IP6_MCAST_MASK		MASK	0x3000	12288	5660
B	RTL8367B_PORT5_UNKNOWN_IP6_MCAST_OFFSET		OFFSET_SHIFT	10	10	5661
B	RTL8367B_PORT5_UNKNOWN_IP6_MCAST_MASK		MASK	0xC00	3072	5662
B	RTL8367B_PORT4_UNKNOWN_IP6_MCAST_OFFSET		OFFSET_SHIFT	8	8	5663
B	RTL8367B_PORT4_UNKNOWN_IP6_MCAST_MASK		MASK	0x300	768	5664
B	RTL8367B_PORT3_UNKNOWN_IP6_MCAST_OFFSET		OFFSET_SHIFT	6	6	5665
B	RTL8367B_PORT3_UNKNOWN_IP6_MCAST_MASK		MASK	0xC0	192	5666
B	RTL8367B_PORT2_UNKNOWN_IP6_MCAST_OFFSET		OFFSET_SHIFT	4	4	5667
B	RTL8367B_PORT2_UNKNOWN_IP6_MCAST_MASK		MASK	0x30	48	5668
B	RTL8367B_PORT1_UNKNOWN_IP6_MCAST_OFFSET		OFFSET_SHIFT	2	2	5669
B	RTL8367B_PORT1_UNKNOWN_IP6_MCAST_MASK		MASK	0xC	12	5670
B	RTL8367B_PORT0_UNKNOWN_IP6_MCAST_OFFSET		OFFSET_SHIFT	0	0	5671
B	RTL8367B_PORT0_UNKNOWN_IP6_MCAST_MASK		MASK	0x3	3	5672
B	RTL8367B_REG_UNKNOWN_L2_MULTICAST_CTRL0		REGISTER	0x08cd	2253	5674
B	RTL8367B_PORT7_UNKNOWN_L2_MCAST_OFFSET		OFFSET_SHIFT	14	14	5675
B	RTL8367B_PORT7_UNKNOWN_L2_MCAST_MASK		MASK	0xC000	49152	5676
B	RTL8367B_PORT6_UNKNOWN_L2_MCAST_OFFSET		OFFSET_SHIFT	12	12	5677
B	RTL8367B_PORT6_UNKNOWN_L2_MCAST_MASK		MASK	0x3000	12288	5678
B	RTL8367B_PORT5_UNKNOWN_L2_MCAST_OFFSET		OFFSET_SHIFT	10	10	5679
B	RTL8367B_PORT5_UNKNOWN_L2_MCAST_MASK		MASK	0xC00	3072	5680
B	RTL8367B_PORT4_UNKNOWN_L2_MCAST_OFFSET		OFFSET_SHIFT	8	8	5681
B	RTL8367B_PORT4_UNKNOWN_L2_MCAST_MASK		MASK	0x300	768	5682
B	RTL8367B_PORT3_UNKNOWN_L2_MCAST_OFFSET		OFFSET_SHIFT	6	6	5683
B	RTL8367B_PORT3_UNKNOWN_L2_MCAST_MASK		MASK	0xC0	192	5684
B	RTL8367B_PORT2_UNKNOWN_L2_MCAST_OFFSET		OFFSET_SHIFT	4	4	5685
B	RTL8367B_PORT2_UNKNOWN_L2_MCAST_MASK		MASK	0x30	48	5686
B	RTL8367B_PORT1_UNKNOWN_L2_MCAST_OFFSET		OFFSET_SHIFT	2	2	5687
B	RTL8367B_PORT1_UNKNOWN_L2_MCAST_MASK		MASK	0xC	12	5688
B	RTL8367B_PORT0_UNKNOWN_L2_MCAST_OFFSET		OFFSET_SHIFT	0	0	5689
B	RTL8367B_PORT0_UNKNOWN_L2_MCAST_MASK		MASK	0x3	3	5690
B	RTL8367B_REG_PORT_TRUNK_CTRL		REGISTER	0x08cf	2255	5692
B	RTL8367B_PORT_TRUNK_DUMB_OFFSET		OFFSET_SHIFT	8	8	5693
B	RTL8367B_PORT_TRUNK_DUMB_MASK		MASK	0x100	256	5694
B	RTL8367B_PORT_TRUNK_FLOOD_OFFSET		OFFSET_SHIFT	7	7	5695
B	RTL8367B_PORT_TRUNK_FLOOD_MASK		MASK	0x80	128	5696
B	RTL8367B_DPORT_HASH_OFFSET		OFFSET_SHIFT	6	6	5697
B	RTL8367B_DPORT_HASH_MASK		MASK	0x40	64	5698
B	RTL8367B_SPORT_HASH_OFFSET		OFFSET_SHIFT	5	5	5699
B	RTL8367B_SPORT_HASH_MASK		MASK	0x20	32	5700
B	RTL8367B_DIP_HASH_OFFSET		OFFSET_SHIFT	4	4	5701
B	RTL8367B_DIP_HASH_MASK		MASK	0x10	16	5702
B	RTL8367B_SIP_HASH_OFFSET		OFFSET_SHIFT	3	3	5703
B	RTL8367B_SIP_HASH_MASK		MASK	0x8	8	5704
B	RTL8367B_DMAC_HASH_OFFSET		OFFSET_SHIFT	2	2	5705
B	RTL8367B_DMAC_HASH_MASK		MASK	0x4	4	5706
B	RTL8367B_SMAC_HASH_OFFSET		OFFSET_SHIFT	1	1	5707
B	RTL8367B_SMAC_HASH_MASK		MASK	0x2	2	5708
B	RTL8367B_SPA_HASH_OFFSET		OFFSET_SHIFT	0	0	5709
B	RTL8367B_SPA_HASH_MASK		MASK	0x1	1	5710
B	RTL8367B_REG_PORT_TRUNK_GROUP_MASK		REGISTER	0x08d0	2256	5712
B	RTL8367B_PORT_TRUNK_GROUP1_MASK_OFFSET		MASK	4	4	5713
B	RTL8367B_PORT_TRUNK_GROUP1_MASK_MASK		MASK	0xF0	240	5714
B	RTL8367B_PORT_TRUNK_GROUP0_MASK_OFFSET		MASK	0	0	5715
B	RTL8367B_PORT_TRUNK_GROUP0_MASK_MASK		MASK	0xF	15	5716
B	RTL8367B_REG_PORT_TRUNK_FLOWCTRL		REGISTER	0x08d1	2257	5718
B	RTL8367B_EN_FLOWCTRL_TG1_OFFSET		OFFSET_SHIFT	1	1	5719
B	RTL8367B_EN_FLOWCTRL_TG1_MASK		MASK	0x2	2	5720
B	RTL8367B_EN_FLOWCTRL_TG0_OFFSET		OFFSET_SHIFT	0	0	5721
B	RTL8367B_EN_FLOWCTRL_TG0_MASK		MASK	0x1	1	5722
B	RTL8367B_REG_PORT_TRUNK_HASH_MAPPING_CTRL0		REGISTER	0x08d2	2258	5724
B	RTL8367B_HASH7_OFFSET		OFFSET_SHIFT	14	14	5725
B	RTL8367B_HASH7_MASK		MASK	0xC000	49152	5726
B	RTL8367B_HASH6_OFFSET		OFFSET_SHIFT	12	12	5727
B	RTL8367B_HASH6_MASK		MASK	0x3000	12288	5728
B	RTL8367B_HASH5_OFFSET		OFFSET_SHIFT	10	10	5729
B	RTL8367B_HASH5_MASK		MASK	0xC00	3072	5730
B	RTL8367B_HASH4_OFFSET		OFFSET_SHIFT	8	8	5731
B	RTL8367B_HASH4_MASK		MASK	0x300	768	5732
B	RTL8367B_HASH3_OFFSET		OFFSET_SHIFT	6	6	5733
B	RTL8367B_HASH3_MASK		MASK	0xC0	192	5734
B	RTL8367B_HASH2_OFFSET		OFFSET_SHIFT	4	4	5735
B	RTL8367B_HASH2_MASK		MASK	0x30	48	5736
B	RTL8367B_HASH1_OFFSET		OFFSET_SHIFT	2	2	5737
B	RTL8367B_HASH1_MASK		MASK	0xC	12	5738
B	RTL8367B_HASH0_OFFSET		OFFSET_SHIFT	0	0	5739
B	RTL8367B_HASH0_MASK		MASK	0x3	3	5740
B	RTL8367B_REG_PORT_TRUNK_HASH_MAPPING_CTRL1		REGISTER	0x08d3	2259	5742
B	RTL8367B_HASH15_OFFSET		OFFSET_SHIFT	14	14	5743
B	RTL8367B_HASH15_MASK		MASK	0xC000	49152	5744
B	RTL8367B_HASH14_OFFSET		OFFSET_SHIFT	12	12	5745
B	RTL8367B_HASH14_MASK		MASK	0x3000	12288	5746
B	RTL8367B_HASH13_OFFSET		OFFSET_SHIFT	10	10	5747
B	RTL8367B_HASH13_MASK		MASK	0xC00	3072	5748
B	RTL8367B_HASH12_OFFSET		OFFSET_SHIFT	8	8	5749
B	RTL8367B_HASH12_MASK		MASK	0x300	768	5750
B	RTL8367B_HASH11_OFFSET		OFFSET_SHIFT	6	6	5751
B	RTL8367B_HASH11_MASK		MASK	0xC0	192	5752
B	RTL8367B_HASH10_OFFSET		OFFSET_SHIFT	4	4	5753
B	RTL8367B_HASH10_MASK		MASK	0x30	48	5754
B	RTL8367B_HASH9_OFFSET		OFFSET_SHIFT	2	2	5755
B	RTL8367B_HASH9_MASK		MASK	0xC	12	5756
B	RTL8367B_HASH8_OFFSET		OFFSET_SHIFT	0	0	5757
B	RTL8367B_HASH8_MASK		MASK	0x3	3	5758
B	RTL8367B_REG_DOS_CFG		REGISTER	0x08d4	2260	5760
B	RTL8367B_DROP_ICMPFRAGMENT_OFFSET		OFFSET_SHIFT	9	9	5761
B	RTL8367B_DROP_ICMPFRAGMENT_MASK		MASK	0x200	512	5762
B	RTL8367B_DROP_TCPFRAGERROR_OFFSET		OFFSET_SHIFT	8	8	5763
B	RTL8367B_DROP_TCPFRAGERROR_MASK		MASK	0x100	256	5764
B	RTL8367B_DROP_TCPSHORTHDR_OFFSET		OFFSET_SHIFT	7	7	5765
B	RTL8367B_DROP_TCPSHORTHDR_MASK		MASK	0x80	128	5766
B	RTL8367B_DROP_SYN1024_OFFSET		OFFSET_SHIFT	6	6	5767
B	RTL8367B_DROP_SYN1024_MASK		MASK	0x40	64	5768
B	RTL8367B_DROP_NULLSCAN_OFFSET		OFFSET_SHIFT	5	5	5769
B	RTL8367B_DROP_NULLSCAN_MASK		MASK	0x20	32	5770
B	RTL8367B_DROP_XMASCAN_OFFSET		OFFSET_SHIFT	4	4	5771
B	RTL8367B_DROP_XMASCAN_MASK		MASK	0x10	16	5772
B	RTL8367B_DROP_SYNFINSCAN_OFFSET		OFFSET_SHIFT	3	3	5773
B	RTL8367B_DROP_SYNFINSCAN_MASK		MASK	0x8	8	5774
B	RTL8367B_DROP_BLATATTACKS_OFFSET		OFFSET_SHIFT	2	2	5775
B	RTL8367B_DROP_BLATATTACKS_MASK		MASK	0x4	4	5776
B	RTL8367B_DROP_LANDATTACKS_OFFSET		OFFSET_SHIFT	1	1	5777
B	RTL8367B_DROP_LANDATTACKS_MASK		MASK	0x2	2	5778
B	RTL8367B_DROP_DAEQSA_OFFSET		OFFSET_SHIFT	0	0	5779
B	RTL8367B_DROP_DAEQSA_MASK		MASK	0x1	1	5780
B	RTL8367B_REG_FPGA_VER_CEN		REGISTER	0x08e0	2272	5782
B	RTL8367B_REG_QOS_PORT_QUEUE_NUMBER_CTRL0		REGISTER	0x0900	2304	5784
B	RTL8367B_PORT3_NUMBER_OFFSET		OFFSET_SHIFT	12	12	5785
B	RTL8367B_PORT3_NUMBER_MASK		MASK	0x7000	28672	5786
B	RTL8367B_PORT2_NUMBER_OFFSET		OFFSET_SHIFT	8	8	5787
B	RTL8367B_PORT2_NUMBER_MASK		MASK	0x700	1792	5788
B	RTL8367B_PORT1_NUMBER_OFFSET		OFFSET_SHIFT	4	4	5789
B	RTL8367B_PORT1_NUMBER_MASK		MASK	0x70	112	5790
B	RTL8367B_PORT0_NUMBER_OFFSET		OFFSET_SHIFT	0	0	5791
B	RTL8367B_PORT0_NUMBER_MASK		MASK	0x7	7	5792
B	RTL8367B_REG_QOS_PORT_QUEUE_NUMBER_CTRL1		REGISTER	0x0901	2305	5794
B	RTL8367B_PORT7_NUMBER_OFFSET		OFFSET_SHIFT	12	12	5795
B	RTL8367B_PORT7_NUMBER_MASK		MASK	0x7000	28672	5796
B	RTL8367B_PORT6_NUMBER_OFFSET		OFFSET_SHIFT	8	8	5797
B	RTL8367B_PORT6_NUMBER_MASK		MASK	0x700	1792	5798
B	RTL8367B_PORT5_NUMBER_OFFSET		OFFSET_SHIFT	4	4	5799
B	RTL8367B_PORT5_NUMBER_MASK		MASK	0x70	112	5800
B	RTL8367B_PORT4_NUMBER_OFFSET		OFFSET_SHIFT	0	0	5801
B	RTL8367B_PORT4_NUMBER_MASK		MASK	0x7	7	5802
B	RTL8367B_REG_QOS_1Q_PRIORITY_TO_QID_CTRL0		REGISTER	0x0904	2308	5804
B	RTL8367B_QOS_1Q_PRIORITY_TO_QID_CTRL0_PRIORITY3_TO_QID_OFFSET		OFFSET_SHIFT	12	12	5805
B	RTL8367B_QOS_1Q_PRIORITY_TO_QID_CTRL0_PRIORITY3_TO_QID_MASK		MASK	0x7000	28672	5806
B	RTL8367B_QOS_1Q_PRIORITY_TO_QID_CTRL0_PRIORITY2_TO_QID_OFFSET		OFFSET_SHIFT	8	8	5807
B	RTL8367B_QOS_1Q_PRIORITY_TO_QID_CTRL0_PRIORITY2_TO_QID_MASK		MASK	0x700	1792	5808
B	RTL8367B_QOS_1Q_PRIORITY_TO_QID_CTRL0_PRIORITY1_TO_QID_OFFSET		OFFSET_SHIFT	4	4	5809
B	RTL8367B_QOS_1Q_PRIORITY_TO_QID_CTRL0_PRIORITY1_TO_QID_MASK		MASK	0x70	112	5810
B	RTL8367B_QOS_1Q_PRIORITY_TO_QID_CTRL0_PRIORITY0_TO_QID_OFFSET		OFFSET_SHIFT	0	0	5811
B	RTL8367B_QOS_1Q_PRIORITY_TO_QID_CTRL0_PRIORITY0_TO_QID_MASK		MASK	0x7	7	5812
B	RTL8367B_REG_QOS_1Q_PRIORITY_TO_QID_CTRL1		REGISTER	0x0905	2309	5814
B	RTL8367B_QOS_1Q_PRIORITY_TO_QID_CTRL1_PRIORITY7_TO_QID_OFFSET		OFFSET_SHIFT	12	12	5815
B	RTL8367B_QOS_1Q_PRIORITY_TO_QID_CTRL1_PRIORITY7_TO_QID_MASK		MASK	0x7000	28672	5816
B	RTL8367B_QOS_1Q_PRIORITY_TO_QID_CTRL1_PRIORITY6_TO_QID_OFFSET		OFFSET_SHIFT	8	8	5817
B	RTL8367B_QOS_1Q_PRIORITY_TO_QID_CTRL1_PRIORITY6_TO_QID_MASK		MASK	0x700	1792	5818
B	RTL8367B_QOS_1Q_PRIORITY_TO_QID_CTRL1_PRIORITY5_TO_QID_OFFSET		OFFSET_SHIFT	4	4	5819
B	RTL8367B_QOS_1Q_PRIORITY_TO_QID_CTRL1_PRIORITY5_TO_QID_MASK		MASK	0x70	112	5820
B	RTL8367B_QOS_1Q_PRIORITY_TO_QID_CTRL1_PRIORITY4_TO_QID_OFFSET		OFFSET_SHIFT	0	0	5821
B	RTL8367B_QOS_1Q_PRIORITY_TO_QID_CTRL1_PRIORITY4_TO_QID_MASK		MASK	0x7	7	5822
B	RTL8367B_REG_QOS_2Q_PRIORITY_TO_QID_CTRL0		REGISTER	0x0906	2310	5824
B	RTL8367B_QOS_2Q_PRIORITY_TO_QID_CTRL0_PRIORITY3_TO_QID_OFFSET		OFFSET_SHIFT	12	12	5825
B	RTL8367B_QOS_2Q_PRIORITY_TO_QID_CTRL0_PRIORITY3_TO_QID_MASK		MASK	0x7000	28672	5826
B	RTL8367B_QOS_2Q_PRIORITY_TO_QID_CTRL0_PRIORITY2_TO_QID_OFFSET		OFFSET_SHIFT	8	8	5827
B	RTL8367B_QOS_2Q_PRIORITY_TO_QID_CTRL0_PRIORITY2_TO_QID_MASK		MASK	0x700	1792	5828
B	RTL8367B_QOS_2Q_PRIORITY_TO_QID_CTRL0_PRIORITY1_TO_QID_OFFSET		OFFSET_SHIFT	4	4	5829
B	RTL8367B_QOS_2Q_PRIORITY_TO_QID_CTRL0_PRIORITY1_TO_QID_MASK		MASK	0x70	112	5830
B	RTL8367B_QOS_2Q_PRIORITY_TO_QID_CTRL0_PRIORITY0_TO_QID_OFFSET		OFFSET_SHIFT	0	0	5831
B	RTL8367B_QOS_2Q_PRIORITY_TO_QID_CTRL0_PRIORITY0_TO_QID_MASK		MASK	0x7	7	5832
B	RTL8367B_REG_QOS_2Q_PRIORITY_TO_QID_CTRL1		REGISTER	0x0907	2311	5834
B	RTL8367B_QOS_2Q_PRIORITY_TO_QID_CTRL1_PRIORITY7_TO_QID_OFFSET		OFFSET_SHIFT	12	12	5835
B	RTL8367B_QOS_2Q_PRIORITY_TO_QID_CTRL1_PRIORITY7_TO_QID_MASK		MASK	0x7000	28672	5836
B	RTL8367B_QOS_2Q_PRIORITY_TO_QID_CTRL1_PRIORITY6_TO_QID_OFFSET		OFFSET_SHIFT	8	8	5837
B	RTL8367B_QOS_2Q_PRIORITY_TO_QID_CTRL1_PRIORITY6_TO_QID_MASK		MASK	0x700	1792	5838
B	RTL8367B_QOS_2Q_PRIORITY_TO_QID_CTRL1_PRIORITY5_TO_QID_OFFSET		OFFSET_SHIFT	4	4	5839
B	RTL8367B_QOS_2Q_PRIORITY_TO_QID_CTRL1_PRIORITY5_TO_QID_MASK		MASK	0x70	112	5840
B	RTL8367B_QOS_2Q_PRIORITY_TO_QID_CTRL1_PRIORITY4_TO_QID_OFFSET		OFFSET_SHIFT	0	0	5841
B	RTL8367B_QOS_2Q_PRIORITY_TO_QID_CTRL1_PRIORITY4_TO_QID_MASK		MASK	0x7	7	5842
B	RTL8367B_REG_QOS_3Q_PRIORITY_TO_QID_CTRL0		REGISTER	0x0908	2312	5844
B	RTL8367B_QOS_3Q_PRIORITY_TO_QID_CTRL0_PRIORITY3_TO_QID_OFFSET		OFFSET_SHIFT	12	12	5845
B	RTL8367B_QOS_3Q_PRIORITY_TO_QID_CTRL0_PRIORITY3_TO_QID_MASK		MASK	0x7000	28672	5846
B	RTL8367B_QOS_3Q_PRIORITY_TO_QID_CTRL0_PRIORITY2_TO_QID_OFFSET		OFFSET_SHIFT	8	8	5847
B	RTL8367B_QOS_3Q_PRIORITY_TO_QID_CTRL0_PRIORITY2_TO_QID_MASK		MASK	0x700	1792	5848
B	RTL8367B_QOS_3Q_PRIORITY_TO_QID_CTRL0_PRIORITY1_TO_QID_OFFSET		OFFSET_SHIFT	4	4	5849
B	RTL8367B_QOS_3Q_PRIORITY_TO_QID_CTRL0_PRIORITY1_TO_QID_MASK		MASK	0x70	112	5850
B	RTL8367B_QOS_3Q_PRIORITY_TO_QID_CTRL0_PRIORITY0_TO_QID_OFFSET		OFFSET_SHIFT	0	0	5851
B	RTL8367B_QOS_3Q_PRIORITY_TO_QID_CTRL0_PRIORITY0_TO_QID_MASK		MASK	0x7	7	5852
B	RTL8367B_REG_QOS_3Q_PRIORITY_TO_QID_CTRL1		REGISTER	0x0909	2313	5854
B	RTL8367B_QOS_3Q_PRIORITY_TO_QID_CTRL1_PRIORITY7_TO_QID_OFFSET		OFFSET_SHIFT	12	12	5855
B	RTL8367B_QOS_3Q_PRIORITY_TO_QID_CTRL1_PRIORITY7_TO_QID_MASK		MASK	0x7000	28672	5856
B	RTL8367B_QOS_3Q_PRIORITY_TO_QID_CTRL1_PRIORITY6_TO_QID_OFFSET		OFFSET_SHIFT	8	8	5857
B	RTL8367B_QOS_3Q_PRIORITY_TO_QID_CTRL1_PRIORITY6_TO_QID_MASK		MASK	0x700	1792	5858
B	RTL8367B_QOS_3Q_PRIORITY_TO_QID_CTRL1_PRIORITY5_TO_QID_OFFSET		OFFSET_SHIFT	4	4	5859
B	RTL8367B_QOS_3Q_PRIORITY_TO_QID_CTRL1_PRIORITY5_TO_QID_MASK		MASK	0x70	112	5860
B	RTL8367B_QOS_3Q_PRIORITY_TO_QID_CTRL1_PRIORITY4_TO_QID_OFFSET		OFFSET_SHIFT	0	0	5861
B	RTL8367B_QOS_3Q_PRIORITY_TO_QID_CTRL1_PRIORITY4_TO_QID_MASK		MASK	0x7	7	5862
B	RTL8367B_REG_QOS_4Q_PRIORITY_TO_QID_CTRL0		REGISTER	0x090a	2314	5864
B	RTL8367B_QOS_4Q_PRIORITY_TO_QID_CTRL0_PRIORITY3_TO_QID_OFFSET		OFFSET_SHIFT	12	12	5865
B	RTL8367B_QOS_4Q_PRIORITY_TO_QID_CTRL0_PRIORITY3_TO_QID_MASK		MASK	0x7000	28672	5866
B	RTL8367B_QOS_4Q_PRIORITY_TO_QID_CTRL0_PRIORITY2_TO_QID_OFFSET		OFFSET_SHIFT	8	8	5867
B	RTL8367B_QOS_4Q_PRIORITY_TO_QID_CTRL0_PRIORITY2_TO_QID_MASK		MASK	0x700	1792	5868
B	RTL8367B_QOS_4Q_PRIORITY_TO_QID_CTRL0_PRIORITY1_TO_QID_OFFSET		OFFSET_SHIFT	4	4	5869
B	RTL8367B_QOS_4Q_PRIORITY_TO_QID_CTRL0_PRIORITY1_TO_QID_MASK		MASK	0x70	112	5870
B	RTL8367B_QOS_4Q_PRIORITY_TO_QID_CTRL0_PRIORITY0_TO_QID_OFFSET		OFFSET_SHIFT	0	0	5871
B	RTL8367B_QOS_4Q_PRIORITY_TO_QID_CTRL0_PRIORITY0_TO_QID_MASK		MASK	0x7	7	5872
B	RTL8367B_REG_QOS_4Q_PRIORITY_TO_QID_CTRL1		REGISTER	0x090b	2315	5874
B	RTL8367B_QOS_4Q_PRIORITY_TO_QID_CTRL1_PRIORITY7_TO_QID_OFFSET		OFFSET_SHIFT	12	12	5875
B	RTL8367B_QOS_4Q_PRIORITY_TO_QID_CTRL1_PRIORITY7_TO_QID_MASK		MASK	0x7000	28672	5876
B	RTL8367B_QOS_4Q_PRIORITY_TO_QID_CTRL1_PRIORITY6_TO_QID_OFFSET		OFFSET_SHIFT	8	8	5877
B	RTL8367B_QOS_4Q_PRIORITY_TO_QID_CTRL1_PRIORITY6_TO_QID_MASK		MASK	0x700	1792	5878
B	RTL8367B_QOS_4Q_PRIORITY_TO_QID_CTRL1_PRIORITY5_TO_QID_OFFSET		OFFSET_SHIFT	4	4	5879
B	RTL8367B_QOS_4Q_PRIORITY_TO_QID_CTRL1_PRIORITY5_TO_QID_MASK		MASK	0x70	112	5880
B	RTL8367B_QOS_4Q_PRIORITY_TO_QID_CTRL1_PRIORITY4_TO_QID_OFFSET		OFFSET_SHIFT	0	0	5881
B	RTL8367B_QOS_4Q_PRIORITY_TO_QID_CTRL1_PRIORITY4_TO_QID_MASK		MASK	0x7	7	5882
B	RTL8367B_REG_QOS_5Q_PRIORITY_TO_QID_CTRL0		REGISTER	0x090c	2316	5884
B	RTL8367B_QOS_5Q_PRIORITY_TO_QID_CTRL0_PRIORITY3_TO_QID_OFFSET		OFFSET_SHIFT	12	12	5885
B	RTL8367B_QOS_5Q_PRIORITY_TO_QID_CTRL0_PRIORITY3_TO_QID_MASK		MASK	0x7000	28672	5886
B	RTL8367B_QOS_5Q_PRIORITY_TO_QID_CTRL0_PRIORITY2_TO_QID_OFFSET		OFFSET_SHIFT	8	8	5887
B	RTL8367B_QOS_5Q_PRIORITY_TO_QID_CTRL0_PRIORITY2_TO_QID_MASK		MASK	0x700	1792	5888
B	RTL8367B_QOS_5Q_PRIORITY_TO_QID_CTRL0_PRIORITY1_TO_QID_OFFSET		OFFSET_SHIFT	4	4	5889
B	RTL8367B_QOS_5Q_PRIORITY_TO_QID_CTRL0_PRIORITY1_TO_QID_MASK		MASK	0x70	112	5890
B	RTL8367B_QOS_5Q_PRIORITY_TO_QID_CTRL0_PRIORITY0_TO_QID_OFFSET		OFFSET_SHIFT	0	0	5891
B	RTL8367B_QOS_5Q_PRIORITY_TO_QID_CTRL0_PRIORITY0_TO_QID_MASK		MASK	0x7	7	5892
B	RTL8367B_REG_QOS_5Q_PRIORITY_TO_QID_CTRL1		REGISTER	0x090d	2317	5894
B	RTL8367B_QOS_5Q_PRIORITY_TO_QID_CTRL1_PRIORITY7_TO_QID_OFFSET		OFFSET_SHIFT	12	12	5895
B	RTL8367B_QOS_5Q_PRIORITY_TO_QID_CTRL1_PRIORITY7_TO_QID_MASK		MASK	0x7000	28672	5896
B	RTL8367B_QOS_5Q_PRIORITY_TO_QID_CTRL1_PRIORITY6_TO_QID_OFFSET		OFFSET_SHIFT	8	8	5897
B	RTL8367B_QOS_5Q_PRIORITY_TO_QID_CTRL1_PRIORITY6_TO_QID_MASK		MASK	0x700	1792	5898
B	RTL8367B_QOS_5Q_PRIORITY_TO_QID_CTRL1_PRIORITY5_TO_QID_OFFSET		OFFSET_SHIFT	4	4	5899
B	RTL8367B_QOS_5Q_PRIORITY_TO_QID_CTRL1_PRIORITY5_TO_QID_MASK		MASK	0x70	112	5900
B	RTL8367B_QOS_5Q_PRIORITY_TO_QID_CTRL1_PRIORITY4_TO_QID_OFFSET		OFFSET_SHIFT	0	0	5901
B	RTL8367B_QOS_5Q_PRIORITY_TO_QID_CTRL1_PRIORITY4_TO_QID_MASK		MASK	0x7	7	5902
B	RTL8367B_REG_QOS_6Q_PRIORITY_TO_QID_CTRL0		REGISTER	0x090e	2318	5904
B	RTL8367B_QOS_6Q_PRIORITY_TO_QID_CTRL0_PRIORITY3_TO_QID_OFFSET		OFFSET_SHIFT	12	12	5905
B	RTL8367B_QOS_6Q_PRIORITY_TO_QID_CTRL0_PRIORITY3_TO_QID_MASK		MASK	0x7000	28672	5906
B	RTL8367B_QOS_6Q_PRIORITY_TO_QID_CTRL0_PRIORITY2_TO_QID_OFFSET		OFFSET_SHIFT	8	8	5907
B	RTL8367B_QOS_6Q_PRIORITY_TO_QID_CTRL0_PRIORITY2_TO_QID_MASK		MASK	0x700	1792	5908
B	RTL8367B_QOS_6Q_PRIORITY_TO_QID_CTRL0_PRIORITY1_TO_QID_OFFSET		OFFSET_SHIFT	4	4	5909
B	RTL8367B_QOS_6Q_PRIORITY_TO_QID_CTRL0_PRIORITY1_TO_QID_MASK		MASK	0x70	112	5910
B	RTL8367B_QOS_6Q_PRIORITY_TO_QID_CTRL0_PRIORITY0_TO_QID_OFFSET		OFFSET_SHIFT	0	0	5911
B	RTL8367B_QOS_6Q_PRIORITY_TO_QID_CTRL0_PRIORITY0_TO_QID_MASK		MASK	0x7	7	5912
B	RTL8367B_REG_QOS_6Q_PRIORITY_TO_QID_CTRL1		REGISTER	0x090f	2319	5914
B	RTL8367B_QOS_6Q_PRIORITY_TO_QID_CTRL1_PRIORITY7_TO_QID_OFFSET		OFFSET_SHIFT	12	12	5915
B	RTL8367B_QOS_6Q_PRIORITY_TO_QID_CTRL1_PRIORITY7_TO_QID_MASK		MASK	0x7000	28672	5916
B	RTL8367B_QOS_6Q_PRIORITY_TO_QID_CTRL1_PRIORITY6_TO_QID_OFFSET		OFFSET_SHIFT	8	8	5917
B	RTL8367B_QOS_6Q_PRIORITY_TO_QID_CTRL1_PRIORITY6_TO_QID_MASK		MASK	0x700	1792	5918
B	RTL8367B_QOS_6Q_PRIORITY_TO_QID_CTRL1_PRIORITY5_TO_QID_OFFSET		OFFSET_SHIFT	4	4	5919
B	RTL8367B_QOS_6Q_PRIORITY_TO_QID_CTRL1_PRIORITY5_TO_QID_MASK		MASK	0x70	112	5920
B	RTL8367B_QOS_6Q_PRIORITY_TO_QID_CTRL1_PRIORITY4_TO_QID_OFFSET		OFFSET_SHIFT	0	0	5921
B	RTL8367B_QOS_6Q_PRIORITY_TO_QID_CTRL1_PRIORITY4_TO_QID_MASK		MASK	0x7	7	5922
B	RTL8367B_REG_QOS_7Q_PRIORITY_TO_QID_CTRL0		REGISTER	0x0910	2320	5924
B	RTL8367B_QOS_7Q_PRIORITY_TO_QID_CTRL0_PRIORITY3_TO_QID_OFFSET		OFFSET_SHIFT	12	12	5925
B	RTL8367B_QOS_7Q_PRIORITY_TO_QID_CTRL0_PRIORITY3_TO_QID_MASK		MASK	0x7000	28672	5926
B	RTL8367B_QOS_7Q_PRIORITY_TO_QID_CTRL0_PRIORITY2_TO_QID_OFFSET		OFFSET_SHIFT	8	8	5927
B	RTL8367B_QOS_7Q_PRIORITY_TO_QID_CTRL0_PRIORITY2_TO_QID_MASK		MASK	0x700	1792	5928
B	RTL8367B_QOS_7Q_PRIORITY_TO_QID_CTRL0_PRIORITY1_TO_QID_OFFSET		OFFSET_SHIFT	4	4	5929
B	RTL8367B_QOS_7Q_PRIORITY_TO_QID_CTRL0_PRIORITY1_TO_QID_MASK		MASK	0x70	112	5930
B	RTL8367B_QOS_7Q_PRIORITY_TO_QID_CTRL0_PRIORITY0_TO_QID_OFFSET		OFFSET_SHIFT	0	0	5931
B	RTL8367B_QOS_7Q_PRIORITY_TO_QID_CTRL0_PRIORITY0_TO_QID_MASK		MASK	0x7	7	5932
B	RTL8367B_REG_QOS_7Q_PRIORITY_TO_QID_CTRL1		REGISTER	0x0911	2321	5934
B	RTL8367B_QOS_7Q_PRIORITY_TO_QID_CTRL1_PRIORITY7_TO_QID_OFFSET		OFFSET_SHIFT	12	12	5935
B	RTL8367B_QOS_7Q_PRIORITY_TO_QID_CTRL1_PRIORITY7_TO_QID_MASK		MASK	0x7000	28672	5936
B	RTL8367B_QOS_7Q_PRIORITY_TO_QID_CTRL1_PRIORITY6_TO_QID_OFFSET		OFFSET_SHIFT	8	8	5937
B	RTL8367B_QOS_7Q_PRIORITY_TO_QID_CTRL1_PRIORITY6_TO_QID_MASK		MASK	0x700	1792	5938
B	RTL8367B_QOS_7Q_PRIORITY_TO_QID_CTRL1_PRIORITY5_TO_QID_OFFSET		OFFSET_SHIFT	4	4	5939
B	RTL8367B_QOS_7Q_PRIORITY_TO_QID_CTRL1_PRIORITY5_TO_QID_MASK		MASK	0x70	112	5940
B	RTL8367B_QOS_7Q_PRIORITY_TO_QID_CTRL1_PRIORITY4_TO_QID_OFFSET		OFFSET_SHIFT	0	0	5941
B	RTL8367B_QOS_7Q_PRIORITY_TO_QID_CTRL1_PRIORITY4_TO_QID_MASK		MASK	0x7	7	5942
B	RTL8367B_REG_QOS_8Q_PRIORITY_TO_QID_CTRL0		REGISTER	0x0912	2322	5944
B	RTL8367B_QOS_8Q_PRIORITY_TO_QID_CTRL0_PRIORITY3_TO_QID_OFFSET		OFFSET_SHIFT	12	12	5945
B	RTL8367B_QOS_8Q_PRIORITY_TO_QID_CTRL0_PRIORITY3_TO_QID_MASK		MASK	0x7000	28672	5946
B	RTL8367B_QOS_8Q_PRIORITY_TO_QID_CTRL0_PRIORITY2_TO_QID_OFFSET		OFFSET_SHIFT	8	8	5947
B	RTL8367B_QOS_8Q_PRIORITY_TO_QID_CTRL0_PRIORITY2_TO_QID_MASK		MASK	0x700	1792	5948
B	RTL8367B_QOS_8Q_PRIORITY_TO_QID_CTRL0_PRIORITY1_TO_QID_OFFSET		OFFSET_SHIFT	4	4	5949
B	RTL8367B_QOS_8Q_PRIORITY_TO_QID_CTRL0_PRIORITY1_TO_QID_MASK		MASK	0x70	112	5950
B	RTL8367B_QOS_8Q_PRIORITY_TO_QID_CTRL0_PRIORITY0_TO_QID_OFFSET		OFFSET_SHIFT	0	0	5951
B	RTL8367B_QOS_8Q_PRIORITY_TO_QID_CTRL0_PRIORITY0_TO_QID_MASK		MASK	0x7	7	5952
B	RTL8367B_REG_QOS_8Q_PRIORITY_TO_QID_CTRL1		REGISTER	0x0913	2323	5954
B	RTL8367B_QOS_8Q_PRIORITY_TO_QID_CTRL1_PRIORITY7_TO_QID_OFFSET		OFFSET_SHIFT	12	12	5955
B	RTL8367B_QOS_8Q_PRIORITY_TO_QID_CTRL1_PRIORITY7_TO_QID_MASK		MASK	0x7000	28672	5956
B	RTL8367B_QOS_8Q_PRIORITY_TO_QID_CTRL1_PRIORITY6_TO_QID_OFFSET		OFFSET_SHIFT	8	8	5957
B	RTL8367B_QOS_8Q_PRIORITY_TO_QID_CTRL1_PRIORITY6_TO_QID_MASK		MASK	0x700	1792	5958
B	RTL8367B_QOS_8Q_PRIORITY_TO_QID_CTRL1_PRIORITY5_TO_QID_OFFSET		OFFSET_SHIFT	4	4	5959
B	RTL8367B_QOS_8Q_PRIORITY_TO_QID_CTRL1_PRIORITY5_TO_QID_MASK		MASK	0x70	112	5960
B	RTL8367B_QOS_8Q_PRIORITY_TO_QID_CTRL1_PRIORITY4_TO_QID_OFFSET		OFFSET_SHIFT	0	0	5961
B	RTL8367B_QOS_8Q_PRIORITY_TO_QID_CTRL1_PRIORITY4_TO_QID_MASK		MASK	0x7	7	5962
B	RTL8367B_REG_HIGHPRI_INDICATOR		REGISTER	0x0915	2325	5964
B	RTL8367B_PORT7_INDICATOR_OFFSET		OFFSET_SHIFT	7	7	5965
B	RTL8367B_PORT7_INDICATOR_MASK		MASK	0x80	128	5966
B	RTL8367B_PORT6_INDICATOR_OFFSET		OFFSET_SHIFT	6	6	5967
B	RTL8367B_PORT6_INDICATOR_MASK		MASK	0x40	64	5968
B	RTL8367B_PORT5_INDICATOR_OFFSET		OFFSET_SHIFT	5	5	5969
B	RTL8367B_PORT5_INDICATOR_MASK		MASK	0x20	32	5970
B	RTL8367B_PORT4_INDICATOR_OFFSET		OFFSET_SHIFT	4	4	5971
B	RTL8367B_PORT4_INDICATOR_MASK		MASK	0x10	16	5972
B	RTL8367B_PORT3_INDICATOR_OFFSET		OFFSET_SHIFT	3	3	5973
B	RTL8367B_PORT3_INDICATOR_MASK		MASK	0x8	8	5974
B	RTL8367B_PORT2_INDICATOR_OFFSET		OFFSET_SHIFT	2	2	5975
B	RTL8367B_PORT2_INDICATOR_MASK		MASK	0x4	4	5976
B	RTL8367B_PORT1_INDICATOR_OFFSET		OFFSET_SHIFT	1	1	5977
B	RTL8367B_PORT1_INDICATOR_MASK		MASK	0x2	2	5978
B	RTL8367B_PORT0_INDICATOR_OFFSET		OFFSET_SHIFT	0	0	5979
B	RTL8367B_PORT0_INDICATOR_MASK		MASK	0x1	1	5980
B	RTL8367B_REG_HIGHPRI_CFG		REGISTER	0x0916	2326	5982
B	RTL8367B_HIGHPRI_CFG_OFFSET		OFFSET_SHIFT	0	0	5983
B	RTL8367B_HIGHPRI_CFG_MASK		MASK	0xFF	255	5984
B	RTL8367B_REG_PORT_DEBUG_INFO_CTRL0		REGISTER	0x0917	2327	5986
B	RTL8367B_PORT1_DEBUG_INFO_OFFSET		OFFSET_SHIFT	8	8	5987
B	RTL8367B_PORT1_DEBUG_INFO_MASK		MASK	0xFF00	65280	5988
B	RTL8367B_PORT0_DEBUG_INFO_OFFSET		OFFSET_SHIFT	0	0	5989
B	RTL8367B_PORT0_DEBUG_INFO_MASK		MASK	0xFF	255	5990
B	RTL8367B_REG_PORT_DEBUG_INFO_CTRL1		REGISTER	0x0918	2328	5992
B	RTL8367B_PORT3_DEBUG_INFO_OFFSET		OFFSET_SHIFT	8	8	5993
B	RTL8367B_PORT3_DEBUG_INFO_MASK		MASK	0xFF00	65280	5994
B	RTL8367B_PORT2_DEBUG_INFO_OFFSET		OFFSET_SHIFT	0	0	5995
B	RTL8367B_PORT2_DEBUG_INFO_MASK		MASK	0xFF	255	5996
B	RTL8367B_REG_PORT_DEBUG_INFO_CTRL2		REGISTER	0x0919	2329	5998
B	RTL8367B_PORT5_DEBUG_INFO_OFFSET		OFFSET_SHIFT	8	8	5999
B	RTL8367B_PORT5_DEBUG_INFO_MASK		MASK	0xFF00	65280	6000
B	RTL8367B_PORT4_DEBUG_INFO_OFFSET		OFFSET_SHIFT	0	0	6001
B	RTL8367B_PORT4_DEBUG_INFO_MASK		MASK	0xFF	255	6002
B	RTL8367B_REG_PORT_DEBUG_INFO_CTRL3		REGISTER	0x091a	2330	6004
B	RTL8367B_PORT7_DEBUG_INFO_OFFSET		OFFSET_SHIFT	8	8	6005
B	RTL8367B_PORT7_DEBUG_INFO_MASK		MASK	0xFF00	65280	6006
B	RTL8367B_PORT6_DEBUG_INFO_OFFSET		OFFSET_SHIFT	0	0	6007
B	RTL8367B_PORT6_DEBUG_INFO_MASK		MASK	0xFF	255	6008
B	RTL8367B_REG_FLOWCRTL_EGRESS_QUEUE_ENABLE_CTRL0		REGISTER	0x0930	2352	6010
B	RTL8367B_PORT1_QUEUE_MASK_OFFSET		MASK	8	8	6011
B	RTL8367B_PORT1_QUEUE_MASK_MASK		MASK	0xFF00	65280	6012
B	RTL8367B_PORT0_QUEUE_MASK_OFFSET		MASK	0	0	6013
B	RTL8367B_PORT0_QUEUE_MASK_MASK		MASK	0xFF	255	6014
B	RTL8367B_REG_FLOWCRTL_EGRESS_QUEUE_ENABLE_CTRL1		REGISTER	0x0931	2353	6016
B	RTL8367B_PORT3_QUEUE_MASK_OFFSET		MASK	8	8	6017
B	RTL8367B_PORT3_QUEUE_MASK_MASK		MASK	0xFF00	65280	6018
B	RTL8367B_PORT2_QUEUE_MASK_OFFSET		MASK	0	0	6019
B	RTL8367B_PORT2_QUEUE_MASK_MASK		MASK	0xFF	255	6020
B	RTL8367B_REG_FLOWCRTL_EGRESS_QUEUE_ENABLE_CTRL2		REGISTER	0x0932	2354	6022
B	RTL8367B_PORT5_QUEUE_MASK_OFFSET		MASK	8	8	6023
B	RTL8367B_PORT5_QUEUE_MASK_MASK		MASK	0xFF00	65280	6024
B	RTL8367B_PORT4_QUEUE_MASK_OFFSET		MASK	0	0	6025
B	RTL8367B_PORT4_QUEUE_MASK_MASK		MASK	0xFF	255	6026
B	RTL8367B_REG_FLOWCRTL_EGRESS_QUEUE_ENABLE_CTRL3		REGISTER	0x0933	2355	6028
B	RTL8367B_PORT7_QUEUE_MASK_OFFSET		MASK	8	8	6029
B	RTL8367B_PORT7_QUEUE_MASK_MASK		MASK	0xFF00	65280	6030
B	RTL8367B_PORT6_QUEUE_MASK_OFFSET		MASK	0	0	6031
B	RTL8367B_PORT6_QUEUE_MASK_MASK		MASK	0xFF	255	6032
B	RTL8367B_REG_FLOWCRTL_EGRESS_PORT_ENABLE		REGISTER	0x0938	2360	6034
B	RTL8367B_FLOWCRTL_EGRESS_PORT_ENABLE_OFFSET		OFFSET_SHIFT	0	0	6035
B	RTL8367B_FLOWCRTL_EGRESS_PORT_ENABLE_MASK		MASK	0xFF	255	6036
B	RTL8367B_REG_EAV_CTRL		REGISTER	0x0939	2361	6038
B	RTL8367B_EAV_TRAP_CPU_OFFSET		OFFSET_SHIFT	1	1	6039
B	RTL8367B_EAV_TRAP_CPU_MASK		MASK	0x2	2	6040
B	RTL8367B_EAV_TRAP_8051_OFFSET		OFFSET_SHIFT	0	0	6041
B	RTL8367B_EAV_TRAP_8051_MASK		MASK	0x1	1	6042
B	RTL8367B_REG_UNTAG_DSCP_PRI_CFG		REGISTER	0x093a	2362	6044
B	RTL8367B_UNTAG_DSCP_PRI_CFG_OFFSET		OFFSET_SHIFT	0	0	6045
B	RTL8367B_UNTAG_DSCP_PRI_CFG_MASK		MASK	0x1	1	6046
B	RTL8367B_REG_VLAN_EGRESS_KEEP_CTRL0		REGISTER	0x093b	2363	6048
B	RTL8367B_PORT1_VLAN_KEEP_MASK_OFFSET		MASK	8	8	6049
B	RTL8367B_PORT1_VLAN_KEEP_MASK_MASK		MASK	0xFF00	65280	6050
B	RTL8367B_PORT0_VLAN_KEEP_MASK_OFFSET		MASK	0	0	6051
B	RTL8367B_PORT0_VLAN_KEEP_MASK_MASK		MASK	0xFF	255	6052
B	RTL8367B_REG_VLAN_EGRESS_KEEP_CTRL1		REGISTER	0x093c	2364	6054
B	RTL8367B_PORT3_VLAN_KEEP_MASK_OFFSET		MASK	8	8	6055
B	RTL8367B_PORT3_VLAN_KEEP_MASK_MASK		MASK	0xFF00	65280	6056
B	RTL8367B_PORT2_VLAN_KEEP_MASK_OFFSET		MASK	0	0	6057
B	RTL8367B_PORT2_VLAN_KEEP_MASK_MASK		MASK	0xFF	255	6058
B	RTL8367B_REG_VLAN_EGRESS_KEEP_CTRL2		REGISTER	0x093d	2365	6060
B	RTL8367B_PORT5_VLAN_KEEP_MASK_OFFSET		MASK	8	8	6061
B	RTL8367B_PORT5_VLAN_KEEP_MASK_MASK		MASK	0xFF00	65280	6062
B	RTL8367B_PORT4_VLAN_KEEP_MASK_OFFSET		MASK	0	0	6063
B	RTL8367B_PORT4_VLAN_KEEP_MASK_MASK		MASK	0xFF	255	6064
B	RTL8367B_REG_VLAN_EGRESS_KEEP_CTRL3		REGISTER	0x093e	2366	6066
B	RTL8367B_PORT7_VLAN_KEEP_MASK_OFFSET		MASK	8	8	6067
B	RTL8367B_PORT7_VLAN_KEEP_MASK_MASK		MASK	0xFF00	65280	6068
B	RTL8367B_PORT6_VLAN_KEEP_MASK_OFFSET		MASK	0	0	6069
B	RTL8367B_PORT6_VLAN_KEEP_MASK_MASK		MASK	0xFF	255	6070
B	RTL8367B_REG_VLAN_TRANSPARENT_EN_CFG		REGISTER	0x093f	2367	6072
B	RTL8367B_VLAN_TRANSPARENT_EN_CFG_OFFSET		OFFSET_SHIFT	0	0	6073
B	RTL8367B_VLAN_TRANSPARENT_EN_CFG_MASK		MASK	0x1	1	6074
B	RTL8367B_REG_IPMC_GROUP_ENTRY0_H		REGISTER	0x0940	2368	6076
B	RTL8367B_IPMC_GROUP_ENTRY0_H_OFFSET		OFFSET_SHIFT	0	0	6077
B	RTL8367B_IPMC_GROUP_ENTRY0_H_MASK		MASK	0xFFF	4095	6078
B	RTL8367B_REG_IPMC_GROUP_ENTRY0_L		REGISTER	0x0941	2369	6080
B	RTL8367B_REG_IPMC_GROUP_ENTRY1_H		REGISTER	0x0942	2370	6082
B	RTL8367B_IPMC_GROUP_ENTRY1_H_OFFSET		OFFSET_SHIFT	0	0	6083
B	RTL8367B_IPMC_GROUP_ENTRY1_H_MASK		MASK	0xFFF	4095	6084
B	RTL8367B_REG_IPMC_GROUP_ENTRY1_L		REGISTER	0x0943	2371	6086
B	RTL8367B_REG_IPMC_GROUP_ENTRY2_H		REGISTER	0x0944	2372	6088
B	RTL8367B_IPMC_GROUP_ENTRY2_H_OFFSET		OFFSET_SHIFT	0	0	6089
B	RTL8367B_IPMC_GROUP_ENTRY2_H_MASK		MASK	0xFFF	4095	6090
B	RTL8367B_REG_IPMC_GROUP_ENTRY2_L		REGISTER	0x0945	2373	6092
B	RTL8367B_REG_IPMC_GROUP_ENTRY3_H		REGISTER	0x0946	2374	6094
B	RTL8367B_IPMC_GROUP_ENTRY3_H_OFFSET		OFFSET_SHIFT	0	0	6095
B	RTL8367B_IPMC_GROUP_ENTRY3_H_MASK		MASK	0xFFF	4095	6096
B	RTL8367B_REG_IPMC_GROUP_ENTRY3_L		REGISTER	0x0947	2375	6098
B	RTL8367B_REG_IPMC_GROUP_ENTRY4_H		REGISTER	0x0948	2376	6100
B	RTL8367B_IPMC_GROUP_ENTRY4_H_OFFSET		OFFSET_SHIFT	0	0	6101
B	RTL8367B_IPMC_GROUP_ENTRY4_H_MASK		MASK	0xFFF	4095	6102
B	RTL8367B_REG_IPMC_GROUP_ENTRY4_L		REGISTER	0x0949	2377	6104
B	RTL8367B_REG_IPMC_GROUP_ENTRY5_H		REGISTER	0x094a	2378	6106
B	RTL8367B_IPMC_GROUP_ENTRY5_H_OFFSET		OFFSET_SHIFT	0	0	6107
B	RTL8367B_IPMC_GROUP_ENTRY5_H_MASK		MASK	0xFFF	4095	6108
B	RTL8367B_REG_IPMC_GROUP_ENTRY5_L		REGISTER	0x094b	2379	6110
B	RTL8367B_REG_IPMC_GROUP_ENTRY6_H		REGISTER	0x094c	2380	6112
B	RTL8367B_IPMC_GROUP_ENTRY6_H_OFFSET		OFFSET_SHIFT	0	0	6113
B	RTL8367B_IPMC_GROUP_ENTRY6_H_MASK		MASK	0xFFF	4095	6114
B	RTL8367B_REG_IPMC_GROUP_ENTRY6_L		REGISTER	0x094d	2381	6116
B	RTL8367B_REG_IPMC_GROUP_ENTRY7_H		REGISTER	0x094e	2382	6118
B	RTL8367B_IPMC_GROUP_ENTRY7_H_OFFSET		OFFSET_SHIFT	0	0	6119
B	RTL8367B_IPMC_GROUP_ENTRY7_H_MASK		MASK	0xFFF	4095	6120
B	RTL8367B_REG_IPMC_GROUP_ENTRY7_L		REGISTER	0x094f	2383	6122
B	RTL8367B_REG_IPMC_GROUP_ENTRY8_H		REGISTER	0x0950	2384	6124
B	RTL8367B_IPMC_GROUP_ENTRY8_H_OFFSET		OFFSET_SHIFT	0	0	6125
B	RTL8367B_IPMC_GROUP_ENTRY8_H_MASK		MASK	0xFFF	4095	6126
B	RTL8367B_REG_IPMC_GROUP_ENTRY8_L		REGISTER	0x0951	2385	6128
B	RTL8367B_REG_IPMC_GROUP_ENTRY9_H		REGISTER	0x0952	2386	6130
B	RTL8367B_IPMC_GROUP_ENTRY9_H_OFFSET		OFFSET_SHIFT	0	0	6131
B	RTL8367B_IPMC_GROUP_ENTRY9_H_MASK		MASK	0xFFF	4095	6132
B	RTL8367B_REG_IPMC_GROUP_ENTRY9_L		REGISTER	0x0953	2387	6134
B	RTL8367B_REG_IPMC_GROUP_ENTRY10_H		REGISTER	0x0954	2388	6136
B	RTL8367B_IPMC_GROUP_ENTRY10_H_OFFSET		OFFSET_SHIFT	0	0	6137
B	RTL8367B_IPMC_GROUP_ENTRY10_H_MASK		MASK	0xFFF	4095	6138
B	RTL8367B_REG_IPMC_GROUP_ENTRY10_L		REGISTER	0x0955	2389	6140
B	RTL8367B_REG_IPMC_GROUP_ENTRY11_H		REGISTER	0x0956	2390	6142
B	RTL8367B_IPMC_GROUP_ENTRY11_H_OFFSET		OFFSET_SHIFT	0	0	6143
B	RTL8367B_IPMC_GROUP_ENTRY11_H_MASK		MASK	0xFFF	4095	6144
B	RTL8367B_REG_IPMC_GROUP_ENTRY11_L		REGISTER	0x0957	2391	6146
B	RTL8367B_REG_IPMC_GROUP_ENTRY12_H		REGISTER	0x0958	2392	6148
B	RTL8367B_IPMC_GROUP_ENTRY12_H_OFFSET		OFFSET_SHIFT	0	0	6149
B	RTL8367B_IPMC_GROUP_ENTRY12_H_MASK		MASK	0xFFF	4095	6150
B	RTL8367B_REG_IPMC_GROUP_ENTRY12_L		REGISTER	0x0959	2393	6152
B	RTL8367B_REG_IPMC_GROUP_ENTRY13_H		REGISTER	0x095a	2394	6154
B	RTL8367B_IPMC_GROUP_ENTRY13_H_OFFSET		OFFSET_SHIFT	0	0	6155
B	RTL8367B_IPMC_GROUP_ENTRY13_H_MASK		MASK	0xFFF	4095	6156
B	RTL8367B_REG_IPMC_GROUP_ENTRY13_L		REGISTER	0x095b	2395	6158
B	RTL8367B_REG_IPMC_GROUP_ENTRY14_H		REGISTER	0x095c	2396	6160
B	RTL8367B_IPMC_GROUP_ENTRY14_H_OFFSET		OFFSET_SHIFT	0	0	6161
B	RTL8367B_IPMC_GROUP_ENTRY14_H_MASK		MASK	0xFFF	4095	6162
B	RTL8367B_REG_IPMC_GROUP_ENTRY14_L		REGISTER	0x095d	2397	6164
B	RTL8367B_REG_IPMC_GROUP_ENTRY15_H		REGISTER	0x095e	2398	6166
B	RTL8367B_IPMC_GROUP_ENTRY15_H_OFFSET		OFFSET_SHIFT	0	0	6167
B	RTL8367B_IPMC_GROUP_ENTRY15_H_MASK		MASK	0xFFF	4095	6168
B	RTL8367B_REG_IPMC_GROUP_ENTRY15_L		REGISTER	0x095f	2399	6170
B	RTL8367B_REG_IPMC_GROUP_ENTRY16_H		REGISTER	0x0960	2400	6172
B	RTL8367B_IPMC_GROUP_ENTRY16_H_OFFSET		OFFSET_SHIFT	0	0	6173
B	RTL8367B_IPMC_GROUP_ENTRY16_H_MASK		MASK	0xFFF	4095	6174
B	RTL8367B_REG_IPMC_GROUP_ENTRY16_L		REGISTER	0x0961	2401	6176
B	RTL8367B_REG_IPMC_GROUP_ENTRY17_H		REGISTER	0x0962	2402	6178
B	RTL8367B_IPMC_GROUP_ENTRY17_H_OFFSET		OFFSET_SHIFT	0	0	6179
B	RTL8367B_IPMC_GROUP_ENTRY17_H_MASK		MASK	0xFFF	4095	6180
B	RTL8367B_REG_IPMC_GROUP_ENTRY17_L		REGISTER	0x0963	2403	6182
B	RTL8367B_REG_IPMC_GROUP_ENTRY18_H		REGISTER	0x0964	2404	6184
B	RTL8367B_IPMC_GROUP_ENTRY18_H_OFFSET		OFFSET_SHIFT	0	0	6185
B	RTL8367B_IPMC_GROUP_ENTRY18_H_MASK		MASK	0xFFF	4095	6186
B	RTL8367B_REG_IPMC_GROUP_ENTRY18_L		REGISTER	0x0965	2405	6188
B	RTL8367B_REG_IPMC_GROUP_ENTRY19_H		REGISTER	0x0966	2406	6190
B	RTL8367B_IPMC_GROUP_ENTRY19_H_OFFSET		OFFSET_SHIFT	0	0	6191
B	RTL8367B_IPMC_GROUP_ENTRY19_H_MASK		MASK	0xFFF	4095	6192
B	RTL8367B_REG_IPMC_GROUP_ENTRY19_L		REGISTER	0x0967	2407	6194
B	RTL8367B_REG_IPMC_GROUP_ENTRY20_H		REGISTER	0x0968	2408	6196
B	RTL8367B_IPMC_GROUP_ENTRY20_H_OFFSET		OFFSET_SHIFT	0	0	6197
B	RTL8367B_IPMC_GROUP_ENTRY20_H_MASK		MASK	0xFFF	4095	6198
B	RTL8367B_REG_IPMC_GROUP_ENTRY20_L		REGISTER	0x0969	2409	6200
B	RTL8367B_REG_IPMC_GROUP_ENTRY21_H		REGISTER	0x096a	2410	6202
B	RTL8367B_IPMC_GROUP_ENTRY21_H_OFFSET		OFFSET_SHIFT	0	0	6203
B	RTL8367B_IPMC_GROUP_ENTRY21_H_MASK		MASK	0xFFF	4095	6204
B	RTL8367B_REG_IPMC_GROUP_ENTRY21_L		REGISTER	0x096b	2411	6206
B	RTL8367B_REG_IPMC_GROUP_ENTRY22_H		REGISTER	0x096c	2412	6208
B	RTL8367B_IPMC_GROUP_ENTRY22_H_OFFSET		OFFSET_SHIFT	0	0	6209
B	RTL8367B_IPMC_GROUP_ENTRY22_H_MASK		MASK	0xFFF	4095	6210
B	RTL8367B_REG_IPMC_GROUP_ENTRY22_L		REGISTER	0x096d	2413	6212
B	RTL8367B_REG_IPMC_GROUP_ENTRY23_H		REGISTER	0x096e	2414	6214
B	RTL8367B_IPMC_GROUP_ENTRY23_H_OFFSET		OFFSET_SHIFT	0	0	6215
B	RTL8367B_IPMC_GROUP_ENTRY23_H_MASK		MASK	0xFFF	4095	6216
B	RTL8367B_REG_IPMC_GROUP_ENTRY23_L		REGISTER	0x096f	2415	6218
B	RTL8367B_REG_IPMC_GROUP_ENTRY24_H		REGISTER	0x0970	2416	6220
B	RTL8367B_IPMC_GROUP_ENTRY24_H_OFFSET		OFFSET_SHIFT	0	0	6221
B	RTL8367B_IPMC_GROUP_ENTRY24_H_MASK		MASK	0xFFF	4095	6222
B	RTL8367B_REG_IPMC_GROUP_ENTRY24_L		REGISTER	0x0971	2417	6224
B	RTL8367B_REG_IPMC_GROUP_ENTRY25_H		REGISTER	0x0972	2418	6226
B	RTL8367B_IPMC_GROUP_ENTRY25_H_OFFSET		OFFSET_SHIFT	0	0	6227
B	RTL8367B_IPMC_GROUP_ENTRY25_H_MASK		MASK	0xFFF	4095	6228
B	RTL8367B_REG_IPMC_GROUP_ENTRY25_L		REGISTER	0x0973	2419	6230
B	RTL8367B_REG_IPMC_GROUP_ENTRY26_H		REGISTER	0x0974	2420	6232
B	RTL8367B_IPMC_GROUP_ENTRY26_H_OFFSET		OFFSET_SHIFT	0	0	6233
B	RTL8367B_IPMC_GROUP_ENTRY26_H_MASK		MASK	0xFFF	4095	6234
B	RTL8367B_REG_IPMC_GROUP_ENTRY26_L		REGISTER	0x0975	2421	6236
B	RTL8367B_REG_IPMC_GROUP_ENTRY27_H		REGISTER	0x0976	2422	6238
B	RTL8367B_IPMC_GROUP_ENTRY27_H_OFFSET		OFFSET_SHIFT	0	0	6239
B	RTL8367B_IPMC_GROUP_ENTRY27_H_MASK		MASK	0xFFF	4095	6240
B	RTL8367B_REG_IPMC_GROUP_ENTRY27_L		REGISTER	0x0977	2423	6242
B	RTL8367B_REG_IPMC_GROUP_ENTRY28_H		REGISTER	0x0978	2424	6244
B	RTL8367B_IPMC_GROUP_ENTRY28_H_OFFSET		OFFSET_SHIFT	0	0	6245
B	RTL8367B_IPMC_GROUP_ENTRY28_H_MASK		MASK	0xFFF	4095	6246
B	RTL8367B_REG_IPMC_GROUP_ENTRY28_L		REGISTER	0x0979	2425	6248
B	RTL8367B_REG_IPMC_GROUP_ENTRY29_H		REGISTER	0x097a	2426	6250
B	RTL8367B_IPMC_GROUP_ENTRY29_H_OFFSET		OFFSET_SHIFT	0	0	6251
B	RTL8367B_IPMC_GROUP_ENTRY29_H_MASK		MASK	0xFFF	4095	6252
B	RTL8367B_REG_IPMC_GROUP_ENTRY29_L		REGISTER	0x097b	2427	6254
B	RTL8367B_REG_IPMC_GROUP_ENTRY30_H		REGISTER	0x097c	2428	6256
B	RTL8367B_IPMC_GROUP_ENTRY30_H_OFFSET		OFFSET_SHIFT	0	0	6257
B	RTL8367B_IPMC_GROUP_ENTRY30_H_MASK		MASK	0xFFF	4095	6258
B	RTL8367B_REG_IPMC_GROUP_ENTRY30_L		REGISTER	0x097d	2429	6260
B	RTL8367B_REG_IPMC_GROUP_ENTRY31_H		REGISTER	0x097e	2430	6262
B	RTL8367B_IPMC_GROUP_ENTRY31_H_OFFSET		OFFSET_SHIFT	0	0	6263
B	RTL8367B_IPMC_GROUP_ENTRY31_H_MASK		MASK	0xFFF	4095	6264
B	RTL8367B_REG_IPMC_GROUP_ENTRY31_L		REGISTER	0x097f	2431	6266
B	RTL8367B_REG_IPMC_GROUP_ENTRY32_H		REGISTER	0x0980	2432	6268
B	RTL8367B_IPMC_GROUP_ENTRY32_H_OFFSET		OFFSET_SHIFT	0	0	6269
B	RTL8367B_IPMC_GROUP_ENTRY32_H_MASK		MASK	0xFFF	4095	6270
B	RTL8367B_REG_IPMC_GROUP_ENTRY32_L		REGISTER	0x0981	2433	6272
B	RTL8367B_REG_IPMC_GROUP_ENTRY33_H		REGISTER	0x0982	2434	6274
B	RTL8367B_IPMC_GROUP_ENTRY33_H_OFFSET		OFFSET_SHIFT	0	0	6275
B	RTL8367B_IPMC_GROUP_ENTRY33_H_MASK		MASK	0xFFF	4095	6276
B	RTL8367B_REG_IPMC_GROUP_ENTRY33_L		REGISTER	0x0983	2435	6278
B	RTL8367B_REG_IPMC_GROUP_ENTRY34_H		REGISTER	0x0984	2436	6280
B	RTL8367B_IPMC_GROUP_ENTRY34_H_OFFSET		OFFSET_SHIFT	0	0	6281
B	RTL8367B_IPMC_GROUP_ENTRY34_H_MASK		MASK	0xFFF	4095	6282
B	RTL8367B_REG_IPMC_GROUP_ENTRY34_L		REGISTER	0x0985	2437	6284
B	RTL8367B_REG_IPMC_GROUP_ENTRY35_H		REGISTER	0x0986	2438	6286
B	RTL8367B_IPMC_GROUP_ENTRY35_H_OFFSET		OFFSET_SHIFT	0	0	6287
B	RTL8367B_IPMC_GROUP_ENTRY35_H_MASK		MASK	0xFFF	4095	6288
B	RTL8367B_REG_IPMC_GROUP_ENTRY35_L		REGISTER	0x0987	2439	6290
B	RTL8367B_REG_IPMC_GROUP_ENTRY36_H		REGISTER	0x0988	2440	6292
B	RTL8367B_IPMC_GROUP_ENTRY36_H_OFFSET		OFFSET_SHIFT	0	0	6293
B	RTL8367B_IPMC_GROUP_ENTRY36_H_MASK		MASK	0xFFF	4095	6294
B	RTL8367B_REG_IPMC_GROUP_ENTRY36_L		REGISTER	0x0989	2441	6296
B	RTL8367B_REG_IPMC_GROUP_ENTRY37_H		REGISTER	0x098a	2442	6298
B	RTL8367B_IPMC_GROUP_ENTRY37_H_OFFSET		OFFSET_SHIFT	0	0	6299
B	RTL8367B_IPMC_GROUP_ENTRY37_H_MASK		MASK	0xFFF	4095	6300
B	RTL8367B_REG_IPMC_GROUP_ENTRY37_L		REGISTER	0x098b	2443	6302
B	RTL8367B_REG_IPMC_GROUP_ENTRY38_H		REGISTER	0x098c	2444	6304
B	RTL8367B_IPMC_GROUP_ENTRY38_H_OFFSET		OFFSET_SHIFT	0	0	6305
B	RTL8367B_IPMC_GROUP_ENTRY38_H_MASK		MASK	0xFFF	4095	6306
B	RTL8367B_REG_IPMC_GROUP_ENTRY38_L		REGISTER	0x098d	2445	6308
B	RTL8367B_REG_IPMC_GROUP_ENTRY39_H		REGISTER	0x098e	2446	6310
B	RTL8367B_IPMC_GROUP_ENTRY39_H_OFFSET		OFFSET_SHIFT	0	0	6311
B	RTL8367B_IPMC_GROUP_ENTRY39_H_MASK		MASK	0xFFF	4095	6312
B	RTL8367B_REG_IPMC_GROUP_ENTRY39_L		REGISTER	0x098f	2447	6314
B	RTL8367B_REG_IPMC_GROUP_ENTRY40_H		REGISTER	0x0990	2448	6316
B	RTL8367B_IPMC_GROUP_ENTRY40_H_OFFSET		OFFSET_SHIFT	0	0	6317
B	RTL8367B_IPMC_GROUP_ENTRY40_H_MASK		MASK	0xFFF	4095	6318
B	RTL8367B_REG_IPMC_GROUP_ENTRY40_L		REGISTER	0x0991	2449	6320
B	RTL8367B_REG_IPMC_GROUP_ENTRY41_H		REGISTER	0x0992	2450	6322
B	RTL8367B_IPMC_GROUP_ENTRY41_H_OFFSET		OFFSET_SHIFT	0	0	6323
B	RTL8367B_IPMC_GROUP_ENTRY41_H_MASK		MASK	0xFFF	4095	6324
B	RTL8367B_REG_IPMC_GROUP_ENTRY41_L		REGISTER	0x0993	2451	6326
B	RTL8367B_REG_IPMC_GROUP_ENTRY42_H		REGISTER	0x0994	2452	6328
B	RTL8367B_IPMC_GROUP_ENTRY42_H_OFFSET		OFFSET_SHIFT	0	0	6329
B	RTL8367B_IPMC_GROUP_ENTRY42_H_MASK		MASK	0xFFF	4095	6330
B	RTL8367B_REG_IPMC_GROUP_ENTRY42_L		REGISTER	0x0995	2453	6332
B	RTL8367B_REG_IPMC_GROUP_ENTRY43_H		REGISTER	0x0996	2454	6334
B	RTL8367B_IPMC_GROUP_ENTRY43_H_OFFSET		OFFSET_SHIFT	0	0	6335
B	RTL8367B_IPMC_GROUP_ENTRY43_H_MASK		MASK	0xFFF	4095	6336
B	RTL8367B_REG_IPMC_GROUP_ENTRY43_L		REGISTER	0x0997	2455	6338
B	RTL8367B_REG_IPMC_GROUP_ENTRY44_H		REGISTER	0x0998	2456	6340
B	RTL8367B_IPMC_GROUP_ENTRY44_H_OFFSET		OFFSET_SHIFT	0	0	6341
B	RTL8367B_IPMC_GROUP_ENTRY44_H_MASK		MASK	0xFFF	4095	6342
B	RTL8367B_REG_IPMC_GROUP_ENTRY44_L		REGISTER	0x0999	2457	6344
B	RTL8367B_REG_IPMC_GROUP_ENTRY45_H		REGISTER	0x099a	2458	6346
B	RTL8367B_IPMC_GROUP_ENTRY45_H_OFFSET		OFFSET_SHIFT	0	0	6347
B	RTL8367B_IPMC_GROUP_ENTRY45_H_MASK		MASK	0xFFF	4095	6348
B	RTL8367B_REG_IPMC_GROUP_ENTRY45_L		REGISTER	0x099b	2459	6350
B	RTL8367B_REG_IPMC_GROUP_ENTRY46_H		REGISTER	0x099c	2460	6352
B	RTL8367B_IPMC_GROUP_ENTRY46_H_OFFSET		OFFSET_SHIFT	0	0	6353
B	RTL8367B_IPMC_GROUP_ENTRY46_H_MASK		MASK	0xFFF	4095	6354
B	RTL8367B_REG_IPMC_GROUP_ENTRY46_L		REGISTER	0x099d	2461	6356
B	RTL8367B_REG_IPMC_GROUP_ENTRY47_H		REGISTER	0x099e	2462	6358
B	RTL8367B_IPMC_GROUP_ENTRY47_H_OFFSET		OFFSET_SHIFT	0	0	6359
B	RTL8367B_IPMC_GROUP_ENTRY47_H_MASK		MASK	0xFFF	4095	6360
B	RTL8367B_REG_IPMC_GROUP_ENTRY47_L		REGISTER	0x099f	2463	6362
B	RTL8367B_REG_IPMC_GROUP_ENTRY48_H		REGISTER	0x09a0	2464	6364
B	RTL8367B_IPMC_GROUP_ENTRY48_H_OFFSET		OFFSET_SHIFT	0	0	6365
B	RTL8367B_IPMC_GROUP_ENTRY48_H_MASK		MASK	0xFFF	4095	6366
B	RTL8367B_REG_IPMC_GROUP_ENTRY48_L		REGISTER	0x09a1	2465	6368
B	RTL8367B_REG_IPMC_GROUP_ENTRY49_H		REGISTER	0x09a2	2466	6370
B	RTL8367B_IPMC_GROUP_ENTRY49_H_OFFSET		OFFSET_SHIFT	0	0	6371
B	RTL8367B_IPMC_GROUP_ENTRY49_H_MASK		MASK	0xFFF	4095	6372
B	RTL8367B_REG_IPMC_GROUP_ENTRY49_L		REGISTER	0x09a3	2467	6374
B	RTL8367B_REG_IPMC_GROUP_ENTRY50_H		REGISTER	0x09a4	2468	6376
B	RTL8367B_IPMC_GROUP_ENTRY50_H_OFFSET		OFFSET_SHIFT	0	0	6377
B	RTL8367B_IPMC_GROUP_ENTRY50_H_MASK		MASK	0xFFF	4095	6378
B	RTL8367B_REG_IPMC_GROUP_ENTRY50_L		REGISTER	0x09a5	2469	6380
B	RTL8367B_REG_IPMC_GROUP_ENTRY51_H		REGISTER	0x09a6	2470	6382
B	RTL8367B_IPMC_GROUP_ENTRY51_H_OFFSET		OFFSET_SHIFT	0	0	6383
B	RTL8367B_IPMC_GROUP_ENTRY51_H_MASK		MASK	0xFFF	4095	6384
B	RTL8367B_REG_IPMC_GROUP_ENTRY51_L		REGISTER	0x09a7	2471	6386
B	RTL8367B_REG_IPMC_GROUP_ENTRY52_H		REGISTER	0x09a8	2472	6388
B	RTL8367B_IPMC_GROUP_ENTRY52_H_OFFSET		OFFSET_SHIFT	0	0	6389
B	RTL8367B_IPMC_GROUP_ENTRY52_H_MASK		MASK	0xFFF	4095	6390
B	RTL8367B_REG_IPMC_GROUP_ENTRY52_L		REGISTER	0x09a9	2473	6392
B	RTL8367B_REG_IPMC_GROUP_ENTRY53_H		REGISTER	0x09aa	2474	6394
B	RTL8367B_IPMC_GROUP_ENTRY53_H_OFFSET		OFFSET_SHIFT	0	0	6395
B	RTL8367B_IPMC_GROUP_ENTRY53_H_MASK		MASK	0xFFF	4095	6396
B	RTL8367B_REG_IPMC_GROUP_ENTRY53_L		REGISTER	0x09ab	2475	6398
B	RTL8367B_REG_IPMC_GROUP_ENTRY54_H		REGISTER	0x09ac	2476	6400
B	RTL8367B_IPMC_GROUP_ENTRY54_H_OFFSET		OFFSET_SHIFT	0	0	6401
B	RTL8367B_IPMC_GROUP_ENTRY54_H_MASK		MASK	0xFFF	4095	6402
B	RTL8367B_REG_IPMC_GROUP_ENTRY54_L		REGISTER	0x09ad	2477	6404
B	RTL8367B_REG_IPMC_GROUP_ENTRY55_H		REGISTER	0x09ae	2478	6406
B	RTL8367B_IPMC_GROUP_ENTRY55_H_OFFSET		OFFSET_SHIFT	0	0	6407
B	RTL8367B_IPMC_GROUP_ENTRY55_H_MASK		MASK	0xFFF	4095	6408
B	RTL8367B_REG_IPMC_GROUP_ENTRY55_L		REGISTER	0x09af	2479	6410
B	RTL8367B_REG_IPMC_GROUP_ENTRY56_H		REGISTER	0x09b0	2480	6412
B	RTL8367B_IPMC_GROUP_ENTRY56_H_OFFSET		OFFSET_SHIFT	0	0	6413
B	RTL8367B_IPMC_GROUP_ENTRY56_H_MASK		MASK	0xFFF	4095	6414
B	RTL8367B_REG_IPMC_GROUP_ENTRY56_L		REGISTER	0x09b1	2481	6416
B	RTL8367B_REG_IPMC_GROUP_ENTRY57_H		REGISTER	0x09b2	2482	6418
B	RTL8367B_IPMC_GROUP_ENTRY57_H_OFFSET		OFFSET_SHIFT	0	0	6419
B	RTL8367B_IPMC_GROUP_ENTRY57_H_MASK		MASK	0xFFF	4095	6420
B	RTL8367B_REG_IPMC_GROUP_ENTRY57_L		REGISTER	0x09b3	2483	6422
B	RTL8367B_REG_IPMC_GROUP_ENTRY58_H		REGISTER	0x09b4	2484	6424
B	RTL8367B_IPMC_GROUP_ENTRY58_H_OFFSET		OFFSET_SHIFT	0	0	6425
B	RTL8367B_IPMC_GROUP_ENTRY58_H_MASK		MASK	0xFFF	4095	6426
B	RTL8367B_REG_IPMC_GROUP_ENTRY58_L		REGISTER	0x09b5	2485	6428
B	RTL8367B_REG_IPMC_GROUP_ENTRY59_H		REGISTER	0x09b6	2486	6430
B	RTL8367B_IPMC_GROUP_ENTRY59_H_OFFSET		OFFSET_SHIFT	0	0	6431
B	RTL8367B_IPMC_GROUP_ENTRY59_H_MASK		MASK	0xFFF	4095	6432
B	RTL8367B_REG_IPMC_GROUP_ENTRY59_L		REGISTER	0x09b7	2487	6434
B	RTL8367B_REG_IPMC_GROUP_ENTRY60_H		REGISTER	0x09b8	2488	6436
B	RTL8367B_IPMC_GROUP_ENTRY60_H_OFFSET		OFFSET_SHIFT	0	0	6437
B	RTL8367B_IPMC_GROUP_ENTRY60_H_MASK		MASK	0xFFF	4095	6438
B	RTL8367B_REG_IPMC_GROUP_ENTRY60_L		REGISTER	0x09b9	2489	6440
B	RTL8367B_REG_IPMC_GROUP_ENTRY61_H		REGISTER	0x09ba	2490	6442
B	RTL8367B_IPMC_GROUP_ENTRY61_H_OFFSET		OFFSET_SHIFT	0	0	6443
B	RTL8367B_IPMC_GROUP_ENTRY61_H_MASK		MASK	0xFFF	4095	6444
B	RTL8367B_REG_IPMC_GROUP_ENTRY61_L		REGISTER	0x09bb	2491	6446
B	RTL8367B_REG_IPMC_GROUP_ENTRY62_H		REGISTER	0x09bc	2492	6448
B	RTL8367B_IPMC_GROUP_ENTRY62_H_OFFSET		OFFSET_SHIFT	0	0	6449
B	RTL8367B_IPMC_GROUP_ENTRY62_H_MASK		MASK	0xFFF	4095	6450
B	RTL8367B_REG_IPMC_GROUP_ENTRY62_L		REGISTER	0x09bd	2493	6452
B	RTL8367B_REG_IPMC_GROUP_ENTRY63_H		REGISTER	0x09be	2494	6454
B	RTL8367B_IPMC_GROUP_ENTRY63_H_OFFSET		OFFSET_SHIFT	0	0	6455
B	RTL8367B_IPMC_GROUP_ENTRY63_H_MASK		MASK	0xFFF	4095	6456
B	RTL8367B_REG_IPMC_GROUP_ENTRY63_L		REGISTER	0x09bf	2495	6458
B	RTL8367B_REG_DPM_DUMMY00		REGISTER	0x09C0	2496	6460
B	RTL8367B_REG_DPM_DUMMY01		REGISTER	0x09C1	2497	6462
B	RTL8367B_REG_DPM_DUMMY02		REGISTER	0x09C2	2498	6464
B	RTL8367B_REG_DPM_DUMMY03		REGISTER	0x09C3	2499	6466
B	RTL8367B_REG_DPM_DUMMY04		REGISTER	0x09C4	2500	6468
B	RTL8367B_REG_DPM_DUMMY05		REGISTER	0x09C5	2501	6470
B	RTL8367B_REG_DPM_DUMMY06		REGISTER	0x09C6	2502	6472
B	RTL8367B_REG_DPM_DUMMY07		REGISTER	0x09C7	2503	6474
B	RTL8367B_REG_DPM_DUMMY08		REGISTER	0x09C8	2504	6476
B	RTL8367B_REG_DPM_DUMMY09		REGISTER	0x09C9	2505	6478
B	RTL8367B_REG_DPM_DUMMY10		REGISTER	0x09CA	2506	6480
B	RTL8367B_REG_DPM_DUMMY11		REGISTER	0x09CB	2507	6482
B	RTL8367B_REG_DPM_DUMMY12		REGISTER	0x09CC	2508	6484
B	RTL8367B_REG_DPM_DUMMY13		REGISTER	0x09CD	2509	6486
B	RTL8367B_REG_DPM_DUMMY14		REGISTER	0x09CE	2510	6488
B	RTL8367B_REG_DPM_DUMMY15		REGISTER	0x09CF	2511	6490
B	RTL8367B_REG_VLAN_MSTI0_CTRL0		REGISTER	0x0a00	2560	6494
B	RTL8367B_VLAN_MSTI0_CTRL0_PORT7_STATE_OFFSET		OFFSET_SHIFT	14	14	6495
B	RTL8367B_VLAN_MSTI0_CTRL0_PORT7_STATE_MASK		MASK	0xC000	49152	6496
B	RTL8367B_VLAN_MSTI0_CTRL0_PORT6_STATE_OFFSET		OFFSET_SHIFT	12	12	6497
B	RTL8367B_VLAN_MSTI0_CTRL0_PORT6_STATE_MASK		MASK	0x3000	12288	6498
B	RTL8367B_VLAN_MSTI0_CTRL0_PORT5_STATE_OFFSET		OFFSET_SHIFT	10	10	6499
B	RTL8367B_VLAN_MSTI0_CTRL0_PORT5_STATE_MASK		MASK	0xC00	3072	6500
B	RTL8367B_VLAN_MSTI0_CTRL0_PORT4_STATE_OFFSET		OFFSET_SHIFT	8	8	6501
B	RTL8367B_VLAN_MSTI0_CTRL0_PORT4_STATE_MASK		MASK	0x300	768	6502
B	RTL8367B_VLAN_MSTI0_CTRL0_PORT3_STATE_OFFSET		OFFSET_SHIFT	6	6	6503
B	RTL8367B_VLAN_MSTI0_CTRL0_PORT3_STATE_MASK		MASK	0xC0	192	6504
B	RTL8367B_VLAN_MSTI0_CTRL0_PORT2_STATE_OFFSET		OFFSET_SHIFT	4	4	6505
B	RTL8367B_VLAN_MSTI0_CTRL0_PORT2_STATE_MASK		MASK	0x30	48	6506
B	RTL8367B_VLAN_MSTI0_CTRL0_PORT1_STATE_OFFSET		OFFSET_SHIFT	2	2	6507
B	RTL8367B_VLAN_MSTI0_CTRL0_PORT1_STATE_MASK		MASK	0xC	12	6508
B	RTL8367B_VLAN_MSTI0_CTRL0_PORT0_STATE_OFFSET		OFFSET_SHIFT	0	0	6509
B	RTL8367B_VLAN_MSTI0_CTRL0_PORT0_STATE_MASK		MASK	0x3	3	6510
B	RTL8367B_REG_VLAN_MSTI1_CTRL0		REGISTER	0x0a02	2562	6512
B	RTL8367B_VLAN_MSTI1_CTRL0_PORT7_STATE_OFFSET		OFFSET_SHIFT	14	14	6513
B	RTL8367B_VLAN_MSTI1_CTRL0_PORT7_STATE_MASK		MASK	0xC000	49152	6514
B	RTL8367B_VLAN_MSTI1_CTRL0_PORT6_STATE_OFFSET		OFFSET_SHIFT	12	12	6515
B	RTL8367B_VLAN_MSTI1_CTRL0_PORT6_STATE_MASK		MASK	0x3000	12288	6516
B	RTL8367B_VLAN_MSTI1_CTRL0_PORT5_STATE_OFFSET		OFFSET_SHIFT	10	10	6517
B	RTL8367B_VLAN_MSTI1_CTRL0_PORT5_STATE_MASK		MASK	0xC00	3072	6518
B	RTL8367B_VLAN_MSTI1_CTRL0_PORT4_STATE_OFFSET		OFFSET_SHIFT	8	8	6519
B	RTL8367B_VLAN_MSTI1_CTRL0_PORT4_STATE_MASK		MASK	0x300	768	6520
B	RTL8367B_VLAN_MSTI1_CTRL0_PORT3_STATE_OFFSET		OFFSET_SHIFT	6	6	6521
B	RTL8367B_VLAN_MSTI1_CTRL0_PORT3_STATE_MASK		MASK	0xC0	192	6522
B	RTL8367B_VLAN_MSTI1_CTRL0_PORT2_STATE_OFFSET		OFFSET_SHIFT	4	4	6523
B	RTL8367B_VLAN_MSTI1_CTRL0_PORT2_STATE_MASK		MASK	0x30	48	6524
B	RTL8367B_VLAN_MSTI1_CTRL0_PORT1_STATE_OFFSET		OFFSET_SHIFT	2	2	6525
B	RTL8367B_VLAN_MSTI1_CTRL0_PORT1_STATE_MASK		MASK	0xC	12	6526
B	RTL8367B_VLAN_MSTI1_CTRL0_PORT0_STATE_OFFSET		OFFSET_SHIFT	0	0	6527
B	RTL8367B_VLAN_MSTI1_CTRL0_PORT0_STATE_MASK		MASK	0x3	3	6528
B	RTL8367B_REG_VLAN_MSTI2_CTRL0		REGISTER	0x0a04	2564	6530
B	RTL8367B_VLAN_MSTI2_CTRL0_PORT7_STATE_OFFSET		OFFSET_SHIFT	14	14	6531
B	RTL8367B_VLAN_MSTI2_CTRL0_PORT7_STATE_MASK		MASK	0xC000	49152	6532
B	RTL8367B_VLAN_MSTI2_CTRL0_PORT6_STATE_OFFSET		OFFSET_SHIFT	12	12	6533
B	RTL8367B_VLAN_MSTI2_CTRL0_PORT6_STATE_MASK		MASK	0x3000	12288	6534
B	RTL8367B_VLAN_MSTI2_CTRL0_PORT5_STATE_OFFSET		OFFSET_SHIFT	10	10	6535
B	RTL8367B_VLAN_MSTI2_CTRL0_PORT5_STATE_MASK		MASK	0xC00	3072	6536
B	RTL8367B_VLAN_MSTI2_CTRL0_PORT4_STATE_OFFSET		OFFSET_SHIFT	8	8	6537
B	RTL8367B_VLAN_MSTI2_CTRL0_PORT4_STATE_MASK		MASK	0x300	768	6538
B	RTL8367B_VLAN_MSTI2_CTRL0_PORT3_STATE_OFFSET		OFFSET_SHIFT	6	6	6539
B	RTL8367B_VLAN_MSTI2_CTRL0_PORT3_STATE_MASK		MASK	0xC0	192	6540
B	RTL8367B_VLAN_MSTI2_CTRL0_PORT2_STATE_OFFSET		OFFSET_SHIFT	4	4	6541
B	RTL8367B_VLAN_MSTI2_CTRL0_PORT2_STATE_MASK		MASK	0x30	48	6542
B	RTL8367B_VLAN_MSTI2_CTRL0_PORT1_STATE_OFFSET		OFFSET_SHIFT	2	2	6543
B	RTL8367B_VLAN_MSTI2_CTRL0_PORT1_STATE_MASK		MASK	0xC	12	6544
B	RTL8367B_VLAN_MSTI2_CTRL0_PORT0_STATE_OFFSET		OFFSET_SHIFT	0	0	6545
B	RTL8367B_VLAN_MSTI2_CTRL0_PORT0_STATE_MASK		MASK	0x3	3	6546
B	RTL8367B_REG_VLAN_MSTI3_CTRL0		REGISTER	0x0a06	2566	6548
B	RTL8367B_VLAN_MSTI3_CTRL0_PORT7_STATE_OFFSET		OFFSET_SHIFT	14	14	6549
B	RTL8367B_VLAN_MSTI3_CTRL0_PORT7_STATE_MASK		MASK	0xC000	49152	6550
B	RTL8367B_VLAN_MSTI3_CTRL0_PORT6_STATE_OFFSET		OFFSET_SHIFT	12	12	6551
B	RTL8367B_VLAN_MSTI3_CTRL0_PORT6_STATE_MASK		MASK	0x3000	12288	6552
B	RTL8367B_VLAN_MSTI3_CTRL0_PORT5_STATE_OFFSET		OFFSET_SHIFT	10	10	6553
B	RTL8367B_VLAN_MSTI3_CTRL0_PORT5_STATE_MASK		MASK	0xC00	3072	6554
B	RTL8367B_VLAN_MSTI3_CTRL0_PORT4_STATE_OFFSET		OFFSET_SHIFT	8	8	6555
B	RTL8367B_VLAN_MSTI3_CTRL0_PORT4_STATE_MASK		MASK	0x300	768	6556
B	RTL8367B_VLAN_MSTI3_CTRL0_PORT3_STATE_OFFSET		OFFSET_SHIFT	6	6	6557
B	RTL8367B_VLAN_MSTI3_CTRL0_PORT3_STATE_MASK		MASK	0xC0	192	6558
B	RTL8367B_VLAN_MSTI3_CTRL0_PORT2_STATE_OFFSET		OFFSET_SHIFT	4	4	6559
B	RTL8367B_VLAN_MSTI3_CTRL0_PORT2_STATE_MASK		MASK	0x30	48	6560
B	RTL8367B_VLAN_MSTI3_CTRL0_PORT1_STATE_OFFSET		OFFSET_SHIFT	2	2	6561
B	RTL8367B_VLAN_MSTI3_CTRL0_PORT1_STATE_MASK		MASK	0xC	12	6562
B	RTL8367B_VLAN_MSTI3_CTRL0_PORT0_STATE_OFFSET		OFFSET_SHIFT	0	0	6563
B	RTL8367B_VLAN_MSTI3_CTRL0_PORT0_STATE_MASK		MASK	0x3	3	6564
B	RTL8367B_REG_VLAN_MSTI4_CTRL0		REGISTER	0x0a08	2568	6566
B	RTL8367B_VLAN_MSTI4_CTRL0_PORT7_STATE_OFFSET		OFFSET_SHIFT	14	14	6567
B	RTL8367B_VLAN_MSTI4_CTRL0_PORT7_STATE_MASK		MASK	0xC000	49152	6568
B	RTL8367B_VLAN_MSTI4_CTRL0_PORT6_STATE_OFFSET		OFFSET_SHIFT	12	12	6569
B	RTL8367B_VLAN_MSTI4_CTRL0_PORT6_STATE_MASK		MASK	0x3000	12288	6570
B	RTL8367B_VLAN_MSTI4_CTRL0_PORT5_STATE_OFFSET		OFFSET_SHIFT	10	10	6571
B	RTL8367B_VLAN_MSTI4_CTRL0_PORT5_STATE_MASK		MASK	0xC00	3072	6572
B	RTL8367B_VLAN_MSTI4_CTRL0_PORT4_STATE_OFFSET		OFFSET_SHIFT	8	8	6573
B	RTL8367B_VLAN_MSTI4_CTRL0_PORT4_STATE_MASK		MASK	0x300	768	6574
B	RTL8367B_VLAN_MSTI4_CTRL0_PORT3_STATE_OFFSET		OFFSET_SHIFT	6	6	6575
B	RTL8367B_VLAN_MSTI4_CTRL0_PORT3_STATE_MASK		MASK	0xC0	192	6576
B	RTL8367B_VLAN_MSTI4_CTRL0_PORT2_STATE_OFFSET		OFFSET_SHIFT	4	4	6577
B	RTL8367B_VLAN_MSTI4_CTRL0_PORT2_STATE_MASK		MASK	0x30	48	6578
B	RTL8367B_VLAN_MSTI4_CTRL0_PORT1_STATE_OFFSET		OFFSET_SHIFT	2	2	6579
B	RTL8367B_VLAN_MSTI4_CTRL0_PORT1_STATE_MASK		MASK	0xC	12	6580
B	RTL8367B_VLAN_MSTI4_CTRL0_PORT0_STATE_OFFSET		OFFSET_SHIFT	0	0	6581
B	RTL8367B_VLAN_MSTI4_CTRL0_PORT0_STATE_MASK		MASK	0x3	3	6582
B	RTL8367B_REG_VLAN_MSTI5_CTRL0		REGISTER	0x0a0a	2570	6584
B	RTL8367B_VLAN_MSTI5_CTRL0_PORT7_STATE_OFFSET		OFFSET_SHIFT	14	14	6585
B	RTL8367B_VLAN_MSTI5_CTRL0_PORT7_STATE_MASK		MASK	0xC000	49152	6586
B	RTL8367B_VLAN_MSTI5_CTRL0_PORT6_STATE_OFFSET		OFFSET_SHIFT	12	12	6587
B	RTL8367B_VLAN_MSTI5_CTRL0_PORT6_STATE_MASK		MASK	0x3000	12288	6588
B	RTL8367B_VLAN_MSTI5_CTRL0_PORT5_STATE_OFFSET		OFFSET_SHIFT	10	10	6589
B	RTL8367B_VLAN_MSTI5_CTRL0_PORT5_STATE_MASK		MASK	0xC00	3072	6590
B	RTL8367B_VLAN_MSTI5_CTRL0_PORT4_STATE_OFFSET		OFFSET_SHIFT	8	8	6591
B	RTL8367B_VLAN_MSTI5_CTRL0_PORT4_STATE_MASK		MASK	0x300	768	6592
B	RTL8367B_VLAN_MSTI5_CTRL0_PORT3_STATE_OFFSET		OFFSET_SHIFT	6	6	6593
B	RTL8367B_VLAN_MSTI5_CTRL0_PORT3_STATE_MASK		MASK	0xC0	192	6594
B	RTL8367B_VLAN_MSTI5_CTRL0_PORT2_STATE_OFFSET		OFFSET_SHIFT	4	4	6595
B	RTL8367B_VLAN_MSTI5_CTRL0_PORT2_STATE_MASK		MASK	0x30	48	6596
B	RTL8367B_VLAN_MSTI5_CTRL0_PORT1_STATE_OFFSET		OFFSET_SHIFT	2	2	6597
B	RTL8367B_VLAN_MSTI5_CTRL0_PORT1_STATE_MASK		MASK	0xC	12	6598
B	RTL8367B_VLAN_MSTI5_CTRL0_PORT0_STATE_OFFSET		OFFSET_SHIFT	0	0	6599
B	RTL8367B_VLAN_MSTI5_CTRL0_PORT0_STATE_MASK		MASK	0x3	3	6600
B	RTL8367B_REG_VLAN_MSTI6_CTRL0		REGISTER	0x0a0c	2572	6602
B	RTL8367B_VLAN_MSTI6_CTRL0_PORT7_STATE_OFFSET		OFFSET_SHIFT	14	14	6603
B	RTL8367B_VLAN_MSTI6_CTRL0_PORT7_STATE_MASK		MASK	0xC000	49152	6604
B	RTL8367B_VLAN_MSTI6_CTRL0_PORT6_STATE_OFFSET		OFFSET_SHIFT	12	12	6605
B	RTL8367B_VLAN_MSTI6_CTRL0_PORT6_STATE_MASK		MASK	0x3000	12288	6606
B	RTL8367B_VLAN_MSTI6_CTRL0_PORT5_STATE_OFFSET		OFFSET_SHIFT	10	10	6607
B	RTL8367B_VLAN_MSTI6_CTRL0_PORT5_STATE_MASK		MASK	0xC00	3072	6608
B	RTL8367B_VLAN_MSTI6_CTRL0_PORT4_STATE_OFFSET		OFFSET_SHIFT	8	8	6609
B	RTL8367B_VLAN_MSTI6_CTRL0_PORT4_STATE_MASK		MASK	0x300	768	6610
B	RTL8367B_VLAN_MSTI6_CTRL0_PORT3_STATE_OFFSET		OFFSET_SHIFT	6	6	6611
B	RTL8367B_VLAN_MSTI6_CTRL0_PORT3_STATE_MASK		MASK	0xC0	192	6612
B	RTL8367B_VLAN_MSTI6_CTRL0_PORT2_STATE_OFFSET		OFFSET_SHIFT	4	4	6613
B	RTL8367B_VLAN_MSTI6_CTRL0_PORT2_STATE_MASK		MASK	0x30	48	6614
B	RTL8367B_VLAN_MSTI6_CTRL0_PORT1_STATE_OFFSET		OFFSET_SHIFT	2	2	6615
B	RTL8367B_VLAN_MSTI6_CTRL0_PORT1_STATE_MASK		MASK	0xC	12	6616
B	RTL8367B_VLAN_MSTI6_CTRL0_PORT0_STATE_OFFSET		OFFSET_SHIFT	0	0	6617
B	RTL8367B_VLAN_MSTI6_CTRL0_PORT0_STATE_MASK		MASK	0x3	3	6618
B	RTL8367B_REG_VLAN_MSTI7_CTRL0		REGISTER	0x0a0e	2574	6620
B	RTL8367B_VLAN_MSTI7_CTRL0_PORT7_STATE_OFFSET		OFFSET_SHIFT	14	14	6621
B	RTL8367B_VLAN_MSTI7_CTRL0_PORT7_STATE_MASK		MASK	0xC000	49152	6622
B	RTL8367B_VLAN_MSTI7_CTRL0_PORT6_STATE_OFFSET		OFFSET_SHIFT	12	12	6623
B	RTL8367B_VLAN_MSTI7_CTRL0_PORT6_STATE_MASK		MASK	0x3000	12288	6624
B	RTL8367B_VLAN_MSTI7_CTRL0_PORT5_STATE_OFFSET		OFFSET_SHIFT	10	10	6625
B	RTL8367B_VLAN_MSTI7_CTRL0_PORT5_STATE_MASK		MASK	0xC00	3072	6626
B	RTL8367B_VLAN_MSTI7_CTRL0_PORT4_STATE_OFFSET		OFFSET_SHIFT	8	8	6627
B	RTL8367B_VLAN_MSTI7_CTRL0_PORT4_STATE_MASK		MASK	0x300	768	6628
B	RTL8367B_VLAN_MSTI7_CTRL0_PORT3_STATE_OFFSET		OFFSET_SHIFT	6	6	6629
B	RTL8367B_VLAN_MSTI7_CTRL0_PORT3_STATE_MASK		MASK	0xC0	192	6630
B	RTL8367B_VLAN_MSTI7_CTRL0_PORT2_STATE_OFFSET		OFFSET_SHIFT	4	4	6631
B	RTL8367B_VLAN_MSTI7_CTRL0_PORT2_STATE_MASK		MASK	0x30	48	6632
B	RTL8367B_VLAN_MSTI7_CTRL0_PORT1_STATE_OFFSET		OFFSET_SHIFT	2	2	6633
B	RTL8367B_VLAN_MSTI7_CTRL0_PORT1_STATE_MASK		MASK	0xC	12	6634
B	RTL8367B_VLAN_MSTI7_CTRL0_PORT0_STATE_OFFSET		OFFSET_SHIFT	0	0	6635
B	RTL8367B_VLAN_MSTI7_CTRL0_PORT0_STATE_MASK		MASK	0x3	3	6636
B	RTL8367B_REG_VLAN_MSTI8_CTRL0		REGISTER	0x0a10	2576	6638
B	RTL8367B_VLAN_MSTI8_CTRL0_PORT7_STATE_OFFSET		OFFSET_SHIFT	14	14	6639
B	RTL8367B_VLAN_MSTI8_CTRL0_PORT7_STATE_MASK		MASK	0xC000	49152	6640
B	RTL8367B_VLAN_MSTI8_CTRL0_PORT6_STATE_OFFSET		OFFSET_SHIFT	12	12	6641
B	RTL8367B_VLAN_MSTI8_CTRL0_PORT6_STATE_MASK		MASK	0x3000	12288	6642
B	RTL8367B_VLAN_MSTI8_CTRL0_PORT5_STATE_OFFSET		OFFSET_SHIFT	10	10	6643
B	RTL8367B_VLAN_MSTI8_CTRL0_PORT5_STATE_MASK		MASK	0xC00	3072	6644
B	RTL8367B_VLAN_MSTI8_CTRL0_PORT4_STATE_OFFSET		OFFSET_SHIFT	8	8	6645
B	RTL8367B_VLAN_MSTI8_CTRL0_PORT4_STATE_MASK		MASK	0x300	768	6646
B	RTL8367B_VLAN_MSTI8_CTRL0_PORT3_STATE_OFFSET		OFFSET_SHIFT	6	6	6647
B	RTL8367B_VLAN_MSTI8_CTRL0_PORT3_STATE_MASK		MASK	0xC0	192	6648
B	RTL8367B_VLAN_MSTI8_CTRL0_PORT2_STATE_OFFSET		OFFSET_SHIFT	4	4	6649
B	RTL8367B_VLAN_MSTI8_CTRL0_PORT2_STATE_MASK		MASK	0x30	48	6650
B	RTL8367B_VLAN_MSTI8_CTRL0_PORT1_STATE_OFFSET		OFFSET_SHIFT	2	2	6651
B	RTL8367B_VLAN_MSTI8_CTRL0_PORT1_STATE_MASK		MASK	0xC	12	6652
B	RTL8367B_VLAN_MSTI8_CTRL0_PORT0_STATE_OFFSET		OFFSET_SHIFT	0	0	6653
B	RTL8367B_VLAN_MSTI8_CTRL0_PORT0_STATE_MASK		MASK	0x3	3	6654
B	RTL8367B_REG_VLAN_MSTI9_CTRL0		REGISTER	0x0a12	2578	6656
B	RTL8367B_VLAN_MSTI9_CTRL0_PORT7_STATE_OFFSET		OFFSET_SHIFT	14	14	6657
B	RTL8367B_VLAN_MSTI9_CTRL0_PORT7_STATE_MASK		MASK	0xC000	49152	6658
B	RTL8367B_VLAN_MSTI9_CTRL0_PORT6_STATE_OFFSET		OFFSET_SHIFT	12	12	6659
B	RTL8367B_VLAN_MSTI9_CTRL0_PORT6_STATE_MASK		MASK	0x3000	12288	6660
B	RTL8367B_VLAN_MSTI9_CTRL0_PORT5_STATE_OFFSET		OFFSET_SHIFT	10	10	6661
B	RTL8367B_VLAN_MSTI9_CTRL0_PORT5_STATE_MASK		MASK	0xC00	3072	6662
B	RTL8367B_VLAN_MSTI9_CTRL0_PORT4_STATE_OFFSET		OFFSET_SHIFT	8	8	6663
B	RTL8367B_VLAN_MSTI9_CTRL0_PORT4_STATE_MASK		MASK	0x300	768	6664
B	RTL8367B_VLAN_MSTI9_CTRL0_PORT3_STATE_OFFSET		OFFSET_SHIFT	6	6	6665
B	RTL8367B_VLAN_MSTI9_CTRL0_PORT3_STATE_MASK		MASK	0xC0	192	6666
B	RTL8367B_VLAN_MSTI9_CTRL0_PORT2_STATE_OFFSET		OFFSET_SHIFT	4	4	6667
B	RTL8367B_VLAN_MSTI9_CTRL0_PORT2_STATE_MASK		MASK	0x30	48	6668
B	RTL8367B_VLAN_MSTI9_CTRL0_PORT1_STATE_OFFSET		OFFSET_SHIFT	2	2	6669
B	RTL8367B_VLAN_MSTI9_CTRL0_PORT1_STATE_MASK		MASK	0xC	12	6670
B	RTL8367B_VLAN_MSTI9_CTRL0_PORT0_STATE_OFFSET		OFFSET_SHIFT	0	0	6671
B	RTL8367B_VLAN_MSTI9_CTRL0_PORT0_STATE_MASK		MASK	0x3	3	6672
B	RTL8367B_REG_VLAN_MSTI10_CTRL0		REGISTER	0x0a14	2580	6674
B	RTL8367B_VLAN_MSTI10_CTRL0_PORT7_STATE_OFFSET		OFFSET_SHIFT	14	14	6675
B	RTL8367B_VLAN_MSTI10_CTRL0_PORT7_STATE_MASK		MASK	0xC000	49152	6676
B	RTL8367B_VLAN_MSTI10_CTRL0_PORT6_STATE_OFFSET		OFFSET_SHIFT	12	12	6677
B	RTL8367B_VLAN_MSTI10_CTRL0_PORT6_STATE_MASK		MASK	0x3000	12288	6678
B	RTL8367B_VLAN_MSTI10_CTRL0_PORT5_STATE_OFFSET		OFFSET_SHIFT	10	10	6679
B	RTL8367B_VLAN_MSTI10_CTRL0_PORT5_STATE_MASK		MASK	0xC00	3072	6680
B	RTL8367B_VLAN_MSTI10_CTRL0_PORT4_STATE_OFFSET		OFFSET_SHIFT	8	8	6681
B	RTL8367B_VLAN_MSTI10_CTRL0_PORT4_STATE_MASK		MASK	0x300	768	6682
B	RTL8367B_VLAN_MSTI10_CTRL0_PORT3_STATE_OFFSET		OFFSET_SHIFT	6	6	6683
B	RTL8367B_VLAN_MSTI10_CTRL0_PORT3_STATE_MASK		MASK	0xC0	192	6684
B	RTL8367B_VLAN_MSTI10_CTRL0_PORT2_STATE_OFFSET		OFFSET_SHIFT	4	4	6685
B	RTL8367B_VLAN_MSTI10_CTRL0_PORT2_STATE_MASK		MASK	0x30	48	6686
B	RTL8367B_VLAN_MSTI10_CTRL0_PORT1_STATE_OFFSET		OFFSET_SHIFT	2	2	6687
B	RTL8367B_VLAN_MSTI10_CTRL0_PORT1_STATE_MASK		MASK	0xC	12	6688
B	RTL8367B_VLAN_MSTI10_CTRL0_PORT0_STATE_OFFSET		OFFSET_SHIFT	0	0	6689
B	RTL8367B_VLAN_MSTI10_CTRL0_PORT0_STATE_MASK		MASK	0x3	3	6690
B	RTL8367B_REG_VLAN_MSTI11_CTRL0		REGISTER	0x0a16	2582	6692
B	RTL8367B_VLAN_MSTI11_CTRL0_PORT7_STATE_OFFSET		OFFSET_SHIFT	14	14	6693
B	RTL8367B_VLAN_MSTI11_CTRL0_PORT7_STATE_MASK		MASK	0xC000	49152	6694
B	RTL8367B_VLAN_MSTI11_CTRL0_PORT6_STATE_OFFSET		OFFSET_SHIFT	12	12	6695
B	RTL8367B_VLAN_MSTI11_CTRL0_PORT6_STATE_MASK		MASK	0x3000	12288	6696
B	RTL8367B_VLAN_MSTI11_CTRL0_PORT5_STATE_OFFSET		OFFSET_SHIFT	10	10	6697
B	RTL8367B_VLAN_MSTI11_CTRL0_PORT5_STATE_MASK		MASK	0xC00	3072	6698
B	RTL8367B_VLAN_MSTI11_CTRL0_PORT4_STATE_OFFSET		OFFSET_SHIFT	8	8	6699
B	RTL8367B_VLAN_MSTI11_CTRL0_PORT4_STATE_MASK		MASK	0x300	768	6700
B	RTL8367B_VLAN_MSTI11_CTRL0_PORT3_STATE_OFFSET		OFFSET_SHIFT	6	6	6701
B	RTL8367B_VLAN_MSTI11_CTRL0_PORT3_STATE_MASK		MASK	0xC0	192	6702
B	RTL8367B_VLAN_MSTI11_CTRL0_PORT2_STATE_OFFSET		OFFSET_SHIFT	4	4	6703
B	RTL8367B_VLAN_MSTI11_CTRL0_PORT2_STATE_MASK		MASK	0x30	48	6704
B	RTL8367B_VLAN_MSTI11_CTRL0_PORT1_STATE_OFFSET		OFFSET_SHIFT	2	2	6705
B	RTL8367B_VLAN_MSTI11_CTRL0_PORT1_STATE_MASK		MASK	0xC	12	6706
B	RTL8367B_VLAN_MSTI11_CTRL0_PORT0_STATE_OFFSET		OFFSET_SHIFT	0	0	6707
B	RTL8367B_VLAN_MSTI11_CTRL0_PORT0_STATE_MASK		MASK	0x3	3	6708
B	RTL8367B_REG_VLAN_MSTI12_CTRL0		REGISTER	0x0a18	2584	6710
B	RTL8367B_VLAN_MSTI12_CTRL0_PORT7_STATE_OFFSET		OFFSET_SHIFT	14	14	6711
B	RTL8367B_VLAN_MSTI12_CTRL0_PORT7_STATE_MASK		MASK	0xC000	49152	6712
B	RTL8367B_VLAN_MSTI12_CTRL0_PORT6_STATE_OFFSET		OFFSET_SHIFT	12	12	6713
B	RTL8367B_VLAN_MSTI12_CTRL0_PORT6_STATE_MASK		MASK	0x3000	12288	6714
B	RTL8367B_VLAN_MSTI12_CTRL0_PORT5_STATE_OFFSET		OFFSET_SHIFT	10	10	6715
B	RTL8367B_VLAN_MSTI12_CTRL0_PORT5_STATE_MASK		MASK	0xC00	3072	6716
B	RTL8367B_VLAN_MSTI12_CTRL0_PORT4_STATE_OFFSET		OFFSET_SHIFT	8	8	6717
B	RTL8367B_VLAN_MSTI12_CTRL0_PORT4_STATE_MASK		MASK	0x300	768	6718
B	RTL8367B_VLAN_MSTI12_CTRL0_PORT3_STATE_OFFSET		OFFSET_SHIFT	6	6	6719
B	RTL8367B_VLAN_MSTI12_CTRL0_PORT3_STATE_MASK		MASK	0xC0	192	6720
B	RTL8367B_VLAN_MSTI12_CTRL0_PORT2_STATE_OFFSET		OFFSET_SHIFT	4	4	6721
B	RTL8367B_VLAN_MSTI12_CTRL0_PORT2_STATE_MASK		MASK	0x30	48	6722
B	RTL8367B_VLAN_MSTI12_CTRL0_PORT1_STATE_OFFSET		OFFSET_SHIFT	2	2	6723
B	RTL8367B_VLAN_MSTI12_CTRL0_PORT1_STATE_MASK		MASK	0xC	12	6724
B	RTL8367B_VLAN_MSTI12_CTRL0_PORT0_STATE_OFFSET		OFFSET_SHIFT	0	0	6725
B	RTL8367B_VLAN_MSTI12_CTRL0_PORT0_STATE_MASK		MASK	0x3	3	6726
B	RTL8367B_REG_VLAN_MSTI13_CTRL0		REGISTER	0x0a1a	2586	6728
B	RTL8367B_VLAN_MSTI13_CTRL0_PORT7_STATE_OFFSET		OFFSET_SHIFT	14	14	6729
B	RTL8367B_VLAN_MSTI13_CTRL0_PORT7_STATE_MASK		MASK	0xC000	49152	6730
B	RTL8367B_VLAN_MSTI13_CTRL0_PORT6_STATE_OFFSET		OFFSET_SHIFT	12	12	6731
B	RTL8367B_VLAN_MSTI13_CTRL0_PORT6_STATE_MASK		MASK	0x3000	12288	6732
B	RTL8367B_VLAN_MSTI13_CTRL0_PORT5_STATE_OFFSET		OFFSET_SHIFT	10	10	6733
B	RTL8367B_VLAN_MSTI13_CTRL0_PORT5_STATE_MASK		MASK	0xC00	3072	6734
B	RTL8367B_VLAN_MSTI13_CTRL0_PORT4_STATE_OFFSET		OFFSET_SHIFT	8	8	6735
B	RTL8367B_VLAN_MSTI13_CTRL0_PORT4_STATE_MASK		MASK	0x300	768	6736
B	RTL8367B_VLAN_MSTI13_CTRL0_PORT3_STATE_OFFSET		OFFSET_SHIFT	6	6	6737
B	RTL8367B_VLAN_MSTI13_CTRL0_PORT3_STATE_MASK		MASK	0xC0	192	6738
B	RTL8367B_VLAN_MSTI13_CTRL0_PORT2_STATE_OFFSET		OFFSET_SHIFT	4	4	6739
B	RTL8367B_VLAN_MSTI13_CTRL0_PORT2_STATE_MASK		MASK	0x30	48	6740
B	RTL8367B_VLAN_MSTI13_CTRL0_PORT1_STATE_OFFSET		OFFSET_SHIFT	2	2	6741
B	RTL8367B_VLAN_MSTI13_CTRL0_PORT1_STATE_MASK		MASK	0xC	12	6742
B	RTL8367B_VLAN_MSTI13_CTRL0_PORT0_STATE_OFFSET		OFFSET_SHIFT	0	0	6743
B	RTL8367B_VLAN_MSTI13_CTRL0_PORT0_STATE_MASK		MASK	0x3	3	6744
B	RTL8367B_REG_VLAN_MSTI14_CTRL0		REGISTER	0x0a1c	2588	6746
B	RTL8367B_VLAN_MSTI14_CTRL0_PORT7_STATE_OFFSET		OFFSET_SHIFT	14	14	6747
B	RTL8367B_VLAN_MSTI14_CTRL0_PORT7_STATE_MASK		MASK	0xC000	49152	6748
B	RTL8367B_VLAN_MSTI14_CTRL0_PORT6_STATE_OFFSET		OFFSET_SHIFT	12	12	6749
B	RTL8367B_VLAN_MSTI14_CTRL0_PORT6_STATE_MASK		MASK	0x3000	12288	6750
B	RTL8367B_VLAN_MSTI14_CTRL0_PORT5_STATE_OFFSET		OFFSET_SHIFT	10	10	6751
B	RTL8367B_VLAN_MSTI14_CTRL0_PORT5_STATE_MASK		MASK	0xC00	3072	6752
B	RTL8367B_VLAN_MSTI14_CTRL0_PORT4_STATE_OFFSET		OFFSET_SHIFT	8	8	6753
B	RTL8367B_VLAN_MSTI14_CTRL0_PORT4_STATE_MASK		MASK	0x300	768	6754
B	RTL8367B_VLAN_MSTI14_CTRL0_PORT3_STATE_OFFSET		OFFSET_SHIFT	6	6	6755
B	RTL8367B_VLAN_MSTI14_CTRL0_PORT3_STATE_MASK		MASK	0xC0	192	6756
B	RTL8367B_VLAN_MSTI14_CTRL0_PORT2_STATE_OFFSET		OFFSET_SHIFT	4	4	6757
B	RTL8367B_VLAN_MSTI14_CTRL0_PORT2_STATE_MASK		MASK	0x30	48	6758
B	RTL8367B_VLAN_MSTI14_CTRL0_PORT1_STATE_OFFSET		OFFSET_SHIFT	2	2	6759
B	RTL8367B_VLAN_MSTI14_CTRL0_PORT1_STATE_MASK		MASK	0xC	12	6760
B	RTL8367B_VLAN_MSTI14_CTRL0_PORT0_STATE_OFFSET		OFFSET_SHIFT	0	0	6761
B	RTL8367B_VLAN_MSTI14_CTRL0_PORT0_STATE_MASK		MASK	0x3	3	6762
B	RTL8367B_REG_VLAN_MSTI15_CTRL0		REGISTER	0x0a1e	2590	6764
B	RTL8367B_VLAN_MSTI15_CTRL0_PORT7_STATE_OFFSET		OFFSET_SHIFT	14	14	6765
B	RTL8367B_VLAN_MSTI15_CTRL0_PORT7_STATE_MASK		MASK	0xC000	49152	6766
B	RTL8367B_VLAN_MSTI15_CTRL0_PORT6_STATE_OFFSET		OFFSET_SHIFT	12	12	6767
B	RTL8367B_VLAN_MSTI15_CTRL0_PORT6_STATE_MASK		MASK	0x3000	12288	6768
B	RTL8367B_VLAN_MSTI15_CTRL0_PORT5_STATE_OFFSET		OFFSET_SHIFT	10	10	6769
B	RTL8367B_VLAN_MSTI15_CTRL0_PORT5_STATE_MASK		MASK	0xC00	3072	6770
B	RTL8367B_VLAN_MSTI15_CTRL0_PORT4_STATE_OFFSET		OFFSET_SHIFT	8	8	6771
B	RTL8367B_VLAN_MSTI15_CTRL0_PORT4_STATE_MASK		MASK	0x300	768	6772
B	RTL8367B_VLAN_MSTI15_CTRL0_PORT3_STATE_OFFSET		OFFSET_SHIFT	6	6	6773
B	RTL8367B_VLAN_MSTI15_CTRL0_PORT3_STATE_MASK		MASK	0xC0	192	6774
B	RTL8367B_VLAN_MSTI15_CTRL0_PORT2_STATE_OFFSET		OFFSET_SHIFT	4	4	6775
B	RTL8367B_VLAN_MSTI15_CTRL0_PORT2_STATE_MASK		MASK	0x30	48	6776
B	RTL8367B_VLAN_MSTI15_CTRL0_PORT1_STATE_OFFSET		OFFSET_SHIFT	2	2	6777
B	RTL8367B_VLAN_MSTI15_CTRL0_PORT1_STATE_MASK		MASK	0xC	12	6778
B	RTL8367B_VLAN_MSTI15_CTRL0_PORT0_STATE_OFFSET		OFFSET_SHIFT	0	0	6779
B	RTL8367B_VLAN_MSTI15_CTRL0_PORT0_STATE_MASK		MASK	0x3	3	6780
B	RTL8367B_REG_LUT_PORT0_LEARN_LIMITNO		REGISTER	0x0a20	2592	6782
B	RTL8367B_LUT_PORT0_LEARN_LIMITNO_OFFSET		OFFSET_SHIFT	0	0	6783
B	RTL8367B_LUT_PORT0_LEARN_LIMITNO_MASK		MASK	0xFFF	4095	6784
B	RTL8367B_REG_LUT_PORT1_LEARN_LIMITNO		REGISTER	0x0a21	2593	6786
B	RTL8367B_LUT_PORT1_LEARN_LIMITNO_OFFSET		OFFSET_SHIFT	0	0	6787
B	RTL8367B_LUT_PORT1_LEARN_LIMITNO_MASK		MASK	0xFFF	4095	6788
B	RTL8367B_REG_LUT_PORT2_LEARN_LIMITNO		REGISTER	0x0a22	2594	6790
B	RTL8367B_LUT_PORT2_LEARN_LIMITNO_OFFSET		OFFSET_SHIFT	0	0	6791
B	RTL8367B_LUT_PORT2_LEARN_LIMITNO_MASK		MASK	0xFFF	4095	6792
B	RTL8367B_REG_LUT_PORT3_LEARN_LIMITNO		REGISTER	0x0a23	2595	6794
B	RTL8367B_LUT_PORT3_LEARN_LIMITNO_OFFSET		OFFSET_SHIFT	0	0	6795
B	RTL8367B_LUT_PORT3_LEARN_LIMITNO_MASK		MASK	0xFFF	4095	6796
B	RTL8367B_REG_LUT_PORT4_LEARN_LIMITNO		REGISTER	0x0a24	2596	6798
B	RTL8367B_LUT_PORT4_LEARN_LIMITNO_OFFSET		OFFSET_SHIFT	0	0	6799
B	RTL8367B_LUT_PORT4_LEARN_LIMITNO_MASK		MASK	0xFFF	4095	6800
B	RTL8367B_REG_LUT_PORT5_LEARN_LIMITNO		REGISTER	0x0a25	2597	6802
B	RTL8367B_LUT_PORT5_LEARN_LIMITNO_OFFSET		OFFSET_SHIFT	0	0	6803
B	RTL8367B_LUT_PORT5_LEARN_LIMITNO_MASK		MASK	0xFFF	4095	6804
B	RTL8367B_REG_LUT_PORT6_LEARN_LIMITNO		REGISTER	0x0a26	2598	6806
B	RTL8367B_LUT_PORT6_LEARN_LIMITNO_OFFSET		OFFSET_SHIFT	0	0	6807
B	RTL8367B_LUT_PORT6_LEARN_LIMITNO_MASK		MASK	0xFFF	4095	6808
B	RTL8367B_REG_LUT_PORT7_LEARN_LIMITNO		REGISTER	0x0a27	2599	6810
B	RTL8367B_LUT_PORT7_LEARN_LIMITNO_OFFSET		OFFSET_SHIFT	0	0	6811
B	RTL8367B_LUT_PORT7_LEARN_LIMITNO_MASK		MASK	0xFFF	4095	6812
B	RTL8367B_REG_LUT_CFG		REGISTER	0x0a30	2608	6814
B	RTL8367B_AGE_SPEED_OFFSET		OFFSET_SHIFT	8	8	6815
B	RTL8367B_AGE_SPEED_MASK		MASK	0x300	768	6816
B	RTL8367B_BCAM_DISABLE_OFFSET		OFFSET_SHIFT	6	6	6817
B	RTL8367B_BCAM_DISABLE_MASK		MASK	0x40	64	6818
B	RTL8367B_LINKDOWN_AGEOUT_OFFSET		OFFSET_SHIFT	5	5	6819
B	RTL8367B_LINKDOWN_AGEOUT_MASK		MASK	0x20	32	6820
B	RTL8367B_LUT_IPMC_HASH_OFFSET		OFFSET_SHIFT	4	4	6821
B	RTL8367B_LUT_IPMC_HASH_MASK		MASK	0x10	16	6822
B	RTL8367B_LUT_IPMC_LOOKUP_OP_OFFSET		OFFSET_SHIFT	3	3	6823
B	RTL8367B_LUT_IPMC_LOOKUP_OP_MASK		MASK	0x8	8	6824
B	RTL8367B_AGE_TIMER_OFFSET		OFFSET_SHIFT	0	0	6825
B	RTL8367B_AGE_TIMER_MASK		MASK	0x7	7	6826
B	RTL8367B_REG_LUT_AGEOUT_CTRL		REGISTER	0x0a31	2609	6828
B	RTL8367B_LUT_AGEOUT_CTRL_OFFSET		OFFSET_SHIFT	0	0	6829
B	RTL8367B_LUT_AGEOUT_CTRL_MASK		MASK	0xFF	255	6830
B	RTL8367B_REG_PORT_EFID_CTRL0		REGISTER	0x0a32	2610	6832
B	RTL8367B_PORT3_EFID_OFFSET		OFFSET_SHIFT	12	12	6833
B	RTL8367B_PORT3_EFID_MASK		MASK	0x7000	28672	6834
B	RTL8367B_PORT2_EFID_OFFSET		OFFSET_SHIFT	8	8	6835
B	RTL8367B_PORT2_EFID_MASK		MASK	0x700	1792	6836
B	RTL8367B_PORT1_EFID_OFFSET		OFFSET_SHIFT	4	4	6837
B	RTL8367B_PORT1_EFID_MASK		MASK	0x70	112	6838
B	RTL8367B_PORT0_EFID_OFFSET		OFFSET_SHIFT	0	0	6839
B	RTL8367B_PORT0_EFID_MASK		MASK	0x7	7	6840
B	RTL8367B_REG_PORT_EFID_CTRL1		REGISTER	0x0a33	2611	6842
B	RTL8367B_PORT7_EFID_OFFSET		OFFSET_SHIFT	12	12	6843
B	RTL8367B_PORT7_EFID_MASK		MASK	0x7000	28672	6844
B	RTL8367B_PORT6_EFID_OFFSET		OFFSET_SHIFT	8	8	6845
B	RTL8367B_PORT6_EFID_MASK		MASK	0x700	1792	6846
B	RTL8367B_PORT5_EFID_OFFSET		OFFSET_SHIFT	4	4	6847
B	RTL8367B_PORT5_EFID_MASK		MASK	0x70	112	6848
B	RTL8367B_PORT4_EFID_OFFSET		OFFSET_SHIFT	0	0	6849
B	RTL8367B_PORT4_EFID_MASK		MASK	0x7	7	6850
B	RTL8367B_REG_FORCE_FLUSH		REGISTER	0x0a36	2614	6852
B	RTL8367B_BUSY_STATUS_OFFSET		OFFSET_SHIFT	8	8	6853
B	RTL8367B_BUSY_STATUS_MASK		MASK	0xFF00	65280	6854
B	RTL8367B_FORCE_FLUSH_PORTMASK_OFFSET		OFFSET_SHIFT	0	0	6855
B	RTL8367B_FORCE_FLUSH_PORTMASK_MASK		MASK	0xFF	255	6856
B	RTL8367B_REG_L2_FLUSH_CTRL1		REGISTER	0x0a37	2615	6858
B	RTL8367B_LUT_FLUSH_FID_OFFSET		OFFSET_SHIFT	12	12	6859
B	RTL8367B_LUT_FLUSH_FID_MASK		MASK	0xF000	61440	6860
B	RTL8367B_LUT_FLUSH_VID_OFFSET		OFFSET_SHIFT	0	0	6861
B	RTL8367B_LUT_FLUSH_VID_MASK		MASK	0xFFF	4095	6862
B	RTL8367B_REG_L2_FLUSH_CTRL2		REGISTER	0x0a38	2616	6864
B	RTL8367B_LUT_FLUSH_TYPE_OFFSET		OFFSET_SHIFT	2	2	6865
B	RTL8367B_LUT_FLUSH_TYPE_MASK		MASK	0x4	4	6866
B	RTL8367B_LUT_FLUSH_MODE_OFFSET		OFFSET_SHIFT	0	0	6867
B	RTL8367B_LUT_FLUSH_MODE_MASK		MASK	0x3	3	6868
B	RTL8367B_REG_FLUSH_STATUS		REGISTER	0x0a3f	2623	6870
B	RTL8367B_FLUSH_STATUS_OFFSET		OFFSET_SHIFT	0	0	6871
B	RTL8367B_FLUSH_STATUS_MASK		MASK	0x1	1	6872
B	RTL8367B_REG_STORM_BCAST		REGISTER	0x0a40	2624	6874
B	RTL8367B_STORM_BCAST_OFFSET		OFFSET_SHIFT	0	0	6875
B	RTL8367B_STORM_BCAST_MASK		MASK	0xFF	255	6876
B	RTL8367B_REG_STORM_MCAST		REGISTER	0x0a41	2625	6878
B	RTL8367B_STORM_MCAST_OFFSET		OFFSET_SHIFT	0	0	6879
B	RTL8367B_STORM_MCAST_MASK		MASK	0xFF	255	6880
B	RTL8367B_REG_STORM_UNKOWN_UCAST		REGISTER	0x0a42	2626	6882
B	RTL8367B_STORM_UNKOWN_UCAST_OFFSET		OFFSET_SHIFT	0	0	6883
B	RTL8367B_STORM_UNKOWN_UCAST_MASK		MASK	0xFF	255	6884
B	RTL8367B_REG_STORM_UNKOWN_MCAST		REGISTER	0x0a43	2627	6886
B	RTL8367B_STORM_UNKOWN_MCAST_OFFSET		OFFSET_SHIFT	0	0	6887
B	RTL8367B_STORM_UNKOWN_MCAST_MASK		MASK	0xFF	255	6888
B	RTL8367B_REG_STORM_BCAST_METER_CTRL0		REGISTER	0x0a44	2628	6890
B	RTL8367B_STORM_BCAST_METER_CTRL0_PORT1_METERIDX_OFFSET		OFFSET_SHIFT	8	8	6891
B	RTL8367B_STORM_BCAST_METER_CTRL0_PORT1_METERIDX_MASK		MASK	0x1F00	7936	6892
B	RTL8367B_STORM_BCAST_METER_CTRL0_PORT0_METERIDX_OFFSET		OFFSET_SHIFT	0	0	6893
B	RTL8367B_STORM_BCAST_METER_CTRL0_PORT0_METERIDX_MASK		MASK	0x1F	31	6894
B	RTL8367B_REG_STORM_BCAST_METER_CTRL1		REGISTER	0x0a45	2629	6896
B	RTL8367B_STORM_BCAST_METER_CTRL1_PORT3_METERIDX_OFFSET		OFFSET_SHIFT	8	8	6897
B	RTL8367B_STORM_BCAST_METER_CTRL1_PORT3_METERIDX_MASK		MASK	0x1F00	7936	6898
B	RTL8367B_STORM_BCAST_METER_CTRL1_PORT2_METERIDX_OFFSET		OFFSET_SHIFT	0	0	6899
B	RTL8367B_STORM_BCAST_METER_CTRL1_PORT2_METERIDX_MASK		MASK	0x1F	31	6900
B	RTL8367B_REG_STORM_BCAST_METER_CTRL2		REGISTER	0x0a46	2630	6902
B	RTL8367B_STORM_BCAST_METER_CTRL2_PORT5_METERIDX_OFFSET		OFFSET_SHIFT	8	8	6903
B	RTL8367B_STORM_BCAST_METER_CTRL2_PORT5_METERIDX_MASK		MASK	0x1F00	7936	6904
B	RTL8367B_STORM_BCAST_METER_CTRL2_PORT4_METERIDX_OFFSET		OFFSET_SHIFT	0	0	6905
B	RTL8367B_STORM_BCAST_METER_CTRL2_PORT4_METERIDX_MASK		MASK	0x1F	31	6906
B	RTL8367B_REG_STORM_BCAST_METER_CTRL3		REGISTER	0x0a47	2631	6908
B	RTL8367B_STORM_BCAST_METER_CTRL3_PORT7_METERIDX_OFFSET		OFFSET_SHIFT	8	8	6909
B	RTL8367B_STORM_BCAST_METER_CTRL3_PORT7_METERIDX_MASK		MASK	0x1F00	7936	6910
B	RTL8367B_STORM_BCAST_METER_CTRL3_PORT6_METERIDX_OFFSET		OFFSET_SHIFT	0	0	6911
B	RTL8367B_STORM_BCAST_METER_CTRL3_PORT6_METERIDX_MASK		MASK	0x1F	31	6912
B	RTL8367B_REG_STORM_MCAST_METER_CTRL0		REGISTER	0x0a4c	2636	6914
B	RTL8367B_STORM_MCAST_METER_CTRL0_PORT1_METERIDX_OFFSET		OFFSET_SHIFT	8	8	6915
B	RTL8367B_STORM_MCAST_METER_CTRL0_PORT1_METERIDX_MASK		MASK	0x1F00	7936	6916
B	RTL8367B_STORM_MCAST_METER_CTRL0_PORT0_METERIDX_OFFSET		OFFSET_SHIFT	0	0	6917
B	RTL8367B_STORM_MCAST_METER_CTRL0_PORT0_METERIDX_MASK		MASK	0x1F	31	6918
B	RTL8367B_REG_STORM_MCAST_METER_CTRL1		REGISTER	0x0a4d	2637	6920
B	RTL8367B_STORM_MCAST_METER_CTRL1_PORT3_METERIDX_OFFSET		OFFSET_SHIFT	8	8	6921
B	RTL8367B_STORM_MCAST_METER_CTRL1_PORT3_METERIDX_MASK		MASK	0x1F00	7936	6922
B	RTL8367B_STORM_MCAST_METER_CTRL1_PORT2_METERIDX_OFFSET		OFFSET_SHIFT	0	0	6923
B	RTL8367B_STORM_MCAST_METER_CTRL1_PORT2_METERIDX_MASK		MASK	0x1F	31	6924
B	RTL8367B_REG_STORM_MCAST_METER_CTRL2		REGISTER	0x0a4e	2638	6926
B	RTL8367B_STORM_MCAST_METER_CTRL2_PORT5_METERIDX_OFFSET		OFFSET_SHIFT	8	8	6927
B	RTL8367B_STORM_MCAST_METER_CTRL2_PORT5_METERIDX_MASK		MASK	0x1F00	7936	6928
B	RTL8367B_STORM_MCAST_METER_CTRL2_PORT4_METERIDX_OFFSET		OFFSET_SHIFT	0	0	6929
B	RTL8367B_STORM_MCAST_METER_CTRL2_PORT4_METERIDX_MASK		MASK	0x1F	31	6930
B	RTL8367B_REG_STORM_MCAST_METER_CTRL3		REGISTER	0x0a4f	2639	6932
B	RTL8367B_STORM_MCAST_METER_CTRL3_PORT7_METERIDX_OFFSET		OFFSET_SHIFT	8	8	6933
B	RTL8367B_STORM_MCAST_METER_CTRL3_PORT7_METERIDX_MASK		MASK	0x1F00	7936	6934
B	RTL8367B_STORM_MCAST_METER_CTRL3_PORT6_METERIDX_OFFSET		OFFSET_SHIFT	0	0	6935
B	RTL8367B_STORM_MCAST_METER_CTRL3_PORT6_METERIDX_MASK		MASK	0x1F	31	6936
B	RTL8367B_REG_STORM_UNDA_METER_CTRL0		REGISTER	0x0a54	2644	6938
B	RTL8367B_STORM_UNDA_METER_CTRL0_PORT1_METERIDX_OFFSET		OFFSET_SHIFT	8	8	6939
B	RTL8367B_STORM_UNDA_METER_CTRL0_PORT1_METERIDX_MASK		MASK	0x1F00	7936	6940
B	RTL8367B_STORM_UNDA_METER_CTRL0_PORT0_METERIDX_OFFSET		OFFSET_SHIFT	0	0	6941
B	RTL8367B_STORM_UNDA_METER_CTRL0_PORT0_METERIDX_MASK		MASK	0x1F	31	6942
B	RTL8367B_REG_STORM_UNDA_METER_CTRL1		REGISTER	0x0a55	2645	6944
B	RTL8367B_STORM_UNDA_METER_CTRL1_PORT3_METERIDX_OFFSET		OFFSET_SHIFT	8	8	6945
B	RTL8367B_STORM_UNDA_METER_CTRL1_PORT3_METERIDX_MASK		MASK	0x1F00	7936	6946
B	RTL8367B_STORM_UNDA_METER_CTRL1_PORT2_METERIDX_OFFSET		OFFSET_SHIFT	0	0	6947
B	RTL8367B_STORM_UNDA_METER_CTRL1_PORT2_METERIDX_MASK		MASK	0x1F	31	6948
B	RTL8367B_REG_STORM_UNDA_METER_CTRL2		REGISTER	0x0a56	2646	6950
B	RTL8367B_STORM_UNDA_METER_CTRL2_PORT5_METERIDX_OFFSET		OFFSET_SHIFT	8	8	6951
B	RTL8367B_STORM_UNDA_METER_CTRL2_PORT5_METERIDX_MASK		MASK	0x1F00	7936	6952
B	RTL8367B_STORM_UNDA_METER_CTRL2_PORT4_METERIDX_OFFSET		OFFSET_SHIFT	0	0	6953
B	RTL8367B_STORM_UNDA_METER_CTRL2_PORT4_METERIDX_MASK		MASK	0x1F	31	6954
B	RTL8367B_REG_STORM_UNDA_METER_CTRL3		REGISTER	0x0a57	2647	6956
B	RTL8367B_STORM_UNDA_METER_CTRL3_PORT7_METERIDX_OFFSET		OFFSET_SHIFT	8	8	6957
B	RTL8367B_STORM_UNDA_METER_CTRL3_PORT7_METERIDX_MASK		MASK	0x1F00	7936	6958
B	RTL8367B_STORM_UNDA_METER_CTRL3_PORT6_METERIDX_OFFSET		OFFSET_SHIFT	0	0	6959
B	RTL8367B_STORM_UNDA_METER_CTRL3_PORT6_METERIDX_MASK		MASK	0x1F	31	6960
B	RTL8367B_REG_STORM_UNMC_METER_CTRL0		REGISTER	0x0a5c	2652	6962
B	RTL8367B_STORM_UNMC_METER_CTRL0_PORT1_METERIDX_OFFSET		OFFSET_SHIFT	8	8	6963
B	RTL8367B_STORM_UNMC_METER_CTRL0_PORT1_METERIDX_MASK		MASK	0x1F00	7936	6964
B	RTL8367B_STORM_UNMC_METER_CTRL0_PORT0_METERIDX_OFFSET		OFFSET_SHIFT	0	0	6965
B	RTL8367B_STORM_UNMC_METER_CTRL0_PORT0_METERIDX_MASK		MASK	0x1F	31	6966
B	RTL8367B_REG_STORM_UNMC_METER_CTRL1		REGISTER	0x0a5d	2653	6968
B	RTL8367B_STORM_UNMC_METER_CTRL1_PORT3_METERIDX_OFFSET		OFFSET_SHIFT	8	8	6969
B	RTL8367B_STORM_UNMC_METER_CTRL1_PORT3_METERIDX_MASK		MASK	0x1F00	7936	6970
B	RTL8367B_STORM_UNMC_METER_CTRL1_PORT2_METERIDX_OFFSET		OFFSET_SHIFT	0	0	6971
B	RTL8367B_STORM_UNMC_METER_CTRL1_PORT2_METERIDX_MASK		MASK	0x1F	31	6972
B	RTL8367B_REG_STORM_UNMC_METER_CTRL2		REGISTER	0x0a5e	2654	6974
B	RTL8367B_STORM_UNMC_METER_CTRL2_PORT5_METERIDX_OFFSET		OFFSET_SHIFT	8	8	6975
B	RTL8367B_STORM_UNMC_METER_CTRL2_PORT5_METERIDX_MASK		MASK	0x1F00	7936	6976
B	RTL8367B_STORM_UNMC_METER_CTRL2_PORT4_METERIDX_OFFSET		OFFSET_SHIFT	0	0	6977
B	RTL8367B_STORM_UNMC_METER_CTRL2_PORT4_METERIDX_MASK		MASK	0x1F	31	6978
B	RTL8367B_REG_STORM_UNMC_METER_CTRL3		REGISTER	0x0a5f	2655	6980
B	RTL8367B_STORM_UNMC_METER_CTRL3_PORT7_METERIDX_OFFSET		OFFSET_SHIFT	8	8	6981
B	RTL8367B_STORM_UNMC_METER_CTRL3_PORT7_METERIDX_MASK		MASK	0x1F00	7936	6982
B	RTL8367B_STORM_UNMC_METER_CTRL3_PORT6_METERIDX_OFFSET		OFFSET_SHIFT	0	0	6983
B	RTL8367B_STORM_UNMC_METER_CTRL3_PORT6_METERIDX_MASK		MASK	0x1F	31	6984
B	RTL8367B_REG_OAM_PARSER_CTRL0		REGISTER	0x0a70	2672	6986
B	RTL8367B_PORT7_PARACT_OFFSET		OFFSET_SHIFT	14	14	6987
B	RTL8367B_PORT7_PARACT_MASK		MASK	0xC000	49152	6988
B	RTL8367B_PORT6_PARACT_OFFSET		OFFSET_SHIFT	12	12	6989
B	RTL8367B_PORT6_PARACT_MASK		MASK	0x3000	12288	6990
B	RTL8367B_PORT5_PARACT_OFFSET		OFFSET_SHIFT	10	10	6991
B	RTL8367B_PORT5_PARACT_MASK		MASK	0xC00	3072	6992
B	RTL8367B_PORT4_PARACT_OFFSET		OFFSET_SHIFT	8	8	6993
B	RTL8367B_PORT4_PARACT_MASK		MASK	0x300	768	6994
B	RTL8367B_PORT3_PARACT_OFFSET		OFFSET_SHIFT	6	6	6995
B	RTL8367B_PORT3_PARACT_MASK		MASK	0xC0	192	6996
B	RTL8367B_PORT2_PARACT_OFFSET		OFFSET_SHIFT	4	4	6997
B	RTL8367B_PORT2_PARACT_MASK		MASK	0x30	48	6998
B	RTL8367B_PORT1_PARACT_OFFSET		OFFSET_SHIFT	2	2	6999
B	RTL8367B_PORT1_PARACT_MASK		MASK	0xC	12	7000
B	RTL8367B_PORT0_PARACT_OFFSET		OFFSET_SHIFT	0	0	7001
B	RTL8367B_PORT0_PARACT_MASK		MASK	0x3	3	7002
B	RTL8367B_REG_OAM_MULTIPLEXER_CTRL0		REGISTER	0x0a72	2674	7004
B	RTL8367B_PORT7_MULACT_OFFSET		OFFSET_SHIFT	14	14	7005
B	RTL8367B_PORT7_MULACT_MASK		MASK	0xC000	49152	7006
B	RTL8367B_PORT6_MULACT_OFFSET		OFFSET_SHIFT	12	12	7007
B	RTL8367B_PORT6_MULACT_MASK		MASK	0x3000	12288	7008
B	RTL8367B_PORT5_MULACT_OFFSET		OFFSET_SHIFT	10	10	7009
B	RTL8367B_PORT5_MULACT_MASK		MASK	0xC00	3072	7010
B	RTL8367B_PORT4_MULACT_OFFSET		OFFSET_SHIFT	8	8	7011
B	RTL8367B_PORT4_MULACT_MASK		MASK	0x300	768	7012
B	RTL8367B_PORT3_MULACT_OFFSET		OFFSET_SHIFT	6	6	7013
B	RTL8367B_PORT3_MULACT_MASK		MASK	0xC0	192	7014
B	RTL8367B_PORT2_MULACT_OFFSET		OFFSET_SHIFT	4	4	7015
B	RTL8367B_PORT2_MULACT_MASK		MASK	0x30	48	7016
B	RTL8367B_PORT1_MULACT_OFFSET		OFFSET_SHIFT	2	2	7017
B	RTL8367B_PORT1_MULACT_MASK		MASK	0xC	12	7018
B	RTL8367B_PORT0_MULACT_OFFSET		OFFSET_SHIFT	0	0	7019
B	RTL8367B_PORT0_MULACT_MASK		MASK	0x3	3	7020
B	RTL8367B_REG_OAM_CTRL		REGISTER	0x0a74	2676	7022
B	RTL8367B_OAM_CTRL_OFFSET		OFFSET_SHIFT	0	0	7023
B	RTL8367B_OAM_CTRL_MASK		MASK	0x1	1	7024
B	RTL8367B_REG_DOT1X_PORT_ENABLE		REGISTER	0x0a80	2688	7026
B	RTL8367B_DOT1X_PORT_ENABLE_OFFSET		OFFSET_SHIFT	0	0	7027
B	RTL8367B_DOT1X_PORT_ENABLE_MASK		MASK	0xFF	255	7028
B	RTL8367B_REG_DOT1X_MAC_ENABLE		REGISTER	0x0a81	2689	7030
B	RTL8367B_DOT1X_MAC_ENABLE_OFFSET		OFFSET_SHIFT	0	0	7031
B	RTL8367B_DOT1X_MAC_ENABLE_MASK		MASK	0xFF	255	7032
B	RTL8367B_REG_DOT1X_PORT_AUTH		REGISTER	0x0a82	2690	7034
B	RTL8367B_DOT1X_PORT_AUTH_OFFSET		OFFSET_SHIFT	0	0	7035
B	RTL8367B_DOT1X_PORT_AUTH_MASK		MASK	0xFF	255	7036
B	RTL8367B_REG_DOT1X_PORT_OPDIR		REGISTER	0x0a83	2691	7038
B	RTL8367B_DOT1X_PORT_OPDIR_OFFSET		OFFSET_SHIFT	0	0	7039
B	RTL8367B_DOT1X_PORT_OPDIR_MASK		MASK	0xFF	255	7040
B	RTL8367B_REG_DOT1X_UNAUTH_ACT_W0		REGISTER	0x0a84	2692	7042
B	RTL8367B_DOT1X_PORT7_UNAUTHBH_OFFSET		OFFSET_SHIFT	14	14	7043
B	RTL8367B_DOT1X_PORT7_UNAUTHBH_MASK		MASK	0xC000	49152	7044
B	RTL8367B_DOT1X_PORT6_UNAUTHBH_OFFSET		OFFSET_SHIFT	12	12	7045
B	RTL8367B_DOT1X_PORT6_UNAUTHBH_MASK		MASK	0x3000	12288	7046
B	RTL8367B_DOT1X_PORT5_UNAUTHBH_OFFSET		OFFSET_SHIFT	10	10	7047
B	RTL8367B_DOT1X_PORT5_UNAUTHBH_MASK		MASK	0xC00	3072	7048
B	RTL8367B_DOT1X_PORT4_UNAUTHBH_OFFSET		OFFSET_SHIFT	8	8	7049
B	RTL8367B_DOT1X_PORT4_UNAUTHBH_MASK		MASK	0x300	768	7050
B	RTL8367B_DOT1X_PORT3_UNAUTHBH_OFFSET		OFFSET_SHIFT	6	6	7051
B	RTL8367B_DOT1X_PORT3_UNAUTHBH_MASK		MASK	0xC0	192	7052
B	RTL8367B_DOT1X_PORT2_UNAUTHBH_OFFSET		OFFSET_SHIFT	4	4	7053
B	RTL8367B_DOT1X_PORT2_UNAUTHBH_MASK		MASK	0x30	48	7054
B	RTL8367B_DOT1X_PORT1_UNAUTHBH_OFFSET		OFFSET_SHIFT	2	2	7055
B	RTL8367B_DOT1X_PORT1_UNAUTHBH_MASK		MASK	0xC	12	7056
B	RTL8367B_DOT1X_PORT0_UNAUTHBH_OFFSET		OFFSET_SHIFT	0	0	7057
B	RTL8367B_DOT1X_PORT0_UNAUTHBH_MASK		MASK	0x3	3	7058
B	RTL8367B_REG_DOT1X_CFG		REGISTER	0x0a86	2694	7060
B	RTL8367B_DOT1X_GVOPDIR_OFFSET		OFFSET_SHIFT	6	6	7061
B	RTL8367B_DOT1X_GVOPDIR_MASK		MASK	0x40	64	7062
B	RTL8367B_DOT1X_MAC_OPDIR_OFFSET		OFFSET_SHIFT	5	5	7063
B	RTL8367B_DOT1X_MAC_OPDIR_MASK		MASK	0x20	32	7064
B	RTL8367B_DOT1X_GVIDX_OFFSET		OFFSET_SHIFT	0	0	7065
B	RTL8367B_DOT1X_GVIDX_MASK		MASK	0x1F	31	7066
B	RTL8367B_REG_L2_LRN_CNT_CTRL0		REGISTER	0x0a87	2695	7068
B	RTL8367B_L2_LRN_CNT_CTRL0_OFFSET		OFFSET_SHIFT	0	0	7069
B	RTL8367B_L2_LRN_CNT_CTRL0_MASK		MASK	0xFFF	4095	7070
B	RTL8367B_REG_L2_LRN_CNT_CTRL1		REGISTER	0x0a88	2696	7072
B	RTL8367B_L2_LRN_CNT_CTRL1_OFFSET		OFFSET_SHIFT	0	0	7073
B	RTL8367B_L2_LRN_CNT_CTRL1_MASK		MASK	0xFFF	4095	7074
B	RTL8367B_REG_L2_LRN_CNT_CTRL2		REGISTER	0x0a89	2697	7076
B	RTL8367B_L2_LRN_CNT_CTRL2_OFFSET		OFFSET_SHIFT	0	0	7077
B	RTL8367B_L2_LRN_CNT_CTRL2_MASK		MASK	0xFFF	4095	7078
B	RTL8367B_REG_L2_LRN_CNT_CTRL3		REGISTER	0x0a8a	2698	7080
B	RTL8367B_L2_LRN_CNT_CTRL3_OFFSET		OFFSET_SHIFT	0	0	7081
B	RTL8367B_L2_LRN_CNT_CTRL3_MASK		MASK	0xFFF	4095	7082
B	RTL8367B_REG_L2_LRN_CNT_CTRL4		REGISTER	0x0a8b	2699	7084
B	RTL8367B_L2_LRN_CNT_CTRL4_OFFSET		OFFSET_SHIFT	0	0	7085
B	RTL8367B_L2_LRN_CNT_CTRL4_MASK		MASK	0xFFF	4095	7086
B	RTL8367B_REG_L2_LRN_CNT_CTRL5		REGISTER	0x0a8c	2700	7088
B	RTL8367B_L2_LRN_CNT_CTRL5_OFFSET		OFFSET_SHIFT	0	0	7089
B	RTL8367B_L2_LRN_CNT_CTRL5_MASK		MASK	0xFFF	4095	7090
B	RTL8367B_REG_L2_LRN_CNT_CTRL6		REGISTER	0x0a8d	2701	7092
B	RTL8367B_L2_LRN_CNT_CTRL6_OFFSET		OFFSET_SHIFT	0	0	7093
B	RTL8367B_L2_LRN_CNT_CTRL6_MASK		MASK	0xFFF	4095	7094
B	RTL8367B_REG_L2_LRN_CNT_CTRL7		REGISTER	0x0a8e	2702	7096
B	RTL8367B_L2_LRN_CNT_CTRL7_OFFSET		OFFSET_SHIFT	0	0	7097
B	RTL8367B_L2_LRN_CNT_CTRL7_MASK		MASK	0xFFF	4095	7098
B	RTL8367B_REG_L2_DUMMY00		REGISTER	0x0aa0	2720	7100
B	RTL8367B_REG_L2_DUMMY01		REGISTER	0x0aa1	2721	7102
B	RTL8367B_REG_L2_DUMMY02		REGISTER	0x0aa2	2722	7104
B	RTL8367B_REG_L2_DUMMY03		REGISTER	0x0aa3	2723	7106
B	RTL8367B_REG_L2_DUMMY04		REGISTER	0x0aa4	2724	7108
B	RTL8367B_REG_L2_DUMMY05		REGISTER	0x0aa5	2725	7110
B	RTL8367B_REG_L2_DUMMY06		REGISTER	0x0aa6	2726	7112
B	RTL8367B_REG_L2_DUMMY07		REGISTER	0x0aa7	2727	7114
B	RTL8367B_REG_SVLAN_MCAST2S_ENTRY0_CTRL0		REGISTER	0x0b00	2816	7118
B	RTL8367B_SVLAN_MCAST2S_ENTRY0_CTRL0_VALID_OFFSET		OFFSET_SHIFT	7	7	7119
B	RTL8367B_SVLAN_MCAST2S_ENTRY0_CTRL0_VALID_MASK		MASK	0x80	128	7120
B	RTL8367B_SVLAN_MCAST2S_ENTRY0_CTRL0_FORMAT_OFFSET		OFFSET_SHIFT	6	6	7121
B	RTL8367B_SVLAN_MCAST2S_ENTRY0_CTRL0_FORMAT_MASK		MASK	0x40	64	7122
B	RTL8367B_SVLAN_MCAST2S_ENTRY0_CTRL0_SVIDX_OFFSET		OFFSET_SHIFT	0	0	7123
B	RTL8367B_SVLAN_MCAST2S_ENTRY0_CTRL0_SVIDX_MASK		MASK	0x3F	63	7124
B	RTL8367B_REG_SVLAN_MCAST2S_ENTRY0_CTRL1		REGISTER	0x0b01	2817	7126
B	RTL8367B_REG_SVLAN_MCAST2S_ENTRY0_CTRL2		REGISTER	0x0b02	2818	7128
B	RTL8367B_REG_SVLAN_MCAST2S_ENTRY0_CTRL3		REGISTER	0x0b03	2819	7130
B	RTL8367B_REG_SVLAN_MCAST2S_ENTRY0_CTRL4		REGISTER	0x0b04	2820	7132
B	RTL8367B_REG_SVLAN_MCAST2S_ENTRY1_CTRL0		REGISTER	0x0b05	2821	7134
B	RTL8367B_SVLAN_MCAST2S_ENTRY1_CTRL0_VALID_OFFSET		OFFSET_SHIFT	7	7	7135
B	RTL8367B_SVLAN_MCAST2S_ENTRY1_CTRL0_VALID_MASK		MASK	0x80	128	7136
B	RTL8367B_SVLAN_MCAST2S_ENTRY1_CTRL0_FORMAT_OFFSET		OFFSET_SHIFT	6	6	7137
B	RTL8367B_SVLAN_MCAST2S_ENTRY1_CTRL0_FORMAT_MASK		MASK	0x40	64	7138
B	RTL8367B_SVLAN_MCAST2S_ENTRY1_CTRL0_SVIDX_OFFSET		OFFSET_SHIFT	0	0	7139
B	RTL8367B_SVLAN_MCAST2S_ENTRY1_CTRL0_SVIDX_MASK		MASK	0x3F	63	7140
B	RTL8367B_REG_SVLAN_MCAST2S_ENTRY1_CTRL1		REGISTER	0x0b06	2822	7142
B	RTL8367B_REG_SVLAN_MCAST2S_ENTRY1_CTRL2		REGISTER	0x0b07	2823	7144
B	RTL8367B_REG_SVLAN_MCAST2S_ENTRY1_CTRL3		REGISTER	0x0b08	2824	7146
B	RTL8367B_REG_SVLAN_MCAST2S_ENTRY1_CTRL4		REGISTER	0x0b09	2825	7148
B	RTL8367B_REG_SVLAN_MCAST2S_ENTRY2_CTRL0		REGISTER	0x0b0a	2826	7150
B	RTL8367B_SVLAN_MCAST2S_ENTRY2_CTRL0_VALID_OFFSET		OFFSET_SHIFT	7	7	7151
B	RTL8367B_SVLAN_MCAST2S_ENTRY2_CTRL0_VALID_MASK		MASK	0x80	128	7152
B	RTL8367B_SVLAN_MCAST2S_ENTRY2_CTRL0_FORMAT_OFFSET		OFFSET_SHIFT	6	6	7153
B	RTL8367B_SVLAN_MCAST2S_ENTRY2_CTRL0_FORMAT_MASK		MASK	0x40	64	7154
B	RTL8367B_SVLAN_MCAST2S_ENTRY2_CTRL0_SVIDX_OFFSET		OFFSET_SHIFT	0	0	7155
B	RTL8367B_SVLAN_MCAST2S_ENTRY2_CTRL0_SVIDX_MASK		MASK	0x3F	63	7156
B	RTL8367B_REG_SVLAN_MCAST2S_ENTRY2_CTRL1		REGISTER	0x0b0b	2827	7158
B	RTL8367B_REG_SVLAN_MCAST2S_ENTRY2_CTRL2		REGISTER	0x0b0c	2828	7160
B	RTL8367B_REG_SVLAN_MCAST2S_ENTRY2_CTRL3		REGISTER	0x0b0d	2829	7162
B	RTL8367B_REG_SVLAN_MCAST2S_ENTRY2_CTRL4		REGISTER	0x0b0e	2830	7164
B	RTL8367B_REG_SVLAN_MCAST2S_ENTRY3_CTRL0		REGISTER	0x0b0f	2831	7166
B	RTL8367B_SVLAN_MCAST2S_ENTRY3_CTRL0_VALID_OFFSET		OFFSET_SHIFT	7	7	7167
B	RTL8367B_SVLAN_MCAST2S_ENTRY3_CTRL0_VALID_MASK		MASK	0x80	128	7168
B	RTL8367B_SVLAN_MCAST2S_ENTRY3_CTRL0_FORMAT_OFFSET		OFFSET_SHIFT	6	6	7169
B	RTL8367B_SVLAN_MCAST2S_ENTRY3_CTRL0_FORMAT_MASK		MASK	0x40	64	7170
B	RTL8367B_SVLAN_MCAST2S_ENTRY3_CTRL0_SVIDX_OFFSET		OFFSET_SHIFT	0	0	7171
B	RTL8367B_SVLAN_MCAST2S_ENTRY3_CTRL0_SVIDX_MASK		MASK	0x3F	63	7172
B	RTL8367B_REG_SVLAN_MCAST2S_ENTRY3_CTRL1		REGISTER	0x0b10	2832	7174
B	RTL8367B_REG_SVLAN_MCAST2S_ENTRY3_CTRL2		REGISTER	0x0b11	2833	7176
B	RTL8367B_REG_SVLAN_MCAST2S_ENTRY3_CTRL3		REGISTER	0x0b12	2834	7178
B	RTL8367B_REG_SVLAN_MCAST2S_ENTRY3_CTRL4		REGISTER	0x0b13	2835	7180
B	RTL8367B_REG_SVLAN_MCAST2S_ENTRY4_CTRL0		REGISTER	0x0b14	2836	7182
B	RTL8367B_SVLAN_MCAST2S_ENTRY4_CTRL0_VALID_OFFSET		OFFSET_SHIFT	7	7	7183
B	RTL8367B_SVLAN_MCAST2S_ENTRY4_CTRL0_VALID_MASK		MASK	0x80	128	7184
B	RTL8367B_SVLAN_MCAST2S_ENTRY4_CTRL0_FORMAT_OFFSET		OFFSET_SHIFT	6	6	7185
B	RTL8367B_SVLAN_MCAST2S_ENTRY4_CTRL0_FORMAT_MASK		MASK	0x40	64	7186
B	RTL8367B_SVLAN_MCAST2S_ENTRY4_CTRL0_SVIDX_OFFSET		OFFSET_SHIFT	0	0	7187
B	RTL8367B_SVLAN_MCAST2S_ENTRY4_CTRL0_SVIDX_MASK		MASK	0x3F	63	7188
B	RTL8367B_REG_SVLAN_MCAST2S_ENTRY4_CTRL1		REGISTER	0x0b15	2837	7190
B	RTL8367B_REG_SVLAN_MCAST2S_ENTRY4_CTRL2		REGISTER	0x0b16	2838	7192
B	RTL8367B_REG_SVLAN_MCAST2S_ENTRY4_CTRL3		REGISTER	0x0b17	2839	7194
B	RTL8367B_REG_SVLAN_MCAST2S_ENTRY4_CTRL4		REGISTER	0x0b18	2840	7196
B	RTL8367B_REG_SVLAN_MCAST2S_ENTRY5_CTRL0		REGISTER	0x0b19	2841	7198
B	RTL8367B_SVLAN_MCAST2S_ENTRY5_CTRL0_VALID_OFFSET		OFFSET_SHIFT	7	7	7199
B	RTL8367B_SVLAN_MCAST2S_ENTRY5_CTRL0_VALID_MASK		MASK	0x80	128	7200
B	RTL8367B_SVLAN_MCAST2S_ENTRY5_CTRL0_FORMAT_OFFSET		OFFSET_SHIFT	6	6	7201
B	RTL8367B_SVLAN_MCAST2S_ENTRY5_CTRL0_FORMAT_MASK		MASK	0x40	64	7202
B	RTL8367B_SVLAN_MCAST2S_ENTRY5_CTRL0_SVIDX_OFFSET		OFFSET_SHIFT	0	0	7203
B	RTL8367B_SVLAN_MCAST2S_ENTRY5_CTRL0_SVIDX_MASK		MASK	0x3F	63	7204
B	RTL8367B_REG_SVLAN_MCAST2S_ENTRY5_CTRL1		REGISTER	0x0b1a	2842	7206
B	RTL8367B_REG_SVLAN_MCAST2S_ENTRY5_CTRL2		REGISTER	0x0b1b	2843	7208
B	RTL8367B_REG_SVLAN_MCAST2S_ENTRY5_CTRL3		REGISTER	0x0b1c	2844	7210
B	RTL8367B_REG_SVLAN_MCAST2S_ENTRY5_CTRL4		REGISTER	0x0b1d	2845	7212
B	RTL8367B_REG_SVLAN_MCAST2S_ENTRY6_CTRL0		REGISTER	0x0b1e	2846	7214
B	RTL8367B_SVLAN_MCAST2S_ENTRY6_CTRL0_VALID_OFFSET		OFFSET_SHIFT	7	7	7215
B	RTL8367B_SVLAN_MCAST2S_ENTRY6_CTRL0_VALID_MASK		MASK	0x80	128	7216
B	RTL8367B_SVLAN_MCAST2S_ENTRY6_CTRL0_FORMAT_OFFSET		OFFSET_SHIFT	6	6	7217
B	RTL8367B_SVLAN_MCAST2S_ENTRY6_CTRL0_FORMAT_MASK		MASK	0x40	64	7218
B	RTL8367B_SVLAN_MCAST2S_ENTRY6_CTRL0_SVIDX_OFFSET		OFFSET_SHIFT	0	0	7219
B	RTL8367B_SVLAN_MCAST2S_ENTRY6_CTRL0_SVIDX_MASK		MASK	0x3F	63	7220
B	RTL8367B_REG_SVLAN_MCAST2S_ENTRY6_CTRL1		REGISTER	0x0b1f	2847	7222
B	RTL8367B_REG_SVLAN_MCAST2S_ENTRY6_CTRL2		REGISTER	0x0b20	2848	7224
B	RTL8367B_REG_SVLAN_MCAST2S_ENTRY6_CTRL3		REGISTER	0x0b21	2849	7226
B	RTL8367B_REG_SVLAN_MCAST2S_ENTRY6_CTRL4		REGISTER	0x0b22	2850	7228
B	RTL8367B_REG_SVLAN_MCAST2S_ENTRY7_CTRL0		REGISTER	0x0b23	2851	7230
B	RTL8367B_SVLAN_MCAST2S_ENTRY7_CTRL0_VALID_OFFSET		OFFSET_SHIFT	7	7	7231
B	RTL8367B_SVLAN_MCAST2S_ENTRY7_CTRL0_VALID_MASK		MASK	0x80	128	7232
B	RTL8367B_SVLAN_MCAST2S_ENTRY7_CTRL0_FORMAT_OFFSET		OFFSET_SHIFT	6	6	7233
B	RTL8367B_SVLAN_MCAST2S_ENTRY7_CTRL0_FORMAT_MASK		MASK	0x40	64	7234
B	RTL8367B_SVLAN_MCAST2S_ENTRY7_CTRL0_SVIDX_OFFSET		OFFSET_SHIFT	0	0	7235
B	RTL8367B_SVLAN_MCAST2S_ENTRY7_CTRL0_SVIDX_MASK		MASK	0x3F	63	7236
B	RTL8367B_REG_SVLAN_MCAST2S_ENTRY7_CTRL1		REGISTER	0x0b24	2852	7238
B	RTL8367B_REG_SVLAN_MCAST2S_ENTRY7_CTRL2		REGISTER	0x0b25	2853	7240
B	RTL8367B_REG_SVLAN_MCAST2S_ENTRY7_CTRL3		REGISTER	0x0b26	2854	7242
B	RTL8367B_REG_SVLAN_MCAST2S_ENTRY7_CTRL4		REGISTER	0x0b27	2855	7244
B	RTL8367B_REG_SVLAN_MCAST2S_ENTRY8_CTRL0		REGISTER	0x0b28	2856	7246
B	RTL8367B_SVLAN_MCAST2S_ENTRY8_CTRL0_VALID_OFFSET		OFFSET_SHIFT	7	7	7247
B	RTL8367B_SVLAN_MCAST2S_ENTRY8_CTRL0_VALID_MASK		MASK	0x80	128	7248
B	RTL8367B_SVLAN_MCAST2S_ENTRY8_CTRL0_FORMAT_OFFSET		OFFSET_SHIFT	6	6	7249
B	RTL8367B_SVLAN_MCAST2S_ENTRY8_CTRL0_FORMAT_MASK		MASK	0x40	64	7250
B	RTL8367B_SVLAN_MCAST2S_ENTRY8_CTRL0_SVIDX_OFFSET		OFFSET_SHIFT	0	0	7251
B	RTL8367B_SVLAN_MCAST2S_ENTRY8_CTRL0_SVIDX_MASK		MASK	0x3F	63	7252
B	RTL8367B_REG_SVLAN_MCAST2S_ENTRY8_CTRL1		REGISTER	0x0b29	2857	7254
B	RTL8367B_REG_SVLAN_MCAST2S_ENTRY8_CTRL2		REGISTER	0x0b2a	2858	7256
B	RTL8367B_REG_SVLAN_MCAST2S_ENTRY8_CTRL3		REGISTER	0x0b2b	2859	7258
B	RTL8367B_REG_SVLAN_MCAST2S_ENTRY8_CTRL4		REGISTER	0x0b2c	2860	7260
B	RTL8367B_REG_SVLAN_MCAST2S_ENTRY9_CTRL0		REGISTER	0x0b2d	2861	7262
B	RTL8367B_SVLAN_MCAST2S_ENTRY9_CTRL0_VALID_OFFSET		OFFSET_SHIFT	7	7	7263
B	RTL8367B_SVLAN_MCAST2S_ENTRY9_CTRL0_VALID_MASK		MASK	0x80	128	7264
B	RTL8367B_SVLAN_MCAST2S_ENTRY9_CTRL0_FORMAT_OFFSET		OFFSET_SHIFT	6	6	7265
B	RTL8367B_SVLAN_MCAST2S_ENTRY9_CTRL0_FORMAT_MASK		MASK	0x40	64	7266
B	RTL8367B_SVLAN_MCAST2S_ENTRY9_CTRL0_SVIDX_OFFSET		OFFSET_SHIFT	0	0	7267
B	RTL8367B_SVLAN_MCAST2S_ENTRY9_CTRL0_SVIDX_MASK		MASK	0x3F	63	7268
B	RTL8367B_REG_SVLAN_MCAST2S_ENTRY9_CTRL1		REGISTER	0x0b2e	2862	7270
B	RTL8367B_REG_SVLAN_MCAST2S_ENTRY9_CTRL2		REGISTER	0x0b2f	2863	7272
B	RTL8367B_REG_SVLAN_MCAST2S_ENTRY9_CTRL3		REGISTER	0x0b30	2864	7274
B	RTL8367B_REG_SVLAN_MCAST2S_ENTRY9_CTRL4		REGISTER	0x0b31	2865	7276
B	RTL8367B_REG_SVLAN_MCAST2S_ENTRY10_CTRL0		REGISTER	0x0b32	2866	7278
B	RTL8367B_SVLAN_MCAST2S_ENTRY10_CTRL0_VALID_OFFSET		OFFSET_SHIFT	7	7	7279
B	RTL8367B_SVLAN_MCAST2S_ENTRY10_CTRL0_VALID_MASK		MASK	0x80	128	7280
B	RTL8367B_SVLAN_MCAST2S_ENTRY10_CTRL0_FORMAT_OFFSET		OFFSET_SHIFT	6	6	7281
B	RTL8367B_SVLAN_MCAST2S_ENTRY10_CTRL0_FORMAT_MASK		MASK	0x40	64	7282
B	RTL8367B_SVLAN_MCAST2S_ENTRY10_CTRL0_SVIDX_OFFSET		OFFSET_SHIFT	0	0	7283
B	RTL8367B_SVLAN_MCAST2S_ENTRY10_CTRL0_SVIDX_MASK		MASK	0x3F	63	7284
B	RTL8367B_REG_SVLAN_MCAST2S_ENTRY10_CTRL1		REGISTER	0x0b33	2867	7286
B	RTL8367B_REG_SVLAN_MCAST2S_ENTRY10_CTRL2		REGISTER	0x0b34	2868	7288
B	RTL8367B_REG_SVLAN_MCAST2S_ENTRY10_CTRL3		REGISTER	0x0b35	2869	7290
B	RTL8367B_REG_SVLAN_MCAST2S_ENTRY10_CTRL4		REGISTER	0x0b36	2870	7292
B	RTL8367B_REG_SVLAN_MCAST2S_ENTRY11_CTRL0		REGISTER	0x0b37	2871	7294
B	RTL8367B_SVLAN_MCAST2S_ENTRY11_CTRL0_VALID_OFFSET		OFFSET_SHIFT	7	7	7295
B	RTL8367B_SVLAN_MCAST2S_ENTRY11_CTRL0_VALID_MASK		MASK	0x80	128	7296
B	RTL8367B_SVLAN_MCAST2S_ENTRY11_CTRL0_FORMAT_OFFSET		OFFSET_SHIFT	6	6	7297
B	RTL8367B_SVLAN_MCAST2S_ENTRY11_CTRL0_FORMAT_MASK		MASK	0x40	64	7298
B	RTL8367B_SVLAN_MCAST2S_ENTRY11_CTRL0_SVIDX_OFFSET		OFFSET_SHIFT	0	0	7299
B	RTL8367B_SVLAN_MCAST2S_ENTRY11_CTRL0_SVIDX_MASK		MASK	0x3F	63	7300
B	RTL8367B_REG_SVLAN_MCAST2S_ENTRY11_CTRL1		REGISTER	0x0b38	2872	7302
B	RTL8367B_REG_SVLAN_MCAST2S_ENTRY11_CTRL2		REGISTER	0x0b39	2873	7304
B	RTL8367B_REG_SVLAN_MCAST2S_ENTRY11_CTRL3		REGISTER	0x0b3a	2874	7306
B	RTL8367B_REG_SVLAN_MCAST2S_ENTRY11_CTRL4		REGISTER	0x0b3b	2875	7308
B	RTL8367B_REG_SVLAN_MCAST2S_ENTRY12_CTRL0		REGISTER	0x0b3c	2876	7310
B	RTL8367B_SVLAN_MCAST2S_ENTRY12_CTRL0_VALID_OFFSET		OFFSET_SHIFT	7	7	7311
B	RTL8367B_SVLAN_MCAST2S_ENTRY12_CTRL0_VALID_MASK		MASK	0x80	128	7312
B	RTL8367B_SVLAN_MCAST2S_ENTRY12_CTRL0_FORMAT_OFFSET		OFFSET_SHIFT	6	6	7313
B	RTL8367B_SVLAN_MCAST2S_ENTRY12_CTRL0_FORMAT_MASK		MASK	0x40	64	7314
B	RTL8367B_SVLAN_MCAST2S_ENTRY12_CTRL0_SVIDX_OFFSET		OFFSET_SHIFT	0	0	7315
B	RTL8367B_SVLAN_MCAST2S_ENTRY12_CTRL0_SVIDX_MASK		MASK	0x3F	63	7316
B	RTL8367B_REG_SVLAN_MCAST2S_ENTRY12_CTRL1		REGISTER	0x0b3d	2877	7318
B	RTL8367B_REG_SVLAN_MCAST2S_ENTRY12_CTRL2		REGISTER	0x0b3e	2878	7320
B	RTL8367B_REG_SVLAN_MCAST2S_ENTRY12_CTRL3		REGISTER	0x0b3f	2879	7322
B	RTL8367B_REG_SVLAN_MCAST2S_ENTRY12_CTRL4		REGISTER	0x0b40	2880	7324
B	RTL8367B_REG_SVLAN_MCAST2S_ENTRY13_CTRL0		REGISTER	0x0b41	2881	7326
B	RTL8367B_SVLAN_MCAST2S_ENTRY13_CTRL0_VALID_OFFSET		OFFSET_SHIFT	7	7	7327
B	RTL8367B_SVLAN_MCAST2S_ENTRY13_CTRL0_VALID_MASK		MASK	0x80	128	7328
B	RTL8367B_SVLAN_MCAST2S_ENTRY13_CTRL0_FORMAT_OFFSET		OFFSET_SHIFT	6	6	7329
B	RTL8367B_SVLAN_MCAST2S_ENTRY13_CTRL0_FORMAT_MASK		MASK	0x40	64	7330
B	RTL8367B_SVLAN_MCAST2S_ENTRY13_CTRL0_SVIDX_OFFSET		OFFSET_SHIFT	0	0	7331
B	RTL8367B_SVLAN_MCAST2S_ENTRY13_CTRL0_SVIDX_MASK		MASK	0x3F	63	7332
B	RTL8367B_REG_SVLAN_MCAST2S_ENTRY13_CTRL1		REGISTER	0x0b42	2882	7334
B	RTL8367B_REG_SVLAN_MCAST2S_ENTRY13_CTRL2		REGISTER	0x0b43	2883	7336
B	RTL8367B_REG_SVLAN_MCAST2S_ENTRY13_CTRL3		REGISTER	0x0b44	2884	7338
B	RTL8367B_REG_SVLAN_MCAST2S_ENTRY13_CTRL4		REGISTER	0x0b45	2885	7340
B	RTL8367B_REG_SVLAN_MCAST2S_ENTRY14_CTRL0		REGISTER	0x0b46	2886	7342
B	RTL8367B_SVLAN_MCAST2S_ENTRY14_CTRL0_VALID_OFFSET		OFFSET_SHIFT	7	7	7343
B	RTL8367B_SVLAN_MCAST2S_ENTRY14_CTRL0_VALID_MASK		MASK	0x80	128	7344
B	RTL8367B_SVLAN_MCAST2S_ENTRY14_CTRL0_FORMAT_OFFSET		OFFSET_SHIFT	6	6	7345
B	RTL8367B_SVLAN_MCAST2S_ENTRY14_CTRL0_FORMAT_MASK		MASK	0x40	64	7346
B	RTL8367B_SVLAN_MCAST2S_ENTRY14_CTRL0_SVIDX_OFFSET		OFFSET_SHIFT	0	0	7347
B	RTL8367B_SVLAN_MCAST2S_ENTRY14_CTRL0_SVIDX_MASK		MASK	0x3F	63	7348
B	RTL8367B_REG_SVLAN_MCAST2S_ENTRY14_CTRL1		REGISTER	0x0b47	2887	7350
B	RTL8367B_REG_SVLAN_MCAST2S_ENTRY14_CTRL2		REGISTER	0x0b48	2888	7352
B	RTL8367B_REG_SVLAN_MCAST2S_ENTRY14_CTRL3		REGISTER	0x0b49	2889	7354
B	RTL8367B_REG_SVLAN_MCAST2S_ENTRY14_CTRL4		REGISTER	0x0b4a	2890	7356
B	RTL8367B_REG_SVLAN_MCAST2S_ENTRY15_CTRL0		REGISTER	0x0b4b	2891	7358
B	RTL8367B_SVLAN_MCAST2S_ENTRY15_CTRL0_VALID_OFFSET		OFFSET_SHIFT	7	7	7359
B	RTL8367B_SVLAN_MCAST2S_ENTRY15_CTRL0_VALID_MASK		MASK	0x80	128	7360
B	RTL8367B_SVLAN_MCAST2S_ENTRY15_CTRL0_FORMAT_OFFSET		OFFSET_SHIFT	6	6	7361
B	RTL8367B_SVLAN_MCAST2S_ENTRY15_CTRL0_FORMAT_MASK		MASK	0x40	64	7362
B	RTL8367B_SVLAN_MCAST2S_ENTRY15_CTRL0_SVIDX_OFFSET		OFFSET_SHIFT	0	0	7363
B	RTL8367B_SVLAN_MCAST2S_ENTRY15_CTRL0_SVIDX_MASK		MASK	0x3F	63	7364
B	RTL8367B_REG_SVLAN_MCAST2S_ENTRY15_CTRL1		REGISTER	0x0b4c	2892	7366
B	RTL8367B_REG_SVLAN_MCAST2S_ENTRY15_CTRL2		REGISTER	0x0b4d	2893	7368
B	RTL8367B_REG_SVLAN_MCAST2S_ENTRY15_CTRL3		REGISTER	0x0b4e	2894	7370
B	RTL8367B_REG_SVLAN_MCAST2S_ENTRY15_CTRL4		REGISTER	0x0b4f	2895	7372
B	RTL8367B_REG_SVLAN_MCAST2S_ENTRY16_CTRL0		REGISTER	0x0b50	2896	7374
B	RTL8367B_SVLAN_MCAST2S_ENTRY16_CTRL0_VALID_OFFSET		OFFSET_SHIFT	7	7	7375
B	RTL8367B_SVLAN_MCAST2S_ENTRY16_CTRL0_VALID_MASK		MASK	0x80	128	7376
B	RTL8367B_SVLAN_MCAST2S_ENTRY16_CTRL0_FORMAT_OFFSET		OFFSET_SHIFT	6	6	7377
B	RTL8367B_SVLAN_MCAST2S_ENTRY16_CTRL0_FORMAT_MASK		MASK	0x40	64	7378
B	RTL8367B_SVLAN_MCAST2S_ENTRY16_CTRL0_SVIDX_OFFSET		OFFSET_SHIFT	0	0	7379
B	RTL8367B_SVLAN_MCAST2S_ENTRY16_CTRL0_SVIDX_MASK		MASK	0x3F	63	7380
B	RTL8367B_REG_SVLAN_MCAST2S_ENTRY16_CTRL1		REGISTER	0x0b51	2897	7382
B	RTL8367B_REG_SVLAN_MCAST2S_ENTRY16_CTRL2		REGISTER	0x0b52	2898	7384
B	RTL8367B_REG_SVLAN_MCAST2S_ENTRY16_CTRL3		REGISTER	0x0b53	2899	7386
B	RTL8367B_REG_SVLAN_MCAST2S_ENTRY16_CTRL4		REGISTER	0x0b54	2900	7388
B	RTL8367B_REG_SVLAN_MCAST2S_ENTRY17_CTRL0		REGISTER	0x0b55	2901	7390
B	RTL8367B_SVLAN_MCAST2S_ENTRY17_CTRL0_VALID_OFFSET		OFFSET_SHIFT	7	7	7391
B	RTL8367B_SVLAN_MCAST2S_ENTRY17_CTRL0_VALID_MASK		MASK	0x80	128	7392
B	RTL8367B_SVLAN_MCAST2S_ENTRY17_CTRL0_FORMAT_OFFSET		OFFSET_SHIFT	6	6	7393
B	RTL8367B_SVLAN_MCAST2S_ENTRY17_CTRL0_FORMAT_MASK		MASK	0x40	64	7394
B	RTL8367B_SVLAN_MCAST2S_ENTRY17_CTRL0_SVIDX_OFFSET		OFFSET_SHIFT	0	0	7395
B	RTL8367B_SVLAN_MCAST2S_ENTRY17_CTRL0_SVIDX_MASK		MASK	0x3F	63	7396
B	RTL8367B_REG_SVLAN_MCAST2S_ENTRY17_CTRL1		REGISTER	0x0b56	2902	7398
B	RTL8367B_REG_SVLAN_MCAST2S_ENTRY17_CTRL2		REGISTER	0x0b57	2903	7400
B	RTL8367B_REG_SVLAN_MCAST2S_ENTRY17_CTRL3		REGISTER	0x0b58	2904	7402
B	RTL8367B_REG_SVLAN_MCAST2S_ENTRY17_CTRL4		REGISTER	0x0b59	2905	7404
B	RTL8367B_REG_SVLAN_MCAST2S_ENTRY18_CTRL0		REGISTER	0x0b5a	2906	7406
B	RTL8367B_SVLAN_MCAST2S_ENTRY18_CTRL0_VALID_OFFSET		OFFSET_SHIFT	7	7	7407
B	RTL8367B_SVLAN_MCAST2S_ENTRY18_CTRL0_VALID_MASK		MASK	0x80	128	7408
B	RTL8367B_SVLAN_MCAST2S_ENTRY18_CTRL0_FORMAT_OFFSET		OFFSET_SHIFT	6	6	7409
B	RTL8367B_SVLAN_MCAST2S_ENTRY18_CTRL0_FORMAT_MASK		MASK	0x40	64	7410
B	RTL8367B_SVLAN_MCAST2S_ENTRY18_CTRL0_SVIDX_OFFSET		OFFSET_SHIFT	0	0	7411
B	RTL8367B_SVLAN_MCAST2S_ENTRY18_CTRL0_SVIDX_MASK		MASK	0x3F	63	7412
B	RTL8367B_REG_SVLAN_MCAST2S_ENTRY18_CTRL1		REGISTER	0x0b5b	2907	7414
B	RTL8367B_REG_SVLAN_MCAST2S_ENTRY18_CTRL2		REGISTER	0x0b5c	2908	7416
B	RTL8367B_REG_SVLAN_MCAST2S_ENTRY18_CTRL3		REGISTER	0x0b5d	2909	7418
B	RTL8367B_REG_SVLAN_MCAST2S_ENTRY18_CTRL4		REGISTER	0x0b5e	2910	7420
B	RTL8367B_REG_SVLAN_MCAST2S_ENTRY19_CTRL0		REGISTER	0x0b5f	2911	7422
B	RTL8367B_SVLAN_MCAST2S_ENTRY19_CTRL0_VALID_OFFSET		OFFSET_SHIFT	7	7	7423
B	RTL8367B_SVLAN_MCAST2S_ENTRY19_CTRL0_VALID_MASK		MASK	0x80	128	7424
B	RTL8367B_SVLAN_MCAST2S_ENTRY19_CTRL0_FORMAT_OFFSET		OFFSET_SHIFT	6	6	7425
B	RTL8367B_SVLAN_MCAST2S_ENTRY19_CTRL0_FORMAT_MASK		MASK	0x40	64	7426
B	RTL8367B_SVLAN_MCAST2S_ENTRY19_CTRL0_SVIDX_OFFSET		OFFSET_SHIFT	0	0	7427
B	RTL8367B_SVLAN_MCAST2S_ENTRY19_CTRL0_SVIDX_MASK		MASK	0x3F	63	7428
B	RTL8367B_REG_SVLAN_MCAST2S_ENTRY19_CTRL1		REGISTER	0x0b60	2912	7430
B	RTL8367B_REG_SVLAN_MCAST2S_ENTRY19_CTRL2		REGISTER	0x0b61	2913	7432
B	RTL8367B_REG_SVLAN_MCAST2S_ENTRY19_CTRL3		REGISTER	0x0b62	2914	7434
B	RTL8367B_REG_SVLAN_MCAST2S_ENTRY19_CTRL4		REGISTER	0x0b63	2915	7436
B	RTL8367B_REG_SVLAN_MCAST2S_ENTRY20_CTRL0		REGISTER	0x0b64	2916	7438
B	RTL8367B_SVLAN_MCAST2S_ENTRY20_CTRL0_VALID_OFFSET		OFFSET_SHIFT	7	7	7439
B	RTL8367B_SVLAN_MCAST2S_ENTRY20_CTRL0_VALID_MASK		MASK	0x80	128	7440
B	RTL8367B_SVLAN_MCAST2S_ENTRY20_CTRL0_FORMAT_OFFSET		OFFSET_SHIFT	6	6	7441
B	RTL8367B_SVLAN_MCAST2S_ENTRY20_CTRL0_FORMAT_MASK		MASK	0x40	64	7442
B	RTL8367B_SVLAN_MCAST2S_ENTRY20_CTRL0_SVIDX_OFFSET		OFFSET_SHIFT	0	0	7443
B	RTL8367B_SVLAN_MCAST2S_ENTRY20_CTRL0_SVIDX_MASK		MASK	0x3F	63	7444
B	RTL8367B_REG_SVLAN_MCAST2S_ENTRY20_CTRL1		REGISTER	0x0b65	2917	7446
B	RTL8367B_REG_SVLAN_MCAST2S_ENTRY20_CTRL2		REGISTER	0x0b66	2918	7448
B	RTL8367B_REG_SVLAN_MCAST2S_ENTRY20_CTRL3		REGISTER	0x0b67	2919	7450
B	RTL8367B_REG_SVLAN_MCAST2S_ENTRY20_CTRL4		REGISTER	0x0b68	2920	7452
B	RTL8367B_REG_SVLAN_MCAST2S_ENTRY21_CTRL0		REGISTER	0x0b69	2921	7454
B	RTL8367B_SVLAN_MCAST2S_ENTRY21_CTRL0_VALID_OFFSET		OFFSET_SHIFT	7	7	7455
B	RTL8367B_SVLAN_MCAST2S_ENTRY21_CTRL0_VALID_MASK		MASK	0x80	128	7456
B	RTL8367B_SVLAN_MCAST2S_ENTRY21_CTRL0_FORMAT_OFFSET		OFFSET_SHIFT	6	6	7457
B	RTL8367B_SVLAN_MCAST2S_ENTRY21_CTRL0_FORMAT_MASK		MASK	0x40	64	7458
B	RTL8367B_SVLAN_MCAST2S_ENTRY21_CTRL0_SVIDX_OFFSET		OFFSET_SHIFT	0	0	7459
B	RTL8367B_SVLAN_MCAST2S_ENTRY21_CTRL0_SVIDX_MASK		MASK	0x3F	63	7460
B	RTL8367B_REG_SVLAN_MCAST2S_ENTRY21_CTRL1		REGISTER	0x0b6a	2922	7462
B	RTL8367B_REG_SVLAN_MCAST2S_ENTRY21_CTRL2		REGISTER	0x0b6b	2923	7464
B	RTL8367B_REG_SVLAN_MCAST2S_ENTRY21_CTRL3		REGISTER	0x0b6c	2924	7466
B	RTL8367B_REG_SVLAN_MCAST2S_ENTRY21_CTRL4		REGISTER	0x0b6d	2925	7468
B	RTL8367B_REG_SVLAN_MCAST2S_ENTRY22_CTRL0		REGISTER	0x0b6e	2926	7470
B	RTL8367B_SVLAN_MCAST2S_ENTRY22_CTRL0_VALID_OFFSET		OFFSET_SHIFT	7	7	7471
B	RTL8367B_SVLAN_MCAST2S_ENTRY22_CTRL0_VALID_MASK		MASK	0x80	128	7472
B	RTL8367B_SVLAN_MCAST2S_ENTRY22_CTRL0_FORMAT_OFFSET		OFFSET_SHIFT	6	6	7473
B	RTL8367B_SVLAN_MCAST2S_ENTRY22_CTRL0_FORMAT_MASK		MASK	0x40	64	7474
B	RTL8367B_SVLAN_MCAST2S_ENTRY22_CTRL0_SVIDX_OFFSET		OFFSET_SHIFT	0	0	7475
B	RTL8367B_SVLAN_MCAST2S_ENTRY22_CTRL0_SVIDX_MASK		MASK	0x3F	63	7476
B	RTL8367B_REG_SVLAN_MCAST2S_ENTRY22_CTRL1		REGISTER	0x0b6f	2927	7478
B	RTL8367B_REG_SVLAN_MCAST2S_ENTRY22_CTRL2		REGISTER	0x0b70	2928	7480
B	RTL8367B_REG_SVLAN_MCAST2S_ENTRY22_CTRL3		REGISTER	0x0b71	2929	7482
B	RTL8367B_REG_SVLAN_MCAST2S_ENTRY22_CTRL4		REGISTER	0x0b72	2930	7484
B	RTL8367B_REG_SVLAN_MCAST2S_ENTRY23_CTRL0		REGISTER	0x0b73	2931	7486
B	RTL8367B_SVLAN_MCAST2S_ENTRY23_CTRL0_VALID_OFFSET		OFFSET_SHIFT	7	7	7487
B	RTL8367B_SVLAN_MCAST2S_ENTRY23_CTRL0_VALID_MASK		MASK	0x80	128	7488
B	RTL8367B_SVLAN_MCAST2S_ENTRY23_CTRL0_FORMAT_OFFSET		OFFSET_SHIFT	6	6	7489
B	RTL8367B_SVLAN_MCAST2S_ENTRY23_CTRL0_FORMAT_MASK		MASK	0x40	64	7490
B	RTL8367B_SVLAN_MCAST2S_ENTRY23_CTRL0_SVIDX_OFFSET		OFFSET_SHIFT	0	0	7491
B	RTL8367B_SVLAN_MCAST2S_ENTRY23_CTRL0_SVIDX_MASK		MASK	0x3F	63	7492
B	RTL8367B_REG_SVLAN_MCAST2S_ENTRY23_CTRL1		REGISTER	0x0b74	2932	7494
B	RTL8367B_REG_SVLAN_MCAST2S_ENTRY23_CTRL2		REGISTER	0x0b75	2933	7496
B	RTL8367B_REG_SVLAN_MCAST2S_ENTRY23_CTRL3		REGISTER	0x0b76	2934	7498
B	RTL8367B_REG_SVLAN_MCAST2S_ENTRY23_CTRL4		REGISTER	0x0b77	2935	7500
B	RTL8367B_REG_SVLAN_MCAST2S_ENTRY24_CTRL0		REGISTER	0x0b78	2936	7502
B	RTL8367B_SVLAN_MCAST2S_ENTRY24_CTRL0_VALID_OFFSET		OFFSET_SHIFT	7	7	7503
B	RTL8367B_SVLAN_MCAST2S_ENTRY24_CTRL0_VALID_MASK		MASK	0x80	128	7504
B	RTL8367B_SVLAN_MCAST2S_ENTRY24_CTRL0_FORMAT_OFFSET		OFFSET_SHIFT	6	6	7505
B	RTL8367B_SVLAN_MCAST2S_ENTRY24_CTRL0_FORMAT_MASK		MASK	0x40	64	7506
B	RTL8367B_SVLAN_MCAST2S_ENTRY24_CTRL0_SVIDX_OFFSET		OFFSET_SHIFT	0	0	7507
B	RTL8367B_SVLAN_MCAST2S_ENTRY24_CTRL0_SVIDX_MASK		MASK	0x3F	63	7508
B	RTL8367B_REG_SVLAN_MCAST2S_ENTRY24_CTRL1		REGISTER	0x0b79	2937	7510
B	RTL8367B_REG_SVLAN_MCAST2S_ENTRY24_CTRL2		REGISTER	0x0b7a	2938	7512
B	RTL8367B_REG_SVLAN_MCAST2S_ENTRY24_CTRL3		REGISTER	0x0b7b	2939	7514
B	RTL8367B_REG_SVLAN_MCAST2S_ENTRY24_CTRL4		REGISTER	0x0b7c	2940	7516
B	RTL8367B_REG_SVLAN_MCAST2S_ENTRY25_CTRL0		REGISTER	0x0b7d	2941	7518
B	RTL8367B_SVLAN_MCAST2S_ENTRY25_CTRL0_VALID_OFFSET		OFFSET_SHIFT	7	7	7519
B	RTL8367B_SVLAN_MCAST2S_ENTRY25_CTRL0_VALID_MASK		MASK	0x80	128	7520
B	RTL8367B_SVLAN_MCAST2S_ENTRY25_CTRL0_FORMAT_OFFSET		OFFSET_SHIFT	6	6	7521
B	RTL8367B_SVLAN_MCAST2S_ENTRY25_CTRL0_FORMAT_MASK		MASK	0x40	64	7522
B	RTL8367B_SVLAN_MCAST2S_ENTRY25_CTRL0_SVIDX_OFFSET		OFFSET_SHIFT	0	0	7523
B	RTL8367B_SVLAN_MCAST2S_ENTRY25_CTRL0_SVIDX_MASK		MASK	0x3F	63	7524
B	RTL8367B_REG_SVLAN_MCAST2S_ENTRY25_CTRL1		REGISTER	0x0b7e	2942	7526
B	RTL8367B_REG_SVLAN_MCAST2S_ENTRY25_CTRL2		REGISTER	0x0b7f	2943	7528
B	RTL8367B_REG_SVLAN_MCAST2S_ENTRY25_CTRL3		REGISTER	0x0b80	2944	7530
B	RTL8367B_REG_SVLAN_MCAST2S_ENTRY25_CTRL4		REGISTER	0x0b81	2945	7532
B	RTL8367B_REG_SVLAN_MCAST2S_ENTRY26_CTRL0		REGISTER	0x0b82	2946	7534
B	RTL8367B_SVLAN_MCAST2S_ENTRY26_CTRL0_VALID_OFFSET		OFFSET_SHIFT	7	7	7535
B	RTL8367B_SVLAN_MCAST2S_ENTRY26_CTRL0_VALID_MASK		MASK	0x80	128	7536
B	RTL8367B_SVLAN_MCAST2S_ENTRY26_CTRL0_FORMAT_OFFSET		OFFSET_SHIFT	6	6	7537
B	RTL8367B_SVLAN_MCAST2S_ENTRY26_CTRL0_FORMAT_MASK		MASK	0x40	64	7538
B	RTL8367B_SVLAN_MCAST2S_ENTRY26_CTRL0_SVIDX_OFFSET		OFFSET_SHIFT	0	0	7539
B	RTL8367B_SVLAN_MCAST2S_ENTRY26_CTRL0_SVIDX_MASK		MASK	0x3F	63	7540
B	RTL8367B_REG_SVLAN_MCAST2S_ENTRY26_CTRL1		REGISTER	0x0b83	2947	7542
B	RTL8367B_REG_SVLAN_MCAST2S_ENTRY26_CTRL2		REGISTER	0x0b84	2948	7544
B	RTL8367B_REG_SVLAN_MCAST2S_ENTRY26_CTRL3		REGISTER	0x0b85	2949	7546
B	RTL8367B_REG_SVLAN_MCAST2S_ENTRY26_CTRL4		REGISTER	0x0b86	2950	7548
B	RTL8367B_REG_SVLAN_MCAST2S_ENTRY27_CTRL0		REGISTER	0x0b87	2951	7550
B	RTL8367B_SVLAN_MCAST2S_ENTRY27_CTRL0_VALID_OFFSET		OFFSET_SHIFT	7	7	7551
B	RTL8367B_SVLAN_MCAST2S_ENTRY27_CTRL0_VALID_MASK		MASK	0x80	128	7552
B	RTL8367B_SVLAN_MCAST2S_ENTRY27_CTRL0_FORMAT_OFFSET		OFFSET_SHIFT	6	6	7553
B	RTL8367B_SVLAN_MCAST2S_ENTRY27_CTRL0_FORMAT_MASK		MASK	0x40	64	7554
B	RTL8367B_SVLAN_MCAST2S_ENTRY27_CTRL0_SVIDX_OFFSET		OFFSET_SHIFT	0	0	7555
B	RTL8367B_SVLAN_MCAST2S_ENTRY27_CTRL0_SVIDX_MASK		MASK	0x3F	63	7556
B	RTL8367B_REG_SVLAN_MCAST2S_ENTRY27_CTRL1		REGISTER	0x0b88	2952	7558
B	RTL8367B_REG_SVLAN_MCAST2S_ENTRY27_CTRL2		REGISTER	0x0b89	2953	7560
B	RTL8367B_REG_SVLAN_MCAST2S_ENTRY27_CTRL3		REGISTER	0x0b8a	2954	7562
B	RTL8367B_REG_SVLAN_MCAST2S_ENTRY27_CTRL4		REGISTER	0x0b8b	2955	7564
B	RTL8367B_REG_SVLAN_MCAST2S_ENTRY28_CTRL0		REGISTER	0x0b8c	2956	7566
B	RTL8367B_SVLAN_MCAST2S_ENTRY28_CTRL0_VALID_OFFSET		OFFSET_SHIFT	7	7	7567
B	RTL8367B_SVLAN_MCAST2S_ENTRY28_CTRL0_VALID_MASK		MASK	0x80	128	7568
B	RTL8367B_SVLAN_MCAST2S_ENTRY28_CTRL0_FORMAT_OFFSET		OFFSET_SHIFT	6	6	7569
B	RTL8367B_SVLAN_MCAST2S_ENTRY28_CTRL0_FORMAT_MASK		MASK	0x40	64	7570
B	RTL8367B_SVLAN_MCAST2S_ENTRY28_CTRL0_SVIDX_OFFSET		OFFSET_SHIFT	0	0	7571
B	RTL8367B_SVLAN_MCAST2S_ENTRY28_CTRL0_SVIDX_MASK		MASK	0x3F	63	7572
B	RTL8367B_REG_SVLAN_MCAST2S_ENTRY28_CTRL1		REGISTER	0x0b8d	2957	7574
B	RTL8367B_REG_SVLAN_MCAST2S_ENTRY28_CTRL2		REGISTER	0x0b8e	2958	7576
B	RTL8367B_REG_SVLAN_MCAST2S_ENTRY28_CTRL3		REGISTER	0x0b8f	2959	7578
B	RTL8367B_REG_SVLAN_MCAST2S_ENTRY28_CTRL4		REGISTER	0x0b90	2960	7580
B	RTL8367B_REG_SVLAN_MCAST2S_ENTRY29_CTRL0		REGISTER	0x0b91	2961	7582
B	RTL8367B_SVLAN_MCAST2S_ENTRY29_CTRL0_VALID_OFFSET		OFFSET_SHIFT	7	7	7583
B	RTL8367B_SVLAN_MCAST2S_ENTRY29_CTRL0_VALID_MASK		MASK	0x80	128	7584
B	RTL8367B_SVLAN_MCAST2S_ENTRY29_CTRL0_FORMAT_OFFSET		OFFSET_SHIFT	6	6	7585
B	RTL8367B_SVLAN_MCAST2S_ENTRY29_CTRL0_FORMAT_MASK		MASK	0x40	64	7586
B	RTL8367B_SVLAN_MCAST2S_ENTRY29_CTRL0_SVIDX_OFFSET		OFFSET_SHIFT	0	0	7587
B	RTL8367B_SVLAN_MCAST2S_ENTRY29_CTRL0_SVIDX_MASK		MASK	0x3F	63	7588
B	RTL8367B_REG_SVLAN_MCAST2S_ENTRY29_CTRL1		REGISTER	0x0b92	2962	7590
B	RTL8367B_REG_SVLAN_MCAST2S_ENTRY29_CTRL2		REGISTER	0x0b93	2963	7592
B	RTL8367B_REG_SVLAN_MCAST2S_ENTRY29_CTRL3		REGISTER	0x0b94	2964	7594
B	RTL8367B_REG_SVLAN_MCAST2S_ENTRY29_CTRL4		REGISTER	0x0b95	2965	7596
B	RTL8367B_REG_SVLAN_MCAST2S_ENTRY30_CTRL0		REGISTER	0x0b96	2966	7598
B	RTL8367B_SVLAN_MCAST2S_ENTRY30_CTRL0_VALID_OFFSET		OFFSET_SHIFT	7	7	7599
B	RTL8367B_SVLAN_MCAST2S_ENTRY30_CTRL0_VALID_MASK		MASK	0x80	128	7600
B	RTL8367B_SVLAN_MCAST2S_ENTRY30_CTRL0_FORMAT_OFFSET		OFFSET_SHIFT	6	6	7601
B	RTL8367B_SVLAN_MCAST2S_ENTRY30_CTRL0_FORMAT_MASK		MASK	0x40	64	7602
B	RTL8367B_SVLAN_MCAST2S_ENTRY30_CTRL0_SVIDX_OFFSET		OFFSET_SHIFT	0	0	7603
B	RTL8367B_SVLAN_MCAST2S_ENTRY30_CTRL0_SVIDX_MASK		MASK	0x3F	63	7604
B	RTL8367B_REG_SVLAN_MCAST2S_ENTRY30_CTRL1		REGISTER	0x0b97	2967	7606
B	RTL8367B_REG_SVLAN_MCAST2S_ENTRY30_CTRL2		REGISTER	0x0b98	2968	7608
B	RTL8367B_REG_SVLAN_MCAST2S_ENTRY30_CTRL3		REGISTER	0x0b99	2969	7610
B	RTL8367B_REG_SVLAN_MCAST2S_ENTRY30_CTRL4		REGISTER	0x0b9a	2970	7612
B	RTL8367B_REG_SVLAN_MCAST2S_ENTRY31_CTRL0		REGISTER	0x0b9b	2971	7614
B	RTL8367B_SVLAN_MCAST2S_ENTRY31_CTRL0_VALID_OFFSET		OFFSET_SHIFT	7	7	7615
B	RTL8367B_SVLAN_MCAST2S_ENTRY31_CTRL0_VALID_MASK		MASK	0x80	128	7616
B	RTL8367B_SVLAN_MCAST2S_ENTRY31_CTRL0_FORMAT_OFFSET		OFFSET_SHIFT	6	6	7617
B	RTL8367B_SVLAN_MCAST2S_ENTRY31_CTRL0_FORMAT_MASK		MASK	0x40	64	7618
B	RTL8367B_SVLAN_MCAST2S_ENTRY31_CTRL0_SVIDX_OFFSET		OFFSET_SHIFT	0	0	7619
B	RTL8367B_SVLAN_MCAST2S_ENTRY31_CTRL0_SVIDX_MASK		MASK	0x3F	63	7620
B	RTL8367B_REG_SVLAN_MCAST2S_ENTRY31_CTRL1		REGISTER	0x0b9c	2972	7622
B	RTL8367B_REG_SVLAN_MCAST2S_ENTRY31_CTRL2		REGISTER	0x0b9d	2973	7624
B	RTL8367B_REG_SVLAN_MCAST2S_ENTRY31_CTRL3		REGISTER	0x0b9e	2974	7626
B	RTL8367B_REG_SVLAN_MCAST2S_ENTRY31_CTRL4		REGISTER	0x0b9f	2975	7628
B	RTL8367B_REG_MLTVLAN_DUMMY_0		REGISTER	0x0ba0	2976	7630
B	RTL8367B_REG_MLTVLAN_DUMMY_1		REGISTER	0x0ba1	2977	7632
B	RTL8367B_REG_MLTVLAN_DUMMY_2		REGISTER	0x0ba2	2978	7634
B	RTL8367B_REG_MLTVLAN_DUMMY_3		REGISTER	0x0ba3	2979	7636
B	RTL8367B_REG_MLTVLAN_DUMMY_4		REGISTER	0x0ba4	2980	7638
B	RTL8367B_REG_MLTVLAN_DUMMY_5		REGISTER	0x0ba5	2981	7640
B	RTL8367B_REG_MLTVLAN_DUMMY_6		REGISTER	0x0ba6	2982	7642
B	RTL8367B_REG_MLTVLAN_DUMMY_7		REGISTER	0x0ba7	2983	7644
B	RTL8367B_REG_SVLAN_MEMBERCFG0_CTRL1		REGISTER	0x0c01	3073	7648
B	RTL8367B_SVLAN_MEMBERCFG0_CTRL1_VS_UNTAGSET_OFFSET		OFFSET_SHIFT	8	8	7649
B	RTL8367B_SVLAN_MEMBERCFG0_CTRL1_VS_UNTAGSET_MASK		MASK	0xFF00	65280	7650
B	RTL8367B_SVLAN_MEMBERCFG0_CTRL1_VS_SMBR_OFFSET		OFFSET_SHIFT	0	0	7651
B	RTL8367B_SVLAN_MEMBERCFG0_CTRL1_VS_SMBR_MASK		MASK	0xFF	255	7652
B	RTL8367B_REG_SVLAN_MEMBERCFG0_CTRL2		REGISTER	0x0c02	3074	7654
B	RTL8367B_SVLAN_MEMBERCFG0_CTRL2_VS_FIDEN_OFFSET		OFFSET_SHIFT	7	7	7655
B	RTL8367B_SVLAN_MEMBERCFG0_CTRL2_VS_FIDEN_MASK		MASK	0x80	128	7656
B	RTL8367B_SVLAN_MEMBERCFG0_CTRL2_VS_SPRI_OFFSET		OFFSET_SHIFT	4	4	7657
B	RTL8367B_SVLAN_MEMBERCFG0_CTRL2_VS_SPRI_MASK		MASK	0x70	112	7658
B	RTL8367B_SVLAN_MEMBERCFG0_CTRL2_VS_FID_MSTI_OFFSET		OFFSET_SHIFT	0	0	7659
B	RTL8367B_SVLAN_MEMBERCFG0_CTRL2_VS_FID_MSTI_MASK		MASK	0xF	15	7660
B	RTL8367B_REG_SVLAN_MEMBERCFG0_CTRL3		REGISTER	0x0c03	3075	7662
B	RTL8367B_SVLAN_MEMBERCFG0_CTRL3_VS_EFID_OFFSET		OFFSET_SHIFT	13	13	7663
B	RTL8367B_SVLAN_MEMBERCFG0_CTRL3_VS_EFID_MASK		MASK	0xE000	57344	7664
B	RTL8367B_SVLAN_MEMBERCFG0_CTRL3_VS_EFIDEN_OFFSET		OFFSET_SHIFT	12	12	7665
B	RTL8367B_SVLAN_MEMBERCFG0_CTRL3_VS_EFIDEN_MASK		MASK	0x1000	4096	7666
B	RTL8367B_SVLAN_MEMBERCFG0_CTRL3_VS_SVID_OFFSET		OFFSET_SHIFT	0	0	7667
B	RTL8367B_SVLAN_MEMBERCFG0_CTRL3_VS_SVID_MASK		MASK	0xFFF	4095	7668
B	RTL8367B_REG_SVLAN_MEMBERCFG1_CTRL1		REGISTER	0x0c04	3076	7670
B	RTL8367B_SVLAN_MEMBERCFG1_CTRL1_VS_UNTAGSET_OFFSET		OFFSET_SHIFT	8	8	7671
B	RTL8367B_SVLAN_MEMBERCFG1_CTRL1_VS_UNTAGSET_MASK		MASK	0xFF00	65280	7672
B	RTL8367B_SVLAN_MEMBERCFG1_CTRL1_VS_SMBR_OFFSET		OFFSET_SHIFT	0	0	7673
B	RTL8367B_SVLAN_MEMBERCFG1_CTRL1_VS_SMBR_MASK		MASK	0xFF	255	7674
B	RTL8367B_REG_SVLAN_MEMBERCFG1_CTRL2		REGISTER	0x0c05	3077	7676
B	RTL8367B_SVLAN_MEMBERCFG1_CTRL2_VS_FIDEN_OFFSET		OFFSET_SHIFT	7	7	7677
B	RTL8367B_SVLAN_MEMBERCFG1_CTRL2_VS_FIDEN_MASK		MASK	0x80	128	7678
B	RTL8367B_SVLAN_MEMBERCFG1_CTRL2_VS_SPRI_OFFSET		OFFSET_SHIFT	4	4	7679
B	RTL8367B_SVLAN_MEMBERCFG1_CTRL2_VS_SPRI_MASK		MASK	0x70	112	7680
B	RTL8367B_SVLAN_MEMBERCFG1_CTRL2_VS_FID_MSTI_OFFSET		OFFSET_SHIFT	0	0	7681
B	RTL8367B_SVLAN_MEMBERCFG1_CTRL2_VS_FID_MSTI_MASK		MASK	0xF	15	7682
B	RTL8367B_REG_SVLAN_MEMBERCFG1_CTRL3		REGISTER	0x0c06	3078	7684
B	RTL8367B_SVLAN_MEMBERCFG1_CTRL3_VS_EFID_OFFSET		OFFSET_SHIFT	13	13	7685
B	RTL8367B_SVLAN_MEMBERCFG1_CTRL3_VS_EFID_MASK		MASK	0xE000	57344	7686
B	RTL8367B_SVLAN_MEMBERCFG1_CTRL3_VS_EFIDEN_OFFSET		OFFSET_SHIFT	12	12	7687
B	RTL8367B_SVLAN_MEMBERCFG1_CTRL3_VS_EFIDEN_MASK		MASK	0x1000	4096	7688
B	RTL8367B_SVLAN_MEMBERCFG1_CTRL3_VS_SVID_OFFSET		OFFSET_SHIFT	0	0	7689
B	RTL8367B_SVLAN_MEMBERCFG1_CTRL3_VS_SVID_MASK		MASK	0xFFF	4095	7690
B	RTL8367B_REG_SVLAN_MEMBERCFG2_CTRL1		REGISTER	0x0c07	3079	7692
B	RTL8367B_SVLAN_MEMBERCFG2_CTRL1_VS_UNTAGSET_OFFSET		OFFSET_SHIFT	8	8	7693
B	RTL8367B_SVLAN_MEMBERCFG2_CTRL1_VS_UNTAGSET_MASK		MASK	0xFF00	65280	7694
B	RTL8367B_SVLAN_MEMBERCFG2_CTRL1_VS_SMBR_OFFSET		OFFSET_SHIFT	0	0	7695
B	RTL8367B_SVLAN_MEMBERCFG2_CTRL1_VS_SMBR_MASK		MASK	0xFF	255	7696
B	RTL8367B_REG_SVLAN_MEMBERCFG2_CTRL2		REGISTER	0x0c08	3080	7698
B	RTL8367B_SVLAN_MEMBERCFG2_CTRL2_VS_FIDEN_OFFSET		OFFSET_SHIFT	7	7	7699
B	RTL8367B_SVLAN_MEMBERCFG2_CTRL2_VS_FIDEN_MASK		MASK	0x80	128	7700
B	RTL8367B_SVLAN_MEMBERCFG2_CTRL2_VS_SPRI_OFFSET		OFFSET_SHIFT	4	4	7701
B	RTL8367B_SVLAN_MEMBERCFG2_CTRL2_VS_SPRI_MASK		MASK	0x70	112	7702
B	RTL8367B_SVLAN_MEMBERCFG2_CTRL2_VS_FID_MSTI_OFFSET		OFFSET_SHIFT	0	0	7703
B	RTL8367B_SVLAN_MEMBERCFG2_CTRL2_VS_FID_MSTI_MASK		MASK	0xF	15	7704
B	RTL8367B_REG_SVLAN_MEMBERCFG2_CTRL3		REGISTER	0x0c09	3081	7706
B	RTL8367B_SVLAN_MEMBERCFG2_CTRL3_VS_EFID_OFFSET		OFFSET_SHIFT	13	13	7707
B	RTL8367B_SVLAN_MEMBERCFG2_CTRL3_VS_EFID_MASK		MASK	0xE000	57344	7708
B	RTL8367B_SVLAN_MEMBERCFG2_CTRL3_VS_EFIDEN_OFFSET		OFFSET_SHIFT	12	12	7709
B	RTL8367B_SVLAN_MEMBERCFG2_CTRL3_VS_EFIDEN_MASK		MASK	0x1000	4096	7710
B	RTL8367B_SVLAN_MEMBERCFG2_CTRL3_VS_SVID_OFFSET		OFFSET_SHIFT	0	0	7711
B	RTL8367B_SVLAN_MEMBERCFG2_CTRL3_VS_SVID_MASK		MASK	0xFFF	4095	7712
B	RTL8367B_REG_SVLAN_MEMBERCFG3_CTRL1		REGISTER	0x0c0a	3082	7714
B	RTL8367B_SVLAN_MEMBERCFG3_CTRL1_VS_UNTAGSET_OFFSET		OFFSET_SHIFT	8	8	7715
B	RTL8367B_SVLAN_MEMBERCFG3_CTRL1_VS_UNTAGSET_MASK		MASK	0xFF00	65280	7716
B	RTL8367B_SVLAN_MEMBERCFG3_CTRL1_VS_SMBR_OFFSET		OFFSET_SHIFT	0	0	7717
B	RTL8367B_SVLAN_MEMBERCFG3_CTRL1_VS_SMBR_MASK		MASK	0xFF	255	7718
B	RTL8367B_REG_SVLAN_MEMBERCFG3_CTRL2		REGISTER	0x0c0b	3083	7720
B	RTL8367B_SVLAN_MEMBERCFG3_CTRL2_VS_FIDEN_OFFSET		OFFSET_SHIFT	7	7	7721
B	RTL8367B_SVLAN_MEMBERCFG3_CTRL2_VS_FIDEN_MASK		MASK	0x80	128	7722
B	RTL8367B_SVLAN_MEMBERCFG3_CTRL2_VS_SPRI_OFFSET		OFFSET_SHIFT	4	4	7723
B	RTL8367B_SVLAN_MEMBERCFG3_CTRL2_VS_SPRI_MASK		MASK	0x70	112	7724
B	RTL8367B_SVLAN_MEMBERCFG3_CTRL2_VS_FID_MSTI_OFFSET		OFFSET_SHIFT	0	0	7725
B	RTL8367B_SVLAN_MEMBERCFG3_CTRL2_VS_FID_MSTI_MASK		MASK	0xF	15	7726
B	RTL8367B_REG_SVLAN_MEMBERCFG3_CTRL3		REGISTER	0x0c0c	3084	7728
B	RTL8367B_SVLAN_MEMBERCFG3_CTRL3_VS_EFID_OFFSET		OFFSET_SHIFT	13	13	7729
B	RTL8367B_SVLAN_MEMBERCFG3_CTRL3_VS_EFID_MASK		MASK	0xE000	57344	7730
B	RTL8367B_SVLAN_MEMBERCFG3_CTRL3_VS_EFIDEN_OFFSET		OFFSET_SHIFT	12	12	7731
B	RTL8367B_SVLAN_MEMBERCFG3_CTRL3_VS_EFIDEN_MASK		MASK	0x1000	4096	7732
B	RTL8367B_SVLAN_MEMBERCFG3_CTRL3_VS_SVID_OFFSET		OFFSET_SHIFT	0	0	7733
B	RTL8367B_SVLAN_MEMBERCFG3_CTRL3_VS_SVID_MASK		MASK	0xFFF	4095	7734
B	RTL8367B_REG_SVLAN_MEMBERCFG4_CTRL1		REGISTER	0x0c0d	3085	7736
B	RTL8367B_SVLAN_MEMBERCFG4_CTRL1_VS_UNTAGSET_OFFSET		OFFSET_SHIFT	8	8	7737
B	RTL8367B_SVLAN_MEMBERCFG4_CTRL1_VS_UNTAGSET_MASK		MASK	0xFF00	65280	7738
B	RTL8367B_SVLAN_MEMBERCFG4_CTRL1_VS_SMBR_OFFSET		OFFSET_SHIFT	0	0	7739
B	RTL8367B_SVLAN_MEMBERCFG4_CTRL1_VS_SMBR_MASK		MASK	0xFF	255	7740
B	RTL8367B_REG_SVLAN_MEMBERCFG4_CTRL2		REGISTER	0x0c0e	3086	7742
B	RTL8367B_SVLAN_MEMBERCFG4_CTRL2_VS_FIDEN_OFFSET		OFFSET_SHIFT	7	7	7743
B	RTL8367B_SVLAN_MEMBERCFG4_CTRL2_VS_FIDEN_MASK		MASK	0x80	128	7744
B	RTL8367B_SVLAN_MEMBERCFG4_CTRL2_VS_SPRI_OFFSET		OFFSET_SHIFT	4	4	7745
B	RTL8367B_SVLAN_MEMBERCFG4_CTRL2_VS_SPRI_MASK		MASK	0x70	112	7746
B	RTL8367B_SVLAN_MEMBERCFG4_CTRL2_VS_FID_MSTI_OFFSET		OFFSET_SHIFT	0	0	7747
B	RTL8367B_SVLAN_MEMBERCFG4_CTRL2_VS_FID_MSTI_MASK		MASK	0xF	15	7748
B	RTL8367B_REG_SVLAN_MEMBERCFG4_CTRL3		REGISTER	0x0c0f	3087	7750
B	RTL8367B_SVLAN_MEMBERCFG4_CTRL3_VS_EFID_OFFSET		OFFSET_SHIFT	13	13	7751
B	RTL8367B_SVLAN_MEMBERCFG4_CTRL3_VS_EFID_MASK		MASK	0xE000	57344	7752
B	RTL8367B_SVLAN_MEMBERCFG4_CTRL3_VS_EFIDEN_OFFSET		OFFSET_SHIFT	12	12	7753
B	RTL8367B_SVLAN_MEMBERCFG4_CTRL3_VS_EFIDEN_MASK		MASK	0x1000	4096	7754
B	RTL8367B_SVLAN_MEMBERCFG4_CTRL3_VS_SVID_OFFSET		OFFSET_SHIFT	0	0	7755
B	RTL8367B_SVLAN_MEMBERCFG4_CTRL3_VS_SVID_MASK		MASK	0xFFF	4095	7756
B	RTL8367B_REG_SVLAN_MEMBERCFG5_CTRL1		REGISTER	0x0c10	3088	7758
B	RTL8367B_SVLAN_MEMBERCFG5_CTRL1_VS_UNTAGSET_OFFSET		OFFSET_SHIFT	8	8	7759
B	RTL8367B_SVLAN_MEMBERCFG5_CTRL1_VS_UNTAGSET_MASK		MASK	0xFF00	65280	7760
B	RTL8367B_SVLAN_MEMBERCFG5_CTRL1_VS_SMBR_OFFSET		OFFSET_SHIFT	0	0	7761
B	RTL8367B_SVLAN_MEMBERCFG5_CTRL1_VS_SMBR_MASK		MASK	0xFF	255	7762
B	RTL8367B_REG_SVLAN_MEMBERCFG5_CTRL2		REGISTER	0x0c11	3089	7764
B	RTL8367B_SVLAN_MEMBERCFG5_CTRL2_VS_FIDEN_OFFSET		OFFSET_SHIFT	7	7	7765
B	RTL8367B_SVLAN_MEMBERCFG5_CTRL2_VS_FIDEN_MASK		MASK	0x80	128	7766
B	RTL8367B_SVLAN_MEMBERCFG5_CTRL2_VS_SPRI_OFFSET		OFFSET_SHIFT	4	4	7767
B	RTL8367B_SVLAN_MEMBERCFG5_CTRL2_VS_SPRI_MASK		MASK	0x70	112	7768
B	RTL8367B_SVLAN_MEMBERCFG5_CTRL2_VS_FID_MSTI_OFFSET		OFFSET_SHIFT	0	0	7769
B	RTL8367B_SVLAN_MEMBERCFG5_CTRL2_VS_FID_MSTI_MASK		MASK	0xF	15	7770
B	RTL8367B_REG_SVLAN_MEMBERCFG5_CTRL3		REGISTER	0x0c12	3090	7772
B	RTL8367B_SVLAN_MEMBERCFG5_CTRL3_VS_EFID_OFFSET		OFFSET_SHIFT	13	13	7773
B	RTL8367B_SVLAN_MEMBERCFG5_CTRL3_VS_EFID_MASK		MASK	0xE000	57344	7774
B	RTL8367B_SVLAN_MEMBERCFG5_CTRL3_VS_EFIDEN_OFFSET		OFFSET_SHIFT	12	12	7775
B	RTL8367B_SVLAN_MEMBERCFG5_CTRL3_VS_EFIDEN_MASK		MASK	0x1000	4096	7776
B	RTL8367B_SVLAN_MEMBERCFG5_CTRL3_VS_SVID_OFFSET		OFFSET_SHIFT	0	0	7777
B	RTL8367B_SVLAN_MEMBERCFG5_CTRL3_VS_SVID_MASK		MASK	0xFFF	4095	7778
B	RTL8367B_REG_SVLAN_MEMBERCFG6_CTRL1		REGISTER	0x0c13	3091	7780
B	RTL8367B_SVLAN_MEMBERCFG6_CTRL1_VS_UNTAGSET_OFFSET		OFFSET_SHIFT	8	8	7781
B	RTL8367B_SVLAN_MEMBERCFG6_CTRL1_VS_UNTAGSET_MASK		MASK	0xFF00	65280	7782
B	RTL8367B_SVLAN_MEMBERCFG6_CTRL1_VS_SMBR_OFFSET		OFFSET_SHIFT	0	0	7783
B	RTL8367B_SVLAN_MEMBERCFG6_CTRL1_VS_SMBR_MASK		MASK	0xFF	255	7784
B	RTL8367B_REG_SVLAN_MEMBERCFG6_CTRL2		REGISTER	0x0c14	3092	7786
B	RTL8367B_SVLAN_MEMBERCFG6_CTRL2_VS_FIDEN_OFFSET		OFFSET_SHIFT	7	7	7787
B	RTL8367B_SVLAN_MEMBERCFG6_CTRL2_VS_FIDEN_MASK		MASK	0x80	128	7788
B	RTL8367B_SVLAN_MEMBERCFG6_CTRL2_VS_SPRI_OFFSET		OFFSET_SHIFT	4	4	7789
B	RTL8367B_SVLAN_MEMBERCFG6_CTRL2_VS_SPRI_MASK		MASK	0x70	112	7790
B	RTL8367B_SVLAN_MEMBERCFG6_CTRL2_VS_FID_MSTI_OFFSET		OFFSET_SHIFT	0	0	7791
B	RTL8367B_SVLAN_MEMBERCFG6_CTRL2_VS_FID_MSTI_MASK		MASK	0xF	15	7792
B	RTL8367B_REG_SVLAN_MEMBERCFG6_CTRL3		REGISTER	0x0c15	3093	7794
B	RTL8367B_SVLAN_MEMBERCFG6_CTRL3_VS_EFID_OFFSET		OFFSET_SHIFT	13	13	7795
B	RTL8367B_SVLAN_MEMBERCFG6_CTRL3_VS_EFID_MASK		MASK	0xE000	57344	7796
B	RTL8367B_SVLAN_MEMBERCFG6_CTRL3_VS_EFIDEN_OFFSET		OFFSET_SHIFT	12	12	7797
B	RTL8367B_SVLAN_MEMBERCFG6_CTRL3_VS_EFIDEN_MASK		MASK	0x1000	4096	7798
B	RTL8367B_SVLAN_MEMBERCFG6_CTRL3_VS_SVID_OFFSET		OFFSET_SHIFT	0	0	7799
B	RTL8367B_SVLAN_MEMBERCFG6_CTRL3_VS_SVID_MASK		MASK	0xFFF	4095	7800
B	RTL8367B_REG_SVLAN_MEMBERCFG7_CTRL1		REGISTER	0x0c16	3094	7802
B	RTL8367B_SVLAN_MEMBERCFG7_CTRL1_VS_UNTAGSET_OFFSET		OFFSET_SHIFT	8	8	7803
B	RTL8367B_SVLAN_MEMBERCFG7_CTRL1_VS_UNTAGSET_MASK		MASK	0xFF00	65280	7804
B	RTL8367B_SVLAN_MEMBERCFG7_CTRL1_VS_SMBR_OFFSET		OFFSET_SHIFT	0	0	7805
B	RTL8367B_SVLAN_MEMBERCFG7_CTRL1_VS_SMBR_MASK		MASK	0xFF	255	7806
B	RTL8367B_REG_SVLAN_MEMBERCFG7_CTRL2		REGISTER	0x0c17	3095	7808
B	RTL8367B_SVLAN_MEMBERCFG7_CTRL2_VS_FIDEN_OFFSET		OFFSET_SHIFT	7	7	7809
B	RTL8367B_SVLAN_MEMBERCFG7_CTRL2_VS_FIDEN_MASK		MASK	0x80	128	7810
B	RTL8367B_SVLAN_MEMBERCFG7_CTRL2_VS_SPRI_OFFSET		OFFSET_SHIFT	4	4	7811
B	RTL8367B_SVLAN_MEMBERCFG7_CTRL2_VS_SPRI_MASK		MASK	0x70	112	7812
B	RTL8367B_SVLAN_MEMBERCFG7_CTRL2_VS_FID_MSTI_OFFSET		OFFSET_SHIFT	0	0	7813
B	RTL8367B_SVLAN_MEMBERCFG7_CTRL2_VS_FID_MSTI_MASK		MASK	0xF	15	7814
B	RTL8367B_REG_SVLAN_MEMBERCFG7_CTRL3		REGISTER	0x0c18	3096	7816
B	RTL8367B_SVLAN_MEMBERCFG7_CTRL3_VS_EFID_OFFSET		OFFSET_SHIFT	13	13	7817
B	RTL8367B_SVLAN_MEMBERCFG7_CTRL3_VS_EFID_MASK		MASK	0xE000	57344	7818
B	RTL8367B_SVLAN_MEMBERCFG7_CTRL3_VS_EFIDEN_OFFSET		OFFSET_SHIFT	12	12	7819
B	RTL8367B_SVLAN_MEMBERCFG7_CTRL3_VS_EFIDEN_MASK		MASK	0x1000	4096	7820
B	RTL8367B_SVLAN_MEMBERCFG7_CTRL3_VS_SVID_OFFSET		OFFSET_SHIFT	0	0	7821
B	RTL8367B_SVLAN_MEMBERCFG7_CTRL3_VS_SVID_MASK		MASK	0xFFF	4095	7822
B	RTL8367B_REG_SVLAN_MEMBERCFG8_CTRL1		REGISTER	0x0c19	3097	7824
B	RTL8367B_SVLAN_MEMBERCFG8_CTRL1_VS_UNTAGSET_OFFSET		OFFSET_SHIFT	8	8	7825
B	RTL8367B_SVLAN_MEMBERCFG8_CTRL1_VS_UNTAGSET_MASK		MASK	0xFF00	65280	7826
B	RTL8367B_SVLAN_MEMBERCFG8_CTRL1_VS_SMBR_OFFSET		OFFSET_SHIFT	0	0	7827
B	RTL8367B_SVLAN_MEMBERCFG8_CTRL1_VS_SMBR_MASK		MASK	0xFF	255	7828
B	RTL8367B_REG_SVLAN_MEMBERCFG8_CTRL2		REGISTER	0x0c1a	3098	7830
B	RTL8367B_SVLAN_MEMBERCFG8_CTRL2_VS_FIDEN_OFFSET		OFFSET_SHIFT	7	7	7831
B	RTL8367B_SVLAN_MEMBERCFG8_CTRL2_VS_FIDEN_MASK		MASK	0x80	128	7832
B	RTL8367B_SVLAN_MEMBERCFG8_CTRL2_VS_SPRI_OFFSET		OFFSET_SHIFT	4	4	7833
B	RTL8367B_SVLAN_MEMBERCFG8_CTRL2_VS_SPRI_MASK		MASK	0x70	112	7834
B	RTL8367B_SVLAN_MEMBERCFG8_CTRL2_VS_FID_MSTI_OFFSET		OFFSET_SHIFT	0	0	7835
B	RTL8367B_SVLAN_MEMBERCFG8_CTRL2_VS_FID_MSTI_MASK		MASK	0xF	15	7836
B	RTL8367B_REG_SVLAN_MEMBERCFG8_CTRL3		REGISTER	0x0c1b	3099	7838
B	RTL8367B_SVLAN_MEMBERCFG8_CTRL3_VS_EFID_OFFSET		OFFSET_SHIFT	13	13	7839
B	RTL8367B_SVLAN_MEMBERCFG8_CTRL3_VS_EFID_MASK		MASK	0xE000	57344	7840
B	RTL8367B_SVLAN_MEMBERCFG8_CTRL3_VS_EFIDEN_OFFSET		OFFSET_SHIFT	12	12	7841
B	RTL8367B_SVLAN_MEMBERCFG8_CTRL3_VS_EFIDEN_MASK		MASK	0x1000	4096	7842
B	RTL8367B_SVLAN_MEMBERCFG8_CTRL3_VS_SVID_OFFSET		OFFSET_SHIFT	0	0	7843
B	RTL8367B_SVLAN_MEMBERCFG8_CTRL3_VS_SVID_MASK		MASK	0xFFF	4095	7844
B	RTL8367B_REG_SVLAN_MEMBERCFG9_CTRL1		REGISTER	0x0c1c	3100	7846
B	RTL8367B_SVLAN_MEMBERCFG9_CTRL1_VS_UNTAGSET_OFFSET		OFFSET_SHIFT	8	8	7847
B	RTL8367B_SVLAN_MEMBERCFG9_CTRL1_VS_UNTAGSET_MASK		MASK	0xFF00	65280	7848
B	RTL8367B_SVLAN_MEMBERCFG9_CTRL1_VS_SMBR_OFFSET		OFFSET_SHIFT	0	0	7849
B	RTL8367B_SVLAN_MEMBERCFG9_CTRL1_VS_SMBR_MASK		MASK	0xFF	255	7850
B	RTL8367B_REG_SVLAN_MEMBERCFG9_CTRL2		REGISTER	0x0c1d	3101	7852
B	RTL8367B_SVLAN_MEMBERCFG9_CTRL2_VS_FIDEN_OFFSET		OFFSET_SHIFT	7	7	7853
B	RTL8367B_SVLAN_MEMBERCFG9_CTRL2_VS_FIDEN_MASK		MASK	0x80	128	7854
B	RTL8367B_SVLAN_MEMBERCFG9_CTRL2_VS_SPRI_OFFSET		OFFSET_SHIFT	4	4	7855
B	RTL8367B_SVLAN_MEMBERCFG9_CTRL2_VS_SPRI_MASK		MASK	0x70	112	7856
B	RTL8367B_SVLAN_MEMBERCFG9_CTRL2_VS_FID_MSTI_OFFSET		OFFSET_SHIFT	0	0	7857
B	RTL8367B_SVLAN_MEMBERCFG9_CTRL2_VS_FID_MSTI_MASK		MASK	0xF	15	7858
B	RTL8367B_REG_SVLAN_MEMBERCFG9_CTRL3		REGISTER	0x0c1e	3102	7860
B	RTL8367B_SVLAN_MEMBERCFG9_CTRL3_VS_EFID_OFFSET		OFFSET_SHIFT	13	13	7861
B	RTL8367B_SVLAN_MEMBERCFG9_CTRL3_VS_EFID_MASK		MASK	0xE000	57344	7862
B	RTL8367B_SVLAN_MEMBERCFG9_CTRL3_VS_EFIDEN_OFFSET		OFFSET_SHIFT	12	12	7863
B	RTL8367B_SVLAN_MEMBERCFG9_CTRL3_VS_EFIDEN_MASK		MASK	0x1000	4096	7864
B	RTL8367B_SVLAN_MEMBERCFG9_CTRL3_VS_SVID_OFFSET		OFFSET_SHIFT	0	0	7865
B	RTL8367B_SVLAN_MEMBERCFG9_CTRL3_VS_SVID_MASK		MASK	0xFFF	4095	7866
B	RTL8367B_REG_SVLAN_MEMBERCFG10_CTRL1		REGISTER	0x0c1f	3103	7868
B	RTL8367B_SVLAN_MEMBERCFG10_CTRL1_VS_UNTAGSET_OFFSET		OFFSET_SHIFT	8	8	7869
B	RTL8367B_SVLAN_MEMBERCFG10_CTRL1_VS_UNTAGSET_MASK		MASK	0xFF00	65280	7870
B	RTL8367B_SVLAN_MEMBERCFG10_CTRL1_VS_SMBR_OFFSET		OFFSET_SHIFT	0	0	7871
B	RTL8367B_SVLAN_MEMBERCFG10_CTRL1_VS_SMBR_MASK		MASK	0xFF	255	7872
B	RTL8367B_REG_SVLAN_MEMBERCFG10_CTRL2		REGISTER	0x0c20	3104	7874
B	RTL8367B_SVLAN_MEMBERCFG10_CTRL2_VS_FIDEN_OFFSET		OFFSET_SHIFT	7	7	7875
B	RTL8367B_SVLAN_MEMBERCFG10_CTRL2_VS_FIDEN_MASK		MASK	0x80	128	7876
B	RTL8367B_SVLAN_MEMBERCFG10_CTRL2_VS_SPRI_OFFSET		OFFSET_SHIFT	4	4	7877
B	RTL8367B_SVLAN_MEMBERCFG10_CTRL2_VS_SPRI_MASK		MASK	0x70	112	7878
B	RTL8367B_SVLAN_MEMBERCFG10_CTRL2_VS_FID_MSTI_OFFSET		OFFSET_SHIFT	0	0	7879
B	RTL8367B_SVLAN_MEMBERCFG10_CTRL2_VS_FID_MSTI_MASK		MASK	0xF	15	7880
B	RTL8367B_REG_SVLAN_MEMBERCFG10_CTRL3		REGISTER	0x0c21	3105	7882
B	RTL8367B_SVLAN_MEMBERCFG10_CTRL3_VS_EFID_OFFSET		OFFSET_SHIFT	13	13	7883
B	RTL8367B_SVLAN_MEMBERCFG10_CTRL3_VS_EFID_MASK		MASK	0xE000	57344	7884
B	RTL8367B_SVLAN_MEMBERCFG10_CTRL3_VS_EFIDEN_OFFSET		OFFSET_SHIFT	12	12	7885
B	RTL8367B_SVLAN_MEMBERCFG10_CTRL3_VS_EFIDEN_MASK		MASK	0x1000	4096	7886
B	RTL8367B_SVLAN_MEMBERCFG10_CTRL3_VS_SVID_OFFSET		OFFSET_SHIFT	0	0	7887
B	RTL8367B_SVLAN_MEMBERCFG10_CTRL3_VS_SVID_MASK		MASK	0xFFF	4095	7888
B	RTL8367B_REG_SVLAN_MEMBERCFG11_CTRL1		REGISTER	0x0c22	3106	7890
B	RTL8367B_SVLAN_MEMBERCFG11_CTRL1_VS_UNTAGSET_OFFSET		OFFSET_SHIFT	8	8	7891
B	RTL8367B_SVLAN_MEMBERCFG11_CTRL1_VS_UNTAGSET_MASK		MASK	0xFF00	65280	7892
B	RTL8367B_SVLAN_MEMBERCFG11_CTRL1_VS_SMBR_OFFSET		OFFSET_SHIFT	0	0	7893
B	RTL8367B_SVLAN_MEMBERCFG11_CTRL1_VS_SMBR_MASK		MASK	0xFF	255	7894
B	RTL8367B_REG_SVLAN_MEMBERCFG11_CTRL2		REGISTER	0x0c23	3107	7896
B	RTL8367B_SVLAN_MEMBERCFG11_CTRL2_VS_FIDEN_OFFSET		OFFSET_SHIFT	7	7	7897
B	RTL8367B_SVLAN_MEMBERCFG11_CTRL2_VS_FIDEN_MASK		MASK	0x80	128	7898
B	RTL8367B_SVLAN_MEMBERCFG11_CTRL2_VS_SPRI_OFFSET		OFFSET_SHIFT	4	4	7899
B	RTL8367B_SVLAN_MEMBERCFG11_CTRL2_VS_SPRI_MASK		MASK	0x70	112	7900
B	RTL8367B_SVLAN_MEMBERCFG11_CTRL2_VS_FID_MSTI_OFFSET		OFFSET_SHIFT	0	0	7901
B	RTL8367B_SVLAN_MEMBERCFG11_CTRL2_VS_FID_MSTI_MASK		MASK	0xF	15	7902
B	RTL8367B_REG_SVLAN_MEMBERCFG11_CTRL3		REGISTER	0x0c24	3108	7904
B	RTL8367B_SVLAN_MEMBERCFG11_CTRL3_VS_EFID_OFFSET		OFFSET_SHIFT	13	13	7905
B	RTL8367B_SVLAN_MEMBERCFG11_CTRL3_VS_EFID_MASK		MASK	0xE000	57344	7906
B	RTL8367B_SVLAN_MEMBERCFG11_CTRL3_VS_EFIDEN_OFFSET		OFFSET_SHIFT	12	12	7907
B	RTL8367B_SVLAN_MEMBERCFG11_CTRL3_VS_EFIDEN_MASK		MASK	0x1000	4096	7908
B	RTL8367B_SVLAN_MEMBERCFG11_CTRL3_VS_SVID_OFFSET		OFFSET_SHIFT	0	0	7909
B	RTL8367B_SVLAN_MEMBERCFG11_CTRL3_VS_SVID_MASK		MASK	0xFFF	4095	7910
B	RTL8367B_REG_SVLAN_MEMBERCFG12_CTRL1		REGISTER	0x0c25	3109	7912
B	RTL8367B_SVLAN_MEMBERCFG12_CTRL1_VS_UNTAGSET_OFFSET		OFFSET_SHIFT	8	8	7913
B	RTL8367B_SVLAN_MEMBERCFG12_CTRL1_VS_UNTAGSET_MASK		MASK	0xFF00	65280	7914
B	RTL8367B_SVLAN_MEMBERCFG12_CTRL1_VS_SMBR_OFFSET		OFFSET_SHIFT	0	0	7915
B	RTL8367B_SVLAN_MEMBERCFG12_CTRL1_VS_SMBR_MASK		MASK	0xFF	255	7916
B	RTL8367B_REG_SVLAN_MEMBERCFG12_CTRL2		REGISTER	0x0c26	3110	7918
B	RTL8367B_SVLAN_MEMBERCFG12_CTRL2_VS_FIDEN_OFFSET		OFFSET_SHIFT	7	7	7919
B	RTL8367B_SVLAN_MEMBERCFG12_CTRL2_VS_FIDEN_MASK		MASK	0x80	128	7920
B	RTL8367B_SVLAN_MEMBERCFG12_CTRL2_VS_SPRI_OFFSET		OFFSET_SHIFT	4	4	7921
B	RTL8367B_SVLAN_MEMBERCFG12_CTRL2_VS_SPRI_MASK		MASK	0x70	112	7922
B	RTL8367B_SVLAN_MEMBERCFG12_CTRL2_VS_FID_MSTI_OFFSET		OFFSET_SHIFT	0	0	7923
B	RTL8367B_SVLAN_MEMBERCFG12_CTRL2_VS_FID_MSTI_MASK		MASK	0xF	15	7924
B	RTL8367B_REG_SVLAN_MEMBERCFG12_CTRL3		REGISTER	0x0c27	3111	7926
B	RTL8367B_SVLAN_MEMBERCFG12_CTRL3_VS_EFID_OFFSET		OFFSET_SHIFT	13	13	7927
B	RTL8367B_SVLAN_MEMBERCFG12_CTRL3_VS_EFID_MASK		MASK	0xE000	57344	7928
B	RTL8367B_SVLAN_MEMBERCFG12_CTRL3_VS_EFIDEN_OFFSET		OFFSET_SHIFT	12	12	7929
B	RTL8367B_SVLAN_MEMBERCFG12_CTRL3_VS_EFIDEN_MASK		MASK	0x1000	4096	7930
B	RTL8367B_SVLAN_MEMBERCFG12_CTRL3_VS_SVID_OFFSET		OFFSET_SHIFT	0	0	7931
B	RTL8367B_SVLAN_MEMBERCFG12_CTRL3_VS_SVID_MASK		MASK	0xFFF	4095	7932
B	RTL8367B_REG_SVLAN_MEMBERCFG13_CTRL1		REGISTER	0x0c28	3112	7934
B	RTL8367B_SVLAN_MEMBERCFG13_CTRL1_VS_UNTAGSET_OFFSET		OFFSET_SHIFT	8	8	7935
B	RTL8367B_SVLAN_MEMBERCFG13_CTRL1_VS_UNTAGSET_MASK		MASK	0xFF00	65280	7936
B	RTL8367B_SVLAN_MEMBERCFG13_CTRL1_VS_SMBR_OFFSET		OFFSET_SHIFT	0	0	7937
B	RTL8367B_SVLAN_MEMBERCFG13_CTRL1_VS_SMBR_MASK		MASK	0xFF	255	7938
B	RTL8367B_REG_SVLAN_MEMBERCFG13_CTRL2		REGISTER	0x0c29	3113	7940
B	RTL8367B_SVLAN_MEMBERCFG13_CTRL2_VS_FIDEN_OFFSET		OFFSET_SHIFT	7	7	7941
B	RTL8367B_SVLAN_MEMBERCFG13_CTRL2_VS_FIDEN_MASK		MASK	0x80	128	7942
B	RTL8367B_SVLAN_MEMBERCFG13_CTRL2_VS_SPRI_OFFSET		OFFSET_SHIFT	4	4	7943
B	RTL8367B_SVLAN_MEMBERCFG13_CTRL2_VS_SPRI_MASK		MASK	0x70	112	7944
B	RTL8367B_SVLAN_MEMBERCFG13_CTRL2_VS_FID_MSTI_OFFSET		OFFSET_SHIFT	0	0	7945
B	RTL8367B_SVLAN_MEMBERCFG13_CTRL2_VS_FID_MSTI_MASK		MASK	0xF	15	7946
B	RTL8367B_REG_SVLAN_MEMBERCFG13_CTRL3		REGISTER	0x0c2a	3114	7948
B	RTL8367B_SVLAN_MEMBERCFG13_CTRL3_VS_EFID_OFFSET		OFFSET_SHIFT	13	13	7949
B	RTL8367B_SVLAN_MEMBERCFG13_CTRL3_VS_EFID_MASK		MASK	0xE000	57344	7950
B	RTL8367B_SVLAN_MEMBERCFG13_CTRL3_VS_EFIDEN_OFFSET		OFFSET_SHIFT	12	12	7951
B	RTL8367B_SVLAN_MEMBERCFG13_CTRL3_VS_EFIDEN_MASK		MASK	0x1000	4096	7952
B	RTL8367B_SVLAN_MEMBERCFG13_CTRL3_VS_SVID_OFFSET		OFFSET_SHIFT	0	0	7953
B	RTL8367B_SVLAN_MEMBERCFG13_CTRL3_VS_SVID_MASK		MASK	0xFFF	4095	7954
B	RTL8367B_REG_SVLAN_MEMBERCFG14_CTRL1		REGISTER	0x0c2b	3115	7956
B	RTL8367B_SVLAN_MEMBERCFG14_CTRL1_VS_UNTAGSET_OFFSET		OFFSET_SHIFT	8	8	7957
B	RTL8367B_SVLAN_MEMBERCFG14_CTRL1_VS_UNTAGSET_MASK		MASK	0xFF00	65280	7958
B	RTL8367B_SVLAN_MEMBERCFG14_CTRL1_VS_SMBR_OFFSET		OFFSET_SHIFT	0	0	7959
B	RTL8367B_SVLAN_MEMBERCFG14_CTRL1_VS_SMBR_MASK		MASK	0xFF	255	7960
B	RTL8367B_REG_SVLAN_MEMBERCFG14_CTRL2		REGISTER	0x0c2c	3116	7962
B	RTL8367B_SVLAN_MEMBERCFG14_CTRL2_VS_FIDEN_OFFSET		OFFSET_SHIFT	7	7	7963
B	RTL8367B_SVLAN_MEMBERCFG14_CTRL2_VS_FIDEN_MASK		MASK	0x80	128	7964
B	RTL8367B_SVLAN_MEMBERCFG14_CTRL2_VS_SPRI_OFFSET		OFFSET_SHIFT	4	4	7965
B	RTL8367B_SVLAN_MEMBERCFG14_CTRL2_VS_SPRI_MASK		MASK	0x70	112	7966
B	RTL8367B_SVLAN_MEMBERCFG14_CTRL2_VS_FID_MSTI_OFFSET		OFFSET_SHIFT	0	0	7967
B	RTL8367B_SVLAN_MEMBERCFG14_CTRL2_VS_FID_MSTI_MASK		MASK	0xF	15	7968
B	RTL8367B_REG_SVLAN_MEMBERCFG14_CTRL3		REGISTER	0x0c2d	3117	7970
B	RTL8367B_SVLAN_MEMBERCFG14_CTRL3_VS_EFID_OFFSET		OFFSET_SHIFT	13	13	7971
B	RTL8367B_SVLAN_MEMBERCFG14_CTRL3_VS_EFID_MASK		MASK	0xE000	57344	7972
B	RTL8367B_SVLAN_MEMBERCFG14_CTRL3_VS_EFIDEN_OFFSET		OFFSET_SHIFT	12	12	7973
B	RTL8367B_SVLAN_MEMBERCFG14_CTRL3_VS_EFIDEN_MASK		MASK	0x1000	4096	7974
B	RTL8367B_SVLAN_MEMBERCFG14_CTRL3_VS_SVID_OFFSET		OFFSET_SHIFT	0	0	7975
B	RTL8367B_SVLAN_MEMBERCFG14_CTRL3_VS_SVID_MASK		MASK	0xFFF	4095	7976
B	RTL8367B_REG_SVLAN_MEMBERCFG15_CTRL1		REGISTER	0x0c2e	3118	7978
B	RTL8367B_SVLAN_MEMBERCFG15_CTRL1_VS_UNTAGSET_OFFSET		OFFSET_SHIFT	8	8	7979
B	RTL8367B_SVLAN_MEMBERCFG15_CTRL1_VS_UNTAGSET_MASK		MASK	0xFF00	65280	7980
B	RTL8367B_SVLAN_MEMBERCFG15_CTRL1_VS_SMBR_OFFSET		OFFSET_SHIFT	0	0	7981
B	RTL8367B_SVLAN_MEMBERCFG15_CTRL1_VS_SMBR_MASK		MASK	0xFF	255	7982
B	RTL8367B_REG_SVLAN_MEMBERCFG15_CTRL2		REGISTER	0x0c2f	3119	7984
B	RTL8367B_SVLAN_MEMBERCFG15_CTRL2_VS_FIDEN_OFFSET		OFFSET_SHIFT	7	7	7985
B	RTL8367B_SVLAN_MEMBERCFG15_CTRL2_VS_FIDEN_MASK		MASK	0x80	128	7986
B	RTL8367B_SVLAN_MEMBERCFG15_CTRL2_VS_SPRI_OFFSET		OFFSET_SHIFT	4	4	7987
B	RTL8367B_SVLAN_MEMBERCFG15_CTRL2_VS_SPRI_MASK		MASK	0x70	112	7988
B	RTL8367B_SVLAN_MEMBERCFG15_CTRL2_VS_FID_MSTI_OFFSET		OFFSET_SHIFT	0	0	7989
B	RTL8367B_SVLAN_MEMBERCFG15_CTRL2_VS_FID_MSTI_MASK		MASK	0xF	15	7990
B	RTL8367B_REG_SVLAN_MEMBERCFG15_CTRL3		REGISTER	0x0c30	3120	7992
B	RTL8367B_SVLAN_MEMBERCFG15_CTRL3_VS_EFID_OFFSET		OFFSET_SHIFT	13	13	7993
B	RTL8367B_SVLAN_MEMBERCFG15_CTRL3_VS_EFID_MASK		MASK	0xE000	57344	7994
B	RTL8367B_SVLAN_MEMBERCFG15_CTRL3_VS_EFIDEN_OFFSET		OFFSET_SHIFT	12	12	7995
B	RTL8367B_SVLAN_MEMBERCFG15_CTRL3_VS_EFIDEN_MASK		MASK	0x1000	4096	7996
B	RTL8367B_SVLAN_MEMBERCFG15_CTRL3_VS_SVID_OFFSET		OFFSET_SHIFT	0	0	7997
B	RTL8367B_SVLAN_MEMBERCFG15_CTRL3_VS_SVID_MASK		MASK	0xFFF	4095	7998
B	RTL8367B_REG_SVLAN_MEMBERCFG16_CTRL1		REGISTER	0x0c31	3121	8000
B	RTL8367B_SVLAN_MEMBERCFG16_CTRL1_VS_UNTAGSET_OFFSET		OFFSET_SHIFT	8	8	8001
B	RTL8367B_SVLAN_MEMBERCFG16_CTRL1_VS_UNTAGSET_MASK		MASK	0xFF00	65280	8002
B	RTL8367B_SVLAN_MEMBERCFG16_CTRL1_VS_SMBR_OFFSET		OFFSET_SHIFT	0	0	8003
B	RTL8367B_SVLAN_MEMBERCFG16_CTRL1_VS_SMBR_MASK		MASK	0xFF	255	8004
B	RTL8367B_REG_SVLAN_MEMBERCFG16_CTRL2		REGISTER	0x0c32	3122	8006
B	RTL8367B_SVLAN_MEMBERCFG16_CTRL2_VS_FIDEN_OFFSET		OFFSET_SHIFT	7	7	8007
B	RTL8367B_SVLAN_MEMBERCFG16_CTRL2_VS_FIDEN_MASK		MASK	0x80	128	8008
B	RTL8367B_SVLAN_MEMBERCFG16_CTRL2_VS_SPRI_OFFSET		OFFSET_SHIFT	4	4	8009
B	RTL8367B_SVLAN_MEMBERCFG16_CTRL2_VS_SPRI_MASK		MASK	0x70	112	8010
B	RTL8367B_SVLAN_MEMBERCFG16_CTRL2_VS_FID_MSTI_OFFSET		OFFSET_SHIFT	0	0	8011
B	RTL8367B_SVLAN_MEMBERCFG16_CTRL2_VS_FID_MSTI_MASK		MASK	0xF	15	8012
B	RTL8367B_REG_SVLAN_MEMBERCFG16_CTRL3		REGISTER	0x0c33	3123	8014
B	RTL8367B_SVLAN_MEMBERCFG16_CTRL3_VS_EFID_OFFSET		OFFSET_SHIFT	13	13	8015
B	RTL8367B_SVLAN_MEMBERCFG16_CTRL3_VS_EFID_MASK		MASK	0xE000	57344	8016
B	RTL8367B_SVLAN_MEMBERCFG16_CTRL3_VS_EFIDEN_OFFSET		OFFSET_SHIFT	12	12	8017
B	RTL8367B_SVLAN_MEMBERCFG16_CTRL3_VS_EFIDEN_MASK		MASK	0x1000	4096	8018
B	RTL8367B_SVLAN_MEMBERCFG16_CTRL3_VS_SVID_OFFSET		OFFSET_SHIFT	0	0	8019
B	RTL8367B_SVLAN_MEMBERCFG16_CTRL3_VS_SVID_MASK		MASK	0xFFF	4095	8020
B	RTL8367B_REG_SVLAN_MEMBERCFG17_CTRL1		REGISTER	0x0c34	3124	8022
B	RTL8367B_SVLAN_MEMBERCFG17_CTRL1_VS_UNTAGSET_OFFSET		OFFSET_SHIFT	8	8	8023
B	RTL8367B_SVLAN_MEMBERCFG17_CTRL1_VS_UNTAGSET_MASK		MASK	0xFF00	65280	8024
B	RTL8367B_SVLAN_MEMBERCFG17_CTRL1_VS_SMBR_OFFSET		OFFSET_SHIFT	0	0	8025
B	RTL8367B_SVLAN_MEMBERCFG17_CTRL1_VS_SMBR_MASK		MASK	0xFF	255	8026
B	RTL8367B_REG_SVLAN_MEMBERCFG17_CTRL2		REGISTER	0x0c35	3125	8028
B	RTL8367B_SVLAN_MEMBERCFG17_CTRL2_VS_FIDEN_OFFSET		OFFSET_SHIFT	7	7	8029
B	RTL8367B_SVLAN_MEMBERCFG17_CTRL2_VS_FIDEN_MASK		MASK	0x80	128	8030
B	RTL8367B_SVLAN_MEMBERCFG17_CTRL2_VS_SPRI_OFFSET		OFFSET_SHIFT	4	4	8031
B	RTL8367B_SVLAN_MEMBERCFG17_CTRL2_VS_SPRI_MASK		MASK	0x70	112	8032
B	RTL8367B_SVLAN_MEMBERCFG17_CTRL2_VS_FID_MSTI_OFFSET		OFFSET_SHIFT	0	0	8033
B	RTL8367B_SVLAN_MEMBERCFG17_CTRL2_VS_FID_MSTI_MASK		MASK	0xF	15	8034
B	RTL8367B_REG_SVLAN_MEMBERCFG17_CTRL3		REGISTER	0x0c36	3126	8036
B	RTL8367B_SVLAN_MEMBERCFG17_CTRL3_VS_EFID_OFFSET		OFFSET_SHIFT	13	13	8037
B	RTL8367B_SVLAN_MEMBERCFG17_CTRL3_VS_EFID_MASK		MASK	0xE000	57344	8038
B	RTL8367B_SVLAN_MEMBERCFG17_CTRL3_VS_EFIDEN_OFFSET		OFFSET_SHIFT	12	12	8039
B	RTL8367B_SVLAN_MEMBERCFG17_CTRL3_VS_EFIDEN_MASK		MASK	0x1000	4096	8040
B	RTL8367B_SVLAN_MEMBERCFG17_CTRL3_VS_SVID_OFFSET		OFFSET_SHIFT	0	0	8041
B	RTL8367B_SVLAN_MEMBERCFG17_CTRL3_VS_SVID_MASK		MASK	0xFFF	4095	8042
B	RTL8367B_REG_SVLAN_MEMBERCFG18_CTRL1		REGISTER	0x0c37	3127	8044
B	RTL8367B_SVLAN_MEMBERCFG18_CTRL1_VS_UNTAGSET_OFFSET		OFFSET_SHIFT	8	8	8045
B	RTL8367B_SVLAN_MEMBERCFG18_CTRL1_VS_UNTAGSET_MASK		MASK	0xFF00	65280	8046
B	RTL8367B_SVLAN_MEMBERCFG18_CTRL1_VS_SMBR_OFFSET		OFFSET_SHIFT	0	0	8047
B	RTL8367B_SVLAN_MEMBERCFG18_CTRL1_VS_SMBR_MASK		MASK	0xFF	255	8048
B	RTL8367B_REG_SVLAN_MEMBERCFG18_CTRL2		REGISTER	0x0c38	3128	8050
B	RTL8367B_SVLAN_MEMBERCFG18_CTRL2_VS_FIDEN_OFFSET		OFFSET_SHIFT	7	7	8051
B	RTL8367B_SVLAN_MEMBERCFG18_CTRL2_VS_FIDEN_MASK		MASK	0x80	128	8052
B	RTL8367B_SVLAN_MEMBERCFG18_CTRL2_VS_SPRI_OFFSET		OFFSET_SHIFT	4	4	8053
B	RTL8367B_SVLAN_MEMBERCFG18_CTRL2_VS_SPRI_MASK		MASK	0x70	112	8054
B	RTL8367B_SVLAN_MEMBERCFG18_CTRL2_VS_FID_MSTI_OFFSET		OFFSET_SHIFT	0	0	8055
B	RTL8367B_SVLAN_MEMBERCFG18_CTRL2_VS_FID_MSTI_MASK		MASK	0xF	15	8056
B	RTL8367B_REG_SVLAN_MEMBERCFG18_CTRL3		REGISTER	0x0c39	3129	8058
B	RTL8367B_SVLAN_MEMBERCFG18_CTRL3_VS_EFID_OFFSET		OFFSET_SHIFT	13	13	8059
B	RTL8367B_SVLAN_MEMBERCFG18_CTRL3_VS_EFID_MASK		MASK	0xE000	57344	8060
B	RTL8367B_SVLAN_MEMBERCFG18_CTRL3_VS_EFIDEN_OFFSET		OFFSET_SHIFT	12	12	8061
B	RTL8367B_SVLAN_MEMBERCFG18_CTRL3_VS_EFIDEN_MASK		MASK	0x1000	4096	8062
B	RTL8367B_SVLAN_MEMBERCFG18_CTRL3_VS_SVID_OFFSET		OFFSET_SHIFT	0	0	8063
B	RTL8367B_SVLAN_MEMBERCFG18_CTRL3_VS_SVID_MASK		MASK	0xFFF	4095	8064
B	RTL8367B_REG_SVLAN_MEMBERCFG19_CTRL1		REGISTER	0x0c3a	3130	8066
B	RTL8367B_SVLAN_MEMBERCFG19_CTRL1_VS_UNTAGSET_OFFSET		OFFSET_SHIFT	8	8	8067
B	RTL8367B_SVLAN_MEMBERCFG19_CTRL1_VS_UNTAGSET_MASK		MASK	0xFF00	65280	8068
B	RTL8367B_SVLAN_MEMBERCFG19_CTRL1_VS_SMBR_OFFSET		OFFSET_SHIFT	0	0	8069
B	RTL8367B_SVLAN_MEMBERCFG19_CTRL1_VS_SMBR_MASK		MASK	0xFF	255	8070
B	RTL8367B_REG_SVLAN_MEMBERCFG19_CTRL2		REGISTER	0x0c3b	3131	8072
B	RTL8367B_SVLAN_MEMBERCFG19_CTRL2_VS_FIDEN_OFFSET		OFFSET_SHIFT	7	7	8073
B	RTL8367B_SVLAN_MEMBERCFG19_CTRL2_VS_FIDEN_MASK		MASK	0x80	128	8074
B	RTL8367B_SVLAN_MEMBERCFG19_CTRL2_VS_SPRI_OFFSET		OFFSET_SHIFT	4	4	8075
B	RTL8367B_SVLAN_MEMBERCFG19_CTRL2_VS_SPRI_MASK		MASK	0x70	112	8076
B	RTL8367B_SVLAN_MEMBERCFG19_CTRL2_VS_FID_MSTI_OFFSET		OFFSET_SHIFT	0	0	8077
B	RTL8367B_SVLAN_MEMBERCFG19_CTRL2_VS_FID_MSTI_MASK		MASK	0xF	15	8078
B	RTL8367B_REG_SVLAN_MEMBERCFG19_CTRL3		REGISTER	0x0c3c	3132	8080
B	RTL8367B_SVLAN_MEMBERCFG19_CTRL3_VS_EFID_OFFSET		OFFSET_SHIFT	13	13	8081
B	RTL8367B_SVLAN_MEMBERCFG19_CTRL3_VS_EFID_MASK		MASK	0xE000	57344	8082
B	RTL8367B_SVLAN_MEMBERCFG19_CTRL3_VS_EFIDEN_OFFSET		OFFSET_SHIFT	12	12	8083
B	RTL8367B_SVLAN_MEMBERCFG19_CTRL3_VS_EFIDEN_MASK		MASK	0x1000	4096	8084
B	RTL8367B_SVLAN_MEMBERCFG19_CTRL3_VS_SVID_OFFSET		OFFSET_SHIFT	0	0	8085
B	RTL8367B_SVLAN_MEMBERCFG19_CTRL3_VS_SVID_MASK		MASK	0xFFF	4095	8086
B	RTL8367B_REG_SVLAN_MEMBERCFG20_CTRL1		REGISTER	0x0c3d	3133	8088
B	RTL8367B_SVLAN_MEMBERCFG20_CTRL1_VS_UNTAGSET_OFFSET		OFFSET_SHIFT	8	8	8089
B	RTL8367B_SVLAN_MEMBERCFG20_CTRL1_VS_UNTAGSET_MASK		MASK	0xFF00	65280	8090
B	RTL8367B_SVLAN_MEMBERCFG20_CTRL1_VS_SMBR_OFFSET		OFFSET_SHIFT	0	0	8091
B	RTL8367B_SVLAN_MEMBERCFG20_CTRL1_VS_SMBR_MASK		MASK	0xFF	255	8092
B	RTL8367B_REG_SVLAN_MEMBERCFG20_CTRL2		REGISTER	0x0c3e	3134	8094
B	RTL8367B_SVLAN_MEMBERCFG20_CTRL2_VS_FIDEN_OFFSET		OFFSET_SHIFT	7	7	8095
B	RTL8367B_SVLAN_MEMBERCFG20_CTRL2_VS_FIDEN_MASK		MASK	0x80	128	8096
B	RTL8367B_SVLAN_MEMBERCFG20_CTRL2_VS_SPRI_OFFSET		OFFSET_SHIFT	4	4	8097
B	RTL8367B_SVLAN_MEMBERCFG20_CTRL2_VS_SPRI_MASK		MASK	0x70	112	8098
B	RTL8367B_SVLAN_MEMBERCFG20_CTRL2_VS_FID_MSTI_OFFSET		OFFSET_SHIFT	0	0	8099
B	RTL8367B_SVLAN_MEMBERCFG20_CTRL2_VS_FID_MSTI_MASK		MASK	0xF	15	8100
B	RTL8367B_REG_SVLAN_MEMBERCFG20_CTRL3		REGISTER	0x0c3f	3135	8102
B	RTL8367B_SVLAN_MEMBERCFG20_CTRL3_VS_EFID_OFFSET		OFFSET_SHIFT	13	13	8103
B	RTL8367B_SVLAN_MEMBERCFG20_CTRL3_VS_EFID_MASK		MASK	0xE000	57344	8104
B	RTL8367B_SVLAN_MEMBERCFG20_CTRL3_VS_EFIDEN_OFFSET		OFFSET_SHIFT	12	12	8105
B	RTL8367B_SVLAN_MEMBERCFG20_CTRL3_VS_EFIDEN_MASK		MASK	0x1000	4096	8106
B	RTL8367B_SVLAN_MEMBERCFG20_CTRL3_VS_SVID_OFFSET		OFFSET_SHIFT	0	0	8107
B	RTL8367B_SVLAN_MEMBERCFG20_CTRL3_VS_SVID_MASK		MASK	0xFFF	4095	8108
B	RTL8367B_REG_SVLAN_MEMBERCFG21_CTRL1		REGISTER	0x0c40	3136	8110
B	RTL8367B_SVLAN_MEMBERCFG21_CTRL1_VS_UNTAGSET_OFFSET		OFFSET_SHIFT	8	8	8111
B	RTL8367B_SVLAN_MEMBERCFG21_CTRL1_VS_UNTAGSET_MASK		MASK	0xFF00	65280	8112
B	RTL8367B_SVLAN_MEMBERCFG21_CTRL1_VS_SMBR_OFFSET		OFFSET_SHIFT	0	0	8113
B	RTL8367B_SVLAN_MEMBERCFG21_CTRL1_VS_SMBR_MASK		MASK	0xFF	255	8114
B	RTL8367B_REG_SVLAN_MEMBERCFG21_CTRL2		REGISTER	0x0c41	3137	8116
B	RTL8367B_SVLAN_MEMBERCFG21_CTRL2_VS_FIDEN_OFFSET		OFFSET_SHIFT	7	7	8117
B	RTL8367B_SVLAN_MEMBERCFG21_CTRL2_VS_FIDEN_MASK		MASK	0x80	128	8118
B	RTL8367B_SVLAN_MEMBERCFG21_CTRL2_VS_SPRI_OFFSET		OFFSET_SHIFT	4	4	8119
B	RTL8367B_SVLAN_MEMBERCFG21_CTRL2_VS_SPRI_MASK		MASK	0x70	112	8120
B	RTL8367B_SVLAN_MEMBERCFG21_CTRL2_VS_FID_MSTI_OFFSET		OFFSET_SHIFT	0	0	8121
B	RTL8367B_SVLAN_MEMBERCFG21_CTRL2_VS_FID_MSTI_MASK		MASK	0xF	15	8122
B	RTL8367B_REG_SVLAN_MEMBERCFG21_CTRL3		REGISTER	0x0c42	3138	8124
B	RTL8367B_SVLAN_MEMBERCFG21_CTRL3_VS_EFID_OFFSET		OFFSET_SHIFT	13	13	8125
B	RTL8367B_SVLAN_MEMBERCFG21_CTRL3_VS_EFID_MASK		MASK	0xE000	57344	8126
B	RTL8367B_SVLAN_MEMBERCFG21_CTRL3_VS_EFIDEN_OFFSET		OFFSET_SHIFT	12	12	8127
B	RTL8367B_SVLAN_MEMBERCFG21_CTRL3_VS_EFIDEN_MASK		MASK	0x1000	4096	8128
B	RTL8367B_SVLAN_MEMBERCFG21_CTRL3_VS_SVID_OFFSET		OFFSET_SHIFT	0	0	8129
B	RTL8367B_SVLAN_MEMBERCFG21_CTRL3_VS_SVID_MASK		MASK	0xFFF	4095	8130
B	RTL8367B_REG_SVLAN_MEMBERCFG22_CTRL1		REGISTER	0x0c43	3139	8132
B	RTL8367B_SVLAN_MEMBERCFG22_CTRL1_VS_UNTAGSET_OFFSET		OFFSET_SHIFT	8	8	8133
B	RTL8367B_SVLAN_MEMBERCFG22_CTRL1_VS_UNTAGSET_MASK		MASK	0xFF00	65280	8134
B	RTL8367B_SVLAN_MEMBERCFG22_CTRL1_VS_SMBR_OFFSET		OFFSET_SHIFT	0	0	8135
B	RTL8367B_SVLAN_MEMBERCFG22_CTRL1_VS_SMBR_MASK		MASK	0xFF	255	8136
B	RTL8367B_REG_SVLAN_MEMBERCFG22_CTRL2		REGISTER	0x0c44	3140	8138
B	RTL8367B_SVLAN_MEMBERCFG22_CTRL2_VS_FIDEN_OFFSET		OFFSET_SHIFT	7	7	8139
B	RTL8367B_SVLAN_MEMBERCFG22_CTRL2_VS_FIDEN_MASK		MASK	0x80	128	8140
B	RTL8367B_SVLAN_MEMBERCFG22_CTRL2_VS_SPRI_OFFSET		OFFSET_SHIFT	4	4	8141
B	RTL8367B_SVLAN_MEMBERCFG22_CTRL2_VS_SPRI_MASK		MASK	0x70	112	8142
B	RTL8367B_SVLAN_MEMBERCFG22_CTRL2_VS_FID_MSTI_OFFSET		OFFSET_SHIFT	0	0	8143
B	RTL8367B_SVLAN_MEMBERCFG22_CTRL2_VS_FID_MSTI_MASK		MASK	0xF	15	8144
B	RTL8367B_REG_SVLAN_MEMBERCFG22_CTRL3		REGISTER	0x0c45	3141	8146
B	RTL8367B_SVLAN_MEMBERCFG22_CTRL3_VS_EFID_OFFSET		OFFSET_SHIFT	13	13	8147
B	RTL8367B_SVLAN_MEMBERCFG22_CTRL3_VS_EFID_MASK		MASK	0xE000	57344	8148
B	RTL8367B_SVLAN_MEMBERCFG22_CTRL3_VS_EFIDEN_OFFSET		OFFSET_SHIFT	12	12	8149
B	RTL8367B_SVLAN_MEMBERCFG22_CTRL3_VS_EFIDEN_MASK		MASK	0x1000	4096	8150
B	RTL8367B_SVLAN_MEMBERCFG22_CTRL3_VS_SVID_OFFSET		OFFSET_SHIFT	0	0	8151
B	RTL8367B_SVLAN_MEMBERCFG22_CTRL3_VS_SVID_MASK		MASK	0xFFF	4095	8152
B	RTL8367B_REG_SVLAN_MEMBERCFG23_CTRL1		REGISTER	0x0c46	3142	8154
B	RTL8367B_SVLAN_MEMBERCFG23_CTRL1_VS_UNTAGSET_OFFSET		OFFSET_SHIFT	8	8	8155
B	RTL8367B_SVLAN_MEMBERCFG23_CTRL1_VS_UNTAGSET_MASK		MASK	0xFF00	65280	8156
B	RTL8367B_SVLAN_MEMBERCFG23_CTRL1_VS_SMBR_OFFSET		OFFSET_SHIFT	0	0	8157
B	RTL8367B_SVLAN_MEMBERCFG23_CTRL1_VS_SMBR_MASK		MASK	0xFF	255	8158
B	RTL8367B_REG_SVLAN_MEMBERCFG23_CTRL2		REGISTER	0x0c47	3143	8160
B	RTL8367B_SVLAN_MEMBERCFG23_CTRL2_VS_FIDEN_OFFSET		OFFSET_SHIFT	7	7	8161
B	RTL8367B_SVLAN_MEMBERCFG23_CTRL2_VS_FIDEN_MASK		MASK	0x80	128	8162
B	RTL8367B_SVLAN_MEMBERCFG23_CTRL2_VS_SPRI_OFFSET		OFFSET_SHIFT	4	4	8163
B	RTL8367B_SVLAN_MEMBERCFG23_CTRL2_VS_SPRI_MASK		MASK	0x70	112	8164
B	RTL8367B_SVLAN_MEMBERCFG23_CTRL2_VS_FID_MSTI_OFFSET		OFFSET_SHIFT	0	0	8165
B	RTL8367B_SVLAN_MEMBERCFG23_CTRL2_VS_FID_MSTI_MASK		MASK	0xF	15	8166
B	RTL8367B_REG_SVLAN_MEMBERCFG23_CTRL3		REGISTER	0x0c48	3144	8168
B	RTL8367B_SVLAN_MEMBERCFG23_CTRL3_VS_EFID_OFFSET		OFFSET_SHIFT	13	13	8169
B	RTL8367B_SVLAN_MEMBERCFG23_CTRL3_VS_EFID_MASK		MASK	0xE000	57344	8170
B	RTL8367B_SVLAN_MEMBERCFG23_CTRL3_VS_EFIDEN_OFFSET		OFFSET_SHIFT	12	12	8171
B	RTL8367B_SVLAN_MEMBERCFG23_CTRL3_VS_EFIDEN_MASK		MASK	0x1000	4096	8172
B	RTL8367B_SVLAN_MEMBERCFG23_CTRL3_VS_SVID_OFFSET		OFFSET_SHIFT	0	0	8173
B	RTL8367B_SVLAN_MEMBERCFG23_CTRL3_VS_SVID_MASK		MASK	0xFFF	4095	8174
B	RTL8367B_REG_SVLAN_MEMBERCFG24_CTRL1		REGISTER	0x0c49	3145	8176
B	RTL8367B_SVLAN_MEMBERCFG24_CTRL1_VS_UNTAGSET_OFFSET		OFFSET_SHIFT	8	8	8177
B	RTL8367B_SVLAN_MEMBERCFG24_CTRL1_VS_UNTAGSET_MASK		MASK	0xFF00	65280	8178
B	RTL8367B_SVLAN_MEMBERCFG24_CTRL1_VS_SMBR_OFFSET		OFFSET_SHIFT	0	0	8179
B	RTL8367B_SVLAN_MEMBERCFG24_CTRL1_VS_SMBR_MASK		MASK	0xFF	255	8180
B	RTL8367B_REG_SVLAN_MEMBERCFG24_CTRL2		REGISTER	0x0c4a	3146	8182
B	RTL8367B_SVLAN_MEMBERCFG24_CTRL2_VS_FIDEN_OFFSET		OFFSET_SHIFT	7	7	8183
B	RTL8367B_SVLAN_MEMBERCFG24_CTRL2_VS_FIDEN_MASK		MASK	0x80	128	8184
B	RTL8367B_SVLAN_MEMBERCFG24_CTRL2_VS_SPRI_OFFSET		OFFSET_SHIFT	4	4	8185
B	RTL8367B_SVLAN_MEMBERCFG24_CTRL2_VS_SPRI_MASK		MASK	0x70	112	8186
B	RTL8367B_SVLAN_MEMBERCFG24_CTRL2_VS_FID_MSTI_OFFSET		OFFSET_SHIFT	0	0	8187
B	RTL8367B_SVLAN_MEMBERCFG24_CTRL2_VS_FID_MSTI_MASK		MASK	0xF	15	8188
B	RTL8367B_REG_SVLAN_MEMBERCFG24_CTRL3		REGISTER	0x0c4b	3147	8190
B	RTL8367B_SVLAN_MEMBERCFG24_CTRL3_VS_EFID_OFFSET		OFFSET_SHIFT	13	13	8191
B	RTL8367B_SVLAN_MEMBERCFG24_CTRL3_VS_EFID_MASK		MASK	0xE000	57344	8192
B	RTL8367B_SVLAN_MEMBERCFG24_CTRL3_VS_EFIDEN_OFFSET		OFFSET_SHIFT	12	12	8193
B	RTL8367B_SVLAN_MEMBERCFG24_CTRL3_VS_EFIDEN_MASK		MASK	0x1000	4096	8194
B	RTL8367B_SVLAN_MEMBERCFG24_CTRL3_VS_SVID_OFFSET		OFFSET_SHIFT	0	0	8195
B	RTL8367B_SVLAN_MEMBERCFG24_CTRL3_VS_SVID_MASK		MASK	0xFFF	4095	8196
B	RTL8367B_REG_SVLAN_MEMBERCFG25_CTRL1		REGISTER	0x0c4c	3148	8198
B	RTL8367B_SVLAN_MEMBERCFG25_CTRL1_VS_UNTAGSET_OFFSET		OFFSET_SHIFT	8	8	8199
B	RTL8367B_SVLAN_MEMBERCFG25_CTRL1_VS_UNTAGSET_MASK		MASK	0xFF00	65280	8200
B	RTL8367B_SVLAN_MEMBERCFG25_CTRL1_VS_SMBR_OFFSET		OFFSET_SHIFT	0	0	8201
B	RTL8367B_SVLAN_MEMBERCFG25_CTRL1_VS_SMBR_MASK		MASK	0xFF	255	8202
B	RTL8367B_REG_SVLAN_MEMBERCFG25_CTRL2		REGISTER	0x0c4d	3149	8204
B	RTL8367B_SVLAN_MEMBERCFG25_CTRL2_VS_FIDEN_OFFSET		OFFSET_SHIFT	7	7	8205
B	RTL8367B_SVLAN_MEMBERCFG25_CTRL2_VS_FIDEN_MASK		MASK	0x80	128	8206
B	RTL8367B_SVLAN_MEMBERCFG25_CTRL2_VS_SPRI_OFFSET		OFFSET_SHIFT	4	4	8207
B	RTL8367B_SVLAN_MEMBERCFG25_CTRL2_VS_SPRI_MASK		MASK	0x70	112	8208
B	RTL8367B_SVLAN_MEMBERCFG25_CTRL2_VS_FID_MSTI_OFFSET		OFFSET_SHIFT	0	0	8209
B	RTL8367B_SVLAN_MEMBERCFG25_CTRL2_VS_FID_MSTI_MASK		MASK	0xF	15	8210
B	RTL8367B_REG_SVLAN_MEMBERCFG25_CTRL3		REGISTER	0x0c4e	3150	8212
B	RTL8367B_SVLAN_MEMBERCFG25_CTRL3_VS_EFID_OFFSET		OFFSET_SHIFT	13	13	8213
B	RTL8367B_SVLAN_MEMBERCFG25_CTRL3_VS_EFID_MASK		MASK	0xE000	57344	8214
B	RTL8367B_SVLAN_MEMBERCFG25_CTRL3_VS_EFIDEN_OFFSET		OFFSET_SHIFT	12	12	8215
B	RTL8367B_SVLAN_MEMBERCFG25_CTRL3_VS_EFIDEN_MASK		MASK	0x1000	4096	8216
B	RTL8367B_SVLAN_MEMBERCFG25_CTRL3_VS_SVID_OFFSET		OFFSET_SHIFT	0	0	8217
B	RTL8367B_SVLAN_MEMBERCFG25_CTRL3_VS_SVID_MASK		MASK	0xFFF	4095	8218
B	RTL8367B_REG_SVLAN_MEMBERCFG26_CTRL1		REGISTER	0x0c4f	3151	8220
B	RTL8367B_SVLAN_MEMBERCFG26_CTRL1_VS_UNTAGSET_OFFSET		OFFSET_SHIFT	8	8	8221
B	RTL8367B_SVLAN_MEMBERCFG26_CTRL1_VS_UNTAGSET_MASK		MASK	0xFF00	65280	8222
B	RTL8367B_SVLAN_MEMBERCFG26_CTRL1_VS_SMBR_OFFSET		OFFSET_SHIFT	0	0	8223
B	RTL8367B_SVLAN_MEMBERCFG26_CTRL1_VS_SMBR_MASK		MASK	0xFF	255	8224
B	RTL8367B_REG_SVLAN_MEMBERCFG26_CTRL2		REGISTER	0x0c50	3152	8226
B	RTL8367B_SVLAN_MEMBERCFG26_CTRL2_VS_FIDEN_OFFSET		OFFSET_SHIFT	7	7	8227
B	RTL8367B_SVLAN_MEMBERCFG26_CTRL2_VS_FIDEN_MASK		MASK	0x80	128	8228
B	RTL8367B_SVLAN_MEMBERCFG26_CTRL2_VS_SPRI_OFFSET		OFFSET_SHIFT	4	4	8229
B	RTL8367B_SVLAN_MEMBERCFG26_CTRL2_VS_SPRI_MASK		MASK	0x70	112	8230
B	RTL8367B_SVLAN_MEMBERCFG26_CTRL2_VS_FID_MSTI_OFFSET		OFFSET_SHIFT	0	0	8231
B	RTL8367B_SVLAN_MEMBERCFG26_CTRL2_VS_FID_MSTI_MASK		MASK	0xF	15	8232
B	RTL8367B_REG_SVLAN_MEMBERCFG26_CTRL3		REGISTER	0x0c51	3153	8234
B	RTL8367B_SVLAN_MEMBERCFG26_CTRL3_VS_EFID_OFFSET		OFFSET_SHIFT	13	13	8235
B	RTL8367B_SVLAN_MEMBERCFG26_CTRL3_VS_EFID_MASK		MASK	0xE000	57344	8236
B	RTL8367B_SVLAN_MEMBERCFG26_CTRL3_VS_EFIDEN_OFFSET		OFFSET_SHIFT	12	12	8237
B	RTL8367B_SVLAN_MEMBERCFG26_CTRL3_VS_EFIDEN_MASK		MASK	0x1000	4096	8238
B	RTL8367B_SVLAN_MEMBERCFG26_CTRL3_VS_SVID_OFFSET		OFFSET_SHIFT	0	0	8239
B	RTL8367B_SVLAN_MEMBERCFG26_CTRL3_VS_SVID_MASK		MASK	0xFFF	4095	8240
B	RTL8367B_REG_SVLAN_MEMBERCFG27_CTRL1		REGISTER	0x0c52	3154	8242
B	RTL8367B_SVLAN_MEMBERCFG27_CTRL1_VS_UNTAGSET_OFFSET		OFFSET_SHIFT	8	8	8243
B	RTL8367B_SVLAN_MEMBERCFG27_CTRL1_VS_UNTAGSET_MASK		MASK	0xFF00	65280	8244
B	RTL8367B_SVLAN_MEMBERCFG27_CTRL1_VS_SMBR_OFFSET		OFFSET_SHIFT	0	0	8245
B	RTL8367B_SVLAN_MEMBERCFG27_CTRL1_VS_SMBR_MASK		MASK	0xFF	255	8246
B	RTL8367B_REG_SVLAN_MEMBERCFG27_CTRL2		REGISTER	0x0c53	3155	8248
B	RTL8367B_SVLAN_MEMBERCFG27_CTRL2_VS_FIDEN_OFFSET		OFFSET_SHIFT	7	7	8249
B	RTL8367B_SVLAN_MEMBERCFG27_CTRL2_VS_FIDEN_MASK		MASK	0x80	128	8250
B	RTL8367B_SVLAN_MEMBERCFG27_CTRL2_VS_SPRI_OFFSET		OFFSET_SHIFT	4	4	8251
B	RTL8367B_SVLAN_MEMBERCFG27_CTRL2_VS_SPRI_MASK		MASK	0x70	112	8252
B	RTL8367B_SVLAN_MEMBERCFG27_CTRL2_VS_FID_MSTI_OFFSET		OFFSET_SHIFT	0	0	8253
B	RTL8367B_SVLAN_MEMBERCFG27_CTRL2_VS_FID_MSTI_MASK		MASK	0xF	15	8254
B	RTL8367B_REG_SVLAN_MEMBERCFG27_CTRL3		REGISTER	0x0c54	3156	8256
B	RTL8367B_SVLAN_MEMBERCFG27_CTRL3_VS_EFID_OFFSET		OFFSET_SHIFT	13	13	8257
B	RTL8367B_SVLAN_MEMBERCFG27_CTRL3_VS_EFID_MASK		MASK	0xE000	57344	8258
B	RTL8367B_SVLAN_MEMBERCFG27_CTRL3_VS_EFIDEN_OFFSET		OFFSET_SHIFT	12	12	8259
B	RTL8367B_SVLAN_MEMBERCFG27_CTRL3_VS_EFIDEN_MASK		MASK	0x1000	4096	8260
B	RTL8367B_SVLAN_MEMBERCFG27_CTRL3_VS_SVID_OFFSET		OFFSET_SHIFT	0	0	8261
B	RTL8367B_SVLAN_MEMBERCFG27_CTRL3_VS_SVID_MASK		MASK	0xFFF	4095	8262
B	RTL8367B_REG_SVLAN_MEMBERCFG28_CTRL1		REGISTER	0x0c55	3157	8264
B	RTL8367B_SVLAN_MEMBERCFG28_CTRL1_VS_UNTAGSET_OFFSET		OFFSET_SHIFT	8	8	8265
B	RTL8367B_SVLAN_MEMBERCFG28_CTRL1_VS_UNTAGSET_MASK		MASK	0xFF00	65280	8266
B	RTL8367B_SVLAN_MEMBERCFG28_CTRL1_VS_SMBR_OFFSET		OFFSET_SHIFT	0	0	8267
B	RTL8367B_SVLAN_MEMBERCFG28_CTRL1_VS_SMBR_MASK		MASK	0xFF	255	8268
B	RTL8367B_REG_SVLAN_MEMBERCFG28_CTRL2		REGISTER	0x0c56	3158	8270
B	RTL8367B_SVLAN_MEMBERCFG28_CTRL2_VS_FIDEN_OFFSET		OFFSET_SHIFT	7	7	8271
B	RTL8367B_SVLAN_MEMBERCFG28_CTRL2_VS_FIDEN_MASK		MASK	0x80	128	8272
B	RTL8367B_SVLAN_MEMBERCFG28_CTRL2_VS_SPRI_OFFSET		OFFSET_SHIFT	4	4	8273
B	RTL8367B_SVLAN_MEMBERCFG28_CTRL2_VS_SPRI_MASK		MASK	0x70	112	8274
B	RTL8367B_SVLAN_MEMBERCFG28_CTRL2_VS_FID_MSTI_OFFSET		OFFSET_SHIFT	0	0	8275
B	RTL8367B_SVLAN_MEMBERCFG28_CTRL2_VS_FID_MSTI_MASK		MASK	0xF	15	8276
B	RTL8367B_REG_SVLAN_MEMBERCFG28_CTRL3		REGISTER	0x0c57	3159	8278
B	RTL8367B_SVLAN_MEMBERCFG28_CTRL3_VS_EFID_OFFSET		OFFSET_SHIFT	13	13	8279
B	RTL8367B_SVLAN_MEMBERCFG28_CTRL3_VS_EFID_MASK		MASK	0xE000	57344	8280
B	RTL8367B_SVLAN_MEMBERCFG28_CTRL3_VS_EFIDEN_OFFSET		OFFSET_SHIFT	12	12	8281
B	RTL8367B_SVLAN_MEMBERCFG28_CTRL3_VS_EFIDEN_MASK		MASK	0x1000	4096	8282
B	RTL8367B_SVLAN_MEMBERCFG28_CTRL3_VS_SVID_OFFSET		OFFSET_SHIFT	0	0	8283
B	RTL8367B_SVLAN_MEMBERCFG28_CTRL3_VS_SVID_MASK		MASK	0xFFF	4095	8284
B	RTL8367B_REG_SVLAN_MEMBERCFG29_CTRL1		REGISTER	0x0c58	3160	8286
B	RTL8367B_SVLAN_MEMBERCFG29_CTRL1_VS_UNTAGSET_OFFSET		OFFSET_SHIFT	8	8	8287
B	RTL8367B_SVLAN_MEMBERCFG29_CTRL1_VS_UNTAGSET_MASK		MASK	0xFF00	65280	8288
B	RTL8367B_SVLAN_MEMBERCFG29_CTRL1_VS_SMBR_OFFSET		OFFSET_SHIFT	0	0	8289
B	RTL8367B_SVLAN_MEMBERCFG29_CTRL1_VS_SMBR_MASK		MASK	0xFF	255	8290
B	RTL8367B_REG_SVLAN_MEMBERCFG29_CTRL2		REGISTER	0x0c59	3161	8292
B	RTL8367B_SVLAN_MEMBERCFG29_CTRL2_VS_FIDEN_OFFSET		OFFSET_SHIFT	7	7	8293
B	RTL8367B_SVLAN_MEMBERCFG29_CTRL2_VS_FIDEN_MASK		MASK	0x80	128	8294
B	RTL8367B_SVLAN_MEMBERCFG29_CTRL2_VS_SPRI_OFFSET		OFFSET_SHIFT	4	4	8295
B	RTL8367B_SVLAN_MEMBERCFG29_CTRL2_VS_SPRI_MASK		MASK	0x70	112	8296
B	RTL8367B_SVLAN_MEMBERCFG29_CTRL2_VS_FID_MSTI_OFFSET		OFFSET_SHIFT	0	0	8297
B	RTL8367B_SVLAN_MEMBERCFG29_CTRL2_VS_FID_MSTI_MASK		MASK	0xF	15	8298
B	RTL8367B_REG_SVLAN_MEMBERCFG29_CTRL3		REGISTER	0x0c5a	3162	8300
B	RTL8367B_SVLAN_MEMBERCFG29_CTRL3_VS_EFID_OFFSET		OFFSET_SHIFT	13	13	8301
B	RTL8367B_SVLAN_MEMBERCFG29_CTRL3_VS_EFID_MASK		MASK	0xE000	57344	8302
B	RTL8367B_SVLAN_MEMBERCFG29_CTRL3_VS_EFIDEN_OFFSET		OFFSET_SHIFT	12	12	8303
B	RTL8367B_SVLAN_MEMBERCFG29_CTRL3_VS_EFIDEN_MASK		MASK	0x1000	4096	8304
B	RTL8367B_SVLAN_MEMBERCFG29_CTRL3_VS_SVID_OFFSET		OFFSET_SHIFT	0	0	8305
B	RTL8367B_SVLAN_MEMBERCFG29_CTRL3_VS_SVID_MASK		MASK	0xFFF	4095	8306
B	RTL8367B_REG_SVLAN_MEMBERCFG30_CTRL1		REGISTER	0x0c5b	3163	8308
B	RTL8367B_SVLAN_MEMBERCFG30_CTRL1_VS_UNTAGSET_OFFSET		OFFSET_SHIFT	8	8	8309
B	RTL8367B_SVLAN_MEMBERCFG30_CTRL1_VS_UNTAGSET_MASK		MASK	0xFF00	65280	8310
B	RTL8367B_SVLAN_MEMBERCFG30_CTRL1_VS_SMBR_OFFSET		OFFSET_SHIFT	0	0	8311
B	RTL8367B_SVLAN_MEMBERCFG30_CTRL1_VS_SMBR_MASK		MASK	0xFF	255	8312
B	RTL8367B_REG_SVLAN_MEMBERCFG30_CTRL2		REGISTER	0x0c5c	3164	8314
B	RTL8367B_SVLAN_MEMBERCFG30_CTRL2_VS_FIDEN_OFFSET		OFFSET_SHIFT	7	7	8315
B	RTL8367B_SVLAN_MEMBERCFG30_CTRL2_VS_FIDEN_MASK		MASK	0x80	128	8316
B	RTL8367B_SVLAN_MEMBERCFG30_CTRL2_VS_SPRI_OFFSET		OFFSET_SHIFT	4	4	8317
B	RTL8367B_SVLAN_MEMBERCFG30_CTRL2_VS_SPRI_MASK		MASK	0x70	112	8318
B	RTL8367B_SVLAN_MEMBERCFG30_CTRL2_VS_FID_MSTI_OFFSET		OFFSET_SHIFT	0	0	8319
B	RTL8367B_SVLAN_MEMBERCFG30_CTRL2_VS_FID_MSTI_MASK		MASK	0xF	15	8320
B	RTL8367B_REG_SVLAN_MEMBERCFG30_CTRL3		REGISTER	0x0c5d	3165	8322
B	RTL8367B_SVLAN_MEMBERCFG30_CTRL3_VS_EFID_OFFSET		OFFSET_SHIFT	13	13	8323
B	RTL8367B_SVLAN_MEMBERCFG30_CTRL3_VS_EFID_MASK		MASK	0xE000	57344	8324
B	RTL8367B_SVLAN_MEMBERCFG30_CTRL3_VS_EFIDEN_OFFSET		OFFSET_SHIFT	12	12	8325
B	RTL8367B_SVLAN_MEMBERCFG30_CTRL3_VS_EFIDEN_MASK		MASK	0x1000	4096	8326
B	RTL8367B_SVLAN_MEMBERCFG30_CTRL3_VS_SVID_OFFSET		OFFSET_SHIFT	0	0	8327
B	RTL8367B_SVLAN_MEMBERCFG30_CTRL3_VS_SVID_MASK		MASK	0xFFF	4095	8328
B	RTL8367B_REG_SVLAN_MEMBERCFG31_CTRL1		REGISTER	0x0c5e	3166	8330
B	RTL8367B_SVLAN_MEMBERCFG31_CTRL1_VS_UNTAGSET_OFFSET		OFFSET_SHIFT	8	8	8331
B	RTL8367B_SVLAN_MEMBERCFG31_CTRL1_VS_UNTAGSET_MASK		MASK	0xFF00	65280	8332
B	RTL8367B_SVLAN_MEMBERCFG31_CTRL1_VS_SMBR_OFFSET		OFFSET_SHIFT	0	0	8333
B	RTL8367B_SVLAN_MEMBERCFG31_CTRL1_VS_SMBR_MASK		MASK	0xFF	255	8334
B	RTL8367B_REG_SVLAN_MEMBERCFG31_CTRL2		REGISTER	0x0c5f	3167	8336
B	RTL8367B_SVLAN_MEMBERCFG31_CTRL2_VS_FIDEN_OFFSET		OFFSET_SHIFT	7	7	8337
B	RTL8367B_SVLAN_MEMBERCFG31_CTRL2_VS_FIDEN_MASK		MASK	0x80	128	8338
B	RTL8367B_SVLAN_MEMBERCFG31_CTRL2_VS_SPRI_OFFSET		OFFSET_SHIFT	4	4	8339
B	RTL8367B_SVLAN_MEMBERCFG31_CTRL2_VS_SPRI_MASK		MASK	0x70	112	8340
B	RTL8367B_SVLAN_MEMBERCFG31_CTRL2_VS_FID_MSTI_OFFSET		OFFSET_SHIFT	0	0	8341
B	RTL8367B_SVLAN_MEMBERCFG31_CTRL2_VS_FID_MSTI_MASK		MASK	0xF	15	8342
B	RTL8367B_REG_SVLAN_MEMBERCFG31_CTRL3		REGISTER	0x0c60	3168	8344
B	RTL8367B_SVLAN_MEMBERCFG31_CTRL3_VS_EFID_OFFSET		OFFSET_SHIFT	13	13	8345
B	RTL8367B_SVLAN_MEMBERCFG31_CTRL3_VS_EFID_MASK		MASK	0xE000	57344	8346
B	RTL8367B_SVLAN_MEMBERCFG31_CTRL3_VS_EFIDEN_OFFSET		OFFSET_SHIFT	12	12	8347
B	RTL8367B_SVLAN_MEMBERCFG31_CTRL3_VS_EFIDEN_MASK		MASK	0x1000	4096	8348
B	RTL8367B_SVLAN_MEMBERCFG31_CTRL3_VS_SVID_OFFSET		OFFSET_SHIFT	0	0	8349
B	RTL8367B_SVLAN_MEMBERCFG31_CTRL3_VS_SVID_MASK		MASK	0xFFF	4095	8350
B	RTL8367B_REG_SVLAN_MEMBERCFG32_CTRL1		REGISTER	0x0c61	3169	8352
B	RTL8367B_SVLAN_MEMBERCFG32_CTRL1_VS_UNTAGSET_OFFSET		OFFSET_SHIFT	8	8	8353
B	RTL8367B_SVLAN_MEMBERCFG32_CTRL1_VS_UNTAGSET_MASK		MASK	0xFF00	65280	8354
B	RTL8367B_SVLAN_MEMBERCFG32_CTRL1_VS_SMBR_OFFSET		OFFSET_SHIFT	0	0	8355
B	RTL8367B_SVLAN_MEMBERCFG32_CTRL1_VS_SMBR_MASK		MASK	0xFF	255	8356
B	RTL8367B_REG_SVLAN_MEMBERCFG32_CTRL2		REGISTER	0x0c62	3170	8358
B	RTL8367B_SVLAN_MEMBERCFG32_CTRL2_VS_FIDEN_OFFSET		OFFSET_SHIFT	7	7	8359
B	RTL8367B_SVLAN_MEMBERCFG32_CTRL2_VS_FIDEN_MASK		MASK	0x80	128	8360
B	RTL8367B_SVLAN_MEMBERCFG32_CTRL2_VS_SPRI_OFFSET		OFFSET_SHIFT	4	4	8361
B	RTL8367B_SVLAN_MEMBERCFG32_CTRL2_VS_SPRI_MASK		MASK	0x70	112	8362
B	RTL8367B_SVLAN_MEMBERCFG32_CTRL2_VS_FID_MSTI_OFFSET		OFFSET_SHIFT	0	0	8363
B	RTL8367B_SVLAN_MEMBERCFG32_CTRL2_VS_FID_MSTI_MASK		MASK	0xF	15	8364
B	RTL8367B_REG_SVLAN_MEMBERCFG32_CTRL3		REGISTER	0x0c63	3171	8366
B	RTL8367B_SVLAN_MEMBERCFG32_CTRL3_VS_EFID_OFFSET		OFFSET_SHIFT	13	13	8367
B	RTL8367B_SVLAN_MEMBERCFG32_CTRL3_VS_EFID_MASK		MASK	0xE000	57344	8368
B	RTL8367B_SVLAN_MEMBERCFG32_CTRL3_VS_EFIDEN_OFFSET		OFFSET_SHIFT	12	12	8369
B	RTL8367B_SVLAN_MEMBERCFG32_CTRL3_VS_EFIDEN_MASK		MASK	0x1000	4096	8370
B	RTL8367B_SVLAN_MEMBERCFG32_CTRL3_VS_SVID_OFFSET		OFFSET_SHIFT	0	0	8371
B	RTL8367B_SVLAN_MEMBERCFG32_CTRL3_VS_SVID_MASK		MASK	0xFFF	4095	8372
B	RTL8367B_REG_SVLAN_MEMBERCFG33_CTRL1		REGISTER	0x0c64	3172	8374
B	RTL8367B_SVLAN_MEMBERCFG33_CTRL1_VS_UNTAGSET_OFFSET		OFFSET_SHIFT	8	8	8375
B	RTL8367B_SVLAN_MEMBERCFG33_CTRL1_VS_UNTAGSET_MASK		MASK	0xFF00	65280	8376
B	RTL8367B_SVLAN_MEMBERCFG33_CTRL1_VS_SMBR_OFFSET		OFFSET_SHIFT	0	0	8377
B	RTL8367B_SVLAN_MEMBERCFG33_CTRL1_VS_SMBR_MASK		MASK	0xFF	255	8378
B	RTL8367B_REG_SVLAN_MEMBERCFG33_CTRL2		REGISTER	0x0c65	3173	8380
B	RTL8367B_SVLAN_MEMBERCFG33_CTRL2_VS_FIDEN_OFFSET		OFFSET_SHIFT	7	7	8381
B	RTL8367B_SVLAN_MEMBERCFG33_CTRL2_VS_FIDEN_MASK		MASK	0x80	128	8382
B	RTL8367B_SVLAN_MEMBERCFG33_CTRL2_VS_SPRI_OFFSET		OFFSET_SHIFT	4	4	8383
B	RTL8367B_SVLAN_MEMBERCFG33_CTRL2_VS_SPRI_MASK		MASK	0x70	112	8384
B	RTL8367B_SVLAN_MEMBERCFG33_CTRL2_VS_FID_MSTI_OFFSET		OFFSET_SHIFT	0	0	8385
B	RTL8367B_SVLAN_MEMBERCFG33_CTRL2_VS_FID_MSTI_MASK		MASK	0xF	15	8386
B	RTL8367B_REG_SVLAN_MEMBERCFG33_CTRL3		REGISTER	0x0c66	3174	8388
B	RTL8367B_SVLAN_MEMBERCFG33_CTRL3_VS_EFID_OFFSET		OFFSET_SHIFT	13	13	8389
B	RTL8367B_SVLAN_MEMBERCFG33_CTRL3_VS_EFID_MASK		MASK	0xE000	57344	8390
B	RTL8367B_SVLAN_MEMBERCFG33_CTRL3_VS_EFIDEN_OFFSET		OFFSET_SHIFT	12	12	8391
B	RTL8367B_SVLAN_MEMBERCFG33_CTRL3_VS_EFIDEN_MASK		MASK	0x1000	4096	8392
B	RTL8367B_SVLAN_MEMBERCFG33_CTRL3_VS_SVID_OFFSET		OFFSET_SHIFT	0	0	8393
B	RTL8367B_SVLAN_MEMBERCFG33_CTRL3_VS_SVID_MASK		MASK	0xFFF	4095	8394
B	RTL8367B_REG_SVLAN_MEMBERCFG34_CTRL1		REGISTER	0x0c67	3175	8396
B	RTL8367B_SVLAN_MEMBERCFG34_CTRL1_VS_UNTAGSET_OFFSET		OFFSET_SHIFT	8	8	8397
B	RTL8367B_SVLAN_MEMBERCFG34_CTRL1_VS_UNTAGSET_MASK		MASK	0xFF00	65280	8398
B	RTL8367B_SVLAN_MEMBERCFG34_CTRL1_VS_SMBR_OFFSET		OFFSET_SHIFT	0	0	8399
B	RTL8367B_SVLAN_MEMBERCFG34_CTRL1_VS_SMBR_MASK		MASK	0xFF	255	8400
B	RTL8367B_REG_SVLAN_MEMBERCFG34_CTRL2		REGISTER	0x0c68	3176	8402
B	RTL8367B_SVLAN_MEMBERCFG34_CTRL2_VS_FIDEN_OFFSET		OFFSET_SHIFT	7	7	8403
B	RTL8367B_SVLAN_MEMBERCFG34_CTRL2_VS_FIDEN_MASK		MASK	0x80	128	8404
B	RTL8367B_SVLAN_MEMBERCFG34_CTRL2_VS_SPRI_OFFSET		OFFSET_SHIFT	4	4	8405
B	RTL8367B_SVLAN_MEMBERCFG34_CTRL2_VS_SPRI_MASK		MASK	0x70	112	8406
B	RTL8367B_SVLAN_MEMBERCFG34_CTRL2_VS_FID_MSTI_OFFSET		OFFSET_SHIFT	0	0	8407
B	RTL8367B_SVLAN_MEMBERCFG34_CTRL2_VS_FID_MSTI_MASK		MASK	0xF	15	8408
B	RTL8367B_REG_SVLAN_MEMBERCFG34_CTRL3		REGISTER	0x0c69	3177	8410
B	RTL8367B_SVLAN_MEMBERCFG34_CTRL3_VS_EFID_OFFSET		OFFSET_SHIFT	13	13	8411
B	RTL8367B_SVLAN_MEMBERCFG34_CTRL3_VS_EFID_MASK		MASK	0xE000	57344	8412
B	RTL8367B_SVLAN_MEMBERCFG34_CTRL3_VS_EFIDEN_OFFSET		OFFSET_SHIFT	12	12	8413
B	RTL8367B_SVLAN_MEMBERCFG34_CTRL3_VS_EFIDEN_MASK		MASK	0x1000	4096	8414
B	RTL8367B_SVLAN_MEMBERCFG34_CTRL3_VS_SVID_OFFSET		OFFSET_SHIFT	0	0	8415
B	RTL8367B_SVLAN_MEMBERCFG34_CTRL3_VS_SVID_MASK		MASK	0xFFF	4095	8416
B	RTL8367B_REG_SVLAN_MEMBERCFG35_CTRL1		REGISTER	0x0c6a	3178	8418
B	RTL8367B_SVLAN_MEMBERCFG35_CTRL1_VS_UNTAGSET_OFFSET		OFFSET_SHIFT	8	8	8419
B	RTL8367B_SVLAN_MEMBERCFG35_CTRL1_VS_UNTAGSET_MASK		MASK	0xFF00	65280	8420
B	RTL8367B_SVLAN_MEMBERCFG35_CTRL1_VS_SMBR_OFFSET		OFFSET_SHIFT	0	0	8421
B	RTL8367B_SVLAN_MEMBERCFG35_CTRL1_VS_SMBR_MASK		MASK	0xFF	255	8422
B	RTL8367B_REG_SVLAN_MEMBERCFG35_CTRL2		REGISTER	0x0c6b	3179	8424
B	RTL8367B_SVLAN_MEMBERCFG35_CTRL2_VS_FIDEN_OFFSET		OFFSET_SHIFT	7	7	8425
B	RTL8367B_SVLAN_MEMBERCFG35_CTRL2_VS_FIDEN_MASK		MASK	0x80	128	8426
B	RTL8367B_SVLAN_MEMBERCFG35_CTRL2_VS_SPRI_OFFSET		OFFSET_SHIFT	4	4	8427
B	RTL8367B_SVLAN_MEMBERCFG35_CTRL2_VS_SPRI_MASK		MASK	0x70	112	8428
B	RTL8367B_SVLAN_MEMBERCFG35_CTRL2_VS_FID_MSTI_OFFSET		OFFSET_SHIFT	0	0	8429
B	RTL8367B_SVLAN_MEMBERCFG35_CTRL2_VS_FID_MSTI_MASK		MASK	0xF	15	8430
B	RTL8367B_REG_SVLAN_MEMBERCFG35_CTRL3		REGISTER	0x0c6c	3180	8432
B	RTL8367B_SVLAN_MEMBERCFG35_CTRL3_VS_EFID_OFFSET		OFFSET_SHIFT	13	13	8433
B	RTL8367B_SVLAN_MEMBERCFG35_CTRL3_VS_EFID_MASK		MASK	0xE000	57344	8434
B	RTL8367B_SVLAN_MEMBERCFG35_CTRL3_VS_EFIDEN_OFFSET		OFFSET_SHIFT	12	12	8435
B	RTL8367B_SVLAN_MEMBERCFG35_CTRL3_VS_EFIDEN_MASK		MASK	0x1000	4096	8436
B	RTL8367B_SVLAN_MEMBERCFG35_CTRL3_VS_SVID_OFFSET		OFFSET_SHIFT	0	0	8437
B	RTL8367B_SVLAN_MEMBERCFG35_CTRL3_VS_SVID_MASK		MASK	0xFFF	4095	8438
B	RTL8367B_REG_SVLAN_MEMBERCFG36_CTRL1		REGISTER	0x0c6d	3181	8440
B	RTL8367B_SVLAN_MEMBERCFG36_CTRL1_VS_UNTAGSET_OFFSET		OFFSET_SHIFT	8	8	8441
B	RTL8367B_SVLAN_MEMBERCFG36_CTRL1_VS_UNTAGSET_MASK		MASK	0xFF00	65280	8442
B	RTL8367B_SVLAN_MEMBERCFG36_CTRL1_VS_SMBR_OFFSET		OFFSET_SHIFT	0	0	8443
B	RTL8367B_SVLAN_MEMBERCFG36_CTRL1_VS_SMBR_MASK		MASK	0xFF	255	8444
B	RTL8367B_REG_SVLAN_MEMBERCFG36_CTRL2		REGISTER	0x0c6e	3182	8446
B	RTL8367B_SVLAN_MEMBERCFG36_CTRL2_VS_FIDEN_OFFSET		OFFSET_SHIFT	7	7	8447
B	RTL8367B_SVLAN_MEMBERCFG36_CTRL2_VS_FIDEN_MASK		MASK	0x80	128	8448
B	RTL8367B_SVLAN_MEMBERCFG36_CTRL2_VS_SPRI_OFFSET		OFFSET_SHIFT	4	4	8449
B	RTL8367B_SVLAN_MEMBERCFG36_CTRL2_VS_SPRI_MASK		MASK	0x70	112	8450
B	RTL8367B_SVLAN_MEMBERCFG36_CTRL2_VS_FID_MSTI_OFFSET		OFFSET_SHIFT	0	0	8451
B	RTL8367B_SVLAN_MEMBERCFG36_CTRL2_VS_FID_MSTI_MASK		MASK	0xF	15	8452
B	RTL8367B_REG_SVLAN_MEMBERCFG36_CTRL3		REGISTER	0x0c6f	3183	8454
B	RTL8367B_SVLAN_MEMBERCFG36_CTRL3_VS_EFID_OFFSET		OFFSET_SHIFT	13	13	8455
B	RTL8367B_SVLAN_MEMBERCFG36_CTRL3_VS_EFID_MASK		MASK	0xE000	57344	8456
B	RTL8367B_SVLAN_MEMBERCFG36_CTRL3_VS_EFIDEN_OFFSET		OFFSET_SHIFT	12	12	8457
B	RTL8367B_SVLAN_MEMBERCFG36_CTRL3_VS_EFIDEN_MASK		MASK	0x1000	4096	8458
B	RTL8367B_SVLAN_MEMBERCFG36_CTRL3_VS_SVID_OFFSET		OFFSET_SHIFT	0	0	8459
B	RTL8367B_SVLAN_MEMBERCFG36_CTRL3_VS_SVID_MASK		MASK	0xFFF	4095	8460
B	RTL8367B_REG_SVLAN_MEMBERCFG37_CTRL1		REGISTER	0x0c70	3184	8462
B	RTL8367B_SVLAN_MEMBERCFG37_CTRL1_VS_UNTAGSET_OFFSET		OFFSET_SHIFT	8	8	8463
B	RTL8367B_SVLAN_MEMBERCFG37_CTRL1_VS_UNTAGSET_MASK		MASK	0xFF00	65280	8464
B	RTL8367B_SVLAN_MEMBERCFG37_CTRL1_VS_SMBR_OFFSET		OFFSET_SHIFT	0	0	8465
B	RTL8367B_SVLAN_MEMBERCFG37_CTRL1_VS_SMBR_MASK		MASK	0xFF	255	8466
B	RTL8367B_REG_SVLAN_MEMBERCFG37_CTRL2		REGISTER	0x0c71	3185	8468
B	RTL8367B_SVLAN_MEMBERCFG37_CTRL2_VS_FIDEN_OFFSET		OFFSET_SHIFT	7	7	8469
B	RTL8367B_SVLAN_MEMBERCFG37_CTRL2_VS_FIDEN_MASK		MASK	0x80	128	8470
B	RTL8367B_SVLAN_MEMBERCFG37_CTRL2_VS_SPRI_OFFSET		OFFSET_SHIFT	4	4	8471
B	RTL8367B_SVLAN_MEMBERCFG37_CTRL2_VS_SPRI_MASK		MASK	0x70	112	8472
B	RTL8367B_SVLAN_MEMBERCFG37_CTRL2_VS_FID_MSTI_OFFSET		OFFSET_SHIFT	0	0	8473
B	RTL8367B_SVLAN_MEMBERCFG37_CTRL2_VS_FID_MSTI_MASK		MASK	0xF	15	8474
B	RTL8367B_REG_SVLAN_MEMBERCFG37_CTRL3		REGISTER	0x0c72	3186	8476
B	RTL8367B_SVLAN_MEMBERCFG37_CTRL3_VS_EFID_OFFSET		OFFSET_SHIFT	13	13	8477
B	RTL8367B_SVLAN_MEMBERCFG37_CTRL3_VS_EFID_MASK		MASK	0xE000	57344	8478
B	RTL8367B_SVLAN_MEMBERCFG37_CTRL3_VS_EFIDEN_OFFSET		OFFSET_SHIFT	12	12	8479
B	RTL8367B_SVLAN_MEMBERCFG37_CTRL3_VS_EFIDEN_MASK		MASK	0x1000	4096	8480
B	RTL8367B_SVLAN_MEMBERCFG37_CTRL3_VS_SVID_OFFSET		OFFSET_SHIFT	0	0	8481
B	RTL8367B_SVLAN_MEMBERCFG37_CTRL3_VS_SVID_MASK		MASK	0xFFF	4095	8482
B	RTL8367B_REG_SVLAN_MEMBERCFG38_CTRL1		REGISTER	0x0c73	3187	8484
B	RTL8367B_SVLAN_MEMBERCFG38_CTRL1_VS_UNTAGSET_OFFSET		OFFSET_SHIFT	8	8	8485
B	RTL8367B_SVLAN_MEMBERCFG38_CTRL1_VS_UNTAGSET_MASK		MASK	0xFF00	65280	8486
B	RTL8367B_SVLAN_MEMBERCFG38_CTRL1_VS_SMBR_OFFSET		OFFSET_SHIFT	0	0	8487
B	RTL8367B_SVLAN_MEMBERCFG38_CTRL1_VS_SMBR_MASK		MASK	0xFF	255	8488
B	RTL8367B_REG_SVLAN_MEMBERCFG38_CTRL2		REGISTER	0x0c74	3188	8490
B	RTL8367B_SVLAN_MEMBERCFG38_CTRL2_VS_FIDEN_OFFSET		OFFSET_SHIFT	7	7	8491
B	RTL8367B_SVLAN_MEMBERCFG38_CTRL2_VS_FIDEN_MASK		MASK	0x80	128	8492
B	RTL8367B_SVLAN_MEMBERCFG38_CTRL2_VS_SPRI_OFFSET		OFFSET_SHIFT	4	4	8493
B	RTL8367B_SVLAN_MEMBERCFG38_CTRL2_VS_SPRI_MASK		MASK	0x70	112	8494
B	RTL8367B_SVLAN_MEMBERCFG38_CTRL2_VS_FID_MSTI_OFFSET		OFFSET_SHIFT	0	0	8495
B	RTL8367B_SVLAN_MEMBERCFG38_CTRL2_VS_FID_MSTI_MASK		MASK	0xF	15	8496
B	RTL8367B_REG_SVLAN_MEMBERCFG38_CTRL3		REGISTER	0x0c75	3189	8498
B	RTL8367B_SVLAN_MEMBERCFG38_CTRL3_VS_EFID_OFFSET		OFFSET_SHIFT	13	13	8499
B	RTL8367B_SVLAN_MEMBERCFG38_CTRL3_VS_EFID_MASK		MASK	0xE000	57344	8500
B	RTL8367B_SVLAN_MEMBERCFG38_CTRL3_VS_EFIDEN_OFFSET		OFFSET_SHIFT	12	12	8501
B	RTL8367B_SVLAN_MEMBERCFG38_CTRL3_VS_EFIDEN_MASK		MASK	0x1000	4096	8502
B	RTL8367B_SVLAN_MEMBERCFG38_CTRL3_VS_SVID_OFFSET		OFFSET_SHIFT	0	0	8503
B	RTL8367B_SVLAN_MEMBERCFG38_CTRL3_VS_SVID_MASK		MASK	0xFFF	4095	8504
B	RTL8367B_REG_SVLAN_MEMBERCFG39_CTRL1		REGISTER	0x0c76	3190	8506
B	RTL8367B_SVLAN_MEMBERCFG39_CTRL1_VS_UNTAGSET_OFFSET		OFFSET_SHIFT	8	8	8507
B	RTL8367B_SVLAN_MEMBERCFG39_CTRL1_VS_UNTAGSET_MASK		MASK	0xFF00	65280	8508
B	RTL8367B_SVLAN_MEMBERCFG39_CTRL1_VS_SMBR_OFFSET		OFFSET_SHIFT	0	0	8509
B	RTL8367B_SVLAN_MEMBERCFG39_CTRL1_VS_SMBR_MASK		MASK	0xFF	255	8510
B	RTL8367B_REG_SVLAN_MEMBERCFG39_CTRL2		REGISTER	0x0c77	3191	8512
B	RTL8367B_SVLAN_MEMBERCFG39_CTRL2_VS_FIDEN_OFFSET		OFFSET_SHIFT	7	7	8513
B	RTL8367B_SVLAN_MEMBERCFG39_CTRL2_VS_FIDEN_MASK		MASK	0x80	128	8514
B	RTL8367B_SVLAN_MEMBERCFG39_CTRL2_VS_SPRI_OFFSET		OFFSET_SHIFT	4	4	8515
B	RTL8367B_SVLAN_MEMBERCFG39_CTRL2_VS_SPRI_MASK		MASK	0x70	112	8516
B	RTL8367B_SVLAN_MEMBERCFG39_CTRL2_VS_FID_MSTI_OFFSET		OFFSET_SHIFT	0	0	8517
B	RTL8367B_SVLAN_MEMBERCFG39_CTRL2_VS_FID_MSTI_MASK		MASK	0xF	15	8518
B	RTL8367B_REG_SVLAN_MEMBERCFG39_CTRL3		REGISTER	0x0c78	3192	8520
B	RTL8367B_SVLAN_MEMBERCFG39_CTRL3_VS_EFID_OFFSET		OFFSET_SHIFT	13	13	8521
B	RTL8367B_SVLAN_MEMBERCFG39_CTRL3_VS_EFID_MASK		MASK	0xE000	57344	8522
B	RTL8367B_SVLAN_MEMBERCFG39_CTRL3_VS_EFIDEN_OFFSET		OFFSET_SHIFT	12	12	8523
B	RTL8367B_SVLAN_MEMBERCFG39_CTRL3_VS_EFIDEN_MASK		MASK	0x1000	4096	8524
B	RTL8367B_SVLAN_MEMBERCFG39_CTRL3_VS_SVID_OFFSET		OFFSET_SHIFT	0	0	8525
B	RTL8367B_SVLAN_MEMBERCFG39_CTRL3_VS_SVID_MASK		MASK	0xFFF	4095	8526
B	RTL8367B_REG_SVLAN_MEMBERCFG40_CTRL1		REGISTER	0x0c79	3193	8528
B	RTL8367B_SVLAN_MEMBERCFG40_CTRL1_VS_UNTAGSET_OFFSET		OFFSET_SHIFT	8	8	8529
B	RTL8367B_SVLAN_MEMBERCFG40_CTRL1_VS_UNTAGSET_MASK		MASK	0xFF00	65280	8530
B	RTL8367B_SVLAN_MEMBERCFG40_CTRL1_VS_SMBR_OFFSET		OFFSET_SHIFT	0	0	8531
B	RTL8367B_SVLAN_MEMBERCFG40_CTRL1_VS_SMBR_MASK		MASK	0xFF	255	8532
B	RTL8367B_REG_SVLAN_MEMBERCFG40_CTRL2		REGISTER	0x0c7a	3194	8534
B	RTL8367B_SVLAN_MEMBERCFG40_CTRL2_VS_FIDEN_OFFSET		OFFSET_SHIFT	7	7	8535
B	RTL8367B_SVLAN_MEMBERCFG40_CTRL2_VS_FIDEN_MASK		MASK	0x80	128	8536
B	RTL8367B_SVLAN_MEMBERCFG40_CTRL2_VS_SPRI_OFFSET		OFFSET_SHIFT	4	4	8537
B	RTL8367B_SVLAN_MEMBERCFG40_CTRL2_VS_SPRI_MASK		MASK	0x70	112	8538
B	RTL8367B_SVLAN_MEMBERCFG40_CTRL2_VS_FID_MSTI_OFFSET		OFFSET_SHIFT	0	0	8539
B	RTL8367B_SVLAN_MEMBERCFG40_CTRL2_VS_FID_MSTI_MASK		MASK	0xF	15	8540
B	RTL8367B_REG_SVLAN_MEMBERCFG40_CTRL3		REGISTER	0x0c7b	3195	8542
B	RTL8367B_SVLAN_MEMBERCFG40_CTRL3_VS_EFID_OFFSET		OFFSET_SHIFT	13	13	8543
B	RTL8367B_SVLAN_MEMBERCFG40_CTRL3_VS_EFID_MASK		MASK	0xE000	57344	8544
B	RTL8367B_SVLAN_MEMBERCFG40_CTRL3_VS_EFIDEN_OFFSET		OFFSET_SHIFT	12	12	8545
B	RTL8367B_SVLAN_MEMBERCFG40_CTRL3_VS_EFIDEN_MASK		MASK	0x1000	4096	8546
B	RTL8367B_SVLAN_MEMBERCFG40_CTRL3_VS_SVID_OFFSET		OFFSET_SHIFT	0	0	8547
B	RTL8367B_SVLAN_MEMBERCFG40_CTRL3_VS_SVID_MASK		MASK	0xFFF	4095	8548
B	RTL8367B_REG_SVLAN_MEMBERCFG41_CTRL1		REGISTER	0x0c7c	3196	8550
B	RTL8367B_SVLAN_MEMBERCFG41_CTRL1_VS_UNTAGSET_OFFSET		OFFSET_SHIFT	8	8	8551
B	RTL8367B_SVLAN_MEMBERCFG41_CTRL1_VS_UNTAGSET_MASK		MASK	0xFF00	65280	8552
B	RTL8367B_SVLAN_MEMBERCFG41_CTRL1_VS_SMBR_OFFSET		OFFSET_SHIFT	0	0	8553
B	RTL8367B_SVLAN_MEMBERCFG41_CTRL1_VS_SMBR_MASK		MASK	0xFF	255	8554
B	RTL8367B_REG_SVLAN_MEMBERCFG41_CTRL2		REGISTER	0x0c7d	3197	8556
B	RTL8367B_SVLAN_MEMBERCFG41_CTRL2_VS_FIDEN_OFFSET		OFFSET_SHIFT	7	7	8557
B	RTL8367B_SVLAN_MEMBERCFG41_CTRL2_VS_FIDEN_MASK		MASK	0x80	128	8558
B	RTL8367B_SVLAN_MEMBERCFG41_CTRL2_VS_SPRI_OFFSET		OFFSET_SHIFT	4	4	8559
B	RTL8367B_SVLAN_MEMBERCFG41_CTRL2_VS_SPRI_MASK		MASK	0x70	112	8560
B	RTL8367B_SVLAN_MEMBERCFG41_CTRL2_VS_FID_MSTI_OFFSET		OFFSET_SHIFT	0	0	8561
B	RTL8367B_SVLAN_MEMBERCFG41_CTRL2_VS_FID_MSTI_MASK		MASK	0xF	15	8562
B	RTL8367B_REG_SVLAN_MEMBERCFG41_CTRL3		REGISTER	0x0c7e	3198	8564
B	RTL8367B_SVLAN_MEMBERCFG41_CTRL3_VS_EFID_OFFSET		OFFSET_SHIFT	13	13	8565
B	RTL8367B_SVLAN_MEMBERCFG41_CTRL3_VS_EFID_MASK		MASK	0xE000	57344	8566
B	RTL8367B_SVLAN_MEMBERCFG41_CTRL3_VS_EFIDEN_OFFSET		OFFSET_SHIFT	12	12	8567
B	RTL8367B_SVLAN_MEMBERCFG41_CTRL3_VS_EFIDEN_MASK		MASK	0x1000	4096	8568
B	RTL8367B_SVLAN_MEMBERCFG41_CTRL3_VS_SVID_OFFSET		OFFSET_SHIFT	0	0	8569
B	RTL8367B_SVLAN_MEMBERCFG41_CTRL3_VS_SVID_MASK		MASK	0xFFF	4095	8570
B	RTL8367B_REG_SVLAN_MEMBERCFG42_CTRL1		REGISTER	0x0c7f	3199	8572
B	RTL8367B_SVLAN_MEMBERCFG42_CTRL1_VS_UNTAGSET_OFFSET		OFFSET_SHIFT	8	8	8573
B	RTL8367B_SVLAN_MEMBERCFG42_CTRL1_VS_UNTAGSET_MASK		MASK	0xFF00	65280	8574
B	RTL8367B_SVLAN_MEMBERCFG42_CTRL1_VS_SMBR_OFFSET		OFFSET_SHIFT	0	0	8575
B	RTL8367B_SVLAN_MEMBERCFG42_CTRL1_VS_SMBR_MASK		MASK	0xFF	255	8576
B	RTL8367B_REG_SVLAN_MEMBERCFG42_CTRL2		REGISTER	0x0c80	3200	8578
B	RTL8367B_SVLAN_MEMBERCFG42_CTRL2_VS_FIDEN_OFFSET		OFFSET_SHIFT	7	7	8579
B	RTL8367B_SVLAN_MEMBERCFG42_CTRL2_VS_FIDEN_MASK		MASK	0x80	128	8580
B	RTL8367B_SVLAN_MEMBERCFG42_CTRL2_VS_SPRI_OFFSET		OFFSET_SHIFT	4	4	8581
B	RTL8367B_SVLAN_MEMBERCFG42_CTRL2_VS_SPRI_MASK		MASK	0x70	112	8582
B	RTL8367B_SVLAN_MEMBERCFG42_CTRL2_VS_FID_MSTI_OFFSET		OFFSET_SHIFT	0	0	8583
B	RTL8367B_SVLAN_MEMBERCFG42_CTRL2_VS_FID_MSTI_MASK		MASK	0xF	15	8584
B	RTL8367B_REG_SVLAN_MEMBERCFG42_CTRL3		REGISTER	0x0c81	3201	8586
B	RTL8367B_SVLAN_MEMBERCFG42_CTRL3_VS_EFID_OFFSET		OFFSET_SHIFT	13	13	8587
B	RTL8367B_SVLAN_MEMBERCFG42_CTRL3_VS_EFID_MASK		MASK	0xE000	57344	8588
B	RTL8367B_SVLAN_MEMBERCFG42_CTRL3_VS_EFIDEN_OFFSET		OFFSET_SHIFT	12	12	8589
B	RTL8367B_SVLAN_MEMBERCFG42_CTRL3_VS_EFIDEN_MASK		MASK	0x1000	4096	8590
B	RTL8367B_SVLAN_MEMBERCFG42_CTRL3_VS_SVID_OFFSET		OFFSET_SHIFT	0	0	8591
B	RTL8367B_SVLAN_MEMBERCFG42_CTRL3_VS_SVID_MASK		MASK	0xFFF	4095	8592
B	RTL8367B_REG_SVLAN_MEMBERCFG43_CTRL1		REGISTER	0x0c82	3202	8594
B	RTL8367B_SVLAN_MEMBERCFG43_CTRL1_VS_UNTAGSET_OFFSET		OFFSET_SHIFT	8	8	8595
B	RTL8367B_SVLAN_MEMBERCFG43_CTRL1_VS_UNTAGSET_MASK		MASK	0xFF00	65280	8596
B	RTL8367B_SVLAN_MEMBERCFG43_CTRL1_VS_SMBR_OFFSET		OFFSET_SHIFT	0	0	8597
B	RTL8367B_SVLAN_MEMBERCFG43_CTRL1_VS_SMBR_MASK		MASK	0xFF	255	8598
B	RTL8367B_REG_SVLAN_MEMBERCFG43_CTRL2		REGISTER	0x0c83	3203	8600
B	RTL8367B_SVLAN_MEMBERCFG43_CTRL2_VS_FIDEN_OFFSET		OFFSET_SHIFT	7	7	8601
B	RTL8367B_SVLAN_MEMBERCFG43_CTRL2_VS_FIDEN_MASK		MASK	0x80	128	8602
B	RTL8367B_SVLAN_MEMBERCFG43_CTRL2_VS_SPRI_OFFSET		OFFSET_SHIFT	4	4	8603
B	RTL8367B_SVLAN_MEMBERCFG43_CTRL2_VS_SPRI_MASK		MASK	0x70	112	8604
B	RTL8367B_SVLAN_MEMBERCFG43_CTRL2_VS_FID_MSTI_OFFSET		OFFSET_SHIFT	0	0	8605
B	RTL8367B_SVLAN_MEMBERCFG43_CTRL2_VS_FID_MSTI_MASK		MASK	0xF	15	8606
B	RTL8367B_REG_SVLAN_MEMBERCFG43_CTRL3		REGISTER	0x0c84	3204	8608
B	RTL8367B_SVLAN_MEMBERCFG43_CTRL3_VS_EFID_OFFSET		OFFSET_SHIFT	13	13	8609
B	RTL8367B_SVLAN_MEMBERCFG43_CTRL3_VS_EFID_MASK		MASK	0xE000	57344	8610
B	RTL8367B_SVLAN_MEMBERCFG43_CTRL3_VS_EFIDEN_OFFSET		OFFSET_SHIFT	12	12	8611
B	RTL8367B_SVLAN_MEMBERCFG43_CTRL3_VS_EFIDEN_MASK		MASK	0x1000	4096	8612
B	RTL8367B_SVLAN_MEMBERCFG43_CTRL3_VS_SVID_OFFSET		OFFSET_SHIFT	0	0	8613
B	RTL8367B_SVLAN_MEMBERCFG43_CTRL3_VS_SVID_MASK		MASK	0xFFF	4095	8614
B	RTL8367B_REG_SVLAN_MEMBERCFG44_CTRL1		REGISTER	0x0c85	3205	8616
B	RTL8367B_SVLAN_MEMBERCFG44_CTRL1_VS_UNTAGSET_OFFSET		OFFSET_SHIFT	8	8	8617
B	RTL8367B_SVLAN_MEMBERCFG44_CTRL1_VS_UNTAGSET_MASK		MASK	0xFF00	65280	8618
B	RTL8367B_SVLAN_MEMBERCFG44_CTRL1_VS_SMBR_OFFSET		OFFSET_SHIFT	0	0	8619
B	RTL8367B_SVLAN_MEMBERCFG44_CTRL1_VS_SMBR_MASK		MASK	0xFF	255	8620
B	RTL8367B_REG_SVLAN_MEMBERCFG44_CTRL2		REGISTER	0x0c86	3206	8622
B	RTL8367B_SVLAN_MEMBERCFG44_CTRL2_VS_FIDEN_OFFSET		OFFSET_SHIFT	7	7	8623
B	RTL8367B_SVLAN_MEMBERCFG44_CTRL2_VS_FIDEN_MASK		MASK	0x80	128	8624
B	RTL8367B_SVLAN_MEMBERCFG44_CTRL2_VS_SPRI_OFFSET		OFFSET_SHIFT	4	4	8625
B	RTL8367B_SVLAN_MEMBERCFG44_CTRL2_VS_SPRI_MASK		MASK	0x70	112	8626
B	RTL8367B_SVLAN_MEMBERCFG44_CTRL2_VS_FID_MSTI_OFFSET		OFFSET_SHIFT	0	0	8627
B	RTL8367B_SVLAN_MEMBERCFG44_CTRL2_VS_FID_MSTI_MASK		MASK	0xF	15	8628
B	RTL8367B_REG_SVLAN_MEMBERCFG44_CTRL3		REGISTER	0x0c87	3207	8630
B	RTL8367B_SVLAN_MEMBERCFG44_CTRL3_VS_EFID_OFFSET		OFFSET_SHIFT	13	13	8631
B	RTL8367B_SVLAN_MEMBERCFG44_CTRL3_VS_EFID_MASK		MASK	0xE000	57344	8632
B	RTL8367B_SVLAN_MEMBERCFG44_CTRL3_VS_EFIDEN_OFFSET		OFFSET_SHIFT	12	12	8633
B	RTL8367B_SVLAN_MEMBERCFG44_CTRL3_VS_EFIDEN_MASK		MASK	0x1000	4096	8634
B	RTL8367B_SVLAN_MEMBERCFG44_CTRL3_VS_SVID_OFFSET		OFFSET_SHIFT	0	0	8635
B	RTL8367B_SVLAN_MEMBERCFG44_CTRL3_VS_SVID_MASK		MASK	0xFFF	4095	8636
B	RTL8367B_REG_SVLAN_MEMBERCFG45_CTRL1		REGISTER	0x0c88	3208	8638
B	RTL8367B_SVLAN_MEMBERCFG45_CTRL1_VS_UNTAGSET_OFFSET		OFFSET_SHIFT	8	8	8639
B	RTL8367B_SVLAN_MEMBERCFG45_CTRL1_VS_UNTAGSET_MASK		MASK	0xFF00	65280	8640
B	RTL8367B_SVLAN_MEMBERCFG45_CTRL1_VS_SMBR_OFFSET		OFFSET_SHIFT	0	0	8641
B	RTL8367B_SVLAN_MEMBERCFG45_CTRL1_VS_SMBR_MASK		MASK	0xFF	255	8642
B	RTL8367B_REG_SVLAN_MEMBERCFG45_CTRL2		REGISTER	0x0c89	3209	8644
B	RTL8367B_SVLAN_MEMBERCFG45_CTRL2_VS_FIDEN_OFFSET		OFFSET_SHIFT	7	7	8645
B	RTL8367B_SVLAN_MEMBERCFG45_CTRL2_VS_FIDEN_MASK		MASK	0x80	128	8646
B	RTL8367B_SVLAN_MEMBERCFG45_CTRL2_VS_SPRI_OFFSET		OFFSET_SHIFT	4	4	8647
B	RTL8367B_SVLAN_MEMBERCFG45_CTRL2_VS_SPRI_MASK		MASK	0x70	112	8648
B	RTL8367B_SVLAN_MEMBERCFG45_CTRL2_VS_FID_MSTI_OFFSET		OFFSET_SHIFT	0	0	8649
B	RTL8367B_SVLAN_MEMBERCFG45_CTRL2_VS_FID_MSTI_MASK		MASK	0xF	15	8650
B	RTL8367B_REG_SVLAN_MEMBERCFG45_CTRL3		REGISTER	0x0c8a	3210	8652
B	RTL8367B_SVLAN_MEMBERCFG45_CTRL3_VS_EFID_OFFSET		OFFSET_SHIFT	13	13	8653
B	RTL8367B_SVLAN_MEMBERCFG45_CTRL3_VS_EFID_MASK		MASK	0xE000	57344	8654
B	RTL8367B_SVLAN_MEMBERCFG45_CTRL3_VS_EFIDEN_OFFSET		OFFSET_SHIFT	12	12	8655
B	RTL8367B_SVLAN_MEMBERCFG45_CTRL3_VS_EFIDEN_MASK		MASK	0x1000	4096	8656
B	RTL8367B_SVLAN_MEMBERCFG45_CTRL3_VS_SVID_OFFSET		OFFSET_SHIFT	0	0	8657
B	RTL8367B_SVLAN_MEMBERCFG45_CTRL3_VS_SVID_MASK		MASK	0xFFF	4095	8658
B	RTL8367B_REG_SVLAN_MEMBERCFG46_CTRL1		REGISTER	0x0c8b	3211	8660
B	RTL8367B_SVLAN_MEMBERCFG46_CTRL1_VS_UNTAGSET_OFFSET		OFFSET_SHIFT	8	8	8661
B	RTL8367B_SVLAN_MEMBERCFG46_CTRL1_VS_UNTAGSET_MASK		MASK	0xFF00	65280	8662
B	RTL8367B_SVLAN_MEMBERCFG46_CTRL1_VS_SMBR_OFFSET		OFFSET_SHIFT	0	0	8663
B	RTL8367B_SVLAN_MEMBERCFG46_CTRL1_VS_SMBR_MASK		MASK	0xFF	255	8664
B	RTL8367B_REG_SVLAN_MEMBERCFG46_CTRL2		REGISTER	0x0c8c	3212	8666
B	RTL8367B_SVLAN_MEMBERCFG46_CTRL2_VS_FIDEN_OFFSET		OFFSET_SHIFT	7	7	8667
B	RTL8367B_SVLAN_MEMBERCFG46_CTRL2_VS_FIDEN_MASK		MASK	0x80	128	8668
B	RTL8367B_SVLAN_MEMBERCFG46_CTRL2_VS_SPRI_OFFSET		OFFSET_SHIFT	4	4	8669
B	RTL8367B_SVLAN_MEMBERCFG46_CTRL2_VS_SPRI_MASK		MASK	0x70	112	8670
B	RTL8367B_SVLAN_MEMBERCFG46_CTRL2_VS_FID_MSTI_OFFSET		OFFSET_SHIFT	0	0	8671
B	RTL8367B_SVLAN_MEMBERCFG46_CTRL2_VS_FID_MSTI_MASK		MASK	0xF	15	8672
B	RTL8367B_REG_SVLAN_MEMBERCFG46_CTRL3		REGISTER	0x0c8d	3213	8674
B	RTL8367B_SVLAN_MEMBERCFG46_CTRL3_VS_EFID_OFFSET		OFFSET_SHIFT	13	13	8675
B	RTL8367B_SVLAN_MEMBERCFG46_CTRL3_VS_EFID_MASK		MASK	0xE000	57344	8676
B	RTL8367B_SVLAN_MEMBERCFG46_CTRL3_VS_EFIDEN_OFFSET		OFFSET_SHIFT	12	12	8677
B	RTL8367B_SVLAN_MEMBERCFG46_CTRL3_VS_EFIDEN_MASK		MASK	0x1000	4096	8678
B	RTL8367B_SVLAN_MEMBERCFG46_CTRL3_VS_SVID_OFFSET		OFFSET_SHIFT	0	0	8679
B	RTL8367B_SVLAN_MEMBERCFG46_CTRL3_VS_SVID_MASK		MASK	0xFFF	4095	8680
B	RTL8367B_REG_SVLAN_MEMBERCFG47_CTRL1		REGISTER	0x0c8e	3214	8682
B	RTL8367B_SVLAN_MEMBERCFG47_CTRL1_VS_UNTAGSET_OFFSET		OFFSET_SHIFT	8	8	8683
B	RTL8367B_SVLAN_MEMBERCFG47_CTRL1_VS_UNTAGSET_MASK		MASK	0xFF00	65280	8684
B	RTL8367B_SVLAN_MEMBERCFG47_CTRL1_VS_SMBR_OFFSET		OFFSET_SHIFT	0	0	8685
B	RTL8367B_SVLAN_MEMBERCFG47_CTRL1_VS_SMBR_MASK		MASK	0xFF	255	8686
B	RTL8367B_REG_SVLAN_MEMBERCFG47_CTRL2		REGISTER	0x0c8f	3215	8688
B	RTL8367B_SVLAN_MEMBERCFG47_CTRL2_VS_FIDEN_OFFSET		OFFSET_SHIFT	7	7	8689
B	RTL8367B_SVLAN_MEMBERCFG47_CTRL2_VS_FIDEN_MASK		MASK	0x80	128	8690
B	RTL8367B_SVLAN_MEMBERCFG47_CTRL2_VS_SPRI_OFFSET		OFFSET_SHIFT	4	4	8691
B	RTL8367B_SVLAN_MEMBERCFG47_CTRL2_VS_SPRI_MASK		MASK	0x70	112	8692
B	RTL8367B_SVLAN_MEMBERCFG47_CTRL2_VS_FID_MSTI_OFFSET		OFFSET_SHIFT	0	0	8693
B	RTL8367B_SVLAN_MEMBERCFG47_CTRL2_VS_FID_MSTI_MASK		MASK	0xF	15	8694
B	RTL8367B_REG_SVLAN_MEMBERCFG47_CTRL3		REGISTER	0x0c90	3216	8696
B	RTL8367B_SVLAN_MEMBERCFG47_CTRL3_VS_EFID_OFFSET		OFFSET_SHIFT	13	13	8697
B	RTL8367B_SVLAN_MEMBERCFG47_CTRL3_VS_EFID_MASK		MASK	0xE000	57344	8698
B	RTL8367B_SVLAN_MEMBERCFG47_CTRL3_VS_EFIDEN_OFFSET		OFFSET_SHIFT	12	12	8699
B	RTL8367B_SVLAN_MEMBERCFG47_CTRL3_VS_EFIDEN_MASK		MASK	0x1000	4096	8700
B	RTL8367B_SVLAN_MEMBERCFG47_CTRL3_VS_SVID_OFFSET		OFFSET_SHIFT	0	0	8701
B	RTL8367B_SVLAN_MEMBERCFG47_CTRL3_VS_SVID_MASK		MASK	0xFFF	4095	8702
B	RTL8367B_REG_SVLAN_MEMBERCFG48_CTRL1		REGISTER	0x0c91	3217	8704
B	RTL8367B_SVLAN_MEMBERCFG48_CTRL1_VS_UNTAGSET_OFFSET		OFFSET_SHIFT	8	8	8705
B	RTL8367B_SVLAN_MEMBERCFG48_CTRL1_VS_UNTAGSET_MASK		MASK	0xFF00	65280	8706
B	RTL8367B_SVLAN_MEMBERCFG48_CTRL1_VS_SMBR_OFFSET		OFFSET_SHIFT	0	0	8707
B	RTL8367B_SVLAN_MEMBERCFG48_CTRL1_VS_SMBR_MASK		MASK	0xFF	255	8708
B	RTL8367B_REG_SVLAN_MEMBERCFG48_CTRL2		REGISTER	0x0c92	3218	8710
B	RTL8367B_SVLAN_MEMBERCFG48_CTRL2_VS_FIDEN_OFFSET		OFFSET_SHIFT	7	7	8711
B	RTL8367B_SVLAN_MEMBERCFG48_CTRL2_VS_FIDEN_MASK		MASK	0x80	128	8712
B	RTL8367B_SVLAN_MEMBERCFG48_CTRL2_VS_SPRI_OFFSET		OFFSET_SHIFT	4	4	8713
B	RTL8367B_SVLAN_MEMBERCFG48_CTRL2_VS_SPRI_MASK		MASK	0x70	112	8714
B	RTL8367B_SVLAN_MEMBERCFG48_CTRL2_VS_FID_MSTI_OFFSET		OFFSET_SHIFT	0	0	8715
B	RTL8367B_SVLAN_MEMBERCFG48_CTRL2_VS_FID_MSTI_MASK		MASK	0xF	15	8716
B	RTL8367B_REG_SVLAN_MEMBERCFG48_CTRL3		REGISTER	0x0c93	3219	8718
B	RTL8367B_SVLAN_MEMBERCFG48_CTRL3_VS_EFID_OFFSET		OFFSET_SHIFT	13	13	8719
B	RTL8367B_SVLAN_MEMBERCFG48_CTRL3_VS_EFID_MASK		MASK	0xE000	57344	8720
B	RTL8367B_SVLAN_MEMBERCFG48_CTRL3_VS_EFIDEN_OFFSET		OFFSET_SHIFT	12	12	8721
B	RTL8367B_SVLAN_MEMBERCFG48_CTRL3_VS_EFIDEN_MASK		MASK	0x1000	4096	8722
B	RTL8367B_SVLAN_MEMBERCFG48_CTRL3_VS_SVID_OFFSET		OFFSET_SHIFT	0	0	8723
B	RTL8367B_SVLAN_MEMBERCFG48_CTRL3_VS_SVID_MASK		MASK	0xFFF	4095	8724
B	RTL8367B_REG_SVLAN_MEMBERCFG49_CTRL1		REGISTER	0x0c94	3220	8726
B	RTL8367B_SVLAN_MEMBERCFG49_CTRL1_VS_UNTAGSET_OFFSET		OFFSET_SHIFT	8	8	8727
B	RTL8367B_SVLAN_MEMBERCFG49_CTRL1_VS_UNTAGSET_MASK		MASK	0xFF00	65280	8728
B	RTL8367B_SVLAN_MEMBERCFG49_CTRL1_VS_SMBR_OFFSET		OFFSET_SHIFT	0	0	8729
B	RTL8367B_SVLAN_MEMBERCFG49_CTRL1_VS_SMBR_MASK		MASK	0xFF	255	8730
B	RTL8367B_REG_SVLAN_MEMBERCFG49_CTRL2		REGISTER	0x0c95	3221	8732
B	RTL8367B_SVLAN_MEMBERCFG49_CTRL2_VS_FIDEN_OFFSET		OFFSET_SHIFT	7	7	8733
B	RTL8367B_SVLAN_MEMBERCFG49_CTRL2_VS_FIDEN_MASK		MASK	0x80	128	8734
B	RTL8367B_SVLAN_MEMBERCFG49_CTRL2_VS_SPRI_OFFSET		OFFSET_SHIFT	4	4	8735
B	RTL8367B_SVLAN_MEMBERCFG49_CTRL2_VS_SPRI_MASK		MASK	0x70	112	8736
B	RTL8367B_SVLAN_MEMBERCFG49_CTRL2_VS_FID_MSTI_OFFSET		OFFSET_SHIFT	0	0	8737
B	RTL8367B_SVLAN_MEMBERCFG49_CTRL2_VS_FID_MSTI_MASK		MASK	0xF	15	8738
B	RTL8367B_REG_SVLAN_MEMBERCFG49_CTRL3		REGISTER	0x0c96	3222	8740
B	RTL8367B_SVLAN_MEMBERCFG49_CTRL3_VS_EFID_OFFSET		OFFSET_SHIFT	13	13	8741
B	RTL8367B_SVLAN_MEMBERCFG49_CTRL3_VS_EFID_MASK		MASK	0xE000	57344	8742
B	RTL8367B_SVLAN_MEMBERCFG49_CTRL3_VS_EFIDEN_OFFSET		OFFSET_SHIFT	12	12	8743
B	RTL8367B_SVLAN_MEMBERCFG49_CTRL3_VS_EFIDEN_MASK		MASK	0x1000	4096	8744
B	RTL8367B_SVLAN_MEMBERCFG49_CTRL3_VS_SVID_OFFSET		OFFSET_SHIFT	0	0	8745
B	RTL8367B_SVLAN_MEMBERCFG49_CTRL3_VS_SVID_MASK		MASK	0xFFF	4095	8746
B	RTL8367B_REG_SVLAN_MEMBERCFG50_CTRL1		REGISTER	0x0c97	3223	8748
B	RTL8367B_SVLAN_MEMBERCFG50_CTRL1_VS_UNTAGSET_OFFSET		OFFSET_SHIFT	8	8	8749
B	RTL8367B_SVLAN_MEMBERCFG50_CTRL1_VS_UNTAGSET_MASK		MASK	0xFF00	65280	8750
B	RTL8367B_SVLAN_MEMBERCFG50_CTRL1_VS_SMBR_OFFSET		OFFSET_SHIFT	0	0	8751
B	RTL8367B_SVLAN_MEMBERCFG50_CTRL1_VS_SMBR_MASK		MASK	0xFF	255	8752
B	RTL8367B_REG_SVLAN_MEMBERCFG50_CTRL2		REGISTER	0x0c98	3224	8754
B	RTL8367B_SVLAN_MEMBERCFG50_CTRL2_VS_FIDEN_OFFSET		OFFSET_SHIFT	7	7	8755
B	RTL8367B_SVLAN_MEMBERCFG50_CTRL2_VS_FIDEN_MASK		MASK	0x80	128	8756
B	RTL8367B_SVLAN_MEMBERCFG50_CTRL2_VS_SPRI_OFFSET		OFFSET_SHIFT	4	4	8757
B	RTL8367B_SVLAN_MEMBERCFG50_CTRL2_VS_SPRI_MASK		MASK	0x70	112	8758
B	RTL8367B_SVLAN_MEMBERCFG50_CTRL2_VS_FID_MSTI_OFFSET		OFFSET_SHIFT	0	0	8759
B	RTL8367B_SVLAN_MEMBERCFG50_CTRL2_VS_FID_MSTI_MASK		MASK	0xF	15	8760
B	RTL8367B_REG_SVLAN_MEMBERCFG50_CTRL3		REGISTER	0x0c99	3225	8762
B	RTL8367B_SVLAN_MEMBERCFG50_CTRL3_VS_EFID_OFFSET		OFFSET_SHIFT	13	13	8763
B	RTL8367B_SVLAN_MEMBERCFG50_CTRL3_VS_EFID_MASK		MASK	0xE000	57344	8764
B	RTL8367B_SVLAN_MEMBERCFG50_CTRL3_VS_EFIDEN_OFFSET		OFFSET_SHIFT	12	12	8765
B	RTL8367B_SVLAN_MEMBERCFG50_CTRL3_VS_EFIDEN_MASK		MASK	0x1000	4096	8766
B	RTL8367B_SVLAN_MEMBERCFG50_CTRL3_VS_SVID_OFFSET		OFFSET_SHIFT	0	0	8767
B	RTL8367B_SVLAN_MEMBERCFG50_CTRL3_VS_SVID_MASK		MASK	0xFFF	4095	8768
B	RTL8367B_REG_SVLAN_MEMBERCFG51_CTRL1		REGISTER	0x0c9a	3226	8770
B	RTL8367B_SVLAN_MEMBERCFG51_CTRL1_VS_UNTAGSET_OFFSET		OFFSET_SHIFT	8	8	8771
B	RTL8367B_SVLAN_MEMBERCFG51_CTRL1_VS_UNTAGSET_MASK		MASK	0xFF00	65280	8772
B	RTL8367B_SVLAN_MEMBERCFG51_CTRL1_VS_SMBR_OFFSET		OFFSET_SHIFT	0	0	8773
B	RTL8367B_SVLAN_MEMBERCFG51_CTRL1_VS_SMBR_MASK		MASK	0xFF	255	8774
B	RTL8367B_REG_SVLAN_MEMBERCFG51_CTRL2		REGISTER	0x0c9b	3227	8776
B	RTL8367B_SVLAN_MEMBERCFG51_CTRL2_VS_FIDEN_OFFSET		OFFSET_SHIFT	7	7	8777
B	RTL8367B_SVLAN_MEMBERCFG51_CTRL2_VS_FIDEN_MASK		MASK	0x80	128	8778
B	RTL8367B_SVLAN_MEMBERCFG51_CTRL2_VS_SPRI_OFFSET		OFFSET_SHIFT	4	4	8779
B	RTL8367B_SVLAN_MEMBERCFG51_CTRL2_VS_SPRI_MASK		MASK	0x70	112	8780
B	RTL8367B_SVLAN_MEMBERCFG51_CTRL2_VS_FID_MSTI_OFFSET		OFFSET_SHIFT	0	0	8781
B	RTL8367B_SVLAN_MEMBERCFG51_CTRL2_VS_FID_MSTI_MASK		MASK	0xF	15	8782
B	RTL8367B_REG_SVLAN_MEMBERCFG51_CTRL3		REGISTER	0x0c9c	3228	8784
B	RTL8367B_SVLAN_MEMBERCFG51_CTRL3_VS_EFID_OFFSET		OFFSET_SHIFT	13	13	8785
B	RTL8367B_SVLAN_MEMBERCFG51_CTRL3_VS_EFID_MASK		MASK	0xE000	57344	8786
B	RTL8367B_SVLAN_MEMBERCFG51_CTRL3_VS_EFIDEN_OFFSET		OFFSET_SHIFT	12	12	8787
B	RTL8367B_SVLAN_MEMBERCFG51_CTRL3_VS_EFIDEN_MASK		MASK	0x1000	4096	8788
B	RTL8367B_SVLAN_MEMBERCFG51_CTRL3_VS_SVID_OFFSET		OFFSET_SHIFT	0	0	8789
B	RTL8367B_SVLAN_MEMBERCFG51_CTRL3_VS_SVID_MASK		MASK	0xFFF	4095	8790
B	RTL8367B_REG_SVLAN_MEMBERCFG52_CTRL1		REGISTER	0x0c9d	3229	8792
B	RTL8367B_SVLAN_MEMBERCFG52_CTRL1_VS_UNTAGSET_OFFSET		OFFSET_SHIFT	8	8	8793
B	RTL8367B_SVLAN_MEMBERCFG52_CTRL1_VS_UNTAGSET_MASK		MASK	0xFF00	65280	8794
B	RTL8367B_SVLAN_MEMBERCFG52_CTRL1_VS_SMBR_OFFSET		OFFSET_SHIFT	0	0	8795
B	RTL8367B_SVLAN_MEMBERCFG52_CTRL1_VS_SMBR_MASK		MASK	0xFF	255	8796
B	RTL8367B_REG_SVLAN_MEMBERCFG52_CTRL2		REGISTER	0x0c9e	3230	8798
B	RTL8367B_SVLAN_MEMBERCFG52_CTRL2_VS_FIDEN_OFFSET		OFFSET_SHIFT	7	7	8799
B	RTL8367B_SVLAN_MEMBERCFG52_CTRL2_VS_FIDEN_MASK		MASK	0x80	128	8800
B	RTL8367B_SVLAN_MEMBERCFG52_CTRL2_VS_SPRI_OFFSET		OFFSET_SHIFT	4	4	8801
B	RTL8367B_SVLAN_MEMBERCFG52_CTRL2_VS_SPRI_MASK		MASK	0x70	112	8802
B	RTL8367B_SVLAN_MEMBERCFG52_CTRL2_VS_FID_MSTI_OFFSET		OFFSET_SHIFT	0	0	8803
B	RTL8367B_SVLAN_MEMBERCFG52_CTRL2_VS_FID_MSTI_MASK		MASK	0xF	15	8804
B	RTL8367B_REG_SVLAN_MEMBERCFG52_CTRL3		REGISTER	0x0c9f	3231	8806
B	RTL8367B_SVLAN_MEMBERCFG52_CTRL3_VS_EFID_OFFSET		OFFSET_SHIFT	13	13	8807
B	RTL8367B_SVLAN_MEMBERCFG52_CTRL3_VS_EFID_MASK		MASK	0xE000	57344	8808
B	RTL8367B_SVLAN_MEMBERCFG52_CTRL3_VS_EFIDEN_OFFSET		OFFSET_SHIFT	12	12	8809
B	RTL8367B_SVLAN_MEMBERCFG52_CTRL3_VS_EFIDEN_MASK		MASK	0x1000	4096	8810
B	RTL8367B_SVLAN_MEMBERCFG52_CTRL3_VS_SVID_OFFSET		OFFSET_SHIFT	0	0	8811
B	RTL8367B_SVLAN_MEMBERCFG52_CTRL3_VS_SVID_MASK		MASK	0xFFF	4095	8812
B	RTL8367B_REG_SVLAN_MEMBERCFG53_CTRL1		REGISTER	0x0ca0	3232	8814
B	RTL8367B_SVLAN_MEMBERCFG53_CTRL1_VS_UNTAGSET_OFFSET		OFFSET_SHIFT	8	8	8815
B	RTL8367B_SVLAN_MEMBERCFG53_CTRL1_VS_UNTAGSET_MASK		MASK	0xFF00	65280	8816
B	RTL8367B_SVLAN_MEMBERCFG53_CTRL1_VS_SMBR_OFFSET		OFFSET_SHIFT	0	0	8817
B	RTL8367B_SVLAN_MEMBERCFG53_CTRL1_VS_SMBR_MASK		MASK	0xFF	255	8818
B	RTL8367B_REG_SVLAN_MEMBERCFG53_CTRL2		REGISTER	0x0ca1	3233	8820
B	RTL8367B_SVLAN_MEMBERCFG53_CTRL2_VS_FIDEN_OFFSET		OFFSET_SHIFT	7	7	8821
B	RTL8367B_SVLAN_MEMBERCFG53_CTRL2_VS_FIDEN_MASK		MASK	0x80	128	8822
B	RTL8367B_SVLAN_MEMBERCFG53_CTRL2_VS_SPRI_OFFSET		OFFSET_SHIFT	4	4	8823
B	RTL8367B_SVLAN_MEMBERCFG53_CTRL2_VS_SPRI_MASK		MASK	0x70	112	8824
B	RTL8367B_SVLAN_MEMBERCFG53_CTRL2_VS_FID_MSTI_OFFSET		OFFSET_SHIFT	0	0	8825
B	RTL8367B_SVLAN_MEMBERCFG53_CTRL2_VS_FID_MSTI_MASK		MASK	0xF	15	8826
B	RTL8367B_REG_SVLAN_MEMBERCFG53_CTRL3		REGISTER	0x0ca2	3234	8828
B	RTL8367B_SVLAN_MEMBERCFG53_CTRL3_VS_EFID_OFFSET		OFFSET_SHIFT	13	13	8829
B	RTL8367B_SVLAN_MEMBERCFG53_CTRL3_VS_EFID_MASK		MASK	0xE000	57344	8830
B	RTL8367B_SVLAN_MEMBERCFG53_CTRL3_VS_EFIDEN_OFFSET		OFFSET_SHIFT	12	12	8831
B	RTL8367B_SVLAN_MEMBERCFG53_CTRL3_VS_EFIDEN_MASK		MASK	0x1000	4096	8832
B	RTL8367B_SVLAN_MEMBERCFG53_CTRL3_VS_SVID_OFFSET		OFFSET_SHIFT	0	0	8833
B	RTL8367B_SVLAN_MEMBERCFG53_CTRL3_VS_SVID_MASK		MASK	0xFFF	4095	8834
B	RTL8367B_REG_SVLAN_MEMBERCFG54_CTRL1		REGISTER	0x0ca3	3235	8836
B	RTL8367B_SVLAN_MEMBERCFG54_CTRL1_VS_UNTAGSET_OFFSET		OFFSET_SHIFT	8	8	8837
B	RTL8367B_SVLAN_MEMBERCFG54_CTRL1_VS_UNTAGSET_MASK		MASK	0xFF00	65280	8838
B	RTL8367B_SVLAN_MEMBERCFG54_CTRL1_VS_SMBR_OFFSET		OFFSET_SHIFT	0	0	8839
B	RTL8367B_SVLAN_MEMBERCFG54_CTRL1_VS_SMBR_MASK		MASK	0xFF	255	8840
B	RTL8367B_REG_SVLAN_MEMBERCFG54_CTRL2		REGISTER	0x0ca4	3236	8842
B	RTL8367B_SVLAN_MEMBERCFG54_CTRL2_VS_FIDEN_OFFSET		OFFSET_SHIFT	7	7	8843
B	RTL8367B_SVLAN_MEMBERCFG54_CTRL2_VS_FIDEN_MASK		MASK	0x80	128	8844
B	RTL8367B_SVLAN_MEMBERCFG54_CTRL2_VS_SPRI_OFFSET		OFFSET_SHIFT	4	4	8845
B	RTL8367B_SVLAN_MEMBERCFG54_CTRL2_VS_SPRI_MASK		MASK	0x70	112	8846
B	RTL8367B_SVLAN_MEMBERCFG54_CTRL2_VS_FID_MSTI_OFFSET		OFFSET_SHIFT	0	0	8847
B	RTL8367B_SVLAN_MEMBERCFG54_CTRL2_VS_FID_MSTI_MASK		MASK	0xF	15	8848
B	RTL8367B_REG_SVLAN_MEMBERCFG54_CTRL3		REGISTER	0x0ca5	3237	8850
B	RTL8367B_SVLAN_MEMBERCFG54_CTRL3_VS_EFID_OFFSET		OFFSET_SHIFT	13	13	8851
B	RTL8367B_SVLAN_MEMBERCFG54_CTRL3_VS_EFID_MASK		MASK	0xE000	57344	8852
B	RTL8367B_SVLAN_MEMBERCFG54_CTRL3_VS_EFIDEN_OFFSET		OFFSET_SHIFT	12	12	8853
B	RTL8367B_SVLAN_MEMBERCFG54_CTRL3_VS_EFIDEN_MASK		MASK	0x1000	4096	8854
B	RTL8367B_SVLAN_MEMBERCFG54_CTRL3_VS_SVID_OFFSET		OFFSET_SHIFT	0	0	8855
B	RTL8367B_SVLAN_MEMBERCFG54_CTRL3_VS_SVID_MASK		MASK	0xFFF	4095	8856
B	RTL8367B_REG_SVLAN_MEMBERCFG55_CTRL1		REGISTER	0x0ca6	3238	8858
B	RTL8367B_SVLAN_MEMBERCFG55_CTRL1_VS_UNTAGSET_OFFSET		OFFSET_SHIFT	8	8	8859
B	RTL8367B_SVLAN_MEMBERCFG55_CTRL1_VS_UNTAGSET_MASK		MASK	0xFF00	65280	8860
B	RTL8367B_SVLAN_MEMBERCFG55_CTRL1_VS_SMBR_OFFSET		OFFSET_SHIFT	0	0	8861
B	RTL8367B_SVLAN_MEMBERCFG55_CTRL1_VS_SMBR_MASK		MASK	0xFF	255	8862
B	RTL8367B_REG_SVLAN_MEMBERCFG55_CTRL2		REGISTER	0x0ca7	3239	8864
B	RTL8367B_SVLAN_MEMBERCFG55_CTRL2_VS_FIDEN_OFFSET		OFFSET_SHIFT	7	7	8865
B	RTL8367B_SVLAN_MEMBERCFG55_CTRL2_VS_FIDEN_MASK		MASK	0x80	128	8866
B	RTL8367B_SVLAN_MEMBERCFG55_CTRL2_VS_SPRI_OFFSET		OFFSET_SHIFT	4	4	8867
B	RTL8367B_SVLAN_MEMBERCFG55_CTRL2_VS_SPRI_MASK		MASK	0x70	112	8868
B	RTL8367B_SVLAN_MEMBERCFG55_CTRL2_VS_FID_MSTI_OFFSET		OFFSET_SHIFT	0	0	8869
B	RTL8367B_SVLAN_MEMBERCFG55_CTRL2_VS_FID_MSTI_MASK		MASK	0xF	15	8870
B	RTL8367B_REG_SVLAN_MEMBERCFG55_CTRL3		REGISTER	0x0ca8	3240	8872
B	RTL8367B_SVLAN_MEMBERCFG55_CTRL3_VS_EFID_OFFSET		OFFSET_SHIFT	13	13	8873
B	RTL8367B_SVLAN_MEMBERCFG55_CTRL3_VS_EFID_MASK		MASK	0xE000	57344	8874
B	RTL8367B_SVLAN_MEMBERCFG55_CTRL3_VS_EFIDEN_OFFSET		OFFSET_SHIFT	12	12	8875
B	RTL8367B_SVLAN_MEMBERCFG55_CTRL3_VS_EFIDEN_MASK		MASK	0x1000	4096	8876
B	RTL8367B_SVLAN_MEMBERCFG55_CTRL3_VS_SVID_OFFSET		OFFSET_SHIFT	0	0	8877
B	RTL8367B_SVLAN_MEMBERCFG55_CTRL3_VS_SVID_MASK		MASK	0xFFF	4095	8878
B	RTL8367B_REG_SVLAN_MEMBERCFG56_CTRL1		REGISTER	0x0ca9	3241	8880
B	RTL8367B_SVLAN_MEMBERCFG56_CTRL1_VS_UNTAGSET_OFFSET		OFFSET_SHIFT	8	8	8881
B	RTL8367B_SVLAN_MEMBERCFG56_CTRL1_VS_UNTAGSET_MASK		MASK	0xFF00	65280	8882
B	RTL8367B_SVLAN_MEMBERCFG56_CTRL1_VS_SMBR_OFFSET		OFFSET_SHIFT	0	0	8883
B	RTL8367B_SVLAN_MEMBERCFG56_CTRL1_VS_SMBR_MASK		MASK	0xFF	255	8884
B	RTL8367B_REG_SVLAN_MEMBERCFG56_CTRL2		REGISTER	0x0caa	3242	8886
B	RTL8367B_SVLAN_MEMBERCFG56_CTRL2_VS_FIDEN_OFFSET		OFFSET_SHIFT	7	7	8887
B	RTL8367B_SVLAN_MEMBERCFG56_CTRL2_VS_FIDEN_MASK		MASK	0x80	128	8888
B	RTL8367B_SVLAN_MEMBERCFG56_CTRL2_VS_SPRI_OFFSET		OFFSET_SHIFT	4	4	8889
B	RTL8367B_SVLAN_MEMBERCFG56_CTRL2_VS_SPRI_MASK		MASK	0x70	112	8890
B	RTL8367B_SVLAN_MEMBERCFG56_CTRL2_VS_FID_MSTI_OFFSET		OFFSET_SHIFT	0	0	8891
B	RTL8367B_SVLAN_MEMBERCFG56_CTRL2_VS_FID_MSTI_MASK		MASK	0xF	15	8892
B	RTL8367B_REG_SVLAN_MEMBERCFG56_CTRL3		REGISTER	0x0cab	3243	8894
B	RTL8367B_SVLAN_MEMBERCFG56_CTRL3_VS_EFID_OFFSET		OFFSET_SHIFT	13	13	8895
B	RTL8367B_SVLAN_MEMBERCFG56_CTRL3_VS_EFID_MASK		MASK	0xE000	57344	8896
B	RTL8367B_SVLAN_MEMBERCFG56_CTRL3_VS_EFIDEN_OFFSET		OFFSET_SHIFT	12	12	8897
B	RTL8367B_SVLAN_MEMBERCFG56_CTRL3_VS_EFIDEN_MASK		MASK	0x1000	4096	8898
B	RTL8367B_SVLAN_MEMBERCFG56_CTRL3_VS_SVID_OFFSET		OFFSET_SHIFT	0	0	8899
B	RTL8367B_SVLAN_MEMBERCFG56_CTRL3_VS_SVID_MASK		MASK	0xFFF	4095	8900
B	RTL8367B_REG_SVLAN_MEMBERCFG57_CTRL1		REGISTER	0x0cac	3244	8902
B	RTL8367B_SVLAN_MEMBERCFG57_CTRL1_VS_UNTAGSET_OFFSET		OFFSET_SHIFT	8	8	8903
B	RTL8367B_SVLAN_MEMBERCFG57_CTRL1_VS_UNTAGSET_MASK		MASK	0xFF00	65280	8904
B	RTL8367B_SVLAN_MEMBERCFG57_CTRL1_VS_SMBR_OFFSET		OFFSET_SHIFT	0	0	8905
B	RTL8367B_SVLAN_MEMBERCFG57_CTRL1_VS_SMBR_MASK		MASK	0xFF	255	8906
B	RTL8367B_REG_SVLAN_MEMBERCFG57_CTRL2		REGISTER	0x0cad	3245	8908
B	RTL8367B_SVLAN_MEMBERCFG57_CTRL2_VS_FIDEN_OFFSET		OFFSET_SHIFT	7	7	8909
B	RTL8367B_SVLAN_MEMBERCFG57_CTRL2_VS_FIDEN_MASK		MASK	0x80	128	8910
B	RTL8367B_SVLAN_MEMBERCFG57_CTRL2_VS_SPRI_OFFSET		OFFSET_SHIFT	4	4	8911
B	RTL8367B_SVLAN_MEMBERCFG57_CTRL2_VS_SPRI_MASK		MASK	0x70	112	8912
B	RTL8367B_SVLAN_MEMBERCFG57_CTRL2_VS_FID_MSTI_OFFSET		OFFSET_SHIFT	0	0	8913
B	RTL8367B_SVLAN_MEMBERCFG57_CTRL2_VS_FID_MSTI_MASK		MASK	0xF	15	8914
B	RTL8367B_REG_SVLAN_MEMBERCFG57_CTRL3		REGISTER	0x0cae	3246	8916
B	RTL8367B_SVLAN_MEMBERCFG57_CTRL3_VS_EFID_OFFSET		OFFSET_SHIFT	13	13	8917
B	RTL8367B_SVLAN_MEMBERCFG57_CTRL3_VS_EFID_MASK		MASK	0xE000	57344	8918
B	RTL8367B_SVLAN_MEMBERCFG57_CTRL3_VS_EFIDEN_OFFSET		OFFSET_SHIFT	12	12	8919
B	RTL8367B_SVLAN_MEMBERCFG57_CTRL3_VS_EFIDEN_MASK		MASK	0x1000	4096	8920
B	RTL8367B_SVLAN_MEMBERCFG57_CTRL3_VS_SVID_OFFSET		OFFSET_SHIFT	0	0	8921
B	RTL8367B_SVLAN_MEMBERCFG57_CTRL3_VS_SVID_MASK		MASK	0xFFF	4095	8922
B	RTL8367B_REG_SVLAN_MEMBERCFG58_CTRL1		REGISTER	0x0caf	3247	8924
B	RTL8367B_SVLAN_MEMBERCFG58_CTRL1_VS_UNTAGSET_OFFSET		OFFSET_SHIFT	8	8	8925
B	RTL8367B_SVLAN_MEMBERCFG58_CTRL1_VS_UNTAGSET_MASK		MASK	0xFF00	65280	8926
B	RTL8367B_SVLAN_MEMBERCFG58_CTRL1_VS_SMBR_OFFSET		OFFSET_SHIFT	0	0	8927
B	RTL8367B_SVLAN_MEMBERCFG58_CTRL1_VS_SMBR_MASK		MASK	0xFF	255	8928
B	RTL8367B_REG_SVLAN_MEMBERCFG58_CTRL2		REGISTER	0x0cb0	3248	8930
B	RTL8367B_SVLAN_MEMBERCFG58_CTRL2_VS_FIDEN_OFFSET		OFFSET_SHIFT	7	7	8931
B	RTL8367B_SVLAN_MEMBERCFG58_CTRL2_VS_FIDEN_MASK		MASK	0x80	128	8932
B	RTL8367B_SVLAN_MEMBERCFG58_CTRL2_VS_SPRI_OFFSET		OFFSET_SHIFT	4	4	8933
B	RTL8367B_SVLAN_MEMBERCFG58_CTRL2_VS_SPRI_MASK		MASK	0x70	112	8934
B	RTL8367B_SVLAN_MEMBERCFG58_CTRL2_VS_FID_MSTI_OFFSET		OFFSET_SHIFT	0	0	8935
B	RTL8367B_SVLAN_MEMBERCFG58_CTRL2_VS_FID_MSTI_MASK		MASK	0xF	15	8936
B	RTL8367B_REG_SVLAN_MEMBERCFG58_CTRL3		REGISTER	0x0cb1	3249	8938
B	RTL8367B_SVLAN_MEMBERCFG58_CTRL3_VS_EFID_OFFSET		OFFSET_SHIFT	13	13	8939
B	RTL8367B_SVLAN_MEMBERCFG58_CTRL3_VS_EFID_MASK		MASK	0xE000	57344	8940
B	RTL8367B_SVLAN_MEMBERCFG58_CTRL3_VS_EFIDEN_OFFSET		OFFSET_SHIFT	12	12	8941
B	RTL8367B_SVLAN_MEMBERCFG58_CTRL3_VS_EFIDEN_MASK		MASK	0x1000	4096	8942
B	RTL8367B_SVLAN_MEMBERCFG58_CTRL3_VS_SVID_OFFSET		OFFSET_SHIFT	0	0	8943
B	RTL8367B_SVLAN_MEMBERCFG58_CTRL3_VS_SVID_MASK		MASK	0xFFF	4095	8944
B	RTL8367B_REG_SVLAN_MEMBERCFG59_CTRL1		REGISTER	0x0cb2	3250	8946
B	RTL8367B_SVLAN_MEMBERCFG59_CTRL1_VS_UNTAGSET_OFFSET		OFFSET_SHIFT	8	8	8947
B	RTL8367B_SVLAN_MEMBERCFG59_CTRL1_VS_UNTAGSET_MASK		MASK	0xFF00	65280	8948
B	RTL8367B_SVLAN_MEMBERCFG59_CTRL1_VS_SMBR_OFFSET		OFFSET_SHIFT	0	0	8949
B	RTL8367B_SVLAN_MEMBERCFG59_CTRL1_VS_SMBR_MASK		MASK	0xFF	255	8950
B	RTL8367B_REG_SVLAN_MEMBERCFG59_CTRL2		REGISTER	0x0cb3	3251	8952
B	RTL8367B_SVLAN_MEMBERCFG59_CTRL2_VS_FIDEN_OFFSET		OFFSET_SHIFT	7	7	8953
B	RTL8367B_SVLAN_MEMBERCFG59_CTRL2_VS_FIDEN_MASK		MASK	0x80	128	8954
B	RTL8367B_SVLAN_MEMBERCFG59_CTRL2_VS_SPRI_OFFSET		OFFSET_SHIFT	4	4	8955
B	RTL8367B_SVLAN_MEMBERCFG59_CTRL2_VS_SPRI_MASK		MASK	0x70	112	8956
B	RTL8367B_SVLAN_MEMBERCFG59_CTRL2_VS_FID_MSTI_OFFSET		OFFSET_SHIFT	0	0	8957
B	RTL8367B_SVLAN_MEMBERCFG59_CTRL2_VS_FID_MSTI_MASK		MASK	0xF	15	8958
B	RTL8367B_REG_SVLAN_MEMBERCFG59_CTRL3		REGISTER	0x0cb4	3252	8960
B	RTL8367B_SVLAN_MEMBERCFG59_CTRL3_VS_EFID_OFFSET		OFFSET_SHIFT	13	13	8961
B	RTL8367B_SVLAN_MEMBERCFG59_CTRL3_VS_EFID_MASK		MASK	0xE000	57344	8962
B	RTL8367B_SVLAN_MEMBERCFG59_CTRL3_VS_EFIDEN_OFFSET		OFFSET_SHIFT	12	12	8963
B	RTL8367B_SVLAN_MEMBERCFG59_CTRL3_VS_EFIDEN_MASK		MASK	0x1000	4096	8964
B	RTL8367B_SVLAN_MEMBERCFG59_CTRL3_VS_SVID_OFFSET		OFFSET_SHIFT	0	0	8965
B	RTL8367B_SVLAN_MEMBERCFG59_CTRL3_VS_SVID_MASK		MASK	0xFFF	4095	8966
B	RTL8367B_REG_SVLAN_MEMBERCFG60_CTRL1		REGISTER	0x0cb5	3253	8968
B	RTL8367B_SVLAN_MEMBERCFG60_CTRL1_VS_UNTAGSET_OFFSET		OFFSET_SHIFT	8	8	8969
B	RTL8367B_SVLAN_MEMBERCFG60_CTRL1_VS_UNTAGSET_MASK		MASK	0xFF00	65280	8970
B	RTL8367B_SVLAN_MEMBERCFG60_CTRL1_VS_SMBR_OFFSET		OFFSET_SHIFT	0	0	8971
B	RTL8367B_SVLAN_MEMBERCFG60_CTRL1_VS_SMBR_MASK		MASK	0xFF	255	8972
B	RTL8367B_REG_SVLAN_MEMBERCFG60_CTRL2		REGISTER	0x0cb6	3254	8974
B	RTL8367B_SVLAN_MEMBERCFG60_CTRL2_VS_FIDEN_OFFSET		OFFSET_SHIFT	7	7	8975
B	RTL8367B_SVLAN_MEMBERCFG60_CTRL2_VS_FIDEN_MASK		MASK	0x80	128	8976
B	RTL8367B_SVLAN_MEMBERCFG60_CTRL2_VS_SPRI_OFFSET		OFFSET_SHIFT	4	4	8977
B	RTL8367B_SVLAN_MEMBERCFG60_CTRL2_VS_SPRI_MASK		MASK	0x70	112	8978
B	RTL8367B_SVLAN_MEMBERCFG60_CTRL2_VS_FID_MSTI_OFFSET		OFFSET_SHIFT	0	0	8979
B	RTL8367B_SVLAN_MEMBERCFG60_CTRL2_VS_FID_MSTI_MASK		MASK	0xF	15	8980
B	RTL8367B_REG_SVLAN_MEMBERCFG60_CTRL3		REGISTER	0x0cb7	3255	8982
B	RTL8367B_SVLAN_MEMBERCFG60_CTRL3_VS_EFID_OFFSET		OFFSET_SHIFT	13	13	8983
B	RTL8367B_SVLAN_MEMBERCFG60_CTRL3_VS_EFID_MASK		MASK	0xE000	57344	8984
B	RTL8367B_SVLAN_MEMBERCFG60_CTRL3_VS_EFIDEN_OFFSET		OFFSET_SHIFT	12	12	8985
B	RTL8367B_SVLAN_MEMBERCFG60_CTRL3_VS_EFIDEN_MASK		MASK	0x1000	4096	8986
B	RTL8367B_SVLAN_MEMBERCFG60_CTRL3_VS_SVID_OFFSET		OFFSET_SHIFT	0	0	8987
B	RTL8367B_SVLAN_MEMBERCFG60_CTRL3_VS_SVID_MASK		MASK	0xFFF	4095	8988
B	RTL8367B_REG_SVLAN_MEMBERCFG61_CTRL1		REGISTER	0x0cb8	3256	8990
B	RTL8367B_SVLAN_MEMBERCFG61_CTRL1_VS_UNTAGSET_OFFSET		OFFSET_SHIFT	8	8	8991
B	RTL8367B_SVLAN_MEMBERCFG61_CTRL1_VS_UNTAGSET_MASK		MASK	0xFF00	65280	8992
B	RTL8367B_SVLAN_MEMBERCFG61_CTRL1_VS_SMBR_OFFSET		OFFSET_SHIFT	0	0	8993
B	RTL8367B_SVLAN_MEMBERCFG61_CTRL1_VS_SMBR_MASK		MASK	0xFF	255	8994
B	RTL8367B_REG_SVLAN_MEMBERCFG61_CTRL2		REGISTER	0x0cb9	3257	8996
B	RTL8367B_SVLAN_MEMBERCFG61_CTRL2_VS_FIDEN_OFFSET		OFFSET_SHIFT	7	7	8997
B	RTL8367B_SVLAN_MEMBERCFG61_CTRL2_VS_FIDEN_MASK		MASK	0x80	128	8998
B	RTL8367B_SVLAN_MEMBERCFG61_CTRL2_VS_SPRI_OFFSET		OFFSET_SHIFT	4	4	8999
B	RTL8367B_SVLAN_MEMBERCFG61_CTRL2_VS_SPRI_MASK		MASK	0x70	112	9000
B	RTL8367B_SVLAN_MEMBERCFG61_CTRL2_VS_FID_MSTI_OFFSET		OFFSET_SHIFT	0	0	9001
B	RTL8367B_SVLAN_MEMBERCFG61_CTRL2_VS_FID_MSTI_MASK		MASK	0xF	15	9002
B	RTL8367B_REG_SVLAN_MEMBERCFG61_CTRL3		REGISTER	0x0cba	3258	9004
B	RTL8367B_SVLAN_MEMBERCFG61_CTRL3_VS_EFID_OFFSET		OFFSET_SHIFT	13	13	9005
B	RTL8367B_SVLAN_MEMBERCFG61_CTRL3_VS_EFID_MASK		MASK	0xE000	57344	9006
B	RTL8367B_SVLAN_MEMBERCFG61_CTRL3_VS_EFIDEN_OFFSET		OFFSET_SHIFT	12	12	9007
B	RTL8367B_SVLAN_MEMBERCFG61_CTRL3_VS_EFIDEN_MASK		MASK	0x1000	4096	9008
B	RTL8367B_SVLAN_MEMBERCFG61_CTRL3_VS_SVID_OFFSET		OFFSET_SHIFT	0	0	9009
B	RTL8367B_SVLAN_MEMBERCFG61_CTRL3_VS_SVID_MASK		MASK	0xFFF	4095	9010
B	RTL8367B_REG_SVLAN_MEMBERCFG62_CTRL1		REGISTER	0x0cbb	3259	9012
B	RTL8367B_SVLAN_MEMBERCFG62_CTRL1_VS_UNTAGSET_OFFSET		OFFSET_SHIFT	8	8	9013
B	RTL8367B_SVLAN_MEMBERCFG62_CTRL1_VS_UNTAGSET_MASK		MASK	0xFF00	65280	9014
B	RTL8367B_SVLAN_MEMBERCFG62_CTRL1_VS_SMBR_OFFSET		OFFSET_SHIFT	0	0	9015
B	RTL8367B_SVLAN_MEMBERCFG62_CTRL1_VS_SMBR_MASK		MASK	0xFF	255	9016
B	RTL8367B_REG_SVLAN_MEMBERCFG62_CTRL2		REGISTER	0x0cbc	3260	9018
B	RTL8367B_SVLAN_MEMBERCFG62_CTRL2_VS_FIDEN_OFFSET		OFFSET_SHIFT	7	7	9019
B	RTL8367B_SVLAN_MEMBERCFG62_CTRL2_VS_FIDEN_MASK		MASK	0x80	128	9020
B	RTL8367B_SVLAN_MEMBERCFG62_CTRL2_VS_SPRI_OFFSET		OFFSET_SHIFT	4	4	9021
B	RTL8367B_SVLAN_MEMBERCFG62_CTRL2_VS_SPRI_MASK		MASK	0x70	112	9022
B	RTL8367B_SVLAN_MEMBERCFG62_CTRL2_VS_FID_MSTI_OFFSET		OFFSET_SHIFT	0	0	9023
B	RTL8367B_SVLAN_MEMBERCFG62_CTRL2_VS_FID_MSTI_MASK		MASK	0xF	15	9024
B	RTL8367B_REG_SVLAN_MEMBERCFG62_CTRL3		REGISTER	0x0cbd	3261	9026
B	RTL8367B_SVLAN_MEMBERCFG62_CTRL3_VS_EFID_OFFSET		OFFSET_SHIFT	13	13	9027
B	RTL8367B_SVLAN_MEMBERCFG62_CTRL3_VS_EFID_MASK		MASK	0xE000	57344	9028
B	RTL8367B_SVLAN_MEMBERCFG62_CTRL3_VS_EFIDEN_OFFSET		OFFSET_SHIFT	12	12	9029
B	RTL8367B_SVLAN_MEMBERCFG62_CTRL3_VS_EFIDEN_MASK		MASK	0x1000	4096	9030
B	RTL8367B_SVLAN_MEMBERCFG62_CTRL3_VS_SVID_OFFSET		OFFSET_SHIFT	0	0	9031
B	RTL8367B_SVLAN_MEMBERCFG62_CTRL3_VS_SVID_MASK		MASK	0xFFF	4095	9032
B	RTL8367B_REG_SVLAN_MEMBERCFG63_CTRL1		REGISTER	0x0cbe	3262	9034
B	RTL8367B_SVLAN_MEMBERCFG63_CTRL1_VS_UNTAGSET_OFFSET		OFFSET_SHIFT	8	8	9035
B	RTL8367B_SVLAN_MEMBERCFG63_CTRL1_VS_UNTAGSET_MASK		MASK	0xFF00	65280	9036
B	RTL8367B_SVLAN_MEMBERCFG63_CTRL1_VS_SMBR_OFFSET		OFFSET_SHIFT	0	0	9037
B	RTL8367B_SVLAN_MEMBERCFG63_CTRL1_VS_SMBR_MASK		MASK	0xFF	255	9038
B	RTL8367B_REG_SVLAN_MEMBERCFG63_CTRL2		REGISTER	0x0cbf	3263	9040
B	RTL8367B_SVLAN_MEMBERCFG63_CTRL2_VS_FIDEN_OFFSET		OFFSET_SHIFT	7	7	9041
B	RTL8367B_SVLAN_MEMBERCFG63_CTRL2_VS_FIDEN_MASK		MASK	0x80	128	9042
B	RTL8367B_SVLAN_MEMBERCFG63_CTRL2_VS_SPRI_OFFSET		OFFSET_SHIFT	4	4	9043
B	RTL8367B_SVLAN_MEMBERCFG63_CTRL2_VS_SPRI_MASK		MASK	0x70	112	9044
B	RTL8367B_SVLAN_MEMBERCFG63_CTRL2_VS_FID_MSTI_OFFSET		OFFSET_SHIFT	0	0	9045
B	RTL8367B_SVLAN_MEMBERCFG63_CTRL2_VS_FID_MSTI_MASK		MASK	0xF	15	9046
B	RTL8367B_REG_SVLAN_MEMBERCFG63_CTRL3		REGISTER	0x0cc0	3264	9048
B	RTL8367B_SVLAN_MEMBERCFG63_CTRL3_VS_EFID_OFFSET		OFFSET_SHIFT	13	13	9049
B	RTL8367B_SVLAN_MEMBERCFG63_CTRL3_VS_EFID_MASK		MASK	0xE000	57344	9050
B	RTL8367B_SVLAN_MEMBERCFG63_CTRL3_VS_EFIDEN_OFFSET		OFFSET_SHIFT	12	12	9051
B	RTL8367B_SVLAN_MEMBERCFG63_CTRL3_VS_EFIDEN_MASK		MASK	0x1000	4096	9052
B	RTL8367B_SVLAN_MEMBERCFG63_CTRL3_VS_SVID_OFFSET		OFFSET_SHIFT	0	0	9053
B	RTL8367B_SVLAN_MEMBERCFG63_CTRL3_VS_SVID_MASK		MASK	0xFFF	4095	9054
B	RTL8367B_REG_SVLAN_C2SCFG0_CTRL0		REGISTER	0x0d00	3328	9056
B	RTL8367B_SVLAN_C2SCFG0_CTRL0_OFFSET		OFFSET_SHIFT	0	0	9057
B	RTL8367B_SVLAN_C2SCFG0_CTRL0_MASK		MASK	0x3F	63	9058
B	RTL8367B_REG_SVLAN_C2SCFG0_CTRL1		REGISTER	0x0d01	3329	9060
B	RTL8367B_SVLAN_C2SCFG0_CTRL1_OFFSET		OFFSET_SHIFT	0	0	9061
B	RTL8367B_SVLAN_C2SCFG0_CTRL1_MASK		MASK	0xFF	255	9062
B	RTL8367B_REG_SVLAN_C2SCFG0_CTRL2		REGISTER	0x0d02	3330	9064
B	RTL8367B_SVLAN_C2SCFG0_CTRL2_OFFSET		OFFSET_SHIFT	0	0	9065
B	RTL8367B_SVLAN_C2SCFG0_CTRL2_MASK		MASK	0x1FFF	8191	9066
B	RTL8367B_REG_SVLAN_C2SCFG1_CTRL0		REGISTER	0x0d03	3331	9068
B	RTL8367B_SVLAN_C2SCFG1_CTRL0_OFFSET		OFFSET_SHIFT	0	0	9069
B	RTL8367B_SVLAN_C2SCFG1_CTRL0_MASK		MASK	0x3F	63	9070
B	RTL8367B_REG_SVLAN_C2SCFG1_CTRL1		REGISTER	0x0d04	3332	9072
B	RTL8367B_SVLAN_C2SCFG1_CTRL1_OFFSET		OFFSET_SHIFT	0	0	9073
B	RTL8367B_SVLAN_C2SCFG1_CTRL1_MASK		MASK	0xFF	255	9074
B	RTL8367B_REG_SVLAN_C2SCFG1_CTRL2		REGISTER	0x0d05	3333	9076
B	RTL8367B_SVLAN_C2SCFG1_CTRL2_OFFSET		OFFSET_SHIFT	0	0	9077
B	RTL8367B_SVLAN_C2SCFG1_CTRL2_MASK		MASK	0x1FFF	8191	9078
B	RTL8367B_REG_SVLAN_C2SCFG2_CTRL0		REGISTER	0x0d06	3334	9080
B	RTL8367B_SVLAN_C2SCFG2_CTRL0_OFFSET		OFFSET_SHIFT	0	0	9081
B	RTL8367B_SVLAN_C2SCFG2_CTRL0_MASK		MASK	0x3F	63	9082
B	RTL8367B_REG_SVLAN_C2SCFG2_CTRL1		REGISTER	0x0d07	3335	9084
B	RTL8367B_SVLAN_C2SCFG2_CTRL1_OFFSET		OFFSET_SHIFT	0	0	9085
B	RTL8367B_SVLAN_C2SCFG2_CTRL1_MASK		MASK	0xFF	255	9086
B	RTL8367B_REG_SVLAN_C2SCFG2_CTRL2		REGISTER	0x0d08	3336	9088
B	RTL8367B_SVLAN_C2SCFG2_CTRL2_OFFSET		OFFSET_SHIFT	0	0	9089
B	RTL8367B_SVLAN_C2SCFG2_CTRL2_MASK		MASK	0x1FFF	8191	9090
B	RTL8367B_REG_SVLAN_C2SCFG3_CTRL0		REGISTER	0x0d09	3337	9092
B	RTL8367B_SVLAN_C2SCFG3_CTRL0_OFFSET		OFFSET_SHIFT	0	0	9093
B	RTL8367B_SVLAN_C2SCFG3_CTRL0_MASK		MASK	0x3F	63	9094
B	RTL8367B_REG_SVLAN_C2SCFG3_CTRL1		REGISTER	0x0d0a	3338	9096
B	RTL8367B_SVLAN_C2SCFG3_CTRL1_OFFSET		OFFSET_SHIFT	0	0	9097
B	RTL8367B_SVLAN_C2SCFG3_CTRL1_MASK		MASK	0xFF	255	9098
B	RTL8367B_REG_SVLAN_C2SCFG3_CTRL2		REGISTER	0x0d0b	3339	9100
B	RTL8367B_SVLAN_C2SCFG3_CTRL2_OFFSET		OFFSET_SHIFT	0	0	9101
B	RTL8367B_SVLAN_C2SCFG3_CTRL2_MASK		MASK	0x1FFF	8191	9102
B	RTL8367B_REG_SVLAN_C2SCFG4_CTRL0		REGISTER	0x0d0c	3340	9104
B	RTL8367B_SVLAN_C2SCFG4_CTRL0_OFFSET		OFFSET_SHIFT	0	0	9105
B	RTL8367B_SVLAN_C2SCFG4_CTRL0_MASK		MASK	0x3F	63	9106
B	RTL8367B_REG_SVLAN_C2SCFG4_CTRL1		REGISTER	0x0d0d	3341	9108
B	RTL8367B_SVLAN_C2SCFG4_CTRL1_OFFSET		OFFSET_SHIFT	0	0	9109
B	RTL8367B_SVLAN_C2SCFG4_CTRL1_MASK		MASK	0xFF	255	9110
B	RTL8367B_REG_SVLAN_C2SCFG4_CTRL2		REGISTER	0x0d0e	3342	9112
B	RTL8367B_SVLAN_C2SCFG4_CTRL2_OFFSET		OFFSET_SHIFT	0	0	9113
B	RTL8367B_SVLAN_C2SCFG4_CTRL2_MASK		MASK	0x1FFF	8191	9114
B	RTL8367B_REG_SVLAN_C2SCFG5_CTRL0		REGISTER	0x0d0f	3343	9116
B	RTL8367B_SVLAN_C2SCFG5_CTRL0_OFFSET		OFFSET_SHIFT	0	0	9117
B	RTL8367B_SVLAN_C2SCFG5_CTRL0_MASK		MASK	0x3F	63	9118
B	RTL8367B_REG_SVLAN_C2SCFG5_CTRL1		REGISTER	0x0d10	3344	9120
B	RTL8367B_SVLAN_C2SCFG5_CTRL1_OFFSET		OFFSET_SHIFT	0	0	9121
B	RTL8367B_SVLAN_C2SCFG5_CTRL1_MASK		MASK	0xFF	255	9122
B	RTL8367B_REG_SVLAN_C2SCFG5_CTRL2		REGISTER	0x0d11	3345	9124
B	RTL8367B_SVLAN_C2SCFG5_CTRL2_OFFSET		OFFSET_SHIFT	0	0	9125
B	RTL8367B_SVLAN_C2SCFG5_CTRL2_MASK		MASK	0x1FFF	8191	9126
B	RTL8367B_REG_SVLAN_C2SCFG6_CTRL0		REGISTER	0x0d12	3346	9128
B	RTL8367B_SVLAN_C2SCFG6_CTRL0_OFFSET		OFFSET_SHIFT	0	0	9129
B	RTL8367B_SVLAN_C2SCFG6_CTRL0_MASK		MASK	0x3F	63	9130
B	RTL8367B_REG_SVLAN_C2SCFG6_CTRL1		REGISTER	0x0d13	3347	9132
B	RTL8367B_SVLAN_C2SCFG6_CTRL1_OFFSET		OFFSET_SHIFT	0	0	9133
B	RTL8367B_SVLAN_C2SCFG6_CTRL1_MASK		MASK	0xFF	255	9134
B	RTL8367B_REG_SVLAN_C2SCFG6_CTRL2		REGISTER	0x0d14	3348	9136
B	RTL8367B_SVLAN_C2SCFG6_CTRL2_OFFSET		OFFSET_SHIFT	0	0	9137
B	RTL8367B_SVLAN_C2SCFG6_CTRL2_MASK		MASK	0x1FFF	8191	9138
B	RTL8367B_REG_SVLAN_C2SCFG7_CTRL0		REGISTER	0x0d15	3349	9140
B	RTL8367B_SVLAN_C2SCFG7_CTRL0_OFFSET		OFFSET_SHIFT	0	0	9141
B	RTL8367B_SVLAN_C2SCFG7_CTRL0_MASK		MASK	0x3F	63	9142
B	RTL8367B_REG_SVLAN_C2SCFG7_CTRL1		REGISTER	0x0d16	3350	9144
B	RTL8367B_SVLAN_C2SCFG7_CTRL1_OFFSET		OFFSET_SHIFT	0	0	9145
B	RTL8367B_SVLAN_C2SCFG7_CTRL1_MASK		MASK	0xFF	255	9146
B	RTL8367B_REG_SVLAN_C2SCFG7_CTRL2		REGISTER	0x0d17	3351	9148
B	RTL8367B_SVLAN_C2SCFG7_CTRL2_OFFSET		OFFSET_SHIFT	0	0	9149
B	RTL8367B_SVLAN_C2SCFG7_CTRL2_MASK		MASK	0x1FFF	8191	9150
B	RTL8367B_REG_SVLAN_C2SCFG8_CTRL0		REGISTER	0x0d18	3352	9152
B	RTL8367B_SVLAN_C2SCFG8_CTRL0_OFFSET		OFFSET_SHIFT	0	0	9153
B	RTL8367B_SVLAN_C2SCFG8_CTRL0_MASK		MASK	0x3F	63	9154
B	RTL8367B_REG_SVLAN_C2SCFG8_CTRL1		REGISTER	0x0d19	3353	9156
B	RTL8367B_SVLAN_C2SCFG8_CTRL1_OFFSET		OFFSET_SHIFT	0	0	9157
B	RTL8367B_SVLAN_C2SCFG8_CTRL1_MASK		MASK	0xFF	255	9158
B	RTL8367B_REG_SVLAN_C2SCFG8_CTRL2		REGISTER	0x0d1a	3354	9160
B	RTL8367B_SVLAN_C2SCFG8_CTRL2_OFFSET		OFFSET_SHIFT	0	0	9161
B	RTL8367B_SVLAN_C2SCFG8_CTRL2_MASK		MASK	0x1FFF	8191	9162
B	RTL8367B_REG_SVLAN_C2SCFG9_CTRL0		REGISTER	0x0d1b	3355	9164
B	RTL8367B_SVLAN_C2SCFG9_CTRL0_OFFSET		OFFSET_SHIFT	0	0	9165
B	RTL8367B_SVLAN_C2SCFG9_CTRL0_MASK		MASK	0x3F	63	9166
B	RTL8367B_REG_SVLAN_C2SCFG9_CTRL1		REGISTER	0x0d1c	3356	9168
B	RTL8367B_SVLAN_C2SCFG9_CTRL1_OFFSET		OFFSET_SHIFT	0	0	9169
B	RTL8367B_SVLAN_C2SCFG9_CTRL1_MASK		MASK	0xFF	255	9170
B	RTL8367B_REG_SVLAN_C2SCFG9_CTRL2		REGISTER	0x0d1d	3357	9172
B	RTL8367B_SVLAN_C2SCFG9_CTRL2_OFFSET		OFFSET_SHIFT	0	0	9173
B	RTL8367B_SVLAN_C2SCFG9_CTRL2_MASK		MASK	0x1FFF	8191	9174
B	RTL8367B_REG_SVLAN_C2SCFG10_CTRL0		REGISTER	0x0d1e	3358	9176
B	RTL8367B_SVLAN_C2SCFG10_CTRL0_OFFSET		OFFSET_SHIFT	0	0	9177
B	RTL8367B_SVLAN_C2SCFG10_CTRL0_MASK		MASK	0x3F	63	9178
B	RTL8367B_REG_SVLAN_C2SCFG10_CTRL1		REGISTER	0x0d1f	3359	9180
B	RTL8367B_SVLAN_C2SCFG10_CTRL1_OFFSET		OFFSET_SHIFT	0	0	9181
B	RTL8367B_SVLAN_C2SCFG10_CTRL1_MASK		MASK	0xFF	255	9182
B	RTL8367B_REG_SVLAN_C2SCFG10_CTRL2		REGISTER	0x0d20	3360	9184
B	RTL8367B_SVLAN_C2SCFG10_CTRL2_OFFSET		OFFSET_SHIFT	0	0	9185
B	RTL8367B_SVLAN_C2SCFG10_CTRL2_MASK		MASK	0x1FFF	8191	9186
B	RTL8367B_REG_SVLAN_C2SCFG11_CTRL0		REGISTER	0x0d21	3361	9188
B	RTL8367B_SVLAN_C2SCFG11_CTRL0_OFFSET		OFFSET_SHIFT	0	0	9189
B	RTL8367B_SVLAN_C2SCFG11_CTRL0_MASK		MASK	0x3F	63	9190
B	RTL8367B_REG_SVLAN_C2SCFG11_CTRL1		REGISTER	0x0d22	3362	9192
B	RTL8367B_SVLAN_C2SCFG11_CTRL1_OFFSET		OFFSET_SHIFT	0	0	9193
B	RTL8367B_SVLAN_C2SCFG11_CTRL1_MASK		MASK	0xFF	255	9194
B	RTL8367B_REG_SVLAN_C2SCFG11_CTRL2		REGISTER	0x0d23	3363	9196
B	RTL8367B_SVLAN_C2SCFG11_CTRL2_OFFSET		OFFSET_SHIFT	0	0	9197
B	RTL8367B_SVLAN_C2SCFG11_CTRL2_MASK		MASK	0x1FFF	8191	9198
B	RTL8367B_REG_SVLAN_C2SCFG12_CTRL0		REGISTER	0x0d24	3364	9200
B	RTL8367B_SVLAN_C2SCFG12_CTRL0_OFFSET		OFFSET_SHIFT	0	0	9201
B	RTL8367B_SVLAN_C2SCFG12_CTRL0_MASK		MASK	0x3F	63	9202
B	RTL8367B_REG_SVLAN_C2SCFG12_CTRL1		REGISTER	0x0d25	3365	9204
B	RTL8367B_SVLAN_C2SCFG12_CTRL1_OFFSET		OFFSET_SHIFT	0	0	9205
B	RTL8367B_SVLAN_C2SCFG12_CTRL1_MASK		MASK	0xFF	255	9206
B	RTL8367B_REG_SVLAN_C2SCFG12_CTRL2		REGISTER	0x0d26	3366	9208
B	RTL8367B_SVLAN_C2SCFG12_CTRL2_OFFSET		OFFSET_SHIFT	0	0	9209
B	RTL8367B_SVLAN_C2SCFG12_CTRL2_MASK		MASK	0x1FFF	8191	9210
B	RTL8367B_REG_SVLAN_C2SCFG13_CTRL0		REGISTER	0x0d27	3367	9212
B	RTL8367B_SVLAN_C2SCFG13_CTRL0_OFFSET		OFFSET_SHIFT	0	0	9213
B	RTL8367B_SVLAN_C2SCFG13_CTRL0_MASK		MASK	0x3F	63	9214
B	RTL8367B_REG_SVLAN_C2SCFG13_CTRL1		REGISTER	0x0d28	3368	9216
B	RTL8367B_SVLAN_C2SCFG13_CTRL1_OFFSET		OFFSET_SHIFT	0	0	9217
B	RTL8367B_SVLAN_C2SCFG13_CTRL1_MASK		MASK	0xFF	255	9218
B	RTL8367B_REG_SVLAN_C2SCFG13_CTRL2		REGISTER	0x0d29	3369	9220
B	RTL8367B_SVLAN_C2SCFG13_CTRL2_OFFSET		OFFSET_SHIFT	0	0	9221
B	RTL8367B_SVLAN_C2SCFG13_CTRL2_MASK		MASK	0x1FFF	8191	9222
B	RTL8367B_REG_SVLAN_C2SCFG14_CTRL0		REGISTER	0x0d2a	3370	9224
B	RTL8367B_SVLAN_C2SCFG14_CTRL0_OFFSET		OFFSET_SHIFT	0	0	9225
B	RTL8367B_SVLAN_C2SCFG14_CTRL0_MASK		MASK	0x3F	63	9226
B	RTL8367B_REG_SVLAN_C2SCFG14_CTRL1		REGISTER	0x0d2b	3371	9228
B	RTL8367B_SVLAN_C2SCFG14_CTRL1_OFFSET		OFFSET_SHIFT	0	0	9229
B	RTL8367B_SVLAN_C2SCFG14_CTRL1_MASK		MASK	0xFF	255	9230
B	RTL8367B_REG_SVLAN_C2SCFG14_CTRL2		REGISTER	0x0d2c	3372	9232
B	RTL8367B_SVLAN_C2SCFG14_CTRL2_OFFSET		OFFSET_SHIFT	0	0	9233
B	RTL8367B_SVLAN_C2SCFG14_CTRL2_MASK		MASK	0x1FFF	8191	9234
B	RTL8367B_REG_SVLAN_C2SCFG15_CTRL0		REGISTER	0x0d2d	3373	9236
B	RTL8367B_SVLAN_C2SCFG15_CTRL0_OFFSET		OFFSET_SHIFT	0	0	9237
B	RTL8367B_SVLAN_C2SCFG15_CTRL0_MASK		MASK	0x3F	63	9238
B	RTL8367B_REG_SVLAN_C2SCFG15_CTRL1		REGISTER	0x0d2e	3374	9240
B	RTL8367B_SVLAN_C2SCFG15_CTRL1_OFFSET		OFFSET_SHIFT	0	0	9241
B	RTL8367B_SVLAN_C2SCFG15_CTRL1_MASK		MASK	0xFF	255	9242
B	RTL8367B_REG_SVLAN_C2SCFG15_CTRL2		REGISTER	0x0d2f	3375	9244
B	RTL8367B_SVLAN_C2SCFG15_CTRL2_OFFSET		OFFSET_SHIFT	0	0	9245
B	RTL8367B_SVLAN_C2SCFG15_CTRL2_MASK		MASK	0x1FFF	8191	9246
B	RTL8367B_REG_SVLAN_C2SCFG16_CTRL0		REGISTER	0x0d30	3376	9248
B	RTL8367B_SVLAN_C2SCFG16_CTRL0_OFFSET		OFFSET_SHIFT	0	0	9249
B	RTL8367B_SVLAN_C2SCFG16_CTRL0_MASK		MASK	0x3F	63	9250
B	RTL8367B_REG_SVLAN_C2SCFG16_CTRL1		REGISTER	0x0d31	3377	9252
B	RTL8367B_SVLAN_C2SCFG16_CTRL1_OFFSET		OFFSET_SHIFT	0	0	9253
B	RTL8367B_SVLAN_C2SCFG16_CTRL1_MASK		MASK	0xFF	255	9254
B	RTL8367B_REG_SVLAN_C2SCFG16_CTRL2		REGISTER	0x0d32	3378	9256
B	RTL8367B_SVLAN_C2SCFG16_CTRL2_OFFSET		OFFSET_SHIFT	0	0	9257
B	RTL8367B_SVLAN_C2SCFG16_CTRL2_MASK		MASK	0x1FFF	8191	9258
B	RTL8367B_REG_SVLAN_C2SCFG17_CTRL0		REGISTER	0x0d33	3379	9260
B	RTL8367B_SVLAN_C2SCFG17_CTRL0_OFFSET		OFFSET_SHIFT	0	0	9261
B	RTL8367B_SVLAN_C2SCFG17_CTRL0_MASK		MASK	0x3F	63	9262
B	RTL8367B_REG_SVLAN_C2SCFG17_CTRL1		REGISTER	0x0d34	3380	9264
B	RTL8367B_SVLAN_C2SCFG17_CTRL1_OFFSET		OFFSET_SHIFT	0	0	9265
B	RTL8367B_SVLAN_C2SCFG17_CTRL1_MASK		MASK	0xFF	255	9266
B	RTL8367B_REG_SVLAN_C2SCFG17_CTRL2		REGISTER	0x0d35	3381	9268
B	RTL8367B_SVLAN_C2SCFG17_CTRL2_OFFSET		OFFSET_SHIFT	0	0	9269
B	RTL8367B_SVLAN_C2SCFG17_CTRL2_MASK		MASK	0x1FFF	8191	9270
B	RTL8367B_REG_SVLAN_C2SCFG18_CTRL0		REGISTER	0x0d36	3382	9272
B	RTL8367B_SVLAN_C2SCFG18_CTRL0_OFFSET		OFFSET_SHIFT	0	0	9273
B	RTL8367B_SVLAN_C2SCFG18_CTRL0_MASK		MASK	0x3F	63	9274
B	RTL8367B_REG_SVLAN_C2SCFG18_CTRL1		REGISTER	0x0d37	3383	9276
B	RTL8367B_SVLAN_C2SCFG18_CTRL1_OFFSET		OFFSET_SHIFT	0	0	9277
B	RTL8367B_SVLAN_C2SCFG18_CTRL1_MASK		MASK	0xFF	255	9278
B	RTL8367B_REG_SVLAN_C2SCFG18_CTRL2		REGISTER	0x0d38	3384	9280
B	RTL8367B_SVLAN_C2SCFG18_CTRL2_OFFSET		OFFSET_SHIFT	0	0	9281
B	RTL8367B_SVLAN_C2SCFG18_CTRL2_MASK		MASK	0x1FFF	8191	9282
B	RTL8367B_REG_SVLAN_C2SCFG19_CTRL0		REGISTER	0x0d39	3385	9284
B	RTL8367B_SVLAN_C2SCFG19_CTRL0_OFFSET		OFFSET_SHIFT	0	0	9285
B	RTL8367B_SVLAN_C2SCFG19_CTRL0_MASK		MASK	0x3F	63	9286
B	RTL8367B_REG_SVLAN_C2SCFG19_CTRL1		REGISTER	0x0d3a	3386	9288
B	RTL8367B_SVLAN_C2SCFG19_CTRL1_OFFSET		OFFSET_SHIFT	0	0	9289
B	RTL8367B_SVLAN_C2SCFG19_CTRL1_MASK		MASK	0xFF	255	9290
B	RTL8367B_REG_SVLAN_C2SCFG19_CTRL2		REGISTER	0x0d3b	3387	9292
B	RTL8367B_SVLAN_C2SCFG19_CTRL2_OFFSET		OFFSET_SHIFT	0	0	9293
B	RTL8367B_SVLAN_C2SCFG19_CTRL2_MASK		MASK	0x1FFF	8191	9294
B	RTL8367B_REG_SVLAN_C2SCFG20_CTRL0		REGISTER	0x0d3c	3388	9296
B	RTL8367B_SVLAN_C2SCFG20_CTRL0_OFFSET		OFFSET_SHIFT	0	0	9297
B	RTL8367B_SVLAN_C2SCFG20_CTRL0_MASK		MASK	0x3F	63	9298
B	RTL8367B_REG_SVLAN_C2SCFG20_CTRL1		REGISTER	0x0d3d	3389	9300
B	RTL8367B_SVLAN_C2SCFG20_CTRL1_OFFSET		OFFSET_SHIFT	0	0	9301
B	RTL8367B_SVLAN_C2SCFG20_CTRL1_MASK		MASK	0xFF	255	9302
B	RTL8367B_REG_SVLAN_C2SCFG20_CTRL2		REGISTER	0x0d3e	3390	9304
B	RTL8367B_SVLAN_C2SCFG20_CTRL2_OFFSET		OFFSET_SHIFT	0	0	9305
B	RTL8367B_SVLAN_C2SCFG20_CTRL2_MASK		MASK	0x1FFF	8191	9306
B	RTL8367B_REG_SVLAN_C2SCFG21_CTRL0		REGISTER	0x0d3f	3391	9308
B	RTL8367B_SVLAN_C2SCFG21_CTRL0_OFFSET		OFFSET_SHIFT	0	0	9309
B	RTL8367B_SVLAN_C2SCFG21_CTRL0_MASK		MASK	0x3F	63	9310
B	RTL8367B_REG_SVLAN_C2SCFG21_CTRL1		REGISTER	0x0d40	3392	9312
B	RTL8367B_SVLAN_C2SCFG21_CTRL1_OFFSET		OFFSET_SHIFT	0	0	9313
B	RTL8367B_SVLAN_C2SCFG21_CTRL1_MASK		MASK	0xFF	255	9314
B	RTL8367B_REG_SVLAN_C2SCFG21_CTRL2		REGISTER	0x0d41	3393	9316
B	RTL8367B_SVLAN_C2SCFG21_CTRL2_OFFSET		OFFSET_SHIFT	0	0	9317
B	RTL8367B_SVLAN_C2SCFG21_CTRL2_MASK		MASK	0x1FFF	8191	9318
B	RTL8367B_REG_SVLAN_C2SCFG22_CTRL0		REGISTER	0x0d42	3394	9320
B	RTL8367B_SVLAN_C2SCFG22_CTRL0_OFFSET		OFFSET_SHIFT	0	0	9321
B	RTL8367B_SVLAN_C2SCFG22_CTRL0_MASK		MASK	0x3F	63	9322
B	RTL8367B_REG_SVLAN_C2SCFG22_CTRL1		REGISTER	0x0d43	3395	9324
B	RTL8367B_SVLAN_C2SCFG22_CTRL1_OFFSET		OFFSET_SHIFT	0	0	9325
B	RTL8367B_SVLAN_C2SCFG22_CTRL1_MASK		MASK	0xFF	255	9326
B	RTL8367B_REG_SVLAN_C2SCFG22_CTRL2		REGISTER	0x0d44	3396	9328
B	RTL8367B_SVLAN_C2SCFG22_CTRL2_OFFSET		OFFSET_SHIFT	0	0	9329
B	RTL8367B_SVLAN_C2SCFG22_CTRL2_MASK		MASK	0x1FFF	8191	9330
B	RTL8367B_REG_SVLAN_C2SCFG23_CTRL0		REGISTER	0x0d45	3397	9332
B	RTL8367B_SVLAN_C2SCFG23_CTRL0_OFFSET		OFFSET_SHIFT	0	0	9333
B	RTL8367B_SVLAN_C2SCFG23_CTRL0_MASK		MASK	0x3F	63	9334
B	RTL8367B_REG_SVLAN_C2SCFG23_CTRL1		REGISTER	0x0d46	3398	9336
B	RTL8367B_SVLAN_C2SCFG23_CTRL1_OFFSET		OFFSET_SHIFT	0	0	9337
B	RTL8367B_SVLAN_C2SCFG23_CTRL1_MASK		MASK	0xFF	255	9338
B	RTL8367B_REG_SVLAN_C2SCFG23_CTRL2		REGISTER	0x0d47	3399	9340
B	RTL8367B_SVLAN_C2SCFG23_CTRL2_OFFSET		OFFSET_SHIFT	0	0	9341
B	RTL8367B_SVLAN_C2SCFG23_CTRL2_MASK		MASK	0x1FFF	8191	9342
B	RTL8367B_REG_SVLAN_C2SCFG24_CTRL0		REGISTER	0x0d48	3400	9344
B	RTL8367B_SVLAN_C2SCFG24_CTRL0_OFFSET		OFFSET_SHIFT	0	0	9345
B	RTL8367B_SVLAN_C2SCFG24_CTRL0_MASK		MASK	0x3F	63	9346
B	RTL8367B_REG_SVLAN_C2SCFG24_CTRL1		REGISTER	0x0d49	3401	9348
B	RTL8367B_SVLAN_C2SCFG24_CTRL1_OFFSET		OFFSET_SHIFT	0	0	9349
B	RTL8367B_SVLAN_C2SCFG24_CTRL1_MASK		MASK	0xFF	255	9350
B	RTL8367B_REG_SVLAN_C2SCFG24_CTRL2		REGISTER	0x0d4a	3402	9352
B	RTL8367B_SVLAN_C2SCFG24_CTRL2_OFFSET		OFFSET_SHIFT	0	0	9353
B	RTL8367B_SVLAN_C2SCFG24_CTRL2_MASK		MASK	0x1FFF	8191	9354
B	RTL8367B_REG_SVLAN_C2SCFG25_CTRL0		REGISTER	0x0d4b	3403	9356
B	RTL8367B_SVLAN_C2SCFG25_CTRL0_OFFSET		OFFSET_SHIFT	0	0	9357
B	RTL8367B_SVLAN_C2SCFG25_CTRL0_MASK		MASK	0x3F	63	9358
B	RTL8367B_REG_SVLAN_C2SCFG25_CTRL1		REGISTER	0x0d4c	3404	9360
B	RTL8367B_SVLAN_C2SCFG25_CTRL1_OFFSET		OFFSET_SHIFT	0	0	9361
B	RTL8367B_SVLAN_C2SCFG25_CTRL1_MASK		MASK	0xFF	255	9362
B	RTL8367B_REG_SVLAN_C2SCFG25_CTRL2		REGISTER	0x0d4d	3405	9364
B	RTL8367B_SVLAN_C2SCFG25_CTRL2_OFFSET		OFFSET_SHIFT	0	0	9365
B	RTL8367B_SVLAN_C2SCFG25_CTRL2_MASK		MASK	0x1FFF	8191	9366
B	RTL8367B_REG_SVLAN_C2SCFG26_CTRL0		REGISTER	0x0d4e	3406	9368
B	RTL8367B_SVLAN_C2SCFG26_CTRL0_OFFSET		OFFSET_SHIFT	0	0	9369
B	RTL8367B_SVLAN_C2SCFG26_CTRL0_MASK		MASK	0x3F	63	9370
B	RTL8367B_REG_SVLAN_C2SCFG26_CTRL1		REGISTER	0x0d4f	3407	9372
B	RTL8367B_SVLAN_C2SCFG26_CTRL1_OFFSET		OFFSET_SHIFT	0	0	9373
B	RTL8367B_SVLAN_C2SCFG26_CTRL1_MASK		MASK	0xFF	255	9374
B	RTL8367B_REG_SVLAN_C2SCFG26_CTRL2		REGISTER	0x0d50	3408	9376
B	RTL8367B_SVLAN_C2SCFG26_CTRL2_OFFSET		OFFSET_SHIFT	0	0	9377
B	RTL8367B_SVLAN_C2SCFG26_CTRL2_MASK		MASK	0x1FFF	8191	9378
B	RTL8367B_REG_SVLAN_C2SCFG27_CTRL0		REGISTER	0x0d51	3409	9380
B	RTL8367B_SVLAN_C2SCFG27_CTRL0_OFFSET		OFFSET_SHIFT	0	0	9381
B	RTL8367B_SVLAN_C2SCFG27_CTRL0_MASK		MASK	0x3F	63	9382
B	RTL8367B_REG_SVLAN_C2SCFG27_CTRL1		REGISTER	0x0d52	3410	9384
B	RTL8367B_SVLAN_C2SCFG27_CTRL1_OFFSET		OFFSET_SHIFT	0	0	9385
B	RTL8367B_SVLAN_C2SCFG27_CTRL1_MASK		MASK	0xFF	255	9386
B	RTL8367B_REG_SVLAN_C2SCFG27_CTRL2		REGISTER	0x0d53	3411	9388
B	RTL8367B_SVLAN_C2SCFG27_CTRL2_OFFSET		OFFSET_SHIFT	0	0	9389
B	RTL8367B_SVLAN_C2SCFG27_CTRL2_MASK		MASK	0x1FFF	8191	9390
B	RTL8367B_REG_SVLAN_C2SCFG28_CTRL0		REGISTER	0x0d54	3412	9392
B	RTL8367B_SVLAN_C2SCFG28_CTRL0_OFFSET		OFFSET_SHIFT	0	0	9393
B	RTL8367B_SVLAN_C2SCFG28_CTRL0_MASK		MASK	0x3F	63	9394
B	RTL8367B_REG_SVLAN_C2SCFG28_CTRL1		REGISTER	0x0d55	3413	9396
B	RTL8367B_SVLAN_C2SCFG28_CTRL1_OFFSET		OFFSET_SHIFT	0	0	9397
B	RTL8367B_SVLAN_C2SCFG28_CTRL1_MASK		MASK	0xFF	255	9398
B	RTL8367B_REG_SVLAN_C2SCFG28_CTRL2		REGISTER	0x0d56	3414	9400
B	RTL8367B_SVLAN_C2SCFG28_CTRL2_OFFSET		OFFSET_SHIFT	0	0	9401
B	RTL8367B_SVLAN_C2SCFG28_CTRL2_MASK		MASK	0x1FFF	8191	9402
B	RTL8367B_REG_SVLAN_C2SCFG29_CTRL0		REGISTER	0x0d57	3415	9404
B	RTL8367B_SVLAN_C2SCFG29_CTRL0_OFFSET		OFFSET_SHIFT	0	0	9405
B	RTL8367B_SVLAN_C2SCFG29_CTRL0_MASK		MASK	0x3F	63	9406
B	RTL8367B_REG_SVLAN_C2SCFG29_CTRL1		REGISTER	0x0d58	3416	9408
B	RTL8367B_SVLAN_C2SCFG29_CTRL1_OFFSET		OFFSET_SHIFT	0	0	9409
B	RTL8367B_SVLAN_C2SCFG29_CTRL1_MASK		MASK	0xFF	255	9410
B	RTL8367B_REG_SVLAN_C2SCFG29_CTRL2		REGISTER	0x0d59	3417	9412
B	RTL8367B_SVLAN_C2SCFG29_CTRL2_OFFSET		OFFSET_SHIFT	0	0	9413
B	RTL8367B_SVLAN_C2SCFG29_CTRL2_MASK		MASK	0x1FFF	8191	9414
B	RTL8367B_REG_SVLAN_C2SCFG30_CTRL0		REGISTER	0x0d5a	3418	9416
B	RTL8367B_SVLAN_C2SCFG30_CTRL0_OFFSET		OFFSET_SHIFT	0	0	9417
B	RTL8367B_SVLAN_C2SCFG30_CTRL0_MASK		MASK	0x3F	63	9418
B	RTL8367B_REG_SVLAN_C2SCFG30_CTRL1		REGISTER	0x0d5b	3419	9420
B	RTL8367B_SVLAN_C2SCFG30_CTRL1_OFFSET		OFFSET_SHIFT	0	0	9421
B	RTL8367B_SVLAN_C2SCFG30_CTRL1_MASK		MASK	0xFF	255	9422
B	RTL8367B_REG_SVLAN_C2SCFG30_CTRL2		REGISTER	0x0d5c	3420	9424
B	RTL8367B_SVLAN_C2SCFG30_CTRL2_OFFSET		OFFSET_SHIFT	0	0	9425
B	RTL8367B_SVLAN_C2SCFG30_CTRL2_MASK		MASK	0x1FFF	8191	9426
B	RTL8367B_REG_SVLAN_C2SCFG31_CTRL0		REGISTER	0x0d5d	3421	9428
B	RTL8367B_SVLAN_C2SCFG31_CTRL0_OFFSET		OFFSET_SHIFT	0	0	9429
B	RTL8367B_SVLAN_C2SCFG31_CTRL0_MASK		MASK	0x3F	63	9430
B	RTL8367B_REG_SVLAN_C2SCFG31_CTRL1		REGISTER	0x0d5e	3422	9432
B	RTL8367B_SVLAN_C2SCFG31_CTRL1_OFFSET		OFFSET_SHIFT	0	0	9433
B	RTL8367B_SVLAN_C2SCFG31_CTRL1_MASK		MASK	0xFF	255	9434
B	RTL8367B_REG_SVLAN_C2SCFG31_CTRL2		REGISTER	0x0d5f	3423	9436
B	RTL8367B_SVLAN_C2SCFG31_CTRL2_OFFSET		OFFSET_SHIFT	0	0	9437
B	RTL8367B_SVLAN_C2SCFG31_CTRL2_MASK		MASK	0x1FFF	8191	9438
B	RTL8367B_REG_SVLAN_C2SCFG32_CTRL0		REGISTER	0x0d60	3424	9440
B	RTL8367B_SVLAN_C2SCFG32_CTRL0_OFFSET		OFFSET_SHIFT	0	0	9441
B	RTL8367B_SVLAN_C2SCFG32_CTRL0_MASK		MASK	0x3F	63	9442
B	RTL8367B_REG_SVLAN_C2SCFG32_CTRL1		REGISTER	0x0d61	3425	9444
B	RTL8367B_SVLAN_C2SCFG32_CTRL1_OFFSET		OFFSET_SHIFT	0	0	9445
B	RTL8367B_SVLAN_C2SCFG32_CTRL1_MASK		MASK	0xFF	255	9446
B	RTL8367B_REG_SVLAN_C2SCFG32_CTRL2		REGISTER	0x0d62	3426	9448
B	RTL8367B_SVLAN_C2SCFG32_CTRL2_OFFSET		OFFSET_SHIFT	0	0	9449
B	RTL8367B_SVLAN_C2SCFG32_CTRL2_MASK		MASK	0x1FFF	8191	9450
B	RTL8367B_REG_SVLAN_C2SCFG33_CTRL0		REGISTER	0x0d63	3427	9452
B	RTL8367B_SVLAN_C2SCFG33_CTRL0_OFFSET		OFFSET_SHIFT	0	0	9453
B	RTL8367B_SVLAN_C2SCFG33_CTRL0_MASK		MASK	0x3F	63	9454
B	RTL8367B_REG_SVLAN_C2SCFG33_CTRL1		REGISTER	0x0d64	3428	9456
B	RTL8367B_SVLAN_C2SCFG33_CTRL1_OFFSET		OFFSET_SHIFT	0	0	9457
B	RTL8367B_SVLAN_C2SCFG33_CTRL1_MASK		MASK	0xFF	255	9458
B	RTL8367B_REG_SVLAN_C2SCFG33_CTRL2		REGISTER	0x0d65	3429	9460
B	RTL8367B_SVLAN_C2SCFG33_CTRL2_OFFSET		OFFSET_SHIFT	0	0	9461
B	RTL8367B_SVLAN_C2SCFG33_CTRL2_MASK		MASK	0x1FFF	8191	9462
B	RTL8367B_REG_SVLAN_C2SCFG34_CTRL0		REGISTER	0x0d66	3430	9464
B	RTL8367B_SVLAN_C2SCFG34_CTRL0_OFFSET		OFFSET_SHIFT	0	0	9465
B	RTL8367B_SVLAN_C2SCFG34_CTRL0_MASK		MASK	0x3F	63	9466
B	RTL8367B_REG_SVLAN_C2SCFG34_CTRL1		REGISTER	0x0d67	3431	9468
B	RTL8367B_SVLAN_C2SCFG34_CTRL1_OFFSET		OFFSET_SHIFT	0	0	9469
B	RTL8367B_SVLAN_C2SCFG34_CTRL1_MASK		MASK	0xFF	255	9470
B	RTL8367B_REG_SVLAN_C2SCFG34_CTRL2		REGISTER	0x0d68	3432	9472
B	RTL8367B_SVLAN_C2SCFG34_CTRL2_OFFSET		OFFSET_SHIFT	0	0	9473
B	RTL8367B_SVLAN_C2SCFG34_CTRL2_MASK		MASK	0x1FFF	8191	9474
B	RTL8367B_REG_SVLAN_C2SCFG35_CTRL0		REGISTER	0x0d69	3433	9476
B	RTL8367B_SVLAN_C2SCFG35_CTRL0_OFFSET		OFFSET_SHIFT	0	0	9477
B	RTL8367B_SVLAN_C2SCFG35_CTRL0_MASK		MASK	0x3F	63	9478
B	RTL8367B_REG_SVLAN_C2SCFG35_CTRL1		REGISTER	0x0d6a	3434	9480
B	RTL8367B_SVLAN_C2SCFG35_CTRL1_OFFSET		OFFSET_SHIFT	0	0	9481
B	RTL8367B_SVLAN_C2SCFG35_CTRL1_MASK		MASK	0xFF	255	9482
B	RTL8367B_REG_SVLAN_C2SCFG35_CTRL2		REGISTER	0x0d6b	3435	9484
B	RTL8367B_SVLAN_C2SCFG35_CTRL2_OFFSET		OFFSET_SHIFT	0	0	9485
B	RTL8367B_SVLAN_C2SCFG35_CTRL2_MASK		MASK	0x1FFF	8191	9486
B	RTL8367B_REG_SVLAN_C2SCFG36_CTRL0		REGISTER	0x0d6c	3436	9488
B	RTL8367B_SVLAN_C2SCFG36_CTRL0_OFFSET		OFFSET_SHIFT	0	0	9489
B	RTL8367B_SVLAN_C2SCFG36_CTRL0_MASK		MASK	0x3F	63	9490
B	RTL8367B_REG_SVLAN_C2SCFG36_CTRL1		REGISTER	0x0d6d	3437	9492
B	RTL8367B_SVLAN_C2SCFG36_CTRL1_OFFSET		OFFSET_SHIFT	0	0	9493
B	RTL8367B_SVLAN_C2SCFG36_CTRL1_MASK		MASK	0xFF	255	9494
B	RTL8367B_REG_SVLAN_C2SCFG36_CTRL2		REGISTER	0x0d6e	3438	9496
B	RTL8367B_SVLAN_C2SCFG36_CTRL2_OFFSET		OFFSET_SHIFT	0	0	9497
B	RTL8367B_SVLAN_C2SCFG36_CTRL2_MASK		MASK	0x1FFF	8191	9498
B	RTL8367B_REG_SVLAN_C2SCFG37_CTRL0		REGISTER	0x0d6f	3439	9500
B	RTL8367B_SVLAN_C2SCFG37_CTRL0_OFFSET		OFFSET_SHIFT	0	0	9501
B	RTL8367B_SVLAN_C2SCFG37_CTRL0_MASK		MASK	0x3F	63	9502
B	RTL8367B_REG_SVLAN_C2SCFG37_CTRL1		REGISTER	0x0d70	3440	9504
B	RTL8367B_SVLAN_C2SCFG37_CTRL1_OFFSET		OFFSET_SHIFT	0	0	9505
B	RTL8367B_SVLAN_C2SCFG37_CTRL1_MASK		MASK	0xFF	255	9506
B	RTL8367B_REG_SVLAN_C2SCFG37_CTRL2		REGISTER	0x0d71	3441	9508
B	RTL8367B_SVLAN_C2SCFG37_CTRL2_OFFSET		OFFSET_SHIFT	0	0	9509
B	RTL8367B_SVLAN_C2SCFG37_CTRL2_MASK		MASK	0x1FFF	8191	9510
B	RTL8367B_REG_SVLAN_C2SCFG38_CTRL0		REGISTER	0x0d72	3442	9512
B	RTL8367B_SVLAN_C2SCFG38_CTRL0_OFFSET		OFFSET_SHIFT	0	0	9513
B	RTL8367B_SVLAN_C2SCFG38_CTRL0_MASK		MASK	0x3F	63	9514
B	RTL8367B_REG_SVLAN_C2SCFG38_CTRL1		REGISTER	0x0d73	3443	9516
B	RTL8367B_SVLAN_C2SCFG38_CTRL1_OFFSET		OFFSET_SHIFT	0	0	9517
B	RTL8367B_SVLAN_C2SCFG38_CTRL1_MASK		MASK	0xFF	255	9518
B	RTL8367B_REG_SVLAN_C2SCFG38_CTRL2		REGISTER	0x0d74	3444	9520
B	RTL8367B_SVLAN_C2SCFG38_CTRL2_OFFSET		OFFSET_SHIFT	0	0	9521
B	RTL8367B_SVLAN_C2SCFG38_CTRL2_MASK		MASK	0x1FFF	8191	9522
B	RTL8367B_REG_SVLAN_C2SCFG39_CTRL0		REGISTER	0x0d75	3445	9524
B	RTL8367B_SVLAN_C2SCFG39_CTRL0_OFFSET		OFFSET_SHIFT	0	0	9525
B	RTL8367B_SVLAN_C2SCFG39_CTRL0_MASK		MASK	0x3F	63	9526
B	RTL8367B_REG_SVLAN_C2SCFG39_CTRL1		REGISTER	0x0d76	3446	9528
B	RTL8367B_SVLAN_C2SCFG39_CTRL1_OFFSET		OFFSET_SHIFT	0	0	9529
B	RTL8367B_SVLAN_C2SCFG39_CTRL1_MASK		MASK	0xFF	255	9530
B	RTL8367B_REG_SVLAN_C2SCFG39_CTRL2		REGISTER	0x0d77	3447	9532
B	RTL8367B_SVLAN_C2SCFG39_CTRL2_OFFSET		OFFSET_SHIFT	0	0	9533
B	RTL8367B_SVLAN_C2SCFG39_CTRL2_MASK		MASK	0x1FFF	8191	9534
B	RTL8367B_REG_SVLAN_C2SCFG40_CTRL0		REGISTER	0x0d78	3448	9536
B	RTL8367B_SVLAN_C2SCFG40_CTRL0_OFFSET		OFFSET_SHIFT	0	0	9537
B	RTL8367B_SVLAN_C2SCFG40_CTRL0_MASK		MASK	0x3F	63	9538
B	RTL8367B_REG_SVLAN_C2SCFG40_CTRL1		REGISTER	0x0d79	3449	9540
B	RTL8367B_SVLAN_C2SCFG40_CTRL1_OFFSET		OFFSET_SHIFT	0	0	9541
B	RTL8367B_SVLAN_C2SCFG40_CTRL1_MASK		MASK	0xFF	255	9542
B	RTL8367B_REG_SVLAN_C2SCFG40_CTRL2		REGISTER	0x0d7a	3450	9544
B	RTL8367B_SVLAN_C2SCFG40_CTRL2_OFFSET		OFFSET_SHIFT	0	0	9545
B	RTL8367B_SVLAN_C2SCFG40_CTRL2_MASK		MASK	0x1FFF	8191	9546
B	RTL8367B_REG_SVLAN_C2SCFG41_CTRL0		REGISTER	0x0d7b	3451	9548
B	RTL8367B_SVLAN_C2SCFG41_CTRL0_OFFSET		OFFSET_SHIFT	0	0	9549
B	RTL8367B_SVLAN_C2SCFG41_CTRL0_MASK		MASK	0x3F	63	9550
B	RTL8367B_REG_SVLAN_C2SCFG41_CTRL1		REGISTER	0x0d7c	3452	9552
B	RTL8367B_SVLAN_C2SCFG41_CTRL1_OFFSET		OFFSET_SHIFT	0	0	9553
B	RTL8367B_SVLAN_C2SCFG41_CTRL1_MASK		MASK	0xFF	255	9554
B	RTL8367B_REG_SVLAN_C2SCFG41_CTRL2		REGISTER	0x0d7d	3453	9556
B	RTL8367B_SVLAN_C2SCFG41_CTRL2_OFFSET		OFFSET_SHIFT	0	0	9557
B	RTL8367B_SVLAN_C2SCFG41_CTRL2_MASK		MASK	0x1FFF	8191	9558
B	RTL8367B_REG_SVLAN_C2SCFG42_CTRL0		REGISTER	0x0d7e	3454	9560
B	RTL8367B_SVLAN_C2SCFG42_CTRL0_OFFSET		OFFSET_SHIFT	0	0	9561
B	RTL8367B_SVLAN_C2SCFG42_CTRL0_MASK		MASK	0x3F	63	9562
B	RTL8367B_REG_SVLAN_C2SCFG42_CTRL1		REGISTER	0x0d7f	3455	9564
B	RTL8367B_SVLAN_C2SCFG42_CTRL1_OFFSET		OFFSET_SHIFT	0	0	9565
B	RTL8367B_SVLAN_C2SCFG42_CTRL1_MASK		MASK	0xFF	255	9566
B	RTL8367B_REG_SVLAN_C2SCFG42_CTRL2		REGISTER	0x0d80	3456	9568
B	RTL8367B_SVLAN_C2SCFG42_CTRL2_OFFSET		OFFSET_SHIFT	0	0	9569
B	RTL8367B_SVLAN_C2SCFG42_CTRL2_MASK		MASK	0x1FFF	8191	9570
B	RTL8367B_REG_SVLAN_C2SCFG43_CTRL0		REGISTER	0x0d81	3457	9572
B	RTL8367B_SVLAN_C2SCFG43_CTRL0_OFFSET		OFFSET_SHIFT	0	0	9573
B	RTL8367B_SVLAN_C2SCFG43_CTRL0_MASK		MASK	0x3F	63	9574
B	RTL8367B_REG_SVLAN_C2SCFG43_CTRL1		REGISTER	0x0d82	3458	9576
B	RTL8367B_SVLAN_C2SCFG43_CTRL1_OFFSET		OFFSET_SHIFT	0	0	9577
B	RTL8367B_SVLAN_C2SCFG43_CTRL1_MASK		MASK	0xFF	255	9578
B	RTL8367B_REG_SVLAN_C2SCFG43_CTRL2		REGISTER	0x0d83	3459	9580
B	RTL8367B_SVLAN_C2SCFG43_CTRL2_OFFSET		OFFSET_SHIFT	0	0	9581
B	RTL8367B_SVLAN_C2SCFG43_CTRL2_MASK		MASK	0x1FFF	8191	9582
B	RTL8367B_REG_SVLAN_C2SCFG44_CTRL0		REGISTER	0x0d84	3460	9584
B	RTL8367B_SVLAN_C2SCFG44_CTRL0_OFFSET		OFFSET_SHIFT	0	0	9585
B	RTL8367B_SVLAN_C2SCFG44_CTRL0_MASK		MASK	0x3F	63	9586
B	RTL8367B_REG_SVLAN_C2SCFG44_CTRL1		REGISTER	0x0d85	3461	9588
B	RTL8367B_SVLAN_C2SCFG44_CTRL1_OFFSET		OFFSET_SHIFT	0	0	9589
B	RTL8367B_SVLAN_C2SCFG44_CTRL1_MASK		MASK	0xFF	255	9590
B	RTL8367B_REG_SVLAN_C2SCFG44_CTRL2		REGISTER	0x0d86	3462	9592
B	RTL8367B_SVLAN_C2SCFG44_CTRL2_OFFSET		OFFSET_SHIFT	0	0	9593
B	RTL8367B_SVLAN_C2SCFG44_CTRL2_MASK		MASK	0x1FFF	8191	9594
B	RTL8367B_REG_SVLAN_C2SCFG45_CTRL0		REGISTER	0x0d87	3463	9596
B	RTL8367B_SVLAN_C2SCFG45_CTRL0_OFFSET		OFFSET_SHIFT	0	0	9597
B	RTL8367B_SVLAN_C2SCFG45_CTRL0_MASK		MASK	0x3F	63	9598
B	RTL8367B_REG_SVLAN_C2SCFG45_CTRL1		REGISTER	0x0d88	3464	9600
B	RTL8367B_SVLAN_C2SCFG45_CTRL1_OFFSET		OFFSET_SHIFT	0	0	9601
B	RTL8367B_SVLAN_C2SCFG45_CTRL1_MASK		MASK	0xFF	255	9602
B	RTL8367B_REG_SVLAN_C2SCFG45_CTRL2		REGISTER	0x0d89	3465	9604
B	RTL8367B_SVLAN_C2SCFG45_CTRL2_OFFSET		OFFSET_SHIFT	0	0	9605
B	RTL8367B_SVLAN_C2SCFG45_CTRL2_MASK		MASK	0x1FFF	8191	9606
B	RTL8367B_REG_SVLAN_C2SCFG46_CTRL0		REGISTER	0x0d8a	3466	9608
B	RTL8367B_SVLAN_C2SCFG46_CTRL0_OFFSET		OFFSET_SHIFT	0	0	9609
B	RTL8367B_SVLAN_C2SCFG46_CTRL0_MASK		MASK	0x3F	63	9610
B	RTL8367B_REG_SVLAN_C2SCFG46_CTRL1		REGISTER	0x0d8b	3467	9612
B	RTL8367B_SVLAN_C2SCFG46_CTRL1_OFFSET		OFFSET_SHIFT	0	0	9613
B	RTL8367B_SVLAN_C2SCFG46_CTRL1_MASK		MASK	0xFF	255	9614
B	RTL8367B_REG_SVLAN_C2SCFG46_CTRL2		REGISTER	0x0d8c	3468	9616
B	RTL8367B_SVLAN_C2SCFG46_CTRL2_OFFSET		OFFSET_SHIFT	0	0	9617
B	RTL8367B_SVLAN_C2SCFG46_CTRL2_MASK		MASK	0x1FFF	8191	9618
B	RTL8367B_REG_SVLAN_C2SCFG47_CTRL0		REGISTER	0x0d8d	3469	9620
B	RTL8367B_SVLAN_C2SCFG47_CTRL0_OFFSET		OFFSET_SHIFT	0	0	9621
B	RTL8367B_SVLAN_C2SCFG47_CTRL0_MASK		MASK	0x3F	63	9622
B	RTL8367B_REG_SVLAN_C2SCFG47_CTRL1		REGISTER	0x0d8e	3470	9624
B	RTL8367B_SVLAN_C2SCFG47_CTRL1_OFFSET		OFFSET_SHIFT	0	0	9625
B	RTL8367B_SVLAN_C2SCFG47_CTRL1_MASK		MASK	0xFF	255	9626
B	RTL8367B_REG_SVLAN_C2SCFG47_CTRL2		REGISTER	0x0d8f	3471	9628
B	RTL8367B_SVLAN_C2SCFG47_CTRL2_OFFSET		OFFSET_SHIFT	0	0	9629
B	RTL8367B_SVLAN_C2SCFG47_CTRL2_MASK		MASK	0x1FFF	8191	9630
B	RTL8367B_REG_SVLAN_C2SCFG48_CTRL0		REGISTER	0x0d90	3472	9632
B	RTL8367B_SVLAN_C2SCFG48_CTRL0_OFFSET		OFFSET_SHIFT	0	0	9633
B	RTL8367B_SVLAN_C2SCFG48_CTRL0_MASK		MASK	0x3F	63	9634
B	RTL8367B_REG_SVLAN_C2SCFG48_CTRL1		REGISTER	0x0d91	3473	9636
B	RTL8367B_SVLAN_C2SCFG48_CTRL1_OFFSET		OFFSET_SHIFT	0	0	9637
B	RTL8367B_SVLAN_C2SCFG48_CTRL1_MASK		MASK	0xFF	255	9638
B	RTL8367B_REG_SVLAN_C2SCFG48_CTRL2		REGISTER	0x0d92	3474	9640
B	RTL8367B_SVLAN_C2SCFG48_CTRL2_OFFSET		OFFSET_SHIFT	0	0	9641
B	RTL8367B_SVLAN_C2SCFG48_CTRL2_MASK		MASK	0x1FFF	8191	9642
B	RTL8367B_REG_SVLAN_C2SCFG49_CTRL0		REGISTER	0x0d93	3475	9644
B	RTL8367B_SVLAN_C2SCFG49_CTRL0_OFFSET		OFFSET_SHIFT	0	0	9645
B	RTL8367B_SVLAN_C2SCFG49_CTRL0_MASK		MASK	0x3F	63	9646
B	RTL8367B_REG_SVLAN_C2SCFG49_CTRL1		REGISTER	0x0d94	3476	9648
B	RTL8367B_SVLAN_C2SCFG49_CTRL1_OFFSET		OFFSET_SHIFT	0	0	9649
B	RTL8367B_SVLAN_C2SCFG49_CTRL1_MASK		MASK	0xFF	255	9650
B	RTL8367B_REG_SVLAN_C2SCFG49_CTRL2		REGISTER	0x0d95	3477	9652
B	RTL8367B_SVLAN_C2SCFG49_CTRL2_OFFSET		OFFSET_SHIFT	0	0	9653
B	RTL8367B_SVLAN_C2SCFG49_CTRL2_MASK		MASK	0x1FFF	8191	9654
B	RTL8367B_REG_SVLAN_C2SCFG50_CTRL0		REGISTER	0x0d96	3478	9656
B	RTL8367B_SVLAN_C2SCFG50_CTRL0_OFFSET		OFFSET_SHIFT	0	0	9657
B	RTL8367B_SVLAN_C2SCFG50_CTRL0_MASK		MASK	0x3F	63	9658
B	RTL8367B_REG_SVLAN_C2SCFG50_CTRL1		REGISTER	0x0d97	3479	9660
B	RTL8367B_SVLAN_C2SCFG50_CTRL1_OFFSET		OFFSET_SHIFT	0	0	9661
B	RTL8367B_SVLAN_C2SCFG50_CTRL1_MASK		MASK	0xFF	255	9662
B	RTL8367B_REG_SVLAN_C2SCFG50_CTRL2		REGISTER	0x0d98	3480	9664
B	RTL8367B_SVLAN_C2SCFG50_CTRL2_OFFSET		OFFSET_SHIFT	0	0	9665
B	RTL8367B_SVLAN_C2SCFG50_CTRL2_MASK		MASK	0x1FFF	8191	9666
B	RTL8367B_REG_SVLAN_C2SCFG51_CTRL0		REGISTER	0x0d99	3481	9668
B	RTL8367B_SVLAN_C2SCFG51_CTRL0_OFFSET		OFFSET_SHIFT	0	0	9669
B	RTL8367B_SVLAN_C2SCFG51_CTRL0_MASK		MASK	0x3F	63	9670
B	RTL8367B_REG_SVLAN_C2SCFG51_CTRL1		REGISTER	0x0d9a	3482	9672
B	RTL8367B_SVLAN_C2SCFG51_CTRL1_OFFSET		OFFSET_SHIFT	0	0	9673
B	RTL8367B_SVLAN_C2SCFG51_CTRL1_MASK		MASK	0xFF	255	9674
B	RTL8367B_REG_SVLAN_C2SCFG51_CTRL2		REGISTER	0x0d9b	3483	9676
B	RTL8367B_SVLAN_C2SCFG51_CTRL2_OFFSET		OFFSET_SHIFT	0	0	9677
B	RTL8367B_SVLAN_C2SCFG51_CTRL2_MASK		MASK	0x1FFF	8191	9678
B	RTL8367B_REG_SVLAN_C2SCFG52_CTRL0		REGISTER	0x0d9c	3484	9680
B	RTL8367B_SVLAN_C2SCFG52_CTRL0_OFFSET		OFFSET_SHIFT	0	0	9681
B	RTL8367B_SVLAN_C2SCFG52_CTRL0_MASK		MASK	0x3F	63	9682
B	RTL8367B_REG_SVLAN_C2SCFG52_CTRL1		REGISTER	0x0d9d	3485	9684
B	RTL8367B_SVLAN_C2SCFG52_CTRL1_OFFSET		OFFSET_SHIFT	0	0	9685
B	RTL8367B_SVLAN_C2SCFG52_CTRL1_MASK		MASK	0xFF	255	9686
B	RTL8367B_REG_SVLAN_C2SCFG52_CTRL2		REGISTER	0x0d9e	3486	9688
B	RTL8367B_SVLAN_C2SCFG52_CTRL2_OFFSET		OFFSET_SHIFT	0	0	9689
B	RTL8367B_SVLAN_C2SCFG52_CTRL2_MASK		MASK	0x1FFF	8191	9690
B	RTL8367B_REG_SVLAN_C2SCFG53_CTRL0		REGISTER	0x0d9f	3487	9692
B	RTL8367B_SVLAN_C2SCFG53_CTRL0_OFFSET		OFFSET_SHIFT	0	0	9693
B	RTL8367B_SVLAN_C2SCFG53_CTRL0_MASK		MASK	0x3F	63	9694
B	RTL8367B_REG_SVLAN_C2SCFG53_CTRL1		REGISTER	0x0da0	3488	9696
B	RTL8367B_SVLAN_C2SCFG53_CTRL1_OFFSET		OFFSET_SHIFT	0	0	9697
B	RTL8367B_SVLAN_C2SCFG53_CTRL1_MASK		MASK	0xFF	255	9698
B	RTL8367B_REG_SVLAN_C2SCFG53_CTRL2		REGISTER	0x0da1	3489	9700
B	RTL8367B_SVLAN_C2SCFG53_CTRL2_OFFSET		OFFSET_SHIFT	0	0	9701
B	RTL8367B_SVLAN_C2SCFG53_CTRL2_MASK		MASK	0x1FFF	8191	9702
B	RTL8367B_REG_SVLAN_C2SCFG54_CTRL0		REGISTER	0x0da2	3490	9704
B	RTL8367B_SVLAN_C2SCFG54_CTRL0_OFFSET		OFFSET_SHIFT	0	0	9705
B	RTL8367B_SVLAN_C2SCFG54_CTRL0_MASK		MASK	0x3F	63	9706
B	RTL8367B_REG_SVLAN_C2SCFG54_CTRL1		REGISTER	0x0da3	3491	9708
B	RTL8367B_SVLAN_C2SCFG54_CTRL1_OFFSET		OFFSET_SHIFT	0	0	9709
B	RTL8367B_SVLAN_C2SCFG54_CTRL1_MASK		MASK	0xFF	255	9710
B	RTL8367B_REG_SVLAN_C2SCFG54_CTRL2		REGISTER	0x0da4	3492	9712
B	RTL8367B_SVLAN_C2SCFG54_CTRL2_OFFSET		OFFSET_SHIFT	0	0	9713
B	RTL8367B_SVLAN_C2SCFG54_CTRL2_MASK		MASK	0x1FFF	8191	9714
B	RTL8367B_REG_SVLAN_C2SCFG55_CTRL0		REGISTER	0x0da5	3493	9716
B	RTL8367B_SVLAN_C2SCFG55_CTRL0_OFFSET		OFFSET_SHIFT	0	0	9717
B	RTL8367B_SVLAN_C2SCFG55_CTRL0_MASK		MASK	0x3F	63	9718
B	RTL8367B_REG_SVLAN_C2SCFG55_CTRL1		REGISTER	0x0da6	3494	9720
B	RTL8367B_SVLAN_C2SCFG55_CTRL1_OFFSET		OFFSET_SHIFT	0	0	9721
B	RTL8367B_SVLAN_C2SCFG55_CTRL1_MASK		MASK	0xFF	255	9722
B	RTL8367B_REG_SVLAN_C2SCFG55_CTRL2		REGISTER	0x0da7	3495	9724
B	RTL8367B_SVLAN_C2SCFG55_CTRL2_OFFSET		OFFSET_SHIFT	0	0	9725
B	RTL8367B_SVLAN_C2SCFG55_CTRL2_MASK		MASK	0x1FFF	8191	9726
B	RTL8367B_REG_SVLAN_C2SCFG56_CTRL0		REGISTER	0x0da8	3496	9728
B	RTL8367B_SVLAN_C2SCFG56_CTRL0_OFFSET		OFFSET_SHIFT	0	0	9729
B	RTL8367B_SVLAN_C2SCFG56_CTRL0_MASK		MASK	0x3F	63	9730
B	RTL8367B_REG_SVLAN_C2SCFG56_CTRL1		REGISTER	0x0da9	3497	9732
B	RTL8367B_SVLAN_C2SCFG56_CTRL1_OFFSET		OFFSET_SHIFT	0	0	9733
B	RTL8367B_SVLAN_C2SCFG56_CTRL1_MASK		MASK	0xFF	255	9734
B	RTL8367B_REG_SVLAN_C2SCFG56_CTRL2		REGISTER	0x0daa	3498	9736
B	RTL8367B_SVLAN_C2SCFG56_CTRL2_OFFSET		OFFSET_SHIFT	0	0	9737
B	RTL8367B_SVLAN_C2SCFG56_CTRL2_MASK		MASK	0x1FFF	8191	9738
B	RTL8367B_REG_SVLAN_C2SCFG57_CTRL0		REGISTER	0x0dab	3499	9740
B	RTL8367B_SVLAN_C2SCFG57_CTRL0_OFFSET		OFFSET_SHIFT	0	0	9741
B	RTL8367B_SVLAN_C2SCFG57_CTRL0_MASK		MASK	0x3F	63	9742
B	RTL8367B_REG_SVLAN_C2SCFG57_CTRL1		REGISTER	0x0dac	3500	9744
B	RTL8367B_SVLAN_C2SCFG57_CTRL1_OFFSET		OFFSET_SHIFT	0	0	9745
B	RTL8367B_SVLAN_C2SCFG57_CTRL1_MASK		MASK	0xFF	255	9746
B	RTL8367B_REG_SVLAN_C2SCFG57_CTRL2		REGISTER	0x0dad	3501	9748
B	RTL8367B_SVLAN_C2SCFG57_CTRL2_OFFSET		OFFSET_SHIFT	0	0	9749
B	RTL8367B_SVLAN_C2SCFG57_CTRL2_MASK		MASK	0x1FFF	8191	9750
B	RTL8367B_REG_SVLAN_C2SCFG58_CTRL0		REGISTER	0x0dae	3502	9752
B	RTL8367B_SVLAN_C2SCFG58_CTRL0_OFFSET		OFFSET_SHIFT	0	0	9753
B	RTL8367B_SVLAN_C2SCFG58_CTRL0_MASK		MASK	0x3F	63	9754
B	RTL8367B_REG_SVLAN_C2SCFG58_CTRL1		REGISTER	0x0daf	3503	9756
B	RTL8367B_SVLAN_C2SCFG58_CTRL1_OFFSET		OFFSET_SHIFT	0	0	9757
B	RTL8367B_SVLAN_C2SCFG58_CTRL1_MASK		MASK	0xFF	255	9758
B	RTL8367B_REG_SVLAN_C2SCFG58_CTRL2		REGISTER	0x0db0	3504	9760
B	RTL8367B_SVLAN_C2SCFG58_CTRL2_OFFSET		OFFSET_SHIFT	0	0	9761
B	RTL8367B_SVLAN_C2SCFG58_CTRL2_MASK		MASK	0x1FFF	8191	9762
B	RTL8367B_REG_SVLAN_C2SCFG59_CTRL0		REGISTER	0x0db1	3505	9764
B	RTL8367B_SVLAN_C2SCFG59_CTRL0_OFFSET		OFFSET_SHIFT	0	0	9765
B	RTL8367B_SVLAN_C2SCFG59_CTRL0_MASK		MASK	0x3F	63	9766
B	RTL8367B_REG_SVLAN_C2SCFG59_CTRL1		REGISTER	0x0db2	3506	9768
B	RTL8367B_SVLAN_C2SCFG59_CTRL1_OFFSET		OFFSET_SHIFT	0	0	9769
B	RTL8367B_SVLAN_C2SCFG59_CTRL1_MASK		MASK	0xFF	255	9770
B	RTL8367B_REG_SVLAN_C2SCFG59_CTRL2		REGISTER	0x0db3	3507	9772
B	RTL8367B_SVLAN_C2SCFG59_CTRL2_OFFSET		OFFSET_SHIFT	0	0	9773
B	RTL8367B_SVLAN_C2SCFG59_CTRL2_MASK		MASK	0x1FFF	8191	9774
B	RTL8367B_REG_SVLAN_C2SCFG60_CTRL0		REGISTER	0x0db4	3508	9776
B	RTL8367B_SVLAN_C2SCFG60_CTRL0_OFFSET		OFFSET_SHIFT	0	0	9777
B	RTL8367B_SVLAN_C2SCFG60_CTRL0_MASK		MASK	0x3F	63	9778
B	RTL8367B_REG_SVLAN_C2SCFG60_CTRL1		REGISTER	0x0db5	3509	9780
B	RTL8367B_SVLAN_C2SCFG60_CTRL1_OFFSET		OFFSET_SHIFT	0	0	9781
B	RTL8367B_SVLAN_C2SCFG60_CTRL1_MASK		MASK	0xFF	255	9782
B	RTL8367B_REG_SVLAN_C2SCFG60_CTRL2		REGISTER	0x0db6	3510	9784
B	RTL8367B_SVLAN_C2SCFG60_CTRL2_OFFSET		OFFSET_SHIFT	0	0	9785
B	RTL8367B_SVLAN_C2SCFG60_CTRL2_MASK		MASK	0x1FFF	8191	9786
B	RTL8367B_REG_SVLAN_C2SCFG61_CTRL0		REGISTER	0x0db7	3511	9788
B	RTL8367B_SVLAN_C2SCFG61_CTRL0_OFFSET		OFFSET_SHIFT	0	0	9789
B	RTL8367B_SVLAN_C2SCFG61_CTRL0_MASK		MASK	0x3F	63	9790
B	RTL8367B_REG_SVLAN_C2SCFG61_CTRL1		REGISTER	0x0db8	3512	9792
B	RTL8367B_SVLAN_C2SCFG61_CTRL1_OFFSET		OFFSET_SHIFT	0	0	9793
B	RTL8367B_SVLAN_C2SCFG61_CTRL1_MASK		MASK	0xFF	255	9794
B	RTL8367B_REG_SVLAN_C2SCFG61_CTRL2		REGISTER	0x0db9	3513	9796
B	RTL8367B_SVLAN_C2SCFG61_CTRL2_OFFSET		OFFSET_SHIFT	0	0	9797
B	RTL8367B_SVLAN_C2SCFG61_CTRL2_MASK		MASK	0x1FFF	8191	9798
B	RTL8367B_REG_SVLAN_C2SCFG62_CTRL0		REGISTER	0x0dba	3514	9800
B	RTL8367B_SVLAN_C2SCFG62_CTRL0_OFFSET		OFFSET_SHIFT	0	0	9801
B	RTL8367B_SVLAN_C2SCFG62_CTRL0_MASK		MASK	0x3F	63	9802
B	RTL8367B_REG_SVLAN_C2SCFG62_CTRL1		REGISTER	0x0dbb	3515	9804
B	RTL8367B_SVLAN_C2SCFG62_CTRL1_OFFSET		OFFSET_SHIFT	0	0	9805
B	RTL8367B_SVLAN_C2SCFG62_CTRL1_MASK		MASK	0xFF	255	9806
B	RTL8367B_REG_SVLAN_C2SCFG62_CTRL2		REGISTER	0x0dbc	3516	9808
B	RTL8367B_SVLAN_C2SCFG62_CTRL2_OFFSET		OFFSET_SHIFT	0	0	9809
B	RTL8367B_SVLAN_C2SCFG62_CTRL2_MASK		MASK	0x1FFF	8191	9810
B	RTL8367B_REG_SVLAN_C2SCFG63_CTRL0		REGISTER	0x0dbd	3517	9812
B	RTL8367B_SVLAN_C2SCFG63_CTRL0_OFFSET		OFFSET_SHIFT	0	0	9813
B	RTL8367B_SVLAN_C2SCFG63_CTRL0_MASK		MASK	0x3F	63	9814
B	RTL8367B_REG_SVLAN_C2SCFG63_CTRL1		REGISTER	0x0dbe	3518	9816
B	RTL8367B_SVLAN_C2SCFG63_CTRL1_OFFSET		OFFSET_SHIFT	0	0	9817
B	RTL8367B_SVLAN_C2SCFG63_CTRL1_MASK		MASK	0xFF	255	9818
B	RTL8367B_REG_SVLAN_C2SCFG63_CTRL2		REGISTER	0x0dbf	3519	9820
B	RTL8367B_SVLAN_C2SCFG63_CTRL2_OFFSET		OFFSET_SHIFT	0	0	9821
B	RTL8367B_SVLAN_C2SCFG63_CTRL2_MASK		MASK	0x1FFF	8191	9822
B	RTL8367B_REG_SVLAN_C2SCFG64_CTRL0		REGISTER	0x0dc0	3520	9824
B	RTL8367B_SVLAN_C2SCFG64_CTRL0_OFFSET		OFFSET_SHIFT	0	0	9825
B	RTL8367B_SVLAN_C2SCFG64_CTRL0_MASK		MASK	0x3F	63	9826
B	RTL8367B_REG_SVLAN_C2SCFG64_CTRL1		REGISTER	0x0dc1	3521	9828
B	RTL8367B_SVLAN_C2SCFG64_CTRL1_OFFSET		OFFSET_SHIFT	0	0	9829
B	RTL8367B_SVLAN_C2SCFG64_CTRL1_MASK		MASK	0xFF	255	9830
B	RTL8367B_REG_SVLAN_C2SCFG64_CTRL2		REGISTER	0x0dc2	3522	9832
B	RTL8367B_SVLAN_C2SCFG64_CTRL2_OFFSET		OFFSET_SHIFT	0	0	9833
B	RTL8367B_SVLAN_C2SCFG64_CTRL2_MASK		MASK	0x1FFF	8191	9834
B	RTL8367B_REG_SVLAN_C2SCFG65_CTRL0		REGISTER	0x0dc3	3523	9836
B	RTL8367B_SVLAN_C2SCFG65_CTRL0_OFFSET		OFFSET_SHIFT	0	0	9837
B	RTL8367B_SVLAN_C2SCFG65_CTRL0_MASK		MASK	0x3F	63	9838
B	RTL8367B_REG_SVLAN_C2SCFG65_CTRL1		REGISTER	0x0dc4	3524	9840
B	RTL8367B_SVLAN_C2SCFG65_CTRL1_OFFSET		OFFSET_SHIFT	0	0	9841
B	RTL8367B_SVLAN_C2SCFG65_CTRL1_MASK		MASK	0xFF	255	9842
B	RTL8367B_REG_SVLAN_C2SCFG65_CTRL2		REGISTER	0x0dc5	3525	9844
B	RTL8367B_SVLAN_C2SCFG65_CTRL2_OFFSET		OFFSET_SHIFT	0	0	9845
B	RTL8367B_SVLAN_C2SCFG65_CTRL2_MASK		MASK	0x1FFF	8191	9846
B	RTL8367B_REG_SVLAN_C2SCFG66_CTRL0		REGISTER	0x0dc6	3526	9848
B	RTL8367B_SVLAN_C2SCFG66_CTRL0_OFFSET		OFFSET_SHIFT	0	0	9849
B	RTL8367B_SVLAN_C2SCFG66_CTRL0_MASK		MASK	0x3F	63	9850
B	RTL8367B_REG_SVLAN_C2SCFG66_CTRL1		REGISTER	0x0dc7	3527	9852
B	RTL8367B_SVLAN_C2SCFG66_CTRL1_OFFSET		OFFSET_SHIFT	0	0	9853
B	RTL8367B_SVLAN_C2SCFG66_CTRL1_MASK		MASK	0xFF	255	9854
B	RTL8367B_REG_SVLAN_C2SCFG66_CTRL2		REGISTER	0x0dc8	3528	9856
B	RTL8367B_SVLAN_C2SCFG66_CTRL2_OFFSET		OFFSET_SHIFT	0	0	9857
B	RTL8367B_SVLAN_C2SCFG66_CTRL2_MASK		MASK	0x1FFF	8191	9858
B	RTL8367B_REG_SVLAN_C2SCFG67_CTRL0		REGISTER	0x0dc9	3529	9860
B	RTL8367B_SVLAN_C2SCFG67_CTRL0_OFFSET		OFFSET_SHIFT	0	0	9861
B	RTL8367B_SVLAN_C2SCFG67_CTRL0_MASK		MASK	0x3F	63	9862
B	RTL8367B_REG_SVLAN_C2SCFG67_CTRL1		REGISTER	0x0dca	3530	9864
B	RTL8367B_SVLAN_C2SCFG67_CTRL1_OFFSET		OFFSET_SHIFT	0	0	9865
B	RTL8367B_SVLAN_C2SCFG67_CTRL1_MASK		MASK	0xFF	255	9866
B	RTL8367B_REG_SVLAN_C2SCFG67_CTRL2		REGISTER	0x0dcb	3531	9868
B	RTL8367B_SVLAN_C2SCFG67_CTRL2_OFFSET		OFFSET_SHIFT	0	0	9869
B	RTL8367B_SVLAN_C2SCFG67_CTRL2_MASK		MASK	0x1FFF	8191	9870
B	RTL8367B_REG_SVLAN_C2SCFG68_CTRL0		REGISTER	0x0dcc	3532	9872
B	RTL8367B_SVLAN_C2SCFG68_CTRL0_OFFSET		OFFSET_SHIFT	0	0	9873
B	RTL8367B_SVLAN_C2SCFG68_CTRL0_MASK		MASK	0x3F	63	9874
B	RTL8367B_REG_SVLAN_C2SCFG68_CTRL1		REGISTER	0x0dcd	3533	9876
B	RTL8367B_SVLAN_C2SCFG68_CTRL1_OFFSET		OFFSET_SHIFT	0	0	9877
B	RTL8367B_SVLAN_C2SCFG68_CTRL1_MASK		MASK	0xFF	255	9878
B	RTL8367B_REG_SVLAN_C2SCFG68_CTRL2		REGISTER	0x0dce	3534	9880
B	RTL8367B_SVLAN_C2SCFG68_CTRL2_OFFSET		OFFSET_SHIFT	0	0	9881
B	RTL8367B_SVLAN_C2SCFG68_CTRL2_MASK		MASK	0x1FFF	8191	9882
B	RTL8367B_REG_SVLAN_C2SCFG69_CTRL0		REGISTER	0x0dcf	3535	9884
B	RTL8367B_SVLAN_C2SCFG69_CTRL0_OFFSET		OFFSET_SHIFT	0	0	9885
B	RTL8367B_SVLAN_C2SCFG69_CTRL0_MASK		MASK	0x3F	63	9886
B	RTL8367B_REG_SVLAN_C2SCFG69_CTRL1		REGISTER	0x0dd0	3536	9888
B	RTL8367B_SVLAN_C2SCFG69_CTRL1_OFFSET		OFFSET_SHIFT	0	0	9889
B	RTL8367B_SVLAN_C2SCFG69_CTRL1_MASK		MASK	0xFF	255	9890
B	RTL8367B_REG_SVLAN_C2SCFG69_CTRL2		REGISTER	0x0dd1	3537	9892
B	RTL8367B_SVLAN_C2SCFG69_CTRL2_OFFSET		OFFSET_SHIFT	0	0	9893
B	RTL8367B_SVLAN_C2SCFG69_CTRL2_MASK		MASK	0x1FFF	8191	9894
B	RTL8367B_REG_SVLAN_C2SCFG70_CTRL0		REGISTER	0x0dd2	3538	9896
B	RTL8367B_SVLAN_C2SCFG70_CTRL0_OFFSET		OFFSET_SHIFT	0	0	9897
B	RTL8367B_SVLAN_C2SCFG70_CTRL0_MASK		MASK	0x3F	63	9898
B	RTL8367B_REG_SVLAN_C2SCFG70_CTRL1		REGISTER	0x0dd3	3539	9900
B	RTL8367B_SVLAN_C2SCFG70_CTRL1_OFFSET		OFFSET_SHIFT	0	0	9901
B	RTL8367B_SVLAN_C2SCFG70_CTRL1_MASK		MASK	0xFF	255	9902
B	RTL8367B_REG_SVLAN_C2SCFG70_CTRL2		REGISTER	0x0dd4	3540	9904
B	RTL8367B_SVLAN_C2SCFG70_CTRL2_OFFSET		OFFSET_SHIFT	0	0	9905
B	RTL8367B_SVLAN_C2SCFG70_CTRL2_MASK		MASK	0x1FFF	8191	9906
B	RTL8367B_REG_SVLAN_C2SCFG71_CTRL0		REGISTER	0x0dd5	3541	9908
B	RTL8367B_SVLAN_C2SCFG71_CTRL0_OFFSET		OFFSET_SHIFT	0	0	9909
B	RTL8367B_SVLAN_C2SCFG71_CTRL0_MASK		MASK	0x3F	63	9910
B	RTL8367B_REG_SVLAN_C2SCFG71_CTRL1		REGISTER	0x0dd6	3542	9912
B	RTL8367B_SVLAN_C2SCFG71_CTRL1_OFFSET		OFFSET_SHIFT	0	0	9913
B	RTL8367B_SVLAN_C2SCFG71_CTRL1_MASK		MASK	0xFF	255	9914
B	RTL8367B_REG_SVLAN_C2SCFG71_CTRL2		REGISTER	0x0dd7	3543	9916
B	RTL8367B_SVLAN_C2SCFG71_CTRL2_OFFSET		OFFSET_SHIFT	0	0	9917
B	RTL8367B_SVLAN_C2SCFG71_CTRL2_MASK		MASK	0x1FFF	8191	9918
B	RTL8367B_REG_SVLAN_C2SCFG72_CTRL0		REGISTER	0x0dd8	3544	9920
B	RTL8367B_SVLAN_C2SCFG72_CTRL0_OFFSET		OFFSET_SHIFT	0	0	9921
B	RTL8367B_SVLAN_C2SCFG72_CTRL0_MASK		MASK	0x3F	63	9922
B	RTL8367B_REG_SVLAN_C2SCFG72_CTRL1		REGISTER	0x0dd9	3545	9924
B	RTL8367B_SVLAN_C2SCFG72_CTRL1_OFFSET		OFFSET_SHIFT	0	0	9925
B	RTL8367B_SVLAN_C2SCFG72_CTRL1_MASK		MASK	0xFF	255	9926
B	RTL8367B_REG_SVLAN_C2SCFG72_CTRL2		REGISTER	0x0dda	3546	9928
B	RTL8367B_SVLAN_C2SCFG72_CTRL2_OFFSET		OFFSET_SHIFT	0	0	9929
B	RTL8367B_SVLAN_C2SCFG72_CTRL2_MASK		MASK	0x1FFF	8191	9930
B	RTL8367B_REG_SVLAN_C2SCFG73_CTRL0		REGISTER	0x0ddb	3547	9932
B	RTL8367B_SVLAN_C2SCFG73_CTRL0_OFFSET		OFFSET_SHIFT	0	0	9933
B	RTL8367B_SVLAN_C2SCFG73_CTRL0_MASK		MASK	0x3F	63	9934
B	RTL8367B_REG_SVLAN_C2SCFG73_CTRL1		REGISTER	0x0ddc	3548	9936
B	RTL8367B_SVLAN_C2SCFG73_CTRL1_OFFSET		OFFSET_SHIFT	0	0	9937
B	RTL8367B_SVLAN_C2SCFG73_CTRL1_MASK		MASK	0xFF	255	9938
B	RTL8367B_REG_SVLAN_C2SCFG73_CTRL2		REGISTER	0x0ddd	3549	9940
B	RTL8367B_SVLAN_C2SCFG73_CTRL2_OFFSET		OFFSET_SHIFT	0	0	9941
B	RTL8367B_SVLAN_C2SCFG73_CTRL2_MASK		MASK	0x1FFF	8191	9942
B	RTL8367B_REG_SVLAN_C2SCFG74_CTRL0		REGISTER	0x0dde	3550	9944
B	RTL8367B_SVLAN_C2SCFG74_CTRL0_OFFSET		OFFSET_SHIFT	0	0	9945
B	RTL8367B_SVLAN_C2SCFG74_CTRL0_MASK		MASK	0x3F	63	9946
B	RTL8367B_REG_SVLAN_C2SCFG74_CTRL1		REGISTER	0x0ddf	3551	9948
B	RTL8367B_SVLAN_C2SCFG74_CTRL1_OFFSET		OFFSET_SHIFT	0	0	9949
B	RTL8367B_SVLAN_C2SCFG74_CTRL1_MASK		MASK	0xFF	255	9950
B	RTL8367B_REG_SVLAN_C2SCFG74_CTRL2		REGISTER	0x0de0	3552	9952
B	RTL8367B_SVLAN_C2SCFG74_CTRL2_OFFSET		OFFSET_SHIFT	0	0	9953
B	RTL8367B_SVLAN_C2SCFG74_CTRL2_MASK		MASK	0x1FFF	8191	9954
B	RTL8367B_REG_SVLAN_C2SCFG75_CTRL0		REGISTER	0x0de1	3553	9956
B	RTL8367B_SVLAN_C2SCFG75_CTRL0_OFFSET		OFFSET_SHIFT	0	0	9957
B	RTL8367B_SVLAN_C2SCFG75_CTRL0_MASK		MASK	0x3F	63	9958
B	RTL8367B_REG_SVLAN_C2SCFG75_CTRL1		REGISTER	0x0de2	3554	9960
B	RTL8367B_SVLAN_C2SCFG75_CTRL1_OFFSET		OFFSET_SHIFT	0	0	9961
B	RTL8367B_SVLAN_C2SCFG75_CTRL1_MASK		MASK	0xFF	255	9962
B	RTL8367B_REG_SVLAN_C2SCFG75_CTRL2		REGISTER	0x0de3	3555	9964
B	RTL8367B_SVLAN_C2SCFG75_CTRL2_OFFSET		OFFSET_SHIFT	0	0	9965
B	RTL8367B_SVLAN_C2SCFG75_CTRL2_MASK		MASK	0x1FFF	8191	9966
B	RTL8367B_REG_SVLAN_C2SCFG76_CTRL0		REGISTER	0x0de4	3556	9968
B	RTL8367B_SVLAN_C2SCFG76_CTRL0_OFFSET		OFFSET_SHIFT	0	0	9969
B	RTL8367B_SVLAN_C2SCFG76_CTRL0_MASK		MASK	0x3F	63	9970
B	RTL8367B_REG_SVLAN_C2SCFG76_CTRL1		REGISTER	0x0de5	3557	9972
B	RTL8367B_SVLAN_C2SCFG76_CTRL1_OFFSET		OFFSET_SHIFT	0	0	9973
B	RTL8367B_SVLAN_C2SCFG76_CTRL1_MASK		MASK	0xFF	255	9974
B	RTL8367B_REG_SVLAN_C2SCFG76_CTRL2		REGISTER	0x0de6	3558	9976
B	RTL8367B_SVLAN_C2SCFG76_CTRL2_OFFSET		OFFSET_SHIFT	0	0	9977
B	RTL8367B_SVLAN_C2SCFG76_CTRL2_MASK		MASK	0x1FFF	8191	9978
B	RTL8367B_REG_SVLAN_C2SCFG77_CTRL0		REGISTER	0x0de7	3559	9980
B	RTL8367B_SVLAN_C2SCFG77_CTRL0_OFFSET		OFFSET_SHIFT	0	0	9981
B	RTL8367B_SVLAN_C2SCFG77_CTRL0_MASK		MASK	0x3F	63	9982
B	RTL8367B_REG_SVLAN_C2SCFG77_CTRL1		REGISTER	0x0de8	3560	9984
B	RTL8367B_SVLAN_C2SCFG77_CTRL1_OFFSET		OFFSET_SHIFT	0	0	9985
B	RTL8367B_SVLAN_C2SCFG77_CTRL1_MASK		MASK	0xFF	255	9986
B	RTL8367B_REG_SVLAN_C2SCFG77_CTRL2		REGISTER	0x0de9	3561	9988
B	RTL8367B_SVLAN_C2SCFG77_CTRL2_OFFSET		OFFSET_SHIFT	0	0	9989
B	RTL8367B_SVLAN_C2SCFG77_CTRL2_MASK		MASK	0x1FFF	8191	9990
B	RTL8367B_REG_SVLAN_C2SCFG78_CTRL0		REGISTER	0x0dea	3562	9992
B	RTL8367B_SVLAN_C2SCFG78_CTRL0_OFFSET		OFFSET_SHIFT	0	0	9993
B	RTL8367B_SVLAN_C2SCFG78_CTRL0_MASK		MASK	0x3F	63	9994
B	RTL8367B_REG_SVLAN_C2SCFG78_CTRL1		REGISTER	0x0deb	3563	9996
B	RTL8367B_SVLAN_C2SCFG78_CTRL1_OFFSET		OFFSET_SHIFT	0	0	9997
B	RTL8367B_SVLAN_C2SCFG78_CTRL1_MASK		MASK	0xFF	255	9998
B	RTL8367B_REG_SVLAN_C2SCFG78_CTRL2		REGISTER	0x0dec	3564	10000
B	RTL8367B_SVLAN_C2SCFG78_CTRL2_OFFSET		OFFSET_SHIFT	0	0	10001
B	RTL8367B_SVLAN_C2SCFG78_CTRL2_MASK		MASK	0x1FFF	8191	10002
B	RTL8367B_REG_SVLAN_C2SCFG79_CTRL0		REGISTER	0x0ded	3565	10004
B	RTL8367B_SVLAN_C2SCFG79_CTRL0_OFFSET		OFFSET_SHIFT	0	0	10005
B	RTL8367B_SVLAN_C2SCFG79_CTRL0_MASK		MASK	0x3F	63	10006
B	RTL8367B_REG_SVLAN_C2SCFG79_CTRL1		REGISTER	0x0dee	3566	10008
B	RTL8367B_SVLAN_C2SCFG79_CTRL1_OFFSET		OFFSET_SHIFT	0	0	10009
B	RTL8367B_SVLAN_C2SCFG79_CTRL1_MASK		MASK	0xFF	255	10010
B	RTL8367B_REG_SVLAN_C2SCFG79_CTRL2		REGISTER	0x0def	3567	10012
B	RTL8367B_SVLAN_C2SCFG79_CTRL2_OFFSET		OFFSET_SHIFT	0	0	10013
B	RTL8367B_SVLAN_C2SCFG79_CTRL2_MASK		MASK	0x1FFF	8191	10014
B	RTL8367B_REG_SVLAN_C2SCFG80_CTRL0		REGISTER	0x0df0	3568	10016
B	RTL8367B_SVLAN_C2SCFG80_CTRL0_OFFSET		OFFSET_SHIFT	0	0	10017
B	RTL8367B_SVLAN_C2SCFG80_CTRL0_MASK		MASK	0x3F	63	10018
B	RTL8367B_REG_SVLAN_C2SCFG80_CTRL1		REGISTER	0x0df1	3569	10020
B	RTL8367B_SVLAN_C2SCFG80_CTRL1_OFFSET		OFFSET_SHIFT	0	0	10021
B	RTL8367B_SVLAN_C2SCFG80_CTRL1_MASK		MASK	0xFF	255	10022
B	RTL8367B_REG_SVLAN_C2SCFG80_CTRL2		REGISTER	0x0df2	3570	10024
B	RTL8367B_SVLAN_C2SCFG80_CTRL2_OFFSET		OFFSET_SHIFT	0	0	10025
B	RTL8367B_SVLAN_C2SCFG80_CTRL2_MASK		MASK	0x1FFF	8191	10026
B	RTL8367B_REG_SVLAN_C2SCFG81_CTRL0		REGISTER	0x0df3	3571	10028
B	RTL8367B_SVLAN_C2SCFG81_CTRL0_OFFSET		OFFSET_SHIFT	0	0	10029
B	RTL8367B_SVLAN_C2SCFG81_CTRL0_MASK		MASK	0x3F	63	10030
B	RTL8367B_REG_SVLAN_C2SCFG81_CTRL1		REGISTER	0x0df4	3572	10032
B	RTL8367B_SVLAN_C2SCFG81_CTRL1_OFFSET		OFFSET_SHIFT	0	0	10033
B	RTL8367B_SVLAN_C2SCFG81_CTRL1_MASK		MASK	0xFF	255	10034
B	RTL8367B_REG_SVLAN_C2SCFG81_CTRL2		REGISTER	0x0df5	3573	10036
B	RTL8367B_SVLAN_C2SCFG81_CTRL2_OFFSET		OFFSET_SHIFT	0	0	10037
B	RTL8367B_SVLAN_C2SCFG81_CTRL2_MASK		MASK	0x1FFF	8191	10038
B	RTL8367B_REG_SVLAN_C2SCFG82_CTRL0		REGISTER	0x0df6	3574	10040
B	RTL8367B_SVLAN_C2SCFG82_CTRL0_OFFSET		OFFSET_SHIFT	0	0	10041
B	RTL8367B_SVLAN_C2SCFG82_CTRL0_MASK		MASK	0x3F	63	10042
B	RTL8367B_REG_SVLAN_C2SCFG82_CTRL1		REGISTER	0x0df7	3575	10044
B	RTL8367B_SVLAN_C2SCFG82_CTRL1_OFFSET		OFFSET_SHIFT	0	0	10045
B	RTL8367B_SVLAN_C2SCFG82_CTRL1_MASK		MASK	0xFF	255	10046
B	RTL8367B_REG_SVLAN_C2SCFG82_CTRL2		REGISTER	0x0df8	3576	10048
B	RTL8367B_SVLAN_C2SCFG82_CTRL2_OFFSET		OFFSET_SHIFT	0	0	10049
B	RTL8367B_SVLAN_C2SCFG82_CTRL2_MASK		MASK	0x1FFF	8191	10050
B	RTL8367B_REG_SVLAN_C2SCFG83_CTRL0		REGISTER	0x0df9	3577	10052
B	RTL8367B_SVLAN_C2SCFG83_CTRL0_OFFSET		OFFSET_SHIFT	0	0	10053
B	RTL8367B_SVLAN_C2SCFG83_CTRL0_MASK		MASK	0x3F	63	10054
B	RTL8367B_REG_SVLAN_C2SCFG83_CTRL1		REGISTER	0x0dfa	3578	10056
B	RTL8367B_SVLAN_C2SCFG83_CTRL1_OFFSET		OFFSET_SHIFT	0	0	10057
B	RTL8367B_SVLAN_C2SCFG83_CTRL1_MASK		MASK	0xFF	255	10058
B	RTL8367B_REG_SVLAN_C2SCFG83_CTRL2		REGISTER	0x0dfb	3579	10060
B	RTL8367B_SVLAN_C2SCFG83_CTRL2_OFFSET		OFFSET_SHIFT	0	0	10061
B	RTL8367B_SVLAN_C2SCFG83_CTRL2_MASK		MASK	0x1FFF	8191	10062
B	RTL8367B_REG_SVLAN_C2SCFG84_CTRL0		REGISTER	0x0dfc	3580	10064
B	RTL8367B_SVLAN_C2SCFG84_CTRL0_OFFSET		OFFSET_SHIFT	0	0	10065
B	RTL8367B_SVLAN_C2SCFG84_CTRL0_MASK		MASK	0x3F	63	10066
B	RTL8367B_REG_SVLAN_C2SCFG84_CTRL1		REGISTER	0x0dfd	3581	10068
B	RTL8367B_SVLAN_C2SCFG84_CTRL1_OFFSET		OFFSET_SHIFT	0	0	10069
B	RTL8367B_SVLAN_C2SCFG84_CTRL1_MASK		MASK	0xFF	255	10070
B	RTL8367B_REG_SVLAN_C2SCFG84_CTRL2		REGISTER	0x0dfe	3582	10072
B	RTL8367B_SVLAN_C2SCFG84_CTRL2_OFFSET		OFFSET_SHIFT	0	0	10073
B	RTL8367B_SVLAN_C2SCFG84_CTRL2_MASK		MASK	0x1FFF	8191	10074
B	RTL8367B_REG_SVLAN_C2SCFG85_CTRL0		REGISTER	0x0dff	3583	10076
B	RTL8367B_SVLAN_C2SCFG85_CTRL0_OFFSET		OFFSET_SHIFT	0	0	10077
B	RTL8367B_SVLAN_C2SCFG85_CTRL0_MASK		MASK	0x3F	63	10078
B	RTL8367B_REG_SVLAN_C2SCFG85_CTRL1		REGISTER	0x0e00	3584	10080
B	RTL8367B_SVLAN_C2SCFG85_CTRL1_OFFSET		OFFSET_SHIFT	0	0	10081
B	RTL8367B_SVLAN_C2SCFG85_CTRL1_MASK		MASK	0xFF	255	10082
B	RTL8367B_REG_SVLAN_C2SCFG85_CTRL2		REGISTER	0x0e01	3585	10084
B	RTL8367B_SVLAN_C2SCFG85_CTRL2_OFFSET		OFFSET_SHIFT	0	0	10085
B	RTL8367B_SVLAN_C2SCFG85_CTRL2_MASK		MASK	0x1FFF	8191	10086
B	RTL8367B_REG_SVLAN_C2SCFG86_CTRL0		REGISTER	0x0e02	3586	10088
B	RTL8367B_SVLAN_C2SCFG86_CTRL0_OFFSET		OFFSET_SHIFT	0	0	10089
B	RTL8367B_SVLAN_C2SCFG86_CTRL0_MASK		MASK	0x3F	63	10090
B	RTL8367B_REG_SVLAN_C2SCFG86_CTRL1		REGISTER	0x0e03	3587	10092
B	RTL8367B_SVLAN_C2SCFG86_CTRL1_OFFSET		OFFSET_SHIFT	0	0	10093
B	RTL8367B_SVLAN_C2SCFG86_CTRL1_MASK		MASK	0xFF	255	10094
B	RTL8367B_REG_SVLAN_C2SCFG86_CTRL2		REGISTER	0x0e04	3588	10096
B	RTL8367B_SVLAN_C2SCFG86_CTRL2_OFFSET		OFFSET_SHIFT	0	0	10097
B	RTL8367B_SVLAN_C2SCFG86_CTRL2_MASK		MASK	0x1FFF	8191	10098
B	RTL8367B_REG_SVLAN_C2SCFG87_CTRL0		REGISTER	0x0e05	3589	10100
B	RTL8367B_SVLAN_C2SCFG87_CTRL0_OFFSET		OFFSET_SHIFT	0	0	10101
B	RTL8367B_SVLAN_C2SCFG87_CTRL0_MASK		MASK	0x3F	63	10102
B	RTL8367B_REG_SVLAN_C2SCFG87_CTRL1		REGISTER	0x0e06	3590	10104
B	RTL8367B_SVLAN_C2SCFG87_CTRL1_OFFSET		OFFSET_SHIFT	0	0	10105
B	RTL8367B_SVLAN_C2SCFG87_CTRL1_MASK		MASK	0xFF	255	10106
B	RTL8367B_REG_SVLAN_C2SCFG87_CTRL2		REGISTER	0x0e07	3591	10108
B	RTL8367B_SVLAN_C2SCFG87_CTRL2_OFFSET		OFFSET_SHIFT	0	0	10109
B	RTL8367B_SVLAN_C2SCFG87_CTRL2_MASK		MASK	0x1FFF	8191	10110
B	RTL8367B_REG_SVLAN_C2SCFG88_CTRL0		REGISTER	0x0e08	3592	10112
B	RTL8367B_SVLAN_C2SCFG88_CTRL0_OFFSET		OFFSET_SHIFT	0	0	10113
B	RTL8367B_SVLAN_C2SCFG88_CTRL0_MASK		MASK	0x3F	63	10114
B	RTL8367B_REG_SVLAN_C2SCFG88_CTRL1		REGISTER	0x0e09	3593	10116
B	RTL8367B_SVLAN_C2SCFG88_CTRL1_OFFSET		OFFSET_SHIFT	0	0	10117
B	RTL8367B_SVLAN_C2SCFG88_CTRL1_MASK		MASK	0xFF	255	10118
B	RTL8367B_REG_SVLAN_C2SCFG88_CTRL2		REGISTER	0x0e0a	3594	10120
B	RTL8367B_SVLAN_C2SCFG88_CTRL2_OFFSET		OFFSET_SHIFT	0	0	10121
B	RTL8367B_SVLAN_C2SCFG88_CTRL2_MASK		MASK	0x1FFF	8191	10122
B	RTL8367B_REG_SVLAN_C2SCFG89_CTRL0		REGISTER	0x0e0b	3595	10124
B	RTL8367B_SVLAN_C2SCFG89_CTRL0_OFFSET		OFFSET_SHIFT	0	0	10125
B	RTL8367B_SVLAN_C2SCFG89_CTRL0_MASK		MASK	0x3F	63	10126
B	RTL8367B_REG_SVLAN_C2SCFG89_CTRL1		REGISTER	0x0e0c	3596	10128
B	RTL8367B_SVLAN_C2SCFG89_CTRL1_OFFSET		OFFSET_SHIFT	0	0	10129
B	RTL8367B_SVLAN_C2SCFG89_CTRL1_MASK		MASK	0xFF	255	10130
B	RTL8367B_REG_SVLAN_C2SCFG89_CTRL2		REGISTER	0x0e0d	3597	10132
B	RTL8367B_SVLAN_C2SCFG89_CTRL2_OFFSET		OFFSET_SHIFT	0	0	10133
B	RTL8367B_SVLAN_C2SCFG89_CTRL2_MASK		MASK	0x1FFF	8191	10134
B	RTL8367B_REG_SVLAN_C2SCFG90_CTRL0		REGISTER	0x0e0e	3598	10136
B	RTL8367B_SVLAN_C2SCFG90_CTRL0_OFFSET		OFFSET_SHIFT	0	0	10137
B	RTL8367B_SVLAN_C2SCFG90_CTRL0_MASK		MASK	0x3F	63	10138
B	RTL8367B_REG_SVLAN_C2SCFG90_CTRL1		REGISTER	0x0e0f	3599	10140
B	RTL8367B_SVLAN_C2SCFG90_CTRL1_OFFSET		OFFSET_SHIFT	0	0	10141
B	RTL8367B_SVLAN_C2SCFG90_CTRL1_MASK		MASK	0xFF	255	10142
B	RTL8367B_REG_SVLAN_C2SCFG90_CTRL2		REGISTER	0x0e10	3600	10144
B	RTL8367B_SVLAN_C2SCFG90_CTRL2_OFFSET		OFFSET_SHIFT	0	0	10145
B	RTL8367B_SVLAN_C2SCFG90_CTRL2_MASK		MASK	0x1FFF	8191	10146
B	RTL8367B_REG_SVLAN_C2SCFG91_CTRL0		REGISTER	0x0e11	3601	10148
B	RTL8367B_SVLAN_C2SCFG91_CTRL0_OFFSET		OFFSET_SHIFT	0	0	10149
B	RTL8367B_SVLAN_C2SCFG91_CTRL0_MASK		MASK	0x3F	63	10150
B	RTL8367B_REG_SVLAN_C2SCFG91_CTRL1		REGISTER	0x0e12	3602	10152
B	RTL8367B_SVLAN_C2SCFG91_CTRL1_OFFSET		OFFSET_SHIFT	0	0	10153
B	RTL8367B_SVLAN_C2SCFG91_CTRL1_MASK		MASK	0xFF	255	10154
B	RTL8367B_REG_SVLAN_C2SCFG91_CTRL2		REGISTER	0x0e13	3603	10156
B	RTL8367B_SVLAN_C2SCFG91_CTRL2_OFFSET		OFFSET_SHIFT	0	0	10157
B	RTL8367B_SVLAN_C2SCFG91_CTRL2_MASK		MASK	0x1FFF	8191	10158
B	RTL8367B_REG_SVLAN_C2SCFG92_CTRL0		REGISTER	0x0e14	3604	10160
B	RTL8367B_SVLAN_C2SCFG92_CTRL0_OFFSET		OFFSET_SHIFT	0	0	10161
B	RTL8367B_SVLAN_C2SCFG92_CTRL0_MASK		MASK	0x3F	63	10162
B	RTL8367B_REG_SVLAN_C2SCFG92_CTRL1		REGISTER	0x0e15	3605	10164
B	RTL8367B_SVLAN_C2SCFG92_CTRL1_OFFSET		OFFSET_SHIFT	0	0	10165
B	RTL8367B_SVLAN_C2SCFG92_CTRL1_MASK		MASK	0xFF	255	10166
B	RTL8367B_REG_SVLAN_C2SCFG92_CTRL2		REGISTER	0x0e16	3606	10168
B	RTL8367B_SVLAN_C2SCFG92_CTRL2_OFFSET		OFFSET_SHIFT	0	0	10169
B	RTL8367B_SVLAN_C2SCFG92_CTRL2_MASK		MASK	0x1FFF	8191	10170
B	RTL8367B_REG_SVLAN_C2SCFG93_CTRL0		REGISTER	0x0e17	3607	10172
B	RTL8367B_SVLAN_C2SCFG93_CTRL0_OFFSET		OFFSET_SHIFT	0	0	10173
B	RTL8367B_SVLAN_C2SCFG93_CTRL0_MASK		MASK	0x3F	63	10174
B	RTL8367B_REG_SVLAN_C2SCFG93_CTRL1		REGISTER	0x0e18	3608	10176
B	RTL8367B_SVLAN_C2SCFG93_CTRL1_OFFSET		OFFSET_SHIFT	0	0	10177
B	RTL8367B_SVLAN_C2SCFG93_CTRL1_MASK		MASK	0xFF	255	10178
B	RTL8367B_REG_SVLAN_C2SCFG93_CTRL2		REGISTER	0x0e19	3609	10180
B	RTL8367B_SVLAN_C2SCFG93_CTRL2_OFFSET		OFFSET_SHIFT	0	0	10181
B	RTL8367B_SVLAN_C2SCFG93_CTRL2_MASK		MASK	0x1FFF	8191	10182
B	RTL8367B_REG_SVLAN_C2SCFG94_CTRL0		REGISTER	0x0e1a	3610	10184
B	RTL8367B_SVLAN_C2SCFG94_CTRL0_OFFSET		OFFSET_SHIFT	0	0	10185
B	RTL8367B_SVLAN_C2SCFG94_CTRL0_MASK		MASK	0x3F	63	10186
B	RTL8367B_REG_SVLAN_C2SCFG94_CTRL1		REGISTER	0x0e1b	3611	10188
B	RTL8367B_SVLAN_C2SCFG94_CTRL1_OFFSET		OFFSET_SHIFT	0	0	10189
B	RTL8367B_SVLAN_C2SCFG94_CTRL1_MASK		MASK	0xFF	255	10190
B	RTL8367B_REG_SVLAN_C2SCFG94_CTRL2		REGISTER	0x0e1c	3612	10192
B	RTL8367B_SVLAN_C2SCFG94_CTRL2_OFFSET		OFFSET_SHIFT	0	0	10193
B	RTL8367B_SVLAN_C2SCFG94_CTRL2_MASK		MASK	0x1FFF	8191	10194
B	RTL8367B_REG_SVLAN_C2SCFG95_CTRL0		REGISTER	0x0e1d	3613	10196
B	RTL8367B_SVLAN_C2SCFG95_CTRL0_OFFSET		OFFSET_SHIFT	0	0	10197
B	RTL8367B_SVLAN_C2SCFG95_CTRL0_MASK		MASK	0x3F	63	10198
B	RTL8367B_REG_SVLAN_C2SCFG95_CTRL1		REGISTER	0x0e1e	3614	10200
B	RTL8367B_SVLAN_C2SCFG95_CTRL1_OFFSET		OFFSET_SHIFT	0	0	10201
B	RTL8367B_SVLAN_C2SCFG95_CTRL1_MASK		MASK	0xFF	255	10202
B	RTL8367B_REG_SVLAN_C2SCFG95_CTRL2		REGISTER	0x0e1f	3615	10204
B	RTL8367B_SVLAN_C2SCFG95_CTRL2_OFFSET		OFFSET_SHIFT	0	0	10205
B	RTL8367B_SVLAN_C2SCFG95_CTRL2_MASK		MASK	0x1FFF	8191	10206
B	RTL8367B_REG_SVLAN_C2SCFG96_CTRL0		REGISTER	0x0e20	3616	10208
B	RTL8367B_SVLAN_C2SCFG96_CTRL0_OFFSET		OFFSET_SHIFT	0	0	10209
B	RTL8367B_SVLAN_C2SCFG96_CTRL0_MASK		MASK	0x3F	63	10210
B	RTL8367B_REG_SVLAN_C2SCFG96_CTRL1		REGISTER	0x0e21	3617	10212
B	RTL8367B_SVLAN_C2SCFG96_CTRL1_OFFSET		OFFSET_SHIFT	0	0	10213
B	RTL8367B_SVLAN_C2SCFG96_CTRL1_MASK		MASK	0xFF	255	10214
B	RTL8367B_REG_SVLAN_C2SCFG96_CTRL2		REGISTER	0x0e22	3618	10216
B	RTL8367B_SVLAN_C2SCFG96_CTRL2_OFFSET		OFFSET_SHIFT	0	0	10217
B	RTL8367B_SVLAN_C2SCFG96_CTRL2_MASK		MASK	0x1FFF	8191	10218
B	RTL8367B_REG_SVLAN_C2SCFG97_CTRL0		REGISTER	0x0e23	3619	10220
B	RTL8367B_SVLAN_C2SCFG97_CTRL0_OFFSET		OFFSET_SHIFT	0	0	10221
B	RTL8367B_SVLAN_C2SCFG97_CTRL0_MASK		MASK	0x3F	63	10222
B	RTL8367B_REG_SVLAN_C2SCFG97_CTRL1		REGISTER	0x0e24	3620	10224
B	RTL8367B_SVLAN_C2SCFG97_CTRL1_OFFSET		OFFSET_SHIFT	0	0	10225
B	RTL8367B_SVLAN_C2SCFG97_CTRL1_MASK		MASK	0xFF	255	10226
B	RTL8367B_REG_SVLAN_C2SCFG97_CTRL2		REGISTER	0x0e25	3621	10228
B	RTL8367B_SVLAN_C2SCFG97_CTRL2_OFFSET		OFFSET_SHIFT	0	0	10229
B	RTL8367B_SVLAN_C2SCFG97_CTRL2_MASK		MASK	0x1FFF	8191	10230
B	RTL8367B_REG_SVLAN_C2SCFG98_CTRL0		REGISTER	0x0e26	3622	10232
B	RTL8367B_SVLAN_C2SCFG98_CTRL0_OFFSET		OFFSET_SHIFT	0	0	10233
B	RTL8367B_SVLAN_C2SCFG98_CTRL0_MASK		MASK	0x3F	63	10234
B	RTL8367B_REG_SVLAN_C2SCFG98_CTRL1		REGISTER	0x0e27	3623	10236
B	RTL8367B_SVLAN_C2SCFG98_CTRL1_OFFSET		OFFSET_SHIFT	0	0	10237
B	RTL8367B_SVLAN_C2SCFG98_CTRL1_MASK		MASK	0xFF	255	10238
B	RTL8367B_REG_SVLAN_C2SCFG98_CTRL2		REGISTER	0x0e28	3624	10240
B	RTL8367B_SVLAN_C2SCFG98_CTRL2_OFFSET		OFFSET_SHIFT	0	0	10241
B	RTL8367B_SVLAN_C2SCFG98_CTRL2_MASK		MASK	0x1FFF	8191	10242
B	RTL8367B_REG_SVLAN_C2SCFG99_CTRL0		REGISTER	0x0e29	3625	10244
B	RTL8367B_SVLAN_C2SCFG99_CTRL0_OFFSET		OFFSET_SHIFT	0	0	10245
B	RTL8367B_SVLAN_C2SCFG99_CTRL0_MASK		MASK	0x3F	63	10246
B	RTL8367B_REG_SVLAN_C2SCFG99_CTRL1		REGISTER	0x0e2a	3626	10248
B	RTL8367B_SVLAN_C2SCFG99_CTRL1_OFFSET		OFFSET_SHIFT	0	0	10249
B	RTL8367B_SVLAN_C2SCFG99_CTRL1_MASK		MASK	0xFF	255	10250
B	RTL8367B_REG_SVLAN_C2SCFG99_CTRL2		REGISTER	0x0e2b	3627	10252
B	RTL8367B_SVLAN_C2SCFG99_CTRL2_OFFSET		OFFSET_SHIFT	0	0	10253
B	RTL8367B_SVLAN_C2SCFG99_CTRL2_MASK		MASK	0x1FFF	8191	10254
B	RTL8367B_REG_SVLAN_C2SCFG100_CTRL0		REGISTER	0x0e2c	3628	10256
B	RTL8367B_SVLAN_C2SCFG100_CTRL0_OFFSET		OFFSET_SHIFT	0	0	10257
B	RTL8367B_SVLAN_C2SCFG100_CTRL0_MASK		MASK	0x3F	63	10258
B	RTL8367B_REG_SVLAN_C2SCFG100_CTRL1		REGISTER	0x0e2d	3629	10260
B	RTL8367B_SVLAN_C2SCFG100_CTRL1_OFFSET		OFFSET_SHIFT	0	0	10261
B	RTL8367B_SVLAN_C2SCFG100_CTRL1_MASK		MASK	0xFF	255	10262
B	RTL8367B_REG_SVLAN_C2SCFG100_CTRL2		REGISTER	0x0e2e	3630	10264
B	RTL8367B_SVLAN_C2SCFG100_CTRL2_OFFSET		OFFSET_SHIFT	0	0	10265
B	RTL8367B_SVLAN_C2SCFG100_CTRL2_MASK		MASK	0x1FFF	8191	10266
B	RTL8367B_REG_SVLAN_C2SCFG101_CTRL0		REGISTER	0x0e2f	3631	10268
B	RTL8367B_SVLAN_C2SCFG101_CTRL0_OFFSET		OFFSET_SHIFT	0	0	10269
B	RTL8367B_SVLAN_C2SCFG101_CTRL0_MASK		MASK	0x3F	63	10270
B	RTL8367B_REG_SVLAN_C2SCFG101_CTRL1		REGISTER	0x0e30	3632	10272
B	RTL8367B_SVLAN_C2SCFG101_CTRL1_OFFSET		OFFSET_SHIFT	0	0	10273
B	RTL8367B_SVLAN_C2SCFG101_CTRL1_MASK		MASK	0xFF	255	10274
B	RTL8367B_REG_SVLAN_C2SCFG101_CTRL2		REGISTER	0x0e31	3633	10276
B	RTL8367B_SVLAN_C2SCFG101_CTRL2_OFFSET		OFFSET_SHIFT	0	0	10277
B	RTL8367B_SVLAN_C2SCFG101_CTRL2_MASK		MASK	0x1FFF	8191	10278
B	RTL8367B_REG_SVLAN_C2SCFG102_CTRL0		REGISTER	0x0e32	3634	10280
B	RTL8367B_SVLAN_C2SCFG102_CTRL0_OFFSET		OFFSET_SHIFT	0	0	10281
B	RTL8367B_SVLAN_C2SCFG102_CTRL0_MASK		MASK	0x3F	63	10282
B	RTL8367B_REG_SVLAN_C2SCFG102_CTRL1		REGISTER	0x0e33	3635	10284
B	RTL8367B_SVLAN_C2SCFG102_CTRL1_OFFSET		OFFSET_SHIFT	0	0	10285
B	RTL8367B_SVLAN_C2SCFG102_CTRL1_MASK		MASK	0xFF	255	10286
B	RTL8367B_REG_SVLAN_C2SCFG102_CTRL2		REGISTER	0x0e34	3636	10288
B	RTL8367B_SVLAN_C2SCFG102_CTRL2_OFFSET		OFFSET_SHIFT	0	0	10289
B	RTL8367B_SVLAN_C2SCFG102_CTRL2_MASK		MASK	0x1FFF	8191	10290
B	RTL8367B_REG_SVLAN_C2SCFG103_CTRL0		REGISTER	0x0e35	3637	10292
B	RTL8367B_SVLAN_C2SCFG103_CTRL0_OFFSET		OFFSET_SHIFT	0	0	10293
B	RTL8367B_SVLAN_C2SCFG103_CTRL0_MASK		MASK	0x3F	63	10294
B	RTL8367B_REG_SVLAN_C2SCFG103_CTRL1		REGISTER	0x0e36	3638	10296
B	RTL8367B_SVLAN_C2SCFG103_CTRL1_OFFSET		OFFSET_SHIFT	0	0	10297
B	RTL8367B_SVLAN_C2SCFG103_CTRL1_MASK		MASK	0xFF	255	10298
B	RTL8367B_REG_SVLAN_C2SCFG103_CTRL2		REGISTER	0x0e37	3639	10300
B	RTL8367B_SVLAN_C2SCFG103_CTRL2_OFFSET		OFFSET_SHIFT	0	0	10301
B	RTL8367B_SVLAN_C2SCFG103_CTRL2_MASK		MASK	0x1FFF	8191	10302
B	RTL8367B_REG_SVLAN_C2SCFG104_CTRL0		REGISTER	0x0e38	3640	10304
B	RTL8367B_SVLAN_C2SCFG104_CTRL0_OFFSET		OFFSET_SHIFT	0	0	10305
B	RTL8367B_SVLAN_C2SCFG104_CTRL0_MASK		MASK	0x3F	63	10306
B	RTL8367B_REG_SVLAN_C2SCFG104_CTRL1		REGISTER	0x0e39	3641	10308
B	RTL8367B_SVLAN_C2SCFG104_CTRL1_OFFSET		OFFSET_SHIFT	0	0	10309
B	RTL8367B_SVLAN_C2SCFG104_CTRL1_MASK		MASK	0xFF	255	10310
B	RTL8367B_REG_SVLAN_C2SCFG104_CTRL2		REGISTER	0x0e3a	3642	10312
B	RTL8367B_SVLAN_C2SCFG104_CTRL2_OFFSET		OFFSET_SHIFT	0	0	10313
B	RTL8367B_SVLAN_C2SCFG104_CTRL2_MASK		MASK	0x1FFF	8191	10314
B	RTL8367B_REG_SVLAN_C2SCFG105_CTRL0		REGISTER	0x0e3b	3643	10316
B	RTL8367B_SVLAN_C2SCFG105_CTRL0_OFFSET		OFFSET_SHIFT	0	0	10317
B	RTL8367B_SVLAN_C2SCFG105_CTRL0_MASK		MASK	0x3F	63	10318
B	RTL8367B_REG_SVLAN_C2SCFG105_CTRL1		REGISTER	0x0e3c	3644	10320
B	RTL8367B_SVLAN_C2SCFG105_CTRL1_OFFSET		OFFSET_SHIFT	0	0	10321
B	RTL8367B_SVLAN_C2SCFG105_CTRL1_MASK		MASK	0xFF	255	10322
B	RTL8367B_REG_SVLAN_C2SCFG105_CTRL2		REGISTER	0x0e3d	3645	10324
B	RTL8367B_SVLAN_C2SCFG105_CTRL2_OFFSET		OFFSET_SHIFT	0	0	10325
B	RTL8367B_SVLAN_C2SCFG105_CTRL2_MASK		MASK	0x1FFF	8191	10326
B	RTL8367B_REG_SVLAN_C2SCFG106_CTRL0		REGISTER	0x0e3e	3646	10328
B	RTL8367B_SVLAN_C2SCFG106_CTRL0_OFFSET		OFFSET_SHIFT	0	0	10329
B	RTL8367B_SVLAN_C2SCFG106_CTRL0_MASK		MASK	0x3F	63	10330
B	RTL8367B_REG_SVLAN_C2SCFG106_CTRL1		REGISTER	0x0e3f	3647	10332
B	RTL8367B_SVLAN_C2SCFG106_CTRL1_OFFSET		OFFSET_SHIFT	0	0	10333
B	RTL8367B_SVLAN_C2SCFG106_CTRL1_MASK		MASK	0xFF	255	10334
B	RTL8367B_REG_SVLAN_C2SCFG106_CTRL2		REGISTER	0x0e40	3648	10336
B	RTL8367B_SVLAN_C2SCFG106_CTRL2_OFFSET		OFFSET_SHIFT	0	0	10337
B	RTL8367B_SVLAN_C2SCFG106_CTRL2_MASK		MASK	0x1FFF	8191	10338
B	RTL8367B_REG_SVLAN_C2SCFG107_CTRL0		REGISTER	0x0e41	3649	10340
B	RTL8367B_SVLAN_C2SCFG107_CTRL0_OFFSET		OFFSET_SHIFT	0	0	10341
B	RTL8367B_SVLAN_C2SCFG107_CTRL0_MASK		MASK	0x3F	63	10342
B	RTL8367B_REG_SVLAN_C2SCFG107_CTRL1		REGISTER	0x0e42	3650	10344
B	RTL8367B_SVLAN_C2SCFG107_CTRL1_OFFSET		OFFSET_SHIFT	0	0	10345
B	RTL8367B_SVLAN_C2SCFG107_CTRL1_MASK		MASK	0xFF	255	10346
B	RTL8367B_REG_SVLAN_C2SCFG107_CTRL2		REGISTER	0x0e43	3651	10348
B	RTL8367B_SVLAN_C2SCFG107_CTRL2_OFFSET		OFFSET_SHIFT	0	0	10349
B	RTL8367B_SVLAN_C2SCFG107_CTRL2_MASK		MASK	0x1FFF	8191	10350
B	RTL8367B_REG_SVLAN_C2SCFG108_CTRL0		REGISTER	0x0e44	3652	10352
B	RTL8367B_SVLAN_C2SCFG108_CTRL0_OFFSET		OFFSET_SHIFT	0	0	10353
B	RTL8367B_SVLAN_C2SCFG108_CTRL0_MASK		MASK	0x3F	63	10354
B	RTL8367B_REG_SVLAN_C2SCFG108_CTRL1		REGISTER	0x0e45	3653	10356
B	RTL8367B_SVLAN_C2SCFG108_CTRL1_OFFSET		OFFSET_SHIFT	0	0	10357
B	RTL8367B_SVLAN_C2SCFG108_CTRL1_MASK		MASK	0xFF	255	10358
B	RTL8367B_REG_SVLAN_C2SCFG108_CTRL2		REGISTER	0x0e46	3654	10360
B	RTL8367B_SVLAN_C2SCFG108_CTRL2_OFFSET		OFFSET_SHIFT	0	0	10361
B	RTL8367B_SVLAN_C2SCFG108_CTRL2_MASK		MASK	0x1FFF	8191	10362
B	RTL8367B_REG_SVLAN_C2SCFG109_CTRL0		REGISTER	0x0e47	3655	10364
B	RTL8367B_SVLAN_C2SCFG109_CTRL0_OFFSET		OFFSET_SHIFT	0	0	10365
B	RTL8367B_SVLAN_C2SCFG109_CTRL0_MASK		MASK	0x3F	63	10366
B	RTL8367B_REG_SVLAN_C2SCFG109_CTRL1		REGISTER	0x0e48	3656	10368
B	RTL8367B_SVLAN_C2SCFG109_CTRL1_OFFSET		OFFSET_SHIFT	0	0	10369
B	RTL8367B_SVLAN_C2SCFG109_CTRL1_MASK		MASK	0xFF	255	10370
B	RTL8367B_REG_SVLAN_C2SCFG109_CTRL2		REGISTER	0x0e49	3657	10372
B	RTL8367B_SVLAN_C2SCFG109_CTRL2_OFFSET		OFFSET_SHIFT	0	0	10373
B	RTL8367B_SVLAN_C2SCFG109_CTRL2_MASK		MASK	0x1FFF	8191	10374
B	RTL8367B_REG_SVLAN_C2SCFG110_CTRL0		REGISTER	0x0e4a	3658	10376
B	RTL8367B_SVLAN_C2SCFG110_CTRL0_OFFSET		OFFSET_SHIFT	0	0	10377
B	RTL8367B_SVLAN_C2SCFG110_CTRL0_MASK		MASK	0x3F	63	10378
B	RTL8367B_REG_SVLAN_C2SCFG110_CTRL1		REGISTER	0x0e4b	3659	10380
B	RTL8367B_SVLAN_C2SCFG110_CTRL1_OFFSET		OFFSET_SHIFT	0	0	10381
B	RTL8367B_SVLAN_C2SCFG110_CTRL1_MASK		MASK	0xFF	255	10382
B	RTL8367B_REG_SVLAN_C2SCFG110_CTRL2		REGISTER	0x0e4c	3660	10384
B	RTL8367B_SVLAN_C2SCFG110_CTRL2_OFFSET		OFFSET_SHIFT	0	0	10385
B	RTL8367B_SVLAN_C2SCFG110_CTRL2_MASK		MASK	0x1FFF	8191	10386
B	RTL8367B_REG_SVLAN_C2SCFG111_CTRL0		REGISTER	0x0e4d	3661	10388
B	RTL8367B_SVLAN_C2SCFG111_CTRL0_OFFSET		OFFSET_SHIFT	0	0	10389
B	RTL8367B_SVLAN_C2SCFG111_CTRL0_MASK		MASK	0x3F	63	10390
B	RTL8367B_REG_SVLAN_C2SCFG111_CTRL1		REGISTER	0x0e4e	3662	10392
B	RTL8367B_SVLAN_C2SCFG111_CTRL1_OFFSET		OFFSET_SHIFT	0	0	10393
B	RTL8367B_SVLAN_C2SCFG111_CTRL1_MASK		MASK	0xFF	255	10394
B	RTL8367B_REG_SVLAN_C2SCFG111_CTRL2		REGISTER	0x0e4f	3663	10396
B	RTL8367B_SVLAN_C2SCFG111_CTRL2_OFFSET		OFFSET_SHIFT	0	0	10397
B	RTL8367B_SVLAN_C2SCFG111_CTRL2_MASK		MASK	0x1FFF	8191	10398
B	RTL8367B_REG_SVLAN_C2SCFG112_CTRL0		REGISTER	0x0e50	3664	10400
B	RTL8367B_SVLAN_C2SCFG112_CTRL0_OFFSET		OFFSET_SHIFT	0	0	10401
B	RTL8367B_SVLAN_C2SCFG112_CTRL0_MASK		MASK	0x3F	63	10402
B	RTL8367B_REG_SVLAN_C2SCFG112_CTRL1		REGISTER	0x0e51	3665	10404
B	RTL8367B_SVLAN_C2SCFG112_CTRL1_OFFSET		OFFSET_SHIFT	0	0	10405
B	RTL8367B_SVLAN_C2SCFG112_CTRL1_MASK		MASK	0xFF	255	10406
B	RTL8367B_REG_SVLAN_C2SCFG112_CTRL2		REGISTER	0x0e52	3666	10408
B	RTL8367B_SVLAN_C2SCFG112_CTRL2_OFFSET		OFFSET_SHIFT	0	0	10409
B	RTL8367B_SVLAN_C2SCFG112_CTRL2_MASK		MASK	0x1FFF	8191	10410
B	RTL8367B_REG_SVLAN_C2SCFG113_CTRL0		REGISTER	0x0e53	3667	10412
B	RTL8367B_SVLAN_C2SCFG113_CTRL0_OFFSET		OFFSET_SHIFT	0	0	10413
B	RTL8367B_SVLAN_C2SCFG113_CTRL0_MASK		MASK	0x3F	63	10414
B	RTL8367B_REG_SVLAN_C2SCFG113_CTRL1		REGISTER	0x0e54	3668	10416
B	RTL8367B_SVLAN_C2SCFG113_CTRL1_OFFSET		OFFSET_SHIFT	0	0	10417
B	RTL8367B_SVLAN_C2SCFG113_CTRL1_MASK		MASK	0xFF	255	10418
B	RTL8367B_REG_SVLAN_C2SCFG113_CTRL2		REGISTER	0x0e55	3669	10420
B	RTL8367B_SVLAN_C2SCFG113_CTRL2_OFFSET		OFFSET_SHIFT	0	0	10421
B	RTL8367B_SVLAN_C2SCFG113_CTRL2_MASK		MASK	0x1FFF	8191	10422
B	RTL8367B_REG_SVLAN_C2SCFG114_CTRL0		REGISTER	0x0e56	3670	10424
B	RTL8367B_SVLAN_C2SCFG114_CTRL0_OFFSET		OFFSET_SHIFT	0	0	10425
B	RTL8367B_SVLAN_C2SCFG114_CTRL0_MASK		MASK	0x3F	63	10426
B	RTL8367B_REG_SVLAN_C2SCFG114_CTRL1		REGISTER	0x0e57	3671	10428
B	RTL8367B_SVLAN_C2SCFG114_CTRL1_OFFSET		OFFSET_SHIFT	0	0	10429
B	RTL8367B_SVLAN_C2SCFG114_CTRL1_MASK		MASK	0xFF	255	10430
B	RTL8367B_REG_SVLAN_C2SCFG114_CTRL2		REGISTER	0x0e58	3672	10432
B	RTL8367B_SVLAN_C2SCFG114_CTRL2_OFFSET		OFFSET_SHIFT	0	0	10433
B	RTL8367B_SVLAN_C2SCFG114_CTRL2_MASK		MASK	0x1FFF	8191	10434
B	RTL8367B_REG_SVLAN_C2SCFG115_CTRL0		REGISTER	0x0e59	3673	10436
B	RTL8367B_SVLAN_C2SCFG115_CTRL0_OFFSET		OFFSET_SHIFT	0	0	10437
B	RTL8367B_SVLAN_C2SCFG115_CTRL0_MASK		MASK	0x3F	63	10438
B	RTL8367B_REG_SVLAN_C2SCFG115_CTRL1		REGISTER	0x0e5a	3674	10440
B	RTL8367B_SVLAN_C2SCFG115_CTRL1_OFFSET		OFFSET_SHIFT	0	0	10441
B	RTL8367B_SVLAN_C2SCFG115_CTRL1_MASK		MASK	0xFF	255	10442
B	RTL8367B_REG_SVLAN_C2SCFG115_CTRL2		REGISTER	0x0e5b	3675	10444
B	RTL8367B_SVLAN_C2SCFG115_CTRL2_OFFSET		OFFSET_SHIFT	0	0	10445
B	RTL8367B_SVLAN_C2SCFG115_CTRL2_MASK		MASK	0x1FFF	8191	10446
B	RTL8367B_REG_SVLAN_C2SCFG116_CTRL0		REGISTER	0x0e5c	3676	10448
B	RTL8367B_SVLAN_C2SCFG116_CTRL0_OFFSET		OFFSET_SHIFT	0	0	10449
B	RTL8367B_SVLAN_C2SCFG116_CTRL0_MASK		MASK	0x3F	63	10450
B	RTL8367B_REG_SVLAN_C2SCFG116_CTRL1		REGISTER	0x0e5d	3677	10452
B	RTL8367B_SVLAN_C2SCFG116_CTRL1_OFFSET		OFFSET_SHIFT	0	0	10453
B	RTL8367B_SVLAN_C2SCFG116_CTRL1_MASK		MASK	0xFF	255	10454
B	RTL8367B_REG_SVLAN_C2SCFG116_CTRL2		REGISTER	0x0e5e	3678	10456
B	RTL8367B_SVLAN_C2SCFG116_CTRL2_OFFSET		OFFSET_SHIFT	0	0	10457
B	RTL8367B_SVLAN_C2SCFG116_CTRL2_MASK		MASK	0x1FFF	8191	10458
B	RTL8367B_REG_SVLAN_C2SCFG117_CTRL0		REGISTER	0x0e5f	3679	10460
B	RTL8367B_SVLAN_C2SCFG117_CTRL0_OFFSET		OFFSET_SHIFT	0	0	10461
B	RTL8367B_SVLAN_C2SCFG117_CTRL0_MASK		MASK	0x3F	63	10462
B	RTL8367B_REG_SVLAN_C2SCFG117_CTRL1		REGISTER	0x0e60	3680	10464
B	RTL8367B_SVLAN_C2SCFG117_CTRL1_OFFSET		OFFSET_SHIFT	0	0	10465
B	RTL8367B_SVLAN_C2SCFG117_CTRL1_MASK		MASK	0xFF	255	10466
B	RTL8367B_REG_SVLAN_C2SCFG117_CTRL2		REGISTER	0x0e61	3681	10468
B	RTL8367B_SVLAN_C2SCFG117_CTRL2_OFFSET		OFFSET_SHIFT	0	0	10469
B	RTL8367B_SVLAN_C2SCFG117_CTRL2_MASK		MASK	0x1FFF	8191	10470
B	RTL8367B_REG_SVLAN_C2SCFG118_CTRL0		REGISTER	0x0e62	3682	10472
B	RTL8367B_SVLAN_C2SCFG118_CTRL0_OFFSET		OFFSET_SHIFT	0	0	10473
B	RTL8367B_SVLAN_C2SCFG118_CTRL0_MASK		MASK	0x3F	63	10474
B	RTL8367B_REG_SVLAN_C2SCFG118_CTRL1		REGISTER	0x0e63	3683	10476
B	RTL8367B_SVLAN_C2SCFG118_CTRL1_OFFSET		OFFSET_SHIFT	0	0	10477
B	RTL8367B_SVLAN_C2SCFG118_CTRL1_MASK		MASK	0xFF	255	10478
B	RTL8367B_REG_SVLAN_C2SCFG118_CTRL2		REGISTER	0x0e64	3684	10480
B	RTL8367B_SVLAN_C2SCFG118_CTRL2_OFFSET		OFFSET_SHIFT	0	0	10481
B	RTL8367B_SVLAN_C2SCFG118_CTRL2_MASK		MASK	0x1FFF	8191	10482
B	RTL8367B_REG_SVLAN_C2SCFG119_CTRL0		REGISTER	0x0e65	3685	10484
B	RTL8367B_SVLAN_C2SCFG119_CTRL0_OFFSET		OFFSET_SHIFT	0	0	10485
B	RTL8367B_SVLAN_C2SCFG119_CTRL0_MASK		MASK	0x3F	63	10486
B	RTL8367B_REG_SVLAN_C2SCFG119_CTRL1		REGISTER	0x0e66	3686	10488
B	RTL8367B_SVLAN_C2SCFG119_CTRL1_OFFSET		OFFSET_SHIFT	0	0	10489
B	RTL8367B_SVLAN_C2SCFG119_CTRL1_MASK		MASK	0xFF	255	10490
B	RTL8367B_REG_SVLAN_C2SCFG119_CTRL2		REGISTER	0x0e67	3687	10492
B	RTL8367B_SVLAN_C2SCFG119_CTRL2_OFFSET		OFFSET_SHIFT	0	0	10493
B	RTL8367B_SVLAN_C2SCFG119_CTRL2_MASK		MASK	0x1FFF	8191	10494
B	RTL8367B_REG_SVLAN_C2SCFG120_CTRL0		REGISTER	0x0e68	3688	10496
B	RTL8367B_SVLAN_C2SCFG120_CTRL0_OFFSET		OFFSET_SHIFT	0	0	10497
B	RTL8367B_SVLAN_C2SCFG120_CTRL0_MASK		MASK	0x3F	63	10498
B	RTL8367B_REG_SVLAN_C2SCFG120_CTRL1		REGISTER	0x0e69	3689	10500
B	RTL8367B_SVLAN_C2SCFG120_CTRL1_OFFSET		OFFSET_SHIFT	0	0	10501
B	RTL8367B_SVLAN_C2SCFG120_CTRL1_MASK		MASK	0xFF	255	10502
B	RTL8367B_REG_SVLAN_C2SCFG120_CTRL2		REGISTER	0x0e6a	3690	10504
B	RTL8367B_SVLAN_C2SCFG120_CTRL2_OFFSET		OFFSET_SHIFT	0	0	10505
B	RTL8367B_SVLAN_C2SCFG120_CTRL2_MASK		MASK	0x1FFF	8191	10506
B	RTL8367B_REG_SVLAN_C2SCFG121_CTRL0		REGISTER	0x0e6b	3691	10508
B	RTL8367B_SVLAN_C2SCFG121_CTRL0_OFFSET		OFFSET_SHIFT	0	0	10509
B	RTL8367B_SVLAN_C2SCFG121_CTRL0_MASK		MASK	0x3F	63	10510
B	RTL8367B_REG_SVLAN_C2SCFG121_CTRL1		REGISTER	0x0e6c	3692	10512
B	RTL8367B_SVLAN_C2SCFG121_CTRL1_OFFSET		OFFSET_SHIFT	0	0	10513
B	RTL8367B_SVLAN_C2SCFG121_CTRL1_MASK		MASK	0xFF	255	10514
B	RTL8367B_REG_SVLAN_C2SCFG121_CTRL2		REGISTER	0x0e6d	3693	10516
B	RTL8367B_SVLAN_C2SCFG121_CTRL2_OFFSET		OFFSET_SHIFT	0	0	10517
B	RTL8367B_SVLAN_C2SCFG121_CTRL2_MASK		MASK	0x1FFF	8191	10518
B	RTL8367B_REG_SVLAN_C2SCFG122_CTRL0		REGISTER	0x0e6e	3694	10520
B	RTL8367B_SVLAN_C2SCFG122_CTRL0_OFFSET		OFFSET_SHIFT	0	0	10521
B	RTL8367B_SVLAN_C2SCFG122_CTRL0_MASK		MASK	0x3F	63	10522
B	RTL8367B_REG_SVLAN_C2SCFG122_CTRL1		REGISTER	0x0e6f	3695	10524
B	RTL8367B_SVLAN_C2SCFG122_CTRL1_OFFSET		OFFSET_SHIFT	0	0	10525
B	RTL8367B_SVLAN_C2SCFG122_CTRL1_MASK		MASK	0xFF	255	10526
B	RTL8367B_REG_SVLAN_C2SCFG122_CTRL2		REGISTER	0x0e70	3696	10528
B	RTL8367B_SVLAN_C2SCFG122_CTRL2_OFFSET		OFFSET_SHIFT	0	0	10529
B	RTL8367B_SVLAN_C2SCFG122_CTRL2_MASK		MASK	0x1FFF	8191	10530
B	RTL8367B_REG_SVLAN_C2SCFG123_CTRL0		REGISTER	0x0e71	3697	10532
B	RTL8367B_SVLAN_C2SCFG123_CTRL0_OFFSET		OFFSET_SHIFT	0	0	10533
B	RTL8367B_SVLAN_C2SCFG123_CTRL0_MASK		MASK	0x3F	63	10534
B	RTL8367B_REG_SVLAN_C2SCFG123_CTRL1		REGISTER	0x0e72	3698	10536
B	RTL8367B_SVLAN_C2SCFG123_CTRL1_OFFSET		OFFSET_SHIFT	0	0	10537
B	RTL8367B_SVLAN_C2SCFG123_CTRL1_MASK		MASK	0xFF	255	10538
B	RTL8367B_REG_SVLAN_C2SCFG123_CTRL2		REGISTER	0x0e73	3699	10540
B	RTL8367B_SVLAN_C2SCFG123_CTRL2_OFFSET		OFFSET_SHIFT	0	0	10541
B	RTL8367B_SVLAN_C2SCFG123_CTRL2_MASK		MASK	0x1FFF	8191	10542
B	RTL8367B_REG_SVLAN_C2SCFG124_CTRL0		REGISTER	0x0e74	3700	10544
B	RTL8367B_SVLAN_C2SCFG124_CTRL0_OFFSET		OFFSET_SHIFT	0	0	10545
B	RTL8367B_SVLAN_C2SCFG124_CTRL0_MASK		MASK	0x3F	63	10546
B	RTL8367B_REG_SVLAN_C2SCFG124_CTRL1		REGISTER	0x0e75	3701	10548
B	RTL8367B_SVLAN_C2SCFG124_CTRL1_OFFSET		OFFSET_SHIFT	0	0	10549
B	RTL8367B_SVLAN_C2SCFG124_CTRL1_MASK		MASK	0xFF	255	10550
B	RTL8367B_REG_SVLAN_C2SCFG124_CTRL2		REGISTER	0x0e76	3702	10552
B	RTL8367B_SVLAN_C2SCFG124_CTRL2_OFFSET		OFFSET_SHIFT	0	0	10553
B	RTL8367B_SVLAN_C2SCFG124_CTRL2_MASK		MASK	0x1FFF	8191	10554
B	RTL8367B_REG_SVLAN_C2SCFG125_CTRL0		REGISTER	0x0e77	3703	10556
B	RTL8367B_SVLAN_C2SCFG125_CTRL0_OFFSET		OFFSET_SHIFT	0	0	10557
B	RTL8367B_SVLAN_C2SCFG125_CTRL0_MASK		MASK	0x3F	63	10558
B	RTL8367B_REG_SVLAN_C2SCFG125_CTRL1		REGISTER	0x0e78	3704	10560
B	RTL8367B_SVLAN_C2SCFG125_CTRL1_OFFSET		OFFSET_SHIFT	0	0	10561
B	RTL8367B_SVLAN_C2SCFG125_CTRL1_MASK		MASK	0xFF	255	10562
B	RTL8367B_REG_SVLAN_C2SCFG125_CTRL2		REGISTER	0x0e79	3705	10564
B	RTL8367B_SVLAN_C2SCFG125_CTRL2_OFFSET		OFFSET_SHIFT	0	0	10565
B	RTL8367B_SVLAN_C2SCFG125_CTRL2_MASK		MASK	0x1FFF	8191	10566
B	RTL8367B_REG_SVLAN_C2SCFG126_CTRL0		REGISTER	0x0e7a	3706	10568
B	RTL8367B_SVLAN_C2SCFG126_CTRL0_OFFSET		OFFSET_SHIFT	0	0	10569
B	RTL8367B_SVLAN_C2SCFG126_CTRL0_MASK		MASK	0x3F	63	10570
B	RTL8367B_REG_SVLAN_C2SCFG126_CTRL1		REGISTER	0x0e7b	3707	10572
B	RTL8367B_SVLAN_C2SCFG126_CTRL1_OFFSET		OFFSET_SHIFT	0	0	10573
B	RTL8367B_SVLAN_C2SCFG126_CTRL1_MASK		MASK	0xFF	255	10574
B	RTL8367B_REG_SVLAN_C2SCFG126_CTRL2		REGISTER	0x0e7c	3708	10576
B	RTL8367B_SVLAN_C2SCFG126_CTRL2_OFFSET		OFFSET_SHIFT	0	0	10577
B	RTL8367B_SVLAN_C2SCFG126_CTRL2_MASK		MASK	0x1FFF	8191	10578
B	RTL8367B_REG_SVLAN_C2SCFG127_CTRL0		REGISTER	0x0e7d	3709	10580
B	RTL8367B_SVLAN_C2SCFG127_CTRL0_OFFSET		OFFSET_SHIFT	0	0	10581
B	RTL8367B_SVLAN_C2SCFG127_CTRL0_MASK		MASK	0x3F	63	10582
B	RTL8367B_REG_SVLAN_C2SCFG127_CTRL1		REGISTER	0x0e7e	3710	10584
B	RTL8367B_SVLAN_C2SCFG127_CTRL1_OFFSET		OFFSET_SHIFT	0	0	10585
B	RTL8367B_SVLAN_C2SCFG127_CTRL1_MASK		MASK	0xFF	255	10586
B	RTL8367B_REG_SVLAN_C2SCFG127_CTRL2		REGISTER	0x0e7f	3711	10588
B	RTL8367B_SVLAN_C2SCFG127_CTRL2_OFFSET		OFFSET_SHIFT	0	0	10589
B	RTL8367B_SVLAN_C2SCFG127_CTRL2_MASK		MASK	0x1FFF	8191	10590
B	RTL8367B_REG_SVLAN_CFG		REGISTER	0x0e80	3712	10592
B	RTL8367B_VS_PORT7_DMACVIDSEL_OFFSET		OFFSET_SHIFT	14	14	10593
B	RTL8367B_VS_PORT7_DMACVIDSEL_MASK		MASK	0x4000	16384	10594
B	RTL8367B_VS_PORT6_DMACVIDSEL_OFFSET		OFFSET_SHIFT	13	13	10595
B	RTL8367B_VS_PORT6_DMACVIDSEL_MASK		MASK	0x2000	8192	10596
B	RTL8367B_VS_PORT5_DMACVIDSEL_OFFSET		OFFSET_SHIFT	12	12	10597
B	RTL8367B_VS_PORT5_DMACVIDSEL_MASK		MASK	0x1000	4096	10598
B	RTL8367B_VS_PORT4_DMACVIDSEL_OFFSET		OFFSET_SHIFT	11	11	10599
B	RTL8367B_VS_PORT4_DMACVIDSEL_MASK		MASK	0x800	2048	10600
B	RTL8367B_VS_PORT3_DMACVIDSEL_OFFSET		OFFSET_SHIFT	10	10	10601
B	RTL8367B_VS_PORT3_DMACVIDSEL_MASK		MASK	0x400	1024	10602
B	RTL8367B_VS_PORT2_DMACVIDSEL_OFFSET		OFFSET_SHIFT	9	9	10603
B	RTL8367B_VS_PORT2_DMACVIDSEL_MASK		MASK	0x200	512	10604
B	RTL8367B_VS_PORT1_DMACVIDSEL_OFFSET		OFFSET_SHIFT	8	8	10605
B	RTL8367B_VS_PORT1_DMACVIDSEL_MASK		MASK	0x100	256	10606
B	RTL8367B_VS_PORT0_DMACVIDSEL_OFFSET		OFFSET_SHIFT	7	7	10607
B	RTL8367B_VS_PORT0_DMACVIDSEL_MASK		MASK	0x80	128	10608
B	RTL8367B_VS_UIFSEG_OFFSET		OFFSET_SHIFT	6	6	10609
B	RTL8367B_VS_UIFSEG_MASK		MASK	0x40	64	10610
B	RTL8367B_VS_UNMAT_OFFSET		OFFSET_SHIFT	4	4	10611
B	RTL8367B_VS_UNMAT_MASK		MASK	0x30	48	10612
B	RTL8367B_VS_UNTAG_OFFSET		OFFSET_SHIFT	2	2	10613
B	RTL8367B_VS_UNTAG_MASK		MASK	0xC	12	10614
B	RTL8367B_VS_SPRISEL_OFFSET		OFFSET_SHIFT	0	0	10615
B	RTL8367B_VS_SPRISEL_MASK		MASK	0x3	3	10616
B	RTL8367B_REG_SVLAN_PORTBASED_SVIDX_CTRL0		REGISTER	0x0e81	3713	10618
B	RTL8367B_VS_PORT1_SVIDX_OFFSET		OFFSET_SHIFT	8	8	10619
B	RTL8367B_VS_PORT1_SVIDX_MASK		MASK	0x3F00	16128	10620
B	RTL8367B_VS_PORT0_SVIDX_OFFSET		OFFSET_SHIFT	0	0	10621
B	RTL8367B_VS_PORT0_SVIDX_MASK		MASK	0x3F	63	10622
B	RTL8367B_REG_SVLAN_PORTBASED_SVIDX_CTRL1		REGISTER	0x0e82	3714	10624
B	RTL8367B_VS_PORT3_SVIDX_OFFSET		OFFSET_SHIFT	8	8	10625
B	RTL8367B_VS_PORT3_SVIDX_MASK		MASK	0x3F00	16128	10626
B	RTL8367B_VS_PORT2_SVIDX_OFFSET		OFFSET_SHIFT	0	0	10627
B	RTL8367B_VS_PORT2_SVIDX_MASK		MASK	0x3F	63	10628
B	RTL8367B_REG_SVLAN_PORTBASED_SVIDX_CTRL2		REGISTER	0x0e83	3715	10630
B	RTL8367B_VS_PORT5_SVIDX_OFFSET		OFFSET_SHIFT	8	8	10631
B	RTL8367B_VS_PORT5_SVIDX_MASK		MASK	0x3F00	16128	10632
B	RTL8367B_VS_PORT4_SVIDX_OFFSET		OFFSET_SHIFT	0	0	10633
B	RTL8367B_VS_PORT4_SVIDX_MASK		MASK	0x3F	63	10634
B	RTL8367B_REG_SVLAN_PORTBASED_SVIDX_CTRL3		REGISTER	0x0e84	3716	10636
B	RTL8367B_VS_PORT7_SVIDX_OFFSET		OFFSET_SHIFT	8	8	10637
B	RTL8367B_VS_PORT7_SVIDX_MASK		MASK	0x3F00	16128	10638
B	RTL8367B_VS_PORT6_SVIDX_OFFSET		OFFSET_SHIFT	0	0	10639
B	RTL8367B_VS_PORT6_SVIDX_MASK		MASK	0x3F	63	10640
B	RTL8367B_REG_SVLAN_UNTAG_UNMAT_CFG		REGISTER	0x0e85	3717	10642
B	RTL8367B_VS_UNTAG_SVIDX_OFFSET		OFFSET_SHIFT	8	8	10643
B	RTL8367B_VS_UNTAG_SVIDX_MASK		MASK	0x3F00	16128	10644
B	RTL8367B_VS_UNMAT_SVIDX_OFFSET		OFFSET_SHIFT	0	0	10645
B	RTL8367B_VS_UNMAT_SVIDX_MASK		MASK	0x3F	63	10646
B	RTL8367B_REG_SVLAN_DUMMY_0		REGISTER	0x0e90	3728	10648
B	RTL8367B_REG_SVLAN_DUMMY_1		REGISTER	0x0e91	3729	10650
B	RTL8367B_REG_SVLAN_DUMMY_2		REGISTER	0x0e92	3730	10652
B	RTL8367B_REG_SVLAN_DUMMY_3		REGISTER	0x0e93	3731	10654
B	RTL8367B_REG_SVLAN_DUMMY_4		REGISTER	0x0e94	3732	10656
B	RTL8367B_REG_SVLAN_DUMMY_5		REGISTER	0x0e95	3733	10658
B	RTL8367B_REG_SVLAN_DUMMY_6		REGISTER	0x0e96	3734	10660
B	RTL8367B_REG_SVLAN_DUMMY_7		REGISTER	0x0e97	3735	10662
B	RTL8367B_REG_SVLAN_DUMMY_8		REGISTER	0x0e98	3736	10664
B	RTL8367B_REG_SVLAN_DUMMY_9		REGISTER	0x0e99	3737	10666
B	RTL8367B_REG_SVLAN_DUMMY_10		REGISTER	0x0e9a	3738	10668
B	RTL8367B_REG_SVLAN_DUMMY_11		REGISTER	0x0e9b	3739	10670
B	RTL8367B_REG_SVLAN_DUMMY_12		REGISTER	0x0e9c	3740	10672
B	RTL8367B_REG_SVLAN_DUMMY_13		REGISTER	0x0e9d	3741	10674
B	RTL8367B_REG_SVLAN_DUMMY_14		REGISTER	0x0e9e	3742	10676
B	RTL8367B_REG_SVLAN_DUMMY_15		REGISTER	0x0e9f	3743	10678
B	RTL8367B_REG_SVLAN_DUMMY_16		REGISTER	0x0ea0	3744	10680
B	RTL8367B_REG_SVLAN_DUMMY_17		REGISTER	0x0ea1	3745	10682
B	RTL8367B_REG_SVLAN_DUMMY_18		REGISTER	0x0ea2	3746	10684
B	RTL8367B_REG_SVLAN_DUMMY_19		REGISTER	0x0ea3	3747	10686
B	RTL8367B_REG_SVLAN_DUMMY_20		REGISTER	0x0ea4	3748	10688
B	RTL8367B_REG_SVLAN_DUMMY_21		REGISTER	0x0ea5	3749	10690
B	RTL8367B_REG_SVLAN_DUMMY_22		REGISTER	0x0ea6	3750	10692
B	RTL8367B_REG_SVLAN_DUMMY_23		REGISTER	0x0ea7	3751	10694
B	RTL8367B_REG_SVLAN_DUMMY_24		REGISTER	0x0ea8	3752	10696
B	RTL8367B_REG_SVLAN_DUMMY_25		REGISTER	0x0ea9	3753	10698
B	RTL8367B_REG_SVLAN_DUMMY_26		REGISTER	0x0eaa	3754	10700
B	RTL8367B_REG_SVLAN_DUMMY_27		REGISTER	0x0eab	3755	10702
B	RTL8367B_REG_SVLAN_DUMMY_28		REGISTER	0x0eac	3756	10704
B	RTL8367B_REG_SVLAN_DUMMY_29		REGISTER	0x0ead	3757	10706
B	RTL8367B_REG_SVLAN_DUMMY_30		REGISTER	0x0eae	3758	10708
B	RTL8367B_REG_SVLAN_DUMMY_31		REGISTER	0x0eaf	3759	10710
B	RTL8367B_REG_SVLAN_SP2C_ENTRY0_CTRL0		REGISTER	0x0f00	3840	10714
B	RTL8367B_SVLAN_SP2C_ENTRY0_CTRL0_SVIDX_OFFSET		OFFSET_SHIFT	3	3	10715
B	RTL8367B_SVLAN_SP2C_ENTRY0_CTRL0_SVIDX_MASK		MASK	0x1F8	504	10716
B	RTL8367B_SVLAN_SP2C_ENTRY0_CTRL0_DST_PORT_OFFSET		OFFSET_SHIFT	0	0	10717
B	RTL8367B_SVLAN_SP2C_ENTRY0_CTRL0_DST_PORT_MASK		MASK	0x7	7	10718
B	RTL8367B_REG_SVLAN_SP2C_ENTRY0_CTRL1		REGISTER	0x0f01	3841	10720
B	RTL8367B_SVLAN_SP2C_ENTRY0_CTRL1_VALID_OFFSET		OFFSET_SHIFT	12	12	10721
B	RTL8367B_SVLAN_SP2C_ENTRY0_CTRL1_VALID_MASK		MASK	0x1000	4096	10722
B	RTL8367B_SVLAN_SP2C_ENTRY0_CTRL1_VID_OFFSET		OFFSET_SHIFT	0	0	10723
B	RTL8367B_SVLAN_SP2C_ENTRY0_CTRL1_VID_MASK		MASK	0xFFF	4095	10724
B	RTL8367B_REG_SVLAN_SP2C_ENTRY1_CTRL0		REGISTER	0x0f02	3842	10726
B	RTL8367B_SVLAN_SP2C_ENTRY1_CTRL0_SVIDX_OFFSET		OFFSET_SHIFT	3	3	10727
B	RTL8367B_SVLAN_SP2C_ENTRY1_CTRL0_SVIDX_MASK		MASK	0x1F8	504	10728
B	RTL8367B_SVLAN_SP2C_ENTRY1_CTRL0_DST_PORT_OFFSET		OFFSET_SHIFT	0	0	10729
B	RTL8367B_SVLAN_SP2C_ENTRY1_CTRL0_DST_PORT_MASK		MASK	0x7	7	10730
B	RTL8367B_REG_SVLAN_SP2C_ENTRY1_CTRL1		REGISTER	0x0f03	3843	10732
B	RTL8367B_SVLAN_SP2C_ENTRY1_CTRL1_VALID_OFFSET		OFFSET_SHIFT	12	12	10733
B	RTL8367B_SVLAN_SP2C_ENTRY1_CTRL1_VALID_MASK		MASK	0x1000	4096	10734
B	RTL8367B_SVLAN_SP2C_ENTRY1_CTRL1_VID_OFFSET		OFFSET_SHIFT	0	0	10735
B	RTL8367B_SVLAN_SP2C_ENTRY1_CTRL1_VID_MASK		MASK	0xFFF	4095	10736
B	RTL8367B_REG_SVLAN_SP2C_ENTRY2_CTRL0		REGISTER	0x0f04	3844	10738
B	RTL8367B_SVLAN_SP2C_ENTRY2_CTRL0_SVIDX_OFFSET		OFFSET_SHIFT	3	3	10739
B	RTL8367B_SVLAN_SP2C_ENTRY2_CTRL0_SVIDX_MASK		MASK	0x1F8	504	10740
B	RTL8367B_SVLAN_SP2C_ENTRY2_CTRL0_DST_PORT_OFFSET		OFFSET_SHIFT	0	0	10741
B	RTL8367B_SVLAN_SP2C_ENTRY2_CTRL0_DST_PORT_MASK		MASK	0x7	7	10742
B	RTL8367B_REG_SVLAN_SP2C_ENTRY2_CTRL1		REGISTER	0x0f05	3845	10744
B	RTL8367B_SVLAN_SP2C_ENTRY2_CTRL1_VALID_OFFSET		OFFSET_SHIFT	12	12	10745
B	RTL8367B_SVLAN_SP2C_ENTRY2_CTRL1_VALID_MASK		MASK	0x1000	4096	10746
B	RTL8367B_SVLAN_SP2C_ENTRY2_CTRL1_VID_OFFSET		OFFSET_SHIFT	0	0	10747
B	RTL8367B_SVLAN_SP2C_ENTRY2_CTRL1_VID_MASK		MASK	0xFFF	4095	10748
B	RTL8367B_REG_SVLAN_SP2C_ENTRY3_CTRL0		REGISTER	0x0f06	3846	10750
B	RTL8367B_SVLAN_SP2C_ENTRY3_CTRL0_SVIDX_OFFSET		OFFSET_SHIFT	3	3	10751
B	RTL8367B_SVLAN_SP2C_ENTRY3_CTRL0_SVIDX_MASK		MASK	0x1F8	504	10752
B	RTL8367B_SVLAN_SP2C_ENTRY3_CTRL0_DST_PORT_OFFSET		OFFSET_SHIFT	0	0	10753
B	RTL8367B_SVLAN_SP2C_ENTRY3_CTRL0_DST_PORT_MASK		MASK	0x7	7	10754
B	RTL8367B_REG_SVLAN_SP2C_ENTRY3_CTRL1		REGISTER	0x0f07	3847	10756
B	RTL8367B_SVLAN_SP2C_ENTRY3_CTRL1_VALID_OFFSET		OFFSET_SHIFT	12	12	10757
B	RTL8367B_SVLAN_SP2C_ENTRY3_CTRL1_VALID_MASK		MASK	0x1000	4096	10758
B	RTL8367B_SVLAN_SP2C_ENTRY3_CTRL1_VID_OFFSET		OFFSET_SHIFT	0	0	10759
B	RTL8367B_SVLAN_SP2C_ENTRY3_CTRL1_VID_MASK		MASK	0xFFF	4095	10760
B	RTL8367B_REG_SVLAN_SP2C_ENTRY4_CTRL0		REGISTER	0x0f08	3848	10762
B	RTL8367B_SVLAN_SP2C_ENTRY4_CTRL0_SVIDX_OFFSET		OFFSET_SHIFT	3	3	10763
B	RTL8367B_SVLAN_SP2C_ENTRY4_CTRL0_SVIDX_MASK		MASK	0x1F8	504	10764
B	RTL8367B_SVLAN_SP2C_ENTRY4_CTRL0_DST_PORT_OFFSET		OFFSET_SHIFT	0	0	10765
B	RTL8367B_SVLAN_SP2C_ENTRY4_CTRL0_DST_PORT_MASK		MASK	0x7	7	10766
B	RTL8367B_REG_SVLAN_SP2C_ENTRY4_CTRL1		REGISTER	0x0f09	3849	10768
B	RTL8367B_SVLAN_SP2C_ENTRY4_CTRL1_VALID_OFFSET		OFFSET_SHIFT	12	12	10769
B	RTL8367B_SVLAN_SP2C_ENTRY4_CTRL1_VALID_MASK		MASK	0x1000	4096	10770
B	RTL8367B_SVLAN_SP2C_ENTRY4_CTRL1_VID_OFFSET		OFFSET_SHIFT	0	0	10771
B	RTL8367B_SVLAN_SP2C_ENTRY4_CTRL1_VID_MASK		MASK	0xFFF	4095	10772
B	RTL8367B_REG_SVLAN_SP2C_ENTRY5_CTRL0		REGISTER	0x0f0a	3850	10774
B	RTL8367B_SVLAN_SP2C_ENTRY5_CTRL0_SVIDX_OFFSET		OFFSET_SHIFT	3	3	10775
B	RTL8367B_SVLAN_SP2C_ENTRY5_CTRL0_SVIDX_MASK		MASK	0x1F8	504	10776
B	RTL8367B_SVLAN_SP2C_ENTRY5_CTRL0_DST_PORT_OFFSET		OFFSET_SHIFT	0	0	10777
B	RTL8367B_SVLAN_SP2C_ENTRY5_CTRL0_DST_PORT_MASK		MASK	0x7	7	10778
B	RTL8367B_REG_SVLAN_SP2C_ENTRY5_CTRL1		REGISTER	0x0f0b	3851	10780
B	RTL8367B_SVLAN_SP2C_ENTRY5_CTRL1_VALID_OFFSET		OFFSET_SHIFT	12	12	10781
B	RTL8367B_SVLAN_SP2C_ENTRY5_CTRL1_VALID_MASK		MASK	0x1000	4096	10782
B	RTL8367B_SVLAN_SP2C_ENTRY5_CTRL1_VID_OFFSET		OFFSET_SHIFT	0	0	10783
B	RTL8367B_SVLAN_SP2C_ENTRY5_CTRL1_VID_MASK		MASK	0xFFF	4095	10784
B	RTL8367B_REG_SVLAN_SP2C_ENTRY6_CTRL0		REGISTER	0x0f0c	3852	10786
B	RTL8367B_SVLAN_SP2C_ENTRY6_CTRL0_SVIDX_OFFSET		OFFSET_SHIFT	3	3	10787
B	RTL8367B_SVLAN_SP2C_ENTRY6_CTRL0_SVIDX_MASK		MASK	0x1F8	504	10788
B	RTL8367B_SVLAN_SP2C_ENTRY6_CTRL0_DST_PORT_OFFSET		OFFSET_SHIFT	0	0	10789
B	RTL8367B_SVLAN_SP2C_ENTRY6_CTRL0_DST_PORT_MASK		MASK	0x7	7	10790
B	RTL8367B_REG_SVLAN_SP2C_ENTRY6_CTRL1		REGISTER	0x0f0d	3853	10792
B	RTL8367B_SVLAN_SP2C_ENTRY6_CTRL1_VALID_OFFSET		OFFSET_SHIFT	12	12	10793
B	RTL8367B_SVLAN_SP2C_ENTRY6_CTRL1_VALID_MASK		MASK	0x1000	4096	10794
B	RTL8367B_SVLAN_SP2C_ENTRY6_CTRL1_VID_OFFSET		OFFSET_SHIFT	0	0	10795
B	RTL8367B_SVLAN_SP2C_ENTRY6_CTRL1_VID_MASK		MASK	0xFFF	4095	10796
B	RTL8367B_REG_SVLAN_SP2C_ENTRY7_CTRL0		REGISTER	0x0f0e	3854	10798
B	RTL8367B_SVLAN_SP2C_ENTRY7_CTRL0_SVIDX_OFFSET		OFFSET_SHIFT	3	3	10799
B	RTL8367B_SVLAN_SP2C_ENTRY7_CTRL0_SVIDX_MASK		MASK	0x1F8	504	10800
B	RTL8367B_SVLAN_SP2C_ENTRY7_CTRL0_DST_PORT_OFFSET		OFFSET_SHIFT	0	0	10801
B	RTL8367B_SVLAN_SP2C_ENTRY7_CTRL0_DST_PORT_MASK		MASK	0x7	7	10802
B	RTL8367B_REG_SVLAN_SP2C_ENTRY7_CTRL1		REGISTER	0x0f0f	3855	10804
B	RTL8367B_SVLAN_SP2C_ENTRY7_CTRL1_VALID_OFFSET		OFFSET_SHIFT	12	12	10805
B	RTL8367B_SVLAN_SP2C_ENTRY7_CTRL1_VALID_MASK		MASK	0x1000	4096	10806
B	RTL8367B_SVLAN_SP2C_ENTRY7_CTRL1_VID_OFFSET		OFFSET_SHIFT	0	0	10807
B	RTL8367B_SVLAN_SP2C_ENTRY7_CTRL1_VID_MASK		MASK	0xFFF	4095	10808
B	RTL8367B_REG_SVLAN_SP2C_ENTRY8_CTRL0		REGISTER	0x0f10	3856	10810
B	RTL8367B_SVLAN_SP2C_ENTRY8_CTRL0_SVIDX_OFFSET		OFFSET_SHIFT	3	3	10811
B	RTL8367B_SVLAN_SP2C_ENTRY8_CTRL0_SVIDX_MASK		MASK	0x1F8	504	10812
B	RTL8367B_SVLAN_SP2C_ENTRY8_CTRL0_DST_PORT_OFFSET		OFFSET_SHIFT	0	0	10813
B	RTL8367B_SVLAN_SP2C_ENTRY8_CTRL0_DST_PORT_MASK		MASK	0x7	7	10814
B	RTL8367B_REG_SVLAN_SP2C_ENTRY8_CTRL1		REGISTER	0x0f11	3857	10816
B	RTL8367B_SVLAN_SP2C_ENTRY8_CTRL1_VALID_OFFSET		OFFSET_SHIFT	12	12	10817
B	RTL8367B_SVLAN_SP2C_ENTRY8_CTRL1_VALID_MASK		MASK	0x1000	4096	10818
B	RTL8367B_SVLAN_SP2C_ENTRY8_CTRL1_VID_OFFSET		OFFSET_SHIFT	0	0	10819
B	RTL8367B_SVLAN_SP2C_ENTRY8_CTRL1_VID_MASK		MASK	0xFFF	4095	10820
B	RTL8367B_REG_SVLAN_SP2C_ENTRY9_CTRL0		REGISTER	0x0f12	3858	10822
B	RTL8367B_SVLAN_SP2C_ENTRY9_CTRL0_SVIDX_OFFSET		OFFSET_SHIFT	3	3	10823
B	RTL8367B_SVLAN_SP2C_ENTRY9_CTRL0_SVIDX_MASK		MASK	0x1F8	504	10824
B	RTL8367B_SVLAN_SP2C_ENTRY9_CTRL0_DST_PORT_OFFSET		OFFSET_SHIFT	0	0	10825
B	RTL8367B_SVLAN_SP2C_ENTRY9_CTRL0_DST_PORT_MASK		MASK	0x7	7	10826
B	RTL8367B_REG_SVLAN_SP2C_ENTRY9_CTRL1		REGISTER	0x0f13	3859	10828
B	RTL8367B_SVLAN_SP2C_ENTRY9_CTRL1_VALID_OFFSET		OFFSET_SHIFT	12	12	10829
B	RTL8367B_SVLAN_SP2C_ENTRY9_CTRL1_VALID_MASK		MASK	0x1000	4096	10830
B	RTL8367B_SVLAN_SP2C_ENTRY9_CTRL1_VID_OFFSET		OFFSET_SHIFT	0	0	10831
B	RTL8367B_SVLAN_SP2C_ENTRY9_CTRL1_VID_MASK		MASK	0xFFF	4095	10832
B	RTL8367B_REG_SVLAN_SP2C_ENTRY10_CTRL0		REGISTER	0x0f14	3860	10834
B	RTL8367B_SVLAN_SP2C_ENTRY10_CTRL0_SVIDX_OFFSET		OFFSET_SHIFT	3	3	10835
B	RTL8367B_SVLAN_SP2C_ENTRY10_CTRL0_SVIDX_MASK		MASK	0x1F8	504	10836
B	RTL8367B_SVLAN_SP2C_ENTRY10_CTRL0_DST_PORT_OFFSET		OFFSET_SHIFT	0	0	10837
B	RTL8367B_SVLAN_SP2C_ENTRY10_CTRL0_DST_PORT_MASK		MASK	0x7	7	10838
B	RTL8367B_REG_SVLAN_SP2C_ENTRY10_CTRL1		REGISTER	0x0f15	3861	10840
B	RTL8367B_SVLAN_SP2C_ENTRY10_CTRL1_VALID_OFFSET		OFFSET_SHIFT	12	12	10841
B	RTL8367B_SVLAN_SP2C_ENTRY10_CTRL1_VALID_MASK		MASK	0x1000	4096	10842
B	RTL8367B_SVLAN_SP2C_ENTRY10_CTRL1_VID_OFFSET		OFFSET_SHIFT	0	0	10843
B	RTL8367B_SVLAN_SP2C_ENTRY10_CTRL1_VID_MASK		MASK	0xFFF	4095	10844
B	RTL8367B_REG_SVLAN_SP2C_ENTRY11_CTRL0		REGISTER	0x0f16	3862	10846
B	RTL8367B_SVLAN_SP2C_ENTRY11_CTRL0_SVIDX_OFFSET		OFFSET_SHIFT	3	3	10847
B	RTL8367B_SVLAN_SP2C_ENTRY11_CTRL0_SVIDX_MASK		MASK	0x1F8	504	10848
B	RTL8367B_SVLAN_SP2C_ENTRY11_CTRL0_DST_PORT_OFFSET		OFFSET_SHIFT	0	0	10849
B	RTL8367B_SVLAN_SP2C_ENTRY11_CTRL0_DST_PORT_MASK		MASK	0x7	7	10850
B	RTL8367B_REG_SVLAN_SP2C_ENTRY11_CTRL1		REGISTER	0x0f17	3863	10852
B	RTL8367B_SVLAN_SP2C_ENTRY11_CTRL1_VALID_OFFSET		OFFSET_SHIFT	12	12	10853
B	RTL8367B_SVLAN_SP2C_ENTRY11_CTRL1_VALID_MASK		MASK	0x1000	4096	10854
B	RTL8367B_SVLAN_SP2C_ENTRY11_CTRL1_VID_OFFSET		OFFSET_SHIFT	0	0	10855
B	RTL8367B_SVLAN_SP2C_ENTRY11_CTRL1_VID_MASK		MASK	0xFFF	4095	10856
B	RTL8367B_REG_SVLAN_SP2C_ENTRY12_CTRL0		REGISTER	0x0f18	3864	10858
B	RTL8367B_SVLAN_SP2C_ENTRY12_CTRL0_SVIDX_OFFSET		OFFSET_SHIFT	3	3	10859
B	RTL8367B_SVLAN_SP2C_ENTRY12_CTRL0_SVIDX_MASK		MASK	0x1F8	504	10860
B	RTL8367B_SVLAN_SP2C_ENTRY12_CTRL0_DST_PORT_OFFSET		OFFSET_SHIFT	0	0	10861
B	RTL8367B_SVLAN_SP2C_ENTRY12_CTRL0_DST_PORT_MASK		MASK	0x7	7	10862
B	RTL8367B_REG_SVLAN_SP2C_ENTRY12_CTRL1		REGISTER	0x0f19	3865	10864
B	RTL8367B_SVLAN_SP2C_ENTRY12_CTRL1_VALID_OFFSET		OFFSET_SHIFT	12	12	10865
B	RTL8367B_SVLAN_SP2C_ENTRY12_CTRL1_VALID_MASK		MASK	0x1000	4096	10866
B	RTL8367B_SVLAN_SP2C_ENTRY12_CTRL1_VID_OFFSET		OFFSET_SHIFT	0	0	10867
B	RTL8367B_SVLAN_SP2C_ENTRY12_CTRL1_VID_MASK		MASK	0xFFF	4095	10868
B	RTL8367B_REG_SVLAN_SP2C_ENTRY13_CTRL0		REGISTER	0x0f1a	3866	10870
B	RTL8367B_SVLAN_SP2C_ENTRY13_CTRL0_SVIDX_OFFSET		OFFSET_SHIFT	3	3	10871
B	RTL8367B_SVLAN_SP2C_ENTRY13_CTRL0_SVIDX_MASK		MASK	0x1F8	504	10872
B	RTL8367B_SVLAN_SP2C_ENTRY13_CTRL0_DST_PORT_OFFSET		OFFSET_SHIFT	0	0	10873
B	RTL8367B_SVLAN_SP2C_ENTRY13_CTRL0_DST_PORT_MASK		MASK	0x7	7	10874
B	RTL8367B_REG_SVLAN_SP2C_ENTRY13_CTRL1		REGISTER	0x0f1b	3867	10876
B	RTL8367B_SVLAN_SP2C_ENTRY13_CTRL1_VALID_OFFSET		OFFSET_SHIFT	12	12	10877
B	RTL8367B_SVLAN_SP2C_ENTRY13_CTRL1_VALID_MASK		MASK	0x1000	4096	10878
B	RTL8367B_SVLAN_SP2C_ENTRY13_CTRL1_VID_OFFSET		OFFSET_SHIFT	0	0	10879
B	RTL8367B_SVLAN_SP2C_ENTRY13_CTRL1_VID_MASK		MASK	0xFFF	4095	10880
B	RTL8367B_REG_SVLAN_SP2C_ENTRY14_CTRL0		REGISTER	0x0f1c	3868	10882
B	RTL8367B_SVLAN_SP2C_ENTRY14_CTRL0_SVIDX_OFFSET		OFFSET_SHIFT	3	3	10883
B	RTL8367B_SVLAN_SP2C_ENTRY14_CTRL0_SVIDX_MASK		MASK	0x1F8	504	10884
B	RTL8367B_SVLAN_SP2C_ENTRY14_CTRL0_DST_PORT_OFFSET		OFFSET_SHIFT	0	0	10885
B	RTL8367B_SVLAN_SP2C_ENTRY14_CTRL0_DST_PORT_MASK		MASK	0x7	7	10886
B	RTL8367B_REG_SVLAN_SP2C_ENTRY14_CTRL1		REGISTER	0x0f1d	3869	10888
B	RTL8367B_SVLAN_SP2C_ENTRY14_CTRL1_VALID_OFFSET		OFFSET_SHIFT	12	12	10889
B	RTL8367B_SVLAN_SP2C_ENTRY14_CTRL1_VALID_MASK		MASK	0x1000	4096	10890
B	RTL8367B_SVLAN_SP2C_ENTRY14_CTRL1_VID_OFFSET		OFFSET_SHIFT	0	0	10891
B	RTL8367B_SVLAN_SP2C_ENTRY14_CTRL1_VID_MASK		MASK	0xFFF	4095	10892
B	RTL8367B_REG_SVLAN_SP2C_ENTRY15_CTRL0		REGISTER	0x0f1e	3870	10894
B	RTL8367B_SVLAN_SP2C_ENTRY15_CTRL0_SVIDX_OFFSET		OFFSET_SHIFT	3	3	10895
B	RTL8367B_SVLAN_SP2C_ENTRY15_CTRL0_SVIDX_MASK		MASK	0x1F8	504	10896
B	RTL8367B_SVLAN_SP2C_ENTRY15_CTRL0_DST_PORT_OFFSET		OFFSET_SHIFT	0	0	10897
B	RTL8367B_SVLAN_SP2C_ENTRY15_CTRL0_DST_PORT_MASK		MASK	0x7	7	10898
B	RTL8367B_REG_SVLAN_SP2C_ENTRY15_CTRL1		REGISTER	0x0f1f	3871	10900
B	RTL8367B_SVLAN_SP2C_ENTRY15_CTRL1_VALID_OFFSET		OFFSET_SHIFT	12	12	10901
B	RTL8367B_SVLAN_SP2C_ENTRY15_CTRL1_VALID_MASK		MASK	0x1000	4096	10902
B	RTL8367B_SVLAN_SP2C_ENTRY15_CTRL1_VID_OFFSET		OFFSET_SHIFT	0	0	10903
B	RTL8367B_SVLAN_SP2C_ENTRY15_CTRL1_VID_MASK		MASK	0xFFF	4095	10904
B	RTL8367B_REG_SVLAN_SP2C_ENTRY16_CTRL0		REGISTER	0x0f20	3872	10906
B	RTL8367B_SVLAN_SP2C_ENTRY16_CTRL0_SVIDX_OFFSET		OFFSET_SHIFT	3	3	10907
B	RTL8367B_SVLAN_SP2C_ENTRY16_CTRL0_SVIDX_MASK		MASK	0x1F8	504	10908
B	RTL8367B_SVLAN_SP2C_ENTRY16_CTRL0_DST_PORT_OFFSET		OFFSET_SHIFT	0	0	10909
B	RTL8367B_SVLAN_SP2C_ENTRY16_CTRL0_DST_PORT_MASK		MASK	0x7	7	10910
B	RTL8367B_REG_SVLAN_SP2C_ENTRY16_CTRL1		REGISTER	0x0f21	3873	10912
B	RTL8367B_SVLAN_SP2C_ENTRY16_CTRL1_VALID_OFFSET		OFFSET_SHIFT	12	12	10913
B	RTL8367B_SVLAN_SP2C_ENTRY16_CTRL1_VALID_MASK		MASK	0x1000	4096	10914
B	RTL8367B_SVLAN_SP2C_ENTRY16_CTRL1_VID_OFFSET		OFFSET_SHIFT	0	0	10915
B	RTL8367B_SVLAN_SP2C_ENTRY16_CTRL1_VID_MASK		MASK	0xFFF	4095	10916
B	RTL8367B_REG_SVLAN_SP2C_ENTRY17_CTRL0		REGISTER	0x0f22	3874	10918
B	RTL8367B_SVLAN_SP2C_ENTRY17_CTRL0_SVIDX_OFFSET		OFFSET_SHIFT	3	3	10919
B	RTL8367B_SVLAN_SP2C_ENTRY17_CTRL0_SVIDX_MASK		MASK	0x1F8	504	10920
B	RTL8367B_SVLAN_SP2C_ENTRY17_CTRL0_DST_PORT_OFFSET		OFFSET_SHIFT	0	0	10921
B	RTL8367B_SVLAN_SP2C_ENTRY17_CTRL0_DST_PORT_MASK		MASK	0x7	7	10922
B	RTL8367B_REG_SVLAN_SP2C_ENTRY17_CTRL1		REGISTER	0x0f23	3875	10924
B	RTL8367B_SVLAN_SP2C_ENTRY17_CTRL1_VALID_OFFSET		OFFSET_SHIFT	12	12	10925
B	RTL8367B_SVLAN_SP2C_ENTRY17_CTRL1_VALID_MASK		MASK	0x1000	4096	10926
B	RTL8367B_SVLAN_SP2C_ENTRY17_CTRL1_VID_OFFSET		OFFSET_SHIFT	0	0	10927
B	RTL8367B_SVLAN_SP2C_ENTRY17_CTRL1_VID_MASK		MASK	0xFFF	4095	10928
B	RTL8367B_REG_SVLAN_SP2C_ENTRY18_CTRL0		REGISTER	0x0f24	3876	10930
B	RTL8367B_SVLAN_SP2C_ENTRY18_CTRL0_SVIDX_OFFSET		OFFSET_SHIFT	3	3	10931
B	RTL8367B_SVLAN_SP2C_ENTRY18_CTRL0_SVIDX_MASK		MASK	0x1F8	504	10932
B	RTL8367B_SVLAN_SP2C_ENTRY18_CTRL0_DST_PORT_OFFSET		OFFSET_SHIFT	0	0	10933
B	RTL8367B_SVLAN_SP2C_ENTRY18_CTRL0_DST_PORT_MASK		MASK	0x7	7	10934
B	RTL8367B_REG_SVLAN_SP2C_ENTRY18_CTRL1		REGISTER	0x0f25	3877	10936
B	RTL8367B_SVLAN_SP2C_ENTRY18_CTRL1_VALID_OFFSET		OFFSET_SHIFT	12	12	10937
B	RTL8367B_SVLAN_SP2C_ENTRY18_CTRL1_VALID_MASK		MASK	0x1000	4096	10938
B	RTL8367B_SVLAN_SP2C_ENTRY18_CTRL1_VID_OFFSET		OFFSET_SHIFT	0	0	10939
B	RTL8367B_SVLAN_SP2C_ENTRY18_CTRL1_VID_MASK		MASK	0xFFF	4095	10940
B	RTL8367B_REG_SVLAN_SP2C_ENTRY19_CTRL0		REGISTER	0x0f26	3878	10942
B	RTL8367B_SVLAN_SP2C_ENTRY19_CTRL0_SVIDX_OFFSET		OFFSET_SHIFT	3	3	10943
B	RTL8367B_SVLAN_SP2C_ENTRY19_CTRL0_SVIDX_MASK		MASK	0x1F8	504	10944
B	RTL8367B_SVLAN_SP2C_ENTRY19_CTRL0_DST_PORT_OFFSET		OFFSET_SHIFT	0	0	10945
B	RTL8367B_SVLAN_SP2C_ENTRY19_CTRL0_DST_PORT_MASK		MASK	0x7	7	10946
B	RTL8367B_REG_SVLAN_SP2C_ENTRY19_CTRL1		REGISTER	0x0f27	3879	10948
B	RTL8367B_SVLAN_SP2C_ENTRY19_CTRL1_VALID_OFFSET		OFFSET_SHIFT	12	12	10949
B	RTL8367B_SVLAN_SP2C_ENTRY19_CTRL1_VALID_MASK		MASK	0x1000	4096	10950
B	RTL8367B_SVLAN_SP2C_ENTRY19_CTRL1_VID_OFFSET		OFFSET_SHIFT	0	0	10951
B	RTL8367B_SVLAN_SP2C_ENTRY19_CTRL1_VID_MASK		MASK	0xFFF	4095	10952
B	RTL8367B_REG_SVLAN_SP2C_ENTRY20_CTRL0		REGISTER	0x0f28	3880	10954
B	RTL8367B_SVLAN_SP2C_ENTRY20_CTRL0_SVIDX_OFFSET		OFFSET_SHIFT	3	3	10955
B	RTL8367B_SVLAN_SP2C_ENTRY20_CTRL0_SVIDX_MASK		MASK	0x1F8	504	10956
B	RTL8367B_SVLAN_SP2C_ENTRY20_CTRL0_DST_PORT_OFFSET		OFFSET_SHIFT	0	0	10957
B	RTL8367B_SVLAN_SP2C_ENTRY20_CTRL0_DST_PORT_MASK		MASK	0x7	7	10958
B	RTL8367B_REG_SVLAN_SP2C_ENTRY20_CTRL1		REGISTER	0x0f29	3881	10960
B	RTL8367B_SVLAN_SP2C_ENTRY20_CTRL1_VALID_OFFSET		OFFSET_SHIFT	12	12	10961
B	RTL8367B_SVLAN_SP2C_ENTRY20_CTRL1_VALID_MASK		MASK	0x1000	4096	10962
B	RTL8367B_SVLAN_SP2C_ENTRY20_CTRL1_VID_OFFSET		OFFSET_SHIFT	0	0	10963
B	RTL8367B_SVLAN_SP2C_ENTRY20_CTRL1_VID_MASK		MASK	0xFFF	4095	10964
B	RTL8367B_REG_SVLAN_SP2C_ENTRY21_CTRL0		REGISTER	0x0f2a	3882	10966
B	RTL8367B_SVLAN_SP2C_ENTRY21_CTRL0_SVIDX_OFFSET		OFFSET_SHIFT	3	3	10967
B	RTL8367B_SVLAN_SP2C_ENTRY21_CTRL0_SVIDX_MASK		MASK	0x1F8	504	10968
B	RTL8367B_SVLAN_SP2C_ENTRY21_CTRL0_DST_PORT_OFFSET		OFFSET_SHIFT	0	0	10969
B	RTL8367B_SVLAN_SP2C_ENTRY21_CTRL0_DST_PORT_MASK		MASK	0x7	7	10970
B	RTL8367B_REG_SVLAN_SP2C_ENTRY21_CTRL1		REGISTER	0x0f2b	3883	10972
B	RTL8367B_SVLAN_SP2C_ENTRY21_CTRL1_VALID_OFFSET		OFFSET_SHIFT	12	12	10973
B	RTL8367B_SVLAN_SP2C_ENTRY21_CTRL1_VALID_MASK		MASK	0x1000	4096	10974
B	RTL8367B_SVLAN_SP2C_ENTRY21_CTRL1_VID_OFFSET		OFFSET_SHIFT	0	0	10975
B	RTL8367B_SVLAN_SP2C_ENTRY21_CTRL1_VID_MASK		MASK	0xFFF	4095	10976
B	RTL8367B_REG_SVLAN_SP2C_ENTRY22_CTRL0		REGISTER	0x0f2c	3884	10978
B	RTL8367B_SVLAN_SP2C_ENTRY22_CTRL0_SVIDX_OFFSET		OFFSET_SHIFT	3	3	10979
B	RTL8367B_SVLAN_SP2C_ENTRY22_CTRL0_SVIDX_MASK		MASK	0x1F8	504	10980
B	RTL8367B_SVLAN_SP2C_ENTRY22_CTRL0_DST_PORT_OFFSET		OFFSET_SHIFT	0	0	10981
B	RTL8367B_SVLAN_SP2C_ENTRY22_CTRL0_DST_PORT_MASK		MASK	0x7	7	10982
B	RTL8367B_REG_SVLAN_SP2C_ENTRY22_CTRL1		REGISTER	0x0f2d	3885	10984
B	RTL8367B_SVLAN_SP2C_ENTRY22_CTRL1_VALID_OFFSET		OFFSET_SHIFT	12	12	10985
B	RTL8367B_SVLAN_SP2C_ENTRY22_CTRL1_VALID_MASK		MASK	0x1000	4096	10986
B	RTL8367B_SVLAN_SP2C_ENTRY22_CTRL1_VID_OFFSET		OFFSET_SHIFT	0	0	10987
B	RTL8367B_SVLAN_SP2C_ENTRY22_CTRL1_VID_MASK		MASK	0xFFF	4095	10988
B	RTL8367B_REG_SVLAN_SP2C_ENTRY23_CTRL0		REGISTER	0x0f2e	3886	10990
B	RTL8367B_SVLAN_SP2C_ENTRY23_CTRL0_SVIDX_OFFSET		OFFSET_SHIFT	3	3	10991
B	RTL8367B_SVLAN_SP2C_ENTRY23_CTRL0_SVIDX_MASK		MASK	0x1F8	504	10992
B	RTL8367B_SVLAN_SP2C_ENTRY23_CTRL0_DST_PORT_OFFSET		OFFSET_SHIFT	0	0	10993
B	RTL8367B_SVLAN_SP2C_ENTRY23_CTRL0_DST_PORT_MASK		MASK	0x7	7	10994
B	RTL8367B_REG_SVLAN_SP2C_ENTRY23_CTRL1		REGISTER	0x0f2f	3887	10996
B	RTL8367B_SVLAN_SP2C_ENTRY23_CTRL1_VALID_OFFSET		OFFSET_SHIFT	12	12	10997
B	RTL8367B_SVLAN_SP2C_ENTRY23_CTRL1_VALID_MASK		MASK	0x1000	4096	10998
B	RTL8367B_SVLAN_SP2C_ENTRY23_CTRL1_VID_OFFSET		OFFSET_SHIFT	0	0	10999
B	RTL8367B_SVLAN_SP2C_ENTRY23_CTRL1_VID_MASK		MASK	0xFFF	4095	11000
B	RTL8367B_REG_SVLAN_SP2C_ENTRY24_CTRL0		REGISTER	0x0f30	3888	11002
B	RTL8367B_SVLAN_SP2C_ENTRY24_CTRL0_SVIDX_OFFSET		OFFSET_SHIFT	3	3	11003
B	RTL8367B_SVLAN_SP2C_ENTRY24_CTRL0_SVIDX_MASK		MASK	0x1F8	504	11004
B	RTL8367B_SVLAN_SP2C_ENTRY24_CTRL0_DST_PORT_OFFSET		OFFSET_SHIFT	0	0	11005
B	RTL8367B_SVLAN_SP2C_ENTRY24_CTRL0_DST_PORT_MASK		MASK	0x7	7	11006
B	RTL8367B_REG_SVLAN_SP2C_ENTRY24_CTRL1		REGISTER	0x0f31	3889	11008
B	RTL8367B_SVLAN_SP2C_ENTRY24_CTRL1_VALID_OFFSET		OFFSET_SHIFT	12	12	11009
B	RTL8367B_SVLAN_SP2C_ENTRY24_CTRL1_VALID_MASK		MASK	0x1000	4096	11010
B	RTL8367B_SVLAN_SP2C_ENTRY24_CTRL1_VID_OFFSET		OFFSET_SHIFT	0	0	11011
B	RTL8367B_SVLAN_SP2C_ENTRY24_CTRL1_VID_MASK		MASK	0xFFF	4095	11012
B	RTL8367B_REG_SVLAN_SP2C_ENTRY25_CTRL0		REGISTER	0x0f32	3890	11014
B	RTL8367B_SVLAN_SP2C_ENTRY25_CTRL0_SVIDX_OFFSET		OFFSET_SHIFT	3	3	11015
B	RTL8367B_SVLAN_SP2C_ENTRY25_CTRL0_SVIDX_MASK		MASK	0x1F8	504	11016
B	RTL8367B_SVLAN_SP2C_ENTRY25_CTRL0_DST_PORT_OFFSET		OFFSET_SHIFT	0	0	11017
B	RTL8367B_SVLAN_SP2C_ENTRY25_CTRL0_DST_PORT_MASK		MASK	0x7	7	11018
B	RTL8367B_REG_SVLAN_SP2C_ENTRY25_CTRL1		REGISTER	0x0f33	3891	11020
B	RTL8367B_SVLAN_SP2C_ENTRY25_CTRL1_VALID_OFFSET		OFFSET_SHIFT	12	12	11021
B	RTL8367B_SVLAN_SP2C_ENTRY25_CTRL1_VALID_MASK		MASK	0x1000	4096	11022
B	RTL8367B_SVLAN_SP2C_ENTRY25_CTRL1_VID_OFFSET		OFFSET_SHIFT	0	0	11023
B	RTL8367B_SVLAN_SP2C_ENTRY25_CTRL1_VID_MASK		MASK	0xFFF	4095	11024
B	RTL8367B_REG_SVLAN_SP2C_ENTRY26_CTRL0		REGISTER	0x0f34	3892	11026
B	RTL8367B_SVLAN_SP2C_ENTRY26_CTRL0_SVIDX_OFFSET		OFFSET_SHIFT	3	3	11027
B	RTL8367B_SVLAN_SP2C_ENTRY26_CTRL0_SVIDX_MASK		MASK	0x1F8	504	11028
B	RTL8367B_SVLAN_SP2C_ENTRY26_CTRL0_DST_PORT_OFFSET		OFFSET_SHIFT	0	0	11029
B	RTL8367B_SVLAN_SP2C_ENTRY26_CTRL0_DST_PORT_MASK		MASK	0x7	7	11030
B	RTL8367B_REG_SVLAN_SP2C_ENTRY26_CTRL1		REGISTER	0x0f35	3893	11032
B	RTL8367B_SVLAN_SP2C_ENTRY26_CTRL1_VALID_OFFSET		OFFSET_SHIFT	12	12	11033
B	RTL8367B_SVLAN_SP2C_ENTRY26_CTRL1_VALID_MASK		MASK	0x1000	4096	11034
B	RTL8367B_SVLAN_SP2C_ENTRY26_CTRL1_VID_OFFSET		OFFSET_SHIFT	0	0	11035
B	RTL8367B_SVLAN_SP2C_ENTRY26_CTRL1_VID_MASK		MASK	0xFFF	4095	11036
B	RTL8367B_REG_SVLAN_SP2C_ENTRY27_CTRL0		REGISTER	0x0f36	3894	11038
B	RTL8367B_SVLAN_SP2C_ENTRY27_CTRL0_SVIDX_OFFSET		OFFSET_SHIFT	3	3	11039
B	RTL8367B_SVLAN_SP2C_ENTRY27_CTRL0_SVIDX_MASK		MASK	0x1F8	504	11040
B	RTL8367B_SVLAN_SP2C_ENTRY27_CTRL0_DST_PORT_OFFSET		OFFSET_SHIFT	0	0	11041
B	RTL8367B_SVLAN_SP2C_ENTRY27_CTRL0_DST_PORT_MASK		MASK	0x7	7	11042
B	RTL8367B_REG_SVLAN_SP2C_ENTRY27_CTRL1		REGISTER	0x0f37	3895	11044
B	RTL8367B_SVLAN_SP2C_ENTRY27_CTRL1_VALID_OFFSET		OFFSET_SHIFT	12	12	11045
B	RTL8367B_SVLAN_SP2C_ENTRY27_CTRL1_VALID_MASK		MASK	0x1000	4096	11046
B	RTL8367B_SVLAN_SP2C_ENTRY27_CTRL1_VID_OFFSET		OFFSET_SHIFT	0	0	11047
B	RTL8367B_SVLAN_SP2C_ENTRY27_CTRL1_VID_MASK		MASK	0xFFF	4095	11048
B	RTL8367B_REG_SVLAN_SP2C_ENTRY28_CTRL0		REGISTER	0x0f38	3896	11050
B	RTL8367B_SVLAN_SP2C_ENTRY28_CTRL0_SVIDX_OFFSET		OFFSET_SHIFT	3	3	11051
B	RTL8367B_SVLAN_SP2C_ENTRY28_CTRL0_SVIDX_MASK		MASK	0x1F8	504	11052
B	RTL8367B_SVLAN_SP2C_ENTRY28_CTRL0_DST_PORT_OFFSET		OFFSET_SHIFT	0	0	11053
B	RTL8367B_SVLAN_SP2C_ENTRY28_CTRL0_DST_PORT_MASK		MASK	0x7	7	11054
B	RTL8367B_REG_SVLAN_SP2C_ENTRY28_CTRL1		REGISTER	0x0f39	3897	11056
B	RTL8367B_SVLAN_SP2C_ENTRY28_CTRL1_VALID_OFFSET		OFFSET_SHIFT	12	12	11057
B	RTL8367B_SVLAN_SP2C_ENTRY28_CTRL1_VALID_MASK		MASK	0x1000	4096	11058
B	RTL8367B_SVLAN_SP2C_ENTRY28_CTRL1_VID_OFFSET		OFFSET_SHIFT	0	0	11059
B	RTL8367B_SVLAN_SP2C_ENTRY28_CTRL1_VID_MASK		MASK	0xFFF	4095	11060
B	RTL8367B_REG_SVLAN_SP2C_ENTRY29_CTRL0		REGISTER	0x0f3a	3898	11062
B	RTL8367B_SVLAN_SP2C_ENTRY29_CTRL0_SVIDX_OFFSET		OFFSET_SHIFT	3	3	11063
B	RTL8367B_SVLAN_SP2C_ENTRY29_CTRL0_SVIDX_MASK		MASK	0x1F8	504	11064
B	RTL8367B_SVLAN_SP2C_ENTRY29_CTRL0_DST_PORT_OFFSET		OFFSET_SHIFT	0	0	11065
B	RTL8367B_SVLAN_SP2C_ENTRY29_CTRL0_DST_PORT_MASK		MASK	0x7	7	11066
B	RTL8367B_REG_SVLAN_SP2C_ENTRY29_CTRL1		REGISTER	0x0f3b	3899	11068
B	RTL8367B_SVLAN_SP2C_ENTRY29_CTRL1_VALID_OFFSET		OFFSET_SHIFT	12	12	11069
B	RTL8367B_SVLAN_SP2C_ENTRY29_CTRL1_VALID_MASK		MASK	0x1000	4096	11070
B	RTL8367B_SVLAN_SP2C_ENTRY29_CTRL1_VID_OFFSET		OFFSET_SHIFT	0	0	11071
B	RTL8367B_SVLAN_SP2C_ENTRY29_CTRL1_VID_MASK		MASK	0xFFF	4095	11072
B	RTL8367B_REG_SVLAN_SP2C_ENTRY30_CTRL0		REGISTER	0x0f3c	3900	11074
B	RTL8367B_SVLAN_SP2C_ENTRY30_CTRL0_SVIDX_OFFSET		OFFSET_SHIFT	3	3	11075
B	RTL8367B_SVLAN_SP2C_ENTRY30_CTRL0_SVIDX_MASK		MASK	0x1F8	504	11076
B	RTL8367B_SVLAN_SP2C_ENTRY30_CTRL0_DST_PORT_OFFSET		OFFSET_SHIFT	0	0	11077
B	RTL8367B_SVLAN_SP2C_ENTRY30_CTRL0_DST_PORT_MASK		MASK	0x7	7	11078
B	RTL8367B_REG_SVLAN_SP2C_ENTRY30_CTRL1		REGISTER	0x0f3d	3901	11080
B	RTL8367B_SVLAN_SP2C_ENTRY30_CTRL1_VALID_OFFSET		OFFSET_SHIFT	12	12	11081
B	RTL8367B_SVLAN_SP2C_ENTRY30_CTRL1_VALID_MASK		MASK	0x1000	4096	11082
B	RTL8367B_SVLAN_SP2C_ENTRY30_CTRL1_VID_OFFSET		OFFSET_SHIFT	0	0	11083
B	RTL8367B_SVLAN_SP2C_ENTRY30_CTRL1_VID_MASK		MASK	0xFFF	4095	11084
B	RTL8367B_REG_SVLAN_SP2C_ENTRY31_CTRL0		REGISTER	0x0f3e	3902	11086
B	RTL8367B_SVLAN_SP2C_ENTRY31_CTRL0_SVIDX_OFFSET		OFFSET_SHIFT	3	3	11087
B	RTL8367B_SVLAN_SP2C_ENTRY31_CTRL0_SVIDX_MASK		MASK	0x1F8	504	11088
B	RTL8367B_SVLAN_SP2C_ENTRY31_CTRL0_DST_PORT_OFFSET		OFFSET_SHIFT	0	0	11089
B	RTL8367B_SVLAN_SP2C_ENTRY31_CTRL0_DST_PORT_MASK		MASK	0x7	7	11090
B	RTL8367B_REG_SVLAN_SP2C_ENTRY31_CTRL1		REGISTER	0x0f3f	3903	11092
B	RTL8367B_SVLAN_SP2C_ENTRY31_CTRL1_VALID_OFFSET		OFFSET_SHIFT	12	12	11093
B	RTL8367B_SVLAN_SP2C_ENTRY31_CTRL1_VALID_MASK		MASK	0x1000	4096	11094
B	RTL8367B_SVLAN_SP2C_ENTRY31_CTRL1_VID_OFFSET		OFFSET_SHIFT	0	0	11095
B	RTL8367B_SVLAN_SP2C_ENTRY31_CTRL1_VID_MASK		MASK	0xFFF	4095	11096
B	RTL8367B_REG_SVLAN_SP2C_ENTRY32_CTRL0		REGISTER	0x0f40	3904	11098
B	RTL8367B_SVLAN_SP2C_ENTRY32_CTRL0_SVIDX_OFFSET		OFFSET_SHIFT	3	3	11099
B	RTL8367B_SVLAN_SP2C_ENTRY32_CTRL0_SVIDX_MASK		MASK	0x1F8	504	11100
B	RTL8367B_SVLAN_SP2C_ENTRY32_CTRL0_DST_PORT_OFFSET		OFFSET_SHIFT	0	0	11101
B	RTL8367B_SVLAN_SP2C_ENTRY32_CTRL0_DST_PORT_MASK		MASK	0x7	7	11102
B	RTL8367B_REG_SVLAN_SP2C_ENTRY32_CTRL1		REGISTER	0x0f41	3905	11104
B	RTL8367B_SVLAN_SP2C_ENTRY32_CTRL1_VALID_OFFSET		OFFSET_SHIFT	12	12	11105
B	RTL8367B_SVLAN_SP2C_ENTRY32_CTRL1_VALID_MASK		MASK	0x1000	4096	11106
B	RTL8367B_SVLAN_SP2C_ENTRY32_CTRL1_VID_OFFSET		OFFSET_SHIFT	0	0	11107
B	RTL8367B_SVLAN_SP2C_ENTRY32_CTRL1_VID_MASK		MASK	0xFFF	4095	11108
B	RTL8367B_REG_SVLAN_SP2C_ENTRY33_CTRL0		REGISTER	0x0f42	3906	11110
B	RTL8367B_SVLAN_SP2C_ENTRY33_CTRL0_SVIDX_OFFSET		OFFSET_SHIFT	3	3	11111
B	RTL8367B_SVLAN_SP2C_ENTRY33_CTRL0_SVIDX_MASK		MASK	0x1F8	504	11112
B	RTL8367B_SVLAN_SP2C_ENTRY33_CTRL0_DST_PORT_OFFSET		OFFSET_SHIFT	0	0	11113
B	RTL8367B_SVLAN_SP2C_ENTRY33_CTRL0_DST_PORT_MASK		MASK	0x7	7	11114
B	RTL8367B_REG_SVLAN_SP2C_ENTRY33_CTRL1		REGISTER	0x0f43	3907	11116
B	RTL8367B_SVLAN_SP2C_ENTRY33_CTRL1_VALID_OFFSET		OFFSET_SHIFT	12	12	11117
B	RTL8367B_SVLAN_SP2C_ENTRY33_CTRL1_VALID_MASK		MASK	0x1000	4096	11118
B	RTL8367B_SVLAN_SP2C_ENTRY33_CTRL1_VID_OFFSET		OFFSET_SHIFT	0	0	11119
B	RTL8367B_SVLAN_SP2C_ENTRY33_CTRL1_VID_MASK		MASK	0xFFF	4095	11120
B	RTL8367B_REG_SVLAN_SP2C_ENTRY34_CTRL0		REGISTER	0x0f44	3908	11122
B	RTL8367B_SVLAN_SP2C_ENTRY34_CTRL0_SVIDX_OFFSET		OFFSET_SHIFT	3	3	11123
B	RTL8367B_SVLAN_SP2C_ENTRY34_CTRL0_SVIDX_MASK		MASK	0x1F8	504	11124
B	RTL8367B_SVLAN_SP2C_ENTRY34_CTRL0_DST_PORT_OFFSET		OFFSET_SHIFT	0	0	11125
B	RTL8367B_SVLAN_SP2C_ENTRY34_CTRL0_DST_PORT_MASK		MASK	0x7	7	11126
B	RTL8367B_REG_SVLAN_SP2C_ENTRY34_CTRL1		REGISTER	0x0f45	3909	11128
B	RTL8367B_SVLAN_SP2C_ENTRY34_CTRL1_VALID_OFFSET		OFFSET_SHIFT	12	12	11129
B	RTL8367B_SVLAN_SP2C_ENTRY34_CTRL1_VALID_MASK		MASK	0x1000	4096	11130
B	RTL8367B_SVLAN_SP2C_ENTRY34_CTRL1_VID_OFFSET		OFFSET_SHIFT	0	0	11131
B	RTL8367B_SVLAN_SP2C_ENTRY34_CTRL1_VID_MASK		MASK	0xFFF	4095	11132
B	RTL8367B_REG_SVLAN_SP2C_ENTRY35_CTRL0		REGISTER	0x0f46	3910	11134
B	RTL8367B_SVLAN_SP2C_ENTRY35_CTRL0_SVIDX_OFFSET		OFFSET_SHIFT	3	3	11135
B	RTL8367B_SVLAN_SP2C_ENTRY35_CTRL0_SVIDX_MASK		MASK	0x1F8	504	11136
B	RTL8367B_SVLAN_SP2C_ENTRY35_CTRL0_DST_PORT_OFFSET		OFFSET_SHIFT	0	0	11137
B	RTL8367B_SVLAN_SP2C_ENTRY35_CTRL0_DST_PORT_MASK		MASK	0x7	7	11138
B	RTL8367B_REG_SVLAN_SP2C_ENTRY35_CTRL1		REGISTER	0x0f47	3911	11140
B	RTL8367B_SVLAN_SP2C_ENTRY35_CTRL1_VALID_OFFSET		OFFSET_SHIFT	12	12	11141
B	RTL8367B_SVLAN_SP2C_ENTRY35_CTRL1_VALID_MASK		MASK	0x1000	4096	11142
B	RTL8367B_SVLAN_SP2C_ENTRY35_CTRL1_VID_OFFSET		OFFSET_SHIFT	0	0	11143
B	RTL8367B_SVLAN_SP2C_ENTRY35_CTRL1_VID_MASK		MASK	0xFFF	4095	11144
B	RTL8367B_REG_SVLAN_SP2C_ENTRY36_CTRL0		REGISTER	0x0f48	3912	11146
B	RTL8367B_SVLAN_SP2C_ENTRY36_CTRL0_SVIDX_OFFSET		OFFSET_SHIFT	3	3	11147
B	RTL8367B_SVLAN_SP2C_ENTRY36_CTRL0_SVIDX_MASK		MASK	0x1F8	504	11148
B	RTL8367B_SVLAN_SP2C_ENTRY36_CTRL0_DST_PORT_OFFSET		OFFSET_SHIFT	0	0	11149
B	RTL8367B_SVLAN_SP2C_ENTRY36_CTRL0_DST_PORT_MASK		MASK	0x7	7	11150
B	RTL8367B_REG_SVLAN_SP2C_ENTRY36_CTRL1		REGISTER	0x0f49	3913	11152
B	RTL8367B_SVLAN_SP2C_ENTRY36_CTRL1_VALID_OFFSET		OFFSET_SHIFT	12	12	11153
B	RTL8367B_SVLAN_SP2C_ENTRY36_CTRL1_VALID_MASK		MASK	0x1000	4096	11154
B	RTL8367B_SVLAN_SP2C_ENTRY36_CTRL1_VID_OFFSET		OFFSET_SHIFT	0	0	11155
B	RTL8367B_SVLAN_SP2C_ENTRY36_CTRL1_VID_MASK		MASK	0xFFF	4095	11156
B	RTL8367B_REG_SVLAN_SP2C_ENTRY37_CTRL0		REGISTER	0x0f4a	3914	11158
B	RTL8367B_SVLAN_SP2C_ENTRY37_CTRL0_SVIDX_OFFSET		OFFSET_SHIFT	3	3	11159
B	RTL8367B_SVLAN_SP2C_ENTRY37_CTRL0_SVIDX_MASK		MASK	0x1F8	504	11160
B	RTL8367B_SVLAN_SP2C_ENTRY37_CTRL0_DST_PORT_OFFSET		OFFSET_SHIFT	0	0	11161
B	RTL8367B_SVLAN_SP2C_ENTRY37_CTRL0_DST_PORT_MASK		MASK	0x7	7	11162
B	RTL8367B_REG_SVLAN_SP2C_ENTRY37_CTRL1		REGISTER	0x0f4b	3915	11164
B	RTL8367B_SVLAN_SP2C_ENTRY37_CTRL1_VALID_OFFSET		OFFSET_SHIFT	12	12	11165
B	RTL8367B_SVLAN_SP2C_ENTRY37_CTRL1_VALID_MASK		MASK	0x1000	4096	11166
B	RTL8367B_SVLAN_SP2C_ENTRY37_CTRL1_VID_OFFSET		OFFSET_SHIFT	0	0	11167
B	RTL8367B_SVLAN_SP2C_ENTRY37_CTRL1_VID_MASK		MASK	0xFFF	4095	11168
B	RTL8367B_REG_SVLAN_SP2C_ENTRY38_CTRL0		REGISTER	0x0f4c	3916	11170
B	RTL8367B_SVLAN_SP2C_ENTRY38_CTRL0_SVIDX_OFFSET		OFFSET_SHIFT	3	3	11171
B	RTL8367B_SVLAN_SP2C_ENTRY38_CTRL0_SVIDX_MASK		MASK	0x1F8	504	11172
B	RTL8367B_SVLAN_SP2C_ENTRY38_CTRL0_DST_PORT_OFFSET		OFFSET_SHIFT	0	0	11173
B	RTL8367B_SVLAN_SP2C_ENTRY38_CTRL0_DST_PORT_MASK		MASK	0x7	7	11174
B	RTL8367B_REG_SVLAN_SP2C_ENTRY38_CTRL1		REGISTER	0x0f4d	3917	11176
B	RTL8367B_SVLAN_SP2C_ENTRY38_CTRL1_VALID_OFFSET		OFFSET_SHIFT	12	12	11177
B	RTL8367B_SVLAN_SP2C_ENTRY38_CTRL1_VALID_MASK		MASK	0x1000	4096	11178
B	RTL8367B_SVLAN_SP2C_ENTRY38_CTRL1_VID_OFFSET		OFFSET_SHIFT	0	0	11179
B	RTL8367B_SVLAN_SP2C_ENTRY38_CTRL1_VID_MASK		MASK	0xFFF	4095	11180
B	RTL8367B_REG_SVLAN_SP2C_ENTRY39_CTRL0		REGISTER	0x0f4e	3918	11182
B	RTL8367B_SVLAN_SP2C_ENTRY39_CTRL0_SVIDX_OFFSET		OFFSET_SHIFT	3	3	11183
B	RTL8367B_SVLAN_SP2C_ENTRY39_CTRL0_SVIDX_MASK		MASK	0x1F8	504	11184
B	RTL8367B_SVLAN_SP2C_ENTRY39_CTRL0_DST_PORT_OFFSET		OFFSET_SHIFT	0	0	11185
B	RTL8367B_SVLAN_SP2C_ENTRY39_CTRL0_DST_PORT_MASK		MASK	0x7	7	11186
B	RTL8367B_REG_SVLAN_SP2C_ENTRY39_CTRL1		REGISTER	0x0f4f	3919	11188
B	RTL8367B_SVLAN_SP2C_ENTRY39_CTRL1_VALID_OFFSET		OFFSET_SHIFT	12	12	11189
B	RTL8367B_SVLAN_SP2C_ENTRY39_CTRL1_VALID_MASK		MASK	0x1000	4096	11190
B	RTL8367B_SVLAN_SP2C_ENTRY39_CTRL1_VID_OFFSET		OFFSET_SHIFT	0	0	11191
B	RTL8367B_SVLAN_SP2C_ENTRY39_CTRL1_VID_MASK		MASK	0xFFF	4095	11192
B	RTL8367B_REG_SVLAN_SP2C_ENTRY40_CTRL0		REGISTER	0x0f50	3920	11194
B	RTL8367B_SVLAN_SP2C_ENTRY40_CTRL0_SVIDX_OFFSET		OFFSET_SHIFT	3	3	11195
B	RTL8367B_SVLAN_SP2C_ENTRY40_CTRL0_SVIDX_MASK		MASK	0x1F8	504	11196
B	RTL8367B_SVLAN_SP2C_ENTRY40_CTRL0_DST_PORT_OFFSET		OFFSET_SHIFT	0	0	11197
B	RTL8367B_SVLAN_SP2C_ENTRY40_CTRL0_DST_PORT_MASK		MASK	0x7	7	11198
B	RTL8367B_REG_SVLAN_SP2C_ENTRY40_CTRL1		REGISTER	0x0f51	3921	11200
B	RTL8367B_SVLAN_SP2C_ENTRY40_CTRL1_VALID_OFFSET		OFFSET_SHIFT	12	12	11201
B	RTL8367B_SVLAN_SP2C_ENTRY40_CTRL1_VALID_MASK		MASK	0x1000	4096	11202
B	RTL8367B_SVLAN_SP2C_ENTRY40_CTRL1_VID_OFFSET		OFFSET_SHIFT	0	0	11203
B	RTL8367B_SVLAN_SP2C_ENTRY40_CTRL1_VID_MASK		MASK	0xFFF	4095	11204
B	RTL8367B_REG_SVLAN_SP2C_ENTRY41_CTRL0		REGISTER	0x0f52	3922	11206
B	RTL8367B_SVLAN_SP2C_ENTRY41_CTRL0_SVIDX_OFFSET		OFFSET_SHIFT	3	3	11207
B	RTL8367B_SVLAN_SP2C_ENTRY41_CTRL0_SVIDX_MASK		MASK	0x1F8	504	11208
B	RTL8367B_SVLAN_SP2C_ENTRY41_CTRL0_DST_PORT_OFFSET		OFFSET_SHIFT	0	0	11209
B	RTL8367B_SVLAN_SP2C_ENTRY41_CTRL0_DST_PORT_MASK		MASK	0x7	7	11210
B	RTL8367B_REG_SVLAN_SP2C_ENTRY41_CTRL1		REGISTER	0x0f53	3923	11212
B	RTL8367B_SVLAN_SP2C_ENTRY41_CTRL1_VALID_OFFSET		OFFSET_SHIFT	12	12	11213
B	RTL8367B_SVLAN_SP2C_ENTRY41_CTRL1_VALID_MASK		MASK	0x1000	4096	11214
B	RTL8367B_SVLAN_SP2C_ENTRY41_CTRL1_VID_OFFSET		OFFSET_SHIFT	0	0	11215
B	RTL8367B_SVLAN_SP2C_ENTRY41_CTRL1_VID_MASK		MASK	0xFFF	4095	11216
B	RTL8367B_REG_SVLAN_SP2C_ENTRY42_CTRL0		REGISTER	0x0f54	3924	11218
B	RTL8367B_SVLAN_SP2C_ENTRY42_CTRL0_SVIDX_OFFSET		OFFSET_SHIFT	3	3	11219
B	RTL8367B_SVLAN_SP2C_ENTRY42_CTRL0_SVIDX_MASK		MASK	0x1F8	504	11220
B	RTL8367B_SVLAN_SP2C_ENTRY42_CTRL0_DST_PORT_OFFSET		OFFSET_SHIFT	0	0	11221
B	RTL8367B_SVLAN_SP2C_ENTRY42_CTRL0_DST_PORT_MASK		MASK	0x7	7	11222
B	RTL8367B_REG_SVLAN_SP2C_ENTRY42_CTRL1		REGISTER	0x0f55	3925	11224
B	RTL8367B_SVLAN_SP2C_ENTRY42_CTRL1_VALID_OFFSET		OFFSET_SHIFT	12	12	11225
B	RTL8367B_SVLAN_SP2C_ENTRY42_CTRL1_VALID_MASK		MASK	0x1000	4096	11226
B	RTL8367B_SVLAN_SP2C_ENTRY42_CTRL1_VID_OFFSET		OFFSET_SHIFT	0	0	11227
B	RTL8367B_SVLAN_SP2C_ENTRY42_CTRL1_VID_MASK		MASK	0xFFF	4095	11228
B	RTL8367B_REG_SVLAN_SP2C_ENTRY43_CTRL0		REGISTER	0x0f56	3926	11230
B	RTL8367B_SVLAN_SP2C_ENTRY43_CTRL0_SVIDX_OFFSET		OFFSET_SHIFT	3	3	11231
B	RTL8367B_SVLAN_SP2C_ENTRY43_CTRL0_SVIDX_MASK		MASK	0x1F8	504	11232
B	RTL8367B_SVLAN_SP2C_ENTRY43_CTRL0_DST_PORT_OFFSET		OFFSET_SHIFT	0	0	11233
B	RTL8367B_SVLAN_SP2C_ENTRY43_CTRL0_DST_PORT_MASK		MASK	0x7	7	11234
B	RTL8367B_REG_SVLAN_SP2C_ENTRY43_CTRL1		REGISTER	0x0f57	3927	11236
B	RTL8367B_SVLAN_SP2C_ENTRY43_CTRL1_VALID_OFFSET		OFFSET_SHIFT	12	12	11237
B	RTL8367B_SVLAN_SP2C_ENTRY43_CTRL1_VALID_MASK		MASK	0x1000	4096	11238
B	RTL8367B_SVLAN_SP2C_ENTRY43_CTRL1_VID_OFFSET		OFFSET_SHIFT	0	0	11239
B	RTL8367B_SVLAN_SP2C_ENTRY43_CTRL1_VID_MASK		MASK	0xFFF	4095	11240
B	RTL8367B_REG_SVLAN_SP2C_ENTRY44_CTRL0		REGISTER	0x0f58	3928	11242
B	RTL8367B_SVLAN_SP2C_ENTRY44_CTRL0_SVIDX_OFFSET		OFFSET_SHIFT	3	3	11243
B	RTL8367B_SVLAN_SP2C_ENTRY44_CTRL0_SVIDX_MASK		MASK	0x1F8	504	11244
B	RTL8367B_SVLAN_SP2C_ENTRY44_CTRL0_DST_PORT_OFFSET		OFFSET_SHIFT	0	0	11245
B	RTL8367B_SVLAN_SP2C_ENTRY44_CTRL0_DST_PORT_MASK		MASK	0x7	7	11246
B	RTL8367B_REG_SVLAN_SP2C_ENTRY44_CTRL1		REGISTER	0x0f59	3929	11248
B	RTL8367B_SVLAN_SP2C_ENTRY44_CTRL1_VALID_OFFSET		OFFSET_SHIFT	12	12	11249
B	RTL8367B_SVLAN_SP2C_ENTRY44_CTRL1_VALID_MASK		MASK	0x1000	4096	11250
B	RTL8367B_SVLAN_SP2C_ENTRY44_CTRL1_VID_OFFSET		OFFSET_SHIFT	0	0	11251
B	RTL8367B_SVLAN_SP2C_ENTRY44_CTRL1_VID_MASK		MASK	0xFFF	4095	11252
B	RTL8367B_REG_SVLAN_SP2C_ENTRY45_CTRL0		REGISTER	0x0f5a	3930	11254
B	RTL8367B_SVLAN_SP2C_ENTRY45_CTRL0_SVIDX_OFFSET		OFFSET_SHIFT	3	3	11255
B	RTL8367B_SVLAN_SP2C_ENTRY45_CTRL0_SVIDX_MASK		MASK	0x1F8	504	11256
B	RTL8367B_SVLAN_SP2C_ENTRY45_CTRL0_DST_PORT_OFFSET		OFFSET_SHIFT	0	0	11257
B	RTL8367B_SVLAN_SP2C_ENTRY45_CTRL0_DST_PORT_MASK		MASK	0x7	7	11258
B	RTL8367B_REG_SVLAN_SP2C_ENTRY45_CTRL1		REGISTER	0x0f5b	3931	11260
B	RTL8367B_SVLAN_SP2C_ENTRY45_CTRL1_VALID_OFFSET		OFFSET_SHIFT	12	12	11261
B	RTL8367B_SVLAN_SP2C_ENTRY45_CTRL1_VALID_MASK		MASK	0x1000	4096	11262
B	RTL8367B_SVLAN_SP2C_ENTRY45_CTRL1_VID_OFFSET		OFFSET_SHIFT	0	0	11263
B	RTL8367B_SVLAN_SP2C_ENTRY45_CTRL1_VID_MASK		MASK	0xFFF	4095	11264
B	RTL8367B_REG_SVLAN_SP2C_ENTRY46_CTRL0		REGISTER	0x0f5c	3932	11266
B	RTL8367B_SVLAN_SP2C_ENTRY46_CTRL0_SVIDX_OFFSET		OFFSET_SHIFT	3	3	11267
B	RTL8367B_SVLAN_SP2C_ENTRY46_CTRL0_SVIDX_MASK		MASK	0x1F8	504	11268
B	RTL8367B_SVLAN_SP2C_ENTRY46_CTRL0_DST_PORT_OFFSET		OFFSET_SHIFT	0	0	11269
B	RTL8367B_SVLAN_SP2C_ENTRY46_CTRL0_DST_PORT_MASK		MASK	0x7	7	11270
B	RTL8367B_REG_SVLAN_SP2C_ENTRY46_CTRL1		REGISTER	0x0f5d	3933	11272
B	RTL8367B_SVLAN_SP2C_ENTRY46_CTRL1_VALID_OFFSET		OFFSET_SHIFT	12	12	11273
B	RTL8367B_SVLAN_SP2C_ENTRY46_CTRL1_VALID_MASK		MASK	0x1000	4096	11274
B	RTL8367B_SVLAN_SP2C_ENTRY46_CTRL1_VID_OFFSET		OFFSET_SHIFT	0	0	11275
B	RTL8367B_SVLAN_SP2C_ENTRY46_CTRL1_VID_MASK		MASK	0xFFF	4095	11276
B	RTL8367B_REG_SVLAN_SP2C_ENTRY47_CTRL0		REGISTER	0x0f5e	3934	11278
B	RTL8367B_SVLAN_SP2C_ENTRY47_CTRL0_SVIDX_OFFSET		OFFSET_SHIFT	3	3	11279
B	RTL8367B_SVLAN_SP2C_ENTRY47_CTRL0_SVIDX_MASK		MASK	0x1F8	504	11280
B	RTL8367B_SVLAN_SP2C_ENTRY47_CTRL0_DST_PORT_OFFSET		OFFSET_SHIFT	0	0	11281
B	RTL8367B_SVLAN_SP2C_ENTRY47_CTRL0_DST_PORT_MASK		MASK	0x7	7	11282
B	RTL8367B_REG_SVLAN_SP2C_ENTRY47_CTRL1		REGISTER	0x0f5f	3935	11284
B	RTL8367B_SVLAN_SP2C_ENTRY47_CTRL1_VALID_OFFSET		OFFSET_SHIFT	12	12	11285
B	RTL8367B_SVLAN_SP2C_ENTRY47_CTRL1_VALID_MASK		MASK	0x1000	4096	11286
B	RTL8367B_SVLAN_SP2C_ENTRY47_CTRL1_VID_OFFSET		OFFSET_SHIFT	0	0	11287
B	RTL8367B_SVLAN_SP2C_ENTRY47_CTRL1_VID_MASK		MASK	0xFFF	4095	11288
B	RTL8367B_REG_SVLAN_SP2C_ENTRY48_CTRL0		REGISTER	0x0f60	3936	11290
B	RTL8367B_SVLAN_SP2C_ENTRY48_CTRL0_SVIDX_OFFSET		OFFSET_SHIFT	3	3	11291
B	RTL8367B_SVLAN_SP2C_ENTRY48_CTRL0_SVIDX_MASK		MASK	0x1F8	504	11292
B	RTL8367B_SVLAN_SP2C_ENTRY48_CTRL0_DST_PORT_OFFSET		OFFSET_SHIFT	0	0	11293
B	RTL8367B_SVLAN_SP2C_ENTRY48_CTRL0_DST_PORT_MASK		MASK	0x7	7	11294
B	RTL8367B_REG_SVLAN_SP2C_ENTRY48_CTRL1		REGISTER	0x0f61	3937	11296
B	RTL8367B_SVLAN_SP2C_ENTRY48_CTRL1_VALID_OFFSET		OFFSET_SHIFT	12	12	11297
B	RTL8367B_SVLAN_SP2C_ENTRY48_CTRL1_VALID_MASK		MASK	0x1000	4096	11298
B	RTL8367B_SVLAN_SP2C_ENTRY48_CTRL1_VID_OFFSET		OFFSET_SHIFT	0	0	11299
B	RTL8367B_SVLAN_SP2C_ENTRY48_CTRL1_VID_MASK		MASK	0xFFF	4095	11300
B	RTL8367B_REG_SVLAN_SP2C_ENTRY49_CTRL0		REGISTER	0x0f62	3938	11302
B	RTL8367B_SVLAN_SP2C_ENTRY49_CTRL0_SVIDX_OFFSET		OFFSET_SHIFT	3	3	11303
B	RTL8367B_SVLAN_SP2C_ENTRY49_CTRL0_SVIDX_MASK		MASK	0x1F8	504	11304
B	RTL8367B_SVLAN_SP2C_ENTRY49_CTRL0_DST_PORT_OFFSET		OFFSET_SHIFT	0	0	11305
B	RTL8367B_SVLAN_SP2C_ENTRY49_CTRL0_DST_PORT_MASK		MASK	0x7	7	11306
B	RTL8367B_REG_SVLAN_SP2C_ENTRY49_CTRL1		REGISTER	0x0f63	3939	11308
B	RTL8367B_SVLAN_SP2C_ENTRY49_CTRL1_VALID_OFFSET		OFFSET_SHIFT	12	12	11309
B	RTL8367B_SVLAN_SP2C_ENTRY49_CTRL1_VALID_MASK		MASK	0x1000	4096	11310
B	RTL8367B_SVLAN_SP2C_ENTRY49_CTRL1_VID_OFFSET		OFFSET_SHIFT	0	0	11311
B	RTL8367B_SVLAN_SP2C_ENTRY49_CTRL1_VID_MASK		MASK	0xFFF	4095	11312
B	RTL8367B_REG_SVLAN_SP2C_ENTRY50_CTRL0		REGISTER	0x0f64	3940	11314
B	RTL8367B_SVLAN_SP2C_ENTRY50_CTRL0_SVIDX_OFFSET		OFFSET_SHIFT	3	3	11315
B	RTL8367B_SVLAN_SP2C_ENTRY50_CTRL0_SVIDX_MASK		MASK	0x1F8	504	11316
B	RTL8367B_SVLAN_SP2C_ENTRY50_CTRL0_DST_PORT_OFFSET		OFFSET_SHIFT	0	0	11317
B	RTL8367B_SVLAN_SP2C_ENTRY50_CTRL0_DST_PORT_MASK		MASK	0x7	7	11318
B	RTL8367B_REG_SVLAN_SP2C_ENTRY50_CTRL1		REGISTER	0x0f65	3941	11320
B	RTL8367B_SVLAN_SP2C_ENTRY50_CTRL1_VALID_OFFSET		OFFSET_SHIFT	12	12	11321
B	RTL8367B_SVLAN_SP2C_ENTRY50_CTRL1_VALID_MASK		MASK	0x1000	4096	11322
B	RTL8367B_SVLAN_SP2C_ENTRY50_CTRL1_VID_OFFSET		OFFSET_SHIFT	0	0	11323
B	RTL8367B_SVLAN_SP2C_ENTRY50_CTRL1_VID_MASK		MASK	0xFFF	4095	11324
B	RTL8367B_REG_SVLAN_SP2C_ENTRY51_CTRL0		REGISTER	0x0f66	3942	11326
B	RTL8367B_SVLAN_SP2C_ENTRY51_CTRL0_SVIDX_OFFSET		OFFSET_SHIFT	3	3	11327
B	RTL8367B_SVLAN_SP2C_ENTRY51_CTRL0_SVIDX_MASK		MASK	0x1F8	504	11328
B	RTL8367B_SVLAN_SP2C_ENTRY51_CTRL0_DST_PORT_OFFSET		OFFSET_SHIFT	0	0	11329
B	RTL8367B_SVLAN_SP2C_ENTRY51_CTRL0_DST_PORT_MASK		MASK	0x7	7	11330
B	RTL8367B_REG_SVLAN_SP2C_ENTRY51_CTRL1		REGISTER	0x0f67	3943	11332
B	RTL8367B_SVLAN_SP2C_ENTRY51_CTRL1_VALID_OFFSET		OFFSET_SHIFT	12	12	11333
B	RTL8367B_SVLAN_SP2C_ENTRY51_CTRL1_VALID_MASK		MASK	0x1000	4096	11334
B	RTL8367B_SVLAN_SP2C_ENTRY51_CTRL1_VID_OFFSET		OFFSET_SHIFT	0	0	11335
B	RTL8367B_SVLAN_SP2C_ENTRY51_CTRL1_VID_MASK		MASK	0xFFF	4095	11336
B	RTL8367B_REG_SVLAN_SP2C_ENTRY52_CTRL0		REGISTER	0x0f68	3944	11338
B	RTL8367B_SVLAN_SP2C_ENTRY52_CTRL0_SVIDX_OFFSET		OFFSET_SHIFT	3	3	11339
B	RTL8367B_SVLAN_SP2C_ENTRY52_CTRL0_SVIDX_MASK		MASK	0x1F8	504	11340
B	RTL8367B_SVLAN_SP2C_ENTRY52_CTRL0_DST_PORT_OFFSET		OFFSET_SHIFT	0	0	11341
B	RTL8367B_SVLAN_SP2C_ENTRY52_CTRL0_DST_PORT_MASK		MASK	0x7	7	11342
B	RTL8367B_REG_SVLAN_SP2C_ENTRY52_CTRL1		REGISTER	0x0f69	3945	11344
B	RTL8367B_SVLAN_SP2C_ENTRY52_CTRL1_VALID_OFFSET		OFFSET_SHIFT	12	12	11345
B	RTL8367B_SVLAN_SP2C_ENTRY52_CTRL1_VALID_MASK		MASK	0x1000	4096	11346
B	RTL8367B_SVLAN_SP2C_ENTRY52_CTRL1_VID_OFFSET		OFFSET_SHIFT	0	0	11347
B	RTL8367B_SVLAN_SP2C_ENTRY52_CTRL1_VID_MASK		MASK	0xFFF	4095	11348
B	RTL8367B_REG_SVLAN_SP2C_ENTRY53_CTRL0		REGISTER	0x0f6a	3946	11350
B	RTL8367B_SVLAN_SP2C_ENTRY53_CTRL0_SVIDX_OFFSET		OFFSET_SHIFT	3	3	11351
B	RTL8367B_SVLAN_SP2C_ENTRY53_CTRL0_SVIDX_MASK		MASK	0x1F8	504	11352
B	RTL8367B_SVLAN_SP2C_ENTRY53_CTRL0_DST_PORT_OFFSET		OFFSET_SHIFT	0	0	11353
B	RTL8367B_SVLAN_SP2C_ENTRY53_CTRL0_DST_PORT_MASK		MASK	0x7	7	11354
B	RTL8367B_REG_SVLAN_SP2C_ENTRY53_CTRL1		REGISTER	0x0f6b	3947	11356
B	RTL8367B_SVLAN_SP2C_ENTRY53_CTRL1_VALID_OFFSET		OFFSET_SHIFT	12	12	11357
B	RTL8367B_SVLAN_SP2C_ENTRY53_CTRL1_VALID_MASK		MASK	0x1000	4096	11358
B	RTL8367B_SVLAN_SP2C_ENTRY53_CTRL1_VID_OFFSET		OFFSET_SHIFT	0	0	11359
B	RTL8367B_SVLAN_SP2C_ENTRY53_CTRL1_VID_MASK		MASK	0xFFF	4095	11360
B	RTL8367B_REG_SVLAN_SP2C_ENTRY54_CTRL0		REGISTER	0x0f6c	3948	11362
B	RTL8367B_SVLAN_SP2C_ENTRY54_CTRL0_SVIDX_OFFSET		OFFSET_SHIFT	3	3	11363
B	RTL8367B_SVLAN_SP2C_ENTRY54_CTRL0_SVIDX_MASK		MASK	0x1F8	504	11364
B	RTL8367B_SVLAN_SP2C_ENTRY54_CTRL0_DST_PORT_OFFSET		OFFSET_SHIFT	0	0	11365
B	RTL8367B_SVLAN_SP2C_ENTRY54_CTRL0_DST_PORT_MASK		MASK	0x7	7	11366
B	RTL8367B_REG_SVLAN_SP2C_ENTRY54_CTRL1		REGISTER	0x0f6d	3949	11368
B	RTL8367B_SVLAN_SP2C_ENTRY54_CTRL1_VALID_OFFSET		OFFSET_SHIFT	12	12	11369
B	RTL8367B_SVLAN_SP2C_ENTRY54_CTRL1_VALID_MASK		MASK	0x1000	4096	11370
B	RTL8367B_SVLAN_SP2C_ENTRY54_CTRL1_VID_OFFSET		OFFSET_SHIFT	0	0	11371
B	RTL8367B_SVLAN_SP2C_ENTRY54_CTRL1_VID_MASK		MASK	0xFFF	4095	11372
B	RTL8367B_REG_SVLAN_SP2C_ENTRY55_CTRL0		REGISTER	0x0f6e	3950	11374
B	RTL8367B_SVLAN_SP2C_ENTRY55_CTRL0_SVIDX_OFFSET		OFFSET_SHIFT	3	3	11375
B	RTL8367B_SVLAN_SP2C_ENTRY55_CTRL0_SVIDX_MASK		MASK	0x1F8	504	11376
B	RTL8367B_SVLAN_SP2C_ENTRY55_CTRL0_DST_PORT_OFFSET		OFFSET_SHIFT	0	0	11377
B	RTL8367B_SVLAN_SP2C_ENTRY55_CTRL0_DST_PORT_MASK		MASK	0x7	7	11378
B	RTL8367B_REG_SVLAN_SP2C_ENTRY55_CTRL1		REGISTER	0x0f6f	3951	11380
B	RTL8367B_SVLAN_SP2C_ENTRY55_CTRL1_VALID_OFFSET		OFFSET_SHIFT	12	12	11381
B	RTL8367B_SVLAN_SP2C_ENTRY55_CTRL1_VALID_MASK		MASK	0x1000	4096	11382
B	RTL8367B_SVLAN_SP2C_ENTRY55_CTRL1_VID_OFFSET		OFFSET_SHIFT	0	0	11383
B	RTL8367B_SVLAN_SP2C_ENTRY55_CTRL1_VID_MASK		MASK	0xFFF	4095	11384
B	RTL8367B_REG_SVLAN_SP2C_ENTRY56_CTRL0		REGISTER	0x0f70	3952	11386
B	RTL8367B_SVLAN_SP2C_ENTRY56_CTRL0_SVIDX_OFFSET		OFFSET_SHIFT	3	3	11387
B	RTL8367B_SVLAN_SP2C_ENTRY56_CTRL0_SVIDX_MASK		MASK	0x1F8	504	11388
B	RTL8367B_SVLAN_SP2C_ENTRY56_CTRL0_DST_PORT_OFFSET		OFFSET_SHIFT	0	0	11389
B	RTL8367B_SVLAN_SP2C_ENTRY56_CTRL0_DST_PORT_MASK		MASK	0x7	7	11390
B	RTL8367B_REG_SVLAN_SP2C_ENTRY56_CTRL1		REGISTER	0x0f71	3953	11392
B	RTL8367B_SVLAN_SP2C_ENTRY56_CTRL1_VALID_OFFSET		OFFSET_SHIFT	12	12	11393
B	RTL8367B_SVLAN_SP2C_ENTRY56_CTRL1_VALID_MASK		MASK	0x1000	4096	11394
B	RTL8367B_SVLAN_SP2C_ENTRY56_CTRL1_VID_OFFSET		OFFSET_SHIFT	0	0	11395
B	RTL8367B_SVLAN_SP2C_ENTRY56_CTRL1_VID_MASK		MASK	0xFFF	4095	11396
B	RTL8367B_REG_SVLAN_SP2C_ENTRY57_CTRL0		REGISTER	0x0f72	3954	11398
B	RTL8367B_SVLAN_SP2C_ENTRY57_CTRL0_SVIDX_OFFSET		OFFSET_SHIFT	3	3	11399
B	RTL8367B_SVLAN_SP2C_ENTRY57_CTRL0_SVIDX_MASK		MASK	0x1F8	504	11400
B	RTL8367B_SVLAN_SP2C_ENTRY57_CTRL0_DST_PORT_OFFSET		OFFSET_SHIFT	0	0	11401
B	RTL8367B_SVLAN_SP2C_ENTRY57_CTRL0_DST_PORT_MASK		MASK	0x7	7	11402
B	RTL8367B_REG_SVLAN_SP2C_ENTRY57_CTRL1		REGISTER	0x0f73	3955	11404
B	RTL8367B_SVLAN_SP2C_ENTRY57_CTRL1_VALID_OFFSET		OFFSET_SHIFT	12	12	11405
B	RTL8367B_SVLAN_SP2C_ENTRY57_CTRL1_VALID_MASK		MASK	0x1000	4096	11406
B	RTL8367B_SVLAN_SP2C_ENTRY57_CTRL1_VID_OFFSET		OFFSET_SHIFT	0	0	11407
B	RTL8367B_SVLAN_SP2C_ENTRY57_CTRL1_VID_MASK		MASK	0xFFF	4095	11408
B	RTL8367B_REG_SVLAN_SP2C_ENTRY58_CTRL0		REGISTER	0x0f74	3956	11410
B	RTL8367B_SVLAN_SP2C_ENTRY58_CTRL0_SVIDX_OFFSET		OFFSET_SHIFT	3	3	11411
B	RTL8367B_SVLAN_SP2C_ENTRY58_CTRL0_SVIDX_MASK		MASK	0x1F8	504	11412
B	RTL8367B_SVLAN_SP2C_ENTRY58_CTRL0_DST_PORT_OFFSET		OFFSET_SHIFT	0	0	11413
B	RTL8367B_SVLAN_SP2C_ENTRY58_CTRL0_DST_PORT_MASK		MASK	0x7	7	11414
B	RTL8367B_REG_SVLAN_SP2C_ENTRY58_CTRL1		REGISTER	0x0f75	3957	11416
B	RTL8367B_SVLAN_SP2C_ENTRY58_CTRL1_VALID_OFFSET		OFFSET_SHIFT	12	12	11417
B	RTL8367B_SVLAN_SP2C_ENTRY58_CTRL1_VALID_MASK		MASK	0x1000	4096	11418
B	RTL8367B_SVLAN_SP2C_ENTRY58_CTRL1_VID_OFFSET		OFFSET_SHIFT	0	0	11419
B	RTL8367B_SVLAN_SP2C_ENTRY58_CTRL1_VID_MASK		MASK	0xFFF	4095	11420
B	RTL8367B_REG_SVLAN_SP2C_ENTRY59_CTRL0		REGISTER	0x0f76	3958	11422
B	RTL8367B_SVLAN_SP2C_ENTRY59_CTRL0_SVIDX_OFFSET		OFFSET_SHIFT	3	3	11423
B	RTL8367B_SVLAN_SP2C_ENTRY59_CTRL0_SVIDX_MASK		MASK	0x1F8	504	11424
B	RTL8367B_SVLAN_SP2C_ENTRY59_CTRL0_DST_PORT_OFFSET		OFFSET_SHIFT	0	0	11425
B	RTL8367B_SVLAN_SP2C_ENTRY59_CTRL0_DST_PORT_MASK		MASK	0x7	7	11426
B	RTL8367B_REG_SVLAN_SP2C_ENTRY59_CTRL1		REGISTER	0x0f77	3959	11428
B	RTL8367B_SVLAN_SP2C_ENTRY59_CTRL1_VALID_OFFSET		OFFSET_SHIFT	12	12	11429
B	RTL8367B_SVLAN_SP2C_ENTRY59_CTRL1_VALID_MASK		MASK	0x1000	4096	11430
B	RTL8367B_SVLAN_SP2C_ENTRY59_CTRL1_VID_OFFSET		OFFSET_SHIFT	0	0	11431
B	RTL8367B_SVLAN_SP2C_ENTRY59_CTRL1_VID_MASK		MASK	0xFFF	4095	11432
B	RTL8367B_REG_SVLAN_SP2C_ENTRY60_CTRL0		REGISTER	0x0f78	3960	11434
B	RTL8367B_SVLAN_SP2C_ENTRY60_CTRL0_SVIDX_OFFSET		OFFSET_SHIFT	3	3	11435
B	RTL8367B_SVLAN_SP2C_ENTRY60_CTRL0_SVIDX_MASK		MASK	0x1F8	504	11436
B	RTL8367B_SVLAN_SP2C_ENTRY60_CTRL0_DST_PORT_OFFSET		OFFSET_SHIFT	0	0	11437
B	RTL8367B_SVLAN_SP2C_ENTRY60_CTRL0_DST_PORT_MASK		MASK	0x7	7	11438
B	RTL8367B_REG_SVLAN_SP2C_ENTRY60_CTRL1		REGISTER	0x0f79	3961	11440
B	RTL8367B_SVLAN_SP2C_ENTRY60_CTRL1_VALID_OFFSET		OFFSET_SHIFT	12	12	11441
B	RTL8367B_SVLAN_SP2C_ENTRY60_CTRL1_VALID_MASK		MASK	0x1000	4096	11442
B	RTL8367B_SVLAN_SP2C_ENTRY60_CTRL1_VID_OFFSET		OFFSET_SHIFT	0	0	11443
B	RTL8367B_SVLAN_SP2C_ENTRY60_CTRL1_VID_MASK		MASK	0xFFF	4095	11444
B	RTL8367B_REG_SVLAN_SP2C_ENTRY61_CTRL0		REGISTER	0x0f7a	3962	11446
B	RTL8367B_SVLAN_SP2C_ENTRY61_CTRL0_SVIDX_OFFSET		OFFSET_SHIFT	3	3	11447
B	RTL8367B_SVLAN_SP2C_ENTRY61_CTRL0_SVIDX_MASK		MASK	0x1F8	504	11448
B	RTL8367B_SVLAN_SP2C_ENTRY61_CTRL0_DST_PORT_OFFSET		OFFSET_SHIFT	0	0	11449
B	RTL8367B_SVLAN_SP2C_ENTRY61_CTRL0_DST_PORT_MASK		MASK	0x7	7	11450
B	RTL8367B_REG_SVLAN_SP2C_ENTRY61_CTRL1		REGISTER	0x0f7b	3963	11452
B	RTL8367B_SVLAN_SP2C_ENTRY61_CTRL1_VALID_OFFSET		OFFSET_SHIFT	12	12	11453
B	RTL8367B_SVLAN_SP2C_ENTRY61_CTRL1_VALID_MASK		MASK	0x1000	4096	11454
B	RTL8367B_SVLAN_SP2C_ENTRY61_CTRL1_VID_OFFSET		OFFSET_SHIFT	0	0	11455
B	RTL8367B_SVLAN_SP2C_ENTRY61_CTRL1_VID_MASK		MASK	0xFFF	4095	11456
B	RTL8367B_REG_SVLAN_SP2C_ENTRY62_CTRL0		REGISTER	0x0f7c	3964	11458
B	RTL8367B_SVLAN_SP2C_ENTRY62_CTRL0_SVIDX_OFFSET		OFFSET_SHIFT	3	3	11459
B	RTL8367B_SVLAN_SP2C_ENTRY62_CTRL0_SVIDX_MASK		MASK	0x1F8	504	11460
B	RTL8367B_SVLAN_SP2C_ENTRY62_CTRL0_DST_PORT_OFFSET		OFFSET_SHIFT	0	0	11461
B	RTL8367B_SVLAN_SP2C_ENTRY62_CTRL0_DST_PORT_MASK		MASK	0x7	7	11462
B	RTL8367B_REG_SVLAN_SP2C_ENTRY62_CTRL1		REGISTER	0x0f7d	3965	11464
B	RTL8367B_SVLAN_SP2C_ENTRY62_CTRL1_VALID_OFFSET		OFFSET_SHIFT	12	12	11465
B	RTL8367B_SVLAN_SP2C_ENTRY62_CTRL1_VALID_MASK		MASK	0x1000	4096	11466
B	RTL8367B_SVLAN_SP2C_ENTRY62_CTRL1_VID_OFFSET		OFFSET_SHIFT	0	0	11467
B	RTL8367B_SVLAN_SP2C_ENTRY62_CTRL1_VID_MASK		MASK	0xFFF	4095	11468
B	RTL8367B_REG_SVLAN_SP2C_ENTRY63_CTRL0		REGISTER	0x0f7e	3966	11470
B	RTL8367B_SVLAN_SP2C_ENTRY63_CTRL0_SVIDX_OFFSET		OFFSET_SHIFT	3	3	11471
B	RTL8367B_SVLAN_SP2C_ENTRY63_CTRL0_SVIDX_MASK		MASK	0x1F8	504	11472
B	RTL8367B_SVLAN_SP2C_ENTRY63_CTRL0_DST_PORT_OFFSET		OFFSET_SHIFT	0	0	11473
B	RTL8367B_SVLAN_SP2C_ENTRY63_CTRL0_DST_PORT_MASK		MASK	0x7	7	11474
B	RTL8367B_REG_SVLAN_SP2C_ENTRY63_CTRL1		REGISTER	0x0f7f	3967	11476
B	RTL8367B_SVLAN_SP2C_ENTRY63_CTRL1_VALID_OFFSET		OFFSET_SHIFT	12	12	11477
B	RTL8367B_SVLAN_SP2C_ENTRY63_CTRL1_VALID_MASK		MASK	0x1000	4096	11478
B	RTL8367B_SVLAN_SP2C_ENTRY63_CTRL1_VID_OFFSET		OFFSET_SHIFT	0	0	11479
B	RTL8367B_SVLAN_SP2C_ENTRY63_CTRL1_VID_MASK		MASK	0xFFF	4095	11480
B	RTL8367B_REG_SVLAN_SP2C_ENTRY64_CTRL0		REGISTER	0x0f80	3968	11482
B	RTL8367B_SVLAN_SP2C_ENTRY64_CTRL0_SVIDX_OFFSET		OFFSET_SHIFT	3	3	11483
B	RTL8367B_SVLAN_SP2C_ENTRY64_CTRL0_SVIDX_MASK		MASK	0x1F8	504	11484
B	RTL8367B_SVLAN_SP2C_ENTRY64_CTRL0_DST_PORT_OFFSET		OFFSET_SHIFT	0	0	11485
B	RTL8367B_SVLAN_SP2C_ENTRY64_CTRL0_DST_PORT_MASK		MASK	0x7	7	11486
B	RTL8367B_REG_SVLAN_SP2C_ENTRY64_CTRL1		REGISTER	0x0f81	3969	11488
B	RTL8367B_SVLAN_SP2C_ENTRY64_CTRL1_VALID_OFFSET		OFFSET_SHIFT	12	12	11489
B	RTL8367B_SVLAN_SP2C_ENTRY64_CTRL1_VALID_MASK		MASK	0x1000	4096	11490
B	RTL8367B_SVLAN_SP2C_ENTRY64_CTRL1_VID_OFFSET		OFFSET_SHIFT	0	0	11491
B	RTL8367B_SVLAN_SP2C_ENTRY64_CTRL1_VID_MASK		MASK	0xFFF	4095	11492
B	RTL8367B_REG_SVLAN_SP2C_ENTRY65_CTRL0		REGISTER	0x0f82	3970	11494
B	RTL8367B_SVLAN_SP2C_ENTRY65_CTRL0_SVIDX_OFFSET		OFFSET_SHIFT	3	3	11495
B	RTL8367B_SVLAN_SP2C_ENTRY65_CTRL0_SVIDX_MASK		MASK	0x1F8	504	11496
B	RTL8367B_SVLAN_SP2C_ENTRY65_CTRL0_DST_PORT_OFFSET		OFFSET_SHIFT	0	0	11497
B	RTL8367B_SVLAN_SP2C_ENTRY65_CTRL0_DST_PORT_MASK		MASK	0x7	7	11498
B	RTL8367B_REG_SVLAN_SP2C_ENTRY65_CTRL1		REGISTER	0x0f83	3971	11500
B	RTL8367B_SVLAN_SP2C_ENTRY65_CTRL1_VALID_OFFSET		OFFSET_SHIFT	12	12	11501
B	RTL8367B_SVLAN_SP2C_ENTRY65_CTRL1_VALID_MASK		MASK	0x1000	4096	11502
B	RTL8367B_SVLAN_SP2C_ENTRY65_CTRL1_VID_OFFSET		OFFSET_SHIFT	0	0	11503
B	RTL8367B_SVLAN_SP2C_ENTRY65_CTRL1_VID_MASK		MASK	0xFFF	4095	11504
B	RTL8367B_REG_SVLAN_SP2C_ENTRY66_CTRL0		REGISTER	0x0f84	3972	11506
B	RTL8367B_SVLAN_SP2C_ENTRY66_CTRL0_SVIDX_OFFSET		OFFSET_SHIFT	3	3	11507
B	RTL8367B_SVLAN_SP2C_ENTRY66_CTRL0_SVIDX_MASK		MASK	0x1F8	504	11508
B	RTL8367B_SVLAN_SP2C_ENTRY66_CTRL0_DST_PORT_OFFSET		OFFSET_SHIFT	0	0	11509
B	RTL8367B_SVLAN_SP2C_ENTRY66_CTRL0_DST_PORT_MASK		MASK	0x7	7	11510
B	RTL8367B_REG_SVLAN_SP2C_ENTRY66_CTRL1		REGISTER	0x0f85	3973	11512
B	RTL8367B_SVLAN_SP2C_ENTRY66_CTRL1_VALID_OFFSET		OFFSET_SHIFT	12	12	11513
B	RTL8367B_SVLAN_SP2C_ENTRY66_CTRL1_VALID_MASK		MASK	0x1000	4096	11514
B	RTL8367B_SVLAN_SP2C_ENTRY66_CTRL1_VID_OFFSET		OFFSET_SHIFT	0	0	11515
B	RTL8367B_SVLAN_SP2C_ENTRY66_CTRL1_VID_MASK		MASK	0xFFF	4095	11516
B	RTL8367B_REG_SVLAN_SP2C_ENTRY67_CTRL0		REGISTER	0x0f86	3974	11518
B	RTL8367B_SVLAN_SP2C_ENTRY67_CTRL0_SVIDX_OFFSET		OFFSET_SHIFT	3	3	11519
B	RTL8367B_SVLAN_SP2C_ENTRY67_CTRL0_SVIDX_MASK		MASK	0x1F8	504	11520
B	RTL8367B_SVLAN_SP2C_ENTRY67_CTRL0_DST_PORT_OFFSET		OFFSET_SHIFT	0	0	11521
B	RTL8367B_SVLAN_SP2C_ENTRY67_CTRL0_DST_PORT_MASK		MASK	0x7	7	11522
B	RTL8367B_REG_SVLAN_SP2C_ENTRY67_CTRL1		REGISTER	0x0f87	3975	11524
B	RTL8367B_SVLAN_SP2C_ENTRY67_CTRL1_VALID_OFFSET		OFFSET_SHIFT	12	12	11525
B	RTL8367B_SVLAN_SP2C_ENTRY67_CTRL1_VALID_MASK		MASK	0x1000	4096	11526
B	RTL8367B_SVLAN_SP2C_ENTRY67_CTRL1_VID_OFFSET		OFFSET_SHIFT	0	0	11527
B	RTL8367B_SVLAN_SP2C_ENTRY67_CTRL1_VID_MASK		MASK	0xFFF	4095	11528
B	RTL8367B_REG_SVLAN_SP2C_ENTRY68_CTRL0		REGISTER	0x0f88	3976	11530
B	RTL8367B_SVLAN_SP2C_ENTRY68_CTRL0_SVIDX_OFFSET		OFFSET_SHIFT	3	3	11531
B	RTL8367B_SVLAN_SP2C_ENTRY68_CTRL0_SVIDX_MASK		MASK	0x1F8	504	11532
B	RTL8367B_SVLAN_SP2C_ENTRY68_CTRL0_DST_PORT_OFFSET		OFFSET_SHIFT	0	0	11533
B	RTL8367B_SVLAN_SP2C_ENTRY68_CTRL0_DST_PORT_MASK		MASK	0x7	7	11534
B	RTL8367B_REG_SVLAN_SP2C_ENTRY68_CTRL1		REGISTER	0x0f89	3977	11536
B	RTL8367B_SVLAN_SP2C_ENTRY68_CTRL1_VALID_OFFSET		OFFSET_SHIFT	12	12	11537
B	RTL8367B_SVLAN_SP2C_ENTRY68_CTRL1_VALID_MASK		MASK	0x1000	4096	11538
B	RTL8367B_SVLAN_SP2C_ENTRY68_CTRL1_VID_OFFSET		OFFSET_SHIFT	0	0	11539
B	RTL8367B_SVLAN_SP2C_ENTRY68_CTRL1_VID_MASK		MASK	0xFFF	4095	11540
B	RTL8367B_REG_SVLAN_SP2C_ENTRY69_CTRL0		REGISTER	0x0f8a	3978	11542
B	RTL8367B_SVLAN_SP2C_ENTRY69_CTRL0_SVIDX_OFFSET		OFFSET_SHIFT	3	3	11543
B	RTL8367B_SVLAN_SP2C_ENTRY69_CTRL0_SVIDX_MASK		MASK	0x1F8	504	11544
B	RTL8367B_SVLAN_SP2C_ENTRY69_CTRL0_DST_PORT_OFFSET		OFFSET_SHIFT	0	0	11545
B	RTL8367B_SVLAN_SP2C_ENTRY69_CTRL0_DST_PORT_MASK		MASK	0x7	7	11546
B	RTL8367B_REG_SVLAN_SP2C_ENTRY69_CTRL1		REGISTER	0x0f8b	3979	11548
B	RTL8367B_SVLAN_SP2C_ENTRY69_CTRL1_VALID_OFFSET		OFFSET_SHIFT	12	12	11549
B	RTL8367B_SVLAN_SP2C_ENTRY69_CTRL1_VALID_MASK		MASK	0x1000	4096	11550
B	RTL8367B_SVLAN_SP2C_ENTRY69_CTRL1_VID_OFFSET		OFFSET_SHIFT	0	0	11551
B	RTL8367B_SVLAN_SP2C_ENTRY69_CTRL1_VID_MASK		MASK	0xFFF	4095	11552
B	RTL8367B_REG_SVLAN_SP2C_ENTRY70_CTRL0		REGISTER	0x0f8c	3980	11554
B	RTL8367B_SVLAN_SP2C_ENTRY70_CTRL0_SVIDX_OFFSET		OFFSET_SHIFT	3	3	11555
B	RTL8367B_SVLAN_SP2C_ENTRY70_CTRL0_SVIDX_MASK		MASK	0x1F8	504	11556
B	RTL8367B_SVLAN_SP2C_ENTRY70_CTRL0_DST_PORT_OFFSET		OFFSET_SHIFT	0	0	11557
B	RTL8367B_SVLAN_SP2C_ENTRY70_CTRL0_DST_PORT_MASK		MASK	0x7	7	11558
B	RTL8367B_REG_SVLAN_SP2C_ENTRY70_CTRL1		REGISTER	0x0f8d	3981	11560
B	RTL8367B_SVLAN_SP2C_ENTRY70_CTRL1_VALID_OFFSET		OFFSET_SHIFT	12	12	11561
B	RTL8367B_SVLAN_SP2C_ENTRY70_CTRL1_VALID_MASK		MASK	0x1000	4096	11562
B	RTL8367B_SVLAN_SP2C_ENTRY70_CTRL1_VID_OFFSET		OFFSET_SHIFT	0	0	11563
B	RTL8367B_SVLAN_SP2C_ENTRY70_CTRL1_VID_MASK		MASK	0xFFF	4095	11564
B	RTL8367B_REG_SVLAN_SP2C_ENTRY71_CTRL0		REGISTER	0x0f8e	3982	11566
B	RTL8367B_SVLAN_SP2C_ENTRY71_CTRL0_SVIDX_OFFSET		OFFSET_SHIFT	3	3	11567
B	RTL8367B_SVLAN_SP2C_ENTRY71_CTRL0_SVIDX_MASK		MASK	0x1F8	504	11568
B	RTL8367B_SVLAN_SP2C_ENTRY71_CTRL0_DST_PORT_OFFSET		OFFSET_SHIFT	0	0	11569
B	RTL8367B_SVLAN_SP2C_ENTRY71_CTRL0_DST_PORT_MASK		MASK	0x7	7	11570
B	RTL8367B_REG_SVLAN_SP2C_ENTRY71_CTRL1		REGISTER	0x0f8f	3983	11572
B	RTL8367B_SVLAN_SP2C_ENTRY71_CTRL1_VALID_OFFSET		OFFSET_SHIFT	12	12	11573
B	RTL8367B_SVLAN_SP2C_ENTRY71_CTRL1_VALID_MASK		MASK	0x1000	4096	11574
B	RTL8367B_SVLAN_SP2C_ENTRY71_CTRL1_VID_OFFSET		OFFSET_SHIFT	0	0	11575
B	RTL8367B_SVLAN_SP2C_ENTRY71_CTRL1_VID_MASK		MASK	0xFFF	4095	11576
B	RTL8367B_REG_SVLAN_SP2C_ENTRY72_CTRL0		REGISTER	0x0f90	3984	11578
B	RTL8367B_SVLAN_SP2C_ENTRY72_CTRL0_SVIDX_OFFSET		OFFSET_SHIFT	3	3	11579
B	RTL8367B_SVLAN_SP2C_ENTRY72_CTRL0_SVIDX_MASK		MASK	0x1F8	504	11580
B	RTL8367B_SVLAN_SP2C_ENTRY72_CTRL0_DST_PORT_OFFSET		OFFSET_SHIFT	0	0	11581
B	RTL8367B_SVLAN_SP2C_ENTRY72_CTRL0_DST_PORT_MASK		MASK	0x7	7	11582
B	RTL8367B_REG_SVLAN_SP2C_ENTRY72_CTRL1		REGISTER	0x0f91	3985	11584
B	RTL8367B_SVLAN_SP2C_ENTRY72_CTRL1_VALID_OFFSET		OFFSET_SHIFT	12	12	11585
B	RTL8367B_SVLAN_SP2C_ENTRY72_CTRL1_VALID_MASK		MASK	0x1000	4096	11586
B	RTL8367B_SVLAN_SP2C_ENTRY72_CTRL1_VID_OFFSET		OFFSET_SHIFT	0	0	11587
B	RTL8367B_SVLAN_SP2C_ENTRY72_CTRL1_VID_MASK		MASK	0xFFF	4095	11588
B	RTL8367B_REG_SVLAN_SP2C_ENTRY73_CTRL0		REGISTER	0x0f92	3986	11590
B	RTL8367B_SVLAN_SP2C_ENTRY73_CTRL0_SVIDX_OFFSET		OFFSET_SHIFT	3	3	11591
B	RTL8367B_SVLAN_SP2C_ENTRY73_CTRL0_SVIDX_MASK		MASK	0x1F8	504	11592
B	RTL8367B_SVLAN_SP2C_ENTRY73_CTRL0_DST_PORT_OFFSET		OFFSET_SHIFT	0	0	11593
B	RTL8367B_SVLAN_SP2C_ENTRY73_CTRL0_DST_PORT_MASK		MASK	0x7	7	11594
B	RTL8367B_REG_SVLAN_SP2C_ENTRY73_CTRL1		REGISTER	0x0f93	3987	11596
B	RTL8367B_SVLAN_SP2C_ENTRY73_CTRL1_VALID_OFFSET		OFFSET_SHIFT	12	12	11597
B	RTL8367B_SVLAN_SP2C_ENTRY73_CTRL1_VALID_MASK		MASK	0x1000	4096	11598
B	RTL8367B_SVLAN_SP2C_ENTRY73_CTRL1_VID_OFFSET		OFFSET_SHIFT	0	0	11599
B	RTL8367B_SVLAN_SP2C_ENTRY73_CTRL1_VID_MASK		MASK	0xFFF	4095	11600
B	RTL8367B_REG_SVLAN_SP2C_ENTRY74_CTRL0		REGISTER	0x0f94	3988	11602
B	RTL8367B_SVLAN_SP2C_ENTRY74_CTRL0_SVIDX_OFFSET		OFFSET_SHIFT	3	3	11603
B	RTL8367B_SVLAN_SP2C_ENTRY74_CTRL0_SVIDX_MASK		MASK	0x1F8	504	11604
B	RTL8367B_SVLAN_SP2C_ENTRY74_CTRL0_DST_PORT_OFFSET		OFFSET_SHIFT	0	0	11605
B	RTL8367B_SVLAN_SP2C_ENTRY74_CTRL0_DST_PORT_MASK		MASK	0x7	7	11606
B	RTL8367B_REG_SVLAN_SP2C_ENTRY74_CTRL1		REGISTER	0x0f95	3989	11608
B	RTL8367B_SVLAN_SP2C_ENTRY74_CTRL1_VALID_OFFSET		OFFSET_SHIFT	12	12	11609
B	RTL8367B_SVLAN_SP2C_ENTRY74_CTRL1_VALID_MASK		MASK	0x1000	4096	11610
B	RTL8367B_SVLAN_SP2C_ENTRY74_CTRL1_VID_OFFSET		OFFSET_SHIFT	0	0	11611
B	RTL8367B_SVLAN_SP2C_ENTRY74_CTRL1_VID_MASK		MASK	0xFFF	4095	11612
B	RTL8367B_REG_SVLAN_SP2C_ENTRY75_CTRL0		REGISTER	0x0f96	3990	11614
B	RTL8367B_SVLAN_SP2C_ENTRY75_CTRL0_SVIDX_OFFSET		OFFSET_SHIFT	3	3	11615
B	RTL8367B_SVLAN_SP2C_ENTRY75_CTRL0_SVIDX_MASK		MASK	0x1F8	504	11616
B	RTL8367B_SVLAN_SP2C_ENTRY75_CTRL0_DST_PORT_OFFSET		OFFSET_SHIFT	0	0	11617
B	RTL8367B_SVLAN_SP2C_ENTRY75_CTRL0_DST_PORT_MASK		MASK	0x7	7	11618
B	RTL8367B_REG_SVLAN_SP2C_ENTRY75_CTRL1		REGISTER	0x0f97	3991	11620
B	RTL8367B_SVLAN_SP2C_ENTRY75_CTRL1_VALID_OFFSET		OFFSET_SHIFT	12	12	11621
B	RTL8367B_SVLAN_SP2C_ENTRY75_CTRL1_VALID_MASK		MASK	0x1000	4096	11622
B	RTL8367B_SVLAN_SP2C_ENTRY75_CTRL1_VID_OFFSET		OFFSET_SHIFT	0	0	11623
B	RTL8367B_SVLAN_SP2C_ENTRY75_CTRL1_VID_MASK		MASK	0xFFF	4095	11624
B	RTL8367B_REG_SVLAN_SP2C_ENTRY76_CTRL0		REGISTER	0x0f98	3992	11626
B	RTL8367B_SVLAN_SP2C_ENTRY76_CTRL0_SVIDX_OFFSET		OFFSET_SHIFT	3	3	11627
B	RTL8367B_SVLAN_SP2C_ENTRY76_CTRL0_SVIDX_MASK		MASK	0x1F8	504	11628
B	RTL8367B_SVLAN_SP2C_ENTRY76_CTRL0_DST_PORT_OFFSET		OFFSET_SHIFT	0	0	11629
B	RTL8367B_SVLAN_SP2C_ENTRY76_CTRL0_DST_PORT_MASK		MASK	0x7	7	11630
B	RTL8367B_REG_SVLAN_SP2C_ENTRY76_CTRL1		REGISTER	0x0f99	3993	11632
B	RTL8367B_SVLAN_SP2C_ENTRY76_CTRL1_VALID_OFFSET		OFFSET_SHIFT	12	12	11633
B	RTL8367B_SVLAN_SP2C_ENTRY76_CTRL1_VALID_MASK		MASK	0x1000	4096	11634
B	RTL8367B_SVLAN_SP2C_ENTRY76_CTRL1_VID_OFFSET		OFFSET_SHIFT	0	0	11635
B	RTL8367B_SVLAN_SP2C_ENTRY76_CTRL1_VID_MASK		MASK	0xFFF	4095	11636
B	RTL8367B_REG_SVLAN_SP2C_ENTRY77_CTRL0		REGISTER	0x0f9a	3994	11638
B	RTL8367B_SVLAN_SP2C_ENTRY77_CTRL0_SVIDX_OFFSET		OFFSET_SHIFT	3	3	11639
B	RTL8367B_SVLAN_SP2C_ENTRY77_CTRL0_SVIDX_MASK		MASK	0x1F8	504	11640
B	RTL8367B_SVLAN_SP2C_ENTRY77_CTRL0_DST_PORT_OFFSET		OFFSET_SHIFT	0	0	11641
B	RTL8367B_SVLAN_SP2C_ENTRY77_CTRL0_DST_PORT_MASK		MASK	0x7	7	11642
B	RTL8367B_REG_SVLAN_SP2C_ENTRY77_CTRL1		REGISTER	0x0f9b	3995	11644
B	RTL8367B_SVLAN_SP2C_ENTRY77_CTRL1_VALID_OFFSET		OFFSET_SHIFT	12	12	11645
B	RTL8367B_SVLAN_SP2C_ENTRY77_CTRL1_VALID_MASK		MASK	0x1000	4096	11646
B	RTL8367B_SVLAN_SP2C_ENTRY77_CTRL1_VID_OFFSET		OFFSET_SHIFT	0	0	11647
B	RTL8367B_SVLAN_SP2C_ENTRY77_CTRL1_VID_MASK		MASK	0xFFF	4095	11648
B	RTL8367B_REG_SVLAN_SP2C_ENTRY78_CTRL0		REGISTER	0x0f9c	3996	11650
B	RTL8367B_SVLAN_SP2C_ENTRY78_CTRL0_SVIDX_OFFSET		OFFSET_SHIFT	3	3	11651
B	RTL8367B_SVLAN_SP2C_ENTRY78_CTRL0_SVIDX_MASK		MASK	0x1F8	504	11652
B	RTL8367B_SVLAN_SP2C_ENTRY78_CTRL0_DST_PORT_OFFSET		OFFSET_SHIFT	0	0	11653
B	RTL8367B_SVLAN_SP2C_ENTRY78_CTRL0_DST_PORT_MASK		MASK	0x7	7	11654
B	RTL8367B_REG_SVLAN_SP2C_ENTRY78_CTRL1		REGISTER	0x0f9d	3997	11656
B	RTL8367B_SVLAN_SP2C_ENTRY78_CTRL1_VALID_OFFSET		OFFSET_SHIFT	12	12	11657
B	RTL8367B_SVLAN_SP2C_ENTRY78_CTRL1_VALID_MASK		MASK	0x1000	4096	11658
B	RTL8367B_SVLAN_SP2C_ENTRY78_CTRL1_VID_OFFSET		OFFSET_SHIFT	0	0	11659
B	RTL8367B_SVLAN_SP2C_ENTRY78_CTRL1_VID_MASK		MASK	0xFFF	4095	11660
B	RTL8367B_REG_SVLAN_SP2C_ENTRY79_CTRL0		REGISTER	0x0f9e	3998	11662
B	RTL8367B_SVLAN_SP2C_ENTRY79_CTRL0_SVIDX_OFFSET		OFFSET_SHIFT	3	3	11663
B	RTL8367B_SVLAN_SP2C_ENTRY79_CTRL0_SVIDX_MASK		MASK	0x1F8	504	11664
B	RTL8367B_SVLAN_SP2C_ENTRY79_CTRL0_DST_PORT_OFFSET		OFFSET_SHIFT	0	0	11665
B	RTL8367B_SVLAN_SP2C_ENTRY79_CTRL0_DST_PORT_MASK		MASK	0x7	7	11666
B	RTL8367B_REG_SVLAN_SP2C_ENTRY79_CTRL1		REGISTER	0x0f9f	3999	11668
B	RTL8367B_SVLAN_SP2C_ENTRY79_CTRL1_VALID_OFFSET		OFFSET_SHIFT	12	12	11669
B	RTL8367B_SVLAN_SP2C_ENTRY79_CTRL1_VALID_MASK		MASK	0x1000	4096	11670
B	RTL8367B_SVLAN_SP2C_ENTRY79_CTRL1_VID_OFFSET		OFFSET_SHIFT	0	0	11671
B	RTL8367B_SVLAN_SP2C_ENTRY79_CTRL1_VID_MASK		MASK	0xFFF	4095	11672
B	RTL8367B_REG_SVLAN_SP2C_ENTRY80_CTRL0		REGISTER	0x0fa0	4000	11674
B	RTL8367B_SVLAN_SP2C_ENTRY80_CTRL0_SVIDX_OFFSET		OFFSET_SHIFT	3	3	11675
B	RTL8367B_SVLAN_SP2C_ENTRY80_CTRL0_SVIDX_MASK		MASK	0x1F8	504	11676
B	RTL8367B_SVLAN_SP2C_ENTRY80_CTRL0_DST_PORT_OFFSET		OFFSET_SHIFT	0	0	11677
B	RTL8367B_SVLAN_SP2C_ENTRY80_CTRL0_DST_PORT_MASK		MASK	0x7	7	11678
B	RTL8367B_REG_SVLAN_SP2C_ENTRY80_CTRL1		REGISTER	0x0fa1	4001	11680
B	RTL8367B_SVLAN_SP2C_ENTRY80_CTRL1_VALID_OFFSET		OFFSET_SHIFT	12	12	11681
B	RTL8367B_SVLAN_SP2C_ENTRY80_CTRL1_VALID_MASK		MASK	0x1000	4096	11682
B	RTL8367B_SVLAN_SP2C_ENTRY80_CTRL1_VID_OFFSET		OFFSET_SHIFT	0	0	11683
B	RTL8367B_SVLAN_SP2C_ENTRY80_CTRL1_VID_MASK		MASK	0xFFF	4095	11684
B	RTL8367B_REG_SVLAN_SP2C_ENTRY81_CTRL0		REGISTER	0x0fa2	4002	11686
B	RTL8367B_SVLAN_SP2C_ENTRY81_CTRL0_SVIDX_OFFSET		OFFSET_SHIFT	3	3	11687
B	RTL8367B_SVLAN_SP2C_ENTRY81_CTRL0_SVIDX_MASK		MASK	0x1F8	504	11688
B	RTL8367B_SVLAN_SP2C_ENTRY81_CTRL0_DST_PORT_OFFSET		OFFSET_SHIFT	0	0	11689
B	RTL8367B_SVLAN_SP2C_ENTRY81_CTRL0_DST_PORT_MASK		MASK	0x7	7	11690
B	RTL8367B_REG_SVLAN_SP2C_ENTRY81_CTRL1		REGISTER	0x0fa3	4003	11692
B	RTL8367B_SVLAN_SP2C_ENTRY81_CTRL1_VALID_OFFSET		OFFSET_SHIFT	12	12	11693
B	RTL8367B_SVLAN_SP2C_ENTRY81_CTRL1_VALID_MASK		MASK	0x1000	4096	11694
B	RTL8367B_SVLAN_SP2C_ENTRY81_CTRL1_VID_OFFSET		OFFSET_SHIFT	0	0	11695
B	RTL8367B_SVLAN_SP2C_ENTRY81_CTRL1_VID_MASK		MASK	0xFFF	4095	11696
B	RTL8367B_REG_SVLAN_SP2C_ENTRY82_CTRL0		REGISTER	0x0fa4	4004	11698
B	RTL8367B_SVLAN_SP2C_ENTRY82_CTRL0_SVIDX_OFFSET		OFFSET_SHIFT	3	3	11699
B	RTL8367B_SVLAN_SP2C_ENTRY82_CTRL0_SVIDX_MASK		MASK	0x1F8	504	11700
B	RTL8367B_SVLAN_SP2C_ENTRY82_CTRL0_DST_PORT_OFFSET		OFFSET_SHIFT	0	0	11701
B	RTL8367B_SVLAN_SP2C_ENTRY82_CTRL0_DST_PORT_MASK		MASK	0x7	7	11702
B	RTL8367B_REG_SVLAN_SP2C_ENTRY82_CTRL1		REGISTER	0x0fa5	4005	11704
B	RTL8367B_SVLAN_SP2C_ENTRY82_CTRL1_VALID_OFFSET		OFFSET_SHIFT	12	12	11705
B	RTL8367B_SVLAN_SP2C_ENTRY82_CTRL1_VALID_MASK		MASK	0x1000	4096	11706
B	RTL8367B_SVLAN_SP2C_ENTRY82_CTRL1_VID_OFFSET		OFFSET_SHIFT	0	0	11707
B	RTL8367B_SVLAN_SP2C_ENTRY82_CTRL1_VID_MASK		MASK	0xFFF	4095	11708
B	RTL8367B_REG_SVLAN_SP2C_ENTRY83_CTRL0		REGISTER	0x0fa6	4006	11710
B	RTL8367B_SVLAN_SP2C_ENTRY83_CTRL0_SVIDX_OFFSET		OFFSET_SHIFT	3	3	11711
B	RTL8367B_SVLAN_SP2C_ENTRY83_CTRL0_SVIDX_MASK		MASK	0x1F8	504	11712
B	RTL8367B_SVLAN_SP2C_ENTRY83_CTRL0_DST_PORT_OFFSET		OFFSET_SHIFT	0	0	11713
B	RTL8367B_SVLAN_SP2C_ENTRY83_CTRL0_DST_PORT_MASK		MASK	0x7	7	11714
B	RTL8367B_REG_SVLAN_SP2C_ENTRY83_CTRL1		REGISTER	0x0fa7	4007	11716
B	RTL8367B_SVLAN_SP2C_ENTRY83_CTRL1_VALID_OFFSET		OFFSET_SHIFT	12	12	11717
B	RTL8367B_SVLAN_SP2C_ENTRY83_CTRL1_VALID_MASK		MASK	0x1000	4096	11718
B	RTL8367B_SVLAN_SP2C_ENTRY83_CTRL1_VID_OFFSET		OFFSET_SHIFT	0	0	11719
B	RTL8367B_SVLAN_SP2C_ENTRY83_CTRL1_VID_MASK		MASK	0xFFF	4095	11720
B	RTL8367B_REG_SVLAN_SP2C_ENTRY84_CTRL0		REGISTER	0x0fa8	4008	11722
B	RTL8367B_SVLAN_SP2C_ENTRY84_CTRL0_SVIDX_OFFSET		OFFSET_SHIFT	3	3	11723
B	RTL8367B_SVLAN_SP2C_ENTRY84_CTRL0_SVIDX_MASK		MASK	0x1F8	504	11724
B	RTL8367B_SVLAN_SP2C_ENTRY84_CTRL0_DST_PORT_OFFSET		OFFSET_SHIFT	0	0	11725
B	RTL8367B_SVLAN_SP2C_ENTRY84_CTRL0_DST_PORT_MASK		MASK	0x7	7	11726
B	RTL8367B_REG_SVLAN_SP2C_ENTRY84_CTRL1		REGISTER	0x0fa9	4009	11728
B	RTL8367B_SVLAN_SP2C_ENTRY84_CTRL1_VALID_OFFSET		OFFSET_SHIFT	12	12	11729
B	RTL8367B_SVLAN_SP2C_ENTRY84_CTRL1_VALID_MASK		MASK	0x1000	4096	11730
B	RTL8367B_SVLAN_SP2C_ENTRY84_CTRL1_VID_OFFSET		OFFSET_SHIFT	0	0	11731
B	RTL8367B_SVLAN_SP2C_ENTRY84_CTRL1_VID_MASK		MASK	0xFFF	4095	11732
B	RTL8367B_REG_SVLAN_SP2C_ENTRY85_CTRL0		REGISTER	0x0faa	4010	11734
B	RTL8367B_SVLAN_SP2C_ENTRY85_CTRL0_SVIDX_OFFSET		OFFSET_SHIFT	3	3	11735
B	RTL8367B_SVLAN_SP2C_ENTRY85_CTRL0_SVIDX_MASK		MASK	0x1F8	504	11736
B	RTL8367B_SVLAN_SP2C_ENTRY85_CTRL0_DST_PORT_OFFSET		OFFSET_SHIFT	0	0	11737
B	RTL8367B_SVLAN_SP2C_ENTRY85_CTRL0_DST_PORT_MASK		MASK	0x7	7	11738
B	RTL8367B_REG_SVLAN_SP2C_ENTRY85_CTRL1		REGISTER	0x0fab	4011	11740
B	RTL8367B_SVLAN_SP2C_ENTRY85_CTRL1_VALID_OFFSET		OFFSET_SHIFT	12	12	11741
B	RTL8367B_SVLAN_SP2C_ENTRY85_CTRL1_VALID_MASK		MASK	0x1000	4096	11742
B	RTL8367B_SVLAN_SP2C_ENTRY85_CTRL1_VID_OFFSET		OFFSET_SHIFT	0	0	11743
B	RTL8367B_SVLAN_SP2C_ENTRY85_CTRL1_VID_MASK		MASK	0xFFF	4095	11744
B	RTL8367B_REG_SVLAN_SP2C_ENTRY86_CTRL0		REGISTER	0x0fac	4012	11746
B	RTL8367B_SVLAN_SP2C_ENTRY86_CTRL0_SVIDX_OFFSET		OFFSET_SHIFT	3	3	11747
B	RTL8367B_SVLAN_SP2C_ENTRY86_CTRL0_SVIDX_MASK		MASK	0x1F8	504	11748
B	RTL8367B_SVLAN_SP2C_ENTRY86_CTRL0_DST_PORT_OFFSET		OFFSET_SHIFT	0	0	11749
B	RTL8367B_SVLAN_SP2C_ENTRY86_CTRL0_DST_PORT_MASK		MASK	0x7	7	11750
B	RTL8367B_REG_SVLAN_SP2C_ENTRY86_CTRL1		REGISTER	0x0fad	4013	11752
B	RTL8367B_SVLAN_SP2C_ENTRY86_CTRL1_VALID_OFFSET		OFFSET_SHIFT	12	12	11753
B	RTL8367B_SVLAN_SP2C_ENTRY86_CTRL1_VALID_MASK		MASK	0x1000	4096	11754
B	RTL8367B_SVLAN_SP2C_ENTRY86_CTRL1_VID_OFFSET		OFFSET_SHIFT	0	0	11755
B	RTL8367B_SVLAN_SP2C_ENTRY86_CTRL1_VID_MASK		MASK	0xFFF	4095	11756
B	RTL8367B_REG_SVLAN_SP2C_ENTRY87_CTRL0		REGISTER	0x0fae	4014	11758
B	RTL8367B_SVLAN_SP2C_ENTRY87_CTRL0_SVIDX_OFFSET		OFFSET_SHIFT	3	3	11759
B	RTL8367B_SVLAN_SP2C_ENTRY87_CTRL0_SVIDX_MASK		MASK	0x1F8	504	11760
B	RTL8367B_SVLAN_SP2C_ENTRY87_CTRL0_DST_PORT_OFFSET		OFFSET_SHIFT	0	0	11761
B	RTL8367B_SVLAN_SP2C_ENTRY87_CTRL0_DST_PORT_MASK		MASK	0x7	7	11762
B	RTL8367B_REG_SVLAN_SP2C_ENTRY87_CTRL1		REGISTER	0x0faf	4015	11764
B	RTL8367B_SVLAN_SP2C_ENTRY87_CTRL1_VALID_OFFSET		OFFSET_SHIFT	12	12	11765
B	RTL8367B_SVLAN_SP2C_ENTRY87_CTRL1_VALID_MASK		MASK	0x1000	4096	11766
B	RTL8367B_SVLAN_SP2C_ENTRY87_CTRL1_VID_OFFSET		OFFSET_SHIFT	0	0	11767
B	RTL8367B_SVLAN_SP2C_ENTRY87_CTRL1_VID_MASK		MASK	0xFFF	4095	11768
B	RTL8367B_REG_SVLAN_SP2C_ENTRY88_CTRL0		REGISTER	0x0fb0	4016	11770
B	RTL8367B_SVLAN_SP2C_ENTRY88_CTRL0_SVIDX_OFFSET		OFFSET_SHIFT	3	3	11771
B	RTL8367B_SVLAN_SP2C_ENTRY88_CTRL0_SVIDX_MASK		MASK	0x1F8	504	11772
B	RTL8367B_SVLAN_SP2C_ENTRY88_CTRL0_DST_PORT_OFFSET		OFFSET_SHIFT	0	0	11773
B	RTL8367B_SVLAN_SP2C_ENTRY88_CTRL0_DST_PORT_MASK		MASK	0x7	7	11774
B	RTL8367B_REG_SVLAN_SP2C_ENTRY88_CTRL1		REGISTER	0x0fb1	4017	11776
B	RTL8367B_SVLAN_SP2C_ENTRY88_CTRL1_VALID_OFFSET		OFFSET_SHIFT	12	12	11777
B	RTL8367B_SVLAN_SP2C_ENTRY88_CTRL1_VALID_MASK		MASK	0x1000	4096	11778
B	RTL8367B_SVLAN_SP2C_ENTRY88_CTRL1_VID_OFFSET		OFFSET_SHIFT	0	0	11779
B	RTL8367B_SVLAN_SP2C_ENTRY88_CTRL1_VID_MASK		MASK	0xFFF	4095	11780
B	RTL8367B_REG_SVLAN_SP2C_ENTRY89_CTRL0		REGISTER	0x0fb2	4018	11782
B	RTL8367B_SVLAN_SP2C_ENTRY89_CTRL0_SVIDX_OFFSET		OFFSET_SHIFT	3	3	11783
B	RTL8367B_SVLAN_SP2C_ENTRY89_CTRL0_SVIDX_MASK		MASK	0x1F8	504	11784
B	RTL8367B_SVLAN_SP2C_ENTRY89_CTRL0_DST_PORT_OFFSET		OFFSET_SHIFT	0	0	11785
B	RTL8367B_SVLAN_SP2C_ENTRY89_CTRL0_DST_PORT_MASK		MASK	0x7	7	11786
B	RTL8367B_REG_SVLAN_SP2C_ENTRY89_CTRL1		REGISTER	0x0fb3	4019	11788
B	RTL8367B_SVLAN_SP2C_ENTRY89_CTRL1_VALID_OFFSET		OFFSET_SHIFT	12	12	11789
B	RTL8367B_SVLAN_SP2C_ENTRY89_CTRL1_VALID_MASK		MASK	0x1000	4096	11790
B	RTL8367B_SVLAN_SP2C_ENTRY89_CTRL1_VID_OFFSET		OFFSET_SHIFT	0	0	11791
B	RTL8367B_SVLAN_SP2C_ENTRY89_CTRL1_VID_MASK		MASK	0xFFF	4095	11792
B	RTL8367B_REG_SVLAN_SP2C_ENTRY90_CTRL0		REGISTER	0x0fb4	4020	11794
B	RTL8367B_SVLAN_SP2C_ENTRY90_CTRL0_SVIDX_OFFSET		OFFSET_SHIFT	3	3	11795
B	RTL8367B_SVLAN_SP2C_ENTRY90_CTRL0_SVIDX_MASK		MASK	0x1F8	504	11796
B	RTL8367B_SVLAN_SP2C_ENTRY90_CTRL0_DST_PORT_OFFSET		OFFSET_SHIFT	0	0	11797
B	RTL8367B_SVLAN_SP2C_ENTRY90_CTRL0_DST_PORT_MASK		MASK	0x7	7	11798
B	RTL8367B_REG_SVLAN_SP2C_ENTRY90_CTRL1		REGISTER	0x0fb5	4021	11800
B	RTL8367B_SVLAN_SP2C_ENTRY90_CTRL1_VALID_OFFSET		OFFSET_SHIFT	12	12	11801
B	RTL8367B_SVLAN_SP2C_ENTRY90_CTRL1_VALID_MASK		MASK	0x1000	4096	11802
B	RTL8367B_SVLAN_SP2C_ENTRY90_CTRL1_VID_OFFSET		OFFSET_SHIFT	0	0	11803
B	RTL8367B_SVLAN_SP2C_ENTRY90_CTRL1_VID_MASK		MASK	0xFFF	4095	11804
B	RTL8367B_REG_SVLAN_SP2C_ENTRY91_CTRL0		REGISTER	0x0fb6	4022	11806
B	RTL8367B_SVLAN_SP2C_ENTRY91_CTRL0_SVIDX_OFFSET		OFFSET_SHIFT	3	3	11807
B	RTL8367B_SVLAN_SP2C_ENTRY91_CTRL0_SVIDX_MASK		MASK	0x1F8	504	11808
B	RTL8367B_SVLAN_SP2C_ENTRY91_CTRL0_DST_PORT_OFFSET		OFFSET_SHIFT	0	0	11809
B	RTL8367B_SVLAN_SP2C_ENTRY91_CTRL0_DST_PORT_MASK		MASK	0x7	7	11810
B	RTL8367B_REG_SVLAN_SP2C_ENTRY91_CTRL1		REGISTER	0x0fb7	4023	11812
B	RTL8367B_SVLAN_SP2C_ENTRY91_CTRL1_VALID_OFFSET		OFFSET_SHIFT	12	12	11813
B	RTL8367B_SVLAN_SP2C_ENTRY91_CTRL1_VALID_MASK		MASK	0x1000	4096	11814
B	RTL8367B_SVLAN_SP2C_ENTRY91_CTRL1_VID_OFFSET		OFFSET_SHIFT	0	0	11815
B	RTL8367B_SVLAN_SP2C_ENTRY91_CTRL1_VID_MASK		MASK	0xFFF	4095	11816
B	RTL8367B_REG_SVLAN_SP2C_ENTRY92_CTRL0		REGISTER	0x0fb8	4024	11818
B	RTL8367B_SVLAN_SP2C_ENTRY92_CTRL0_SVIDX_OFFSET		OFFSET_SHIFT	3	3	11819
B	RTL8367B_SVLAN_SP2C_ENTRY92_CTRL0_SVIDX_MASK		MASK	0x1F8	504	11820
B	RTL8367B_SVLAN_SP2C_ENTRY92_CTRL0_DST_PORT_OFFSET		OFFSET_SHIFT	0	0	11821
B	RTL8367B_SVLAN_SP2C_ENTRY92_CTRL0_DST_PORT_MASK		MASK	0x7	7	11822
B	RTL8367B_REG_SVLAN_SP2C_ENTRY92_CTRL1		REGISTER	0x0fb9	4025	11824
B	RTL8367B_SVLAN_SP2C_ENTRY92_CTRL1_VALID_OFFSET		OFFSET_SHIFT	12	12	11825
B	RTL8367B_SVLAN_SP2C_ENTRY92_CTRL1_VALID_MASK		MASK	0x1000	4096	11826
B	RTL8367B_SVLAN_SP2C_ENTRY92_CTRL1_VID_OFFSET		OFFSET_SHIFT	0	0	11827
B	RTL8367B_SVLAN_SP2C_ENTRY92_CTRL1_VID_MASK		MASK	0xFFF	4095	11828
B	RTL8367B_REG_SVLAN_SP2C_ENTRY93_CTRL0		REGISTER	0x0fba	4026	11830
B	RTL8367B_SVLAN_SP2C_ENTRY93_CTRL0_SVIDX_OFFSET		OFFSET_SHIFT	3	3	11831
B	RTL8367B_SVLAN_SP2C_ENTRY93_CTRL0_SVIDX_MASK		MASK	0x1F8	504	11832
B	RTL8367B_SVLAN_SP2C_ENTRY93_CTRL0_DST_PORT_OFFSET		OFFSET_SHIFT	0	0	11833
B	RTL8367B_SVLAN_SP2C_ENTRY93_CTRL0_DST_PORT_MASK		MASK	0x7	7	11834
B	RTL8367B_REG_SVLAN_SP2C_ENTRY93_CTRL1		REGISTER	0x0fbb	4027	11836
B	RTL8367B_SVLAN_SP2C_ENTRY93_CTRL1_VALID_OFFSET		OFFSET_SHIFT	12	12	11837
B	RTL8367B_SVLAN_SP2C_ENTRY93_CTRL1_VALID_MASK		MASK	0x1000	4096	11838
B	RTL8367B_SVLAN_SP2C_ENTRY93_CTRL1_VID_OFFSET		OFFSET_SHIFT	0	0	11839
B	RTL8367B_SVLAN_SP2C_ENTRY93_CTRL1_VID_MASK		MASK	0xFFF	4095	11840
B	RTL8367B_REG_SVLAN_SP2C_ENTRY94_CTRL0		REGISTER	0x0fbc	4028	11842
B	RTL8367B_SVLAN_SP2C_ENTRY94_CTRL0_SVIDX_OFFSET		OFFSET_SHIFT	3	3	11843
B	RTL8367B_SVLAN_SP2C_ENTRY94_CTRL0_SVIDX_MASK		MASK	0x1F8	504	11844
B	RTL8367B_SVLAN_SP2C_ENTRY94_CTRL0_DST_PORT_OFFSET		OFFSET_SHIFT	0	0	11845
B	RTL8367B_SVLAN_SP2C_ENTRY94_CTRL0_DST_PORT_MASK		MASK	0x7	7	11846
B	RTL8367B_REG_SVLAN_SP2C_ENTRY94_CTRL1		REGISTER	0x0fbd	4029	11848
B	RTL8367B_SVLAN_SP2C_ENTRY94_CTRL1_VALID_OFFSET		OFFSET_SHIFT	12	12	11849
B	RTL8367B_SVLAN_SP2C_ENTRY94_CTRL1_VALID_MASK		MASK	0x1000	4096	11850
B	RTL8367B_SVLAN_SP2C_ENTRY94_CTRL1_VID_OFFSET		OFFSET_SHIFT	0	0	11851
B	RTL8367B_SVLAN_SP2C_ENTRY94_CTRL1_VID_MASK		MASK	0xFFF	4095	11852
B	RTL8367B_REG_SVLAN_SP2C_ENTRY95_CTRL0		REGISTER	0x0fbe	4030	11854
B	RTL8367B_SVLAN_SP2C_ENTRY95_CTRL0_SVIDX_OFFSET		OFFSET_SHIFT	3	3	11855
B	RTL8367B_SVLAN_SP2C_ENTRY95_CTRL0_SVIDX_MASK		MASK	0x1F8	504	11856
B	RTL8367B_SVLAN_SP2C_ENTRY95_CTRL0_DST_PORT_OFFSET		OFFSET_SHIFT	0	0	11857
B	RTL8367B_SVLAN_SP2C_ENTRY95_CTRL0_DST_PORT_MASK		MASK	0x7	7	11858
B	RTL8367B_REG_SVLAN_SP2C_ENTRY95_CTRL1		REGISTER	0x0fbf	4031	11860
B	RTL8367B_SVLAN_SP2C_ENTRY95_CTRL1_VALID_OFFSET		OFFSET_SHIFT	12	12	11861
B	RTL8367B_SVLAN_SP2C_ENTRY95_CTRL1_VALID_MASK		MASK	0x1000	4096	11862
B	RTL8367B_SVLAN_SP2C_ENTRY95_CTRL1_VID_OFFSET		OFFSET_SHIFT	0	0	11863
B	RTL8367B_SVLAN_SP2C_ENTRY95_CTRL1_VID_MASK		MASK	0xFFF	4095	11864
B	RTL8367B_REG_SVLAN_SP2C_ENTRY96_CTRL0		REGISTER	0x0fc0	4032	11866
B	RTL8367B_SVLAN_SP2C_ENTRY96_CTRL0_SVIDX_OFFSET		OFFSET_SHIFT	3	3	11867
B	RTL8367B_SVLAN_SP2C_ENTRY96_CTRL0_SVIDX_MASK		MASK	0x1F8	504	11868
B	RTL8367B_SVLAN_SP2C_ENTRY96_CTRL0_DST_PORT_OFFSET		OFFSET_SHIFT	0	0	11869
B	RTL8367B_SVLAN_SP2C_ENTRY96_CTRL0_DST_PORT_MASK		MASK	0x7	7	11870
B	RTL8367B_REG_SVLAN_SP2C_ENTRY96_CTRL1		REGISTER	0x0fc1	4033	11872
B	RTL8367B_SVLAN_SP2C_ENTRY96_CTRL1_VALID_OFFSET		OFFSET_SHIFT	12	12	11873
B	RTL8367B_SVLAN_SP2C_ENTRY96_CTRL1_VALID_MASK		MASK	0x1000	4096	11874
B	RTL8367B_SVLAN_SP2C_ENTRY96_CTRL1_VID_OFFSET		OFFSET_SHIFT	0	0	11875
B	RTL8367B_SVLAN_SP2C_ENTRY96_CTRL1_VID_MASK		MASK	0xFFF	4095	11876
B	RTL8367B_REG_SVLAN_SP2C_ENTRY97_CTRL0		REGISTER	0x0fc2	4034	11878
B	RTL8367B_SVLAN_SP2C_ENTRY97_CTRL0_SVIDX_OFFSET		OFFSET_SHIFT	3	3	11879
B	RTL8367B_SVLAN_SP2C_ENTRY97_CTRL0_SVIDX_MASK		MASK	0x1F8	504	11880
B	RTL8367B_SVLAN_SP2C_ENTRY97_CTRL0_DST_PORT_OFFSET		OFFSET_SHIFT	0	0	11881
B	RTL8367B_SVLAN_SP2C_ENTRY97_CTRL0_DST_PORT_MASK		MASK	0x7	7	11882
B	RTL8367B_REG_SVLAN_SP2C_ENTRY97_CTRL1		REGISTER	0x0fc3	4035	11884
B	RTL8367B_SVLAN_SP2C_ENTRY97_CTRL1_VALID_OFFSET		OFFSET_SHIFT	12	12	11885
B	RTL8367B_SVLAN_SP2C_ENTRY97_CTRL1_VALID_MASK		MASK	0x1000	4096	11886
B	RTL8367B_SVLAN_SP2C_ENTRY97_CTRL1_VID_OFFSET		OFFSET_SHIFT	0	0	11887
B	RTL8367B_SVLAN_SP2C_ENTRY97_CTRL1_VID_MASK		MASK	0xFFF	4095	11888
B	RTL8367B_REG_SVLAN_SP2C_ENTRY98_CTRL0		REGISTER	0x0fc4	4036	11890
B	RTL8367B_SVLAN_SP2C_ENTRY98_CTRL0_SVIDX_OFFSET		OFFSET_SHIFT	3	3	11891
B	RTL8367B_SVLAN_SP2C_ENTRY98_CTRL0_SVIDX_MASK		MASK	0x1F8	504	11892
B	RTL8367B_SVLAN_SP2C_ENTRY98_CTRL0_DST_PORT_OFFSET		OFFSET_SHIFT	0	0	11893
B	RTL8367B_SVLAN_SP2C_ENTRY98_CTRL0_DST_PORT_MASK		MASK	0x7	7	11894
B	RTL8367B_REG_SVLAN_SP2C_ENTRY98_CTRL1		REGISTER	0x0fc5	4037	11896
B	RTL8367B_SVLAN_SP2C_ENTRY98_CTRL1_VALID_OFFSET		OFFSET_SHIFT	12	12	11897
B	RTL8367B_SVLAN_SP2C_ENTRY98_CTRL1_VALID_MASK		MASK	0x1000	4096	11898
B	RTL8367B_SVLAN_SP2C_ENTRY98_CTRL1_VID_OFFSET		OFFSET_SHIFT	0	0	11899
B	RTL8367B_SVLAN_SP2C_ENTRY98_CTRL1_VID_MASK		MASK	0xFFF	4095	11900
B	RTL8367B_REG_SVLAN_SP2C_ENTRY99_CTRL0		REGISTER	0x0fc6	4038	11902
B	RTL8367B_SVLAN_SP2C_ENTRY99_CTRL0_SVIDX_OFFSET		OFFSET_SHIFT	3	3	11903
B	RTL8367B_SVLAN_SP2C_ENTRY99_CTRL0_SVIDX_MASK		MASK	0x1F8	504	11904
B	RTL8367B_SVLAN_SP2C_ENTRY99_CTRL0_DST_PORT_OFFSET		OFFSET_SHIFT	0	0	11905
B	RTL8367B_SVLAN_SP2C_ENTRY99_CTRL0_DST_PORT_MASK		MASK	0x7	7	11906
B	RTL8367B_REG_SVLAN_SP2C_ENTRY99_CTRL1		REGISTER	0x0fc7	4039	11908
B	RTL8367B_SVLAN_SP2C_ENTRY99_CTRL1_VALID_OFFSET		OFFSET_SHIFT	12	12	11909
B	RTL8367B_SVLAN_SP2C_ENTRY99_CTRL1_VALID_MASK		MASK	0x1000	4096	11910
B	RTL8367B_SVLAN_SP2C_ENTRY99_CTRL1_VID_OFFSET		OFFSET_SHIFT	0	0	11911
B	RTL8367B_SVLAN_SP2C_ENTRY99_CTRL1_VID_MASK		MASK	0xFFF	4095	11912
B	RTL8367B_REG_SVLAN_SP2C_ENTRY100_CTRL0		REGISTER	0x0fc8	4040	11914
B	RTL8367B_SVLAN_SP2C_ENTRY100_CTRL0_SVIDX_OFFSET		OFFSET_SHIFT	3	3	11915
B	RTL8367B_SVLAN_SP2C_ENTRY100_CTRL0_SVIDX_MASK		MASK	0x1F8	504	11916
B	RTL8367B_SVLAN_SP2C_ENTRY100_CTRL0_DST_PORT_OFFSET		OFFSET_SHIFT	0	0	11917
B	RTL8367B_SVLAN_SP2C_ENTRY100_CTRL0_DST_PORT_MASK		MASK	0x7	7	11918
B	RTL8367B_REG_SVLAN_SP2C_ENTRY100_CTRL1		REGISTER	0x0fc9	4041	11920
B	RTL8367B_SVLAN_SP2C_ENTRY100_CTRL1_VALID_OFFSET		OFFSET_SHIFT	12	12	11921
B	RTL8367B_SVLAN_SP2C_ENTRY100_CTRL1_VALID_MASK		MASK	0x1000	4096	11922
B	RTL8367B_SVLAN_SP2C_ENTRY100_CTRL1_VID_OFFSET		OFFSET_SHIFT	0	0	11923
B	RTL8367B_SVLAN_SP2C_ENTRY100_CTRL1_VID_MASK		MASK	0xFFF	4095	11924
B	RTL8367B_REG_SVLAN_SP2C_ENTRY101_CTRL0		REGISTER	0x0fca	4042	11926
B	RTL8367B_SVLAN_SP2C_ENTRY101_CTRL0_SVIDX_OFFSET		OFFSET_SHIFT	3	3	11927
B	RTL8367B_SVLAN_SP2C_ENTRY101_CTRL0_SVIDX_MASK		MASK	0x1F8	504	11928
B	RTL8367B_SVLAN_SP2C_ENTRY101_CTRL0_DST_PORT_OFFSET		OFFSET_SHIFT	0	0	11929
B	RTL8367B_SVLAN_SP2C_ENTRY101_CTRL0_DST_PORT_MASK		MASK	0x7	7	11930
B	RTL8367B_REG_SVLAN_SP2C_ENTRY101_CTRL1		REGISTER	0x0fcb	4043	11932
B	RTL8367B_SVLAN_SP2C_ENTRY101_CTRL1_VALID_OFFSET		OFFSET_SHIFT	12	12	11933
B	RTL8367B_SVLAN_SP2C_ENTRY101_CTRL1_VALID_MASK		MASK	0x1000	4096	11934
B	RTL8367B_SVLAN_SP2C_ENTRY101_CTRL1_VID_OFFSET		OFFSET_SHIFT	0	0	11935
B	RTL8367B_SVLAN_SP2C_ENTRY101_CTRL1_VID_MASK		MASK	0xFFF	4095	11936
B	RTL8367B_REG_SVLAN_SP2C_ENTRY102_CTRL0		REGISTER	0x0fcc	4044	11938
B	RTL8367B_SVLAN_SP2C_ENTRY102_CTRL0_SVIDX_OFFSET		OFFSET_SHIFT	3	3	11939
B	RTL8367B_SVLAN_SP2C_ENTRY102_CTRL0_SVIDX_MASK		MASK	0x1F8	504	11940
B	RTL8367B_SVLAN_SP2C_ENTRY102_CTRL0_DST_PORT_OFFSET		OFFSET_SHIFT	0	0	11941
B	RTL8367B_SVLAN_SP2C_ENTRY102_CTRL0_DST_PORT_MASK		MASK	0x7	7	11942
B	RTL8367B_REG_SVLAN_SP2C_ENTRY102_CTRL1		REGISTER	0x0fcd	4045	11944
B	RTL8367B_SVLAN_SP2C_ENTRY102_CTRL1_VALID_OFFSET		OFFSET_SHIFT	12	12	11945
B	RTL8367B_SVLAN_SP2C_ENTRY102_CTRL1_VALID_MASK		MASK	0x1000	4096	11946
B	RTL8367B_SVLAN_SP2C_ENTRY102_CTRL1_VID_OFFSET		OFFSET_SHIFT	0	0	11947
B	RTL8367B_SVLAN_SP2C_ENTRY102_CTRL1_VID_MASK		MASK	0xFFF	4095	11948
B	RTL8367B_REG_SVLAN_SP2C_ENTRY103_CTRL0		REGISTER	0x0fce	4046	11950
B	RTL8367B_SVLAN_SP2C_ENTRY103_CTRL0_SVIDX_OFFSET		OFFSET_SHIFT	3	3	11951
B	RTL8367B_SVLAN_SP2C_ENTRY103_CTRL0_SVIDX_MASK		MASK	0x1F8	504	11952
B	RTL8367B_SVLAN_SP2C_ENTRY103_CTRL0_DST_PORT_OFFSET		OFFSET_SHIFT	0	0	11953
B	RTL8367B_SVLAN_SP2C_ENTRY103_CTRL0_DST_PORT_MASK		MASK	0x7	7	11954
B	RTL8367B_REG_SVLAN_SP2C_ENTRY103_CTRL1		REGISTER	0x0fcf	4047	11956
B	RTL8367B_SVLAN_SP2C_ENTRY103_CTRL1_VALID_OFFSET		OFFSET_SHIFT	12	12	11957
B	RTL8367B_SVLAN_SP2C_ENTRY103_CTRL1_VALID_MASK		MASK	0x1000	4096	11958
B	RTL8367B_SVLAN_SP2C_ENTRY103_CTRL1_VID_OFFSET		OFFSET_SHIFT	0	0	11959
B	RTL8367B_SVLAN_SP2C_ENTRY103_CTRL1_VID_MASK		MASK	0xFFF	4095	11960
B	RTL8367B_REG_SVLAN_SP2C_ENTRY104_CTRL0		REGISTER	0x0fd0	4048	11962
B	RTL8367B_SVLAN_SP2C_ENTRY104_CTRL0_SVIDX_OFFSET		OFFSET_SHIFT	3	3	11963
B	RTL8367B_SVLAN_SP2C_ENTRY104_CTRL0_SVIDX_MASK		MASK	0x1F8	504	11964
B	RTL8367B_SVLAN_SP2C_ENTRY104_CTRL0_DST_PORT_OFFSET		OFFSET_SHIFT	0	0	11965
B	RTL8367B_SVLAN_SP2C_ENTRY104_CTRL0_DST_PORT_MASK		MASK	0x7	7	11966
B	RTL8367B_REG_SVLAN_SP2C_ENTRY104_CTRL1		REGISTER	0x0fd1	4049	11968
B	RTL8367B_SVLAN_SP2C_ENTRY104_CTRL1_VALID_OFFSET		OFFSET_SHIFT	12	12	11969
B	RTL8367B_SVLAN_SP2C_ENTRY104_CTRL1_VALID_MASK		MASK	0x1000	4096	11970
B	RTL8367B_SVLAN_SP2C_ENTRY104_CTRL1_VID_OFFSET		OFFSET_SHIFT	0	0	11971
B	RTL8367B_SVLAN_SP2C_ENTRY104_CTRL1_VID_MASK		MASK	0xFFF	4095	11972
B	RTL8367B_REG_SVLAN_SP2C_ENTRY105_CTRL0		REGISTER	0x0fd2	4050	11974
B	RTL8367B_SVLAN_SP2C_ENTRY105_CTRL0_SVIDX_OFFSET		OFFSET_SHIFT	3	3	11975
B	RTL8367B_SVLAN_SP2C_ENTRY105_CTRL0_SVIDX_MASK		MASK	0x1F8	504	11976
B	RTL8367B_SVLAN_SP2C_ENTRY105_CTRL0_DST_PORT_OFFSET		OFFSET_SHIFT	0	0	11977
B	RTL8367B_SVLAN_SP2C_ENTRY105_CTRL0_DST_PORT_MASK		MASK	0x7	7	11978
B	RTL8367B_REG_SVLAN_SP2C_ENTRY105_CTRL1		REGISTER	0x0fd3	4051	11980
B	RTL8367B_SVLAN_SP2C_ENTRY105_CTRL1_VALID_OFFSET		OFFSET_SHIFT	12	12	11981
B	RTL8367B_SVLAN_SP2C_ENTRY105_CTRL1_VALID_MASK		MASK	0x1000	4096	11982
B	RTL8367B_SVLAN_SP2C_ENTRY105_CTRL1_VID_OFFSET		OFFSET_SHIFT	0	0	11983
B	RTL8367B_SVLAN_SP2C_ENTRY105_CTRL1_VID_MASK		MASK	0xFFF	4095	11984
B	RTL8367B_REG_SVLAN_SP2C_ENTRY106_CTRL0		REGISTER	0x0fd4	4052	11986
B	RTL8367B_SVLAN_SP2C_ENTRY106_CTRL0_SVIDX_OFFSET		OFFSET_SHIFT	3	3	11987
B	RTL8367B_SVLAN_SP2C_ENTRY106_CTRL0_SVIDX_MASK		MASK	0x1F8	504	11988
B	RTL8367B_SVLAN_SP2C_ENTRY106_CTRL0_DST_PORT_OFFSET		OFFSET_SHIFT	0	0	11989
B	RTL8367B_SVLAN_SP2C_ENTRY106_CTRL0_DST_PORT_MASK		MASK	0x7	7	11990
B	RTL8367B_REG_SVLAN_SP2C_ENTRY106_CTRL1		REGISTER	0x0fd5	4053	11992
B	RTL8367B_SVLAN_SP2C_ENTRY106_CTRL1_VALID_OFFSET		OFFSET_SHIFT	12	12	11993
B	RTL8367B_SVLAN_SP2C_ENTRY106_CTRL1_VALID_MASK		MASK	0x1000	4096	11994
B	RTL8367B_SVLAN_SP2C_ENTRY106_CTRL1_VID_OFFSET		OFFSET_SHIFT	0	0	11995
B	RTL8367B_SVLAN_SP2C_ENTRY106_CTRL1_VID_MASK		MASK	0xFFF	4095	11996
B	RTL8367B_REG_SVLAN_SP2C_ENTRY107_CTRL0		REGISTER	0x0fd6	4054	11998
B	RTL8367B_SVLAN_SP2C_ENTRY107_CTRL0_SVIDX_OFFSET		OFFSET_SHIFT	3	3	11999
B	RTL8367B_SVLAN_SP2C_ENTRY107_CTRL0_SVIDX_MASK		MASK	0x1F8	504	12000
B	RTL8367B_SVLAN_SP2C_ENTRY107_CTRL0_DST_PORT_OFFSET		OFFSET_SHIFT	0	0	12001
B	RTL8367B_SVLAN_SP2C_ENTRY107_CTRL0_DST_PORT_MASK		MASK	0x7	7	12002
B	RTL8367B_REG_SVLAN_SP2C_ENTRY107_CTRL1		REGISTER	0x0fd7	4055	12004
B	RTL8367B_SVLAN_SP2C_ENTRY107_CTRL1_VALID_OFFSET		OFFSET_SHIFT	12	12	12005
B	RTL8367B_SVLAN_SP2C_ENTRY107_CTRL1_VALID_MASK		MASK	0x1000	4096	12006
B	RTL8367B_SVLAN_SP2C_ENTRY107_CTRL1_VID_OFFSET		OFFSET_SHIFT	0	0	12007
B	RTL8367B_SVLAN_SP2C_ENTRY107_CTRL1_VID_MASK		MASK	0xFFF	4095	12008
B	RTL8367B_REG_SVLAN_SP2C_ENTRY108_CTRL0		REGISTER	0x0fd8	4056	12010
B	RTL8367B_SVLAN_SP2C_ENTRY108_CTRL0_SVIDX_OFFSET		OFFSET_SHIFT	3	3	12011
B	RTL8367B_SVLAN_SP2C_ENTRY108_CTRL0_SVIDX_MASK		MASK	0x1F8	504	12012
B	RTL8367B_SVLAN_SP2C_ENTRY108_CTRL0_DST_PORT_OFFSET		OFFSET_SHIFT	0	0	12013
B	RTL8367B_SVLAN_SP2C_ENTRY108_CTRL0_DST_PORT_MASK		MASK	0x7	7	12014
B	RTL8367B_REG_SVLAN_SP2C_ENTRY108_CTRL1		REGISTER	0x0fd9	4057	12016
B	RTL8367B_SVLAN_SP2C_ENTRY108_CTRL1_VALID_OFFSET		OFFSET_SHIFT	12	12	12017
B	RTL8367B_SVLAN_SP2C_ENTRY108_CTRL1_VALID_MASK		MASK	0x1000	4096	12018
B	RTL8367B_SVLAN_SP2C_ENTRY108_CTRL1_VID_OFFSET		OFFSET_SHIFT	0	0	12019
B	RTL8367B_SVLAN_SP2C_ENTRY108_CTRL1_VID_MASK		MASK	0xFFF	4095	12020
B	RTL8367B_REG_SVLAN_SP2C_ENTRY109_CTRL0		REGISTER	0x0fda	4058	12022
B	RTL8367B_SVLAN_SP2C_ENTRY109_CTRL0_SVIDX_OFFSET		OFFSET_SHIFT	3	3	12023
B	RTL8367B_SVLAN_SP2C_ENTRY109_CTRL0_SVIDX_MASK		MASK	0x1F8	504	12024
B	RTL8367B_SVLAN_SP2C_ENTRY109_CTRL0_DST_PORT_OFFSET		OFFSET_SHIFT	0	0	12025
B	RTL8367B_SVLAN_SP2C_ENTRY109_CTRL0_DST_PORT_MASK		MASK	0x7	7	12026
B	RTL8367B_REG_SVLAN_SP2C_ENTRY109_CTRL1		REGISTER	0x0fdb	4059	12028
B	RTL8367B_SVLAN_SP2C_ENTRY109_CTRL1_VALID_OFFSET		OFFSET_SHIFT	12	12	12029
B	RTL8367B_SVLAN_SP2C_ENTRY109_CTRL1_VALID_MASK		MASK	0x1000	4096	12030
B	RTL8367B_SVLAN_SP2C_ENTRY109_CTRL1_VID_OFFSET		OFFSET_SHIFT	0	0	12031
B	RTL8367B_SVLAN_SP2C_ENTRY109_CTRL1_VID_MASK		MASK	0xFFF	4095	12032
B	RTL8367B_REG_SVLAN_SP2C_ENTRY110_CTRL0		REGISTER	0x0fdc	4060	12034
B	RTL8367B_SVLAN_SP2C_ENTRY110_CTRL0_SVIDX_OFFSET		OFFSET_SHIFT	3	3	12035
B	RTL8367B_SVLAN_SP2C_ENTRY110_CTRL0_SVIDX_MASK		MASK	0x1F8	504	12036
B	RTL8367B_SVLAN_SP2C_ENTRY110_CTRL0_DST_PORT_OFFSET		OFFSET_SHIFT	0	0	12037
B	RTL8367B_SVLAN_SP2C_ENTRY110_CTRL0_DST_PORT_MASK		MASK	0x7	7	12038
B	RTL8367B_REG_SVLAN_SP2C_ENTRY110_CTRL1		REGISTER	0x0fdd	4061	12040
B	RTL8367B_SVLAN_SP2C_ENTRY110_CTRL1_VALID_OFFSET		OFFSET_SHIFT	12	12	12041
B	RTL8367B_SVLAN_SP2C_ENTRY110_CTRL1_VALID_MASK		MASK	0x1000	4096	12042
B	RTL8367B_SVLAN_SP2C_ENTRY110_CTRL1_VID_OFFSET		OFFSET_SHIFT	0	0	12043
B	RTL8367B_SVLAN_SP2C_ENTRY110_CTRL1_VID_MASK		MASK	0xFFF	4095	12044
B	RTL8367B_REG_SVLAN_SP2C_ENTRY111_CTRL0		REGISTER	0x0fde	4062	12046
B	RTL8367B_SVLAN_SP2C_ENTRY111_CTRL0_SVIDX_OFFSET		OFFSET_SHIFT	3	3	12047
B	RTL8367B_SVLAN_SP2C_ENTRY111_CTRL0_SVIDX_MASK		MASK	0x1F8	504	12048
B	RTL8367B_SVLAN_SP2C_ENTRY111_CTRL0_DST_PORT_OFFSET		OFFSET_SHIFT	0	0	12049
B	RTL8367B_SVLAN_SP2C_ENTRY111_CTRL0_DST_PORT_MASK		MASK	0x7	7	12050
B	RTL8367B_REG_SVLAN_SP2C_ENTRY111_CTRL1		REGISTER	0x0fdf	4063	12052
B	RTL8367B_SVLAN_SP2C_ENTRY111_CTRL1_VALID_OFFSET		OFFSET_SHIFT	12	12	12053
B	RTL8367B_SVLAN_SP2C_ENTRY111_CTRL1_VALID_MASK		MASK	0x1000	4096	12054
B	RTL8367B_SVLAN_SP2C_ENTRY111_CTRL1_VID_OFFSET		OFFSET_SHIFT	0	0	12055
B	RTL8367B_SVLAN_SP2C_ENTRY111_CTRL1_VID_MASK		MASK	0xFFF	4095	12056
B	RTL8367B_REG_SVLAN_SP2C_ENTRY112_CTRL0		REGISTER	0x0fe0	4064	12058
B	RTL8367B_SVLAN_SP2C_ENTRY112_CTRL0_SVIDX_OFFSET		OFFSET_SHIFT	3	3	12059
B	RTL8367B_SVLAN_SP2C_ENTRY112_CTRL0_SVIDX_MASK		MASK	0x1F8	504	12060
B	RTL8367B_SVLAN_SP2C_ENTRY112_CTRL0_DST_PORT_OFFSET		OFFSET_SHIFT	0	0	12061
B	RTL8367B_SVLAN_SP2C_ENTRY112_CTRL0_DST_PORT_MASK		MASK	0x7	7	12062
B	RTL8367B_REG_SVLAN_SP2C_ENTRY112_CTRL1		REGISTER	0x0fe1	4065	12064
B	RTL8367B_SVLAN_SP2C_ENTRY112_CTRL1_VALID_OFFSET		OFFSET_SHIFT	12	12	12065
B	RTL8367B_SVLAN_SP2C_ENTRY112_CTRL1_VALID_MASK		MASK	0x1000	4096	12066
B	RTL8367B_SVLAN_SP2C_ENTRY112_CTRL1_VID_OFFSET		OFFSET_SHIFT	0	0	12067
B	RTL8367B_SVLAN_SP2C_ENTRY112_CTRL1_VID_MASK		MASK	0xFFF	4095	12068
B	RTL8367B_REG_SVLAN_SP2C_ENTRY113_CTRL0		REGISTER	0x0fe2	4066	12070
B	RTL8367B_SVLAN_SP2C_ENTRY113_CTRL0_SVIDX_OFFSET		OFFSET_SHIFT	3	3	12071
B	RTL8367B_SVLAN_SP2C_ENTRY113_CTRL0_SVIDX_MASK		MASK	0x1F8	504	12072
B	RTL8367B_SVLAN_SP2C_ENTRY113_CTRL0_DST_PORT_OFFSET		OFFSET_SHIFT	0	0	12073
B	RTL8367B_SVLAN_SP2C_ENTRY113_CTRL0_DST_PORT_MASK		MASK	0x7	7	12074
B	RTL8367B_REG_SVLAN_SP2C_ENTRY113_CTRL1		REGISTER	0x0fe3	4067	12076
B	RTL8367B_SVLAN_SP2C_ENTRY113_CTRL1_VALID_OFFSET		OFFSET_SHIFT	12	12	12077
B	RTL8367B_SVLAN_SP2C_ENTRY113_CTRL1_VALID_MASK		MASK	0x1000	4096	12078
B	RTL8367B_SVLAN_SP2C_ENTRY113_CTRL1_VID_OFFSET		OFFSET_SHIFT	0	0	12079
B	RTL8367B_SVLAN_SP2C_ENTRY113_CTRL1_VID_MASK		MASK	0xFFF	4095	12080
B	RTL8367B_REG_SVLAN_SP2C_ENTRY114_CTRL0		REGISTER	0x0fe4	4068	12082
B	RTL8367B_SVLAN_SP2C_ENTRY114_CTRL0_SVIDX_OFFSET		OFFSET_SHIFT	3	3	12083
B	RTL8367B_SVLAN_SP2C_ENTRY114_CTRL0_SVIDX_MASK		MASK	0x1F8	504	12084
B	RTL8367B_SVLAN_SP2C_ENTRY114_CTRL0_DST_PORT_OFFSET		OFFSET_SHIFT	0	0	12085
B	RTL8367B_SVLAN_SP2C_ENTRY114_CTRL0_DST_PORT_MASK		MASK	0x7	7	12086
B	RTL8367B_REG_SVLAN_SP2C_ENTRY114_CTRL1		REGISTER	0x0fe5	4069	12088
B	RTL8367B_SVLAN_SP2C_ENTRY114_CTRL1_VALID_OFFSET		OFFSET_SHIFT	12	12	12089
B	RTL8367B_SVLAN_SP2C_ENTRY114_CTRL1_VALID_MASK		MASK	0x1000	4096	12090
B	RTL8367B_SVLAN_SP2C_ENTRY114_CTRL1_VID_OFFSET		OFFSET_SHIFT	0	0	12091
B	RTL8367B_SVLAN_SP2C_ENTRY114_CTRL1_VID_MASK		MASK	0xFFF	4095	12092
B	RTL8367B_REG_SVLAN_SP2C_ENTRY115_CTRL0		REGISTER	0x0fe6	4070	12094
B	RTL8367B_SVLAN_SP2C_ENTRY115_CTRL0_SVIDX_OFFSET		OFFSET_SHIFT	3	3	12095
B	RTL8367B_SVLAN_SP2C_ENTRY115_CTRL0_SVIDX_MASK		MASK	0x1F8	504	12096
B	RTL8367B_SVLAN_SP2C_ENTRY115_CTRL0_DST_PORT_OFFSET		OFFSET_SHIFT	0	0	12097
B	RTL8367B_SVLAN_SP2C_ENTRY115_CTRL0_DST_PORT_MASK		MASK	0x7	7	12098
B	RTL8367B_REG_SVLAN_SP2C_ENTRY115_CTRL1		REGISTER	0x0fe7	4071	12100
B	RTL8367B_SVLAN_SP2C_ENTRY115_CTRL1_VALID_OFFSET		OFFSET_SHIFT	12	12	12101
B	RTL8367B_SVLAN_SP2C_ENTRY115_CTRL1_VALID_MASK		MASK	0x1000	4096	12102
B	RTL8367B_SVLAN_SP2C_ENTRY115_CTRL1_VID_OFFSET		OFFSET_SHIFT	0	0	12103
B	RTL8367B_SVLAN_SP2C_ENTRY115_CTRL1_VID_MASK		MASK	0xFFF	4095	12104
B	RTL8367B_REG_SVLAN_SP2C_ENTRY116_CTRL0		REGISTER	0x0fe8	4072	12106
B	RTL8367B_SVLAN_SP2C_ENTRY116_CTRL0_SVIDX_OFFSET		OFFSET_SHIFT	3	3	12107
B	RTL8367B_SVLAN_SP2C_ENTRY116_CTRL0_SVIDX_MASK		MASK	0x1F8	504	12108
B	RTL8367B_SVLAN_SP2C_ENTRY116_CTRL0_DST_PORT_OFFSET		OFFSET_SHIFT	0	0	12109
B	RTL8367B_SVLAN_SP2C_ENTRY116_CTRL0_DST_PORT_MASK		MASK	0x7	7	12110
B	RTL8367B_REG_SVLAN_SP2C_ENTRY116_CTRL1		REGISTER	0x0fe9	4073	12112
B	RTL8367B_SVLAN_SP2C_ENTRY116_CTRL1_VALID_OFFSET		OFFSET_SHIFT	12	12	12113
B	RTL8367B_SVLAN_SP2C_ENTRY116_CTRL1_VALID_MASK		MASK	0x1000	4096	12114
B	RTL8367B_SVLAN_SP2C_ENTRY116_CTRL1_VID_OFFSET		OFFSET_SHIFT	0	0	12115
B	RTL8367B_SVLAN_SP2C_ENTRY116_CTRL1_VID_MASK		MASK	0xFFF	4095	12116
B	RTL8367B_REG_SVLAN_SP2C_ENTRY117_CTRL0		REGISTER	0x0fea	4074	12118
B	RTL8367B_SVLAN_SP2C_ENTRY117_CTRL0_SVIDX_OFFSET		OFFSET_SHIFT	3	3	12119
B	RTL8367B_SVLAN_SP2C_ENTRY117_CTRL0_SVIDX_MASK		MASK	0x1F8	504	12120
B	RTL8367B_SVLAN_SP2C_ENTRY117_CTRL0_DST_PORT_OFFSET		OFFSET_SHIFT	0	0	12121
B	RTL8367B_SVLAN_SP2C_ENTRY117_CTRL0_DST_PORT_MASK		MASK	0x7	7	12122
B	RTL8367B_REG_SVLAN_SP2C_ENTRY117_CTRL1		REGISTER	0x0feb	4075	12124
B	RTL8367B_SVLAN_SP2C_ENTRY117_CTRL1_VALID_OFFSET		OFFSET_SHIFT	12	12	12125
B	RTL8367B_SVLAN_SP2C_ENTRY117_CTRL1_VALID_MASK		MASK	0x1000	4096	12126
B	RTL8367B_SVLAN_SP2C_ENTRY117_CTRL1_VID_OFFSET		OFFSET_SHIFT	0	0	12127
B	RTL8367B_SVLAN_SP2C_ENTRY117_CTRL1_VID_MASK		MASK	0xFFF	4095	12128
B	RTL8367B_REG_SVLAN_SP2C_ENTRY118_CTRL0		REGISTER	0x0fec	4076	12130
B	RTL8367B_SVLAN_SP2C_ENTRY118_CTRL0_SVIDX_OFFSET		OFFSET_SHIFT	3	3	12131
B	RTL8367B_SVLAN_SP2C_ENTRY118_CTRL0_SVIDX_MASK		MASK	0x1F8	504	12132
B	RTL8367B_SVLAN_SP2C_ENTRY118_CTRL0_DST_PORT_OFFSET		OFFSET_SHIFT	0	0	12133
B	RTL8367B_SVLAN_SP2C_ENTRY118_CTRL0_DST_PORT_MASK		MASK	0x7	7	12134
B	RTL8367B_REG_SVLAN_SP2C_ENTRY118_CTRL1		REGISTER	0x0fed	4077	12136
B	RTL8367B_SVLAN_SP2C_ENTRY118_CTRL1_VALID_OFFSET		OFFSET_SHIFT	12	12	12137
B	RTL8367B_SVLAN_SP2C_ENTRY118_CTRL1_VALID_MASK		MASK	0x1000	4096	12138
B	RTL8367B_SVLAN_SP2C_ENTRY118_CTRL1_VID_OFFSET		OFFSET_SHIFT	0	0	12139
B	RTL8367B_SVLAN_SP2C_ENTRY118_CTRL1_VID_MASK		MASK	0xFFF	4095	12140
B	RTL8367B_REG_SVLAN_SP2C_ENTRY119_CTRL0		REGISTER	0x0fee	4078	12142
B	RTL8367B_SVLAN_SP2C_ENTRY119_CTRL0_SVIDX_OFFSET		OFFSET_SHIFT	3	3	12143
B	RTL8367B_SVLAN_SP2C_ENTRY119_CTRL0_SVIDX_MASK		MASK	0x1F8	504	12144
B	RTL8367B_SVLAN_SP2C_ENTRY119_CTRL0_DST_PORT_OFFSET		OFFSET_SHIFT	0	0	12145
B	RTL8367B_SVLAN_SP2C_ENTRY119_CTRL0_DST_PORT_MASK		MASK	0x7	7	12146
B	RTL8367B_REG_SVLAN_SP2C_ENTRY119_CTRL1		REGISTER	0x0fef	4079	12148
B	RTL8367B_SVLAN_SP2C_ENTRY119_CTRL1_VALID_OFFSET		OFFSET_SHIFT	12	12	12149
B	RTL8367B_SVLAN_SP2C_ENTRY119_CTRL1_VALID_MASK		MASK	0x1000	4096	12150
B	RTL8367B_SVLAN_SP2C_ENTRY119_CTRL1_VID_OFFSET		OFFSET_SHIFT	0	0	12151
B	RTL8367B_SVLAN_SP2C_ENTRY119_CTRL1_VID_MASK		MASK	0xFFF	4095	12152
B	RTL8367B_REG_SVLAN_SP2C_ENTRY120_CTRL0		REGISTER	0x0ff0	4080	12154
B	RTL8367B_SVLAN_SP2C_ENTRY120_CTRL0_SVIDX_OFFSET		OFFSET_SHIFT	3	3	12155
B	RTL8367B_SVLAN_SP2C_ENTRY120_CTRL0_SVIDX_MASK		MASK	0x1F8	504	12156
B	RTL8367B_SVLAN_SP2C_ENTRY120_CTRL0_DST_PORT_OFFSET		OFFSET_SHIFT	0	0	12157
B	RTL8367B_SVLAN_SP2C_ENTRY120_CTRL0_DST_PORT_MASK		MASK	0x7	7	12158
B	RTL8367B_REG_SVLAN_SP2C_ENTRY120_CTRL1		REGISTER	0x0ff1	4081	12160
B	RTL8367B_SVLAN_SP2C_ENTRY120_CTRL1_VALID_OFFSET		OFFSET_SHIFT	12	12	12161
B	RTL8367B_SVLAN_SP2C_ENTRY120_CTRL1_VALID_MASK		MASK	0x1000	4096	12162
B	RTL8367B_SVLAN_SP2C_ENTRY120_CTRL1_VID_OFFSET		OFFSET_SHIFT	0	0	12163
B	RTL8367B_SVLAN_SP2C_ENTRY120_CTRL1_VID_MASK		MASK	0xFFF	4095	12164
B	RTL8367B_REG_SVLAN_SP2C_ENTRY121_CTRL0		REGISTER	0x0ff2	4082	12166
B	RTL8367B_SVLAN_SP2C_ENTRY121_CTRL0_SVIDX_OFFSET		OFFSET_SHIFT	3	3	12167
B	RTL8367B_SVLAN_SP2C_ENTRY121_CTRL0_SVIDX_MASK		MASK	0x1F8	504	12168
B	RTL8367B_SVLAN_SP2C_ENTRY121_CTRL0_DST_PORT_OFFSET		OFFSET_SHIFT	0	0	12169
B	RTL8367B_SVLAN_SP2C_ENTRY121_CTRL0_DST_PORT_MASK		MASK	0x7	7	12170
B	RTL8367B_REG_SVLAN_SP2C_ENTRY121_CTRL1		REGISTER	0x0ff3	4083	12172
B	RTL8367B_SVLAN_SP2C_ENTRY121_CTRL1_VALID_OFFSET		OFFSET_SHIFT	12	12	12173
B	RTL8367B_SVLAN_SP2C_ENTRY121_CTRL1_VALID_MASK		MASK	0x1000	4096	12174
B	RTL8367B_SVLAN_SP2C_ENTRY121_CTRL1_VID_OFFSET		OFFSET_SHIFT	0	0	12175
B	RTL8367B_SVLAN_SP2C_ENTRY121_CTRL1_VID_MASK		MASK	0xFFF	4095	12176
B	RTL8367B_REG_SVLAN_SP2C_ENTRY122_CTRL0		REGISTER	0x0ff4	4084	12178
B	RTL8367B_SVLAN_SP2C_ENTRY122_CTRL0_SVIDX_OFFSET		OFFSET_SHIFT	3	3	12179
B	RTL8367B_SVLAN_SP2C_ENTRY122_CTRL0_SVIDX_MASK		MASK	0x1F8	504	12180
B	RTL8367B_SVLAN_SP2C_ENTRY122_CTRL0_DST_PORT_OFFSET		OFFSET_SHIFT	0	0	12181
B	RTL8367B_SVLAN_SP2C_ENTRY122_CTRL0_DST_PORT_MASK		MASK	0x7	7	12182
B	RTL8367B_REG_SVLAN_SP2C_ENTRY122_CTRL1		REGISTER	0x0ff5	4085	12184
B	RTL8367B_SVLAN_SP2C_ENTRY122_CTRL1_VALID_OFFSET		OFFSET_SHIFT	12	12	12185
B	RTL8367B_SVLAN_SP2C_ENTRY122_CTRL1_VALID_MASK		MASK	0x1000	4096	12186
B	RTL8367B_SVLAN_SP2C_ENTRY122_CTRL1_VID_OFFSET		OFFSET_SHIFT	0	0	12187
B	RTL8367B_SVLAN_SP2C_ENTRY122_CTRL1_VID_MASK		MASK	0xFFF	4095	12188
B	RTL8367B_REG_SVLAN_SP2C_ENTRY123_CTRL0		REGISTER	0x0ff6	4086	12190
B	RTL8367B_SVLAN_SP2C_ENTRY123_CTRL0_SVIDX_OFFSET		OFFSET_SHIFT	3	3	12191
B	RTL8367B_SVLAN_SP2C_ENTRY123_CTRL0_SVIDX_MASK		MASK	0x1F8	504	12192
B	RTL8367B_SVLAN_SP2C_ENTRY123_CTRL0_DST_PORT_OFFSET		OFFSET_SHIFT	0	0	12193
B	RTL8367B_SVLAN_SP2C_ENTRY123_CTRL0_DST_PORT_MASK		MASK	0x7	7	12194
B	RTL8367B_REG_SVLAN_SP2C_ENTRY123_CTRL1		REGISTER	0x0ff7	4087	12196
B	RTL8367B_SVLAN_SP2C_ENTRY123_CTRL1_VALID_OFFSET		OFFSET_SHIFT	12	12	12197
B	RTL8367B_SVLAN_SP2C_ENTRY123_CTRL1_VALID_MASK		MASK	0x1000	4096	12198
B	RTL8367B_SVLAN_SP2C_ENTRY123_CTRL1_VID_OFFSET		OFFSET_SHIFT	0	0	12199
B	RTL8367B_SVLAN_SP2C_ENTRY123_CTRL1_VID_MASK		MASK	0xFFF	4095	12200
B	RTL8367B_REG_SVLAN_SP2C_ENTRY124_CTRL0		REGISTER	0x0ff8	4088	12202
B	RTL8367B_SVLAN_SP2C_ENTRY124_CTRL0_SVIDX_OFFSET		OFFSET_SHIFT	3	3	12203
B	RTL8367B_SVLAN_SP2C_ENTRY124_CTRL0_SVIDX_MASK		MASK	0x1F8	504	12204
B	RTL8367B_SVLAN_SP2C_ENTRY124_CTRL0_DST_PORT_OFFSET		OFFSET_SHIFT	0	0	12205
B	RTL8367B_SVLAN_SP2C_ENTRY124_CTRL0_DST_PORT_MASK		MASK	0x7	7	12206
B	RTL8367B_REG_SVLAN_SP2C_ENTRY124_CTRL1		REGISTER	0x0ff9	4089	12208
B	RTL8367B_SVLAN_SP2C_ENTRY124_CTRL1_VALID_OFFSET		OFFSET_SHIFT	12	12	12209
B	RTL8367B_SVLAN_SP2C_ENTRY124_CTRL1_VALID_MASK		MASK	0x1000	4096	12210
B	RTL8367B_SVLAN_SP2C_ENTRY124_CTRL1_VID_OFFSET		OFFSET_SHIFT	0	0	12211
B	RTL8367B_SVLAN_SP2C_ENTRY124_CTRL1_VID_MASK		MASK	0xFFF	4095	12212
B	RTL8367B_REG_SVLAN_SP2C_ENTRY125_CTRL0		REGISTER	0x0ffa	4090	12214
B	RTL8367B_SVLAN_SP2C_ENTRY125_CTRL0_SVIDX_OFFSET		OFFSET_SHIFT	3	3	12215
B	RTL8367B_SVLAN_SP2C_ENTRY125_CTRL0_SVIDX_MASK		MASK	0x1F8	504	12216
B	RTL8367B_SVLAN_SP2C_ENTRY125_CTRL0_DST_PORT_OFFSET		OFFSET_SHIFT	0	0	12217
B	RTL8367B_SVLAN_SP2C_ENTRY125_CTRL0_DST_PORT_MASK		MASK	0x7	7	12218
B	RTL8367B_REG_SVLAN_SP2C_ENTRY125_CTRL1		REGISTER	0x0ffb	4091	12220
B	RTL8367B_SVLAN_SP2C_ENTRY125_CTRL1_VALID_OFFSET		OFFSET_SHIFT	12	12	12221
B	RTL8367B_SVLAN_SP2C_ENTRY125_CTRL1_VALID_MASK		MASK	0x1000	4096	12222
B	RTL8367B_SVLAN_SP2C_ENTRY125_CTRL1_VID_OFFSET		OFFSET_SHIFT	0	0	12223
B	RTL8367B_SVLAN_SP2C_ENTRY125_CTRL1_VID_MASK		MASK	0xFFF	4095	12224
B	RTL8367B_REG_SVLAN_SP2C_ENTRY126_CTRL0		REGISTER	0x0ffc	4092	12226
B	RTL8367B_SVLAN_SP2C_ENTRY126_CTRL0_SVIDX_OFFSET		OFFSET_SHIFT	3	3	12227
B	RTL8367B_SVLAN_SP2C_ENTRY126_CTRL0_SVIDX_MASK		MASK	0x1F8	504	12228
B	RTL8367B_SVLAN_SP2C_ENTRY126_CTRL0_DST_PORT_OFFSET		OFFSET_SHIFT	0	0	12229
B	RTL8367B_SVLAN_SP2C_ENTRY126_CTRL0_DST_PORT_MASK		MASK	0x7	7	12230
B	RTL8367B_REG_SVLAN_SP2C_ENTRY126_CTRL1		REGISTER	0x0ffd	4093	12232
B	RTL8367B_SVLAN_SP2C_ENTRY126_CTRL1_VALID_OFFSET		OFFSET_SHIFT	12	12	12233
B	RTL8367B_SVLAN_SP2C_ENTRY126_CTRL1_VALID_MASK		MASK	0x1000	4096	12234
B	RTL8367B_SVLAN_SP2C_ENTRY126_CTRL1_VID_OFFSET		OFFSET_SHIFT	0	0	12235
B	RTL8367B_SVLAN_SP2C_ENTRY126_CTRL1_VID_MASK		MASK	0xFFF	4095	12236
B	RTL8367B_REG_SVLAN_SP2C_ENTRY127_CTRL0		REGISTER	0x0ffe	4094	12238
B	RTL8367B_SVLAN_SP2C_ENTRY127_CTRL0_SVIDX_OFFSET		OFFSET_SHIFT	3	3	12239
B	RTL8367B_SVLAN_SP2C_ENTRY127_CTRL0_SVIDX_MASK		MASK	0x1F8	504	12240
B	RTL8367B_SVLAN_SP2C_ENTRY127_CTRL0_DST_PORT_OFFSET		OFFSET_SHIFT	0	0	12241
B	RTL8367B_SVLAN_SP2C_ENTRY127_CTRL0_DST_PORT_MASK		MASK	0x7	7	12242
B	RTL8367B_REG_SVLAN_SP2C_ENTRY127_CTRL1		REGISTER	0x0fff	4095	12244
B	RTL8367B_SVLAN_SP2C_ENTRY127_CTRL1_VALID_OFFSET		OFFSET_SHIFT	12	12	12245
B	RTL8367B_SVLAN_SP2C_ENTRY127_CTRL1_VALID_MASK		MASK	0x1000	4096	12246
B	RTL8367B_SVLAN_SP2C_ENTRY127_CTRL1_VID_OFFSET		OFFSET_SHIFT	0	0	12247
B	RTL8367B_SVLAN_SP2C_ENTRY127_CTRL1_VID_MASK		MASK	0xFFF	4095	12248
B	RTL8367B_REG_MIB_COUNTER0		REGISTER	0x1000	4096	12252
B	RTL8367B_REG_MIB_COUNTER1		REGISTER	0x1001	4097	12254
B	RTL8367B_REG_MIB_COUNTER2		REGISTER	0x1002	4098	12256
B	RTL8367B_REG_MIB_COUNTER3		REGISTER	0x1003	4099	12258
B	RTL8367B_REG_MIB_ADDRESS		REGISTER	0x1004	4100	12260
B	RTL8367B_MIB_ADDRESS_OFFSET		OFFSET_SHIFT	0	0	12261
B	RTL8367B_MIB_ADDRESS_MASK		MASK	0x1FF	511	12262
B	RTL8367B_REG_MIB_CTRL0		REGISTER	0x1005	4101	12264
B	RTL8367B_RESET_VALUE_OFFSET		OFFSET_SHIFT	12	12	12265
B	RTL8367B_RESET_VALUE_MASK		MASK	0x1000	4096	12266
B	RTL8367B_GLOBAL_RESET_OFFSET		OFFSET_SHIFT	11	11	12267
B	RTL8367B_GLOBAL_RESET_MASK		MASK	0x800	2048	12268
B	RTL8367B_QM_RESET_OFFSET		OFFSET_SHIFT	10	10	12269
B	RTL8367B_QM_RESET_MASK		MASK	0x400	1024	12270
B	RTL8367B_PORT7_RESET_OFFSET		OFFSET_SHIFT	9	9	12271
B	RTL8367B_PORT7_RESET_MASK		MASK	0x200	512	12272
B	RTL8367B_PORT6_RESET_OFFSET		OFFSET_SHIFT	8	8	12273
B	RTL8367B_PORT6_RESET_MASK		MASK	0x100	256	12274
B	RTL8367B_PORT5_RESET_OFFSET		OFFSET_SHIFT	7	7	12275
B	RTL8367B_PORT5_RESET_MASK		MASK	0x80	128	12276
B	RTL8367B_PORT4_RESET_OFFSET		OFFSET_SHIFT	6	6	12277
B	RTL8367B_PORT4_RESET_MASK		MASK	0x40	64	12278
B	RTL8367B_PORT3_RESET_OFFSET		OFFSET_SHIFT	5	5	12279
B	RTL8367B_PORT3_RESET_MASK		MASK	0x20	32	12280
B	RTL8367B_PORT2_RESET_OFFSET		OFFSET_SHIFT	4	4	12281
B	RTL8367B_PORT2_RESET_MASK		MASK	0x10	16	12282
B	RTL8367B_PORT1_RESET_OFFSET		OFFSET_SHIFT	3	3	12283
B	RTL8367B_PORT1_RESET_MASK		MASK	0x8	8	12284
B	RTL8367B_PORT0_RESET_OFFSET		OFFSET_SHIFT	2	2	12285
B	RTL8367B_PORT0_RESET_MASK		MASK	0x4	4	12286
B	RTL8367B_RESET_FLAG_OFFSET		OFFSET_SHIFT	1	1	12287
B	RTL8367B_RESET_FLAG_MASK		MASK	0x2	2	12288
B	RTL8367B_MIB_CTRL0_BUSY_FLAG_OFFSET		OFFSET_SHIFT	0	0	12289
B	RTL8367B_MIB_CTRL0_BUSY_FLAG_MASK		MASK	0x1	1	12290
B	RTL8367B_REG_MIB_CTRL1		REGISTER	0x1007	4103	12292
B	RTL8367B_COUNTER15_RESET_OFFSET		OFFSET_SHIFT	15	15	12293
B	RTL8367B_COUNTER15_RESET_MASK		MASK	0x8000	32768	12294
B	RTL8367B_COUNTER14_RESET_OFFSET		OFFSET_SHIFT	14	14	12295
B	RTL8367B_COUNTER14_RESET_MASK		MASK	0x4000	16384	12296
B	RTL8367B_COUNTER13_RESET_OFFSET		OFFSET_SHIFT	13	13	12297
B	RTL8367B_COUNTER13_RESET_MASK		MASK	0x2000	8192	12298
B	RTL8367B_COUNTER12_RESET_OFFSET		OFFSET_SHIFT	12	12	12299
B	RTL8367B_COUNTER12_RESET_MASK		MASK	0x1000	4096	12300
B	RTL8367B_COUNTER11_RESET_OFFSET		OFFSET_SHIFT	11	11	12301
B	RTL8367B_COUNTER11_RESET_MASK		MASK	0x800	2048	12302
B	RTL8367B_COUNTER10_RESET_OFFSET		OFFSET_SHIFT	10	10	12303
B	RTL8367B_COUNTER10_RESET_MASK		MASK	0x400	1024	12304
B	RTL8367B_COUNTER9_RESET_OFFSET		OFFSET_SHIFT	9	9	12305
B	RTL8367B_COUNTER9_RESET_MASK		MASK	0x200	512	12306
B	RTL8367B_COUNTER8_RESET_OFFSET		OFFSET_SHIFT	8	8	12307
B	RTL8367B_COUNTER8_RESET_MASK		MASK	0x100	256	12308
B	RTL8367B_COUNTER7_RESET_OFFSET		OFFSET_SHIFT	7	7	12309
B	RTL8367B_COUNTER7_RESET_MASK		MASK	0x80	128	12310
B	RTL8367B_COUNTER6_RESET_OFFSET		OFFSET_SHIFT	6	6	12311
B	RTL8367B_COUNTER6_RESET_MASK		MASK	0x40	64	12312
B	RTL8367B_COUNTER5_RESET_OFFSET		OFFSET_SHIFT	5	5	12313
B	RTL8367B_COUNTER5_RESET_MASK		MASK	0x20	32	12314
B	RTL8367B_COUNTER4_RESET_OFFSET		OFFSET_SHIFT	4	4	12315
B	RTL8367B_COUNTER4_RESET_MASK		MASK	0x10	16	12316
B	RTL8367B_COUNTER3_RESET_OFFSET		OFFSET_SHIFT	3	3	12317
B	RTL8367B_COUNTER3_RESET_MASK		MASK	0x8	8	12318
B	RTL8367B_COUNTER2_RESET_OFFSET		OFFSET_SHIFT	2	2	12319
B	RTL8367B_COUNTER2_RESET_MASK		MASK	0x4	4	12320
B	RTL8367B_COUNTER1_RESET_OFFSET		OFFSET_SHIFT	1	1	12321
B	RTL8367B_COUNTER1_RESET_MASK		MASK	0x2	2	12322
B	RTL8367B_COUNTER0_RESET_OFFSET		OFFSET_SHIFT	0	0	12323
B	RTL8367B_COUNTER0_RESET_MASK		MASK	0x1	1	12324
B	RTL8367B_REG_MIB_CTRL2		REGISTER	0x1008	4104	12326
B	RTL8367B_COUNTER31_RESET_OFFSET		OFFSET_SHIFT	15	15	12327
B	RTL8367B_COUNTER31_RESET_MASK		MASK	0x8000	32768	12328
B	RTL8367B_COUNTER30_RESET_OFFSET		OFFSET_SHIFT	14	14	12329
B	RTL8367B_COUNTER30_RESET_MASK		MASK	0x4000	16384	12330
B	RTL8367B_COUNTER29_RESET_OFFSET		OFFSET_SHIFT	13	13	12331
B	RTL8367B_COUNTER29_RESET_MASK		MASK	0x2000	8192	12332
B	RTL8367B_COUNTER28_RESET_OFFSET		OFFSET_SHIFT	12	12	12333
B	RTL8367B_COUNTER28_RESET_MASK		MASK	0x1000	4096	12334
B	RTL8367B_COUNTER27_RESET_OFFSET		OFFSET_SHIFT	11	11	12335
B	RTL8367B_COUNTER27_RESET_MASK		MASK	0x800	2048	12336
B	RTL8367B_COUNTER26_RESET_OFFSET		OFFSET_SHIFT	10	10	12337
B	RTL8367B_COUNTER26_RESET_MASK		MASK	0x400	1024	12338
B	RTL8367B_COUNTER25_RESET_OFFSET		OFFSET_SHIFT	9	9	12339
B	RTL8367B_COUNTER25_RESET_MASK		MASK	0x200	512	12340
B	RTL8367B_COUNTER24_RESET_OFFSET		OFFSET_SHIFT	8	8	12341
B	RTL8367B_COUNTER24_RESET_MASK		MASK	0x100	256	12342
B	RTL8367B_COUNTER23_RESET_OFFSET		OFFSET_SHIFT	7	7	12343
B	RTL8367B_COUNTER23_RESET_MASK		MASK	0x80	128	12344
B	RTL8367B_COUNTER22_RESET_OFFSET		OFFSET_SHIFT	6	6	12345
B	RTL8367B_COUNTER22_RESET_MASK		MASK	0x40	64	12346
B	RTL8367B_COUNTER21_RESET_OFFSET		OFFSET_SHIFT	5	5	12347
B	RTL8367B_COUNTER21_RESET_MASK		MASK	0x20	32	12348
B	RTL8367B_COUNTER20_RESET_OFFSET		OFFSET_SHIFT	4	4	12349
B	RTL8367B_COUNTER20_RESET_MASK		MASK	0x10	16	12350
B	RTL8367B_COUNTER19_RESET_OFFSET		OFFSET_SHIFT	3	3	12351
B	RTL8367B_COUNTER19_RESET_MASK		MASK	0x8	8	12352
B	RTL8367B_COUNTER18_RESET_OFFSET		OFFSET_SHIFT	2	2	12353
B	RTL8367B_COUNTER18_RESET_MASK		MASK	0x4	4	12354
B	RTL8367B_COUNTER17_RESET_OFFSET		OFFSET_SHIFT	1	1	12355
B	RTL8367B_COUNTER17_RESET_MASK		MASK	0x2	2	12356
B	RTL8367B_COUNTER16_RESET_OFFSET		OFFSET_SHIFT	0	0	12357
B	RTL8367B_COUNTER16_RESET_MASK		MASK	0x1	1	12358
B	RTL8367B_REG_MIB_CTRL3		REGISTER	0x1009	4105	12360
B	RTL8367B_COUNTER15_MODE_OFFSET		OFFSET_SHIFT	15	15	12361
B	RTL8367B_COUNTER15_MODE_MASK		MASK	0x8000	32768	12362
B	RTL8367B_COUNTER14_MODE_OFFSET		OFFSET_SHIFT	14	14	12363
B	RTL8367B_COUNTER14_MODE_MASK		MASK	0x4000	16384	12364
B	RTL8367B_COUNTER13_MODE_OFFSET		OFFSET_SHIFT	13	13	12365
B	RTL8367B_COUNTER13_MODE_MASK		MASK	0x2000	8192	12366
B	RTL8367B_COUNTER12_MODE_OFFSET		OFFSET_SHIFT	12	12	12367
B	RTL8367B_COUNTER12_MODE_MASK		MASK	0x1000	4096	12368
B	RTL8367B_COUNTER11_MODE_OFFSET		OFFSET_SHIFT	11	11	12369
B	RTL8367B_COUNTER11_MODE_MASK		MASK	0x800	2048	12370
B	RTL8367B_COUNTER10_MODE_OFFSET		OFFSET_SHIFT	10	10	12371
B	RTL8367B_COUNTER10_MODE_MASK		MASK	0x400	1024	12372
B	RTL8367B_COUNTER9_MODE_OFFSET		OFFSET_SHIFT	9	9	12373
B	RTL8367B_COUNTER9_MODE_MASK		MASK	0x200	512	12374
B	RTL8367B_COUNTER8_MODE_OFFSET		OFFSET_SHIFT	8	8	12375
B	RTL8367B_COUNTER8_MODE_MASK		MASK	0x100	256	12376
B	RTL8367B_COUNTER7_MODE_OFFSET		OFFSET_SHIFT	7	7	12377
B	RTL8367B_COUNTER7_MODE_MASK		MASK	0x80	128	12378
B	RTL8367B_COUNTER6_MODE_OFFSET		OFFSET_SHIFT	6	6	12379
B	RTL8367B_COUNTER6_MODE_MASK		MASK	0x40	64	12380
B	RTL8367B_COUNTER5_MODE_OFFSET		OFFSET_SHIFT	5	5	12381
B	RTL8367B_COUNTER5_MODE_MASK		MASK	0x20	32	12382
B	RTL8367B_COUNTER4_MODE_OFFSET		OFFSET_SHIFT	4	4	12383
B	RTL8367B_COUNTER4_MODE_MASK		MASK	0x10	16	12384
B	RTL8367B_COUNTER3_MODE_OFFSET		OFFSET_SHIFT	3	3	12385
B	RTL8367B_COUNTER3_MODE_MASK		MASK	0x8	8	12386
B	RTL8367B_COUNTER2_MODE_OFFSET		OFFSET_SHIFT	2	2	12387
B	RTL8367B_COUNTER2_MODE_MASK		MASK	0x4	4	12388
B	RTL8367B_COUNTER1_MODE_OFFSET		OFFSET_SHIFT	1	1	12389
B	RTL8367B_COUNTER1_MODE_MASK		MASK	0x2	2	12390
B	RTL8367B_COUNTER0_MODE_OFFSET		OFFSET_SHIFT	0	0	12391
B	RTL8367B_COUNTER0_MODE_MASK		MASK	0x1	1	12392
B	RTL8367B_REG_MIB_CTRL4		REGISTER	0x100a	4106	12394
B	RTL8367B_MIB_USAGE_MODE_OFFSET		OFFSET_SHIFT	8	8	12395
B	RTL8367B_MIB_USAGE_MODE_MASK		MASK	0x100	256	12396
B	RTL8367B_MIB_TIMER_OFFSET		OFFSET_SHIFT	0	0	12397
B	RTL8367B_MIB_TIMER_MASK		MASK	0xFF	255	12398
B	RTL8367B_REG_MIB_CTRL5		REGISTER	0x100b	4107	12400
B	RTL8367B_MIB_CTRL5_COUNTER15_TYPE_OFFSET		OFFSET_SHIFT	15	15	12401
B	RTL8367B_MIB_CTRL5_COUNTER15_TYPE_MASK		MASK	0x8000	32768	12402
B	RTL8367B_MIB_CTRL5_COUNTER14_TYPE_OFFSET		OFFSET_SHIFT	14	14	12403
B	RTL8367B_MIB_CTRL5_COUNTER14_TYPE_MASK		MASK	0x4000	16384	12404
B	RTL8367B_MIB_CTRL5_COUNTER13_TYPE_OFFSET		OFFSET_SHIFT	13	13	12405
B	RTL8367B_MIB_CTRL5_COUNTER13_TYPE_MASK		MASK	0x2000	8192	12406
B	RTL8367B_MIB_CTRL5_COUNTER12_TYPE_OFFSET		OFFSET_SHIFT	12	12	12407
B	RTL8367B_MIB_CTRL5_COUNTER12_TYPE_MASK		MASK	0x1000	4096	12408
B	RTL8367B_MIB_CTRL5_COUNTER11_TYPE_OFFSET		OFFSET_SHIFT	11	11	12409
B	RTL8367B_MIB_CTRL5_COUNTER11_TYPE_MASK		MASK	0x800	2048	12410
B	RTL8367B_MIB_CTRL5_COUNTER10_TYPE_OFFSET		OFFSET_SHIFT	10	10	12411
B	RTL8367B_MIB_CTRL5_COUNTER10_TYPE_MASK		MASK	0x400	1024	12412
B	RTL8367B_MIB_CTRL5_COUNTER9_TYPE_OFFSET		OFFSET_SHIFT	9	9	12413
B	RTL8367B_MIB_CTRL5_COUNTER9_TYPE_MASK		MASK	0x200	512	12414
B	RTL8367B_MIB_CTRL5_COUNTER8_TYPE_OFFSET		OFFSET_SHIFT	8	8	12415
B	RTL8367B_MIB_CTRL5_COUNTER8_TYPE_MASK		MASK	0x100	256	12416
B	RTL8367B_MIB_CTRL5_COUNTER7_TYPE_OFFSET		OFFSET_SHIFT	7	7	12417
B	RTL8367B_MIB_CTRL5_COUNTER7_TYPE_MASK		MASK	0x80	128	12418
B	RTL8367B_MIB_CTRL5_COUNTER6_TYPE_OFFSET		OFFSET_SHIFT	6	6	12419
B	RTL8367B_MIB_CTRL5_COUNTER6_TYPE_MASK		MASK	0x40	64	12420
B	RTL8367B_MIB_CTRL5_COUNTER5_TYPE_OFFSET		OFFSET_SHIFT	5	5	12421
B	RTL8367B_MIB_CTRL5_COUNTER5_TYPE_MASK		MASK	0x20	32	12422
B	RTL8367B_MIB_CTRL5_COUNTER4_TYPE_OFFSET		OFFSET_SHIFT	4	4	12423
B	RTL8367B_MIB_CTRL5_COUNTER4_TYPE_MASK		MASK	0x10	16	12424
B	RTL8367B_MIB_CTRL5_COUNTER3_TYPE_OFFSET		OFFSET_SHIFT	3	3	12425
B	RTL8367B_MIB_CTRL5_COUNTER3_TYPE_MASK		MASK	0x8	8	12426
B	RTL8367B_MIB_CTRL5_COUNTER2_TYPE_OFFSET		OFFSET_SHIFT	2	2	12427
B	RTL8367B_MIB_CTRL5_COUNTER2_TYPE_MASK		MASK	0x4	4	12428
B	RTL8367B_MIB_CTRL5_COUNTER1_TYPE_OFFSET		OFFSET_SHIFT	1	1	12429
B	RTL8367B_MIB_CTRL5_COUNTER1_TYPE_MASK		MASK	0x2	2	12430
B	RTL8367B_MIB_CTRL5_COUNTER0_TYPE_OFFSET		OFFSET_SHIFT	0	0	12431
B	RTL8367B_MIB_CTRL5_COUNTER0_TYPE_MASK		MASK	0x1	1	12432
B	RTL8367B_REG_INTR_CTRL		REGISTER	0x1100	4352	12436
B	RTL8367B_INTR_CTRL_OFFSET		OFFSET_SHIFT	0	0	12437
B	RTL8367B_INTR_CTRL_MASK		MASK	0x1	1	12438
B	RTL8367B_REG_INTR_IMR		REGISTER	0x1101	4353	12440
B	RTL8367B_INTR_IMR_SLIENT_START_OFFSET		OFFSET_SHIFT	11	11	12441
B	RTL8367B_INTR_IMR_SLIENT_START_MASK		MASK	0x800	2048	12442
B	RTL8367B_INTR_IMR_UPS_EVENT_OFFSET		OFFSET_SHIFT	10	10	12443
B	RTL8367B_INTR_IMR_UPS_EVENT_MASK		MASK	0x400	1024	12444
B	RTL8367B_INTR_IMR_ACL_ACTION_OFFSET		OFFSET_SHIFT	9	9	12445
B	RTL8367B_INTR_IMR_ACL_ACTION_MASK		MASK	0x200	512	12446
B	RTL8367B_INTR_IMR_CABLE_DIAG_FIN_OFFSET		OFFSET_SHIFT	8	8	12447
B	RTL8367B_INTR_IMR_CABLE_DIAG_FIN_MASK		MASK	0x100	256	12448
B	RTL8367B_INTR_IMR_INTERRUPT_8051_OFFSET		OFFSET_SHIFT	7	7	12449
B	RTL8367B_INTR_IMR_INTERRUPT_8051_MASK		MASK	0x80	128	12450
B	RTL8367B_INTR_IMR_LOOP_DETECTION_OFFSET		OFFSET_SHIFT	6	6	12451
B	RTL8367B_INTR_IMR_LOOP_DETECTION_MASK		MASK	0x40	64	12452
B	RTL8367B_INTR_IMR_GREEN_TIMER_OFFSET		OFFSET_SHIFT	5	5	12453
B	RTL8367B_INTR_IMR_GREEN_TIMER_MASK		MASK	0x20	32	12454
B	RTL8367B_INTR_IMR_SPECIAL_CONGEST_OFFSET		OFFSET_SHIFT	4	4	12455
B	RTL8367B_INTR_IMR_SPECIAL_CONGEST_MASK		MASK	0x10	16	12456
B	RTL8367B_INTR_IMR_SPEED_CHANGE_OFFSET		OFFSET_SHIFT	3	3	12457
B	RTL8367B_INTR_IMR_SPEED_CHANGE_MASK		MASK	0x8	8	12458
B	RTL8367B_INTR_IMR_LEARN_OVER_OFFSET		OFFSET_SHIFT	2	2	12459
B	RTL8367B_INTR_IMR_LEARN_OVER_MASK		MASK	0x4	4	12460
B	RTL8367B_INTR_IMR_METER_EXCEEDED_OFFSET		OFFSET_SHIFT	1	1	12461
B	RTL8367B_INTR_IMR_METER_EXCEEDED_MASK		MASK	0x2	2	12462
B	RTL8367B_INTR_IMR_LINK_CHANGE_OFFSET		OFFSET_SHIFT	0	0	12463
B	RTL8367B_INTR_IMR_LINK_CHANGE_MASK		MASK	0x1	1	12464
B	RTL8367B_REG_INTR_IMS		REGISTER	0x1102	4354	12466
B	RTL8367B_INTR_IMS_SLIENT_START_OFFSET		OFFSET_SHIFT	11	11	12467
B	RTL8367B_INTR_IMS_SLIENT_START_MASK		MASK	0x800	2048	12468
B	RTL8367B_INTR_IMS_UPS_EVENT_OFFSET		OFFSET_SHIFT	10	10	12469
B	RTL8367B_INTR_IMS_UPS_EVENT_MASK		MASK	0x400	1024	12470
B	RTL8367B_INTR_IMS_ACL_ACTION_OFFSET		OFFSET_SHIFT	9	9	12471
B	RTL8367B_INTR_IMS_ACL_ACTION_MASK		MASK	0x200	512	12472
B	RTL8367B_INTR_IMS_CABLE_DIAG_FIN_OFFSET		OFFSET_SHIFT	8	8	12473
B	RTL8367B_INTR_IMS_CABLE_DIAG_FIN_MASK		MASK	0x100	256	12474
B	RTL8367B_INTR_IMS_INTERRUPT_8051_OFFSET		OFFSET_SHIFT	7	7	12475
B	RTL8367B_INTR_IMS_INTERRUPT_8051_MASK		MASK	0x80	128	12476
B	RTL8367B_INTR_IMS_LOOP_DETECTION_OFFSET		OFFSET_SHIFT	6	6	12477
B	RTL8367B_INTR_IMS_LOOP_DETECTION_MASK		MASK	0x40	64	12478
B	RTL8367B_INTR_IMS_GREEN_TIMER_OFFSET		OFFSET_SHIFT	5	5	12479
B	RTL8367B_INTR_IMS_GREEN_TIMER_MASK		MASK	0x20	32	12480
B	RTL8367B_INTR_IMS_SPECIAL_CONGEST_OFFSET		OFFSET_SHIFT	4	4	12481
B	RTL8367B_INTR_IMS_SPECIAL_CONGEST_MASK		MASK	0x10	16	12482
B	RTL8367B_INTR_IMS_SPEED_CHANGE_OFFSET		OFFSET_SHIFT	3	3	12483
B	RTL8367B_INTR_IMS_SPEED_CHANGE_MASK		MASK	0x8	8	12484
B	RTL8367B_INTR_IMS_LEARN_OVER_OFFSET		OFFSET_SHIFT	2	2	12485
B	RTL8367B_INTR_IMS_LEARN_OVER_MASK		MASK	0x4	4	12486
B	RTL8367B_INTR_IMS_METER_EXCEEDED_OFFSET		OFFSET_SHIFT	1	1	12487
B	RTL8367B_INTR_IMS_METER_EXCEEDED_MASK		MASK	0x2	2	12488
B	RTL8367B_INTR_IMS_LINK_CHANGE_OFFSET		OFFSET_SHIFT	0	0	12489
B	RTL8367B_INTR_IMS_LINK_CHANGE_MASK		MASK	0x1	1	12490
B	RTL8367B_REG_LEARN_OVER_INDICATOR		REGISTER	0x1103	4355	12492
B	RTL8367B_LEARN_OVER_INDICATOR_OFFSET		OFFSET_SHIFT	0	0	12493
B	RTL8367B_LEARN_OVER_INDICATOR_MASK		MASK	0xFF	255	12494
B	RTL8367B_REG_SPEED_CHANGE_INDICATOR		REGISTER	0x1104	4356	12496
B	RTL8367B_SPEED_CHANGE_INDICATOR_OFFSET		OFFSET_SHIFT	0	0	12497
B	RTL8367B_SPEED_CHANGE_INDICATOR_MASK		MASK	0xFF	255	12498
B	RTL8367B_REG_SPECIAL_CONGEST_INDICATOR		REGISTER	0x1105	4357	12500
B	RTL8367B_SPECIAL_CONGEST_INDICATOR_OFFSET		OFFSET_SHIFT	0	0	12501
B	RTL8367B_SPECIAL_CONGEST_INDICATOR_MASK		MASK	0xFF	255	12502
B	RTL8367B_REG_PORT_LINKDOWN_INDICATOR		REGISTER	0x1106	4358	12504
B	RTL8367B_PORT_LINKDOWN_INDICATOR_OFFSET		OFFSET_SHIFT	0	0	12505
B	RTL8367B_PORT_LINKDOWN_INDICATOR_MASK		MASK	0xFF	255	12506
B	RTL8367B_REG_PORT_LINKUP_INDICATOR		REGISTER	0x1107	4359	12508
B	RTL8367B_PORT_LINKUP_INDICATOR_OFFSET		OFFSET_SHIFT	0	0	12509
B	RTL8367B_PORT_LINKUP_INDICATOR_MASK		MASK	0xFF	255	12510
B	RTL8367B_REG_INTR_IMR_8051		REGISTER	0x1118	4376	12512
B	RTL8367B_INTR_IMR_8051_SLIENT_START_OFFSET		OFFSET_SHIFT	12	12	12513
B	RTL8367B_INTR_IMR_8051_SLIENT_START_MASK		MASK	0x1000	4096	12514
B	RTL8367B_INTR_IMR_8051_UPS_EVENT_OFFSET		OFFSET_SHIFT	11	11	12515
B	RTL8367B_INTR_IMR_8051_UPS_EVENT_MASK		MASK	0x800	2048	12516
B	RTL8367B_INTR_IMR_8051_ACL_ACTION_OFFSET		OFFSET_SHIFT	10	10	12517
B	RTL8367B_INTR_IMR_8051_ACL_ACTION_MASK		MASK	0x400	1024	12518
B	RTL8367B_INTR_IMR_8051_SAMOVING_8051_OFFSET		OFFSET_SHIFT	9	9	12519
B	RTL8367B_INTR_IMR_8051_SAMOVING_8051_MASK		MASK	0x200	512	12520
B	RTL8367B_INTR_IMR_8051_CABLE_DIAG_FIN_8051_OFFSET		OFFSET_SHIFT	8	8	12521
B	RTL8367B_INTR_IMR_8051_CABLE_DIAG_FIN_8051_MASK		MASK	0x100	256	12522
B	RTL8367B_INTR_IMR_8051_EEELLDP_8051_OFFSET		OFFSET_SHIFT	7	7	12523
B	RTL8367B_INTR_IMR_8051_EEELLDP_8051_MASK		MASK	0x80	128	12524
B	RTL8367B_INTR_IMR_8051_LOOP_DETECTION_8051_OFFSET		OFFSET_SHIFT	6	6	12525
B	RTL8367B_INTR_IMR_8051_LOOP_DETECTION_8051_MASK		MASK	0x40	64	12526
B	RTL8367B_INTR_IMR_8051_GREEN_TIMER_8051_OFFSET		OFFSET_SHIFT	5	5	12527
B	RTL8367B_INTR_IMR_8051_GREEN_TIMER_8051_MASK		MASK	0x20	32	12528
B	RTL8367B_INTR_IMR_8051_SPECIAL_CONGEST_8051_OFFSET		OFFSET_SHIFT	4	4	12529
B	RTL8367B_INTR_IMR_8051_SPECIAL_CONGEST_8051_MASK		MASK	0x10	16	12530
B	RTL8367B_INTR_IMR_8051_SPEED_CHANGE_8051_OFFSET		OFFSET_SHIFT	3	3	12531
B	RTL8367B_INTR_IMR_8051_SPEED_CHANGE_8051_MASK		MASK	0x8	8	12532
B	RTL8367B_INTR_IMR_8051_LEARN_OVER_8051_OFFSET		OFFSET_SHIFT	2	2	12533
B	RTL8367B_INTR_IMR_8051_LEARN_OVER_8051_MASK		MASK	0x4	4	12534
B	RTL8367B_INTR_IMR_8051_METER_EXCEEDED_8051_OFFSET		OFFSET_SHIFT	1	1	12535
B	RTL8367B_INTR_IMR_8051_METER_EXCEEDED_8051_MASK		MASK	0x2	2	12536
B	RTL8367B_INTR_IMR_8051_LINK_CHANGE_8051_OFFSET		OFFSET_SHIFT	0	0	12537
B	RTL8367B_INTR_IMR_8051_LINK_CHANGE_8051_MASK		MASK	0x1	1	12538
B	RTL8367B_REG_INTR_IMS_8051		REGISTER	0x1119	4377	12540
B	RTL8367B_INTR_IMS_8051_SLIENT_START_OFFSET		OFFSET_SHIFT	12	12	12541
B	RTL8367B_INTR_IMS_8051_SLIENT_START_MASK		MASK	0x1000	4096	12542
B	RTL8367B_INTR_IMS_8051_UPS_EVENT_OFFSET		OFFSET_SHIFT	11	11	12543
B	RTL8367B_INTR_IMS_8051_UPS_EVENT_MASK		MASK	0x800	2048	12544
B	RTL8367B_INTR_IMS_8051_ACL_ACTION_OFFSET		OFFSET_SHIFT	10	10	12545
B	RTL8367B_INTR_IMS_8051_ACL_ACTION_MASK		MASK	0x400	1024	12546
B	RTL8367B_INTR_IMS_8051_SAMOVING_8051_OFFSET		OFFSET_SHIFT	9	9	12547
B	RTL8367B_INTR_IMS_8051_SAMOVING_8051_MASK		MASK	0x200	512	12548
B	RTL8367B_INTR_IMS_8051_CABLE_DIAG_FIN_8051_OFFSET		OFFSET_SHIFT	8	8	12549
B	RTL8367B_INTR_IMS_8051_CABLE_DIAG_FIN_8051_MASK		MASK	0x100	256	12550
B	RTL8367B_INTR_IMS_8051_EEELLDP_8051_OFFSET		OFFSET_SHIFT	7	7	12551
B	RTL8367B_INTR_IMS_8051_EEELLDP_8051_MASK		MASK	0x80	128	12552
B	RTL8367B_INTR_IMS_8051_LOOP_DETECTION_8051_OFFSET		OFFSET_SHIFT	6	6	12553
B	RTL8367B_INTR_IMS_8051_LOOP_DETECTION_8051_MASK		MASK	0x40	64	12554
B	RTL8367B_INTR_IMS_8051_GREEN_TIMER_8051_OFFSET		OFFSET_SHIFT	5	5	12555
B	RTL8367B_INTR_IMS_8051_GREEN_TIMER_8051_MASK		MASK	0x20	32	12556
B	RTL8367B_INTR_IMS_8051_SPECIAL_CONGEST_8051_OFFSET		OFFSET_SHIFT	4	4	12557
B	RTL8367B_INTR_IMS_8051_SPECIAL_CONGEST_8051_MASK		MASK	0x10	16	12558
B	RTL8367B_INTR_IMS_8051_SPEED_CHANGE_8051_OFFSET		OFFSET_SHIFT	3	3	12559
B	RTL8367B_INTR_IMS_8051_SPEED_CHANGE_8051_MASK		MASK	0x8	8	12560
B	RTL8367B_INTR_IMS_8051_LEARN_OVER_8051_OFFSET		OFFSET_SHIFT	2	2	12561
B	RTL8367B_INTR_IMS_8051_LEARN_OVER_8051_MASK		MASK	0x4	4	12562
B	RTL8367B_INTR_IMS_8051_METER_EXCEEDED_8051_OFFSET		OFFSET_SHIFT	1	1	12563
B	RTL8367B_INTR_IMS_8051_METER_EXCEEDED_8051_MASK		MASK	0x2	2	12564
B	RTL8367B_INTR_IMS_8051_LINK_CHANGE_8051_OFFSET		OFFSET_SHIFT	0	0	12565
B	RTL8367B_INTR_IMS_8051_LINK_CHANGE_8051_MASK		MASK	0x1	1	12566
B	RTL8367B_REG_DW8051_INT_CPU		REGISTER	0x111a	4378	12568
B	RTL8367B_DW8051_INT_CPU_OFFSET		OFFSET_SHIFT	0	0	12569
B	RTL8367B_DW8051_INT_CPU_MASK		MASK	0x1	1	12570
B	RTL8367B_REG_LEARN_OVER_INDICATOR_8051		REGISTER	0x1120	4384	12572
B	RTL8367B_LEARN_OVER_INDICATOR_8051_OFFSET		OFFSET_SHIFT	0	0	12573
B	RTL8367B_LEARN_OVER_INDICATOR_8051_MASK		MASK	0xFF	255	12574
B	RTL8367B_REG_SPEED_CHANGE_INDICATOR_8051		REGISTER	0x1121	4385	12576
B	RTL8367B_SPEED_CHANGE_INDICATOR_8051_OFFSET		OFFSET_SHIFT	0	0	12577
B	RTL8367B_SPEED_CHANGE_INDICATOR_8051_MASK		MASK	0xFF	255	12578
B	RTL8367B_REG_SPECIAL_CONGEST_INDICATOR_8051		REGISTER	0x1122	4386	12580
B	RTL8367B_SPECIAL_CONGEST_INDICATOR_8051_OFFSET		OFFSET_SHIFT	0	0	12581
B	RTL8367B_SPECIAL_CONGEST_INDICATOR_8051_MASK		MASK	0xFF	255	12582
B	RTL8367B_REG_PORT_LINKDOWN_INDICATOR_8051		REGISTER	0x1123	4387	12584
B	RTL8367B_PORT_LINKDOWN_INDICATOR_8051_OFFSET		OFFSET_SHIFT	0	0	12585
B	RTL8367B_PORT_LINKDOWN_INDICATOR_8051_MASK		MASK	0xFF	255	12586
B	RTL8367B_REG_PORT_LINKUP_INDICATOR_8051		REGISTER	0x1124	4388	12588
B	RTL8367B_PORT_LINKUP_INDICATOR_8051_OFFSET		OFFSET_SHIFT	0	0	12589
B	RTL8367B_PORT_LINKUP_INDICATOR_8051_MASK		MASK	0xFF	255	12590
B	RTL8367B_REG_MAX_LENGTH_LIMINT_IPG		REGISTER	0x1200	4608	12594
B	RTL8367B_MAX_LENTH_CTRL_OFFSET		OFFSET_SHIFT	13	13	12595
B	RTL8367B_MAX_LENTH_CTRL_MASK		MASK	0x6000	24576	12596
B	RTL8367B_PAGES_BEFORE_FCDROP_OFFSET		OFFSET_SHIFT	6	6	12597
B	RTL8367B_PAGES_BEFORE_FCDROP_MASK		MASK	0x1FC0	8128	12598
B	RTL8367B_CHECK_MIN_IPG_RXDV_OFFSET		OFFSET_SHIFT	5	5	12599
B	RTL8367B_CHECK_MIN_IPG_RXDV_MASK		MASK	0x20	32	12600
B	RTL8367B_LIMIT_IPG_CFG_OFFSET		OFFSET_SHIFT	0	0	12601
B	RTL8367B_LIMIT_IPG_CFG_MASK		MASK	0x1F	31	12602
B	RTL8367B_REG_IOL_RXDROP_CFG		REGISTER	0x1201	4609	12604
B	RTL8367B_RX_IOL_MAX_LENGTH_CFG_OFFSET		OFFSET_SHIFT	13	13	12605
B	RTL8367B_RX_IOL_MAX_LENGTH_CFG_MASK		MASK	0x2000	8192	12606
B	RTL8367B_RX_IOL_ERROR_LENGTH_CFG_OFFSET		OFFSET_SHIFT	12	12	12607
B	RTL8367B_RX_IOL_ERROR_LENGTH_CFG_MASK		MASK	0x1000	4096	12608
B	RTL8367B_RX_NODROP_PAUSE_CFG_OFFSET		OFFSET_SHIFT	8	8	12609
B	RTL8367B_RX_NODROP_PAUSE_CFG_MASK		MASK	0x100	256	12610
B	RTL8367B_RX_DV_CNT_CFG_OFFSET		OFFSET_SHIFT	0	0	12611
B	RTL8367B_RX_DV_CNT_CFG_MASK		MASK	0x3F	63	12612
B	RTL8367B_REG_VS_TPID		REGISTER	0x1202	4610	12614
B	RTL8367B_REG_INBW_BOUND		REGISTER	0x1203	4611	12616
B	RTL8367B_HBOUND_OFFSET		OFFSET_SHIFT	4	4	12617
B	RTL8367B_HBOUND_MASK		MASK	0xF0	240	12618
B	RTL8367B_LBOUND_OFFSET		OFFSET_SHIFT	0	0	12619
B	RTL8367B_LBOUND_MASK		MASK	0xF	15	12620
B	RTL8367B_REG_CFG_BACKPRESSURE		REGISTER	0x1207	4615	12622
B	RTL8367B_LONGTXE_OFFSET		OFFSET_SHIFT	12	12	12623
B	RTL8367B_LONGTXE_MASK		MASK	0x1000	4096	12624
B	RTL8367B_EN_BYPASS_ERROR_OFFSET		OFFSET_SHIFT	8	8	12625
B	RTL8367B_EN_BYPASS_ERROR_MASK		MASK	0x100	256	12626
B	RTL8367B_EN_BACKPRESSURE_OFFSET		OFFSET_SHIFT	4	4	12627
B	RTL8367B_EN_BACKPRESSURE_MASK		MASK	0x10	16	12628
B	RTL8367B_EN_48_PASS_1_OFFSET		OFFSET_SHIFT	0	0	12629
B	RTL8367B_EN_48_PASS_1_MASK		MASK	0x1	1	12630
B	RTL8367B_REG_CFG_UNHIOL		REGISTER	0x1208	4616	12632
B	RTL8367B_IOL_BACKOFF_OFFSET		OFFSET_SHIFT	12	12	12633
B	RTL8367B_IOL_BACKOFF_MASK		MASK	0x1000	4096	12634
B	RTL8367B_BACKOFF_RANDOM_TIME_OFFSET		OFFSET_SHIFT	8	8	12635
B	RTL8367B_BACKOFF_RANDOM_TIME_MASK		MASK	0x100	256	12636
B	RTL8367B_DISABLE_BACK_OFF_OFFSET		OFFSET_SHIFT	4	4	12637
B	RTL8367B_DISABLE_BACK_OFF_MASK		MASK	0x10	16	12638
B	RTL8367B_IPG_COMPENSATION_OFFSET		OFFSET_SHIFT	0	0	12639
B	RTL8367B_IPG_COMPENSATION_MASK		MASK	0x1	1	12640
B	RTL8367B_REG_SWITCH_MAC0		REGISTER	0x1209	4617	12642
B	RTL8367B_REG_SWITCH_MAC1		REGISTER	0x120a	4618	12644
B	RTL8367B_REG_SWITCH_MAC2		REGISTER	0x120b	4619	12646
B	RTL8367B_REG_SWITCH_CTRL0		REGISTER	0x120c	4620	12648
B	RTL8367B_REMARKING_DSCP_ENABLE_OFFSET		OFFSET_SHIFT	8	8	12649
B	RTL8367B_REMARKING_DSCP_ENABLE_MASK		MASK	0x100	256	12650
B	RTL8367B_SHORT_IPG_OFFSET		OFFSET_SHIFT	4	4	12651
B	RTL8367B_SHORT_IPG_MASK		MASK	0x10	16	12652
B	RTL8367B_PAUSE_MAX128_OFFSET		OFFSET_SHIFT	0	0	12653
B	RTL8367B_PAUSE_MAX128_MASK		MASK	0x1	1	12654
B	RTL8367B_REG_QOS_DSCP_REMARK_CTRL0		REGISTER	0x120d	4621	12656
B	RTL8367B_INTPRI1_DSCP_OFFSET		OFFSET_SHIFT	8	8	12657
B	RTL8367B_INTPRI1_DSCP_MASK		MASK	0x3F00	16128	12658
B	RTL8367B_INTPRI0_DSCP_OFFSET		OFFSET_SHIFT	0	0	12659
B	RTL8367B_INTPRI0_DSCP_MASK		MASK	0x3F	63	12660
B	RTL8367B_REG_QOS_DSCP_REMARK_CTRL1		REGISTER	0x120e	4622	12662
B	RTL8367B_INTPRI3_DSCP_OFFSET		OFFSET_SHIFT	8	8	12663
B	RTL8367B_INTPRI3_DSCP_MASK		MASK	0x3F00	16128	12664
B	RTL8367B_INTPRI2_DSCP_OFFSET		OFFSET_SHIFT	0	0	12665
B	RTL8367B_INTPRI2_DSCP_MASK		MASK	0x3F	63	12666
B	RTL8367B_REG_QOS_DSCP_REMARK_CTRL2		REGISTER	0x120f	4623	12668
B	RTL8367B_INTPRI5_DSCP_OFFSET		OFFSET_SHIFT	8	8	12669
B	RTL8367B_INTPRI5_DSCP_MASK		MASK	0x3F00	16128	12670
B	RTL8367B_INTPRI4_DSCP_OFFSET		OFFSET_SHIFT	0	0	12671
B	RTL8367B_INTPRI4_DSCP_MASK		MASK	0x3F	63	12672
B	RTL8367B_REG_QOS_DSCP_REMARK_CTRL3		REGISTER	0x1210	4624	12674
B	RTL8367B_INTPRI7_DSCP_OFFSET		OFFSET_SHIFT	8	8	12675
B	RTL8367B_INTPRI7_DSCP_MASK		MASK	0x3F00	16128	12676
B	RTL8367B_INTPRI6_DSCP_OFFSET		OFFSET_SHIFT	0	0	12677
B	RTL8367B_INTPRI6_DSCP_MASK		MASK	0x3F	63	12678
B	RTL8367B_REG_QOS_1Q_REMARK_CTRL0		REGISTER	0x1211	4625	12680
B	RTL8367B_INTPRI3_PRI_OFFSET		OFFSET_SHIFT	12	12	12681
B	RTL8367B_INTPRI3_PRI_MASK		MASK	0x7000	28672	12682
B	RTL8367B_INTPRI2_PRI_OFFSET		OFFSET_SHIFT	8	8	12683
B	RTL8367B_INTPRI2_PRI_MASK		MASK	0x700	1792	12684
B	RTL8367B_INTPRI1_PRI_OFFSET		OFFSET_SHIFT	4	4	12685
B	RTL8367B_INTPRI1_PRI_MASK		MASK	0x70	112	12686
B	RTL8367B_INTPRI0_PRI_OFFSET		OFFSET_SHIFT	0	0	12687
B	RTL8367B_INTPRI0_PRI_MASK		MASK	0x7	7	12688
B	RTL8367B_REG_QOS_1Q_REMARK_CTRL1		REGISTER	0x1212	4626	12690
B	RTL8367B_INTPRI7_PRI_OFFSET		OFFSET_SHIFT	12	12	12691
B	RTL8367B_INTPRI7_PRI_MASK		MASK	0x7000	28672	12692
B	RTL8367B_INTPRI6_PRI_OFFSET		OFFSET_SHIFT	8	8	12693
B	RTL8367B_INTPRI6_PRI_MASK		MASK	0x700	1792	12694
B	RTL8367B_INTPRI5_PRI_OFFSET		OFFSET_SHIFT	4	4	12695
B	RTL8367B_INTPRI5_PRI_MASK		MASK	0x70	112	12696
B	RTL8367B_INTPRI4_PRI_OFFSET		OFFSET_SHIFT	0	0	12697
B	RTL8367B_INTPRI4_PRI_MASK		MASK	0x7	7	12698
B	RTL8367B_REG_PKTGEN_COMMAND		REGISTER	0x1213	4627	12700
B	RTL8367B_PKTGEN_STOP_OFFSET		OFFSET_SHIFT	8	8	12701
B	RTL8367B_PKTGEN_STOP_MASK		MASK	0x100	256	12702
B	RTL8367B_PKTGEN_START_OFFSET		OFFSET_SHIFT	4	4	12703
B	RTL8367B_PKTGEN_START_MASK		MASK	0x10	16	12704
B	RTL8367B_PKTGEN_BYPASS_FLOWCONTROL_OFFSET		OFFSET_SHIFT	0	0	12705
B	RTL8367B_PKTGEN_BYPASS_FLOWCONTROL_MASK		MASK	0x1	1	12706
B	RTL8367B_REG_SW_DUMMY0		REGISTER	0x1214	4628	12708
B	RTL8367B_SW_DUMMY0_DUMMY_OFFSET		OFFSET_SHIFT	3	3	12709
B	RTL8367B_SW_DUMMY0_DUMMY_MASK		MASK	0xFFF8	65528	12710
B	RTL8367B_INGRESSBW_BYPASS_EN_OFFSET		OFFSET_SHIFT	2	2	12711
B	RTL8367B_INGRESSBW_BYPASS_EN_MASK		MASK	0x4	4	12712
B	RTL8367B_CFG_RX_MIN_OFFSET		OFFSET_SHIFT	0	0	12713
B	RTL8367B_CFG_RX_MIN_MASK		MASK	0x3	3	12714
B	RTL8367B_REG_SW_DUMMY1		REGISTER	0x1215	4629	12716
B	RTL8367B_REG_PKTGEN_PAUSE_TIME		REGISTER	0x1216	4630	12718
B	RTL8367B_REG_SVLAN_UPLINK_PORTMASK		REGISTER	0x1218	4632	12720
B	RTL8367B_SVLAN_UPLINK_PORTMASK_OFFSET		OFFSET_SHIFT	0	0	12721
B	RTL8367B_SVLAN_UPLINK_PORTMASK_MASK		MASK	0xFF	255	12722
B	RTL8367B_REG_CPU_PORT_MASK		REGISTER	0x1219	4633	12724
B	RTL8367B_CPU_PORT_MASK_OFFSET		MASK	0	0	12725
B	RTL8367B_CPU_PORT_MASK_MASK		MASK	0xFF	255	12726
B	RTL8367B_REG_CPU_CTRL		REGISTER	0x121a	4634	12728
B	RTL8367B_CPU_TAG_FORMAT_OFFSET		OFFSET_SHIFT	9	9	12729
B	RTL8367B_CPU_TAG_FORMAT_MASK		MASK	0x200	512	12730
B	RTL8367B_IOL_16DROP_OFFSET		OFFSET_SHIFT	8	8	12731
B	RTL8367B_IOL_16DROP_MASK		MASK	0x100	256	12732
B	RTL8367B_CPU_TAG_RXBYTECOUNT_OFFSET		OFFSET_SHIFT	7	7	12733
B	RTL8367B_CPU_TAG_RXBYTECOUNT_MASK		MASK	0x80	128	12734
B	RTL8367B_CPU_TAG_POSITION_OFFSET		OFFSET_SHIFT	6	6	12735
B	RTL8367B_CPU_TAG_POSITION_MASK		MASK	0x40	64	12736
B	RTL8367B_CPU_TRAP_PORT_OFFSET		OFFSET_SHIFT	3	3	12737
B	RTL8367B_CPU_TRAP_PORT_MASK		MASK	0x38	56	12738
B	RTL8367B_CPU_INSERTMODE_OFFSET		OFFSET_SHIFT	1	1	12739
B	RTL8367B_CPU_INSERTMODE_MASK		MASK	0x6	6	12740
B	RTL8367B_CPU_EN_OFFSET		OFFSET_SHIFT	0	0	12741
B	RTL8367B_CPU_EN_MASK		MASK	0x1	1	12742
B	RTL8367B_REG_MIRROR_CTRL		REGISTER	0x121c	4636	12744
B	RTL8367B_MIRROR_CTRL_DUMMY_OFFSET		OFFSET_SHIFT	12	12	12745
B	RTL8367B_MIRROR_CTRL_DUMMY_MASK		MASK	0xF000	61440	12746
B	RTL8367B_MIRROR_ISO_OFFSET		OFFSET_SHIFT	11	11	12747
B	RTL8367B_MIRROR_ISO_MASK		MASK	0x800	2048	12748
B	RTL8367B_MIRROR_TX_OFFSET		OFFSET_SHIFT	10	10	12749
B	RTL8367B_MIRROR_TX_MASK		MASK	0x400	1024	12750
B	RTL8367B_MIRROR_RX_OFFSET		OFFSET_SHIFT	9	9	12751
B	RTL8367B_MIRROR_RX_MASK		MASK	0x200	512	12752
B	RTL8367B_MIRROR_MONITOR_PORT_OFFSET		OFFSET_SHIFT	4	4	12753
B	RTL8367B_MIRROR_MONITOR_PORT_MASK		MASK	0x70	112	12754
B	RTL8367B_MIRROR_SOURCE_PORT_OFFSET		OFFSET_SHIFT	0	0	12755
B	RTL8367B_MIRROR_SOURCE_PORT_MASK		MASK	0x7	7	12756
B	RTL8367B_REG_FLOWCTRL_CTRL0		REGISTER	0x121d	4637	12758
B	RTL8367B_FLOWCTRL_TYPE_OFFSET		OFFSET_SHIFT	15	15	12759
B	RTL8367B_FLOWCTRL_TYPE_MASK		MASK	0x8000	32768	12760
B	RTL8367B_DROP_ALL_THRESHOLD_OFFSET		OFFSET_SHIFT	5	5	12761
B	RTL8367B_DROP_ALL_THRESHOLD_MASK		MASK	0x7FE0	32736	12762
B	RTL8367B_ITFSP_REG_OFFSET		REGISTER	0	0	12763
B	RTL8367B_ITFSP_REG_MASK		REGISTER	0x7	7	12764
B	RTL8367B_REG_FLOWCTRL_ALL_ON		REGISTER	0x121e	4638	12766
B	RTL8367B_CFG_RLDPACT_OFFSET		OFFSET_SHIFT	12	12	12767
B	RTL8367B_CFG_RLDPACT_MASK		MASK	0x1000	4096	12768
B	RTL8367B_FLOWCTRL_ALL_ON_THRESHOLD_OFFSET		OFFSET_SHIFT	0	0	12769
B	RTL8367B_FLOWCTRL_ALL_ON_THRESHOLD_MASK		MASK	0x3FF	1023	12770
B	RTL8367B_REG_FLOWCTRL_SYS_ON		REGISTER	0x121f	4639	12772
B	RTL8367B_FLOWCTRL_SYS_ON_OFFSET		OFFSET_SHIFT	0	0	12773
B	RTL8367B_FLOWCTRL_SYS_ON_MASK		MASK	0x3FF	1023	12774
B	RTL8367B_REG_FLOWCTRL_SYS_OFF		REGISTER	0x1220	4640	12776
B	RTL8367B_FLOWCTRL_SYS_OFF_OFFSET		OFFSET_SHIFT	0	0	12777
B	RTL8367B_FLOWCTRL_SYS_OFF_MASK		MASK	0x3FF	1023	12778
B	RTL8367B_REG_FLOWCTRL_SHARE_ON		REGISTER	0x1221	4641	12780
B	RTL8367B_FLOWCTRL_SHARE_ON_OFFSET		OFFSET_SHIFT	0	0	12781
B	RTL8367B_FLOWCTRL_SHARE_ON_MASK		MASK	0x3FF	1023	12782
B	RTL8367B_REG_FLOWCTRL_SHARE_OFF		REGISTER	0x1222	4642	12784
B	RTL8367B_FLOWCTRL_SHARE_OFF_OFFSET		OFFSET_SHIFT	0	0	12785
B	RTL8367B_FLOWCTRL_SHARE_OFF_MASK		MASK	0x3FF	1023	12786
B	RTL8367B_REG_FLOWCTRL_FCOFF_SYS_ON		REGISTER	0x1223	4643	12788
B	RTL8367B_FLOWCTRL_FCOFF_SYS_ON_OFFSET		OFFSET_SHIFT	0	0	12789
B	RTL8367B_FLOWCTRL_FCOFF_SYS_ON_MASK		MASK	0x3FF	1023	12790
B	RTL8367B_REG_FLOWCTRL_FCOFF_SYS_OFF		REGISTER	0x1224	4644	12792
B	RTL8367B_FLOWCTRL_FCOFF_SYS_OFF_OFFSET		OFFSET_SHIFT	0	0	12793
B	RTL8367B_FLOWCTRL_FCOFF_SYS_OFF_MASK		MASK	0x3FF	1023	12794
B	RTL8367B_REG_FLOWCTRL_FCOFF_SHARE_ON		REGISTER	0x1225	4645	12796
B	RTL8367B_FLOWCTRL_FCOFF_SHARE_ON_OFFSET		OFFSET_SHIFT	0	0	12797
B	RTL8367B_FLOWCTRL_FCOFF_SHARE_ON_MASK		MASK	0x3FF	1023	12798
B	RTL8367B_REG_FLOWCTRL_FCOFF_SHARE_OFF		REGISTER	0x1226	4646	12800
B	RTL8367B_FLOWCTRL_FCOFF_SHARE_OFF_OFFSET		OFFSET_SHIFT	0	0	12801
B	RTL8367B_FLOWCTRL_FCOFF_SHARE_OFF_MASK		MASK	0x3FF	1023	12802
B	RTL8367B_REG_FLOWCTRL_PORT_ON		REGISTER	0x1227	4647	12804
B	RTL8367B_FLOWCTRL_PORT_ON_OFFSET		OFFSET_SHIFT	0	0	12805
B	RTL8367B_FLOWCTRL_PORT_ON_MASK		MASK	0x3FF	1023	12806
B	RTL8367B_REG_FLOWCTRL_PORT_OFF		REGISTER	0x1228	4648	12808
B	RTL8367B_FLOWCTRL_PORT_OFF_OFFSET		OFFSET_SHIFT	0	0	12809
B	RTL8367B_FLOWCTRL_PORT_OFF_MASK		MASK	0x3FF	1023	12810
B	RTL8367B_REG_FLOWCTRL_PORT_PRIVATE_ON		REGISTER	0x1229	4649	12812
B	RTL8367B_FLOWCTRL_PORT_PRIVATE_ON_OFFSET		OFFSET_SHIFT	0	0	12813
B	RTL8367B_FLOWCTRL_PORT_PRIVATE_ON_MASK		MASK	0x3FF	1023	12814
B	RTL8367B_REG_FLOWCTRL_PORT_PRIVATE_OFF		REGISTER	0x122a	4650	12816
B	RTL8367B_FLOWCTRL_PORT_PRIVATE_OFF_OFFSET		OFFSET_SHIFT	0	0	12817
B	RTL8367B_FLOWCTRL_PORT_PRIVATE_OFF_MASK		MASK	0x3FF	1023	12818
B	RTL8367B_REG_RRCP_CTRL0		REGISTER	0x122b	4651	12820
B	RTL8367B_COL_SEL_OFFSET		OFFSET_SHIFT	14	14	12821
B	RTL8367B_COL_SEL_MASK		MASK	0x4000	16384	12822
B	RTL8367B_CRS_SEL_OFFSET		OFFSET_SHIFT	13	13	12823
B	RTL8367B_CRS_SEL_MASK		MASK	0x2000	8192	12824
B	RTL8367B_RRCP_PBVLAN_EN_OFFSET		OFFSET_SHIFT	11	11	12825
B	RTL8367B_RRCP_PBVLAN_EN_MASK		MASK	0x800	2048	12826
B	RTL8367B_RRCPV3_SECURITY_CRC_OFFSET		OFFSET_SHIFT	10	10	12827
B	RTL8367B_RRCPV3_SECURITY_CRC_MASK		MASK	0x400	1024	12828
B	RTL8367B_RRCPV3_HANDLE_OFFSET		OFFSET_SHIFT	8	8	12829
B	RTL8367B_RRCPV3_HANDLE_MASK		MASK	0x300	768	12830
B	RTL8367B_RRCPV1_MALFORMED_ACT_OFFSET		OFFSET_SHIFT	5	5	12831
B	RTL8367B_RRCPV1_MALFORMED_ACT_MASK		MASK	0x60	96	12832
B	RTL8367B_RRCP_VLANLEAKY_OFFSET		OFFSET_SHIFT	4	4	12833
B	RTL8367B_RRCP_VLANLEAKY_MASK		MASK	0x10	16	12834
B	RTL8367B_RRCPV1_SECURITY_CRC_GET_OFFSET		OFFSET_SHIFT	3	3	12835
B	RTL8367B_RRCPV1_SECURITY_CRC_GET_MASK		MASK	0x8	8	12836
B	RTL8367B_RRCPV1_SECURITY_CRC_SET_OFFSET		OFFSET_SHIFT	2	2	12837
B	RTL8367B_RRCPV1_SECURITY_CRC_SET_MASK		MASK	0x4	4	12838
B	RTL8367B_RRCPV1_HANDLE_OFFSET		OFFSET_SHIFT	1	1	12839
B	RTL8367B_RRCPV1_HANDLE_MASK		MASK	0x2	2	12840
B	RTL8367B_RRCP_ENABLE_OFFSET		OFFSET_SHIFT	0	0	12841
B	RTL8367B_RRCP_ENABLE_MASK		MASK	0x1	1	12842
B	RTL8367B_REG_RRCP_CTRL1		REGISTER	0x122c	4652	12844
B	RTL8367B_RRCP_ADMIN_PMSK_OFFSET		OFFSET_SHIFT	8	8	12845
B	RTL8367B_RRCP_ADMIN_PMSK_MASK		MASK	0xFF00	65280	12846
B	RTL8367B_RRCP_AUTH_PMSK_OFFSET		OFFSET_SHIFT	0	0	12847
B	RTL8367B_RRCP_AUTH_PMSK_MASK		MASK	0xFF	255	12848
B	RTL8367B_REG_RRCP_CTRL2		REGISTER	0x122d	4653	12850
B	RTL8367B_RRCPV1_HELLOFWD_TAG_OFFSET		OFFSET_SHIFT	9	9	12851
B	RTL8367B_RRCPV1_HELLOFWD_TAG_MASK		MASK	0x600	1536	12852
B	RTL8367B_RRCP_FWD_TAG_OFFSET		OFFSET_SHIFT	7	7	12853
B	RTL8367B_RRCP_FWD_TAG_MASK		MASK	0x180	384	12854
B	RTL8367B_RRCPV1_REPLY_TAG_OFFSET		OFFSET_SHIFT	6	6	12855
B	RTL8367B_RRCPV1_REPLY_TAG_MASK		MASK	0x40	64	12856
B	RTL8367B_RRCPV1_HELLO_COUNT_OFFSET		OFFSET_SHIFT	3	3	12857
B	RTL8367B_RRCPV1_HELLO_COUNT_MASK		MASK	0x38	56	12858
B	RTL8367B_RRCPV1_HELLO_PEDIOD_OFFSET		OFFSET_SHIFT	0	0	12859
B	RTL8367B_RRCPV1_HELLO_PEDIOD_MASK		MASK	0x3	3	12860
B	RTL8367B_REG_RRCP_CTRL3		REGISTER	0x122e	4654	12862
B	RTL8367B_RRCP_TAG_PRIORITY_OFFSET		OFFSET_SHIFT	13	13	12863
B	RTL8367B_RRCP_TAG_PRIORITY_MASK		MASK	0xE000	57344	12864
B	RTL8367B_RRCP_TAG_VID_OFFSET		OFFSET_SHIFT	0	0	12865
B	RTL8367B_RRCP_TAG_VID_MASK		MASK	0xFFF	4095	12866
B	RTL8367B_REG_FLOWCTRL_FCOFF_PORT_ON		REGISTER	0x122f	4655	12868
B	RTL8367B_FLOWCTRL_FCOFF_PORT_ON_OFFSET		OFFSET_SHIFT	0	0	12869
B	RTL8367B_FLOWCTRL_FCOFF_PORT_ON_MASK		MASK	0x3FF	1023	12870
B	RTL8367B_REG_FLOWCTRL_FCOFF_PORT_OFF		REGISTER	0x1230	4656	12872
B	RTL8367B_FLOWCTRL_FCOFF_PORT_OFF_OFFSET		OFFSET_SHIFT	0	0	12873
B	RTL8367B_FLOWCTRL_FCOFF_PORT_OFF_MASK		MASK	0x3FF	1023	12874
B	RTL8367B_REG_FLOWCTRL_FCOFF_PORT_PRIVATE_ON		REGISTER	0x1231	4657	12876
B	RTL8367B_FLOWCTRL_FCOFF_PORT_PRIVATE_ON_OFFSET		OFFSET_SHIFT	0	0	12877
B	RTL8367B_FLOWCTRL_FCOFF_PORT_PRIVATE_ON_MASK		MASK	0x3FF	1023	12878
B	RTL8367B_REG_FLOWCTRL_FCOFF_PORT_PRIVATE_OFF		REGISTER	0x1232	4658	12880
B	RTL8367B_FLOWCTRL_FCOFF_PORT_PRIVATE_OFF_OFFSET		OFFSET_SHIFT	0	0	12881
B	RTL8367B_FLOWCTRL_FCOFF_PORT_PRIVATE_OFF_MASK		MASK	0x3FF	1023	12882
B	RTL8367B_REG_FLOWCTRL_JUMBO_SYS_ON		REGISTER	0x1233	4659	12884
B	RTL8367B_FLOWCTRL_JUMBO_SYS_ON_OFFSET		OFFSET_SHIFT	0	0	12885
B	RTL8367B_FLOWCTRL_JUMBO_SYS_ON_MASK		MASK	0x3FF	1023	12886
B	RTL8367B_REG_FLOWCTRL_JUMBO_SYS_OFF		REGISTER	0x1234	4660	12888
B	RTL8367B_FLOWCTRL_JUMBO_SYS_OFF_OFFSET		OFFSET_SHIFT	0	0	12889
B	RTL8367B_FLOWCTRL_JUMBO_SYS_OFF_MASK		MASK	0x3FF	1023	12890
B	RTL8367B_REG_FLOWCTRL_JUMBO_SHARE_ON		REGISTER	0x1235	4661	12892
B	RTL8367B_FLOWCTRL_JUMBO_SHARE_ON_OFFSET		OFFSET_SHIFT	0	0	12893
B	RTL8367B_FLOWCTRL_JUMBO_SHARE_ON_MASK		MASK	0x3FF	1023	12894
B	RTL8367B_REG_FLOWCTRL_JUMBO_SHARE_OFF		REGISTER	0x1236	4662	12896
B	RTL8367B_FLOWCTRL_JUMBO_SHARE_OFF_OFFSET		OFFSET_SHIFT	0	0	12897
B	RTL8367B_FLOWCTRL_JUMBO_SHARE_OFF_MASK		MASK	0x3FF	1023	12898
B	RTL8367B_REG_FLOWCTRL_JUMBO_PORT_ON		REGISTER	0x1237	4663	12900
B	RTL8367B_FLOWCTRL_JUMBO_PORT_ON_OFFSET		OFFSET_SHIFT	0	0	12901
B	RTL8367B_FLOWCTRL_JUMBO_PORT_ON_MASK		MASK	0x3FF	1023	12902
B	RTL8367B_REG_FLOWCTRL_JUMBO_PORT_OFF		REGISTER	0x1238	4664	12904
B	RTL8367B_FLOWCTRL_JUMBO_PORT_OFF_OFFSET		OFFSET_SHIFT	0	0	12905
B	RTL8367B_FLOWCTRL_JUMBO_PORT_OFF_MASK		MASK	0x3FF	1023	12906
B	RTL8367B_REG_FLOWCTRL_JUMBO_PORT_PRIVATE_ON		REGISTER	0x1239	4665	12908
B	RTL8367B_FLOWCTRL_JUMBO_PORT_PRIVATE_ON_OFFSET		OFFSET_SHIFT	0	0	12909
B	RTL8367B_FLOWCTRL_JUMBO_PORT_PRIVATE_ON_MASK		MASK	0x3FF	1023	12910
B	RTL8367B_REG_FLOWCTRL_JUMBO_PORT_PRIVATE_OFF		REGISTER	0x123a	4666	12912
B	RTL8367B_FLOWCTRL_JUMBO_PORT_PRIVATE_OFF_OFFSET		OFFSET_SHIFT	0	0	12913
B	RTL8367B_FLOWCTRL_JUMBO_PORT_PRIVATE_OFF_MASK		MASK	0x3FF	1023	12914
B	RTL8367B_REG_FLOWCTRL_JUMBO_SIZE		REGISTER	0x123b	4667	12916
B	RTL8367B_JUMBO_MODE_OFFSET		OFFSET_SHIFT	2	2	12917
B	RTL8367B_JUMBO_MODE_MASK		MASK	0x4	4	12918
B	RTL8367B_JUMBO_SIZE_OFFSET		OFFSET_SHIFT	0	0	12919
B	RTL8367B_JUMBO_SIZE_MASK		MASK	0x3	3	12920
B	RTL8367B_REG_FLOWCTRL_TOTAL_PAGE_COUNTER		REGISTER	0x124c	4684	12922
B	RTL8367B_FLOWCTRL_TOTAL_PAGE_COUNTER_OFFSET		OFFSET_SHIFT	0	0	12923
B	RTL8367B_FLOWCTRL_TOTAL_PAGE_COUNTER_MASK		MASK	0x3FF	1023	12924
B	RTL8367B_REG_FLOWCTRL_PUBLIC_PAGE_COUNTER		REGISTER	0x124d	4685	12926
B	RTL8367B_FLOWCTRL_PUBLIC_PAGE_COUNTER_OFFSET		OFFSET_SHIFT	0	0	12927
B	RTL8367B_FLOWCTRL_PUBLIC_PAGE_COUNTER_MASK		MASK	0x3FF	1023	12928
B	RTL8367B_REG_FLOWCTRL_TOTAL_PAGE_MAX		REGISTER	0x124e	4686	12930
B	RTL8367B_FLOWCTRL_TOTAL_PAGE_MAX_OFFSET		OFFSET_SHIFT	0	0	12931
B	RTL8367B_FLOWCTRL_TOTAL_PAGE_MAX_MASK		MASK	0x3FF	1023	12932
B	RTL8367B_REG_FLOWCTRL_PUBLIC_PAGE_MAX		REGISTER	0x124f	4687	12934
B	RTL8367B_FLOWCTRL_PUBLIC_PAGE_MAX_OFFSET		OFFSET_SHIFT	0	0	12935
B	RTL8367B_FLOWCTRL_PUBLIC_PAGE_MAX_MASK		MASK	0x3FF	1023	12936
B	RTL8367B_REG_FLOWCTRL_PORT0_PAGE_COUNTER		REGISTER	0x1250	4688	12938
B	RTL8367B_FLOWCTRL_PORT0_PAGE_COUNTER_OFFSET		OFFSET_SHIFT	0	0	12939
B	RTL8367B_FLOWCTRL_PORT0_PAGE_COUNTER_MASK		MASK	0x3FF	1023	12940
B	RTL8367B_REG_FLOWCTRL_PORT1_PAGE_COUNTER		REGISTER	0x1251	4689	12942
B	RTL8367B_FLOWCTRL_PORT1_PAGE_COUNTER_OFFSET		OFFSET_SHIFT	0	0	12943
B	RTL8367B_FLOWCTRL_PORT1_PAGE_COUNTER_MASK		MASK	0x3FF	1023	12944
B	RTL8367B_REG_FLOWCTRL_PORT2_PAGE_COUNTER		REGISTER	0x1252	4690	12946
B	RTL8367B_FLOWCTRL_PORT2_PAGE_COUNTER_OFFSET		OFFSET_SHIFT	0	0	12947
B	RTL8367B_FLOWCTRL_PORT2_PAGE_COUNTER_MASK		MASK	0x3FF	1023	12948
B	RTL8367B_REG_FLOWCTRL_PORT3_PAGE_COUNTER		REGISTER	0x1253	4691	12950
B	RTL8367B_FLOWCTRL_PORT3_PAGE_COUNTER_OFFSET		OFFSET_SHIFT	0	0	12951
B	RTL8367B_FLOWCTRL_PORT3_PAGE_COUNTER_MASK		MASK	0x3FF	1023	12952
B	RTL8367B_REG_FLOWCTRL_PORT4_PAGE_COUNTER		REGISTER	0x1254	4692	12954
B	RTL8367B_FLOWCTRL_PORT4_PAGE_COUNTER_OFFSET		OFFSET_SHIFT	0	0	12955
B	RTL8367B_FLOWCTRL_PORT4_PAGE_COUNTER_MASK		MASK	0x3FF	1023	12956
B	RTL8367B_REG_FLOWCTRL_PORT5_PAGE_COUNTER		REGISTER	0x1255	4693	12958
B	RTL8367B_FLOWCTRL_PORT5_PAGE_COUNTER_OFFSET		OFFSET_SHIFT	0	0	12959
B	RTL8367B_FLOWCTRL_PORT5_PAGE_COUNTER_MASK		MASK	0x3FF	1023	12960
B	RTL8367B_REG_FLOWCTRL_PORT6_PAGE_COUNTER		REGISTER	0x1256	4694	12962
B	RTL8367B_FLOWCTRL_PORT6_PAGE_COUNTER_OFFSET		OFFSET_SHIFT	0	0	12963
B	RTL8367B_FLOWCTRL_PORT6_PAGE_COUNTER_MASK		MASK	0x3FF	1023	12964
B	RTL8367B_REG_FLOWCTRL_PORT7_PAGE_COUNTER		REGISTER	0x1257	4695	12966
B	RTL8367B_FLOWCTRL_PORT7_PAGE_COUNTER_OFFSET		OFFSET_SHIFT	0	0	12967
B	RTL8367B_FLOWCTRL_PORT7_PAGE_COUNTER_MASK		MASK	0x3FF	1023	12968
B	RTL8367B_REG_FLOWCTRL_PUBLIC_FCOFF_PAGE_COUNTER		REGISTER	0x1258	4696	12970
B	RTL8367B_FLOWCTRL_PUBLIC_FCOFF_PAGE_COUNTER_OFFSET		OFFSET_SHIFT	0	0	12971
B	RTL8367B_FLOWCTRL_PUBLIC_FCOFF_PAGE_COUNTER_MASK		MASK	0x3FF	1023	12972
B	RTL8367B_REG_FLOWCTRL_PUBLIC_JUMBO_PAGE_COUNTER		REGISTER	0x1259	4697	12974
B	RTL8367B_FLOWCTRL_PUBLIC_JUMBO_PAGE_COUNTER_OFFSET		OFFSET_SHIFT	0	0	12975
B	RTL8367B_FLOWCTRL_PUBLIC_JUMBO_PAGE_COUNTER_MASK		MASK	0x3FF	1023	12976
B	RTL8367B_REG_FLOWCTRL_MAX_PUBLIC_FCOFF_PAGE_COUNTER		REGISTER	0x125a	4698	12978
B	RTL8367B_FLOWCTRL_MAX_PUBLIC_FCOFF_PAGE_COUNTER_OFFSET		OFFSET_SHIFT	0	0	12979
B	RTL8367B_FLOWCTRL_MAX_PUBLIC_FCOFF_PAGE_COUNTER_MASK		MASK	0x3FF	1023	12980
B	RTL8367B_REG_FLOWCTRL_MAX_PUBLIC_JUMBO_PAGE_COUNTER		REGISTER	0x125b	4699	12982
B	RTL8367B_FLOWCTRL_MAX_PUBLIC_JUMBO_PAGE_COUNTER_OFFSET		OFFSET_SHIFT	0	0	12983
B	RTL8367B_FLOWCTRL_MAX_PUBLIC_JUMBO_PAGE_COUNTER_MASK		MASK	0x3FF	1023	12984
B	RTL8367B_REG_FLOWCTRL_PORT0_PAGE_MAX		REGISTER	0x1260	4704	12986
B	RTL8367B_FLOWCTRL_PORT0_PAGE_MAX_OFFSET		OFFSET_SHIFT	0	0	12987
B	RTL8367B_FLOWCTRL_PORT0_PAGE_MAX_MASK		MASK	0x3FF	1023	12988
B	RTL8367B_REG_FLOWCTRL_PORT1_PAGE_MAX		REGISTER	0x1261	4705	12990
B	RTL8367B_FLOWCTRL_PORT1_PAGE_MAX_OFFSET		OFFSET_SHIFT	0	0	12991
B	RTL8367B_FLOWCTRL_PORT1_PAGE_MAX_MASK		MASK	0x3FF	1023	12992
B	RTL8367B_REG_FLOWCTRL_PORT2_PAGE_MAX		REGISTER	0x1262	4706	12994
B	RTL8367B_FLOWCTRL_PORT2_PAGE_MAX_OFFSET		OFFSET_SHIFT	0	0	12995
B	RTL8367B_FLOWCTRL_PORT2_PAGE_MAX_MASK		MASK	0x3FF	1023	12996
B	RTL8367B_REG_FLOWCTRL_PORT3_PAGE_MAX		REGISTER	0x1263	4707	12998
B	RTL8367B_FLOWCTRL_PORT3_PAGE_MAX_OFFSET		OFFSET_SHIFT	0	0	12999
B	RTL8367B_FLOWCTRL_PORT3_PAGE_MAX_MASK		MASK	0x3FF	1023	13000
B	RTL8367B_REG_FLOWCTRL_PORT4_PAGE_MAX		REGISTER	0x1264	4708	13002
B	RTL8367B_FLOWCTRL_PORT4_PAGE_MAX_OFFSET		OFFSET_SHIFT	0	0	13003
B	RTL8367B_FLOWCTRL_PORT4_PAGE_MAX_MASK		MASK	0x3FF	1023	13004
B	RTL8367B_REG_FLOWCTRL_PORT5_PAGE_MAX		REGISTER	0x1265	4709	13006
B	RTL8367B_FLOWCTRL_PORT5_PAGE_MAX_OFFSET		OFFSET_SHIFT	0	0	13007
B	RTL8367B_FLOWCTRL_PORT5_PAGE_MAX_MASK		MASK	0x3FF	1023	13008
B	RTL8367B_REG_FLOWCTRL_PORT6_PAGE_MAX		REGISTER	0x1266	4710	13010
B	RTL8367B_FLOWCTRL_PORT6_PAGE_MAX_OFFSET		OFFSET_SHIFT	0	0	13011
B	RTL8367B_FLOWCTRL_PORT6_PAGE_MAX_MASK		MASK	0x3FF	1023	13012
B	RTL8367B_REG_FLOWCTRL_PORT7_PAGE_MAX		REGISTER	0x1267	4711	13014
B	RTL8367B_FLOWCTRL_PORT7_PAGE_MAX_OFFSET		OFFSET_SHIFT	0	0	13015
B	RTL8367B_FLOWCTRL_PORT7_PAGE_MAX_MASK		MASK	0x3FF	1023	13016
B	RTL8367B_REG_FLOWCTRL_PAGE_COUNT_CLEAR		REGISTER	0x1268	4712	13018
B	RTL8367B_DIS_SKIP_FP_OFFSET		OFFSET_SHIFT	1	1	13019
B	RTL8367B_DIS_SKIP_FP_MASK		MASK	0x2	2	13020
B	RTL8367B_PAGE_COUNT_CLEAR_OFFSET		OFFSET_SHIFT	0	0	13021
B	RTL8367B_PAGE_COUNT_CLEAR_MASK		MASK	0x1	1	13022
B	RTL8367B_REG_EMA_CTRL0		REGISTER	0x1270	4720	13024
B	RTL8367B_CFG_DVSE_VIAROM_OFFSET		OFFSET_SHIFT	13	13	13025
B	RTL8367B_CFG_DVSE_VIAROM_MASK		MASK	0x2000	8192	13026
B	RTL8367B_CFG_DVSE_MIBRAM_OFFSET		OFFSET_SHIFT	12	12	13027
B	RTL8367B_CFG_DVSE_MIBRAM_MASK		MASK	0x1000	4096	13028
B	RTL8367B_CFG_DVSE_IROM_OFFSET		OFFSET_SHIFT	11	11	13029
B	RTL8367B_CFG_DVSE_IROM_MASK		MASK	0x800	2048	13030
B	RTL8367B_CFG_DVSE_ERAM_OFFSET		OFFSET_SHIFT	10	10	13031
B	RTL8367B_CFG_DVSE_ERAM_MASK		MASK	0x400	1024	13032
B	RTL8367B_CFG_DVSE_IRAM_OFFSET		OFFSET_SHIFT	9	9	13033
B	RTL8367B_CFG_DVSE_IRAM_MASK		MASK	0x200	512	13034
B	RTL8367B_CFG_DVSE_NICRAM_OFFSET		OFFSET_SHIFT	8	8	13035
B	RTL8367B_CFG_DVSE_NICRAM_MASK		MASK	0x100	256	13036
B	RTL8367B_CFG_DVSE_CVLANRAM_OFFSET		OFFSET_SHIFT	7	7	13037
B	RTL8367B_CFG_DVSE_CVLANRAM_MASK		MASK	0x80	128	13038
B	RTL8367B_CFG_DVSE_ACTRAM_OFFSET		OFFSET_SHIFT	6	6	13039
B	RTL8367B_CFG_DVSE_ACTRAM_MASK		MASK	0x40	64	13040
B	RTL8367B_CFG_DVSE_INQRAM_OFFSET		OFFSET_SHIFT	5	5	13041
B	RTL8367B_CFG_DVSE_INQRAM_MASK		MASK	0x20	32	13042
B	RTL8367B_CFG_DVSE_HSARAM_OFFSET		OFFSET_SHIFT	4	4	13043
B	RTL8367B_CFG_DVSE_HSARAM_MASK		MASK	0x10	16	13044
B	RTL8367B_CFG_DVSE_OUTQRAM_OFFSET		OFFSET_SHIFT	3	3	13045
B	RTL8367B_CFG_DVSE_OUTQRAM_MASK		MASK	0x8	8	13046
B	RTL8367B_CFG_DVSE_HTRAM_OFFSET		OFFSET_SHIFT	2	2	13047
B	RTL8367B_CFG_DVSE_HTRAM_MASK		MASK	0x4	4	13048
B	RTL8367B_CFG_DVSE_PBRAM_OFFSET		OFFSET_SHIFT	1	1	13049
B	RTL8367B_CFG_DVSE_PBRAM_MASK		MASK	0x2	2	13050
B	RTL8367B_CFG_DVSE_L2RAM_OFFSET		OFFSET_SHIFT	0	0	13051
B	RTL8367B_CFG_DVSE_L2RAM_MASK		MASK	0x1	1	13052
B	RTL8367B_REG_EMA_CTRL1		REGISTER	0x1271	4721	13054
B	RTL8367B_CFG_DVS_OUTQRAM_OFFSET		OFFSET_SHIFT	12	12	13055
B	RTL8367B_CFG_DVS_OUTQRAM_MASK		MASK	0xF000	61440	13056
B	RTL8367B_CFG_DVS_HTRAM_OFFSET		OFFSET_SHIFT	8	8	13057
B	RTL8367B_CFG_DVS_HTRAM_MASK		MASK	0x700	1792	13058
B	RTL8367B_CFG_DVS_PBRAM_OFFSET		OFFSET_SHIFT	4	4	13059
B	RTL8367B_CFG_DVS_PBRAM_MASK		MASK	0xF0	240	13060
B	RTL8367B_CFG_DVS_L2RAM_OFFSET		OFFSET_SHIFT	0	0	13061
B	RTL8367B_CFG_DVS_L2RAM_MASK		MASK	0xF	15	13062
B	RTL8367B_REG_EMA_CTRL2		REGISTER	0x1272	4722	13064
B	RTL8367B_CFG_DVS_CVLANRAM_OFFSET		OFFSET_SHIFT	12	12	13065
B	RTL8367B_CFG_DVS_CVLANRAM_MASK		MASK	0xF000	61440	13066
B	RTL8367B_CFG_DVS_ACTRAM_OFFSET		OFFSET_SHIFT	8	8	13067
B	RTL8367B_CFG_DVS_ACTRAM_MASK		MASK	0xF00	3840	13068
B	RTL8367B_CFG_DVS_INQRAM_OFFSET		OFFSET_SHIFT	4	4	13069
B	RTL8367B_CFG_DVS_INQRAM_MASK		MASK	0xF0	240	13070
B	RTL8367B_CFG_DVS_HSARAM_OFFSET		OFFSET_SHIFT	0	0	13071
B	RTL8367B_CFG_DVS_HSARAM_MASK		MASK	0xF	15	13072
B	RTL8367B_REG_EMA_CTRL3		REGISTER	0x1273	4723	13074
B	RTL8367B_CFG_DVS_IROM_OFFSET		OFFSET_SHIFT	12	12	13075
B	RTL8367B_CFG_DVS_IROM_MASK		MASK	0xF000	61440	13076
B	RTL8367B_CFG_DVS_ERAM_OFFSET		OFFSET_SHIFT	8	8	13077
B	RTL8367B_CFG_DVS_ERAM_MASK		MASK	0xF00	3840	13078
B	RTL8367B_CFG_DVS_IRAM_OFFSET		OFFSET_SHIFT	4	4	13079
B	RTL8367B_CFG_DVS_IRAM_MASK		MASK	0xF0	240	13080
B	RTL8367B_CFG_DVS_NICRAM_OFFSET		OFFSET_SHIFT	0	0	13081
B	RTL8367B_CFG_DVS_NICRAM_MASK		MASK	0xF	15	13082
B	RTL8367B_REG_EMA_CTRL4		REGISTER	0x1274	4724	13084
B	RTL8367B_CFG_DVS_VIAROM_OFFSET		OFFSET_SHIFT	4	4	13085
B	RTL8367B_CFG_DVS_VIAROM_MASK		MASK	0xF0	240	13086
B	RTL8367B_CFG_DVS_MIBRAM_OFFSET		OFFSET_SHIFT	0	0	13087
B	RTL8367B_CFG_DVS_MIBRAM_MASK		MASK	0xF	15	13088
B	RTL8367B_REG_DIAG_MODE		REGISTER	0x1275	4725	13090
B	RTL8367B_DIAG_MODE_OFFSET		OFFSET_SHIFT	0	0	13091
B	RTL8367B_DIAG_MODE_MASK		MASK	0x1F	31	13092
B	RTL8367B_REG_BIST_MODE		REGISTER	0x1276	4726	13094
B	RTL8367B_REG_STS_BIST_DONE		REGISTER	0x1277	4727	13096
B	RTL8367B_REG_STS_BIST_RLT0		REGISTER	0x1278	4728	13098
B	RTL8367B_STS_BIST_RLT0_OFFSET		OFFSET_SHIFT	0	0	13099
B	RTL8367B_STS_BIST_RLT0_MASK		MASK	0x1	1	13100
B	RTL8367B_REG_STS_BIST_RLT1		REGISTER	0x1279	4729	13102
B	RTL8367B_REG_STS_BIST_RLT2		REGISTER	0x127a	4730	13104
B	RTL8367B_REG_STS_BIST_RLT3		REGISTER	0x127b	4731	13106
B	RTL8367B_STS_BIST_RLT3_OFFSET		OFFSET_SHIFT	0	0	13107
B	RTL8367B_STS_BIST_RLT3_MASK		MASK	0x7F	127	13108
B	RTL8367B_REG_STS_BIST_RLT4		REGISTER	0x127c	4732	13110
B	RTL8367B_STS_BIST_RLT4_OFFSET		OFFSET_SHIFT	0	0	13111
B	RTL8367B_STS_BIST_RLT4_MASK		MASK	0x7	7	13112
B	RTL8367B_REG_VIAROM_MISR		REGISTER	0x127d	4733	13114
B	RTL8367B_REG_DRF_BIST_MODE		REGISTER	0x1280	4736	13116
B	RTL8367B_DRF_TCAMDEL_OFFSET		OFFSET_SHIFT	15	15	13117
B	RTL8367B_DRF_TCAMDEL_MASK		MASK	0x8000	32768	13118
B	RTL8367B_CFG_DRF_BIST_MODE_OFFSET		OFFSET_SHIFT	0	0	13119
B	RTL8367B_CFG_DRF_BIST_MODE_MASK		MASK	0x7FFF	32767	13120
B	RTL8367B_REG_STS_DRF_BIST		REGISTER	0x1281	4737	13122
B	RTL8367B_STS_DRF_BIST_OFFSET		OFFSET_SHIFT	0	0	13123
B	RTL8367B_STS_DRF_BIST_MASK		MASK	0x7FFF	32767	13124
B	RTL8367B_REG_STS_DRF_BIST_RLT0		REGISTER	0x1282	4738	13126
B	RTL8367B_STS_DRF_BIST_RLT0_OFFSET		OFFSET_SHIFT	0	0	13127
B	RTL8367B_STS_DRF_BIST_RLT0_MASK		MASK	0x1	1	13128
B	RTL8367B_REG_STS_DRF_BIST_RLT1		REGISTER	0x1283	4739	13130
B	RTL8367B_REG_STS_DRF_BIST_RLT2		REGISTER	0x1284	4740	13132
B	RTL8367B_REG_STS_DRF_BIST_RLT3		REGISTER	0x1285	4741	13134
B	RTL8367B_STS_DRF_BIST_RLT3_OFFSET		OFFSET_SHIFT	0	0	13135
B	RTL8367B_STS_DRF_BIST_RLT3_MASK		MASK	0x7F	127	13136
B	RTL8367B_REG_STS_DRF_BIST_RLT4		REGISTER	0x1286	4742	13138
B	RTL8367B_STS_DRF_BIST_RLT4_OFFSET		OFFSET_SHIFT	0	0	13139
B	RTL8367B_STS_DRF_BIST_RLT4_MASK		MASK	0x7FFF	32767	13140
B	RTL8367B_REG_RAM_DRF_CTRL		REGISTER	0x1289	4745	13142
B	RTL8367B_RAM_DRF_CTRL_OFFSET		OFFSET_SHIFT	0	0	13143
B	RTL8367B_RAM_DRF_CTRL_MASK		MASK	0x1	1	13144
B	RTL8367B_REG_COND0_BISR_OUT0		REGISTER	0x1290	4752	13146
B	RTL8367B_REG_COND0_BISR_OUT1		REGISTER	0x1291	4753	13148
B	RTL8367B_REG_COND0_BISR_OUT2		REGISTER	0x1292	4754	13150
B	RTL8367B_REG_COND0_BISR_OUT3		REGISTER	0x1293	4755	13152
B	RTL8367B_REG_COND0_BISR_OUT4		REGISTER	0x1294	4756	13154
B	RTL8367B_COND0_BISR_OUT4_OFFSET		OFFSET_SHIFT	0	0	13155
B	RTL8367B_COND0_BISR_OUT4_MASK		MASK	0x3F	63	13156
B	RTL8367B_REG_COND0_BISR_OUT5		REGISTER	0x1295	4757	13158
B	RTL8367B_COND0_BISR_OUT5_OFFSET		OFFSET_SHIFT	0	0	13159
B	RTL8367B_COND0_BISR_OUT5_MASK		MASK	0x7	7	13160
B	RTL8367B_REG_COND0_BIST_PASS		REGISTER	0x1297	4759	13162
B	RTL8367B_COND0_DRF_BIST_NOFAIL_OFFSET		OFFSET_SHIFT	1	1	13163
B	RTL8367B_COND0_DRF_BIST_NOFAIL_MASK		MASK	0x2	2	13164
B	RTL8367B_COND0_BIST_NOFAIL_OFFSET		OFFSET_SHIFT	0	0	13165
B	RTL8367B_COND0_BIST_NOFAIL_MASK		MASK	0x1	1	13166
B	RTL8367B_REG_COND1_BISR_OUT0		REGISTER	0x1298	4760	13168
B	RTL8367B_REG_COND1_BISR_OUT1		REGISTER	0x1299	4761	13170
B	RTL8367B_REG_COND1_BISR_OUT2		REGISTER	0x129a	4762	13172
B	RTL8367B_REG_COND1_BISR_OUT3		REGISTER	0x129b	4763	13174
B	RTL8367B_REG_COND1_BISR_OUT4		REGISTER	0x129c	4764	13176
B	RTL8367B_COND1_BISR_OUT4_OFFSET		OFFSET_SHIFT	0	0	13177
B	RTL8367B_COND1_BISR_OUT4_MASK		MASK	0x3F	63	13178
B	RTL8367B_REG_COND1_BISR_OUT5		REGISTER	0x129d	4765	13180
B	RTL8367B_COND1_BISR_OUT5_OFFSET		OFFSET_SHIFT	0	0	13181
B	RTL8367B_COND1_BISR_OUT5_MASK		MASK	0x7	7	13182
B	RTL8367B_REG_COND1_BIST_PASS		REGISTER	0x129f	4767	13184
B	RTL8367B_COND1_DRF_BIST_NOFAIL_OFFSET		OFFSET_SHIFT	1	1	13185
B	RTL8367B_COND1_DRF_BIST_NOFAIL_MASK		MASK	0x2	2	13186
B	RTL8367B_COND1_BIST_NOFAIL_OFFSET		OFFSET_SHIFT	0	0	13187
B	RTL8367B_COND1_BIST_NOFAIL_MASK		MASK	0x1	1	13188
B	RTL8367B_REG_EEE_TX_THR_Giga		REGISTER	0x12a0	4768	13190
B	RTL8367B_REG_EEE_TX_THR_FE		REGISTER	0x12a1	4769	13192
B	RTL8367B_REG_EEE_MISC		REGISTER	0x12a3	4771	13194
B	RTL8367B_EEE_REQ_SET1_OFFSET		OFFSET_SHIFT	13	13	13195
B	RTL8367B_EEE_REQ_SET1_MASK		MASK	0x2000	8192	13196
B	RTL8367B_EEE_REQ_SET0_OFFSET		OFFSET_SHIFT	12	12	13197
B	RTL8367B_EEE_REQ_SET0_MASK		MASK	0x1000	4096	13198
B	RTL8367B_EEE_WAKE_SET1_OFFSET		OFFSET_SHIFT	9	9	13199
B	RTL8367B_EEE_WAKE_SET1_MASK		MASK	0x200	512	13200
B	RTL8367B_EEE_Wake_SET0_OFFSET		OFFSET_SHIFT	8	8	13201
B	RTL8367B_EEE_Wake_SET0_MASK		MASK	0x100	256	13202
B	RTL8367B_EEE_TU_GIGA_OFFSET		OFFSET_SHIFT	4	4	13203
B	RTL8367B_EEE_TU_GIGA_MASK		MASK	0x30	48	13204
B	RTL8367B_EEE_TU_100M_OFFSET		OFFSET_SHIFT	2	2	13205
B	RTL8367B_EEE_TU_100M_MASK		MASK	0xC	12	13206
B	RTL8367B_REG_EEE_GIGA_CTRL0		REGISTER	0x12a4	4772	13208
B	RTL8367B_EEE_TW_GIGA_OFFSET		OFFSET_SHIFT	8	8	13209
B	RTL8367B_EEE_TW_GIGA_MASK		MASK	0xFF00	65280	13210
B	RTL8367B_EEE_TR_GIGA_OFFSET		OFFSET_SHIFT	0	0	13211
B	RTL8367B_EEE_TR_GIGA_MASK		MASK	0xFF	255	13212
B	RTL8367B_REG_EEE_GIGA_CTRL1		REGISTER	0x12a5	4773	13214
B	RTL8367B_EEE_TD_GIGA_OFFSET		OFFSET_SHIFT	8	8	13215
B	RTL8367B_EEE_TD_GIGA_MASK		MASK	0xFF00	65280	13216
B	RTL8367B_EEE_TP_GIGA_OFFSET		OFFSET_SHIFT	0	0	13217
B	RTL8367B_EEE_TP_GIGA_MASK		MASK	0xFF	255	13218
B	RTL8367B_REG_EEE_100M_CTRL0		REGISTER	0x12a6	4774	13220
B	RTL8367B_EEE_TW_100M_OFFSET		OFFSET_SHIFT	8	8	13221
B	RTL8367B_EEE_TW_100M_MASK		MASK	0xFF00	65280	13222
B	RTL8367B_EEE_TR_100M_OFFSET		OFFSET_SHIFT	0	0	13223
B	RTL8367B_EEE_TR_100M_MASK		MASK	0xFF	255	13224
B	RTL8367B_REG_EEE_100M_CTRL1		REGISTER	0x12a7	4775	13226
B	RTL8367B_EEE_TD_100M_OFFSET		OFFSET_SHIFT	8	8	13227
B	RTL8367B_EEE_TD_100M_MASK		MASK	0xFF00	65280	13228
B	RTL8367B_EEE_TP_100M_OFFSET		OFFSET_SHIFT	0	0	13229
B	RTL8367B_EEE_TP_100M_MASK		MASK	0xFF	255	13230
B	RTL8367B_REG_RX_FC_REG		REGISTER	0x12aa	4778	13232
B	RTL8367B_EN_EEE_HALF_DUP_OFFSET		OFFSET_SHIFT	8	8	13233
B	RTL8367B_EN_EEE_HALF_DUP_MASK		MASK	0x100	256	13234
B	RTL8367B_RX_PGCNT_OFFSET		OFFSET_SHIFT	0	0	13235
B	RTL8367B_RX_PGCNT_MASK		MASK	0xFF	255	13236
B	RTL8367B_REG_MAX_FIFO_SIZE		REGISTER	0x12af	4783	13238
B	RTL8367B_MAX_FIFO_SIZE_OFFSET		OFFSET_SHIFT	0	0	13239
B	RTL8367B_MAX_FIFO_SIZE_MASK		MASK	0xF	15	13240
B	RTL8367B_REG_EEEP_RX_RATE_GIGA		REGISTER	0x12b0	4784	13242
B	RTL8367B_REG_EEEP_RX_RATE_100M		REGISTER	0x12b1	4785	13244
B	RTL8367B_REG_DUMMY_REG_12_2		REGISTER	0x12b2	4786	13246
B	RTL8367B_REG_EEEP_TX_RATE_GIGA		REGISTER	0x12b3	4787	13248
B	RTL8367B_REG_EEEP_TX_RATE_100M		REGISTER	0x12b4	4788	13250
B	RTL8367B_REG_DUMMY_REG_12_3		REGISTER	0x12b5	4789	13252
B	RTL8367B_REG_EEEP_GIGA_CTRL0		REGISTER	0x12b6	4790	13254
B	RTL8367B_EEEP_TR_GIGA_OFFSET		OFFSET_SHIFT	8	8	13255
B	RTL8367B_EEEP_TR_GIGA_MASK		MASK	0xFF00	65280	13256
B	RTL8367B_EEEP_RW_GIGA_OFFSET		OFFSET_SHIFT	0	0	13257
B	RTL8367B_EEEP_RW_GIGA_MASK		MASK	0xFF	255	13258
B	RTL8367B_REG_EEEP_GIGA_CTRL1		REGISTER	0x12b7	4791	13260
B	RTL8367B_EEEP_TW_GIGA_OFFSET		OFFSET_SHIFT	8	8	13261
B	RTL8367B_EEEP_TW_GIGA_MASK		MASK	0xFF00	65280	13262
B	RTL8367B_EEEP_TP_GIGA_OFFSET		OFFSET_SHIFT	0	0	13263
B	RTL8367B_EEEP_TP_GIGA_MASK		MASK	0xFF	255	13264
B	RTL8367B_REG_EEEP_GIGA_CTRL2		REGISTER	0x12b8	4792	13266
B	RTL8367B_EEEP_TXEN_GIGA_OFFSET		OFFSET_SHIFT	12	12	13267
B	RTL8367B_EEEP_TXEN_GIGA_MASK		MASK	0x1000	4096	13268
B	RTL8367B_EEEP_TU_GIGA_OFFSET		OFFSET_SHIFT	8	8	13269
B	RTL8367B_EEEP_TU_GIGA_MASK		MASK	0x300	768	13270
B	RTL8367B_EEEP_TS_GIGA_OFFSET		OFFSET_SHIFT	0	0	13271
B	RTL8367B_EEEP_TS_GIGA_MASK		MASK	0xFF	255	13272
B	RTL8367B_REG_EEEP_100M_CTRL0		REGISTER	0x12b9	4793	13274
B	RTL8367B_EEEP_TR_100M_OFFSET		OFFSET_SHIFT	8	8	13275
B	RTL8367B_EEEP_TR_100M_MASK		MASK	0xFF00	65280	13276
B	RTL8367B_EEEP_RW_100M_OFFSET		OFFSET_SHIFT	0	0	13277
B	RTL8367B_EEEP_RW_100M_MASK		MASK	0xFF	255	13278
B	RTL8367B_REG_EEEP_100M_CTRL1		REGISTER	0x12ba	4794	13280
B	RTL8367B_EEEP_TW_100M_OFFSET		OFFSET_SHIFT	8	8	13281
B	RTL8367B_EEEP_TW_100M_MASK		MASK	0xFF00	65280	13282
B	RTL8367B_EEEP_TP_100M_OFFSET		OFFSET_SHIFT	0	0	13283
B	RTL8367B_EEEP_TP_100M_MASK		MASK	0xFF	255	13284
B	RTL8367B_REG_EEEP_100M_CTRL2		REGISTER	0x12bb	4795	13286
B	RTL8367B_EEEP_TXEN_100M_OFFSET		OFFSET_SHIFT	12	12	13287
B	RTL8367B_EEEP_TXEN_100M_MASK		MASK	0x1000	4096	13288
B	RTL8367B_EEEP_TU_100M_OFFSET		OFFSET_SHIFT	8	8	13289
B	RTL8367B_EEEP_TU_100M_MASK		MASK	0x300	768	13290
B	RTL8367B_EEEP_TS_100M_OFFSET		OFFSET_SHIFT	0	0	13291
B	RTL8367B_EEEP_TS_100M_MASK		MASK	0xFF	255	13292
B	RTL8367B_REG_EEEP_CTRL0		REGISTER	0x12bc	4796	13294
B	RTL8367B_EEEP_CTRL0_DUMMY_OFFSET		OFFSET_SHIFT	8	8	13295
B	RTL8367B_EEEP_CTRL0_DUMMY_MASK		MASK	0xFF00	65280	13296
B	RTL8367B_EEEP_SLEEP_STEP_OFFSET		OFFSET_SHIFT	0	0	13297
B	RTL8367B_EEEP_SLEEP_STEP_MASK		MASK	0xFF	255	13298
B	RTL8367B_REG_EEEP_CTRL1		REGISTER	0x12bd	4797	13300
B	RTL8367B_EEEP_TXR_GIGA_OFFSET		OFFSET_SHIFT	8	8	13301
B	RTL8367B_EEEP_TXR_GIGA_MASK		MASK	0xFF00	65280	13302
B	RTL8367B_EEEP_TXR_100M_OFFSET		OFFSET_SHIFT	0	0	13303
B	RTL8367B_EEEP_TXR_100M_MASK		MASK	0xFF	255	13304
B	RTL8367B_REG_PKTGEN_PAYLOAD_CTRL0		REGISTER	0x12c0	4800	13306
B	RTL8367B_REG_PKTGEN_PAYLOAD_CTRL1		REGISTER	0x12c1	4801	13308
B	RTL8367B_REG_PKTGEN_PAYLOAD_CTRL2		REGISTER	0x12c2	4802	13310
B	RTL8367B_REG_PKTGEN_PAYLOAD_CTRL3		REGISTER	0x12c3	4803	13312
B	RTL8367B_REG_PKTGEN_PAYLOAD_CTRL4		REGISTER	0x12c4	4804	13314
B	RTL8367B_REG_PKTGEN_PAYLOAD_CTRL5		REGISTER	0x12c5	4805	13316
B	RTL8367B_REG_PKTGEN_PAYLOAD_CTRL6		REGISTER	0x12c6	4806	13318
B	RTL8367B_REG_PKTGEN_PAYLOAD_CTRL7		REGISTER	0x12c7	4807	13320
B	RTL8367B_REG_PKTGEN_PAYLOAD_CTRL8		REGISTER	0x12c8	4808	13322
B	RTL8367B_REG_PKTGEN_PAYLOAD_CTRL9		REGISTER	0x12c9	4809	13324
B	RTL8367B_REG_PKTGEN_PAYLOAD_CTRL10		REGISTER	0x12ca	4810	13326
B	RTL8367B_REG_PKTGEN_PAYLOAD_CTRL11		REGISTER	0x12cb	4811	13328
B	RTL8367B_REG_PKTGEN_PAYLOAD_CTRL12		REGISTER	0x12cc	4812	13330
B	RTL8367B_REG_PKTGEN_PAYLOAD_CTRL13		REGISTER	0x12cd	4813	13332
B	RTL8367B_REG_PKTGEN_PAYLOAD_CTRL14		REGISTER	0x12ce	4814	13334
B	RTL8367B_REG_PKTGEN_PAYLOAD_CTRL15		REGISTER	0x12cf	4815	13336
B	RTL8367B_REG_PKTGEN_PAYLOAD_CTRL16		REGISTER	0x12d0	4816	13338
B	RTL8367B_REG_PKTGEN_PAYLOAD_CTRL17		REGISTER	0x12d1	4817	13340
B	RTL8367B_REG_PKTGEN_PAYLOAD_CTRL18		REGISTER	0x12d2	4818	13342
B	RTL8367B_REG_PKTGEN_PAYLOAD_CTRL19		REGISTER	0x12d3	4819	13344
B	RTL8367B_REG_PKTGEN_PAYLOAD_CTRL20		REGISTER	0x12d4	4820	13346
B	RTL8367B_REG_PKTGEN_PAYLOAD_CTRL21		REGISTER	0x12d5	4821	13348
B	RTL8367B_REG_PKTGEN_PAYLOAD_CTRL22		REGISTER	0x12d6	4822	13350
B	RTL8367B_REG_PKTGEN_PAYLOAD_CTRL23		REGISTER	0x12d7	4823	13352
B	RTL8367B_REG_RRCP_CTRL4		REGISTER	0x12e0	4832	13354
B	RTL8367B_REG_RRCP_CTRL5		REGISTER	0x12e1	4833	13356
B	RTL8367B_REG_RRCP_CTRL6		REGISTER	0x12e2	4834	13358
B	RTL8367B_REG_RRCP_CTRL7		REGISTER	0x12e3	4835	13360
B	RTL8367B_REG_RRCP_CTRL8		REGISTER	0x12e4	4836	13362
B	RTL8367B_REG_RRCP_CTRL9		REGISTER	0x12e5	4837	13364
B	RTL8367B_REG_RRCP_CTRL10		REGISTER	0x12e6	4838	13366
B	RTL8367B_REG_FIELD_SELECTOR0		REGISTER	0x12e7	4839	13368
B	RTL8367B_FIELD_SELECTOR0_FORMAT_OFFSET		OFFSET_SHIFT	8	8	13369
B	RTL8367B_FIELD_SELECTOR0_FORMAT_MASK		MASK	0x700	1792	13370
B	RTL8367B_FIELD_SELECTOR0_OFFSET_OFFSET		OFFSET_SHIFT	0	0	13371
B	RTL8367B_FIELD_SELECTOR0_OFFSET_MASK		MASK	0xFF	255	13372
B	RTL8367B_REG_FIELD_SELECTOR1		REGISTER	0x12e8	4840	13374
B	RTL8367B_FIELD_SELECTOR1_FORMAT_OFFSET		OFFSET_SHIFT	8	8	13375
B	RTL8367B_FIELD_SELECTOR1_FORMAT_MASK		MASK	0x700	1792	13376
B	RTL8367B_FIELD_SELECTOR1_OFFSET_OFFSET		OFFSET_SHIFT	0	0	13377
B	RTL8367B_FIELD_SELECTOR1_OFFSET_MASK		MASK	0xFF	255	13378
B	RTL8367B_REG_FIELD_SELECTOR2		REGISTER	0x12e9	4841	13380
B	RTL8367B_FIELD_SELECTOR2_FORMAT_OFFSET		OFFSET_SHIFT	8	8	13381
B	RTL8367B_FIELD_SELECTOR2_FORMAT_MASK		MASK	0x700	1792	13382
B	RTL8367B_FIELD_SELECTOR2_OFFSET_OFFSET		OFFSET_SHIFT	0	0	13383
B	RTL8367B_FIELD_SELECTOR2_OFFSET_MASK		MASK	0xFF	255	13384
B	RTL8367B_REG_FIELD_SELECTOR3		REGISTER	0x12ea	4842	13386
B	RTL8367B_FIELD_SELECTOR3_FORMAT_OFFSET		OFFSET_SHIFT	8	8	13387
B	RTL8367B_FIELD_SELECTOR3_FORMAT_MASK		MASK	0x700	1792	13388
B	RTL8367B_FIELD_SELECTOR3_OFFSET_OFFSET		OFFSET_SHIFT	0	0	13389
B	RTL8367B_FIELD_SELECTOR3_OFFSET_MASK		MASK	0xFF	255	13390
B	RTL8367B_REG_FIELD_SELECTOR4		REGISTER	0x12eb	4843	13392
B	RTL8367B_FIELD_SELECTOR4_FORMAT_OFFSET		OFFSET_SHIFT	8	8	13393
B	RTL8367B_FIELD_SELECTOR4_FORMAT_MASK		MASK	0x700	1792	13394
B	RTL8367B_FIELD_SELECTOR4_OFFSET_OFFSET		OFFSET_SHIFT	0	0	13395
B	RTL8367B_FIELD_SELECTOR4_OFFSET_MASK		MASK	0xFF	255	13396
B	RTL8367B_REG_FIELD_SELECTOR5		REGISTER	0x12ec	4844	13398
B	RTL8367B_FIELD_SELECTOR5_FORMAT_OFFSET		OFFSET_SHIFT	8	8	13399
B	RTL8367B_FIELD_SELECTOR5_FORMAT_MASK		MASK	0x700	1792	13400
B	RTL8367B_FIELD_SELECTOR5_OFFSET_OFFSET		OFFSET_SHIFT	0	0	13401
B	RTL8367B_FIELD_SELECTOR5_OFFSET_MASK		MASK	0xFF	255	13402
B	RTL8367B_REG_FIELD_SELECTOR6		REGISTER	0x12ed	4845	13404
B	RTL8367B_FIELD_SELECTOR6_FORMAT_OFFSET		OFFSET_SHIFT	8	8	13405
B	RTL8367B_FIELD_SELECTOR6_FORMAT_MASK		MASK	0x700	1792	13406
B	RTL8367B_FIELD_SELECTOR6_OFFSET_OFFSET		OFFSET_SHIFT	0	0	13407
B	RTL8367B_FIELD_SELECTOR6_OFFSET_MASK		MASK	0xFF	255	13408
B	RTL8367B_REG_FIELD_SELECTOR7		REGISTER	0x12ee	4846	13410
B	RTL8367B_FIELD_SELECTOR7_FORMAT_OFFSET		OFFSET_SHIFT	8	8	13411
B	RTL8367B_FIELD_SELECTOR7_FORMAT_MASK		MASK	0x700	1792	13412
B	RTL8367B_FIELD_SELECTOR7_OFFSET_OFFSET		OFFSET_SHIFT	0	0	13413
B	RTL8367B_FIELD_SELECTOR7_OFFSET_MASK		MASK	0xFF	255	13414
B	RTL8367B_REG_FIELD_SELECTOR8		REGISTER	0x12ef	4847	13416
B	RTL8367B_FIELD_SELECTOR8_FORMAT_OFFSET		OFFSET_SHIFT	8	8	13417
B	RTL8367B_FIELD_SELECTOR8_FORMAT_MASK		MASK	0x700	1792	13418
B	RTL8367B_FIELD_SELECTOR8_OFFSET_OFFSET		OFFSET_SHIFT	0	0	13419
B	RTL8367B_FIELD_SELECTOR8_OFFSET_MASK		MASK	0xFF	255	13420
B	RTL8367B_REG_FIELD_SELECTOR9		REGISTER	0x12f0	4848	13422
B	RTL8367B_FIELD_SELECTOR9_FORMAT_OFFSET		OFFSET_SHIFT	8	8	13423
B	RTL8367B_FIELD_SELECTOR9_FORMAT_MASK		MASK	0x700	1792	13424
B	RTL8367B_FIELD_SELECTOR9_OFFSET_OFFSET		OFFSET_SHIFT	0	0	13425
B	RTL8367B_FIELD_SELECTOR9_OFFSET_MASK		MASK	0xFF	255	13426
B	RTL8367B_REG_FIELD_SELECTOR10		REGISTER	0x12f1	4849	13428
B	RTL8367B_FIELD_SELECTOR10_FORMAT_OFFSET		OFFSET_SHIFT	8	8	13429
B	RTL8367B_FIELD_SELECTOR10_FORMAT_MASK		MASK	0x700	1792	13430
B	RTL8367B_FIELD_SELECTOR10_OFFSET_OFFSET		OFFSET_SHIFT	0	0	13431
B	RTL8367B_FIELD_SELECTOR10_OFFSET_MASK		MASK	0xFF	255	13432
B	RTL8367B_REG_FIELD_SELECTOR11		REGISTER	0x12f2	4850	13434
B	RTL8367B_FIELD_SELECTOR11_FORMAT_OFFSET		OFFSET_SHIFT	8	8	13435
B	RTL8367B_FIELD_SELECTOR11_FORMAT_MASK		MASK	0x700	1792	13436
B	RTL8367B_FIELD_SELECTOR11_OFFSET_OFFSET		OFFSET_SHIFT	0	0	13437
B	RTL8367B_FIELD_SELECTOR11_OFFSET_MASK		MASK	0xFF	255	13438
B	RTL8367B_REG_FIELD_SELECTOR12		REGISTER	0x12f3	4851	13440
B	RTL8367B_FIELD_SELECTOR12_FORMAT_OFFSET		OFFSET_SHIFT	8	8	13441
B	RTL8367B_FIELD_SELECTOR12_FORMAT_MASK		MASK	0x700	1792	13442
B	RTL8367B_FIELD_SELECTOR12_OFFSET_OFFSET		OFFSET_SHIFT	0	0	13443
B	RTL8367B_FIELD_SELECTOR12_OFFSET_MASK		MASK	0xFF	255	13444
B	RTL8367B_REG_FIELD_SELECTOR13		REGISTER	0x12f4	4852	13446
B	RTL8367B_FIELD_SELECTOR13_FORMAT_OFFSET		OFFSET_SHIFT	8	8	13447
B	RTL8367B_FIELD_SELECTOR13_FORMAT_MASK		MASK	0x700	1792	13448
B	RTL8367B_FIELD_SELECTOR13_OFFSET_OFFSET		OFFSET_SHIFT	0	0	13449
B	RTL8367B_FIELD_SELECTOR13_OFFSET_MASK		MASK	0xFF	255	13450
B	RTL8367B_REG_FIELD_SELECTOR14		REGISTER	0x12f5	4853	13452
B	RTL8367B_FIELD_SELECTOR14_FORMAT_OFFSET		OFFSET_SHIFT	8	8	13453
B	RTL8367B_FIELD_SELECTOR14_FORMAT_MASK		MASK	0x700	1792	13454
B	RTL8367B_FIELD_SELECTOR14_OFFSET_OFFSET		OFFSET_SHIFT	0	0	13455
B	RTL8367B_FIELD_SELECTOR14_OFFSET_MASK		MASK	0xFF	255	13456
B	RTL8367B_REG_FIELD_SELECTOR15		REGISTER	0x12f6	4854	13458
B	RTL8367B_FIELD_SELECTOR15_FORMAT_OFFSET		OFFSET_SHIFT	8	8	13459
B	RTL8367B_FIELD_SELECTOR15_FORMAT_MASK		MASK	0x700	1792	13460
B	RTL8367B_FIELD_SELECTOR15_OFFSET_OFFSET		OFFSET_SHIFT	0	0	13461
B	RTL8367B_FIELD_SELECTOR15_OFFSET_MASK		MASK	0xFF	255	13462
B	RTL8367B_REG_MIRROR_SRC_PMSK		REGISTER	0x12fb	4859	13464
B	RTL8367B_MIRROR_SRC_PMSK_OFFSET		OFFSET_SHIFT	0	0	13465
B	RTL8367B_MIRROR_SRC_PMSK_MASK		MASK	0xFF	255	13466
B	RTL8367B_REG_EEE_BURSTSIZE		REGISTER	0x12fc	4860	13468
B	RTL8367B_REG_EEE_IFG_CFG		REGISTER	0x12fd	4861	13470
B	RTL8367B_EEE_IFG_CFG_OFFSET		OFFSET_SHIFT	0	0	13471
B	RTL8367B_EEE_IFG_CFG_MASK		MASK	0x1	1	13472
B	RTL8367B_REG_FPGA_VER_MAC		REGISTER	0x12fe	4862	13474
B	RTL8367B_REG_HWPKT_GEN_MISC		REGISTER	0x12ff	4863	13476
B	RTL8367B_PKT_GEN_SUSPEND_OFFSET		OFFSET_SHIFT	8	8	13477
B	RTL8367B_PKT_GEN_SUSPEND_MASK		MASK	0xFF00	65280	13478
B	RTL8367B_PKT_GEN_STATUS_OFFSET		OFFSET_SHIFT	0	0	13479
B	RTL8367B_PKT_GEN_STATUS_MASK		MASK	0xFF	255	13480
B	RTL8367B_REG_CHIP_NUMBER		REGISTER	0x1300	4864	13484
B	RTL8367B_REG_CHIP_VER		REGISTER	0x1301	4865	13486
B	RTL8367B_RLVID_OFFSET		OFFSET_SHIFT	12	12	13487
B	RTL8367B_RLVID_MASK		MASK	0xF000	61440	13488
B	RTL8367B_MCID_OFFSET		OFFSET_SHIFT	8	8	13489
B	RTL8367B_MCID_MASK		MASK	0xF00	3840	13490
B	RTL8367B_BOID_OFFSET		OFFSET_SHIFT	4	4	13491
B	RTL8367B_BOID_MASK		MASK	0xF0	240	13492
B	RTL8367B_AFE_VERSION_OFFSET		OFFSET_SHIFT	0	0	13493
B	RTL8367B_AFE_VERSION_MASK		MASK	0x1	1	13494
B	RTL8367B_REG_CHIP_DEBUG0		REGISTER	0x1303	4867	13496
B	RTL8367B_SEL33_EXT2_OFFSET		OFFSET_SHIFT	10	10	13497
B	RTL8367B_SEL33_EXT2_MASK		MASK	0x400	1024	13498
B	RTL8367B_SEL33_EXT1_OFFSET		OFFSET_SHIFT	9	9	13499
B	RTL8367B_SEL33_EXT1_MASK		MASK	0x200	512	13500
B	RTL8367B_SEL33_EXT0_OFFSET		OFFSET_SHIFT	8	8	13501
B	RTL8367B_SEL33_EXT0_MASK		MASK	0x100	256	13502
B	RTL8367B_DRI_OTHER_OFFSET		OFFSET_SHIFT	7	7	13503
B	RTL8367B_DRI_OTHER_MASK		MASK	0x80	128	13504
B	RTL8367B_DRI_EXT1_RG_OFFSET		OFFSET_SHIFT	6	6	13505
B	RTL8367B_DRI_EXT1_RG_MASK		MASK	0x40	64	13506
B	RTL8367B_DRI_EXT0_RG_OFFSET		OFFSET_SHIFT	5	5	13507
B	RTL8367B_DRI_EXT0_RG_MASK		MASK	0x20	32	13508
B	RTL8367B_DRI_EXT1_OFFSET		OFFSET_SHIFT	4	4	13509
B	RTL8367B_DRI_EXT1_MASK		MASK	0x10	16	13510
B	RTL8367B_DRI_EXT0_OFFSET		OFFSET_SHIFT	3	3	13511
B	RTL8367B_DRI_EXT0_MASK		MASK	0x8	8	13512
B	RTL8367B_SLR_OTHER_OFFSET		OFFSET_SHIFT	2	2	13513
B	RTL8367B_SLR_OTHER_MASK		MASK	0x4	4	13514
B	RTL8367B_SLR_EXT1_OFFSET		OFFSET_SHIFT	1	1	13515
B	RTL8367B_SLR_EXT1_MASK		MASK	0x2	2	13516
B	RTL8367B_SLR_EXt0_OFFSET		OFFSET_SHIFT	0	0	13517
B	RTL8367B_SLR_EXt0_MASK		MASK	0x1	1	13518
B	RTL8367B_REG_CHIP_DEBUG1		REGISTER	0x1304	4868	13520
B	RTL8367B_RG1_DN_OFFSET		OFFSET_SHIFT	12	12	13521
B	RTL8367B_RG1_DN_MASK		MASK	0x7000	28672	13522
B	RTL8367B_RG1_DP_OFFSET		OFFSET_SHIFT	8	8	13523
B	RTL8367B_RG1_DP_MASK		MASK	0x700	1792	13524
B	RTL8367B_RG0_DN_OFFSET		OFFSET_SHIFT	4	4	13525
B	RTL8367B_RG0_DN_MASK		MASK	0x70	112	13526
B	RTL8367B_RG0_DP_OFFSET		OFFSET_SHIFT	0	0	13527
B	RTL8367B_RG0_DP_MASK		MASK	0x7	7	13528
B	RTL8367B_REG_DIGITAL_INTERFACE_SELECT		REGISTER	0x1305	4869	13530
B	RTL8367B_ORG_COL_OFFSET		OFFSET_SHIFT	15	15	13531
B	RTL8367B_ORG_COL_MASK		MASK	0x8000	32768	13532
B	RTL8367B_ORG_CRS_OFFSET		OFFSET_SHIFT	14	14	13533
B	RTL8367B_ORG_CRS_MASK		MASK	0x4000	16384	13534
B	RTL8367B_SKIP_MII_1_RXER_OFFSET		OFFSET_SHIFT	13	13	13535
B	RTL8367B_SKIP_MII_1_RXER_MASK		MASK	0x2000	8192	13536
B	RTL8367B_SKIP_MII_0_RXER_OFFSET		OFFSET_SHIFT	12	12	13537
B	RTL8367B_SKIP_MII_0_RXER_MASK		MASK	0x1000	4096	13538
B	RTL8367B_SELECT_GMII_1_OFFSET		OFFSET_SHIFT	4	4	13539
B	RTL8367B_SELECT_GMII_1_MASK		MASK	0xF0	240	13540
B	RTL8367B_SELECT_GMII_0_OFFSET		OFFSET_SHIFT	0	0	13541
B	RTL8367B_SELECT_GMII_0_MASK		MASK	0xF	15	13542
B	RTL8367B_REG_EXT0_RGMXF		REGISTER	0x1306	4870	13544
B	RTL8367B_EXT0_RGTX_INV_OFFSET		OFFSET_SHIFT	6	6	13545
B	RTL8367B_EXT0_RGTX_INV_MASK		MASK	0x40	64	13546
B	RTL8367B_EXT0_RGRX_INV_OFFSET		OFFSET_SHIFT	5	5	13547
B	RTL8367B_EXT0_RGRX_INV_MASK		MASK	0x20	32	13548
B	RTL8367B_EXT0_RGMXF_OFFSET		OFFSET_SHIFT	0	0	13549
B	RTL8367B_EXT0_RGMXF_MASK		MASK	0x1F	31	13550
B	RTL8367B_REG_EXT1_RGMXF		REGISTER	0x1307	4871	13552
B	RTL8367B_EXT1_RGTX_INV_OFFSET		OFFSET_SHIFT	6	6	13553
B	RTL8367B_EXT1_RGTX_INV_MASK		MASK	0x40	64	13554
B	RTL8367B_EXT1_RGRX_INV_OFFSET		OFFSET_SHIFT	5	5	13555
B	RTL8367B_EXT1_RGRX_INV_MASK		MASK	0x20	32	13556
B	RTL8367B_EXT1_RGMXF_OFFSET		OFFSET_SHIFT	0	0	13557
B	RTL8367B_EXT1_RGMXF_MASK		MASK	0x1F	31	13558
B	RTL8367B_REG_BISR_CTRL		REGISTER	0x1308	4872	13560
B	RTL8367B_BISR_CTRL_OFFSET		OFFSET_SHIFT	0	0	13561
B	RTL8367B_BISR_CTRL_MASK		MASK	0x7	7	13562
B	RTL8367B_REG_SLF_IF		REGISTER	0x1309	4873	13564
B	RTL8367B_LINK_DOWN_CLR_FIFO_OFFSET		OFFSET_SHIFT	7	7	13565
B	RTL8367B_LINK_DOWN_CLR_FIFO_MASK		MASK	0x80	128	13566
B	RTL8367B_LOOPBACK_OFFSET		OFFSET_SHIFT	6	6	13567
B	RTL8367B_LOOPBACK_MASK		MASK	0x40	64	13568
B	RTL8367B_WATER_LEVEL_OFFSET		OFFSET_SHIFT	4	4	13569
B	RTL8367B_WATER_LEVEL_MASK		MASK	0x30	48	13570
B	RTL8367B_SLF_IF_OFFSET		OFFSET_SHIFT	0	0	13571
B	RTL8367B_SLF_IF_MASK		MASK	0x3	3	13572
B	RTL8367B_REG_I2C_CLOCK_DIV		REGISTER	0x130a	4874	13574
B	RTL8367B_I2C_CLOCK_DIV_OFFSET		OFFSET_SHIFT	0	0	13575
B	RTL8367B_I2C_CLOCK_DIV_MASK		MASK	0x3FF	1023	13576
B	RTL8367B_REG_MDX_MDC_DIV		REGISTER	0x130b	4875	13578
B	RTL8367B_MDX_MDC_DIV_OFFSET		OFFSET_SHIFT	0	0	13579
B	RTL8367B_MDX_MDC_DIV_MASK		MASK	0x3FF	1023	13580
B	RTL8367B_REG_MISCELLANEOUS_CONFIGURE0		REGISTER	0x130c	4876	13582
B	RTL8367B_VIAROM_ENABLE_OFFSET		OFFSET_SHIFT	15	15	13583
B	RTL8367B_VIAROM_ENABLE_MASK		MASK	0x8000	32768	13584
B	RTL8367B_ADCCKI_FROM_PAD_OFFSET		OFFSET_SHIFT	14	14	13585
B	RTL8367B_ADCCKI_FROM_PAD_MASK		MASK	0x4000	16384	13586
B	RTL8367B_ADCCKI_EN_OFFSET		OFFSET_SHIFT	13	13	13587
B	RTL8367B_ADCCKI_EN_MASK		MASK	0x2000	8192	13588
B	RTL8367B_FLASH_ENABLE_OFFSET		OFFSET_SHIFT	12	12	13589
B	RTL8367B_FLASH_ENABLE_MASK		MASK	0x1000	4096	13590
B	RTL8367B_EEE_ENABLE_OFFSET		OFFSET_SHIFT	11	11	13591
B	RTL8367B_EEE_ENABLE_MASK		MASK	0x800	2048	13592
B	RTL8367B_NIC_ENABLE_OFFSET		OFFSET_SHIFT	10	10	13593
B	RTL8367B_NIC_ENABLE_MASK		MASK	0x400	1024	13594
B	RTL8367B_FT_ENABLE_OFFSET		OFFSET_SHIFT	9	9	13595
B	RTL8367B_FT_ENABLE_MASK		MASK	0x200	512	13596
B	RTL8367B_OLT_ENABLE_OFFSET		OFFSET_SHIFT	8	8	13597
B	RTL8367B_OLT_ENABLE_MASK		MASK	0x100	256	13598
B	RTL8367B_RTCT_EN_OFFSET		OFFSET_SHIFT	7	7	13599
B	RTL8367B_RTCT_EN_MASK		MASK	0x80	128	13600
B	RTL8367B_PON_LIGHT_EN_OFFSET		OFFSET_SHIFT	6	6	13601
B	RTL8367B_PON_LIGHT_EN_MASK		MASK	0x40	64	13602
B	RTL8367B_DW8051_EN_OFFSET		OFFSET_SHIFT	5	5	13603
B	RTL8367B_DW8051_EN_MASK		MASK	0x20	32	13604
B	RTL8367B_AUTOLOAD_EN_OFFSET		OFFSET_SHIFT	4	4	13605
B	RTL8367B_AUTOLOAD_EN_MASK		MASK	0x10	16	13606
B	RTL8367B_NRESTORE_EN_OFFSET		OFFSET_SHIFT	3	3	13607
B	RTL8367B_NRESTORE_EN_MASK		MASK	0x8	8	13608
B	RTL8367B_DIS_PON_TABLE_INIT_OFFSET		OFFSET_SHIFT	2	2	13609
B	RTL8367B_DIS_PON_TABLE_INIT_MASK		MASK	0x4	4	13610
B	RTL8367B_DIS_PON_BIST_OFFSET		OFFSET_SHIFT	1	1	13611
B	RTL8367B_DIS_PON_BIST_MASK		MASK	0x2	2	13612
B	RTL8367B_EFUSE_EN_OFFSET		OFFSET_SHIFT	0	0	13613
B	RTL8367B_EFUSE_EN_MASK		MASK	0x1	1	13614
B	RTL8367B_REG_MISCELLANEOUS_CONFIGURE1		REGISTER	0x130d	4877	13616
B	RTL8367B_EEPROM_DEV_ADR_OFFSET		OFFSET_SHIFT	8	8	13617
B	RTL8367B_EEPROM_DEV_ADR_MASK		MASK	0x7F00	32512	13618
B	RTL8367B_EEPROM_MSB_OFFSET		OFFSET_SHIFT	7	7	13619
B	RTL8367B_EEPROM_MSB_MASK		MASK	0x80	128	13620
B	RTL8367B_EEPROM_ADDRESS_16B_OFFSET		OFFSET_SHIFT	6	6	13621
B	RTL8367B_EEPROM_ADDRESS_16B_MASK		MASK	0x40	64	13622
B	RTL8367B_SPI_SLAVE_EN_OFFSET		OFFSET_SHIFT	2	2	13623
B	RTL8367B_SPI_SLAVE_EN_MASK		MASK	0x4	4	13624
B	RTL8367B_SMI_SEL_OFFSET		OFFSET_SHIFT	0	0	13625
B	RTL8367B_SMI_SEL_MASK		MASK	0x3	3	13626
B	RTL8367B_REG_PHY_AD		REGISTER	0x130f	4879	13628
B	RTL8367B_EN_PHY_MAX_POWER_OFFSET		OFFSET_SHIFT	14	14	13629
B	RTL8367B_EN_PHY_MAX_POWER_MASK		MASK	0x4000	16384	13630
B	RTL8367B_EN_PHY_SEL_DEG_OFFSET		OFFSET_SHIFT	13	13	13631
B	RTL8367B_EN_PHY_SEL_DEG_MASK		MASK	0x2000	8192	13632
B	RTL8367B_EXTPHY_AD_OFFSET		OFFSET_SHIFT	8	8	13633
B	RTL8367B_EXTPHY_AD_MASK		MASK	0x1F00	7936	13634
B	RTL8367B_EN_PHY_LOW_POWER_MODE_OFFSET		OFFSET_SHIFT	7	7	13635
B	RTL8367B_EN_PHY_LOW_POWER_MODE_MASK		MASK	0x80	128	13636
B	RTL8367B_EN_PHY_GREEN_OFFSET		OFFSET_SHIFT	6	6	13637
B	RTL8367B_EN_PHY_GREEN_MASK		MASK	0x40	64	13638
B	RTL8367B_PDNPHY_OFFSET		OFFSET_SHIFT	5	5	13639
B	RTL8367B_PDNPHY_MASK		MASK	0x20	32	13640
B	RTL8367B_INTPHY_AD_OFFSET		OFFSET_SHIFT	0	0	13641
B	RTL8367B_INTPHY_AD_MASK		MASK	0x1F	31	13642
B	RTL8367B_REG_DIGITAL_INTERFACE0_FORCE		REGISTER	0x1310	4880	13644
B	RTL8367B_GMII_0_FORCE_OFFSET		OFFSET_SHIFT	12	12	13645
B	RTL8367B_GMII_0_FORCE_MASK		MASK	0x1000	4096	13646
B	RTL8367B_RGMII_0_FORCE_OFFSET		OFFSET_SHIFT	0	0	13647
B	RTL8367B_RGMII_0_FORCE_MASK		MASK	0xFFF	4095	13648
B	RTL8367B_REG_DIGITAL_INTERFACE1_FORCE		REGISTER	0x1311	4881	13650
B	RTL8367B_GMII_1_FORCE_OFFSET		OFFSET_SHIFT	12	12	13651
B	RTL8367B_GMII_1_FORCE_MASK		MASK	0x1000	4096	13652
B	RTL8367B_RGMII_1_FORCE_OFFSET		OFFSET_SHIFT	0	0	13653
B	RTL8367B_RGMII_1_FORCE_MASK		MASK	0xFFF	4095	13654
B	RTL8367B_REG_MAC0_FORCE_SELECT		REGISTER	0x1312	4882	13656
B	RTL8367B_EN_MAC0_FORCE_OFFSET		OFFSET_SHIFT	12	12	13657
B	RTL8367B_EN_MAC0_FORCE_MASK		MASK	0x1000	4096	13658
B	RTL8367B_MAC0_FORCE_ABLTY_OFFSET		OFFSET_SHIFT	0	0	13659
B	RTL8367B_MAC0_FORCE_ABLTY_MASK		MASK	0xFFF	4095	13660
B	RTL8367B_REG_MAC1_FORCE_SELECT		REGISTER	0x1313	4883	13662
B	RTL8367B_EN_MAC1_FORCE_OFFSET		OFFSET_SHIFT	12	12	13663
B	RTL8367B_EN_MAC1_FORCE_MASK		MASK	0x1000	4096	13664
B	RTL8367B_MAC1_FORCE_ABLTY_OFFSET		OFFSET_SHIFT	0	0	13665
B	RTL8367B_MAC1_FORCE_ABLTY_MASK		MASK	0xFFF	4095	13666
B	RTL8367B_REG_MAC2_FORCE_SELECT		REGISTER	0x1314	4884	13668
B	RTL8367B_EN_MAC2_FORCE_OFFSET		OFFSET_SHIFT	12	12	13669
B	RTL8367B_EN_MAC2_FORCE_MASK		MASK	0x1000	4096	13670
B	RTL8367B_MAC2_FORCE_ABLTY_OFFSET		OFFSET_SHIFT	0	0	13671
B	RTL8367B_MAC2_FORCE_ABLTY_MASK		MASK	0xFFF	4095	13672
B	RTL8367B_REG_MAC3_FORCE_SELECT		REGISTER	0x1315	4885	13674
B	RTL8367B_EN_MAC3_FORCE_OFFSET		OFFSET_SHIFT	12	12	13675
B	RTL8367B_EN_MAC3_FORCE_MASK		MASK	0x1000	4096	13676
B	RTL8367B_MAC3_FORCE_ABLTY_OFFSET		OFFSET_SHIFT	0	0	13677
B	RTL8367B_MAC3_FORCE_ABLTY_MASK		MASK	0xFFF	4095	13678
B	RTL8367B_REG_MAC4_FORCE_SELECT		REGISTER	0x1316	4886	13680
B	RTL8367B_EN_MAC4_FORCE_OFFSET		OFFSET_SHIFT	12	12	13681
B	RTL8367B_EN_MAC4_FORCE_MASK		MASK	0x1000	4096	13682
B	RTL8367B_MAC4_FORCE_ABLTY_OFFSET		OFFSET_SHIFT	0	0	13683
B	RTL8367B_MAC4_FORCE_ABLTY_MASK		MASK	0xFFF	4095	13684
B	RTL8367B_REG_CHIP_RESET		REGISTER	0x1322	4898	13686
B	RTL8367B_GPHY_RESET_OFFSET		OFFSET_SHIFT	6	6	13687
B	RTL8367B_GPHY_RESET_MASK		MASK	0x40	64	13688
B	RTL8367B_NIC_RST_OFFSET		OFFSET_SHIFT	5	5	13689
B	RTL8367B_NIC_RST_MASK		MASK	0x20	32	13690
B	RTL8367B_DW8051_RST_OFFSET		OFFSET_SHIFT	4	4	13691
B	RTL8367B_DW8051_RST_MASK		MASK	0x10	16	13692
B	RTL8367B_SDS_RST_OFFSET		OFFSET_SHIFT	3	3	13693
B	RTL8367B_SDS_RST_MASK		MASK	0x8	8	13694
B	RTL8367B_CONFIG_RST_OFFSET		OFFSET_SHIFT	2	2	13695
B	RTL8367B_CONFIG_RST_MASK		MASK	0x4	4	13696
B	RTL8367B_SW_RST_OFFSET		OFFSET_SHIFT	1	1	13697
B	RTL8367B_SW_RST_MASK		MASK	0x2	2	13698
B	RTL8367B_CHIP_RST_OFFSET		OFFSET_SHIFT	0	0	13699
B	RTL8367B_CHIP_RST_MASK		MASK	0x1	1	13700
B	RTL8367B_REG_DIGITAL_DEBUG_0		REGISTER	0x1323	4899	13702
B	RTL8367B_REG_DIGITAL_DEBUG_1		REGISTER	0x1324	4900	13704
B	RTL8367B_REG_INTERNAL_PHY_MDC_DRIVER		REGISTER	0x1325	4901	13706
B	RTL8367B_INTERNAL_PHY_MDC_DRIVER_OFFSET		OFFSET_SHIFT	0	0	13707
B	RTL8367B_INTERNAL_PHY_MDC_DRIVER_MASK		MASK	0x3FF	1023	13708
B	RTL8367B_REG_LINKDOWN_TIME_CTRL		REGISTER	0x1326	4902	13710
B	RTL8367B_LINKDOWN_TIME_CFG_OFFSET		OFFSET_SHIFT	9	9	13711
B	RTL8367B_LINKDOWN_TIME_CFG_MASK		MASK	0x7E00	32256	13712
B	RTL8367B_LINKDOWN_TIME_ENABLE_OFFSET		OFFSET_SHIFT	8	8	13713
B	RTL8367B_LINKDOWN_TIME_ENABLE_MASK		MASK	0x100	256	13714
B	RTL8367B_LINKDOWN_TIME_OFFSET		OFFSET_SHIFT	0	0	13715
B	RTL8367B_LINKDOWN_TIME_MASK		MASK	0xFF	255	13716
B	RTL8367B_REG_PHYACK_TIMEOUT		REGISTER	0x1331	4913	13718
B	RTL8367B_REG_MDXACK_TIMEOUT		REGISTER	0x1333	4915	13720
B	RTL8367B_REG_DW8051_RDY		REGISTER	0x1336	4918	13722
B	RTL8367B_VIAROM_WRITE_EN_OFFSET		OFFSET_SHIFT	9	9	13723
B	RTL8367B_VIAROM_WRITE_EN_MASK		MASK	0x200	512	13724
B	RTL8367B_SPIF_CK2_OFFSET		OFFSET_SHIFT	8	8	13725
B	RTL8367B_SPIF_CK2_MASK		MASK	0x100	256	13726
B	RTL8367B_RRCP_MDOE_OFFSET		OFFSET_SHIFT	7	7	13727
B	RTL8367B_RRCP_MDOE_MASK		MASK	0x80	128	13728
B	RTL8367B_DW8051_RATE_OFFSET		OFFSET_SHIFT	4	4	13729
B	RTL8367B_DW8051_RATE_MASK		MASK	0x70	112	13730
B	RTL8367B_IROM_MSB_OFFSET		OFFSET_SHIFT	2	2	13731
B	RTL8367B_IROM_MSB_MASK		MASK	0xC	12	13732
B	RTL8367B_ACS_IROM_ENABLE_OFFSET		OFFSET_SHIFT	1	1	13733
B	RTL8367B_ACS_IROM_ENABLE_MASK		MASK	0x2	2	13734
B	RTL8367B_DW8051_READY_OFFSET		OFFSET_SHIFT	0	0	13735
B	RTL8367B_DW8051_READY_MASK		MASK	0x1	1	13736
B	RTL8367B_REG_BIST_CTRL		REGISTER	0x133c	4924	13738
B	RTL8367B_DRF_BIST_DONE_ALL_OFFSET		OFFSET_SHIFT	5	5	13739
B	RTL8367B_DRF_BIST_DONE_ALL_MASK		MASK	0x20	32	13740
B	RTL8367B_DRF_BIST_PAUSE_ALL_OFFSET		OFFSET_SHIFT	4	4	13741
B	RTL8367B_DRF_BIST_PAUSE_ALL_MASK		MASK	0x10	16	13742
B	RTL8367B_BIST_DOAN_ALL_OFFSET		OFFSET_SHIFT	3	3	13743
B	RTL8367B_BIST_DOAN_ALL_MASK		MASK	0x8	8	13744
B	RTL8367B_BIST_PASS_OFFSET		OFFSET_SHIFT	0	0	13745
B	RTL8367B_BIST_PASS_MASK		MASK	0x7	7	13746
B	RTL8367B_REG_DIAG_MODE2		REGISTER	0x133d	4925	13748
B	RTL8367B_DIAG_MODE2_ACTRAM_OFFSET		OFFSET_SHIFT	1	1	13749
B	RTL8367B_DIAG_MODE2_ACTRAM_MASK		MASK	0x2	2	13750
B	RTL8367B_DIAG_MODE2_BCAM_ACTION_OFFSET		OFFSET_SHIFT	0	0	13751
B	RTL8367B_DIAG_MODE2_BCAM_ACTION_MASK		MASK	0x1	1	13752
B	RTL8367B_REG_MDX_PHY_REG0		REGISTER	0x133e	4926	13754
B	RTL8367B_PHY_BRD_MASK_OFFSET		MASK	4	4	13755
B	RTL8367B_PHY_BRD_MASK_MASK		MASK	0x1F0	496	13756
B	RTL8367B_MDX_INDACC_PAGE_OFFSET		OFFSET_SHIFT	0	0	13757
B	RTL8367B_MDX_INDACC_PAGE_MASK		MASK	0xF	15	13758
B	RTL8367B_REG_MDX_PHY_REG1		REGISTER	0x133f	4927	13760
B	RTL8367B_PHY_BRD_MODE_OFFSET		OFFSET_SHIFT	5	5	13761
B	RTL8367B_PHY_BRD_MODE_MASK		MASK	0x20	32	13762
B	RTL8367B_BRD_PHYAD_OFFSET		OFFSET_SHIFT	0	0	13763
B	RTL8367B_BRD_PHYAD_MASK		MASK	0x1F	31	13764
B	RTL8367B_REG_DEBUG_SIGNAL_SELECT_A		REGISTER	0x1340	4928	13766
B	RTL8367B_REG_DEBUG_SIGNAL_SELECT_B		REGISTER	0x1341	4929	13768
B	RTL8367B_DEBUG_SEL_OFFSET		OFFSET_SHIFT	4	4	13769
B	RTL8367B_DEBUG_SEL_MASK		MASK	0x10	16	13770
B	RTL8367B_DEBUG_SHIFT_OFFSET		OFFSET_SHIFT	0	0	13771
B	RTL8367B_DEBUG_SHIFT_MASK		MASK	0xF	15	13772
B	RTL8367B_REG_DEBUG_SIGNAL_I		REGISTER	0x1343	4931	13774
B	RTL8367B_REG_DEBUG_SIGNAL_H		REGISTER	0x1344	4932	13776
B	RTL8367B_REG_BYPASS_ABLTY_LOCK		REGISTER	0x1349	4937	13778
B	RTL8367B_BYPASS_ABLTY_LOCK_OFFSET		OFFSET_SHIFT	0	0	13779
B	RTL8367B_BYPASS_ABLTY_LOCK_MASK		MASK	0x1F	31	13780
B	RTL8367B_REG_BYPASS_ABLTY_LOCK_EXT		REGISTER	0x134a	4938	13782
B	RTL8367B_BYPASS_ABLTY_LOCK_EXT_OFFSET		OFFSET_SHIFT	0	0	13783
B	RTL8367B_BYPASS_ABLTY_LOCK_EXT_MASK		MASK	0x7	7	13784
B	RTL8367B_REG_ACL_GPIO		REGISTER	0x134f	4943	13786
B	RTL8367B_ACL_GPIO_13_OFFSET		OFFSET_SHIFT	13	13	13787
B	RTL8367B_ACL_GPIO_13_MASK		MASK	0x2000	8192	13788
B	RTL8367B_ACL_GPIO_12_OFFSET		OFFSET_SHIFT	12	12	13789
B	RTL8367B_ACL_GPIO_12_MASK		MASK	0x1000	4096	13790
B	RTL8367B_ACL_GPIO_11_OFFSET		OFFSET_SHIFT	11	11	13791
B	RTL8367B_ACL_GPIO_11_MASK		MASK	0x800	2048	13792
B	RTL8367B_ACL_GPIO_10_OFFSET		OFFSET_SHIFT	10	10	13793
B	RTL8367B_ACL_GPIO_10_MASK		MASK	0x400	1024	13794
B	RTL8367B_ACL_GPIO_9_OFFSET		OFFSET_SHIFT	9	9	13795
B	RTL8367B_ACL_GPIO_9_MASK		MASK	0x200	512	13796
B	RTL8367B_ACL_GPIO_8_OFFSET		OFFSET_SHIFT	8	8	13797
B	RTL8367B_ACL_GPIO_8_MASK		MASK	0x100	256	13798
B	RTL8367B_ACL_GPIO_7_OFFSET		OFFSET_SHIFT	7	7	13799
B	RTL8367B_ACL_GPIO_7_MASK		MASK	0x80	128	13800
B	RTL8367B_ACL_GPIO_6_OFFSET		OFFSET_SHIFT	6	6	13801
B	RTL8367B_ACL_GPIO_6_MASK		MASK	0x40	64	13802
B	RTL8367B_ACL_GPIO_5_OFFSET		OFFSET_SHIFT	5	5	13803
B	RTL8367B_ACL_GPIO_5_MASK		MASK	0x20	32	13804
B	RTL8367B_ACL_GPIO_4_OFFSET		OFFSET_SHIFT	4	4	13805
B	RTL8367B_ACL_GPIO_4_MASK		MASK	0x10	16	13806
B	RTL8367B_ACL_GPIO_3_OFFSET		OFFSET_SHIFT	3	3	13807
B	RTL8367B_ACL_GPIO_3_MASK		MASK	0x8	8	13808
B	RTL8367B_ACL_GPIO_2_OFFSET		OFFSET_SHIFT	2	2	13809
B	RTL8367B_ACL_GPIO_2_MASK		MASK	0x4	4	13810
B	RTL8367B_ACL_GPIO_1_OFFSET		OFFSET_SHIFT	1	1	13811
B	RTL8367B_ACL_GPIO_1_MASK		MASK	0x2	2	13812
B	RTL8367B_ACL_GPIO_0_OFFSET		OFFSET_SHIFT	0	0	13813
B	RTL8367B_ACL_GPIO_0_MASK		MASK	0x1	1	13814
B	RTL8367B_REG_EN_GPIO		REGISTER	0x1350	4944	13816
B	RTL8367B_EN_GPIO_13_OFFSET		OFFSET_SHIFT	13	13	13817
B	RTL8367B_EN_GPIO_13_MASK		MASK	0x2000	8192	13818
B	RTL8367B_EN_GPIO_12_OFFSET		OFFSET_SHIFT	12	12	13819
B	RTL8367B_EN_GPIO_12_MASK		MASK	0x1000	4096	13820
B	RTL8367B_EN_GPIO_11_OFFSET		OFFSET_SHIFT	11	11	13821
B	RTL8367B_EN_GPIO_11_MASK		MASK	0x800	2048	13822
B	RTL8367B_EN_GPIO_10_OFFSET		OFFSET_SHIFT	10	10	13823
B	RTL8367B_EN_GPIO_10_MASK		MASK	0x400	1024	13824
B	RTL8367B_EN_GPIO_9_OFFSET		OFFSET_SHIFT	9	9	13825
B	RTL8367B_EN_GPIO_9_MASK		MASK	0x200	512	13826
B	RTL8367B_EN_GPIO_8_OFFSET		OFFSET_SHIFT	8	8	13827
B	RTL8367B_EN_GPIO_8_MASK		MASK	0x100	256	13828
B	RTL8367B_EN_GPIO_7_OFFSET		OFFSET_SHIFT	7	7	13829
B	RTL8367B_EN_GPIO_7_MASK		MASK	0x80	128	13830
B	RTL8367B_EN_GPIO_6_OFFSET		OFFSET_SHIFT	6	6	13831
B	RTL8367B_EN_GPIO_6_MASK		MASK	0x40	64	13832
B	RTL8367B_EN_GPIO_5_OFFSET		OFFSET_SHIFT	5	5	13833
B	RTL8367B_EN_GPIO_5_MASK		MASK	0x20	32	13834
B	RTL8367B_EN_GPIO_4_OFFSET		OFFSET_SHIFT	4	4	13835
B	RTL8367B_EN_GPIO_4_MASK		MASK	0x10	16	13836
B	RTL8367B_EN_GPIO_3_OFFSET		OFFSET_SHIFT	3	3	13837
B	RTL8367B_EN_GPIO_3_MASK		MASK	0x8	8	13838
B	RTL8367B_EN_GPIO_2_OFFSET		OFFSET_SHIFT	2	2	13839
B	RTL8367B_EN_GPIO_2_MASK		MASK	0x4	4	13840
B	RTL8367B_EN_GPIO_1_OFFSET		OFFSET_SHIFT	1	1	13841
B	RTL8367B_EN_GPIO_1_MASK		MASK	0x2	2	13842
B	RTL8367B_EN_GPIO_0_OFFSET		OFFSET_SHIFT	0	0	13843
B	RTL8367B_EN_GPIO_0_MASK		MASK	0x1	1	13844
B	RTL8367B_REG_CFG_MULTI_PIN		REGISTER	0x1351	4945	13846
B	RTL8367B_CFG_MULTI_PIN_OFFSET		OFFSET_SHIFT	0	0	13847
B	RTL8367B_CFG_MULTI_PIN_MASK		MASK	0x3	3	13848
B	RTL8367B_REG_PORT0_STATUS		REGISTER	0x1352	4946	13850
B	RTL8367B_PORT0_STATUS_EN_1000_LPI_OFFSET		OFFSET_SHIFT	11	11	13851
B	RTL8367B_PORT0_STATUS_EN_1000_LPI_MASK		MASK	0x800	2048	13852
B	RTL8367B_PORT0_STATUS_EN_100_LPI_OFFSET		OFFSET_SHIFT	10	10	13853
B	RTL8367B_PORT0_STATUS_EN_100_LPI_MASK		MASK	0x400	1024	13854
B	RTL8367B_PORT0_STATUS_NWAY_FAULT_OFFSET		OFFSET_SHIFT	9	9	13855
B	RTL8367B_PORT0_STATUS_NWAY_FAULT_MASK		MASK	0x200	512	13856
B	RTL8367B_PORT0_STATUS_LINK_ON_MASTER_OFFSET		OFFSET_SHIFT	8	8	13857
B	RTL8367B_PORT0_STATUS_LINK_ON_MASTER_MASK		MASK	0x100	256	13858
B	RTL8367B_PORT0_STATUS_NWAY_CAP_OFFSET		OFFSET_SHIFT	7	7	13859
B	RTL8367B_PORT0_STATUS_NWAY_CAP_MASK		MASK	0x80	128	13860
B	RTL8367B_PORT0_STATUS_TX_FLOWCTRL_CAP_OFFSET		OFFSET_SHIFT	6	6	13861
B	RTL8367B_PORT0_STATUS_TX_FLOWCTRL_CAP_MASK		MASK	0x40	64	13862
B	RTL8367B_PORT0_STATUS_RX_FLOWCTRL_CAP_OFFSET		OFFSET_SHIFT	5	5	13863
B	RTL8367B_PORT0_STATUS_RX_FLOWCTRL_CAP_MASK		MASK	0x20	32	13864
B	RTL8367B_PORT0_STATUS_LINK_STATE_OFFSET		OFFSET_SHIFT	4	4	13865
B	RTL8367B_PORT0_STATUS_LINK_STATE_MASK		MASK	0x10	16	13866
B	RTL8367B_PORT0_STATUS_FULL_DUPLUX_CAP_OFFSET		OFFSET_SHIFT	2	2	13867
B	RTL8367B_PORT0_STATUS_FULL_DUPLUX_CAP_MASK		MASK	0x4	4	13868
B	RTL8367B_PORT0_STATUS_LINK_SPEED_OFFSET		OFFSET_SHIFT	0	0	13869
B	RTL8367B_PORT0_STATUS_LINK_SPEED_MASK		MASK	0x3	3	13870
B	RTL8367B_REG_PORT1_STATUS		REGISTER	0x1353	4947	13872
B	RTL8367B_PORT1_STATUS_EN_1000_LPI_OFFSET		OFFSET_SHIFT	11	11	13873
B	RTL8367B_PORT1_STATUS_EN_1000_LPI_MASK		MASK	0x800	2048	13874
B	RTL8367B_PORT1_STATUS_EN_100_LPI_OFFSET		OFFSET_SHIFT	10	10	13875
B	RTL8367B_PORT1_STATUS_EN_100_LPI_MASK		MASK	0x400	1024	13876
B	RTL8367B_PORT1_STATUS_NWAY_FAULT_OFFSET		OFFSET_SHIFT	9	9	13877
B	RTL8367B_PORT1_STATUS_NWAY_FAULT_MASK		MASK	0x200	512	13878
B	RTL8367B_PORT1_STATUS_LINK_ON_MASTER_OFFSET		OFFSET_SHIFT	8	8	13879
B	RTL8367B_PORT1_STATUS_LINK_ON_MASTER_MASK		MASK	0x100	256	13880
B	RTL8367B_PORT1_STATUS_NWAY_CAP_OFFSET		OFFSET_SHIFT	7	7	13881
B	RTL8367B_PORT1_STATUS_NWAY_CAP_MASK		MASK	0x80	128	13882
B	RTL8367B_PORT1_STATUS_TX_FLOWCTRL_CAP_OFFSET		OFFSET_SHIFT	6	6	13883
B	RTL8367B_PORT1_STATUS_TX_FLOWCTRL_CAP_MASK		MASK	0x40	64	13884
B	RTL8367B_PORT1_STATUS_RX_FLOWCTRL_CAP_OFFSET		OFFSET_SHIFT	5	5	13885
B	RTL8367B_PORT1_STATUS_RX_FLOWCTRL_CAP_MASK		MASK	0x20	32	13886
B	RTL8367B_PORT1_STATUS_LINK_STATE_OFFSET		OFFSET_SHIFT	4	4	13887
B	RTL8367B_PORT1_STATUS_LINK_STATE_MASK		MASK	0x10	16	13888
B	RTL8367B_PORT1_STATUS_FULL_DUPLUX_CAP_OFFSET		OFFSET_SHIFT	2	2	13889
B	RTL8367B_PORT1_STATUS_FULL_DUPLUX_CAP_MASK		MASK	0x4	4	13890
B	RTL8367B_PORT1_STATUS_LINK_SPEED_OFFSET		OFFSET_SHIFT	0	0	13891
B	RTL8367B_PORT1_STATUS_LINK_SPEED_MASK		MASK	0x3	3	13892
B	RTL8367B_REG_PORT2_STATUS		REGISTER	0x1354	4948	13894
B	RTL8367B_PORT2_STATUS_EN_1000_LPI_OFFSET		OFFSET_SHIFT	11	11	13895
B	RTL8367B_PORT2_STATUS_EN_1000_LPI_MASK		MASK	0x800	2048	13896
B	RTL8367B_PORT2_STATUS_EN_100_LPI_OFFSET		OFFSET_SHIFT	10	10	13897
B	RTL8367B_PORT2_STATUS_EN_100_LPI_MASK		MASK	0x400	1024	13898
B	RTL8367B_PORT2_STATUS_NWAY_FAULT_OFFSET		OFFSET_SHIFT	9	9	13899
B	RTL8367B_PORT2_STATUS_NWAY_FAULT_MASK		MASK	0x200	512	13900
B	RTL8367B_PORT2_STATUS_LINK_ON_MASTER_OFFSET		OFFSET_SHIFT	8	8	13901
B	RTL8367B_PORT2_STATUS_LINK_ON_MASTER_MASK		MASK	0x100	256	13902
B	RTL8367B_PORT2_STATUS_NWAY_CAP_OFFSET		OFFSET_SHIFT	7	7	13903
B	RTL8367B_PORT2_STATUS_NWAY_CAP_MASK		MASK	0x80	128	13904
B	RTL8367B_PORT2_STATUS_TX_FLOWCTRL_CAP_OFFSET		OFFSET_SHIFT	6	6	13905
B	RTL8367B_PORT2_STATUS_TX_FLOWCTRL_CAP_MASK		MASK	0x40	64	13906
B	RTL8367B_PORT2_STATUS_RX_FLOWCTRL_CAP_OFFSET		OFFSET_SHIFT	5	5	13907
B	RTL8367B_PORT2_STATUS_RX_FLOWCTRL_CAP_MASK		MASK	0x20	32	13908
B	RTL8367B_PORT2_STATUS_LINK_STATE_OFFSET		OFFSET_SHIFT	4	4	13909
B	RTL8367B_PORT2_STATUS_LINK_STATE_MASK		MASK	0x10	16	13910
B	RTL8367B_PORT2_STATUS_FULL_DUPLUX_CAP_OFFSET		OFFSET_SHIFT	2	2	13911
B	RTL8367B_PORT2_STATUS_FULL_DUPLUX_CAP_MASK		MASK	0x4	4	13912
B	RTL8367B_PORT2_STATUS_LINK_SPEED_OFFSET		OFFSET_SHIFT	0	0	13913
B	RTL8367B_PORT2_STATUS_LINK_SPEED_MASK		MASK	0x3	3	13914
B	RTL8367B_REG_PORT3_STATUS		REGISTER	0x1355	4949	13916
B	RTL8367B_PORT3_STATUS_EN_1000_LPI_OFFSET		OFFSET_SHIFT	11	11	13917
B	RTL8367B_PORT3_STATUS_EN_1000_LPI_MASK		MASK	0x800	2048	13918
B	RTL8367B_PORT3_STATUS_EN_100_LPI_OFFSET		OFFSET_SHIFT	10	10	13919
B	RTL8367B_PORT3_STATUS_EN_100_LPI_MASK		MASK	0x400	1024	13920
B	RTL8367B_PORT3_STATUS_NWAY_FAULT_OFFSET		OFFSET_SHIFT	9	9	13921
B	RTL8367B_PORT3_STATUS_NWAY_FAULT_MASK		MASK	0x200	512	13922
B	RTL8367B_PORT3_STATUS_LINK_ON_MASTER_OFFSET		OFFSET_SHIFT	8	8	13923
B	RTL8367B_PORT3_STATUS_LINK_ON_MASTER_MASK		MASK	0x100	256	13924
B	RTL8367B_PORT3_STATUS_NWAY_CAP_OFFSET		OFFSET_SHIFT	7	7	13925
B	RTL8367B_PORT3_STATUS_NWAY_CAP_MASK		MASK	0x80	128	13926
B	RTL8367B_PORT3_STATUS_TX_FLOWCTRL_CAP_OFFSET		OFFSET_SHIFT	6	6	13927
B	RTL8367B_PORT3_STATUS_TX_FLOWCTRL_CAP_MASK		MASK	0x40	64	13928
B	RTL8367B_PORT3_STATUS_RX_FLOWCTRL_CAP_OFFSET		OFFSET_SHIFT	5	5	13929
B	RTL8367B_PORT3_STATUS_RX_FLOWCTRL_CAP_MASK		MASK	0x20	32	13930
B	RTL8367B_PORT3_STATUS_LINK_STATE_OFFSET		OFFSET_SHIFT	4	4	13931
B	RTL8367B_PORT3_STATUS_LINK_STATE_MASK		MASK	0x10	16	13932
B	RTL8367B_PORT3_STATUS_FULL_DUPLUX_CAP_OFFSET		OFFSET_SHIFT	2	2	13933
B	RTL8367B_PORT3_STATUS_FULL_DUPLUX_CAP_MASK		MASK	0x4	4	13934
B	RTL8367B_PORT3_STATUS_LINK_SPEED_OFFSET		OFFSET_SHIFT	0	0	13935
B	RTL8367B_PORT3_STATUS_LINK_SPEED_MASK		MASK	0x3	3	13936
B	RTL8367B_REG_PORT4_STATUS		REGISTER	0x1356	4950	13938
B	RTL8367B_PORT4_STATUS_EN_1000_LPI_OFFSET		OFFSET_SHIFT	11	11	13939
B	RTL8367B_PORT4_STATUS_EN_1000_LPI_MASK		MASK	0x800	2048	13940
B	RTL8367B_PORT4_STATUS_EN_100_LPI_OFFSET		OFFSET_SHIFT	10	10	13941
B	RTL8367B_PORT4_STATUS_EN_100_LPI_MASK		MASK	0x400	1024	13942
B	RTL8367B_PORT4_STATUS_NWAY_FAULT_OFFSET		OFFSET_SHIFT	9	9	13943
B	RTL8367B_PORT4_STATUS_NWAY_FAULT_MASK		MASK	0x200	512	13944
B	RTL8367B_PORT4_STATUS_LINK_ON_MASTER_OFFSET		OFFSET_SHIFT	8	8	13945
B	RTL8367B_PORT4_STATUS_LINK_ON_MASTER_MASK		MASK	0x100	256	13946
B	RTL8367B_PORT4_STATUS_NWAY_CAP_OFFSET		OFFSET_SHIFT	7	7	13947
B	RTL8367B_PORT4_STATUS_NWAY_CAP_MASK		MASK	0x80	128	13948
B	RTL8367B_PORT4_STATUS_TX_FLOWCTRL_CAP_OFFSET		OFFSET_SHIFT	6	6	13949
B	RTL8367B_PORT4_STATUS_TX_FLOWCTRL_CAP_MASK		MASK	0x40	64	13950
B	RTL8367B_PORT4_STATUS_RX_FLOWCTRL_CAP_OFFSET		OFFSET_SHIFT	5	5	13951
B	RTL8367B_PORT4_STATUS_RX_FLOWCTRL_CAP_MASK		MASK	0x20	32	13952
B	RTL8367B_PORT4_STATUS_LINK_STATE_OFFSET		OFFSET_SHIFT	4	4	13953
B	RTL8367B_PORT4_STATUS_LINK_STATE_MASK		MASK	0x10	16	13954
B	RTL8367B_PORT4_STATUS_FULL_DUPLUX_CAP_OFFSET		OFFSET_SHIFT	2	2	13955
B	RTL8367B_PORT4_STATUS_FULL_DUPLUX_CAP_MASK		MASK	0x4	4	13956
B	RTL8367B_PORT4_STATUS_LINK_SPEED_OFFSET		OFFSET_SHIFT	0	0	13957
B	RTL8367B_PORT4_STATUS_LINK_SPEED_MASK		MASK	0x3	3	13958
B	RTL8367B_REG_PORT5_STATUS		REGISTER	0x1357	4951	13960
B	RTL8367B_PORT5_STATUS_EN_1000_LPI_OFFSET		OFFSET_SHIFT	11	11	13961
B	RTL8367B_PORT5_STATUS_EN_1000_LPI_MASK		MASK	0x800	2048	13962
B	RTL8367B_PORT5_STATUS_EN_100_LPI_OFFSET		OFFSET_SHIFT	10	10	13963
B	RTL8367B_PORT5_STATUS_EN_100_LPI_MASK		MASK	0x400	1024	13964
B	RTL8367B_PORT5_STATUS_NWAY_FAULT_OFFSET		OFFSET_SHIFT	9	9	13965
B	RTL8367B_PORT5_STATUS_NWAY_FAULT_MASK		MASK	0x200	512	13966
B	RTL8367B_PORT5_STATUS_LINK_ON_MASTER_OFFSET		OFFSET_SHIFT	8	8	13967
B	RTL8367B_PORT5_STATUS_LINK_ON_MASTER_MASK		MASK	0x100	256	13968
B	RTL8367B_PORT5_STATUS_NWAY_CAP_OFFSET		OFFSET_SHIFT	7	7	13969
B	RTL8367B_PORT5_STATUS_NWAY_CAP_MASK		MASK	0x80	128	13970
B	RTL8367B_PORT5_STATUS_TX_FLOWCTRL_CAP_OFFSET		OFFSET_SHIFT	6	6	13971
B	RTL8367B_PORT5_STATUS_TX_FLOWCTRL_CAP_MASK		MASK	0x40	64	13972
B	RTL8367B_PORT5_STATUS_RX_FLOWCTRL_CAP_OFFSET		OFFSET_SHIFT	5	5	13973
B	RTL8367B_PORT5_STATUS_RX_FLOWCTRL_CAP_MASK		MASK	0x20	32	13974
B	RTL8367B_PORT5_STATUS_LINK_STATE_OFFSET		OFFSET_SHIFT	4	4	13975
B	RTL8367B_PORT5_STATUS_LINK_STATE_MASK		MASK	0x10	16	13976
B	RTL8367B_PORT5_STATUS_FULL_DUPLUX_CAP_OFFSET		OFFSET_SHIFT	2	2	13977
B	RTL8367B_PORT5_STATUS_FULL_DUPLUX_CAP_MASK		MASK	0x4	4	13978
B	RTL8367B_PORT5_STATUS_LINK_SPEED_OFFSET		OFFSET_SHIFT	0	0	13979
B	RTL8367B_PORT5_STATUS_LINK_SPEED_MASK		MASK	0x3	3	13980
B	RTL8367B_REG_PORT6_STATUS		REGISTER	0x1358	4952	13982
B	RTL8367B_PORT6_STATUS_EN_1000_LPI_OFFSET		OFFSET_SHIFT	11	11	13983
B	RTL8367B_PORT6_STATUS_EN_1000_LPI_MASK		MASK	0x800	2048	13984
B	RTL8367B_PORT6_STATUS_EN_100_LPI_OFFSET		OFFSET_SHIFT	10	10	13985
B	RTL8367B_PORT6_STATUS_EN_100_LPI_MASK		MASK	0x400	1024	13986
B	RTL8367B_PORT6_STATUS_NWAY_FAULT_OFFSET		OFFSET_SHIFT	9	9	13987
B	RTL8367B_PORT6_STATUS_NWAY_FAULT_MASK		MASK	0x200	512	13988
B	RTL8367B_PORT6_STATUS_LINK_ON_MASTER_OFFSET		OFFSET_SHIFT	8	8	13989
B	RTL8367B_PORT6_STATUS_LINK_ON_MASTER_MASK		MASK	0x100	256	13990
B	RTL8367B_PORT6_STATUS_NWAY_CAP_OFFSET		OFFSET_SHIFT	7	7	13991
B	RTL8367B_PORT6_STATUS_NWAY_CAP_MASK		MASK	0x80	128	13992
B	RTL8367B_PORT6_STATUS_TX_FLOWCTRL_CAP_OFFSET		OFFSET_SHIFT	6	6	13993
B	RTL8367B_PORT6_STATUS_TX_FLOWCTRL_CAP_MASK		MASK	0x40	64	13994
B	RTL8367B_PORT6_STATUS_RX_FLOWCTRL_CAP_OFFSET		OFFSET_SHIFT	5	5	13995
B	RTL8367B_PORT6_STATUS_RX_FLOWCTRL_CAP_MASK		MASK	0x20	32	13996
B	RTL8367B_PORT6_STATUS_LINK_STATE_OFFSET		OFFSET_SHIFT	4	4	13997
B	RTL8367B_PORT6_STATUS_LINK_STATE_MASK		MASK	0x10	16	13998
B	RTL8367B_PORT6_STATUS_FULL_DUPLUX_CAP_OFFSET		OFFSET_SHIFT	2	2	13999
B	RTL8367B_PORT6_STATUS_FULL_DUPLUX_CAP_MASK		MASK	0x4	4	14000
B	RTL8367B_PORT6_STATUS_LINK_SPEED_OFFSET		OFFSET_SHIFT	0	0	14001
B	RTL8367B_PORT6_STATUS_LINK_SPEED_MASK		MASK	0x3	3	14002
B	RTL8367B_REG_PORT7_STATUS		REGISTER	0x1359	4953	14004
B	RTL8367B_PORT7_STATUS_EN_1000_LPI_OFFSET		OFFSET_SHIFT	11	11	14005
B	RTL8367B_PORT7_STATUS_EN_1000_LPI_MASK		MASK	0x800	2048	14006
B	RTL8367B_PORT7_STATUS_EN_100_LPI_OFFSET		OFFSET_SHIFT	10	10	14007
B	RTL8367B_PORT7_STATUS_EN_100_LPI_MASK		MASK	0x400	1024	14008
B	RTL8367B_PORT7_STATUS_NWAY_FAULT_OFFSET		OFFSET_SHIFT	9	9	14009
B	RTL8367B_PORT7_STATUS_NWAY_FAULT_MASK		MASK	0x200	512	14010
B	RTL8367B_PORT7_STATUS_LINK_ON_MASTER_OFFSET		OFFSET_SHIFT	8	8	14011
B	RTL8367B_PORT7_STATUS_LINK_ON_MASTER_MASK		MASK	0x100	256	14012
B	RTL8367B_PORT7_STATUS_NWAY_CAP_OFFSET		OFFSET_SHIFT	7	7	14013
B	RTL8367B_PORT7_STATUS_NWAY_CAP_MASK		MASK	0x80	128	14014
B	RTL8367B_PORT7_STATUS_TX_FLOWCTRL_CAP_OFFSET		OFFSET_SHIFT	6	6	14015
B	RTL8367B_PORT7_STATUS_TX_FLOWCTRL_CAP_MASK		MASK	0x40	64	14016
B	RTL8367B_PORT7_STATUS_RX_FLOWCTRL_CAP_OFFSET		OFFSET_SHIFT	5	5	14017
B	RTL8367B_PORT7_STATUS_RX_FLOWCTRL_CAP_MASK		MASK	0x20	32	14018
B	RTL8367B_PORT7_STATUS_LINK_STATE_OFFSET		OFFSET_SHIFT	4	4	14019
B	RTL8367B_PORT7_STATUS_LINK_STATE_MASK		MASK	0x10	16	14020
B	RTL8367B_PORT7_STATUS_FULL_DUPLUX_CAP_OFFSET		OFFSET_SHIFT	2	2	14021
B	RTL8367B_PORT7_STATUS_FULL_DUPLUX_CAP_MASK		MASK	0x4	4	14022
B	RTL8367B_PORT7_STATUS_LINK_SPEED_OFFSET		OFFSET_SHIFT	0	0	14023
B	RTL8367B_PORT7_STATUS_LINK_SPEED_MASK		MASK	0x3	3	14024
B	RTL8367B_REG_UPS_CTRL0		REGISTER	0x1362	4962	14026
B	RTL8367B_P3_REF_SD_BIT0_OFFSET		OFFSET_SHIFT	8	8	14027
B	RTL8367B_P3_REF_SD_BIT0_MASK		MASK	0xFF00	65280	14028
B	RTL8367B_P2_REF_SD_OFFSET		OFFSET_SHIFT	0	0	14029
B	RTL8367B_P2_REF_SD_MASK		MASK	0xFF	255	14030
B	RTL8367B_REG_UPS_CTRL1		REGISTER	0x1363	4963	14032
B	RTL8367B_UPS_OUT_OFFSET		OFFSET_SHIFT	8	8	14033
B	RTL8367B_UPS_OUT_MASK		MASK	0xFF00	65280	14034
B	RTL8367B_UPS_WRITE_PULSE_OFFSET		OFFSET_SHIFT	1	1	14035
B	RTL8367B_UPS_WRITE_PULSE_MASK		MASK	0x2	2	14036
B	RTL8367B_UPS_EN_OFFSET		OFFSET_SHIFT	0	0	14037
B	RTL8367B_UPS_EN_MASK		MASK	0x1	1	14038
B	RTL8367B_REG_UPS_CTRL2		REGISTER	0x1364	4964	14040
B	RTL8367B_IGNOE_MAC5_LINK_OFFSET		OFFSET_SHIFT	15	15	14041
B	RTL8367B_IGNOE_MAC5_LINK_MASK		MASK	0x8000	32768	14042
B	RTL8367B_AGREE_SLEEP_OFFSET		OFFSET_SHIFT	14	14	14043
B	RTL8367B_AGREE_SLEEP_MASK		MASK	0x4000	16384	14044
B	RTL8367B_WAIT_FOR_AGREEMENT_OFFSET		OFFSET_SHIFT	13	13	14045
B	RTL8367B_WAIT_FOR_AGREEMENT_MASK		MASK	0x2000	8192	14046
B	RTL8367B_WAKE_UP_BY_LINK_OFFSET		OFFSET_SHIFT	12	12	14047
B	RTL8367B_WAKE_UP_BY_LINK_MASK		MASK	0x1000	4096	14048
B	RTL8367B_WAKE_UP_BY_PHY_OFFSET		OFFSET_SHIFT	11	11	14049
B	RTL8367B_WAKE_UP_BY_PHY_MASK		MASK	0x800	2048	14050
B	RTL8367B_SLOW_CLK_TGL_RATE_OFFSET		OFFSET_SHIFT	7	7	14051
B	RTL8367B_SLOW_CLK_TGL_RATE_MASK		MASK	0x780	1920	14052
B	RTL8367B_PLL_G1_CTRL_EN_OFFSET		OFFSET_SHIFT	6	6	14053
B	RTL8367B_PLL_G1_CTRL_EN_MASK		MASK	0x40	64	14054
B	RTL8367B_PLL_G0_CTRL_EN_OFFSET		OFFSET_SHIFT	5	5	14055
B	RTL8367B_PLL_G0_CTRL_EN_MASK		MASK	0x20	32	14056
B	RTL8367B_SLOW_DOWN_PLL_EN_OFFSET		OFFSET_SHIFT	4	4	14057
B	RTL8367B_SLOW_DOWN_PLL_EN_MASK		MASK	0x10	16	14058
B	RTL8367B_SLOW_DOWN_CLK_EN_OFFSET		OFFSET_SHIFT	3	3	14059
B	RTL8367B_SLOW_DOWN_CLK_EN_MASK		MASK	0x8	8	14060
B	RTL8367B_GATING_CLK_SDS_EN_OFFSET		OFFSET_SHIFT	2	2	14061
B	RTL8367B_GATING_CLK_SDS_EN_MASK		MASK	0x4	4	14062
B	RTL8367B_GATING_CLK_CHIP_EN_OFFSET		OFFSET_SHIFT	1	1	14063
B	RTL8367B_GATING_CLK_CHIP_EN_MASK		MASK	0x2	2	14064
B	RTL8367B_GATING_SW_EN_OFFSET		OFFSET_SHIFT	0	0	14065
B	RTL8367B_GATING_SW_EN_MASK		MASK	0x1	1	14066
B	RTL8367B_REG_GATING_CLK_1		REGISTER	0x1365	4965	14068
B	RTL8367B_ALDPS_MODE_4_OFFSET		OFFSET_SHIFT	15	15	14069
B	RTL8367B_ALDPS_MODE_4_MASK		MASK	0x8000	32768	14070
B	RTL8367B_ALDPS_MODE_3_OFFSET		OFFSET_SHIFT	14	14	14071
B	RTL8367B_ALDPS_MODE_3_MASK		MASK	0x4000	16384	14072
B	RTL8367B_ALDPS_MODE_2_OFFSET		OFFSET_SHIFT	13	13	14073
B	RTL8367B_ALDPS_MODE_2_MASK		MASK	0x2000	8192	14074
B	RTL8367B_ALDPS_MODE_1_OFFSET		OFFSET_SHIFT	12	12	14075
B	RTL8367B_ALDPS_MODE_1_MASK		MASK	0x1000	4096	14076
B	RTL8367B_ALDPS_MODE_0_OFFSET		OFFSET_SHIFT	11	11	14077
B	RTL8367B_ALDPS_MODE_0_MASK		MASK	0x800	2048	14078
B	RTL8367B_UPS_DBGO_OFFSET		OFFSET_SHIFT	10	10	14079
B	RTL8367B_UPS_DBGO_MASK		MASK	0x400	1024	14080
B	RTL8367B_IFMX_AFF_NOT_FF_OUT_OFFSET		OFFSET_SHIFT	9	9	14081
B	RTL8367B_IFMX_AFF_NOT_FF_OUT_MASK		MASK	0x200	512	14082
B	RTL8367B_WATER_LEVEL_FD_OFFSET		OFFSET_SHIFT	6	6	14083
B	RTL8367B_WATER_LEVEL_FD_MASK		MASK	0x1C0	448	14084
B	RTL8367B_WATER_LEVEL_Y2X_OFFSET		OFFSET_SHIFT	3	3	14085
B	RTL8367B_WATER_LEVEL_Y2X_MASK		MASK	0x38	56	14086
B	RTL8367B_WATER_LEVEL_X2Y_2_OFFSET		OFFSET_SHIFT	2	2	14087
B	RTL8367B_WATER_LEVEL_X2Y_2_MASK		MASK	0x4	4	14088
B	RTL8367B_IGNOE_MAC7_LINK_OFFSET		OFFSET_SHIFT	1	1	14089
B	RTL8367B_IGNOE_MAC7_LINK_MASK		MASK	0x2	2	14090
B	RTL8367B_IGNOE_MAC6_LINK_OFFSET		OFFSET_SHIFT	0	0	14091
B	RTL8367B_IGNOE_MAC6_LINK_MASK		MASK	0x1	1	14092
B	RTL8367B_REG_UPS_CTRL4		REGISTER	0x1366	4966	14094
B	RTL8367B_PROB_EN_OFFSET		OFFSET_SHIFT	6	6	14095
B	RTL8367B_PROB_EN_MASK		MASK	0x40	64	14096
B	RTL8367B_PLL_DOWN_OFFSET		OFFSET_SHIFT	1	1	14097
B	RTL8367B_PLL_DOWN_MASK		MASK	0x2	2	14098
B	RTL8367B_XTAL_DOWN_OFFSET		OFFSET_SHIFT	0	0	14099
B	RTL8367B_XTAL_DOWN_MASK		MASK	0x1	1	14100
B	RTL8367B_REG_UPS_CTRL5		REGISTER	0x1367	4967	14102
B	RTL8367B_FRC_CPU_ACPT_OFFSET		OFFSET_SHIFT	3	3	14103
B	RTL8367B_FRC_CPU_ACPT_MASK		MASK	0x8	8	14104
B	RTL8367B_UPS_CPU_ACPT_OFFSET		OFFSET_SHIFT	2	2	14105
B	RTL8367B_UPS_CPU_ACPT_MASK		MASK	0x4	4	14106
B	RTL8367B_UPS_DBG_4_OFFSET		OFFSET_SHIFT	0	0	14107
B	RTL8367B_UPS_DBG_4_MASK		MASK	0x3	3	14108
B	RTL8367B_REG_UPS_CTRL6		REGISTER	0x1368	4968	14110
B	RTL8367B_UPS_CTRL6_OFFSET		OFFSET_SHIFT	0	0	14111
B	RTL8367B_UPS_CTRL6_MASK		MASK	0xF	15	14112
B	RTL8367B_REG_EFUSE_CMD		REGISTER	0x1370	4976	14114
B	RTL8367B_EFUSE_ACCESS_BUSY_OFFSET		OFFSET_SHIFT	2	2	14115
B	RTL8367B_EFUSE_ACCESS_BUSY_MASK		MASK	0x4	4	14116
B	RTL8367B_EFUSE_COMMAND_EN_OFFSET		OFFSET_SHIFT	1	1	14117
B	RTL8367B_EFUSE_COMMAND_EN_MASK		MASK	0x2	2	14118
B	RTL8367B_EFUSE_WR_OFFSET		OFFSET_SHIFT	0	0	14119
B	RTL8367B_EFUSE_WR_MASK		MASK	0x1	1	14120
B	RTL8367B_REG_EFUSE_ADR		REGISTER	0x1371	4977	14122
B	RTL8367B_DUMMY_15_10_OFFSET		OFFSET_SHIFT	10	10	14123
B	RTL8367B_DUMMY_15_10_MASK		MASK	0xFC00	64512	14124
B	RTL8367B_EFUSE_ADDRESS_OFFSET		OFFSET_SHIFT	0	0	14125
B	RTL8367B_EFUSE_ADDRESS_MASK		MASK	0x3FF	1023	14126
B	RTL8367B_REG_EFUSE_WDAT		REGISTER	0x1372	4978	14128
B	RTL8367B_DUMMY_15_8_OFFSET		OFFSET_SHIFT	8	8	14129
B	RTL8367B_DUMMY_15_8_MASK		MASK	0xFF00	65280	14130
B	RTL8367B_EFUSE_WRITE_DATA_OFFSET		OFFSET_SHIFT	0	0	14131
B	RTL8367B_EFUSE_WRITE_DATA_MASK		MASK	0xFF	255	14132
B	RTL8367B_REG_EFUSE_RDAT		REGISTER	0x1373	4979	14134
B	RTL8367B_EFUSE_RDAT_OFFSET		OFFSET_SHIFT	0	0	14135
B	RTL8367B_EFUSE_RDAT_MASK		MASK	0xFF	255	14136
B	RTL8367B_REG_I2C_CTRL		REGISTER	0x1374	4980	14138
B	RTL8367B_MDX_MST_FAIL_LAT_OFFSET		OFFSET_SHIFT	1	1	14139
B	RTL8367B_MDX_MST_FAIL_LAT_MASK		MASK	0x2	2	14140
B	RTL8367B_MDX_MST_FAIL_CLRPS_OFFSET		OFFSET_SHIFT	0	0	14141
B	RTL8367B_MDX_MST_FAIL_CLRPS_MASK		MASK	0x1	1	14142
B	RTL8367B_REG_EEE_CFG		REGISTER	0x1375	4981	14144
B	RTL8367B_CFG_BYPASS_GATELPTD_OFFSET		OFFSET_SHIFT	11	11	14145
B	RTL8367B_CFG_BYPASS_GATELPTD_MASK		MASK	0x800	2048	14146
B	RTL8367B_EEE_ABT_ADDR2_OFFSET		OFFSET_SHIFT	6	6	14147
B	RTL8367B_EEE_ABT_ADDR2_MASK		MASK	0x7C0	1984	14148
B	RTL8367B_EEE_ABT_ADDR1_OFFSET		OFFSET_SHIFT	1	1	14149
B	RTL8367B_EEE_ABT_ADDR1_MASK		MASK	0x3E	62	14150
B	RTL8367B_EEE_POLL_EN_OFFSET		OFFSET_SHIFT	0	0	14151
B	RTL8367B_EEE_POLL_EN_MASK		MASK	0x1	1	14152
B	RTL8367B_REG_EEE_PAGE		REGISTER	0x1376	4982	14154
B	RTL8367B_REG_EEE_EXT_PAGE		REGISTER	0x1377	4983	14156
B	RTL8367B_REG_EEE_EN_SPD1000		REGISTER	0x1378	4984	14158
B	RTL8367B_REG_EEE_EN_SPD100		REGISTER	0x1379	4985	14160
B	RTL8367B_REG_EEE_LP_SPD1000		REGISTER	0x137a	4986	14162
B	RTL8367B_REG_EEE_LP_SPD100		REGISTER	0x137b	4987	14164
B	RTL8367B_REG_DW8051_PRO_REG0		REGISTER	0x13a0	5024	14166
B	RTL8367B_REG_DW8051_PRO_REG1		REGISTER	0x13a1	5025	14168
B	RTL8367B_REG_DW8051_PRO_REG2		REGISTER	0x13a2	5026	14170
B	RTL8367B_REG_DW8051_PRO_REG3		REGISTER	0x13a3	5027	14172
B	RTL8367B_REG_DW8051_PRO_REG4		REGISTER	0x13a4	5028	14174
B	RTL8367B_REG_DW8051_PRO_REG5		REGISTER	0x13a5	5029	14176
B	RTL8367B_REG_DW8051_PRO_REG6		REGISTER	0x13a6	5030	14178
B	RTL8367B_REG_DW8051_PRO_REG7		REGISTER	0x13a7	5031	14180
B	RTL8367B_REG_MAGIC_ID		REGISTER	0x13c2	5058	14182
B	RTL8367B_REG_DIGITAL_INTERFACE_SELECT_1		REGISTER	0x13c3	5059	14184
B	RTL8367B_SKIP_MII_2_RXER_OFFSET		OFFSET_SHIFT	4	4	14185
B	RTL8367B_SKIP_MII_2_RXER_MASK		MASK	0x10	16	14186
B	RTL8367B_SELECT_RGMII_2_OFFSET		OFFSET_SHIFT	0	0	14187
B	RTL8367B_SELECT_RGMII_2_MASK		MASK	0xF	15	14188
B	RTL8367B_REG_DIGITAL_INTERFACE2_FORCE		REGISTER	0x13c4	5060	14190
B	RTL8367B_GMII_2_FORCE_OFFSET		OFFSET_SHIFT	12	12	14191
B	RTL8367B_GMII_2_FORCE_MASK		MASK	0x1000	4096	14192
B	RTL8367B_RGMII_2_FORCE_OFFSET		OFFSET_SHIFT	0	0	14193
B	RTL8367B_RGMII_2_FORCE_MASK		MASK	0xFFF	4095	14194
B	RTL8367B_REG_EXT2_RGMXF		REGISTER	0x13c5	5061	14196
B	RTL8367B_EXT2_RGTX_INV_OFFSET		OFFSET_SHIFT	6	6	14197
B	RTL8367B_EXT2_RGTX_INV_MASK		MASK	0x40	64	14198
B	RTL8367B_EXT2_RGRX_INV_OFFSET		OFFSET_SHIFT	5	5	14199
B	RTL8367B_EXT2_RGRX_INV_MASK		MASK	0x20	32	14200
B	RTL8367B_EXT2_RGMXF_OFFSET		OFFSET_SHIFT	0	0	14201
B	RTL8367B_EXT2_RGMXF_MASK		MASK	0x1F	31	14202
B	RTL8367B_REG_ROUTER_UPS_CFG		REGISTER	0x13c6	5062	14204
B	RTL8367B_UPS_Status_OFFSET		OFFSET_SHIFT	1	1	14205
B	RTL8367B_UPS_Status_MASK		MASK	0x2	2	14206
B	RTL8367B_SoftStart_OFFSET		OFFSET_SHIFT	0	0	14207
B	RTL8367B_SoftStart_MASK		MASK	0x1	1	14208
B	RTL8367B_REG_CTRL_GPIO		REGISTER	0x13c7	5063	14210
B	RTL8367B_CTRL_GPIO_13_OFFSET		OFFSET_SHIFT	13	13	14211
B	RTL8367B_CTRL_GPIO_13_MASK		MASK	0x2000	8192	14212
B	RTL8367B_CTRL_GPIO_12_OFFSET		OFFSET_SHIFT	12	12	14213
B	RTL8367B_CTRL_GPIO_12_MASK		MASK	0x1000	4096	14214
B	RTL8367B_CTRL_GPIO_11_OFFSET		OFFSET_SHIFT	11	11	14215
B	RTL8367B_CTRL_GPIO_11_MASK		MASK	0x800	2048	14216
B	RTL8367B_CTRL_GPIO_10_OFFSET		OFFSET_SHIFT	10	10	14217
B	RTL8367B_CTRL_GPIO_10_MASK		MASK	0x400	1024	14218
B	RTL8367B_CTRL_GPIO_9_OFFSET		OFFSET_SHIFT	9	9	14219
B	RTL8367B_CTRL_GPIO_9_MASK		MASK	0x200	512	14220
B	RTL8367B_CTRL_GPIO_8_OFFSET		OFFSET_SHIFT	8	8	14221
B	RTL8367B_CTRL_GPIO_8_MASK		MASK	0x100	256	14222
B	RTL8367B_CTRL_GPIO_7_OFFSET		OFFSET_SHIFT	7	7	14223
B	RTL8367B_CTRL_GPIO_7_MASK		MASK	0x80	128	14224
B	RTL8367B_CTRL_GPIO_6_OFFSET		OFFSET_SHIFT	6	6	14225
B	RTL8367B_CTRL_GPIO_6_MASK		MASK	0x40	64	14226
B	RTL8367B_CTRL_GPIO_5_OFFSET		OFFSET_SHIFT	5	5	14227
B	RTL8367B_CTRL_GPIO_5_MASK		MASK	0x20	32	14228
B	RTL8367B_CTRL_GPIO_4_OFFSET		OFFSET_SHIFT	4	4	14229
B	RTL8367B_CTRL_GPIO_4_MASK		MASK	0x10	16	14230
B	RTL8367B_CTRL_GPIO_3_OFFSET		OFFSET_SHIFT	3	3	14231
B	RTL8367B_CTRL_GPIO_3_MASK		MASK	0x8	8	14232
B	RTL8367B_CTRL_GPIO_2_OFFSET		OFFSET_SHIFT	2	2	14233
B	RTL8367B_CTRL_GPIO_2_MASK		MASK	0x4	4	14234
B	RTL8367B_CTRL_GPIO_1_OFFSET		OFFSET_SHIFT	1	1	14235
B	RTL8367B_CTRL_GPIO_1_MASK		MASK	0x2	2	14236
B	RTL8367B_CTRL_GPIO_0_OFFSET		OFFSET_SHIFT	0	0	14237
B	RTL8367B_CTRL_GPIO_0_MASK		MASK	0x1	1	14238
B	RTL8367B_REG_SEL_GPIO		REGISTER	0x13c8	5064	14240
B	RTL8367B_SEL_GPIO_13_OFFSET		OFFSET_SHIFT	13	13	14241
B	RTL8367B_SEL_GPIO_13_MASK		MASK	0x2000	8192	14242
B	RTL8367B_SEL_GPIO_12_OFFSET		OFFSET_SHIFT	12	12	14243
B	RTL8367B_SEL_GPIO_12_MASK		MASK	0x1000	4096	14244
B	RTL8367B_SEL_GPIO_11_OFFSET		OFFSET_SHIFT	11	11	14245
B	RTL8367B_SEL_GPIO_11_MASK		MASK	0x800	2048	14246
B	RTL8367B_SEL_GPIO_10_OFFSET		OFFSET_SHIFT	10	10	14247
B	RTL8367B_SEL_GPIO_10_MASK		MASK	0x400	1024	14248
B	RTL8367B_SEL_GPIO_9_OFFSET		OFFSET_SHIFT	9	9	14249
B	RTL8367B_SEL_GPIO_9_MASK		MASK	0x200	512	14250
B	RTL8367B_SEL_GPIO_8_OFFSET		OFFSET_SHIFT	8	8	14251
B	RTL8367B_SEL_GPIO_8_MASK		MASK	0x100	256	14252
B	RTL8367B_SEL_GPIO_7_OFFSET		OFFSET_SHIFT	7	7	14253
B	RTL8367B_SEL_GPIO_7_MASK		MASK	0x80	128	14254
B	RTL8367B_SEL_GPIO_6_OFFSET		OFFSET_SHIFT	6	6	14255
B	RTL8367B_SEL_GPIO_6_MASK		MASK	0x40	64	14256
B	RTL8367B_SEL_GPIO_5_OFFSET		OFFSET_SHIFT	5	5	14257
B	RTL8367B_SEL_GPIO_5_MASK		MASK	0x20	32	14258
B	RTL8367B_SEL_GPIO_4_OFFSET		OFFSET_SHIFT	4	4	14259
B	RTL8367B_SEL_GPIO_4_MASK		MASK	0x10	16	14260
B	RTL8367B_SEL_GPIO_3_OFFSET		OFFSET_SHIFT	3	3	14261
B	RTL8367B_SEL_GPIO_3_MASK		MASK	0x8	8	14262
B	RTL8367B_SEL_GPIO_2_OFFSET		OFFSET_SHIFT	2	2	14263
B	RTL8367B_SEL_GPIO_2_MASK		MASK	0x4	4	14264
B	RTL8367B_SEL_GPIO_1_OFFSET		OFFSET_SHIFT	1	1	14265
B	RTL8367B_SEL_GPIO_1_MASK		MASK	0x2	2	14266
B	RTL8367B_SEL_GPIO_0_OFFSET		OFFSET_SHIFT	0	0	14267
B	RTL8367B_SEL_GPIO_0_MASK		MASK	0x1	1	14268
B	RTL8367B_REG_STATUS_GPIO		REGISTER	0x13c9	5065	14270
B	RTL8367B_STATUS_GPIO_OFFSET		OFFSET_SHIFT	0	0	14271
B	RTL8367B_STATUS_GPIO_MASK		MASK	0x3FFF	16383	14272
B	RTL8367B_REG_SYNC_ETH_CFG		REGISTER	0x13e0	5088	14274
B	RTL8367B_DUMMY2_OFFSET		OFFSET_SHIFT	9	9	14275
B	RTL8367B_DUMMY2_MASK		MASK	0xFE00	65024	14276
B	RTL8367B_RFC2819_TYPE_OFFSET		OFFSET_SHIFT	8	8	14277
B	RTL8367B_RFC2819_TYPE_MASK		MASK	0x100	256	14278
B	RTL8367B_DUMMY1_OFFSET		OFFSET_SHIFT	6	6	14279
B	RTL8367B_DUMMY1_MASK		MASK	0xC0	192	14280
B	RTL8367B_SYNC_ETH_EN_RTT2_OFFSET		OFFSET_SHIFT	5	5	14281
B	RTL8367B_SYNC_ETH_EN_RTT2_MASK		MASK	0x20	32	14282
B	RTL8367B_SYNC_ETH_EN_RTT1_OFFSET		OFFSET_SHIFT	4	4	14283
B	RTL8367B_SYNC_ETH_EN_RTT1_MASK		MASK	0x10	16	14284
B	RTL8367B_SYNC_ETH_SEL_DPLL_OFFSET		OFFSET_SHIFT	3	3	14285
B	RTL8367B_SYNC_ETH_SEL_DPLL_MASK		MASK	0x8	8	14286
B	RTL8367B_SYNC_ETH_SEL_PHYREF_OFFSET		OFFSET_SHIFT	2	2	14287
B	RTL8367B_SYNC_ETH_SEL_PHYREF_MASK		MASK	0x4	4	14288
B	RTL8367B_SYNC_ETH_SEL_XTAL_OFFSET		OFFSET_SHIFT	1	1	14289
B	RTL8367B_SYNC_ETH_SEL_XTAL_MASK		MASK	0x2	2	14290
B	RTL8367B_DUMMY0_OFFSET		OFFSET_SHIFT	0	0	14291
B	RTL8367B_DUMMY0_MASK		MASK	0x1	1	14292
B	RTL8367B_REG_LED_DRI_CFG		REGISTER	0x13e1	5089	14294
B	RTL8367B_LED_DRI_CFG_DUMMY_OFFSET		OFFSET_SHIFT	1	1	14295
B	RTL8367B_LED_DRI_CFG_DUMMY_MASK		MASK	0xFFFE	65534	14296
B	RTL8367B_LED_DRIVING_OFFSET		OFFSET_SHIFT	0	0	14297
B	RTL8367B_LED_DRIVING_MASK		MASK	0x1	1	14298
B	RTL8367B_REG_CHIP_DEBUG2		REGISTER	0x13e2	5090	14300
B	RTL8367B_RG2_DN_OFFSET		OFFSET_SHIFT	6	6	14301
B	RTL8367B_RG2_DN_MASK		MASK	0x1C0	448	14302
B	RTL8367B_RG2_DP_OFFSET		OFFSET_SHIFT	3	3	14303
B	RTL8367B_RG2_DP_MASK		MASK	0x38	56	14304
B	RTL8367B_DRI_EXT2_RG_OFFSET		OFFSET_SHIFT	2	2	14305
B	RTL8367B_DRI_EXT2_RG_MASK		MASK	0x4	4	14306
B	RTL8367B_DRI_EXT2_OFFSET		OFFSET_SHIFT	1	1	14307
B	RTL8367B_DRI_EXT2_MASK		MASK	0x2	2	14308
B	RTL8367B_SLR_EXt2_OFFSET		OFFSET_SHIFT	0	0	14309
B	RTL8367B_SLR_EXt2_MASK		MASK	0x1	1	14310
B	RTL8367B_REG_DIGITAL_DEBUG_2		REGISTER	0x13e3	5091	14312
B	RTL8367B_REG_FIBER_RTL_OUI_CFG0		REGISTER	0x13e4	5092	14314
B	RTL8367B_FIBER_RTL_OUI_CFG0_OFFSET		OFFSET_SHIFT	0	0	14315
B	RTL8367B_FIBER_RTL_OUI_CFG0_MASK		MASK	0xFF	255	14316
B	RTL8367B_REG_FIBER_RTL_OUI_CFG1		REGISTER	0x13e5	5093	14318
B	RTL8367B_REG_FIBER_CFG_0		REGISTER	0x13e6	5094	14320
B	RTL8367B_REV_NUM_OFFSET		OFFSET_SHIFT	8	8	14321
B	RTL8367B_REV_NUM_MASK		MASK	0xF00	3840	14322
B	RTL8367B_MODEL_NUM_OFFSET		OFFSET_SHIFT	0	0	14323
B	RTL8367B_MODEL_NUM_MASK		MASK	0x3F	63	14324
B	RTL8367B_REG_FIBER_CFG_1		REGISTER	0x13e7	5095	14326
B	RTL8367B_SDS_FRC_REG4_OFFSET		OFFSET_SHIFT	12	12	14327
B	RTL8367B_SDS_FRC_REG4_MASK		MASK	0x1000	4096	14328
B	RTL8367B_SDS_FRC_REG4_FIB100_OFFSET		OFFSET_SHIFT	11	11	14329
B	RTL8367B_SDS_FRC_REG4_FIB100_MASK		MASK	0x800	2048	14330
B	RTL8367B_SEL_MASK_ONL_OFFSET		MASK	5	5	14331
B	RTL8367B_SEL_MASK_ONL_MASK		MASK	0x20	32	14332
B	RTL8367B_DIS_QUALITY_IN_MASK_OFFSET		MASK	4	4	14333
B	RTL8367B_DIS_QUALITY_IN_MASK_MASK		MASK	0x10	16	14334
B	RTL8367B_SDS_FRC_MODE_OFFSET		OFFSET_SHIFT	3	3	14335
B	RTL8367B_SDS_FRC_MODE_MASK		MASK	0x8	8	14336
B	RTL8367B_SDS_MODE_OFFSET		OFFSET_SHIFT	0	0	14337
B	RTL8367B_SDS_MODE_MASK		MASK	0x7	7	14338
B	RTL8367B_REG_FIBER_CFG_2		REGISTER	0x13e8	5096	14340
B	RTL8367B_SEL_SDET_PS_OFFSET		OFFSET_SHIFT	12	12	14341
B	RTL8367B_SEL_SDET_PS_MASK		MASK	0xF000	61440	14342
B	RTL8367B_UTP_DIS_RX_OFFSET		OFFSET_SHIFT	10	10	14343
B	RTL8367B_UTP_DIS_RX_MASK		MASK	0xC00	3072	14344
B	RTL8367B_UTP_FRC_LD_OFFSET		OFFSET_SHIFT	8	8	14345
B	RTL8367B_UTP_FRC_LD_MASK		MASK	0x300	768	14346
B	RTL8367B_SDS_RX_DISABLE_OFFSET		OFFSET_SHIFT	6	6	14347
B	RTL8367B_SDS_RX_DISABLE_MASK		MASK	0xC0	192	14348
B	RTL8367B_SDS_TX_DISABLE_OFFSET		OFFSET_SHIFT	4	4	14349
B	RTL8367B_SDS_TX_DISABLE_MASK		MASK	0x30	48	14350
B	RTL8367B_SDS_PWR_ISO_OFFSET		OFFSET_SHIFT	2	2	14351
B	RTL8367B_SDS_PWR_ISO_MASK		MASK	0xC	12	14352
B	RTL8367B_SDS_FRC_LD_OFFSET		OFFSET_SHIFT	0	0	14353
B	RTL8367B_SDS_FRC_LD_MASK		MASK	0x3	3	14354
B	RTL8367B_REG_FIBER_CFG_3		REGISTER	0x13e9	5097	14356
B	RTL8367B_FIBER_CFG_3_OFFSET		OFFSET_SHIFT	0	0	14357
B	RTL8367B_FIBER_CFG_3_MASK		MASK	0xFFF	4095	14358
B	RTL8367B_REG_FIBER_CFG_4		REGISTER	0x13ea	5098	14360
B	RTL8367B_REG_UTP_FIB_DET		REGISTER	0x13eb	5099	14362
B	RTL8367B_FORCE_SEL_FIBER_OFFSET		OFFSET_SHIFT	14	14	14363
B	RTL8367B_FORCE_SEL_FIBER_MASK		MASK	0xC000	49152	14364
B	RTL8367B_FIB_FINAL_TIMER_OFFSET		OFFSET_SHIFT	12	12	14365
B	RTL8367B_FIB_FINAL_TIMER_MASK		MASK	0x3000	12288	14366
B	RTL8367B_FIB_LINK_TIMER_OFFSET		OFFSET_SHIFT	10	10	14367
B	RTL8367B_FIB_LINK_TIMER_MASK		MASK	0xC00	3072	14368
B	RTL8367B_FIB_SDET_TIMER_OFFSET		OFFSET_SHIFT	8	8	14369
B	RTL8367B_FIB_SDET_TIMER_MASK		MASK	0x300	768	14370
B	RTL8367B_UTP_LINK_TIMER_OFFSET		OFFSET_SHIFT	6	6	14371
B	RTL8367B_UTP_LINK_TIMER_MASK		MASK	0xC0	192	14372
B	RTL8367B_UTP_SDET_TIMER_OFFSET		OFFSET_SHIFT	4	4	14373
B	RTL8367B_UTP_SDET_TIMER_MASK		MASK	0x30	48	14374
B	RTL8367B_FORCE_AUTODET_OFFSET		OFFSET_SHIFT	3	3	14375
B	RTL8367B_FORCE_AUTODET_MASK		MASK	0x8	8	14376
B	RTL8367B_AUTODET_FSM_CLR_OFFSET		OFFSET_SHIFT	2	2	14377
B	RTL8367B_AUTODET_FSM_CLR_MASK		MASK	0x4	4	14378
B	RTL8367B_UTP_FIRST_OFFSET		OFFSET_SHIFT	1	1	14379
B	RTL8367B_UTP_FIRST_MASK		MASK	0x2	2	14380
B	RTL8367B_UTP_FIB_DISAUTODET_OFFSET		OFFSET_SHIFT	0	0	14381
B	RTL8367B_UTP_FIB_DISAUTODET_MASK		MASK	0x1	1	14382
B	RTL8367B_REG_NRESTORE_MAGIC_NUM		REGISTER	0x13ec	5100	14384
B	RTL8367B_NRESTORE_MAGIC_NUM_MASK		MASK	0xFFFF	65535	14385
B	RTL8367B_EEPROM_PROGRAM_CYCLE_OFFSET		OFFSET_SHIFT	0	0	14386
B	RTL8367B_EEPROM_PROGRAM_CYCLE_MASK		MASK	0x3	3	14387
B	RTL8367B_REG_MAC_ACTIVE		REGISTER	0x13ee	5102	14389
B	RTL8367B_FORCE_MAC_ACTIVE_OFFSET		OFFSET_SHIFT	8	8	14390
B	RTL8367B_FORCE_MAC_ACTIVE_MASK		MASK	0x100	256	14391
B	RTL8367B_MAC_ACTIVE_OFFSET		OFFSET_SHIFT	0	0	14392
B	RTL8367B_MAC_ACTIVE_MASK		MASK	0xFF	255	14393
B	RTL8367B_REG_SERDES_RESULT		REGISTER	0x13ef	5103	14395
B	RTL8367B_FIB100_DET_OFFSET		OFFSET_SHIFT	4	4	14396
B	RTL8367B_FIB100_DET_MASK		MASK	0x10	16	14397
B	RTL8367B_FIB_ISO_OFFSET		OFFSET_SHIFT	3	3	14398
B	RTL8367B_FIB_ISO_MASK		MASK	0x8	8	14399
B	RTL8367B_SDS_ANFAULT_OFFSET		OFFSET_SHIFT	2	2	14400
B	RTL8367B_SDS_ANFAULT_MASK		MASK	0x4	4	14401
B	RTL8367B_SDS_INTB_OFFSET		OFFSET_SHIFT	1	1	14402
B	RTL8367B_SDS_INTB_MASK		MASK	0x2	2	14403
B	RTL8367B_SDS_LINK_OK_OFFSET		OFFSET_SHIFT	0	0	14404
B	RTL8367B_SDS_LINK_OK_MASK		MASK	0x1	1	14405
B	RTL8367B_REG_CHIP_ECO		REGISTER	0x13f0	5104	14407
B	RTL8367B_CFG_CHIP_ECO_OFFSET		OFFSET_SHIFT	1	1	14408
B	RTL8367B_CFG_CHIP_ECO_MASK		MASK	0xFFFE	65534	14409
B	RTL8367B_CFG_CKOUTEN_OFFSET		OFFSET_SHIFT	0	0	14410
B	RTL8367B_CFG_CKOUTEN_MASK		MASK	0x1	1	14411
B	RTL8367B_REG_WAKELPI_SLOT_PRD		REGISTER	0x13f1	5105	14413
B	RTL8367B_WAKELPI_SLOT_PRD_OFFSET		OFFSET_SHIFT	0	0	14414
B	RTL8367B_WAKELPI_SLOT_PRD_MASK		MASK	0x1F	31	14415
B	RTL8367B_REG_WAKELPI_SLOT_PG0		REGISTER	0x13f2	5106	14417
B	RTL8367B_WAKELPI_SLOT_P1_OFFSET		OFFSET_SHIFT	8	8	14418
B	RTL8367B_WAKELPI_SLOT_P1_MASK		MASK	0x1F00	7936	14419
B	RTL8367B_WAKELPI_SLOT_P0_OFFSET		OFFSET_SHIFT	0	0	14420
B	RTL8367B_WAKELPI_SLOT_P0_MASK		MASK	0x1F	31	14421
B	RTL8367B_REG_WAKELPI_SLOT_PG1		REGISTER	0x13f3	5107	14423
B	RTL8367B_WAKELPI_SLOT_P3_OFFSET		OFFSET_SHIFT	8	8	14424
B	RTL8367B_WAKELPI_SLOT_P3_MASK		MASK	0x1F00	7936	14425
B	RTL8367B_WAKELPI_SLOT_P2_OFFSET		OFFSET_SHIFT	0	0	14426
B	RTL8367B_WAKELPI_SLOT_P2_MASK		MASK	0x1F	31	14427
B	RTL8367B_REG_WAKELPI_SLOT_PG2		REGISTER	0x13f4	5108	14429
B	RTL8367B_WAKELPI_SLOT_P5_OFFSET		OFFSET_SHIFT	8	8	14430
B	RTL8367B_WAKELPI_SLOT_P5_MASK		MASK	0x1F00	7936	14431
B	RTL8367B_WAKELPI_SLOT_P4_OFFSET		OFFSET_SHIFT	0	0	14432
B	RTL8367B_WAKELPI_SLOT_P4_MASK		MASK	0x1F	31	14433
B	RTL8367B_REG_WAKELPI_SLOT_PG3		REGISTER	0x13f5	5109	14435
B	RTL8367B_WAKELPI_SLOT_P7_OFFSET		OFFSET_SHIFT	8	8	14436
B	RTL8367B_WAKELPI_SLOT_P7_MASK		MASK	0x1F00	7936	14437
B	RTL8367B_WAKELPI_SLOT_P6_OFFSET		OFFSET_SHIFT	0	0	14438
B	RTL8367B_WAKELPI_SLOT_P6_MASK		MASK	0x1F	31	14439
B	RTL8367B_REG_SYNC_FIFO_0		REGISTER	0x13f6	5110	14441
B	RTL8367B_SYNC_FIFO_TX_OFFSET		OFFSET_SHIFT	8	8	14442
B	RTL8367B_SYNC_FIFO_TX_MASK		MASK	0x700	1792	14443
B	RTL8367B_SYNC_FIFO_RX_OFFSET		OFFSET_SHIFT	0	0	14444
B	RTL8367B_SYNC_FIFO_RX_MASK		MASK	0xFF	255	14445
B	RTL8367B_REG_SYNC_FIFO_1		REGISTER	0x13f7	5111	14447
B	RTL8367B_SYNC_FIFO_TX_ERR_OFFSET		OFFSET_SHIFT	8	8	14448
B	RTL8367B_SYNC_FIFO_TX_ERR_MASK		MASK	0x700	1792	14449
B	RTL8367B_SYNC_FIFO_RX_ERR_OFFSET		OFFSET_SHIFT	0	0	14450
B	RTL8367B_SYNC_FIFO_RX_ERR_MASK		MASK	0xFF	255	14451
B	RTL8367B_REG_RGM_EEE		REGISTER	0x13f8	5112	14453
B	RTL8367B_EXT2_PAD_STOP_EN_OFFSET		OFFSET_SHIFT	14	14	14454
B	RTL8367B_EXT2_PAD_STOP_EN_MASK		MASK	0x4000	16384	14455
B	RTL8367B_EXT1_PAD_STOP_EN_OFFSET		OFFSET_SHIFT	13	13	14456
B	RTL8367B_EXT1_PAD_STOP_EN_MASK		MASK	0x2000	8192	14457
B	RTL8367B_EXT0_PAD_STOP_EN_OFFSET		OFFSET_SHIFT	12	12	14458
B	RTL8367B_EXT0_PAD_STOP_EN_MASK		MASK	0x1000	4096	14459
B	RTL8367B_EXT2_CYCLE_PAD_OFFSET		OFFSET_SHIFT	8	8	14460
B	RTL8367B_EXT2_CYCLE_PAD_MASK		MASK	0xF00	3840	14461
B	RTL8367B_EXT1_CYCLE_PAD_OFFSET		OFFSET_SHIFT	4	4	14462
B	RTL8367B_EXT1_CYCLE_PAD_MASK		MASK	0xF0	240	14463
B	RTL8367B_EXT0_CYCLE_PAD_OFFSET		OFFSET_SHIFT	0	0	14464
B	RTL8367B_EXT0_CYCLE_PAD_MASK		MASK	0xF	15	14465
B	RTL8367B_REG_EXT_TXC_DLY		REGISTER	0x13f9	5113	14467
B	RTL8367B_EXT1_GMII_TX_DELAY_OFFSET		OFFSET_SHIFT	12	12	14468
B	RTL8367B_EXT1_GMII_TX_DELAY_MASK		MASK	0x7000	28672	14469
B	RTL8367B_EXT0_GMII_TX_DELAY_OFFSET		OFFSET_SHIFT	9	9	14470
B	RTL8367B_EXT0_GMII_TX_DELAY_MASK		MASK	0xE00	3584	14471
B	RTL8367B_EXT2_RGMII_TX_DELAY_OFFSET		OFFSET_SHIFT	6	6	14472
B	RTL8367B_EXT2_RGMII_TX_DELAY_MASK		MASK	0x1C0	448	14473
B	RTL8367B_EXT1_RGMII_TX_DELAY_OFFSET		OFFSET_SHIFT	3	3	14474
B	RTL8367B_EXT1_RGMII_TX_DELAY_MASK		MASK	0x38	56	14475
B	RTL8367B_EXT0_RGMII_TX_DELAY_OFFSET		OFFSET_SHIFT	0	0	14476
B	RTL8367B_EXT0_RGMII_TX_DELAY_MASK		MASK	0x7	7	14477
B	RTL8367B_REG_METER0_RATE_CTRL0		REGISTER	0x1400	5120	14481
B	RTL8367B_REG_METER0_RATE_CTRL1		REGISTER	0x1401	5121	14483
B	RTL8367B_METER0_RATE_CTRL1_OFFSET		OFFSET_SHIFT	0	0	14484
B	RTL8367B_METER0_RATE_CTRL1_MASK		MASK	0x1	1	14485
B	RTL8367B_REG_METER1_RATE_CTRL0		REGISTER	0x1402	5122	14487
B	RTL8367B_REG_METER1_RATE_CTRL1		REGISTER	0x1403	5123	14489
B	RTL8367B_METER1_RATE_CTRL1_OFFSET		OFFSET_SHIFT	0	0	14490
B	RTL8367B_METER1_RATE_CTRL1_MASK		MASK	0x1	1	14491
B	RTL8367B_REG_METER2_RATE_CTRL0		REGISTER	0x1404	5124	14493
B	RTL8367B_REG_METER2_RATE_CTRL1		REGISTER	0x1405	5125	14495
B	RTL8367B_METER2_RATE_CTRL1_OFFSET		OFFSET_SHIFT	0	0	14496
B	RTL8367B_METER2_RATE_CTRL1_MASK		MASK	0x1	1	14497
B	RTL8367B_REG_METER3_RATE_CTRL0		REGISTER	0x1406	5126	14499
B	RTL8367B_REG_METER3_RATE_CTRL1		REGISTER	0x1407	5127	14501
B	RTL8367B_METER3_RATE_CTRL1_OFFSET		OFFSET_SHIFT	0	0	14502
B	RTL8367B_METER3_RATE_CTRL1_MASK		MASK	0x1	1	14503
B	RTL8367B_REG_METER4_RATE_CTRL0		REGISTER	0x1408	5128	14505
B	RTL8367B_REG_METER4_RATE_CTRL1		REGISTER	0x1409	5129	14507
B	RTL8367B_METER4_RATE_CTRL1_OFFSET		OFFSET_SHIFT	0	0	14508
B	RTL8367B_METER4_RATE_CTRL1_MASK		MASK	0x1	1	14509
B	RTL8367B_REG_METER5_RATE_CTRL0		REGISTER	0x140a	5130	14511
B	RTL8367B_REG_METER5_RATE_CTRL1		REGISTER	0x140b	5131	14513
B	RTL8367B_METER5_RATE_CTRL1_OFFSET		OFFSET_SHIFT	0	0	14514
B	RTL8367B_METER5_RATE_CTRL1_MASK		MASK	0x1	1	14515
B	RTL8367B_REG_METER6_RATE_CTRL0		REGISTER	0x140c	5132	14517
B	RTL8367B_REG_METER6_RATE_CTRL1		REGISTER	0x140d	5133	14519
B	RTL8367B_METER6_RATE_CTRL1_OFFSET		OFFSET_SHIFT	0	0	14520
B	RTL8367B_METER6_RATE_CTRL1_MASK		MASK	0x1	1	14521
B	RTL8367B_REG_METER7_RATE_CTRL0		REGISTER	0x140e	5134	14523
B	RTL8367B_REG_METER7_RATE_CTRL1		REGISTER	0x140f	5135	14525
B	RTL8367B_METER7_RATE_CTRL1_OFFSET		OFFSET_SHIFT	0	0	14526
B	RTL8367B_METER7_RATE_CTRL1_MASK		MASK	0x1	1	14527
B	RTL8367B_REG_METER8_RATE_CTRL0		REGISTER	0x1410	5136	14529
B	RTL8367B_REG_METER8_RATE_CTRL1		REGISTER	0x1411	5137	14531
B	RTL8367B_METER8_RATE_CTRL1_OFFSET		OFFSET_SHIFT	0	0	14532
B	RTL8367B_METER8_RATE_CTRL1_MASK		MASK	0x1	1	14533
B	RTL8367B_REG_METER9_RATE_CTRL0		REGISTER	0x1412	5138	14535
B	RTL8367B_REG_METER9_RATE_CTRL1		REGISTER	0x1413	5139	14537
B	RTL8367B_METER9_RATE_CTRL1_OFFSET		OFFSET_SHIFT	0	0	14538
B	RTL8367B_METER9_RATE_CTRL1_MASK		MASK	0x1	1	14539
B	RTL8367B_REG_METER10_RATE_CTRL0		REGISTER	0x1414	5140	14541
B	RTL8367B_REG_METER10_RATE_CTRL1		REGISTER	0x1415	5141	14543
B	RTL8367B_METER10_RATE_CTRL1_OFFSET		OFFSET_SHIFT	0	0	14544
B	RTL8367B_METER10_RATE_CTRL1_MASK		MASK	0x1	1	14545
B	RTL8367B_REG_METER11_RATE_CTRL0		REGISTER	0x1416	5142	14547
B	RTL8367B_REG_METER11_RATE_CTRL1		REGISTER	0x1417	5143	14549
B	RTL8367B_METER11_RATE_CTRL1_OFFSET		OFFSET_SHIFT	0	0	14550
B	RTL8367B_METER11_RATE_CTRL1_MASK		MASK	0x1	1	14551
B	RTL8367B_REG_METER12_RATE_CTRL0		REGISTER	0x1418	5144	14553
B	RTL8367B_REG_METER12_RATE_CTRL1		REGISTER	0x1419	5145	14555
B	RTL8367B_METER12_RATE_CTRL1_OFFSET		OFFSET_SHIFT	0	0	14556
B	RTL8367B_METER12_RATE_CTRL1_MASK		MASK	0x1	1	14557
B	RTL8367B_REG_METER13_RATE_CTRL0		REGISTER	0x141a	5146	14559
B	RTL8367B_REG_METER13_RATE_CTRL1		REGISTER	0x141b	5147	14561
B	RTL8367B_METER13_RATE_CTRL1_OFFSET		OFFSET_SHIFT	0	0	14562
B	RTL8367B_METER13_RATE_CTRL1_MASK		MASK	0x1	1	14563
B	RTL8367B_REG_METER14_RATE_CTRL0		REGISTER	0x141c	5148	14565
B	RTL8367B_REG_METER14_RATE_CTRL1		REGISTER	0x141d	5149	14567
B	RTL8367B_METER14_RATE_CTRL1_OFFSET		OFFSET_SHIFT	0	0	14568
B	RTL8367B_METER14_RATE_CTRL1_MASK		MASK	0x1	1	14569
B	RTL8367B_REG_METER15_RATE_CTRL0		REGISTER	0x141e	5150	14571
B	RTL8367B_REG_METER15_RATE_CTRL1		REGISTER	0x141f	5151	14573
B	RTL8367B_METER15_RATE_CTRL1_OFFSET		OFFSET_SHIFT	0	0	14574
B	RTL8367B_METER15_RATE_CTRL1_MASK		MASK	0x1	1	14575
B	RTL8367B_REG_METER16_RATE_CTRL0		REGISTER	0x1420	5152	14577
B	RTL8367B_REG_METER16_RATE_CTRL1		REGISTER	0x1421	5153	14579
B	RTL8367B_METER16_RATE_CTRL1_OFFSET		OFFSET_SHIFT	0	0	14580
B	RTL8367B_METER16_RATE_CTRL1_MASK		MASK	0x1	1	14581
B	RTL8367B_REG_METER17_RATE_CTRL0		REGISTER	0x1422	5154	14583
B	RTL8367B_REG_METER17_RATE_CTRL1		REGISTER	0x1423	5155	14585
B	RTL8367B_METER17_RATE_CTRL1_OFFSET		OFFSET_SHIFT	0	0	14586
B	RTL8367B_METER17_RATE_CTRL1_MASK		MASK	0x1	1	14587
B	RTL8367B_REG_METER18_RATE_CTRL0		REGISTER	0x1424	5156	14589
B	RTL8367B_REG_METER18_RATE_CTRL1		REGISTER	0x1425	5157	14591
B	RTL8367B_METER18_RATE_CTRL1_OFFSET		OFFSET_SHIFT	0	0	14592
B	RTL8367B_METER18_RATE_CTRL1_MASK		MASK	0x1	1	14593
B	RTL8367B_REG_METER19_RATE_CTRL0		REGISTER	0x1426	5158	14595
B	RTL8367B_REG_METER19_RATE_CTRL1		REGISTER	0x1427	5159	14597
B	RTL8367B_METER19_RATE_CTRL1_OFFSET		OFFSET_SHIFT	0	0	14598
B	RTL8367B_METER19_RATE_CTRL1_MASK		MASK	0x1	1	14599
B	RTL8367B_REG_METER20_RATE_CTRL0		REGISTER	0x1428	5160	14601
B	RTL8367B_REG_METER20_RATE_CTRL1		REGISTER	0x1429	5161	14603
B	RTL8367B_METER20_RATE_CTRL1_OFFSET		OFFSET_SHIFT	0	0	14604
B	RTL8367B_METER20_RATE_CTRL1_MASK		MASK	0x1	1	14605
B	RTL8367B_REG_METER21_RATE_CTRL0		REGISTER	0x142a	5162	14607
B	RTL8367B_REG_METER21_RATE_CTRL1		REGISTER	0x142b	5163	14609
B	RTL8367B_METER21_RATE_CTRL1_OFFSET		OFFSET_SHIFT	0	0	14610
B	RTL8367B_METER21_RATE_CTRL1_MASK		MASK	0x1	1	14611
B	RTL8367B_REG_METER22_RATE_CTRL0		REGISTER	0x142c	5164	14613
B	RTL8367B_REG_METER22_RATE_CTRL1		REGISTER	0x142d	5165	14615
B	RTL8367B_METER22_RATE_CTRL1_OFFSET		OFFSET_SHIFT	0	0	14616
B	RTL8367B_METER22_RATE_CTRL1_MASK		MASK	0x1	1	14617
B	RTL8367B_REG_METER23_RATE_CTRL0		REGISTER	0x142e	5166	14619
B	RTL8367B_REG_METER23_RATE_CTRL1		REGISTER	0x142f	5167	14621
B	RTL8367B_METER23_RATE_CTRL1_OFFSET		OFFSET_SHIFT	0	0	14622
B	RTL8367B_METER23_RATE_CTRL1_MASK		MASK	0x1	1	14623
B	RTL8367B_REG_METER24_RATE_CTRL0		REGISTER	0x1430	5168	14625
B	RTL8367B_REG_METER24_RATE_CTRL1		REGISTER	0x1431	5169	14627
B	RTL8367B_METER24_RATE_CTRL1_OFFSET		OFFSET_SHIFT	0	0	14628
B	RTL8367B_METER24_RATE_CTRL1_MASK		MASK	0x1	1	14629
B	RTL8367B_REG_METER25_RATE_CTRL0		REGISTER	0x1432	5170	14631
B	RTL8367B_REG_METER25_RATE_CTRL1		REGISTER	0x1433	5171	14633
B	RTL8367B_METER25_RATE_CTRL1_OFFSET		OFFSET_SHIFT	0	0	14634
B	RTL8367B_METER25_RATE_CTRL1_MASK		MASK	0x1	1	14635
B	RTL8367B_REG_METER26_RATE_CTRL0		REGISTER	0x1434	5172	14637
B	RTL8367B_REG_METER26_RATE_CTRL1		REGISTER	0x1435	5173	14639
B	RTL8367B_METER26_RATE_CTRL1_OFFSET		OFFSET_SHIFT	0	0	14640
B	RTL8367B_METER26_RATE_CTRL1_MASK		MASK	0x1	1	14641
B	RTL8367B_REG_METER27_RATE_CTRL0		REGISTER	0x1436	5174	14643
B	RTL8367B_REG_METER27_RATE_CTRL1		REGISTER	0x1437	5175	14645
B	RTL8367B_METER27_RATE_CTRL1_OFFSET		OFFSET_SHIFT	0	0	14646
B	RTL8367B_METER27_RATE_CTRL1_MASK		MASK	0x1	1	14647
B	RTL8367B_REG_METER28_RATE_CTRL0		REGISTER	0x1438	5176	14649
B	RTL8367B_REG_METER28_RATE_CTRL1		REGISTER	0x1439	5177	14651
B	RTL8367B_METER28_RATE_CTRL1_OFFSET		OFFSET_SHIFT	0	0	14652
B	RTL8367B_METER28_RATE_CTRL1_MASK		MASK	0x1	1	14653
B	RTL8367B_REG_METER29_RATE_CTRL0		REGISTER	0x143a	5178	14655
B	RTL8367B_REG_METER29_RATE_CTRL1		REGISTER	0x143b	5179	14657
B	RTL8367B_METER29_RATE_CTRL1_OFFSET		OFFSET_SHIFT	0	0	14658
B	RTL8367B_METER29_RATE_CTRL1_MASK		MASK	0x1	1	14659
B	RTL8367B_REG_METER30_RATE_CTRL0		REGISTER	0x143c	5180	14661
B	RTL8367B_REG_METER30_RATE_CTRL1		REGISTER	0x143d	5181	14663
B	RTL8367B_METER30_RATE_CTRL1_OFFSET		OFFSET_SHIFT	0	0	14664
B	RTL8367B_METER30_RATE_CTRL1_MASK		MASK	0x1	1	14665
B	RTL8367B_REG_METER31_RATE_CTRL0		REGISTER	0x143e	5182	14667
B	RTL8367B_REG_METER31_RATE_CTRL1		REGISTER	0x143f	5183	14669
B	RTL8367B_METER31_RATE_CTRL1_OFFSET		OFFSET_SHIFT	0	0	14670
B	RTL8367B_METER31_RATE_CTRL1_MASK		MASK	0x1	1	14671
B	RTL8367B_REG_METER0_BUCKET_SIZE		REGISTER	0x1600	5632	14673
B	RTL8367B_REG_METER1_BUCKET_SIZE		REGISTER	0x1601	5633	14675
B	RTL8367B_REG_METER2_BUCKET_SIZE		REGISTER	0x1602	5634	14677
B	RTL8367B_REG_METER3_BUCKET_SIZE		REGISTER	0x1603	5635	14679
B	RTL8367B_REG_METER4_BUCKET_SIZE		REGISTER	0x1604	5636	14681
B	RTL8367B_REG_METER5_BUCKET_SIZE		REGISTER	0x1605	5637	14683
B	RTL8367B_REG_METER6_BUCKET_SIZE		REGISTER	0x1606	5638	14685
B	RTL8367B_REG_METER7_BUCKET_SIZE		REGISTER	0x1607	5639	14687
B	RTL8367B_REG_METER8_BUCKET_SIZE		REGISTER	0x1608	5640	14689
B	RTL8367B_REG_METER9_BUCKET_SIZE		REGISTER	0x1609	5641	14691
B	RTL8367B_REG_METER10_BUCKET_SIZE		REGISTER	0x160a	5642	14693
B	RTL8367B_REG_METER11_BUCKET_SIZE		REGISTER	0x160b	5643	14695
B	RTL8367B_REG_METER12_BUCKET_SIZE		REGISTER	0x160c	5644	14697
B	RTL8367B_REG_METER13_BUCKET_SIZE		REGISTER	0x160d	5645	14699
B	RTL8367B_REG_METER14_BUCKET_SIZE		REGISTER	0x160e	5646	14701
B	RTL8367B_REG_METER15_BUCKET_SIZE		REGISTER	0x160f	5647	14703
B	RTL8367B_REG_METER16_BUCKET_SIZE		REGISTER	0x1610	5648	14705
B	RTL8367B_REG_METER17_BUCKET_SIZE		REGISTER	0x1611	5649	14707
B	RTL8367B_REG_METER18_BUCKET_SIZE		REGISTER	0x1612	5650	14709
B	RTL8367B_REG_METER19_BUCKET_SIZE		REGISTER	0x1613	5651	14711
B	RTL8367B_REG_METER20_BUCKET_SIZE		REGISTER	0x1614	5652	14713
B	RTL8367B_REG_METER21_BUCKET_SIZE		REGISTER	0x1615	5653	14715
B	RTL8367B_REG_METER22_BUCKET_SIZE		REGISTER	0x1616	5654	14717
B	RTL8367B_REG_METER23_BUCKET_SIZE		REGISTER	0x1617	5655	14719
B	RTL8367B_REG_METER24_BUCKET_SIZE		REGISTER	0x1618	5656	14721
B	RTL8367B_REG_METER25_BUCKET_SIZE		REGISTER	0x1619	5657	14723
B	RTL8367B_REG_METER26_BUCKET_SIZE		REGISTER	0x161a	5658	14725
B	RTL8367B_REG_METER27_BUCKET_SIZE		REGISTER	0x161b	5659	14727
B	RTL8367B_REG_METER28_BUCKET_SIZE		REGISTER	0x161c	5660	14729
B	RTL8367B_REG_METER29_BUCKET_SIZE		REGISTER	0x161d	5661	14731
B	RTL8367B_REG_METER30_BUCKET_SIZE		REGISTER	0x161e	5662	14733
B	RTL8367B_REG_METER31_BUCKET_SIZE		REGISTER	0x161f	5663	14735
B	RTL8367B_REG_METER_CTRL0		REGISTER	0x1700	5888	14737
B	RTL8367B_METER_OP_OFFSET		OFFSET_SHIFT	8	8	14738
B	RTL8367B_METER_OP_MASK		MASK	0x100	256	14739
B	RTL8367B_METER_TICK_OFFSET		OFFSET_SHIFT	0	0	14740
B	RTL8367B_METER_TICK_MASK		MASK	0xFF	255	14741
B	RTL8367B_REG_METER_CTRL1		REGISTER	0x1701	5889	14743
B	RTL8367B_METER_CTRL1_OFFSET		OFFSET_SHIFT	0	0	14744
B	RTL8367B_METER_CTRL1_MASK		MASK	0xFF	255	14745
B	RTL8367B_REG_METER_OVERRATE_INDICATOR0		REGISTER	0x1702	5890	14747
B	RTL8367B_REG_METER_OVERRATE_INDICATOR1		REGISTER	0x1703	5891	14749
B	RTL8367B_REG_METER_OVERRATE_INDICATOR0_8051		REGISTER	0x1704	5892	14751
B	RTL8367B_REG_METER_OVERRATE_INDICATOR1_8051		REGISTER	0x1705	5893	14753
B	RTL8367B_REG_METER_IFG_CTRL0		REGISTER	0x1712	5906	14755
B	RTL8367B_METER15_IFG_OFFSET		OFFSET_SHIFT	15	15	14756
B	RTL8367B_METER15_IFG_MASK		MASK	0x8000	32768	14757
B	RTL8367B_METER14_IFG_OFFSET		OFFSET_SHIFT	14	14	14758
B	RTL8367B_METER14_IFG_MASK		MASK	0x4000	16384	14759
B	RTL8367B_METER13_IFG_OFFSET		OFFSET_SHIFT	13	13	14760
B	RTL8367B_METER13_IFG_MASK		MASK	0x2000	8192	14761
B	RTL8367B_METER12_IFG_OFFSET		OFFSET_SHIFT	12	12	14762
B	RTL8367B_METER12_IFG_MASK		MASK	0x1000	4096	14763
B	RTL8367B_METER11_IFG_OFFSET		OFFSET_SHIFT	11	11	14764
B	RTL8367B_METER11_IFG_MASK		MASK	0x800	2048	14765
B	RTL8367B_METER10_IFG_OFFSET		OFFSET_SHIFT	10	10	14766
B	RTL8367B_METER10_IFG_MASK		MASK	0x400	1024	14767
B	RTL8367B_METER9_IFG_OFFSET		OFFSET_SHIFT	9	9	14768
B	RTL8367B_METER9_IFG_MASK		MASK	0x200	512	14769
B	RTL8367B_METER8_IFG_OFFSET		OFFSET_SHIFT	8	8	14770
B	RTL8367B_METER8_IFG_MASK		MASK	0x100	256	14771
B	RTL8367B_METER7_IFG_OFFSET		OFFSET_SHIFT	7	7	14772
B	RTL8367B_METER7_IFG_MASK		MASK	0x80	128	14773
B	RTL8367B_METER6_IFG_OFFSET		OFFSET_SHIFT	6	6	14774
B	RTL8367B_METER6_IFG_MASK		MASK	0x40	64	14775
B	RTL8367B_METER5_IFG_OFFSET		OFFSET_SHIFT	5	5	14776
B	RTL8367B_METER5_IFG_MASK		MASK	0x20	32	14777
B	RTL8367B_METER4_IFG_OFFSET		OFFSET_SHIFT	4	4	14778
B	RTL8367B_METER4_IFG_MASK		MASK	0x10	16	14779
B	RTL8367B_METER3_IFG_OFFSET		OFFSET_SHIFT	3	3	14780
B	RTL8367B_METER3_IFG_MASK		MASK	0x8	8	14781
B	RTL8367B_METER2_IFG_OFFSET		OFFSET_SHIFT	2	2	14782
B	RTL8367B_METER2_IFG_MASK		MASK	0x4	4	14783
B	RTL8367B_METER1_IFG_OFFSET		OFFSET_SHIFT	1	1	14784
B	RTL8367B_METER1_IFG_MASK		MASK	0x2	2	14785
B	RTL8367B_METER0_IFG_OFFSET		OFFSET_SHIFT	0	0	14786
B	RTL8367B_METER0_IFG_MASK		MASK	0x1	1	14787
B	RTL8367B_REG_METER_IFG_CTRL1		REGISTER	0x1713	5907	14789
B	RTL8367B_METER31_IFG_OFFSET		OFFSET_SHIFT	15	15	14790
B	RTL8367B_METER31_IFG_MASK		MASK	0x8000	32768	14791
B	RTL8367B_METER30_IFG_OFFSET		OFFSET_SHIFT	14	14	14792
B	RTL8367B_METER30_IFG_MASK		MASK	0x4000	16384	14793
B	RTL8367B_METER29_IFG_OFFSET		OFFSET_SHIFT	13	13	14794
B	RTL8367B_METER29_IFG_MASK		MASK	0x2000	8192	14795
B	RTL8367B_METER28_IFG_OFFSET		OFFSET_SHIFT	12	12	14796
B	RTL8367B_METER28_IFG_MASK		MASK	0x1000	4096	14797
B	RTL8367B_METER27_IFG_OFFSET		OFFSET_SHIFT	11	11	14798
B	RTL8367B_METER27_IFG_MASK		MASK	0x800	2048	14799
B	RTL8367B_METER26_IFG_OFFSET		OFFSET_SHIFT	10	10	14800
B	RTL8367B_METER26_IFG_MASK		MASK	0x400	1024	14801
B	RTL8367B_METER25_IFG_OFFSET		OFFSET_SHIFT	9	9	14802
B	RTL8367B_METER25_IFG_MASK		MASK	0x200	512	14803
B	RTL8367B_METER24_IFG_OFFSET		OFFSET_SHIFT	8	8	14804
B	RTL8367B_METER24_IFG_MASK		MASK	0x100	256	14805
B	RTL8367B_METER23_IFG_OFFSET		OFFSET_SHIFT	7	7	14806
B	RTL8367B_METER23_IFG_MASK		MASK	0x80	128	14807
B	RTL8367B_METER22_IFG_OFFSET		OFFSET_SHIFT	6	6	14808
B	RTL8367B_METER22_IFG_MASK		MASK	0x40	64	14809
B	RTL8367B_METER21_IFG_OFFSET		OFFSET_SHIFT	5	5	14810
B	RTL8367B_METER21_IFG_MASK		MASK	0x20	32	14811
B	RTL8367B_METER20_IFG_OFFSET		OFFSET_SHIFT	4	4	14812
B	RTL8367B_METER20_IFG_MASK		MASK	0x10	16	14813
B	RTL8367B_METER19_IFG_OFFSET		OFFSET_SHIFT	3	3	14814
B	RTL8367B_METER19_IFG_MASK		MASK	0x8	8	14815
B	RTL8367B_METER18_IFG_OFFSET		OFFSET_SHIFT	2	2	14816
B	RTL8367B_METER18_IFG_MASK		MASK	0x4	4	14817
B	RTL8367B_METER17_IFG_OFFSET		OFFSET_SHIFT	1	1	14818
B	RTL8367B_METER17_IFG_MASK		MASK	0x2	2	14819
B	RTL8367B_METER16_IFG_OFFSET		OFFSET_SHIFT	0	0	14820
B	RTL8367B_METER16_IFG_MASK		MASK	0x1	1	14821
B	RTL8367B_REG_METER_CTRL2		REGISTER	0x1722	5922	14823
B	RTL8367B_cfg_mtr_tick_8g_OFFSET		OFFSET_SHIFT	8	8	14824
B	RTL8367B_cfg_mtr_tick_8g_MASK		MASK	0xFF00	65280	14825
B	RTL8367B_cfg_mtr_dec_cnt_8g_OFFSET		OFFSET_SHIFT	0	0	14826
B	RTL8367B_cfg_mtr_dec_cnt_8g_MASK		MASK	0xFF	255	14827
B	RTL8367B_REG_DUMMY_1723		REGISTER	0x1723	5923	14829
B	RTL8367B_REG_DUMMY_1724		REGISTER	0x1724	5924	14831
B	RTL8367B_REG_DUMMY_1725		REGISTER	0x1725	5925	14833
B	RTL8367B_REG_DUMMY_1726		REGISTER	0x1726	5926	14835
B	RTL8367B_REG_DUMMY_1727		REGISTER	0x1727	5927	14837
B	RTL8367B_REG_DUMMY_1728		REGISTER	0x1728	5928	14839
B	RTL8367B_REG_DUMMY_1729		REGISTER	0x1729	5929	14841
B	RTL8367B_REG_DUMMY_172A		REGISTER	0x172a	5930	14843
B	RTL8367B_REG_DUMMY_172B		REGISTER	0x172b	5931	14845
B	RTL8367B_REG_DUMMY_172C		REGISTER	0x172c	5932	14847
B	RTL8367B_REG_DUMMY_172D		REGISTER	0x172d	5933	14849
B	RTL8367B_REG_DUMMY_172E		REGISTER	0x172e	5934	14851
B	RTL8367B_REG_DUMMY_172F		REGISTER	0x172f	5935	14853
B	RTL8367B_REG_DUMMY_1730		REGISTER	0x1730	5936	14855
B	RTL8367B_REG_DUMMY_1731		REGISTER	0x1731	5937	14857
B	RTL8367B_REG_EEELLDP_CTRL0		REGISTER	0x1820	6176	14861
B	RTL8367B_EEELLDP_SUBTYPE_OFFSET		OFFSET_SHIFT	6	6	14862
B	RTL8367B_EEELLDP_SUBTYPE_MASK		MASK	0x3FC0	16320	14863
B	RTL8367B_EEELLDP_TRAP_8051_OFFSET		OFFSET_SHIFT	2	2	14864
B	RTL8367B_EEELLDP_TRAP_8051_MASK		MASK	0x4	4	14865
B	RTL8367B_EEELLDP_TRAP_CPU_OFFSET		OFFSET_SHIFT	1	1	14866
B	RTL8367B_EEELLDP_TRAP_CPU_MASK		MASK	0x2	2	14867
B	RTL8367B_EEELLDP_ENABLE_OFFSET		OFFSET_SHIFT	0	0	14868
B	RTL8367B_EEELLDP_ENABLE_MASK		MASK	0x1	1	14869
B	RTL8367B_REG_EEELLDP_PMSK		REGISTER	0x1822	6178	14871
B	RTL8367B_EEELLDP_PMSK_OFFSET		OFFSET_SHIFT	0	0	14872
B	RTL8367B_EEELLDP_PMSK_MASK		MASK	0xFF	255	14873
B	RTL8367B_REG_EEELLDP_RX_VALUE_P00_08		REGISTER	0x1843	6211	14875
B	RTL8367B_REG_EEELLDP_RX_VALUE_P00_07		REGISTER	0x1844	6212	14877
B	RTL8367B_REG_EEELLDP_RX_VALUE_P00_06		REGISTER	0x1845	6213	14879
B	RTL8367B_REG_EEELLDP_RX_VALUE_P00_05		REGISTER	0x1846	6214	14881
B	RTL8367B_REG_EEELLDP_RX_VALUE_P00_04		REGISTER	0x1847	6215	14883
B	RTL8367B_REG_EEELLDP_RX_VALUE_P00_03		REGISTER	0x1848	6216	14885
B	RTL8367B_REG_EEELLDP_RX_VALUE_P00_02		REGISTER	0x1849	6217	14887
B	RTL8367B_REG_EEELLDP_RX_VALUE_P00_01		REGISTER	0x184a	6218	14889
B	RTL8367B_REG_EEELLDP_RX_VALUE_P00_00		REGISTER	0x184b	6219	14891
B	RTL8367B_REG_EEELLDP_RX_VALUE_P01_08		REGISTER	0x184c	6220	14893
B	RTL8367B_REG_EEELLDP_RX_VALUE_P01_07		REGISTER	0x184d	6221	14895
B	RTL8367B_REG_EEELLDP_RX_VALUE_P01_06		REGISTER	0x184e	6222	14897
B	RTL8367B_REG_EEELLDP_RX_VALUE_P01_05		REGISTER	0x184f	6223	14899
B	RTL8367B_REG_EEELLDP_RX_VALUE_P01_04		REGISTER	0x1850	6224	14901
B	RTL8367B_REG_EEELLDP_RX_VALUE_P01_03		REGISTER	0x1851	6225	14903
B	RTL8367B_REG_EEELLDP_RX_VALUE_P01_02		REGISTER	0x1852	6226	14905
B	RTL8367B_REG_EEELLDP_RX_VALUE_P01_01		REGISTER	0x1853	6227	14907
B	RTL8367B_REG_EEELLDP_RX_VALUE_P01_00		REGISTER	0x1854	6228	14909
B	RTL8367B_REG_EEELLDP_RX_VALUE_P02_08		REGISTER	0x1855	6229	14911
B	RTL8367B_REG_EEELLDP_RX_VALUE_P02_07		REGISTER	0x1856	6230	14913
B	RTL8367B_REG_EEELLDP_RX_VALUE_P02_06		REGISTER	0x1857	6231	14915
B	RTL8367B_REG_EEELLDP_RX_VALUE_P02_05		REGISTER	0x1858	6232	14917
B	RTL8367B_REG_EEELLDP_RX_VALUE_P02_04		REGISTER	0x1859	6233	14919
B	RTL8367B_REG_EEELLDP_RX_VALUE_P02_03		REGISTER	0x185a	6234	14921
B	RTL8367B_REG_EEELLDP_RX_VALUE_P02_02		REGISTER	0x185b	6235	14923
B	RTL8367B_REG_EEELLDP_RX_VALUE_P02_01		REGISTER	0x185c	6236	14925
B	RTL8367B_REG_EEELLDP_RX_VALUE_P02_00		REGISTER	0x185d	6237	14927
B	RTL8367B_REG_EEELLDP_RX_VALUE_P03_08		REGISTER	0x185e	6238	14929
B	RTL8367B_REG_EEELLDP_RX_VALUE_P03_07		REGISTER	0x185f	6239	14931
B	RTL8367B_REG_EEELLDP_RX_VALUE_P03_06		REGISTER	0x1860	6240	14933
B	RTL8367B_REG_EEELLDP_RX_VALUE_P03_05		REGISTER	0x1861	6241	14935
B	RTL8367B_REG_EEELLDP_RX_VALUE_P03_04		REGISTER	0x1862	6242	14937
B	RTL8367B_REG_EEELLDP_RX_VALUE_P03_03		REGISTER	0x1863	6243	14939
B	RTL8367B_REG_EEELLDP_RX_VALUE_P03_02		REGISTER	0x1864	6244	14941
B	RTL8367B_REG_EEELLDP_RX_VALUE_P03_01		REGISTER	0x1865	6245	14943
B	RTL8367B_REG_EEELLDP_RX_VALUE_P03_00		REGISTER	0x1866	6246	14945
B	RTL8367B_REG_EEELLDP_RX_VALUE_P04_08		REGISTER	0x1867	6247	14947
B	RTL8367B_REG_EEELLDP_RX_VALUE_P04_07		REGISTER	0x1868	6248	14949
B	RTL8367B_REG_EEELLDP_RX_VALUE_P04_06		REGISTER	0x1869	6249	14951
B	RTL8367B_REG_EEELLDP_RX_VALUE_P04_05		REGISTER	0x186a	6250	14953
B	RTL8367B_REG_EEELLDP_RX_VALUE_P04_04		REGISTER	0x186b	6251	14955
B	RTL8367B_REG_EEELLDP_RX_VALUE_P04_03		REGISTER	0x186c	6252	14957
B	RTL8367B_REG_EEELLDP_RX_VALUE_P04_02		REGISTER	0x186d	6253	14959
B	RTL8367B_REG_EEELLDP_RX_VALUE_P04_01		REGISTER	0x186e	6254	14961
B	RTL8367B_REG_EEELLDP_RX_VALUE_P04_00		REGISTER	0x186f	6255	14963
B	RTL8367B_REG_EEELLDP_RX_VALUE_P05_08		REGISTER	0x1870	6256	14965
B	RTL8367B_REG_EEELLDP_RX_VALUE_P05_07		REGISTER	0x1871	6257	14967
B	RTL8367B_REG_EEELLDP_RX_VALUE_P05_06		REGISTER	0x1872	6258	14969
B	RTL8367B_REG_EEELLDP_RX_VALUE_P05_05		REGISTER	0x1873	6259	14971
B	RTL8367B_REG_EEELLDP_RX_VALUE_P05_04		REGISTER	0x1874	6260	14973
B	RTL8367B_REG_EEELLDP_RX_VALUE_P05_03		REGISTER	0x1875	6261	14975
B	RTL8367B_REG_EEELLDP_RX_VALUE_P05_02		REGISTER	0x1876	6262	14977
B	RTL8367B_REG_EEELLDP_RX_VALUE_P05_01		REGISTER	0x1877	6263	14979
B	RTL8367B_REG_EEELLDP_RX_VALUE_P05_00		REGISTER	0x1878	6264	14981
B	RTL8367B_REG_EEELLDP_RX_VALUE_P06_08		REGISTER	0x1879	6265	14983
B	RTL8367B_REG_EEELLDP_RX_VALUE_P06_07		REGISTER	0x187a	6266	14985
B	RTL8367B_REG_EEELLDP_RX_VALUE_P06_06		REGISTER	0x187b	6267	14987
B	RTL8367B_REG_EEELLDP_RX_VALUE_P06_05		REGISTER	0x187c	6268	14989
B	RTL8367B_REG_EEELLDP_RX_VALUE_P06_04		REGISTER	0x187d	6269	14991
B	RTL8367B_REG_EEELLDP_RX_VALUE_P06_03		REGISTER	0x187e	6270	14993
B	RTL8367B_REG_EEELLDP_RX_VALUE_P06_02		REGISTER	0x187f	6271	14995
B	RTL8367B_REG_EEELLDP_RX_VALUE_P06_01		REGISTER	0x1880	6272	14997
B	RTL8367B_REG_EEELLDP_RX_VALUE_P06_00		REGISTER	0x1881	6273	14999
B	RTL8367B_REG_EEELLDP_RX_VALUE_P07_08		REGISTER	0x1882	6274	15001
B	RTL8367B_REG_EEELLDP_RX_VALUE_P07_07		REGISTER	0x1883	6275	15003
B	RTL8367B_REG_EEELLDP_RX_VALUE_P07_06		REGISTER	0x1884	6276	15005
B	RTL8367B_REG_EEELLDP_RX_VALUE_P07_05		REGISTER	0x1885	6277	15007
B	RTL8367B_REG_EEELLDP_RX_VALUE_P07_04		REGISTER	0x1886	6278	15009
B	RTL8367B_REG_EEELLDP_RX_VALUE_P07_03		REGISTER	0x1887	6279	15011
B	RTL8367B_REG_EEELLDP_RX_VALUE_P07_02		REGISTER	0x1888	6280	15013
B	RTL8367B_REG_EEELLDP_RX_VALUE_P07_01		REGISTER	0x1889	6281	15015
B	RTL8367B_REG_EEELLDP_RX_VALUE_P07_00		REGISTER	0x188a	6282	15017
B	RTL8367B_REG_RLDP_CTRL0		REGISTER	0x18e0	6368	15019
B	RTL8367B_RLDP_TRIGGER_MODE_OFFSET		OFFSET_SHIFT	14	14	15020
B	RTL8367B_RLDP_TRIGGER_MODE_MASK		MASK	0x4000	16384	15021
B	RTL8367B_RLDP_8051_LOOP_PORTMSK_OFFSET		OFFSET_SHIFT	6	6	15022
B	RTL8367B_RLDP_8051_LOOP_PORTMSK_MASK		MASK	0x3FC0	16320	15023
B	RTL8367B_RLPP_8051_TRAP_OFFSET		OFFSET_SHIFT	5	5	15024
B	RTL8367B_RLPP_8051_TRAP_MASK		MASK	0x20	32	15025
B	RTL8367B_RLDP_INDICATOR_SOURCE_OFFSET		OFFSET_SHIFT	4	4	15026
B	RTL8367B_RLDP_INDICATOR_SOURCE_MASK		MASK	0x10	16	15027
B	RTL8367B_RLDP_GEN_RANDOM_OFFSET		OFFSET_SHIFT	3	3	15028
B	RTL8367B_RLDP_GEN_RANDOM_MASK		MASK	0x8	8	15029
B	RTL8367B_RLDP_COMP_ID_OFFSET		OFFSET_SHIFT	2	2	15030
B	RTL8367B_RLDP_COMP_ID_MASK		MASK	0x4	4	15031
B	RTL8367B_RLDP_8051_ENABLE_OFFSET		OFFSET_SHIFT	1	1	15032
B	RTL8367B_RLDP_8051_ENABLE_MASK		MASK	0x2	2	15033
B	RTL8367B_RLDP_ENABLE_OFFSET		OFFSET_SHIFT	0	0	15034
B	RTL8367B_RLDP_ENABLE_MASK		MASK	0x1	1	15035
B	RTL8367B_REG_RLDP_CTRL1		REGISTER	0x18e1	6369	15037
B	RTL8367B_RLDP_RETRY_COUNT_LOOPSTATE_OFFSET		OFFSET_SHIFT	8	8	15038
B	RTL8367B_RLDP_RETRY_COUNT_LOOPSTATE_MASK		MASK	0xFF00	65280	15039
B	RTL8367B_RLDP_RETRY_COUNT_CHKSTATE_OFFSET		OFFSET_SHIFT	0	0	15040
B	RTL8367B_RLDP_RETRY_COUNT_CHKSTATE_MASK		MASK	0xFF	255	15041
B	RTL8367B_REG_RLDP_CTRL2		REGISTER	0x18e2	6370	15043
B	RTL8367B_REG_RLDP_CTRL3		REGISTER	0x18e3	6371	15045
B	RTL8367B_REG_RLDP_CTRL4		REGISTER	0x18e4	6372	15047
B	RTL8367B_RLDP_CTRL4_OFFSET		OFFSET_SHIFT	0	0	15048
B	RTL8367B_RLDP_CTRL4_MASK		MASK	0xFF	255	15049
B	RTL8367B_REG_RLDP_RAND_NUM0		REGISTER	0x18e5	6373	15051
B	RTL8367B_REG_RLDP_RAND_NUM1		REGISTER	0x18e6	6374	15053
B	RTL8367B_REG_RLDP_RAND_NUM2		REGISTER	0x18e7	6375	15055
B	RTL8367B_REG_RLDP_MAGIC_NUM0		REGISTER	0x18e8	6376	15057
B	RTL8367B_REG_RLDP_MAGIC_NUM1		REGISTER	0x18e9	6377	15059
B	RTL8367B_REG_RLDP_MAGIC_NUM2		REGISTER	0x18ea	6378	15061
B	RTL8367B_REG_RLDP_LOOPED_INDICATOR		REGISTER	0x18eb	6379	15063
B	RTL8367B_RLDP_LOOPED_INDICATOR_OFFSET		OFFSET_SHIFT	0	0	15064
B	RTL8367B_RLDP_LOOPED_INDICATOR_MASK		MASK	0xFF	255	15065
B	RTL8367B_REG_RLDP_LOOP_PORT_REG0		REGISTER	0x18ec	6380	15067
B	RTL8367B_RLDP_LOOP_PORT_01_OFFSET		OFFSET_SHIFT	8	8	15068
B	RTL8367B_RLDP_LOOP_PORT_01_MASK		MASK	0x700	1792	15069
B	RTL8367B_RLDP_LOOP_PORT_00_OFFSET		OFFSET_SHIFT	0	0	15070
B	RTL8367B_RLDP_LOOP_PORT_00_MASK		MASK	0x7	7	15071
B	RTL8367B_REG_RLDP_LOOP_PORT_REG1		REGISTER	0x18ed	6381	15073
B	RTL8367B_RLDP_LOOP_PORT_03_OFFSET		OFFSET_SHIFT	8	8	15074
B	RTL8367B_RLDP_LOOP_PORT_03_MASK		MASK	0x700	1792	15075
B	RTL8367B_RLDP_LOOP_PORT_02_OFFSET		OFFSET_SHIFT	0	0	15076
B	RTL8367B_RLDP_LOOP_PORT_02_MASK		MASK	0x7	7	15077
B	RTL8367B_REG_RLDP_LOOP_PORT_REG2		REGISTER	0x18ee	6382	15079
B	RTL8367B_RLDP_LOOP_PORT_05_OFFSET		OFFSET_SHIFT	8	8	15080
B	RTL8367B_RLDP_LOOP_PORT_05_MASK		MASK	0x700	1792	15081
B	RTL8367B_RLDP_LOOP_PORT_04_OFFSET		OFFSET_SHIFT	0	0	15082
B	RTL8367B_RLDP_LOOP_PORT_04_MASK		MASK	0x7	7	15083
B	RTL8367B_REG_RLDP_LOOP_PORT_REG3		REGISTER	0x18ef	6383	15085
B	RTL8367B_RLDP_LOOP_PORT_07_OFFSET		OFFSET_SHIFT	8	8	15086
B	RTL8367B_RLDP_LOOP_PORT_07_MASK		MASK	0x700	1792	15087
B	RTL8367B_RLDP_LOOP_PORT_06_OFFSET		OFFSET_SHIFT	0	0	15088
B	RTL8367B_RLDP_LOOP_PORT_06_MASK		MASK	0x7	7	15089
B	RTL8367B_REG_RLDP_RELEASED_INDICATOR		REGISTER	0x18f0	6384	15091
B	RTL8367B_RLDP_RELEASED_INDICATOR_OFFSET		OFFSET_SHIFT	0	0	15092
B	RTL8367B_RLDP_RELEASED_INDICATOR_MASK		MASK	0xFF	255	15093
B	RTL8367B_REG_RLDP_LOOPSTATUS_INDICATOR		REGISTER	0x18f1	6385	15095
B	RTL8367B_RLDP_LOOPSTATUS_INDICATOR_OFFSET		OFFSET_SHIFT	0	0	15096
B	RTL8367B_RLDP_LOOPSTATUS_INDICATOR_MASK		MASK	0xFF	255	15097
B	RTL8367B_REG_NIC_RXRDRL		REGISTER	0x1a04	6660	15101
B	RTL8367B_NIC_RXRDRL_OFFSET		OFFSET_SHIFT	0	0	15102
B	RTL8367B_NIC_RXRDRL_MASK		MASK	0xFF	255	15103
B	RTL8367B_REG_NIC_RXRDRH		REGISTER	0x1a05	6661	15105
B	RTL8367B_NIC_RXRDRH_OFFSET		OFFSET_SHIFT	0	0	15106
B	RTL8367B_NIC_RXRDRH_MASK		MASK	0xFF	255	15107
B	RTL8367B_REG_NIC_TXASRL		REGISTER	0x1a08	6664	15109
B	RTL8367B_NIC_TXASRL_OFFSET		OFFSET_SHIFT	0	0	15110
B	RTL8367B_NIC_TXASRL_MASK		MASK	0xFF	255	15111
B	RTL8367B_REG_NIC_TXASRH		REGISTER	0x1a09	6665	15113
B	RTL8367B_NIC_TXASRH_OFFSET		OFFSET_SHIFT	0	0	15114
B	RTL8367B_NIC_TXASRH_MASK		MASK	0xFF	255	15115
B	RTL8367B_REG_NIC_RXCMDR		REGISTER	0x1a0c	6668	15117
B	RTL8367B_NIC_RXCMDR_OFFSET		OFFSET_SHIFT	0	0	15118
B	RTL8367B_NIC_RXCMDR_MASK		MASK	0x1	1	15119
B	RTL8367B_REG_NIC_TXCMDR		REGISTER	0x1a0d	6669	15121
B	RTL8367B_NIC_TXCMDR_OFFSET		OFFSET_SHIFT	0	0	15122
B	RTL8367B_NIC_TXCMDR_MASK		MASK	0x1	1	15123
B	RTL8367B_REG_NIC_IMS		REGISTER	0x1a0e	6670	15125
B	RTL8367B_NIC_RXIS_OFFSET		OFFSET_SHIFT	7	7	15126
B	RTL8367B_NIC_RXIS_MASK		MASK	0x80	128	15127
B	RTL8367B_NIC_TXIS_OFFSET		OFFSET_SHIFT	6	6	15128
B	RTL8367B_NIC_TXIS_MASK		MASK	0x40	64	15129
B	RTL8367B_NIC_TXES_OFFSET		OFFSET_SHIFT	5	5	15130
B	RTL8367B_NIC_TXES_MASK		MASK	0x20	32	15131
B	RTL8367B_NIC_IMS_DMY_OFFSET		OFFSET_SHIFT	4	4	15132
B	RTL8367B_NIC_IMS_DMY_MASK		MASK	0x10	16	15133
B	RTL8367B_NIC_RXBUS_OFFSET		OFFSET_SHIFT	3	3	15134
B	RTL8367B_NIC_RXBUS_MASK		MASK	0x8	8	15135
B	RTL8367B_NIC_TXBOS_OFFSET		OFFSET_SHIFT	2	2	15136
B	RTL8367B_NIC_TXBOS_MASK		MASK	0x4	4	15137
B	RTL8367B_NIC_RXMIS_OFFSET		OFFSET_SHIFT	1	1	15138
B	RTL8367B_NIC_RXMIS_MASK		MASK	0x2	2	15139
B	RTL8367B_NIC_TXNLS_OFFSET		OFFSET_SHIFT	0	0	15140
B	RTL8367B_NIC_TXNLS_MASK		MASK	0x1	1	15141
B	RTL8367B_REG_NIC_IMR		REGISTER	0x1a0f	6671	15143
B	RTL8367B_NIC_RXIE_OFFSET		OFFSET_SHIFT	7	7	15144
B	RTL8367B_NIC_RXIE_MASK		MASK	0x80	128	15145
B	RTL8367B_NIC_TXIE_OFFSET		OFFSET_SHIFT	6	6	15146
B	RTL8367B_NIC_TXIE_MASK		MASK	0x40	64	15147
B	RTL8367B_NIC_TXEE_OFFSET		OFFSET_SHIFT	5	5	15148
B	RTL8367B_NIC_TXEE_MASK		MASK	0x20	32	15149
B	RTL8367B_NIC_IMR_DMY_OFFSET		OFFSET_SHIFT	4	4	15150
B	RTL8367B_NIC_IMR_DMY_MASK		MASK	0x10	16	15151
B	RTL8367B_NIC_RXBUE_OFFSET		OFFSET_SHIFT	3	3	15152
B	RTL8367B_NIC_RXBUE_MASK		MASK	0x8	8	15153
B	RTL8367B_NIC_TXBOE_OFFSET		OFFSET_SHIFT	2	2	15154
B	RTL8367B_NIC_TXBOE_MASK		MASK	0x4	4	15155
B	RTL8367B_NIC_RXMIE_OFFSET		OFFSET_SHIFT	1	1	15156
B	RTL8367B_NIC_RXMIE_MASK		MASK	0x2	2	15157
B	RTL8367B_NIC_TXNLE_OFFSET		OFFSET_SHIFT	0	0	15158
B	RTL8367B_NIC_TXNLE_MASK		MASK	0x1	1	15159
B	RTL8367B_REG_NIC_RXCR0		REGISTER	0x1a14	6676	15161
B	RTL8367B_NIC_HFPPE_OFFSET		OFFSET_SHIFT	7	7	15162
B	RTL8367B_NIC_HFPPE_MASK		MASK	0x80	128	15163
B	RTL8367B_NIC_HFMPE_OFFSET		OFFSET_SHIFT	6	6	15164
B	RTL8367B_NIC_HFMPE_MASK		MASK	0x40	64	15165
B	RTL8367B_NIC_RXBPE_OFFSET		OFFSET_SHIFT	5	5	15166
B	RTL8367B_NIC_RXBPE_MASK		MASK	0x20	32	15167
B	RTL8367B_NIC_RXMPE_OFFSET		OFFSET_SHIFT	4	4	15168
B	RTL8367B_NIC_RXMPE_MASK		MASK	0x10	16	15169
B	RTL8367B_NIC_RXPPS_OFFSET		OFFSET_SHIFT	2	2	15170
B	RTL8367B_NIC_RXPPS_MASK		MASK	0xC	12	15171
B	RTL8367B_NIC_RXAPE_OFFSET		OFFSET_SHIFT	1	1	15172
B	RTL8367B_NIC_RXAPE_MASK		MASK	0x2	2	15173
B	RTL8367B_NIC_ARPPE_OFFSET		OFFSET_SHIFT	0	0	15174
B	RTL8367B_NIC_ARPPE_MASK		MASK	0x1	1	15175
B	RTL8367B_REG_NIC_RXCR1		REGISTER	0x1a15	6677	15177
B	RTL8367B_NIC_RL4CEPE_OFFSET		OFFSET_SHIFT	4	4	15178
B	RTL8367B_NIC_RL4CEPE_MASK		MASK	0x10	16	15179
B	RTL8367B_NIC_RL3CEPE_OFFSET		OFFSET_SHIFT	3	3	15180
B	RTL8367B_NIC_RL3CEPE_MASK		MASK	0x8	8	15181
B	RTL8367B_NIC_RCRCEPE_OFFSET		OFFSET_SHIFT	2	2	15182
B	RTL8367B_NIC_RCRCEPE_MASK		MASK	0x4	4	15183
B	RTL8367B_NIC_RMCRC_OFFSET		OFFSET_SHIFT	1	1	15184
B	RTL8367B_NIC_RMCRC_MASK		MASK	0x2	2	15185
B	RTL8367B_NIC_RXENABLE_OFFSET		OFFSET_SHIFT	0	0	15186
B	RTL8367B_NIC_RXENABLE_MASK		MASK	0x1	1	15187
B	RTL8367B_REG_NIC_TXCR		REGISTER	0x1a16	6678	15189
B	RTL8367B_NIC_LBE_OFFSET		OFFSET_SHIFT	2	2	15190
B	RTL8367B_NIC_LBE_MASK		MASK	0x4	4	15191
B	RTL8367B_NIC_TXMFM_OFFSET		OFFSET_SHIFT	1	1	15192
B	RTL8367B_NIC_TXMFM_MASK		MASK	0x2	2	15193
B	RTL8367B_NIC_TXENABLE_OFFSET		OFFSET_SHIFT	0	0	15194
B	RTL8367B_NIC_TXENABLE_MASK		MASK	0x1	1	15195
B	RTL8367B_REG_NIC_GCR		REGISTER	0x1a17	6679	15197
B	RTL8367B_DUMMY_7_6_OFFSET		OFFSET_SHIFT	6	6	15198
B	RTL8367B_DUMMY_7_6_MASK		MASK	0xC0	192	15199
B	RTL8367B_NIC_RXMTU_OFFSET		OFFSET_SHIFT	4	4	15200
B	RTL8367B_NIC_RXMTU_MASK		MASK	0x30	48	15201
B	RTL8367B_DUMMY_0_OFFSET		OFFSET_SHIFT	0	0	15202
B	RTL8367B_DUMMY_0_MASK		MASK	0x1	1	15203
B	RTL8367B_REG_NIC_MHR0		REGISTER	0x1a24	6692	15205
B	RTL8367B_NIC_MHR0_OFFSET		OFFSET_SHIFT	0	0	15206
B	RTL8367B_NIC_MHR0_MASK		MASK	0xFF	255	15207
B	RTL8367B_REG_NIC_MHR1		REGISTER	0x1a25	6693	15209
B	RTL8367B_NIC_MHR1_OFFSET		OFFSET_SHIFT	0	0	15210
B	RTL8367B_NIC_MHR1_MASK		MASK	0xFF	255	15211
B	RTL8367B_REG_NIC_MHR2		REGISTER	0x1a26	6694	15213
B	RTL8367B_NIC_MHR2_OFFSET		OFFSET_SHIFT	0	0	15214
B	RTL8367B_NIC_MHR2_MASK		MASK	0xFF	255	15215
B	RTL8367B_REG_NIC_MHR3		REGISTER	0x1a27	6695	15217
B	RTL8367B_NIC_MHR3_OFFSET		OFFSET_SHIFT	0	0	15218
B	RTL8367B_NIC_MHR3_MASK		MASK	0xFF	255	15219
B	RTL8367B_REG_NIC_MHR4		REGISTER	0x1a28	6696	15221
B	RTL8367B_NIC_MHR4_OFFSET		OFFSET_SHIFT	0	0	15222
B	RTL8367B_NIC_MHR4_MASK		MASK	0xFF	255	15223
B	RTL8367B_REG_NIC_MHR5		REGISTER	0x1a29	6697	15225
B	RTL8367B_NIC_MHR5_OFFSET		OFFSET_SHIFT	0	0	15226
B	RTL8367B_NIC_MHR5_MASK		MASK	0xFF	255	15227
B	RTL8367B_REG_NIC_MHR6		REGISTER	0x1a2a	6698	15229
B	RTL8367B_NIC_MHR6_OFFSET		OFFSET_SHIFT	0	0	15230
B	RTL8367B_NIC_MHR6_MASK		MASK	0xFF	255	15231
B	RTL8367B_REG_NIC_MHR7		REGISTER	0x1a2b	6699	15233
B	RTL8367B_NIC_MHR7_OFFSET		OFFSET_SHIFT	0	0	15234
B	RTL8367B_NIC_MHR7_MASK		MASK	0xFF	255	15235
B	RTL8367B_REG_NIC_PAHR0		REGISTER	0x1a2c	6700	15237
B	RTL8367B_NIC_PAHR0_OFFSET		OFFSET_SHIFT	0	0	15238
B	RTL8367B_NIC_PAHR0_MASK		MASK	0xFF	255	15239
B	RTL8367B_REG_NIC_PAHR1		REGISTER	0x1a2d	6701	15241
B	RTL8367B_NIC_PAHR1_OFFSET		OFFSET_SHIFT	0	0	15242
B	RTL8367B_NIC_PAHR1_MASK		MASK	0xFF	255	15243
B	RTL8367B_REG_NIC_PAHR2		REGISTER	0x1a2e	6702	15245
B	RTL8367B_NIC_PAHR2_OFFSET		OFFSET_SHIFT	0	0	15246
B	RTL8367B_NIC_PAHR2_MASK		MASK	0xFF	255	15247
B	RTL8367B_REG_NIC_PAHR3		REGISTER	0x1a2f	6703	15249
B	RTL8367B_NIC_PAHR3_OFFSET		OFFSET_SHIFT	0	0	15250
B	RTL8367B_NIC_PAHR3_MASK		MASK	0xFF	255	15251
B	RTL8367B_REG_NIC_PAHR4		REGISTER	0x1a30	6704	15253
B	RTL8367B_NIC_PAHR4_OFFSET		OFFSET_SHIFT	0	0	15254
B	RTL8367B_NIC_PAHR4_MASK		MASK	0xFF	255	15255
B	RTL8367B_REG_NIC_PAHR5		REGISTER	0x1a31	6705	15257
B	RTL8367B_NIC_PAHR5_OFFSET		OFFSET_SHIFT	0	0	15258
B	RTL8367B_NIC_PAHR5_MASK		MASK	0xFF	255	15259
B	RTL8367B_REG_NIC_PAHR6		REGISTER	0x1a32	6706	15261
B	RTL8367B_NIC_PAHR6_OFFSET		OFFSET_SHIFT	0	0	15262
B	RTL8367B_NIC_PAHR6_MASK		MASK	0xFF	255	15263
B	RTL8367B_REG_NIC_PAHR7		REGISTER	0x1a33	6707	15265
B	RTL8367B_NIC_PAHR7_OFFSET		OFFSET_SHIFT	0	0	15266
B	RTL8367B_NIC_PAHR7_MASK		MASK	0xFF	255	15267
B	RTL8367B_REG_NIC_TXSTOPRL		REGISTER	0x1a44	6724	15269
B	RTL8367B_NIC_TXSTOPRL_OFFSET		OFFSET_SHIFT	0	0	15270
B	RTL8367B_NIC_TXSTOPRL_MASK		MASK	0xFF	255	15271
B	RTL8367B_REG_NIC_TXSTOPRH		REGISTER	0x1a45	6725	15273
B	RTL8367B_NIC_TXSTOPRH_OFFSET		OFFSET_SHIFT	0	0	15274
B	RTL8367B_NIC_TXSTOPRH_MASK		MASK	0x3	3	15275
B	RTL8367B_REG_NIC_RXSTOPRL		REGISTER	0x1a46	6726	15277
B	RTL8367B_NIC_RXSTOPRL_OFFSET		OFFSET_SHIFT	0	0	15278
B	RTL8367B_NIC_RXSTOPRL_MASK		MASK	0xFF	255	15279
B	RTL8367B_REG_NIC_RXSTOPRH		REGISTER	0x1a47	6727	15281
B	RTL8367B_NIC_RXSTOPRH_OFFSET		OFFSET_SHIFT	0	0	15282
B	RTL8367B_NIC_RXSTOPRH_MASK		MASK	0x3	3	15283
B	RTL8367B_REG_NIC_RXFSTR		REGISTER	0x1a48	6728	15285
B	RTL8367B_NIC_RXFSTR_OFFSET		OFFSET_SHIFT	0	0	15286
B	RTL8367B_NIC_RXFSTR_MASK		MASK	0xFF	255	15287
B	RTL8367B_REG_NIC_RXMBTRL		REGISTER	0x1a4c	6732	15289
B	RTL8367B_NIC_RXMBTRL_OFFSET		OFFSET_SHIFT	0	0	15290
B	RTL8367B_NIC_RXMBTRL_MASK		MASK	0xFF	255	15291
B	RTL8367B_REG_NIC_RXMBTRH		REGISTER	0x1a4d	6733	15293
B	RTL8367B_NIC_RXMBTRH_OFFSET		OFFSET_SHIFT	0	0	15294
B	RTL8367B_NIC_RXMBTRH_MASK		MASK	0x7F	127	15295
B	RTL8367B_REG_NIC_RXMPTR		REGISTER	0x1a4e	6734	15297
B	RTL8367B_NIC_RXMPTR_OFFSET		OFFSET_SHIFT	0	0	15298
B	RTL8367B_NIC_RXMPTR_MASK		MASK	0xFF	255	15299
B	RTL8367B_REG_NIC_T0TR		REGISTER	0x1a4f	6735	15301
B	RTL8367B_NIC_T0TR_OFFSET		OFFSET_SHIFT	0	0	15302
B	RTL8367B_NIC_T0TR_MASK		MASK	0xFF	255	15303
B	RTL8367B_REG_NIC_CRXCPRL		REGISTER	0x1a50	6736	15305
B	RTL8367B_NIC_CRXCPRL_OFFSET		OFFSET_SHIFT	0	0	15306
B	RTL8367B_NIC_CRXCPRL_MASK		MASK	0xFF	255	15307
B	RTL8367B_REG_NIC_CRXCPRH		REGISTER	0x1a51	6737	15309
B	RTL8367B_NIC_CRXCPRH_OFFSET		OFFSET_SHIFT	0	0	15310
B	RTL8367B_NIC_CRXCPRH_MASK		MASK	0xFF	255	15311
B	RTL8367B_REG_NIC_CTXCPRL		REGISTER	0x1a52	6738	15313
B	RTL8367B_NIC_CTXCPRL_OFFSET		OFFSET_SHIFT	0	0	15314
B	RTL8367B_NIC_CTXCPRL_MASK		MASK	0xFF	255	15315
B	RTL8367B_REG_NIC_CTXPCRH		REGISTER	0x1a53	6739	15317
B	RTL8367B_NIC_CTXPCRH_OFFSET		OFFSET_SHIFT	0	0	15318
B	RTL8367B_NIC_CTXPCRH_MASK		MASK	0xFF	255	15319
B	RTL8367B_REG_NIC_SRXCURPKTRL		REGISTER	0x1a54	6740	15321
B	RTL8367B_NIC_SRXCURPKTRL_OFFSET		OFFSET_SHIFT	0	0	15322
B	RTL8367B_NIC_SRXCURPKTRL_MASK		MASK	0xFF	255	15323
B	RTL8367B_REG_NIC_SRXCURPKTRH		REGISTER	0x1a55	6741	15325
B	RTL8367B_NIC_SRXCURPKTRH_OFFSET		OFFSET_SHIFT	0	0	15326
B	RTL8367B_NIC_SRXCURPKTRH_MASK		MASK	0xFF	255	15327
B	RTL8367B_REG_NIC_STXCURPKTRL		REGISTER	0x1a56	6742	15329
B	RTL8367B_NIC_STXCURPKTRL_OFFSET		OFFSET_SHIFT	0	0	15330
B	RTL8367B_NIC_STXCURPKTRL_MASK		MASK	0xFF	255	15331
B	RTL8367B_REG_NIC_STXCURPKTRH		REGISTER	0x1a57	6743	15333
B	RTL8367B_NIC_STXCURPKTRH_OFFSET		OFFSET_SHIFT	0	0	15334
B	RTL8367B_NIC_STXCURPKTRH_MASK		MASK	0xFF	255	15335
B	RTL8367B_REG_NIC_STXPKTLENRL		REGISTER	0x1a58	6744	15337
B	RTL8367B_NIC_STXPKTLENRL_OFFSET		OFFSET_SHIFT	0	0	15338
B	RTL8367B_NIC_STXPKTLENRL_MASK		MASK	0xFF	255	15339
B	RTL8367B_REG_NIC_STXPKTLENRH		REGISTER	0x1a59	6745	15341
B	RTL8367B_NIC_STXPKTLENRH_OFFSET		OFFSET_SHIFT	0	0	15342
B	RTL8367B_NIC_STXPKTLENRH_MASK		MASK	0xFF	255	15343
B	RTL8367B_REG_NIC_STXCURUNITRL		REGISTER	0x1a5a	6746	15345
B	RTL8367B_NIC_STXCURUNITRL_OFFSET		OFFSET_SHIFT	0	0	15346
B	RTL8367B_NIC_STXCURUNITRL_MASK		MASK	0xFF	255	15347
B	RTL8367B_REG_NIC_STXCURUNITRH		REGISTER	0x1a5b	6747	15349
B	RTL8367B_NIC_STXCURUNITRH_OFFSET		OFFSET_SHIFT	0	0	15350
B	RTL8367B_NIC_STXCURUNITRH_MASK		MASK	0xFF	255	15351
B	RTL8367B_REG_NIC_DROP_MODE		REGISTER	0x1a5c	6748	15353
B	RTL8367B_NIC_DROP_MODE_OFFSET		OFFSET_SHIFT	0	0	15354
B	RTL8367B_NIC_DROP_MODE_MASK		MASK	0x1	1	15355
B	RTL8367B_REG_LED_SYS_CONFIG		REGISTER	0x1b00	6912	15359
B	RTL8367B_LED_SYS_CONFIG_DUMMY_15_OFFSET		OFFSET_SHIFT	15	15	15360
B	RTL8367B_LED_SYS_CONFIG_DUMMY_15_MASK		MASK	0x8000	32768	15361
B	RTL8367B_LED_SERIAL_OUT_MODE_OFFSET		OFFSET_SHIFT	14	14	15362
B	RTL8367B_LED_SERIAL_OUT_MODE_MASK		MASK	0x4000	16384	15363
B	RTL8367B_LED_EEE_LPI_MODE_OFFSET		OFFSET_SHIFT	13	13	15364
B	RTL8367B_LED_EEE_LPI_MODE_MASK		MASK	0x2000	8192	15365
B	RTL8367B_LED_EEE_LPI_EN_OFFSET		OFFSET_SHIFT	12	12	15366
B	RTL8367B_LED_EEE_LPI_EN_MASK		MASK	0x1000	4096	15367
B	RTL8367B_LED_EEE_LPI_10_OFFSET		OFFSET_SHIFT	11	11	15368
B	RTL8367B_LED_EEE_LPI_10_MASK		MASK	0x800	2048	15369
B	RTL8367B_LED_EEE_CAP_10_OFFSET		OFFSET_SHIFT	10	10	15370
B	RTL8367B_LED_EEE_CAP_10_MASK		MASK	0x400	1024	15371
B	RTL8367B_LED_LPI_SEL_OFFSET		OFFSET_SHIFT	8	8	15372
B	RTL8367B_LED_LPI_SEL_MASK		MASK	0x300	768	15373
B	RTL8367B_SERI_LED_ACT_LOW_OFFSET		OFFSET_SHIFT	7	7	15374
B	RTL8367B_SERI_LED_ACT_LOW_MASK		MASK	0x80	128	15375
B	RTL8367B_LED_POWERON_2_OFFSET		OFFSET_SHIFT	6	6	15376
B	RTL8367B_LED_POWERON_2_MASK		MASK	0x40	64	15377
B	RTL8367B_LED_POWERON_1_OFFSET		OFFSET_SHIFT	5	5	15378
B	RTL8367B_LED_POWERON_1_MASK		MASK	0x20	32	15379
B	RTL8367B_LED_POWERON_0_OFFSET		OFFSET_SHIFT	4	4	15380
B	RTL8367B_LED_POWERON_0_MASK		MASK	0x10	16	15381
B	RTL8367B_LED_IO_DISABLE_OFFSET		OFFSET_SHIFT	3	3	15382
B	RTL8367B_LED_IO_DISABLE_MASK		MASK	0x8	8	15383
B	RTL8367B_DUMMY_2_1_OFFSET		OFFSET_SHIFT	1	1	15384
B	RTL8367B_DUMMY_2_1_MASK		MASK	0x6	6	15385
B	RTL8367B_LED_SELECT_OFFSET		OFFSET_SHIFT	0	0	15386
B	RTL8367B_LED_SELECT_MASK		MASK	0x1	1	15387
B	RTL8367B_REG_LED_SYS_CONFIG2		REGISTER	0x1b01	6913	15389
B	RTL8367B_LED_SYS_CONFIG2_DUMMY_OFFSET		OFFSET_SHIFT	2	2	15390
B	RTL8367B_LED_SYS_CONFIG2_DUMMY_MASK		MASK	0xFFFC	65532	15391
B	RTL8367B_GATE_LPTD_BYPASS_OFFSET		OFFSET_SHIFT	1	1	15392
B	RTL8367B_GATE_LPTD_BYPASS_MASK		MASK	0x2	2	15393
B	RTL8367B_LED_SPD_MODE_OFFSET		OFFSET_SHIFT	0	0	15394
B	RTL8367B_LED_SPD_MODE_MASK		MASK	0x1	1	15395
B	RTL8367B_REG_LED_MODE		REGISTER	0x1b02	6914	15397
B	RTL8367B_DLINK_TIME_OFFSET		OFFSET_SHIFT	15	15	15398
B	RTL8367B_DLINK_TIME_MASK		MASK	0x8000	32768	15399
B	RTL8367B_LED_BUZZ_DUTY_OFFSET		OFFSET_SHIFT	14	14	15400
B	RTL8367B_LED_BUZZ_DUTY_MASK		MASK	0x4000	16384	15401
B	RTL8367B_BUZZER_RATE_OFFSET		OFFSET_SHIFT	12	12	15402
B	RTL8367B_BUZZER_RATE_MASK		MASK	0x3000	12288	15403
B	RTL8367B_LOOP_DETECT_MODE_OFFSET		OFFSET_SHIFT	11	11	15404
B	RTL8367B_LOOP_DETECT_MODE_MASK		MASK	0x800	2048	15405
B	RTL8367B_SEL_PWRON_TIME_OFFSET		OFFSET_SHIFT	9	9	15406
B	RTL8367B_SEL_PWRON_TIME_MASK		MASK	0x600	1536	15407
B	RTL8367B_EN_DLINK_LED_OFFSET		OFFSET_SHIFT	8	8	15408
B	RTL8367B_EN_DLINK_LED_MASK		MASK	0x100	256	15409
B	RTL8367B_LOOP_DETECT_RATE_OFFSET		OFFSET_SHIFT	6	6	15410
B	RTL8367B_LOOP_DETECT_RATE_MASK		MASK	0xC0	192	15411
B	RTL8367B_FORCE_RATE_OFFSET		OFFSET_SHIFT	4	4	15412
B	RTL8367B_FORCE_RATE_MASK		MASK	0x30	48	15413
B	RTL8367B_SEL_LEDRATE_OFFSET		OFFSET_SHIFT	1	1	15414
B	RTL8367B_SEL_LEDRATE_MASK		MASK	0xE	14	15415
B	RTL8367B_SPEED_UP_OFFSET		OFFSET_SHIFT	0	0	15416
B	RTL8367B_SPEED_UP_MASK		MASK	0x1	1	15417
B	RTL8367B_REG_LED_CONFIGURATION		REGISTER	0x1b03	6915	15419
B	RTL8367B_LED_CONFIGURATION_DUMMY_OFFSET		OFFSET_SHIFT	15	15	15420
B	RTL8367B_LED_CONFIGURATION_DUMMY_MASK		MASK	0x8000	32768	15421
B	RTL8367B_LED_CONFIG_SEL_OFFSET		OFFSET_SHIFT	14	14	15422
B	RTL8367B_LED_CONFIG_SEL_MASK		MASK	0x4000	16384	15423
B	RTL8367B_DATA_LED_OFFSET		OFFSET_SHIFT	12	12	15424
B	RTL8367B_DATA_LED_MASK		MASK	0x3000	12288	15425
B	RTL8367B_LED2_CFG_OFFSET		OFFSET_SHIFT	8	8	15426
B	RTL8367B_LED2_CFG_MASK		MASK	0xF00	3840	15427
B	RTL8367B_LED1_CFG_OFFSET		OFFSET_SHIFT	4	4	15428
B	RTL8367B_LED1_CFG_MASK		MASK	0xF0	240	15429
B	RTL8367B_LED0_CFG_OFFSET		OFFSET_SHIFT	0	0	15430
B	RTL8367B_LED0_CFG_MASK		MASK	0xF	15	15431
B	RTL8367B_REG_RTCT_RESULTS_CFG		REGISTER	0x1b04	6916	15433
B	RTL8367B_RTCT_2PAIR_FTT_OFFSET		OFFSET_SHIFT	15	15	15434
B	RTL8367B_RTCT_2PAIR_FTT_MASK		MASK	0x8000	32768	15435
B	RTL8367B_RTCT_2PAIR_MODE_OFFSET		OFFSET_SHIFT	14	14	15436
B	RTL8367B_RTCT_2PAIR_MODE_MASK		MASK	0x4000	16384	15437
B	RTL8367B_BLINK_EN_OFFSET		OFFSET_SHIFT	13	13	15438
B	RTL8367B_BLINK_EN_MASK		MASK	0x2000	8192	15439
B	RTL8367B_TIMEOUT_OFFSET		OFFSET_SHIFT	12	12	15440
B	RTL8367B_TIMEOUT_MASK		MASK	0x1000	4096	15441
B	RTL8367B_EN_CD_SAME_SHORT_OFFSET		OFFSET_SHIFT	11	11	15442
B	RTL8367B_EN_CD_SAME_SHORT_MASK		MASK	0x800	2048	15443
B	RTL8367B_EN_CD_SAME_OPEN_OFFSET		OFFSET_SHIFT	10	10	15444
B	RTL8367B_EN_CD_SAME_OPEN_MASK		MASK	0x400	1024	15445
B	RTL8367B_EN_CD_SAME_LINEDRIVER_OFFSET		OFFSET_SHIFT	9	9	15446
B	RTL8367B_EN_CD_SAME_LINEDRIVER_MASK		MASK	0x200	512	15447
B	RTL8367B_EN_CD_SAME_MISMATCH_OFFSET		OFFSET_SHIFT	8	8	15448
B	RTL8367B_EN_CD_SAME_MISMATCH_MASK		MASK	0x100	256	15449
B	RTL8367B_EN_CD_SHORT_OFFSET		OFFSET_SHIFT	7	7	15450
B	RTL8367B_EN_CD_SHORT_MASK		MASK	0x80	128	15451
B	RTL8367B_EN_AB_SHORT_OFFSET		OFFSET_SHIFT	6	6	15452
B	RTL8367B_EN_AB_SHORT_MASK		MASK	0x40	64	15453
B	RTL8367B_EN_CD_OPEN_OFFSET		OFFSET_SHIFT	5	5	15454
B	RTL8367B_EN_CD_OPEN_MASK		MASK	0x20	32	15455
B	RTL8367B_EN_AB_OPEN_OFFSET		OFFSET_SHIFT	4	4	15456
B	RTL8367B_EN_AB_OPEN_MASK		MASK	0x10	16	15457
B	RTL8367B_EN_CD_MISMATCH_OFFSET		OFFSET_SHIFT	3	3	15458
B	RTL8367B_EN_CD_MISMATCH_MASK		MASK	0x8	8	15459
B	RTL8367B_EN_AB_MISMATCH_OFFSET		OFFSET_SHIFT	2	2	15460
B	RTL8367B_EN_AB_MISMATCH_MASK		MASK	0x4	4	15461
B	RTL8367B_EN_CD_LINEDRIVER_OFFSET		OFFSET_SHIFT	1	1	15462
B	RTL8367B_EN_CD_LINEDRIVER_MASK		MASK	0x2	2	15463
B	RTL8367B_EN_AB_LINEDRIVER_OFFSET		OFFSET_SHIFT	0	0	15464
B	RTL8367B_EN_AB_LINEDRIVER_MASK		MASK	0x1	1	15465
B	RTL8367B_REG_RTCT_LED		REGISTER	0x1b05	6917	15467
B	RTL8367B_RTCT_LED_DUMMY_OFFSET		OFFSET_SHIFT	12	12	15468
B	RTL8367B_RTCT_LED_DUMMY_MASK		MASK	0xF000	61440	15469
B	RTL8367B_RTCT_LED2_OFFSET		OFFSET_SHIFT	8	8	15470
B	RTL8367B_RTCT_LED2_MASK		MASK	0xF00	3840	15471
B	RTL8367B_RTCT_LED1_OFFSET		OFFSET_SHIFT	4	4	15472
B	RTL8367B_RTCT_LED1_MASK		MASK	0xF0	240	15473
B	RTL8367B_RTCT_LED0_OFFSET		OFFSET_SHIFT	0	0	15474
B	RTL8367B_RTCT_LED0_MASK		MASK	0xF	15	15475
B	RTL8367B_REG_CPU_FORCE_LED_CFG		REGISTER	0x1b07	6919	15477
B	RTL8367B_CPU_FORCE_LED_CFG_DUMMY_OFFSET		OFFSET_SHIFT	8	8	15478
B	RTL8367B_CPU_FORCE_LED_CFG_DUMMY_MASK		MASK	0xFF00	65280	15479
B	RTL8367B_LED_FORCE_MODE_OFFSET		OFFSET_SHIFT	2	2	15480
B	RTL8367B_LED_FORCE_MODE_MASK		MASK	0xFC	252	15481
B	RTL8367B_FORCE_MODE_OFFSET		OFFSET_SHIFT	0	0	15482
B	RTL8367B_FORCE_MODE_MASK		MASK	0x3	3	15483
B	RTL8367B_REG_CPU_FORCE_LED0_CFG0		REGISTER	0x1b08	6920	15485
B	RTL8367B_PORT7_LED0_MODE_OFFSET		OFFSET_SHIFT	14	14	15486
B	RTL8367B_PORT7_LED0_MODE_MASK		MASK	0xC000	49152	15487
B	RTL8367B_PORT6_LED0_MODE_OFFSET		OFFSET_SHIFT	12	12	15488
B	RTL8367B_PORT6_LED0_MODE_MASK		MASK	0x3000	12288	15489
B	RTL8367B_PORT5_LED0_MODE_OFFSET		OFFSET_SHIFT	10	10	15490
B	RTL8367B_PORT5_LED0_MODE_MASK		MASK	0xC00	3072	15491
B	RTL8367B_PORT4_LED0_MODE_OFFSET		OFFSET_SHIFT	8	8	15492
B	RTL8367B_PORT4_LED0_MODE_MASK		MASK	0x300	768	15493
B	RTL8367B_PORT3_LED0_MODE_OFFSET		OFFSET_SHIFT	6	6	15494
B	RTL8367B_PORT3_LED0_MODE_MASK		MASK	0xC0	192	15495
B	RTL8367B_PORT2_LED0_MODE_OFFSET		OFFSET_SHIFT	4	4	15496
B	RTL8367B_PORT2_LED0_MODE_MASK		MASK	0x30	48	15497
B	RTL8367B_PORT1_LED0_MODE_OFFSET		OFFSET_SHIFT	2	2	15498
B	RTL8367B_PORT1_LED0_MODE_MASK		MASK	0xC	12	15499
B	RTL8367B_PORT0_LED0_MODE_OFFSET		OFFSET_SHIFT	0	0	15500
B	RTL8367B_PORT0_LED0_MODE_MASK		MASK	0x3	3	15501
B	RTL8367B_REG_CPU_FORCE_LED1_CFG0		REGISTER	0x1b0a	6922	15503
B	RTL8367B_PORT7_LED1_MODE_OFFSET		OFFSET_SHIFT	14	14	15504
B	RTL8367B_PORT7_LED1_MODE_MASK		MASK	0xC000	49152	15505
B	RTL8367B_PORT6_LED1_MODE_OFFSET		OFFSET_SHIFT	12	12	15506
B	RTL8367B_PORT6_LED1_MODE_MASK		MASK	0x3000	12288	15507
B	RTL8367B_PORT5_LED1_MODE_OFFSET		OFFSET_SHIFT	10	10	15508
B	RTL8367B_PORT5_LED1_MODE_MASK		MASK	0xC00	3072	15509
B	RTL8367B_PORT4_LED1_MODE_OFFSET		OFFSET_SHIFT	8	8	15510
B	RTL8367B_PORT4_LED1_MODE_MASK		MASK	0x300	768	15511
B	RTL8367B_PORT3_LED1_MODE_OFFSET		OFFSET_SHIFT	6	6	15512
B	RTL8367B_PORT3_LED1_MODE_MASK		MASK	0xC0	192	15513
B	RTL8367B_PORT2_LED1_MODE_OFFSET		OFFSET_SHIFT	4	4	15514
B	RTL8367B_PORT2_LED1_MODE_MASK		MASK	0x30	48	15515
B	RTL8367B_PORT1_LED1_MODE_OFFSET		OFFSET_SHIFT	2	2	15516
B	RTL8367B_PORT1_LED1_MODE_MASK		MASK	0xC	12	15517
B	RTL8367B_PORT0_LED1_MODE_OFFSET		OFFSET_SHIFT	0	0	15518
B	RTL8367B_PORT0_LED1_MODE_MASK		MASK	0x3	3	15519
B	RTL8367B_REG_CPU_FORCE_LED2_CFG0		REGISTER	0x1b0c	6924	15521
B	RTL8367B_PORT7_LED2_MODE_OFFSET		OFFSET_SHIFT	14	14	15522
B	RTL8367B_PORT7_LED2_MODE_MASK		MASK	0xC000	49152	15523
B	RTL8367B_PORT6_LED2_MODE_OFFSET		OFFSET_SHIFT	12	12	15524
B	RTL8367B_PORT6_LED2_MODE_MASK		MASK	0x3000	12288	15525
B	RTL8367B_PORT5_LED2_MODE_OFFSET		OFFSET_SHIFT	10	10	15526
B	RTL8367B_PORT5_LED2_MODE_MASK		MASK	0xC00	3072	15527
B	RTL8367B_PORT4_LED2_MODE_OFFSET		OFFSET_SHIFT	8	8	15528
B	RTL8367B_PORT4_LED2_MODE_MASK		MASK	0x300	768	15529
B	RTL8367B_PORT3_LED2_MODE_OFFSET		OFFSET_SHIFT	6	6	15530
B	RTL8367B_PORT3_LED2_MODE_MASK		MASK	0xC0	192	15531
B	RTL8367B_PORT2_LED2_MODE_OFFSET		OFFSET_SHIFT	4	4	15532
B	RTL8367B_PORT2_LED2_MODE_MASK		MASK	0x30	48	15533
B	RTL8367B_PORT1_LED2_MODE_OFFSET		OFFSET_SHIFT	2	2	15534
B	RTL8367B_PORT1_LED2_MODE_MASK		MASK	0xC	12	15535
B	RTL8367B_PORT0_LED2_MODE_OFFSET		OFFSET_SHIFT	0	0	15536
B	RTL8367B_PORT0_LED2_MODE_MASK		MASK	0x3	3	15537
B	RTL8367B_REG_LED_ACTIVE_LOW_CFG0		REGISTER	0x1b0e	6926	15539
B	RTL8367B_LED_ACTIVE_LOW_CFG0_DUMMY_15_OFFSET		OFFSET_SHIFT	15	15	15540
B	RTL8367B_LED_ACTIVE_LOW_CFG0_DUMMY_15_MASK		MASK	0x8000	32768	15541
B	RTL8367B_PORT3_LED_ACTIVE_LOW_OFFSET		OFFSET_SHIFT	12	12	15542
B	RTL8367B_PORT3_LED_ACTIVE_LOW_MASK		MASK	0x7000	28672	15543
B	RTL8367B_LED_ACTIVE_LOW_CFG0_DUMMY_11_OFFSET		OFFSET_SHIFT	11	11	15544
B	RTL8367B_LED_ACTIVE_LOW_CFG0_DUMMY_11_MASK		MASK	0x800	2048	15545
B	RTL8367B_PORT2_LED_ACTIVE_LOW_OFFSET		OFFSET_SHIFT	8	8	15546
B	RTL8367B_PORT2_LED_ACTIVE_LOW_MASK		MASK	0x700	1792	15547
B	RTL8367B_LED_ACTIVE_LOW_CFG0_DUMMY_7_OFFSET		OFFSET_SHIFT	7	7	15548
B	RTL8367B_LED_ACTIVE_LOW_CFG0_DUMMY_7_MASK		MASK	0x80	128	15549
B	RTL8367B_PORT1_LED_ACTIVE_LOW_OFFSET		OFFSET_SHIFT	4	4	15550
B	RTL8367B_PORT1_LED_ACTIVE_LOW_MASK		MASK	0x70	112	15551
B	RTL8367B_LED_ACTIVE_LOW_CFG0_DUMMY_3_OFFSET		OFFSET_SHIFT	3	3	15552
B	RTL8367B_LED_ACTIVE_LOW_CFG0_DUMMY_3_MASK		MASK	0x8	8	15553
B	RTL8367B_PORT0_LED_ACTIVE_LOW_OFFSET		OFFSET_SHIFT	0	0	15554
B	RTL8367B_PORT0_LED_ACTIVE_LOW_MASK		MASK	0x7	7	15555
B	RTL8367B_REG_LED_ACTIVE_LOW_CFG1		REGISTER	0x1b0f	6927	15557
B	RTL8367B_LED_ACTIVE_LOW_CFG1_DUMMY_15_OFFSET		OFFSET_SHIFT	15	15	15558
B	RTL8367B_LED_ACTIVE_LOW_CFG1_DUMMY_15_MASK		MASK	0x8000	32768	15559
B	RTL8367B_PORT7_LED_ACTIVE_LOW_OFFSET		OFFSET_SHIFT	12	12	15560
B	RTL8367B_PORT7_LED_ACTIVE_LOW_MASK		MASK	0x7000	28672	15561
B	RTL8367B_LED_ACTIVE_LOW_CFG1_DUMMY_11_OFFSET		OFFSET_SHIFT	11	11	15562
B	RTL8367B_LED_ACTIVE_LOW_CFG1_DUMMY_11_MASK		MASK	0x800	2048	15563
B	RTL8367B_PORT6_LED_ACTIVE_LOW_OFFSET		OFFSET_SHIFT	8	8	15564
B	RTL8367B_PORT6_LED_ACTIVE_LOW_MASK		MASK	0x700	1792	15565
B	RTL8367B_LED_ACTIVE_LOW_CFG1_DUMMY_7_OFFSET		OFFSET_SHIFT	7	7	15566
B	RTL8367B_LED_ACTIVE_LOW_CFG1_DUMMY_7_MASK		MASK	0x80	128	15567
B	RTL8367B_PORT5_LED_ACTIVE_LOW_OFFSET		OFFSET_SHIFT	4	4	15568
B	RTL8367B_PORT5_LED_ACTIVE_LOW_MASK		MASK	0x70	112	15569
B	RTL8367B_LED_ACTIVE_LOW_CFG1_DUMMY_3_OFFSET		OFFSET_SHIFT	3	3	15570
B	RTL8367B_LED_ACTIVE_LOW_CFG1_DUMMY_3_MASK		MASK	0x8	8	15571
B	RTL8367B_PORT4_LED_ACTIVE_LOW_OFFSET		OFFSET_SHIFT	0	0	15572
B	RTL8367B_PORT4_LED_ACTIVE_LOW_MASK		MASK	0x7	7	15573
B	RTL8367B_REG_SEL_RTCT_PARA		REGISTER	0x1b21	6945	15575
B	RTL8367B_DO_RTCT_COMMAND_OFFSET		OFFSET_SHIFT	15	15	15576
B	RTL8367B_DO_RTCT_COMMAND_MASK		MASK	0x8000	32768	15577
B	RTL8367B_SEL_RTCT_PARA_DUMMY_OFFSET		OFFSET_SHIFT	12	12	15578
B	RTL8367B_SEL_RTCT_PARA_DUMMY_MASK		MASK	0x7000	28672	15579
B	RTL8367B_SEL_RTCT_RLSTLED_TIME_OFFSET		OFFSET_SHIFT	10	10	15580
B	RTL8367B_SEL_RTCT_RLSTLED_TIME_MASK		MASK	0xC00	3072	15581
B	RTL8367B_SEL_RTCT_TEST_LED_TIME_OFFSET		OFFSET_SHIFT	8	8	15582
B	RTL8367B_SEL_RTCT_TEST_LED_TIME_MASK		MASK	0x300	768	15583
B	RTL8367B_EN_SCAN_RTCT_OFFSET		OFFSET_SHIFT	7	7	15584
B	RTL8367B_EN_SCAN_RTCT_MASK		MASK	0x80	128	15585
B	RTL8367B_EN_RTCT_TIMOUT_OFFSET		OFFSET_SHIFT	6	6	15586
B	RTL8367B_EN_RTCT_TIMOUT_MASK		MASK	0x40	64	15587
B	RTL8367B_EN_ALL_RTCT_OFFSET		OFFSET_SHIFT	5	5	15588
B	RTL8367B_EN_ALL_RTCT_MASK		MASK	0x20	32	15589
B	RTL8367B_SEL_RTCT_PLE_WID_OFFSET		OFFSET_SHIFT	0	0	15590
B	RTL8367B_SEL_RTCT_PLE_WID_MASK		MASK	0x1F	31	15591
B	RTL8367B_REG_RTCT_ENABLE		REGISTER	0x1b22	6946	15593
B	RTL8367B_RTCT_ENABLE_DUMMY_OFFSET		OFFSET_SHIFT	5	5	15594
B	RTL8367B_RTCT_ENABLE_DUMMY_MASK		MASK	0xFFE0	65504	15595
B	RTL8367B_RTCT_ENABLE_PORT_MASK_OFFSET		MASK	0	0	15596
B	RTL8367B_RTCT_ENABLE_PORT_MASK_MASK		MASK	0x1F	31	15597
B	RTL8367B_REG_RTCT_TIMEOUT		REGISTER	0x1b23	6947	15599
B	RTL8367B_REG_PARA_LED_IO_EN1		REGISTER	0x1b24	6948	15601
B	RTL8367B_DUMMY_15_13_OFFSET		OFFSET_SHIFT	13	13	15602
B	RTL8367B_DUMMY_15_13_MASK		MASK	0xE000	57344	15603
B	RTL8367B_LED1_PARA_P04_00_OFFSET		OFFSET_SHIFT	8	8	15604
B	RTL8367B_LED1_PARA_P04_00_MASK		MASK	0x1F00	7936	15605
B	RTL8367B_DUMMY_7_5_OFFSET		OFFSET_SHIFT	5	5	15606
B	RTL8367B_DUMMY_7_5_MASK		MASK	0xE0	224	15607
B	RTL8367B_LED0_PARA_P04_00_OFFSET		OFFSET_SHIFT	0	0	15608
B	RTL8367B_LED0_PARA_P04_00_MASK		MASK	0x1F	31	15609
B	RTL8367B_REG_PARA_LED_IO_EN2		REGISTER	0x1b25	6949	15611
B	RTL8367B_DUMMY_15_5_OFFSET		OFFSET_SHIFT	5	5	15612
B	RTL8367B_DUMMY_15_5_MASK		MASK	0xFFE0	65504	15613
B	RTL8367B_LED2_PARA_P04_00_OFFSET		OFFSET_SHIFT	0	0	15614
B	RTL8367B_LED2_PARA_P04_00_MASK		MASK	0x1F	31	15615
B	RTL8367B_REG_SCAN0_LED_IO_EN		REGISTER	0x1b26	6950	15617
B	RTL8367B_SCAN0_LED_IO_EN_DUMMY_OFFSET		OFFSET_SHIFT	3	3	15618
B	RTL8367B_SCAN0_LED_IO_EN_DUMMY_MASK		MASK	0xFFF8	65528	15619
B	RTL8367B_LED_LOOP_DET_BUZZER_EN_OFFSET		OFFSET_SHIFT	2	2	15620
B	RTL8367B_LED_LOOP_DET_BUZZER_EN_MASK		MASK	0x4	4	15621
B	RTL8367B_LED_SERI_DATA_EN_OFFSET		OFFSET_SHIFT	1	1	15622
B	RTL8367B_LED_SERI_DATA_EN_MASK		MASK	0x2	2	15623
B	RTL8367B_LED_SERI_CLK_EN_OFFSET		OFFSET_SHIFT	0	0	15624
B	RTL8367B_LED_SERI_CLK_EN_MASK		MASK	0x1	1	15625
B	RTL8367B_REG_LPI_LED_OPT1		REGISTER	0x1b28	6952	15627
B	RTL8367B_LPI_TAG4_OFFSET		OFFSET_SHIFT	12	12	15628
B	RTL8367B_LPI_TAG4_MASK		MASK	0xF000	61440	15629
B	RTL8367B_LPI_TAG3_OFFSET		OFFSET_SHIFT	8	8	15630
B	RTL8367B_LPI_TAG3_MASK		MASK	0xF00	3840	15631
B	RTL8367B_LPI_TAG2_OFFSET		OFFSET_SHIFT	4	4	15632
B	RTL8367B_LPI_TAG2_MASK		MASK	0xF0	240	15633
B	RTL8367B_LPI_TAG1_OFFSET		OFFSET_SHIFT	0	0	15634
B	RTL8367B_LPI_TAG1_MASK		MASK	0xF	15	15635
B	RTL8367B_REG_LPI_LED_OPT2		REGISTER	0x1b29	6953	15637
B	RTL8367B_LPI_LED_OPT2_DUMMY_OFFSET		OFFSET_SHIFT	15	15	15638
B	RTL8367B_LPI_LED_OPT2_DUMMY_MASK		MASK	0x8000	32768	15639
B	RTL8367B_LPI_LED2_WEAK_OFFSET		OFFSET_SHIFT	14	14	15640
B	RTL8367B_LPI_LED2_WEAK_MASK		MASK	0x4000	16384	15641
B	RTL8367B_LPI_LED1_WEAK_OFFSET		OFFSET_SHIFT	13	13	15642
B	RTL8367B_LPI_LED1_WEAK_MASK		MASK	0x2000	8192	15643
B	RTL8367B_LPI_LED0_WEAK_OFFSET		OFFSET_SHIFT	12	12	15644
B	RTL8367B_LPI_LED0_WEAK_MASK		MASK	0x1000	4096	15645
B	RTL8367B_LPI_LED2_OFFSET		OFFSET_SHIFT	11	11	15646
B	RTL8367B_LPI_LED2_MASK		MASK	0x800	2048	15647
B	RTL8367B_LPI_LED1_OFFSET		OFFSET_SHIFT	10	10	15648
B	RTL8367B_LPI_LED1_MASK		MASK	0x400	1024	15649
B	RTL8367B_LPI_LED0_OFFSET		OFFSET_SHIFT	9	9	15650
B	RTL8367B_LPI_LED0_MASK		MASK	0x200	512	15651
B	RTL8367B_LPI_TAG8_OFFSET		OFFSET_SHIFT	8	8	15652
B	RTL8367B_LPI_TAG8_MASK		MASK	0x100	256	15653
B	RTL8367B_LPI_TAG7_OFFSET		OFFSET_SHIFT	6	6	15654
B	RTL8367B_LPI_TAG7_MASK		MASK	0xC0	192	15655
B	RTL8367B_LPI_TAG6_OFFSET		OFFSET_SHIFT	4	4	15656
B	RTL8367B_LPI_TAG6_MASK		MASK	0x30	48	15657
B	RTL8367B_LPI_TAG5_OFFSET		OFFSET_SHIFT	0	0	15658
B	RTL8367B_LPI_TAG5_MASK		MASK	0xF	15	15659
B	RTL8367B_REG_LPI_LED_OPT3		REGISTER	0x1b2a	6954	15661
B	RTL8367B_LPI_LED_OPT3_DUMMY_OFFSET		OFFSET_SHIFT	3	3	15662
B	RTL8367B_LPI_LED_OPT3_DUMMY_MASK		MASK	0xFFF8	65528	15663
B	RTL8367B_RESTORE_LED_RATE_SEL_OFFSET		OFFSET_SHIFT	1	1	15664
B	RTL8367B_RESTORE_LED_RATE_SEL_MASK		MASK	0x6	6	15665
B	RTL8367B_RESTORE_LED_SEL_OFFSET		OFFSET_SHIFT	0	0	15666
B	RTL8367B_RESTORE_LED_SEL_MASK		MASK	0x1	1	15667
B	RTL8367B_REG_IGMP_MLD_CFG0		REGISTER	0x1c00	7168	15671
B	RTL8367B_IGMP_MLD_PORTISO_LEAKY_OFFSET		OFFSET_SHIFT	15	15	15672
B	RTL8367B_IGMP_MLD_PORTISO_LEAKY_MASK		MASK	0x8000	32768	15673
B	RTL8367B_IGMP_MLD_VLAN_LEAKY_OFFSET		OFFSET_SHIFT	14	14	15674
B	RTL8367B_IGMP_MLD_VLAN_LEAKY_MASK		MASK	0x4000	16384	15675
B	RTL8367B_IGMP_MLD_DISCARD_STORM_FILTER_OFFSET		OFFSET_SHIFT	13	13	15676
B	RTL8367B_IGMP_MLD_DISCARD_STORM_FILTER_MASK		MASK	0x2000	8192	15677
B	RTL8367B_REPORT_FORWARD_OFFSET		OFFSET_SHIFT	12	12	15678
B	RTL8367B_REPORT_FORWARD_MASK		MASK	0x1000	4096	15679
B	RTL8367B_ROBURSTNESS_VAR_OFFSET		OFFSET_SHIFT	9	9	15680
B	RTL8367B_ROBURSTNESS_VAR_MASK		MASK	0xE00	3584	15681
B	RTL8367B_LEAVE_SUPPRESSION_OFFSET		OFFSET_SHIFT	8	8	15682
B	RTL8367B_LEAVE_SUPPRESSION_MASK		MASK	0x100	256	15683
B	RTL8367B_REPORT_SUPPRESSION_OFFSET		OFFSET_SHIFT	7	7	15684
B	RTL8367B_REPORT_SUPPRESSION_MASK		MASK	0x80	128	15685
B	RTL8367B_LEAVE_TIMER_OFFSET		OFFSET_SHIFT	4	4	15686
B	RTL8367B_LEAVE_TIMER_MASK		MASK	0x70	112	15687
B	RTL8367B_FAST_LEAVE_EN_OFFSET		OFFSET_SHIFT	3	3	15688
B	RTL8367B_FAST_LEAVE_EN_MASK		MASK	0x8	8	15689
B	RTL8367B_CKS_ERR_OP_OFFSET		OFFSET_SHIFT	1	1	15690
B	RTL8367B_CKS_ERR_OP_MASK		MASK	0x6	6	15691
B	RTL8367B_IGMP_MLD_EN_OFFSET		OFFSET_SHIFT	0	0	15692
B	RTL8367B_IGMP_MLD_EN_MASK		MASK	0x1	1	15693
B	RTL8367B_REG_IGMP_MLD_CFG1		REGISTER	0x1c01	7169	15695
B	RTL8367B_DROP_LEAVE_ZERO_OFFSET		OFFSET_SHIFT	2	2	15696
B	RTL8367B_DROP_LEAVE_ZERO_MASK		MASK	0x4	4	15697
B	RTL8367B_TABLE_FULL_OP_OFFSET		OFFSET_SHIFT	0	0	15698
B	RTL8367B_TABLE_FULL_OP_MASK		MASK	0x3	3	15699
B	RTL8367B_REG_IGMP_MLD_CFG2		REGISTER	0x1c02	7170	15701
B	RTL8367B_REG_IGMP_DYNAMIC_ROUTER_PORT		REGISTER	0x1c03	7171	15703
B	RTL8367B_D_ROUTER_PORT_2_OFFSET		OFFSET_SHIFT	11	11	15704
B	RTL8367B_D_ROUTER_PORT_2_MASK		MASK	0x7800	30720	15705
B	RTL8367B_D_ROUTER_PORT_TMR_2_OFFSET		OFFSET_SHIFT	8	8	15706
B	RTL8367B_D_ROUTER_PORT_TMR_2_MASK		MASK	0x700	1792	15707
B	RTL8367B_D_ROUTER_PORT_1_OFFSET		OFFSET_SHIFT	3	3	15708
B	RTL8367B_D_ROUTER_PORT_1_MASK		MASK	0x78	120	15709
B	RTL8367B_D_ROUTER_PORT_TMR_1_OFFSET		OFFSET_SHIFT	0	0	15710
B	RTL8367B_D_ROUTER_PORT_TMR_1_MASK		MASK	0x7	7	15711
B	RTL8367B_REG_IGMP_STATIC_ROUTER_PORT		REGISTER	0x1c04	7172	15713
B	RTL8367B_IGMP_STATIC_ROUTER_PORT_OFFSET		OFFSET_SHIFT	0	0	15714
B	RTL8367B_IGMP_STATIC_ROUTER_PORT_MASK		MASK	0xFF	255	15715
B	RTL8367B_REG_IGMP_PORT0_CONTROL		REGISTER	0x1c05	7173	15717
B	RTL8367B_IGMP_PORT0_CONTROL_ALLOW_QUERY_OFFSET		OFFSET_SHIFT	14	14	15718
B	RTL8367B_IGMP_PORT0_CONTROL_ALLOW_QUERY_MASK		MASK	0x4000	16384	15719
B	RTL8367B_IGMP_PORT0_CONTROL_ALLOW_REPORT_OFFSET		OFFSET_SHIFT	13	13	15720
B	RTL8367B_IGMP_PORT0_CONTROL_ALLOW_REPORT_MASK		MASK	0x2000	8192	15721
B	RTL8367B_IGMP_PORT0_CONTROL_ALLOW_LEAVE_OFFSET		OFFSET_SHIFT	12	12	15722
B	RTL8367B_IGMP_PORT0_CONTROL_ALLOW_LEAVE_MASK		MASK	0x1000	4096	15723
B	RTL8367B_IGMP_PORT0_CONTROL_ALLOW_MRP_OFFSET		OFFSET_SHIFT	11	11	15724
B	RTL8367B_IGMP_PORT0_CONTROL_ALLOW_MRP_MASK		MASK	0x800	2048	15725
B	RTL8367B_IGMP_PORT0_CONTROL_ALLOW_MC_DATA_OFFSET		OFFSET_SHIFT	10	10	15726
B	RTL8367B_IGMP_PORT0_CONTROL_ALLOW_MC_DATA_MASK		MASK	0x400	1024	15727
B	RTL8367B_IGMP_PORT0_CONTROL_MLDv2_OP_OFFSET		OFFSET_SHIFT	8	8	15728
B	RTL8367B_IGMP_PORT0_CONTROL_MLDv2_OP_MASK		MASK	0x300	768	15729
B	RTL8367B_IGMP_PORT0_CONTROL_MLDv1_OP_OFFSET		OFFSET_SHIFT	6	6	15730
B	RTL8367B_IGMP_PORT0_CONTROL_MLDv1_OP_MASK		MASK	0xC0	192	15731
B	RTL8367B_IGMP_PORT0_CONTROL_IGMPV3_OP_OFFSET		OFFSET_SHIFT	4	4	15732
B	RTL8367B_IGMP_PORT0_CONTROL_IGMPV3_OP_MASK		MASK	0x30	48	15733
B	RTL8367B_IGMP_PORT0_CONTROL_IGMPV2_OP_OFFSET		OFFSET_SHIFT	2	2	15734
B	RTL8367B_IGMP_PORT0_CONTROL_IGMPV2_OP_MASK		MASK	0xC	12	15735
B	RTL8367B_IGMP_PORT0_CONTROL_IGMPV1_OP_OFFSET		OFFSET_SHIFT	0	0	15736
B	RTL8367B_IGMP_PORT0_CONTROL_IGMPV1_OP_MASK		MASK	0x3	3	15737
B	RTL8367B_REG_IGMP_PORT1_CONTROL		REGISTER	0x1c06	7174	15739
B	RTL8367B_IGMP_PORT1_CONTROL_ALLOW_QUERY_OFFSET		OFFSET_SHIFT	14	14	15740
B	RTL8367B_IGMP_PORT1_CONTROL_ALLOW_QUERY_MASK		MASK	0x4000	16384	15741
B	RTL8367B_IGMP_PORT1_CONTROL_ALLOW_REPORT_OFFSET		OFFSET_SHIFT	13	13	15742
B	RTL8367B_IGMP_PORT1_CONTROL_ALLOW_REPORT_MASK		MASK	0x2000	8192	15743
B	RTL8367B_IGMP_PORT1_CONTROL_ALLOW_LEAVE_OFFSET		OFFSET_SHIFT	12	12	15744
B	RTL8367B_IGMP_PORT1_CONTROL_ALLOW_LEAVE_MASK		MASK	0x1000	4096	15745
B	RTL8367B_IGMP_PORT1_CONTROL_ALLOW_MRP_OFFSET		OFFSET_SHIFT	11	11	15746
B	RTL8367B_IGMP_PORT1_CONTROL_ALLOW_MRP_MASK		MASK	0x800	2048	15747
B	RTL8367B_IGMP_PORT1_CONTROL_ALLOW_MC_DATA_OFFSET		OFFSET_SHIFT	10	10	15748
B	RTL8367B_IGMP_PORT1_CONTROL_ALLOW_MC_DATA_MASK		MASK	0x400	1024	15749
B	RTL8367B_IGMP_PORT1_CONTROL_MLDv2_OP_OFFSET		OFFSET_SHIFT	8	8	15750
B	RTL8367B_IGMP_PORT1_CONTROL_MLDv2_OP_MASK		MASK	0x300	768	15751
B	RTL8367B_IGMP_PORT1_CONTROL_MLDv1_OP_OFFSET		OFFSET_SHIFT	6	6	15752
B	RTL8367B_IGMP_PORT1_CONTROL_MLDv1_OP_MASK		MASK	0xC0	192	15753
B	RTL8367B_IGMP_PORT1_CONTROL_IGMPV3_OP_OFFSET		OFFSET_SHIFT	4	4	15754
B	RTL8367B_IGMP_PORT1_CONTROL_IGMPV3_OP_MASK		MASK	0x30	48	15755
B	RTL8367B_IGMP_PORT1_CONTROL_IGMPV2_OP_OFFSET		OFFSET_SHIFT	2	2	15756
B	RTL8367B_IGMP_PORT1_CONTROL_IGMPV2_OP_MASK		MASK	0xC	12	15757
B	RTL8367B_IGMP_PORT1_CONTROL_IGMPV1_OP_OFFSET		OFFSET_SHIFT	0	0	15758
B	RTL8367B_IGMP_PORT1_CONTROL_IGMPV1_OP_MASK		MASK	0x3	3	15759
B	RTL8367B_REG_IGMP_PORT2_CONTROL		REGISTER	0x1c07	7175	15761
B	RTL8367B_IGMP_PORT2_CONTROL_ALLOW_QUERY_OFFSET		OFFSET_SHIFT	14	14	15762
B	RTL8367B_IGMP_PORT2_CONTROL_ALLOW_QUERY_MASK		MASK	0x4000	16384	15763
B	RTL8367B_IGMP_PORT2_CONTROL_ALLOW_REPORT_OFFSET		OFFSET_SHIFT	13	13	15764
B	RTL8367B_IGMP_PORT2_CONTROL_ALLOW_REPORT_MASK		MASK	0x2000	8192	15765
B	RTL8367B_IGMP_PORT2_CONTROL_ALLOW_LEAVE_OFFSET		OFFSET_SHIFT	12	12	15766
B	RTL8367B_IGMP_PORT2_CONTROL_ALLOW_LEAVE_MASK		MASK	0x1000	4096	15767
B	RTL8367B_IGMP_PORT2_CONTROL_ALLOW_MRP_OFFSET		OFFSET_SHIFT	11	11	15768
B	RTL8367B_IGMP_PORT2_CONTROL_ALLOW_MRP_MASK		MASK	0x800	2048	15769
B	RTL8367B_IGMP_PORT2_CONTROL_ALLOW_MC_DATA_OFFSET		OFFSET_SHIFT	10	10	15770
B	RTL8367B_IGMP_PORT2_CONTROL_ALLOW_MC_DATA_MASK		MASK	0x400	1024	15771
B	RTL8367B_IGMP_PORT2_CONTROL_MLDv2_OP_OFFSET		OFFSET_SHIFT	8	8	15772
B	RTL8367B_IGMP_PORT2_CONTROL_MLDv2_OP_MASK		MASK	0x300	768	15773
B	RTL8367B_IGMP_PORT2_CONTROL_MLDv1_OP_OFFSET		OFFSET_SHIFT	6	6	15774
B	RTL8367B_IGMP_PORT2_CONTROL_MLDv1_OP_MASK		MASK	0xC0	192	15775
B	RTL8367B_IGMP_PORT2_CONTROL_IGMPV3_OP_OFFSET		OFFSET_SHIFT	4	4	15776
B	RTL8367B_IGMP_PORT2_CONTROL_IGMPV3_OP_MASK		MASK	0x30	48	15777
B	RTL8367B_IGMP_PORT2_CONTROL_IGMPV2_OP_OFFSET		OFFSET_SHIFT	2	2	15778
B	RTL8367B_IGMP_PORT2_CONTROL_IGMPV2_OP_MASK		MASK	0xC	12	15779
B	RTL8367B_IGMP_PORT2_CONTROL_IGMPV1_OP_OFFSET		OFFSET_SHIFT	0	0	15780
B	RTL8367B_IGMP_PORT2_CONTROL_IGMPV1_OP_MASK		MASK	0x3	3	15781
B	RTL8367B_REG_IGMP_PORT3_CONTROL		REGISTER	0x1c08	7176	15783
B	RTL8367B_IGMP_PORT3_CONTROL_ALLOW_QUERY_OFFSET		OFFSET_SHIFT	14	14	15784
B	RTL8367B_IGMP_PORT3_CONTROL_ALLOW_QUERY_MASK		MASK	0x4000	16384	15785
B	RTL8367B_IGMP_PORT3_CONTROL_ALLOW_REPORT_OFFSET		OFFSET_SHIFT	13	13	15786
B	RTL8367B_IGMP_PORT3_CONTROL_ALLOW_REPORT_MASK		MASK	0x2000	8192	15787
B	RTL8367B_IGMP_PORT3_CONTROL_ALLOW_LEAVE_OFFSET		OFFSET_SHIFT	12	12	15788
B	RTL8367B_IGMP_PORT3_CONTROL_ALLOW_LEAVE_MASK		MASK	0x1000	4096	15789
B	RTL8367B_IGMP_PORT3_CONTROL_ALLOW_MRP_OFFSET		OFFSET_SHIFT	11	11	15790
B	RTL8367B_IGMP_PORT3_CONTROL_ALLOW_MRP_MASK		MASK	0x800	2048	15791
B	RTL8367B_IGMP_PORT3_CONTROL_ALLOW_MC_DATA_OFFSET		OFFSET_SHIFT	10	10	15792
B	RTL8367B_IGMP_PORT3_CONTROL_ALLOW_MC_DATA_MASK		MASK	0x400	1024	15793
B	RTL8367B_IGMP_PORT3_CONTROL_MLDv2_OP_OFFSET		OFFSET_SHIFT	8	8	15794
B	RTL8367B_IGMP_PORT3_CONTROL_MLDv2_OP_MASK		MASK	0x300	768	15795
B	RTL8367B_IGMP_PORT3_CONTROL_MLDv1_OP_OFFSET		OFFSET_SHIFT	6	6	15796
B	RTL8367B_IGMP_PORT3_CONTROL_MLDv1_OP_MASK		MASK	0xC0	192	15797
B	RTL8367B_IGMP_PORT3_CONTROL_IGMPV3_OP_OFFSET		OFFSET_SHIFT	4	4	15798
B	RTL8367B_IGMP_PORT3_CONTROL_IGMPV3_OP_MASK		MASK	0x30	48	15799
B	RTL8367B_IGMP_PORT3_CONTROL_IGMPV2_OP_OFFSET		OFFSET_SHIFT	2	2	15800
B	RTL8367B_IGMP_PORT3_CONTROL_IGMPV2_OP_MASK		MASK	0xC	12	15801
B	RTL8367B_IGMP_PORT3_CONTROL_IGMPV1_OP_OFFSET		OFFSET_SHIFT	0	0	15802
B	RTL8367B_IGMP_PORT3_CONTROL_IGMPV1_OP_MASK		MASK	0x3	3	15803
B	RTL8367B_REG_IGMP_PORT4_CONTROL		REGISTER	0x1c09	7177	15805
B	RTL8367B_IGMP_PORT4_CONTROL_ALLOW_QUERY_OFFSET		OFFSET_SHIFT	14	14	15806
B	RTL8367B_IGMP_PORT4_CONTROL_ALLOW_QUERY_MASK		MASK	0x4000	16384	15807
B	RTL8367B_IGMP_PORT4_CONTROL_ALLOW_REPORT_OFFSET		OFFSET_SHIFT	13	13	15808
B	RTL8367B_IGMP_PORT4_CONTROL_ALLOW_REPORT_MASK		MASK	0x2000	8192	15809
B	RTL8367B_IGMP_PORT4_CONTROL_ALLOW_LEAVE_OFFSET		OFFSET_SHIFT	12	12	15810
B	RTL8367B_IGMP_PORT4_CONTROL_ALLOW_LEAVE_MASK		MASK	0x1000	4096	15811
B	RTL8367B_IGMP_PORT4_CONTROL_ALLOW_MRP_OFFSET		OFFSET_SHIFT	11	11	15812
B	RTL8367B_IGMP_PORT4_CONTROL_ALLOW_MRP_MASK		MASK	0x800	2048	15813
B	RTL8367B_IGMP_PORT4_CONTROL_ALLOW_MC_DATA_OFFSET		OFFSET_SHIFT	10	10	15814
B	RTL8367B_IGMP_PORT4_CONTROL_ALLOW_MC_DATA_MASK		MASK	0x400	1024	15815
B	RTL8367B_IGMP_PORT4_CONTROL_MLDv2_OP_OFFSET		OFFSET_SHIFT	8	8	15816
B	RTL8367B_IGMP_PORT4_CONTROL_MLDv2_OP_MASK		MASK	0x300	768	15817
B	RTL8367B_IGMP_PORT4_CONTROL_MLDv1_OP_OFFSET		OFFSET_SHIFT	6	6	15818
B	RTL8367B_IGMP_PORT4_CONTROL_MLDv1_OP_MASK		MASK	0xC0	192	15819
B	RTL8367B_IGMP_PORT4_CONTROL_IGMPV3_OP_OFFSET		OFFSET_SHIFT	4	4	15820
B	RTL8367B_IGMP_PORT4_CONTROL_IGMPV3_OP_MASK		MASK	0x30	48	15821
B	RTL8367B_IGMP_PORT4_CONTROL_IGMPV2_OP_OFFSET		OFFSET_SHIFT	2	2	15822
B	RTL8367B_IGMP_PORT4_CONTROL_IGMPV2_OP_MASK		MASK	0xC	12	15823
B	RTL8367B_IGMP_PORT4_CONTROL_IGMPV1_OP_OFFSET		OFFSET_SHIFT	0	0	15824
B	RTL8367B_IGMP_PORT4_CONTROL_IGMPV1_OP_MASK		MASK	0x3	3	15825
B	RTL8367B_REG_IGMP_PORT5_CONTROL		REGISTER	0x1c0a	7178	15827
B	RTL8367B_IGMP_PORT5_CONTROL_ALLOW_QUERY_OFFSET		OFFSET_SHIFT	14	14	15828
B	RTL8367B_IGMP_PORT5_CONTROL_ALLOW_QUERY_MASK		MASK	0x4000	16384	15829
B	RTL8367B_IGMP_PORT5_CONTROL_ALLOW_REPORT_OFFSET		OFFSET_SHIFT	13	13	15830
B	RTL8367B_IGMP_PORT5_CONTROL_ALLOW_REPORT_MASK		MASK	0x2000	8192	15831
B	RTL8367B_IGMP_PORT5_CONTROL_ALLOW_LEAVE_OFFSET		OFFSET_SHIFT	12	12	15832
B	RTL8367B_IGMP_PORT5_CONTROL_ALLOW_LEAVE_MASK		MASK	0x1000	4096	15833
B	RTL8367B_IGMP_PORT5_CONTROL_ALLOW_MRP_OFFSET		OFFSET_SHIFT	11	11	15834
B	RTL8367B_IGMP_PORT5_CONTROL_ALLOW_MRP_MASK		MASK	0x800	2048	15835
B	RTL8367B_IGMP_PORT5_CONTROL_ALLOW_MC_DATA_OFFSET		OFFSET_SHIFT	10	10	15836
B	RTL8367B_IGMP_PORT5_CONTROL_ALLOW_MC_DATA_MASK		MASK	0x400	1024	15837
B	RTL8367B_IGMP_PORT5_CONTROL_MLDv2_OP_OFFSET		OFFSET_SHIFT	8	8	15838
B	RTL8367B_IGMP_PORT5_CONTROL_MLDv2_OP_MASK		MASK	0x300	768	15839
B	RTL8367B_IGMP_PORT5_CONTROL_MLDv1_OP_OFFSET		OFFSET_SHIFT	6	6	15840
B	RTL8367B_IGMP_PORT5_CONTROL_MLDv1_OP_MASK		MASK	0xC0	192	15841
B	RTL8367B_IGMP_PORT5_CONTROL_IGMPV3_OP_OFFSET		OFFSET_SHIFT	4	4	15842
B	RTL8367B_IGMP_PORT5_CONTROL_IGMPV3_OP_MASK		MASK	0x30	48	15843
B	RTL8367B_IGMP_PORT5_CONTROL_IGMPV2_OP_OFFSET		OFFSET_SHIFT	2	2	15844
B	RTL8367B_IGMP_PORT5_CONTROL_IGMPV2_OP_MASK		MASK	0xC	12	15845
B	RTL8367B_IGMP_PORT5_CONTROL_IGMPV1_OP_OFFSET		OFFSET_SHIFT	0	0	15846
B	RTL8367B_IGMP_PORT5_CONTROL_IGMPV1_OP_MASK		MASK	0x3	3	15847
B	RTL8367B_REG_IGMP_PORT6_CONTROL		REGISTER	0x1c0b	7179	15849
B	RTL8367B_IGMP_PORT6_CONTROL_ALLOW_QUERY_OFFSET		OFFSET_SHIFT	14	14	15850
B	RTL8367B_IGMP_PORT6_CONTROL_ALLOW_QUERY_MASK		MASK	0x4000	16384	15851
B	RTL8367B_IGMP_PORT6_CONTROL_ALLOW_REPORT_OFFSET		OFFSET_SHIFT	13	13	15852
B	RTL8367B_IGMP_PORT6_CONTROL_ALLOW_REPORT_MASK		MASK	0x2000	8192	15853
B	RTL8367B_IGMP_PORT6_CONTROL_ALLOW_LEAVE_OFFSET		OFFSET_SHIFT	12	12	15854
B	RTL8367B_IGMP_PORT6_CONTROL_ALLOW_LEAVE_MASK		MASK	0x1000	4096	15855
B	RTL8367B_IGMP_PORT6_CONTROL_ALLOW_MRP_OFFSET		OFFSET_SHIFT	11	11	15856
B	RTL8367B_IGMP_PORT6_CONTROL_ALLOW_MRP_MASK		MASK	0x800	2048	15857
B	RTL8367B_IGMP_PORT6_CONTROL_ALLOW_MC_DATA_OFFSET		OFFSET_SHIFT	10	10	15858
B	RTL8367B_IGMP_PORT6_CONTROL_ALLOW_MC_DATA_MASK		MASK	0x400	1024	15859
B	RTL8367B_IGMP_PORT6_CONTROL_MLDv2_OP_OFFSET		OFFSET_SHIFT	8	8	15860
B	RTL8367B_IGMP_PORT6_CONTROL_MLDv2_OP_MASK		MASK	0x300	768	15861
B	RTL8367B_IGMP_PORT6_CONTROL_MLDv1_OP_OFFSET		OFFSET_SHIFT	6	6	15862
B	RTL8367B_IGMP_PORT6_CONTROL_MLDv1_OP_MASK		MASK	0xC0	192	15863
B	RTL8367B_IGMP_PORT6_CONTROL_IGMPV3_OP_OFFSET		OFFSET_SHIFT	4	4	15864
B	RTL8367B_IGMP_PORT6_CONTROL_IGMPV3_OP_MASK		MASK	0x30	48	15865
B	RTL8367B_IGMP_PORT6_CONTROL_IGMPV2_OP_OFFSET		OFFSET_SHIFT	2	2	15866
B	RTL8367B_IGMP_PORT6_CONTROL_IGMPV2_OP_MASK		MASK	0xC	12	15867
B	RTL8367B_IGMP_PORT6_CONTROL_IGMPV1_OP_OFFSET		OFFSET_SHIFT	0	0	15868
B	RTL8367B_IGMP_PORT6_CONTROL_IGMPV1_OP_MASK		MASK	0x3	3	15869
B	RTL8367B_REG_IGMP_PORT7_CONTROL		REGISTER	0x1c0c	7180	15871
B	RTL8367B_IGMP_PORT7_CONTROL_ALLOW_QUERY_OFFSET		OFFSET_SHIFT	14	14	15872
B	RTL8367B_IGMP_PORT7_CONTROL_ALLOW_QUERY_MASK		MASK	0x4000	16384	15873
B	RTL8367B_IGMP_PORT7_CONTROL_ALLOW_REPORT_OFFSET		OFFSET_SHIFT	13	13	15874
B	RTL8367B_IGMP_PORT7_CONTROL_ALLOW_REPORT_MASK		MASK	0x2000	8192	15875
B	RTL8367B_IGMP_PORT7_CONTROL_ALLOW_LEAVE_OFFSET		OFFSET_SHIFT	12	12	15876
B	RTL8367B_IGMP_PORT7_CONTROL_ALLOW_LEAVE_MASK		MASK	0x1000	4096	15877
B	RTL8367B_IGMP_PORT7_CONTROL_ALLOW_MRP_OFFSET		OFFSET_SHIFT	11	11	15878
B	RTL8367B_IGMP_PORT7_CONTROL_ALLOW_MRP_MASK		MASK	0x800	2048	15879
B	RTL8367B_IGMP_PORT7_CONTROL_ALLOW_MC_DATA_OFFSET		OFFSET_SHIFT	10	10	15880
B	RTL8367B_IGMP_PORT7_CONTROL_ALLOW_MC_DATA_MASK		MASK	0x400	1024	15881
B	RTL8367B_IGMP_PORT7_CONTROL_MLDv2_OP_OFFSET		OFFSET_SHIFT	8	8	15882
B	RTL8367B_IGMP_PORT7_CONTROL_MLDv2_OP_MASK		MASK	0x300	768	15883
B	RTL8367B_IGMP_PORT7_CONTROL_MLDv1_OP_OFFSET		OFFSET_SHIFT	6	6	15884
B	RTL8367B_IGMP_PORT7_CONTROL_MLDv1_OP_MASK		MASK	0xC0	192	15885
B	RTL8367B_IGMP_PORT7_CONTROL_IGMPV3_OP_OFFSET		OFFSET_SHIFT	4	4	15886
B	RTL8367B_IGMP_PORT7_CONTROL_IGMPV3_OP_MASK		MASK	0x30	48	15887
B	RTL8367B_IGMP_PORT7_CONTROL_IGMPV2_OP_OFFSET		OFFSET_SHIFT	2	2	15888
B	RTL8367B_IGMP_PORT7_CONTROL_IGMPV2_OP_MASK		MASK	0xC	12	15889
B	RTL8367B_IGMP_PORT7_CONTROL_IGMPV1_OP_OFFSET		OFFSET_SHIFT	0	0	15890
B	RTL8367B_IGMP_PORT7_CONTROL_IGMPV1_OP_MASK		MASK	0x3	3	15891
B	RTL8367B_REG_IGMP_PORT01_MAX_GROUP		REGISTER	0x1c0d	7181	15893
B	RTL8367B_PORT1_MAX_GROUP_OFFSET		OFFSET_SHIFT	8	8	15894
B	RTL8367B_PORT1_MAX_GROUP_MASK		MASK	0xFF00	65280	15895
B	RTL8367B_PORT0_MAX_GROUP_OFFSET		OFFSET_SHIFT	0	0	15896
B	RTL8367B_PORT0_MAX_GROUP_MASK		MASK	0xFF	255	15897
B	RTL8367B_REG_IGMP_PORT23_MAX_GROUP		REGISTER	0x1c0e	7182	15899
B	RTL8367B_PORT3_MAX_GROUP_OFFSET		OFFSET_SHIFT	8	8	15900
B	RTL8367B_PORT3_MAX_GROUP_MASK		MASK	0xFF00	65280	15901
B	RTL8367B_PORT2_MAX_GROUP_OFFSET		OFFSET_SHIFT	0	0	15902
B	RTL8367B_PORT2_MAX_GROUP_MASK		MASK	0xFF	255	15903
B	RTL8367B_REG_IGMP_PORT45_MAX_GROUP		REGISTER	0x1c0f	7183	15905
B	RTL8367B_PORT5_MAX_GROUP_OFFSET		OFFSET_SHIFT	8	8	15906
B	RTL8367B_PORT5_MAX_GROUP_MASK		MASK	0xFF00	65280	15907
B	RTL8367B_PORT4_MAX_GROUP_OFFSET		OFFSET_SHIFT	0	0	15908
B	RTL8367B_PORT4_MAX_GROUP_MASK		MASK	0xFF	255	15909
B	RTL8367B_REG_IGMP_PORT67_MAX_GROUP		REGISTER	0x1c10	7184	15911
B	RTL8367B_PORT7_MAX_GROUP_OFFSET		OFFSET_SHIFT	8	8	15912
B	RTL8367B_PORT7_MAX_GROUP_MASK		MASK	0xFF00	65280	15913
B	RTL8367B_PORT6_MAX_GROUP_OFFSET		OFFSET_SHIFT	0	0	15914
B	RTL8367B_PORT6_MAX_GROUP_MASK		MASK	0xFF	255	15915
B	RTL8367B_REG_IGMP_PORT01_CURRENT_GROUP		REGISTER	0x1c11	7185	15917
B	RTL8367B_PORT1_CURRENT_GROUP_OFFSET		OFFSET_SHIFT	8	8	15918
B	RTL8367B_PORT1_CURRENT_GROUP_MASK		MASK	0xFF00	65280	15919
B	RTL8367B_PORT0_CURRENT_GROUP_OFFSET		OFFSET_SHIFT	0	0	15920
B	RTL8367B_PORT0_CURRENT_GROUP_MASK		MASK	0xFF	255	15921
B	RTL8367B_REG_IGMP_PORT23_CURRENT_GROUP		REGISTER	0x1c12	7186	15923
B	RTL8367B_PORT3_CURRENT_GROUP_OFFSET		OFFSET_SHIFT	8	8	15924
B	RTL8367B_PORT3_CURRENT_GROUP_MASK		MASK	0xFF00	65280	15925
B	RTL8367B_PORT2_CURRENT_GROUP_OFFSET		OFFSET_SHIFT	0	0	15926
B	RTL8367B_PORT2_CURRENT_GROUP_MASK		MASK	0xFF	255	15927
B	RTL8367B_REG_IGMP_PORT45_CURRENT_GROUP		REGISTER	0x1c13	7187	15929
B	RTL8367B_PORT5_CURRENT_GROUP_OFFSET		OFFSET_SHIFT	8	8	15930
B	RTL8367B_PORT5_CURRENT_GROUP_MASK		MASK	0xFF00	65280	15931
B	RTL8367B_PORT4_CURRENT_GROUP_OFFSET		OFFSET_SHIFT	0	0	15932
B	RTL8367B_PORT4_CURRENT_GROUP_MASK		MASK	0xFF	255	15933
B	RTL8367B_REG_IGMP_PORT67_CURRENT_GROUP		REGISTER	0x1c14	7188	15935
B	RTL8367B_PORT7_CURRENT_GROUP_OFFSET		OFFSET_SHIFT	8	8	15936
B	RTL8367B_PORT7_CURRENT_GROUP_MASK		MASK	0xFF00	65280	15937
B	RTL8367B_PORT6_CURRENT_GROUP_OFFSET		OFFSET_SHIFT	0	0	15938
B	RTL8367B_PORT6_CURRENT_GROUP_MASK		MASK	0xFF	255	15939
B	RTL8367B_REG_IGMP_GROUP_USAGE_LIST0		REGISTER	0x1c20	7200	15941
B	RTL8367B_REG_IGMP_GROUP_USAGE_LIST1		REGISTER	0x1c21	7201	15943
B	RTL8367B_REG_IGMP_GROUP_USAGE_LIST2		REGISTER	0x1c22	7202	15945
B	RTL8367B_REG_IGMP_GROUP_USAGE_LIST3		REGISTER	0x1c23	7203	15947
B	RTL8367B_REG_IGMP_GROUP_USAGE_LIST4		REGISTER	0x1c24	7204	15949
B	RTL8367B_REG_IGMP_GROUP_USAGE_LIST5		REGISTER	0x1c25	7205	15951
B	RTL8367B_REG_IGMP_GROUP_USAGE_LIST6		REGISTER	0x1c26	7206	15953
B	RTL8367B_REG_IGMP_GROUP_USAGE_LIST7		REGISTER	0x1c27	7207	15955
B	RTL8367B_REG_IGMP_GROUP_USAGE_LIST8		REGISTER	0x1c28	7208	15957
B	RTL8367B_REG_IGMP_GROUP_USAGE_LIST9		REGISTER	0x1c29	7209	15959
B	RTL8367B_REG_IGMP_GROUP_USAGE_LIST10		REGISTER	0x1c2a	7210	15961
B	RTL8367B_REG_IGMP_GROUP_USAGE_LIST11		REGISTER	0x1c2b	7211	15963
B	RTL8367B_REG_IGMP_GROUP_USAGE_LIST12		REGISTER	0x1c2c	7212	15965
B	RTL8367B_REG_IGMP_GROUP_USAGE_LIST13		REGISTER	0x1c2d	7213	15967
B	RTL8367B_REG_IGMP_GROUP_USAGE_LIST14		REGISTER	0x1c2e	7214	15969
B	RTL8367B_REG_IGMP_GROUP_USAGE_LIST15		REGISTER	0x1c2f	7215	15971
B	RTL8367B_REG_EAV_CTRL0		REGISTER	0x1c30	7216	15973
B	RTL8367B_EAV_CTRL0_OFFSET		OFFSET_SHIFT	0	0	15974
B	RTL8367B_EAV_CTRL0_MASK		MASK	0xFF	255	15975
B	RTL8367B_REG_EAV_CTRL1		REGISTER	0x1c31	7217	15977
B	RTL8367B_REMAP_EAV_PRI3_REGEN_OFFSET		OFFSET_SHIFT	9	9	15978
B	RTL8367B_REMAP_EAV_PRI3_REGEN_MASK		MASK	0xE00	3584	15979
B	RTL8367B_REMAP_EAV_PRI2_REGEN_OFFSET		OFFSET_SHIFT	6	6	15980
B	RTL8367B_REMAP_EAV_PRI2_REGEN_MASK		MASK	0x1C0	448	15981
B	RTL8367B_REMAP_EAV_PRI1_REGEN_OFFSET		OFFSET_SHIFT	3	3	15982
B	RTL8367B_REMAP_EAV_PRI1_REGEN_MASK		MASK	0x38	56	15983
B	RTL8367B_REMAP_EAV_PRI0_REGEN_OFFSET		OFFSET_SHIFT	0	0	15984
B	RTL8367B_REMAP_EAV_PRI0_REGEN_MASK		MASK	0x7	7	15985
B	RTL8367B_REG_EAV_CTRL2		REGISTER	0x1c32	7218	15987
B	RTL8367B_REMAP_EAV_PRI7_REGEN_OFFSET		OFFSET_SHIFT	9	9	15988
B	RTL8367B_REMAP_EAV_PRI7_REGEN_MASK		MASK	0xE00	3584	15989
B	RTL8367B_REMAP_EAV_PRI6_REGEN_OFFSET		OFFSET_SHIFT	6	6	15990
B	RTL8367B_REMAP_EAV_PRI6_REGEN_MASK		MASK	0x1C0	448	15991
B	RTL8367B_REMAP_EAV_PRI5_REGEN_OFFSET		OFFSET_SHIFT	3	3	15992
B	RTL8367B_REMAP_EAV_PRI5_REGEN_MASK		MASK	0x38	56	15993
B	RTL8367B_REMAP_EAV_PRI4_REGEN_OFFSET		OFFSET_SHIFT	0	0	15994
B	RTL8367B_REMAP_EAV_PRI4_REGEN_MASK		MASK	0x7	7	15995
B	RTL8367B_REG_SYS_TIME_FREQ		REGISTER	0x1c43	7235	15997
B	RTL8367B_REG_SYS_TIME_OFFSET_L		REGISTER	0x1c44	7236	15999
B	RTL8367B_REG_SYS_TIME_OFFSET_H		REGISTER	0x1c45	7237	16001
B	RTL8367B_REG_SYS_TIME_OFFSET_512NS_L		REGISTER	0x1c46	7238	16003
B	RTL8367B_REG_SYS_TIME_OFFSET_512NS_H		REGISTER	0x1c47	7239	16005
B	RTL8367B_SYS_TIME_OFFSET_TUNE_OFFSET		OFFSET_SHIFT	5	5	16006
B	RTL8367B_SYS_TIME_OFFSET_TUNE_MASK		MASK	0x20	32	16007
B	RTL8367B_SYS_TIME_OFFSET_512NS_H_SYS_TIME_OFFSET_512NS_OFFSET		OFFSET_SHIFT	0	0	16008
B	RTL8367B_SYS_TIME_OFFSET_512NS_H_SYS_TIME_OFFSET_512NS_MASK		MASK	0x1F	31	16009
B	RTL8367B_REG_SYS_TIME_SEC_TRANSIT		REGISTER	0x1c48	7240	16011
B	RTL8367B_SYS_TIME_SEC_TRANSIT_OFFSET		OFFSET_SHIFT	0	0	16012
B	RTL8367B_SYS_TIME_SEC_TRANSIT_MASK		MASK	0x1	1	16013
B	RTL8367B_REG_SYS_TIME_SEC_HIGH_L		REGISTER	0x1c49	7241	16015
B	RTL8367B_REG_SYS_TIME_SEC_HIGH_H		REGISTER	0x1c4a	7242	16017
B	RTL8367B_REG_SYS_TIME_512NS_L		REGISTER	0x1c4b	7243	16019
B	RTL8367B_REG_SYS_TIME_512NS_H		REGISTER	0x1c4c	7244	16021
B	RTL8367B_SYS_TIME_512NS_H_OFFSET		OFFSET_SHIFT	0	0	16022
B	RTL8367B_SYS_TIME_512NS_H_MASK		MASK	0x1F	31	16023
B	RTL8367B_REG_FALLBACK_CTRL		REGISTER	0x1c70	7280	16025
B	RTL8367B_FALLBACK_PL_DEC_EN_OFFSET		OFFSET_SHIFT	15	15	16026
B	RTL8367B_FALLBACK_PL_DEC_EN_MASK		MASK	0x8000	32768	16027
B	RTL8367B_FALLBACK_MONITOR_TIMEOUT_IGNORE_OFFSET		OFFSET_SHIFT	14	14	16028
B	RTL8367B_FALLBACK_MONITOR_TIMEOUT_IGNORE_MASK		MASK	0x4000	16384	16029
B	RTL8367B_FALLBACK_ERROR_RATIO_THRESHOLD_OFFSET		OFFSET_SHIFT	11	11	16030
B	RTL8367B_FALLBACK_ERROR_RATIO_THRESHOLD_MASK		MASK	0x3800	14336	16031
B	RTL8367B_FALLBACK_MONITORMAX_OFFSET		OFFSET_SHIFT	8	8	16032
B	RTL8367B_FALLBACK_MONITORMAX_MASK		MASK	0x700	1792	16033
B	RTL8367B_FALLBACK_MONITOR_TIMEOUT_OFFSET		OFFSET_SHIFT	0	0	16034
B	RTL8367B_FALLBACK_MONITOR_TIMEOUT_MASK		MASK	0xFF	255	16035
B	RTL8367B_REG_FALLBACK_PORT0_CFG0		REGISTER	0x1c71	7281	16037
B	RTL8367B_FALLBACK_PORT0_CFG0_RESET_POWER_LEVEL_OFFSET		OFFSET_SHIFT	15	15	16038
B	RTL8367B_FALLBACK_PORT0_CFG0_RESET_POWER_LEVEL_MASK		MASK	0x8000	32768	16039
B	RTL8367B_FALLBACK_PORT0_CFG0_ENABLE_OFFSET		OFFSET_SHIFT	14	14	16040
B	RTL8367B_FALLBACK_PORT0_CFG0_ENABLE_MASK		MASK	0x4000	16384	16041
B	RTL8367B_REG_FALLBACK_PORT0_CFG1		REGISTER	0x1c72	7282	16043
B	RTL8367B_REG_FALLBACK_PORT0_CFG2		REGISTER	0x1c73	7283	16045
B	RTL8367B_FALLBACK_PORT0_CFG2_OFFSET		OFFSET_SHIFT	0	0	16046
B	RTL8367B_FALLBACK_PORT0_CFG2_MASK		MASK	0xFFF	4095	16047
B	RTL8367B_REG_FALLBACK_PORT0_CFG3		REGISTER	0x1c74	7284	16049
B	RTL8367B_FALLBACK_PORT0_CFG3_OFFSET		OFFSET_SHIFT	0	0	16050
B	RTL8367B_FALLBACK_PORT0_CFG3_MASK		MASK	0xFF	255	16051
B	RTL8367B_REG_FALLBACK_PORT1_CFG0		REGISTER	0x1c75	7285	16053
B	RTL8367B_FALLBACK_PORT1_CFG0_RESET_POWER_LEVEL_OFFSET		OFFSET_SHIFT	15	15	16054
B	RTL8367B_FALLBACK_PORT1_CFG0_RESET_POWER_LEVEL_MASK		MASK	0x8000	32768	16055
B	RTL8367B_FALLBACK_PORT1_CFG0_ENABLE_OFFSET		OFFSET_SHIFT	14	14	16056
B	RTL8367B_FALLBACK_PORT1_CFG0_ENABLE_MASK		MASK	0x4000	16384	16057
B	RTL8367B_REG_FALLBACK_PORT1_CFG1		REGISTER	0x1c76	7286	16059
B	RTL8367B_REG_FALLBACK_PORT1_CFG2		REGISTER	0x1c77	7287	16061
B	RTL8367B_FALLBACK_PORT1_CFG2_OFFSET		OFFSET_SHIFT	0	0	16062
B	RTL8367B_FALLBACK_PORT1_CFG2_MASK		MASK	0xFFF	4095	16063
B	RTL8367B_REG_FALLBACK_PORT1_CFG3		REGISTER	0x1c78	7288	16065
B	RTL8367B_FALLBACK_PORT1_CFG3_OFFSET		OFFSET_SHIFT	0	0	16066
B	RTL8367B_FALLBACK_PORT1_CFG3_MASK		MASK	0xFF	255	16067
B	RTL8367B_REG_FALLBACK_PORT2_CFG0		REGISTER	0x1c79	7289	16069
B	RTL8367B_FALLBACK_PORT2_CFG0_RESET_POWER_LEVEL_OFFSET		OFFSET_SHIFT	15	15	16070
B	RTL8367B_FALLBACK_PORT2_CFG0_RESET_POWER_LEVEL_MASK		MASK	0x8000	32768	16071
B	RTL8367B_FALLBACK_PORT2_CFG0_ENABLE_OFFSET		OFFSET_SHIFT	14	14	16072
B	RTL8367B_FALLBACK_PORT2_CFG0_ENABLE_MASK		MASK	0x4000	16384	16073
B	RTL8367B_REG_FALLBACK_PORT2_CFG1		REGISTER	0x1c7a	7290	16075
B	RTL8367B_REG_FALLBACK_PORT2_CFG2		REGISTER	0x1c7b	7291	16077
B	RTL8367B_FALLBACK_PORT2_CFG2_OFFSET		OFFSET_SHIFT	0	0	16078
B	RTL8367B_FALLBACK_PORT2_CFG2_MASK		MASK	0xFFF	4095	16079
B	RTL8367B_REG_FALLBACK_PORT2_CFG3		REGISTER	0x1c7c	7292	16081
B	RTL8367B_FALLBACK_PORT2_CFG3_OFFSET		OFFSET_SHIFT	0	0	16082
B	RTL8367B_FALLBACK_PORT2_CFG3_MASK		MASK	0xFF	255	16083
B	RTL8367B_REG_FALLBACK_PORT3_CFG0		REGISTER	0x1c7d	7293	16085
B	RTL8367B_FALLBACK_PORT3_CFG0_RESET_POWER_LEVEL_OFFSET		OFFSET_SHIFT	15	15	16086
B	RTL8367B_FALLBACK_PORT3_CFG0_RESET_POWER_LEVEL_MASK		MASK	0x8000	32768	16087
B	RTL8367B_FALLBACK_PORT3_CFG0_ENABLE_OFFSET		OFFSET_SHIFT	14	14	16088
B	RTL8367B_FALLBACK_PORT3_CFG0_ENABLE_MASK		MASK	0x4000	16384	16089
B	RTL8367B_REG_FALLBACK_PORT3_CFG1		REGISTER	0x1c7e	7294	16091
B	RTL8367B_REG_FALLBACK_PORT3_CFG2		REGISTER	0x1c7f	7295	16093
B	RTL8367B_FALLBACK_PORT3_CFG2_OFFSET		OFFSET_SHIFT	0	0	16094
B	RTL8367B_FALLBACK_PORT3_CFG2_MASK		MASK	0xFFF	4095	16095
B	RTL8367B_REG_FALLBACK_PORT3_CFG3		REGISTER	0x1c80	7296	16097
B	RTL8367B_FALLBACK_PORT3_CFG3_OFFSET		OFFSET_SHIFT	0	0	16098
B	RTL8367B_FALLBACK_PORT3_CFG3_MASK		MASK	0xFF	255	16099
B	RTL8367B_REG_FALLBACK_PORT4_CFG0		REGISTER	0x1c81	7297	16101
B	RTL8367B_FALLBACK_PORT4_CFG0_RESET_POWER_LEVEL_OFFSET		OFFSET_SHIFT	15	15	16102
B	RTL8367B_FALLBACK_PORT4_CFG0_RESET_POWER_LEVEL_MASK		MASK	0x8000	32768	16103
B	RTL8367B_FALLBACK_PORT4_CFG0_ENABLE_OFFSET		OFFSET_SHIFT	14	14	16104
B	RTL8367B_FALLBACK_PORT4_CFG0_ENABLE_MASK		MASK	0x4000	16384	16105
B	RTL8367B_REG_FALLBACK_PORT4_CFG1		REGISTER	0x1c82	7298	16107
B	RTL8367B_REG_FALLBACK_PORT4_CFG2		REGISTER	0x1c83	7299	16109
B	RTL8367B_FALLBACK_PORT4_CFG2_OFFSET		OFFSET_SHIFT	0	0	16110
B	RTL8367B_FALLBACK_PORT4_CFG2_MASK		MASK	0xFFF	4095	16111
B	RTL8367B_REG_FALLBACK_PORT4_CFG3		REGISTER	0x1c84	7300	16113
B	RTL8367B_FALLBACK_PORT4_CFG3_OFFSET		OFFSET_SHIFT	0	0	16114
B	RTL8367B_FALLBACK_PORT4_CFG3_MASK		MASK	0xFF	255	16115
B	RTL8367B_REG_FALLBACK_CTRL1		REGISTER	0x1c85	7301	16117
B	RTL8367B_FALLBACK_VALIDFLOW_OFFSET		OFFSET_SHIFT	8	8	16118
B	RTL8367B_FALLBACK_VALIDFLOW_MASK		MASK	0x1F00	7936	16119
B	RTL8367B_FALLBACK_STOP_TMR_OFFSET		OFFSET_SHIFT	0	0	16120
B	RTL8367B_FALLBACK_STOP_TMR_MASK		MASK	0x1	1	16121
B	RTL8367B_REG_INDRECT_ACCESS_CTRL		REGISTER	0x1f00	7936	16125
B	RTL8367B_RW_OFFSET		OFFSET_SHIFT	1	1	16126
B	RTL8367B_RW_MASK		MASK	0x2	2	16127
B	RTL8367B_CMD_OFFSET		OFFSET_SHIFT	0	0	16128
B	RTL8367B_CMD_MASK		MASK	0x1	1	16129
B	RTL8367B_REG_INDRECT_ACCESS_STATUS		REGISTER	0x1f01	7937	16131
B	RTL8367B_INDRECT_ACCESS_STATUS_OFFSET		OFFSET_SHIFT	2	2	16132
B	RTL8367B_INDRECT_ACCESS_STATUS_MASK		MASK	0x4	4	16133
B	RTL8367B_REG_INDRECT_ACCESS_ADDRESS		REGISTER	0x1f02	7938	16135
B	RTL8367B_REG_INDRECT_ACCESS_WRITE_DATA		REGISTER	0x1f03	7939	16137
B	RTL8367B_REG_INDRECT_ACCESS_READ_DATA		REGISTER	0x1f04	7940	16139
B	RTL8367B_REG_SDS_CFG0		REGISTER	0x6000	24576	16143
B	RTL8367B_DUMMY_00_OFFSET		OFFSET_SHIFT	15	15	16144
B	RTL8367B_DUMMY_00_MASK		MASK	0x8000	32768	16145
B	RTL8367B_BYP_8B10B_OFFSET		OFFSET_SHIFT	14	14	16146
B	RTL8367B_BYP_8B10B_MASK		MASK	0x4000	16384	16147
B	RTL8367B_CDET_OFFSET		OFFSET_SHIFT	12	12	16148
B	RTL8367B_CDET_MASK		MASK	0x3000	12288	16149
B	RTL8367B_DIS_TMR_CMA_OFFSET		OFFSET_SHIFT	11	11	16150
B	RTL8367B_DIS_TMR_CMA_MASK		MASK	0x800	2048	16151
B	RTL8367B_DUMMY_01_OFFSET		OFFSET_SHIFT	10	10	16152
B	RTL8367B_DUMMY_01_MASK		MASK	0x400	1024	16153
B	RTL8367B_INV_HSI_OFFSET		OFFSET_SHIFT	9	9	16154
B	RTL8367B_INV_HSI_MASK		MASK	0x200	512	16155
B	RTL8367B_INV_HSO_OFFSET		OFFSET_SHIFT	8	8	16156
B	RTL8367B_INV_HSO_MASK		MASK	0x100	256	16157
B	RTL8367B_SDS_SDET_DEG_OFFSET		OFFSET_SHIFT	6	6	16158
B	RTL8367B_SDS_SDET_DEG_MASK		MASK	0xC0	192	16159
B	RTL8367B_CODEC_LPK_OFFSET		OFFSET_SHIFT	5	5	16160
B	RTL8367B_CODEC_LPK_MASK		MASK	0x20	32	16161
B	RTL8367B_AFE_LPK_OFFSET		OFFSET_SHIFT	4	4	16162
B	RTL8367B_AFE_LPK_MASK		MASK	0x10	16	16163
B	RTL8367B_REMOTE_LPK_OFFSET		OFFSET_SHIFT	3	3	16164
B	RTL8367B_REMOTE_LPK_MASK		MASK	0x8	8	16165
B	RTL8367B_SDS_TX_DOWN_OFFSET		OFFSET_SHIFT	2	2	16166
B	RTL8367B_SDS_TX_DOWN_MASK		MASK	0x4	4	16167
B	RTL8367B_SDS_EN_RX_OFFSET		OFFSET_SHIFT	1	1	16168
B	RTL8367B_SDS_EN_RX_MASK		MASK	0x2	2	16169
B	RTL8367B_SDS_EN_TX_OFFSET		OFFSET_SHIFT	0	0	16170
B	RTL8367B_SDS_EN_TX_MASK		MASK	0x1	1	16171
B	RTL8367B_REG_SDS_CFG1		REGISTER	0x6001	24577	16173
B	RTL8367B_DUMMY_02_OFFSET		OFFSET_SHIFT	12	12	16174
B	RTL8367B_DUMMY_02_MASK		MASK	0xF000	61440	16175
B	RTL8367B_SDS_FRC_RX_OFFSET		OFFSET_SHIFT	8	8	16176
B	RTL8367B_SDS_FRC_RX_MASK		MASK	0xF00	3840	16177
B	RTL8367B_DUMMY_03_OFFSET		OFFSET_SHIFT	4	4	16178
B	RTL8367B_DUMMY_03_MASK		MASK	0xF0	240	16179
B	RTL8367B_SDS_FRC_TX_OFFSET		OFFSET_SHIFT	0	0	16180
B	RTL8367B_SDS_FRC_TX_MASK		MASK	0xF	15	16181
B	RTL8367B_REG_SDS_CFG2		REGISTER	0x6002	24578	16183
B	RTL8367B_FRC_PREAMBLE_OFFSET		OFFSET_SHIFT	14	14	16184
B	RTL8367B_FRC_PREAMBLE_MASK		MASK	0xC000	49152	16185
B	RTL8367B_FRC_IPG_OFFSET		OFFSET_SHIFT	12	12	16186
B	RTL8367B_FRC_IPG_MASK		MASK	0x3000	12288	16187
B	RTL8367B_FRC_CGGOOD_OFFSET		OFFSET_SHIFT	10	10	16188
B	RTL8367B_FRC_CGGOOD_MASK		MASK	0xC00	3072	16189
B	RTL8367B_SDS_FRC_AN_OFFSET		OFFSET_SHIFT	8	8	16190
B	RTL8367B_SDS_FRC_AN_MASK		MASK	0x300	768	16191
B	RTL8367B_DUMMY_04_OFFSET		OFFSET_SHIFT	4	4	16192
B	RTL8367B_DUMMY_04_MASK		MASK	0xF0	240	16193
B	RTL8367B_SDS_RESTART_AN_OFFSET		OFFSET_SHIFT	0	0	16194
B	RTL8367B_SDS_RESTART_AN_MASK		MASK	0xF	15	16195
B	RTL8367B_REG_SDS_CFG3		REGISTER	0x6003	24579	16197
B	RTL8367B_WR_SOFT_RSTB_OFFSET		OFFSET_SHIFT	15	15	16198
B	RTL8367B_WR_SOFT_RSTB_MASK		MASK	0x8000	32768	16199
B	RTL8367B_USE_25M_CLK_OFFSET		OFFSET_SHIFT	14	14	16200
B	RTL8367B_USE_25M_CLK_MASK		MASK	0x4000	16384	16201
B	RTL8367B_MARK_CARR_EXT_OFFSET		OFFSET_SHIFT	13	13	16202
B	RTL8367B_MARK_CARR_EXT_MASK		MASK	0x2000	8192	16203
B	RTL8367B_SEL_DEG_OFFSET		OFFSET_SHIFT	12	12	16204
B	RTL8367B_SEL_DEG_MASK		MASK	0x1000	4096	16205
B	RTL8367B_REG_CALIB_OK_CNT_OFFSET		REGISTER	8	8	16206
B	RTL8367B_REG_CALIB_OK_CNT_MASK		REGISTER	0xF00	3840	16207
B	RTL8367B_EXT_PWR_CTL_OFFSET		OFFSET_SHIFT	7	7	16208
B	RTL8367B_EXT_PWR_CTL_MASK		MASK	0x80	128	16209
B	RTL8367B_SOFT_RST_OFFSET		OFFSET_SHIFT	6	6	16210
B	RTL8367B_SOFT_RST_MASK		MASK	0x40	64	16211
B	RTL8367B_CLR_SOFT_RSTB_OFFSET		OFFSET_SHIFT	5	5	16212
B	RTL8367B_CLR_SOFT_RSTB_MASK		MASK	0x20	32	16213
B	RTL8367B_CMA_RQ_OFFSET		OFFSET_SHIFT	0	0	16214
B	RTL8367B_CMA_RQ_MASK		MASK	0x1F	31	16215
B	RTL8367B_REG_SDS_CFG4		REGISTER	0x6004	24580	16217
B	RTL8367B_CFG_FRC_SDS_MODE_OFFSET		OFFSET_SHIFT	13	13	16218
B	RTL8367B_CFG_FRC_SDS_MODE_MASK		MASK	0xE000	57344	16219
B	RTL8367B_CFG_FRC_SDS_MODE_EN_OFFSET		OFFSET_SHIFT	12	12	16220
B	RTL8367B_CFG_FRC_SDS_MODE_EN_MASK		MASK	0x1000	4096	16221
B	RTL8367B_CFG_UPD_RXD_OFFSET		OFFSET_SHIFT	8	8	16222
B	RTL8367B_CFG_UPD_RXD_MASK		MASK	0xF00	3840	16223
B	RTL8367B_CFG_UPD_TXD_OFFSET		OFFSET_SHIFT	4	4	16224
B	RTL8367B_CFG_UPD_TXD_MASK		MASK	0xF0	240	16225
B	RTL8367B_CFG_UPD_RXD_DYN_OFFSET		OFFSET_SHIFT	3	3	16226
B	RTL8367B_CFG_UPD_RXD_DYN_MASK		MASK	0x8	8	16227
B	RTL8367B_CFG_EN_LINK_FIB1G_OFFSET		OFFSET_SHIFT	2	2	16228
B	RTL8367B_CFG_EN_LINK_FIB1G_MASK		MASK	0x4	4	16229
B	RTL8367B_DUMMY_05_OFFSET		OFFSET_SHIFT	1	1	16230
B	RTL8367B_DUMMY_05_MASK		MASK	0x2	2	16231
B	RTL8367B_DUMMY_06_OFFSET		OFFSET_SHIFT	0	0	16232
B	RTL8367B_DUMMY_06_MASK		MASK	0x1	1	16233
B	RTL8367B_REG_SDS_CFG5		REGISTER	0x6005	24581	16235
B	RTL8367B_LPI_TRANSMIT_STYLE_OFFSET		OFFSET_SHIFT	15	15	16236
B	RTL8367B_LPI_TRANSMIT_STYLE_MASK		MASK	0x8000	32768	16237
B	RTL8367B_DUMMY_07_OFFSET		OFFSET_SHIFT	12	12	16238
B	RTL8367B_DUMMY_07_MASK		MASK	0x7000	28672	16239
B	RTL8367B_DUMMY_08_OFFSET		OFFSET_SHIFT	11	11	16240
B	RTL8367B_DUMMY_08_MASK		MASK	0x800	2048	16241
B	RTL8367B_DUMMY_09_OFFSET		OFFSET_SHIFT	10	10	16242
B	RTL8367B_DUMMY_09_MASK		MASK	0x400	1024	16243
B	RTL8367B_DUMMY_0A_OFFSET		OFFSET_SHIFT	9	9	16244
B	RTL8367B_DUMMY_0A_MASK		MASK	0x200	512	16245
B	RTL8367B_DUMMY_0B_OFFSET		OFFSET_SHIFT	8	8	16246
B	RTL8367B_DUMMY_0B_MASK		MASK	0x100	256	16247
B	RTL8367B_DUMMY_0C_OFFSET		OFFSET_SHIFT	4	4	16248
B	RTL8367B_DUMMY_0C_MASK		MASK	0xF0	240	16249
B	RTL8367B_DUMMY_0D_OFFSET		OFFSET_SHIFT	0	0	16250
B	RTL8367B_DUMMY_0D_MASK		MASK	0xF	15	16251
B	RTL8367B_REG_SDS_CFG6		REGISTER	0x6006	24582	16253
B	RTL8367B_DUMMY_0E_OFFSET		OFFSET_SHIFT	12	12	16254
B	RTL8367B_DUMMY_0E_MASK		MASK	0xF000	61440	16255
B	RTL8367B_RX_BYPSCR_OFFSET		OFFSET_SHIFT	8	8	16256
B	RTL8367B_RX_BYPSCR_MASK		MASK	0xF00	3840	16257
B	RTL8367B_DUMMY_0F_OFFSET		OFFSET_SHIFT	4	4	16258
B	RTL8367B_DUMMY_0F_MASK		MASK	0xF0	240	16259
B	RTL8367B_TX_BYPSCR_OFFSET		OFFSET_SHIFT	0	0	16260
B	RTL8367B_TX_BYPSCR_MASK		MASK	0xF	15	16261
B	RTL8367B_REG_SDS_CFG7		REGISTER	0x6007	24583	16263
B	RTL8367B_DUMMY_10_OFFSET		OFFSET_SHIFT	11	11	16264
B	RTL8367B_DUMMY_10_MASK		MASK	0xF800	63488	16265
B	RTL8367B_CFG_LPI_CMD_MII_OFFSET		OFFSET_SHIFT	10	10	16266
B	RTL8367B_CFG_LPI_CMD_MII_MASK		MASK	0x400	1024	16267
B	RTL8367B_CFG_MARK_RXSCR_ERR_OFFSET		OFFSET_SHIFT	9	9	16268
B	RTL8367B_CFG_MARK_RXSCR_ERR_MASK		MASK	0x200	512	16269
B	RTL8367B_CFG_MARK_TXSCR_ERR_OFFSET		OFFSET_SHIFT	8	8	16270
B	RTL8367B_CFG_MARK_TXSCR_ERR_MASK		MASK	0x100	256	16271
B	RTL8367B_BYP_START_OFFSET		OFFSET_SHIFT	4	4	16272
B	RTL8367B_BYP_START_MASK		MASK	0xF0	240	16273
B	RTL8367B_BYP_END_OFFSET		OFFSET_SHIFT	0	0	16274
B	RTL8367B_BYP_END_MASK		MASK	0xF	15	16275
B	RTL8367B_REG_SDS_CFG8		REGISTER	0x6008	24584	16277
B	RTL8367B_SDS_CFG8_DUMMY_11_OFFSET		OFFSET_SHIFT	15	15	16278
B	RTL8367B_SDS_CFG8_DUMMY_11_MASK		MASK	0x8000	32768	16279
B	RTL8367B_DUMMY_12_OFFSET		OFFSET_SHIFT	14	14	16280
B	RTL8367B_DUMMY_12_MASK		MASK	0x4000	16384	16281
B	RTL8367B_DUMMY_13_OFFSET		OFFSET_SHIFT	11	11	16282
B	RTL8367B_DUMMY_13_MASK		MASK	0x3800	14336	16283
B	RTL8367B_DUMMY_14_OFFSET		OFFSET_SHIFT	8	8	16284
B	RTL8367B_DUMMY_14_MASK		MASK	0x700	1792	16285
B	RTL8367B_SDS_CFG8_DUMMY_15_OFFSET		OFFSET_SHIFT	5	5	16286
B	RTL8367B_SDS_CFG8_DUMMY_15_MASK		MASK	0xE0	224	16287
B	RTL8367B_DUMMY_16_OFFSET		OFFSET_SHIFT	2	2	16288
B	RTL8367B_DUMMY_16_MASK		MASK	0x1C	28	16289
B	RTL8367B_DUMMY_17_OFFSET		OFFSET_SHIFT	1	1	16290
B	RTL8367B_DUMMY_17_MASK		MASK	0x2	2	16291
B	RTL8367B_DUMMY_18_OFFSET		OFFSET_SHIFT	0	0	16292
B	RTL8367B_DUMMY_18_MASK		MASK	0x1	1	16293
B	RTL8367B_REG_SDS_CFG9		REGISTER	0x6009	24585	16295
B	RTL8367B_REG_SDS_CFG10		REGISTER	0x600a	24586	16297
B	RTL8367B_REG_SDS_CFG11		REGISTER	0x600b	24587	16299
B	RTL8367B_REG_SDS_CFG12		REGISTER	0x600c	24588	16301
B	RTL8367B_DUMMY_1D_OFFSET		OFFSET_SHIFT	8	8	16302
B	RTL8367B_DUMMY_1D_MASK		MASK	0xFF00	65280	16303
B	RTL8367B_ABILITY_OFFSET		OFFSET_SHIFT	4	4	16304
B	RTL8367B_ABILITY_MASK		MASK	0xF0	240	16305
B	RTL8367B_DUMMY_1E_OFFSET		OFFSET_SHIFT	3	3	16306
B	RTL8367B_DUMMY_1E_MASK		MASK	0x8	8	16307
B	RTL8367B_DUMMY_1F_OFFSET		OFFSET_SHIFT	2	2	16308
B	RTL8367B_DUMMY_1F_MASK		MASK	0x4	4	16309
B	RTL8367B_DUMMY_20_OFFSET		OFFSET_SHIFT	1	1	16310
B	RTL8367B_DUMMY_20_MASK		MASK	0x2	2	16311
B	RTL8367B_SEND_NP_ON_OFFSET		OFFSET_SHIFT	0	0	16312
B	RTL8367B_SEND_NP_ON_MASK		MASK	0x1	1	16313
B	RTL8367B_REG_SDS_CFG13		REGISTER	0x600d	24589	16315
B	RTL8367B_DUMMY_21_OFFSET		OFFSET_SHIFT	8	8	16316
B	RTL8367B_DUMMY_21_MASK		MASK	0xFF00	65280	16317
B	RTL8367B_DUMMY_22_OFFSET		OFFSET_SHIFT	0	0	16318
B	RTL8367B_DUMMY_22_MASK		MASK	0xFF	255	16319
B	RTL8367B_REG_SDS_CFG14		REGISTER	0x600e	24590	16321
B	RTL8367B_CFG_SPDUP_OFFSET		OFFSET_SHIFT	15	15	16322
B	RTL8367B_CFG_SPDUP_MASK		MASK	0x8000	32768	16323
B	RTL8367B_DUMMY_23_OFFSET		OFFSET_SHIFT	10	10	16324
B	RTL8367B_DUMMY_23_MASK		MASK	0x7C00	31744	16325
B	RTL8367B_CFG_SEL_ODD_BIT_OFFSET		OFFSET_SHIFT	9	9	16326
B	RTL8367B_CFG_SEL_ODD_BIT_MASK		MASK	0x200	512	16327
B	RTL8367B_CFG_FRC_LD_VALUE_OFFSET		OFFSET_SHIFT	8	8	16328
B	RTL8367B_CFG_FRC_LD_VALUE_MASK		MASK	0x100	256	16329
B	RTL8367B_CFG_FRC_LD_OFFSET		OFFSET_SHIFT	7	7	16330
B	RTL8367B_CFG_FRC_LD_MASK		MASK	0x80	128	16331
B	RTL8367B_DUMMY_24_OFFSET		OFFSET_SHIFT	6	6	16332
B	RTL8367B_DUMMY_24_MASK		MASK	0x40	64	16333
B	RTL8367B_DUMMY_25_OFFSET		OFFSET_SHIFT	3	3	16334
B	RTL8367B_DUMMY_25_MASK		MASK	0x38	56	16335
B	RTL8367B_CFG_LINK_TMR_NORM_SEL_OFFSET		OFFSET_SHIFT	0	0	16336
B	RTL8367B_CFG_LINK_TMR_NORM_SEL_MASK		MASK	0x7	7	16337
B	RTL8367B_REG_SDS_CFG15		REGISTER	0x600f	24591	16339
B	RTL8367B_REG_SDS_CFG16		REGISTER	0x6010	24592	16341
B	RTL8367B_REG_SDS_CFG17		REGISTER	0x6011	24593	16343
B	RTL8367B_SDS_CFG17_OFFSET		OFFSET_SHIFT	0	0	16344
B	RTL8367B_SDS_CFG17_MASK		MASK	0x3FFF	16383	16345
B	RTL8367B_REG_SDS_CFG18		REGISTER	0x6012	24594	16347
B	RTL8367B_REG_SDS_CFG19		REGISTER	0x6013	24595	16349
B	RTL8367B_REG_SDS_CFG20		REGISTER	0x6014	24596	16351
B	RTL8367B_REG_SDS_CFG21		REGISTER	0x6015	24597	16353
B	RTL8367B_REG_SDS_CFG22		REGISTER	0x6016	24598	16355
B	RTL8367B_REG_SDS_CFG23		REGISTER	0x6017	24599	16357
B	RTL8367B_REG_SDS_CFG24		REGISTER	0x6018	24600	16359
B	RTL8367B_REG_SDS_CFG25		REGISTER	0x6019	24601	16361
B	RTL8367B_REG_SDS_CFG26		REGISTER	0x601a	24602	16363
B	RTL8367B_REG_SDS_CFG27		REGISTER	0x601b	24603	16365
B	RTL8367B_REG_SDS_CFG28		REGISTER	0x601c	24604	16367
B	RTL8367B_DUMMY_31_OFFSET		OFFSET_SHIFT	12	12	16368
B	RTL8367B_DUMMY_31_MASK		MASK	0xF000	61440	16369
B	RTL8367B_DUMMY_32_OFFSET		OFFSET_SHIFT	11	11	16370
B	RTL8367B_DUMMY_32_MASK		MASK	0x800	2048	16371
B	RTL8367B_DUMMY_33_OFFSET		OFFSET_SHIFT	10	10	16372
B	RTL8367B_DUMMY_33_MASK		MASK	0x400	1024	16373
B	RTL8367B_CFG_SDS_DBG_SEL_OFFSET		OFFSET_SHIFT	0	0	16374
B	RTL8367B_CFG_SDS_DBG_SEL_MASK		MASK	0x3FF	1023	16375
B	RTL8367B_REG_SDS_CFG29		REGISTER	0x601d	24605	16377
B	RTL8367B_REG_SDS_CFG30		REGISTER	0x601e	24606	16379
B	RTL8367B_REG_SDS_EXT_CFG0		REGISTER	0x6100	24832	16383
B	RTL8367B_REG_SDS_EXT_CFG1		REGISTER	0x6101	24833	16385
B	RTL8367B_REG_SDS_EXT_CFG2		REGISTER	0x6102	24834	16387
B	RTL8367B_REG_SDS_EXT_CFG3		REGISTER	0x6103	24835	16389
B	RTL8367B_REG_SDS_EXT_CFG4		REGISTER	0x6104	24836	16391
B	RTL8367B_REG_SDS_EXT_CFG5		REGISTER	0x6105	24837	16393
B	RTL8367B_REG_SDS_EXT_CFG6		REGISTER	0x6106	24838	16395
B	RTL8367B_REG_SDS_EXT_CFG7		REGISTER	0x6107	24839	16397
B	RTL8367B_REG_SDS_EXT_CFG8		REGISTER	0x6108	24840	16399
B	RTL8367B_REG_SDS_EXT_CFG9		REGISTER	0x6109	24841	16401
B	RTL8367B_REG_SDS_EXT_CFG10		REGISTER	0x610a	24842	16403
B	RTL8367B_REG_SDS_EXT_CFG11		REGISTER	0x610b	24843	16405
B	RTL8367B_REG_SDS_EXT_CFG12		REGISTER	0x610c	24844	16407
B	RTL8367B_REG_SDS_EXT_CFG13		REGISTER	0x610d	24845	16409
B	RTL8367B_REG_SDS_EXT_CFG14		REGISTER	0x610e	24846	16411
B	RTL8367B_REG_SDS_EXT_CFG15		REGISTER	0x610f	24847	16413
B	RTL8367B_REG_SDS_EXT_CFG16		REGISTER	0x6110	24848	16415
B	RTL8367B_REG_SDS_EXT_CFG24		REGISTER	0x6118	24856	16417
B	RTL8367B_CFG_RG24X153_OFFSET		OFFSET_SHIFT	3	3	16418
B	RTL8367B_CFG_RG24X153_MASK		MASK	0xFFF8	65528	16419
B	RTL8367B_CFG_SYMBOLERR_CNT_OFFSET		OFFSET_SHIFT	0	0	16420
B	RTL8367B_CFG_SYMBOLERR_CNT_MASK		MASK	0x7	7	16421
B	RTL8367B_REG_SDS_EXT_CFG25		REGISTER	0x6119	24857	16423
B	RTL8367B_ALL_SYMBOLERR_CNT_OFFSET		OFFSET_SHIFT	8	8	16424
B	RTL8367B_ALL_SYMBOLERR_CNT_MASK		MASK	0xFF00	65280	16425
B	RTL8367B_MUX_SYMBOLERR_CNT_OFFSET		OFFSET_SHIFT	0	0	16426
B	RTL8367B_MUX_SYMBOLERR_CNT_MASK		MASK	0xFF	255	16427
B	RTL8367B_REG_SDS_EXT_CFG26		REGISTER	0x611a	24858	16429
B	RTL8367B_P3LNKDOWNCNT_OFFSET		OFFSET_SHIFT	12	12	16430
B	RTL8367B_P3LNKDOWNCNT_MASK		MASK	0xF000	61440	16431
B	RTL8367B_P2LNKDOWNCNT_OFFSET		OFFSET_SHIFT	8	8	16432
B	RTL8367B_P2LNKDOWNCNT_MASK		MASK	0xF00	3840	16433
B	RTL8367B_P1LNKDOWNCNT_OFFSET		OFFSET_SHIFT	4	4	16434
B	RTL8367B_P1LNKDOWNCNT_MASK		MASK	0xF0	240	16435
B	RTL8367B_P0LNKDOWNCNT_OFFSET		OFFSET_SHIFT	0	0	16436
B	RTL8367B_P0LNKDOWNCNT_MASK		MASK	0xF	15	16437
B	RTL8367B_REG_SDS_EXT_CFG27		REGISTER	0x611b	24859	16439
B	RTL8367B_REG_SDS_EXT_CFG28		REGISTER	0x611c	24860	16441
B	RTL8367B_REG_SDS_EXT_CFG29		REGISTER	0x611d	24861	16443
B	RTL8367B_CFG_DBG_STATUS_ECO_2_OFFSET		OFFSET_SHIFT	9	9	16444
B	RTL8367B_CFG_DBG_STATUS_ECO_2_MASK		MASK	0xFE00	65024	16445
B	RTL8367B_SIGNOK_LAT_OFFSET		OFFSET_SHIFT	8	8	16446
B	RTL8367B_SIGNOK_LAT_MASK		MASK	0x100	256	16447
B	RTL8367B_LINKOK_LAT_OFFSET		OFFSET_SHIFT	4	4	16448
B	RTL8367B_LINKOK_LAT_MASK		MASK	0xF0	240	16449
B	RTL8367B_SYNCOK_LAT_OFFSET		OFFSET_SHIFT	0	0	16450
B	RTL8367B_SYNCOK_LAT_MASK		MASK	0xF	15	16451
B	RTL8367B_REG_SDS_EXT_CFG30		REGISTER	0x611e	24862	16453
B	RTL8367B_CFG_DBG_STATUS_ECO_3_OFFSET		OFFSET_SHIFT	9	9	16454
B	RTL8367B_CFG_DBG_STATUS_ECO_3_MASK		MASK	0xFE00	65024	16455
B	RTL8367B_SIGNOKLAT_OFFSET		OFFSET_SHIFT	8	8	16456
B	RTL8367B_SIGNOKLAT_MASK		MASK	0x100	256	16457
B	RTL8367B_LINKOKLAT_OFFSET		OFFSET_SHIFT	4	4	16458
B	RTL8367B_LINKOKLAT_MASK		MASK	0xF0	240	16459
B	RTL8367B_SYNCOKLAT_OFFSET		OFFSET_SHIFT	0	0	16460
B	RTL8367B_SYNCOKLAT_MASK		MASK	0xF	15	16461
B	RTL8367B_REG_FIB_CFG00		REGISTER	0x6200	25088	16465
B	RTL8367B_FIB_CFG00_CFG_FIB_RST_OFFSET		OFFSET_SHIFT	15	15	16466
B	RTL8367B_FIB_CFG00_CFG_FIB_RST_MASK		MASK	0x8000	32768	16467
B	RTL8367B_FIB_CFG00_CFG_FIB_LPK_OFFSET		OFFSET_SHIFT	14	14	16468
B	RTL8367B_FIB_CFG00_CFG_FIB_LPK_MASK		MASK	0x4000	16384	16469
B	RTL8367B_FIB_CFG00_CFG_FIB_SPD_RD_0_OFFSET		OFFSET_SHIFT	13	13	16470
B	RTL8367B_FIB_CFG00_CFG_FIB_SPD_RD_0_MASK		MASK	0x2000	8192	16471
B	RTL8367B_FIB_CFG00_CFG_FIB_ANEN_OFFSET		OFFSET_SHIFT	12	12	16472
B	RTL8367B_FIB_CFG00_CFG_FIB_ANEN_MASK		MASK	0x1000	4096	16473
B	RTL8367B_FIB_CFG00_CFG_FIB_PDOWN_OFFSET		OFFSET_SHIFT	11	11	16474
B	RTL8367B_FIB_CFG00_CFG_FIB_PDOWN_MASK		MASK	0x800	2048	16475
B	RTL8367B_FIB_CFG00_CFG_FIB_ISO_OFFSET		OFFSET_SHIFT	10	10	16476
B	RTL8367B_FIB_CFG00_CFG_FIB_ISO_MASK		MASK	0x400	1024	16477
B	RTL8367B_FIB_CFG00_CFG_FIB_RESTART_OFFSET		OFFSET_SHIFT	9	9	16478
B	RTL8367B_FIB_CFG00_CFG_FIB_RESTART_MASK		MASK	0x200	512	16479
B	RTL8367B_FIB_CFG00_CFG_FIB_FULLDUP_OFFSET		OFFSET_SHIFT	8	8	16480
B	RTL8367B_FIB_CFG00_CFG_FIB_FULLDUP_MASK		MASK	0x100	256	16481
B	RTL8367B_FIB_CFG00_CFG_FIB_SPD_RD_1_OFFSET		OFFSET_SHIFT	6	6	16482
B	RTL8367B_FIB_CFG00_CFG_FIB_SPD_RD_1_MASK		MASK	0x40	64	16483
B	RTL8367B_FIB_CFG00_CFG_FIB_FRCTX_OFFSET		OFFSET_SHIFT	5	5	16484
B	RTL8367B_FIB_CFG00_CFG_FIB_FRCTX_MASK		MASK	0x20	32	16485
B	RTL8367B_REG_FIB_CFG01		REGISTER	0x6201	25089	16487
B	RTL8367B_FIB_CFG01_CAPBILITY_OFFSET		OFFSET_SHIFT	6	6	16488
B	RTL8367B_FIB_CFG01_CAPBILITY_MASK		MASK	0xFFC0	65472	16489
B	RTL8367B_FIB_CFG01_AN_COMPLETE_OFFSET		OFFSET_SHIFT	5	5	16490
B	RTL8367B_FIB_CFG01_AN_COMPLETE_MASK		MASK	0x20	32	16491
B	RTL8367B_FIB_CFG01_R_FAULT_OFFSET		OFFSET_SHIFT	4	4	16492
B	RTL8367B_FIB_CFG01_R_FAULT_MASK		MASK	0x10	16	16493
B	RTL8367B_FIB_CFG01_NWAY_ABILITY_OFFSET		OFFSET_SHIFT	3	3	16494
B	RTL8367B_FIB_CFG01_NWAY_ABILITY_MASK		MASK	0x8	8	16495
B	RTL8367B_FIB_CFG01_LINK_STATUS_OFFSET		OFFSET_SHIFT	2	2	16496
B	RTL8367B_FIB_CFG01_LINK_STATUS_MASK		MASK	0x4	4	16497
B	RTL8367B_FIB_CFG01_JABBER_DETECT_OFFSET		OFFSET_SHIFT	1	1	16498
B	RTL8367B_FIB_CFG01_JABBER_DETECT_MASK		MASK	0x2	2	16499
B	RTL8367B_FIB_CFG01_EXTENDED_CAPBILITY_OFFSET		OFFSET_SHIFT	0	0	16500
B	RTL8367B_FIB_CFG01_EXTENDED_CAPBILITY_MASK		MASK	0x1	1	16501
B	RTL8367B_REG_FIB_CFG02		REGISTER	0x6202	25090	16503
B	RTL8367B_REG_FIB_CFG03		REGISTER	0x6203	25091	16505
B	RTL8367B_FIB_CFG03_REALTEK_OUI5_0_OFFSET		OFFSET_SHIFT	10	10	16506
B	RTL8367B_FIB_CFG03_REALTEK_OUI5_0_MASK		MASK	0xFC00	64512	16507
B	RTL8367B_FIB_CFG03_MODEL_NO_OFFSET		OFFSET_SHIFT	4	4	16508
B	RTL8367B_FIB_CFG03_MODEL_NO_MASK		MASK	0x3F0	1008	16509
B	RTL8367B_FIB_CFG03_REVISION_NO_OFFSET		OFFSET_SHIFT	0	0	16510
B	RTL8367B_FIB_CFG03_REVISION_NO_MASK		MASK	0xF	15	16511
B	RTL8367B_REG_FIB_CFG04		REGISTER	0x6204	25092	16513
B	RTL8367B_REG_FIB_CFG05		REGISTER	0x6205	25093	16515
B	RTL8367B_REG_FIB_CFG06		REGISTER	0x6206	25094	16517
B	RTL8367B_FIB_CFG06_FIB_NP_EN_OFFSET		OFFSET_SHIFT	2	2	16518
B	RTL8367B_FIB_CFG06_FIB_NP_EN_MASK		MASK	0x4	4	16519
B	RTL8367B_FIB_CFG06_RXPAGE_OFFSET		OFFSET_SHIFT	1	1	16520
B	RTL8367B_FIB_CFG06_RXPAGE_MASK		MASK	0x2	2	16521
B	RTL8367B_REG_FIB_CFG07		REGISTER	0x6207	25095	16523
B	RTL8367B_REG_FIB_CFG08		REGISTER	0x6208	25096	16525
B	RTL8367B_REG_FIB_CFG09		REGISTER	0x6209	25097	16527
B	RTL8367B_REG_FIB_CFG10		REGISTER	0x620a	25098	16529
B	RTL8367B_REG_FIB_CFG11		REGISTER	0x620b	25099	16531
B	RTL8367B_REG_FIB_CFG12		REGISTER	0x620c	25100	16533
B	RTL8367B_REG_FIB_CFG13		REGISTER	0x620d	25101	16535
B	RTL8367B_FIB_CFG13_INDR_FUNC_OFFSET		OFFSET_SHIFT	14	14	16536
B	RTL8367B_FIB_CFG13_INDR_FUNC_MASK		MASK	0xC000	49152	16537
B	RTL8367B_FIB_CFG13_DUMMY_OFFSET		OFFSET_SHIFT	5	5	16538
B	RTL8367B_FIB_CFG13_DUMMY_MASK		MASK	0x3FE0	16352	16539
B	RTL8367B_FIB_CFG13_INDR_DEVAD_OFFSET		OFFSET_SHIFT	0	0	16540
B	RTL8367B_FIB_CFG13_INDR_DEVAD_MASK		MASK	0x1F	31	16541
B	RTL8367B_REG_FIB_CFG14		REGISTER	0x620e	25102	16543
B	RTL8367B_REG_FIB_CFG15		REGISTER	0x620f	25103	16545
B	RTL8367B_REG_FIB_CFG16		REGISTER	0x6210	25104	16547
B	RTL8367B_REG_FIB_CFG17		REGISTER	0x6211	25105	16549
B	RTL8367B_REG_FIB_CFG18		REGISTER	0x6212	25106	16551
B	RTL8367B_REG_FIB_CFG19		REGISTER	0x6213	25107	16553
B	RTL8367B_REG_FIB_CFG20		REGISTER	0x6214	25108	16555
B	RTL8367B_REG_FIB_CFG21		REGISTER	0x6215	25109	16557
B	RTL8367B_REG_FIB_CFG22		REGISTER	0x6216	25110	16559
B	RTL8367B_REG_FIB_CFG23		REGISTER	0x6217	25111	16561
B	RTL8367B_REG_FIB_CFG28		REGISTER	0x621c	25116	16563
B	RTL8367B_CFG_CONS1_MAX_OFFSET		OFFSET_SHIFT	12	12	16564
B	RTL8367B_CFG_CONS1_MAX_MASK		MASK	0xF000	61440	16565
B	RTL8367B_CFG_CONS0_MAX_OFFSET		OFFSET_SHIFT	8	8	16566
B	RTL8367B_CFG_CONS0_MAX_MASK		MASK	0xF00	3840	16567
B	RTL8367B_CFG_CNT_MIN_OFFSET		OFFSET_SHIFT	0	0	16568
B	RTL8367B_CFG_CNT_MIN_MASK		MASK	0xFF	255	16569
B	RTL8367B_REG_FIB_CFG29		REGISTER	0x621d	25117	16571
B	RTL8367B_CFG_AUTO_DET_ON_OFFSET		OFFSET_SHIFT	15	15	16572
B	RTL8367B_CFG_AUTO_DET_ON_MASK		MASK	0x8000	32768	16573
B	RTL8367B_CFG_TOUT_MAX_OFFSET		OFFSET_SHIFT	9	9	16574
B	RTL8367B_CFG_TOUT_MAX_MASK		MASK	0x7E00	32256	16575
B	RTL8367B_CFG_STATE_TMR_OFFSET		OFFSET_SHIFT	5	5	16576
B	RTL8367B_CFG_STATE_TMR_MASK		MASK	0x1E0	480	16577
B	RTL8367B_CFG_TEST_TMR_OFFSET		OFFSET_SHIFT	0	0	16578
B	RTL8367B_CFG_TEST_TMR_MASK		MASK	0x1F	31	16579
B	RTL8367B_REG_FIB_CFG30		REGISTER	0x621e	25118	16581
B	RTL8367B_CFG_RG30X1508_OFFSET		OFFSET_SHIFT	8	8	16582
B	RTL8367B_CFG_RG30X1508_MASK		MASK	0xFF00	65280	16583
B	RTL8367B_CFG_LNK_ON_TMR_OFFSET		OFFSET_SHIFT	0	0	16584
B	RTL8367B_CFG_LNK_ON_TMR_MASK		MASK	0xFF	255	16585
B	RTL8367B_REG_FIB_EXT_CFG00		REGISTER	0x6300	25344	16589
B	RTL8367B_FIB_EXT_CFG00_CFG_FIB_RST_OFFSET		OFFSET_SHIFT	15	15	16590
B	RTL8367B_FIB_EXT_CFG00_CFG_FIB_RST_MASK		MASK	0x8000	32768	16591
B	RTL8367B_FIB_EXT_CFG00_CFG_FIB_LPK_OFFSET		OFFSET_SHIFT	14	14	16592
B	RTL8367B_FIB_EXT_CFG00_CFG_FIB_LPK_MASK		MASK	0x4000	16384	16593
B	RTL8367B_FIB_EXT_CFG00_CFG_FIB_SPD_RD_0_OFFSET		OFFSET_SHIFT	13	13	16594
B	RTL8367B_FIB_EXT_CFG00_CFG_FIB_SPD_RD_0_MASK		MASK	0x2000	8192	16595
B	RTL8367B_FIB_EXT_CFG00_CFG_FIB_ANEN_OFFSET		OFFSET_SHIFT	12	12	16596
B	RTL8367B_FIB_EXT_CFG00_CFG_FIB_ANEN_MASK		MASK	0x1000	4096	16597
B	RTL8367B_FIB_EXT_CFG00_CFG_FIB_PDOWN_OFFSET		OFFSET_SHIFT	11	11	16598
B	RTL8367B_FIB_EXT_CFG00_CFG_FIB_PDOWN_MASK		MASK	0x800	2048	16599
B	RTL8367B_FIB_EXT_CFG00_CFG_FIB_ISO_OFFSET		OFFSET_SHIFT	10	10	16600
B	RTL8367B_FIB_EXT_CFG00_CFG_FIB_ISO_MASK		MASK	0x400	1024	16601
B	RTL8367B_FIB_EXT_CFG00_CFG_FIB_RESTART_OFFSET		OFFSET_SHIFT	9	9	16602
B	RTL8367B_FIB_EXT_CFG00_CFG_FIB_RESTART_MASK		MASK	0x200	512	16603
B	RTL8367B_FIB_EXT_CFG00_CFG_FIB_FULLDUP_OFFSET		OFFSET_SHIFT	8	8	16604
B	RTL8367B_FIB_EXT_CFG00_CFG_FIB_FULLDUP_MASK		MASK	0x100	256	16605
B	RTL8367B_FIB_EXT_CFG00_CFG_FIB_SPD_RD_1_OFFSET		OFFSET_SHIFT	6	6	16606
B	RTL8367B_FIB_EXT_CFG00_CFG_FIB_SPD_RD_1_MASK		MASK	0x40	64	16607
B	RTL8367B_FIB_EXT_CFG00_CFG_FIB_FRCTX_OFFSET		OFFSET_SHIFT	5	5	16608
B	RTL8367B_FIB_EXT_CFG00_CFG_FIB_FRCTX_MASK		MASK	0x20	32	16609
B	RTL8367B_REG_FIB_EXT_CFG01		REGISTER	0x6301	25345	16611
B	RTL8367B_FIB_EXT_CFG01_CAPBILITY_OFFSET		OFFSET_SHIFT	6	6	16612
B	RTL8367B_FIB_EXT_CFG01_CAPBILITY_MASK		MASK	0xFFC0	65472	16613
B	RTL8367B_FIB_EXT_CFG01_AN_COMPLETE_OFFSET		OFFSET_SHIFT	5	5	16614
B	RTL8367B_FIB_EXT_CFG01_AN_COMPLETE_MASK		MASK	0x20	32	16615
B	RTL8367B_FIB_EXT_CFG01_R_FAULT_OFFSET		OFFSET_SHIFT	4	4	16616
B	RTL8367B_FIB_EXT_CFG01_R_FAULT_MASK		MASK	0x10	16	16617
B	RTL8367B_FIB_EXT_CFG01_NWAY_ABILITY_OFFSET		OFFSET_SHIFT	3	3	16618
B	RTL8367B_FIB_EXT_CFG01_NWAY_ABILITY_MASK		MASK	0x8	8	16619
B	RTL8367B_FIB_EXT_CFG01_LINK_STATUS_OFFSET		OFFSET_SHIFT	2	2	16620
B	RTL8367B_FIB_EXT_CFG01_LINK_STATUS_MASK		MASK	0x4	4	16621
B	RTL8367B_FIB_EXT_CFG01_JABBER_DETECT_OFFSET		OFFSET_SHIFT	1	1	16622
B	RTL8367B_FIB_EXT_CFG01_JABBER_DETECT_MASK		MASK	0x2	2	16623
B	RTL8367B_FIB_EXT_CFG01_EXTENDED_CAPBILITY_OFFSET		OFFSET_SHIFT	0	0	16624
B	RTL8367B_FIB_EXT_CFG01_EXTENDED_CAPBILITY_MASK		MASK	0x1	1	16625
B	RTL8367B_REG_FIB_EXT_CFG02		REGISTER	0x6302	25346	16627
B	RTL8367B_REG_FIB_EXT_CFG03		REGISTER	0x6303	25347	16629
B	RTL8367B_FIB_EXT_CFG03_REALTEK_OUI5_0_OFFSET		OFFSET_SHIFT	10	10	16630
B	RTL8367B_FIB_EXT_CFG03_REALTEK_OUI5_0_MASK		MASK	0xFC00	64512	16631
B	RTL8367B_FIB_EXT_CFG03_MODEL_NO_OFFSET		OFFSET_SHIFT	4	4	16632
B	RTL8367B_FIB_EXT_CFG03_MODEL_NO_MASK		MASK	0x3F0	1008	16633
B	RTL8367B_FIB_EXT_CFG03_REVISION_NO_OFFSET		OFFSET_SHIFT	0	0	16634
B	RTL8367B_FIB_EXT_CFG03_REVISION_NO_MASK		MASK	0xF	15	16635
B	RTL8367B_REG_FIB_EXT_CFG04		REGISTER	0x6304	25348	16637
B	RTL8367B_REG_FIB_EXT_CFG05		REGISTER	0x6305	25349	16639
B	RTL8367B_REG_FIB_EXT_CFG06		REGISTER	0x6306	25350	16641
B	RTL8367B_FIB_EXT_CFG06_FIB_NP_EN_OFFSET		OFFSET_SHIFT	2	2	16642
B	RTL8367B_FIB_EXT_CFG06_FIB_NP_EN_MASK		MASK	0x4	4	16643
B	RTL8367B_FIB_EXT_CFG06_RXPAGE_OFFSET		OFFSET_SHIFT	1	1	16644
B	RTL8367B_FIB_EXT_CFG06_RXPAGE_MASK		MASK	0x2	2	16645
B	RTL8367B_REG_FIB_EXT_CFG07		REGISTER	0x6307	25351	16647
B	RTL8367B_REG_FIB_EXT_CFG08		REGISTER	0x6308	25352	16649
B	RTL8367B_REG_FIB_EXT_CFG09		REGISTER	0x6309	25353	16651
B	RTL8367B_REG_FIB_EXT_CFG10		REGISTER	0x630a	25354	16653
B	RTL8367B_REG_FIB_EXT_CFG11		REGISTER	0x630b	25355	16655
B	RTL8367B_REG_FIB_EXT_CFG12		REGISTER	0x630c	25356	16657
B	RTL8367B_REG_FIB_EXT_CFG13		REGISTER	0x630d	25357	16659
B	RTL8367B_FIB_EXT_CFG13_INDR_FUNC_OFFSET		OFFSET_SHIFT	14	14	16660
B	RTL8367B_FIB_EXT_CFG13_INDR_FUNC_MASK		MASK	0xC000	49152	16661
B	RTL8367B_FIB_EXT_CFG13_DUMMY_OFFSET		OFFSET_SHIFT	5	5	16662
B	RTL8367B_FIB_EXT_CFG13_DUMMY_MASK		MASK	0x3FE0	16352	16663
B	RTL8367B_FIB_EXT_CFG13_INDR_DEVAD_OFFSET		OFFSET_SHIFT	0	0	16664
B	RTL8367B_FIB_EXT_CFG13_INDR_DEVAD_MASK		MASK	0x1F	31	16665
B	RTL8367B_REG_FIB_EXT_CFG14		REGISTER	0x630e	25358	16667
B	RTL8367B_REG_FIB_EXT_CFG15		REGISTER	0x630f	25359	16669
B	RTL8367B_REG_FIB_EXT_CFG16		REGISTER	0x6310	25360	16671
B	RTL8367B_REG_FIB_EXT_CFG17		REGISTER	0x6311	25361	16673
B	RTL8367B_REG_FIB_EXT_CFG18		REGISTER	0x6312	25362	16675
B	RTL8367B_REG_FIB_EXT_CFG19		REGISTER	0x6313	25363	16677
B	RTL8367B_REG_FIB_EXT_CFG20		REGISTER	0x6314	25364	16679
B	RTL8367B_REG_FIB_EXT_CFG21		REGISTER	0x6315	25365	16681
B	RTL8367B_FIB_STS_0_OFFSET		OFFSET_SHIFT	13	13	16682
B	RTL8367B_FIB_STS_0_MASK		MASK	0xE000	57344	16683
B	RTL8367B_FIB_EXT_CFG21_ANA_RG7X_OFFSET		OFFSET_SHIFT	4	4	16684
B	RTL8367B_FIB_EXT_CFG21_ANA_RG7X_MASK		MASK	0x1FF0	8176	16685
B	RTL8367B_FIB_STS_1_OFFSET		OFFSET_SHIFT	0	0	16686
B	RTL8367B_FIB_STS_1_MASK		MASK	0xF	15	16687
B	RTL8367B_REG_FIB_EXT_CFG22		REGISTER	0x6316	25366	16689
B	RTL8367B_FIB_EXT_CFG22_ANA_RG8X_OFFSET		OFFSET_SHIFT	2	2	16690
B	RTL8367B_FIB_EXT_CFG22_ANA_RG8X_MASK		MASK	0xFFFC	65532	16691
B	RTL8367B_FIB_STS_2_OFFSET		OFFSET_SHIFT	0	0	16692
B	RTL8367B_FIB_STS_2_MASK		MASK	0x3	3	16693
B	RTL8367B_REG_FIB_EXT_CFG23		REGISTER	0x6317	25367	16695
B	RTL8367B_REG_FIB_EXT_CFG24		REGISTER	0x6318	25368	16697
B	RTL8367B_REG_FIB_EXT_CFG25		REGISTER	0x6319	25369	16699
B	RTL8367B_REG_FIB_EXT_CFG26		REGISTER	0x631a	25370	16701
B	RTL8367B_REG_FIB_EXT_CFG27		REGISTER	0x631b	25371	16703
B	RTL8367B_REG_FIB_EXT_CFG28		REGISTER	0x631c	25372	16705
B	RTL8367B_REG_FIB_EXT_CFG29		REGISTER	0x631d	25373	16707
B	RTL8367B_REG_FIB_EXT_CFG30		REGISTER	0x631e	25374	16709
B	RTL8367B_SIGNSTAT_OFFSET		OFFSET_SHIFT	8	8	16710
B	RTL8367B_SIGNSTAT_MASK		MASK	0x100	256	16711
B	RTL8367B_LINKSTAT_OFFSET		OFFSET_SHIFT	4	4	16712
B	RTL8367B_LINKSTAT_MASK		MASK	0xF0	240	16713
B	RTL8367B_SYNCSTAT_OFFSET		OFFSET_SHIFT	0	0	16714
B	RTL8367B_SYNCSTAT_MASK		MASK	0xF	15	16715
