family	symbol	arguments	kind	raw_value	numeric_value_decimal	source_line
D	_RTL8367D_REG_H_		REGISTER			2
D	RTL8367D_REG_PORT0_CGST_HALF_CFG		REGISTER	0x0000	0	10
D	RTL8367D_PORT0_CGST_HALF_CFG_CONGESTION_TIME_OFFSET		OFFSET_SHIFT	4	4	11
D	RTL8367D_PORT0_CGST_HALF_CFG_CONGESTION_TIME_MASK		MASK	0xF0	240	12
D	RTL8367D_PORT0_CGST_HALF_CFG_CONGESTION_SUSTAIN_TIME_OFFSET		OFFSET_SHIFT	0	0	13
D	RTL8367D_PORT0_CGST_HALF_CFG_CONGESTION_SUSTAIN_TIME_MASK		MASK	0xF	15	14
D	RTL8367D_REG_PKTGEN_PORT0_TIMER		REGISTER	0x000d	13	16
D	RTL8367D_PKTGEN_PORT0_TIMER_TIMER_OFFSET		OFFSET_SHIFT	4	4	17
D	RTL8367D_PKTGEN_PORT0_TIMER_TIMER_MASK		MASK	0xF0	240	18
D	RTL8367D_PKTGEN_PORT0_TIMER_RX_DMA_ERR_FLAG_OFFSET		OFFSET_SHIFT	3	3	19
D	RTL8367D_PKTGEN_PORT0_TIMER_RX_DMA_ERR_FLAG_MASK		MASK	0x8	8	20
D	RTL8367D_REG_PORT0_MISC_CFG		REGISTER	0x000e	14	22
D	RTL8367D_PORT0_MISC_CFG_SMALL_TAG_IPG_OFFSET		OFFSET_SHIFT	15	15	23
D	RTL8367D_PORT0_MISC_CFG_SMALL_TAG_IPG_MASK		MASK	0x8000	32768	24
D	RTL8367D_PORT0_MISC_CFG_TX_ITFSP_MODE_OFFSET		OFFSET_SHIFT	14	14	25
D	RTL8367D_PORT0_MISC_CFG_TX_ITFSP_MODE_MASK		MASK	0x4000	16384	26
D	RTL8367D_PORT0_MISC_CFG_DOT1Q_REMARK_ENABLE_OFFSET		OFFSET_SHIFT	12	12	27
D	RTL8367D_PORT0_MISC_CFG_DOT1Q_REMARK_ENABLE_MASK		MASK	0x1000	4096	28
D	RTL8367D_PORT0_MISC_CFG_INGRESSBW_FLOWCTRL_OFFSET		OFFSET_SHIFT	11	11	29
D	RTL8367D_PORT0_MISC_CFG_INGRESSBW_FLOWCTRL_MASK		MASK	0x800	2048	30
D	RTL8367D_PORT0_MISC_CFG_INGRESSBW_IFG_OFFSET		OFFSET_SHIFT	10	10	31
D	RTL8367D_PORT0_MISC_CFG_INGRESSBW_IFG_MASK		MASK	0x400	1024	32
D	RTL8367D_PORT0_MISC_CFG_RX_SPC_OFFSET		OFFSET_SHIFT	9	9	33
D	RTL8367D_PORT0_MISC_CFG_RX_SPC_MASK		MASK	0x200	512	34
D	RTL8367D_PORT0_MISC_CFG_CRC_SKIP_OFFSET		OFFSET_SHIFT	8	8	35
D	RTL8367D_PORT0_MISC_CFG_CRC_SKIP_MASK		MASK	0x100	256	36
D	RTL8367D_PORT0_MISC_CFG_MAC_LOOPBACK_OFFSET		OFFSET_SHIFT	6	6	37
D	RTL8367D_PORT0_MISC_CFG_MAC_LOOPBACK_MASK		MASK	0x40	64	38
D	RTL8367D_PORT0_MISC_CFG_VLAN_EGRESS_MODE_OFFSET		OFFSET_SHIFT	4	4	39
D	RTL8367D_PORT0_MISC_CFG_VLAN_EGRESS_MODE_MASK		MASK	0x30	48	40
D	RTL8367D_PORT0_MISC_CFG_CONGESTION_SUSTAIN_TIME_OFFSET		OFFSET_SHIFT	0	0	41
D	RTL8367D_PORT0_MISC_CFG_CONGESTION_SUSTAIN_TIME_MASK		MASK	0xF	15	42
D	RTL8367D_REG_INGRESSBW_PORT0_RATE_CTRL0		REGISTER	0x000f	15	44
D	RTL8367D_REG_INGRESSBW_PORT0_RATE_CTRL1		REGISTER	0x0010	16	46
D	RTL8367D_INGRESSBW_PORT0_RATE_CTRL1_BYPASS_ABILITY_LOCK_OFFSET		OFFSET_SHIFT	3	3	47
D	RTL8367D_INGRESSBW_PORT0_RATE_CTRL1_BYPASS_ABILITY_LOCK_MASK		MASK	0x8	8	48
D	RTL8367D_INGRESSBW_PORT0_RATE_CTRL1_INGRESSBW_RATE16_OFFSET		OFFSET_SHIFT	0	0	49
D	RTL8367D_INGRESSBW_PORT0_RATE_CTRL1_INGRESSBW_RATE16_MASK		MASK	0x7	7	50
D	RTL8367D_REG_PORT0_FORCE_RATE0		REGISTER	0x0011	17	52
D	RTL8367D_REG_PORT0_FORCE_RATE1		REGISTER	0x0012	18	54
D	RTL8367D_REG_PORT0_CURENT_RATE0		REGISTER	0x0013	19	56
D	RTL8367D_REG_PORT0_CURENT_RATE1		REGISTER	0x0014	20	58
D	RTL8367D_REG_PORT0_PAGE_COUNTER		REGISTER	0x0015	21	60
D	RTL8367D_PORT0_PAGE_COUNTER_OFFSET		OFFSET_SHIFT	0	0	61
D	RTL8367D_PORT0_PAGE_COUNTER_MASK		MASK	0x7F	127	62
D	RTL8367D_REG_PAGEMETER_PORT0_CTRL0		REGISTER	0x0016	22	64
D	RTL8367D_REG_PAGEMETER_PORT0_CTRL1		REGISTER	0x0017	23	66
D	RTL8367D_REG_PORT0_EEECFG		REGISTER	0x0018	24	68
D	RTL8367D_PORT0_EEECFG_EEE_PORT_TX_EN_OFFSET		OFFSET_SHIFT	9	9	69
D	RTL8367D_PORT0_EEECFG_EEE_PORT_TX_EN_MASK		MASK	0x200	512	70
D	RTL8367D_PORT0_EEECFG_EEE_PORT_RX_EN_OFFSET		OFFSET_SHIFT	8	8	71
D	RTL8367D_PORT0_EEECFG_EEE_PORT_RX_EN_MASK		MASK	0x100	256	72
D	RTL8367D_PORT0_EEECFG_EEE_LPI_OFFSET		OFFSET_SHIFT	5	5	73
D	RTL8367D_PORT0_EEECFG_EEE_LPI_MASK		MASK	0x20	32	74
D	RTL8367D_PORT0_EEECFG_EEE_TX_STS_OFFSET		OFFSET_SHIFT	4	4	75
D	RTL8367D_PORT0_EEECFG_EEE_TX_STS_MASK		MASK	0x10	16	76
D	RTL8367D_PORT0_EEECFG_EEE_RX_STS_OFFSET		OFFSET_SHIFT	3	3	77
D	RTL8367D_PORT0_EEECFG_EEE_RX_STS_MASK		MASK	0x8	8	78
D	RTL8367D_PORT0_EEECFG_EEE_PAUSE_INDICATOR_OFFSET		OFFSET_SHIFT	2	2	79
D	RTL8367D_PORT0_EEECFG_EEE_PAUSE_INDICATOR_MASK		MASK	0x4	4	80
D	RTL8367D_REG_PORT0_EEETXMTR		REGISTER	0x0019	25	82
D	RTL8367D_REG_PORT0_EEERXMTR		REGISTER	0x001a	26	84
D	RTL8367D_REG_PORT0_DUMMY		REGISTER	0x001e	30	86
D	RTL8367D_REG_P0_MSIC1		REGISTER	0x001f	31	88
D	RTL8367D_P0_MSIC1_OFFSET		OFFSET_SHIFT	0	0	89
D	RTL8367D_P0_MSIC1_MASK		MASK	0x1	1	90
D	RTL8367D_REG_PORT1_CGST_HALF_CFG		REGISTER	0x0020	32	92
D	RTL8367D_PORT1_CGST_HALF_CFG_CONGESTION_TIME_OFFSET		OFFSET_SHIFT	4	4	93
D	RTL8367D_PORT1_CGST_HALF_CFG_CONGESTION_TIME_MASK		MASK	0xF0	240	94
D	RTL8367D_PORT1_CGST_HALF_CFG_CONGESTION_SUSTAIN_TIME_OFFSET		OFFSET_SHIFT	0	0	95
D	RTL8367D_PORT1_CGST_HALF_CFG_CONGESTION_SUSTAIN_TIME_MASK		MASK	0xF	15	96
D	RTL8367D_REG_PKTGEN_PORT1_TIMER		REGISTER	0x002d	45	98
D	RTL8367D_PKTGEN_PORT1_TIMER_TIMER_OFFSET		OFFSET_SHIFT	4	4	99
D	RTL8367D_PKTGEN_PORT1_TIMER_TIMER_MASK		MASK	0xF0	240	100
D	RTL8367D_PKTGEN_PORT1_TIMER_RX_DMA_ERR_FLAG_OFFSET		OFFSET_SHIFT	3	3	101
D	RTL8367D_PKTGEN_PORT1_TIMER_RX_DMA_ERR_FLAG_MASK		MASK	0x8	8	102
D	RTL8367D_REG_PORT1_MISC_CFG		REGISTER	0x002e	46	104
D	RTL8367D_PORT1_MISC_CFG_SMALL_TAG_IPG_OFFSET		OFFSET_SHIFT	15	15	105
D	RTL8367D_PORT1_MISC_CFG_SMALL_TAG_IPG_MASK		MASK	0x8000	32768	106
D	RTL8367D_PORT1_MISC_CFG_TX_ITFSP_MODE_OFFSET		OFFSET_SHIFT	14	14	107
D	RTL8367D_PORT1_MISC_CFG_TX_ITFSP_MODE_MASK		MASK	0x4000	16384	108
D	RTL8367D_PORT1_MISC_CFG_DOT1Q_REMARK_ENABLE_OFFSET		OFFSET_SHIFT	12	12	109
D	RTL8367D_PORT1_MISC_CFG_DOT1Q_REMARK_ENABLE_MASK		MASK	0x1000	4096	110
D	RTL8367D_PORT1_MISC_CFG_INGRESSBW_FLOWCTRL_OFFSET		OFFSET_SHIFT	11	11	111
D	RTL8367D_PORT1_MISC_CFG_INGRESSBW_FLOWCTRL_MASK		MASK	0x800	2048	112
D	RTL8367D_PORT1_MISC_CFG_INGRESSBW_IFG_OFFSET		OFFSET_SHIFT	10	10	113
D	RTL8367D_PORT1_MISC_CFG_INGRESSBW_IFG_MASK		MASK	0x400	1024	114
D	RTL8367D_PORT1_MISC_CFG_RX_SPC_OFFSET		OFFSET_SHIFT	9	9	115
D	RTL8367D_PORT1_MISC_CFG_RX_SPC_MASK		MASK	0x200	512	116
D	RTL8367D_PORT1_MISC_CFG_CRC_SKIP_OFFSET		OFFSET_SHIFT	8	8	117
D	RTL8367D_PORT1_MISC_CFG_CRC_SKIP_MASK		MASK	0x100	256	118
D	RTL8367D_PORT1_MISC_CFG_MAC_LOOPBACK_OFFSET		OFFSET_SHIFT	6	6	119
D	RTL8367D_PORT1_MISC_CFG_MAC_LOOPBACK_MASK		MASK	0x40	64	120
D	RTL8367D_PORT1_MISC_CFG_VLAN_EGRESS_MODE_OFFSET		OFFSET_SHIFT	4	4	121
D	RTL8367D_PORT1_MISC_CFG_VLAN_EGRESS_MODE_MASK		MASK	0x30	48	122
D	RTL8367D_PORT1_MISC_CFG_CONGESTION_SUSTAIN_TIME_OFFSET		OFFSET_SHIFT	0	0	123
D	RTL8367D_PORT1_MISC_CFG_CONGESTION_SUSTAIN_TIME_MASK		MASK	0xF	15	124
D	RTL8367D_REG_INGRESSBW_PORT1_RATE_CTRL0		REGISTER	0x002f	47	126
D	RTL8367D_REG_INGRESSBW_PORT1_RATE_CTRL1		REGISTER	0x0030	48	128
D	RTL8367D_INGRESSBW_PORT1_RATE_CTRL1_BYPASS_ABILITY_LOCK_OFFSET		OFFSET_SHIFT	3	3	129
D	RTL8367D_INGRESSBW_PORT1_RATE_CTRL1_BYPASS_ABILITY_LOCK_MASK		MASK	0x8	8	130
D	RTL8367D_INGRESSBW_PORT1_RATE_CTRL1_INGRESSBW_RATE16_OFFSET		OFFSET_SHIFT	0	0	131
D	RTL8367D_INGRESSBW_PORT1_RATE_CTRL1_INGRESSBW_RATE16_MASK		MASK	0x7	7	132
D	RTL8367D_REG_PORT1_FORCE_RATE0		REGISTER	0x0031	49	134
D	RTL8367D_REG_PORT1_FORCE_RATE1		REGISTER	0x0032	50	136
D	RTL8367D_REG_PORT1_CURENT_RATE0		REGISTER	0x0033	51	138
D	RTL8367D_REG_PORT1_CURENT_RATE1		REGISTER	0x0034	52	140
D	RTL8367D_REG_PORT1_PAGE_COUNTER		REGISTER	0x0035	53	142
D	RTL8367D_PORT1_PAGE_COUNTER_OFFSET		OFFSET_SHIFT	0	0	143
D	RTL8367D_PORT1_PAGE_COUNTER_MASK		MASK	0x7F	127	144
D	RTL8367D_REG_PAGEMETER_PORT1_CTRL0		REGISTER	0x0036	54	146
D	RTL8367D_REG_PAGEMETER_PORT1_CTRL1		REGISTER	0x0037	55	148
D	RTL8367D_REG_PORT1_EEECFG		REGISTER	0x0038	56	150
D	RTL8367D_PORT1_EEECFG_EEE_PORT_TX_EN_OFFSET		OFFSET_SHIFT	9	9	151
D	RTL8367D_PORT1_EEECFG_EEE_PORT_TX_EN_MASK		MASK	0x200	512	152
D	RTL8367D_PORT1_EEECFG_EEE_PORT_RX_EN_OFFSET		OFFSET_SHIFT	8	8	153
D	RTL8367D_PORT1_EEECFG_EEE_PORT_RX_EN_MASK		MASK	0x100	256	154
D	RTL8367D_PORT1_EEECFG_EEE_LPI_OFFSET		OFFSET_SHIFT	5	5	155
D	RTL8367D_PORT1_EEECFG_EEE_LPI_MASK		MASK	0x20	32	156
D	RTL8367D_PORT1_EEECFG_EEE_TX_STS_OFFSET		OFFSET_SHIFT	4	4	157
D	RTL8367D_PORT1_EEECFG_EEE_TX_STS_MASK		MASK	0x10	16	158
D	RTL8367D_PORT1_EEECFG_EEE_RX_STS_OFFSET		OFFSET_SHIFT	3	3	159
D	RTL8367D_PORT1_EEECFG_EEE_RX_STS_MASK		MASK	0x8	8	160
D	RTL8367D_PORT1_EEECFG_EEE_PAUSE_INDICATOR_OFFSET		OFFSET_SHIFT	2	2	161
D	RTL8367D_PORT1_EEECFG_EEE_PAUSE_INDICATOR_MASK		MASK	0x4	4	162
D	RTL8367D_REG_PORT1_EEETXMTR		REGISTER	0x0039	57	164
D	RTL8367D_REG_PORT1_EEERXMTR		REGISTER	0x003a	58	166
D	RTL8367D_REG_PORT1_DUMMY		REGISTER	0x003e	62	168
D	RTL8367D_REG_P1_MSIC1		REGISTER	0x003f	63	170
D	RTL8367D_P1_MSIC1_OFFSET		OFFSET_SHIFT	0	0	171
D	RTL8367D_P1_MSIC1_MASK		MASK	0x1	1	172
D	RTL8367D_REG_PORT2_CGST_HALF_CFG		REGISTER	0x0040	64	174
D	RTL8367D_PORT2_CGST_HALF_CFG_CONGESTION_TIME_OFFSET		OFFSET_SHIFT	4	4	175
D	RTL8367D_PORT2_CGST_HALF_CFG_CONGESTION_TIME_MASK		MASK	0xF0	240	176
D	RTL8367D_PORT2_CGST_HALF_CFG_CONGESTION_SUSTAIN_TIME_OFFSET		OFFSET_SHIFT	0	0	177
D	RTL8367D_PORT2_CGST_HALF_CFG_CONGESTION_SUSTAIN_TIME_MASK		MASK	0xF	15	178
D	RTL8367D_REG_PKTGEN_PORT2_TIMER		REGISTER	0x004d	77	180
D	RTL8367D_PKTGEN_PORT2_TIMER_TIMER_OFFSET		OFFSET_SHIFT	4	4	181
D	RTL8367D_PKTGEN_PORT2_TIMER_TIMER_MASK		MASK	0xF0	240	182
D	RTL8367D_PKTGEN_PORT2_TIMER_RX_DMA_ERR_FLAG_OFFSET		OFFSET_SHIFT	3	3	183
D	RTL8367D_PKTGEN_PORT2_TIMER_RX_DMA_ERR_FLAG_MASK		MASK	0x8	8	184
D	RTL8367D_REG_PORT2_MISC_CFG		REGISTER	0x004e	78	186
D	RTL8367D_PORT2_MISC_CFG_SMALL_TAG_IPG_OFFSET		OFFSET_SHIFT	15	15	187
D	RTL8367D_PORT2_MISC_CFG_SMALL_TAG_IPG_MASK		MASK	0x8000	32768	188
D	RTL8367D_PORT2_MISC_CFG_TX_ITFSP_MODE_OFFSET		OFFSET_SHIFT	14	14	189
D	RTL8367D_PORT2_MISC_CFG_TX_ITFSP_MODE_MASK		MASK	0x4000	16384	190
D	RTL8367D_PORT2_MISC_CFG_DOT1Q_REMARK_ENABLE_OFFSET		OFFSET_SHIFT	12	12	191
D	RTL8367D_PORT2_MISC_CFG_DOT1Q_REMARK_ENABLE_MASK		MASK	0x1000	4096	192
D	RTL8367D_PORT2_MISC_CFG_INGRESSBW_FLOWCTRL_OFFSET		OFFSET_SHIFT	11	11	193
D	RTL8367D_PORT2_MISC_CFG_INGRESSBW_FLOWCTRL_MASK		MASK	0x800	2048	194
D	RTL8367D_PORT2_MISC_CFG_INGRESSBW_IFG_OFFSET		OFFSET_SHIFT	10	10	195
D	RTL8367D_PORT2_MISC_CFG_INGRESSBW_IFG_MASK		MASK	0x400	1024	196
D	RTL8367D_PORT2_MISC_CFG_RX_SPC_OFFSET		OFFSET_SHIFT	9	9	197
D	RTL8367D_PORT2_MISC_CFG_RX_SPC_MASK		MASK	0x200	512	198
D	RTL8367D_PORT2_MISC_CFG_CRC_SKIP_OFFSET		OFFSET_SHIFT	8	8	199
D	RTL8367D_PORT2_MISC_CFG_CRC_SKIP_MASK		MASK	0x100	256	200
D	RTL8367D_PORT2_MISC_CFG_MAC_LOOPBACK_OFFSET		OFFSET_SHIFT	6	6	201
D	RTL8367D_PORT2_MISC_CFG_MAC_LOOPBACK_MASK		MASK	0x40	64	202
D	RTL8367D_PORT2_MISC_CFG_VLAN_EGRESS_MODE_OFFSET		OFFSET_SHIFT	4	4	203
D	RTL8367D_PORT2_MISC_CFG_VLAN_EGRESS_MODE_MASK		MASK	0x30	48	204
D	RTL8367D_PORT2_MISC_CFG_CONGESTION_SUSTAIN_TIME_OFFSET		OFFSET_SHIFT	0	0	205
D	RTL8367D_PORT2_MISC_CFG_CONGESTION_SUSTAIN_TIME_MASK		MASK	0xF	15	206
D	RTL8367D_REG_INGRESSBW_PORT2_RATE_CTRL0		REGISTER	0x004f	79	208
D	RTL8367D_REG_INGRESSBW_PORT2_RATE_CTRL1		REGISTER	0x0050	80	210
D	RTL8367D_INGRESSBW_PORT2_RATE_CTRL1_BYPASS_ABILITY_LOCK_OFFSET		OFFSET_SHIFT	3	3	211
D	RTL8367D_INGRESSBW_PORT2_RATE_CTRL1_BYPASS_ABILITY_LOCK_MASK		MASK	0x8	8	212
D	RTL8367D_INGRESSBW_PORT2_RATE_CTRL1_INGRESSBW_RATE16_OFFSET		OFFSET_SHIFT	0	0	213
D	RTL8367D_INGRESSBW_PORT2_RATE_CTRL1_INGRESSBW_RATE16_MASK		MASK	0x7	7	214
D	RTL8367D_REG_PORT2_FORCE_RATE0		REGISTER	0x0051	81	216
D	RTL8367D_REG_PORT2_FORCE_RATE1		REGISTER	0x0052	82	218
D	RTL8367D_REG_PORT2_CURENT_RATE0		REGISTER	0x0053	83	220
D	RTL8367D_REG_PORT2_CURENT_RATE1		REGISTER	0x0054	84	222
D	RTL8367D_REG_PORT2_PAGE_COUNTER		REGISTER	0x0055	85	224
D	RTL8367D_PORT2_PAGE_COUNTER_OFFSET		OFFSET_SHIFT	0	0	225
D	RTL8367D_PORT2_PAGE_COUNTER_MASK		MASK	0x7F	127	226
D	RTL8367D_REG_PAGEMETER_PORT2_CTRL0		REGISTER	0x0056	86	228
D	RTL8367D_REG_PAGEMETER_PORT2_CTRL1		REGISTER	0x0057	87	230
D	RTL8367D_REG_PORT2_EEECFG		REGISTER	0x0058	88	232
D	RTL8367D_PORT2_EEECFG_EEE_PORT_TX_EN_OFFSET		OFFSET_SHIFT	9	9	233
D	RTL8367D_PORT2_EEECFG_EEE_PORT_TX_EN_MASK		MASK	0x200	512	234
D	RTL8367D_PORT2_EEECFG_EEE_PORT_RX_EN_OFFSET		OFFSET_SHIFT	8	8	235
D	RTL8367D_PORT2_EEECFG_EEE_PORT_RX_EN_MASK		MASK	0x100	256	236
D	RTL8367D_PORT2_EEECFG_EEE_LPI_OFFSET		OFFSET_SHIFT	5	5	237
D	RTL8367D_PORT2_EEECFG_EEE_LPI_MASK		MASK	0x20	32	238
D	RTL8367D_PORT2_EEECFG_EEE_TX_STS_OFFSET		OFFSET_SHIFT	4	4	239
D	RTL8367D_PORT2_EEECFG_EEE_TX_STS_MASK		MASK	0x10	16	240
D	RTL8367D_PORT2_EEECFG_EEE_RX_STS_OFFSET		OFFSET_SHIFT	3	3	241
D	RTL8367D_PORT2_EEECFG_EEE_RX_STS_MASK		MASK	0x8	8	242
D	RTL8367D_PORT2_EEECFG_EEE_PAUSE_INDICATOR_OFFSET		OFFSET_SHIFT	2	2	243
D	RTL8367D_PORT2_EEECFG_EEE_PAUSE_INDICATOR_MASK		MASK	0x4	4	244
D	RTL8367D_REG_PORT2_EEETXMTR		REGISTER	0x0059	89	246
D	RTL8367D_REG_PORT2_EEERXMTR		REGISTER	0x005a	90	248
D	RTL8367D_REG_PORT2_DUMMY		REGISTER	0x005e	94	250
D	RTL8367D_REG_P2_MSIC1		REGISTER	0x005f	95	252
D	RTL8367D_P2_MSIC1_OFFSET		OFFSET_SHIFT	0	0	253
D	RTL8367D_P2_MSIC1_MASK		MASK	0x1	1	254
D	RTL8367D_REG_PORT3_CGST_HALF_CFG		REGISTER	0x0060	96	256
D	RTL8367D_PORT3_CGST_HALF_CFG_CONGESTION_TIME_OFFSET		OFFSET_SHIFT	4	4	257
D	RTL8367D_PORT3_CGST_HALF_CFG_CONGESTION_TIME_MASK		MASK	0xF0	240	258
D	RTL8367D_PORT3_CGST_HALF_CFG_CONGESTION_SUSTAIN_TIME_OFFSET		OFFSET_SHIFT	0	0	259
D	RTL8367D_PORT3_CGST_HALF_CFG_CONGESTION_SUSTAIN_TIME_MASK		MASK	0xF	15	260
D	RTL8367D_REG_PKTGEN_PORT3_TIMER		REGISTER	0x006d	109	262
D	RTL8367D_PKTGEN_PORT3_TIMER_TIMER_OFFSET		OFFSET_SHIFT	4	4	263
D	RTL8367D_PKTGEN_PORT3_TIMER_TIMER_MASK		MASK	0xF0	240	264
D	RTL8367D_PKTGEN_PORT3_TIMER_RX_DMA_ERR_FLAG_OFFSET		OFFSET_SHIFT	3	3	265
D	RTL8367D_PKTGEN_PORT3_TIMER_RX_DMA_ERR_FLAG_MASK		MASK	0x8	8	266
D	RTL8367D_REG_PORT3_MISC_CFG		REGISTER	0x006e	110	268
D	RTL8367D_PORT3_MISC_CFG_SMALL_TAG_IPG_OFFSET		OFFSET_SHIFT	15	15	269
D	RTL8367D_PORT3_MISC_CFG_SMALL_TAG_IPG_MASK		MASK	0x8000	32768	270
D	RTL8367D_PORT3_MISC_CFG_TX_ITFSP_MODE_OFFSET		OFFSET_SHIFT	14	14	271
D	RTL8367D_PORT3_MISC_CFG_TX_ITFSP_MODE_MASK		MASK	0x4000	16384	272
D	RTL8367D_PORT3_MISC_CFG_DOT1Q_REMARK_ENABLE_OFFSET		OFFSET_SHIFT	12	12	273
D	RTL8367D_PORT3_MISC_CFG_DOT1Q_REMARK_ENABLE_MASK		MASK	0x1000	4096	274
D	RTL8367D_PORT3_MISC_CFG_INGRESSBW_FLOWCTRL_OFFSET		OFFSET_SHIFT	11	11	275
D	RTL8367D_PORT3_MISC_CFG_INGRESSBW_FLOWCTRL_MASK		MASK	0x800	2048	276
D	RTL8367D_PORT3_MISC_CFG_INGRESSBW_IFG_OFFSET		OFFSET_SHIFT	10	10	277
D	RTL8367D_PORT3_MISC_CFG_INGRESSBW_IFG_MASK		MASK	0x400	1024	278
D	RTL8367D_PORT3_MISC_CFG_RX_SPC_OFFSET		OFFSET_SHIFT	9	9	279
D	RTL8367D_PORT3_MISC_CFG_RX_SPC_MASK		MASK	0x200	512	280
D	RTL8367D_PORT3_MISC_CFG_CRC_SKIP_OFFSET		OFFSET_SHIFT	8	8	281
D	RTL8367D_PORT3_MISC_CFG_CRC_SKIP_MASK		MASK	0x100	256	282
D	RTL8367D_PORT3_MISC_CFG_MAC_LOOPBACK_OFFSET		OFFSET_SHIFT	6	6	283
D	RTL8367D_PORT3_MISC_CFG_MAC_LOOPBACK_MASK		MASK	0x40	64	284
D	RTL8367D_PORT3_MISC_CFG_VLAN_EGRESS_MODE_OFFSET		OFFSET_SHIFT	4	4	285
D	RTL8367D_PORT3_MISC_CFG_VLAN_EGRESS_MODE_MASK		MASK	0x30	48	286
D	RTL8367D_PORT3_MISC_CFG_CONGESTION_SUSTAIN_TIME_OFFSET		OFFSET_SHIFT	0	0	287
D	RTL8367D_PORT3_MISC_CFG_CONGESTION_SUSTAIN_TIME_MASK		MASK	0xF	15	288
D	RTL8367D_REG_INGRESSBW_PORT3_RATE_CTRL0		REGISTER	0x006f	111	290
D	RTL8367D_REG_INGRESSBW_PORT3_RATE_CTRL1		REGISTER	0x0070	112	292
D	RTL8367D_INGRESSBW_PORT3_RATE_CTRL1_BYPASS_ABILITY_LOCK_OFFSET		OFFSET_SHIFT	3	3	293
D	RTL8367D_INGRESSBW_PORT3_RATE_CTRL1_BYPASS_ABILITY_LOCK_MASK		MASK	0x8	8	294
D	RTL8367D_INGRESSBW_PORT3_RATE_CTRL1_INGRESSBW_RATE16_OFFSET		OFFSET_SHIFT	0	0	295
D	RTL8367D_INGRESSBW_PORT3_RATE_CTRL1_INGRESSBW_RATE16_MASK		MASK	0x7	7	296
D	RTL8367D_REG_PORT3_FORCE_RATE0		REGISTER	0x0071	113	298
D	RTL8367D_REG_PORT3_FORCE_RATE1		REGISTER	0x0072	114	300
D	RTL8367D_REG_PORT3_CURENT_RATE0		REGISTER	0x0073	115	302
D	RTL8367D_REG_PORT3_CURENT_RATE1		REGISTER	0x0074	116	304
D	RTL8367D_REG_PORT3_PAGE_COUNTER		REGISTER	0x0075	117	306
D	RTL8367D_PORT3_PAGE_COUNTER_OFFSET		OFFSET_SHIFT	0	0	307
D	RTL8367D_PORT3_PAGE_COUNTER_MASK		MASK	0x7F	127	308
D	RTL8367D_REG_PAGEMETER_PORT3_CTRL0		REGISTER	0x0076	118	310
D	RTL8367D_REG_PAGEMETER_PORT3_CTRL1		REGISTER	0x0077	119	312
D	RTL8367D_REG_PORT3_EEECFG		REGISTER	0x0078	120	314
D	RTL8367D_PORT3_EEECFG_EEE_PORT_TX_EN_OFFSET		OFFSET_SHIFT	9	9	315
D	RTL8367D_PORT3_EEECFG_EEE_PORT_TX_EN_MASK		MASK	0x200	512	316
D	RTL8367D_PORT3_EEECFG_EEE_PORT_RX_EN_OFFSET		OFFSET_SHIFT	8	8	317
D	RTL8367D_PORT3_EEECFG_EEE_PORT_RX_EN_MASK		MASK	0x100	256	318
D	RTL8367D_PORT3_EEECFG_EEE_LPI_OFFSET		OFFSET_SHIFT	5	5	319
D	RTL8367D_PORT3_EEECFG_EEE_LPI_MASK		MASK	0x20	32	320
D	RTL8367D_PORT3_EEECFG_EEE_TX_STS_OFFSET		OFFSET_SHIFT	4	4	321
D	RTL8367D_PORT3_EEECFG_EEE_TX_STS_MASK		MASK	0x10	16	322
D	RTL8367D_PORT3_EEECFG_EEE_RX_STS_OFFSET		OFFSET_SHIFT	3	3	323
D	RTL8367D_PORT3_EEECFG_EEE_RX_STS_MASK		MASK	0x8	8	324
D	RTL8367D_PORT3_EEECFG_EEE_PAUSE_INDICATOR_OFFSET		OFFSET_SHIFT	2	2	325
D	RTL8367D_PORT3_EEECFG_EEE_PAUSE_INDICATOR_MASK		MASK	0x4	4	326
D	RTL8367D_REG_PORT3_EEETXMTR		REGISTER	0x0079	121	328
D	RTL8367D_REG_PORT3_EEERXMTR		REGISTER	0x007a	122	330
D	RTL8367D_REG_PORT3_DUMMY		REGISTER	0x007e	126	332
D	RTL8367D_REG_P3_MSIC1		REGISTER	0x007f	127	334
D	RTL8367D_P3_MSIC1_OFFSET		OFFSET_SHIFT	0	0	335
D	RTL8367D_P3_MSIC1_MASK		MASK	0x1	1	336
D	RTL8367D_REG_PORT4_CGST_HALF_CFG		REGISTER	0x0080	128	338
D	RTL8367D_PORT4_CGST_HALF_CFG_CONGESTION_TIME_OFFSET		OFFSET_SHIFT	4	4	339
D	RTL8367D_PORT4_CGST_HALF_CFG_CONGESTION_TIME_MASK		MASK	0xF0	240	340
D	RTL8367D_PORT4_CGST_HALF_CFG_CONGESTION_SUSTAIN_TIME_OFFSET		OFFSET_SHIFT	0	0	341
D	RTL8367D_PORT4_CGST_HALF_CFG_CONGESTION_SUSTAIN_TIME_MASK		MASK	0xF	15	342
D	RTL8367D_REG_PKTGEN_PORT4_TIMER		REGISTER	0x008d	141	344
D	RTL8367D_PKTGEN_PORT4_TIMER_TIMER_OFFSET		OFFSET_SHIFT	4	4	345
D	RTL8367D_PKTGEN_PORT4_TIMER_TIMER_MASK		MASK	0xF0	240	346
D	RTL8367D_PKTGEN_PORT4_TIMER_RX_DMA_ERR_FLAG_OFFSET		OFFSET_SHIFT	3	3	347
D	RTL8367D_PKTGEN_PORT4_TIMER_RX_DMA_ERR_FLAG_MASK		MASK	0x8	8	348
D	RTL8367D_REG_PORT4_MISC_CFG		REGISTER	0x008e	142	350
D	RTL8367D_PORT4_MISC_CFG_SMALL_TAG_IPG_OFFSET		OFFSET_SHIFT	15	15	351
D	RTL8367D_PORT4_MISC_CFG_SMALL_TAG_IPG_MASK		MASK	0x8000	32768	352
D	RTL8367D_PORT4_MISC_CFG_TX_ITFSP_MODE_OFFSET		OFFSET_SHIFT	14	14	353
D	RTL8367D_PORT4_MISC_CFG_TX_ITFSP_MODE_MASK		MASK	0x4000	16384	354
D	RTL8367D_PORT4_MISC_CFG_DOT1Q_REMARK_ENABLE_OFFSET		OFFSET_SHIFT	12	12	355
D	RTL8367D_PORT4_MISC_CFG_DOT1Q_REMARK_ENABLE_MASK		MASK	0x1000	4096	356
D	RTL8367D_PORT4_MISC_CFG_INGRESSBW_FLOWCTRL_OFFSET		OFFSET_SHIFT	11	11	357
D	RTL8367D_PORT4_MISC_CFG_INGRESSBW_FLOWCTRL_MASK		MASK	0x800	2048	358
D	RTL8367D_PORT4_MISC_CFG_INGRESSBW_IFG_OFFSET		OFFSET_SHIFT	10	10	359
D	RTL8367D_PORT4_MISC_CFG_INGRESSBW_IFG_MASK		MASK	0x400	1024	360
D	RTL8367D_PORT4_MISC_CFG_RX_SPC_OFFSET		OFFSET_SHIFT	9	9	361
D	RTL8367D_PORT4_MISC_CFG_RX_SPC_MASK		MASK	0x200	512	362
D	RTL8367D_PORT4_MISC_CFG_CRC_SKIP_OFFSET		OFFSET_SHIFT	8	8	363
D	RTL8367D_PORT4_MISC_CFG_CRC_SKIP_MASK		MASK	0x100	256	364
D	RTL8367D_PORT4_MISC_CFG_MAC_LOOPBACK_OFFSET		OFFSET_SHIFT	6	6	365
D	RTL8367D_PORT4_MISC_CFG_MAC_LOOPBACK_MASK		MASK	0x40	64	366
D	RTL8367D_PORT4_MISC_CFG_VLAN_EGRESS_MODE_OFFSET		OFFSET_SHIFT	4	4	367
D	RTL8367D_PORT4_MISC_CFG_VLAN_EGRESS_MODE_MASK		MASK	0x30	48	368
D	RTL8367D_PORT4_MISC_CFG_CONGESTION_SUSTAIN_TIME_OFFSET		OFFSET_SHIFT	0	0	369
D	RTL8367D_PORT4_MISC_CFG_CONGESTION_SUSTAIN_TIME_MASK		MASK	0xF	15	370
D	RTL8367D_REG_INGRESSBW_PORT4_RATE_CTRL0		REGISTER	0x008f	143	372
D	RTL8367D_REG_INGRESSBW_PORT4_RATE_CTRL1		REGISTER	0x0090	144	374
D	RTL8367D_INGRESSBW_PORT4_RATE_CTRL1_BYPASS_ABILITY_LOCK_OFFSET		OFFSET_SHIFT	3	3	375
D	RTL8367D_INGRESSBW_PORT4_RATE_CTRL1_BYPASS_ABILITY_LOCK_MASK		MASK	0x8	8	376
D	RTL8367D_INGRESSBW_PORT4_RATE_CTRL1_INGRESSBW_RATE16_OFFSET		OFFSET_SHIFT	0	0	377
D	RTL8367D_INGRESSBW_PORT4_RATE_CTRL1_INGRESSBW_RATE16_MASK		MASK	0x7	7	378
D	RTL8367D_REG_PORT4_FORCE_RATE0		REGISTER	0x0091	145	380
D	RTL8367D_REG_PORT4_FORCE_RATE1		REGISTER	0x0092	146	382
D	RTL8367D_REG_PORT4_CURENT_RATE0		REGISTER	0x0093	147	384
D	RTL8367D_REG_PORT4_CURENT_RATE1		REGISTER	0x0094	148	386
D	RTL8367D_REG_PORT4_PAGE_COUNTER		REGISTER	0x0095	149	388
D	RTL8367D_PORT4_PAGE_COUNTER_OFFSET		OFFSET_SHIFT	0	0	389
D	RTL8367D_PORT4_PAGE_COUNTER_MASK		MASK	0x7F	127	390
D	RTL8367D_REG_PAGEMETER_PORT4_CTRL0		REGISTER	0x0096	150	392
D	RTL8367D_REG_PAGEMETER_PORT4_CTRL1		REGISTER	0x0097	151	394
D	RTL8367D_REG_PORT4_EEECFG		REGISTER	0x0098	152	396
D	RTL8367D_PORT4_EEECFG_EEE_PORT_TX_EN_OFFSET		OFFSET_SHIFT	9	9	397
D	RTL8367D_PORT4_EEECFG_EEE_PORT_TX_EN_MASK		MASK	0x200	512	398
D	RTL8367D_PORT4_EEECFG_EEE_PORT_RX_EN_OFFSET		OFFSET_SHIFT	8	8	399
D	RTL8367D_PORT4_EEECFG_EEE_PORT_RX_EN_MASK		MASK	0x100	256	400
D	RTL8367D_PORT4_EEECFG_EEE_LPI_OFFSET		OFFSET_SHIFT	5	5	401
D	RTL8367D_PORT4_EEECFG_EEE_LPI_MASK		MASK	0x20	32	402
D	RTL8367D_PORT4_EEECFG_EEE_TX_STS_OFFSET		OFFSET_SHIFT	4	4	403
D	RTL8367D_PORT4_EEECFG_EEE_TX_STS_MASK		MASK	0x10	16	404
D	RTL8367D_PORT4_EEECFG_EEE_RX_STS_OFFSET		OFFSET_SHIFT	3	3	405
D	RTL8367D_PORT4_EEECFG_EEE_RX_STS_MASK		MASK	0x8	8	406
D	RTL8367D_PORT4_EEECFG_EEE_PAUSE_INDICATOR_OFFSET		OFFSET_SHIFT	2	2	407
D	RTL8367D_PORT4_EEECFG_EEE_PAUSE_INDICATOR_MASK		MASK	0x4	4	408
D	RTL8367D_REG_PORT4_EEETXMTR		REGISTER	0x0099	153	410
D	RTL8367D_REG_PORT4_EEERXMTR		REGISTER	0x009a	154	412
D	RTL8367D_REG_PORT4_DUMMY		REGISTER	0x009e	158	414
D	RTL8367D_REG_P4_MSIC1		REGISTER	0x009f	159	416
D	RTL8367D_P4_MSIC1_OFFSET		OFFSET_SHIFT	0	0	417
D	RTL8367D_P4_MSIC1_MASK		MASK	0x1	1	418
D	RTL8367D_REG_PORT5_CGST_HALF_CFG		REGISTER	0x00a0	160	420
D	RTL8367D_PORT5_CGST_HALF_CFG_CONGESTION_TIME_OFFSET		OFFSET_SHIFT	4	4	421
D	RTL8367D_PORT5_CGST_HALF_CFG_CONGESTION_TIME_MASK		MASK	0xF0	240	422
D	RTL8367D_PORT5_CGST_HALF_CFG_CONGESTION_SUSTAIN_TIME_OFFSET		OFFSET_SHIFT	0	0	423
D	RTL8367D_PORT5_CGST_HALF_CFG_CONGESTION_SUSTAIN_TIME_MASK		MASK	0xF	15	424
D	RTL8367D_REG_PKTGEN_PORT5_TIMER		REGISTER	0x00ad	173	426
D	RTL8367D_PKTGEN_PORT5_TIMER_TIMER_OFFSET		OFFSET_SHIFT	4	4	427
D	RTL8367D_PKTGEN_PORT5_TIMER_TIMER_MASK		MASK	0xF0	240	428
D	RTL8367D_PKTGEN_PORT5_TIMER_RX_DMA_ERR_FLAG_OFFSET		OFFSET_SHIFT	3	3	429
D	RTL8367D_PKTGEN_PORT5_TIMER_RX_DMA_ERR_FLAG_MASK		MASK	0x8	8	430
D	RTL8367D_REG_PORT5_MISC_CFG		REGISTER	0x00ae	174	432
D	RTL8367D_PORT5_MISC_CFG_SMALL_TAG_IPG_OFFSET		OFFSET_SHIFT	15	15	433
D	RTL8367D_PORT5_MISC_CFG_SMALL_TAG_IPG_MASK		MASK	0x8000	32768	434
D	RTL8367D_PORT5_MISC_CFG_TX_ITFSP_MODE_OFFSET		OFFSET_SHIFT	14	14	435
D	RTL8367D_PORT5_MISC_CFG_TX_ITFSP_MODE_MASK		MASK	0x4000	16384	436
D	RTL8367D_PORT5_MISC_CFG_DOT1Q_REMARK_ENABLE_OFFSET		OFFSET_SHIFT	12	12	437
D	RTL8367D_PORT5_MISC_CFG_DOT1Q_REMARK_ENABLE_MASK		MASK	0x1000	4096	438
D	RTL8367D_PORT5_MISC_CFG_INGRESSBW_FLOWCTRL_OFFSET		OFFSET_SHIFT	11	11	439
D	RTL8367D_PORT5_MISC_CFG_INGRESSBW_FLOWCTRL_MASK		MASK	0x800	2048	440
D	RTL8367D_PORT5_MISC_CFG_INGRESSBW_IFG_OFFSET		OFFSET_SHIFT	10	10	441
D	RTL8367D_PORT5_MISC_CFG_INGRESSBW_IFG_MASK		MASK	0x400	1024	442
D	RTL8367D_PORT5_MISC_CFG_RX_SPC_OFFSET		OFFSET_SHIFT	9	9	443
D	RTL8367D_PORT5_MISC_CFG_RX_SPC_MASK		MASK	0x200	512	444
D	RTL8367D_PORT5_MISC_CFG_CRC_SKIP_OFFSET		OFFSET_SHIFT	8	8	445
D	RTL8367D_PORT5_MISC_CFG_CRC_SKIP_MASK		MASK	0x100	256	446
D	RTL8367D_PORT5_MISC_CFG_MAC_LOOPBACK_OFFSET		OFFSET_SHIFT	6	6	447
D	RTL8367D_PORT5_MISC_CFG_MAC_LOOPBACK_MASK		MASK	0x40	64	448
D	RTL8367D_PORT5_MISC_CFG_VLAN_EGRESS_MODE_OFFSET		OFFSET_SHIFT	4	4	449
D	RTL8367D_PORT5_MISC_CFG_VLAN_EGRESS_MODE_MASK		MASK	0x30	48	450
D	RTL8367D_PORT5_MISC_CFG_CONGESTION_SUSTAIN_TIME_OFFSET		OFFSET_SHIFT	0	0	451
D	RTL8367D_PORT5_MISC_CFG_CONGESTION_SUSTAIN_TIME_MASK		MASK	0xF	15	452
D	RTL8367D_REG_INGRESSBW_PORT5_RATE_CTRL0		REGISTER	0x00af	175	454
D	RTL8367D_REG_INGRESSBW_PORT5_RATE_CTRL1		REGISTER	0x00b0	176	456
D	RTL8367D_INGRESSBW_PORT5_RATE_CTRL1_BYPASS_ABILITY_LOCK_OFFSET		OFFSET_SHIFT	3	3	457
D	RTL8367D_INGRESSBW_PORT5_RATE_CTRL1_BYPASS_ABILITY_LOCK_MASK		MASK	0x8	8	458
D	RTL8367D_INGRESSBW_PORT5_RATE_CTRL1_INGRESSBW_RATE16_OFFSET		OFFSET_SHIFT	0	0	459
D	RTL8367D_INGRESSBW_PORT5_RATE_CTRL1_INGRESSBW_RATE16_MASK		MASK	0x7	7	460
D	RTL8367D_REG_PORT5_FORCE_RATE0		REGISTER	0x00b1	177	462
D	RTL8367D_REG_PORT5_FORCE_RATE1		REGISTER	0x00b2	178	464
D	RTL8367D_REG_PORT5_CURENT_RATE0		REGISTER	0x00b3	179	466
D	RTL8367D_REG_PORT5_CURENT_RATE1		REGISTER	0x00b4	180	468
D	RTL8367D_REG_PORT5_PAGE_COUNTER		REGISTER	0x00b5	181	470
D	RTL8367D_PORT5_PAGE_COUNTER_OFFSET		OFFSET_SHIFT	0	0	471
D	RTL8367D_PORT5_PAGE_COUNTER_MASK		MASK	0x7F	127	472
D	RTL8367D_REG_PAGEMETER_PORT5_CTRL0		REGISTER	0x00b6	182	474
D	RTL8367D_REG_PAGEMETER_PORT5_CTRL1		REGISTER	0x00b7	183	476
D	RTL8367D_REG_PORT5_EEECFG		REGISTER	0x00b8	184	478
D	RTL8367D_PORT5_EEECFG_EEE_PORT_TX_EN_OFFSET		OFFSET_SHIFT	9	9	479
D	RTL8367D_PORT5_EEECFG_EEE_PORT_TX_EN_MASK		MASK	0x200	512	480
D	RTL8367D_PORT5_EEECFG_EEE_PORT_RX_EN_OFFSET		OFFSET_SHIFT	8	8	481
D	RTL8367D_PORT5_EEECFG_EEE_PORT_RX_EN_MASK		MASK	0x100	256	482
D	RTL8367D_PORT5_EEECFG_EEE_LPI_OFFSET		OFFSET_SHIFT	5	5	483
D	RTL8367D_PORT5_EEECFG_EEE_LPI_MASK		MASK	0x20	32	484
D	RTL8367D_PORT5_EEECFG_EEE_TX_STS_OFFSET		OFFSET_SHIFT	4	4	485
D	RTL8367D_PORT5_EEECFG_EEE_TX_STS_MASK		MASK	0x10	16	486
D	RTL8367D_PORT5_EEECFG_EEE_RX_STS_OFFSET		OFFSET_SHIFT	3	3	487
D	RTL8367D_PORT5_EEECFG_EEE_RX_STS_MASK		MASK	0x8	8	488
D	RTL8367D_PORT5_EEECFG_EEE_PAUSE_INDICATOR_OFFSET		OFFSET_SHIFT	2	2	489
D	RTL8367D_PORT5_EEECFG_EEE_PAUSE_INDICATOR_MASK		MASK	0x4	4	490
D	RTL8367D_REG_PORT5_EEETXMTR		REGISTER	0x00b9	185	492
D	RTL8367D_REG_PORT5_EEERXMTR		REGISTER	0x00ba	186	494
D	RTL8367D_REG_PORT5_DUMMY		REGISTER	0x00be	190	496
D	RTL8367D_REG_P5_MSIC1		REGISTER	0x00bf	191	498
D	RTL8367D_P5_MSIC1_OFFSET		OFFSET_SHIFT	0	0	499
D	RTL8367D_P5_MSIC1_MASK		MASK	0x1	1	500
D	RTL8367D_REG_PORT6_CGST_HALF_CFG		REGISTER	0x00c0	192	502
D	RTL8367D_PORT6_CGST_HALF_CFG_CONGESTION_TIME_OFFSET		OFFSET_SHIFT	4	4	503
D	RTL8367D_PORT6_CGST_HALF_CFG_CONGESTION_TIME_MASK		MASK	0xF0	240	504
D	RTL8367D_PORT6_CGST_HALF_CFG_CONGESTION_SUSTAIN_TIME_OFFSET		OFFSET_SHIFT	0	0	505
D	RTL8367D_PORT6_CGST_HALF_CFG_CONGESTION_SUSTAIN_TIME_MASK		MASK	0xF	15	506
D	RTL8367D_REG_PKTGEN_PORT6_TIMER		REGISTER	0x00cd	205	508
D	RTL8367D_PKTGEN_PORT6_TIMER_TIMER_OFFSET		OFFSET_SHIFT	4	4	509
D	RTL8367D_PKTGEN_PORT6_TIMER_TIMER_MASK		MASK	0xF0	240	510
D	RTL8367D_PKTGEN_PORT6_TIMER_RX_DMA_ERR_FLAG_OFFSET		OFFSET_SHIFT	3	3	511
D	RTL8367D_PKTGEN_PORT6_TIMER_RX_DMA_ERR_FLAG_MASK		MASK	0x8	8	512
D	RTL8367D_REG_PORT6_MISC_CFG		REGISTER	0x00ce	206	514
D	RTL8367D_PORT6_MISC_CFG_SMALL_TAG_IPG_OFFSET		OFFSET_SHIFT	15	15	515
D	RTL8367D_PORT6_MISC_CFG_SMALL_TAG_IPG_MASK		MASK	0x8000	32768	516
D	RTL8367D_PORT6_MISC_CFG_TX_ITFSP_MODE_OFFSET		OFFSET_SHIFT	14	14	517
D	RTL8367D_PORT6_MISC_CFG_TX_ITFSP_MODE_MASK		MASK	0x4000	16384	518
D	RTL8367D_PORT6_MISC_CFG_DOT1Q_REMARK_ENABLE_OFFSET		OFFSET_SHIFT	12	12	519
D	RTL8367D_PORT6_MISC_CFG_DOT1Q_REMARK_ENABLE_MASK		MASK	0x1000	4096	520
D	RTL8367D_PORT6_MISC_CFG_INGRESSBW_FLOWCTRL_OFFSET		OFFSET_SHIFT	11	11	521
D	RTL8367D_PORT6_MISC_CFG_INGRESSBW_FLOWCTRL_MASK		MASK	0x800	2048	522
D	RTL8367D_PORT6_MISC_CFG_INGRESSBW_IFG_OFFSET		OFFSET_SHIFT	10	10	523
D	RTL8367D_PORT6_MISC_CFG_INGRESSBW_IFG_MASK		MASK	0x400	1024	524
D	RTL8367D_PORT6_MISC_CFG_RX_SPC_OFFSET		OFFSET_SHIFT	9	9	525
D	RTL8367D_PORT6_MISC_CFG_RX_SPC_MASK		MASK	0x200	512	526
D	RTL8367D_PORT6_MISC_CFG_CRC_SKIP_OFFSET		OFFSET_SHIFT	8	8	527
D	RTL8367D_PORT6_MISC_CFG_CRC_SKIP_MASK		MASK	0x100	256	528
D	RTL8367D_PORT6_MISC_CFG_MAC_LOOPBACK_OFFSET		OFFSET_SHIFT	6	6	529
D	RTL8367D_PORT6_MISC_CFG_MAC_LOOPBACK_MASK		MASK	0x40	64	530
D	RTL8367D_PORT6_MISC_CFG_VLAN_EGRESS_MODE_OFFSET		OFFSET_SHIFT	4	4	531
D	RTL8367D_PORT6_MISC_CFG_VLAN_EGRESS_MODE_MASK		MASK	0x30	48	532
D	RTL8367D_PORT6_MISC_CFG_CONGESTION_SUSTAIN_TIME_OFFSET		OFFSET_SHIFT	0	0	533
D	RTL8367D_PORT6_MISC_CFG_CONGESTION_SUSTAIN_TIME_MASK		MASK	0xF	15	534
D	RTL8367D_REG_INGRESSBW_PORT6_RATE_CTRL0		REGISTER	0x00cf	207	536
D	RTL8367D_REG_INGRESSBW_PORT6_RATE_CTRL1		REGISTER	0x00d0	208	538
D	RTL8367D_INGRESSBW_PORT6_RATE_CTRL1_BYPASS_ABILITY_LOCK_OFFSET		OFFSET_SHIFT	3	3	539
D	RTL8367D_INGRESSBW_PORT6_RATE_CTRL1_BYPASS_ABILITY_LOCK_MASK		MASK	0x8	8	540
D	RTL8367D_INGRESSBW_PORT6_RATE_CTRL1_INGRESSBW_RATE16_OFFSET		OFFSET_SHIFT	0	0	541
D	RTL8367D_INGRESSBW_PORT6_RATE_CTRL1_INGRESSBW_RATE16_MASK		MASK	0x7	7	542
D	RTL8367D_REG_PORT6_FORCE_RATE0		REGISTER	0x00d1	209	544
D	RTL8367D_REG_PORT6_FORCE_RATE1		REGISTER	0x00d2	210	546
D	RTL8367D_REG_PORT6_CURENT_RATE0		REGISTER	0x00d3	211	548
D	RTL8367D_REG_PORT6_CURENT_RATE1		REGISTER	0x00d4	212	550
D	RTL8367D_REG_PORT6_PAGE_COUNTER		REGISTER	0x00d5	213	552
D	RTL8367D_PORT6_PAGE_COUNTER_OFFSET		OFFSET_SHIFT	0	0	553
D	RTL8367D_PORT6_PAGE_COUNTER_MASK		MASK	0x7F	127	554
D	RTL8367D_REG_PAGEMETER_PORT6_CTRL0		REGISTER	0x00d6	214	556
D	RTL8367D_REG_PAGEMETER_PORT6_CTRL1		REGISTER	0x00d7	215	558
D	RTL8367D_REG_PORT6_EEECFG		REGISTER	0x00d8	216	560
D	RTL8367D_PORT6_EEECFG_EEE_PORT_TX_EN_OFFSET		OFFSET_SHIFT	9	9	561
D	RTL8367D_PORT6_EEECFG_EEE_PORT_TX_EN_MASK		MASK	0x200	512	562
D	RTL8367D_PORT6_EEECFG_EEE_PORT_RX_EN_OFFSET		OFFSET_SHIFT	8	8	563
D	RTL8367D_PORT6_EEECFG_EEE_PORT_RX_EN_MASK		MASK	0x100	256	564
D	RTL8367D_PORT6_EEECFG_EEE_LPI_OFFSET		OFFSET_SHIFT	5	5	565
D	RTL8367D_PORT6_EEECFG_EEE_LPI_MASK		MASK	0x20	32	566
D	RTL8367D_PORT6_EEECFG_EEE_TX_STS_OFFSET		OFFSET_SHIFT	4	4	567
D	RTL8367D_PORT6_EEECFG_EEE_TX_STS_MASK		MASK	0x10	16	568
D	RTL8367D_PORT6_EEECFG_EEE_RX_STS_OFFSET		OFFSET_SHIFT	3	3	569
D	RTL8367D_PORT6_EEECFG_EEE_RX_STS_MASK		MASK	0x8	8	570
D	RTL8367D_PORT6_EEECFG_EEE_PAUSE_INDICATOR_OFFSET		OFFSET_SHIFT	2	2	571
D	RTL8367D_PORT6_EEECFG_EEE_PAUSE_INDICATOR_MASK		MASK	0x4	4	572
D	RTL8367D_REG_PORT6_EEETXMTR		REGISTER	0x00d9	217	574
D	RTL8367D_REG_PORT6_EEERXMTR		REGISTER	0x00da	218	576
D	RTL8367D_REG_PORT6_DUMMY		REGISTER	0x00de	222	578
D	RTL8367D_REG_P6_MSIC1		REGISTER	0x00df	223	580
D	RTL8367D_P6_MSIC1_OFFSET		OFFSET_SHIFT	0	0	581
D	RTL8367D_P6_MSIC1_MASK		MASK	0x1	1	582
D	RTL8367D_REG_PORT7_CGST_HALF_CFG		REGISTER	0x00e0	224	584
D	RTL8367D_PORT7_CGST_HALF_CFG_CONGESTION_TIME_OFFSET		OFFSET_SHIFT	4	4	585
D	RTL8367D_PORT7_CGST_HALF_CFG_CONGESTION_TIME_MASK		MASK	0xF0	240	586
D	RTL8367D_PORT7_CGST_HALF_CFG_CONGESTION_SUSTAIN_TIME_OFFSET		OFFSET_SHIFT	0	0	587
D	RTL8367D_PORT7_CGST_HALF_CFG_CONGESTION_SUSTAIN_TIME_MASK		MASK	0xF	15	588
D	RTL8367D_REG_PKTGEN_PORT7_TIMER		REGISTER	0x00ed	237	590
D	RTL8367D_PKTGEN_PORT7_TIMER_TIMER_OFFSET		OFFSET_SHIFT	4	4	591
D	RTL8367D_PKTGEN_PORT7_TIMER_TIMER_MASK		MASK	0xF0	240	592
D	RTL8367D_PKTGEN_PORT7_TIMER_RX_DMA_ERR_FLAG_OFFSET		OFFSET_SHIFT	3	3	593
D	RTL8367D_PKTGEN_PORT7_TIMER_RX_DMA_ERR_FLAG_MASK		MASK	0x8	8	594
D	RTL8367D_REG_PORT7_MISC_CFG		REGISTER	0x00ee	238	596
D	RTL8367D_PORT7_MISC_CFG_SMALL_TAG_IPG_OFFSET		OFFSET_SHIFT	15	15	597
D	RTL8367D_PORT7_MISC_CFG_SMALL_TAG_IPG_MASK		MASK	0x8000	32768	598
D	RTL8367D_PORT7_MISC_CFG_TX_ITFSP_MODE_OFFSET		OFFSET_SHIFT	14	14	599
D	RTL8367D_PORT7_MISC_CFG_TX_ITFSP_MODE_MASK		MASK	0x4000	16384	600
D	RTL8367D_PORT7_MISC_CFG_DOT1Q_REMARK_ENABLE_OFFSET		OFFSET_SHIFT	12	12	601
D	RTL8367D_PORT7_MISC_CFG_DOT1Q_REMARK_ENABLE_MASK		MASK	0x1000	4096	602
D	RTL8367D_PORT7_MISC_CFG_INGRESSBW_FLOWCTRL_OFFSET		OFFSET_SHIFT	11	11	603
D	RTL8367D_PORT7_MISC_CFG_INGRESSBW_FLOWCTRL_MASK		MASK	0x800	2048	604
D	RTL8367D_PORT7_MISC_CFG_INGRESSBW_IFG_OFFSET		OFFSET_SHIFT	10	10	605
D	RTL8367D_PORT7_MISC_CFG_INGRESSBW_IFG_MASK		MASK	0x400	1024	606
D	RTL8367D_PORT7_MISC_CFG_RX_SPC_OFFSET		OFFSET_SHIFT	9	9	607
D	RTL8367D_PORT7_MISC_CFG_RX_SPC_MASK		MASK	0x200	512	608
D	RTL8367D_PORT7_MISC_CFG_CRC_SKIP_OFFSET		OFFSET_SHIFT	8	8	609
D	RTL8367D_PORT7_MISC_CFG_CRC_SKIP_MASK		MASK	0x100	256	610
D	RTL8367D_PORT7_MISC_CFG_MAC_LOOPBACK_OFFSET		OFFSET_SHIFT	6	6	611
D	RTL8367D_PORT7_MISC_CFG_MAC_LOOPBACK_MASK		MASK	0x40	64	612
D	RTL8367D_PORT7_MISC_CFG_VLAN_EGRESS_MODE_OFFSET		OFFSET_SHIFT	4	4	613
D	RTL8367D_PORT7_MISC_CFG_VLAN_EGRESS_MODE_MASK		MASK	0x30	48	614
D	RTL8367D_PORT7_MISC_CFG_CONGESTION_SUSTAIN_TIME_OFFSET		OFFSET_SHIFT	0	0	615
D	RTL8367D_PORT7_MISC_CFG_CONGESTION_SUSTAIN_TIME_MASK		MASK	0xF	15	616
D	RTL8367D_REG_INGRESSBW_PORT7_RATE_CTRL0		REGISTER	0x00ef	239	618
D	RTL8367D_REG_INGRESSBW_PORT7_RATE_CTRL1		REGISTER	0x00f0	240	620
D	RTL8367D_INGRESSBW_PORT7_RATE_CTRL1_BYPASS_ABILITY_LOCK_OFFSET		OFFSET_SHIFT	3	3	621
D	RTL8367D_INGRESSBW_PORT7_RATE_CTRL1_BYPASS_ABILITY_LOCK_MASK		MASK	0x8	8	622
D	RTL8367D_INGRESSBW_PORT7_RATE_CTRL1_INGRESSBW_RATE16_OFFSET		OFFSET_SHIFT	0	0	623
D	RTL8367D_INGRESSBW_PORT7_RATE_CTRL1_INGRESSBW_RATE16_MASK		MASK	0x7	7	624
D	RTL8367D_REG_PORT7_FORCE_RATE0		REGISTER	0x00f1	241	626
D	RTL8367D_REG_PORT7_FORCE_RATE1		REGISTER	0x00f2	242	628
D	RTL8367D_REG_PORT7_CURENT_RATE0		REGISTER	0x00f3	243	630
D	RTL8367D_REG_PORT7_CURENT_RATE1		REGISTER	0x00f4	244	632
D	RTL8367D_REG_PORT7_PAGE_COUNTER		REGISTER	0x00f5	245	634
D	RTL8367D_PORT7_PAGE_COUNTER_OFFSET		OFFSET_SHIFT	0	0	635
D	RTL8367D_PORT7_PAGE_COUNTER_MASK		MASK	0x7F	127	636
D	RTL8367D_REG_PAGEMETER_PORT7_CTRL0		REGISTER	0x00f6	246	638
D	RTL8367D_REG_PAGEMETER_PORT7_CTRL1		REGISTER	0x00f7	247	640
D	RTL8367D_REG_PORT7_EEECFG		REGISTER	0x00f8	248	642
D	RTL8367D_PORT7_EEECFG_EEE_PORT_TX_EN_OFFSET		OFFSET_SHIFT	9	9	643
D	RTL8367D_PORT7_EEECFG_EEE_PORT_TX_EN_MASK		MASK	0x200	512	644
D	RTL8367D_PORT7_EEECFG_EEE_PORT_RX_EN_OFFSET		OFFSET_SHIFT	8	8	645
D	RTL8367D_PORT7_EEECFG_EEE_PORT_RX_EN_MASK		MASK	0x100	256	646
D	RTL8367D_PORT7_EEECFG_EEE_LPI_OFFSET		OFFSET_SHIFT	5	5	647
D	RTL8367D_PORT7_EEECFG_EEE_LPI_MASK		MASK	0x20	32	648
D	RTL8367D_PORT7_EEECFG_EEE_TX_STS_OFFSET		OFFSET_SHIFT	4	4	649
D	RTL8367D_PORT7_EEECFG_EEE_TX_STS_MASK		MASK	0x10	16	650
D	RTL8367D_PORT7_EEECFG_EEE_RX_STS_OFFSET		OFFSET_SHIFT	3	3	651
D	RTL8367D_PORT7_EEECFG_EEE_RX_STS_MASK		MASK	0x8	8	652
D	RTL8367D_PORT7_EEECFG_EEE_PAUSE_INDICATOR_OFFSET		OFFSET_SHIFT	2	2	653
D	RTL8367D_PORT7_EEECFG_EEE_PAUSE_INDICATOR_MASK		MASK	0x4	4	654
D	RTL8367D_REG_PORT7_EEETXMTR		REGISTER	0x00f9	249	656
D	RTL8367D_REG_PORT7_EEERXMTR		REGISTER	0x00fa	250	658
D	RTL8367D_REG_PORT7_DUMMY		REGISTER	0x00fe	254	660
D	RTL8367D_REG_P7_MSIC1		REGISTER	0x00ff	255	662
D	RTL8367D_P7_MSIC1_OFFSET		OFFSET_SHIFT	0	0	663
D	RTL8367D_P7_MSIC1_MASK		MASK	0x1	1	664
D	RTL8367D_REG_FLOWCTRL_QUEUE0_DROP_ON		REGISTER	0x0200	512	668
D	RTL8367D_FLOWCTRL_QUEUE0_DROP_ON_OFFSET		OFFSET_SHIFT	0	0	669
D	RTL8367D_FLOWCTRL_QUEUE0_DROP_ON_MASK		MASK	0x7FF	2047	670
D	RTL8367D_REG_FLOWCTRL_QUEUE1_DROP_ON		REGISTER	0x0201	513	672
D	RTL8367D_FLOWCTRL_QUEUE1_DROP_ON_OFFSET		OFFSET_SHIFT	0	0	673
D	RTL8367D_FLOWCTRL_QUEUE1_DROP_ON_MASK		MASK	0x7FF	2047	674
D	RTL8367D_REG_FLOWCTRL_QUEUE2_DROP_ON		REGISTER	0x0202	514	676
D	RTL8367D_FLOWCTRL_QUEUE2_DROP_ON_OFFSET		OFFSET_SHIFT	0	0	677
D	RTL8367D_FLOWCTRL_QUEUE2_DROP_ON_MASK		MASK	0x7FF	2047	678
D	RTL8367D_REG_FLOWCTRL_QUEUE3_DROP_ON		REGISTER	0x0203	515	680
D	RTL8367D_FLOWCTRL_QUEUE3_DROP_ON_OFFSET		OFFSET_SHIFT	0	0	681
D	RTL8367D_FLOWCTRL_QUEUE3_DROP_ON_MASK		MASK	0x7FF	2047	682
D	RTL8367D_REG_FLOWCTRL_QUEUE4_DROP_ON		REGISTER	0x0204	516	684
D	RTL8367D_FLOWCTRL_QUEUE4_DROP_ON_OFFSET		OFFSET_SHIFT	0	0	685
D	RTL8367D_FLOWCTRL_QUEUE4_DROP_ON_MASK		MASK	0x7FF	2047	686
D	RTL8367D_REG_FLOWCTRL_QUEUE5_DROP_ON		REGISTER	0x0205	517	688
D	RTL8367D_FLOWCTRL_QUEUE5_DROP_ON_OFFSET		OFFSET_SHIFT	0	0	689
D	RTL8367D_FLOWCTRL_QUEUE5_DROP_ON_MASK		MASK	0x7FF	2047	690
D	RTL8367D_REG_FLOWCTRL_QUEUE6_DROP_ON		REGISTER	0x0206	518	692
D	RTL8367D_FLOWCTRL_QUEUE6_DROP_ON_OFFSET		OFFSET_SHIFT	0	0	693
D	RTL8367D_FLOWCTRL_QUEUE6_DROP_ON_MASK		MASK	0x7FF	2047	694
D	RTL8367D_REG_FLOWCTRL_QUEUE7_DROP_ON		REGISTER	0x0207	519	696
D	RTL8367D_FLOWCTRL_QUEUE7_DROP_ON_OFFSET		OFFSET_SHIFT	0	0	697
D	RTL8367D_FLOWCTRL_QUEUE7_DROP_ON_MASK		MASK	0x7FF	2047	698
D	RTL8367D_REG_FLOWCTRL_PORT0_DROP_ON		REGISTER	0x0208	520	700
D	RTL8367D_FLOWCTRL_PORT0_DROP_ON_OFFSET		OFFSET_SHIFT	0	0	701
D	RTL8367D_FLOWCTRL_PORT0_DROP_ON_MASK		MASK	0x7FF	2047	702
D	RTL8367D_REG_FLOWCTRL_PORT1_DROP_ON		REGISTER	0x0209	521	704
D	RTL8367D_FLOWCTRL_PORT1_DROP_ON_OFFSET		OFFSET_SHIFT	0	0	705
D	RTL8367D_FLOWCTRL_PORT1_DROP_ON_MASK		MASK	0x7FF	2047	706
D	RTL8367D_REG_FLOWCTRL_PORT2_DROP_ON		REGISTER	0x020a	522	708
D	RTL8367D_FLOWCTRL_PORT2_DROP_ON_OFFSET		OFFSET_SHIFT	0	0	709
D	RTL8367D_FLOWCTRL_PORT2_DROP_ON_MASK		MASK	0x7FF	2047	710
D	RTL8367D_REG_FLOWCTRL_PORT3_DROP_ON		REGISTER	0x020b	523	712
D	RTL8367D_FLOWCTRL_PORT3_DROP_ON_OFFSET		OFFSET_SHIFT	0	0	713
D	RTL8367D_FLOWCTRL_PORT3_DROP_ON_MASK		MASK	0x7FF	2047	714
D	RTL8367D_REG_FLOWCTRL_PORT4_DROP_ON		REGISTER	0x020c	524	716
D	RTL8367D_FLOWCTRL_PORT4_DROP_ON_OFFSET		OFFSET_SHIFT	0	0	717
D	RTL8367D_FLOWCTRL_PORT4_DROP_ON_MASK		MASK	0x7FF	2047	718
D	RTL8367D_REG_FLOWCTRL_PORT5_DROP_ON		REGISTER	0x020d	525	720
D	RTL8367D_FLOWCTRL_PORT5_DROP_ON_OFFSET		OFFSET_SHIFT	0	0	721
D	RTL8367D_FLOWCTRL_PORT5_DROP_ON_MASK		MASK	0x7FF	2047	722
D	RTL8367D_REG_FLOWCTRL_PORT6_DROP_ON		REGISTER	0x020e	526	724
D	RTL8367D_FLOWCTRL_PORT6_DROP_ON_OFFSET		OFFSET_SHIFT	0	0	725
D	RTL8367D_FLOWCTRL_PORT6_DROP_ON_MASK		MASK	0x7FF	2047	726
D	RTL8367D_REG_FLOWCTRL_PORT7_DROP_ON		REGISTER	0x020f	527	728
D	RTL8367D_FLOWCTRL_PORT7_DROP_ON_OFFSET		OFFSET_SHIFT	0	0	729
D	RTL8367D_FLOWCTRL_PORT7_DROP_ON_MASK		MASK	0x7FF	2047	730
D	RTL8367D_REG_FLOWCTRL_PORT_GAP		REGISTER	0x0218	536	732
D	RTL8367D_FLOWCTRL_PORT_GAP_OFFSET		OFFSET_SHIFT	0	0	733
D	RTL8367D_FLOWCTRL_PORT_GAP_MASK		MASK	0x7FF	2047	734
D	RTL8367D_REG_FLOWCTRL_QUEUE_GAP		REGISTER	0x0219	537	736
D	RTL8367D_FLOWCTRL_QUEUE_GAP_OFFSET		OFFSET_SHIFT	0	0	737
D	RTL8367D_FLOWCTRL_QUEUE_GAP_MASK		MASK	0x7FF	2047	738
D	RTL8367D_REG_PORT_QEMPTY		REGISTER	0x022d	557	740
D	RTL8367D_PORT_QEMPTY_OFFSET		OFFSET_SHIFT	0	0	741
D	RTL8367D_PORT_QEMPTY_MASK		MASK	0xFF	255	742
D	RTL8367D_REG_FLOWCTRL_DEBUG_CTRL0		REGISTER	0x022e	558	744
D	RTL8367D_FLOWCTRL_DEBUG_CTRL0_OFFSET		OFFSET_SHIFT	0	0	745
D	RTL8367D_FLOWCTRL_DEBUG_CTRL0_MASK		MASK	0x7	7	746
D	RTL8367D_REG_FLOWCTRL_DEBUG_CTRL1		REGISTER	0x022f	559	748
D	RTL8367D_TOTAL_OFFSET		OFFSET_SHIFT	9	9	749
D	RTL8367D_TOTAL_MASK		MASK	0x200	512	750
D	RTL8367D_PORT_MAX_OFFSET		OFFSET_SHIFT	8	8	751
D	RTL8367D_PORT_MAX_MASK		MASK	0x100	256	752
D	RTL8367D_QMAX_MASK_OFFSET		MASK	0	0	753
D	RTL8367D_QMAX_MASK_MASK		MASK	0xFF	255	754
D	RTL8367D_REG_FLOWCTRL_QUEUE0_PAGE_COUNT		REGISTER	0x0230	560	756
D	RTL8367D_FLOWCTRL_QUEUE0_PAGE_COUNT_OFFSET		OFFSET_SHIFT	0	0	757
D	RTL8367D_FLOWCTRL_QUEUE0_PAGE_COUNT_MASK		MASK	0x7FF	2047	758
D	RTL8367D_REG_FLOWCTRL_QUEUE1_PAGE_COUNT		REGISTER	0x0231	561	760
D	RTL8367D_FLOWCTRL_QUEUE1_PAGE_COUNT_OFFSET		OFFSET_SHIFT	0	0	761
D	RTL8367D_FLOWCTRL_QUEUE1_PAGE_COUNT_MASK		MASK	0x7FF	2047	762
D	RTL8367D_REG_FLOWCTRL_QUEUE2_PAGE_COUNT		REGISTER	0x0232	562	764
D	RTL8367D_FLOWCTRL_QUEUE2_PAGE_COUNT_OFFSET		OFFSET_SHIFT	0	0	765
D	RTL8367D_FLOWCTRL_QUEUE2_PAGE_COUNT_MASK		MASK	0x7FF	2047	766
D	RTL8367D_REG_FLOWCTRL_QUEUE3_PAGE_COUNT		REGISTER	0x0233	563	768
D	RTL8367D_FLOWCTRL_QUEUE3_PAGE_COUNT_OFFSET		OFFSET_SHIFT	0	0	769
D	RTL8367D_FLOWCTRL_QUEUE3_PAGE_COUNT_MASK		MASK	0x7FF	2047	770
D	RTL8367D_REG_FLOWCTRL_QUEUE4_PAGE_COUNT		REGISTER	0x0234	564	772
D	RTL8367D_FLOWCTRL_QUEUE4_PAGE_COUNT_OFFSET		OFFSET_SHIFT	0	0	773
D	RTL8367D_FLOWCTRL_QUEUE4_PAGE_COUNT_MASK		MASK	0x7FF	2047	774
D	RTL8367D_REG_FLOWCTRL_QUEUE5_PAGE_COUNT		REGISTER	0x0235	565	776
D	RTL8367D_FLOWCTRL_QUEUE5_PAGE_COUNT_OFFSET		OFFSET_SHIFT	0	0	777
D	RTL8367D_FLOWCTRL_QUEUE5_PAGE_COUNT_MASK		MASK	0x7FF	2047	778
D	RTL8367D_REG_FLOWCTRL_QUEUE6_PAGE_COUNT		REGISTER	0x0236	566	780
D	RTL8367D_FLOWCTRL_QUEUE6_PAGE_COUNT_OFFSET		OFFSET_SHIFT	0	0	781
D	RTL8367D_FLOWCTRL_QUEUE6_PAGE_COUNT_MASK		MASK	0x7FF	2047	782
D	RTL8367D_REG_FLOWCTRL_QUEUE7_PAGE_COUNT		REGISTER	0x0237	567	784
D	RTL8367D_FLOWCTRL_QUEUE7_PAGE_COUNT_OFFSET		OFFSET_SHIFT	0	0	785
D	RTL8367D_FLOWCTRL_QUEUE7_PAGE_COUNT_MASK		MASK	0x7FF	2047	786
D	RTL8367D_REG_FLOWCTRL_PORT_PAGE_COUNT		REGISTER	0x0238	568	788
D	RTL8367D_FLOWCTRL_PORT_PAGE_COUNT_OFFSET		OFFSET_SHIFT	0	0	789
D	RTL8367D_FLOWCTRL_PORT_PAGE_COUNT_MASK		MASK	0x7FF	2047	790
D	RTL8367D_REG_FLOWCTRL_QUEUE0_MAX_PAGE_COUNT		REGISTER	0x0239	569	792
D	RTL8367D_FLOWCTRL_QUEUE0_MAX_PAGE_COUNT_OFFSET		OFFSET_SHIFT	0	0	793
D	RTL8367D_FLOWCTRL_QUEUE0_MAX_PAGE_COUNT_MASK		MASK	0x7FF	2047	794
D	RTL8367D_REG_FLOWCTRL_QUEUE1_MAX_PAGE_COUNT		REGISTER	0x023a	570	796
D	RTL8367D_FLOWCTRL_QUEUE1_MAX_PAGE_COUNT_OFFSET		OFFSET_SHIFT	0	0	797
D	RTL8367D_FLOWCTRL_QUEUE1_MAX_PAGE_COUNT_MASK		MASK	0x7FF	2047	798
D	RTL8367D_REG_FLOWCTRL_QUEUE2_MAX_PAGE_COUNT		REGISTER	0x023b	571	800
D	RTL8367D_FLOWCTRL_QUEUE2_MAX_PAGE_COUNT_OFFSET		OFFSET_SHIFT	0	0	801
D	RTL8367D_FLOWCTRL_QUEUE2_MAX_PAGE_COUNT_MASK		MASK	0x7FF	2047	802
D	RTL8367D_REG_FLOWCTRL_QUEUE3_MAX_PAGE_COUNT		REGISTER	0x023c	572	804
D	RTL8367D_FLOWCTRL_QUEUE3_MAX_PAGE_COUNT_OFFSET		OFFSET_SHIFT	0	0	805
D	RTL8367D_FLOWCTRL_QUEUE3_MAX_PAGE_COUNT_MASK		MASK	0x7FF	2047	806
D	RTL8367D_REG_FLOWCTRL_QUEUE4_MAX_PAGE_COUNT		REGISTER	0x023d	573	808
D	RTL8367D_FLOWCTRL_QUEUE4_MAX_PAGE_COUNT_OFFSET		OFFSET_SHIFT	0	0	809
D	RTL8367D_FLOWCTRL_QUEUE4_MAX_PAGE_COUNT_MASK		MASK	0x7FF	2047	810
D	RTL8367D_REG_FLOWCTRL_QUEUE5_MAX_PAGE_COUNT		REGISTER	0x023e	574	812
D	RTL8367D_FLOWCTRL_QUEUE5_MAX_PAGE_COUNT_OFFSET		OFFSET_SHIFT	0	0	813
D	RTL8367D_FLOWCTRL_QUEUE5_MAX_PAGE_COUNT_MASK		MASK	0x7FF	2047	814
D	RTL8367D_REG_FLOWCTRL_QUEUE6_MAX_PAGE_COUNT		REGISTER	0x023f	575	816
D	RTL8367D_FLOWCTRL_QUEUE6_MAX_PAGE_COUNT_OFFSET		OFFSET_SHIFT	0	0	817
D	RTL8367D_FLOWCTRL_QUEUE6_MAX_PAGE_COUNT_MASK		MASK	0x7FF	2047	818
D	RTL8367D_REG_FLOWCTRL_QUEUE7_MAX_PAGE_COUNT		REGISTER	0x0240	576	820
D	RTL8367D_FLOWCTRL_QUEUE7_MAX_PAGE_COUNT_OFFSET		OFFSET_SHIFT	0	0	821
D	RTL8367D_FLOWCTRL_QUEUE7_MAX_PAGE_COUNT_MASK		MASK	0x7FF	2047	822
D	RTL8367D_REG_FLOWCTRL_PORT_MAX_PAGE_COUNT		REGISTER	0x0241	577	824
D	RTL8367D_FLOWCTRL_PORT_MAX_PAGE_COUNT_OFFSET		OFFSET_SHIFT	0	0	825
D	RTL8367D_FLOWCTRL_PORT_MAX_PAGE_COUNT_MASK		MASK	0x7FF	2047	826
D	RTL8367D_REG_FLOWCTRL_TOTAL_PACKET_COUNT		REGISTER	0x0243	579	828
D	RTL8367D_REG_HIGH_QUEUE_MASK0		REGISTER	0x0244	580	830
D	RTL8367D_PORT1_HIGH_QUEUE_MASK_OFFSET		MASK	8	8	831
D	RTL8367D_PORT1_HIGH_QUEUE_MASK_MASK		MASK	0xFF00	65280	832
D	RTL8367D_PORT0_HIGH_QUEUE_MASK_OFFSET		MASK	0	0	833
D	RTL8367D_PORT0_HIGH_QUEUE_MASK_MASK		MASK	0xFF	255	834
D	RTL8367D_REG_HIGH_QUEUE_MASK1		REGISTER	0x0245	581	836
D	RTL8367D_PORT3_HIGH_QUEUE_MASK_OFFSET		MASK	8	8	837
D	RTL8367D_PORT3_HIGH_QUEUE_MASK_MASK		MASK	0xFF00	65280	838
D	RTL8367D_PORT2_HIGH_QUEUE_MASK_OFFSET		MASK	0	0	839
D	RTL8367D_PORT2_HIGH_QUEUE_MASK_MASK		MASK	0xFF	255	840
D	RTL8367D_REG_HIGH_QUEUE_MASK2		REGISTER	0x0246	582	842
D	RTL8367D_PORT5_HIGH_QUEUE_MASK_OFFSET		MASK	8	8	843
D	RTL8367D_PORT5_HIGH_QUEUE_MASK_MASK		MASK	0xFF00	65280	844
D	RTL8367D_PORT4_HIGH_QUEUE_MASK_OFFSET		MASK	0	0	845
D	RTL8367D_PORT4_HIGH_QUEUE_MASK_MASK		MASK	0xFF	255	846
D	RTL8367D_REG_HIGH_QUEUE_MASK3		REGISTER	0x0247	583	848
D	RTL8367D_PORT7_HIGH_QUEUE_MASK_OFFSET		MASK	8	8	849
D	RTL8367D_PORT7_HIGH_QUEUE_MASK_MASK		MASK	0xFF00	65280	850
D	RTL8367D_PORT6_HIGH_QUEUE_MASK_OFFSET		MASK	0	0	851
D	RTL8367D_PORT6_HIGH_QUEUE_MASK_MASK		MASK	0xFF	255	852
D	RTL8367D_REG_LOW_QUEUE_TH		REGISTER	0x024c	588	854
D	RTL8367D_LOW_QUEUE_TH_OFFSET		OFFSET_SHIFT	0	0	855
D	RTL8367D_LOW_QUEUE_TH_MASK		MASK	0x7FF	2047	856
D	RTL8367D_REG_TH_TX_PREFET		REGISTER	0x0250	592	858
D	RTL8367D_TH_TX_PREFET_OFFSET		OFFSET_SHIFT	0	0	859
D	RTL8367D_TH_TX_PREFET_MASK		MASK	0xFF	255	860
D	RTL8367D_REG_SCHEDULE_WFQ_CTRL		REGISTER	0x0300	768	864
D	RTL8367D_SCHEDULE_WFQ_CTRL_OFFSET		OFFSET_SHIFT	0	0	865
D	RTL8367D_SCHEDULE_WFQ_CTRL_MASK		MASK	0x1	1	866
D	RTL8367D_REG_SCHEDULE_WFQ_BURST_SIZE		REGISTER	0x0301	769	868
D	RTL8367D_REG_SCHEDULE_QUEUE_TYPE_CTRL0		REGISTER	0x0302	770	870
D	RTL8367D_PORT1_QUEUE7_TYPE_OFFSET		OFFSET_SHIFT	15	15	871
D	RTL8367D_PORT1_QUEUE7_TYPE_MASK		MASK	0x8000	32768	872
D	RTL8367D_PORT1_QUEUE6_TYPE_OFFSET		OFFSET_SHIFT	14	14	873
D	RTL8367D_PORT1_QUEUE6_TYPE_MASK		MASK	0x4000	16384	874
D	RTL8367D_PORT1_QUEUE5_TYPE_OFFSET		OFFSET_SHIFT	13	13	875
D	RTL8367D_PORT1_QUEUE5_TYPE_MASK		MASK	0x2000	8192	876
D	RTL8367D_PORT1_QUEUE4_TYPE_OFFSET		OFFSET_SHIFT	12	12	877
D	RTL8367D_PORT1_QUEUE4_TYPE_MASK		MASK	0x1000	4096	878
D	RTL8367D_PORT1_QUEUE3_TYPE_OFFSET		OFFSET_SHIFT	11	11	879
D	RTL8367D_PORT1_QUEUE3_TYPE_MASK		MASK	0x800	2048	880
D	RTL8367D_PORT1_QUEUE2_TYPE_OFFSET		OFFSET_SHIFT	10	10	881
D	RTL8367D_PORT1_QUEUE2_TYPE_MASK		MASK	0x400	1024	882
D	RTL8367D_PORT1_QUEUE1_TYPE_OFFSET		OFFSET_SHIFT	9	9	883
D	RTL8367D_PORT1_QUEUE1_TYPE_MASK		MASK	0x200	512	884
D	RTL8367D_PORT1_QUEUE0_TYPE_OFFSET		OFFSET_SHIFT	8	8	885
D	RTL8367D_PORT1_QUEUE0_TYPE_MASK		MASK	0x100	256	886
D	RTL8367D_PORT0_QUEUE7_TYPE_OFFSET		OFFSET_SHIFT	7	7	887
D	RTL8367D_PORT0_QUEUE7_TYPE_MASK		MASK	0x80	128	888
D	RTL8367D_PORT0_QUEUE6_TYPE_OFFSET		OFFSET_SHIFT	6	6	889
D	RTL8367D_PORT0_QUEUE6_TYPE_MASK		MASK	0x40	64	890
D	RTL8367D_PORT0_QUEUE5_TYPE_OFFSET		OFFSET_SHIFT	5	5	891
D	RTL8367D_PORT0_QUEUE5_TYPE_MASK		MASK	0x20	32	892
D	RTL8367D_PORT0_QUEUE4_TYPE_OFFSET		OFFSET_SHIFT	4	4	893
D	RTL8367D_PORT0_QUEUE4_TYPE_MASK		MASK	0x10	16	894
D	RTL8367D_PORT0_QUEUE3_TYPE_OFFSET		OFFSET_SHIFT	3	3	895
D	RTL8367D_PORT0_QUEUE3_TYPE_MASK		MASK	0x8	8	896
D	RTL8367D_PORT0_QUEUE2_TYPE_OFFSET		OFFSET_SHIFT	2	2	897
D	RTL8367D_PORT0_QUEUE2_TYPE_MASK		MASK	0x4	4	898
D	RTL8367D_PORT0_QUEUE1_TYPE_OFFSET		OFFSET_SHIFT	1	1	899
D	RTL8367D_PORT0_QUEUE1_TYPE_MASK		MASK	0x2	2	900
D	RTL8367D_PORT0_QUEUE0_TYPE_OFFSET		OFFSET_SHIFT	0	0	901
D	RTL8367D_PORT0_QUEUE0_TYPE_MASK		MASK	0x1	1	902
D	RTL8367D_REG_SCHEDULE_QUEUE_TYPE_CTRL1		REGISTER	0x0303	771	904
D	RTL8367D_PORT3_QUEUE7_TYPE_OFFSET		OFFSET_SHIFT	15	15	905
D	RTL8367D_PORT3_QUEUE7_TYPE_MASK		MASK	0x8000	32768	906
D	RTL8367D_PORT3_QUEUE6_TYPE_OFFSET		OFFSET_SHIFT	14	14	907
D	RTL8367D_PORT3_QUEUE6_TYPE_MASK		MASK	0x4000	16384	908
D	RTL8367D_PORT3_QUEUE5_TYPE_OFFSET		OFFSET_SHIFT	13	13	909
D	RTL8367D_PORT3_QUEUE5_TYPE_MASK		MASK	0x2000	8192	910
D	RTL8367D_PORT3_QUEUE4_TYPE_OFFSET		OFFSET_SHIFT	12	12	911
D	RTL8367D_PORT3_QUEUE4_TYPE_MASK		MASK	0x1000	4096	912
D	RTL8367D_PORT3_QUEUE3_TYPE_OFFSET		OFFSET_SHIFT	11	11	913
D	RTL8367D_PORT3_QUEUE3_TYPE_MASK		MASK	0x800	2048	914
D	RTL8367D_PORT3_QUEUE2_TYPE_OFFSET		OFFSET_SHIFT	10	10	915
D	RTL8367D_PORT3_QUEUE2_TYPE_MASK		MASK	0x400	1024	916
D	RTL8367D_PORT3_QUEUE1_TYPE_OFFSET		OFFSET_SHIFT	9	9	917
D	RTL8367D_PORT3_QUEUE1_TYPE_MASK		MASK	0x200	512	918
D	RTL8367D_PORT3_QUEUE0_TYPE_OFFSET		OFFSET_SHIFT	8	8	919
D	RTL8367D_PORT3_QUEUE0_TYPE_MASK		MASK	0x100	256	920
D	RTL8367D_PORT2_QUEUE7_TYPE_OFFSET		OFFSET_SHIFT	7	7	921
D	RTL8367D_PORT2_QUEUE7_TYPE_MASK		MASK	0x80	128	922
D	RTL8367D_PORT2_QUEUE6_TYPE_OFFSET		OFFSET_SHIFT	6	6	923
D	RTL8367D_PORT2_QUEUE6_TYPE_MASK		MASK	0x40	64	924
D	RTL8367D_PORT2_QUEUE5_TYPE_OFFSET		OFFSET_SHIFT	5	5	925
D	RTL8367D_PORT2_QUEUE5_TYPE_MASK		MASK	0x20	32	926
D	RTL8367D_PORT2_QUEUE4_TYPE_OFFSET		OFFSET_SHIFT	4	4	927
D	RTL8367D_PORT2_QUEUE4_TYPE_MASK		MASK	0x10	16	928
D	RTL8367D_PORT2_QUEUE3_TYPE_OFFSET		OFFSET_SHIFT	3	3	929
D	RTL8367D_PORT2_QUEUE3_TYPE_MASK		MASK	0x8	8	930
D	RTL8367D_PORT2_QUEUE2_TYPE_OFFSET		OFFSET_SHIFT	2	2	931
D	RTL8367D_PORT2_QUEUE2_TYPE_MASK		MASK	0x4	4	932
D	RTL8367D_PORT2_QUEUE1_TYPE_OFFSET		OFFSET_SHIFT	1	1	933
D	RTL8367D_PORT2_QUEUE1_TYPE_MASK		MASK	0x2	2	934
D	RTL8367D_PORT2_QUEUE0_TYPE_OFFSET		OFFSET_SHIFT	0	0	935
D	RTL8367D_PORT2_QUEUE0_TYPE_MASK		MASK	0x1	1	936
D	RTL8367D_REG_SCHEDULE_QUEUE_TYPE_CTRL2		REGISTER	0x0304	772	938
D	RTL8367D_PORT5_QUEUE7_TYPE_OFFSET		OFFSET_SHIFT	15	15	939
D	RTL8367D_PORT5_QUEUE7_TYPE_MASK		MASK	0x8000	32768	940
D	RTL8367D_PORT5_QUEUE6_TYPE_OFFSET		OFFSET_SHIFT	14	14	941
D	RTL8367D_PORT5_QUEUE6_TYPE_MASK		MASK	0x4000	16384	942
D	RTL8367D_PORT5_QUEUE5_TYPE_OFFSET		OFFSET_SHIFT	13	13	943
D	RTL8367D_PORT5_QUEUE5_TYPE_MASK		MASK	0x2000	8192	944
D	RTL8367D_PORT5_QUEUE4_TYPE_OFFSET		OFFSET_SHIFT	12	12	945
D	RTL8367D_PORT5_QUEUE4_TYPE_MASK		MASK	0x1000	4096	946
D	RTL8367D_PORT5_QUEUE3_TYPE_OFFSET		OFFSET_SHIFT	11	11	947
D	RTL8367D_PORT5_QUEUE3_TYPE_MASK		MASK	0x800	2048	948
D	RTL8367D_PORT5_QUEUE2_TYPE_OFFSET		OFFSET_SHIFT	10	10	949
D	RTL8367D_PORT5_QUEUE2_TYPE_MASK		MASK	0x400	1024	950
D	RTL8367D_PORT5_QUEUE1_TYPE_OFFSET		OFFSET_SHIFT	9	9	951
D	RTL8367D_PORT5_QUEUE1_TYPE_MASK		MASK	0x200	512	952
D	RTL8367D_PORT5_QUEUE0_TYPE_OFFSET		OFFSET_SHIFT	8	8	953
D	RTL8367D_PORT5_QUEUE0_TYPE_MASK		MASK	0x100	256	954
D	RTL8367D_PORT4_QUEUE7_TYPE_OFFSET		OFFSET_SHIFT	7	7	955
D	RTL8367D_PORT4_QUEUE7_TYPE_MASK		MASK	0x80	128	956
D	RTL8367D_PORT4_QUEUE6_TYPE_OFFSET		OFFSET_SHIFT	6	6	957
D	RTL8367D_PORT4_QUEUE6_TYPE_MASK		MASK	0x40	64	958
D	RTL8367D_PORT4_QUEUE5_TYPE_OFFSET		OFFSET_SHIFT	5	5	959
D	RTL8367D_PORT4_QUEUE5_TYPE_MASK		MASK	0x20	32	960
D	RTL8367D_PORT4_QUEUE4_TYPE_OFFSET		OFFSET_SHIFT	4	4	961
D	RTL8367D_PORT4_QUEUE4_TYPE_MASK		MASK	0x10	16	962
D	RTL8367D_PORT4_QUEUE3_TYPE_OFFSET		OFFSET_SHIFT	3	3	963
D	RTL8367D_PORT4_QUEUE3_TYPE_MASK		MASK	0x8	8	964
D	RTL8367D_PORT4_QUEUE2_TYPE_OFFSET		OFFSET_SHIFT	2	2	965
D	RTL8367D_PORT4_QUEUE2_TYPE_MASK		MASK	0x4	4	966
D	RTL8367D_PORT4_QUEUE1_TYPE_OFFSET		OFFSET_SHIFT	1	1	967
D	RTL8367D_PORT4_QUEUE1_TYPE_MASK		MASK	0x2	2	968
D	RTL8367D_PORT4_QUEUE0_TYPE_OFFSET		OFFSET_SHIFT	0	0	969
D	RTL8367D_PORT4_QUEUE0_TYPE_MASK		MASK	0x1	1	970
D	RTL8367D_REG_SCHEDULE_QUEUE_TYPE_CTRL3		REGISTER	0x0305	773	972
D	RTL8367D_PORT7_QUEUE7_TYPE_OFFSET		OFFSET_SHIFT	15	15	973
D	RTL8367D_PORT7_QUEUE7_TYPE_MASK		MASK	0x8000	32768	974
D	RTL8367D_PORT7_QUEUE6_TYPE_OFFSET		OFFSET_SHIFT	14	14	975
D	RTL8367D_PORT7_QUEUE6_TYPE_MASK		MASK	0x4000	16384	976
D	RTL8367D_PORT7_QUEUE5_TYPE_OFFSET		OFFSET_SHIFT	13	13	977
D	RTL8367D_PORT7_QUEUE5_TYPE_MASK		MASK	0x2000	8192	978
D	RTL8367D_PORT7_QUEUE4_TYPE_OFFSET		OFFSET_SHIFT	12	12	979
D	RTL8367D_PORT7_QUEUE4_TYPE_MASK		MASK	0x1000	4096	980
D	RTL8367D_PORT7_QUEUE3_TYPE_OFFSET		OFFSET_SHIFT	11	11	981
D	RTL8367D_PORT7_QUEUE3_TYPE_MASK		MASK	0x800	2048	982
D	RTL8367D_PORT7_QUEUE2_TYPE_OFFSET		OFFSET_SHIFT	10	10	983
D	RTL8367D_PORT7_QUEUE2_TYPE_MASK		MASK	0x400	1024	984
D	RTL8367D_PORT7_QUEUE1_TYPE_OFFSET		OFFSET_SHIFT	9	9	985
D	RTL8367D_PORT7_QUEUE1_TYPE_MASK		MASK	0x200	512	986
D	RTL8367D_PORT7_QUEUE0_TYPE_OFFSET		OFFSET_SHIFT	8	8	987
D	RTL8367D_PORT7_QUEUE0_TYPE_MASK		MASK	0x100	256	988
D	RTL8367D_PORT6_QUEUE7_TYPE_OFFSET		OFFSET_SHIFT	7	7	989
D	RTL8367D_PORT6_QUEUE7_TYPE_MASK		MASK	0x80	128	990
D	RTL8367D_PORT6_QUEUE6_TYPE_OFFSET		OFFSET_SHIFT	6	6	991
D	RTL8367D_PORT6_QUEUE6_TYPE_MASK		MASK	0x40	64	992
D	RTL8367D_PORT6_QUEUE5_TYPE_OFFSET		OFFSET_SHIFT	5	5	993
D	RTL8367D_PORT6_QUEUE5_TYPE_MASK		MASK	0x20	32	994
D	RTL8367D_PORT6_QUEUE4_TYPE_OFFSET		OFFSET_SHIFT	4	4	995
D	RTL8367D_PORT6_QUEUE4_TYPE_MASK		MASK	0x10	16	996
D	RTL8367D_PORT6_QUEUE3_TYPE_OFFSET		OFFSET_SHIFT	3	3	997
D	RTL8367D_PORT6_QUEUE3_TYPE_MASK		MASK	0x8	8	998
D	RTL8367D_PORT6_QUEUE2_TYPE_OFFSET		OFFSET_SHIFT	2	2	999
D	RTL8367D_PORT6_QUEUE2_TYPE_MASK		MASK	0x4	4	1000
D	RTL8367D_PORT6_QUEUE1_TYPE_OFFSET		OFFSET_SHIFT	1	1	1001
D	RTL8367D_PORT6_QUEUE1_TYPE_MASK		MASK	0x2	2	1002
D	RTL8367D_PORT6_QUEUE0_TYPE_OFFSET		OFFSET_SHIFT	0	0	1003
D	RTL8367D_PORT6_QUEUE0_TYPE_MASK		MASK	0x1	1	1004
D	RTL8367D_REG_SCHEDULE_APR_CTRL0		REGISTER	0x030a	778	1006
D	RTL8367D_PORT7_APR_ENABLE_OFFSET		OFFSET_SHIFT	7	7	1007
D	RTL8367D_PORT7_APR_ENABLE_MASK		MASK	0x80	128	1008
D	RTL8367D_PORT6_APR_ENABLE_OFFSET		OFFSET_SHIFT	6	6	1009
D	RTL8367D_PORT6_APR_ENABLE_MASK		MASK	0x40	64	1010
D	RTL8367D_PORT5_APR_ENABLE_OFFSET		OFFSET_SHIFT	5	5	1011
D	RTL8367D_PORT5_APR_ENABLE_MASK		MASK	0x20	32	1012
D	RTL8367D_PORT4_APR_ENABLE_OFFSET		OFFSET_SHIFT	4	4	1013
D	RTL8367D_PORT4_APR_ENABLE_MASK		MASK	0x10	16	1014
D	RTL8367D_PORT3_APR_ENABLE_OFFSET		OFFSET_SHIFT	3	3	1015
D	RTL8367D_PORT3_APR_ENABLE_MASK		MASK	0x8	8	1016
D	RTL8367D_PORT2_APR_ENABLE_OFFSET		OFFSET_SHIFT	2	2	1017
D	RTL8367D_PORT2_APR_ENABLE_MASK		MASK	0x4	4	1018
D	RTL8367D_PORT1_APR_ENABLE_OFFSET		OFFSET_SHIFT	1	1	1019
D	RTL8367D_PORT1_APR_ENABLE_MASK		MASK	0x2	2	1020
D	RTL8367D_PORT0_APR_ENABLE_OFFSET		OFFSET_SHIFT	0	0	1021
D	RTL8367D_PORT0_APR_ENABLE_MASK		MASK	0x1	1	1022
D	RTL8367D_REG_SCHEDULE_PORT0_QUEUE0_WFQ_WEIGHT		REGISTER	0x030c	780	1024
D	RTL8367D_REG_SCHEDULE_PORT0_QUEUE1_WFQ_WEIGHT		REGISTER	0x030d	781	1026
D	RTL8367D_SCHEDULE_PORT0_QUEUE1_WFQ_WEIGHT_OFFSET		OFFSET_SHIFT	0	0	1027
D	RTL8367D_SCHEDULE_PORT0_QUEUE1_WFQ_WEIGHT_MASK		MASK	0x7F	127	1028
D	RTL8367D_REG_SCHEDULE_PORT0_QUEUE2_WFQ_WEIGHT		REGISTER	0x030e	782	1030
D	RTL8367D_SCHEDULE_PORT0_QUEUE2_WFQ_WEIGHT_OFFSET		OFFSET_SHIFT	0	0	1031
D	RTL8367D_SCHEDULE_PORT0_QUEUE2_WFQ_WEIGHT_MASK		MASK	0x7F	127	1032
D	RTL8367D_REG_SCHEDULE_PORT0_QUEUE3_WFQ_WEIGHT		REGISTER	0x030f	783	1034
D	RTL8367D_SCHEDULE_PORT0_QUEUE3_WFQ_WEIGHT_OFFSET		OFFSET_SHIFT	0	0	1035
D	RTL8367D_SCHEDULE_PORT0_QUEUE3_WFQ_WEIGHT_MASK		MASK	0x7F	127	1036
D	RTL8367D_REG_SCHEDULE_PORT0_QUEUE4_WFQ_WEIGHT		REGISTER	0x0310	784	1038
D	RTL8367D_SCHEDULE_PORT0_QUEUE4_WFQ_WEIGHT_OFFSET		OFFSET_SHIFT	0	0	1039
D	RTL8367D_SCHEDULE_PORT0_QUEUE4_WFQ_WEIGHT_MASK		MASK	0x7F	127	1040
D	RTL8367D_REG_SCHEDULE_PORT0_QUEUE5_WFQ_WEIGHT		REGISTER	0x0311	785	1042
D	RTL8367D_SCHEDULE_PORT0_QUEUE5_WFQ_WEIGHT_OFFSET		OFFSET_SHIFT	0	0	1043
D	RTL8367D_SCHEDULE_PORT0_QUEUE5_WFQ_WEIGHT_MASK		MASK	0x7F	127	1044
D	RTL8367D_REG_SCHEDULE_PORT0_QUEUE6_WFQ_WEIGHT		REGISTER	0x0312	786	1046
D	RTL8367D_SCHEDULE_PORT0_QUEUE6_WFQ_WEIGHT_OFFSET		OFFSET_SHIFT	0	0	1047
D	RTL8367D_SCHEDULE_PORT0_QUEUE6_WFQ_WEIGHT_MASK		MASK	0x7F	127	1048
D	RTL8367D_REG_SCHEDULE_PORT0_QUEUE7_WFQ_WEIGHT		REGISTER	0x0313	787	1050
D	RTL8367D_SCHEDULE_PORT0_QUEUE7_WFQ_WEIGHT_OFFSET		OFFSET_SHIFT	0	0	1051
D	RTL8367D_SCHEDULE_PORT0_QUEUE7_WFQ_WEIGHT_MASK		MASK	0x7F	127	1052
D	RTL8367D_REG_SCHEDULE_PORT1_QUEUE0_WFQ_WEIGHT		REGISTER	0x0314	788	1054
D	RTL8367D_REG_SCHEDULE_PORT1_QUEUE1_WFQ_WEIGHT		REGISTER	0x0315	789	1056
D	RTL8367D_SCHEDULE_PORT1_QUEUE1_WFQ_WEIGHT_OFFSET		OFFSET_SHIFT	0	0	1057
D	RTL8367D_SCHEDULE_PORT1_QUEUE1_WFQ_WEIGHT_MASK		MASK	0x7F	127	1058
D	RTL8367D_REG_SCHEDULE_PORT1_QUEUE2_WFQ_WEIGHT		REGISTER	0x0316	790	1060
D	RTL8367D_SCHEDULE_PORT1_QUEUE2_WFQ_WEIGHT_OFFSET		OFFSET_SHIFT	0	0	1061
D	RTL8367D_SCHEDULE_PORT1_QUEUE2_WFQ_WEIGHT_MASK		MASK	0x7F	127	1062
D	RTL8367D_REG_SCHEDULE_PORT1_QUEUE3_WFQ_WEIGHT		REGISTER	0x0317	791	1064
D	RTL8367D_SCHEDULE_PORT1_QUEUE3_WFQ_WEIGHT_OFFSET		OFFSET_SHIFT	0	0	1065
D	RTL8367D_SCHEDULE_PORT1_QUEUE3_WFQ_WEIGHT_MASK		MASK	0x7F	127	1066
D	RTL8367D_REG_SCHEDULE_PORT1_QUEUE4_WFQ_WEIGHT		REGISTER	0x0318	792	1068
D	RTL8367D_SCHEDULE_PORT1_QUEUE4_WFQ_WEIGHT_OFFSET		OFFSET_SHIFT	0	0	1069
D	RTL8367D_SCHEDULE_PORT1_QUEUE4_WFQ_WEIGHT_MASK		MASK	0x7F	127	1070
D	RTL8367D_REG_SCHEDULE_PORT1_QUEUE5_WFQ_WEIGHT		REGISTER	0x0319	793	1072
D	RTL8367D_SCHEDULE_PORT1_QUEUE5_WFQ_WEIGHT_OFFSET		OFFSET_SHIFT	0	0	1073
D	RTL8367D_SCHEDULE_PORT1_QUEUE5_WFQ_WEIGHT_MASK		MASK	0x7F	127	1074
D	RTL8367D_REG_SCHEDULE_PORT1_QUEUE6_WFQ_WEIGHT		REGISTER	0x031a	794	1076
D	RTL8367D_SCHEDULE_PORT1_QUEUE6_WFQ_WEIGHT_OFFSET		OFFSET_SHIFT	0	0	1077
D	RTL8367D_SCHEDULE_PORT1_QUEUE6_WFQ_WEIGHT_MASK		MASK	0x7F	127	1078
D	RTL8367D_REG_SCHEDULE_PORT1_QUEUE7_WFQ_WEIGHT		REGISTER	0x031b	795	1080
D	RTL8367D_SCHEDULE_PORT1_QUEUE7_WFQ_WEIGHT_OFFSET		OFFSET_SHIFT	0	0	1081
D	RTL8367D_SCHEDULE_PORT1_QUEUE7_WFQ_WEIGHT_MASK		MASK	0x7F	127	1082
D	RTL8367D_REG_SCHEDULE_PORT2_QUEUE0_WFQ_WEIGHT		REGISTER	0x031c	796	1084
D	RTL8367D_REG_SCHEDULE_PORT2_QUEUE1_WFQ_WEIGHT		REGISTER	0x031d	797	1086
D	RTL8367D_SCHEDULE_PORT2_QUEUE1_WFQ_WEIGHT_OFFSET		OFFSET_SHIFT	0	0	1087
D	RTL8367D_SCHEDULE_PORT2_QUEUE1_WFQ_WEIGHT_MASK		MASK	0x7F	127	1088
D	RTL8367D_REG_SCHEDULE_PORT2_QUEUE2_WFQ_WEIGHT		REGISTER	0x031e	798	1090
D	RTL8367D_SCHEDULE_PORT2_QUEUE2_WFQ_WEIGHT_OFFSET		OFFSET_SHIFT	0	0	1091
D	RTL8367D_SCHEDULE_PORT2_QUEUE2_WFQ_WEIGHT_MASK		MASK	0x7F	127	1092
D	RTL8367D_REG_SCHEDULE_PORT2_QUEUE3_WFQ_WEIGHT		REGISTER	0x031f	799	1094
D	RTL8367D_SCHEDULE_PORT2_QUEUE3_WFQ_WEIGHT_OFFSET		OFFSET_SHIFT	0	0	1095
D	RTL8367D_SCHEDULE_PORT2_QUEUE3_WFQ_WEIGHT_MASK		MASK	0x7F	127	1096
D	RTL8367D_REG_SCHEDULE_PORT2_QUEUE4_WFQ_WEIGHT		REGISTER	0x0320	800	1098
D	RTL8367D_SCHEDULE_PORT2_QUEUE4_WFQ_WEIGHT_OFFSET		OFFSET_SHIFT	0	0	1099
D	RTL8367D_SCHEDULE_PORT2_QUEUE4_WFQ_WEIGHT_MASK		MASK	0x7F	127	1100
D	RTL8367D_REG_SCHEDULE_PORT2_QUEUE5_WFQ_WEIGHT		REGISTER	0x0321	801	1102
D	RTL8367D_SCHEDULE_PORT2_QUEUE5_WFQ_WEIGHT_OFFSET		OFFSET_SHIFT	0	0	1103
D	RTL8367D_SCHEDULE_PORT2_QUEUE5_WFQ_WEIGHT_MASK		MASK	0x7F	127	1104
D	RTL8367D_REG_SCHEDULE_PORT2_QUEUE6_WFQ_WEIGHT		REGISTER	0x0322	802	1106
D	RTL8367D_SCHEDULE_PORT2_QUEUE6_WFQ_WEIGHT_OFFSET		OFFSET_SHIFT	0	0	1107
D	RTL8367D_SCHEDULE_PORT2_QUEUE6_WFQ_WEIGHT_MASK		MASK	0x7F	127	1108
D	RTL8367D_REG_SCHEDULE_PORT2_QUEUE7_WFQ_WEIGHT		REGISTER	0x0323	803	1110
D	RTL8367D_SCHEDULE_PORT2_QUEUE7_WFQ_WEIGHT_OFFSET		OFFSET_SHIFT	0	0	1111
D	RTL8367D_SCHEDULE_PORT2_QUEUE7_WFQ_WEIGHT_MASK		MASK	0x7F	127	1112
D	RTL8367D_REG_SCHEDULE_PORT3_QUEUE0_WFQ_WEIGHT		REGISTER	0x0324	804	1114
D	RTL8367D_REG_SCHEDULE_PORT3_QUEUE1_WFQ_WEIGHT		REGISTER	0x0325	805	1116
D	RTL8367D_SCHEDULE_PORT3_QUEUE1_WFQ_WEIGHT_OFFSET		OFFSET_SHIFT	0	0	1117
D	RTL8367D_SCHEDULE_PORT3_QUEUE1_WFQ_WEIGHT_MASK		MASK	0x7F	127	1118
D	RTL8367D_REG_SCHEDULE_PORT3_QUEUE2_WFQ_WEIGHT		REGISTER	0x0326	806	1120
D	RTL8367D_SCHEDULE_PORT3_QUEUE2_WFQ_WEIGHT_OFFSET		OFFSET_SHIFT	0	0	1121
D	RTL8367D_SCHEDULE_PORT3_QUEUE2_WFQ_WEIGHT_MASK		MASK	0x7F	127	1122
D	RTL8367D_REG_SCHEDULE_PORT3_QUEUE3_WFQ_WEIGHT		REGISTER	0x0327	807	1124
D	RTL8367D_SCHEDULE_PORT3_QUEUE3_WFQ_WEIGHT_OFFSET		OFFSET_SHIFT	0	0	1125
D	RTL8367D_SCHEDULE_PORT3_QUEUE3_WFQ_WEIGHT_MASK		MASK	0x7F	127	1126
D	RTL8367D_REG_SCHEDULE_PORT3_QUEUE4_WFQ_WEIGHT		REGISTER	0x0328	808	1128
D	RTL8367D_SCHEDULE_PORT3_QUEUE4_WFQ_WEIGHT_OFFSET		OFFSET_SHIFT	0	0	1129
D	RTL8367D_SCHEDULE_PORT3_QUEUE4_WFQ_WEIGHT_MASK		MASK	0x7F	127	1130
D	RTL8367D_REG_SCHEDULE_PORT3_QUEUE5_WFQ_WEIGHT		REGISTER	0x0329	809	1132
D	RTL8367D_SCHEDULE_PORT3_QUEUE5_WFQ_WEIGHT_OFFSET		OFFSET_SHIFT	0	0	1133
D	RTL8367D_SCHEDULE_PORT3_QUEUE5_WFQ_WEIGHT_MASK		MASK	0x7F	127	1134
D	RTL8367D_REG_SCHEDULE_PORT3_QUEUE6_WFQ_WEIGHT		REGISTER	0x032a	810	1136
D	RTL8367D_SCHEDULE_PORT3_QUEUE6_WFQ_WEIGHT_OFFSET		OFFSET_SHIFT	0	0	1137
D	RTL8367D_SCHEDULE_PORT3_QUEUE6_WFQ_WEIGHT_MASK		MASK	0x7F	127	1138
D	RTL8367D_REG_SCHEDULE_PORT3_QUEUE7_WFQ_WEIGHT		REGISTER	0x032b	811	1140
D	RTL8367D_SCHEDULE_PORT3_QUEUE7_WFQ_WEIGHT_OFFSET		OFFSET_SHIFT	0	0	1141
D	RTL8367D_SCHEDULE_PORT3_QUEUE7_WFQ_WEIGHT_MASK		MASK	0x7F	127	1142
D	RTL8367D_REG_SCHEDULE_PORT4_QUEUE0_WFQ_WEIGHT		REGISTER	0x032c	812	1144
D	RTL8367D_REG_SCHEDULE_PORT4_QUEUE1_WFQ_WEIGHT		REGISTER	0x032d	813	1146
D	RTL8367D_SCHEDULE_PORT4_QUEUE1_WFQ_WEIGHT_OFFSET		OFFSET_SHIFT	0	0	1147
D	RTL8367D_SCHEDULE_PORT4_QUEUE1_WFQ_WEIGHT_MASK		MASK	0x7F	127	1148
D	RTL8367D_REG_SCHEDULE_PORT4_QUEUE2_WFQ_WEIGHT		REGISTER	0x032e	814	1150
D	RTL8367D_SCHEDULE_PORT4_QUEUE2_WFQ_WEIGHT_OFFSET		OFFSET_SHIFT	0	0	1151
D	RTL8367D_SCHEDULE_PORT4_QUEUE2_WFQ_WEIGHT_MASK		MASK	0x7F	127	1152
D	RTL8367D_REG_SCHEDULE_PORT4_QUEUE3_WFQ_WEIGHT		REGISTER	0x032f	815	1154
D	RTL8367D_SCHEDULE_PORT4_QUEUE3_WFQ_WEIGHT_OFFSET		OFFSET_SHIFT	0	0	1155
D	RTL8367D_SCHEDULE_PORT4_QUEUE3_WFQ_WEIGHT_MASK		MASK	0x7F	127	1156
D	RTL8367D_REG_SCHEDULE_PORT4_QUEUE4_WFQ_WEIGHT		REGISTER	0x0330	816	1158
D	RTL8367D_SCHEDULE_PORT4_QUEUE4_WFQ_WEIGHT_OFFSET		OFFSET_SHIFT	0	0	1159
D	RTL8367D_SCHEDULE_PORT4_QUEUE4_WFQ_WEIGHT_MASK		MASK	0x7F	127	1160
D	RTL8367D_REG_SCHEDULE_PORT4_QUEUE5_WFQ_WEIGHT		REGISTER	0x0331	817	1162
D	RTL8367D_SCHEDULE_PORT4_QUEUE5_WFQ_WEIGHT_OFFSET		OFFSET_SHIFT	0	0	1163
D	RTL8367D_SCHEDULE_PORT4_QUEUE5_WFQ_WEIGHT_MASK		MASK	0x7F	127	1164
D	RTL8367D_REG_SCHEDULE_PORT4_QUEUE6_WFQ_WEIGHT		REGISTER	0x0332	818	1166
D	RTL8367D_SCHEDULE_PORT4_QUEUE6_WFQ_WEIGHT_OFFSET		OFFSET_SHIFT	0	0	1167
D	RTL8367D_SCHEDULE_PORT4_QUEUE6_WFQ_WEIGHT_MASK		MASK	0x7F	127	1168
D	RTL8367D_REG_SCHEDULE_PORT4_QUEUE7_WFQ_WEIGHT		REGISTER	0x0333	819	1170
D	RTL8367D_SCHEDULE_PORT4_QUEUE7_WFQ_WEIGHT_OFFSET		OFFSET_SHIFT	0	0	1171
D	RTL8367D_SCHEDULE_PORT4_QUEUE7_WFQ_WEIGHT_MASK		MASK	0x7F	127	1172
D	RTL8367D_REG_SCHEDULE_PORT5_QUEUE0_WFQ_WEIGHT		REGISTER	0x0334	820	1174
D	RTL8367D_REG_SCHEDULE_PORT5_QUEUE1_WFQ_WEIGHT		REGISTER	0x0335	821	1176
D	RTL8367D_SCHEDULE_PORT5_QUEUE1_WFQ_WEIGHT_OFFSET		OFFSET_SHIFT	0	0	1177
D	RTL8367D_SCHEDULE_PORT5_QUEUE1_WFQ_WEIGHT_MASK		MASK	0x7F	127	1178
D	RTL8367D_REG_SCHEDULE_PORT5_QUEUE2_WFQ_WEIGHT		REGISTER	0x0336	822	1180
D	RTL8367D_SCHEDULE_PORT5_QUEUE2_WFQ_WEIGHT_OFFSET		OFFSET_SHIFT	0	0	1181
D	RTL8367D_SCHEDULE_PORT5_QUEUE2_WFQ_WEIGHT_MASK		MASK	0x7F	127	1182
D	RTL8367D_REG_SCHEDULE_PORT5_QUEUE3_WFQ_WEIGHT		REGISTER	0x0337	823	1184
D	RTL8367D_SCHEDULE_PORT5_QUEUE3_WFQ_WEIGHT_OFFSET		OFFSET_SHIFT	0	0	1185
D	RTL8367D_SCHEDULE_PORT5_QUEUE3_WFQ_WEIGHT_MASK		MASK	0x7F	127	1186
D	RTL8367D_REG_SCHEDULE_PORT5_QUEUE4_WFQ_WEIGHT		REGISTER	0x0338	824	1188
D	RTL8367D_SCHEDULE_PORT5_QUEUE4_WFQ_WEIGHT_OFFSET		OFFSET_SHIFT	0	0	1189
D	RTL8367D_SCHEDULE_PORT5_QUEUE4_WFQ_WEIGHT_MASK		MASK	0x7F	127	1190
D	RTL8367D_REG_SCHEDULE_PORT5_QUEUE5_WFQ_WEIGHT		REGISTER	0x0339	825	1192
D	RTL8367D_SCHEDULE_PORT5_QUEUE5_WFQ_WEIGHT_OFFSET		OFFSET_SHIFT	0	0	1193
D	RTL8367D_SCHEDULE_PORT5_QUEUE5_WFQ_WEIGHT_MASK		MASK	0x7F	127	1194
D	RTL8367D_REG_SCHEDULE_PORT5_QUEUE6_WFQ_WEIGHT		REGISTER	0x033a	826	1196
D	RTL8367D_SCHEDULE_PORT5_QUEUE6_WFQ_WEIGHT_OFFSET		OFFSET_SHIFT	0	0	1197
D	RTL8367D_SCHEDULE_PORT5_QUEUE6_WFQ_WEIGHT_MASK		MASK	0x7F	127	1198
D	RTL8367D_REG_SCHEDULE_PORT5_QUEUE7_WFQ_WEIGHT		REGISTER	0x033b	827	1200
D	RTL8367D_SCHEDULE_PORT5_QUEUE7_WFQ_WEIGHT_OFFSET		OFFSET_SHIFT	0	0	1201
D	RTL8367D_SCHEDULE_PORT5_QUEUE7_WFQ_WEIGHT_MASK		MASK	0x7F	127	1202
D	RTL8367D_REG_SCHEDULE_PORT6_QUEUE0_WFQ_WEIGHT		REGISTER	0x033c	828	1204
D	RTL8367D_REG_SCHEDULE_PORT6_QUEUE1_WFQ_WEIGHT		REGISTER	0x033d	829	1206
D	RTL8367D_SCHEDULE_PORT6_QUEUE1_WFQ_WEIGHT_OFFSET		OFFSET_SHIFT	0	0	1207
D	RTL8367D_SCHEDULE_PORT6_QUEUE1_WFQ_WEIGHT_MASK		MASK	0x7F	127	1208
D	RTL8367D_REG_SCHEDULE_PORT6_QUEUE2_WFQ_WEIGHT		REGISTER	0x033e	830	1210
D	RTL8367D_SCHEDULE_PORT6_QUEUE2_WFQ_WEIGHT_OFFSET		OFFSET_SHIFT	0	0	1211
D	RTL8367D_SCHEDULE_PORT6_QUEUE2_WFQ_WEIGHT_MASK		MASK	0x7F	127	1212
D	RTL8367D_REG_SCHEDULE_PORT6_QUEUE3_WFQ_WEIGHT		REGISTER	0x033f	831	1214
D	RTL8367D_SCHEDULE_PORT6_QUEUE3_WFQ_WEIGHT_OFFSET		OFFSET_SHIFT	0	0	1215
D	RTL8367D_SCHEDULE_PORT6_QUEUE3_WFQ_WEIGHT_MASK		MASK	0x7F	127	1216
D	RTL8367D_REG_SCHEDULE_PORT6_QUEUE4_WFQ_WEIGHT		REGISTER	0x0340	832	1218
D	RTL8367D_SCHEDULE_PORT6_QUEUE4_WFQ_WEIGHT_OFFSET		OFFSET_SHIFT	0	0	1219
D	RTL8367D_SCHEDULE_PORT6_QUEUE4_WFQ_WEIGHT_MASK		MASK	0x7F	127	1220
D	RTL8367D_REG_SCHEDULE_PORT6_QUEUE5_WFQ_WEIGHT		REGISTER	0x0341	833	1222
D	RTL8367D_SCHEDULE_PORT6_QUEUE5_WFQ_WEIGHT_OFFSET		OFFSET_SHIFT	0	0	1223
D	RTL8367D_SCHEDULE_PORT6_QUEUE5_WFQ_WEIGHT_MASK		MASK	0x7F	127	1224
D	RTL8367D_REG_SCHEDULE_PORT6_QUEUE6_WFQ_WEIGHT		REGISTER	0x0342	834	1226
D	RTL8367D_SCHEDULE_PORT6_QUEUE6_WFQ_WEIGHT_OFFSET		OFFSET_SHIFT	0	0	1227
D	RTL8367D_SCHEDULE_PORT6_QUEUE6_WFQ_WEIGHT_MASK		MASK	0x7F	127	1228
D	RTL8367D_REG_SCHEDULE_PORT6_QUEUE7_WFQ_WEIGHT		REGISTER	0x0343	835	1230
D	RTL8367D_SCHEDULE_PORT6_QUEUE7_WFQ_WEIGHT_OFFSET		OFFSET_SHIFT	0	0	1231
D	RTL8367D_SCHEDULE_PORT6_QUEUE7_WFQ_WEIGHT_MASK		MASK	0x7F	127	1232
D	RTL8367D_REG_SCHEDULE_PORT7_QUEUE0_WFQ_WEIGHT		REGISTER	0x0344	836	1234
D	RTL8367D_REG_SCHEDULE_PORT7_QUEUE1_WFQ_WEIGHT		REGISTER	0x0345	837	1236
D	RTL8367D_SCHEDULE_PORT7_QUEUE1_WFQ_WEIGHT_OFFSET		OFFSET_SHIFT	0	0	1237
D	RTL8367D_SCHEDULE_PORT7_QUEUE1_WFQ_WEIGHT_MASK		MASK	0x7F	127	1238
D	RTL8367D_REG_SCHEDULE_PORT7_QUEUE2_WFQ_WEIGHT		REGISTER	0x0346	838	1240
D	RTL8367D_SCHEDULE_PORT7_QUEUE2_WFQ_WEIGHT_OFFSET		OFFSET_SHIFT	0	0	1241
D	RTL8367D_SCHEDULE_PORT7_QUEUE2_WFQ_WEIGHT_MASK		MASK	0x7F	127	1242
D	RTL8367D_REG_SCHEDULE_PORT7_QUEUE3_WFQ_WEIGHT		REGISTER	0x0347	839	1244
D	RTL8367D_SCHEDULE_PORT7_QUEUE3_WFQ_WEIGHT_OFFSET		OFFSET_SHIFT	0	0	1245
D	RTL8367D_SCHEDULE_PORT7_QUEUE3_WFQ_WEIGHT_MASK		MASK	0x7F	127	1246
D	RTL8367D_REG_SCHEDULE_PORT7_QUEUE4_WFQ_WEIGHT		REGISTER	0x0348	840	1248
D	RTL8367D_SCHEDULE_PORT7_QUEUE4_WFQ_WEIGHT_OFFSET		OFFSET_SHIFT	0	0	1249
D	RTL8367D_SCHEDULE_PORT7_QUEUE4_WFQ_WEIGHT_MASK		MASK	0x7F	127	1250
D	RTL8367D_REG_SCHEDULE_PORT7_QUEUE5_WFQ_WEIGHT		REGISTER	0x0349	841	1252
D	RTL8367D_SCHEDULE_PORT7_QUEUE5_WFQ_WEIGHT_OFFSET		OFFSET_SHIFT	0	0	1253
D	RTL8367D_SCHEDULE_PORT7_QUEUE5_WFQ_WEIGHT_MASK		MASK	0x7F	127	1254
D	RTL8367D_REG_SCHEDULE_PORT7_QUEUE6_WFQ_WEIGHT		REGISTER	0x034a	842	1256
D	RTL8367D_SCHEDULE_PORT7_QUEUE6_WFQ_WEIGHT_OFFSET		OFFSET_SHIFT	0	0	1257
D	RTL8367D_SCHEDULE_PORT7_QUEUE6_WFQ_WEIGHT_MASK		MASK	0x7F	127	1258
D	RTL8367D_REG_SCHEDULE_PORT7_QUEUE7_WFQ_WEIGHT		REGISTER	0x034b	843	1260
D	RTL8367D_SCHEDULE_PORT7_QUEUE7_WFQ_WEIGHT_OFFSET		OFFSET_SHIFT	0	0	1261
D	RTL8367D_SCHEDULE_PORT7_QUEUE7_WFQ_WEIGHT_MASK		MASK	0x7F	127	1262
D	RTL8367D_REG_PORT0_EGRESSBW_CTRL0		REGISTER	0x038c	908	1264
D	RTL8367D_REG_PORT0_EGRESSBW_CTRL1		REGISTER	0x038d	909	1266
D	RTL8367D_PORT0_EGRESSBW_CTRL1_OFFSET		OFFSET_SHIFT	0	0	1267
D	RTL8367D_PORT0_EGRESSBW_CTRL1_MASK		MASK	0x1	1	1268
D	RTL8367D_REG_PORT1_EGRESSBW_CTRL0		REGISTER	0x038e	910	1270
D	RTL8367D_REG_PORT1_EGRESSBW_CTRL1		REGISTER	0x038f	911	1272
D	RTL8367D_PORT1_EGRESSBW_CTRL1_OFFSET		OFFSET_SHIFT	0	0	1273
D	RTL8367D_PORT1_EGRESSBW_CTRL1_MASK		MASK	0x1	1	1274
D	RTL8367D_REG_PORT2_EGRESSBW_CTRL0		REGISTER	0x0390	912	1276
D	RTL8367D_REG_PORT2_EGRESSBW_CTRL1		REGISTER	0x0391	913	1278
D	RTL8367D_PORT2_EGRESSBW_CTRL1_OFFSET		OFFSET_SHIFT	0	0	1279
D	RTL8367D_PORT2_EGRESSBW_CTRL1_MASK		MASK	0x1	1	1280
D	RTL8367D_REG_PORT3_EGRESSBW_CTRL0		REGISTER	0x0392	914	1282
D	RTL8367D_REG_PORT3_EGRESSBW_CTRL1		REGISTER	0x0393	915	1284
D	RTL8367D_PORT3_EGRESSBW_CTRL1_OFFSET		OFFSET_SHIFT	0	0	1285
D	RTL8367D_PORT3_EGRESSBW_CTRL1_MASK		MASK	0x1	1	1286
D	RTL8367D_REG_PORT4_EGRESSBW_CTRL0		REGISTER	0x0394	916	1288
D	RTL8367D_REG_PORT4_EGRESSBW_CTRL1		REGISTER	0x0395	917	1290
D	RTL8367D_PORT4_EGRESSBW_CTRL1_OFFSET		OFFSET_SHIFT	0	0	1291
D	RTL8367D_PORT4_EGRESSBW_CTRL1_MASK		MASK	0x1	1	1292
D	RTL8367D_REG_PORT5_EGRESSBW_CTRL0		REGISTER	0x0396	918	1294
D	RTL8367D_REG_PORT5_EGRESSBW_CTRL1		REGISTER	0x0397	919	1296
D	RTL8367D_PORT5_EGRESSBW_CTRL1_OFFSET		OFFSET_SHIFT	0	0	1297
D	RTL8367D_PORT5_EGRESSBW_CTRL1_MASK		MASK	0x1	1	1298
D	RTL8367D_REG_PORT6_EGRESSBW_CTRL0		REGISTER	0x0398	920	1300
D	RTL8367D_REG_PORT6_EGRESSBW_CTRL1		REGISTER	0x0399	921	1302
D	RTL8367D_PORT6_EGRESSBW_CTRL1_OFFSET		OFFSET_SHIFT	0	0	1303
D	RTL8367D_PORT6_EGRESSBW_CTRL1_MASK		MASK	0x7	7	1304
D	RTL8367D_REG_PORT7_EGRESSBW_CTRL0		REGISTER	0x039a	922	1306
D	RTL8367D_REG_PORT7_EGRESSBW_CTRL1		REGISTER	0x039b	923	1308
D	RTL8367D_PORT7_EGRESSBW_CTRL1_OFFSET		OFFSET_SHIFT	0	0	1309
D	RTL8367D_PORT7_EGRESSBW_CTRL1_MASK		MASK	0x7	7	1310
D	RTL8367D_REG_SCHEDULE_PORT0_APR_METER_CTRL0		REGISTER	0x03ac	940	1312
D	RTL8367D_SCHEDULE_PORT0_APR_METER_CTRL0_QUEUE4_APR_METER_OFFSET		OFFSET_SHIFT	12	12	1313
D	RTL8367D_SCHEDULE_PORT0_APR_METER_CTRL0_QUEUE4_APR_METER_MASK		MASK	0x7000	28672	1314
D	RTL8367D_SCHEDULE_PORT0_APR_METER_CTRL0_QUEUE3_APR_METER_OFFSET		OFFSET_SHIFT	9	9	1315
D	RTL8367D_SCHEDULE_PORT0_APR_METER_CTRL0_QUEUE3_APR_METER_MASK		MASK	0xE00	3584	1316
D	RTL8367D_SCHEDULE_PORT0_APR_METER_CTRL0_QUEUE2_APR_METER_OFFSET		OFFSET_SHIFT	6	6	1317
D	RTL8367D_SCHEDULE_PORT0_APR_METER_CTRL0_QUEUE2_APR_METER_MASK		MASK	0x1C0	448	1318
D	RTL8367D_SCHEDULE_PORT0_APR_METER_CTRL0_QUEUE1_APR_METER_OFFSET		OFFSET_SHIFT	3	3	1319
D	RTL8367D_SCHEDULE_PORT0_APR_METER_CTRL0_QUEUE1_APR_METER_MASK		MASK	0x38	56	1320
D	RTL8367D_SCHEDULE_PORT0_APR_METER_CTRL0_QUEUE0_APR_METER_OFFSET		OFFSET_SHIFT	0	0	1321
D	RTL8367D_SCHEDULE_PORT0_APR_METER_CTRL0_QUEUE0_APR_METER_MASK		MASK	0x7	7	1322
D	RTL8367D_REG_SCHEDULE_PORT0_APR_METER_CTRL1		REGISTER	0x03ad	941	1324
D	RTL8367D_SCHEDULE_PORT0_APR_METER_CTRL1_QUEUE7_APR_METER_OFFSET		OFFSET_SHIFT	6	6	1325
D	RTL8367D_SCHEDULE_PORT0_APR_METER_CTRL1_QUEUE7_APR_METER_MASK		MASK	0x1C0	448	1326
D	RTL8367D_SCHEDULE_PORT0_APR_METER_CTRL1_QUEUE6_APR_METER_OFFSET		OFFSET_SHIFT	3	3	1327
D	RTL8367D_SCHEDULE_PORT0_APR_METER_CTRL1_QUEUE6_APR_METER_MASK		MASK	0x38	56	1328
D	RTL8367D_SCHEDULE_PORT0_APR_METER_CTRL1_QUEUE5_APR_METER_OFFSET		OFFSET_SHIFT	0	0	1329
D	RTL8367D_SCHEDULE_PORT0_APR_METER_CTRL1_QUEUE5_APR_METER_MASK		MASK	0x7	7	1330
D	RTL8367D_REG_SCHEDULE_PORT1_APR_METER_CTRL0		REGISTER	0x03b0	944	1332
D	RTL8367D_SCHEDULE_PORT1_APR_METER_CTRL0_QUEUE4_APR_METER_OFFSET		OFFSET_SHIFT	12	12	1333
D	RTL8367D_SCHEDULE_PORT1_APR_METER_CTRL0_QUEUE4_APR_METER_MASK		MASK	0x7000	28672	1334
D	RTL8367D_SCHEDULE_PORT1_APR_METER_CTRL0_QUEUE3_APR_METER_OFFSET		OFFSET_SHIFT	9	9	1335
D	RTL8367D_SCHEDULE_PORT1_APR_METER_CTRL0_QUEUE3_APR_METER_MASK		MASK	0xE00	3584	1336
D	RTL8367D_SCHEDULE_PORT1_APR_METER_CTRL0_QUEUE2_APR_METER_OFFSET		OFFSET_SHIFT	6	6	1337
D	RTL8367D_SCHEDULE_PORT1_APR_METER_CTRL0_QUEUE2_APR_METER_MASK		MASK	0x1C0	448	1338
D	RTL8367D_SCHEDULE_PORT1_APR_METER_CTRL0_QUEUE1_APR_METER_OFFSET		OFFSET_SHIFT	3	3	1339
D	RTL8367D_SCHEDULE_PORT1_APR_METER_CTRL0_QUEUE1_APR_METER_MASK		MASK	0x38	56	1340
D	RTL8367D_SCHEDULE_PORT1_APR_METER_CTRL0_QUEUE0_APR_METER_OFFSET		OFFSET_SHIFT	0	0	1341
D	RTL8367D_SCHEDULE_PORT1_APR_METER_CTRL0_QUEUE0_APR_METER_MASK		MASK	0x7	7	1342
D	RTL8367D_REG_SCHEDULE_PORT1_APR_METER_CTRL1		REGISTER	0x03b1	945	1344
D	RTL8367D_SCHEDULE_PORT1_APR_METER_CTRL1_QUEUE7_APR_METER_OFFSET		OFFSET_SHIFT	6	6	1345
D	RTL8367D_SCHEDULE_PORT1_APR_METER_CTRL1_QUEUE7_APR_METER_MASK		MASK	0x1C0	448	1346
D	RTL8367D_SCHEDULE_PORT1_APR_METER_CTRL1_QUEUE6_APR_METER_OFFSET		OFFSET_SHIFT	3	3	1347
D	RTL8367D_SCHEDULE_PORT1_APR_METER_CTRL1_QUEUE6_APR_METER_MASK		MASK	0x38	56	1348
D	RTL8367D_SCHEDULE_PORT1_APR_METER_CTRL1_QUEUE5_APR_METER_OFFSET		OFFSET_SHIFT	0	0	1349
D	RTL8367D_SCHEDULE_PORT1_APR_METER_CTRL1_QUEUE5_APR_METER_MASK		MASK	0x7	7	1350
D	RTL8367D_REG_SCHEDULE_PORT2_APR_METER_CTRL0		REGISTER	0x03b4	948	1352
D	RTL8367D_SCHEDULE_PORT2_APR_METER_CTRL0_QUEUE4_APR_METER_OFFSET		OFFSET_SHIFT	12	12	1353
D	RTL8367D_SCHEDULE_PORT2_APR_METER_CTRL0_QUEUE4_APR_METER_MASK		MASK	0x7000	28672	1354
D	RTL8367D_SCHEDULE_PORT2_APR_METER_CTRL0_QUEUE3_APR_METER_OFFSET		OFFSET_SHIFT	9	9	1355
D	RTL8367D_SCHEDULE_PORT2_APR_METER_CTRL0_QUEUE3_APR_METER_MASK		MASK	0xE00	3584	1356
D	RTL8367D_SCHEDULE_PORT2_APR_METER_CTRL0_QUEUE2_APR_METER_OFFSET		OFFSET_SHIFT	6	6	1357
D	RTL8367D_SCHEDULE_PORT2_APR_METER_CTRL0_QUEUE2_APR_METER_MASK		MASK	0x1C0	448	1358
D	RTL8367D_SCHEDULE_PORT2_APR_METER_CTRL0_QUEUE1_APR_METER_OFFSET		OFFSET_SHIFT	3	3	1359
D	RTL8367D_SCHEDULE_PORT2_APR_METER_CTRL0_QUEUE1_APR_METER_MASK		MASK	0x38	56	1360
D	RTL8367D_SCHEDULE_PORT2_APR_METER_CTRL0_QUEUE0_APR_METER_OFFSET		OFFSET_SHIFT	0	0	1361
D	RTL8367D_SCHEDULE_PORT2_APR_METER_CTRL0_QUEUE0_APR_METER_MASK		MASK	0x7	7	1362
D	RTL8367D_REG_SCHEDULE_PORT2_APR_METER_CTRL1		REGISTER	0x03b5	949	1364
D	RTL8367D_SCHEDULE_PORT2_APR_METER_CTRL1_QUEUE7_APR_METER_OFFSET		OFFSET_SHIFT	6	6	1365
D	RTL8367D_SCHEDULE_PORT2_APR_METER_CTRL1_QUEUE7_APR_METER_MASK		MASK	0x1C0	448	1366
D	RTL8367D_SCHEDULE_PORT2_APR_METER_CTRL1_QUEUE6_APR_METER_OFFSET		OFFSET_SHIFT	3	3	1367
D	RTL8367D_SCHEDULE_PORT2_APR_METER_CTRL1_QUEUE6_APR_METER_MASK		MASK	0x38	56	1368
D	RTL8367D_SCHEDULE_PORT2_APR_METER_CTRL1_QUEUE5_APR_METER_OFFSET		OFFSET_SHIFT	0	0	1369
D	RTL8367D_SCHEDULE_PORT2_APR_METER_CTRL1_QUEUE5_APR_METER_MASK		MASK	0x7	7	1370
D	RTL8367D_REG_SCHEDULE_PORT3_APR_METER_CTRL0		REGISTER	0x03b8	952	1372
D	RTL8367D_SCHEDULE_PORT3_APR_METER_CTRL0_QUEUE4_APR_METER_OFFSET		OFFSET_SHIFT	12	12	1373
D	RTL8367D_SCHEDULE_PORT3_APR_METER_CTRL0_QUEUE4_APR_METER_MASK		MASK	0x7000	28672	1374
D	RTL8367D_SCHEDULE_PORT3_APR_METER_CTRL0_QUEUE3_APR_METER_OFFSET		OFFSET_SHIFT	9	9	1375
D	RTL8367D_SCHEDULE_PORT3_APR_METER_CTRL0_QUEUE3_APR_METER_MASK		MASK	0xE00	3584	1376
D	RTL8367D_SCHEDULE_PORT3_APR_METER_CTRL0_QUEUE2_APR_METER_OFFSET		OFFSET_SHIFT	6	6	1377
D	RTL8367D_SCHEDULE_PORT3_APR_METER_CTRL0_QUEUE2_APR_METER_MASK		MASK	0x1C0	448	1378
D	RTL8367D_SCHEDULE_PORT3_APR_METER_CTRL0_QUEUE1_APR_METER_OFFSET		OFFSET_SHIFT	3	3	1379
D	RTL8367D_SCHEDULE_PORT3_APR_METER_CTRL0_QUEUE1_APR_METER_MASK		MASK	0x38	56	1380
D	RTL8367D_SCHEDULE_PORT3_APR_METER_CTRL0_QUEUE0_APR_METER_OFFSET		OFFSET_SHIFT	0	0	1381
D	RTL8367D_SCHEDULE_PORT3_APR_METER_CTRL0_QUEUE0_APR_METER_MASK		MASK	0x7	7	1382
D	RTL8367D_REG_SCHEDULE_PORT3_APR_METER_CTRL1		REGISTER	0x03b9	953	1384
D	RTL8367D_SCHEDULE_PORT3_APR_METER_CTRL1_QUEUE7_APR_METER_OFFSET		OFFSET_SHIFT	6	6	1385
D	RTL8367D_SCHEDULE_PORT3_APR_METER_CTRL1_QUEUE7_APR_METER_MASK		MASK	0x1C0	448	1386
D	RTL8367D_SCHEDULE_PORT3_APR_METER_CTRL1_QUEUE6_APR_METER_OFFSET		OFFSET_SHIFT	3	3	1387
D	RTL8367D_SCHEDULE_PORT3_APR_METER_CTRL1_QUEUE6_APR_METER_MASK		MASK	0x38	56	1388
D	RTL8367D_SCHEDULE_PORT3_APR_METER_CTRL1_QUEUE5_APR_METER_OFFSET		OFFSET_SHIFT	0	0	1389
D	RTL8367D_SCHEDULE_PORT3_APR_METER_CTRL1_QUEUE5_APR_METER_MASK		MASK	0x7	7	1390
D	RTL8367D_REG_SCHEDULE_PORT4_APR_METER_CTRL0		REGISTER	0x03bc	956	1392
D	RTL8367D_SCHEDULE_PORT4_APR_METER_CTRL0_QUEUE4_APR_METER_OFFSET		OFFSET_SHIFT	12	12	1393
D	RTL8367D_SCHEDULE_PORT4_APR_METER_CTRL0_QUEUE4_APR_METER_MASK		MASK	0x7000	28672	1394
D	RTL8367D_SCHEDULE_PORT4_APR_METER_CTRL0_QUEUE3_APR_METER_OFFSET		OFFSET_SHIFT	9	9	1395
D	RTL8367D_SCHEDULE_PORT4_APR_METER_CTRL0_QUEUE3_APR_METER_MASK		MASK	0xE00	3584	1396
D	RTL8367D_SCHEDULE_PORT4_APR_METER_CTRL0_QUEUE2_APR_METER_OFFSET		OFFSET_SHIFT	6	6	1397
D	RTL8367D_SCHEDULE_PORT4_APR_METER_CTRL0_QUEUE2_APR_METER_MASK		MASK	0x1C0	448	1398
D	RTL8367D_SCHEDULE_PORT4_APR_METER_CTRL0_QUEUE1_APR_METER_OFFSET		OFFSET_SHIFT	3	3	1399
D	RTL8367D_SCHEDULE_PORT4_APR_METER_CTRL0_QUEUE1_APR_METER_MASK		MASK	0x38	56	1400
D	RTL8367D_SCHEDULE_PORT4_APR_METER_CTRL0_QUEUE0_APR_METER_OFFSET		OFFSET_SHIFT	0	0	1401
D	RTL8367D_SCHEDULE_PORT4_APR_METER_CTRL0_QUEUE0_APR_METER_MASK		MASK	0x7	7	1402
D	RTL8367D_REG_SCHEDULE_PORT4_APR_METER_CTRL1		REGISTER	0x03bd	957	1404
D	RTL8367D_SCHEDULE_PORT4_APR_METER_CTRL1_QUEUE7_APR_METER_OFFSET		OFFSET_SHIFT	6	6	1405
D	RTL8367D_SCHEDULE_PORT4_APR_METER_CTRL1_QUEUE7_APR_METER_MASK		MASK	0x1C0	448	1406
D	RTL8367D_SCHEDULE_PORT4_APR_METER_CTRL1_QUEUE6_APR_METER_OFFSET		OFFSET_SHIFT	3	3	1407
D	RTL8367D_SCHEDULE_PORT4_APR_METER_CTRL1_QUEUE6_APR_METER_MASK		MASK	0x38	56	1408
D	RTL8367D_SCHEDULE_PORT4_APR_METER_CTRL1_QUEUE5_APR_METER_OFFSET		OFFSET_SHIFT	0	0	1409
D	RTL8367D_SCHEDULE_PORT4_APR_METER_CTRL1_QUEUE5_APR_METER_MASK		MASK	0x7	7	1410
D	RTL8367D_REG_SCHEDULE_PORT5_APR_METER_CTRL0		REGISTER	0x03c0	960	1412
D	RTL8367D_SCHEDULE_PORT5_APR_METER_CTRL0_QUEUE4_APR_METER_OFFSET		OFFSET_SHIFT	12	12	1413
D	RTL8367D_SCHEDULE_PORT5_APR_METER_CTRL0_QUEUE4_APR_METER_MASK		MASK	0x7000	28672	1414
D	RTL8367D_SCHEDULE_PORT5_APR_METER_CTRL0_QUEUE3_APR_METER_OFFSET		OFFSET_SHIFT	9	9	1415
D	RTL8367D_SCHEDULE_PORT5_APR_METER_CTRL0_QUEUE3_APR_METER_MASK		MASK	0xE00	3584	1416
D	RTL8367D_SCHEDULE_PORT5_APR_METER_CTRL0_QUEUE2_APR_METER_OFFSET		OFFSET_SHIFT	6	6	1417
D	RTL8367D_SCHEDULE_PORT5_APR_METER_CTRL0_QUEUE2_APR_METER_MASK		MASK	0x1C0	448	1418
D	RTL8367D_SCHEDULE_PORT5_APR_METER_CTRL0_QUEUE1_APR_METER_OFFSET		OFFSET_SHIFT	3	3	1419
D	RTL8367D_SCHEDULE_PORT5_APR_METER_CTRL0_QUEUE1_APR_METER_MASK		MASK	0x38	56	1420
D	RTL8367D_SCHEDULE_PORT5_APR_METER_CTRL0_QUEUE0_APR_METER_OFFSET		OFFSET_SHIFT	0	0	1421
D	RTL8367D_SCHEDULE_PORT5_APR_METER_CTRL0_QUEUE0_APR_METER_MASK		MASK	0x7	7	1422
D	RTL8367D_REG_SCHEDULE_PORT5_APR_METER_CTRL1		REGISTER	0x03c1	961	1424
D	RTL8367D_SCHEDULE_PORT5_APR_METER_CTRL1_QUEUE7_APR_METER_OFFSET		OFFSET_SHIFT	6	6	1425
D	RTL8367D_SCHEDULE_PORT5_APR_METER_CTRL1_QUEUE7_APR_METER_MASK		MASK	0x1C0	448	1426
D	RTL8367D_SCHEDULE_PORT5_APR_METER_CTRL1_QUEUE6_APR_METER_OFFSET		OFFSET_SHIFT	3	3	1427
D	RTL8367D_SCHEDULE_PORT5_APR_METER_CTRL1_QUEUE6_APR_METER_MASK		MASK	0x38	56	1428
D	RTL8367D_SCHEDULE_PORT5_APR_METER_CTRL1_QUEUE5_APR_METER_OFFSET		OFFSET_SHIFT	0	0	1429
D	RTL8367D_SCHEDULE_PORT5_APR_METER_CTRL1_QUEUE5_APR_METER_MASK		MASK	0x7	7	1430
D	RTL8367D_REG_SCHEDULE_PORT6_APR_METER_CTRL0		REGISTER	0x03c4	964	1432
D	RTL8367D_SCHEDULE_PORT6_APR_METER_CTRL0_QUEUE4_APR_METER_OFFSET		OFFSET_SHIFT	12	12	1433
D	RTL8367D_SCHEDULE_PORT6_APR_METER_CTRL0_QUEUE4_APR_METER_MASK		MASK	0x7000	28672	1434
D	RTL8367D_SCHEDULE_PORT6_APR_METER_CTRL0_QUEUE3_APR_METER_OFFSET		OFFSET_SHIFT	9	9	1435
D	RTL8367D_SCHEDULE_PORT6_APR_METER_CTRL0_QUEUE3_APR_METER_MASK		MASK	0xE00	3584	1436
D	RTL8367D_SCHEDULE_PORT6_APR_METER_CTRL0_QUEUE2_APR_METER_OFFSET		OFFSET_SHIFT	6	6	1437
D	RTL8367D_SCHEDULE_PORT6_APR_METER_CTRL0_QUEUE2_APR_METER_MASK		MASK	0x1C0	448	1438
D	RTL8367D_SCHEDULE_PORT6_APR_METER_CTRL0_QUEUE1_APR_METER_OFFSET		OFFSET_SHIFT	3	3	1439
D	RTL8367D_SCHEDULE_PORT6_APR_METER_CTRL0_QUEUE1_APR_METER_MASK		MASK	0x38	56	1440
D	RTL8367D_SCHEDULE_PORT6_APR_METER_CTRL0_QUEUE0_APR_METER_OFFSET		OFFSET_SHIFT	0	0	1441
D	RTL8367D_SCHEDULE_PORT6_APR_METER_CTRL0_QUEUE0_APR_METER_MASK		MASK	0x7	7	1442
D	RTL8367D_REG_SCHEDULE_PORT6_APR_METER_CTRL1		REGISTER	0x03c5	965	1444
D	RTL8367D_SCHEDULE_PORT6_APR_METER_CTRL1_QUEUE7_APR_METER_OFFSET		OFFSET_SHIFT	6	6	1445
D	RTL8367D_SCHEDULE_PORT6_APR_METER_CTRL1_QUEUE7_APR_METER_MASK		MASK	0x1C0	448	1446
D	RTL8367D_SCHEDULE_PORT6_APR_METER_CTRL1_QUEUE6_APR_METER_OFFSET		OFFSET_SHIFT	3	3	1447
D	RTL8367D_SCHEDULE_PORT6_APR_METER_CTRL1_QUEUE6_APR_METER_MASK		MASK	0x38	56	1448
D	RTL8367D_SCHEDULE_PORT6_APR_METER_CTRL1_QUEUE5_APR_METER_OFFSET		OFFSET_SHIFT	0	0	1449
D	RTL8367D_SCHEDULE_PORT6_APR_METER_CTRL1_QUEUE5_APR_METER_MASK		MASK	0x7	7	1450
D	RTL8367D_REG_SCHEDULE_PORT7_APR_METER_CTRL0		REGISTER	0x03c8	968	1452
D	RTL8367D_SCHEDULE_PORT7_APR_METER_CTRL0_QUEUE4_APR_METER_OFFSET		OFFSET_SHIFT	12	12	1453
D	RTL8367D_SCHEDULE_PORT7_APR_METER_CTRL0_QUEUE4_APR_METER_MASK		MASK	0x7000	28672	1454
D	RTL8367D_SCHEDULE_PORT7_APR_METER_CTRL0_QUEUE3_APR_METER_OFFSET		OFFSET_SHIFT	9	9	1455
D	RTL8367D_SCHEDULE_PORT7_APR_METER_CTRL0_QUEUE3_APR_METER_MASK		MASK	0xE00	3584	1456
D	RTL8367D_SCHEDULE_PORT7_APR_METER_CTRL0_QUEUE2_APR_METER_OFFSET		OFFSET_SHIFT	6	6	1457
D	RTL8367D_SCHEDULE_PORT7_APR_METER_CTRL0_QUEUE2_APR_METER_MASK		MASK	0x1C0	448	1458
D	RTL8367D_SCHEDULE_PORT7_APR_METER_CTRL0_QUEUE1_APR_METER_OFFSET		OFFSET_SHIFT	3	3	1459
D	RTL8367D_SCHEDULE_PORT7_APR_METER_CTRL0_QUEUE1_APR_METER_MASK		MASK	0x38	56	1460
D	RTL8367D_SCHEDULE_PORT7_APR_METER_CTRL0_QUEUE0_APR_METER_OFFSET		OFFSET_SHIFT	0	0	1461
D	RTL8367D_SCHEDULE_PORT7_APR_METER_CTRL0_QUEUE0_APR_METER_MASK		MASK	0x7	7	1462
D	RTL8367D_REG_SCHEDULE_PORT7_APR_METER_CTRL1		REGISTER	0x03c9	969	1464
D	RTL8367D_SCHEDULE_PORT7_APR_METER_CTRL1_QUEUE7_APR_METER_OFFSET		OFFSET_SHIFT	6	6	1465
D	RTL8367D_SCHEDULE_PORT7_APR_METER_CTRL1_QUEUE7_APR_METER_MASK		MASK	0x1C0	448	1466
D	RTL8367D_SCHEDULE_PORT7_APR_METER_CTRL1_QUEUE6_APR_METER_OFFSET		OFFSET_SHIFT	3	3	1467
D	RTL8367D_SCHEDULE_PORT7_APR_METER_CTRL1_QUEUE6_APR_METER_MASK		MASK	0x38	56	1468
D	RTL8367D_SCHEDULE_PORT7_APR_METER_CTRL1_QUEUE5_APR_METER_OFFSET		OFFSET_SHIFT	0	0	1469
D	RTL8367D_SCHEDULE_PORT7_APR_METER_CTRL1_QUEUE5_APR_METER_MASK		MASK	0x7	7	1470
D	RTL8367D_REG_LINE_RATE_1G_L		REGISTER	0x03ec	1004	1472
D	RTL8367D_REG_LINE_RATE_1G_H		REGISTER	0x03ed	1005	1474
D	RTL8367D_LINE_RATE_1G_H_OFFSET		OFFSET_SHIFT	0	0	1475
D	RTL8367D_LINE_RATE_1G_H_MASK		MASK	0x1	1	1476
D	RTL8367D_REG_LINE_RATE_100_L		REGISTER	0x03ee	1006	1478
D	RTL8367D_REG_LINE_RATE_100_H		REGISTER	0x03ef	1007	1480
D	RTL8367D_LINE_RATE_100_H_OFFSET		OFFSET_SHIFT	0	0	1481
D	RTL8367D_LINE_RATE_100_H_MASK		MASK	0x1	1	1482
D	RTL8367D_REG_LINE_RATE_10_L		REGISTER	0x03f0	1008	1484
D	RTL8367D_REG_LINE_RATE_10_H		REGISTER	0x03f1	1009	1486
D	RTL8367D_LINE_RATE_10_H_OFFSET		OFFSET_SHIFT	0	0	1487
D	RTL8367D_LINE_RATE_10_H_MASK		MASK	0x1	1	1488
D	RTL8367D_REG_BYPASS_LINE_RATE		REGISTER	0x03f7	1015	1490
D	RTL8367D_BYPASS_PORT7_CONSTRAINT_OFFSET		OFFSET_SHIFT	2	2	1491
D	RTL8367D_BYPASS_PORT7_CONSTRAINT_MASK		MASK	0x4	4	1492
D	RTL8367D_BYPASS_PORT6_CONSTRAINT_OFFSET		OFFSET_SHIFT	1	1	1493
D	RTL8367D_BYPASS_PORT6_CONSTRAINT_MASK		MASK	0x2	2	1494
D	RTL8367D_BYPASS_PORT5_CONSTRAINT_OFFSET		OFFSET_SHIFT	0	0	1495
D	RTL8367D_BYPASS_PORT5_CONSTRAINT_MASK		MASK	0x1	1	1496
D	RTL8367D_REG_LINE_RATE_500_H		REGISTER	0x03f8	1016	1498
D	RTL8367D_LINE_RATE_500_H_OFFSET		OFFSET_SHIFT	0	0	1499
D	RTL8367D_LINE_RATE_500_H_MASK		MASK	0x7	7	1500
D	RTL8367D_REG_LINE_RATE_500_L		REGISTER	0x03f9	1017	1502
D	RTL8367D_REG_LINE_RATE_HSG_H		REGISTER	0x03fa	1018	1504
D	RTL8367D_LINE_RATE_HSG_H_OFFSET		OFFSET_SHIFT	0	0	1505
D	RTL8367D_LINE_RATE_HSG_H_MASK		MASK	0x7	7	1506
D	RTL8367D_REG_LINE_RATE_HSG_L		REGISTER	0x03fb	1019	1508
D	RTL8367D_REG_SCH_WRR_OPT		REGISTER	0x03fc	1020	1510
D	RTL8367D_CFG_WRR_MODE_OFFSET		OFFSET_SHIFT	14	14	1511
D	RTL8367D_CFG_WRR_MODE_MASK		MASK	0x4000	16384	1512
D	RTL8367D_CFG_WRR_PKTLEN_OFFSET		OFFSET_SHIFT	0	0	1513
D	RTL8367D_CFG_WRR_PKTLEN_MASK		MASK	0x3FFF	16383	1514
D	RTL8367D_REG_TABLE_ACCESS_CTRL		REGISTER	0x0500	1280	1518
D	RTL8367D_TABLE_ACCESS_CTRL_SPA_OFFSET		OFFSET_SHIFT	8	8	1519
D	RTL8367D_TABLE_ACCESS_CTRL_SPA_MASK		MASK	0x700	1792	1520
D	RTL8367D_ACCESS_METHOD_OFFSET		OFFSET_SHIFT	4	4	1521
D	RTL8367D_ACCESS_METHOD_MASK		MASK	0x70	112	1522
D	RTL8367D_COMMAND_TYPE_OFFSET		OFFSET_SHIFT	3	3	1523
D	RTL8367D_COMMAND_TYPE_MASK		MASK	0x8	8	1524
D	RTL8367D_TABLE_TYPE_OFFSET		OFFSET_SHIFT	0	0	1525
D	RTL8367D_TABLE_TYPE_MASK		MASK	0x7	7	1526
D	RTL8367D_REG_TABLE_ACCESS_ADDR		REGISTER	0x0501	1281	1528
D	RTL8367D_TABLE_ACCESS_ADDR_OFFSET		OFFSET_SHIFT	0	0	1529
D	RTL8367D_TABLE_ACCESS_ADDR_MASK		MASK	0xFFF	4095	1530
D	RTL8367D_REG_TABLE_LUT_ADDR		REGISTER	0x0502	1282	1532
D	RTL8367D_TABLE_LUT_ADDR_BUSY_FLAG_OFFSET		OFFSET_SHIFT	13	13	1533
D	RTL8367D_TABLE_LUT_ADDR_BUSY_FLAG_MASK		MASK	0x2000	8192	1534
D	RTL8367D_HIT_STATUS_OFFSET		OFFSET_SHIFT	12	12	1535
D	RTL8367D_HIT_STATUS_MASK		MASK	0x1000	4096	1536
D	RTL8367D_TYPE_OFFSET		OFFSET_SHIFT	11	11	1537
D	RTL8367D_TYPE_MASK		MASK	0x800	2048	1538
D	RTL8367D_TABLE_LUT_ADDR_ADDRESS_OFFSET		OFFSET_SHIFT	0	0	1539
D	RTL8367D_TABLE_LUT_ADDR_ADDRESS_MASK		MASK	0x7FF	2047	1540
D	RTL8367D_REG_HSA_HSB_LATCH		REGISTER	0x0503	1283	1542
D	RTL8367D_LATCH_ALWAYS_OFFSET		OFFSET_SHIFT	15	15	1543
D	RTL8367D_LATCH_ALWAYS_MASK		MASK	0x8000	32768	1544
D	RTL8367D_LATCH_FIRST_OFFSET		OFFSET_SHIFT	14	14	1545
D	RTL8367D_LATCH_FIRST_MASK		MASK	0x4000	16384	1546
D	RTL8367D_SPA_EN_OFFSET		OFFSET_SHIFT	13	13	1547
D	RTL8367D_SPA_EN_MASK		MASK	0x2000	8192	1548
D	RTL8367D_FORWARD_EN_OFFSET		OFFSET_SHIFT	12	12	1549
D	RTL8367D_FORWARD_EN_MASK		MASK	0x1000	4096	1550
D	RTL8367D_REASON_EN_OFFSET		OFFSET_SHIFT	11	11	1551
D	RTL8367D_REASON_EN_MASK		MASK	0x800	2048	1552
D	RTL8367D_HSA_HSB_LATCH_SPA_OFFSET		OFFSET_SHIFT	8	8	1553
D	RTL8367D_HSA_HSB_LATCH_SPA_MASK		MASK	0x700	1792	1554
D	RTL8367D_FORWARD_OFFSET		OFFSET_SHIFT	6	6	1555
D	RTL8367D_FORWARD_MASK		MASK	0xC0	192	1556
D	RTL8367D_REASON_OFFSET		OFFSET_SHIFT	0	0	1557
D	RTL8367D_REASON_MASK		MASK	0x3F	63	1558
D	RTL8367D_REG_TABLE_WRITE_DATA0		REGISTER	0x0510	1296	1560
D	RTL8367D_REG_TABLE_WRITE_DATA1		REGISTER	0x0511	1297	1562
D	RTL8367D_REG_TABLE_WRITE_DATA2		REGISTER	0x0512	1298	1564
D	RTL8367D_REG_TABLE_WRITE_DATA3		REGISTER	0x0513	1299	1566
D	RTL8367D_REG_TABLE_WRITE_DATA4		REGISTER	0x0514	1300	1568
D	RTL8367D_REG_TABLE_WRITE_DATA5		REGISTER	0x0515	1301	1570
D	RTL8367D_REG_TABLE_WRITE_DATA6		REGISTER	0x0516	1302	1572
D	RTL8367D_REG_TABLE_WRITE_DATA7		REGISTER	0x0517	1303	1574
D	RTL8367D_REG_TABLE_WRITE_DATA8		REGISTER	0x0518	1304	1576
D	RTL8367D_REG_TABLE_WRITE_DATA9		REGISTER	0x0519	1305	1578
D	RTL8367D_TABLE_WRITE_DATA9_OFFSET		OFFSET_SHIFT	0	0	1579
D	RTL8367D_TABLE_WRITE_DATA9_MASK		MASK	0x1	1	1580
D	RTL8367D_REG_TABLE_READ_DATA0		REGISTER	0x0520	1312	1582
D	RTL8367D_REG_TABLE_READ_DATA1		REGISTER	0x0521	1313	1584
D	RTL8367D_REG_TABLE_READ_DATA2		REGISTER	0x0522	1314	1586
D	RTL8367D_REG_TABLE_READ_DATA3		REGISTER	0x0523	1315	1588
D	RTL8367D_REG_TABLE_READ_DATA4		REGISTER	0x0524	1316	1590
D	RTL8367D_REG_TABLE_READ_DATA5		REGISTER	0x0525	1317	1592
D	RTL8367D_REG_TABLE_READ_DATA6		REGISTER	0x0526	1318	1594
D	RTL8367D_REG_TABLE_READ_DATA7		REGISTER	0x0527	1319	1596
D	RTL8367D_REG_TABLE_READ_DATA8		REGISTER	0x0528	1320	1598
D	RTL8367D_REG_TABLE_READ_DATA9		REGISTER	0x0529	1321	1600
D	RTL8367D_TABLE_READ_DATA9_OFFSET		OFFSET_SHIFT	0	0	1601
D	RTL8367D_TABLE_READ_DATA9_MASK		MASK	0x1	1	1602
D	RTL8367D_REG_ACL_RULE_TEMPLATE0_CTRL0		REGISTER	0x0600	1536	1606
D	RTL8367D_ACL_RULE_TEMPLATE0_CTRL0_FIELD1_OFFSET		OFFSET_SHIFT	8	8	1607
D	RTL8367D_ACL_RULE_TEMPLATE0_CTRL0_FIELD1_MASK		MASK	0x7F00	32512	1608
D	RTL8367D_ACL_RULE_TEMPLATE0_CTRL0_FIELD0_OFFSET		OFFSET_SHIFT	0	0	1609
D	RTL8367D_ACL_RULE_TEMPLATE0_CTRL0_FIELD0_MASK		MASK	0x7F	127	1610
D	RTL8367D_REG_ACL_RULE_TEMPLATE0_CTRL1		REGISTER	0x0601	1537	1612
D	RTL8367D_ACL_RULE_TEMPLATE0_CTRL1_FIELD3_OFFSET		OFFSET_SHIFT	8	8	1613
D	RTL8367D_ACL_RULE_TEMPLATE0_CTRL1_FIELD3_MASK		MASK	0x7F00	32512	1614
D	RTL8367D_ACL_RULE_TEMPLATE0_CTRL1_FIELD2_OFFSET		OFFSET_SHIFT	0	0	1615
D	RTL8367D_ACL_RULE_TEMPLATE0_CTRL1_FIELD2_MASK		MASK	0x7F	127	1616
D	RTL8367D_REG_ACL_RULE_TEMPLATE0_CTRL2		REGISTER	0x0602	1538	1618
D	RTL8367D_ACL_RULE_TEMPLATE0_CTRL2_FIELD5_OFFSET		OFFSET_SHIFT	8	8	1619
D	RTL8367D_ACL_RULE_TEMPLATE0_CTRL2_FIELD5_MASK		MASK	0x7F00	32512	1620
D	RTL8367D_ACL_RULE_TEMPLATE0_CTRL2_FIELD4_OFFSET		OFFSET_SHIFT	0	0	1621
D	RTL8367D_ACL_RULE_TEMPLATE0_CTRL2_FIELD4_MASK		MASK	0x7F	127	1622
D	RTL8367D_REG_ACL_RULE_TEMPLATE0_CTRL3		REGISTER	0x0603	1539	1624
D	RTL8367D_ACL_RULE_TEMPLATE0_CTRL3_FIELD7_OFFSET		OFFSET_SHIFT	8	8	1625
D	RTL8367D_ACL_RULE_TEMPLATE0_CTRL3_FIELD7_MASK		MASK	0x7F00	32512	1626
D	RTL8367D_ACL_RULE_TEMPLATE0_CTRL3_FIELD6_OFFSET		OFFSET_SHIFT	0	0	1627
D	RTL8367D_ACL_RULE_TEMPLATE0_CTRL3_FIELD6_MASK		MASK	0x7F	127	1628
D	RTL8367D_REG_ACL_RULE_TEMPLATE1_CTRL0		REGISTER	0x0604	1540	1630
D	RTL8367D_ACL_RULE_TEMPLATE1_CTRL0_FIELD1_OFFSET		OFFSET_SHIFT	8	8	1631
D	RTL8367D_ACL_RULE_TEMPLATE1_CTRL0_FIELD1_MASK		MASK	0x7F00	32512	1632
D	RTL8367D_ACL_RULE_TEMPLATE1_CTRL0_FIELD0_OFFSET		OFFSET_SHIFT	0	0	1633
D	RTL8367D_ACL_RULE_TEMPLATE1_CTRL0_FIELD0_MASK		MASK	0x7F	127	1634
D	RTL8367D_REG_ACL_RULE_TEMPLATE1_CTRL1		REGISTER	0x0605	1541	1636
D	RTL8367D_ACL_RULE_TEMPLATE1_CTRL1_FIELD3_OFFSET		OFFSET_SHIFT	8	8	1637
D	RTL8367D_ACL_RULE_TEMPLATE1_CTRL1_FIELD3_MASK		MASK	0x7F00	32512	1638
D	RTL8367D_ACL_RULE_TEMPLATE1_CTRL1_FIELD2_OFFSET		OFFSET_SHIFT	0	0	1639
D	RTL8367D_ACL_RULE_TEMPLATE1_CTRL1_FIELD2_MASK		MASK	0x7F	127	1640
D	RTL8367D_REG_ACL_RULE_TEMPLATE1_CTRL2		REGISTER	0x0606	1542	1642
D	RTL8367D_ACL_RULE_TEMPLATE1_CTRL2_FIELD5_OFFSET		OFFSET_SHIFT	8	8	1643
D	RTL8367D_ACL_RULE_TEMPLATE1_CTRL2_FIELD5_MASK		MASK	0x7F00	32512	1644
D	RTL8367D_ACL_RULE_TEMPLATE1_CTRL2_FIELD4_OFFSET		OFFSET_SHIFT	0	0	1645
D	RTL8367D_ACL_RULE_TEMPLATE1_CTRL2_FIELD4_MASK		MASK	0x7F	127	1646
D	RTL8367D_REG_ACL_RULE_TEMPLATE1_CTRL3		REGISTER	0x0607	1543	1648
D	RTL8367D_ACL_RULE_TEMPLATE1_CTRL3_FIELD7_OFFSET		OFFSET_SHIFT	8	8	1649
D	RTL8367D_ACL_RULE_TEMPLATE1_CTRL3_FIELD7_MASK		MASK	0x7F00	32512	1650
D	RTL8367D_ACL_RULE_TEMPLATE1_CTRL3_FIELD6_OFFSET		OFFSET_SHIFT	0	0	1651
D	RTL8367D_ACL_RULE_TEMPLATE1_CTRL3_FIELD6_MASK		MASK	0x7F	127	1652
D	RTL8367D_REG_ACL_RULE_TEMPLATE2_CTRL0		REGISTER	0x0608	1544	1654
D	RTL8367D_ACL_RULE_TEMPLATE2_CTRL0_FIELD1_OFFSET		OFFSET_SHIFT	8	8	1655
D	RTL8367D_ACL_RULE_TEMPLATE2_CTRL0_FIELD1_MASK		MASK	0x7F00	32512	1656
D	RTL8367D_ACL_RULE_TEMPLATE2_CTRL0_FIELD0_OFFSET		OFFSET_SHIFT	0	0	1657
D	RTL8367D_ACL_RULE_TEMPLATE2_CTRL0_FIELD0_MASK		MASK	0x7F	127	1658
D	RTL8367D_REG_ACL_RULE_TEMPLATE2_CTRL1		REGISTER	0x0609	1545	1660
D	RTL8367D_ACL_RULE_TEMPLATE2_CTRL1_FIELD3_OFFSET		OFFSET_SHIFT	8	8	1661
D	RTL8367D_ACL_RULE_TEMPLATE2_CTRL1_FIELD3_MASK		MASK	0x7F00	32512	1662
D	RTL8367D_ACL_RULE_TEMPLATE2_CTRL1_FIELD2_OFFSET		OFFSET_SHIFT	0	0	1663
D	RTL8367D_ACL_RULE_TEMPLATE2_CTRL1_FIELD2_MASK		MASK	0x7F	127	1664
D	RTL8367D_REG_ACL_RULE_TEMPLATE2_CTRL2		REGISTER	0x060a	1546	1666
D	RTL8367D_ACL_RULE_TEMPLATE2_CTRL2_FIELD5_OFFSET		OFFSET_SHIFT	8	8	1667
D	RTL8367D_ACL_RULE_TEMPLATE2_CTRL2_FIELD5_MASK		MASK	0x7F00	32512	1668
D	RTL8367D_ACL_RULE_TEMPLATE2_CTRL2_FIELD4_OFFSET		OFFSET_SHIFT	0	0	1669
D	RTL8367D_ACL_RULE_TEMPLATE2_CTRL2_FIELD4_MASK		MASK	0x7F	127	1670
D	RTL8367D_REG_ACL_RULE_TEMPLATE2_CTRL3		REGISTER	0x060b	1547	1672
D	RTL8367D_ACL_RULE_TEMPLATE2_CTRL3_FIELD7_OFFSET		OFFSET_SHIFT	8	8	1673
D	RTL8367D_ACL_RULE_TEMPLATE2_CTRL3_FIELD7_MASK		MASK	0x7F00	32512	1674
D	RTL8367D_ACL_RULE_TEMPLATE2_CTRL3_FIELD6_OFFSET		OFFSET_SHIFT	0	0	1675
D	RTL8367D_ACL_RULE_TEMPLATE2_CTRL3_FIELD6_MASK		MASK	0x7F	127	1676
D	RTL8367D_REG_ACL_RULE_TEMPLATE3_CTRL0		REGISTER	0x060c	1548	1678
D	RTL8367D_ACL_RULE_TEMPLATE3_CTRL0_FIELD1_OFFSET		OFFSET_SHIFT	8	8	1679
D	RTL8367D_ACL_RULE_TEMPLATE3_CTRL0_FIELD1_MASK		MASK	0x7F00	32512	1680
D	RTL8367D_ACL_RULE_TEMPLATE3_CTRL0_FIELD0_OFFSET		OFFSET_SHIFT	0	0	1681
D	RTL8367D_ACL_RULE_TEMPLATE3_CTRL0_FIELD0_MASK		MASK	0x7F	127	1682
D	RTL8367D_REG_ACL_RULE_TEMPLATE3_CTRL1		REGISTER	0x060d	1549	1684
D	RTL8367D_ACL_RULE_TEMPLATE3_CTRL1_FIELD3_OFFSET		OFFSET_SHIFT	8	8	1685
D	RTL8367D_ACL_RULE_TEMPLATE3_CTRL1_FIELD3_MASK		MASK	0x7F00	32512	1686
D	RTL8367D_ACL_RULE_TEMPLATE3_CTRL1_FIELD2_OFFSET		OFFSET_SHIFT	0	0	1687
D	RTL8367D_ACL_RULE_TEMPLATE3_CTRL1_FIELD2_MASK		MASK	0x7F	127	1688
D	RTL8367D_REG_ACL_RULE_TEMPLATE3_CTRL2		REGISTER	0x060e	1550	1690
D	RTL8367D_ACL_RULE_TEMPLATE3_CTRL2_FIELD5_OFFSET		OFFSET_SHIFT	8	8	1691
D	RTL8367D_ACL_RULE_TEMPLATE3_CTRL2_FIELD5_MASK		MASK	0x7F00	32512	1692
D	RTL8367D_ACL_RULE_TEMPLATE3_CTRL2_FIELD4_OFFSET		OFFSET_SHIFT	0	0	1693
D	RTL8367D_ACL_RULE_TEMPLATE3_CTRL2_FIELD4_MASK		MASK	0x7F	127	1694
D	RTL8367D_REG_ACL_RULE_TEMPLATE3_CTRL3		REGISTER	0x060f	1551	1696
D	RTL8367D_ACL_RULE_TEMPLATE3_CTRL3_FIELD7_OFFSET		OFFSET_SHIFT	8	8	1697
D	RTL8367D_ACL_RULE_TEMPLATE3_CTRL3_FIELD7_MASK		MASK	0x7F00	32512	1698
D	RTL8367D_ACL_RULE_TEMPLATE3_CTRL3_FIELD6_OFFSET		OFFSET_SHIFT	0	0	1699
D	RTL8367D_ACL_RULE_TEMPLATE3_CTRL3_FIELD6_MASK		MASK	0x7F	127	1700
D	RTL8367D_REG_ACL_RULE_TEMPLATE4_CTRL0		REGISTER	0x0610	1552	1702
D	RTL8367D_ACL_RULE_TEMPLATE4_CTRL0_FIELD1_OFFSET		OFFSET_SHIFT	8	8	1703
D	RTL8367D_ACL_RULE_TEMPLATE4_CTRL0_FIELD1_MASK		MASK	0x7F00	32512	1704
D	RTL8367D_ACL_RULE_TEMPLATE4_CTRL0_FIELD0_OFFSET		OFFSET_SHIFT	0	0	1705
D	RTL8367D_ACL_RULE_TEMPLATE4_CTRL0_FIELD0_MASK		MASK	0x7F	127	1706
D	RTL8367D_REG_ACL_RULE_TEMPLATE4_CTRL1		REGISTER	0x0611	1553	1708
D	RTL8367D_ACL_RULE_TEMPLATE4_CTRL1_FIELD3_OFFSET		OFFSET_SHIFT	8	8	1709
D	RTL8367D_ACL_RULE_TEMPLATE4_CTRL1_FIELD3_MASK		MASK	0x7F00	32512	1710
D	RTL8367D_ACL_RULE_TEMPLATE4_CTRL1_FIELD2_OFFSET		OFFSET_SHIFT	0	0	1711
D	RTL8367D_ACL_RULE_TEMPLATE4_CTRL1_FIELD2_MASK		MASK	0x7F	127	1712
D	RTL8367D_REG_ACL_RULE_TEMPLATE4_CTRL2		REGISTER	0x0612	1554	1714
D	RTL8367D_ACL_RULE_TEMPLATE4_CTRL2_FIELD5_OFFSET		OFFSET_SHIFT	8	8	1715
D	RTL8367D_ACL_RULE_TEMPLATE4_CTRL2_FIELD5_MASK		MASK	0x7F00	32512	1716
D	RTL8367D_ACL_RULE_TEMPLATE4_CTRL2_FIELD4_OFFSET		OFFSET_SHIFT	0	0	1717
D	RTL8367D_ACL_RULE_TEMPLATE4_CTRL2_FIELD4_MASK		MASK	0x7F	127	1718
D	RTL8367D_REG_ACL_RULE_TEMPLATE4_CTRL3		REGISTER	0x0613	1555	1720
D	RTL8367D_ACL_RULE_TEMPLATE4_CTRL3_FIELD7_OFFSET		OFFSET_SHIFT	8	8	1721
D	RTL8367D_ACL_RULE_TEMPLATE4_CTRL3_FIELD7_MASK		MASK	0x7F00	32512	1722
D	RTL8367D_ACL_RULE_TEMPLATE4_CTRL3_FIELD6_OFFSET		OFFSET_SHIFT	0	0	1723
D	RTL8367D_ACL_RULE_TEMPLATE4_CTRL3_FIELD6_MASK		MASK	0x7F	127	1724
D	RTL8367D_REG_ACL_ACTION_CTRL0		REGISTER	0x0614	1556	1726
D	RTL8367D_OP1_NOT_OFFSET		OFFSET_SHIFT	14	14	1727
D	RTL8367D_OP1_NOT_MASK		MASK	0x4000	16384	1728
D	RTL8367D_ACT1_GPIO_OFFSET		OFFSET_SHIFT	13	13	1729
D	RTL8367D_ACT1_GPIO_MASK		MASK	0x2000	8192	1730
D	RTL8367D_ACT1_FORWARD_OFFSET		OFFSET_SHIFT	12	12	1731
D	RTL8367D_ACT1_FORWARD_MASK		MASK	0x1000	4096	1732
D	RTL8367D_ACT1_POLICING_OFFSET		OFFSET_SHIFT	11	11	1733
D	RTL8367D_ACT1_POLICING_MASK		MASK	0x800	2048	1734
D	RTL8367D_ACT1_PRIORITY_OFFSET		OFFSET_SHIFT	10	10	1735
D	RTL8367D_ACT1_PRIORITY_MASK		MASK	0x400	1024	1736
D	RTL8367D_ACT1_SVID_OFFSET		OFFSET_SHIFT	9	9	1737
D	RTL8367D_ACT1_SVID_MASK		MASK	0x200	512	1738
D	RTL8367D_ACT1_CVID_OFFSET		OFFSET_SHIFT	8	8	1739
D	RTL8367D_ACT1_CVID_MASK		MASK	0x100	256	1740
D	RTL8367D_OP0_NOT_OFFSET		OFFSET_SHIFT	6	6	1741
D	RTL8367D_OP0_NOT_MASK		MASK	0x40	64	1742
D	RTL8367D_ACT0_GPIO_OFFSET		OFFSET_SHIFT	5	5	1743
D	RTL8367D_ACT0_GPIO_MASK		MASK	0x20	32	1744
D	RTL8367D_ACT0_FORWARD_OFFSET		OFFSET_SHIFT	4	4	1745
D	RTL8367D_ACT0_FORWARD_MASK		MASK	0x10	16	1746
D	RTL8367D_ACT0_POLICING_OFFSET		OFFSET_SHIFT	3	3	1747
D	RTL8367D_ACT0_POLICING_MASK		MASK	0x8	8	1748
D	RTL8367D_ACT0_PRIORITY_OFFSET		OFFSET_SHIFT	2	2	1749
D	RTL8367D_ACT0_PRIORITY_MASK		MASK	0x4	4	1750
D	RTL8367D_ACT0_SVID_OFFSET		OFFSET_SHIFT	1	1	1751
D	RTL8367D_ACT0_SVID_MASK		MASK	0x2	2	1752
D	RTL8367D_ACT0_CVID_OFFSET		OFFSET_SHIFT	0	0	1753
D	RTL8367D_ACT0_CVID_MASK		MASK	0x1	1	1754
D	RTL8367D_REG_ACL_ACTION_CTRL1		REGISTER	0x0615	1557	1756
D	RTL8367D_OP3_NOT_OFFSET		OFFSET_SHIFT	14	14	1757
D	RTL8367D_OP3_NOT_MASK		MASK	0x4000	16384	1758
D	RTL8367D_ACT3_GPIO_OFFSET		OFFSET_SHIFT	13	13	1759
D	RTL8367D_ACT3_GPIO_MASK		MASK	0x2000	8192	1760
D	RTL8367D_ACT3_FORWARD_OFFSET		OFFSET_SHIFT	12	12	1761
D	RTL8367D_ACT3_FORWARD_MASK		MASK	0x1000	4096	1762
D	RTL8367D_ACT3_POLICING_OFFSET		OFFSET_SHIFT	11	11	1763
D	RTL8367D_ACT3_POLICING_MASK		MASK	0x800	2048	1764
D	RTL8367D_ACT3_PRIORITY_OFFSET		OFFSET_SHIFT	10	10	1765
D	RTL8367D_ACT3_PRIORITY_MASK		MASK	0x400	1024	1766
D	RTL8367D_ACT3_SVID_OFFSET		OFFSET_SHIFT	9	9	1767
D	RTL8367D_ACT3_SVID_MASK		MASK	0x200	512	1768
D	RTL8367D_ACT3_CVID_OFFSET		OFFSET_SHIFT	8	8	1769
D	RTL8367D_ACT3_CVID_MASK		MASK	0x100	256	1770
D	RTL8367D_OP2_NOT_OFFSET		OFFSET_SHIFT	6	6	1771
D	RTL8367D_OP2_NOT_MASK		MASK	0x40	64	1772
D	RTL8367D_ACT2_GPIO_OFFSET		OFFSET_SHIFT	5	5	1773
D	RTL8367D_ACT2_GPIO_MASK		MASK	0x20	32	1774
D	RTL8367D_ACT2_FORWARD_OFFSET		OFFSET_SHIFT	4	4	1775
D	RTL8367D_ACT2_FORWARD_MASK		MASK	0x10	16	1776
D	RTL8367D_ACT2_POLICING_OFFSET		OFFSET_SHIFT	3	3	1777
D	RTL8367D_ACT2_POLICING_MASK		MASK	0x8	8	1778
D	RTL8367D_ACT2_PRIORITY_OFFSET		OFFSET_SHIFT	2	2	1779
D	RTL8367D_ACT2_PRIORITY_MASK		MASK	0x4	4	1780
D	RTL8367D_ACT2_SVID_OFFSET		OFFSET_SHIFT	1	1	1781
D	RTL8367D_ACT2_SVID_MASK		MASK	0x2	2	1782
D	RTL8367D_ACT2_CVID_OFFSET		OFFSET_SHIFT	0	0	1783
D	RTL8367D_ACT2_CVID_MASK		MASK	0x1	1	1784
D	RTL8367D_REG_ACL_ACTION_CTRL2		REGISTER	0x0616	1558	1786
D	RTL8367D_OP5_NOT_OFFSET		OFFSET_SHIFT	14	14	1787
D	RTL8367D_OP5_NOT_MASK		MASK	0x4000	16384	1788
D	RTL8367D_ACT5_GPIO_OFFSET		OFFSET_SHIFT	13	13	1789
D	RTL8367D_ACT5_GPIO_MASK		MASK	0x2000	8192	1790
D	RTL8367D_ACT5_FORWARD_OFFSET		OFFSET_SHIFT	12	12	1791
D	RTL8367D_ACT5_FORWARD_MASK		MASK	0x1000	4096	1792
D	RTL8367D_ACT5_POLICING_OFFSET		OFFSET_SHIFT	11	11	1793
D	RTL8367D_ACT5_POLICING_MASK		MASK	0x800	2048	1794
D	RTL8367D_ACT5_PRIORITY_OFFSET		OFFSET_SHIFT	10	10	1795
D	RTL8367D_ACT5_PRIORITY_MASK		MASK	0x400	1024	1796
D	RTL8367D_ACT5_SVID_OFFSET		OFFSET_SHIFT	9	9	1797
D	RTL8367D_ACT5_SVID_MASK		MASK	0x200	512	1798
D	RTL8367D_ACT5_CVID_OFFSET		OFFSET_SHIFT	8	8	1799
D	RTL8367D_ACT5_CVID_MASK		MASK	0x100	256	1800
D	RTL8367D_OP4_NOT_OFFSET		OFFSET_SHIFT	6	6	1801
D	RTL8367D_OP4_NOT_MASK		MASK	0x40	64	1802
D	RTL8367D_ACT4_GPIO_OFFSET		OFFSET_SHIFT	5	5	1803
D	RTL8367D_ACT4_GPIO_MASK		MASK	0x20	32	1804
D	RTL8367D_ACT4_FORWARD_OFFSET		OFFSET_SHIFT	4	4	1805
D	RTL8367D_ACT4_FORWARD_MASK		MASK	0x10	16	1806
D	RTL8367D_ACT4_POLICING_OFFSET		OFFSET_SHIFT	3	3	1807
D	RTL8367D_ACT4_POLICING_MASK		MASK	0x8	8	1808
D	RTL8367D_ACT4_PRIORITY_OFFSET		OFFSET_SHIFT	2	2	1809
D	RTL8367D_ACT4_PRIORITY_MASK		MASK	0x4	4	1810
D	RTL8367D_ACT4_SVID_OFFSET		OFFSET_SHIFT	1	1	1811
D	RTL8367D_ACT4_SVID_MASK		MASK	0x2	2	1812
D	RTL8367D_ACT4_CVID_OFFSET		OFFSET_SHIFT	0	0	1813
D	RTL8367D_ACT4_CVID_MASK		MASK	0x1	1	1814
D	RTL8367D_REG_ACL_ACTION_CTRL3		REGISTER	0x0617	1559	1816
D	RTL8367D_OP7_NOT_OFFSET		OFFSET_SHIFT	14	14	1817
D	RTL8367D_OP7_NOT_MASK		MASK	0x4000	16384	1818
D	RTL8367D_ACT7_GPIO_OFFSET		OFFSET_SHIFT	13	13	1819
D	RTL8367D_ACT7_GPIO_MASK		MASK	0x2000	8192	1820
D	RTL8367D_ACT7_FORWARD_OFFSET		OFFSET_SHIFT	12	12	1821
D	RTL8367D_ACT7_FORWARD_MASK		MASK	0x1000	4096	1822
D	RTL8367D_ACT7_POLICING_OFFSET		OFFSET_SHIFT	11	11	1823
D	RTL8367D_ACT7_POLICING_MASK		MASK	0x800	2048	1824
D	RTL8367D_ACT7_PRIORITY_OFFSET		OFFSET_SHIFT	10	10	1825
D	RTL8367D_ACT7_PRIORITY_MASK		MASK	0x400	1024	1826
D	RTL8367D_ACT7_SVID_OFFSET		OFFSET_SHIFT	9	9	1827
D	RTL8367D_ACT7_SVID_MASK		MASK	0x200	512	1828
D	RTL8367D_ACT7_CVID_OFFSET		OFFSET_SHIFT	8	8	1829
D	RTL8367D_ACT7_CVID_MASK		MASK	0x100	256	1830
D	RTL8367D_OP6_NOT_OFFSET		OFFSET_SHIFT	6	6	1831
D	RTL8367D_OP6_NOT_MASK		MASK	0x40	64	1832
D	RTL8367D_ACT6_GPIO_OFFSET		OFFSET_SHIFT	5	5	1833
D	RTL8367D_ACT6_GPIO_MASK		MASK	0x20	32	1834
D	RTL8367D_ACT6_FORWARD_OFFSET		OFFSET_SHIFT	4	4	1835
D	RTL8367D_ACT6_FORWARD_MASK		MASK	0x10	16	1836
D	RTL8367D_ACT6_POLICING_OFFSET		OFFSET_SHIFT	3	3	1837
D	RTL8367D_ACT6_POLICING_MASK		MASK	0x8	8	1838
D	RTL8367D_ACT6_PRIORITY_OFFSET		OFFSET_SHIFT	2	2	1839
D	RTL8367D_ACT6_PRIORITY_MASK		MASK	0x4	4	1840
D	RTL8367D_ACT6_SVID_OFFSET		OFFSET_SHIFT	1	1	1841
D	RTL8367D_ACT6_SVID_MASK		MASK	0x2	2	1842
D	RTL8367D_ACT6_CVID_OFFSET		OFFSET_SHIFT	0	0	1843
D	RTL8367D_ACT6_CVID_MASK		MASK	0x1	1	1844
D	RTL8367D_REG_ACL_ACTION_CTRL4		REGISTER	0x0618	1560	1846
D	RTL8367D_OP9_NOT_OFFSET		OFFSET_SHIFT	14	14	1847
D	RTL8367D_OP9_NOT_MASK		MASK	0x4000	16384	1848
D	RTL8367D_ACT9_GPIO_OFFSET		OFFSET_SHIFT	13	13	1849
D	RTL8367D_ACT9_GPIO_MASK		MASK	0x2000	8192	1850
D	RTL8367D_ACT9_FORWARD_OFFSET		OFFSET_SHIFT	12	12	1851
D	RTL8367D_ACT9_FORWARD_MASK		MASK	0x1000	4096	1852
D	RTL8367D_ACT9_POLICING_OFFSET		OFFSET_SHIFT	11	11	1853
D	RTL8367D_ACT9_POLICING_MASK		MASK	0x800	2048	1854
D	RTL8367D_ACT9_PRIORITY_OFFSET		OFFSET_SHIFT	10	10	1855
D	RTL8367D_ACT9_PRIORITY_MASK		MASK	0x400	1024	1856
D	RTL8367D_ACT9_SVID_OFFSET		OFFSET_SHIFT	9	9	1857
D	RTL8367D_ACT9_SVID_MASK		MASK	0x200	512	1858
D	RTL8367D_ACT9_CVID_OFFSET		OFFSET_SHIFT	8	8	1859
D	RTL8367D_ACT9_CVID_MASK		MASK	0x100	256	1860
D	RTL8367D_OP8_NOT_OFFSET		OFFSET_SHIFT	6	6	1861
D	RTL8367D_OP8_NOT_MASK		MASK	0x40	64	1862
D	RTL8367D_ACT8_GPIO_OFFSET		OFFSET_SHIFT	5	5	1863
D	RTL8367D_ACT8_GPIO_MASK		MASK	0x20	32	1864
D	RTL8367D_ACT8_FORWARD_OFFSET		OFFSET_SHIFT	4	4	1865
D	RTL8367D_ACT8_FORWARD_MASK		MASK	0x10	16	1866
D	RTL8367D_ACT8_POLICING_OFFSET		OFFSET_SHIFT	3	3	1867
D	RTL8367D_ACT8_POLICING_MASK		MASK	0x8	8	1868
D	RTL8367D_ACT8_PRIORITY_OFFSET		OFFSET_SHIFT	2	2	1869
D	RTL8367D_ACT8_PRIORITY_MASK		MASK	0x4	4	1870
D	RTL8367D_ACT8_SVID_OFFSET		OFFSET_SHIFT	1	1	1871
D	RTL8367D_ACT8_SVID_MASK		MASK	0x2	2	1872
D	RTL8367D_ACT8_CVID_OFFSET		OFFSET_SHIFT	0	0	1873
D	RTL8367D_ACT8_CVID_MASK		MASK	0x1	1	1874
D	RTL8367D_REG_ACL_ACTION_CTRL5		REGISTER	0x0619	1561	1876
D	RTL8367D_OP11_NOT_OFFSET		OFFSET_SHIFT	14	14	1877
D	RTL8367D_OP11_NOT_MASK		MASK	0x4000	16384	1878
D	RTL8367D_ACT11_GPIO_OFFSET		OFFSET_SHIFT	13	13	1879
D	RTL8367D_ACT11_GPIO_MASK		MASK	0x2000	8192	1880
D	RTL8367D_ACT11_FORWARD_OFFSET		OFFSET_SHIFT	12	12	1881
D	RTL8367D_ACT11_FORWARD_MASK		MASK	0x1000	4096	1882
D	RTL8367D_ACT11_POLICING_OFFSET		OFFSET_SHIFT	11	11	1883
D	RTL8367D_ACT11_POLICING_MASK		MASK	0x800	2048	1884
D	RTL8367D_ACT11_PRIORITY_OFFSET		OFFSET_SHIFT	10	10	1885
D	RTL8367D_ACT11_PRIORITY_MASK		MASK	0x400	1024	1886
D	RTL8367D_ACT11_SVID_OFFSET		OFFSET_SHIFT	9	9	1887
D	RTL8367D_ACT11_SVID_MASK		MASK	0x200	512	1888
D	RTL8367D_ACT11_CVID_OFFSET		OFFSET_SHIFT	8	8	1889
D	RTL8367D_ACT11_CVID_MASK		MASK	0x100	256	1890
D	RTL8367D_OP10_NOT_OFFSET		OFFSET_SHIFT	6	6	1891
D	RTL8367D_OP10_NOT_MASK		MASK	0x40	64	1892
D	RTL8367D_ACT10_GPIO_OFFSET		OFFSET_SHIFT	5	5	1893
D	RTL8367D_ACT10_GPIO_MASK		MASK	0x20	32	1894
D	RTL8367D_ACT10_FORWARD_OFFSET		OFFSET_SHIFT	4	4	1895
D	RTL8367D_ACT10_FORWARD_MASK		MASK	0x10	16	1896
D	RTL8367D_ACT10_POLICING_OFFSET		OFFSET_SHIFT	3	3	1897
D	RTL8367D_ACT10_POLICING_MASK		MASK	0x8	8	1898
D	RTL8367D_ACT10_PRIORITY_OFFSET		OFFSET_SHIFT	2	2	1899
D	RTL8367D_ACT10_PRIORITY_MASK		MASK	0x4	4	1900
D	RTL8367D_ACT10_SVID_OFFSET		OFFSET_SHIFT	1	1	1901
D	RTL8367D_ACT10_SVID_MASK		MASK	0x2	2	1902
D	RTL8367D_ACT10_CVID_OFFSET		OFFSET_SHIFT	0	0	1903
D	RTL8367D_ACT10_CVID_MASK		MASK	0x1	1	1904
D	RTL8367D_REG_ACL_ACTION_CTRL6		REGISTER	0x061a	1562	1906
D	RTL8367D_OP13_NOT_OFFSET		OFFSET_SHIFT	14	14	1907
D	RTL8367D_OP13_NOT_MASK		MASK	0x4000	16384	1908
D	RTL8367D_ACT13_GPIO_OFFSET		OFFSET_SHIFT	13	13	1909
D	RTL8367D_ACT13_GPIO_MASK		MASK	0x2000	8192	1910
D	RTL8367D_ACT13_FORWARD_OFFSET		OFFSET_SHIFT	12	12	1911
D	RTL8367D_ACT13_FORWARD_MASK		MASK	0x1000	4096	1912
D	RTL8367D_ACT13_POLICING_OFFSET		OFFSET_SHIFT	11	11	1913
D	RTL8367D_ACT13_POLICING_MASK		MASK	0x800	2048	1914
D	RTL8367D_ACT13_PRIORITY_OFFSET		OFFSET_SHIFT	10	10	1915
D	RTL8367D_ACT13_PRIORITY_MASK		MASK	0x400	1024	1916
D	RTL8367D_ACT13_SVID_OFFSET		OFFSET_SHIFT	9	9	1917
D	RTL8367D_ACT13_SVID_MASK		MASK	0x200	512	1918
D	RTL8367D_ACT13_CVID_OFFSET		OFFSET_SHIFT	8	8	1919
D	RTL8367D_ACT13_CVID_MASK		MASK	0x100	256	1920
D	RTL8367D_OP12_NOT_OFFSET		OFFSET_SHIFT	6	6	1921
D	RTL8367D_OP12_NOT_MASK		MASK	0x40	64	1922
D	RTL8367D_ACT12_GPIO_OFFSET		OFFSET_SHIFT	5	5	1923
D	RTL8367D_ACT12_GPIO_MASK		MASK	0x20	32	1924
D	RTL8367D_ACT12_FORWARD_OFFSET		OFFSET_SHIFT	4	4	1925
D	RTL8367D_ACT12_FORWARD_MASK		MASK	0x10	16	1926
D	RTL8367D_ACT12_POLICING_OFFSET		OFFSET_SHIFT	3	3	1927
D	RTL8367D_ACT12_POLICING_MASK		MASK	0x8	8	1928
D	RTL8367D_ACT12_PRIORITY_OFFSET		OFFSET_SHIFT	2	2	1929
D	RTL8367D_ACT12_PRIORITY_MASK		MASK	0x4	4	1930
D	RTL8367D_ACT12_SVID_OFFSET		OFFSET_SHIFT	1	1	1931
D	RTL8367D_ACT12_SVID_MASK		MASK	0x2	2	1932
D	RTL8367D_ACT12_CVID_OFFSET		OFFSET_SHIFT	0	0	1933
D	RTL8367D_ACT12_CVID_MASK		MASK	0x1	1	1934
D	RTL8367D_REG_ACL_ACTION_CTRL7		REGISTER	0x061b	1563	1936
D	RTL8367D_OP15_NOT_OFFSET		OFFSET_SHIFT	14	14	1937
D	RTL8367D_OP15_NOT_MASK		MASK	0x4000	16384	1938
D	RTL8367D_ACT15_GPIO_OFFSET		OFFSET_SHIFT	13	13	1939
D	RTL8367D_ACT15_GPIO_MASK		MASK	0x2000	8192	1940
D	RTL8367D_ACT15_FORWARD_OFFSET		OFFSET_SHIFT	12	12	1941
D	RTL8367D_ACT15_FORWARD_MASK		MASK	0x1000	4096	1942
D	RTL8367D_ACT15_POLICING_OFFSET		OFFSET_SHIFT	11	11	1943
D	RTL8367D_ACT15_POLICING_MASK		MASK	0x800	2048	1944
D	RTL8367D_ACT15_PRIORITY_OFFSET		OFFSET_SHIFT	10	10	1945
D	RTL8367D_ACT15_PRIORITY_MASK		MASK	0x400	1024	1946
D	RTL8367D_ACT15_SVID_OFFSET		OFFSET_SHIFT	9	9	1947
D	RTL8367D_ACT15_SVID_MASK		MASK	0x200	512	1948
D	RTL8367D_ACT15_CVID_OFFSET		OFFSET_SHIFT	8	8	1949
D	RTL8367D_ACT15_CVID_MASK		MASK	0x100	256	1950
D	RTL8367D_OP14_NOT_OFFSET		OFFSET_SHIFT	6	6	1951
D	RTL8367D_OP14_NOT_MASK		MASK	0x40	64	1952
D	RTL8367D_ACT14_GPIO_OFFSET		OFFSET_SHIFT	5	5	1953
D	RTL8367D_ACT14_GPIO_MASK		MASK	0x20	32	1954
D	RTL8367D_ACT14_FORWARD_OFFSET		OFFSET_SHIFT	4	4	1955
D	RTL8367D_ACT14_FORWARD_MASK		MASK	0x10	16	1956
D	RTL8367D_ACT14_POLICING_OFFSET		OFFSET_SHIFT	3	3	1957
D	RTL8367D_ACT14_POLICING_MASK		MASK	0x8	8	1958
D	RTL8367D_ACT14_PRIORITY_OFFSET		OFFSET_SHIFT	2	2	1959
D	RTL8367D_ACT14_PRIORITY_MASK		MASK	0x4	4	1960
D	RTL8367D_ACT14_SVID_OFFSET		OFFSET_SHIFT	1	1	1961
D	RTL8367D_ACT14_SVID_MASK		MASK	0x2	2	1962
D	RTL8367D_ACT14_CVID_OFFSET		OFFSET_SHIFT	0	0	1963
D	RTL8367D_ACT14_CVID_MASK		MASK	0x1	1	1964
D	RTL8367D_REG_ACL_ACTION_CTRL8		REGISTER	0x061c	1564	1966
D	RTL8367D_OP17_NOT_OFFSET		OFFSET_SHIFT	14	14	1967
D	RTL8367D_OP17_NOT_MASK		MASK	0x4000	16384	1968
D	RTL8367D_ACT17_GPIO_OFFSET		OFFSET_SHIFT	13	13	1969
D	RTL8367D_ACT17_GPIO_MASK		MASK	0x2000	8192	1970
D	RTL8367D_ACT17_FORWARD_OFFSET		OFFSET_SHIFT	12	12	1971
D	RTL8367D_ACT17_FORWARD_MASK		MASK	0x1000	4096	1972
D	RTL8367D_ACT17_POLICING_OFFSET		OFFSET_SHIFT	11	11	1973
D	RTL8367D_ACT17_POLICING_MASK		MASK	0x800	2048	1974
D	RTL8367D_ACT17_PRIORITY_OFFSET		OFFSET_SHIFT	10	10	1975
D	RTL8367D_ACT17_PRIORITY_MASK		MASK	0x400	1024	1976
D	RTL8367D_ACT17_SVID_OFFSET		OFFSET_SHIFT	9	9	1977
D	RTL8367D_ACT17_SVID_MASK		MASK	0x200	512	1978
D	RTL8367D_ACT17_CVID_OFFSET		OFFSET_SHIFT	8	8	1979
D	RTL8367D_ACT17_CVID_MASK		MASK	0x100	256	1980
D	RTL8367D_OP16_NOT_OFFSET		OFFSET_SHIFT	6	6	1981
D	RTL8367D_OP16_NOT_MASK		MASK	0x40	64	1982
D	RTL8367D_ACT16_GPIO_OFFSET		OFFSET_SHIFT	5	5	1983
D	RTL8367D_ACT16_GPIO_MASK		MASK	0x20	32	1984
D	RTL8367D_ACT16_FORWARD_OFFSET		OFFSET_SHIFT	4	4	1985
D	RTL8367D_ACT16_FORWARD_MASK		MASK	0x10	16	1986
D	RTL8367D_ACT16_POLICING_OFFSET		OFFSET_SHIFT	3	3	1987
D	RTL8367D_ACT16_POLICING_MASK		MASK	0x8	8	1988
D	RTL8367D_ACT16_PRIORITY_OFFSET		OFFSET_SHIFT	2	2	1989
D	RTL8367D_ACT16_PRIORITY_MASK		MASK	0x4	4	1990
D	RTL8367D_ACT16_SVID_OFFSET		OFFSET_SHIFT	1	1	1991
D	RTL8367D_ACT16_SVID_MASK		MASK	0x2	2	1992
D	RTL8367D_ACT16_CVID_OFFSET		OFFSET_SHIFT	0	0	1993
D	RTL8367D_ACT16_CVID_MASK		MASK	0x1	1	1994
D	RTL8367D_REG_ACL_ACTION_CTRL9		REGISTER	0x061d	1565	1996
D	RTL8367D_OP19_NOT_OFFSET		OFFSET_SHIFT	14	14	1997
D	RTL8367D_OP19_NOT_MASK		MASK	0x4000	16384	1998
D	RTL8367D_ACT19_GPIO_OFFSET		OFFSET_SHIFT	13	13	1999
D	RTL8367D_ACT19_GPIO_MASK		MASK	0x2000	8192	2000
D	RTL8367D_ACT19_FORWARD_OFFSET		OFFSET_SHIFT	12	12	2001
D	RTL8367D_ACT19_FORWARD_MASK		MASK	0x1000	4096	2002
D	RTL8367D_ACT19_POLICING_OFFSET		OFFSET_SHIFT	11	11	2003
D	RTL8367D_ACT19_POLICING_MASK		MASK	0x800	2048	2004
D	RTL8367D_ACT19_PRIORITY_OFFSET		OFFSET_SHIFT	10	10	2005
D	RTL8367D_ACT19_PRIORITY_MASK		MASK	0x400	1024	2006
D	RTL8367D_ACT19_SVID_OFFSET		OFFSET_SHIFT	9	9	2007
D	RTL8367D_ACT19_SVID_MASK		MASK	0x200	512	2008
D	RTL8367D_ACT19_CVID_OFFSET		OFFSET_SHIFT	8	8	2009
D	RTL8367D_ACT19_CVID_MASK		MASK	0x100	256	2010
D	RTL8367D_OP18_NOT_OFFSET		OFFSET_SHIFT	6	6	2011
D	RTL8367D_OP18_NOT_MASK		MASK	0x40	64	2012
D	RTL8367D_ACT18_GPIO_OFFSET		OFFSET_SHIFT	5	5	2013
D	RTL8367D_ACT18_GPIO_MASK		MASK	0x20	32	2014
D	RTL8367D_ACT18_FORWARD_OFFSET		OFFSET_SHIFT	4	4	2015
D	RTL8367D_ACT18_FORWARD_MASK		MASK	0x10	16	2016
D	RTL8367D_ACT18_POLICING_OFFSET		OFFSET_SHIFT	3	3	2017
D	RTL8367D_ACT18_POLICING_MASK		MASK	0x8	8	2018
D	RTL8367D_ACT18_PRIORITY_OFFSET		OFFSET_SHIFT	2	2	2019
D	RTL8367D_ACT18_PRIORITY_MASK		MASK	0x4	4	2020
D	RTL8367D_ACT18_SVID_OFFSET		OFFSET_SHIFT	1	1	2021
D	RTL8367D_ACT18_SVID_MASK		MASK	0x2	2	2022
D	RTL8367D_ACT18_CVID_OFFSET		OFFSET_SHIFT	0	0	2023
D	RTL8367D_ACT18_CVID_MASK		MASK	0x1	1	2024
D	RTL8367D_REG_ACL_ACTION_CTRL10		REGISTER	0x061e	1566	2026
D	RTL8367D_OP21_NOT_OFFSET		OFFSET_SHIFT	14	14	2027
D	RTL8367D_OP21_NOT_MASK		MASK	0x4000	16384	2028
D	RTL8367D_ACT21_GPIO_OFFSET		OFFSET_SHIFT	13	13	2029
D	RTL8367D_ACT21_GPIO_MASK		MASK	0x2000	8192	2030
D	RTL8367D_ACT21_FORWARD_OFFSET		OFFSET_SHIFT	12	12	2031
D	RTL8367D_ACT21_FORWARD_MASK		MASK	0x1000	4096	2032
D	RTL8367D_ACT21_POLICING_OFFSET		OFFSET_SHIFT	11	11	2033
D	RTL8367D_ACT21_POLICING_MASK		MASK	0x800	2048	2034
D	RTL8367D_ACT21_PRIORITY_OFFSET		OFFSET_SHIFT	10	10	2035
D	RTL8367D_ACT21_PRIORITY_MASK		MASK	0x400	1024	2036
D	RTL8367D_ACT21_SVID_OFFSET		OFFSET_SHIFT	9	9	2037
D	RTL8367D_ACT21_SVID_MASK		MASK	0x200	512	2038
D	RTL8367D_ACT21_CVID_OFFSET		OFFSET_SHIFT	8	8	2039
D	RTL8367D_ACT21_CVID_MASK		MASK	0x100	256	2040
D	RTL8367D_OP20_NOT_OFFSET		OFFSET_SHIFT	6	6	2041
D	RTL8367D_OP20_NOT_MASK		MASK	0x40	64	2042
D	RTL8367D_ACT20_GPIO_OFFSET		OFFSET_SHIFT	5	5	2043
D	RTL8367D_ACT20_GPIO_MASK		MASK	0x20	32	2044
D	RTL8367D_ACT20_FORWARD_OFFSET		OFFSET_SHIFT	4	4	2045
D	RTL8367D_ACT20_FORWARD_MASK		MASK	0x10	16	2046
D	RTL8367D_ACT20_POLICING_OFFSET		OFFSET_SHIFT	3	3	2047
D	RTL8367D_ACT20_POLICING_MASK		MASK	0x8	8	2048
D	RTL8367D_ACT20_PRIORITY_OFFSET		OFFSET_SHIFT	2	2	2049
D	RTL8367D_ACT20_PRIORITY_MASK		MASK	0x4	4	2050
D	RTL8367D_ACT20_SVID_OFFSET		OFFSET_SHIFT	1	1	2051
D	RTL8367D_ACT20_SVID_MASK		MASK	0x2	2	2052
D	RTL8367D_ACT20_CVID_OFFSET		OFFSET_SHIFT	0	0	2053
D	RTL8367D_ACT20_CVID_MASK		MASK	0x1	1	2054
D	RTL8367D_REG_ACL_ACTION_CTRL11		REGISTER	0x061f	1567	2056
D	RTL8367D_OP23_NOT_OFFSET		OFFSET_SHIFT	14	14	2057
D	RTL8367D_OP23_NOT_MASK		MASK	0x4000	16384	2058
D	RTL8367D_ACT23_GPIO_OFFSET		OFFSET_SHIFT	13	13	2059
D	RTL8367D_ACT23_GPIO_MASK		MASK	0x2000	8192	2060
D	RTL8367D_ACT23_FORWARD_OFFSET		OFFSET_SHIFT	12	12	2061
D	RTL8367D_ACT23_FORWARD_MASK		MASK	0x1000	4096	2062
D	RTL8367D_ACT23_POLICING_OFFSET		OFFSET_SHIFT	11	11	2063
D	RTL8367D_ACT23_POLICING_MASK		MASK	0x800	2048	2064
D	RTL8367D_ACT23_PRIORITY_OFFSET		OFFSET_SHIFT	10	10	2065
D	RTL8367D_ACT23_PRIORITY_MASK		MASK	0x400	1024	2066
D	RTL8367D_ACT23_SVID_OFFSET		OFFSET_SHIFT	9	9	2067
D	RTL8367D_ACT23_SVID_MASK		MASK	0x200	512	2068
D	RTL8367D_ACT23_CVID_OFFSET		OFFSET_SHIFT	8	8	2069
D	RTL8367D_ACT23_CVID_MASK		MASK	0x100	256	2070
D	RTL8367D_OP22_NOT_OFFSET		OFFSET_SHIFT	6	6	2071
D	RTL8367D_OP22_NOT_MASK		MASK	0x40	64	2072
D	RTL8367D_ACT22_GPIO_OFFSET		OFFSET_SHIFT	5	5	2073
D	RTL8367D_ACT22_GPIO_MASK		MASK	0x20	32	2074
D	RTL8367D_ACT22_FORWARD_OFFSET		OFFSET_SHIFT	4	4	2075
D	RTL8367D_ACT22_FORWARD_MASK		MASK	0x10	16	2076
D	RTL8367D_ACT22_POLICING_OFFSET		OFFSET_SHIFT	3	3	2077
D	RTL8367D_ACT22_POLICING_MASK		MASK	0x8	8	2078
D	RTL8367D_ACT22_PRIORITY_OFFSET		OFFSET_SHIFT	2	2	2079
D	RTL8367D_ACT22_PRIORITY_MASK		MASK	0x4	4	2080
D	RTL8367D_ACT22_SVID_OFFSET		OFFSET_SHIFT	1	1	2081
D	RTL8367D_ACT22_SVID_MASK		MASK	0x2	2	2082
D	RTL8367D_ACT22_CVID_OFFSET		OFFSET_SHIFT	0	0	2083
D	RTL8367D_ACT22_CVID_MASK		MASK	0x1	1	2084
D	RTL8367D_REG_ACL_ACTION_CTRL12		REGISTER	0x0620	1568	2086
D	RTL8367D_OP25_NOT_OFFSET		OFFSET_SHIFT	14	14	2087
D	RTL8367D_OP25_NOT_MASK		MASK	0x4000	16384	2088
D	RTL8367D_ACT25_GPIO_OFFSET		OFFSET_SHIFT	13	13	2089
D	RTL8367D_ACT25_GPIO_MASK		MASK	0x2000	8192	2090
D	RTL8367D_ACT25_FORWARD_OFFSET		OFFSET_SHIFT	12	12	2091
D	RTL8367D_ACT25_FORWARD_MASK		MASK	0x1000	4096	2092
D	RTL8367D_ACT25_POLICING_OFFSET		OFFSET_SHIFT	11	11	2093
D	RTL8367D_ACT25_POLICING_MASK		MASK	0x800	2048	2094
D	RTL8367D_ACT25_PRIORITY_OFFSET		OFFSET_SHIFT	10	10	2095
D	RTL8367D_ACT25_PRIORITY_MASK		MASK	0x400	1024	2096
D	RTL8367D_ACT25_SVID_OFFSET		OFFSET_SHIFT	9	9	2097
D	RTL8367D_ACT25_SVID_MASK		MASK	0x200	512	2098
D	RTL8367D_ACT25_CVID_OFFSET		OFFSET_SHIFT	8	8	2099
D	RTL8367D_ACT25_CVID_MASK		MASK	0x100	256	2100
D	RTL8367D_OP24_NOT_OFFSET		OFFSET_SHIFT	6	6	2101
D	RTL8367D_OP24_NOT_MASK		MASK	0x40	64	2102
D	RTL8367D_ACT24_GPIO_OFFSET		OFFSET_SHIFT	5	5	2103
D	RTL8367D_ACT24_GPIO_MASK		MASK	0x20	32	2104
D	RTL8367D_ACT24_FORWARD_OFFSET		OFFSET_SHIFT	4	4	2105
D	RTL8367D_ACT24_FORWARD_MASK		MASK	0x10	16	2106
D	RTL8367D_ACT24_POLICING_OFFSET		OFFSET_SHIFT	3	3	2107
D	RTL8367D_ACT24_POLICING_MASK		MASK	0x8	8	2108
D	RTL8367D_ACT24_PRIORITY_OFFSET		OFFSET_SHIFT	2	2	2109
D	RTL8367D_ACT24_PRIORITY_MASK		MASK	0x4	4	2110
D	RTL8367D_ACT24_SVID_OFFSET		OFFSET_SHIFT	1	1	2111
D	RTL8367D_ACT24_SVID_MASK		MASK	0x2	2	2112
D	RTL8367D_ACT24_CVID_OFFSET		OFFSET_SHIFT	0	0	2113
D	RTL8367D_ACT24_CVID_MASK		MASK	0x1	1	2114
D	RTL8367D_REG_ACL_ACTION_CTRL13		REGISTER	0x0621	1569	2116
D	RTL8367D_OP27_NOT_OFFSET		OFFSET_SHIFT	14	14	2117
D	RTL8367D_OP27_NOT_MASK		MASK	0x4000	16384	2118
D	RTL8367D_ACT27_GPIO_OFFSET		OFFSET_SHIFT	13	13	2119
D	RTL8367D_ACT27_GPIO_MASK		MASK	0x2000	8192	2120
D	RTL8367D_ACT27_FORWARD_OFFSET		OFFSET_SHIFT	12	12	2121
D	RTL8367D_ACT27_FORWARD_MASK		MASK	0x1000	4096	2122
D	RTL8367D_ACT27_POLICING_OFFSET		OFFSET_SHIFT	11	11	2123
D	RTL8367D_ACT27_POLICING_MASK		MASK	0x800	2048	2124
D	RTL8367D_ACT27_PRIORITY_OFFSET		OFFSET_SHIFT	10	10	2125
D	RTL8367D_ACT27_PRIORITY_MASK		MASK	0x400	1024	2126
D	RTL8367D_ACT27_SVID_OFFSET		OFFSET_SHIFT	9	9	2127
D	RTL8367D_ACT27_SVID_MASK		MASK	0x200	512	2128
D	RTL8367D_ACT27_CVID_OFFSET		OFFSET_SHIFT	8	8	2129
D	RTL8367D_ACT27_CVID_MASK		MASK	0x100	256	2130
D	RTL8367D_OP26_NOT_OFFSET		OFFSET_SHIFT	6	6	2131
D	RTL8367D_OP26_NOT_MASK		MASK	0x40	64	2132
D	RTL8367D_ACT26_GPIO_OFFSET		OFFSET_SHIFT	5	5	2133
D	RTL8367D_ACT26_GPIO_MASK		MASK	0x20	32	2134
D	RTL8367D_ACT26_FORWARD_OFFSET		OFFSET_SHIFT	4	4	2135
D	RTL8367D_ACT26_FORWARD_MASK		MASK	0x10	16	2136
D	RTL8367D_ACT26_POLICING_OFFSET		OFFSET_SHIFT	3	3	2137
D	RTL8367D_ACT26_POLICING_MASK		MASK	0x8	8	2138
D	RTL8367D_ACT26_PRIORITY_OFFSET		OFFSET_SHIFT	2	2	2139
D	RTL8367D_ACT26_PRIORITY_MASK		MASK	0x4	4	2140
D	RTL8367D_ACT26_SVID_OFFSET		OFFSET_SHIFT	1	1	2141
D	RTL8367D_ACT26_SVID_MASK		MASK	0x2	2	2142
D	RTL8367D_ACT26_CVID_OFFSET		OFFSET_SHIFT	0	0	2143
D	RTL8367D_ACT26_CVID_MASK		MASK	0x1	1	2144
D	RTL8367D_REG_ACL_ACTION_CTRL14		REGISTER	0x0622	1570	2146
D	RTL8367D_OP29_NOT_OFFSET		OFFSET_SHIFT	14	14	2147
D	RTL8367D_OP29_NOT_MASK		MASK	0x4000	16384	2148
D	RTL8367D_ACT29_GPIO_OFFSET		OFFSET_SHIFT	13	13	2149
D	RTL8367D_ACT29_GPIO_MASK		MASK	0x2000	8192	2150
D	RTL8367D_ACT29_FORWARD_OFFSET		OFFSET_SHIFT	12	12	2151
D	RTL8367D_ACT29_FORWARD_MASK		MASK	0x1000	4096	2152
D	RTL8367D_ACT29_POLICING_OFFSET		OFFSET_SHIFT	11	11	2153
D	RTL8367D_ACT29_POLICING_MASK		MASK	0x800	2048	2154
D	RTL8367D_ACT29_PRIORITY_OFFSET		OFFSET_SHIFT	10	10	2155
D	RTL8367D_ACT29_PRIORITY_MASK		MASK	0x400	1024	2156
D	RTL8367D_ACT29_SVID_OFFSET		OFFSET_SHIFT	9	9	2157
D	RTL8367D_ACT29_SVID_MASK		MASK	0x200	512	2158
D	RTL8367D_ACT29_CVID_OFFSET		OFFSET_SHIFT	8	8	2159
D	RTL8367D_ACT29_CVID_MASK		MASK	0x100	256	2160
D	RTL8367D_OP28_NOT_OFFSET		OFFSET_SHIFT	6	6	2161
D	RTL8367D_OP28_NOT_MASK		MASK	0x40	64	2162
D	RTL8367D_ACT28_GPIO_OFFSET		OFFSET_SHIFT	5	5	2163
D	RTL8367D_ACT28_GPIO_MASK		MASK	0x20	32	2164
D	RTL8367D_ACT28_FORWARD_OFFSET		OFFSET_SHIFT	4	4	2165
D	RTL8367D_ACT28_FORWARD_MASK		MASK	0x10	16	2166
D	RTL8367D_ACT28_POLICING_OFFSET		OFFSET_SHIFT	3	3	2167
D	RTL8367D_ACT28_POLICING_MASK		MASK	0x8	8	2168
D	RTL8367D_ACT28_PRIORITY_OFFSET		OFFSET_SHIFT	2	2	2169
D	RTL8367D_ACT28_PRIORITY_MASK		MASK	0x4	4	2170
D	RTL8367D_ACT28_SVID_OFFSET		OFFSET_SHIFT	1	1	2171
D	RTL8367D_ACT28_SVID_MASK		MASK	0x2	2	2172
D	RTL8367D_ACT28_CVID_OFFSET		OFFSET_SHIFT	0	0	2173
D	RTL8367D_ACT28_CVID_MASK		MASK	0x1	1	2174
D	RTL8367D_REG_ACL_ACTION_CTRL15		REGISTER	0x0623	1571	2176
D	RTL8367D_OP31_NOT_OFFSET		OFFSET_SHIFT	14	14	2177
D	RTL8367D_OP31_NOT_MASK		MASK	0x4000	16384	2178
D	RTL8367D_ACT31_GPIO_OFFSET		OFFSET_SHIFT	13	13	2179
D	RTL8367D_ACT31_GPIO_MASK		MASK	0x2000	8192	2180
D	RTL8367D_ACT31_FORWARD_OFFSET		OFFSET_SHIFT	12	12	2181
D	RTL8367D_ACT31_FORWARD_MASK		MASK	0x1000	4096	2182
D	RTL8367D_ACT31_POLICING_OFFSET		OFFSET_SHIFT	11	11	2183
D	RTL8367D_ACT31_POLICING_MASK		MASK	0x800	2048	2184
D	RTL8367D_ACT31_PRIORITY_OFFSET		OFFSET_SHIFT	10	10	2185
D	RTL8367D_ACT31_PRIORITY_MASK		MASK	0x400	1024	2186
D	RTL8367D_ACT31_SVID_OFFSET		OFFSET_SHIFT	9	9	2187
D	RTL8367D_ACT31_SVID_MASK		MASK	0x200	512	2188
D	RTL8367D_ACT31_CVID_OFFSET		OFFSET_SHIFT	8	8	2189
D	RTL8367D_ACT31_CVID_MASK		MASK	0x100	256	2190
D	RTL8367D_OP30_NOT_OFFSET		OFFSET_SHIFT	6	6	2191
D	RTL8367D_OP30_NOT_MASK		MASK	0x40	64	2192
D	RTL8367D_ACT30_GPIO_OFFSET		OFFSET_SHIFT	5	5	2193
D	RTL8367D_ACT30_GPIO_MASK		MASK	0x20	32	2194
D	RTL8367D_ACT30_FORWARD_OFFSET		OFFSET_SHIFT	4	4	2195
D	RTL8367D_ACT30_FORWARD_MASK		MASK	0x10	16	2196
D	RTL8367D_ACT30_POLICING_OFFSET		OFFSET_SHIFT	3	3	2197
D	RTL8367D_ACT30_POLICING_MASK		MASK	0x8	8	2198
D	RTL8367D_ACT30_PRIORITY_OFFSET		OFFSET_SHIFT	2	2	2199
D	RTL8367D_ACT30_PRIORITY_MASK		MASK	0x4	4	2200
D	RTL8367D_ACT30_SVID_OFFSET		OFFSET_SHIFT	1	1	2201
D	RTL8367D_ACT30_SVID_MASK		MASK	0x2	2	2202
D	RTL8367D_ACT30_CVID_OFFSET		OFFSET_SHIFT	0	0	2203
D	RTL8367D_ACT30_CVID_MASK		MASK	0x1	1	2204
D	RTL8367D_REG_ACL_ACTION_CTRL16		REGISTER	0x0624	1572	2206
D	RTL8367D_OP33_NOT_OFFSET		OFFSET_SHIFT	14	14	2207
D	RTL8367D_OP33_NOT_MASK		MASK	0x4000	16384	2208
D	RTL8367D_ACT33_GPIO_OFFSET		OFFSET_SHIFT	13	13	2209
D	RTL8367D_ACT33_GPIO_MASK		MASK	0x2000	8192	2210
D	RTL8367D_ACT33_FORWARD_OFFSET		OFFSET_SHIFT	12	12	2211
D	RTL8367D_ACT33_FORWARD_MASK		MASK	0x1000	4096	2212
D	RTL8367D_ACT33_POLICING_OFFSET		OFFSET_SHIFT	11	11	2213
D	RTL8367D_ACT33_POLICING_MASK		MASK	0x800	2048	2214
D	RTL8367D_ACT33_PRIORITY_OFFSET		OFFSET_SHIFT	10	10	2215
D	RTL8367D_ACT33_PRIORITY_MASK		MASK	0x400	1024	2216
D	RTL8367D_ACT33_SVID_OFFSET		OFFSET_SHIFT	9	9	2217
D	RTL8367D_ACT33_SVID_MASK		MASK	0x200	512	2218
D	RTL8367D_ACT33_CVID_OFFSET		OFFSET_SHIFT	8	8	2219
D	RTL8367D_ACT33_CVID_MASK		MASK	0x100	256	2220
D	RTL8367D_OP32_NOT_OFFSET		OFFSET_SHIFT	6	6	2221
D	RTL8367D_OP32_NOT_MASK		MASK	0x40	64	2222
D	RTL8367D_ACT32_GPIO_OFFSET		OFFSET_SHIFT	5	5	2223
D	RTL8367D_ACT32_GPIO_MASK		MASK	0x20	32	2224
D	RTL8367D_ACT32_FORWARD_OFFSET		OFFSET_SHIFT	4	4	2225
D	RTL8367D_ACT32_FORWARD_MASK		MASK	0x10	16	2226
D	RTL8367D_ACT32_POLICING_OFFSET		OFFSET_SHIFT	3	3	2227
D	RTL8367D_ACT32_POLICING_MASK		MASK	0x8	8	2228
D	RTL8367D_ACT32_PRIORITY_OFFSET		OFFSET_SHIFT	2	2	2229
D	RTL8367D_ACT32_PRIORITY_MASK		MASK	0x4	4	2230
D	RTL8367D_ACT32_SVID_OFFSET		OFFSET_SHIFT	1	1	2231
D	RTL8367D_ACT32_SVID_MASK		MASK	0x2	2	2232
D	RTL8367D_ACT32_CVID_OFFSET		OFFSET_SHIFT	0	0	2233
D	RTL8367D_ACT32_CVID_MASK		MASK	0x1	1	2234
D	RTL8367D_REG_ACL_ACTION_CTRL17		REGISTER	0x0625	1573	2236
D	RTL8367D_OP35_NOT_OFFSET		OFFSET_SHIFT	14	14	2237
D	RTL8367D_OP35_NOT_MASK		MASK	0x4000	16384	2238
D	RTL8367D_ACT35_GPIO_OFFSET		OFFSET_SHIFT	13	13	2239
D	RTL8367D_ACT35_GPIO_MASK		MASK	0x2000	8192	2240
D	RTL8367D_ACT35_FORWARD_OFFSET		OFFSET_SHIFT	12	12	2241
D	RTL8367D_ACT35_FORWARD_MASK		MASK	0x1000	4096	2242
D	RTL8367D_ACT35_POLICING_OFFSET		OFFSET_SHIFT	11	11	2243
D	RTL8367D_ACT35_POLICING_MASK		MASK	0x800	2048	2244
D	RTL8367D_ACT35_PRIORITY_OFFSET		OFFSET_SHIFT	10	10	2245
D	RTL8367D_ACT35_PRIORITY_MASK		MASK	0x400	1024	2246
D	RTL8367D_ACT35_SVID_OFFSET		OFFSET_SHIFT	9	9	2247
D	RTL8367D_ACT35_SVID_MASK		MASK	0x200	512	2248
D	RTL8367D_ACT35_CVID_OFFSET		OFFSET_SHIFT	8	8	2249
D	RTL8367D_ACT35_CVID_MASK		MASK	0x100	256	2250
D	RTL8367D_OP34_NOT_OFFSET		OFFSET_SHIFT	6	6	2251
D	RTL8367D_OP34_NOT_MASK		MASK	0x40	64	2252
D	RTL8367D_ACT34_GPIO_OFFSET		OFFSET_SHIFT	5	5	2253
D	RTL8367D_ACT34_GPIO_MASK		MASK	0x20	32	2254
D	RTL8367D_ACT34_FORWARD_OFFSET		OFFSET_SHIFT	4	4	2255
D	RTL8367D_ACT34_FORWARD_MASK		MASK	0x10	16	2256
D	RTL8367D_ACT34_POLICING_OFFSET		OFFSET_SHIFT	3	3	2257
D	RTL8367D_ACT34_POLICING_MASK		MASK	0x8	8	2258
D	RTL8367D_ACT34_PRIORITY_OFFSET		OFFSET_SHIFT	2	2	2259
D	RTL8367D_ACT34_PRIORITY_MASK		MASK	0x4	4	2260
D	RTL8367D_ACT34_SVID_OFFSET		OFFSET_SHIFT	1	1	2261
D	RTL8367D_ACT34_SVID_MASK		MASK	0x2	2	2262
D	RTL8367D_ACT34_CVID_OFFSET		OFFSET_SHIFT	0	0	2263
D	RTL8367D_ACT34_CVID_MASK		MASK	0x1	1	2264
D	RTL8367D_REG_ACL_ACTION_CTRL18		REGISTER	0x0626	1574	2266
D	RTL8367D_OP37_NOT_OFFSET		OFFSET_SHIFT	14	14	2267
D	RTL8367D_OP37_NOT_MASK		MASK	0x4000	16384	2268
D	RTL8367D_ACT37_GPIO_OFFSET		OFFSET_SHIFT	13	13	2269
D	RTL8367D_ACT37_GPIO_MASK		MASK	0x2000	8192	2270
D	RTL8367D_ACT37_FORWARD_OFFSET		OFFSET_SHIFT	12	12	2271
D	RTL8367D_ACT37_FORWARD_MASK		MASK	0x1000	4096	2272
D	RTL8367D_ACT37_POLICING_OFFSET		OFFSET_SHIFT	11	11	2273
D	RTL8367D_ACT37_POLICING_MASK		MASK	0x800	2048	2274
D	RTL8367D_ACT37_PRIORITY_OFFSET		OFFSET_SHIFT	10	10	2275
D	RTL8367D_ACT37_PRIORITY_MASK		MASK	0x400	1024	2276
D	RTL8367D_ACT37_SVID_OFFSET		OFFSET_SHIFT	9	9	2277
D	RTL8367D_ACT37_SVID_MASK		MASK	0x200	512	2278
D	RTL8367D_ACT37_CVID_OFFSET		OFFSET_SHIFT	8	8	2279
D	RTL8367D_ACT37_CVID_MASK		MASK	0x100	256	2280
D	RTL8367D_OP36_NOT_OFFSET		OFFSET_SHIFT	6	6	2281
D	RTL8367D_OP36_NOT_MASK		MASK	0x40	64	2282
D	RTL8367D_ACT36_GPIO_OFFSET		OFFSET_SHIFT	5	5	2283
D	RTL8367D_ACT36_GPIO_MASK		MASK	0x20	32	2284
D	RTL8367D_ACT36_FORWARD_OFFSET		OFFSET_SHIFT	4	4	2285
D	RTL8367D_ACT36_FORWARD_MASK		MASK	0x10	16	2286
D	RTL8367D_ACT36_POLICING_OFFSET		OFFSET_SHIFT	3	3	2287
D	RTL8367D_ACT36_POLICING_MASK		MASK	0x8	8	2288
D	RTL8367D_ACT36_PRIORITY_OFFSET		OFFSET_SHIFT	2	2	2289
D	RTL8367D_ACT36_PRIORITY_MASK		MASK	0x4	4	2290
D	RTL8367D_ACT36_SVID_OFFSET		OFFSET_SHIFT	1	1	2291
D	RTL8367D_ACT36_SVID_MASK		MASK	0x2	2	2292
D	RTL8367D_ACT36_CVID_OFFSET		OFFSET_SHIFT	0	0	2293
D	RTL8367D_ACT36_CVID_MASK		MASK	0x1	1	2294
D	RTL8367D_REG_ACL_ACTION_CTRL19		REGISTER	0x0627	1575	2296
D	RTL8367D_OP39_NOT_OFFSET		OFFSET_SHIFT	14	14	2297
D	RTL8367D_OP39_NOT_MASK		MASK	0x4000	16384	2298
D	RTL8367D_ACT39_GPIO_OFFSET		OFFSET_SHIFT	13	13	2299
D	RTL8367D_ACT39_GPIO_MASK		MASK	0x2000	8192	2300
D	RTL8367D_ACT39_FORWARD_OFFSET		OFFSET_SHIFT	12	12	2301
D	RTL8367D_ACT39_FORWARD_MASK		MASK	0x1000	4096	2302
D	RTL8367D_ACT39_POLICING_OFFSET		OFFSET_SHIFT	11	11	2303
D	RTL8367D_ACT39_POLICING_MASK		MASK	0x800	2048	2304
D	RTL8367D_ACT39_PRIORITY_OFFSET		OFFSET_SHIFT	10	10	2305
D	RTL8367D_ACT39_PRIORITY_MASK		MASK	0x400	1024	2306
D	RTL8367D_ACT39_SVID_OFFSET		OFFSET_SHIFT	9	9	2307
D	RTL8367D_ACT39_SVID_MASK		MASK	0x200	512	2308
D	RTL8367D_ACT39_CVID_OFFSET		OFFSET_SHIFT	8	8	2309
D	RTL8367D_ACT39_CVID_MASK		MASK	0x100	256	2310
D	RTL8367D_OP38_NOT_OFFSET		OFFSET_SHIFT	6	6	2311
D	RTL8367D_OP38_NOT_MASK		MASK	0x40	64	2312
D	RTL8367D_ACT38_GPIO_OFFSET		OFFSET_SHIFT	5	5	2313
D	RTL8367D_ACT38_GPIO_MASK		MASK	0x20	32	2314
D	RTL8367D_ACT38_FORWARD_OFFSET		OFFSET_SHIFT	4	4	2315
D	RTL8367D_ACT38_FORWARD_MASK		MASK	0x10	16	2316
D	RTL8367D_ACT38_POLICING_OFFSET		OFFSET_SHIFT	3	3	2317
D	RTL8367D_ACT38_POLICING_MASK		MASK	0x8	8	2318
D	RTL8367D_ACT38_PRIORITY_OFFSET		OFFSET_SHIFT	2	2	2319
D	RTL8367D_ACT38_PRIORITY_MASK		MASK	0x4	4	2320
D	RTL8367D_ACT38_SVID_OFFSET		OFFSET_SHIFT	1	1	2321
D	RTL8367D_ACT38_SVID_MASK		MASK	0x2	2	2322
D	RTL8367D_ACT38_CVID_OFFSET		OFFSET_SHIFT	0	0	2323
D	RTL8367D_ACT38_CVID_MASK		MASK	0x1	1	2324
D	RTL8367D_REG_ACL_ACTION_CTRL20		REGISTER	0x0628	1576	2326
D	RTL8367D_OP41_NOT_OFFSET		OFFSET_SHIFT	14	14	2327
D	RTL8367D_OP41_NOT_MASK		MASK	0x4000	16384	2328
D	RTL8367D_ACT41_GPIO_OFFSET		OFFSET_SHIFT	13	13	2329
D	RTL8367D_ACT41_GPIO_MASK		MASK	0x2000	8192	2330
D	RTL8367D_ACT41_FORWARD_OFFSET		OFFSET_SHIFT	12	12	2331
D	RTL8367D_ACT41_FORWARD_MASK		MASK	0x1000	4096	2332
D	RTL8367D_ACT41_POLICING_OFFSET		OFFSET_SHIFT	11	11	2333
D	RTL8367D_ACT41_POLICING_MASK		MASK	0x800	2048	2334
D	RTL8367D_ACT41_PRIORITY_OFFSET		OFFSET_SHIFT	10	10	2335
D	RTL8367D_ACT41_PRIORITY_MASK		MASK	0x400	1024	2336
D	RTL8367D_ACT41_SVID_OFFSET		OFFSET_SHIFT	9	9	2337
D	RTL8367D_ACT41_SVID_MASK		MASK	0x200	512	2338
D	RTL8367D_ACT41_CVID_OFFSET		OFFSET_SHIFT	8	8	2339
D	RTL8367D_ACT41_CVID_MASK		MASK	0x100	256	2340
D	RTL8367D_OP40_NOT_OFFSET		OFFSET_SHIFT	6	6	2341
D	RTL8367D_OP40_NOT_MASK		MASK	0x40	64	2342
D	RTL8367D_ACT40_GPIO_OFFSET		OFFSET_SHIFT	5	5	2343
D	RTL8367D_ACT40_GPIO_MASK		MASK	0x20	32	2344
D	RTL8367D_ACT40_FORWARD_OFFSET		OFFSET_SHIFT	4	4	2345
D	RTL8367D_ACT40_FORWARD_MASK		MASK	0x10	16	2346
D	RTL8367D_ACT40_POLICING_OFFSET		OFFSET_SHIFT	3	3	2347
D	RTL8367D_ACT40_POLICING_MASK		MASK	0x8	8	2348
D	RTL8367D_ACT40_PRIORITY_OFFSET		OFFSET_SHIFT	2	2	2349
D	RTL8367D_ACT40_PRIORITY_MASK		MASK	0x4	4	2350
D	RTL8367D_ACT40_SVID_OFFSET		OFFSET_SHIFT	1	1	2351
D	RTL8367D_ACT40_SVID_MASK		MASK	0x2	2	2352
D	RTL8367D_ACT40_CVID_OFFSET		OFFSET_SHIFT	0	0	2353
D	RTL8367D_ACT40_CVID_MASK		MASK	0x1	1	2354
D	RTL8367D_REG_ACL_ACTION_CTRL21		REGISTER	0x0629	1577	2356
D	RTL8367D_OP43_NOT_OFFSET		OFFSET_SHIFT	14	14	2357
D	RTL8367D_OP43_NOT_MASK		MASK	0x4000	16384	2358
D	RTL8367D_ACT43_GPIO_OFFSET		OFFSET_SHIFT	13	13	2359
D	RTL8367D_ACT43_GPIO_MASK		MASK	0x2000	8192	2360
D	RTL8367D_ACT43_FORWARD_OFFSET		OFFSET_SHIFT	12	12	2361
D	RTL8367D_ACT43_FORWARD_MASK		MASK	0x1000	4096	2362
D	RTL8367D_ACT43_POLICING_OFFSET		OFFSET_SHIFT	11	11	2363
D	RTL8367D_ACT43_POLICING_MASK		MASK	0x800	2048	2364
D	RTL8367D_ACT43_PRIORITY_OFFSET		OFFSET_SHIFT	10	10	2365
D	RTL8367D_ACT43_PRIORITY_MASK		MASK	0x400	1024	2366
D	RTL8367D_ACT43_SVID_OFFSET		OFFSET_SHIFT	9	9	2367
D	RTL8367D_ACT43_SVID_MASK		MASK	0x200	512	2368
D	RTL8367D_ACT43_CVID_OFFSET		OFFSET_SHIFT	8	8	2369
D	RTL8367D_ACT43_CVID_MASK		MASK	0x100	256	2370
D	RTL8367D_OP42_NOT_OFFSET		OFFSET_SHIFT	6	6	2371
D	RTL8367D_OP42_NOT_MASK		MASK	0x40	64	2372
D	RTL8367D_ACT42_GPIO_OFFSET		OFFSET_SHIFT	5	5	2373
D	RTL8367D_ACT42_GPIO_MASK		MASK	0x20	32	2374
D	RTL8367D_ACT42_FORWARD_OFFSET		OFFSET_SHIFT	4	4	2375
D	RTL8367D_ACT42_FORWARD_MASK		MASK	0x10	16	2376
D	RTL8367D_ACT42_POLICING_OFFSET		OFFSET_SHIFT	3	3	2377
D	RTL8367D_ACT42_POLICING_MASK		MASK	0x8	8	2378
D	RTL8367D_ACT42_PRIORITY_OFFSET		OFFSET_SHIFT	2	2	2379
D	RTL8367D_ACT42_PRIORITY_MASK		MASK	0x4	4	2380
D	RTL8367D_ACT42_SVID_OFFSET		OFFSET_SHIFT	1	1	2381
D	RTL8367D_ACT42_SVID_MASK		MASK	0x2	2	2382
D	RTL8367D_ACT42_CVID_OFFSET		OFFSET_SHIFT	0	0	2383
D	RTL8367D_ACT42_CVID_MASK		MASK	0x1	1	2384
D	RTL8367D_REG_ACL_ACTION_CTRL22		REGISTER	0x062a	1578	2386
D	RTL8367D_OP45_NOT_OFFSET		OFFSET_SHIFT	14	14	2387
D	RTL8367D_OP45_NOT_MASK		MASK	0x4000	16384	2388
D	RTL8367D_ACT45_GPIO_OFFSET		OFFSET_SHIFT	13	13	2389
D	RTL8367D_ACT45_GPIO_MASK		MASK	0x2000	8192	2390
D	RTL8367D_ACT45_FORWARD_OFFSET		OFFSET_SHIFT	12	12	2391
D	RTL8367D_ACT45_FORWARD_MASK		MASK	0x1000	4096	2392
D	RTL8367D_ACT45_POLICING_OFFSET		OFFSET_SHIFT	11	11	2393
D	RTL8367D_ACT45_POLICING_MASK		MASK	0x800	2048	2394
D	RTL8367D_ACT45_PRIORITY_OFFSET		OFFSET_SHIFT	10	10	2395
D	RTL8367D_ACT45_PRIORITY_MASK		MASK	0x400	1024	2396
D	RTL8367D_ACT45_SVID_OFFSET		OFFSET_SHIFT	9	9	2397
D	RTL8367D_ACT45_SVID_MASK		MASK	0x200	512	2398
D	RTL8367D_ACT45_CVID_OFFSET		OFFSET_SHIFT	8	8	2399
D	RTL8367D_ACT45_CVID_MASK		MASK	0x100	256	2400
D	RTL8367D_OP44_NOT_OFFSET		OFFSET_SHIFT	6	6	2401
D	RTL8367D_OP44_NOT_MASK		MASK	0x40	64	2402
D	RTL8367D_ACT44_GPIO_OFFSET		OFFSET_SHIFT	5	5	2403
D	RTL8367D_ACT44_GPIO_MASK		MASK	0x20	32	2404
D	RTL8367D_ACT44_FORWARD_OFFSET		OFFSET_SHIFT	4	4	2405
D	RTL8367D_ACT44_FORWARD_MASK		MASK	0x10	16	2406
D	RTL8367D_ACT44_POLICING_OFFSET		OFFSET_SHIFT	3	3	2407
D	RTL8367D_ACT44_POLICING_MASK		MASK	0x8	8	2408
D	RTL8367D_ACT44_PRIORITY_OFFSET		OFFSET_SHIFT	2	2	2409
D	RTL8367D_ACT44_PRIORITY_MASK		MASK	0x4	4	2410
D	RTL8367D_ACT44_SVID_OFFSET		OFFSET_SHIFT	1	1	2411
D	RTL8367D_ACT44_SVID_MASK		MASK	0x2	2	2412
D	RTL8367D_ACT44_CVID_OFFSET		OFFSET_SHIFT	0	0	2413
D	RTL8367D_ACT44_CVID_MASK		MASK	0x1	1	2414
D	RTL8367D_REG_ACL_ACTION_CTRL23		REGISTER	0x062b	1579	2416
D	RTL8367D_OP47_NOT_OFFSET		OFFSET_SHIFT	14	14	2417
D	RTL8367D_OP47_NOT_MASK		MASK	0x4000	16384	2418
D	RTL8367D_ACT47_GPIO_OFFSET		OFFSET_SHIFT	13	13	2419
D	RTL8367D_ACT47_GPIO_MASK		MASK	0x2000	8192	2420
D	RTL8367D_ACT47_FORWARD_OFFSET		OFFSET_SHIFT	12	12	2421
D	RTL8367D_ACT47_FORWARD_MASK		MASK	0x1000	4096	2422
D	RTL8367D_ACT47_POLICING_OFFSET		OFFSET_SHIFT	11	11	2423
D	RTL8367D_ACT47_POLICING_MASK		MASK	0x800	2048	2424
D	RTL8367D_ACT47_PRIORITY_OFFSET		OFFSET_SHIFT	10	10	2425
D	RTL8367D_ACT47_PRIORITY_MASK		MASK	0x400	1024	2426
D	RTL8367D_ACT47_SVID_OFFSET		OFFSET_SHIFT	9	9	2427
D	RTL8367D_ACT47_SVID_MASK		MASK	0x200	512	2428
D	RTL8367D_ACT47_CVID_OFFSET		OFFSET_SHIFT	8	8	2429
D	RTL8367D_ACT47_CVID_MASK		MASK	0x100	256	2430
D	RTL8367D_OP46_NOT_OFFSET		OFFSET_SHIFT	6	6	2431
D	RTL8367D_OP46_NOT_MASK		MASK	0x40	64	2432
D	RTL8367D_ACT46_GPIO_OFFSET		OFFSET_SHIFT	5	5	2433
D	RTL8367D_ACT46_GPIO_MASK		MASK	0x20	32	2434
D	RTL8367D_ACT46_FORWARD_OFFSET		OFFSET_SHIFT	4	4	2435
D	RTL8367D_ACT46_FORWARD_MASK		MASK	0x10	16	2436
D	RTL8367D_ACT46_POLICING_OFFSET		OFFSET_SHIFT	3	3	2437
D	RTL8367D_ACT46_POLICING_MASK		MASK	0x8	8	2438
D	RTL8367D_ACT46_PRIORITY_OFFSET		OFFSET_SHIFT	2	2	2439
D	RTL8367D_ACT46_PRIORITY_MASK		MASK	0x4	4	2440
D	RTL8367D_ACT46_SVID_OFFSET		OFFSET_SHIFT	1	1	2441
D	RTL8367D_ACT46_SVID_MASK		MASK	0x2	2	2442
D	RTL8367D_ACT46_CVID_OFFSET		OFFSET_SHIFT	0	0	2443
D	RTL8367D_ACT46_CVID_MASK		MASK	0x1	1	2444
D	RTL8367D_REG_ACL_ACTION_CTRL24		REGISTER	0x062c	1580	2446
D	RTL8367D_OP49_NOT_OFFSET		OFFSET_SHIFT	14	14	2447
D	RTL8367D_OP49_NOT_MASK		MASK	0x4000	16384	2448
D	RTL8367D_ACT49_GPIO_OFFSET		OFFSET_SHIFT	13	13	2449
D	RTL8367D_ACT49_GPIO_MASK		MASK	0x2000	8192	2450
D	RTL8367D_ACT49_FORWARD_OFFSET		OFFSET_SHIFT	12	12	2451
D	RTL8367D_ACT49_FORWARD_MASK		MASK	0x1000	4096	2452
D	RTL8367D_ACT49_POLICING_OFFSET		OFFSET_SHIFT	11	11	2453
D	RTL8367D_ACT49_POLICING_MASK		MASK	0x800	2048	2454
D	RTL8367D_ACT49_PRIORITY_OFFSET		OFFSET_SHIFT	10	10	2455
D	RTL8367D_ACT49_PRIORITY_MASK		MASK	0x400	1024	2456
D	RTL8367D_ACT49_SVID_OFFSET		OFFSET_SHIFT	9	9	2457
D	RTL8367D_ACT49_SVID_MASK		MASK	0x200	512	2458
D	RTL8367D_ACT49_CVID_OFFSET		OFFSET_SHIFT	8	8	2459
D	RTL8367D_ACT49_CVID_MASK		MASK	0x100	256	2460
D	RTL8367D_OP48_NOT_OFFSET		OFFSET_SHIFT	6	6	2461
D	RTL8367D_OP48_NOT_MASK		MASK	0x40	64	2462
D	RTL8367D_ACT48_GPIO_OFFSET		OFFSET_SHIFT	5	5	2463
D	RTL8367D_ACT48_GPIO_MASK		MASK	0x20	32	2464
D	RTL8367D_ACT48_FORWARD_OFFSET		OFFSET_SHIFT	4	4	2465
D	RTL8367D_ACT48_FORWARD_MASK		MASK	0x10	16	2466
D	RTL8367D_ACT48_POLICING_OFFSET		OFFSET_SHIFT	3	3	2467
D	RTL8367D_ACT48_POLICING_MASK		MASK	0x8	8	2468
D	RTL8367D_ACT48_PRIORITY_OFFSET		OFFSET_SHIFT	2	2	2469
D	RTL8367D_ACT48_PRIORITY_MASK		MASK	0x4	4	2470
D	RTL8367D_ACT48_SVID_OFFSET		OFFSET_SHIFT	1	1	2471
D	RTL8367D_ACT48_SVID_MASK		MASK	0x2	2	2472
D	RTL8367D_ACT48_CVID_OFFSET		OFFSET_SHIFT	0	0	2473
D	RTL8367D_ACT48_CVID_MASK		MASK	0x1	1	2474
D	RTL8367D_REG_ACL_ACTION_CTRL25		REGISTER	0x062d	1581	2476
D	RTL8367D_OP51_NOT_OFFSET		OFFSET_SHIFT	14	14	2477
D	RTL8367D_OP51_NOT_MASK		MASK	0x4000	16384	2478
D	RTL8367D_ACT51_GPIO_OFFSET		OFFSET_SHIFT	13	13	2479
D	RTL8367D_ACT51_GPIO_MASK		MASK	0x2000	8192	2480
D	RTL8367D_ACT51_FORWARD_OFFSET		OFFSET_SHIFT	12	12	2481
D	RTL8367D_ACT51_FORWARD_MASK		MASK	0x1000	4096	2482
D	RTL8367D_ACT51_POLICING_OFFSET		OFFSET_SHIFT	11	11	2483
D	RTL8367D_ACT51_POLICING_MASK		MASK	0x800	2048	2484
D	RTL8367D_ACT51_PRIORITY_OFFSET		OFFSET_SHIFT	10	10	2485
D	RTL8367D_ACT51_PRIORITY_MASK		MASK	0x400	1024	2486
D	RTL8367D_ACT51_SVID_OFFSET		OFFSET_SHIFT	9	9	2487
D	RTL8367D_ACT51_SVID_MASK		MASK	0x200	512	2488
D	RTL8367D_ACT51_CVID_OFFSET		OFFSET_SHIFT	8	8	2489
D	RTL8367D_ACT51_CVID_MASK		MASK	0x100	256	2490
D	RTL8367D_OP50_NOT_OFFSET		OFFSET_SHIFT	6	6	2491
D	RTL8367D_OP50_NOT_MASK		MASK	0x40	64	2492
D	RTL8367D_ACT50_GPIO_OFFSET		OFFSET_SHIFT	5	5	2493
D	RTL8367D_ACT50_GPIO_MASK		MASK	0x20	32	2494
D	RTL8367D_ACT50_FORWARD_OFFSET		OFFSET_SHIFT	4	4	2495
D	RTL8367D_ACT50_FORWARD_MASK		MASK	0x10	16	2496
D	RTL8367D_ACT50_POLICING_OFFSET		OFFSET_SHIFT	3	3	2497
D	RTL8367D_ACT50_POLICING_MASK		MASK	0x8	8	2498
D	RTL8367D_ACT50_PRIORITY_OFFSET		OFFSET_SHIFT	2	2	2499
D	RTL8367D_ACT50_PRIORITY_MASK		MASK	0x4	4	2500
D	RTL8367D_ACT50_SVID_OFFSET		OFFSET_SHIFT	1	1	2501
D	RTL8367D_ACT50_SVID_MASK		MASK	0x2	2	2502
D	RTL8367D_ACT50_CVID_OFFSET		OFFSET_SHIFT	0	0	2503
D	RTL8367D_ACT50_CVID_MASK		MASK	0x1	1	2504
D	RTL8367D_REG_ACL_ACTION_CTRL26		REGISTER	0x062e	1582	2506
D	RTL8367D_OP53_NOT_OFFSET		OFFSET_SHIFT	14	14	2507
D	RTL8367D_OP53_NOT_MASK		MASK	0x4000	16384	2508
D	RTL8367D_ACT53_GPIO_OFFSET		OFFSET_SHIFT	13	13	2509
D	RTL8367D_ACT53_GPIO_MASK		MASK	0x2000	8192	2510
D	RTL8367D_ACT53_FORWARD_OFFSET		OFFSET_SHIFT	12	12	2511
D	RTL8367D_ACT53_FORWARD_MASK		MASK	0x1000	4096	2512
D	RTL8367D_ACT53_POLICING_OFFSET		OFFSET_SHIFT	11	11	2513
D	RTL8367D_ACT53_POLICING_MASK		MASK	0x800	2048	2514
D	RTL8367D_ACT53_PRIORITY_OFFSET		OFFSET_SHIFT	10	10	2515
D	RTL8367D_ACT53_PRIORITY_MASK		MASK	0x400	1024	2516
D	RTL8367D_ACT53_SVID_OFFSET		OFFSET_SHIFT	9	9	2517
D	RTL8367D_ACT53_SVID_MASK		MASK	0x200	512	2518
D	RTL8367D_ACT53_CVID_OFFSET		OFFSET_SHIFT	8	8	2519
D	RTL8367D_ACT53_CVID_MASK		MASK	0x100	256	2520
D	RTL8367D_OP52_NOT_OFFSET		OFFSET_SHIFT	6	6	2521
D	RTL8367D_OP52_NOT_MASK		MASK	0x40	64	2522
D	RTL8367D_ACT52_GPIO_OFFSET		OFFSET_SHIFT	5	5	2523
D	RTL8367D_ACT52_GPIO_MASK		MASK	0x20	32	2524
D	RTL8367D_ACT52_FORWARD_OFFSET		OFFSET_SHIFT	4	4	2525
D	RTL8367D_ACT52_FORWARD_MASK		MASK	0x10	16	2526
D	RTL8367D_ACT52_POLICING_OFFSET		OFFSET_SHIFT	3	3	2527
D	RTL8367D_ACT52_POLICING_MASK		MASK	0x8	8	2528
D	RTL8367D_ACT52_PRIORITY_OFFSET		OFFSET_SHIFT	2	2	2529
D	RTL8367D_ACT52_PRIORITY_MASK		MASK	0x4	4	2530
D	RTL8367D_ACT52_SVID_OFFSET		OFFSET_SHIFT	1	1	2531
D	RTL8367D_ACT52_SVID_MASK		MASK	0x2	2	2532
D	RTL8367D_ACT52_CVID_OFFSET		OFFSET_SHIFT	0	0	2533
D	RTL8367D_ACT52_CVID_MASK		MASK	0x1	1	2534
D	RTL8367D_REG_ACL_ACTION_CTRL27		REGISTER	0x062f	1583	2536
D	RTL8367D_OP55_NOT_OFFSET		OFFSET_SHIFT	14	14	2537
D	RTL8367D_OP55_NOT_MASK		MASK	0x4000	16384	2538
D	RTL8367D_ACT55_GPIO_OFFSET		OFFSET_SHIFT	13	13	2539
D	RTL8367D_ACT55_GPIO_MASK		MASK	0x2000	8192	2540
D	RTL8367D_ACT55_FORWARD_OFFSET		OFFSET_SHIFT	12	12	2541
D	RTL8367D_ACT55_FORWARD_MASK		MASK	0x1000	4096	2542
D	RTL8367D_ACT55_POLICING_OFFSET		OFFSET_SHIFT	11	11	2543
D	RTL8367D_ACT55_POLICING_MASK		MASK	0x800	2048	2544
D	RTL8367D_ACT55_PRIORITY_OFFSET		OFFSET_SHIFT	10	10	2545
D	RTL8367D_ACT55_PRIORITY_MASK		MASK	0x400	1024	2546
D	RTL8367D_ACT55_SVID_OFFSET		OFFSET_SHIFT	9	9	2547
D	RTL8367D_ACT55_SVID_MASK		MASK	0x200	512	2548
D	RTL8367D_ACT55_CVID_OFFSET		OFFSET_SHIFT	8	8	2549
D	RTL8367D_ACT55_CVID_MASK		MASK	0x100	256	2550
D	RTL8367D_OP54_NOT_OFFSET		OFFSET_SHIFT	6	6	2551
D	RTL8367D_OP54_NOT_MASK		MASK	0x40	64	2552
D	RTL8367D_ACT54_GPIO_OFFSET		OFFSET_SHIFT	5	5	2553
D	RTL8367D_ACT54_GPIO_MASK		MASK	0x20	32	2554
D	RTL8367D_ACT54_FORWARD_OFFSET		OFFSET_SHIFT	4	4	2555
D	RTL8367D_ACT54_FORWARD_MASK		MASK	0x10	16	2556
D	RTL8367D_ACT54_POLICING_OFFSET		OFFSET_SHIFT	3	3	2557
D	RTL8367D_ACT54_POLICING_MASK		MASK	0x8	8	2558
D	RTL8367D_ACT54_PRIORITY_OFFSET		OFFSET_SHIFT	2	2	2559
D	RTL8367D_ACT54_PRIORITY_MASK		MASK	0x4	4	2560
D	RTL8367D_ACT54_SVID_OFFSET		OFFSET_SHIFT	1	1	2561
D	RTL8367D_ACT54_SVID_MASK		MASK	0x2	2	2562
D	RTL8367D_ACT54_CVID_OFFSET		OFFSET_SHIFT	0	0	2563
D	RTL8367D_ACT54_CVID_MASK		MASK	0x1	1	2564
D	RTL8367D_REG_ACL_ACTION_CTRL28		REGISTER	0x0630	1584	2566
D	RTL8367D_OP57_NOT_OFFSET		OFFSET_SHIFT	14	14	2567
D	RTL8367D_OP57_NOT_MASK		MASK	0x4000	16384	2568
D	RTL8367D_ACT57_GPIO_OFFSET		OFFSET_SHIFT	13	13	2569
D	RTL8367D_ACT57_GPIO_MASK		MASK	0x2000	8192	2570
D	RTL8367D_ACT57_FORWARD_OFFSET		OFFSET_SHIFT	12	12	2571
D	RTL8367D_ACT57_FORWARD_MASK		MASK	0x1000	4096	2572
D	RTL8367D_ACT57_POLICING_OFFSET		OFFSET_SHIFT	11	11	2573
D	RTL8367D_ACT57_POLICING_MASK		MASK	0x800	2048	2574
D	RTL8367D_ACT57_PRIORITY_OFFSET		OFFSET_SHIFT	10	10	2575
D	RTL8367D_ACT57_PRIORITY_MASK		MASK	0x400	1024	2576
D	RTL8367D_ACT57_SVID_OFFSET		OFFSET_SHIFT	9	9	2577
D	RTL8367D_ACT57_SVID_MASK		MASK	0x200	512	2578
D	RTL8367D_ACT57_CVID_OFFSET		OFFSET_SHIFT	8	8	2579
D	RTL8367D_ACT57_CVID_MASK		MASK	0x100	256	2580
D	RTL8367D_OP56_NOT_OFFSET		OFFSET_SHIFT	6	6	2581
D	RTL8367D_OP56_NOT_MASK		MASK	0x40	64	2582
D	RTL8367D_ACT56_GPIO_OFFSET		OFFSET_SHIFT	5	5	2583
D	RTL8367D_ACT56_GPIO_MASK		MASK	0x20	32	2584
D	RTL8367D_ACT56_FORWARD_OFFSET		OFFSET_SHIFT	4	4	2585
D	RTL8367D_ACT56_FORWARD_MASK		MASK	0x10	16	2586
D	RTL8367D_ACT56_POLICING_OFFSET		OFFSET_SHIFT	3	3	2587
D	RTL8367D_ACT56_POLICING_MASK		MASK	0x8	8	2588
D	RTL8367D_ACT56_PRIORITY_OFFSET		OFFSET_SHIFT	2	2	2589
D	RTL8367D_ACT56_PRIORITY_MASK		MASK	0x4	4	2590
D	RTL8367D_ACT56_SVID_OFFSET		OFFSET_SHIFT	1	1	2591
D	RTL8367D_ACT56_SVID_MASK		MASK	0x2	2	2592
D	RTL8367D_ACT56_CVID_OFFSET		OFFSET_SHIFT	0	0	2593
D	RTL8367D_ACT56_CVID_MASK		MASK	0x1	1	2594
D	RTL8367D_REG_ACL_ACTION_CTRL29		REGISTER	0x0631	1585	2596
D	RTL8367D_OP59_NOT_OFFSET		OFFSET_SHIFT	14	14	2597
D	RTL8367D_OP59_NOT_MASK		MASK	0x4000	16384	2598
D	RTL8367D_ACT59_GPIO_OFFSET		OFFSET_SHIFT	13	13	2599
D	RTL8367D_ACT59_GPIO_MASK		MASK	0x2000	8192	2600
D	RTL8367D_ACT59_FORWARD_OFFSET		OFFSET_SHIFT	12	12	2601
D	RTL8367D_ACT59_FORWARD_MASK		MASK	0x1000	4096	2602
D	RTL8367D_ACT59_POLICING_OFFSET		OFFSET_SHIFT	11	11	2603
D	RTL8367D_ACT59_POLICING_MASK		MASK	0x800	2048	2604
D	RTL8367D_ACT59_PRIORITY_OFFSET		OFFSET_SHIFT	10	10	2605
D	RTL8367D_ACT59_PRIORITY_MASK		MASK	0x400	1024	2606
D	RTL8367D_ACT59_SVID_OFFSET		OFFSET_SHIFT	9	9	2607
D	RTL8367D_ACT59_SVID_MASK		MASK	0x200	512	2608
D	RTL8367D_ACT59_CVID_OFFSET		OFFSET_SHIFT	8	8	2609
D	RTL8367D_ACT59_CVID_MASK		MASK	0x100	256	2610
D	RTL8367D_OP58_NOT_OFFSET		OFFSET_SHIFT	6	6	2611
D	RTL8367D_OP58_NOT_MASK		MASK	0x40	64	2612
D	RTL8367D_ACT58_GPIO_OFFSET		OFFSET_SHIFT	5	5	2613
D	RTL8367D_ACT58_GPIO_MASK		MASK	0x20	32	2614
D	RTL8367D_ACT58_FORWARD_OFFSET		OFFSET_SHIFT	4	4	2615
D	RTL8367D_ACT58_FORWARD_MASK		MASK	0x10	16	2616
D	RTL8367D_ACT58_POLICING_OFFSET		OFFSET_SHIFT	3	3	2617
D	RTL8367D_ACT58_POLICING_MASK		MASK	0x8	8	2618
D	RTL8367D_ACT58_PRIORITY_OFFSET		OFFSET_SHIFT	2	2	2619
D	RTL8367D_ACT58_PRIORITY_MASK		MASK	0x4	4	2620
D	RTL8367D_ACT58_SVID_OFFSET		OFFSET_SHIFT	1	1	2621
D	RTL8367D_ACT58_SVID_MASK		MASK	0x2	2	2622
D	RTL8367D_ACT58_CVID_OFFSET		OFFSET_SHIFT	0	0	2623
D	RTL8367D_ACT58_CVID_MASK		MASK	0x1	1	2624
D	RTL8367D_REG_ACL_ACTION_CTRL30		REGISTER	0x0632	1586	2626
D	RTL8367D_OP61_NOT_OFFSET		OFFSET_SHIFT	14	14	2627
D	RTL8367D_OP61_NOT_MASK		MASK	0x4000	16384	2628
D	RTL8367D_ACT61_GPIO_OFFSET		OFFSET_SHIFT	13	13	2629
D	RTL8367D_ACT61_GPIO_MASK		MASK	0x2000	8192	2630
D	RTL8367D_ACT61_FORWARD_OFFSET		OFFSET_SHIFT	12	12	2631
D	RTL8367D_ACT61_FORWARD_MASK		MASK	0x1000	4096	2632
D	RTL8367D_ACT61_POLICING_OFFSET		OFFSET_SHIFT	11	11	2633
D	RTL8367D_ACT61_POLICING_MASK		MASK	0x800	2048	2634
D	RTL8367D_ACT61_PRIORITY_OFFSET		OFFSET_SHIFT	10	10	2635
D	RTL8367D_ACT61_PRIORITY_MASK		MASK	0x400	1024	2636
D	RTL8367D_ACT61_SVID_OFFSET		OFFSET_SHIFT	9	9	2637
D	RTL8367D_ACT61_SVID_MASK		MASK	0x200	512	2638
D	RTL8367D_ACT61_CVID_OFFSET		OFFSET_SHIFT	8	8	2639
D	RTL8367D_ACT61_CVID_MASK		MASK	0x100	256	2640
D	RTL8367D_OP60_NOT_OFFSET		OFFSET_SHIFT	6	6	2641
D	RTL8367D_OP60_NOT_MASK		MASK	0x40	64	2642
D	RTL8367D_ACT60_GPIO_OFFSET		OFFSET_SHIFT	5	5	2643
D	RTL8367D_ACT60_GPIO_MASK		MASK	0x20	32	2644
D	RTL8367D_ACT60_FORWARD_OFFSET		OFFSET_SHIFT	4	4	2645
D	RTL8367D_ACT60_FORWARD_MASK		MASK	0x10	16	2646
D	RTL8367D_ACT60_POLICING_OFFSET		OFFSET_SHIFT	3	3	2647
D	RTL8367D_ACT60_POLICING_MASK		MASK	0x8	8	2648
D	RTL8367D_ACT60_PRIORITY_OFFSET		OFFSET_SHIFT	2	2	2649
D	RTL8367D_ACT60_PRIORITY_MASK		MASK	0x4	4	2650
D	RTL8367D_ACT60_SVID_OFFSET		OFFSET_SHIFT	1	1	2651
D	RTL8367D_ACT60_SVID_MASK		MASK	0x2	2	2652
D	RTL8367D_ACT60_CVID_OFFSET		OFFSET_SHIFT	0	0	2653
D	RTL8367D_ACT60_CVID_MASK		MASK	0x1	1	2654
D	RTL8367D_REG_ACL_ACTION_CTRL31		REGISTER	0x0633	1587	2656
D	RTL8367D_OP63_NOT_OFFSET		OFFSET_SHIFT	14	14	2657
D	RTL8367D_OP63_NOT_MASK		MASK	0x4000	16384	2658
D	RTL8367D_ACT63_GPIO_OFFSET		OFFSET_SHIFT	13	13	2659
D	RTL8367D_ACT63_GPIO_MASK		MASK	0x2000	8192	2660
D	RTL8367D_ACT63_FORWARD_OFFSET		OFFSET_SHIFT	12	12	2661
D	RTL8367D_ACT63_FORWARD_MASK		MASK	0x1000	4096	2662
D	RTL8367D_ACT63_POLICING_OFFSET		OFFSET_SHIFT	11	11	2663
D	RTL8367D_ACT63_POLICING_MASK		MASK	0x800	2048	2664
D	RTL8367D_ACT63_PRIORITY_OFFSET		OFFSET_SHIFT	10	10	2665
D	RTL8367D_ACT63_PRIORITY_MASK		MASK	0x400	1024	2666
D	RTL8367D_ACT63_SVID_OFFSET		OFFSET_SHIFT	9	9	2667
D	RTL8367D_ACT63_SVID_MASK		MASK	0x200	512	2668
D	RTL8367D_ACT63_CVID_OFFSET		OFFSET_SHIFT	8	8	2669
D	RTL8367D_ACT63_CVID_MASK		MASK	0x100	256	2670
D	RTL8367D_OP62_NOT_OFFSET		OFFSET_SHIFT	6	6	2671
D	RTL8367D_OP62_NOT_MASK		MASK	0x40	64	2672
D	RTL8367D_ACT62_GPIO_OFFSET		OFFSET_SHIFT	5	5	2673
D	RTL8367D_ACT62_GPIO_MASK		MASK	0x20	32	2674
D	RTL8367D_ACT62_FORWARD_OFFSET		OFFSET_SHIFT	4	4	2675
D	RTL8367D_ACT62_FORWARD_MASK		MASK	0x10	16	2676
D	RTL8367D_ACT62_POLICING_OFFSET		OFFSET_SHIFT	3	3	2677
D	RTL8367D_ACT62_POLICING_MASK		MASK	0x8	8	2678
D	RTL8367D_ACT62_PRIORITY_OFFSET		OFFSET_SHIFT	2	2	2679
D	RTL8367D_ACT62_PRIORITY_MASK		MASK	0x4	4	2680
D	RTL8367D_ACT62_SVID_OFFSET		OFFSET_SHIFT	1	1	2681
D	RTL8367D_ACT62_SVID_MASK		MASK	0x2	2	2682
D	RTL8367D_ACT62_CVID_OFFSET		OFFSET_SHIFT	0	0	2683
D	RTL8367D_ACT62_CVID_MASK		MASK	0x1	1	2684
D	RTL8367D_REG_ACL_IP_RANGE_ENTRY0_CTRL0		REGISTER	0x0685	1669	2686
D	RTL8367D_REG_ACL_IP_RANGE_ENTRY0_CTRL1		REGISTER	0x0686	1670	2688
D	RTL8367D_REG_ACL_IP_RANGE_ENTRY0_CTRL2		REGISTER	0x0687	1671	2690
D	RTL8367D_REG_ACL_IP_RANGE_ENTRY0_CTRL3		REGISTER	0x0688	1672	2692
D	RTL8367D_REG_ACL_IP_RANGE_ENTRY0_CTRL4		REGISTER	0x0689	1673	2694
D	RTL8367D_ACL_IP_RANGE_ENTRY0_CTRL4_OFFSET		OFFSET_SHIFT	0	0	2695
D	RTL8367D_ACL_IP_RANGE_ENTRY0_CTRL4_MASK		MASK	0x7	7	2696
D	RTL8367D_REG_ACL_IP_RANGE_ENTRY1_CTRL0		REGISTER	0x068a	1674	2698
D	RTL8367D_REG_ACL_IP_RANGE_ENTRY1_CTRL1		REGISTER	0x068b	1675	2700
D	RTL8367D_REG_ACL_IP_RANGE_ENTRY1_CTRL2		REGISTER	0x068c	1676	2702
D	RTL8367D_REG_ACL_IP_RANGE_ENTRY1_CTRL3		REGISTER	0x068d	1677	2704
D	RTL8367D_REG_ACL_IP_RANGE_ENTRY1_CTRL4		REGISTER	0x068e	1678	2706
D	RTL8367D_ACL_IP_RANGE_ENTRY1_CTRL4_OFFSET		OFFSET_SHIFT	0	0	2707
D	RTL8367D_ACL_IP_RANGE_ENTRY1_CTRL4_MASK		MASK	0x7	7	2708
D	RTL8367D_REG_ACL_IP_RANGE_ENTRY2_CTRL0		REGISTER	0x068f	1679	2710
D	RTL8367D_REG_ACL_IP_RANGE_ENTRY2_CTRL1		REGISTER	0x0690	1680	2712
D	RTL8367D_REG_ACL_IP_RANGE_ENTRY2_CTRL2		REGISTER	0x0691	1681	2714
D	RTL8367D_REG_ACL_IP_RANGE_ENTRY2_CTRL3		REGISTER	0x0692	1682	2716
D	RTL8367D_REG_ACL_IP_RANGE_ENTRY2_CTRL4		REGISTER	0x0693	1683	2718
D	RTL8367D_ACL_IP_RANGE_ENTRY2_CTRL4_OFFSET		OFFSET_SHIFT	0	0	2719
D	RTL8367D_ACL_IP_RANGE_ENTRY2_CTRL4_MASK		MASK	0x7	7	2720
D	RTL8367D_REG_ACL_IP_RANGE_ENTRY3_CTRL0		REGISTER	0x0694	1684	2722
D	RTL8367D_REG_ACL_IP_RANGE_ENTRY3_CTRL1		REGISTER	0x0695	1685	2724
D	RTL8367D_REG_ACL_IP_RANGE_ENTRY3_CTRL2		REGISTER	0x0696	1686	2726
D	RTL8367D_REG_ACL_IP_RANGE_ENTRY3_CTRL3		REGISTER	0x0697	1687	2728
D	RTL8367D_REG_ACL_IP_RANGE_ENTRY3_CTRL4		REGISTER	0x0698	1688	2730
D	RTL8367D_ACL_IP_RANGE_ENTRY3_CTRL4_OFFSET		OFFSET_SHIFT	0	0	2731
D	RTL8367D_ACL_IP_RANGE_ENTRY3_CTRL4_MASK		MASK	0x7	7	2732
D	RTL8367D_REG_ACL_IP_RANGE_ENTRY4_CTRL0		REGISTER	0x0699	1689	2734
D	RTL8367D_REG_ACL_IP_RANGE_ENTRY4_CTRL1		REGISTER	0x069a	1690	2736
D	RTL8367D_REG_ACL_IP_RANGE_ENTRY4_CTRL2		REGISTER	0x069b	1691	2738
D	RTL8367D_REG_ACL_IP_RANGE_ENTRY4_CTRL3		REGISTER	0x069c	1692	2740
D	RTL8367D_REG_ACL_IP_RANGE_ENTRY4_CTRL4		REGISTER	0x069d	1693	2742
D	RTL8367D_ACL_IP_RANGE_ENTRY4_CTRL4_OFFSET		OFFSET_SHIFT	0	0	2743
D	RTL8367D_ACL_IP_RANGE_ENTRY4_CTRL4_MASK		MASK	0x7	7	2744
D	RTL8367D_REG_ACL_IP_RANGE_ENTRY5_CTRL0		REGISTER	0x069e	1694	2746
D	RTL8367D_REG_ACL_IP_RANGE_ENTRY5_CTRL1		REGISTER	0x069f	1695	2748
D	RTL8367D_REG_ACL_IP_RANGE_ENTRY5_CTRL2		REGISTER	0x06a0	1696	2750
D	RTL8367D_REG_ACL_IP_RANGE_ENTRY5_CTRL3		REGISTER	0x06a1	1697	2752
D	RTL8367D_REG_ACL_IP_RANGE_ENTRY5_CTRL4		REGISTER	0x06a2	1698	2754
D	RTL8367D_ACL_IP_RANGE_ENTRY5_CTRL4_OFFSET		OFFSET_SHIFT	0	0	2755
D	RTL8367D_ACL_IP_RANGE_ENTRY5_CTRL4_MASK		MASK	0x7	7	2756
D	RTL8367D_REG_ACL_IP_RANGE_ENTRY6_CTRL0		REGISTER	0x06a3	1699	2758
D	RTL8367D_REG_ACL_IP_RANGE_ENTRY6_CTRL1		REGISTER	0x06a4	1700	2760
D	RTL8367D_REG_ACL_IP_RANGE_ENTRY6_CTRL2		REGISTER	0x06a5	1701	2762
D	RTL8367D_REG_ACL_IP_RANGE_ENTRY6_CTRL3		REGISTER	0x06a6	1702	2764
D	RTL8367D_REG_ACL_IP_RANGE_ENTRY6_CTRL4		REGISTER	0x06a7	1703	2766
D	RTL8367D_ACL_IP_RANGE_ENTRY6_CTRL4_OFFSET		OFFSET_SHIFT	0	0	2767
D	RTL8367D_ACL_IP_RANGE_ENTRY6_CTRL4_MASK		MASK	0x7	7	2768
D	RTL8367D_REG_ACL_IP_RANGE_ENTRY7_CTRL0		REGISTER	0x06a8	1704	2770
D	RTL8367D_REG_ACL_IP_RANGE_ENTRY7_CTRL1		REGISTER	0x06a9	1705	2772
D	RTL8367D_REG_ACL_IP_RANGE_ENTRY7_CTRL2		REGISTER	0x06aa	1706	2774
D	RTL8367D_REG_ACL_IP_RANGE_ENTRY7_CTRL3		REGISTER	0x06ab	1707	2776
D	RTL8367D_REG_ACL_IP_RANGE_ENTRY7_CTRL4		REGISTER	0x06ac	1708	2778
D	RTL8367D_ACL_IP_RANGE_ENTRY7_CTRL4_OFFSET		OFFSET_SHIFT	0	0	2779
D	RTL8367D_ACL_IP_RANGE_ENTRY7_CTRL4_MASK		MASK	0x7	7	2780
D	RTL8367D_REG_ACL_ENABLE		REGISTER	0x06d5	1749	2782
D	RTL8367D_PORT7_ENABLE_OFFSET		OFFSET_SHIFT	7	7	2783
D	RTL8367D_PORT7_ENABLE_MASK		MASK	0x80	128	2784
D	RTL8367D_PORT6_ENABLE_OFFSET		OFFSET_SHIFT	6	6	2785
D	RTL8367D_PORT6_ENABLE_MASK		MASK	0x40	64	2786
D	RTL8367D_PORT5_ENABLE_OFFSET		OFFSET_SHIFT	5	5	2787
D	RTL8367D_PORT5_ENABLE_MASK		MASK	0x20	32	2788
D	RTL8367D_PORT4_ENABLE_OFFSET		OFFSET_SHIFT	4	4	2789
D	RTL8367D_PORT4_ENABLE_MASK		MASK	0x10	16	2790
D	RTL8367D_PORT3_ENABLE_OFFSET		OFFSET_SHIFT	3	3	2791
D	RTL8367D_PORT3_ENABLE_MASK		MASK	0x8	8	2792
D	RTL8367D_PORT2_ENABLE_OFFSET		OFFSET_SHIFT	2	2	2793
D	RTL8367D_PORT2_ENABLE_MASK		MASK	0x4	4	2794
D	RTL8367D_PORT1_ENABLE_OFFSET		OFFSET_SHIFT	1	1	2795
D	RTL8367D_PORT1_ENABLE_MASK		MASK	0x2	2	2796
D	RTL8367D_PORT0_ENABLE_OFFSET		OFFSET_SHIFT	0	0	2797
D	RTL8367D_PORT0_ENABLE_MASK		MASK	0x1	1	2798
D	RTL8367D_REG_ACL_UNMATCH_PERMIT		REGISTER	0x06d6	1750	2800
D	RTL8367D_PORT7_PERMIT_OFFSET		OFFSET_SHIFT	7	7	2801
D	RTL8367D_PORT7_PERMIT_MASK		MASK	0x80	128	2802
D	RTL8367D_PORT6_PERMIT_OFFSET		OFFSET_SHIFT	6	6	2803
D	RTL8367D_PORT6_PERMIT_MASK		MASK	0x40	64	2804
D	RTL8367D_PORT5_PERMIT_OFFSET		OFFSET_SHIFT	5	5	2805
D	RTL8367D_PORT5_PERMIT_MASK		MASK	0x20	32	2806
D	RTL8367D_PORT4_PERMIT_OFFSET		OFFSET_SHIFT	4	4	2807
D	RTL8367D_PORT4_PERMIT_MASK		MASK	0x10	16	2808
D	RTL8367D_PORT3_PERMIT_OFFSET		OFFSET_SHIFT	3	3	2809
D	RTL8367D_PORT3_PERMIT_MASK		MASK	0x8	8	2810
D	RTL8367D_PORT2_PERMIT_OFFSET		OFFSET_SHIFT	2	2	2811
D	RTL8367D_PORT2_PERMIT_MASK		MASK	0x4	4	2812
D	RTL8367D_PORT1_PERMIT_OFFSET		OFFSET_SHIFT	1	1	2813
D	RTL8367D_PORT1_PERMIT_MASK		MASK	0x2	2	2814
D	RTL8367D_PORT0_PERMIT_OFFSET		OFFSET_SHIFT	0	0	2815
D	RTL8367D_PORT0_PERMIT_MASK		MASK	0x1	1	2816
D	RTL8367D_REG_ACL_RESET_CFG		REGISTER	0x06d9	1753	2818
D	RTL8367D_ACL_RESET_CFG_OFFSET		OFFSET_SHIFT	0	0	2819
D	RTL8367D_ACL_RESET_CFG_MASK		MASK	0x1	1	2820
D	RTL8367D_REG_ACL_REASON_01		REGISTER	0x06E8	1768	2822
D	RTL8367D_ACL_ACT_1_OFFSET		OFFSET_SHIFT	8	8	2823
D	RTL8367D_ACL_ACT_1_MASK		MASK	0xFF00	65280	2824
D	RTL8367D_ACL_ACT_0_OFFSET		OFFSET_SHIFT	0	0	2825
D	RTL8367D_ACL_ACT_0_MASK		MASK	0xFF	255	2826
D	RTL8367D_REG_ACL_REASON_23		REGISTER	0x06E9	1769	2828
D	RTL8367D_ACL_ACT_3_OFFSET		OFFSET_SHIFT	8	8	2829
D	RTL8367D_ACL_ACT_3_MASK		MASK	0xFF00	65280	2830
D	RTL8367D_ACL_ACT_2_OFFSET		OFFSET_SHIFT	0	0	2831
D	RTL8367D_ACL_ACT_2_MASK		MASK	0xFF	255	2832
D	RTL8367D_REG_ACL_REASON_45		REGISTER	0x06EA	1770	2834
D	RTL8367D_ACL_ACT_5_OFFSET		OFFSET_SHIFT	8	8	2835
D	RTL8367D_ACL_ACT_5_MASK		MASK	0xFF00	65280	2836
D	RTL8367D_ACL_ACT_4_OFFSET		OFFSET_SHIFT	0	0	2837
D	RTL8367D_ACL_ACT_4_MASK		MASK	0xFF	255	2838
D	RTL8367D_REG_VLAN_PVID_CTRL0		REGISTER	0x0700	1792	2842
D	RTL8367D_VLAN_PVID_CTRL0_OFFSET		OFFSET_SHIFT	0	0	2843
D	RTL8367D_VLAN_PVID_CTRL0_MASK		MASK	0xFFF	4095	2844
D	RTL8367D_REG_VLAN_PVID_CTRL1		REGISTER	0x0701	1793	2846
D	RTL8367D_VLAN_PVID_CTRL1_OFFSET		OFFSET_SHIFT	0	0	2847
D	RTL8367D_VLAN_PVID_CTRL1_MASK		MASK	0xFFF	4095	2848
D	RTL8367D_REG_VLAN_PVID_CTRL2		REGISTER	0x0702	1794	2850
D	RTL8367D_VLAN_PVID_CTRL2_OFFSET		OFFSET_SHIFT	0	0	2851
D	RTL8367D_VLAN_PVID_CTRL2_MASK		MASK	0xFFF	4095	2852
D	RTL8367D_REG_VLAN_PVID_CTRL3		REGISTER	0x0703	1795	2854
D	RTL8367D_VLAN_PVID_CTRL3_OFFSET		OFFSET_SHIFT	0	0	2855
D	RTL8367D_VLAN_PVID_CTRL3_MASK		MASK	0xFFF	4095	2856
D	RTL8367D_REG_VLAN_PVID_CTRL4		REGISTER	0x0704	1796	2858
D	RTL8367D_VLAN_PVID_CTRL4_OFFSET		OFFSET_SHIFT	0	0	2859
D	RTL8367D_VLAN_PVID_CTRL4_MASK		MASK	0xFFF	4095	2860
D	RTL8367D_REG_VLAN_PVID_CTRL5		REGISTER	0x0705	1797	2862
D	RTL8367D_VLAN_PVID_CTRL5_OFFSET		OFFSET_SHIFT	0	0	2863
D	RTL8367D_VLAN_PVID_CTRL5_MASK		MASK	0xFFF	4095	2864
D	RTL8367D_REG_VLAN_PVID_CTRL6		REGISTER	0x0706	1798	2866
D	RTL8367D_VLAN_PVID_CTRL6_OFFSET		OFFSET_SHIFT	0	0	2867
D	RTL8367D_VLAN_PVID_CTRL6_MASK		MASK	0xFFF	4095	2868
D	RTL8367D_REG_VLAN_PVID_CTRL7		REGISTER	0x0707	1799	2870
D	RTL8367D_VLAN_PVID_CTRL7_OFFSET		OFFSET_SHIFT	0	0	2871
D	RTL8367D_VLAN_PVID_CTRL7_MASK		MASK	0xFFF	4095	2872
D	RTL8367D_REG_VLAN_CTRL		REGISTER	0x07a8	1960	2874
D	RTL8367D_VLAN_CTRL_OFFSET		OFFSET_SHIFT	0	0	2875
D	RTL8367D_VLAN_CTRL_MASK		MASK	0x1	1	2876
D	RTL8367D_REG_VLAN_INGRESS		REGISTER	0x07a9	1961	2878
D	RTL8367D_VLAN_INGRESS_OFFSET		OFFSET_SHIFT	0	0	2879
D	RTL8367D_VLAN_INGRESS_MASK		MASK	0xFF	255	2880
D	RTL8367D_REG_VLAN_ACCEPT_FRAME_TYPE_CTRL0		REGISTER	0x07aa	1962	2882
D	RTL8367D_PORT7_FRAME_TYPE_OFFSET		OFFSET_SHIFT	14	14	2883
D	RTL8367D_PORT7_FRAME_TYPE_MASK		MASK	0xC000	49152	2884
D	RTL8367D_PORT6_FRAME_TYPE_OFFSET		OFFSET_SHIFT	12	12	2885
D	RTL8367D_PORT6_FRAME_TYPE_MASK		MASK	0x3000	12288	2886
D	RTL8367D_PORT5_FRAME_TYPE_OFFSET		OFFSET_SHIFT	10	10	2887
D	RTL8367D_PORT5_FRAME_TYPE_MASK		MASK	0xC00	3072	2888
D	RTL8367D_PORT4_FRAME_TYPE_OFFSET		OFFSET_SHIFT	8	8	2889
D	RTL8367D_PORT4_FRAME_TYPE_MASK		MASK	0x300	768	2890
D	RTL8367D_PORT3_FRAME_TYPE_OFFSET		OFFSET_SHIFT	6	6	2891
D	RTL8367D_PORT3_FRAME_TYPE_MASK		MASK	0xC0	192	2892
D	RTL8367D_PORT2_FRAME_TYPE_OFFSET		OFFSET_SHIFT	4	4	2893
D	RTL8367D_PORT2_FRAME_TYPE_MASK		MASK	0x30	48	2894
D	RTL8367D_PORT1_FRAME_TYPE_OFFSET		OFFSET_SHIFT	2	2	2895
D	RTL8367D_PORT1_FRAME_TYPE_MASK		MASK	0xC	12	2896
D	RTL8367D_PORT0_FRAME_TYPE_OFFSET		OFFSET_SHIFT	0	0	2897
D	RTL8367D_PORT0_FRAME_TYPE_MASK		MASK	0x3	3	2898
D	RTL8367D_REG_PORT_PBFIDEN		REGISTER	0x07ac	1964	2900
D	RTL8367D_PORT_PBFIDEN_OFFSET		OFFSET_SHIFT	0	0	2901
D	RTL8367D_PORT_PBFIDEN_MASK		MASK	0xFF	255	2902
D	RTL8367D_REG_PORT0_PBFID		REGISTER	0x07ad	1965	2904
D	RTL8367D_PORT0_PBFID_OFFSET		OFFSET_SHIFT	0	0	2905
D	RTL8367D_PORT0_PBFID_MASK		MASK	0x3	3	2906
D	RTL8367D_REG_PORT1_PBFID		REGISTER	0x07ae	1966	2908
D	RTL8367D_PORT1_PBFID_OFFSET		OFFSET_SHIFT	0	0	2909
D	RTL8367D_PORT1_PBFID_MASK		MASK	0x3	3	2910
D	RTL8367D_REG_PORT2_PBFID		REGISTER	0x07af	1967	2912
D	RTL8367D_PORT2_PBFID_OFFSET		OFFSET_SHIFT	0	0	2913
D	RTL8367D_PORT2_PBFID_MASK		MASK	0x3	3	2914
D	RTL8367D_REG_PORT3_PBFID		REGISTER	0x07b0	1968	2916
D	RTL8367D_PORT3_PBFID_OFFSET		OFFSET_SHIFT	0	0	2917
D	RTL8367D_PORT3_PBFID_MASK		MASK	0x3	3	2918
D	RTL8367D_REG_PORT4_PBFID		REGISTER	0x07b1	1969	2920
D	RTL8367D_PORT4_PBFID_OFFSET		OFFSET_SHIFT	0	0	2921
D	RTL8367D_PORT4_PBFID_MASK		MASK	0x3	3	2922
D	RTL8367D_REG_PORT5_PBFID		REGISTER	0x07b2	1970	2924
D	RTL8367D_PORT5_PBFID_OFFSET		OFFSET_SHIFT	0	0	2925
D	RTL8367D_PORT5_PBFID_MASK		MASK	0x3	3	2926
D	RTL8367D_REG_PORT6_PBFID		REGISTER	0x07b3	1971	2928
D	RTL8367D_PORT6_PBFID_OFFSET		OFFSET_SHIFT	0	0	2929
D	RTL8367D_PORT6_PBFID_MASK		MASK	0x3	3	2930
D	RTL8367D_REG_PORT7_PBFID		REGISTER	0x07b4	1972	2932
D	RTL8367D_PORT7_PBFID_OFFSET		OFFSET_SHIFT	0	0	2933
D	RTL8367D_PORT7_PBFID_MASK		MASK	0x3	3	2934
D	RTL8367D_REG_VLAN_EXT_CTRL		REGISTER	0x07b5	1973	2936
D	RTL8367D_VLAN_1P_REMARK_BYPASS_REALKEEP_OFFSET		OFFSET_SHIFT	2	2	2937
D	RTL8367D_VLAN_1P_REMARK_BYPASS_REALKEEP_MASK		MASK	0x4	4	2938
D	RTL8367D_VLAN_VID4095_TYPE_OFFSET		OFFSET_SHIFT	1	1	2939
D	RTL8367D_VLAN_VID4095_TYPE_MASK		MASK	0x2	2	2940
D	RTL8367D_VLAN_VID0_TYPE_OFFSET		OFFSET_SHIFT	0	0	2941
D	RTL8367D_VLAN_VID0_TYPE_MASK		MASK	0x1	1	2942
D	RTL8367D_REG_VLAN_EXT_CTRL2		REGISTER	0x07b6	1974	2944
D	RTL8367D_VLAN_EXT_CTRL2_OFFSET		OFFSET_SHIFT	0	0	2945
D	RTL8367D_VLAN_EXT_CTRL2_MASK		MASK	0x1	1	2946
D	RTL8367D_REG_CVL_BISD_CTRL0		REGISTER	0x0780	1920	2948
D	RTL8367D_CVL_FRCTL_OFFSET		OFFSET_SHIFT	14	14	2949
D	RTL8367D_CVL_FRCTL_MASK		MASK	0x4000	16384	2950
D	RTL8367D_CVL_TGL_OFFSET		OFFSET_SHIFT	13	13	2951
D	RTL8367D_CVL_TGL_MASK		MASK	0x2000	8192	2952
D	RTL8367D_CVL_WR_OFFSET		OFFSET_SHIFT	12	12	2953
D	RTL8367D_CVL_WR_MASK		MASK	0x1000	4096	2954
D	RTL8367D_CVL_ADR_OFFSET		OFFSET_SHIFT	0	0	2955
D	RTL8367D_CVL_ADR_MASK		MASK	0xFFF	4095	2956
D	RTL8367D_REG_CVL_BISD_CTRL1		REGISTER	0x0781	1921	2958
D	RTL8367D_REG_CVL_BISD_CTRL2		REGISTER	0x0782	1922	2960
D	RTL8367D_REG_CVL_BISD_CTRL3		REGISTER	0x0783	1923	2962
D	RTL8367D_CVL_BISD_EN_OFFSET		OFFSET_SHIFT	3	3	2963
D	RTL8367D_CVL_BISD_EN_MASK		MASK	0x8	8	2964
D	RTL8367D_CVL_CONS_VAL_OFFSET		OFFSET_SHIFT	2	2	2965
D	RTL8367D_CVL_CONS_VAL_MASK		MASK	0x4	4	2966
D	RTL8367D_CVL_CONS_ACS_OFFSET		OFFSET_SHIFT	1	1	2967
D	RTL8367D_CVL_CONS_ACS_MASK		MASK	0x2	2	2968
D	RTL8367D_CVL_SEL16BNK_OFFSET		OFFSET_SHIFT	0	0	2969
D	RTL8367D_CVL_SEL16BNK_MASK		MASK	0x1	1	2970
D	RTL8367D_REG_CVL_BISD_CTRL4		REGISTER	0x0784	1924	2972
D	RTL8367D_REG_RMA_CTRL00		REGISTER	0x0800	2048	2976
D	RTL8367D_RMA_CTRL00_OPERATION_OFFSET		OFFSET_SHIFT	7	7	2977
D	RTL8367D_RMA_CTRL00_OPERATION_MASK		MASK	0x180	384	2978
D	RTL8367D_RMA_CTRL00_DISCARD_STORM_FILTER_OFFSET		OFFSET_SHIFT	6	6	2979
D	RTL8367D_RMA_CTRL00_DISCARD_STORM_FILTER_MASK		MASK	0x40	64	2980
D	RTL8367D_TRAP_PRIORITY_OFFSET		OFFSET_SHIFT	3	3	2981
D	RTL8367D_TRAP_PRIORITY_MASK		MASK	0x38	56	2982
D	RTL8367D_RMA_CTRL00_KEEP_FORMAT_OFFSET		OFFSET_SHIFT	2	2	2983
D	RTL8367D_RMA_CTRL00_KEEP_FORMAT_MASK		MASK	0x4	4	2984
D	RTL8367D_RMA_CTRL00_VLAN_LEAKY_OFFSET		OFFSET_SHIFT	1	1	2985
D	RTL8367D_RMA_CTRL00_VLAN_LEAKY_MASK		MASK	0x2	2	2986
D	RTL8367D_RMA_CTRL00_PORTISO_LEAKY_OFFSET		OFFSET_SHIFT	0	0	2987
D	RTL8367D_RMA_CTRL00_PORTISO_LEAKY_MASK		MASK	0x1	1	2988
D	RTL8367D_REG_RMA_CTRL01		REGISTER	0x0801	2049	2990
D	RTL8367D_RMA_CTRL01_OPERATION_OFFSET		OFFSET_SHIFT	7	7	2991
D	RTL8367D_RMA_CTRL01_OPERATION_MASK		MASK	0x180	384	2992
D	RTL8367D_RMA_CTRL01_DISCARD_STORM_FILTER_OFFSET		OFFSET_SHIFT	6	6	2993
D	RTL8367D_RMA_CTRL01_DISCARD_STORM_FILTER_MASK		MASK	0x40	64	2994
D	RTL8367D_RMA_CTRL01_KEEP_FORMAT_OFFSET		OFFSET_SHIFT	2	2	2995
D	RTL8367D_RMA_CTRL01_KEEP_FORMAT_MASK		MASK	0x4	4	2996
D	RTL8367D_RMA_CTRL01_VLAN_LEAKY_OFFSET		OFFSET_SHIFT	1	1	2997
D	RTL8367D_RMA_CTRL01_VLAN_LEAKY_MASK		MASK	0x2	2	2998
D	RTL8367D_RMA_CTRL01_PORTISO_LEAKY_OFFSET		OFFSET_SHIFT	0	0	2999
D	RTL8367D_RMA_CTRL01_PORTISO_LEAKY_MASK		MASK	0x1	1	3000
D	RTL8367D_REG_RMA_CTRL02		REGISTER	0x0802	2050	3002
D	RTL8367D_RMA_CTRL02_OPERATION_OFFSET		OFFSET_SHIFT	7	7	3003
D	RTL8367D_RMA_CTRL02_OPERATION_MASK		MASK	0x180	384	3004
D	RTL8367D_RMA_CTRL02_DISCARD_STORM_FILTER_OFFSET		OFFSET_SHIFT	6	6	3005
D	RTL8367D_RMA_CTRL02_DISCARD_STORM_FILTER_MASK		MASK	0x40	64	3006
D	RTL8367D_RMA_CTRL02_KEEP_FORMAT_OFFSET		OFFSET_SHIFT	2	2	3007
D	RTL8367D_RMA_CTRL02_KEEP_FORMAT_MASK		MASK	0x4	4	3008
D	RTL8367D_RMA_CTRL02_VLAN_LEAKY_OFFSET		OFFSET_SHIFT	1	1	3009
D	RTL8367D_RMA_CTRL02_VLAN_LEAKY_MASK		MASK	0x2	2	3010
D	RTL8367D_RMA_CTRL02_PORTISO_LEAKY_OFFSET		OFFSET_SHIFT	0	0	3011
D	RTL8367D_RMA_CTRL02_PORTISO_LEAKY_MASK		MASK	0x1	1	3012
D	RTL8367D_REG_RMA_CTRL03		REGISTER	0x0803	2051	3014
D	RTL8367D_RMA_CTRL03_OPERATION_OFFSET		OFFSET_SHIFT	7	7	3015
D	RTL8367D_RMA_CTRL03_OPERATION_MASK		MASK	0x180	384	3016
D	RTL8367D_RMA_CTRL03_DISCARD_STORM_FILTER_OFFSET		OFFSET_SHIFT	6	6	3017
D	RTL8367D_RMA_CTRL03_DISCARD_STORM_FILTER_MASK		MASK	0x40	64	3018
D	RTL8367D_RMA_CTRL03_KEEP_FORMAT_OFFSET		OFFSET_SHIFT	2	2	3019
D	RTL8367D_RMA_CTRL03_KEEP_FORMAT_MASK		MASK	0x4	4	3020
D	RTL8367D_RMA_CTRL03_VLAN_LEAKY_OFFSET		OFFSET_SHIFT	1	1	3021
D	RTL8367D_RMA_CTRL03_VLAN_LEAKY_MASK		MASK	0x2	2	3022
D	RTL8367D_RMA_CTRL03_PORTISO_LEAKY_OFFSET		OFFSET_SHIFT	0	0	3023
D	RTL8367D_RMA_CTRL03_PORTISO_LEAKY_MASK		MASK	0x1	1	3024
D	RTL8367D_REG_RMA_CTRL04		REGISTER	0x0804	2052	3026
D	RTL8367D_RMA_CTRL04_OPERATION_OFFSET		OFFSET_SHIFT	7	7	3027
D	RTL8367D_RMA_CTRL04_OPERATION_MASK		MASK	0x180	384	3028
D	RTL8367D_RMA_CTRL04_DISCARD_STORM_FILTER_OFFSET		OFFSET_SHIFT	6	6	3029
D	RTL8367D_RMA_CTRL04_DISCARD_STORM_FILTER_MASK		MASK	0x40	64	3030
D	RTL8367D_RMA_CTRL04_KEEP_FORMAT_OFFSET		OFFSET_SHIFT	2	2	3031
D	RTL8367D_RMA_CTRL04_KEEP_FORMAT_MASK		MASK	0x4	4	3032
D	RTL8367D_RMA_CTRL04_VLAN_LEAKY_OFFSET		OFFSET_SHIFT	1	1	3033
D	RTL8367D_RMA_CTRL04_VLAN_LEAKY_MASK		MASK	0x2	2	3034
D	RTL8367D_RMA_CTRL04_PORTISO_LEAKY_OFFSET		OFFSET_SHIFT	0	0	3035
D	RTL8367D_RMA_CTRL04_PORTISO_LEAKY_MASK		MASK	0x1	1	3036
D	RTL8367D_REG_RMA_CTRL08		REGISTER	0x0808	2056	3038
D	RTL8367D_RMA_CTRL08_OPERATION_OFFSET		OFFSET_SHIFT	7	7	3039
D	RTL8367D_RMA_CTRL08_OPERATION_MASK		MASK	0x180	384	3040
D	RTL8367D_RMA_CTRL08_DISCARD_STORM_FILTER_OFFSET		OFFSET_SHIFT	6	6	3041
D	RTL8367D_RMA_CTRL08_DISCARD_STORM_FILTER_MASK		MASK	0x40	64	3042
D	RTL8367D_RMA_CTRL08_KEEP_FORMAT_OFFSET		OFFSET_SHIFT	2	2	3043
D	RTL8367D_RMA_CTRL08_KEEP_FORMAT_MASK		MASK	0x4	4	3044
D	RTL8367D_RMA_CTRL08_VLAN_LEAKY_OFFSET		OFFSET_SHIFT	1	1	3045
D	RTL8367D_RMA_CTRL08_VLAN_LEAKY_MASK		MASK	0x2	2	3046
D	RTL8367D_RMA_CTRL08_PORTISO_LEAKY_OFFSET		OFFSET_SHIFT	0	0	3047
D	RTL8367D_RMA_CTRL08_PORTISO_LEAKY_MASK		MASK	0x1	1	3048
D	RTL8367D_REG_RMA_CTRL0D		REGISTER	0x080d	2061	3050
D	RTL8367D_RMA_CTRL0D_OPERATION_OFFSET		OFFSET_SHIFT	7	7	3051
D	RTL8367D_RMA_CTRL0D_OPERATION_MASK		MASK	0x180	384	3052
D	RTL8367D_RMA_CTRL0D_DISCARD_STORM_FILTER_OFFSET		OFFSET_SHIFT	6	6	3053
D	RTL8367D_RMA_CTRL0D_DISCARD_STORM_FILTER_MASK		MASK	0x40	64	3054
D	RTL8367D_RMA_CTRL0D_KEEP_FORMAT_OFFSET		OFFSET_SHIFT	2	2	3055
D	RTL8367D_RMA_CTRL0D_KEEP_FORMAT_MASK		MASK	0x4	4	3056
D	RTL8367D_RMA_CTRL0D_VLAN_LEAKY_OFFSET		OFFSET_SHIFT	1	1	3057
D	RTL8367D_RMA_CTRL0D_VLAN_LEAKY_MASK		MASK	0x2	2	3058
D	RTL8367D_RMA_CTRL0D_PORTISO_LEAKY_OFFSET		OFFSET_SHIFT	0	0	3059
D	RTL8367D_RMA_CTRL0D_PORTISO_LEAKY_MASK		MASK	0x1	1	3060
D	RTL8367D_REG_RMA_CTRL0E		REGISTER	0x080e	2062	3062
D	RTL8367D_RMA_CTRL0E_OPERATION_OFFSET		OFFSET_SHIFT	7	7	3063
D	RTL8367D_RMA_CTRL0E_OPERATION_MASK		MASK	0x180	384	3064
D	RTL8367D_RMA_CTRL0E_DISCARD_STORM_FILTER_OFFSET		OFFSET_SHIFT	6	6	3065
D	RTL8367D_RMA_CTRL0E_DISCARD_STORM_FILTER_MASK		MASK	0x40	64	3066
D	RTL8367D_RMA_CTRL0E_KEEP_FORMAT_OFFSET		OFFSET_SHIFT	2	2	3067
D	RTL8367D_RMA_CTRL0E_KEEP_FORMAT_MASK		MASK	0x4	4	3068
D	RTL8367D_RMA_CTRL0E_VLAN_LEAKY_OFFSET		OFFSET_SHIFT	1	1	3069
D	RTL8367D_RMA_CTRL0E_VLAN_LEAKY_MASK		MASK	0x2	2	3070
D	RTL8367D_RMA_CTRL0E_PORTISO_LEAKY_OFFSET		OFFSET_SHIFT	0	0	3071
D	RTL8367D_RMA_CTRL0E_PORTISO_LEAKY_MASK		MASK	0x1	1	3072
D	RTL8367D_REG_RMA_CTRL10		REGISTER	0x0810	2064	3074
D	RTL8367D_RMA_CTRL10_OPERATION_OFFSET		OFFSET_SHIFT	7	7	3075
D	RTL8367D_RMA_CTRL10_OPERATION_MASK		MASK	0x180	384	3076
D	RTL8367D_RMA_CTRL10_DISCARD_STORM_FILTER_OFFSET		OFFSET_SHIFT	6	6	3077
D	RTL8367D_RMA_CTRL10_DISCARD_STORM_FILTER_MASK		MASK	0x40	64	3078
D	RTL8367D_RMA_CTRL10_KEEP_FORMAT_OFFSET		OFFSET_SHIFT	2	2	3079
D	RTL8367D_RMA_CTRL10_KEEP_FORMAT_MASK		MASK	0x4	4	3080
D	RTL8367D_RMA_CTRL10_VLAN_LEAKY_OFFSET		OFFSET_SHIFT	1	1	3081
D	RTL8367D_RMA_CTRL10_VLAN_LEAKY_MASK		MASK	0x2	2	3082
D	RTL8367D_RMA_CTRL10_PORTISO_LEAKY_OFFSET		OFFSET_SHIFT	0	0	3083
D	RTL8367D_RMA_CTRL10_PORTISO_LEAKY_MASK		MASK	0x1	1	3084
D	RTL8367D_REG_RMA_CTRL11		REGISTER	0x0811	2065	3086
D	RTL8367D_RMA_CTRL11_OPERATION_OFFSET		OFFSET_SHIFT	7	7	3087
D	RTL8367D_RMA_CTRL11_OPERATION_MASK		MASK	0x180	384	3088
D	RTL8367D_RMA_CTRL11_DISCARD_STORM_FILTER_OFFSET		OFFSET_SHIFT	6	6	3089
D	RTL8367D_RMA_CTRL11_DISCARD_STORM_FILTER_MASK		MASK	0x40	64	3090
D	RTL8367D_RMA_CTRL11_KEEP_FORMAT_OFFSET		OFFSET_SHIFT	2	2	3091
D	RTL8367D_RMA_CTRL11_KEEP_FORMAT_MASK		MASK	0x4	4	3092
D	RTL8367D_RMA_CTRL11_VLAN_LEAKY_OFFSET		OFFSET_SHIFT	1	1	3093
D	RTL8367D_RMA_CTRL11_VLAN_LEAKY_MASK		MASK	0x2	2	3094
D	RTL8367D_RMA_CTRL11_PORTISO_LEAKY_OFFSET		OFFSET_SHIFT	0	0	3095
D	RTL8367D_RMA_CTRL11_PORTISO_LEAKY_MASK		MASK	0x1	1	3096
D	RTL8367D_REG_RMA_CTRL12		REGISTER	0x0812	2066	3098
D	RTL8367D_RMA_CTRL12_OPERATION_OFFSET		OFFSET_SHIFT	7	7	3099
D	RTL8367D_RMA_CTRL12_OPERATION_MASK		MASK	0x180	384	3100
D	RTL8367D_RMA_CTRL12_DISCARD_STORM_FILTER_OFFSET		OFFSET_SHIFT	6	6	3101
D	RTL8367D_RMA_CTRL12_DISCARD_STORM_FILTER_MASK		MASK	0x40	64	3102
D	RTL8367D_RMA_CTRL12_KEEP_FORMAT_OFFSET		OFFSET_SHIFT	2	2	3103
D	RTL8367D_RMA_CTRL12_KEEP_FORMAT_MASK		MASK	0x4	4	3104
D	RTL8367D_RMA_CTRL12_VLAN_LEAKY_OFFSET		OFFSET_SHIFT	1	1	3105
D	RTL8367D_RMA_CTRL12_VLAN_LEAKY_MASK		MASK	0x2	2	3106
D	RTL8367D_RMA_CTRL12_PORTISO_LEAKY_OFFSET		OFFSET_SHIFT	0	0	3107
D	RTL8367D_RMA_CTRL12_PORTISO_LEAKY_MASK		MASK	0x1	1	3108
D	RTL8367D_REG_RMA_CTRL13		REGISTER	0x0813	2067	3110
D	RTL8367D_RMA_CTRL13_OPERATION_OFFSET		OFFSET_SHIFT	7	7	3111
D	RTL8367D_RMA_CTRL13_OPERATION_MASK		MASK	0x180	384	3112
D	RTL8367D_RMA_CTRL13_DISCARD_STORM_FILTER_OFFSET		OFFSET_SHIFT	6	6	3113
D	RTL8367D_RMA_CTRL13_DISCARD_STORM_FILTER_MASK		MASK	0x40	64	3114
D	RTL8367D_RMA_CTRL13_KEEP_FORMAT_OFFSET		OFFSET_SHIFT	2	2	3115
D	RTL8367D_RMA_CTRL13_KEEP_FORMAT_MASK		MASK	0x4	4	3116
D	RTL8367D_RMA_CTRL13_VLAN_LEAKY_OFFSET		OFFSET_SHIFT	1	1	3117
D	RTL8367D_RMA_CTRL13_VLAN_LEAKY_MASK		MASK	0x2	2	3118
D	RTL8367D_RMA_CTRL13_PORTISO_LEAKY_OFFSET		OFFSET_SHIFT	0	0	3119
D	RTL8367D_RMA_CTRL13_PORTISO_LEAKY_MASK		MASK	0x1	1	3120
D	RTL8367D_REG_RMA_CTRL18		REGISTER	0x0818	2072	3122
D	RTL8367D_RMA_CTRL18_OPERATION_OFFSET		OFFSET_SHIFT	7	7	3123
D	RTL8367D_RMA_CTRL18_OPERATION_MASK		MASK	0x180	384	3124
D	RTL8367D_RMA_CTRL18_DISCARD_STORM_FILTER_OFFSET		OFFSET_SHIFT	6	6	3125
D	RTL8367D_RMA_CTRL18_DISCARD_STORM_FILTER_MASK		MASK	0x40	64	3126
D	RTL8367D_RMA_CTRL18_KEEP_FORMAT_OFFSET		OFFSET_SHIFT	2	2	3127
D	RTL8367D_RMA_CTRL18_KEEP_FORMAT_MASK		MASK	0x4	4	3128
D	RTL8367D_RMA_CTRL18_VLAN_LEAKY_OFFSET		OFFSET_SHIFT	1	1	3129
D	RTL8367D_RMA_CTRL18_VLAN_LEAKY_MASK		MASK	0x2	2	3130
D	RTL8367D_RMA_CTRL18_PORTISO_LEAKY_OFFSET		OFFSET_SHIFT	0	0	3131
D	RTL8367D_RMA_CTRL18_PORTISO_LEAKY_MASK		MASK	0x1	1	3132
D	RTL8367D_REG_RMA_CTRL1A		REGISTER	0x081a	2074	3134
D	RTL8367D_RMA_CTRL1A_OPERATION_OFFSET		OFFSET_SHIFT	7	7	3135
D	RTL8367D_RMA_CTRL1A_OPERATION_MASK		MASK	0x180	384	3136
D	RTL8367D_RMA_CTRL1A_DISCARD_STORM_FILTER_OFFSET		OFFSET_SHIFT	6	6	3137
D	RTL8367D_RMA_CTRL1A_DISCARD_STORM_FILTER_MASK		MASK	0x40	64	3138
D	RTL8367D_RMA_CTRL1A_KEEP_FORMAT_OFFSET		OFFSET_SHIFT	2	2	3139
D	RTL8367D_RMA_CTRL1A_KEEP_FORMAT_MASK		MASK	0x4	4	3140
D	RTL8367D_RMA_CTRL1A_VLAN_LEAKY_OFFSET		OFFSET_SHIFT	1	1	3141
D	RTL8367D_RMA_CTRL1A_VLAN_LEAKY_MASK		MASK	0x2	2	3142
D	RTL8367D_RMA_CTRL1A_PORTISO_LEAKY_OFFSET		OFFSET_SHIFT	0	0	3143
D	RTL8367D_RMA_CTRL1A_PORTISO_LEAKY_MASK		MASK	0x1	1	3144
D	RTL8367D_REG_RMA_CTRL20		REGISTER	0x0820	2080	3146
D	RTL8367D_RMA_CTRL20_OPERATION_OFFSET		OFFSET_SHIFT	7	7	3147
D	RTL8367D_RMA_CTRL20_OPERATION_MASK		MASK	0x180	384	3148
D	RTL8367D_RMA_CTRL20_DISCARD_STORM_FILTER_OFFSET		OFFSET_SHIFT	6	6	3149
D	RTL8367D_RMA_CTRL20_DISCARD_STORM_FILTER_MASK		MASK	0x40	64	3150
D	RTL8367D_RMA_CTRL20_KEEP_FORMAT_OFFSET		OFFSET_SHIFT	2	2	3151
D	RTL8367D_RMA_CTRL20_KEEP_FORMAT_MASK		MASK	0x4	4	3152
D	RTL8367D_RMA_CTRL20_VLAN_LEAKY_OFFSET		OFFSET_SHIFT	1	1	3153
D	RTL8367D_RMA_CTRL20_VLAN_LEAKY_MASK		MASK	0x2	2	3154
D	RTL8367D_RMA_CTRL20_PORTISO_LEAKY_OFFSET		OFFSET_SHIFT	0	0	3155
D	RTL8367D_RMA_CTRL20_PORTISO_LEAKY_MASK		MASK	0x1	1	3156
D	RTL8367D_REG_RMA_CTRL21		REGISTER	0x0821	2081	3158
D	RTL8367D_RMA_CTRL21_OPERATION_OFFSET		OFFSET_SHIFT	7	7	3159
D	RTL8367D_RMA_CTRL21_OPERATION_MASK		MASK	0x180	384	3160
D	RTL8367D_RMA_CTRL21_DISCARD_STORM_FILTER_OFFSET		OFFSET_SHIFT	6	6	3161
D	RTL8367D_RMA_CTRL21_DISCARD_STORM_FILTER_MASK		MASK	0x40	64	3162
D	RTL8367D_RMA_CTRL21_KEEP_FORMAT_OFFSET		OFFSET_SHIFT	2	2	3163
D	RTL8367D_RMA_CTRL21_KEEP_FORMAT_MASK		MASK	0x4	4	3164
D	RTL8367D_RMA_CTRL21_VLAN_LEAKY_OFFSET		OFFSET_SHIFT	1	1	3165
D	RTL8367D_RMA_CTRL21_VLAN_LEAKY_MASK		MASK	0x2	2	3166
D	RTL8367D_RMA_CTRL21_PORTISO_LEAKY_OFFSET		OFFSET_SHIFT	0	0	3167
D	RTL8367D_RMA_CTRL21_PORTISO_LEAKY_MASK		MASK	0x1	1	3168
D	RTL8367D_REG_RMA_CTRL22		REGISTER	0x0822	2082	3170
D	RTL8367D_RMA_CTRL22_OPERATION_OFFSET		OFFSET_SHIFT	7	7	3171
D	RTL8367D_RMA_CTRL22_OPERATION_MASK		MASK	0x180	384	3172
D	RTL8367D_RMA_CTRL22_DISCARD_STORM_FILTER_OFFSET		OFFSET_SHIFT	6	6	3173
D	RTL8367D_RMA_CTRL22_DISCARD_STORM_FILTER_MASK		MASK	0x40	64	3174
D	RTL8367D_RMA_CTRL22_KEEP_FORMAT_OFFSET		OFFSET_SHIFT	2	2	3175
D	RTL8367D_RMA_CTRL22_KEEP_FORMAT_MASK		MASK	0x4	4	3176
D	RTL8367D_RMA_CTRL22_VLAN_LEAKY_OFFSET		OFFSET_SHIFT	1	1	3177
D	RTL8367D_RMA_CTRL22_VLAN_LEAKY_MASK		MASK	0x2	2	3178
D	RTL8367D_RMA_CTRL22_PORTISO_LEAKY_OFFSET		OFFSET_SHIFT	0	0	3179
D	RTL8367D_RMA_CTRL22_PORTISO_LEAKY_MASK		MASK	0x1	1	3180
D	RTL8367D_REG_RMA_CTRL_CDP		REGISTER	0x0830	2096	3182
D	RTL8367D_RMA_CTRL_CDP_OPERATION_OFFSET		OFFSET_SHIFT	7	7	3183
D	RTL8367D_RMA_CTRL_CDP_OPERATION_MASK		MASK	0x180	384	3184
D	RTL8367D_RMA_CTRL_CDP_DISCARD_STORM_FILTER_OFFSET		OFFSET_SHIFT	6	6	3185
D	RTL8367D_RMA_CTRL_CDP_DISCARD_STORM_FILTER_MASK		MASK	0x40	64	3186
D	RTL8367D_RMA_CTRL_CDP_KEEP_FORMAT_OFFSET		OFFSET_SHIFT	2	2	3187
D	RTL8367D_RMA_CTRL_CDP_KEEP_FORMAT_MASK		MASK	0x4	4	3188
D	RTL8367D_RMA_CTRL_CDP_VLAN_LEAKY_OFFSET		OFFSET_SHIFT	1	1	3189
D	RTL8367D_RMA_CTRL_CDP_VLAN_LEAKY_MASK		MASK	0x2	2	3190
D	RTL8367D_RMA_CTRL_CDP_PORTISO_LEAKY_OFFSET		OFFSET_SHIFT	0	0	3191
D	RTL8367D_RMA_CTRL_CDP_PORTISO_LEAKY_MASK		MASK	0x1	1	3192
D	RTL8367D_REG_RMA_CTRL_CSSTP		REGISTER	0x0831	2097	3194
D	RTL8367D_RMA_CTRL_CSSTP_OPERATION_OFFSET		OFFSET_SHIFT	7	7	3195
D	RTL8367D_RMA_CTRL_CSSTP_OPERATION_MASK		MASK	0x180	384	3196
D	RTL8367D_RMA_CTRL_CSSTP_DISCARD_STORM_FILTER_OFFSET		OFFSET_SHIFT	6	6	3197
D	RTL8367D_RMA_CTRL_CSSTP_DISCARD_STORM_FILTER_MASK		MASK	0x40	64	3198
D	RTL8367D_RMA_CTRL_CSSTP_KEEP_FORMAT_OFFSET		OFFSET_SHIFT	2	2	3199
D	RTL8367D_RMA_CTRL_CSSTP_KEEP_FORMAT_MASK		MASK	0x4	4	3200
D	RTL8367D_RMA_CTRL_CSSTP_VLAN_LEAKY_OFFSET		OFFSET_SHIFT	1	1	3201
D	RTL8367D_RMA_CTRL_CSSTP_VLAN_LEAKY_MASK		MASK	0x2	2	3202
D	RTL8367D_RMA_CTRL_CSSTP_PORTISO_LEAKY_OFFSET		OFFSET_SHIFT	0	0	3203
D	RTL8367D_RMA_CTRL_CSSTP_PORTISO_LEAKY_MASK		MASK	0x1	1	3204
D	RTL8367D_REG_RMA_CTRL_LLDP		REGISTER	0x0832	2098	3206
D	RTL8367D_RMA_CTRL_LLDP_OPERATION_OFFSET		OFFSET_SHIFT	7	7	3207
D	RTL8367D_RMA_CTRL_LLDP_OPERATION_MASK		MASK	0x180	384	3208
D	RTL8367D_RMA_CTRL_LLDP_DISCARD_STORM_FILTER_OFFSET		OFFSET_SHIFT	6	6	3209
D	RTL8367D_RMA_CTRL_LLDP_DISCARD_STORM_FILTER_MASK		MASK	0x40	64	3210
D	RTL8367D_RMA_CTRL_LLDP_KEEP_FORMAT_OFFSET		OFFSET_SHIFT	2	2	3211
D	RTL8367D_RMA_CTRL_LLDP_KEEP_FORMAT_MASK		MASK	0x4	4	3212
D	RTL8367D_RMA_CTRL_LLDP_VLAN_LEAKY_OFFSET		OFFSET_SHIFT	1	1	3213
D	RTL8367D_RMA_CTRL_LLDP_VLAN_LEAKY_MASK		MASK	0x2	2	3214
D	RTL8367D_RMA_CTRL_LLDP_PORTISO_LEAKY_OFFSET		OFFSET_SHIFT	0	0	3215
D	RTL8367D_RMA_CTRL_LLDP_PORTISO_LEAKY_MASK		MASK	0x1	1	3216
D	RTL8367D_REG_RMA_LLDP_EN		REGISTER	0x0833	2099	3218
D	RTL8367D_RMA_LLDP_EN_OFFSET		OFFSET_SHIFT	0	0	3219
D	RTL8367D_RMA_LLDP_EN_MASK		MASK	0x1	1	3220
D	RTL8367D_REG_QOS_1Q_PRIORITY_REMAPPING_CTRL0		REGISTER	0x0865	2149	3222
D	RTL8367D_QOS_1Q_PRIORITY_REMAPPING_CTRL0_PRIORITY3_OFFSET		OFFSET_SHIFT	12	12	3223
D	RTL8367D_QOS_1Q_PRIORITY_REMAPPING_CTRL0_PRIORITY3_MASK		MASK	0x7000	28672	3224
D	RTL8367D_QOS_1Q_PRIORITY_REMAPPING_CTRL0_PRIORITY2_OFFSET		OFFSET_SHIFT	8	8	3225
D	RTL8367D_QOS_1Q_PRIORITY_REMAPPING_CTRL0_PRIORITY2_MASK		MASK	0x700	1792	3226
D	RTL8367D_QOS_1Q_PRIORITY_REMAPPING_CTRL0_PRIORITY1_OFFSET		OFFSET_SHIFT	4	4	3227
D	RTL8367D_QOS_1Q_PRIORITY_REMAPPING_CTRL0_PRIORITY1_MASK		MASK	0x70	112	3228
D	RTL8367D_QOS_1Q_PRIORITY_REMAPPING_CTRL0_PRIORITY0_OFFSET		OFFSET_SHIFT	0	0	3229
D	RTL8367D_QOS_1Q_PRIORITY_REMAPPING_CTRL0_PRIORITY0_MASK		MASK	0x7	7	3230
D	RTL8367D_REG_QOS_1Q_PRIORITY_REMAPPING_CTRL1		REGISTER	0x0866	2150	3232
D	RTL8367D_QOS_1Q_PRIORITY_REMAPPING_CTRL1_PRIORITY7_OFFSET		OFFSET_SHIFT	12	12	3233
D	RTL8367D_QOS_1Q_PRIORITY_REMAPPING_CTRL1_PRIORITY7_MASK		MASK	0x7000	28672	3234
D	RTL8367D_QOS_1Q_PRIORITY_REMAPPING_CTRL1_PRIORITY6_OFFSET		OFFSET_SHIFT	8	8	3235
D	RTL8367D_QOS_1Q_PRIORITY_REMAPPING_CTRL1_PRIORITY6_MASK		MASK	0x700	1792	3236
D	RTL8367D_QOS_1Q_PRIORITY_REMAPPING_CTRL1_PRIORITY5_OFFSET		OFFSET_SHIFT	4	4	3237
D	RTL8367D_QOS_1Q_PRIORITY_REMAPPING_CTRL1_PRIORITY5_MASK		MASK	0x70	112	3238
D	RTL8367D_QOS_1Q_PRIORITY_REMAPPING_CTRL1_PRIORITY4_OFFSET		OFFSET_SHIFT	0	0	3239
D	RTL8367D_QOS_1Q_PRIORITY_REMAPPING_CTRL1_PRIORITY4_MASK		MASK	0x7	7	3240
D	RTL8367D_REG_QOS_DSCP_TO_PRIORITY_CTRL0		REGISTER	0x0867	2151	3242
D	RTL8367D_DSCP3_PRIORITY_OFFSET		OFFSET_SHIFT	12	12	3243
D	RTL8367D_DSCP3_PRIORITY_MASK		MASK	0x7000	28672	3244
D	RTL8367D_DSCP2_PRIORITY_OFFSET		OFFSET_SHIFT	8	8	3245
D	RTL8367D_DSCP2_PRIORITY_MASK		MASK	0x700	1792	3246
D	RTL8367D_DSCP1_PRIORITY_OFFSET		OFFSET_SHIFT	4	4	3247
D	RTL8367D_DSCP1_PRIORITY_MASK		MASK	0x70	112	3248
D	RTL8367D_DSCP0_PRIORITY_OFFSET		OFFSET_SHIFT	0	0	3249
D	RTL8367D_DSCP0_PRIORITY_MASK		MASK	0x7	7	3250
D	RTL8367D_REG_QOS_DSCP_TO_PRIORITY_CTRL1		REGISTER	0x0868	2152	3252
D	RTL8367D_DSCP7_PRIORITY_OFFSET		OFFSET_SHIFT	12	12	3253
D	RTL8367D_DSCP7_PRIORITY_MASK		MASK	0x7000	28672	3254
D	RTL8367D_DSCP6_PRIORITY_OFFSET		OFFSET_SHIFT	8	8	3255
D	RTL8367D_DSCP6_PRIORITY_MASK		MASK	0x700	1792	3256
D	RTL8367D_DSCP5_PRIORITY_OFFSET		OFFSET_SHIFT	4	4	3257
D	RTL8367D_DSCP5_PRIORITY_MASK		MASK	0x70	112	3258
D	RTL8367D_DSCP4_PRIORITY_OFFSET		OFFSET_SHIFT	0	0	3259
D	RTL8367D_DSCP4_PRIORITY_MASK		MASK	0x7	7	3260
D	RTL8367D_REG_QOS_DSCP_TO_PRIORITY_CTRL2		REGISTER	0x0869	2153	3262
D	RTL8367D_DSCP11_PRIORITY_OFFSET		OFFSET_SHIFT	12	12	3263
D	RTL8367D_DSCP11_PRIORITY_MASK		MASK	0x7000	28672	3264
D	RTL8367D_DSCP10_PRIORITY_OFFSET		OFFSET_SHIFT	8	8	3265
D	RTL8367D_DSCP10_PRIORITY_MASK		MASK	0x700	1792	3266
D	RTL8367D_DSCP9_PRIORITY_OFFSET		OFFSET_SHIFT	4	4	3267
D	RTL8367D_DSCP9_PRIORITY_MASK		MASK	0x70	112	3268
D	RTL8367D_DSCP8_PRIORITY_OFFSET		OFFSET_SHIFT	0	0	3269
D	RTL8367D_DSCP8_PRIORITY_MASK		MASK	0x7	7	3270
D	RTL8367D_REG_QOS_DSCP_TO_PRIORITY_CTRL3		REGISTER	0x086a	2154	3272
D	RTL8367D_DSCP15_PRIORITY_OFFSET		OFFSET_SHIFT	12	12	3273
D	RTL8367D_DSCP15_PRIORITY_MASK		MASK	0x7000	28672	3274
D	RTL8367D_DSCP14_PRIORITY_OFFSET		OFFSET_SHIFT	8	8	3275
D	RTL8367D_DSCP14_PRIORITY_MASK		MASK	0x700	1792	3276
D	RTL8367D_DSCP13_PRIORITY_OFFSET		OFFSET_SHIFT	4	4	3277
D	RTL8367D_DSCP13_PRIORITY_MASK		MASK	0x70	112	3278
D	RTL8367D_DSCP12_PRIORITY_OFFSET		OFFSET_SHIFT	0	0	3279
D	RTL8367D_DSCP12_PRIORITY_MASK		MASK	0x7	7	3280
D	RTL8367D_REG_QOS_DSCP_TO_PRIORITY_CTRL4		REGISTER	0x086b	2155	3282
D	RTL8367D_DSCP19_PRIORITY_OFFSET		OFFSET_SHIFT	12	12	3283
D	RTL8367D_DSCP19_PRIORITY_MASK		MASK	0x7000	28672	3284
D	RTL8367D_DSCP18_PRIORITY_OFFSET		OFFSET_SHIFT	8	8	3285
D	RTL8367D_DSCP18_PRIORITY_MASK		MASK	0x700	1792	3286
D	RTL8367D_DSCP17_PRIORITY_OFFSET		OFFSET_SHIFT	4	4	3287
D	RTL8367D_DSCP17_PRIORITY_MASK		MASK	0x70	112	3288
D	RTL8367D_DSCP16_PRIORITY_OFFSET		OFFSET_SHIFT	0	0	3289
D	RTL8367D_DSCP16_PRIORITY_MASK		MASK	0x7	7	3290
D	RTL8367D_REG_QOS_DSCP_TO_PRIORITY_CTRL5		REGISTER	0x086c	2156	3292
D	RTL8367D_DSCP23_PRIORITY_OFFSET		OFFSET_SHIFT	12	12	3293
D	RTL8367D_DSCP23_PRIORITY_MASK		MASK	0x7000	28672	3294
D	RTL8367D_DSCP22_PRIORITY_OFFSET		OFFSET_SHIFT	8	8	3295
D	RTL8367D_DSCP22_PRIORITY_MASK		MASK	0x700	1792	3296
D	RTL8367D_DSCP21_PRIORITY_OFFSET		OFFSET_SHIFT	4	4	3297
D	RTL8367D_DSCP21_PRIORITY_MASK		MASK	0x70	112	3298
D	RTL8367D_DSCP20_PRIORITY_OFFSET		OFFSET_SHIFT	0	0	3299
D	RTL8367D_DSCP20_PRIORITY_MASK		MASK	0x7	7	3300
D	RTL8367D_REG_QOS_DSCP_TO_PRIORITY_CTRL6		REGISTER	0x086d	2157	3302
D	RTL8367D_DSCP27_PRIORITY_OFFSET		OFFSET_SHIFT	12	12	3303
D	RTL8367D_DSCP27_PRIORITY_MASK		MASK	0x7000	28672	3304
D	RTL8367D_DSCP26_PRIORITY_OFFSET		OFFSET_SHIFT	8	8	3305
D	RTL8367D_DSCP26_PRIORITY_MASK		MASK	0x700	1792	3306
D	RTL8367D_DSCP25_PRIORITY_OFFSET		OFFSET_SHIFT	4	4	3307
D	RTL8367D_DSCP25_PRIORITY_MASK		MASK	0x70	112	3308
D	RTL8367D_DSCP24_PRIORITY_OFFSET		OFFSET_SHIFT	0	0	3309
D	RTL8367D_DSCP24_PRIORITY_MASK		MASK	0x7	7	3310
D	RTL8367D_REG_QOS_DSCP_TO_PRIORITY_CTRL7		REGISTER	0x086e	2158	3312
D	RTL8367D_DSCP31_PRIORITY_OFFSET		OFFSET_SHIFT	12	12	3313
D	RTL8367D_DSCP31_PRIORITY_MASK		MASK	0x7000	28672	3314
D	RTL8367D_DSCP30_PRIORITY_OFFSET		OFFSET_SHIFT	8	8	3315
D	RTL8367D_DSCP30_PRIORITY_MASK		MASK	0x700	1792	3316
D	RTL8367D_DSCP29_PRIORITY_OFFSET		OFFSET_SHIFT	4	4	3317
D	RTL8367D_DSCP29_PRIORITY_MASK		MASK	0x70	112	3318
D	RTL8367D_DSCP28_PRIORITY_OFFSET		OFFSET_SHIFT	0	0	3319
D	RTL8367D_DSCP28_PRIORITY_MASK		MASK	0x7	7	3320
D	RTL8367D_REG_QOS_DSCP_TO_PRIORITY_CTRL8		REGISTER	0x086f	2159	3322
D	RTL8367D_DSCP35_PRIORITY_OFFSET		OFFSET_SHIFT	12	12	3323
D	RTL8367D_DSCP35_PRIORITY_MASK		MASK	0x7000	28672	3324
D	RTL8367D_DSCP34_PRIORITY_OFFSET		OFFSET_SHIFT	8	8	3325
D	RTL8367D_DSCP34_PRIORITY_MASK		MASK	0x700	1792	3326
D	RTL8367D_DSCP33_PRIORITY_OFFSET		OFFSET_SHIFT	4	4	3327
D	RTL8367D_DSCP33_PRIORITY_MASK		MASK	0x70	112	3328
D	RTL8367D_DSCP32_PRIORITY_OFFSET		OFFSET_SHIFT	0	0	3329
D	RTL8367D_DSCP32_PRIORITY_MASK		MASK	0x7	7	3330
D	RTL8367D_REG_QOS_DSCP_TO_PRIORITY_CTRL9		REGISTER	0x0870	2160	3332
D	RTL8367D_DSCP39_PRIORITY_OFFSET		OFFSET_SHIFT	12	12	3333
D	RTL8367D_DSCP39_PRIORITY_MASK		MASK	0x7000	28672	3334
D	RTL8367D_DSCP38_PRIORITY_OFFSET		OFFSET_SHIFT	8	8	3335
D	RTL8367D_DSCP38_PRIORITY_MASK		MASK	0x700	1792	3336
D	RTL8367D_DSCP37_PRIORITY_OFFSET		OFFSET_SHIFT	4	4	3337
D	RTL8367D_DSCP37_PRIORITY_MASK		MASK	0x70	112	3338
D	RTL8367D_DSCP36_PRIORITY_OFFSET		OFFSET_SHIFT	0	0	3339
D	RTL8367D_DSCP36_PRIORITY_MASK		MASK	0x7	7	3340
D	RTL8367D_REG_QOS_DSCP_TO_PRIORITY_CTRL10		REGISTER	0x0871	2161	3342
D	RTL8367D_DSCP43_PRIORITY_OFFSET		OFFSET_SHIFT	12	12	3343
D	RTL8367D_DSCP43_PRIORITY_MASK		MASK	0x7000	28672	3344
D	RTL8367D_DSCP42_PRIORITY_OFFSET		OFFSET_SHIFT	8	8	3345
D	RTL8367D_DSCP42_PRIORITY_MASK		MASK	0x700	1792	3346
D	RTL8367D_DSCP41_PRIORITY_OFFSET		OFFSET_SHIFT	4	4	3347
D	RTL8367D_DSCP41_PRIORITY_MASK		MASK	0x70	112	3348
D	RTL8367D_DSCP40_PRIORITY_OFFSET		OFFSET_SHIFT	0	0	3349
D	RTL8367D_DSCP40_PRIORITY_MASK		MASK	0x7	7	3350
D	RTL8367D_REG_QOS_DSCP_TO_PRIORITY_CTRL11		REGISTER	0x0872	2162	3352
D	RTL8367D_DSCP47_PRIORITY_OFFSET		OFFSET_SHIFT	12	12	3353
D	RTL8367D_DSCP47_PRIORITY_MASK		MASK	0x7000	28672	3354
D	RTL8367D_DSCP46_PRIORITY_OFFSET		OFFSET_SHIFT	8	8	3355
D	RTL8367D_DSCP46_PRIORITY_MASK		MASK	0x700	1792	3356
D	RTL8367D_DSCP45_PRIORITY_OFFSET		OFFSET_SHIFT	4	4	3357
D	RTL8367D_DSCP45_PRIORITY_MASK		MASK	0x70	112	3358
D	RTL8367D_DSCP44_PRIORITY_OFFSET		OFFSET_SHIFT	0	0	3359
D	RTL8367D_DSCP44_PRIORITY_MASK		MASK	0x7	7	3360
D	RTL8367D_REG_QOS_DSCP_TO_PRIORITY_CTRL12		REGISTER	0x0873	2163	3362
D	RTL8367D_DSCP51_PRIORITY_OFFSET		OFFSET_SHIFT	12	12	3363
D	RTL8367D_DSCP51_PRIORITY_MASK		MASK	0x7000	28672	3364
D	RTL8367D_DSCP50_PRIORITY_OFFSET		OFFSET_SHIFT	8	8	3365
D	RTL8367D_DSCP50_PRIORITY_MASK		MASK	0x700	1792	3366
D	RTL8367D_DSCP49_PRIORITY_OFFSET		OFFSET_SHIFT	4	4	3367
D	RTL8367D_DSCP49_PRIORITY_MASK		MASK	0x70	112	3368
D	RTL8367D_DSCP48_PRIORITY_OFFSET		OFFSET_SHIFT	0	0	3369
D	RTL8367D_DSCP48_PRIORITY_MASK		MASK	0x7	7	3370
D	RTL8367D_REG_QOS_DSCP_TO_PRIORITY_CTRL13		REGISTER	0x0874	2164	3372
D	RTL8367D_DSCP55_PRIORITY_OFFSET		OFFSET_SHIFT	12	12	3373
D	RTL8367D_DSCP55_PRIORITY_MASK		MASK	0x7000	28672	3374
D	RTL8367D_DSCP54_PRIORITY_OFFSET		OFFSET_SHIFT	8	8	3375
D	RTL8367D_DSCP54_PRIORITY_MASK		MASK	0x700	1792	3376
D	RTL8367D_DSCP53_PRIORITY_OFFSET		OFFSET_SHIFT	4	4	3377
D	RTL8367D_DSCP53_PRIORITY_MASK		MASK	0x70	112	3378
D	RTL8367D_DSCP52_PRIORITY_OFFSET		OFFSET_SHIFT	0	0	3379
D	RTL8367D_DSCP52_PRIORITY_MASK		MASK	0x7	7	3380
D	RTL8367D_REG_QOS_DSCP_TO_PRIORITY_CTRL14		REGISTER	0x0875	2165	3382
D	RTL8367D_DSCP59_PRIORITY_OFFSET		OFFSET_SHIFT	12	12	3383
D	RTL8367D_DSCP59_PRIORITY_MASK		MASK	0x7000	28672	3384
D	RTL8367D_DSCP58_PRIORITY_OFFSET		OFFSET_SHIFT	8	8	3385
D	RTL8367D_DSCP58_PRIORITY_MASK		MASK	0x700	1792	3386
D	RTL8367D_DSCP57_PRIORITY_OFFSET		OFFSET_SHIFT	4	4	3387
D	RTL8367D_DSCP57_PRIORITY_MASK		MASK	0x70	112	3388
D	RTL8367D_DSCP56_PRIORITY_OFFSET		OFFSET_SHIFT	0	0	3389
D	RTL8367D_DSCP56_PRIORITY_MASK		MASK	0x7	7	3390
D	RTL8367D_REG_QOS_DSCP_TO_PRIORITY_CTRL15		REGISTER	0x0876	2166	3392
D	RTL8367D_DSCP63_PRIORITY_OFFSET		OFFSET_SHIFT	12	12	3393
D	RTL8367D_DSCP63_PRIORITY_MASK		MASK	0x7000	28672	3394
D	RTL8367D_DSCP62_PRIORITY_OFFSET		OFFSET_SHIFT	8	8	3395
D	RTL8367D_DSCP62_PRIORITY_MASK		MASK	0x700	1792	3396
D	RTL8367D_DSCP61_PRIORITY_OFFSET		OFFSET_SHIFT	4	4	3397
D	RTL8367D_DSCP61_PRIORITY_MASK		MASK	0x70	112	3398
D	RTL8367D_DSCP60_PRIORITY_OFFSET		OFFSET_SHIFT	0	0	3399
D	RTL8367D_DSCP60_PRIORITY_MASK		MASK	0x7	7	3400
D	RTL8367D_REG_QOS_PORTBASED_PRIORITY_CTRL0		REGISTER	0x0877	2167	3402
D	RTL8367D_PORT3_PRIORITY_OFFSET		OFFSET_SHIFT	12	12	3403
D	RTL8367D_PORT3_PRIORITY_MASK		MASK	0x7000	28672	3404
D	RTL8367D_PORT2_PRIORITY_OFFSET		OFFSET_SHIFT	8	8	3405
D	RTL8367D_PORT2_PRIORITY_MASK		MASK	0x700	1792	3406
D	RTL8367D_PORT1_PRIORITY_OFFSET		OFFSET_SHIFT	4	4	3407
D	RTL8367D_PORT1_PRIORITY_MASK		MASK	0x70	112	3408
D	RTL8367D_PORT0_PRIORITY_OFFSET		OFFSET_SHIFT	0	0	3409
D	RTL8367D_PORT0_PRIORITY_MASK		MASK	0x7	7	3410
D	RTL8367D_REG_QOS_PORTBASED_PRIORITY_CTRL1		REGISTER	0x0878	2168	3412
D	RTL8367D_PORT7_PRIORITY_OFFSET		OFFSET_SHIFT	12	12	3413
D	RTL8367D_PORT7_PRIORITY_MASK		MASK	0x7000	28672	3414
D	RTL8367D_PORT6_PRIORITY_OFFSET		OFFSET_SHIFT	8	8	3415
D	RTL8367D_PORT6_PRIORITY_MASK		MASK	0x700	1792	3416
D	RTL8367D_PORT5_PRIORITY_OFFSET		OFFSET_SHIFT	4	4	3417
D	RTL8367D_PORT5_PRIORITY_MASK		MASK	0x70	112	3418
D	RTL8367D_PORT4_PRIORITY_OFFSET		OFFSET_SHIFT	0	0	3419
D	RTL8367D_PORT4_PRIORITY_MASK		MASK	0x7	7	3420
D	RTL8367D_REG_QOS_INTERNAL_PRIORITY_DECISION_CTRL0		REGISTER	0x087b	2171	3422
D	RTL8367D_QOS_INTERNAL_PRIORITY_DECISION_CTRL0_QOS_ACL_WEIGHT_OFFSET		OFFSET_SHIFT	8	8	3423
D	RTL8367D_QOS_INTERNAL_PRIORITY_DECISION_CTRL0_QOS_ACL_WEIGHT_MASK		MASK	0x1F00	7936	3424
D	RTL8367D_QOS_INTERNAL_PRIORITY_DECISION_CTRL0_QOS_PORT_WEIGHT_OFFSET		OFFSET_SHIFT	0	0	3425
D	RTL8367D_QOS_INTERNAL_PRIORITY_DECISION_CTRL0_QOS_PORT_WEIGHT_MASK		MASK	0x1F	31	3426
D	RTL8367D_REG_QOS_INTERNAL_PRIORITY_DECISION_CTRL1		REGISTER	0x087c	2172	3428
D	RTL8367D_QOS_INTERNAL_PRIORITY_DECISION_CTRL1_QOS_DOT1Q_WEIGHT_OFFSET		OFFSET_SHIFT	8	8	3429
D	RTL8367D_QOS_INTERNAL_PRIORITY_DECISION_CTRL1_QOS_DOT1Q_WEIGHT_MASK		MASK	0x1F00	7936	3430
D	RTL8367D_QOS_INTERNAL_PRIORITY_DECISION_CTRL1_QOS_DSCP_WEIGHT_OFFSET		OFFSET_SHIFT	0	0	3431
D	RTL8367D_QOS_INTERNAL_PRIORITY_DECISION_CTRL1_QOS_DSCP_WEIGHT_MASK		MASK	0x1F	31	3432
D	RTL8367D_REG_QOS_INTERNAL_PRIORITY_DECISION_CTRL2		REGISTER	0x087d	2173	3434
D	RTL8367D_QOS_INTERNAL_PRIORITY_DECISION_CTRL2_OFFSET		OFFSET_SHIFT	0	0	3435
D	RTL8367D_QOS_INTERNAL_PRIORITY_DECISION_CTRL2_MASK		MASK	0x1F	31	3436
D	RTL8367D_REG_QOS_PRIORITY_REMAPPING_IN_CPU_CTRL0		REGISTER	0x087f	2175	3438
D	RTL8367D_QOS_PRIORITY_REMAPPING_IN_CPU_CTRL0_PRIORITY3_OFFSET		OFFSET_SHIFT	12	12	3439
D	RTL8367D_QOS_PRIORITY_REMAPPING_IN_CPU_CTRL0_PRIORITY3_MASK		MASK	0x7000	28672	3440
D	RTL8367D_QOS_PRIORITY_REMAPPING_IN_CPU_CTRL0_PRIORITY2_OFFSET		OFFSET_SHIFT	8	8	3441
D	RTL8367D_QOS_PRIORITY_REMAPPING_IN_CPU_CTRL0_PRIORITY2_MASK		MASK	0x700	1792	3442
D	RTL8367D_QOS_PRIORITY_REMAPPING_IN_CPU_CTRL0_PRIORITY1_OFFSET		OFFSET_SHIFT	4	4	3443
D	RTL8367D_QOS_PRIORITY_REMAPPING_IN_CPU_CTRL0_PRIORITY1_MASK		MASK	0x70	112	3444
D	RTL8367D_QOS_PRIORITY_REMAPPING_IN_CPU_CTRL0_PRIORITY0_OFFSET		OFFSET_SHIFT	0	0	3445
D	RTL8367D_QOS_PRIORITY_REMAPPING_IN_CPU_CTRL0_PRIORITY0_MASK		MASK	0x7	7	3446
D	RTL8367D_REG_QOS_PRIORITY_REMAPPING_IN_CPU_CTRL1		REGISTER	0x0880	2176	3448
D	RTL8367D_QOS_PRIORITY_REMAPPING_IN_CPU_CTRL1_PRIORITY7_OFFSET		OFFSET_SHIFT	12	12	3449
D	RTL8367D_QOS_PRIORITY_REMAPPING_IN_CPU_CTRL1_PRIORITY7_MASK		MASK	0x7000	28672	3450
D	RTL8367D_QOS_PRIORITY_REMAPPING_IN_CPU_CTRL1_PRIORITY6_OFFSET		OFFSET_SHIFT	8	8	3451
D	RTL8367D_QOS_PRIORITY_REMAPPING_IN_CPU_CTRL1_PRIORITY6_MASK		MASK	0x700	1792	3452
D	RTL8367D_QOS_PRIORITY_REMAPPING_IN_CPU_CTRL1_PRIORITY5_OFFSET		OFFSET_SHIFT	4	4	3453
D	RTL8367D_QOS_PRIORITY_REMAPPING_IN_CPU_CTRL1_PRIORITY5_MASK		MASK	0x70	112	3454
D	RTL8367D_QOS_PRIORITY_REMAPPING_IN_CPU_CTRL1_PRIORITY4_OFFSET		OFFSET_SHIFT	0	0	3455
D	RTL8367D_QOS_PRIORITY_REMAPPING_IN_CPU_CTRL1_PRIORITY4_MASK		MASK	0x7	7	3456
D	RTL8367D_REG_QOS_TRAP_PRIORITY0		REGISTER	0x0881	2177	3458
D	RTL8367D_UNKNOWN_MC_PRIORTY_OFFSET		OFFSET_SHIFT	12	12	3459
D	RTL8367D_UNKNOWN_MC_PRIORTY_MASK		MASK	0x7000	28672	3460
D	RTL8367D_SVLAN_PRIOIRTY_OFFSET		OFFSET_SHIFT	8	8	3461
D	RTL8367D_SVLAN_PRIOIRTY_MASK		MASK	0x700	1792	3462
D	RTL8367D_DOT1X_PRIORTY_OFFSET		OFFSET_SHIFT	0	0	3463
D	RTL8367D_DOT1X_PRIORTY_MASK		MASK	0x7	7	3464
D	RTL8367D_REG_QOS_TRAP_PRIORITY1		REGISTER	0x0882	2178	3466
D	RTL8367D_QOS_TRAP_PRIORITY1_OFFSET		OFFSET_SHIFT	0	0	3467
D	RTL8367D_QOS_TRAP_PRIORITY1_MASK		MASK	0x7	7	3468
D	RTL8367D_REG_MAX_LENGTH_CFG		REGISTER	0x0883	2179	3470
D	RTL8367D_MAX_LENGTH_GIGA_OFFSET		OFFSET_SHIFT	8	8	3471
D	RTL8367D_MAX_LENGTH_GIGA_MASK		MASK	0xFF00	65280	3472
D	RTL8367D_MAX_LENGTH_10_100M_OFFSET		OFFSET_SHIFT	0	0	3473
D	RTL8367D_MAX_LENGTH_10_100M_MASK		MASK	0xFF	255	3474
D	RTL8367D_REG_QOS_INTERNAL_PRIORITY_DECISION2_CTRL0		REGISTER	0x0885	2181	3476
D	RTL8367D_QOS_INTERNAL_PRIORITY_DECISION2_CTRL0_QOS_ACL_WEIGHT_OFFSET		OFFSET_SHIFT	8	8	3477
D	RTL8367D_QOS_INTERNAL_PRIORITY_DECISION2_CTRL0_QOS_ACL_WEIGHT_MASK		MASK	0x1F00	7936	3478
D	RTL8367D_QOS_INTERNAL_PRIORITY_DECISION2_CTRL0_QOS_PORT_WEIGHT_OFFSET		OFFSET_SHIFT	0	0	3479
D	RTL8367D_QOS_INTERNAL_PRIORITY_DECISION2_CTRL0_QOS_PORT_WEIGHT_MASK		MASK	0x1F	31	3480
D	RTL8367D_REG_QOS_INTERNAL_PRIORITY_DECISION2_CTRL1		REGISTER	0x0886	2182	3482
D	RTL8367D_QOS_INTERNAL_PRIORITY_DECISION2_CTRL1_QOS_DOT1Q_WEIGHT_OFFSET		OFFSET_SHIFT	8	8	3483
D	RTL8367D_QOS_INTERNAL_PRIORITY_DECISION2_CTRL1_QOS_DOT1Q_WEIGHT_MASK		MASK	0x1F00	7936	3484
D	RTL8367D_QOS_INTERNAL_PRIORITY_DECISION2_CTRL1_QOS_DSCP_WEIGHT_OFFSET		OFFSET_SHIFT	0	0	3485
D	RTL8367D_QOS_INTERNAL_PRIORITY_DECISION2_CTRL1_QOS_DSCP_WEIGHT_MASK		MASK	0x1F	31	3486
D	RTL8367D_REG_QOS_INTERNAL_PRIORITY_DECISION2_CTRL2		REGISTER	0x0887	2183	3488
D	RTL8367D_QOS_INTERNAL_PRIORITY_DECISION2_CTRL2_OFFSET		OFFSET_SHIFT	0	0	3489
D	RTL8367D_QOS_INTERNAL_PRIORITY_DECISION2_CTRL2_MASK		MASK	0x1F	31	3490
D	RTL8367D_REG_QOS_INTERNAL_PRIORITY_DECISION_IDX		REGISTER	0x0889	2185	3492
D	RTL8367D_QOS_INTERNAL_PRIORITY_DECISION_IDX_OFFSET		OFFSET_SHIFT	0	0	3493
D	RTL8367D_QOS_INTERNAL_PRIORITY_DECISION_IDX_MASK		MASK	0xFF	255	3494
D	RTL8367D_REG_MAX_LEN_RX_TX_CFG0		REGISTER	0x088c	2188	3496
D	RTL8367D_MAX_LEN_RX_TX_CFG0_OFFSET		OFFSET_SHIFT	0	0	3497
D	RTL8367D_MAX_LEN_RX_TX_CFG0_MASK		MASK	0x3FFF	16383	3498
D	RTL8367D_REG_MAX_LEN_RX_TX_CFG1		REGISTER	0x088d	2189	3500
D	RTL8367D_MAX_LEN_RX_TX_CFG1_OFFSET		OFFSET_SHIFT	0	0	3501
D	RTL8367D_MAX_LEN_RX_TX_CFG1_MASK		MASK	0x3FFF	16383	3502
D	RTL8367D_REG_UNDA_FLOODING_PMSK		REGISTER	0x0890	2192	3504
D	RTL8367D_UNDA_FLOODING_PMSK_OFFSET		OFFSET_SHIFT	0	0	3505
D	RTL8367D_UNDA_FLOODING_PMSK_MASK		MASK	0xFF	255	3506
D	RTL8367D_REG_UNMCAST_FLOADING_PMSK		REGISTER	0x0891	2193	3508
D	RTL8367D_UNMCAST_FLOADING_PMSK_OFFSET		OFFSET_SHIFT	0	0	3509
D	RTL8367D_UNMCAST_FLOADING_PMSK_MASK		MASK	0xFF	255	3510
D	RTL8367D_REG_BCAST_FLOADING_PMSK		REGISTER	0x0892	2194	3512
D	RTL8367D_BCAST_FLOADING_PMSK_OFFSET		OFFSET_SHIFT	0	0	3513
D	RTL8367D_BCAST_FLOADING_PMSK_MASK		MASK	0xFF	255	3514
D	RTL8367D_REG_PORT_ISOLATION_PORT0_MASK		REGISTER	0x08a2	2210	3516
D	RTL8367D_PORT_ISOLATION_PORT0_MASK_OFFSET		MASK	0	0	3517
D	RTL8367D_PORT_ISOLATION_PORT0_MASK_MASK		MASK	0xFF	255	3518
D	RTL8367D_REG_PORT_ISOLATION_PORT1_MASK		REGISTER	0x08a3	2211	3520
D	RTL8367D_PORT_ISOLATION_PORT1_MASK_OFFSET		MASK	0	0	3521
D	RTL8367D_PORT_ISOLATION_PORT1_MASK_MASK		MASK	0xFF	255	3522
D	RTL8367D_REG_PORT_ISOLATION_PORT2_MASK		REGISTER	0x08a4	2212	3524
D	RTL8367D_PORT_ISOLATION_PORT2_MASK_OFFSET		MASK	0	0	3525
D	RTL8367D_PORT_ISOLATION_PORT2_MASK_MASK		MASK	0xFF	255	3526
D	RTL8367D_REG_PORT_ISOLATION_PORT3_MASK		REGISTER	0x08a5	2213	3528
D	RTL8367D_PORT_ISOLATION_PORT3_MASK_OFFSET		MASK	0	0	3529
D	RTL8367D_PORT_ISOLATION_PORT3_MASK_MASK		MASK	0xFF	255	3530
D	RTL8367D_REG_PORT_ISOLATION_PORT4_MASK		REGISTER	0x08a6	2214	3532
D	RTL8367D_PORT_ISOLATION_PORT4_MASK_OFFSET		MASK	0	0	3533
D	RTL8367D_PORT_ISOLATION_PORT4_MASK_MASK		MASK	0xFF	255	3534
D	RTL8367D_REG_PORT_ISOLATION_PORT5_MASK		REGISTER	0x08a7	2215	3536
D	RTL8367D_PORT_ISOLATION_PORT5_MASK_OFFSET		MASK	0	0	3537
D	RTL8367D_PORT_ISOLATION_PORT5_MASK_MASK		MASK	0xFF	255	3538
D	RTL8367D_REG_PORT_ISOLATION_PORT6_MASK		REGISTER	0x08a8	2216	3540
D	RTL8367D_PORT_ISOLATION_PORT6_MASK_OFFSET		MASK	0	0	3541
D	RTL8367D_PORT_ISOLATION_PORT6_MASK_MASK		MASK	0xFF	255	3542
D	RTL8367D_REG_PORT_ISOLATION_PORT7_MASK		REGISTER	0x08a9	2217	3544
D	RTL8367D_PORT_ISOLATION_PORT7_MASK_OFFSET		MASK	0	0	3545
D	RTL8367D_PORT_ISOLATION_PORT7_MASK_MASK		MASK	0xFF	255	3546
D	RTL8367D_REG_FORCE_CTRL		REGISTER	0x08b4	2228	3548
D	RTL8367D_FORCE_CTRL_OFFSET		OFFSET_SHIFT	0	0	3549
D	RTL8367D_FORCE_CTRL_MASK		MASK	0xFF	255	3550
D	RTL8367D_REG_FORCE_PORT0_MASK		REGISTER	0x08b5	2229	3552
D	RTL8367D_FORCE_PORT0_MASK_OFFSET		MASK	0	0	3553
D	RTL8367D_FORCE_PORT0_MASK_MASK		MASK	0xFF	255	3554
D	RTL8367D_REG_FORCE_PORT1_MASK		REGISTER	0x08b6	2230	3556
D	RTL8367D_FORCE_PORT1_MASK_OFFSET		MASK	0	0	3557
D	RTL8367D_FORCE_PORT1_MASK_MASK		MASK	0xFF	255	3558
D	RTL8367D_REG_FORCE_PORT2_MASK		REGISTER	0x08b7	2231	3560
D	RTL8367D_FORCE_PORT2_MASK_OFFSET		MASK	0	0	3561
D	RTL8367D_FORCE_PORT2_MASK_MASK		MASK	0xFF	255	3562
D	RTL8367D_REG_FORCE_PORT3_MASK		REGISTER	0x08b8	2232	3564
D	RTL8367D_FORCE_PORT3_MASK_OFFSET		MASK	0	0	3565
D	RTL8367D_FORCE_PORT3_MASK_MASK		MASK	0xFF	255	3566
D	RTL8367D_REG_FORCE_PORT4_MASK		REGISTER	0x08b9	2233	3568
D	RTL8367D_FORCE_PORT4_MASK_OFFSET		MASK	0	0	3569
D	RTL8367D_FORCE_PORT4_MASK_MASK		MASK	0xFF	255	3570
D	RTL8367D_REG_FORCE_PORT5_MASK		REGISTER	0x08ba	2234	3572
D	RTL8367D_FORCE_PORT5_MASK_OFFSET		MASK	0	0	3573
D	RTL8367D_FORCE_PORT5_MASK_MASK		MASK	0xFF	255	3574
D	RTL8367D_REG_FORCE_PORT6_MASK		REGISTER	0x08bb	2235	3576
D	RTL8367D_FORCE_PORT6_MASK_OFFSET		MASK	0	0	3577
D	RTL8367D_FORCE_PORT6_MASK_MASK		MASK	0xFF	255	3578
D	RTL8367D_REG_FORCE_PORT7_MASK		REGISTER	0x08bc	2236	3580
D	RTL8367D_FORCE_PORT7_MASK_OFFSET		MASK	0	0	3581
D	RTL8367D_FORCE_PORT7_MASK_MASK		MASK	0xFF	255	3582
D	RTL8367D_REG_LUT_UNKN_SA_CTRL		REGISTER	0x08c0	2240	3584
D	RTL8367D_LUT_UNKN_SA_CTRL_PORT7_ACT_OFFSET		OFFSET_SHIFT	14	14	3585
D	RTL8367D_LUT_UNKN_SA_CTRL_PORT7_ACT_MASK		MASK	0xC000	49152	3586
D	RTL8367D_LUT_UNKN_SA_CTRL_PORT6_ACT_OFFSET		OFFSET_SHIFT	12	12	3587
D	RTL8367D_LUT_UNKN_SA_CTRL_PORT6_ACT_MASK		MASK	0x3000	12288	3588
D	RTL8367D_LUT_UNKN_SA_CTRL_PORT5_ACT_OFFSET		OFFSET_SHIFT	10	10	3589
D	RTL8367D_LUT_UNKN_SA_CTRL_PORT5_ACT_MASK		MASK	0xC00	3072	3590
D	RTL8367D_LUT_UNKN_SA_CTRL_PORT4_ACT_OFFSET		OFFSET_SHIFT	8	8	3591
D	RTL8367D_LUT_UNKN_SA_CTRL_PORT4_ACT_MASK		MASK	0x300	768	3592
D	RTL8367D_LUT_UNKN_SA_CTRL_PORT3_ACT_OFFSET		OFFSET_SHIFT	6	6	3593
D	RTL8367D_LUT_UNKN_SA_CTRL_PORT3_ACT_MASK		MASK	0xC0	192	3594
D	RTL8367D_LUT_UNKN_SA_CTRL_PORT2_ACT_OFFSET		OFFSET_SHIFT	4	4	3595
D	RTL8367D_LUT_UNKN_SA_CTRL_PORT2_ACT_MASK		MASK	0x30	48	3596
D	RTL8367D_LUT_UNKN_SA_CTRL_PORT1_ACT_OFFSET		OFFSET_SHIFT	2	2	3597
D	RTL8367D_LUT_UNKN_SA_CTRL_PORT1_ACT_MASK		MASK	0xC	12	3598
D	RTL8367D_LUT_UNKN_SA_CTRL_PORT0_ACT_OFFSET		OFFSET_SHIFT	0	0	3599
D	RTL8367D_LUT_UNKN_SA_CTRL_PORT0_ACT_MASK		MASK	0x3	3	3600
D	RTL8367D_REG_LUT_UNMATCHED_SA_CTRL		REGISTER	0x08c1	2241	3602
D	RTL8367D_LUT_UNMATCHED_SA_CTRL_PORT7_ACT_OFFSET		OFFSET_SHIFT	14	14	3603
D	RTL8367D_LUT_UNMATCHED_SA_CTRL_PORT7_ACT_MASK		MASK	0xC000	49152	3604
D	RTL8367D_LUT_UNMATCHED_SA_CTRL_PORT6_ACT_OFFSET		OFFSET_SHIFT	12	12	3605
D	RTL8367D_LUT_UNMATCHED_SA_CTRL_PORT6_ACT_MASK		MASK	0x3000	12288	3606
D	RTL8367D_LUT_UNMATCHED_SA_CTRL_PORT5_ACT_OFFSET		OFFSET_SHIFT	10	10	3607
D	RTL8367D_LUT_UNMATCHED_SA_CTRL_PORT5_ACT_MASK		MASK	0xC00	3072	3608
D	RTL8367D_LUT_UNMATCHED_SA_CTRL_PORT4_ACT_OFFSET		OFFSET_SHIFT	8	8	3609
D	RTL8367D_LUT_UNMATCHED_SA_CTRL_PORT4_ACT_MASK		MASK	0x300	768	3610
D	RTL8367D_LUT_UNMATCHED_SA_CTRL_PORT3_ACT_OFFSET		OFFSET_SHIFT	6	6	3611
D	RTL8367D_LUT_UNMATCHED_SA_CTRL_PORT3_ACT_MASK		MASK	0xC0	192	3612
D	RTL8367D_LUT_UNMATCHED_SA_CTRL_PORT2_ACT_OFFSET		OFFSET_SHIFT	4	4	3613
D	RTL8367D_LUT_UNMATCHED_SA_CTRL_PORT2_ACT_MASK		MASK	0x30	48	3614
D	RTL8367D_LUT_UNMATCHED_SA_CTRL_PORT1_ACT_OFFSET		OFFSET_SHIFT	2	2	3615
D	RTL8367D_LUT_UNMATCHED_SA_CTRL_PORT1_ACT_MASK		MASK	0xC	12	3616
D	RTL8367D_LUT_UNMATCHED_SA_CTRL_PORT0_ACT_OFFSET		OFFSET_SHIFT	0	0	3617
D	RTL8367D_LUT_UNMATCHED_SA_CTRL_PORT0_ACT_MASK		MASK	0x3	3	3618
D	RTL8367D_REG_SOURCE_PORT_PERMIT		REGISTER	0x08c5	2245	3620
D	RTL8367D_SOURCE_PORT_PERMIT_OFFSET		OFFSET_SHIFT	0	0	3621
D	RTL8367D_SOURCE_PORT_PERMIT_MASK		MASK	0xFF	255	3622
D	RTL8367D_REG_IPMCAST_VLAN_LEAKY		REGISTER	0x08c6	2246	3624
D	RTL8367D_IPMCAST_VLAN_LEAKY_OFFSET		OFFSET_SHIFT	0	0	3625
D	RTL8367D_IPMCAST_VLAN_LEAKY_MASK		MASK	0xFF	255	3626
D	RTL8367D_REG_IPMCAST_PORTISO_LEAKY		REGISTER	0x08c7	2247	3628
D	RTL8367D_IPMCAST_PORTISO_LEAKY_OFFSET		OFFSET_SHIFT	0	0	3629
D	RTL8367D_IPMCAST_PORTISO_LEAKY_MASK		MASK	0xFF	255	3630
D	RTL8367D_REG_PORT_SECURITY_CTRL		REGISTER	0x08c8	2248	3632
D	RTL8367D_PORT_SECURITY_CTRL_OFFSET		OFFSET_SHIFT	4	4	3633
D	RTL8367D_PORT_SECURITY_CTRL_MASK		MASK	0x30	48	3634
D	RTL8367D_REG_UNKNOWN_IPV4_MULTICAST_CTRL0		REGISTER	0x08c9	2249	3636
D	RTL8367D_PORT7_UNKNOWN_IP4_MCAST_OFFSET		OFFSET_SHIFT	14	14	3637
D	RTL8367D_PORT7_UNKNOWN_IP4_MCAST_MASK		MASK	0xC000	49152	3638
D	RTL8367D_PORT6_UNKNOWN_IP4_MCAST_OFFSET		OFFSET_SHIFT	12	12	3639
D	RTL8367D_PORT6_UNKNOWN_IP4_MCAST_MASK		MASK	0x3000	12288	3640
D	RTL8367D_PORT5_UNKNOWN_IP4_MCAST_OFFSET		OFFSET_SHIFT	10	10	3641
D	RTL8367D_PORT5_UNKNOWN_IP4_MCAST_MASK		MASK	0xC00	3072	3642
D	RTL8367D_PORT4_UNKNOWN_IP4_MCAST_OFFSET		OFFSET_SHIFT	8	8	3643
D	RTL8367D_PORT4_UNKNOWN_IP4_MCAST_MASK		MASK	0x300	768	3644
D	RTL8367D_PORT3_UNKNOWN_IP4_MCAST_OFFSET		OFFSET_SHIFT	6	6	3645
D	RTL8367D_PORT3_UNKNOWN_IP4_MCAST_MASK		MASK	0xC0	192	3646
D	RTL8367D_PORT2_UNKNOWN_IP4_MCAST_OFFSET		OFFSET_SHIFT	4	4	3647
D	RTL8367D_PORT2_UNKNOWN_IP4_MCAST_MASK		MASK	0x30	48	3648
D	RTL8367D_PORT1_UNKNOWN_IP4_MCAST_OFFSET		OFFSET_SHIFT	2	2	3649
D	RTL8367D_PORT1_UNKNOWN_IP4_MCAST_MASK		MASK	0xC	12	3650
D	RTL8367D_PORT0_UNKNOWN_IP4_MCAST_OFFSET		OFFSET_SHIFT	0	0	3651
D	RTL8367D_PORT0_UNKNOWN_IP4_MCAST_MASK		MASK	0x3	3	3652
D	RTL8367D_REG_UNKNOWN_IPV6_MULTICAST_CTRL0		REGISTER	0x08cb	2251	3654
D	RTL8367D_PORT7_UNKNOWN_IP6_MCAST_OFFSET		OFFSET_SHIFT	14	14	3655
D	RTL8367D_PORT7_UNKNOWN_IP6_MCAST_MASK		MASK	0xC000	49152	3656
D	RTL8367D_PORT6_UNKNOWN_IP6_MCAST_OFFSET		OFFSET_SHIFT	12	12	3657
D	RTL8367D_PORT6_UNKNOWN_IP6_MCAST_MASK		MASK	0x3000	12288	3658
D	RTL8367D_PORT5_UNKNOWN_IP6_MCAST_OFFSET		OFFSET_SHIFT	10	10	3659
D	RTL8367D_PORT5_UNKNOWN_IP6_MCAST_MASK		MASK	0xC00	3072	3660
D	RTL8367D_PORT4_UNKNOWN_IP6_MCAST_OFFSET		OFFSET_SHIFT	8	8	3661
D	RTL8367D_PORT4_UNKNOWN_IP6_MCAST_MASK		MASK	0x300	768	3662
D	RTL8367D_PORT3_UNKNOWN_IP6_MCAST_OFFSET		OFFSET_SHIFT	6	6	3663
D	RTL8367D_PORT3_UNKNOWN_IP6_MCAST_MASK		MASK	0xC0	192	3664
D	RTL8367D_PORT2_UNKNOWN_IP6_MCAST_OFFSET		OFFSET_SHIFT	4	4	3665
D	RTL8367D_PORT2_UNKNOWN_IP6_MCAST_MASK		MASK	0x30	48	3666
D	RTL8367D_PORT1_UNKNOWN_IP6_MCAST_OFFSET		OFFSET_SHIFT	2	2	3667
D	RTL8367D_PORT1_UNKNOWN_IP6_MCAST_MASK		MASK	0xC	12	3668
D	RTL8367D_PORT0_UNKNOWN_IP6_MCAST_OFFSET		OFFSET_SHIFT	0	0	3669
D	RTL8367D_PORT0_UNKNOWN_IP6_MCAST_MASK		MASK	0x3	3	3670
D	RTL8367D_REG_UNKNOWN_L2_MULTICAST_CTRL0		REGISTER	0x08cd	2253	3672
D	RTL8367D_PORT7_UNKNOWN_L2_MCAST_OFFSET		OFFSET_SHIFT	14	14	3673
D	RTL8367D_PORT7_UNKNOWN_L2_MCAST_MASK		MASK	0xC000	49152	3674
D	RTL8367D_PORT6_UNKNOWN_L2_MCAST_OFFSET		OFFSET_SHIFT	12	12	3675
D	RTL8367D_PORT6_UNKNOWN_L2_MCAST_MASK		MASK	0x3000	12288	3676
D	RTL8367D_PORT5_UNKNOWN_L2_MCAST_OFFSET		OFFSET_SHIFT	10	10	3677
D	RTL8367D_PORT5_UNKNOWN_L2_MCAST_MASK		MASK	0xC00	3072	3678
D	RTL8367D_PORT4_UNKNOWN_L2_MCAST_OFFSET		OFFSET_SHIFT	8	8	3679
D	RTL8367D_PORT4_UNKNOWN_L2_MCAST_MASK		MASK	0x300	768	3680
D	RTL8367D_PORT3_UNKNOWN_L2_MCAST_OFFSET		OFFSET_SHIFT	6	6	3681
D	RTL8367D_PORT3_UNKNOWN_L2_MCAST_MASK		MASK	0xC0	192	3682
D	RTL8367D_PORT2_UNKNOWN_L2_MCAST_OFFSET		OFFSET_SHIFT	4	4	3683
D	RTL8367D_PORT2_UNKNOWN_L2_MCAST_MASK		MASK	0x30	48	3684
D	RTL8367D_PORT1_UNKNOWN_L2_MCAST_OFFSET		OFFSET_SHIFT	2	2	3685
D	RTL8367D_PORT1_UNKNOWN_L2_MCAST_MASK		MASK	0xC	12	3686
D	RTL8367D_PORT0_UNKNOWN_L2_MCAST_OFFSET		OFFSET_SHIFT	0	0	3687
D	RTL8367D_PORT0_UNKNOWN_L2_MCAST_MASK		MASK	0x3	3	3688
D	RTL8367D_REG_PORT_TRUNK_DROP_CTRL		REGISTER	0x08ce	2254	3690
D	RTL8367D_PORT_TRUNK_DROP_CTRL_OFFSET		OFFSET_SHIFT	0	0	3691
D	RTL8367D_PORT_TRUNK_DROP_CTRL_MASK		MASK	0x1	1	3692
D	RTL8367D_REG_PORT_TRUNK_CTRL		REGISTER	0x08cf	2255	3694
D	RTL8367D_GROUP1_DPORT_HASH_OFFSET		OFFSET_SHIFT	15	15	3695
D	RTL8367D_GROUP1_DPORT_HASH_MASK		MASK	0x8000	32768	3696
D	RTL8367D_GROUP1_SPORT_HASH_OFFSET		OFFSET_SHIFT	14	14	3697
D	RTL8367D_GROUP1_SPORT_HASH_MASK		MASK	0x4000	16384	3698
D	RTL8367D_GROUP1_DIP_HASH_OFFSET		OFFSET_SHIFT	13	13	3699
D	RTL8367D_GROUP1_DIP_HASH_MASK		MASK	0x2000	8192	3700
D	RTL8367D_GROUP1_SIP_HASH_OFFSET		OFFSET_SHIFT	12	12	3701
D	RTL8367D_GROUP1_SIP_HASH_MASK		MASK	0x1000	4096	3702
D	RTL8367D_GROUP1_DMAC_HASH_OFFSET		OFFSET_SHIFT	11	11	3703
D	RTL8367D_GROUP1_DMAC_HASH_MASK		MASK	0x800	2048	3704
D	RTL8367D_GROUP1_SMAC_HASH_OFFSET		OFFSET_SHIFT	10	10	3705
D	RTL8367D_GROUP1_SMAC_HASH_MASK		MASK	0x400	1024	3706
D	RTL8367D_GROUP1_SPA_HASH_OFFSET		OFFSET_SHIFT	9	9	3707
D	RTL8367D_GROUP1_SPA_HASH_MASK		MASK	0x200	512	3708
D	RTL8367D_PORT_TRUNK_DUMB_OFFSET		OFFSET_SHIFT	8	8	3709
D	RTL8367D_PORT_TRUNK_DUMB_MASK		MASK	0x100	256	3710
D	RTL8367D_PORT_TRUNK_FLOOD_OFFSET		OFFSET_SHIFT	7	7	3711
D	RTL8367D_PORT_TRUNK_FLOOD_MASK		MASK	0x80	128	3712
D	RTL8367D_GROUP0_DPORT_HASH_OFFSET		OFFSET_SHIFT	6	6	3713
D	RTL8367D_GROUP0_DPORT_HASH_MASK		MASK	0x40	64	3714
D	RTL8367D_GROUP0_SPORT_HASH_OFFSET		OFFSET_SHIFT	5	5	3715
D	RTL8367D_GROUP0_SPORT_HASH_MASK		MASK	0x20	32	3716
D	RTL8367D_GROUP0_DIP_HASH_OFFSET		OFFSET_SHIFT	4	4	3717
D	RTL8367D_GROUP0_DIP_HASH_MASK		MASK	0x10	16	3718
D	RTL8367D_GROUP0_SIP_HASH_OFFSET		OFFSET_SHIFT	3	3	3719
D	RTL8367D_GROUP0_SIP_HASH_MASK		MASK	0x8	8	3720
D	RTL8367D_GROUP0_DMAC_HASH_OFFSET		OFFSET_SHIFT	2	2	3721
D	RTL8367D_GROUP0_DMAC_HASH_MASK		MASK	0x4	4	3722
D	RTL8367D_GROUP0_SMAC_HASH_OFFSET		OFFSET_SHIFT	1	1	3723
D	RTL8367D_GROUP0_SMAC_HASH_MASK		MASK	0x2	2	3724
D	RTL8367D_GROUP0_SPA_HASH_OFFSET		OFFSET_SHIFT	0	0	3725
D	RTL8367D_GROUP0_SPA_HASH_MASK		MASK	0x1	1	3726
D	RTL8367D_REG_PORT_TRUNK_GROUP_MASK		REGISTER	0x08d0	2256	3728
D	RTL8367D_PORT_TRUNK_GROUP1_MASK_OFFSET		MASK	4	4	3729
D	RTL8367D_PORT_TRUNK_GROUP1_MASK_MASK		MASK	0xF0	240	3730
D	RTL8367D_PORT_TRUNK_GROUP0_MASK_OFFSET		MASK	0	0	3731
D	RTL8367D_PORT_TRUNK_GROUP0_MASK_MASK		MASK	0xF	15	3732
D	RTL8367D_REG_PORT_TRUNK_FLOWCTRL		REGISTER	0x08d1	2257	3734
D	RTL8367D_EN_FLOWCTRL_TG1_OFFSET		OFFSET_SHIFT	1	1	3735
D	RTL8367D_EN_FLOWCTRL_TG1_MASK		MASK	0x2	2	3736
D	RTL8367D_EN_FLOWCTRL_TG0_OFFSET		OFFSET_SHIFT	0	0	3737
D	RTL8367D_EN_FLOWCTRL_TG0_MASK		MASK	0x1	1	3738
D	RTL8367D_REG_PORT_TRUNK_HASH_MAPPING_CTRL0		REGISTER	0x08d2	2258	3740
D	RTL8367D_HASH7_OFFSET		OFFSET_SHIFT	14	14	3741
D	RTL8367D_HASH7_MASK		MASK	0xC000	49152	3742
D	RTL8367D_HASH6_OFFSET		OFFSET_SHIFT	12	12	3743
D	RTL8367D_HASH6_MASK		MASK	0x3000	12288	3744
D	RTL8367D_HASH5_OFFSET		OFFSET_SHIFT	10	10	3745
D	RTL8367D_HASH5_MASK		MASK	0xC00	3072	3746
D	RTL8367D_HASH4_OFFSET		OFFSET_SHIFT	8	8	3747
D	RTL8367D_HASH4_MASK		MASK	0x300	768	3748
D	RTL8367D_HASH3_OFFSET		OFFSET_SHIFT	6	6	3749
D	RTL8367D_HASH3_MASK		MASK	0xC0	192	3750
D	RTL8367D_HASH2_OFFSET		OFFSET_SHIFT	4	4	3751
D	RTL8367D_HASH2_MASK		MASK	0x30	48	3752
D	RTL8367D_HASH1_OFFSET		OFFSET_SHIFT	2	2	3753
D	RTL8367D_HASH1_MASK		MASK	0xC	12	3754
D	RTL8367D_HASH0_OFFSET		OFFSET_SHIFT	0	0	3755
D	RTL8367D_HASH0_MASK		MASK	0x3	3	3756
D	RTL8367D_REG_PORT_TRUNK_HASH_MAPPING_CTRL1		REGISTER	0x08d3	2259	3758
D	RTL8367D_HASH15_OFFSET		OFFSET_SHIFT	14	14	3759
D	RTL8367D_HASH15_MASK		MASK	0xC000	49152	3760
D	RTL8367D_HASH14_OFFSET		OFFSET_SHIFT	12	12	3761
D	RTL8367D_HASH14_MASK		MASK	0x3000	12288	3762
D	RTL8367D_HASH13_OFFSET		OFFSET_SHIFT	10	10	3763
D	RTL8367D_HASH13_MASK		MASK	0xC00	3072	3764
D	RTL8367D_HASH12_OFFSET		OFFSET_SHIFT	8	8	3765
D	RTL8367D_HASH12_MASK		MASK	0x300	768	3766
D	RTL8367D_HASH11_OFFSET		OFFSET_SHIFT	6	6	3767
D	RTL8367D_HASH11_MASK		MASK	0xC0	192	3768
D	RTL8367D_HASH10_OFFSET		OFFSET_SHIFT	4	4	3769
D	RTL8367D_HASH10_MASK		MASK	0x30	48	3770
D	RTL8367D_HASH9_OFFSET		OFFSET_SHIFT	2	2	3771
D	RTL8367D_HASH9_MASK		MASK	0xC	12	3772
D	RTL8367D_HASH8_OFFSET		OFFSET_SHIFT	0	0	3773
D	RTL8367D_HASH8_MASK		MASK	0x3	3	3774
D	RTL8367D_REG_DOS_CFG		REGISTER	0x08d4	2260	3776
D	RTL8367D_DROP_ICMPFRAGMENT_OFFSET		OFFSET_SHIFT	9	9	3777
D	RTL8367D_DROP_ICMPFRAGMENT_MASK		MASK	0x200	512	3778
D	RTL8367D_DROP_TCPFRAGERROR_OFFSET		OFFSET_SHIFT	8	8	3779
D	RTL8367D_DROP_TCPFRAGERROR_MASK		MASK	0x100	256	3780
D	RTL8367D_DROP_TCPSHORTHDR_OFFSET		OFFSET_SHIFT	7	7	3781
D	RTL8367D_DROP_TCPSHORTHDR_MASK		MASK	0x80	128	3782
D	RTL8367D_DROP_SYN1024_OFFSET		OFFSET_SHIFT	6	6	3783
D	RTL8367D_DROP_SYN1024_MASK		MASK	0x40	64	3784
D	RTL8367D_DROP_NULLSCAN_OFFSET		OFFSET_SHIFT	5	5	3785
D	RTL8367D_DROP_NULLSCAN_MASK		MASK	0x20	32	3786
D	RTL8367D_DROP_XMASCAN_OFFSET		OFFSET_SHIFT	4	4	3787
D	RTL8367D_DROP_XMASCAN_MASK		MASK	0x10	16	3788
D	RTL8367D_DROP_SYNFINSCAN_OFFSET		OFFSET_SHIFT	3	3	3789
D	RTL8367D_DROP_SYNFINSCAN_MASK		MASK	0x8	8	3790
D	RTL8367D_DROP_BLATATTACKS_OFFSET		OFFSET_SHIFT	2	2	3791
D	RTL8367D_DROP_BLATATTACKS_MASK		MASK	0x4	4	3792
D	RTL8367D_DROP_LANDATTACKS_OFFSET		OFFSET_SHIFT	1	1	3793
D	RTL8367D_DROP_LANDATTACKS_MASK		MASK	0x2	2	3794
D	RTL8367D_DROP_DAEQSA_OFFSET		OFFSET_SHIFT	0	0	3795
D	RTL8367D_DROP_DAEQSA_MASK		MASK	0x1	1	3796
D	RTL8367D_REG_FPGA_VER_CEN		REGISTER	0x08e0	2272	3798
D	RTL8367D_REG_FPGA_TIME_CEN		REGISTER	0x08e1	2273	3800
D	RTL8367D_REG_FPGA_DATE_CEN		REGISTER	0x08e2	2274	3802
D	RTL8367D_REG_QOS_PORT_QUEUE_NUMBER_CTRL0		REGISTER	0x0900	2304	3804
D	RTL8367D_PORT3_NUMBER_OFFSET		OFFSET_SHIFT	12	12	3805
D	RTL8367D_PORT3_NUMBER_MASK		MASK	0x7000	28672	3806
D	RTL8367D_PORT2_NUMBER_OFFSET		OFFSET_SHIFT	8	8	3807
D	RTL8367D_PORT2_NUMBER_MASK		MASK	0x700	1792	3808
D	RTL8367D_PORT1_NUMBER_OFFSET		OFFSET_SHIFT	4	4	3809
D	RTL8367D_PORT1_NUMBER_MASK		MASK	0x70	112	3810
D	RTL8367D_PORT0_NUMBER_OFFSET		OFFSET_SHIFT	0	0	3811
D	RTL8367D_PORT0_NUMBER_MASK		MASK	0x7	7	3812
D	RTL8367D_REG_QOS_PORT_QUEUE_NUMBER_CTRL1		REGISTER	0x0901	2305	3814
D	RTL8367D_PORT7_NUMBER_OFFSET		OFFSET_SHIFT	12	12	3815
D	RTL8367D_PORT7_NUMBER_MASK		MASK	0x7000	28672	3816
D	RTL8367D_PORT6_NUMBER_OFFSET		OFFSET_SHIFT	8	8	3817
D	RTL8367D_PORT6_NUMBER_MASK		MASK	0x700	1792	3818
D	RTL8367D_PORT5_NUMBER_OFFSET		OFFSET_SHIFT	4	4	3819
D	RTL8367D_PORT5_NUMBER_MASK		MASK	0x70	112	3820
D	RTL8367D_PORT4_NUMBER_OFFSET		OFFSET_SHIFT	0	0	3821
D	RTL8367D_PORT4_NUMBER_MASK		MASK	0x7	7	3822
D	RTL8367D_REG_QOS_1Q_PRIORITY_TO_QID_CTRL0		REGISTER	0x0904	2308	3824
D	RTL8367D_QOS_1Q_PRIORITY_TO_QID_CTRL0_PRIORITY3_TO_QID_OFFSET		OFFSET_SHIFT	12	12	3825
D	RTL8367D_QOS_1Q_PRIORITY_TO_QID_CTRL0_PRIORITY3_TO_QID_MASK		MASK	0x7000	28672	3826
D	RTL8367D_QOS_1Q_PRIORITY_TO_QID_CTRL0_PRIORITY2_TO_QID_OFFSET		OFFSET_SHIFT	8	8	3827
D	RTL8367D_QOS_1Q_PRIORITY_TO_QID_CTRL0_PRIORITY2_TO_QID_MASK		MASK	0x700	1792	3828
D	RTL8367D_QOS_1Q_PRIORITY_TO_QID_CTRL0_PRIORITY1_TO_QID_OFFSET		OFFSET_SHIFT	4	4	3829
D	RTL8367D_QOS_1Q_PRIORITY_TO_QID_CTRL0_PRIORITY1_TO_QID_MASK		MASK	0x70	112	3830
D	RTL8367D_QOS_1Q_PRIORITY_TO_QID_CTRL0_PRIORITY0_TO_QID_OFFSET		OFFSET_SHIFT	0	0	3831
D	RTL8367D_QOS_1Q_PRIORITY_TO_QID_CTRL0_PRIORITY0_TO_QID_MASK		MASK	0x7	7	3832
D	RTL8367D_REG_QOS_1Q_PRIORITY_TO_QID_CTRL1		REGISTER	0x0905	2309	3834
D	RTL8367D_QOS_1Q_PRIORITY_TO_QID_CTRL1_PRIORITY7_TO_QID_OFFSET		OFFSET_SHIFT	12	12	3835
D	RTL8367D_QOS_1Q_PRIORITY_TO_QID_CTRL1_PRIORITY7_TO_QID_MASK		MASK	0x7000	28672	3836
D	RTL8367D_QOS_1Q_PRIORITY_TO_QID_CTRL1_PRIORITY6_TO_QID_OFFSET		OFFSET_SHIFT	8	8	3837
D	RTL8367D_QOS_1Q_PRIORITY_TO_QID_CTRL1_PRIORITY6_TO_QID_MASK		MASK	0x700	1792	3838
D	RTL8367D_QOS_1Q_PRIORITY_TO_QID_CTRL1_PRIORITY5_TO_QID_OFFSET		OFFSET_SHIFT	4	4	3839
D	RTL8367D_QOS_1Q_PRIORITY_TO_QID_CTRL1_PRIORITY5_TO_QID_MASK		MASK	0x70	112	3840
D	RTL8367D_QOS_1Q_PRIORITY_TO_QID_CTRL1_PRIORITY4_TO_QID_OFFSET		OFFSET_SHIFT	0	0	3841
D	RTL8367D_QOS_1Q_PRIORITY_TO_QID_CTRL1_PRIORITY4_TO_QID_MASK		MASK	0x7	7	3842
D	RTL8367D_REG_QOS_2Q_PRIORITY_TO_QID_CTRL0		REGISTER	0x0906	2310	3844
D	RTL8367D_QOS_2Q_PRIORITY_TO_QID_CTRL0_PRIORITY3_TO_QID_OFFSET		OFFSET_SHIFT	12	12	3845
D	RTL8367D_QOS_2Q_PRIORITY_TO_QID_CTRL0_PRIORITY3_TO_QID_MASK		MASK	0x7000	28672	3846
D	RTL8367D_QOS_2Q_PRIORITY_TO_QID_CTRL0_PRIORITY2_TO_QID_OFFSET		OFFSET_SHIFT	8	8	3847
D	RTL8367D_QOS_2Q_PRIORITY_TO_QID_CTRL0_PRIORITY2_TO_QID_MASK		MASK	0x700	1792	3848
D	RTL8367D_QOS_2Q_PRIORITY_TO_QID_CTRL0_PRIORITY1_TO_QID_OFFSET		OFFSET_SHIFT	4	4	3849
D	RTL8367D_QOS_2Q_PRIORITY_TO_QID_CTRL0_PRIORITY1_TO_QID_MASK		MASK	0x70	112	3850
D	RTL8367D_QOS_2Q_PRIORITY_TO_QID_CTRL0_PRIORITY0_TO_QID_OFFSET		OFFSET_SHIFT	0	0	3851
D	RTL8367D_QOS_2Q_PRIORITY_TO_QID_CTRL0_PRIORITY0_TO_QID_MASK		MASK	0x7	7	3852
D	RTL8367D_REG_QOS_2Q_PRIORITY_TO_QID_CTRL1		REGISTER	0x0907	2311	3854
D	RTL8367D_QOS_2Q_PRIORITY_TO_QID_CTRL1_PRIORITY7_TO_QID_OFFSET		OFFSET_SHIFT	12	12	3855
D	RTL8367D_QOS_2Q_PRIORITY_TO_QID_CTRL1_PRIORITY7_TO_QID_MASK		MASK	0x7000	28672	3856
D	RTL8367D_QOS_2Q_PRIORITY_TO_QID_CTRL1_PRIORITY6_TO_QID_OFFSET		OFFSET_SHIFT	8	8	3857
D	RTL8367D_QOS_2Q_PRIORITY_TO_QID_CTRL1_PRIORITY6_TO_QID_MASK		MASK	0x700	1792	3858
D	RTL8367D_QOS_2Q_PRIORITY_TO_QID_CTRL1_PRIORITY5_TO_QID_OFFSET		OFFSET_SHIFT	4	4	3859
D	RTL8367D_QOS_2Q_PRIORITY_TO_QID_CTRL1_PRIORITY5_TO_QID_MASK		MASK	0x70	112	3860
D	RTL8367D_QOS_2Q_PRIORITY_TO_QID_CTRL1_PRIORITY4_TO_QID_OFFSET		OFFSET_SHIFT	0	0	3861
D	RTL8367D_QOS_2Q_PRIORITY_TO_QID_CTRL1_PRIORITY4_TO_QID_MASK		MASK	0x7	7	3862
D	RTL8367D_REG_QOS_3Q_PRIORITY_TO_QID_CTRL0		REGISTER	0x0908	2312	3864
D	RTL8367D_QOS_3Q_PRIORITY_TO_QID_CTRL0_PRIORITY3_TO_QID_OFFSET		OFFSET_SHIFT	12	12	3865
D	RTL8367D_QOS_3Q_PRIORITY_TO_QID_CTRL0_PRIORITY3_TO_QID_MASK		MASK	0x7000	28672	3866
D	RTL8367D_QOS_3Q_PRIORITY_TO_QID_CTRL0_PRIORITY2_TO_QID_OFFSET		OFFSET_SHIFT	8	8	3867
D	RTL8367D_QOS_3Q_PRIORITY_TO_QID_CTRL0_PRIORITY2_TO_QID_MASK		MASK	0x700	1792	3868
D	RTL8367D_QOS_3Q_PRIORITY_TO_QID_CTRL0_PRIORITY1_TO_QID_OFFSET		OFFSET_SHIFT	4	4	3869
D	RTL8367D_QOS_3Q_PRIORITY_TO_QID_CTRL0_PRIORITY1_TO_QID_MASK		MASK	0x70	112	3870
D	RTL8367D_QOS_3Q_PRIORITY_TO_QID_CTRL0_PRIORITY0_TO_QID_OFFSET		OFFSET_SHIFT	0	0	3871
D	RTL8367D_QOS_3Q_PRIORITY_TO_QID_CTRL0_PRIORITY0_TO_QID_MASK		MASK	0x7	7	3872
D	RTL8367D_REG_QOS_3Q_PRIORITY_TO_QID_CTRL1		REGISTER	0x0909	2313	3874
D	RTL8367D_QOS_3Q_PRIORITY_TO_QID_CTRL1_PRIORITY7_TO_QID_OFFSET		OFFSET_SHIFT	12	12	3875
D	RTL8367D_QOS_3Q_PRIORITY_TO_QID_CTRL1_PRIORITY7_TO_QID_MASK		MASK	0x7000	28672	3876
D	RTL8367D_QOS_3Q_PRIORITY_TO_QID_CTRL1_PRIORITY6_TO_QID_OFFSET		OFFSET_SHIFT	8	8	3877
D	RTL8367D_QOS_3Q_PRIORITY_TO_QID_CTRL1_PRIORITY6_TO_QID_MASK		MASK	0x700	1792	3878
D	RTL8367D_QOS_3Q_PRIORITY_TO_QID_CTRL1_PRIORITY5_TO_QID_OFFSET		OFFSET_SHIFT	4	4	3879
D	RTL8367D_QOS_3Q_PRIORITY_TO_QID_CTRL1_PRIORITY5_TO_QID_MASK		MASK	0x70	112	3880
D	RTL8367D_QOS_3Q_PRIORITY_TO_QID_CTRL1_PRIORITY4_TO_QID_OFFSET		OFFSET_SHIFT	0	0	3881
D	RTL8367D_QOS_3Q_PRIORITY_TO_QID_CTRL1_PRIORITY4_TO_QID_MASK		MASK	0x7	7	3882
D	RTL8367D_REG_QOS_4Q_PRIORITY_TO_QID_CTRL0		REGISTER	0x090a	2314	3884
D	RTL8367D_QOS_4Q_PRIORITY_TO_QID_CTRL0_PRIORITY3_TO_QID_OFFSET		OFFSET_SHIFT	12	12	3885
D	RTL8367D_QOS_4Q_PRIORITY_TO_QID_CTRL0_PRIORITY3_TO_QID_MASK		MASK	0x7000	28672	3886
D	RTL8367D_QOS_4Q_PRIORITY_TO_QID_CTRL0_PRIORITY2_TO_QID_OFFSET		OFFSET_SHIFT	8	8	3887
D	RTL8367D_QOS_4Q_PRIORITY_TO_QID_CTRL0_PRIORITY2_TO_QID_MASK		MASK	0x700	1792	3888
D	RTL8367D_QOS_4Q_PRIORITY_TO_QID_CTRL0_PRIORITY1_TO_QID_OFFSET		OFFSET_SHIFT	4	4	3889
D	RTL8367D_QOS_4Q_PRIORITY_TO_QID_CTRL0_PRIORITY1_TO_QID_MASK		MASK	0x70	112	3890
D	RTL8367D_QOS_4Q_PRIORITY_TO_QID_CTRL0_PRIORITY0_TO_QID_OFFSET		OFFSET_SHIFT	0	0	3891
D	RTL8367D_QOS_4Q_PRIORITY_TO_QID_CTRL0_PRIORITY0_TO_QID_MASK		MASK	0x7	7	3892
D	RTL8367D_REG_QOS_4Q_PRIORITY_TO_QID_CTRL1		REGISTER	0x090b	2315	3894
D	RTL8367D_QOS_4Q_PRIORITY_TO_QID_CTRL1_PRIORITY7_TO_QID_OFFSET		OFFSET_SHIFT	12	12	3895
D	RTL8367D_QOS_4Q_PRIORITY_TO_QID_CTRL1_PRIORITY7_TO_QID_MASK		MASK	0x7000	28672	3896
D	RTL8367D_QOS_4Q_PRIORITY_TO_QID_CTRL1_PRIORITY6_TO_QID_OFFSET		OFFSET_SHIFT	8	8	3897
D	RTL8367D_QOS_4Q_PRIORITY_TO_QID_CTRL1_PRIORITY6_TO_QID_MASK		MASK	0x700	1792	3898
D	RTL8367D_QOS_4Q_PRIORITY_TO_QID_CTRL1_PRIORITY5_TO_QID_OFFSET		OFFSET_SHIFT	4	4	3899
D	RTL8367D_QOS_4Q_PRIORITY_TO_QID_CTRL1_PRIORITY5_TO_QID_MASK		MASK	0x70	112	3900
D	RTL8367D_QOS_4Q_PRIORITY_TO_QID_CTRL1_PRIORITY4_TO_QID_OFFSET		OFFSET_SHIFT	0	0	3901
D	RTL8367D_QOS_4Q_PRIORITY_TO_QID_CTRL1_PRIORITY4_TO_QID_MASK		MASK	0x7	7	3902
D	RTL8367D_REG_QOS_5Q_PRIORITY_TO_QID_CTRL0		REGISTER	0x090c	2316	3904
D	RTL8367D_QOS_5Q_PRIORITY_TO_QID_CTRL0_PRIORITY3_TO_QID_OFFSET		OFFSET_SHIFT	12	12	3905
D	RTL8367D_QOS_5Q_PRIORITY_TO_QID_CTRL0_PRIORITY3_TO_QID_MASK		MASK	0x7000	28672	3906
D	RTL8367D_QOS_5Q_PRIORITY_TO_QID_CTRL0_PRIORITY2_TO_QID_OFFSET		OFFSET_SHIFT	8	8	3907
D	RTL8367D_QOS_5Q_PRIORITY_TO_QID_CTRL0_PRIORITY2_TO_QID_MASK		MASK	0x700	1792	3908
D	RTL8367D_QOS_5Q_PRIORITY_TO_QID_CTRL0_PRIORITY1_TO_QID_OFFSET		OFFSET_SHIFT	4	4	3909
D	RTL8367D_QOS_5Q_PRIORITY_TO_QID_CTRL0_PRIORITY1_TO_QID_MASK		MASK	0x70	112	3910
D	RTL8367D_QOS_5Q_PRIORITY_TO_QID_CTRL0_PRIORITY0_TO_QID_OFFSET		OFFSET_SHIFT	0	0	3911
D	RTL8367D_QOS_5Q_PRIORITY_TO_QID_CTRL0_PRIORITY0_TO_QID_MASK		MASK	0x7	7	3912
D	RTL8367D_REG_QOS_5Q_PRIORITY_TO_QID_CTRL1		REGISTER	0x090d	2317	3914
D	RTL8367D_QOS_5Q_PRIORITY_TO_QID_CTRL1_PRIORITY7_TO_QID_OFFSET		OFFSET_SHIFT	12	12	3915
D	RTL8367D_QOS_5Q_PRIORITY_TO_QID_CTRL1_PRIORITY7_TO_QID_MASK		MASK	0x7000	28672	3916
D	RTL8367D_QOS_5Q_PRIORITY_TO_QID_CTRL1_PRIORITY6_TO_QID_OFFSET		OFFSET_SHIFT	8	8	3917
D	RTL8367D_QOS_5Q_PRIORITY_TO_QID_CTRL1_PRIORITY6_TO_QID_MASK		MASK	0x700	1792	3918
D	RTL8367D_QOS_5Q_PRIORITY_TO_QID_CTRL1_PRIORITY5_TO_QID_OFFSET		OFFSET_SHIFT	4	4	3919
D	RTL8367D_QOS_5Q_PRIORITY_TO_QID_CTRL1_PRIORITY5_TO_QID_MASK		MASK	0x70	112	3920
D	RTL8367D_QOS_5Q_PRIORITY_TO_QID_CTRL1_PRIORITY4_TO_QID_OFFSET		OFFSET_SHIFT	0	0	3921
D	RTL8367D_QOS_5Q_PRIORITY_TO_QID_CTRL1_PRIORITY4_TO_QID_MASK		MASK	0x7	7	3922
D	RTL8367D_REG_QOS_6Q_PRIORITY_TO_QID_CTRL0		REGISTER	0x090e	2318	3924
D	RTL8367D_QOS_6Q_PRIORITY_TO_QID_CTRL0_PRIORITY3_TO_QID_OFFSET		OFFSET_SHIFT	12	12	3925
D	RTL8367D_QOS_6Q_PRIORITY_TO_QID_CTRL0_PRIORITY3_TO_QID_MASK		MASK	0x7000	28672	3926
D	RTL8367D_QOS_6Q_PRIORITY_TO_QID_CTRL0_PRIORITY2_TO_QID_OFFSET		OFFSET_SHIFT	8	8	3927
D	RTL8367D_QOS_6Q_PRIORITY_TO_QID_CTRL0_PRIORITY2_TO_QID_MASK		MASK	0x700	1792	3928
D	RTL8367D_QOS_6Q_PRIORITY_TO_QID_CTRL0_PRIORITY1_TO_QID_OFFSET		OFFSET_SHIFT	4	4	3929
D	RTL8367D_QOS_6Q_PRIORITY_TO_QID_CTRL0_PRIORITY1_TO_QID_MASK		MASK	0x70	112	3930
D	RTL8367D_QOS_6Q_PRIORITY_TO_QID_CTRL0_PRIORITY0_TO_QID_OFFSET		OFFSET_SHIFT	0	0	3931
D	RTL8367D_QOS_6Q_PRIORITY_TO_QID_CTRL0_PRIORITY0_TO_QID_MASK		MASK	0x7	7	3932
D	RTL8367D_REG_QOS_6Q_PRIORITY_TO_QID_CTRL1		REGISTER	0x090f	2319	3934
D	RTL8367D_QOS_6Q_PRIORITY_TO_QID_CTRL1_PRIORITY7_TO_QID_OFFSET		OFFSET_SHIFT	12	12	3935
D	RTL8367D_QOS_6Q_PRIORITY_TO_QID_CTRL1_PRIORITY7_TO_QID_MASK		MASK	0x7000	28672	3936
D	RTL8367D_QOS_6Q_PRIORITY_TO_QID_CTRL1_PRIORITY6_TO_QID_OFFSET		OFFSET_SHIFT	8	8	3937
D	RTL8367D_QOS_6Q_PRIORITY_TO_QID_CTRL1_PRIORITY6_TO_QID_MASK		MASK	0x700	1792	3938
D	RTL8367D_QOS_6Q_PRIORITY_TO_QID_CTRL1_PRIORITY5_TO_QID_OFFSET		OFFSET_SHIFT	4	4	3939
D	RTL8367D_QOS_6Q_PRIORITY_TO_QID_CTRL1_PRIORITY5_TO_QID_MASK		MASK	0x70	112	3940
D	RTL8367D_QOS_6Q_PRIORITY_TO_QID_CTRL1_PRIORITY4_TO_QID_OFFSET		OFFSET_SHIFT	0	0	3941
D	RTL8367D_QOS_6Q_PRIORITY_TO_QID_CTRL1_PRIORITY4_TO_QID_MASK		MASK	0x7	7	3942
D	RTL8367D_REG_QOS_7Q_PRIORITY_TO_QID_CTRL0		REGISTER	0x0910	2320	3944
D	RTL8367D_QOS_7Q_PRIORITY_TO_QID_CTRL0_PRIORITY3_TO_QID_OFFSET		OFFSET_SHIFT	12	12	3945
D	RTL8367D_QOS_7Q_PRIORITY_TO_QID_CTRL0_PRIORITY3_TO_QID_MASK		MASK	0x7000	28672	3946
D	RTL8367D_QOS_7Q_PRIORITY_TO_QID_CTRL0_PRIORITY2_TO_QID_OFFSET		OFFSET_SHIFT	8	8	3947
D	RTL8367D_QOS_7Q_PRIORITY_TO_QID_CTRL0_PRIORITY2_TO_QID_MASK		MASK	0x700	1792	3948
D	RTL8367D_QOS_7Q_PRIORITY_TO_QID_CTRL0_PRIORITY1_TO_QID_OFFSET		OFFSET_SHIFT	4	4	3949
D	RTL8367D_QOS_7Q_PRIORITY_TO_QID_CTRL0_PRIORITY1_TO_QID_MASK		MASK	0x70	112	3950
D	RTL8367D_QOS_7Q_PRIORITY_TO_QID_CTRL0_PRIORITY0_TO_QID_OFFSET		OFFSET_SHIFT	0	0	3951
D	RTL8367D_QOS_7Q_PRIORITY_TO_QID_CTRL0_PRIORITY0_TO_QID_MASK		MASK	0x7	7	3952
D	RTL8367D_REG_QOS_7Q_PRIORITY_TO_QID_CTRL1		REGISTER	0x0911	2321	3954
D	RTL8367D_QOS_7Q_PRIORITY_TO_QID_CTRL1_PRIORITY7_TO_QID_OFFSET		OFFSET_SHIFT	12	12	3955
D	RTL8367D_QOS_7Q_PRIORITY_TO_QID_CTRL1_PRIORITY7_TO_QID_MASK		MASK	0x7000	28672	3956
D	RTL8367D_QOS_7Q_PRIORITY_TO_QID_CTRL1_PRIORITY6_TO_QID_OFFSET		OFFSET_SHIFT	8	8	3957
D	RTL8367D_QOS_7Q_PRIORITY_TO_QID_CTRL1_PRIORITY6_TO_QID_MASK		MASK	0x700	1792	3958
D	RTL8367D_QOS_7Q_PRIORITY_TO_QID_CTRL1_PRIORITY5_TO_QID_OFFSET		OFFSET_SHIFT	4	4	3959
D	RTL8367D_QOS_7Q_PRIORITY_TO_QID_CTRL1_PRIORITY5_TO_QID_MASK		MASK	0x70	112	3960
D	RTL8367D_QOS_7Q_PRIORITY_TO_QID_CTRL1_PRIORITY4_TO_QID_OFFSET		OFFSET_SHIFT	0	0	3961
D	RTL8367D_QOS_7Q_PRIORITY_TO_QID_CTRL1_PRIORITY4_TO_QID_MASK		MASK	0x7	7	3962
D	RTL8367D_REG_QOS_8Q_PRIORITY_TO_QID_CTRL0		REGISTER	0x0912	2322	3964
D	RTL8367D_QOS_8Q_PRIORITY_TO_QID_CTRL0_PRIORITY3_TO_QID_OFFSET		OFFSET_SHIFT	12	12	3965
D	RTL8367D_QOS_8Q_PRIORITY_TO_QID_CTRL0_PRIORITY3_TO_QID_MASK		MASK	0x7000	28672	3966
D	RTL8367D_QOS_8Q_PRIORITY_TO_QID_CTRL0_PRIORITY2_TO_QID_OFFSET		OFFSET_SHIFT	8	8	3967
D	RTL8367D_QOS_8Q_PRIORITY_TO_QID_CTRL0_PRIORITY2_TO_QID_MASK		MASK	0x700	1792	3968
D	RTL8367D_QOS_8Q_PRIORITY_TO_QID_CTRL0_PRIORITY1_TO_QID_OFFSET		OFFSET_SHIFT	4	4	3969
D	RTL8367D_QOS_8Q_PRIORITY_TO_QID_CTRL0_PRIORITY1_TO_QID_MASK		MASK	0x70	112	3970
D	RTL8367D_QOS_8Q_PRIORITY_TO_QID_CTRL0_PRIORITY0_TO_QID_OFFSET		OFFSET_SHIFT	0	0	3971
D	RTL8367D_QOS_8Q_PRIORITY_TO_QID_CTRL0_PRIORITY0_TO_QID_MASK		MASK	0x7	7	3972
D	RTL8367D_REG_QOS_8Q_PRIORITY_TO_QID_CTRL1		REGISTER	0x0913	2323	3974
D	RTL8367D_QOS_8Q_PRIORITY_TO_QID_CTRL1_PRIORITY7_TO_QID_OFFSET		OFFSET_SHIFT	12	12	3975
D	RTL8367D_QOS_8Q_PRIORITY_TO_QID_CTRL1_PRIORITY7_TO_QID_MASK		MASK	0x7000	28672	3976
D	RTL8367D_QOS_8Q_PRIORITY_TO_QID_CTRL1_PRIORITY6_TO_QID_OFFSET		OFFSET_SHIFT	8	8	3977
D	RTL8367D_QOS_8Q_PRIORITY_TO_QID_CTRL1_PRIORITY6_TO_QID_MASK		MASK	0x700	1792	3978
D	RTL8367D_QOS_8Q_PRIORITY_TO_QID_CTRL1_PRIORITY5_TO_QID_OFFSET		OFFSET_SHIFT	4	4	3979
D	RTL8367D_QOS_8Q_PRIORITY_TO_QID_CTRL1_PRIORITY5_TO_QID_MASK		MASK	0x70	112	3980
D	RTL8367D_QOS_8Q_PRIORITY_TO_QID_CTRL1_PRIORITY4_TO_QID_OFFSET		OFFSET_SHIFT	0	0	3981
D	RTL8367D_QOS_8Q_PRIORITY_TO_QID_CTRL1_PRIORITY4_TO_QID_MASK		MASK	0x7	7	3982
D	RTL8367D_REG_PORT_DEBUG_INFO_CTRL0		REGISTER	0x0917	2327	3984
D	RTL8367D_PORT1_DEBUG_INFO_OFFSET		OFFSET_SHIFT	8	8	3985
D	RTL8367D_PORT1_DEBUG_INFO_MASK		MASK	0xFF00	65280	3986
D	RTL8367D_PORT0_DEBUG_INFO_OFFSET		OFFSET_SHIFT	0	0	3987
D	RTL8367D_PORT0_DEBUG_INFO_MASK		MASK	0xFF	255	3988
D	RTL8367D_REG_PORT_DEBUG_INFO_CTRL1		REGISTER	0x0918	2328	3990
D	RTL8367D_PORT3_DEBUG_INFO_OFFSET		OFFSET_SHIFT	8	8	3991
D	RTL8367D_PORT3_DEBUG_INFO_MASK		MASK	0xFF00	65280	3992
D	RTL8367D_PORT2_DEBUG_INFO_OFFSET		OFFSET_SHIFT	0	0	3993
D	RTL8367D_PORT2_DEBUG_INFO_MASK		MASK	0xFF	255	3994
D	RTL8367D_REG_PORT_DEBUG_INFO_CTRL2		REGISTER	0x0919	2329	3996
D	RTL8367D_PORT5_DEBUG_INFO_OFFSET		OFFSET_SHIFT	8	8	3997
D	RTL8367D_PORT5_DEBUG_INFO_MASK		MASK	0xFF00	65280	3998
D	RTL8367D_PORT4_DEBUG_INFO_OFFSET		OFFSET_SHIFT	0	0	3999
D	RTL8367D_PORT4_DEBUG_INFO_MASK		MASK	0xFF	255	4000
D	RTL8367D_REG_PORT_DEBUG_INFO_CTRL3		REGISTER	0x091a	2330	4002
D	RTL8367D_PORT7_DEBUG_INFO_OFFSET		OFFSET_SHIFT	8	8	4003
D	RTL8367D_PORT7_DEBUG_INFO_MASK		MASK	0xFF00	65280	4004
D	RTL8367D_PORT6_DEBUG_INFO_OFFSET		OFFSET_SHIFT	0	0	4005
D	RTL8367D_PORT6_DEBUG_INFO_MASK		MASK	0xFF	255	4006
D	RTL8367D_REG_PORT_DEBUG_INFO_CTRL4		REGISTER	0x091d	2333	4008
D	RTL8367D_PORT7_DEBUG_INDICATOR_OFFSET		OFFSET_SHIFT	14	14	4009
D	RTL8367D_PORT7_DEBUG_INDICATOR_MASK		MASK	0xC000	49152	4010
D	RTL8367D_PORT6_DEBUG_INDICATOR_OFFSET		OFFSET_SHIFT	12	12	4011
D	RTL8367D_PORT6_DEBUG_INDICATOR_MASK		MASK	0x3000	12288	4012
D	RTL8367D_PORT5_DEBUG_INDICATOR_OFFSET		OFFSET_SHIFT	10	10	4013
D	RTL8367D_PORT5_DEBUG_INDICATOR_MASK		MASK	0xC00	3072	4014
D	RTL8367D_PORT4_DEBUG_INDICATOR_OFFSET		OFFSET_SHIFT	8	8	4015
D	RTL8367D_PORT4_DEBUG_INDICATOR_MASK		MASK	0x300	768	4016
D	RTL8367D_PORT3_DEBUG_INDICATOR_OFFSET		OFFSET_SHIFT	6	6	4017
D	RTL8367D_PORT3_DEBUG_INDICATOR_MASK		MASK	0xC0	192	4018
D	RTL8367D_PORT2_DEBUG_INDICATOR_OFFSET		OFFSET_SHIFT	4	4	4019
D	RTL8367D_PORT2_DEBUG_INDICATOR_MASK		MASK	0x30	48	4020
D	RTL8367D_PORT1_DEBUG_INDICATOR_OFFSET		OFFSET_SHIFT	2	2	4021
D	RTL8367D_PORT1_DEBUG_INDICATOR_MASK		MASK	0xC	12	4022
D	RTL8367D_PORT0_DEBUG_INDICATOR_OFFSET		OFFSET_SHIFT	0	0	4023
D	RTL8367D_PORT0_DEBUG_INDICATOR_MASK		MASK	0x3	3	4024
D	RTL8367D_REG_FLOWCRTL_EGRESS_QUEUE_ENABLE_CTRL0		REGISTER	0x0930	2352	4026
D	RTL8367D_PORT1_QUEUE_MASK_OFFSET		MASK	8	8	4027
D	RTL8367D_PORT1_QUEUE_MASK_MASK		MASK	0xFF00	65280	4028
D	RTL8367D_PORT0_QUEUE_MASK_OFFSET		MASK	0	0	4029
D	RTL8367D_PORT0_QUEUE_MASK_MASK		MASK	0xFF	255	4030
D	RTL8367D_REG_FLOWCRTL_EGRESS_QUEUE_ENABLE_CTRL1		REGISTER	0x0931	2353	4032
D	RTL8367D_PORT3_QUEUE_MASK_OFFSET		MASK	8	8	4033
D	RTL8367D_PORT3_QUEUE_MASK_MASK		MASK	0xFF00	65280	4034
D	RTL8367D_PORT2_QUEUE_MASK_OFFSET		MASK	0	0	4035
D	RTL8367D_PORT2_QUEUE_MASK_MASK		MASK	0xFF	255	4036
D	RTL8367D_REG_FLOWCRTL_EGRESS_QUEUE_ENABLE_CTRL2		REGISTER	0x0932	2354	4038
D	RTL8367D_PORT5_QUEUE_MASK_OFFSET		MASK	8	8	4039
D	RTL8367D_PORT5_QUEUE_MASK_MASK		MASK	0xFF00	65280	4040
D	RTL8367D_PORT4_QUEUE_MASK_OFFSET		MASK	0	0	4041
D	RTL8367D_PORT4_QUEUE_MASK_MASK		MASK	0xFF	255	4042
D	RTL8367D_REG_FLOWCRTL_EGRESS_QUEUE_ENABLE_CTRL3		REGISTER	0x0933	2355	4044
D	RTL8367D_PORT7_QUEUE_MASK_OFFSET		MASK	8	8	4045
D	RTL8367D_PORT7_QUEUE_MASK_MASK		MASK	0xFF00	65280	4046
D	RTL8367D_PORT6_QUEUE_MASK_OFFSET		MASK	0	0	4047
D	RTL8367D_PORT6_QUEUE_MASK_MASK		MASK	0xFF	255	4048
D	RTL8367D_REG_VLAN_EGRESS_KEEP_CTRL0		REGISTER	0x093b	2363	4050
D	RTL8367D_PORT1_VLAN_KEEP_MASK_OFFSET		MASK	8	8	4051
D	RTL8367D_PORT1_VLAN_KEEP_MASK_MASK		MASK	0xFF00	65280	4052
D	RTL8367D_PORT0_VLAN_KEEP_MASK_OFFSET		MASK	0	0	4053
D	RTL8367D_PORT0_VLAN_KEEP_MASK_MASK		MASK	0xFF	255	4054
D	RTL8367D_REG_VLAN_EGRESS_KEEP_CTRL1		REGISTER	0x093c	2364	4056
D	RTL8367D_PORT3_VLAN_KEEP_MASK_OFFSET		MASK	8	8	4057
D	RTL8367D_PORT3_VLAN_KEEP_MASK_MASK		MASK	0xFF00	65280	4058
D	RTL8367D_PORT2_VLAN_KEEP_MASK_OFFSET		MASK	0	0	4059
D	RTL8367D_PORT2_VLAN_KEEP_MASK_MASK		MASK	0xFF	255	4060
D	RTL8367D_REG_VLAN_EGRESS_KEEP_CTRL2		REGISTER	0x093d	2365	4062
D	RTL8367D_PORT5_VLAN_KEEP_MASK_OFFSET		MASK	8	8	4063
D	RTL8367D_PORT5_VLAN_KEEP_MASK_MASK		MASK	0xFF00	65280	4064
D	RTL8367D_PORT4_VLAN_KEEP_MASK_OFFSET		MASK	0	0	4065
D	RTL8367D_PORT4_VLAN_KEEP_MASK_MASK		MASK	0xFF	255	4066
D	RTL8367D_REG_VLAN_EGRESS_KEEP_CTRL3		REGISTER	0x093e	2366	4068
D	RTL8367D_PORT7_VLAN_KEEP_MASK_OFFSET		MASK	8	8	4069
D	RTL8367D_PORT7_VLAN_KEEP_MASK_MASK		MASK	0xFF00	65280	4070
D	RTL8367D_PORT6_VLAN_KEEP_MASK_OFFSET		MASK	0	0	4071
D	RTL8367D_PORT6_VLAN_KEEP_MASK_MASK		MASK	0xFF	255	4072
D	RTL8367D_REG_IPMC_GROUP_ENTRY0_H		REGISTER	0x0940	2368	4074
D	RTL8367D_IPMC_GROUP_ENTRY0_H_OFFSET		OFFSET_SHIFT	0	0	4075
D	RTL8367D_IPMC_GROUP_ENTRY0_H_MASK		MASK	0xFFF	4095	4076
D	RTL8367D_REG_IPMC_GROUP_ENTRY0_L		REGISTER	0x0941	2369	4078
D	RTL8367D_REG_IPMC_GROUP_ENTRY1_H		REGISTER	0x0942	2370	4080
D	RTL8367D_IPMC_GROUP_ENTRY1_H_OFFSET		OFFSET_SHIFT	0	0	4081
D	RTL8367D_IPMC_GROUP_ENTRY1_H_MASK		MASK	0xFFF	4095	4082
D	RTL8367D_REG_IPMC_GROUP_ENTRY1_L		REGISTER	0x0943	2371	4084
D	RTL8367D_REG_IPMC_GROUP_ENTRY2_H		REGISTER	0x0944	2372	4086
D	RTL8367D_IPMC_GROUP_ENTRY2_H_OFFSET		OFFSET_SHIFT	0	0	4087
D	RTL8367D_IPMC_GROUP_ENTRY2_H_MASK		MASK	0xFFF	4095	4088
D	RTL8367D_REG_IPMC_GROUP_ENTRY2_L		REGISTER	0x0945	2373	4090
D	RTL8367D_REG_IPMC_GROUP_ENTRY3_H		REGISTER	0x0946	2374	4092
D	RTL8367D_IPMC_GROUP_ENTRY3_H_OFFSET		OFFSET_SHIFT	0	0	4093
D	RTL8367D_IPMC_GROUP_ENTRY3_H_MASK		MASK	0xFFF	4095	4094
D	RTL8367D_REG_IPMC_GROUP_ENTRY3_L		REGISTER	0x0947	2375	4096
D	RTL8367D_REG_IPMC_GROUP_ENTRY4_H		REGISTER	0x0948	2376	4098
D	RTL8367D_IPMC_GROUP_ENTRY4_H_OFFSET		OFFSET_SHIFT	0	0	4099
D	RTL8367D_IPMC_GROUP_ENTRY4_H_MASK		MASK	0xFFF	4095	4100
D	RTL8367D_REG_IPMC_GROUP_ENTRY4_L		REGISTER	0x0949	2377	4102
D	RTL8367D_REG_IPMC_GROUP_ENTRY5_H		REGISTER	0x094a	2378	4104
D	RTL8367D_IPMC_GROUP_ENTRY5_H_OFFSET		OFFSET_SHIFT	0	0	4105
D	RTL8367D_IPMC_GROUP_ENTRY5_H_MASK		MASK	0xFFF	4095	4106
D	RTL8367D_REG_IPMC_GROUP_ENTRY5_L		REGISTER	0x094b	2379	4108
D	RTL8367D_REG_IPMC_GROUP_ENTRY6_H		REGISTER	0x094c	2380	4110
D	RTL8367D_IPMC_GROUP_ENTRY6_H_OFFSET		OFFSET_SHIFT	0	0	4111
D	RTL8367D_IPMC_GROUP_ENTRY6_H_MASK		MASK	0xFFF	4095	4112
D	RTL8367D_REG_IPMC_GROUP_ENTRY6_L		REGISTER	0x094d	2381	4114
D	RTL8367D_REG_IPMC_GROUP_ENTRY7_H		REGISTER	0x094e	2382	4116
D	RTL8367D_IPMC_GROUP_ENTRY7_H_OFFSET		OFFSET_SHIFT	0	0	4117
D	RTL8367D_IPMC_GROUP_ENTRY7_H_MASK		MASK	0xFFF	4095	4118
D	RTL8367D_REG_IPMC_GROUP_ENTRY7_L		REGISTER	0x094f	2383	4120
D	RTL8367D_REG_IPMC_GROUP_ENTRY8_H		REGISTER	0x0950	2384	4122
D	RTL8367D_IPMC_GROUP_ENTRY8_H_OFFSET		OFFSET_SHIFT	0	0	4123
D	RTL8367D_IPMC_GROUP_ENTRY8_H_MASK		MASK	0xFFF	4095	4124
D	RTL8367D_REG_IPMC_GROUP_ENTRY8_L		REGISTER	0x0951	2385	4126
D	RTL8367D_REG_IPMC_GROUP_ENTRY9_H		REGISTER	0x0952	2386	4128
D	RTL8367D_IPMC_GROUP_ENTRY9_H_OFFSET		OFFSET_SHIFT	0	0	4129
D	RTL8367D_IPMC_GROUP_ENTRY9_H_MASK		MASK	0xFFF	4095	4130
D	RTL8367D_REG_IPMC_GROUP_ENTRY9_L		REGISTER	0x0953	2387	4132
D	RTL8367D_REG_IPMC_GROUP_ENTRY10_H		REGISTER	0x0954	2388	4134
D	RTL8367D_IPMC_GROUP_ENTRY10_H_OFFSET		OFFSET_SHIFT	0	0	4135
D	RTL8367D_IPMC_GROUP_ENTRY10_H_MASK		MASK	0xFFF	4095	4136
D	RTL8367D_REG_IPMC_GROUP_ENTRY10_L		REGISTER	0x0955	2389	4138
D	RTL8367D_REG_IPMC_GROUP_ENTRY11_H		REGISTER	0x0956	2390	4140
D	RTL8367D_IPMC_GROUP_ENTRY11_H_OFFSET		OFFSET_SHIFT	0	0	4141
D	RTL8367D_IPMC_GROUP_ENTRY11_H_MASK		MASK	0xFFF	4095	4142
D	RTL8367D_REG_IPMC_GROUP_ENTRY11_L		REGISTER	0x0957	2391	4144
D	RTL8367D_REG_IPMC_GROUP_ENTRY12_H		REGISTER	0x0958	2392	4146
D	RTL8367D_IPMC_GROUP_ENTRY12_H_OFFSET		OFFSET_SHIFT	0	0	4147
D	RTL8367D_IPMC_GROUP_ENTRY12_H_MASK		MASK	0xFFF	4095	4148
D	RTL8367D_REG_IPMC_GROUP_ENTRY12_L		REGISTER	0x0959	2393	4150
D	RTL8367D_REG_IPMC_GROUP_ENTRY13_H		REGISTER	0x095a	2394	4152
D	RTL8367D_IPMC_GROUP_ENTRY13_H_OFFSET		OFFSET_SHIFT	0	0	4153
D	RTL8367D_IPMC_GROUP_ENTRY13_H_MASK		MASK	0xFFF	4095	4154
D	RTL8367D_REG_IPMC_GROUP_ENTRY13_L		REGISTER	0x095b	2395	4156
D	RTL8367D_REG_IPMC_GROUP_ENTRY14_H		REGISTER	0x095c	2396	4158
D	RTL8367D_IPMC_GROUP_ENTRY14_H_OFFSET		OFFSET_SHIFT	0	0	4159
D	RTL8367D_IPMC_GROUP_ENTRY14_H_MASK		MASK	0xFFF	4095	4160
D	RTL8367D_REG_IPMC_GROUP_ENTRY14_L		REGISTER	0x095d	2397	4162
D	RTL8367D_REG_IPMC_GROUP_ENTRY15_H		REGISTER	0x095e	2398	4164
D	RTL8367D_IPMC_GROUP_ENTRY15_H_OFFSET		OFFSET_SHIFT	0	0	4165
D	RTL8367D_IPMC_GROUP_ENTRY15_H_MASK		MASK	0xFFF	4095	4166
D	RTL8367D_REG_IPMC_GROUP_ENTRY15_L		REGISTER	0x095f	2399	4168
D	RTL8367D_REG_IPMC_GROUP_ENTRY16_H		REGISTER	0x0960	2400	4170
D	RTL8367D_IPMC_GROUP_ENTRY16_H_OFFSET		OFFSET_SHIFT	0	0	4171
D	RTL8367D_IPMC_GROUP_ENTRY16_H_MASK		MASK	0xFFF	4095	4172
D	RTL8367D_REG_IPMC_GROUP_ENTRY16_L		REGISTER	0x0961	2401	4174
D	RTL8367D_REG_IPMC_GROUP_ENTRY17_H		REGISTER	0x0962	2402	4176
D	RTL8367D_IPMC_GROUP_ENTRY17_H_OFFSET		OFFSET_SHIFT	0	0	4177
D	RTL8367D_IPMC_GROUP_ENTRY17_H_MASK		MASK	0xFFF	4095	4178
D	RTL8367D_REG_IPMC_GROUP_ENTRY17_L		REGISTER	0x0963	2403	4180
D	RTL8367D_REG_IPMC_GROUP_ENTRY18_H		REGISTER	0x0964	2404	4182
D	RTL8367D_IPMC_GROUP_ENTRY18_H_OFFSET		OFFSET_SHIFT	0	0	4183
D	RTL8367D_IPMC_GROUP_ENTRY18_H_MASK		MASK	0xFFF	4095	4184
D	RTL8367D_REG_IPMC_GROUP_ENTRY18_L		REGISTER	0x0965	2405	4186
D	RTL8367D_REG_IPMC_GROUP_ENTRY19_H		REGISTER	0x0966	2406	4188
D	RTL8367D_IPMC_GROUP_ENTRY19_H_OFFSET		OFFSET_SHIFT	0	0	4189
D	RTL8367D_IPMC_GROUP_ENTRY19_H_MASK		MASK	0xFFF	4095	4190
D	RTL8367D_REG_IPMC_GROUP_ENTRY19_L		REGISTER	0x0967	2407	4192
D	RTL8367D_REG_IPMC_GROUP_ENTRY20_H		REGISTER	0x0968	2408	4194
D	RTL8367D_IPMC_GROUP_ENTRY20_H_OFFSET		OFFSET_SHIFT	0	0	4195
D	RTL8367D_IPMC_GROUP_ENTRY20_H_MASK		MASK	0xFFF	4095	4196
D	RTL8367D_REG_IPMC_GROUP_ENTRY20_L		REGISTER	0x0969	2409	4198
D	RTL8367D_REG_IPMC_GROUP_ENTRY21_H		REGISTER	0x096a	2410	4200
D	RTL8367D_IPMC_GROUP_ENTRY21_H_OFFSET		OFFSET_SHIFT	0	0	4201
D	RTL8367D_IPMC_GROUP_ENTRY21_H_MASK		MASK	0xFFF	4095	4202
D	RTL8367D_REG_IPMC_GROUP_ENTRY21_L		REGISTER	0x096b	2411	4204
D	RTL8367D_REG_IPMC_GROUP_ENTRY22_H		REGISTER	0x096c	2412	4206
D	RTL8367D_IPMC_GROUP_ENTRY22_H_OFFSET		OFFSET_SHIFT	0	0	4207
D	RTL8367D_IPMC_GROUP_ENTRY22_H_MASK		MASK	0xFFF	4095	4208
D	RTL8367D_REG_IPMC_GROUP_ENTRY22_L		REGISTER	0x096d	2413	4210
D	RTL8367D_REG_IPMC_GROUP_ENTRY23_H		REGISTER	0x096e	2414	4212
D	RTL8367D_IPMC_GROUP_ENTRY23_H_OFFSET		OFFSET_SHIFT	0	0	4213
D	RTL8367D_IPMC_GROUP_ENTRY23_H_MASK		MASK	0xFFF	4095	4214
D	RTL8367D_REG_IPMC_GROUP_ENTRY23_L		REGISTER	0x096f	2415	4216
D	RTL8367D_REG_IPMC_GROUP_ENTRY24_H		REGISTER	0x0970	2416	4218
D	RTL8367D_IPMC_GROUP_ENTRY24_H_OFFSET		OFFSET_SHIFT	0	0	4219
D	RTL8367D_IPMC_GROUP_ENTRY24_H_MASK		MASK	0xFFF	4095	4220
D	RTL8367D_REG_IPMC_GROUP_ENTRY24_L		REGISTER	0x0971	2417	4222
D	RTL8367D_REG_IPMC_GROUP_ENTRY25_H		REGISTER	0x0972	2418	4224
D	RTL8367D_IPMC_GROUP_ENTRY25_H_OFFSET		OFFSET_SHIFT	0	0	4225
D	RTL8367D_IPMC_GROUP_ENTRY25_H_MASK		MASK	0xFFF	4095	4226
D	RTL8367D_REG_IPMC_GROUP_ENTRY25_L		REGISTER	0x0973	2419	4228
D	RTL8367D_REG_IPMC_GROUP_ENTRY26_H		REGISTER	0x0974	2420	4230
D	RTL8367D_IPMC_GROUP_ENTRY26_H_OFFSET		OFFSET_SHIFT	0	0	4231
D	RTL8367D_IPMC_GROUP_ENTRY26_H_MASK		MASK	0xFFF	4095	4232
D	RTL8367D_REG_IPMC_GROUP_ENTRY26_L		REGISTER	0x0975	2421	4234
D	RTL8367D_REG_IPMC_GROUP_ENTRY27_H		REGISTER	0x0976	2422	4236
D	RTL8367D_IPMC_GROUP_ENTRY27_H_OFFSET		OFFSET_SHIFT	0	0	4237
D	RTL8367D_IPMC_GROUP_ENTRY27_H_MASK		MASK	0xFFF	4095	4238
D	RTL8367D_REG_IPMC_GROUP_ENTRY27_L		REGISTER	0x0977	2423	4240
D	RTL8367D_REG_IPMC_GROUP_ENTRY28_H		REGISTER	0x0978	2424	4242
D	RTL8367D_IPMC_GROUP_ENTRY28_H_OFFSET		OFFSET_SHIFT	0	0	4243
D	RTL8367D_IPMC_GROUP_ENTRY28_H_MASK		MASK	0xFFF	4095	4244
D	RTL8367D_REG_IPMC_GROUP_ENTRY28_L		REGISTER	0x0979	2425	4246
D	RTL8367D_REG_IPMC_GROUP_ENTRY29_H		REGISTER	0x097a	2426	4248
D	RTL8367D_IPMC_GROUP_ENTRY29_H_OFFSET		OFFSET_SHIFT	0	0	4249
D	RTL8367D_IPMC_GROUP_ENTRY29_H_MASK		MASK	0xFFF	4095	4250
D	RTL8367D_REG_IPMC_GROUP_ENTRY29_L		REGISTER	0x097b	2427	4252
D	RTL8367D_REG_IPMC_GROUP_ENTRY30_H		REGISTER	0x097c	2428	4254
D	RTL8367D_IPMC_GROUP_ENTRY30_H_OFFSET		OFFSET_SHIFT	0	0	4255
D	RTL8367D_IPMC_GROUP_ENTRY30_H_MASK		MASK	0xFFF	4095	4256
D	RTL8367D_REG_IPMC_GROUP_ENTRY30_L		REGISTER	0x097d	2429	4258
D	RTL8367D_REG_IPMC_GROUP_ENTRY31_H		REGISTER	0x097e	2430	4260
D	RTL8367D_IPMC_GROUP_ENTRY31_H_OFFSET		OFFSET_SHIFT	0	0	4261
D	RTL8367D_IPMC_GROUP_ENTRY31_H_MASK		MASK	0xFFF	4095	4262
D	RTL8367D_REG_IPMC_GROUP_ENTRY31_L		REGISTER	0x097f	2431	4264
D	RTL8367D_REG_IPMC_GROUP_ENTRY32_H		REGISTER	0x0980	2432	4266
D	RTL8367D_IPMC_GROUP_ENTRY32_H_OFFSET		OFFSET_SHIFT	0	0	4267
D	RTL8367D_IPMC_GROUP_ENTRY32_H_MASK		MASK	0xFFF	4095	4268
D	RTL8367D_REG_IPMC_GROUP_ENTRY32_L		REGISTER	0x0981	2433	4270
D	RTL8367D_REG_IPMC_GROUP_ENTRY33_H		REGISTER	0x0982	2434	4272
D	RTL8367D_IPMC_GROUP_ENTRY33_H_OFFSET		OFFSET_SHIFT	0	0	4273
D	RTL8367D_IPMC_GROUP_ENTRY33_H_MASK		MASK	0xFFF	4095	4274
D	RTL8367D_REG_IPMC_GROUP_ENTRY33_L		REGISTER	0x0983	2435	4276
D	RTL8367D_REG_IPMC_GROUP_ENTRY34_H		REGISTER	0x0984	2436	4278
D	RTL8367D_IPMC_GROUP_ENTRY34_H_OFFSET		OFFSET_SHIFT	0	0	4279
D	RTL8367D_IPMC_GROUP_ENTRY34_H_MASK		MASK	0xFFF	4095	4280
D	RTL8367D_REG_IPMC_GROUP_ENTRY34_L		REGISTER	0x0985	2437	4282
D	RTL8367D_REG_IPMC_GROUP_ENTRY35_H		REGISTER	0x0986	2438	4284
D	RTL8367D_IPMC_GROUP_ENTRY35_H_OFFSET		OFFSET_SHIFT	0	0	4285
D	RTL8367D_IPMC_GROUP_ENTRY35_H_MASK		MASK	0xFFF	4095	4286
D	RTL8367D_REG_IPMC_GROUP_ENTRY35_L		REGISTER	0x0987	2439	4288
D	RTL8367D_REG_IPMC_GROUP_ENTRY36_H		REGISTER	0x0988	2440	4290
D	RTL8367D_IPMC_GROUP_ENTRY36_H_OFFSET		OFFSET_SHIFT	0	0	4291
D	RTL8367D_IPMC_GROUP_ENTRY36_H_MASK		MASK	0xFFF	4095	4292
D	RTL8367D_REG_IPMC_GROUP_ENTRY36_L		REGISTER	0x0989	2441	4294
D	RTL8367D_REG_IPMC_GROUP_ENTRY37_H		REGISTER	0x098a	2442	4296
D	RTL8367D_IPMC_GROUP_ENTRY37_H_OFFSET		OFFSET_SHIFT	0	0	4297
D	RTL8367D_IPMC_GROUP_ENTRY37_H_MASK		MASK	0xFFF	4095	4298
D	RTL8367D_REG_IPMC_GROUP_ENTRY37_L		REGISTER	0x098b	2443	4300
D	RTL8367D_REG_IPMC_GROUP_ENTRY38_H		REGISTER	0x098c	2444	4302
D	RTL8367D_IPMC_GROUP_ENTRY38_H_OFFSET		OFFSET_SHIFT	0	0	4303
D	RTL8367D_IPMC_GROUP_ENTRY38_H_MASK		MASK	0xFFF	4095	4304
D	RTL8367D_REG_IPMC_GROUP_ENTRY38_L		REGISTER	0x098d	2445	4306
D	RTL8367D_REG_IPMC_GROUP_ENTRY39_H		REGISTER	0x098e	2446	4308
D	RTL8367D_IPMC_GROUP_ENTRY39_H_OFFSET		OFFSET_SHIFT	0	0	4309
D	RTL8367D_IPMC_GROUP_ENTRY39_H_MASK		MASK	0xFFF	4095	4310
D	RTL8367D_REG_IPMC_GROUP_ENTRY39_L		REGISTER	0x098f	2447	4312
D	RTL8367D_REG_IPMC_GROUP_ENTRY40_H		REGISTER	0x0990	2448	4314
D	RTL8367D_IPMC_GROUP_ENTRY40_H_OFFSET		OFFSET_SHIFT	0	0	4315
D	RTL8367D_IPMC_GROUP_ENTRY40_H_MASK		MASK	0xFFF	4095	4316
D	RTL8367D_REG_IPMC_GROUP_ENTRY40_L		REGISTER	0x0991	2449	4318
D	RTL8367D_REG_IPMC_GROUP_ENTRY41_H		REGISTER	0x0992	2450	4320
D	RTL8367D_IPMC_GROUP_ENTRY41_H_OFFSET		OFFSET_SHIFT	0	0	4321
D	RTL8367D_IPMC_GROUP_ENTRY41_H_MASK		MASK	0xFFF	4095	4322
D	RTL8367D_REG_IPMC_GROUP_ENTRY41_L		REGISTER	0x0993	2451	4324
D	RTL8367D_REG_IPMC_GROUP_ENTRY42_H		REGISTER	0x0994	2452	4326
D	RTL8367D_IPMC_GROUP_ENTRY42_H_OFFSET		OFFSET_SHIFT	0	0	4327
D	RTL8367D_IPMC_GROUP_ENTRY42_H_MASK		MASK	0xFFF	4095	4328
D	RTL8367D_REG_IPMC_GROUP_ENTRY42_L		REGISTER	0x0995	2453	4330
D	RTL8367D_REG_IPMC_GROUP_ENTRY43_H		REGISTER	0x0996	2454	4332
D	RTL8367D_IPMC_GROUP_ENTRY43_H_OFFSET		OFFSET_SHIFT	0	0	4333
D	RTL8367D_IPMC_GROUP_ENTRY43_H_MASK		MASK	0xFFF	4095	4334
D	RTL8367D_REG_IPMC_GROUP_ENTRY43_L		REGISTER	0x0997	2455	4336
D	RTL8367D_REG_IPMC_GROUP_ENTRY44_H		REGISTER	0x0998	2456	4338
D	RTL8367D_IPMC_GROUP_ENTRY44_H_OFFSET		OFFSET_SHIFT	0	0	4339
D	RTL8367D_IPMC_GROUP_ENTRY44_H_MASK		MASK	0xFFF	4095	4340
D	RTL8367D_REG_IPMC_GROUP_ENTRY44_L		REGISTER	0x0999	2457	4342
D	RTL8367D_REG_IPMC_GROUP_ENTRY45_H		REGISTER	0x099a	2458	4344
D	RTL8367D_IPMC_GROUP_ENTRY45_H_OFFSET		OFFSET_SHIFT	0	0	4345
D	RTL8367D_IPMC_GROUP_ENTRY45_H_MASK		MASK	0xFFF	4095	4346
D	RTL8367D_REG_IPMC_GROUP_ENTRY45_L		REGISTER	0x099b	2459	4348
D	RTL8367D_REG_IPMC_GROUP_ENTRY46_H		REGISTER	0x099c	2460	4350
D	RTL8367D_IPMC_GROUP_ENTRY46_H_OFFSET		OFFSET_SHIFT	0	0	4351
D	RTL8367D_IPMC_GROUP_ENTRY46_H_MASK		MASK	0xFFF	4095	4352
D	RTL8367D_REG_IPMC_GROUP_ENTRY46_L		REGISTER	0x099d	2461	4354
D	RTL8367D_REG_IPMC_GROUP_ENTRY47_H		REGISTER	0x099e	2462	4356
D	RTL8367D_IPMC_GROUP_ENTRY47_H_OFFSET		OFFSET_SHIFT	0	0	4357
D	RTL8367D_IPMC_GROUP_ENTRY47_H_MASK		MASK	0xFFF	4095	4358
D	RTL8367D_REG_IPMC_GROUP_ENTRY47_L		REGISTER	0x099f	2463	4360
D	RTL8367D_REG_IPMC_GROUP_ENTRY48_H		REGISTER	0x09a0	2464	4362
D	RTL8367D_IPMC_GROUP_ENTRY48_H_OFFSET		OFFSET_SHIFT	0	0	4363
D	RTL8367D_IPMC_GROUP_ENTRY48_H_MASK		MASK	0xFFF	4095	4364
D	RTL8367D_REG_IPMC_GROUP_ENTRY48_L		REGISTER	0x09a1	2465	4366
D	RTL8367D_REG_IPMC_GROUP_ENTRY49_H		REGISTER	0x09a2	2466	4368
D	RTL8367D_IPMC_GROUP_ENTRY49_H_OFFSET		OFFSET_SHIFT	0	0	4369
D	RTL8367D_IPMC_GROUP_ENTRY49_H_MASK		MASK	0xFFF	4095	4370
D	RTL8367D_REG_IPMC_GROUP_ENTRY49_L		REGISTER	0x09a3	2467	4372
D	RTL8367D_REG_IPMC_GROUP_ENTRY50_H		REGISTER	0x09a4	2468	4374
D	RTL8367D_IPMC_GROUP_ENTRY50_H_OFFSET		OFFSET_SHIFT	0	0	4375
D	RTL8367D_IPMC_GROUP_ENTRY50_H_MASK		MASK	0xFFF	4095	4376
D	RTL8367D_REG_IPMC_GROUP_ENTRY50_L		REGISTER	0x09a5	2469	4378
D	RTL8367D_REG_IPMC_GROUP_ENTRY51_H		REGISTER	0x09a6	2470	4380
D	RTL8367D_IPMC_GROUP_ENTRY51_H_OFFSET		OFFSET_SHIFT	0	0	4381
D	RTL8367D_IPMC_GROUP_ENTRY51_H_MASK		MASK	0xFFF	4095	4382
D	RTL8367D_REG_IPMC_GROUP_ENTRY51_L		REGISTER	0x09a7	2471	4384
D	RTL8367D_REG_IPMC_GROUP_ENTRY52_H		REGISTER	0x09a8	2472	4386
D	RTL8367D_IPMC_GROUP_ENTRY52_H_OFFSET		OFFSET_SHIFT	0	0	4387
D	RTL8367D_IPMC_GROUP_ENTRY52_H_MASK		MASK	0xFFF	4095	4388
D	RTL8367D_REG_IPMC_GROUP_ENTRY52_L		REGISTER	0x09a9	2473	4390
D	RTL8367D_REG_IPMC_GROUP_ENTRY53_H		REGISTER	0x09aa	2474	4392
D	RTL8367D_IPMC_GROUP_ENTRY53_H_OFFSET		OFFSET_SHIFT	0	0	4393
D	RTL8367D_IPMC_GROUP_ENTRY53_H_MASK		MASK	0xFFF	4095	4394
D	RTL8367D_REG_IPMC_GROUP_ENTRY53_L		REGISTER	0x09ab	2475	4396
D	RTL8367D_REG_IPMC_GROUP_ENTRY54_H		REGISTER	0x09ac	2476	4398
D	RTL8367D_IPMC_GROUP_ENTRY54_H_OFFSET		OFFSET_SHIFT	0	0	4399
D	RTL8367D_IPMC_GROUP_ENTRY54_H_MASK		MASK	0xFFF	4095	4400
D	RTL8367D_REG_IPMC_GROUP_ENTRY54_L		REGISTER	0x09ad	2477	4402
D	RTL8367D_REG_IPMC_GROUP_ENTRY55_H		REGISTER	0x09ae	2478	4404
D	RTL8367D_IPMC_GROUP_ENTRY55_H_OFFSET		OFFSET_SHIFT	0	0	4405
D	RTL8367D_IPMC_GROUP_ENTRY55_H_MASK		MASK	0xFFF	4095	4406
D	RTL8367D_REG_IPMC_GROUP_ENTRY55_L		REGISTER	0x09af	2479	4408
D	RTL8367D_REG_IPMC_GROUP_ENTRY56_H		REGISTER	0x09b0	2480	4410
D	RTL8367D_IPMC_GROUP_ENTRY56_H_OFFSET		OFFSET_SHIFT	0	0	4411
D	RTL8367D_IPMC_GROUP_ENTRY56_H_MASK		MASK	0xFFF	4095	4412
D	RTL8367D_REG_IPMC_GROUP_ENTRY56_L		REGISTER	0x09b1	2481	4414
D	RTL8367D_REG_IPMC_GROUP_ENTRY57_H		REGISTER	0x09b2	2482	4416
D	RTL8367D_IPMC_GROUP_ENTRY57_H_OFFSET		OFFSET_SHIFT	0	0	4417
D	RTL8367D_IPMC_GROUP_ENTRY57_H_MASK		MASK	0xFFF	4095	4418
D	RTL8367D_REG_IPMC_GROUP_ENTRY57_L		REGISTER	0x09b3	2483	4420
D	RTL8367D_REG_IPMC_GROUP_ENTRY58_H		REGISTER	0x09b4	2484	4422
D	RTL8367D_IPMC_GROUP_ENTRY58_H_OFFSET		OFFSET_SHIFT	0	0	4423
D	RTL8367D_IPMC_GROUP_ENTRY58_H_MASK		MASK	0xFFF	4095	4424
D	RTL8367D_REG_IPMC_GROUP_ENTRY58_L		REGISTER	0x09b5	2485	4426
D	RTL8367D_REG_IPMC_GROUP_ENTRY59_H		REGISTER	0x09b6	2486	4428
D	RTL8367D_IPMC_GROUP_ENTRY59_H_OFFSET		OFFSET_SHIFT	0	0	4429
D	RTL8367D_IPMC_GROUP_ENTRY59_H_MASK		MASK	0xFFF	4095	4430
D	RTL8367D_REG_IPMC_GROUP_ENTRY59_L		REGISTER	0x09b7	2487	4432
D	RTL8367D_REG_IPMC_GROUP_ENTRY60_H		REGISTER	0x09b8	2488	4434
D	RTL8367D_IPMC_GROUP_ENTRY60_H_OFFSET		OFFSET_SHIFT	0	0	4435
D	RTL8367D_IPMC_GROUP_ENTRY60_H_MASK		MASK	0xFFF	4095	4436
D	RTL8367D_REG_IPMC_GROUP_ENTRY60_L		REGISTER	0x09b9	2489	4438
D	RTL8367D_REG_IPMC_GROUP_ENTRY61_H		REGISTER	0x09ba	2490	4440
D	RTL8367D_IPMC_GROUP_ENTRY61_H_OFFSET		OFFSET_SHIFT	0	0	4441
D	RTL8367D_IPMC_GROUP_ENTRY61_H_MASK		MASK	0xFFF	4095	4442
D	RTL8367D_REG_IPMC_GROUP_ENTRY61_L		REGISTER	0x09bb	2491	4444
D	RTL8367D_REG_IPMC_GROUP_ENTRY62_H		REGISTER	0x09bc	2492	4446
D	RTL8367D_IPMC_GROUP_ENTRY62_H_OFFSET		OFFSET_SHIFT	0	0	4447
D	RTL8367D_IPMC_GROUP_ENTRY62_H_MASK		MASK	0xFFF	4095	4448
D	RTL8367D_REG_IPMC_GROUP_ENTRY62_L		REGISTER	0x09bd	2493	4450
D	RTL8367D_REG_IPMC_GROUP_ENTRY63_H		REGISTER	0x09be	2494	4452
D	RTL8367D_IPMC_GROUP_ENTRY63_H_OFFSET		OFFSET_SHIFT	0	0	4453
D	RTL8367D_IPMC_GROUP_ENTRY63_H_MASK		MASK	0xFFF	4095	4454
D	RTL8367D_REG_IPMC_GROUP_ENTRY63_L		REGISTER	0x09bf	2495	4456
D	RTL8367D_REG_UNKNOWN_UNICAST_DA_PORT_BEHAVE		REGISTER	0x09C0	2496	4458
D	RTL8367D_Port7_ACTION_OFFSET		OFFSET_SHIFT	14	14	4459
D	RTL8367D_Port7_ACTION_MASK		MASK	0xC000	49152	4460
D	RTL8367D_Port6_ACTION_OFFSET		OFFSET_SHIFT	12	12	4461
D	RTL8367D_Port6_ACTION_MASK		MASK	0x3000	12288	4462
D	RTL8367D_Port5_ACTION_OFFSET		OFFSET_SHIFT	10	10	4463
D	RTL8367D_Port5_ACTION_MASK		MASK	0xC00	3072	4464
D	RTL8367D_Port4_ACTION_OFFSET		OFFSET_SHIFT	8	8	4465
D	RTL8367D_Port4_ACTION_MASK		MASK	0x300	768	4466
D	RTL8367D_Port3_ACTION_OFFSET		OFFSET_SHIFT	6	6	4467
D	RTL8367D_Port3_ACTION_MASK		MASK	0xC0	192	4468
D	RTL8367D_Port2_ACTION_OFFSET		OFFSET_SHIFT	4	4	4469
D	RTL8367D_Port2_ACTION_MASK		MASK	0x30	48	4470
D	RTL8367D_Port1_ACTION_OFFSET		OFFSET_SHIFT	2	2	4471
D	RTL8367D_Port1_ACTION_MASK		MASK	0xC	12	4472
D	RTL8367D_Port0_ACTION_OFFSET		OFFSET_SHIFT	0	0	4473
D	RTL8367D_Port0_ACTION_MASK		MASK	0x3	3	4474
D	RTL8367D_REG_MIRROR_OVERRIDE_CFG		REGISTER	0x09C1	2497	4476
D	RTL8367D_MIRROR_ACL_OVERRIDE_EN_OFFSET		OFFSET_SHIFT	2	2	4477
D	RTL8367D_MIRROR_ACL_OVERRIDE_EN_MASK		MASK	0x4	4	4478
D	RTL8367D_MIRROR_TX_OVERRIDE_EN_OFFSET		OFFSET_SHIFT	1	1	4479
D	RTL8367D_MIRROR_TX_OVERRIDE_EN_MASK		MASK	0x2	2	4480
D	RTL8367D_MIRROR_RX_OVERRIDE_EN_OFFSET		OFFSET_SHIFT	0	0	4481
D	RTL8367D_MIRROR_RX_OVERRIDE_EN_MASK		MASK	0x1	1	4482
D	RTL8367D_REG_VLAN_EGRESS_TRANS_CTRL0		REGISTER	0x09D0	2512	4484
D	RTL8367D_VLAN_EGRESS_TRANS_CTRL0_OFFSET		OFFSET_SHIFT	0	0	4485
D	RTL8367D_VLAN_EGRESS_TRANS_CTRL0_MASK		MASK	0xFF	255	4486
D	RTL8367D_REG_VLAN_EGRESS_TRANS_CTRL1		REGISTER	0x09D1	2513	4488
D	RTL8367D_VLAN_EGRESS_TRANS_CTRL1_OFFSET		OFFSET_SHIFT	0	0	4489
D	RTL8367D_VLAN_EGRESS_TRANS_CTRL1_MASK		MASK	0xFF	255	4490
D	RTL8367D_REG_VLAN_EGRESS_TRANS_CTRL2		REGISTER	0x09D2	2514	4492
D	RTL8367D_VLAN_EGRESS_TRANS_CTRL2_OFFSET		OFFSET_SHIFT	0	0	4493
D	RTL8367D_VLAN_EGRESS_TRANS_CTRL2_MASK		MASK	0xFF	255	4494
D	RTL8367D_REG_VLAN_EGRESS_TRANS_CTRL3		REGISTER	0x09D3	2515	4496
D	RTL8367D_VLAN_EGRESS_TRANS_CTRL3_OFFSET		OFFSET_SHIFT	0	0	4497
D	RTL8367D_VLAN_EGRESS_TRANS_CTRL3_MASK		MASK	0xFF	255	4498
D	RTL8367D_REG_VLAN_EGRESS_TRANS_CTRL4		REGISTER	0x09D4	2516	4500
D	RTL8367D_VLAN_EGRESS_TRANS_CTRL4_OFFSET		OFFSET_SHIFT	0	0	4501
D	RTL8367D_VLAN_EGRESS_TRANS_CTRL4_MASK		MASK	0xFF	255	4502
D	RTL8367D_REG_VLAN_EGRESS_TRANS_CTRL5		REGISTER	0x09D5	2517	4504
D	RTL8367D_VLAN_EGRESS_TRANS_CTRL5_OFFSET		OFFSET_SHIFT	0	0	4505
D	RTL8367D_VLAN_EGRESS_TRANS_CTRL5_MASK		MASK	0xFF	255	4506
D	RTL8367D_REG_VLAN_EGRESS_TRANS_CTRL6		REGISTER	0x09D6	2518	4508
D	RTL8367D_VLAN_EGRESS_TRANS_CTRL6_OFFSET		OFFSET_SHIFT	0	0	4509
D	RTL8367D_VLAN_EGRESS_TRANS_CTRL6_MASK		MASK	0xFF	255	4510
D	RTL8367D_REG_VLAN_EGRESS_TRANS_CTRL7		REGISTER	0x09D7	2519	4512
D	RTL8367D_VLAN_EGRESS_TRANS_CTRL7_OFFSET		OFFSET_SHIFT	0	0	4513
D	RTL8367D_VLAN_EGRESS_TRANS_CTRL7_MASK		MASK	0xFF	255	4514
D	RTL8367D_REG_MIRROR_CTRL2		REGISTER	0x09DA	2522	4516
D	RTL8367D_MIRROR_REALKEEP_EN_OFFSET		OFFSET_SHIFT	4	4	4517
D	RTL8367D_MIRROR_REALKEEP_EN_MASK		MASK	0x10	16	4518
D	RTL8367D_MIRROR_RX_ISOLATION_LEAKY_OFFSET		OFFSET_SHIFT	3	3	4519
D	RTL8367D_MIRROR_RX_ISOLATION_LEAKY_MASK		MASK	0x8	8	4520
D	RTL8367D_MIRROR_TX_ISOLATION_LEAKY_OFFSET		OFFSET_SHIFT	2	2	4521
D	RTL8367D_MIRROR_TX_ISOLATION_LEAKY_MASK		MASK	0x4	4	4522
D	RTL8367D_MIRROR_RX_VLAN_LEAKY_OFFSET		OFFSET_SHIFT	1	1	4523
D	RTL8367D_MIRROR_RX_VLAN_LEAKY_MASK		MASK	0x2	2	4524
D	RTL8367D_MIRROR_TX_VLAN_LEAKY_OFFSET		OFFSET_SHIFT	0	0	4525
D	RTL8367D_MIRROR_TX_VLAN_LEAKY_MASK		MASK	0x1	1	4526
D	RTL8367D_REG_OUTPUT_DROP_CFG		REGISTER	0x09DB	2523	4528
D	RTL8367D_ENABLE_BC_OFFSET		OFFSET_SHIFT	12	12	4529
D	RTL8367D_ENABLE_BC_MASK		MASK	0x1000	4096	4530
D	RTL8367D_ENABLE_MC_OFFSET		OFFSET_SHIFT	11	11	4531
D	RTL8367D_ENABLE_MC_MASK		MASK	0x800	2048	4532
D	RTL8367D_ENABLE_UC_OFFSET		OFFSET_SHIFT	10	10	4533
D	RTL8367D_ENABLE_UC_MASK		MASK	0x400	1024	4534
D	RTL8367D_ENABLE_PMASK_OFFSET		OFFSET_SHIFT	0	0	4535
D	RTL8367D_ENABLE_PMASK_MASK		MASK	0xFF	255	4536
D	RTL8367D_REG_RMK_CFG_SEL_CTRL		REGISTER	0x09DF	2527	4538
D	RTL8367D_RMK_1Q_CFG_SEL_OFFSET		OFFSET_SHIFT	2	2	4539
D	RTL8367D_RMK_1Q_CFG_SEL_MASK		MASK	0x4	4	4540
D	RTL8367D_RMK_DSCP_CFG_SEL_OFFSET		OFFSET_SHIFT	0	0	4541
D	RTL8367D_RMK_DSCP_CFG_SEL_MASK		MASK	0x1	1	4542
D	RTL8367D_REG_VLAN_MSTI0_CTRL0		REGISTER	0x0a00	2560	4546
D	RTL8367D_VLAN_MSTI0_CTRL0_PORT7_STATE_OFFSET		OFFSET_SHIFT	14	14	4547
D	RTL8367D_VLAN_MSTI0_CTRL0_PORT7_STATE_MASK		MASK	0xC000	49152	4548
D	RTL8367D_VLAN_MSTI0_CTRL0_PORT6_STATE_OFFSET		OFFSET_SHIFT	12	12	4549
D	RTL8367D_VLAN_MSTI0_CTRL0_PORT6_STATE_MASK		MASK	0x3000	12288	4550
D	RTL8367D_VLAN_MSTI0_CTRL0_PORT5_STATE_OFFSET		OFFSET_SHIFT	10	10	4551
D	RTL8367D_VLAN_MSTI0_CTRL0_PORT5_STATE_MASK		MASK	0xC00	3072	4552
D	RTL8367D_VLAN_MSTI0_CTRL0_PORT4_STATE_OFFSET		OFFSET_SHIFT	8	8	4553
D	RTL8367D_VLAN_MSTI0_CTRL0_PORT4_STATE_MASK		MASK	0x300	768	4554
D	RTL8367D_VLAN_MSTI0_CTRL0_PORT3_STATE_OFFSET		OFFSET_SHIFT	6	6	4555
D	RTL8367D_VLAN_MSTI0_CTRL0_PORT3_STATE_MASK		MASK	0xC0	192	4556
D	RTL8367D_VLAN_MSTI0_CTRL0_PORT2_STATE_OFFSET		OFFSET_SHIFT	4	4	4557
D	RTL8367D_VLAN_MSTI0_CTRL0_PORT2_STATE_MASK		MASK	0x30	48	4558
D	RTL8367D_VLAN_MSTI0_CTRL0_PORT1_STATE_OFFSET		OFFSET_SHIFT	2	2	4559
D	RTL8367D_VLAN_MSTI0_CTRL0_PORT1_STATE_MASK		MASK	0xC	12	4560
D	RTL8367D_VLAN_MSTI0_CTRL0_PORT0_STATE_OFFSET		OFFSET_SHIFT	0	0	4561
D	RTL8367D_VLAN_MSTI0_CTRL0_PORT0_STATE_MASK		MASK	0x3	3	4562
D	RTL8367D_REG_VLAN_MSTI1_CTRL0		REGISTER	0x0a02	2562	4564
D	RTL8367D_VLAN_MSTI1_CTRL0_PORT7_STATE_OFFSET		OFFSET_SHIFT	14	14	4565
D	RTL8367D_VLAN_MSTI1_CTRL0_PORT7_STATE_MASK		MASK	0xC000	49152	4566
D	RTL8367D_VLAN_MSTI1_CTRL0_PORT6_STATE_OFFSET		OFFSET_SHIFT	12	12	4567
D	RTL8367D_VLAN_MSTI1_CTRL0_PORT6_STATE_MASK		MASK	0x3000	12288	4568
D	RTL8367D_VLAN_MSTI1_CTRL0_PORT5_STATE_OFFSET		OFFSET_SHIFT	10	10	4569
D	RTL8367D_VLAN_MSTI1_CTRL0_PORT5_STATE_MASK		MASK	0xC00	3072	4570
D	RTL8367D_VLAN_MSTI1_CTRL0_PORT4_STATE_OFFSET		OFFSET_SHIFT	8	8	4571
D	RTL8367D_VLAN_MSTI1_CTRL0_PORT4_STATE_MASK		MASK	0x300	768	4572
D	RTL8367D_VLAN_MSTI1_CTRL0_PORT3_STATE_OFFSET		OFFSET_SHIFT	6	6	4573
D	RTL8367D_VLAN_MSTI1_CTRL0_PORT3_STATE_MASK		MASK	0xC0	192	4574
D	RTL8367D_VLAN_MSTI1_CTRL0_PORT2_STATE_OFFSET		OFFSET_SHIFT	4	4	4575
D	RTL8367D_VLAN_MSTI1_CTRL0_PORT2_STATE_MASK		MASK	0x30	48	4576
D	RTL8367D_VLAN_MSTI1_CTRL0_PORT1_STATE_OFFSET		OFFSET_SHIFT	2	2	4577
D	RTL8367D_VLAN_MSTI1_CTRL0_PORT1_STATE_MASK		MASK	0xC	12	4578
D	RTL8367D_VLAN_MSTI1_CTRL0_PORT0_STATE_OFFSET		OFFSET_SHIFT	0	0	4579
D	RTL8367D_VLAN_MSTI1_CTRL0_PORT0_STATE_MASK		MASK	0x3	3	4580
D	RTL8367D_REG_VLAN_MSTI2_CTRL0		REGISTER	0x0a04	2564	4582
D	RTL8367D_VLAN_MSTI2_CTRL0_PORT7_STATE_OFFSET		OFFSET_SHIFT	14	14	4583
D	RTL8367D_VLAN_MSTI2_CTRL0_PORT7_STATE_MASK		MASK	0xC000	49152	4584
D	RTL8367D_VLAN_MSTI2_CTRL0_PORT6_STATE_OFFSET		OFFSET_SHIFT	12	12	4585
D	RTL8367D_VLAN_MSTI2_CTRL0_PORT6_STATE_MASK		MASK	0x3000	12288	4586
D	RTL8367D_VLAN_MSTI2_CTRL0_PORT5_STATE_OFFSET		OFFSET_SHIFT	10	10	4587
D	RTL8367D_VLAN_MSTI2_CTRL0_PORT5_STATE_MASK		MASK	0xC00	3072	4588
D	RTL8367D_VLAN_MSTI2_CTRL0_PORT4_STATE_OFFSET		OFFSET_SHIFT	8	8	4589
D	RTL8367D_VLAN_MSTI2_CTRL0_PORT4_STATE_MASK		MASK	0x300	768	4590
D	RTL8367D_VLAN_MSTI2_CTRL0_PORT3_STATE_OFFSET		OFFSET_SHIFT	6	6	4591
D	RTL8367D_VLAN_MSTI2_CTRL0_PORT3_STATE_MASK		MASK	0xC0	192	4592
D	RTL8367D_VLAN_MSTI2_CTRL0_PORT2_STATE_OFFSET		OFFSET_SHIFT	4	4	4593
D	RTL8367D_VLAN_MSTI2_CTRL0_PORT2_STATE_MASK		MASK	0x30	48	4594
D	RTL8367D_VLAN_MSTI2_CTRL0_PORT1_STATE_OFFSET		OFFSET_SHIFT	2	2	4595
D	RTL8367D_VLAN_MSTI2_CTRL0_PORT1_STATE_MASK		MASK	0xC	12	4596
D	RTL8367D_VLAN_MSTI2_CTRL0_PORT0_STATE_OFFSET		OFFSET_SHIFT	0	0	4597
D	RTL8367D_VLAN_MSTI2_CTRL0_PORT0_STATE_MASK		MASK	0x3	3	4598
D	RTL8367D_REG_VLAN_MSTI3_CTRL0		REGISTER	0x0a06	2566	4600
D	RTL8367D_VLAN_MSTI3_CTRL0_PORT7_STATE_OFFSET		OFFSET_SHIFT	14	14	4601
D	RTL8367D_VLAN_MSTI3_CTRL0_PORT7_STATE_MASK		MASK	0xC000	49152	4602
D	RTL8367D_VLAN_MSTI3_CTRL0_PORT6_STATE_OFFSET		OFFSET_SHIFT	12	12	4603
D	RTL8367D_VLAN_MSTI3_CTRL0_PORT6_STATE_MASK		MASK	0x3000	12288	4604
D	RTL8367D_VLAN_MSTI3_CTRL0_PORT5_STATE_OFFSET		OFFSET_SHIFT	10	10	4605
D	RTL8367D_VLAN_MSTI3_CTRL0_PORT5_STATE_MASK		MASK	0xC00	3072	4606
D	RTL8367D_VLAN_MSTI3_CTRL0_PORT4_STATE_OFFSET		OFFSET_SHIFT	8	8	4607
D	RTL8367D_VLAN_MSTI3_CTRL0_PORT4_STATE_MASK		MASK	0x300	768	4608
D	RTL8367D_VLAN_MSTI3_CTRL0_PORT3_STATE_OFFSET		OFFSET_SHIFT	6	6	4609
D	RTL8367D_VLAN_MSTI3_CTRL0_PORT3_STATE_MASK		MASK	0xC0	192	4610
D	RTL8367D_VLAN_MSTI3_CTRL0_PORT2_STATE_OFFSET		OFFSET_SHIFT	4	4	4611
D	RTL8367D_VLAN_MSTI3_CTRL0_PORT2_STATE_MASK		MASK	0x30	48	4612
D	RTL8367D_VLAN_MSTI3_CTRL0_PORT1_STATE_OFFSET		OFFSET_SHIFT	2	2	4613
D	RTL8367D_VLAN_MSTI3_CTRL0_PORT1_STATE_MASK		MASK	0xC	12	4614
D	RTL8367D_VLAN_MSTI3_CTRL0_PORT0_STATE_OFFSET		OFFSET_SHIFT	0	0	4615
D	RTL8367D_VLAN_MSTI3_CTRL0_PORT0_STATE_MASK		MASK	0x3	3	4616
D	RTL8367D_REG_LOOKUP_HIT_ISO_ACT		REGISTER	0x0a10	2576	4618
D	RTL8367D_LOOKUP_HIT_ISO_ACT_OFFSET		OFFSET_SHIFT	0	0	4619
D	RTL8367D_LOOKUP_HIT_ISO_ACT_MASK		MASK	0x1	1	4620
D	RTL8367D_REG_LUT_PORT0_LEARN_LIMITNO		REGISTER	0x0a20	2592	4622
D	RTL8367D_LUT_PORT0_LEARN_LIMITNO_OFFSET		OFFSET_SHIFT	0	0	4623
D	RTL8367D_LUT_PORT0_LEARN_LIMITNO_MASK		MASK	0xFFF	4095	4624
D	RTL8367D_REG_LUT_PORT1_LEARN_LIMITNO		REGISTER	0x0a21	2593	4626
D	RTL8367D_LUT_PORT1_LEARN_LIMITNO_OFFSET		OFFSET_SHIFT	0	0	4627
D	RTL8367D_LUT_PORT1_LEARN_LIMITNO_MASK		MASK	0xFFF	4095	4628
D	RTL8367D_REG_LUT_PORT2_LEARN_LIMITNO		REGISTER	0x0a22	2594	4630
D	RTL8367D_LUT_PORT2_LEARN_LIMITNO_OFFSET		OFFSET_SHIFT	0	0	4631
D	RTL8367D_LUT_PORT2_LEARN_LIMITNO_MASK		MASK	0xFFF	4095	4632
D	RTL8367D_REG_LUT_PORT3_LEARN_LIMITNO		REGISTER	0x0a23	2595	4634
D	RTL8367D_LUT_PORT3_LEARN_LIMITNO_OFFSET		OFFSET_SHIFT	0	0	4635
D	RTL8367D_LUT_PORT3_LEARN_LIMITNO_MASK		MASK	0xFFF	4095	4636
D	RTL8367D_REG_LUT_PORT4_LEARN_LIMITNO		REGISTER	0x0a24	2596	4638
D	RTL8367D_LUT_PORT4_LEARN_LIMITNO_OFFSET		OFFSET_SHIFT	0	0	4639
D	RTL8367D_LUT_PORT4_LEARN_LIMITNO_MASK		MASK	0xFFF	4095	4640
D	RTL8367D_REG_LUT_PORT5_LEARN_LIMITNO		REGISTER	0x0a25	2597	4642
D	RTL8367D_LUT_PORT5_LEARN_LIMITNO_OFFSET		OFFSET_SHIFT	0	0	4643
D	RTL8367D_LUT_PORT5_LEARN_LIMITNO_MASK		MASK	0xFFF	4095	4644
D	RTL8367D_REG_LUT_PORT6_LEARN_LIMITNO		REGISTER	0x0a26	2598	4646
D	RTL8367D_LUT_PORT6_LEARN_LIMITNO_OFFSET		OFFSET_SHIFT	0	0	4647
D	RTL8367D_LUT_PORT6_LEARN_LIMITNO_MASK		MASK	0xFFF	4095	4648
D	RTL8367D_REG_LUT_PORT7_LEARN_LIMITNO		REGISTER	0x0a27	2599	4650
D	RTL8367D_LUT_PORT7_LEARN_LIMITNO_OFFSET		OFFSET_SHIFT	0	0	4651
D	RTL8367D_LUT_PORT7_LEARN_LIMITNO_MASK		MASK	0xFFF	4095	4652
D	RTL8367D_REG_LUT_SYS_LEARN_LIMITNO		REGISTER	0x0a28	2600	4654
D	RTL8367D_LUT_SYS_LEARN_LIMITNO_OFFSET		OFFSET_SHIFT	0	0	4655
D	RTL8367D_LUT_SYS_LEARN_LIMITNO_MASK		MASK	0xFFF	4095	4656
D	RTL8367D_REG_LUT_LRN_SYS_LMT_CTRL		REGISTER	0x0a29	2601	4658
D	RTL8367D_LUT_SYSTEM_LEARN_OVER_ACT_OFFSET		OFFSET_SHIFT	10	10	4659
D	RTL8367D_LUT_SYSTEM_LEARN_OVER_ACT_MASK		MASK	0xC00	3072	4660
D	RTL8367D_LUT_SYSTEM_LEARN_PMASK_OFFSET		OFFSET_SHIFT	0	0	4661
D	RTL8367D_LUT_SYSTEM_LEARN_PMASK_MASK		MASK	0xFF	255	4662
D	RTL8367D_REG_LUT_CFG		REGISTER	0x0a30	2608	4664
D	RTL8367D_BCAM_DISABLE_OFFSET		OFFSET_SHIFT	6	6	4665
D	RTL8367D_BCAM_DISABLE_MASK		MASK	0x40	64	4666
D	RTL8367D_LINKDOWN_AGEOUT_OFFSET		OFFSET_SHIFT	5	5	4667
D	RTL8367D_LINKDOWN_AGEOUT_MASK		MASK	0x20	32	4668
D	RTL8367D_LUT_IPMC_HASH_OFFSET		OFFSET_SHIFT	4	4	4669
D	RTL8367D_LUT_IPMC_HASH_MASK		MASK	0x10	16	4670
D	RTL8367D_LUT_CFG_AGE_TIMER_OFFSET		OFFSET_SHIFT	0	0	4671
D	RTL8367D_LUT_CFG_AGE_TIMER_MASK		MASK	0x7	7	4672
D	RTL8367D_REG_LUT_AGEOUT_CTRL		REGISTER	0x0a31	2609	4674
D	RTL8367D_LUT_AGEOUT_CTRL_OFFSET		OFFSET_SHIFT	0	0	4675
D	RTL8367D_LUT_AGEOUT_CTRL_MASK		MASK	0xFF	255	4676
D	RTL8367D_REG_LUT_CFG2		REGISTER	0x0a32	2610	4678
D	RTL8367D_REG_FORCE_FLUSH		REGISTER	0x0a36	2614	4680
D	RTL8367D_BUSY_STATUS_OFFSET		OFFSET_SHIFT	8	8	4681
D	RTL8367D_BUSY_STATUS_MASK		MASK	0xFF00	65280	4682
D	RTL8367D_FORCE_FLUSH_PORTMASK_OFFSET		OFFSET_SHIFT	0	0	4683
D	RTL8367D_FORCE_FLUSH_PORTMASK_MASK		MASK	0xFF	255	4684
D	RTL8367D_REG_L2_FLUSH_CTRL1		REGISTER	0x0a37	2615	4686
D	RTL8367D_LUT_FLUSH_FID_OFFSET		OFFSET_SHIFT	12	12	4687
D	RTL8367D_LUT_FLUSH_FID_MASK		MASK	0x3000	12288	4688
D	RTL8367D_LUT_FLUSH_VID_OFFSET		OFFSET_SHIFT	0	0	4689
D	RTL8367D_LUT_FLUSH_VID_MASK		MASK	0xFFF	4095	4690
D	RTL8367D_REG_L2_FLUSH_CTRL2		REGISTER	0x0a38	2616	4692
D	RTL8367D_LUT_FLUSH_TYPE_OFFSET		OFFSET_SHIFT	2	2	4693
D	RTL8367D_LUT_FLUSH_TYPE_MASK		MASK	0x4	4	4694
D	RTL8367D_LUT_FLUSH_MODE_OFFSET		OFFSET_SHIFT	0	0	4695
D	RTL8367D_LUT_FLUSH_MODE_MASK		MASK	0x3	3	4696
D	RTL8367D_REG_L2_FLUSH_CTRL3		REGISTER	0x0a39	2617	4698
D	RTL8367D_L2_FLUSH_CTRL3_OFFSET		OFFSET_SHIFT	0	0	4699
D	RTL8367D_L2_FLUSH_CTRL3_MASK		MASK	0x1	1	4700
D	RTL8367D_REG_FLUSH_STATUS		REGISTER	0x0a3f	2623	4702
D	RTL8367D_FLUSH_STATUS_OFFSET		OFFSET_SHIFT	0	0	4703
D	RTL8367D_FLUSH_STATUS_MASK		MASK	0x1	1	4704
D	RTL8367D_REG_STORM_BCAST		REGISTER	0x0a40	2624	4706
D	RTL8367D_STORM_BCAST_OFFSET		OFFSET_SHIFT	0	0	4707
D	RTL8367D_STORM_BCAST_MASK		MASK	0xFF	255	4708
D	RTL8367D_REG_STORM_MCAST		REGISTER	0x0a41	2625	4710
D	RTL8367D_STORM_MCAST_OFFSET		OFFSET_SHIFT	0	0	4711
D	RTL8367D_STORM_MCAST_MASK		MASK	0xFF	255	4712
D	RTL8367D_REG_STORM_UNKOWN_UCAST		REGISTER	0x0a42	2626	4714
D	RTL8367D_STORM_UNKOWN_UCAST_OFFSET		OFFSET_SHIFT	0	0	4715
D	RTL8367D_STORM_UNKOWN_UCAST_MASK		MASK	0xFF	255	4716
D	RTL8367D_REG_STORM_UNKOWN_MCAST		REGISTER	0x0a43	2627	4718
D	RTL8367D_STORM_UNKOWN_MCAST_OFFSET		OFFSET_SHIFT	0	0	4719
D	RTL8367D_STORM_UNKOWN_MCAST_MASK		MASK	0xFF	255	4720
D	RTL8367D_REG_STORM_BCAST_METER_CTRL0		REGISTER	0x0a44	2628	4722
D	RTL8367D_STORM_BCAST_METER_CTRL0_PORT1_METERIDX_OFFSET		OFFSET_SHIFT	8	8	4723
D	RTL8367D_STORM_BCAST_METER_CTRL0_PORT1_METERIDX_MASK		MASK	0x3F00	16128	4724
D	RTL8367D_STORM_BCAST_METER_CTRL0_PORT0_METERIDX_OFFSET		OFFSET_SHIFT	0	0	4725
D	RTL8367D_STORM_BCAST_METER_CTRL0_PORT0_METERIDX_MASK		MASK	0x3F	63	4726
D	RTL8367D_REG_STORM_BCAST_METER_CTRL1		REGISTER	0x0a45	2629	4728
D	RTL8367D_STORM_BCAST_METER_CTRL1_PORT3_METERIDX_OFFSET		OFFSET_SHIFT	8	8	4729
D	RTL8367D_STORM_BCAST_METER_CTRL1_PORT3_METERIDX_MASK		MASK	0x3F00	16128	4730
D	RTL8367D_STORM_BCAST_METER_CTRL1_PORT2_METERIDX_OFFSET		OFFSET_SHIFT	0	0	4731
D	RTL8367D_STORM_BCAST_METER_CTRL1_PORT2_METERIDX_MASK		MASK	0x3F	63	4732
D	RTL8367D_REG_STORM_BCAST_METER_CTRL2		REGISTER	0x0a46	2630	4734
D	RTL8367D_STORM_BCAST_METER_CTRL2_PORT5_METERIDX_OFFSET		OFFSET_SHIFT	8	8	4735
D	RTL8367D_STORM_BCAST_METER_CTRL2_PORT5_METERIDX_MASK		MASK	0x3F00	16128	4736
D	RTL8367D_STORM_BCAST_METER_CTRL2_PORT4_METERIDX_OFFSET		OFFSET_SHIFT	0	0	4737
D	RTL8367D_STORM_BCAST_METER_CTRL2_PORT4_METERIDX_MASK		MASK	0x3F	63	4738
D	RTL8367D_REG_STORM_BCAST_METER_CTRL3		REGISTER	0x0a47	2631	4740
D	RTL8367D_STORM_BCAST_METER_CTRL3_PORT7_METERIDX_OFFSET		OFFSET_SHIFT	8	8	4741
D	RTL8367D_STORM_BCAST_METER_CTRL3_PORT7_METERIDX_MASK		MASK	0x3F00	16128	4742
D	RTL8367D_STORM_BCAST_METER_CTRL3_PORT6_METERIDX_OFFSET		OFFSET_SHIFT	0	0	4743
D	RTL8367D_STORM_BCAST_METER_CTRL3_PORT6_METERIDX_MASK		MASK	0x3F	63	4744
D	RTL8367D_REG_STORM_MCAST_METER_CTRL0		REGISTER	0x0a4c	2636	4746
D	RTL8367D_STORM_MCAST_METER_CTRL0_PORT1_METERIDX_OFFSET		OFFSET_SHIFT	8	8	4747
D	RTL8367D_STORM_MCAST_METER_CTRL0_PORT1_METERIDX_MASK		MASK	0x3F00	16128	4748
D	RTL8367D_STORM_MCAST_METER_CTRL0_PORT0_METERIDX_OFFSET		OFFSET_SHIFT	0	0	4749
D	RTL8367D_STORM_MCAST_METER_CTRL0_PORT0_METERIDX_MASK		MASK	0x3F	63	4750
D	RTL8367D_REG_STORM_MCAST_METER_CTRL1		REGISTER	0x0a4d	2637	4752
D	RTL8367D_STORM_MCAST_METER_CTRL1_PORT3_METERIDX_OFFSET		OFFSET_SHIFT	8	8	4753
D	RTL8367D_STORM_MCAST_METER_CTRL1_PORT3_METERIDX_MASK		MASK	0x3F00	16128	4754
D	RTL8367D_STORM_MCAST_METER_CTRL1_PORT2_METERIDX_OFFSET		OFFSET_SHIFT	0	0	4755
D	RTL8367D_STORM_MCAST_METER_CTRL1_PORT2_METERIDX_MASK		MASK	0x3F	63	4756
D	RTL8367D_REG_STORM_MCAST_METER_CTRL2		REGISTER	0x0a4e	2638	4758
D	RTL8367D_STORM_MCAST_METER_CTRL2_PORT5_METERIDX_OFFSET		OFFSET_SHIFT	8	8	4759
D	RTL8367D_STORM_MCAST_METER_CTRL2_PORT5_METERIDX_MASK		MASK	0x3F00	16128	4760
D	RTL8367D_STORM_MCAST_METER_CTRL2_PORT4_METERIDX_OFFSET		OFFSET_SHIFT	0	0	4761
D	RTL8367D_STORM_MCAST_METER_CTRL2_PORT4_METERIDX_MASK		MASK	0x3F	63	4762
D	RTL8367D_REG_STORM_MCAST_METER_CTRL3		REGISTER	0x0a4f	2639	4764
D	RTL8367D_STORM_MCAST_METER_CTRL3_PORT7_METERIDX_OFFSET		OFFSET_SHIFT	8	8	4765
D	RTL8367D_STORM_MCAST_METER_CTRL3_PORT7_METERIDX_MASK		MASK	0x3F00	16128	4766
D	RTL8367D_STORM_MCAST_METER_CTRL3_PORT6_METERIDX_OFFSET		OFFSET_SHIFT	0	0	4767
D	RTL8367D_STORM_MCAST_METER_CTRL3_PORT6_METERIDX_MASK		MASK	0x3F	63	4768
D	RTL8367D_REG_STORM_UNDA_METER_CTRL0		REGISTER	0x0a54	2644	4770
D	RTL8367D_STORM_UNDA_METER_CTRL0_PORT1_METERIDX_OFFSET		OFFSET_SHIFT	8	8	4771
D	RTL8367D_STORM_UNDA_METER_CTRL0_PORT1_METERIDX_MASK		MASK	0x3F00	16128	4772
D	RTL8367D_STORM_UNDA_METER_CTRL0_PORT0_METERIDX_OFFSET		OFFSET_SHIFT	0	0	4773
D	RTL8367D_STORM_UNDA_METER_CTRL0_PORT0_METERIDX_MASK		MASK	0x3F	63	4774
D	RTL8367D_REG_STORM_UNDA_METER_CTRL1		REGISTER	0x0a55	2645	4776
D	RTL8367D_STORM_UNDA_METER_CTRL1_PORT3_METERIDX_OFFSET		OFFSET_SHIFT	8	8	4777
D	RTL8367D_STORM_UNDA_METER_CTRL1_PORT3_METERIDX_MASK		MASK	0x3F00	16128	4778
D	RTL8367D_STORM_UNDA_METER_CTRL1_PORT2_METERIDX_OFFSET		OFFSET_SHIFT	0	0	4779
D	RTL8367D_STORM_UNDA_METER_CTRL1_PORT2_METERIDX_MASK		MASK	0x3F	63	4780
D	RTL8367D_REG_STORM_UNDA_METER_CTRL2		REGISTER	0x0a56	2646	4782
D	RTL8367D_STORM_UNDA_METER_CTRL2_PORT5_METERIDX_OFFSET		OFFSET_SHIFT	8	8	4783
D	RTL8367D_STORM_UNDA_METER_CTRL2_PORT5_METERIDX_MASK		MASK	0x3F00	16128	4784
D	RTL8367D_STORM_UNDA_METER_CTRL2_PORT4_METERIDX_OFFSET		OFFSET_SHIFT	0	0	4785
D	RTL8367D_STORM_UNDA_METER_CTRL2_PORT4_METERIDX_MASK		MASK	0x3F	63	4786
D	RTL8367D_REG_STORM_UNDA_METER_CTRL3		REGISTER	0x0a57	2647	4788
D	RTL8367D_STORM_UNDA_METER_CTRL3_PORT7_METERIDX_OFFSET		OFFSET_SHIFT	8	8	4789
D	RTL8367D_STORM_UNDA_METER_CTRL3_PORT7_METERIDX_MASK		MASK	0x3F00	16128	4790
D	RTL8367D_STORM_UNDA_METER_CTRL3_PORT6_METERIDX_OFFSET		OFFSET_SHIFT	0	0	4791
D	RTL8367D_STORM_UNDA_METER_CTRL3_PORT6_METERIDX_MASK		MASK	0x3F	63	4792
D	RTL8367D_REG_STORM_UNMC_METER_CTRL0		REGISTER	0x0a5c	2652	4794
D	RTL8367D_STORM_UNMC_METER_CTRL0_PORT1_METERIDX_OFFSET		OFFSET_SHIFT	8	8	4795
D	RTL8367D_STORM_UNMC_METER_CTRL0_PORT1_METERIDX_MASK		MASK	0x3F00	16128	4796
D	RTL8367D_STORM_UNMC_METER_CTRL0_PORT0_METERIDX_OFFSET		OFFSET_SHIFT	0	0	4797
D	RTL8367D_STORM_UNMC_METER_CTRL0_PORT0_METERIDX_MASK		MASK	0x3F	63	4798
D	RTL8367D_REG_STORM_UNMC_METER_CTRL1		REGISTER	0x0a5d	2653	4800
D	RTL8367D_STORM_UNMC_METER_CTRL1_PORT3_METERIDX_OFFSET		OFFSET_SHIFT	8	8	4801
D	RTL8367D_STORM_UNMC_METER_CTRL1_PORT3_METERIDX_MASK		MASK	0x3F00	16128	4802
D	RTL8367D_STORM_UNMC_METER_CTRL1_PORT2_METERIDX_OFFSET		OFFSET_SHIFT	0	0	4803
D	RTL8367D_STORM_UNMC_METER_CTRL1_PORT2_METERIDX_MASK		MASK	0x3F	63	4804
D	RTL8367D_REG_STORM_UNMC_METER_CTRL2		REGISTER	0x0a5e	2654	4806
D	RTL8367D_STORM_UNMC_METER_CTRL2_PORT5_METERIDX_OFFSET		OFFSET_SHIFT	8	8	4807
D	RTL8367D_STORM_UNMC_METER_CTRL2_PORT5_METERIDX_MASK		MASK	0x3F00	16128	4808
D	RTL8367D_STORM_UNMC_METER_CTRL2_PORT4_METERIDX_OFFSET		OFFSET_SHIFT	0	0	4809
D	RTL8367D_STORM_UNMC_METER_CTRL2_PORT4_METERIDX_MASK		MASK	0x3F	63	4810
D	RTL8367D_REG_STORM_UNMC_METER_CTRL3		REGISTER	0x0a5f	2655	4812
D	RTL8367D_STORM_UNMC_METER_CTRL3_PORT7_METERIDX_OFFSET		OFFSET_SHIFT	8	8	4813
D	RTL8367D_STORM_UNMC_METER_CTRL3_PORT7_METERIDX_MASK		MASK	0x3F00	16128	4814
D	RTL8367D_STORM_UNMC_METER_CTRL3_PORT6_METERIDX_OFFSET		OFFSET_SHIFT	0	0	4815
D	RTL8367D_STORM_UNMC_METER_CTRL3_PORT6_METERIDX_MASK		MASK	0x3F	63	4816
D	RTL8367D_REG_STORM_EXT_CFG		REGISTER	0x0a60	2656	4818
D	RTL8367D_STORM_UNKNOWN_MCAST_EXT_EN_OFFSET		OFFSET_SHIFT	13	13	4819
D	RTL8367D_STORM_UNKNOWN_MCAST_EXT_EN_MASK		MASK	0x2000	8192	4820
D	RTL8367D_STORM_UNKNOWN_UCAST_EXT_EN_OFFSET		OFFSET_SHIFT	12	12	4821
D	RTL8367D_STORM_UNKNOWN_UCAST_EXT_EN_MASK		MASK	0x1000	4096	4822
D	RTL8367D_STORM_MCAST_EXT_EN_OFFSET		OFFSET_SHIFT	11	11	4823
D	RTL8367D_STORM_MCAST_EXT_EN_MASK		MASK	0x800	2048	4824
D	RTL8367D_STORM_BCAST_EXT_EN_OFFSET		OFFSET_SHIFT	10	10	4825
D	RTL8367D_STORM_BCAST_EXT_EN_MASK		MASK	0x400	1024	4826
D	RTL8367D_STORM_EXT_EN_PORTMASK_OFFSET		OFFSET_SHIFT	0	0	4827
D	RTL8367D_STORM_EXT_EN_PORTMASK_MASK		MASK	0xFF	255	4828
D	RTL8367D_REG_STORM_EXT_MTRIDX_CFG0		REGISTER	0x0a61	2657	4830
D	RTL8367D_MC_STORM_EXT_METERIDX_OFFSET		OFFSET_SHIFT	8	8	4831
D	RTL8367D_MC_STORM_EXT_METERIDX_MASK		MASK	0x3F00	16128	4832
D	RTL8367D_BC_STORM_EXT_METERIDX_OFFSET		OFFSET_SHIFT	0	0	4833
D	RTL8367D_BC_STORM_EXT_METERIDX_MASK		MASK	0x3F	63	4834
D	RTL8367D_REG_STORM_EXT_MTRIDX_CFG1		REGISTER	0x0a62	2658	4836
D	RTL8367D_UNMC_STORM_EXT_METERIDX_OFFSET		OFFSET_SHIFT	8	8	4837
D	RTL8367D_UNMC_STORM_EXT_METERIDX_MASK		MASK	0x3F00	16128	4838
D	RTL8367D_UNUC_STORM_EXT_METERIDX_OFFSET		OFFSET_SHIFT	0	0	4839
D	RTL8367D_UNUC_STORM_EXT_METERIDX_MASK		MASK	0x3F	63	4840
D	RTL8367D_REG_DOT1X_PORT_ENABLE		REGISTER	0x0a80	2688	4842
D	RTL8367D_DOT1X_PORT_ENABLE_OFFSET		OFFSET_SHIFT	0	0	4843
D	RTL8367D_DOT1X_PORT_ENABLE_MASK		MASK	0xFF	255	4844
D	RTL8367D_REG_DOT1X_PORT_AUTH		REGISTER	0x0a82	2690	4846
D	RTL8367D_DOT1X_PORT_AUTH_OFFSET		OFFSET_SHIFT	0	0	4847
D	RTL8367D_DOT1X_PORT_AUTH_MASK		MASK	0xFF	255	4848
D	RTL8367D_REG_DOT1X_PORT_OPDIR		REGISTER	0x0a83	2691	4850
D	RTL8367D_DOT1X_PORT_OPDIR_OFFSET		OFFSET_SHIFT	0	0	4851
D	RTL8367D_DOT1X_PORT_OPDIR_MASK		MASK	0xFF	255	4852
D	RTL8367D_REG_DOT1X_UNAUTH_ACT_W0		REGISTER	0x0a84	2692	4854
D	RTL8367D_DOT1X_PORT7_UNAUTHBH_OFFSET		OFFSET_SHIFT	7	7	4855
D	RTL8367D_DOT1X_PORT7_UNAUTHBH_MASK		MASK	0x80	128	4856
D	RTL8367D_DOT1X_PORT6_UNAUTHBH_OFFSET		OFFSET_SHIFT	6	6	4857
D	RTL8367D_DOT1X_PORT6_UNAUTHBH_MASK		MASK	0x40	64	4858
D	RTL8367D_DOT1X_PORT5_UNAUTHBH_OFFSET		OFFSET_SHIFT	5	5	4859
D	RTL8367D_DOT1X_PORT5_UNAUTHBH_MASK		MASK	0x20	32	4860
D	RTL8367D_DOT1X_PORT4_UNAUTHBH_OFFSET		OFFSET_SHIFT	4	4	4861
D	RTL8367D_DOT1X_PORT4_UNAUTHBH_MASK		MASK	0x10	16	4862
D	RTL8367D_DOT1X_PORT3_UNAUTHBH_OFFSET		OFFSET_SHIFT	3	3	4863
D	RTL8367D_DOT1X_PORT3_UNAUTHBH_MASK		MASK	0x8	8	4864
D	RTL8367D_DOT1X_PORT2_UNAUTHBH_OFFSET		OFFSET_SHIFT	2	2	4865
D	RTL8367D_DOT1X_PORT2_UNAUTHBH_MASK		MASK	0x4	4	4866
D	RTL8367D_DOT1X_PORT1_UNAUTHBH_OFFSET		OFFSET_SHIFT	1	1	4867
D	RTL8367D_DOT1X_PORT1_UNAUTHBH_MASK		MASK	0x2	2	4868
D	RTL8367D_DOT1X_PORT0_UNAUTHBH_OFFSET		OFFSET_SHIFT	0	0	4869
D	RTL8367D_DOT1X_PORT0_UNAUTHBH_MASK		MASK	0x1	1	4870
D	RTL8367D_REG_L2_LRN_CNT_CTRL0		REGISTER	0x0a87	2695	4872
D	RTL8367D_L2_LRN_CNT_CTRL0_OFFSET		OFFSET_SHIFT	0	0	4873
D	RTL8367D_L2_LRN_CNT_CTRL0_MASK		MASK	0xFFF	4095	4874
D	RTL8367D_REG_L2_LRN_CNT_CTRL1		REGISTER	0x0a88	2696	4876
D	RTL8367D_L2_LRN_CNT_CTRL1_OFFSET		OFFSET_SHIFT	0	0	4877
D	RTL8367D_L2_LRN_CNT_CTRL1_MASK		MASK	0xFFF	4095	4878
D	RTL8367D_REG_L2_LRN_CNT_CTRL2		REGISTER	0x0a89	2697	4880
D	RTL8367D_L2_LRN_CNT_CTRL2_OFFSET		OFFSET_SHIFT	0	0	4881
D	RTL8367D_L2_LRN_CNT_CTRL2_MASK		MASK	0xFFF	4095	4882
D	RTL8367D_REG_L2_LRN_CNT_CTRL3		REGISTER	0x0a8a	2698	4884
D	RTL8367D_L2_LRN_CNT_CTRL3_OFFSET		OFFSET_SHIFT	0	0	4885
D	RTL8367D_L2_LRN_CNT_CTRL3_MASK		MASK	0xFFF	4095	4886
D	RTL8367D_REG_L2_LRN_CNT_CTRL4		REGISTER	0x0a8b	2699	4888
D	RTL8367D_L2_LRN_CNT_CTRL4_OFFSET		OFFSET_SHIFT	0	0	4889
D	RTL8367D_L2_LRN_CNT_CTRL4_MASK		MASK	0xFFF	4095	4890
D	RTL8367D_REG_L2_LRN_CNT_CTRL5		REGISTER	0x0a8c	2700	4892
D	RTL8367D_L2_LRN_CNT_CTRL5_OFFSET		OFFSET_SHIFT	0	0	4893
D	RTL8367D_L2_LRN_CNT_CTRL5_MASK		MASK	0xFFF	4095	4894
D	RTL8367D_REG_L2_LRN_CNT_CTRL6		REGISTER	0x0a8d	2701	4896
D	RTL8367D_L2_LRN_CNT_CTRL6_OFFSET		OFFSET_SHIFT	0	0	4897
D	RTL8367D_L2_LRN_CNT_CTRL6_MASK		MASK	0xFFF	4095	4898
D	RTL8367D_REG_L2_LRN_CNT_CTRL7		REGISTER	0x0a8e	2702	4900
D	RTL8367D_L2_LRN_CNT_CTRL7_OFFSET		OFFSET_SHIFT	0	0	4901
D	RTL8367D_L2_LRN_CNT_CTRL7_MASK		MASK	0xFFF	4095	4902
D	RTL8367D_REG_LUT_LRN_UNDER_STATUS		REGISTER	0x0a91	2705	4904
D	RTL8367D_LUT_LRN_UNDER_STATUS_OFFSET		OFFSET_SHIFT	0	0	4905
D	RTL8367D_LUT_LRN_UNDER_STATUS_MASK		MASK	0xFF	255	4906
D	RTL8367D_REG_L2_SA_MOVING_FORBID		REGISTER	0x0aa0	2720	4908
D	RTL8367D_L2_SA_MOVING_FORBID_OFFSET		OFFSET_SHIFT	0	0	4909
D	RTL8367D_L2_SA_MOVING_FORBID_MASK		MASK	0xFF	255	4910
D	RTL8367D_REG_IPMC_GROUP_PMSK_00		REGISTER	0x0AC0	2752	4912
D	RTL8367D_IPMC_GROUP_PMSK_00_OFFSET		OFFSET_SHIFT	0	0	4913
D	RTL8367D_IPMC_GROUP_PMSK_00_MASK		MASK	0xFF	255	4914
D	RTL8367D_REG_IPMC_GROUP_PMSK_01		REGISTER	0x0AC1	2753	4916
D	RTL8367D_IPMC_GROUP_PMSK_01_OFFSET		OFFSET_SHIFT	0	0	4917
D	RTL8367D_IPMC_GROUP_PMSK_01_MASK		MASK	0xFF	255	4918
D	RTL8367D_REG_IPMC_GROUP_PMSK_02		REGISTER	0x0AC2	2754	4920
D	RTL8367D_IPMC_GROUP_PMSK_02_OFFSET		OFFSET_SHIFT	0	0	4921
D	RTL8367D_IPMC_GROUP_PMSK_02_MASK		MASK	0xFF	255	4922
D	RTL8367D_REG_IPMC_GROUP_PMSK_03		REGISTER	0x0AC3	2755	4924
D	RTL8367D_IPMC_GROUP_PMSK_03_OFFSET		OFFSET_SHIFT	0	0	4925
D	RTL8367D_IPMC_GROUP_PMSK_03_MASK		MASK	0xFF	255	4926
D	RTL8367D_REG_IPMC_GROUP_PMSK_04		REGISTER	0x0AC4	2756	4928
D	RTL8367D_IPMC_GROUP_PMSK_04_OFFSET		OFFSET_SHIFT	0	0	4929
D	RTL8367D_IPMC_GROUP_PMSK_04_MASK		MASK	0xFF	255	4930
D	RTL8367D_REG_IPMC_GROUP_PMSK_05		REGISTER	0x0AC5	2757	4932
D	RTL8367D_IPMC_GROUP_PMSK_05_OFFSET		OFFSET_SHIFT	0	0	4933
D	RTL8367D_IPMC_GROUP_PMSK_05_MASK		MASK	0xFF	255	4934
D	RTL8367D_REG_IPMC_GROUP_PMSK_06		REGISTER	0x0AC6	2758	4936
D	RTL8367D_IPMC_GROUP_PMSK_06_OFFSET		OFFSET_SHIFT	0	0	4937
D	RTL8367D_IPMC_GROUP_PMSK_06_MASK		MASK	0xFF	255	4938
D	RTL8367D_REG_IPMC_GROUP_PMSK_07		REGISTER	0x0AC7	2759	4940
D	RTL8367D_IPMC_GROUP_PMSK_07_OFFSET		OFFSET_SHIFT	0	0	4941
D	RTL8367D_IPMC_GROUP_PMSK_07_MASK		MASK	0xFF	255	4942
D	RTL8367D_REG_IPMC_GROUP_PMSK_08		REGISTER	0x0AC8	2760	4944
D	RTL8367D_IPMC_GROUP_PMSK_08_OFFSET		OFFSET_SHIFT	0	0	4945
D	RTL8367D_IPMC_GROUP_PMSK_08_MASK		MASK	0xFF	255	4946
D	RTL8367D_REG_IPMC_GROUP_PMSK_09		REGISTER	0x0AC9	2761	4948
D	RTL8367D_IPMC_GROUP_PMSK_09_OFFSET		OFFSET_SHIFT	0	0	4949
D	RTL8367D_IPMC_GROUP_PMSK_09_MASK		MASK	0xFF	255	4950
D	RTL8367D_REG_IPMC_GROUP_PMSK_10		REGISTER	0x0ACA	2762	4952
D	RTL8367D_IPMC_GROUP_PMSK_10_OFFSET		OFFSET_SHIFT	0	0	4953
D	RTL8367D_IPMC_GROUP_PMSK_10_MASK		MASK	0xFF	255	4954
D	RTL8367D_REG_IPMC_GROUP_PMSK_11		REGISTER	0x0ACB	2763	4956
D	RTL8367D_IPMC_GROUP_PMSK_11_OFFSET		OFFSET_SHIFT	0	0	4957
D	RTL8367D_IPMC_GROUP_PMSK_11_MASK		MASK	0xFF	255	4958
D	RTL8367D_REG_IPMC_GROUP_PMSK_12		REGISTER	0x0ACC	2764	4960
D	RTL8367D_IPMC_GROUP_PMSK_12_OFFSET		OFFSET_SHIFT	0	0	4961
D	RTL8367D_IPMC_GROUP_PMSK_12_MASK		MASK	0xFF	255	4962
D	RTL8367D_REG_IPMC_GROUP_PMSK_13		REGISTER	0x0ACD	2765	4964
D	RTL8367D_IPMC_GROUP_PMSK_13_OFFSET		OFFSET_SHIFT	0	0	4965
D	RTL8367D_IPMC_GROUP_PMSK_13_MASK		MASK	0xFF	255	4966
D	RTL8367D_REG_IPMC_GROUP_PMSK_14		REGISTER	0x0ACE	2766	4968
D	RTL8367D_IPMC_GROUP_PMSK_14_OFFSET		OFFSET_SHIFT	0	0	4969
D	RTL8367D_IPMC_GROUP_PMSK_14_MASK		MASK	0xFF	255	4970
D	RTL8367D_REG_IPMC_GROUP_PMSK_15		REGISTER	0x0ACF	2767	4972
D	RTL8367D_IPMC_GROUP_PMSK_15_OFFSET		OFFSET_SHIFT	0	0	4973
D	RTL8367D_IPMC_GROUP_PMSK_15_MASK		MASK	0xFF	255	4974
D	RTL8367D_REG_IPMC_GROUP_PMSK_16		REGISTER	0x0AD0	2768	4976
D	RTL8367D_IPMC_GROUP_PMSK_16_OFFSET		OFFSET_SHIFT	0	0	4977
D	RTL8367D_IPMC_GROUP_PMSK_16_MASK		MASK	0xFF	255	4978
D	RTL8367D_REG_IPMC_GROUP_PMSK_17		REGISTER	0x0AD1	2769	4980
D	RTL8367D_IPMC_GROUP_PMSK_17_OFFSET		OFFSET_SHIFT	0	0	4981
D	RTL8367D_IPMC_GROUP_PMSK_17_MASK		MASK	0xFF	255	4982
D	RTL8367D_REG_IPMC_GROUP_PMSK_18		REGISTER	0x0AD2	2770	4984
D	RTL8367D_IPMC_GROUP_PMSK_18_OFFSET		OFFSET_SHIFT	0	0	4985
D	RTL8367D_IPMC_GROUP_PMSK_18_MASK		MASK	0xFF	255	4986
D	RTL8367D_REG_IPMC_GROUP_PMSK_19		REGISTER	0x0AD3	2771	4988
D	RTL8367D_IPMC_GROUP_PMSK_19_OFFSET		OFFSET_SHIFT	0	0	4989
D	RTL8367D_IPMC_GROUP_PMSK_19_MASK		MASK	0xFF	255	4990
D	RTL8367D_REG_IPMC_GROUP_PMSK_20		REGISTER	0x0AD4	2772	4992
D	RTL8367D_IPMC_GROUP_PMSK_20_OFFSET		OFFSET_SHIFT	0	0	4993
D	RTL8367D_IPMC_GROUP_PMSK_20_MASK		MASK	0xFF	255	4994
D	RTL8367D_REG_IPMC_GROUP_PMSK_21		REGISTER	0x0AD5	2773	4996
D	RTL8367D_IPMC_GROUP_PMSK_21_OFFSET		OFFSET_SHIFT	0	0	4997
D	RTL8367D_IPMC_GROUP_PMSK_21_MASK		MASK	0xFF	255	4998
D	RTL8367D_REG_IPMC_GROUP_PMSK_22		REGISTER	0x0AD6	2774	5000
D	RTL8367D_IPMC_GROUP_PMSK_22_OFFSET		OFFSET_SHIFT	0	0	5001
D	RTL8367D_IPMC_GROUP_PMSK_22_MASK		MASK	0xFF	255	5002
D	RTL8367D_REG_IPMC_GROUP_PMSK_23		REGISTER	0x0AD7	2775	5004
D	RTL8367D_IPMC_GROUP_PMSK_23_OFFSET		OFFSET_SHIFT	0	0	5005
D	RTL8367D_IPMC_GROUP_PMSK_23_MASK		MASK	0xFF	255	5006
D	RTL8367D_REG_IPMC_GROUP_PMSK_24		REGISTER	0x0AD8	2776	5008
D	RTL8367D_IPMC_GROUP_PMSK_24_OFFSET		OFFSET_SHIFT	0	0	5009
D	RTL8367D_IPMC_GROUP_PMSK_24_MASK		MASK	0xFF	255	5010
D	RTL8367D_REG_IPMC_GROUP_PMSK_25		REGISTER	0x0AD9	2777	5012
D	RTL8367D_IPMC_GROUP_PMSK_25_OFFSET		OFFSET_SHIFT	0	0	5013
D	RTL8367D_IPMC_GROUP_PMSK_25_MASK		MASK	0xFF	255	5014
D	RTL8367D_REG_IPMC_GROUP_PMSK_26		REGISTER	0x0ADA	2778	5016
D	RTL8367D_IPMC_GROUP_PMSK_26_OFFSET		OFFSET_SHIFT	0	0	5017
D	RTL8367D_IPMC_GROUP_PMSK_26_MASK		MASK	0xFF	255	5018
D	RTL8367D_REG_IPMC_GROUP_PMSK_27		REGISTER	0x0ADB	2779	5020
D	RTL8367D_IPMC_GROUP_PMSK_27_OFFSET		OFFSET_SHIFT	0	0	5021
D	RTL8367D_IPMC_GROUP_PMSK_27_MASK		MASK	0xFF	255	5022
D	RTL8367D_REG_IPMC_GROUP_PMSK_28		REGISTER	0x0ADC	2780	5024
D	RTL8367D_IPMC_GROUP_PMSK_28_OFFSET		OFFSET_SHIFT	0	0	5025
D	RTL8367D_IPMC_GROUP_PMSK_28_MASK		MASK	0xFF	255	5026
D	RTL8367D_REG_IPMC_GROUP_PMSK_29		REGISTER	0x0ADD	2781	5028
D	RTL8367D_IPMC_GROUP_PMSK_29_OFFSET		OFFSET_SHIFT	0	0	5029
D	RTL8367D_IPMC_GROUP_PMSK_29_MASK		MASK	0xFF	255	5030
D	RTL8367D_REG_IPMC_GROUP_PMSK_30		REGISTER	0x0ADE	2782	5032
D	RTL8367D_IPMC_GROUP_PMSK_30_OFFSET		OFFSET_SHIFT	0	0	5033
D	RTL8367D_IPMC_GROUP_PMSK_30_MASK		MASK	0xFF	255	5034
D	RTL8367D_REG_IPMC_GROUP_PMSK_31		REGISTER	0x0ADF	2783	5036
D	RTL8367D_IPMC_GROUP_PMSK_31_OFFSET		OFFSET_SHIFT	0	0	5037
D	RTL8367D_IPMC_GROUP_PMSK_31_MASK		MASK	0xFF	255	5038
D	RTL8367D_REG_IPMC_GROUP_PMSK_32		REGISTER	0x0AE0	2784	5040
D	RTL8367D_IPMC_GROUP_PMSK_32_OFFSET		OFFSET_SHIFT	0	0	5041
D	RTL8367D_IPMC_GROUP_PMSK_32_MASK		MASK	0xFF	255	5042
D	RTL8367D_REG_IPMC_GROUP_PMSK_33		REGISTER	0x0AE1	2785	5044
D	RTL8367D_IPMC_GROUP_PMSK_33_OFFSET		OFFSET_SHIFT	0	0	5045
D	RTL8367D_IPMC_GROUP_PMSK_33_MASK		MASK	0xFF	255	5046
D	RTL8367D_REG_IPMC_GROUP_PMSK_34		REGISTER	0x0AE2	2786	5048
D	RTL8367D_IPMC_GROUP_PMSK_34_OFFSET		OFFSET_SHIFT	0	0	5049
D	RTL8367D_IPMC_GROUP_PMSK_34_MASK		MASK	0xFF	255	5050
D	RTL8367D_REG_IPMC_GROUP_PMSK_35		REGISTER	0x0AE3	2787	5052
D	RTL8367D_IPMC_GROUP_PMSK_35_OFFSET		OFFSET_SHIFT	0	0	5053
D	RTL8367D_IPMC_GROUP_PMSK_35_MASK		MASK	0xFF	255	5054
D	RTL8367D_REG_IPMC_GROUP_PMSK_36		REGISTER	0x0AE4	2788	5056
D	RTL8367D_IPMC_GROUP_PMSK_36_OFFSET		OFFSET_SHIFT	0	0	5057
D	RTL8367D_IPMC_GROUP_PMSK_36_MASK		MASK	0xFF	255	5058
D	RTL8367D_REG_IPMC_GROUP_PMSK_37		REGISTER	0x0AE5	2789	5060
D	RTL8367D_IPMC_GROUP_PMSK_37_OFFSET		OFFSET_SHIFT	0	0	5061
D	RTL8367D_IPMC_GROUP_PMSK_37_MASK		MASK	0xFF	255	5062
D	RTL8367D_REG_IPMC_GROUP_PMSK_38		REGISTER	0x0AE6	2790	5064
D	RTL8367D_IPMC_GROUP_PMSK_38_OFFSET		OFFSET_SHIFT	0	0	5065
D	RTL8367D_IPMC_GROUP_PMSK_38_MASK		MASK	0xFF	255	5066
D	RTL8367D_REG_IPMC_GROUP_PMSK_39		REGISTER	0x0AE7	2791	5068
D	RTL8367D_IPMC_GROUP_PMSK_39_OFFSET		OFFSET_SHIFT	0	0	5069
D	RTL8367D_IPMC_GROUP_PMSK_39_MASK		MASK	0xFF	255	5070
D	RTL8367D_REG_IPMC_GROUP_PMSK_40		REGISTER	0x0AE8	2792	5072
D	RTL8367D_IPMC_GROUP_PMSK_40_OFFSET		OFFSET_SHIFT	0	0	5073
D	RTL8367D_IPMC_GROUP_PMSK_40_MASK		MASK	0xFF	255	5074
D	RTL8367D_REG_IPMC_GROUP_PMSK_41		REGISTER	0x0AE9	2793	5076
D	RTL8367D_IPMC_GROUP_PMSK_41_OFFSET		OFFSET_SHIFT	0	0	5077
D	RTL8367D_IPMC_GROUP_PMSK_41_MASK		MASK	0xFF	255	5078
D	RTL8367D_REG_IPMC_GROUP_PMSK_42		REGISTER	0x0AEA	2794	5080
D	RTL8367D_IPMC_GROUP_PMSK_42_OFFSET		OFFSET_SHIFT	0	0	5081
D	RTL8367D_IPMC_GROUP_PMSK_42_MASK		MASK	0xFF	255	5082
D	RTL8367D_REG_IPMC_GROUP_PMSK_43		REGISTER	0x0AEB	2795	5084
D	RTL8367D_IPMC_GROUP_PMSK_43_OFFSET		OFFSET_SHIFT	0	0	5085
D	RTL8367D_IPMC_GROUP_PMSK_43_MASK		MASK	0xFF	255	5086
D	RTL8367D_REG_IPMC_GROUP_PMSK_44		REGISTER	0x0AEC	2796	5088
D	RTL8367D_IPMC_GROUP_PMSK_44_OFFSET		OFFSET_SHIFT	0	0	5089
D	RTL8367D_IPMC_GROUP_PMSK_44_MASK		MASK	0xFF	255	5090
D	RTL8367D_REG_IPMC_GROUP_PMSK_45		REGISTER	0x0AED	2797	5092
D	RTL8367D_IPMC_GROUP_PMSK_45_OFFSET		OFFSET_SHIFT	0	0	5093
D	RTL8367D_IPMC_GROUP_PMSK_45_MASK		MASK	0xFF	255	5094
D	RTL8367D_REG_IPMC_GROUP_PMSK_46		REGISTER	0x0AEE	2798	5096
D	RTL8367D_IPMC_GROUP_PMSK_46_OFFSET		OFFSET_SHIFT	0	0	5097
D	RTL8367D_IPMC_GROUP_PMSK_46_MASK		MASK	0xFF	255	5098
D	RTL8367D_REG_IPMC_GROUP_PMSK_47		REGISTER	0x0AEF	2799	5100
D	RTL8367D_IPMC_GROUP_PMSK_47_OFFSET		OFFSET_SHIFT	0	0	5101
D	RTL8367D_IPMC_GROUP_PMSK_47_MASK		MASK	0xFF	255	5102
D	RTL8367D_REG_IPMC_GROUP_PMSK_48		REGISTER	0x0AF0	2800	5104
D	RTL8367D_IPMC_GROUP_PMSK_48_OFFSET		OFFSET_SHIFT	0	0	5105
D	RTL8367D_IPMC_GROUP_PMSK_48_MASK		MASK	0xFF	255	5106
D	RTL8367D_REG_IPMC_GROUP_PMSK_49		REGISTER	0x0AF1	2801	5108
D	RTL8367D_IPMC_GROUP_PMSK_49_OFFSET		OFFSET_SHIFT	0	0	5109
D	RTL8367D_IPMC_GROUP_PMSK_49_MASK		MASK	0xFF	255	5110
D	RTL8367D_REG_IPMC_GROUP_PMSK_50		REGISTER	0x0AF2	2802	5112
D	RTL8367D_IPMC_GROUP_PMSK_50_OFFSET		OFFSET_SHIFT	0	0	5113
D	RTL8367D_IPMC_GROUP_PMSK_50_MASK		MASK	0xFF	255	5114
D	RTL8367D_REG_IPMC_GROUP_PMSK_51		REGISTER	0x0AF3	2803	5116
D	RTL8367D_IPMC_GROUP_PMSK_51_OFFSET		OFFSET_SHIFT	0	0	5117
D	RTL8367D_IPMC_GROUP_PMSK_51_MASK		MASK	0xFF	255	5118
D	RTL8367D_REG_IPMC_GROUP_PMSK_52		REGISTER	0x0AF4	2804	5120
D	RTL8367D_IPMC_GROUP_PMSK_52_OFFSET		OFFSET_SHIFT	0	0	5121
D	RTL8367D_IPMC_GROUP_PMSK_52_MASK		MASK	0xFF	255	5122
D	RTL8367D_REG_IPMC_GROUP_PMSK_53		REGISTER	0x0AF5	2805	5124
D	RTL8367D_IPMC_GROUP_PMSK_53_OFFSET		OFFSET_SHIFT	0	0	5125
D	RTL8367D_IPMC_GROUP_PMSK_53_MASK		MASK	0xFF	255	5126
D	RTL8367D_REG_IPMC_GROUP_PMSK_54		REGISTER	0x0AF6	2806	5128
D	RTL8367D_IPMC_GROUP_PMSK_54_OFFSET		OFFSET_SHIFT	0	0	5129
D	RTL8367D_IPMC_GROUP_PMSK_54_MASK		MASK	0xFF	255	5130
D	RTL8367D_REG_IPMC_GROUP_PMSK_55		REGISTER	0x0AF7	2807	5132
D	RTL8367D_IPMC_GROUP_PMSK_55_OFFSET		OFFSET_SHIFT	0	0	5133
D	RTL8367D_IPMC_GROUP_PMSK_55_MASK		MASK	0xFF	255	5134
D	RTL8367D_REG_IPMC_GROUP_PMSK_56		REGISTER	0x0AF8	2808	5136
D	RTL8367D_IPMC_GROUP_PMSK_56_OFFSET		OFFSET_SHIFT	0	0	5137
D	RTL8367D_IPMC_GROUP_PMSK_56_MASK		MASK	0xFF	255	5138
D	RTL8367D_REG_IPMC_GROUP_PMSK_57		REGISTER	0x0AF9	2809	5140
D	RTL8367D_IPMC_GROUP_PMSK_57_OFFSET		OFFSET_SHIFT	0	0	5141
D	RTL8367D_IPMC_GROUP_PMSK_57_MASK		MASK	0xFF	255	5142
D	RTL8367D_REG_IPMC_GROUP_PMSK_58		REGISTER	0x0AFA	2810	5144
D	RTL8367D_IPMC_GROUP_PMSK_58_OFFSET		OFFSET_SHIFT	0	0	5145
D	RTL8367D_IPMC_GROUP_PMSK_58_MASK		MASK	0xFF	255	5146
D	RTL8367D_REG_IPMC_GROUP_PMSK_59		REGISTER	0x0AFB	2811	5148
D	RTL8367D_IPMC_GROUP_PMSK_59_OFFSET		OFFSET_SHIFT	0	0	5149
D	RTL8367D_IPMC_GROUP_PMSK_59_MASK		MASK	0xFF	255	5150
D	RTL8367D_REG_IPMC_GROUP_PMSK_60		REGISTER	0x0AFC	2812	5152
D	RTL8367D_IPMC_GROUP_PMSK_60_OFFSET		OFFSET_SHIFT	0	0	5153
D	RTL8367D_IPMC_GROUP_PMSK_60_MASK		MASK	0xFF	255	5154
D	RTL8367D_REG_IPMC_GROUP_PMSK_61		REGISTER	0x0AFD	2813	5156
D	RTL8367D_IPMC_GROUP_PMSK_61_OFFSET		OFFSET_SHIFT	0	0	5157
D	RTL8367D_IPMC_GROUP_PMSK_61_MASK		MASK	0xFF	255	5158
D	RTL8367D_REG_IPMC_GROUP_PMSK_62		REGISTER	0x0AFE	2814	5160
D	RTL8367D_IPMC_GROUP_PMSK_62_OFFSET		OFFSET_SHIFT	0	0	5161
D	RTL8367D_IPMC_GROUP_PMSK_62_MASK		MASK	0xFF	255	5162
D	RTL8367D_REG_IPMC_GROUP_PMSK_63		REGISTER	0x0AFF	2815	5164
D	RTL8367D_IPMC_GROUP_PMSK_63_OFFSET		OFFSET_SHIFT	0	0	5165
D	RTL8367D_IPMC_GROUP_PMSK_63_MASK		MASK	0xFF	255	5166
D	RTL8367D_REG_SVLAN_C2SCFG0_CTRL0		REGISTER	0x0d00	3328	5170
D	RTL8367D_SVLAN_C2SCFG0_CTRL0_OFFSET		OFFSET_SHIFT	0	0	5171
D	RTL8367D_SVLAN_C2SCFG0_CTRL0_MASK		MASK	0xFFF	4095	5172
D	RTL8367D_REG_SVLAN_C2SCFG0_CTRL1		REGISTER	0x0d01	3329	5174
D	RTL8367D_SVLAN_C2SCFG0_CTRL1_OFFSET		OFFSET_SHIFT	0	0	5175
D	RTL8367D_SVLAN_C2SCFG0_CTRL1_MASK		MASK	0xFF	255	5176
D	RTL8367D_REG_SVLAN_C2SCFG0_CTRL2		REGISTER	0x0d02	3330	5178
D	RTL8367D_SVLAN_C2SCFG0_CTRL2_OFFSET		OFFSET_SHIFT	0	0	5179
D	RTL8367D_SVLAN_C2SCFG0_CTRL2_MASK		MASK	0xFFF	4095	5180
D	RTL8367D_REG_SVLAN_C2SCFG1_CTRL0		REGISTER	0x0d03	3331	5182
D	RTL8367D_SVLAN_C2SCFG1_CTRL0_OFFSET		OFFSET_SHIFT	0	0	5183
D	RTL8367D_SVLAN_C2SCFG1_CTRL0_MASK		MASK	0xFFF	4095	5184
D	RTL8367D_REG_SVLAN_C2SCFG1_CTRL1		REGISTER	0x0d04	3332	5186
D	RTL8367D_SVLAN_C2SCFG1_CTRL1_OFFSET		OFFSET_SHIFT	0	0	5187
D	RTL8367D_SVLAN_C2SCFG1_CTRL1_MASK		MASK	0xFF	255	5188
D	RTL8367D_REG_SVLAN_C2SCFG1_CTRL2		REGISTER	0x0d05	3333	5190
D	RTL8367D_SVLAN_C2SCFG1_CTRL2_OFFSET		OFFSET_SHIFT	0	0	5191
D	RTL8367D_SVLAN_C2SCFG1_CTRL2_MASK		MASK	0xFFF	4095	5192
D	RTL8367D_REG_SVLAN_C2SCFG2_CTRL0		REGISTER	0x0d06	3334	5194
D	RTL8367D_SVLAN_C2SCFG2_CTRL0_OFFSET		OFFSET_SHIFT	0	0	5195
D	RTL8367D_SVLAN_C2SCFG2_CTRL0_MASK		MASK	0xFFF	4095	5196
D	RTL8367D_REG_SVLAN_C2SCFG2_CTRL1		REGISTER	0x0d07	3335	5198
D	RTL8367D_SVLAN_C2SCFG2_CTRL1_OFFSET		OFFSET_SHIFT	0	0	5199
D	RTL8367D_SVLAN_C2SCFG2_CTRL1_MASK		MASK	0xFF	255	5200
D	RTL8367D_REG_SVLAN_C2SCFG2_CTRL2		REGISTER	0x0d08	3336	5202
D	RTL8367D_SVLAN_C2SCFG2_CTRL2_OFFSET		OFFSET_SHIFT	0	0	5203
D	RTL8367D_SVLAN_C2SCFG2_CTRL2_MASK		MASK	0xFFF	4095	5204
D	RTL8367D_REG_SVLAN_C2SCFG3_CTRL0		REGISTER	0x0d09	3337	5206
D	RTL8367D_SVLAN_C2SCFG3_CTRL0_OFFSET		OFFSET_SHIFT	0	0	5207
D	RTL8367D_SVLAN_C2SCFG3_CTRL0_MASK		MASK	0xFFF	4095	5208
D	RTL8367D_REG_SVLAN_C2SCFG3_CTRL1		REGISTER	0x0d0a	3338	5210
D	RTL8367D_SVLAN_C2SCFG3_CTRL1_OFFSET		OFFSET_SHIFT	0	0	5211
D	RTL8367D_SVLAN_C2SCFG3_CTRL1_MASK		MASK	0xFF	255	5212
D	RTL8367D_REG_SVLAN_C2SCFG3_CTRL2		REGISTER	0x0d0b	3339	5214
D	RTL8367D_SVLAN_C2SCFG3_CTRL2_OFFSET		OFFSET_SHIFT	0	0	5215
D	RTL8367D_SVLAN_C2SCFG3_CTRL2_MASK		MASK	0xFFF	4095	5216
D	RTL8367D_REG_SVLAN_C2SCFG4_CTRL0		REGISTER	0x0d0c	3340	5218
D	RTL8367D_SVLAN_C2SCFG4_CTRL0_OFFSET		OFFSET_SHIFT	0	0	5219
D	RTL8367D_SVLAN_C2SCFG4_CTRL0_MASK		MASK	0xFFF	4095	5220
D	RTL8367D_REG_SVLAN_C2SCFG4_CTRL1		REGISTER	0x0d0d	3341	5222
D	RTL8367D_SVLAN_C2SCFG4_CTRL1_OFFSET		OFFSET_SHIFT	0	0	5223
D	RTL8367D_SVLAN_C2SCFG4_CTRL1_MASK		MASK	0xFF	255	5224
D	RTL8367D_REG_SVLAN_C2SCFG4_CTRL2		REGISTER	0x0d0e	3342	5226
D	RTL8367D_SVLAN_C2SCFG4_CTRL2_OFFSET		OFFSET_SHIFT	0	0	5227
D	RTL8367D_SVLAN_C2SCFG4_CTRL2_MASK		MASK	0xFFF	4095	5228
D	RTL8367D_REG_SVLAN_C2SCFG5_CTRL0		REGISTER	0x0d0f	3343	5230
D	RTL8367D_SVLAN_C2SCFG5_CTRL0_OFFSET		OFFSET_SHIFT	0	0	5231
D	RTL8367D_SVLAN_C2SCFG5_CTRL0_MASK		MASK	0xFFF	4095	5232
D	RTL8367D_REG_SVLAN_C2SCFG5_CTRL1		REGISTER	0x0d10	3344	5234
D	RTL8367D_SVLAN_C2SCFG5_CTRL1_OFFSET		OFFSET_SHIFT	0	0	5235
D	RTL8367D_SVLAN_C2SCFG5_CTRL1_MASK		MASK	0xFF	255	5236
D	RTL8367D_REG_SVLAN_C2SCFG5_CTRL2		REGISTER	0x0d11	3345	5238
D	RTL8367D_SVLAN_C2SCFG5_CTRL2_OFFSET		OFFSET_SHIFT	0	0	5239
D	RTL8367D_SVLAN_C2SCFG5_CTRL2_MASK		MASK	0xFFF	4095	5240
D	RTL8367D_REG_SVLAN_C2SCFG6_CTRL0		REGISTER	0x0d12	3346	5242
D	RTL8367D_SVLAN_C2SCFG6_CTRL0_OFFSET		OFFSET_SHIFT	0	0	5243
D	RTL8367D_SVLAN_C2SCFG6_CTRL0_MASK		MASK	0xFFF	4095	5244
D	RTL8367D_REG_SVLAN_C2SCFG6_CTRL1		REGISTER	0x0d13	3347	5246
D	RTL8367D_SVLAN_C2SCFG6_CTRL1_OFFSET		OFFSET_SHIFT	0	0	5247
D	RTL8367D_SVLAN_C2SCFG6_CTRL1_MASK		MASK	0xFF	255	5248
D	RTL8367D_REG_SVLAN_C2SCFG6_CTRL2		REGISTER	0x0d14	3348	5250
D	RTL8367D_SVLAN_C2SCFG6_CTRL2_OFFSET		OFFSET_SHIFT	0	0	5251
D	RTL8367D_SVLAN_C2SCFG6_CTRL2_MASK		MASK	0xFFF	4095	5252
D	RTL8367D_REG_SVLAN_C2SCFG7_CTRL0		REGISTER	0x0d15	3349	5254
D	RTL8367D_SVLAN_C2SCFG7_CTRL0_OFFSET		OFFSET_SHIFT	0	0	5255
D	RTL8367D_SVLAN_C2SCFG7_CTRL0_MASK		MASK	0xFFF	4095	5256
D	RTL8367D_REG_SVLAN_C2SCFG7_CTRL1		REGISTER	0x0d16	3350	5258
D	RTL8367D_SVLAN_C2SCFG7_CTRL1_OFFSET		OFFSET_SHIFT	0	0	5259
D	RTL8367D_SVLAN_C2SCFG7_CTRL1_MASK		MASK	0xFF	255	5260
D	RTL8367D_REG_SVLAN_C2SCFG7_CTRL2		REGISTER	0x0d17	3351	5262
D	RTL8367D_SVLAN_C2SCFG7_CTRL2_OFFSET		OFFSET_SHIFT	0	0	5263
D	RTL8367D_SVLAN_C2SCFG7_CTRL2_MASK		MASK	0xFFF	4095	5264
D	RTL8367D_REG_SVLAN_C2SCFG8_CTRL0		REGISTER	0x0d18	3352	5266
D	RTL8367D_SVLAN_C2SCFG8_CTRL0_OFFSET		OFFSET_SHIFT	0	0	5267
D	RTL8367D_SVLAN_C2SCFG8_CTRL0_MASK		MASK	0xFFF	4095	5268
D	RTL8367D_REG_SVLAN_C2SCFG8_CTRL1		REGISTER	0x0d19	3353	5270
D	RTL8367D_SVLAN_C2SCFG8_CTRL1_OFFSET		OFFSET_SHIFT	0	0	5271
D	RTL8367D_SVLAN_C2SCFG8_CTRL1_MASK		MASK	0xFF	255	5272
D	RTL8367D_REG_SVLAN_C2SCFG8_CTRL2		REGISTER	0x0d1a	3354	5274
D	RTL8367D_SVLAN_C2SCFG8_CTRL2_OFFSET		OFFSET_SHIFT	0	0	5275
D	RTL8367D_SVLAN_C2SCFG8_CTRL2_MASK		MASK	0xFFF	4095	5276
D	RTL8367D_REG_SVLAN_C2SCFG9_CTRL0		REGISTER	0x0d1b	3355	5278
D	RTL8367D_SVLAN_C2SCFG9_CTRL0_OFFSET		OFFSET_SHIFT	0	0	5279
D	RTL8367D_SVLAN_C2SCFG9_CTRL0_MASK		MASK	0xFFF	4095	5280
D	RTL8367D_REG_SVLAN_C2SCFG9_CTRL1		REGISTER	0x0d1c	3356	5282
D	RTL8367D_SVLAN_C2SCFG9_CTRL1_OFFSET		OFFSET_SHIFT	0	0	5283
D	RTL8367D_SVLAN_C2SCFG9_CTRL1_MASK		MASK	0xFF	255	5284
D	RTL8367D_REG_SVLAN_C2SCFG9_CTRL2		REGISTER	0x0d1d	3357	5286
D	RTL8367D_SVLAN_C2SCFG9_CTRL2_OFFSET		OFFSET_SHIFT	0	0	5287
D	RTL8367D_SVLAN_C2SCFG9_CTRL2_MASK		MASK	0xFFF	4095	5288
D	RTL8367D_REG_SVLAN_C2SCFG10_CTRL0		REGISTER	0x0d1e	3358	5290
D	RTL8367D_SVLAN_C2SCFG10_CTRL0_OFFSET		OFFSET_SHIFT	0	0	5291
D	RTL8367D_SVLAN_C2SCFG10_CTRL0_MASK		MASK	0xFFF	4095	5292
D	RTL8367D_REG_SVLAN_C2SCFG10_CTRL1		REGISTER	0x0d1f	3359	5294
D	RTL8367D_SVLAN_C2SCFG10_CTRL1_OFFSET		OFFSET_SHIFT	0	0	5295
D	RTL8367D_SVLAN_C2SCFG10_CTRL1_MASK		MASK	0xFF	255	5296
D	RTL8367D_REG_SVLAN_C2SCFG10_CTRL2		REGISTER	0x0d20	3360	5298
D	RTL8367D_SVLAN_C2SCFG10_CTRL2_OFFSET		OFFSET_SHIFT	0	0	5299
D	RTL8367D_SVLAN_C2SCFG10_CTRL2_MASK		MASK	0xFFF	4095	5300
D	RTL8367D_REG_SVLAN_C2SCFG11_CTRL0		REGISTER	0x0d21	3361	5302
D	RTL8367D_SVLAN_C2SCFG11_CTRL0_OFFSET		OFFSET_SHIFT	0	0	5303
D	RTL8367D_SVLAN_C2SCFG11_CTRL0_MASK		MASK	0xFFF	4095	5304
D	RTL8367D_REG_SVLAN_C2SCFG11_CTRL1		REGISTER	0x0d22	3362	5306
D	RTL8367D_SVLAN_C2SCFG11_CTRL1_OFFSET		OFFSET_SHIFT	0	0	5307
D	RTL8367D_SVLAN_C2SCFG11_CTRL1_MASK		MASK	0xFF	255	5308
D	RTL8367D_REG_SVLAN_C2SCFG11_CTRL2		REGISTER	0x0d23	3363	5310
D	RTL8367D_SVLAN_C2SCFG11_CTRL2_OFFSET		OFFSET_SHIFT	0	0	5311
D	RTL8367D_SVLAN_C2SCFG11_CTRL2_MASK		MASK	0xFFF	4095	5312
D	RTL8367D_REG_SVLAN_C2SCFG12_CTRL0		REGISTER	0x0d24	3364	5314
D	RTL8367D_SVLAN_C2SCFG12_CTRL0_OFFSET		OFFSET_SHIFT	0	0	5315
D	RTL8367D_SVLAN_C2SCFG12_CTRL0_MASK		MASK	0xFFF	4095	5316
D	RTL8367D_REG_SVLAN_C2SCFG12_CTRL1		REGISTER	0x0d25	3365	5318
D	RTL8367D_SVLAN_C2SCFG12_CTRL1_OFFSET		OFFSET_SHIFT	0	0	5319
D	RTL8367D_SVLAN_C2SCFG12_CTRL1_MASK		MASK	0xFF	255	5320
D	RTL8367D_REG_SVLAN_C2SCFG12_CTRL2		REGISTER	0x0d26	3366	5322
D	RTL8367D_SVLAN_C2SCFG12_CTRL2_OFFSET		OFFSET_SHIFT	0	0	5323
D	RTL8367D_SVLAN_C2SCFG12_CTRL2_MASK		MASK	0xFFF	4095	5324
D	RTL8367D_REG_SVLAN_C2SCFG13_CTRL0		REGISTER	0x0d27	3367	5326
D	RTL8367D_SVLAN_C2SCFG13_CTRL0_OFFSET		OFFSET_SHIFT	0	0	5327
D	RTL8367D_SVLAN_C2SCFG13_CTRL0_MASK		MASK	0xFFF	4095	5328
D	RTL8367D_REG_SVLAN_C2SCFG13_CTRL1		REGISTER	0x0d28	3368	5330
D	RTL8367D_SVLAN_C2SCFG13_CTRL1_OFFSET		OFFSET_SHIFT	0	0	5331
D	RTL8367D_SVLAN_C2SCFG13_CTRL1_MASK		MASK	0xFF	255	5332
D	RTL8367D_REG_SVLAN_C2SCFG13_CTRL2		REGISTER	0x0d29	3369	5334
D	RTL8367D_SVLAN_C2SCFG13_CTRL2_OFFSET		OFFSET_SHIFT	0	0	5335
D	RTL8367D_SVLAN_C2SCFG13_CTRL2_MASK		MASK	0xFFF	4095	5336
D	RTL8367D_REG_SVLAN_C2SCFG14_CTRL0		REGISTER	0x0d2a	3370	5338
D	RTL8367D_SVLAN_C2SCFG14_CTRL0_OFFSET		OFFSET_SHIFT	0	0	5339
D	RTL8367D_SVLAN_C2SCFG14_CTRL0_MASK		MASK	0xFFF	4095	5340
D	RTL8367D_REG_SVLAN_C2SCFG14_CTRL1		REGISTER	0x0d2b	3371	5342
D	RTL8367D_SVLAN_C2SCFG14_CTRL1_OFFSET		OFFSET_SHIFT	0	0	5343
D	RTL8367D_SVLAN_C2SCFG14_CTRL1_MASK		MASK	0xFF	255	5344
D	RTL8367D_REG_SVLAN_C2SCFG14_CTRL2		REGISTER	0x0d2c	3372	5346
D	RTL8367D_SVLAN_C2SCFG14_CTRL2_OFFSET		OFFSET_SHIFT	0	0	5347
D	RTL8367D_SVLAN_C2SCFG14_CTRL2_MASK		MASK	0xFFF	4095	5348
D	RTL8367D_REG_SVLAN_C2SCFG15_CTRL0		REGISTER	0x0d2d	3373	5350
D	RTL8367D_SVLAN_C2SCFG15_CTRL0_OFFSET		OFFSET_SHIFT	0	0	5351
D	RTL8367D_SVLAN_C2SCFG15_CTRL0_MASK		MASK	0xFFF	4095	5352
D	RTL8367D_REG_SVLAN_C2SCFG15_CTRL1		REGISTER	0x0d2e	3374	5354
D	RTL8367D_SVLAN_C2SCFG15_CTRL1_OFFSET		OFFSET_SHIFT	0	0	5355
D	RTL8367D_SVLAN_C2SCFG15_CTRL1_MASK		MASK	0xFF	255	5356
D	RTL8367D_REG_SVLAN_C2SCFG15_CTRL2		REGISTER	0x0d2f	3375	5358
D	RTL8367D_SVLAN_C2SCFG15_CTRL2_OFFSET		OFFSET_SHIFT	0	0	5359
D	RTL8367D_SVLAN_C2SCFG15_CTRL2_MASK		MASK	0xFFF	4095	5360
D	RTL8367D_REG_SVLAN_C2SCFG16_CTRL0		REGISTER	0x0d30	3376	5362
D	RTL8367D_SVLAN_C2SCFG16_CTRL0_OFFSET		OFFSET_SHIFT	0	0	5363
D	RTL8367D_SVLAN_C2SCFG16_CTRL0_MASK		MASK	0xFFF	4095	5364
D	RTL8367D_REG_SVLAN_C2SCFG16_CTRL1		REGISTER	0x0d31	3377	5366
D	RTL8367D_SVLAN_C2SCFG16_CTRL1_OFFSET		OFFSET_SHIFT	0	0	5367
D	RTL8367D_SVLAN_C2SCFG16_CTRL1_MASK		MASK	0xFF	255	5368
D	RTL8367D_REG_SVLAN_C2SCFG16_CTRL2		REGISTER	0x0d32	3378	5370
D	RTL8367D_SVLAN_C2SCFG16_CTRL2_OFFSET		OFFSET_SHIFT	0	0	5371
D	RTL8367D_SVLAN_C2SCFG16_CTRL2_MASK		MASK	0xFFF	4095	5372
D	RTL8367D_REG_SVLAN_C2SCFG17_CTRL0		REGISTER	0x0d33	3379	5374
D	RTL8367D_SVLAN_C2SCFG17_CTRL0_OFFSET		OFFSET_SHIFT	0	0	5375
D	RTL8367D_SVLAN_C2SCFG17_CTRL0_MASK		MASK	0xFFF	4095	5376
D	RTL8367D_REG_SVLAN_C2SCFG17_CTRL1		REGISTER	0x0d34	3380	5378
D	RTL8367D_SVLAN_C2SCFG17_CTRL1_OFFSET		OFFSET_SHIFT	0	0	5379
D	RTL8367D_SVLAN_C2SCFG17_CTRL1_MASK		MASK	0xFF	255	5380
D	RTL8367D_REG_SVLAN_C2SCFG17_CTRL2		REGISTER	0x0d35	3381	5382
D	RTL8367D_SVLAN_C2SCFG17_CTRL2_OFFSET		OFFSET_SHIFT	0	0	5383
D	RTL8367D_SVLAN_C2SCFG17_CTRL2_MASK		MASK	0xFFF	4095	5384
D	RTL8367D_REG_SVLAN_C2SCFG18_CTRL0		REGISTER	0x0d36	3382	5386
D	RTL8367D_SVLAN_C2SCFG18_CTRL0_OFFSET		OFFSET_SHIFT	0	0	5387
D	RTL8367D_SVLAN_C2SCFG18_CTRL0_MASK		MASK	0xFFF	4095	5388
D	RTL8367D_REG_SVLAN_C2SCFG18_CTRL1		REGISTER	0x0d37	3383	5390
D	RTL8367D_SVLAN_C2SCFG18_CTRL1_OFFSET		OFFSET_SHIFT	0	0	5391
D	RTL8367D_SVLAN_C2SCFG18_CTRL1_MASK		MASK	0xFF	255	5392
D	RTL8367D_REG_SVLAN_C2SCFG18_CTRL2		REGISTER	0x0d38	3384	5394
D	RTL8367D_SVLAN_C2SCFG18_CTRL2_OFFSET		OFFSET_SHIFT	0	0	5395
D	RTL8367D_SVLAN_C2SCFG18_CTRL2_MASK		MASK	0xFFF	4095	5396
D	RTL8367D_REG_SVLAN_C2SCFG19_CTRL0		REGISTER	0x0d39	3385	5398
D	RTL8367D_SVLAN_C2SCFG19_CTRL0_OFFSET		OFFSET_SHIFT	0	0	5399
D	RTL8367D_SVLAN_C2SCFG19_CTRL0_MASK		MASK	0xFFF	4095	5400
D	RTL8367D_REG_SVLAN_C2SCFG19_CTRL1		REGISTER	0x0d3a	3386	5402
D	RTL8367D_SVLAN_C2SCFG19_CTRL1_OFFSET		OFFSET_SHIFT	0	0	5403
D	RTL8367D_SVLAN_C2SCFG19_CTRL1_MASK		MASK	0xFF	255	5404
D	RTL8367D_REG_SVLAN_C2SCFG19_CTRL2		REGISTER	0x0d3b	3387	5406
D	RTL8367D_SVLAN_C2SCFG19_CTRL2_OFFSET		OFFSET_SHIFT	0	0	5407
D	RTL8367D_SVLAN_C2SCFG19_CTRL2_MASK		MASK	0xFFF	4095	5408
D	RTL8367D_REG_SVLAN_C2SCFG20_CTRL0		REGISTER	0x0d3c	3388	5410
D	RTL8367D_SVLAN_C2SCFG20_CTRL0_OFFSET		OFFSET_SHIFT	0	0	5411
D	RTL8367D_SVLAN_C2SCFG20_CTRL0_MASK		MASK	0xFFF	4095	5412
D	RTL8367D_REG_SVLAN_C2SCFG20_CTRL1		REGISTER	0x0d3d	3389	5414
D	RTL8367D_SVLAN_C2SCFG20_CTRL1_OFFSET		OFFSET_SHIFT	0	0	5415
D	RTL8367D_SVLAN_C2SCFG20_CTRL1_MASK		MASK	0xFF	255	5416
D	RTL8367D_REG_SVLAN_C2SCFG20_CTRL2		REGISTER	0x0d3e	3390	5418
D	RTL8367D_SVLAN_C2SCFG20_CTRL2_OFFSET		OFFSET_SHIFT	0	0	5419
D	RTL8367D_SVLAN_C2SCFG20_CTRL2_MASK		MASK	0xFFF	4095	5420
D	RTL8367D_REG_SVLAN_C2SCFG21_CTRL0		REGISTER	0x0d3f	3391	5422
D	RTL8367D_SVLAN_C2SCFG21_CTRL0_OFFSET		OFFSET_SHIFT	0	0	5423
D	RTL8367D_SVLAN_C2SCFG21_CTRL0_MASK		MASK	0xFFF	4095	5424
D	RTL8367D_REG_SVLAN_C2SCFG21_CTRL1		REGISTER	0x0d40	3392	5426
D	RTL8367D_SVLAN_C2SCFG21_CTRL1_OFFSET		OFFSET_SHIFT	0	0	5427
D	RTL8367D_SVLAN_C2SCFG21_CTRL1_MASK		MASK	0xFF	255	5428
D	RTL8367D_REG_SVLAN_C2SCFG21_CTRL2		REGISTER	0x0d41	3393	5430
D	RTL8367D_SVLAN_C2SCFG21_CTRL2_OFFSET		OFFSET_SHIFT	0	0	5431
D	RTL8367D_SVLAN_C2SCFG21_CTRL2_MASK		MASK	0xFFF	4095	5432
D	RTL8367D_REG_SVLAN_C2SCFG22_CTRL0		REGISTER	0x0d42	3394	5434
D	RTL8367D_SVLAN_C2SCFG22_CTRL0_OFFSET		OFFSET_SHIFT	0	0	5435
D	RTL8367D_SVLAN_C2SCFG22_CTRL0_MASK		MASK	0xFFF	4095	5436
D	RTL8367D_REG_SVLAN_C2SCFG22_CTRL1		REGISTER	0x0d43	3395	5438
D	RTL8367D_SVLAN_C2SCFG22_CTRL1_OFFSET		OFFSET_SHIFT	0	0	5439
D	RTL8367D_SVLAN_C2SCFG22_CTRL1_MASK		MASK	0xFF	255	5440
D	RTL8367D_REG_SVLAN_C2SCFG22_CTRL2		REGISTER	0x0d44	3396	5442
D	RTL8367D_SVLAN_C2SCFG22_CTRL2_OFFSET		OFFSET_SHIFT	0	0	5443
D	RTL8367D_SVLAN_C2SCFG22_CTRL2_MASK		MASK	0xFFF	4095	5444
D	RTL8367D_REG_SVLAN_C2SCFG23_CTRL0		REGISTER	0x0d45	3397	5446
D	RTL8367D_SVLAN_C2SCFG23_CTRL0_OFFSET		OFFSET_SHIFT	0	0	5447
D	RTL8367D_SVLAN_C2SCFG23_CTRL0_MASK		MASK	0xFFF	4095	5448
D	RTL8367D_REG_SVLAN_C2SCFG23_CTRL1		REGISTER	0x0d46	3398	5450
D	RTL8367D_SVLAN_C2SCFG23_CTRL1_OFFSET		OFFSET_SHIFT	0	0	5451
D	RTL8367D_SVLAN_C2SCFG23_CTRL1_MASK		MASK	0xFF	255	5452
D	RTL8367D_REG_SVLAN_C2SCFG23_CTRL2		REGISTER	0x0d47	3399	5454
D	RTL8367D_SVLAN_C2SCFG23_CTRL2_OFFSET		OFFSET_SHIFT	0	0	5455
D	RTL8367D_SVLAN_C2SCFG23_CTRL2_MASK		MASK	0xFFF	4095	5456
D	RTL8367D_REG_SVLAN_C2SCFG24_CTRL0		REGISTER	0x0d48	3400	5458
D	RTL8367D_SVLAN_C2SCFG24_CTRL0_OFFSET		OFFSET_SHIFT	0	0	5459
D	RTL8367D_SVLAN_C2SCFG24_CTRL0_MASK		MASK	0xFFF	4095	5460
D	RTL8367D_REG_SVLAN_C2SCFG24_CTRL1		REGISTER	0x0d49	3401	5462
D	RTL8367D_SVLAN_C2SCFG24_CTRL1_OFFSET		OFFSET_SHIFT	0	0	5463
D	RTL8367D_SVLAN_C2SCFG24_CTRL1_MASK		MASK	0xFF	255	5464
D	RTL8367D_REG_SVLAN_C2SCFG24_CTRL2		REGISTER	0x0d4a	3402	5466
D	RTL8367D_SVLAN_C2SCFG24_CTRL2_OFFSET		OFFSET_SHIFT	0	0	5467
D	RTL8367D_SVLAN_C2SCFG24_CTRL2_MASK		MASK	0xFFF	4095	5468
D	RTL8367D_REG_SVLAN_C2SCFG25_CTRL0		REGISTER	0x0d4b	3403	5470
D	RTL8367D_SVLAN_C2SCFG25_CTRL0_OFFSET		OFFSET_SHIFT	0	0	5471
D	RTL8367D_SVLAN_C2SCFG25_CTRL0_MASK		MASK	0xFFF	4095	5472
D	RTL8367D_REG_SVLAN_C2SCFG25_CTRL1		REGISTER	0x0d4c	3404	5474
D	RTL8367D_SVLAN_C2SCFG25_CTRL1_OFFSET		OFFSET_SHIFT	0	0	5475
D	RTL8367D_SVLAN_C2SCFG25_CTRL1_MASK		MASK	0xFF	255	5476
D	RTL8367D_REG_SVLAN_C2SCFG25_CTRL2		REGISTER	0x0d4d	3405	5478
D	RTL8367D_SVLAN_C2SCFG25_CTRL2_OFFSET		OFFSET_SHIFT	0	0	5479
D	RTL8367D_SVLAN_C2SCFG25_CTRL2_MASK		MASK	0xFFF	4095	5480
D	RTL8367D_REG_SVLAN_C2SCFG26_CTRL0		REGISTER	0x0d4e	3406	5482
D	RTL8367D_SVLAN_C2SCFG26_CTRL0_OFFSET		OFFSET_SHIFT	0	0	5483
D	RTL8367D_SVLAN_C2SCFG26_CTRL0_MASK		MASK	0xFFF	4095	5484
D	RTL8367D_REG_SVLAN_C2SCFG26_CTRL1		REGISTER	0x0d4f	3407	5486
D	RTL8367D_SVLAN_C2SCFG26_CTRL1_OFFSET		OFFSET_SHIFT	0	0	5487
D	RTL8367D_SVLAN_C2SCFG26_CTRL1_MASK		MASK	0xFF	255	5488
D	RTL8367D_REG_SVLAN_C2SCFG26_CTRL2		REGISTER	0x0d50	3408	5490
D	RTL8367D_SVLAN_C2SCFG26_CTRL2_OFFSET		OFFSET_SHIFT	0	0	5491
D	RTL8367D_SVLAN_C2SCFG26_CTRL2_MASK		MASK	0xFFF	4095	5492
D	RTL8367D_REG_SVLAN_C2SCFG27_CTRL0		REGISTER	0x0d51	3409	5494
D	RTL8367D_SVLAN_C2SCFG27_CTRL0_OFFSET		OFFSET_SHIFT	0	0	5495
D	RTL8367D_SVLAN_C2SCFG27_CTRL0_MASK		MASK	0xFFF	4095	5496
D	RTL8367D_REG_SVLAN_C2SCFG27_CTRL1		REGISTER	0x0d52	3410	5498
D	RTL8367D_SVLAN_C2SCFG27_CTRL1_OFFSET		OFFSET_SHIFT	0	0	5499
D	RTL8367D_SVLAN_C2SCFG27_CTRL1_MASK		MASK	0xFF	255	5500
D	RTL8367D_REG_SVLAN_C2SCFG27_CTRL2		REGISTER	0x0d53	3411	5502
D	RTL8367D_SVLAN_C2SCFG27_CTRL2_OFFSET		OFFSET_SHIFT	0	0	5503
D	RTL8367D_SVLAN_C2SCFG27_CTRL2_MASK		MASK	0xFFF	4095	5504
D	RTL8367D_REG_SVLAN_C2SCFG28_CTRL0		REGISTER	0x0d54	3412	5506
D	RTL8367D_SVLAN_C2SCFG28_CTRL0_OFFSET		OFFSET_SHIFT	0	0	5507
D	RTL8367D_SVLAN_C2SCFG28_CTRL0_MASK		MASK	0xFFF	4095	5508
D	RTL8367D_REG_SVLAN_C2SCFG28_CTRL1		REGISTER	0x0d55	3413	5510
D	RTL8367D_SVLAN_C2SCFG28_CTRL1_OFFSET		OFFSET_SHIFT	0	0	5511
D	RTL8367D_SVLAN_C2SCFG28_CTRL1_MASK		MASK	0xFF	255	5512
D	RTL8367D_REG_SVLAN_C2SCFG28_CTRL2		REGISTER	0x0d56	3414	5514
D	RTL8367D_SVLAN_C2SCFG28_CTRL2_OFFSET		OFFSET_SHIFT	0	0	5515
D	RTL8367D_SVLAN_C2SCFG28_CTRL2_MASK		MASK	0xFFF	4095	5516
D	RTL8367D_REG_SVLAN_C2SCFG29_CTRL0		REGISTER	0x0d57	3415	5518
D	RTL8367D_SVLAN_C2SCFG29_CTRL0_OFFSET		OFFSET_SHIFT	0	0	5519
D	RTL8367D_SVLAN_C2SCFG29_CTRL0_MASK		MASK	0xFFF	4095	5520
D	RTL8367D_REG_SVLAN_C2SCFG29_CTRL1		REGISTER	0x0d58	3416	5522
D	RTL8367D_SVLAN_C2SCFG29_CTRL1_OFFSET		OFFSET_SHIFT	0	0	5523
D	RTL8367D_SVLAN_C2SCFG29_CTRL1_MASK		MASK	0xFF	255	5524
D	RTL8367D_REG_SVLAN_C2SCFG29_CTRL2		REGISTER	0x0d59	3417	5526
D	RTL8367D_SVLAN_C2SCFG29_CTRL2_OFFSET		OFFSET_SHIFT	0	0	5527
D	RTL8367D_SVLAN_C2SCFG29_CTRL2_MASK		MASK	0xFFF	4095	5528
D	RTL8367D_REG_SVLAN_C2SCFG30_CTRL0		REGISTER	0x0d5a	3418	5530
D	RTL8367D_SVLAN_C2SCFG30_CTRL0_OFFSET		OFFSET_SHIFT	0	0	5531
D	RTL8367D_SVLAN_C2SCFG30_CTRL0_MASK		MASK	0xFFF	4095	5532
D	RTL8367D_REG_SVLAN_C2SCFG30_CTRL1		REGISTER	0x0d5b	3419	5534
D	RTL8367D_SVLAN_C2SCFG30_CTRL1_OFFSET		OFFSET_SHIFT	0	0	5535
D	RTL8367D_SVLAN_C2SCFG30_CTRL1_MASK		MASK	0xFF	255	5536
D	RTL8367D_REG_SVLAN_C2SCFG30_CTRL2		REGISTER	0x0d5c	3420	5538
D	RTL8367D_SVLAN_C2SCFG30_CTRL2_OFFSET		OFFSET_SHIFT	0	0	5539
D	RTL8367D_SVLAN_C2SCFG30_CTRL2_MASK		MASK	0xFFF	4095	5540
D	RTL8367D_REG_SVLAN_C2SCFG31_CTRL0		REGISTER	0x0d5d	3421	5542
D	RTL8367D_SVLAN_C2SCFG31_CTRL0_OFFSET		OFFSET_SHIFT	0	0	5543
D	RTL8367D_SVLAN_C2SCFG31_CTRL0_MASK		MASK	0xFFF	4095	5544
D	RTL8367D_REG_SVLAN_C2SCFG31_CTRL1		REGISTER	0x0d5e	3422	5546
D	RTL8367D_SVLAN_C2SCFG31_CTRL1_OFFSET		OFFSET_SHIFT	0	0	5547
D	RTL8367D_SVLAN_C2SCFG31_CTRL1_MASK		MASK	0xFF	255	5548
D	RTL8367D_REG_SVLAN_C2SCFG31_CTRL2		REGISTER	0x0d5f	3423	5550
D	RTL8367D_SVLAN_C2SCFG31_CTRL2_OFFSET		OFFSET_SHIFT	0	0	5551
D	RTL8367D_SVLAN_C2SCFG31_CTRL2_MASK		MASK	0xFFF	4095	5552
D	RTL8367D_REG_SVLAN_CFG		REGISTER	0x0e80	3712	5554
D	RTL8367D_VS_UIFSEG_OFFSET		OFFSET_SHIFT	6	6	5555
D	RTL8367D_VS_UIFSEG_MASK		MASK	0x40	64	5556
D	RTL8367D_VS_UNTAG_OFFSET		OFFSET_SHIFT	2	2	5557
D	RTL8367D_VS_UNTAG_MASK		MASK	0xC	12	5558
D	RTL8367D_VS_SPRISEL_OFFSET		OFFSET_SHIFT	0	0	5559
D	RTL8367D_VS_SPRISEL_MASK		MASK	0x3	3	5560
D	RTL8367D_REG_SVLAN_UNTAG_UNMAT_CFG		REGISTER	0x0e85	3717	5562
D	RTL8367D_SVLAN_UNTAG_UNMAT_CFG_OFFSET		OFFSET_SHIFT	0	0	5563
D	RTL8367D_SVLAN_UNTAG_UNMAT_CFG_MASK		MASK	0xFFF	4095	5564
D	RTL8367D_REG_IPMC_GROUP_VALID_15_0		REGISTER	0x0e87	3719	5566
D	RTL8367D_REG_IPMC_GROUP_VALID_31_16		REGISTER	0x0e88	3720	5568
D	RTL8367D_REG_IPMC_GROUP_VALID_47_32		REGISTER	0x0e89	3721	5570
D	RTL8367D_REG_IPMC_GROUP_VALID_63_48		REGISTER	0x0e8a	3722	5572
D	RTL8367D_REG_SVLAN_PORTBASED_SVID_CTRL0		REGISTER	0x0e90	3728	5574
D	RTL8367D_SVLAN_PORTBASED_SVID_CTRL0_OFFSET		OFFSET_SHIFT	0	0	5575
D	RTL8367D_SVLAN_PORTBASED_SVID_CTRL0_MASK		MASK	0xFFF	4095	5576
D	RTL8367D_REG_SVLAN_PORTBASED_SVID_CTRL1		REGISTER	0x0e91	3729	5578
D	RTL8367D_SVLAN_PORTBASED_SVID_CTRL1_OFFSET		OFFSET_SHIFT	0	0	5579
D	RTL8367D_SVLAN_PORTBASED_SVID_CTRL1_MASK		MASK	0xFFF	4095	5580
D	RTL8367D_REG_SVLAN_PORTBASED_SVID_CTRL2		REGISTER	0x0e92	3730	5582
D	RTL8367D_SVLAN_PORTBASED_SVID_CTRL2_OFFSET		OFFSET_SHIFT	0	0	5583
D	RTL8367D_SVLAN_PORTBASED_SVID_CTRL2_MASK		MASK	0xFFF	4095	5584
D	RTL8367D_REG_SVLAN_PORTBASED_SVID_CTRL3		REGISTER	0x0e93	3731	5586
D	RTL8367D_SVLAN_PORTBASED_SVID_CTRL3_OFFSET		OFFSET_SHIFT	0	0	5587
D	RTL8367D_SVLAN_PORTBASED_SVID_CTRL3_MASK		MASK	0xFFF	4095	5588
D	RTL8367D_REG_SVLAN_PORTBASED_SVID_CTRL4		REGISTER	0x0e94	3732	5590
D	RTL8367D_SVLAN_PORTBASED_SVID_CTRL4_OFFSET		OFFSET_SHIFT	0	0	5591
D	RTL8367D_SVLAN_PORTBASED_SVID_CTRL4_MASK		MASK	0xFFF	4095	5592
D	RTL8367D_REG_SVLAN_PORTBASED_SVID_CTRL5		REGISTER	0x0e95	3733	5594
D	RTL8367D_SVLAN_PORTBASED_SVID_CTRL5_OFFSET		OFFSET_SHIFT	0	0	5595
D	RTL8367D_SVLAN_PORTBASED_SVID_CTRL5_MASK		MASK	0xFFF	4095	5596
D	RTL8367D_REG_SVLAN_PORTBASED_SVID_CTRL6		REGISTER	0x0e96	3734	5598
D	RTL8367D_SVLAN_PORTBASED_SVID_CTRL6_OFFSET		OFFSET_SHIFT	0	0	5599
D	RTL8367D_SVLAN_PORTBASED_SVID_CTRL6_MASK		MASK	0xFFF	4095	5600
D	RTL8367D_REG_SVLAN_PORTBASED_SVID_CTRL7		REGISTER	0x0e97	3735	5602
D	RTL8367D_SVLAN_PORTBASED_SVID_CTRL7_OFFSET		OFFSET_SHIFT	0	0	5603
D	RTL8367D_SVLAN_PORTBASED_SVID_CTRL7_MASK		MASK	0xFFF	4095	5604
D	RTL8367D_REG_SVLAN_SP2C_ENTRY0_CTRL0		REGISTER	0x0f00	3840	5608
D	RTL8367D_SVLAN_SP2C_ENTRY0_CTRL0_SVID_OFFSET		OFFSET_SHIFT	3	3	5609
D	RTL8367D_SVLAN_SP2C_ENTRY0_CTRL0_SVID_MASK		MASK	0x7FF8	32760	5610
D	RTL8367D_SVLAN_SP2C_ENTRY0_CTRL0_DST_PORT_OFFSET		OFFSET_SHIFT	0	0	5611
D	RTL8367D_SVLAN_SP2C_ENTRY0_CTRL0_DST_PORT_MASK		MASK	0x7	7	5612
D	RTL8367D_REG_SVLAN_SP2C_ENTRY0_CTRL1		REGISTER	0x0f01	3841	5614
D	RTL8367D_SVLAN_SP2C_ENTRY0_CTRL1_VALID_OFFSET		OFFSET_SHIFT	12	12	5615
D	RTL8367D_SVLAN_SP2C_ENTRY0_CTRL1_VALID_MASK		MASK	0x1000	4096	5616
D	RTL8367D_SVLAN_SP2C_ENTRY0_CTRL1_VID_OFFSET		OFFSET_SHIFT	0	0	5617
D	RTL8367D_SVLAN_SP2C_ENTRY0_CTRL1_VID_MASK		MASK	0xFFF	4095	5618
D	RTL8367D_REG_SVLAN_SP2C_ENTRY1_CTRL0		REGISTER	0x0f02	3842	5620
D	RTL8367D_SVLAN_SP2C_ENTRY1_CTRL0_SVID_OFFSET		OFFSET_SHIFT	3	3	5621
D	RTL8367D_SVLAN_SP2C_ENTRY1_CTRL0_SVID_MASK		MASK	0x7FF8	32760	5622
D	RTL8367D_SVLAN_SP2C_ENTRY1_CTRL0_DST_PORT_OFFSET		OFFSET_SHIFT	0	0	5623
D	RTL8367D_SVLAN_SP2C_ENTRY1_CTRL0_DST_PORT_MASK		MASK	0x7	7	5624
D	RTL8367D_REG_SVLAN_SP2C_ENTRY1_CTRL1		REGISTER	0x0f03	3843	5626
D	RTL8367D_SVLAN_SP2C_ENTRY1_CTRL1_VALID_OFFSET		OFFSET_SHIFT	12	12	5627
D	RTL8367D_SVLAN_SP2C_ENTRY1_CTRL1_VALID_MASK		MASK	0x1000	4096	5628
D	RTL8367D_SVLAN_SP2C_ENTRY1_CTRL1_VID_OFFSET		OFFSET_SHIFT	0	0	5629
D	RTL8367D_SVLAN_SP2C_ENTRY1_CTRL1_VID_MASK		MASK	0xFFF	4095	5630
D	RTL8367D_REG_SVLAN_SP2C_ENTRY2_CTRL0		REGISTER	0x0f04	3844	5632
D	RTL8367D_SVLAN_SP2C_ENTRY2_CTRL0_SVID_OFFSET		OFFSET_SHIFT	3	3	5633
D	RTL8367D_SVLAN_SP2C_ENTRY2_CTRL0_SVID_MASK		MASK	0x7FF8	32760	5634
D	RTL8367D_SVLAN_SP2C_ENTRY2_CTRL0_DST_PORT_OFFSET		OFFSET_SHIFT	0	0	5635
D	RTL8367D_SVLAN_SP2C_ENTRY2_CTRL0_DST_PORT_MASK		MASK	0x7	7	5636
D	RTL8367D_REG_SVLAN_SP2C_ENTRY2_CTRL1		REGISTER	0x0f05	3845	5638
D	RTL8367D_SVLAN_SP2C_ENTRY2_CTRL1_VALID_OFFSET		OFFSET_SHIFT	12	12	5639
D	RTL8367D_SVLAN_SP2C_ENTRY2_CTRL1_VALID_MASK		MASK	0x1000	4096	5640
D	RTL8367D_SVLAN_SP2C_ENTRY2_CTRL1_VID_OFFSET		OFFSET_SHIFT	0	0	5641
D	RTL8367D_SVLAN_SP2C_ENTRY2_CTRL1_VID_MASK		MASK	0xFFF	4095	5642
D	RTL8367D_REG_SVLAN_SP2C_ENTRY3_CTRL0		REGISTER	0x0f06	3846	5644
D	RTL8367D_SVLAN_SP2C_ENTRY3_CTRL0_SVID_OFFSET		OFFSET_SHIFT	3	3	5645
D	RTL8367D_SVLAN_SP2C_ENTRY3_CTRL0_SVID_MASK		MASK	0x7FF8	32760	5646
D	RTL8367D_SVLAN_SP2C_ENTRY3_CTRL0_DST_PORT_OFFSET		OFFSET_SHIFT	0	0	5647
D	RTL8367D_SVLAN_SP2C_ENTRY3_CTRL0_DST_PORT_MASK		MASK	0x7	7	5648
D	RTL8367D_REG_SVLAN_SP2C_ENTRY3_CTRL1		REGISTER	0x0f07	3847	5650
D	RTL8367D_SVLAN_SP2C_ENTRY3_CTRL1_VALID_OFFSET		OFFSET_SHIFT	12	12	5651
D	RTL8367D_SVLAN_SP2C_ENTRY3_CTRL1_VALID_MASK		MASK	0x1000	4096	5652
D	RTL8367D_SVLAN_SP2C_ENTRY3_CTRL1_VID_OFFSET		OFFSET_SHIFT	0	0	5653
D	RTL8367D_SVLAN_SP2C_ENTRY3_CTRL1_VID_MASK		MASK	0xFFF	4095	5654
D	RTL8367D_REG_SVLAN_SP2C_ENTRY4_CTRL0		REGISTER	0x0f08	3848	5656
D	RTL8367D_SVLAN_SP2C_ENTRY4_CTRL0_SVID_OFFSET		OFFSET_SHIFT	3	3	5657
D	RTL8367D_SVLAN_SP2C_ENTRY4_CTRL0_SVID_MASK		MASK	0x7FF8	32760	5658
D	RTL8367D_SVLAN_SP2C_ENTRY4_CTRL0_DST_PORT_OFFSET		OFFSET_SHIFT	0	0	5659
D	RTL8367D_SVLAN_SP2C_ENTRY4_CTRL0_DST_PORT_MASK		MASK	0x7	7	5660
D	RTL8367D_REG_SVLAN_SP2C_ENTRY4_CTRL1		REGISTER	0x0f09	3849	5662
D	RTL8367D_SVLAN_SP2C_ENTRY4_CTRL1_VALID_OFFSET		OFFSET_SHIFT	12	12	5663
D	RTL8367D_SVLAN_SP2C_ENTRY4_CTRL1_VALID_MASK		MASK	0x1000	4096	5664
D	RTL8367D_SVLAN_SP2C_ENTRY4_CTRL1_VID_OFFSET		OFFSET_SHIFT	0	0	5665
D	RTL8367D_SVLAN_SP2C_ENTRY4_CTRL1_VID_MASK		MASK	0xFFF	4095	5666
D	RTL8367D_REG_SVLAN_SP2C_ENTRY5_CTRL0		REGISTER	0x0f0a	3850	5668
D	RTL8367D_SVLAN_SP2C_ENTRY5_CTRL0_SVID_OFFSET		OFFSET_SHIFT	3	3	5669
D	RTL8367D_SVLAN_SP2C_ENTRY5_CTRL0_SVID_MASK		MASK	0x7FF8	32760	5670
D	RTL8367D_SVLAN_SP2C_ENTRY5_CTRL0_DST_PORT_OFFSET		OFFSET_SHIFT	0	0	5671
D	RTL8367D_SVLAN_SP2C_ENTRY5_CTRL0_DST_PORT_MASK		MASK	0x7	7	5672
D	RTL8367D_REG_SVLAN_SP2C_ENTRY5_CTRL1		REGISTER	0x0f0b	3851	5674
D	RTL8367D_SVLAN_SP2C_ENTRY5_CTRL1_VALID_OFFSET		OFFSET_SHIFT	12	12	5675
D	RTL8367D_SVLAN_SP2C_ENTRY5_CTRL1_VALID_MASK		MASK	0x1000	4096	5676
D	RTL8367D_SVLAN_SP2C_ENTRY5_CTRL1_VID_OFFSET		OFFSET_SHIFT	0	0	5677
D	RTL8367D_SVLAN_SP2C_ENTRY5_CTRL1_VID_MASK		MASK	0xFFF	4095	5678
D	RTL8367D_REG_SVLAN_SP2C_ENTRY6_CTRL0		REGISTER	0x0f0c	3852	5680
D	RTL8367D_SVLAN_SP2C_ENTRY6_CTRL0_SVID_OFFSET		OFFSET_SHIFT	3	3	5681
D	RTL8367D_SVLAN_SP2C_ENTRY6_CTRL0_SVID_MASK		MASK	0x7FF8	32760	5682
D	RTL8367D_SVLAN_SP2C_ENTRY6_CTRL0_DST_PORT_OFFSET		OFFSET_SHIFT	0	0	5683
D	RTL8367D_SVLAN_SP2C_ENTRY6_CTRL0_DST_PORT_MASK		MASK	0x7	7	5684
D	RTL8367D_REG_SVLAN_SP2C_ENTRY6_CTRL1		REGISTER	0x0f0d	3853	5686
D	RTL8367D_SVLAN_SP2C_ENTRY6_CTRL1_VALID_OFFSET		OFFSET_SHIFT	12	12	5687
D	RTL8367D_SVLAN_SP2C_ENTRY6_CTRL1_VALID_MASK		MASK	0x1000	4096	5688
D	RTL8367D_SVLAN_SP2C_ENTRY6_CTRL1_VID_OFFSET		OFFSET_SHIFT	0	0	5689
D	RTL8367D_SVLAN_SP2C_ENTRY6_CTRL1_VID_MASK		MASK	0xFFF	4095	5690
D	RTL8367D_REG_SVLAN_SP2C_ENTRY7_CTRL0		REGISTER	0x0f0e	3854	5692
D	RTL8367D_SVLAN_SP2C_ENTRY7_CTRL0_SVID_OFFSET		OFFSET_SHIFT	3	3	5693
D	RTL8367D_SVLAN_SP2C_ENTRY7_CTRL0_SVID_MASK		MASK	0x7FF8	32760	5694
D	RTL8367D_SVLAN_SP2C_ENTRY7_CTRL0_DST_PORT_OFFSET		OFFSET_SHIFT	0	0	5695
D	RTL8367D_SVLAN_SP2C_ENTRY7_CTRL0_DST_PORT_MASK		MASK	0x7	7	5696
D	RTL8367D_REG_SVLAN_SP2C_ENTRY7_CTRL1		REGISTER	0x0f0f	3855	5698
D	RTL8367D_SVLAN_SP2C_ENTRY7_CTRL1_VALID_OFFSET		OFFSET_SHIFT	12	12	5699
D	RTL8367D_SVLAN_SP2C_ENTRY7_CTRL1_VALID_MASK		MASK	0x1000	4096	5700
D	RTL8367D_SVLAN_SP2C_ENTRY7_CTRL1_VID_OFFSET		OFFSET_SHIFT	0	0	5701
D	RTL8367D_SVLAN_SP2C_ENTRY7_CTRL1_VID_MASK		MASK	0xFFF	4095	5702
D	RTL8367D_REG_SVLAN_SP2C_ENTRY8_CTRL0		REGISTER	0x0f10	3856	5704
D	RTL8367D_SVLAN_SP2C_ENTRY8_CTRL0_SVID_OFFSET		OFFSET_SHIFT	3	3	5705
D	RTL8367D_SVLAN_SP2C_ENTRY8_CTRL0_SVID_MASK		MASK	0x7FF8	32760	5706
D	RTL8367D_SVLAN_SP2C_ENTRY8_CTRL0_DST_PORT_OFFSET		OFFSET_SHIFT	0	0	5707
D	RTL8367D_SVLAN_SP2C_ENTRY8_CTRL0_DST_PORT_MASK		MASK	0x7	7	5708
D	RTL8367D_REG_SVLAN_SP2C_ENTRY8_CTRL1		REGISTER	0x0f11	3857	5710
D	RTL8367D_SVLAN_SP2C_ENTRY8_CTRL1_VALID_OFFSET		OFFSET_SHIFT	12	12	5711
D	RTL8367D_SVLAN_SP2C_ENTRY8_CTRL1_VALID_MASK		MASK	0x1000	4096	5712
D	RTL8367D_SVLAN_SP2C_ENTRY8_CTRL1_VID_OFFSET		OFFSET_SHIFT	0	0	5713
D	RTL8367D_SVLAN_SP2C_ENTRY8_CTRL1_VID_MASK		MASK	0xFFF	4095	5714
D	RTL8367D_REG_SVLAN_SP2C_ENTRY9_CTRL0		REGISTER	0x0f12	3858	5716
D	RTL8367D_SVLAN_SP2C_ENTRY9_CTRL0_SVID_OFFSET		OFFSET_SHIFT	3	3	5717
D	RTL8367D_SVLAN_SP2C_ENTRY9_CTRL0_SVID_MASK		MASK	0x7FF8	32760	5718
D	RTL8367D_SVLAN_SP2C_ENTRY9_CTRL0_DST_PORT_OFFSET		OFFSET_SHIFT	0	0	5719
D	RTL8367D_SVLAN_SP2C_ENTRY9_CTRL0_DST_PORT_MASK		MASK	0x7	7	5720
D	RTL8367D_REG_SVLAN_SP2C_ENTRY9_CTRL1		REGISTER	0x0f13	3859	5722
D	RTL8367D_SVLAN_SP2C_ENTRY9_CTRL1_VALID_OFFSET		OFFSET_SHIFT	12	12	5723
D	RTL8367D_SVLAN_SP2C_ENTRY9_CTRL1_VALID_MASK		MASK	0x1000	4096	5724
D	RTL8367D_SVLAN_SP2C_ENTRY9_CTRL1_VID_OFFSET		OFFSET_SHIFT	0	0	5725
D	RTL8367D_SVLAN_SP2C_ENTRY9_CTRL1_VID_MASK		MASK	0xFFF	4095	5726
D	RTL8367D_REG_SVLAN_SP2C_ENTRY10_CTRL0		REGISTER	0x0f14	3860	5728
D	RTL8367D_SVLAN_SP2C_ENTRY10_CTRL0_SVID_OFFSET		OFFSET_SHIFT	3	3	5729
D	RTL8367D_SVLAN_SP2C_ENTRY10_CTRL0_SVID_MASK		MASK	0x7FF8	32760	5730
D	RTL8367D_SVLAN_SP2C_ENTRY10_CTRL0_DST_PORT_OFFSET		OFFSET_SHIFT	0	0	5731
D	RTL8367D_SVLAN_SP2C_ENTRY10_CTRL0_DST_PORT_MASK		MASK	0x7	7	5732
D	RTL8367D_REG_SVLAN_SP2C_ENTRY10_CTRL1		REGISTER	0x0f15	3861	5734
D	RTL8367D_SVLAN_SP2C_ENTRY10_CTRL1_VALID_OFFSET		OFFSET_SHIFT	12	12	5735
D	RTL8367D_SVLAN_SP2C_ENTRY10_CTRL1_VALID_MASK		MASK	0x1000	4096	5736
D	RTL8367D_SVLAN_SP2C_ENTRY10_CTRL1_VID_OFFSET		OFFSET_SHIFT	0	0	5737
D	RTL8367D_SVLAN_SP2C_ENTRY10_CTRL1_VID_MASK		MASK	0xFFF	4095	5738
D	RTL8367D_REG_SVLAN_SP2C_ENTRY11_CTRL0		REGISTER	0x0f16	3862	5740
D	RTL8367D_SVLAN_SP2C_ENTRY11_CTRL0_SVID_OFFSET		OFFSET_SHIFT	3	3	5741
D	RTL8367D_SVLAN_SP2C_ENTRY11_CTRL0_SVID_MASK		MASK	0x7FF8	32760	5742
D	RTL8367D_SVLAN_SP2C_ENTRY11_CTRL0_DST_PORT_OFFSET		OFFSET_SHIFT	0	0	5743
D	RTL8367D_SVLAN_SP2C_ENTRY11_CTRL0_DST_PORT_MASK		MASK	0x7	7	5744
D	RTL8367D_REG_SVLAN_SP2C_ENTRY11_CTRL1		REGISTER	0x0f17	3863	5746
D	RTL8367D_SVLAN_SP2C_ENTRY11_CTRL1_VALID_OFFSET		OFFSET_SHIFT	12	12	5747
D	RTL8367D_SVLAN_SP2C_ENTRY11_CTRL1_VALID_MASK		MASK	0x1000	4096	5748
D	RTL8367D_SVLAN_SP2C_ENTRY11_CTRL1_VID_OFFSET		OFFSET_SHIFT	0	0	5749
D	RTL8367D_SVLAN_SP2C_ENTRY11_CTRL1_VID_MASK		MASK	0xFFF	4095	5750
D	RTL8367D_REG_SVLAN_SP2C_ENTRY12_CTRL0		REGISTER	0x0f18	3864	5752
D	RTL8367D_SVLAN_SP2C_ENTRY12_CTRL0_SVID_OFFSET		OFFSET_SHIFT	3	3	5753
D	RTL8367D_SVLAN_SP2C_ENTRY12_CTRL0_SVID_MASK		MASK	0x7FF8	32760	5754
D	RTL8367D_SVLAN_SP2C_ENTRY12_CTRL0_DST_PORT_OFFSET		OFFSET_SHIFT	0	0	5755
D	RTL8367D_SVLAN_SP2C_ENTRY12_CTRL0_DST_PORT_MASK		MASK	0x7	7	5756
D	RTL8367D_REG_SVLAN_SP2C_ENTRY12_CTRL1		REGISTER	0x0f19	3865	5758
D	RTL8367D_SVLAN_SP2C_ENTRY12_CTRL1_VALID_OFFSET		OFFSET_SHIFT	12	12	5759
D	RTL8367D_SVLAN_SP2C_ENTRY12_CTRL1_VALID_MASK		MASK	0x1000	4096	5760
D	RTL8367D_SVLAN_SP2C_ENTRY12_CTRL1_VID_OFFSET		OFFSET_SHIFT	0	0	5761
D	RTL8367D_SVLAN_SP2C_ENTRY12_CTRL1_VID_MASK		MASK	0xFFF	4095	5762
D	RTL8367D_REG_SVLAN_SP2C_ENTRY13_CTRL0		REGISTER	0x0f1a	3866	5764
D	RTL8367D_SVLAN_SP2C_ENTRY13_CTRL0_SVID_OFFSET		OFFSET_SHIFT	3	3	5765
D	RTL8367D_SVLAN_SP2C_ENTRY13_CTRL0_SVID_MASK		MASK	0x7FF8	32760	5766
D	RTL8367D_SVLAN_SP2C_ENTRY13_CTRL0_DST_PORT_OFFSET		OFFSET_SHIFT	0	0	5767
D	RTL8367D_SVLAN_SP2C_ENTRY13_CTRL0_DST_PORT_MASK		MASK	0x7	7	5768
D	RTL8367D_REG_SVLAN_SP2C_ENTRY13_CTRL1		REGISTER	0x0f1b	3867	5770
D	RTL8367D_SVLAN_SP2C_ENTRY13_CTRL1_VALID_OFFSET		OFFSET_SHIFT	12	12	5771
D	RTL8367D_SVLAN_SP2C_ENTRY13_CTRL1_VALID_MASK		MASK	0x1000	4096	5772
D	RTL8367D_SVLAN_SP2C_ENTRY13_CTRL1_VID_OFFSET		OFFSET_SHIFT	0	0	5773
D	RTL8367D_SVLAN_SP2C_ENTRY13_CTRL1_VID_MASK		MASK	0xFFF	4095	5774
D	RTL8367D_REG_SVLAN_SP2C_ENTRY14_CTRL0		REGISTER	0x0f1c	3868	5776
D	RTL8367D_SVLAN_SP2C_ENTRY14_CTRL0_SVID_OFFSET		OFFSET_SHIFT	3	3	5777
D	RTL8367D_SVLAN_SP2C_ENTRY14_CTRL0_SVID_MASK		MASK	0x7FF8	32760	5778
D	RTL8367D_SVLAN_SP2C_ENTRY14_CTRL0_DST_PORT_OFFSET		OFFSET_SHIFT	0	0	5779
D	RTL8367D_SVLAN_SP2C_ENTRY14_CTRL0_DST_PORT_MASK		MASK	0x7	7	5780
D	RTL8367D_REG_SVLAN_SP2C_ENTRY14_CTRL1		REGISTER	0x0f1d	3869	5782
D	RTL8367D_SVLAN_SP2C_ENTRY14_CTRL1_VALID_OFFSET		OFFSET_SHIFT	12	12	5783
D	RTL8367D_SVLAN_SP2C_ENTRY14_CTRL1_VALID_MASK		MASK	0x1000	4096	5784
D	RTL8367D_SVLAN_SP2C_ENTRY14_CTRL1_VID_OFFSET		OFFSET_SHIFT	0	0	5785
D	RTL8367D_SVLAN_SP2C_ENTRY14_CTRL1_VID_MASK		MASK	0xFFF	4095	5786
D	RTL8367D_REG_SVLAN_SP2C_ENTRY15_CTRL0		REGISTER	0x0f1e	3870	5788
D	RTL8367D_SVLAN_SP2C_ENTRY15_CTRL0_SVID_OFFSET		OFFSET_SHIFT	3	3	5789
D	RTL8367D_SVLAN_SP2C_ENTRY15_CTRL0_SVID_MASK		MASK	0x7FF8	32760	5790
D	RTL8367D_SVLAN_SP2C_ENTRY15_CTRL0_DST_PORT_OFFSET		OFFSET_SHIFT	0	0	5791
D	RTL8367D_SVLAN_SP2C_ENTRY15_CTRL0_DST_PORT_MASK		MASK	0x7	7	5792
D	RTL8367D_REG_SVLAN_SP2C_ENTRY15_CTRL1		REGISTER	0x0f1f	3871	5794
D	RTL8367D_SVLAN_SP2C_ENTRY15_CTRL1_VALID_OFFSET		OFFSET_SHIFT	12	12	5795
D	RTL8367D_SVLAN_SP2C_ENTRY15_CTRL1_VALID_MASK		MASK	0x1000	4096	5796
D	RTL8367D_SVLAN_SP2C_ENTRY15_CTRL1_VID_OFFSET		OFFSET_SHIFT	0	0	5797
D	RTL8367D_SVLAN_SP2C_ENTRY15_CTRL1_VID_MASK		MASK	0xFFF	4095	5798
D	RTL8367D_REG_SVLAN_SP2C_ENTRY16_CTRL0		REGISTER	0x0f20	3872	5800
D	RTL8367D_SVLAN_SP2C_ENTRY16_CTRL0_SVID_OFFSET		OFFSET_SHIFT	3	3	5801
D	RTL8367D_SVLAN_SP2C_ENTRY16_CTRL0_SVID_MASK		MASK	0x7FF8	32760	5802
D	RTL8367D_SVLAN_SP2C_ENTRY16_CTRL0_DST_PORT_OFFSET		OFFSET_SHIFT	0	0	5803
D	RTL8367D_SVLAN_SP2C_ENTRY16_CTRL0_DST_PORT_MASK		MASK	0x7	7	5804
D	RTL8367D_REG_SVLAN_SP2C_ENTRY16_CTRL1		REGISTER	0x0f21	3873	5806
D	RTL8367D_SVLAN_SP2C_ENTRY16_CTRL1_VALID_OFFSET		OFFSET_SHIFT	12	12	5807
D	RTL8367D_SVLAN_SP2C_ENTRY16_CTRL1_VALID_MASK		MASK	0x1000	4096	5808
D	RTL8367D_SVLAN_SP2C_ENTRY16_CTRL1_VID_OFFSET		OFFSET_SHIFT	0	0	5809
D	RTL8367D_SVLAN_SP2C_ENTRY16_CTRL1_VID_MASK		MASK	0xFFF	4095	5810
D	RTL8367D_REG_SVLAN_SP2C_ENTRY17_CTRL0		REGISTER	0x0f22	3874	5812
D	RTL8367D_SVLAN_SP2C_ENTRY17_CTRL0_SVID_OFFSET		OFFSET_SHIFT	3	3	5813
D	RTL8367D_SVLAN_SP2C_ENTRY17_CTRL0_SVID_MASK		MASK	0x7FF8	32760	5814
D	RTL8367D_SVLAN_SP2C_ENTRY17_CTRL0_DST_PORT_OFFSET		OFFSET_SHIFT	0	0	5815
D	RTL8367D_SVLAN_SP2C_ENTRY17_CTRL0_DST_PORT_MASK		MASK	0x7	7	5816
D	RTL8367D_REG_SVLAN_SP2C_ENTRY17_CTRL1		REGISTER	0x0f23	3875	5818
D	RTL8367D_SVLAN_SP2C_ENTRY17_CTRL1_VALID_OFFSET		OFFSET_SHIFT	12	12	5819
D	RTL8367D_SVLAN_SP2C_ENTRY17_CTRL1_VALID_MASK		MASK	0x1000	4096	5820
D	RTL8367D_SVLAN_SP2C_ENTRY17_CTRL1_VID_OFFSET		OFFSET_SHIFT	0	0	5821
D	RTL8367D_SVLAN_SP2C_ENTRY17_CTRL1_VID_MASK		MASK	0xFFF	4095	5822
D	RTL8367D_REG_SVLAN_SP2C_ENTRY18_CTRL0		REGISTER	0x0f24	3876	5824
D	RTL8367D_SVLAN_SP2C_ENTRY18_CTRL0_SVID_OFFSET		OFFSET_SHIFT	3	3	5825
D	RTL8367D_SVLAN_SP2C_ENTRY18_CTRL0_SVID_MASK		MASK	0x7FF8	32760	5826
D	RTL8367D_SVLAN_SP2C_ENTRY18_CTRL0_DST_PORT_OFFSET		OFFSET_SHIFT	0	0	5827
D	RTL8367D_SVLAN_SP2C_ENTRY18_CTRL0_DST_PORT_MASK		MASK	0x7	7	5828
D	RTL8367D_REG_SVLAN_SP2C_ENTRY18_CTRL1		REGISTER	0x0f25	3877	5830
D	RTL8367D_SVLAN_SP2C_ENTRY18_CTRL1_VALID_OFFSET		OFFSET_SHIFT	12	12	5831
D	RTL8367D_SVLAN_SP2C_ENTRY18_CTRL1_VALID_MASK		MASK	0x1000	4096	5832
D	RTL8367D_SVLAN_SP2C_ENTRY18_CTRL1_VID_OFFSET		OFFSET_SHIFT	0	0	5833
D	RTL8367D_SVLAN_SP2C_ENTRY18_CTRL1_VID_MASK		MASK	0xFFF	4095	5834
D	RTL8367D_REG_SVLAN_SP2C_ENTRY19_CTRL0		REGISTER	0x0f26	3878	5836
D	RTL8367D_SVLAN_SP2C_ENTRY19_CTRL0_SVID_OFFSET		OFFSET_SHIFT	3	3	5837
D	RTL8367D_SVLAN_SP2C_ENTRY19_CTRL0_SVID_MASK		MASK	0x7FF8	32760	5838
D	RTL8367D_SVLAN_SP2C_ENTRY19_CTRL0_DST_PORT_OFFSET		OFFSET_SHIFT	0	0	5839
D	RTL8367D_SVLAN_SP2C_ENTRY19_CTRL0_DST_PORT_MASK		MASK	0x7	7	5840
D	RTL8367D_REG_SVLAN_SP2C_ENTRY19_CTRL1		REGISTER	0x0f27	3879	5842
D	RTL8367D_SVLAN_SP2C_ENTRY19_CTRL1_VALID_OFFSET		OFFSET_SHIFT	12	12	5843
D	RTL8367D_SVLAN_SP2C_ENTRY19_CTRL1_VALID_MASK		MASK	0x1000	4096	5844
D	RTL8367D_SVLAN_SP2C_ENTRY19_CTRL1_VID_OFFSET		OFFSET_SHIFT	0	0	5845
D	RTL8367D_SVLAN_SP2C_ENTRY19_CTRL1_VID_MASK		MASK	0xFFF	4095	5846
D	RTL8367D_REG_SVLAN_SP2C_ENTRY20_CTRL0		REGISTER	0x0f28	3880	5848
D	RTL8367D_SVLAN_SP2C_ENTRY20_CTRL0_SVID_OFFSET		OFFSET_SHIFT	3	3	5849
D	RTL8367D_SVLAN_SP2C_ENTRY20_CTRL0_SVID_MASK		MASK	0x7FF8	32760	5850
D	RTL8367D_SVLAN_SP2C_ENTRY20_CTRL0_DST_PORT_OFFSET		OFFSET_SHIFT	0	0	5851
D	RTL8367D_SVLAN_SP2C_ENTRY20_CTRL0_DST_PORT_MASK		MASK	0x7	7	5852
D	RTL8367D_REG_SVLAN_SP2C_ENTRY20_CTRL1		REGISTER	0x0f29	3881	5854
D	RTL8367D_SVLAN_SP2C_ENTRY20_CTRL1_VALID_OFFSET		OFFSET_SHIFT	12	12	5855
D	RTL8367D_SVLAN_SP2C_ENTRY20_CTRL1_VALID_MASK		MASK	0x1000	4096	5856
D	RTL8367D_SVLAN_SP2C_ENTRY20_CTRL1_VID_OFFSET		OFFSET_SHIFT	0	0	5857
D	RTL8367D_SVLAN_SP2C_ENTRY20_CTRL1_VID_MASK		MASK	0xFFF	4095	5858
D	RTL8367D_REG_SVLAN_SP2C_ENTRY21_CTRL0		REGISTER	0x0f2a	3882	5860
D	RTL8367D_SVLAN_SP2C_ENTRY21_CTRL0_SVID_OFFSET		OFFSET_SHIFT	3	3	5861
D	RTL8367D_SVLAN_SP2C_ENTRY21_CTRL0_SVID_MASK		MASK	0x7FF8	32760	5862
D	RTL8367D_SVLAN_SP2C_ENTRY21_CTRL0_DST_PORT_OFFSET		OFFSET_SHIFT	0	0	5863
D	RTL8367D_SVLAN_SP2C_ENTRY21_CTRL0_DST_PORT_MASK		MASK	0x7	7	5864
D	RTL8367D_REG_SVLAN_SP2C_ENTRY21_CTRL1		REGISTER	0x0f2b	3883	5866
D	RTL8367D_SVLAN_SP2C_ENTRY21_CTRL1_VALID_OFFSET		OFFSET_SHIFT	12	12	5867
D	RTL8367D_SVLAN_SP2C_ENTRY21_CTRL1_VALID_MASK		MASK	0x1000	4096	5868
D	RTL8367D_SVLAN_SP2C_ENTRY21_CTRL1_VID_OFFSET		OFFSET_SHIFT	0	0	5869
D	RTL8367D_SVLAN_SP2C_ENTRY21_CTRL1_VID_MASK		MASK	0xFFF	4095	5870
D	RTL8367D_REG_SVLAN_SP2C_ENTRY22_CTRL0		REGISTER	0x0f2c	3884	5872
D	RTL8367D_SVLAN_SP2C_ENTRY22_CTRL0_SVID_OFFSET		OFFSET_SHIFT	3	3	5873
D	RTL8367D_SVLAN_SP2C_ENTRY22_CTRL0_SVID_MASK		MASK	0x7FF8	32760	5874
D	RTL8367D_SVLAN_SP2C_ENTRY22_CTRL0_DST_PORT_OFFSET		OFFSET_SHIFT	0	0	5875
D	RTL8367D_SVLAN_SP2C_ENTRY22_CTRL0_DST_PORT_MASK		MASK	0x7	7	5876
D	RTL8367D_REG_SVLAN_SP2C_ENTRY22_CTRL1		REGISTER	0x0f2d	3885	5878
D	RTL8367D_SVLAN_SP2C_ENTRY22_CTRL1_VALID_OFFSET		OFFSET_SHIFT	12	12	5879
D	RTL8367D_SVLAN_SP2C_ENTRY22_CTRL1_VALID_MASK		MASK	0x1000	4096	5880
D	RTL8367D_SVLAN_SP2C_ENTRY22_CTRL1_VID_OFFSET		OFFSET_SHIFT	0	0	5881
D	RTL8367D_SVLAN_SP2C_ENTRY22_CTRL1_VID_MASK		MASK	0xFFF	4095	5882
D	RTL8367D_REG_SVLAN_SP2C_ENTRY23_CTRL0		REGISTER	0x0f2e	3886	5884
D	RTL8367D_SVLAN_SP2C_ENTRY23_CTRL0_SVID_OFFSET		OFFSET_SHIFT	3	3	5885
D	RTL8367D_SVLAN_SP2C_ENTRY23_CTRL0_SVID_MASK		MASK	0x7FF8	32760	5886
D	RTL8367D_SVLAN_SP2C_ENTRY23_CTRL0_DST_PORT_OFFSET		OFFSET_SHIFT	0	0	5887
D	RTL8367D_SVLAN_SP2C_ENTRY23_CTRL0_DST_PORT_MASK		MASK	0x7	7	5888
D	RTL8367D_REG_SVLAN_SP2C_ENTRY23_CTRL1		REGISTER	0x0f2f	3887	5890
D	RTL8367D_SVLAN_SP2C_ENTRY23_CTRL1_VALID_OFFSET		OFFSET_SHIFT	12	12	5891
D	RTL8367D_SVLAN_SP2C_ENTRY23_CTRL1_VALID_MASK		MASK	0x1000	4096	5892
D	RTL8367D_SVLAN_SP2C_ENTRY23_CTRL1_VID_OFFSET		OFFSET_SHIFT	0	0	5893
D	RTL8367D_SVLAN_SP2C_ENTRY23_CTRL1_VID_MASK		MASK	0xFFF	4095	5894
D	RTL8367D_REG_SVLAN_SP2C_ENTRY24_CTRL0		REGISTER	0x0f30	3888	5896
D	RTL8367D_SVLAN_SP2C_ENTRY24_CTRL0_SVID_OFFSET		OFFSET_SHIFT	3	3	5897
D	RTL8367D_SVLAN_SP2C_ENTRY24_CTRL0_SVID_MASK		MASK	0x7FF8	32760	5898
D	RTL8367D_SVLAN_SP2C_ENTRY24_CTRL0_DST_PORT_OFFSET		OFFSET_SHIFT	0	0	5899
D	RTL8367D_SVLAN_SP2C_ENTRY24_CTRL0_DST_PORT_MASK		MASK	0x7	7	5900
D	RTL8367D_REG_SVLAN_SP2C_ENTRY24_CTRL1		REGISTER	0x0f31	3889	5902
D	RTL8367D_SVLAN_SP2C_ENTRY24_CTRL1_VALID_OFFSET		OFFSET_SHIFT	12	12	5903
D	RTL8367D_SVLAN_SP2C_ENTRY24_CTRL1_VALID_MASK		MASK	0x1000	4096	5904
D	RTL8367D_SVLAN_SP2C_ENTRY24_CTRL1_VID_OFFSET		OFFSET_SHIFT	0	0	5905
D	RTL8367D_SVLAN_SP2C_ENTRY24_CTRL1_VID_MASK		MASK	0xFFF	4095	5906
D	RTL8367D_REG_SVLAN_SP2C_ENTRY25_CTRL0		REGISTER	0x0f32	3890	5908
D	RTL8367D_SVLAN_SP2C_ENTRY25_CTRL0_SVID_OFFSET		OFFSET_SHIFT	3	3	5909
D	RTL8367D_SVLAN_SP2C_ENTRY25_CTRL0_SVID_MASK		MASK	0x7FF8	32760	5910
D	RTL8367D_SVLAN_SP2C_ENTRY25_CTRL0_DST_PORT_OFFSET		OFFSET_SHIFT	0	0	5911
D	RTL8367D_SVLAN_SP2C_ENTRY25_CTRL0_DST_PORT_MASK		MASK	0x7	7	5912
D	RTL8367D_REG_SVLAN_SP2C_ENTRY25_CTRL1		REGISTER	0x0f33	3891	5914
D	RTL8367D_SVLAN_SP2C_ENTRY25_CTRL1_VALID_OFFSET		OFFSET_SHIFT	12	12	5915
D	RTL8367D_SVLAN_SP2C_ENTRY25_CTRL1_VALID_MASK		MASK	0x1000	4096	5916
D	RTL8367D_SVLAN_SP2C_ENTRY25_CTRL1_VID_OFFSET		OFFSET_SHIFT	0	0	5917
D	RTL8367D_SVLAN_SP2C_ENTRY25_CTRL1_VID_MASK		MASK	0xFFF	4095	5918
D	RTL8367D_REG_SVLAN_SP2C_ENTRY26_CTRL0		REGISTER	0x0f34	3892	5920
D	RTL8367D_SVLAN_SP2C_ENTRY26_CTRL0_SVID_OFFSET		OFFSET_SHIFT	3	3	5921
D	RTL8367D_SVLAN_SP2C_ENTRY26_CTRL0_SVID_MASK		MASK	0x7FF8	32760	5922
D	RTL8367D_SVLAN_SP2C_ENTRY26_CTRL0_DST_PORT_OFFSET		OFFSET_SHIFT	0	0	5923
D	RTL8367D_SVLAN_SP2C_ENTRY26_CTRL0_DST_PORT_MASK		MASK	0x7	7	5924
D	RTL8367D_REG_SVLAN_SP2C_ENTRY26_CTRL1		REGISTER	0x0f35	3893	5926
D	RTL8367D_SVLAN_SP2C_ENTRY26_CTRL1_VALID_OFFSET		OFFSET_SHIFT	12	12	5927
D	RTL8367D_SVLAN_SP2C_ENTRY26_CTRL1_VALID_MASK		MASK	0x1000	4096	5928
D	RTL8367D_SVLAN_SP2C_ENTRY26_CTRL1_VID_OFFSET		OFFSET_SHIFT	0	0	5929
D	RTL8367D_SVLAN_SP2C_ENTRY26_CTRL1_VID_MASK		MASK	0xFFF	4095	5930
D	RTL8367D_REG_SVLAN_SP2C_ENTRY27_CTRL0		REGISTER	0x0f36	3894	5932
D	RTL8367D_SVLAN_SP2C_ENTRY27_CTRL0_SVID_OFFSET		OFFSET_SHIFT	3	3	5933
D	RTL8367D_SVLAN_SP2C_ENTRY27_CTRL0_SVID_MASK		MASK	0x7FF8	32760	5934
D	RTL8367D_SVLAN_SP2C_ENTRY27_CTRL0_DST_PORT_OFFSET		OFFSET_SHIFT	0	0	5935
D	RTL8367D_SVLAN_SP2C_ENTRY27_CTRL0_DST_PORT_MASK		MASK	0x7	7	5936
D	RTL8367D_REG_SVLAN_SP2C_ENTRY27_CTRL1		REGISTER	0x0f37	3895	5938
D	RTL8367D_SVLAN_SP2C_ENTRY27_CTRL1_VALID_OFFSET		OFFSET_SHIFT	12	12	5939
D	RTL8367D_SVLAN_SP2C_ENTRY27_CTRL1_VALID_MASK		MASK	0x1000	4096	5940
D	RTL8367D_SVLAN_SP2C_ENTRY27_CTRL1_VID_OFFSET		OFFSET_SHIFT	0	0	5941
D	RTL8367D_SVLAN_SP2C_ENTRY27_CTRL1_VID_MASK		MASK	0xFFF	4095	5942
D	RTL8367D_REG_SVLAN_SP2C_ENTRY28_CTRL0		REGISTER	0x0f38	3896	5944
D	RTL8367D_SVLAN_SP2C_ENTRY28_CTRL0_SVID_OFFSET		OFFSET_SHIFT	3	3	5945
D	RTL8367D_SVLAN_SP2C_ENTRY28_CTRL0_SVID_MASK		MASK	0x7FF8	32760	5946
D	RTL8367D_SVLAN_SP2C_ENTRY28_CTRL0_DST_PORT_OFFSET		OFFSET_SHIFT	0	0	5947
D	RTL8367D_SVLAN_SP2C_ENTRY28_CTRL0_DST_PORT_MASK		MASK	0x7	7	5948
D	RTL8367D_REG_SVLAN_SP2C_ENTRY28_CTRL1		REGISTER	0x0f39	3897	5950
D	RTL8367D_SVLAN_SP2C_ENTRY28_CTRL1_VALID_OFFSET		OFFSET_SHIFT	12	12	5951
D	RTL8367D_SVLAN_SP2C_ENTRY28_CTRL1_VALID_MASK		MASK	0x1000	4096	5952
D	RTL8367D_SVLAN_SP2C_ENTRY28_CTRL1_VID_OFFSET		OFFSET_SHIFT	0	0	5953
D	RTL8367D_SVLAN_SP2C_ENTRY28_CTRL1_VID_MASK		MASK	0xFFF	4095	5954
D	RTL8367D_REG_SVLAN_SP2C_ENTRY29_CTRL0		REGISTER	0x0f3a	3898	5956
D	RTL8367D_SVLAN_SP2C_ENTRY29_CTRL0_SVID_OFFSET		OFFSET_SHIFT	3	3	5957
D	RTL8367D_SVLAN_SP2C_ENTRY29_CTRL0_SVID_MASK		MASK	0x7FF8	32760	5958
D	RTL8367D_SVLAN_SP2C_ENTRY29_CTRL0_DST_PORT_OFFSET		OFFSET_SHIFT	0	0	5959
D	RTL8367D_SVLAN_SP2C_ENTRY29_CTRL0_DST_PORT_MASK		MASK	0x7	7	5960
D	RTL8367D_REG_SVLAN_SP2C_ENTRY29_CTRL1		REGISTER	0x0f3b	3899	5962
D	RTL8367D_SVLAN_SP2C_ENTRY29_CTRL1_VALID_OFFSET		OFFSET_SHIFT	12	12	5963
D	RTL8367D_SVLAN_SP2C_ENTRY29_CTRL1_VALID_MASK		MASK	0x1000	4096	5964
D	RTL8367D_SVLAN_SP2C_ENTRY29_CTRL1_VID_OFFSET		OFFSET_SHIFT	0	0	5965
D	RTL8367D_SVLAN_SP2C_ENTRY29_CTRL1_VID_MASK		MASK	0xFFF	4095	5966
D	RTL8367D_REG_SVLAN_SP2C_ENTRY30_CTRL0		REGISTER	0x0f3c	3900	5968
D	RTL8367D_SVLAN_SP2C_ENTRY30_CTRL0_SVID_OFFSET		OFFSET_SHIFT	3	3	5969
D	RTL8367D_SVLAN_SP2C_ENTRY30_CTRL0_SVID_MASK		MASK	0x7FF8	32760	5970
D	RTL8367D_SVLAN_SP2C_ENTRY30_CTRL0_DST_PORT_OFFSET		OFFSET_SHIFT	0	0	5971
D	RTL8367D_SVLAN_SP2C_ENTRY30_CTRL0_DST_PORT_MASK		MASK	0x7	7	5972
D	RTL8367D_REG_SVLAN_SP2C_ENTRY30_CTRL1		REGISTER	0x0f3d	3901	5974
D	RTL8367D_SVLAN_SP2C_ENTRY30_CTRL1_VALID_OFFSET		OFFSET_SHIFT	12	12	5975
D	RTL8367D_SVLAN_SP2C_ENTRY30_CTRL1_VALID_MASK		MASK	0x1000	4096	5976
D	RTL8367D_SVLAN_SP2C_ENTRY30_CTRL1_VID_OFFSET		OFFSET_SHIFT	0	0	5977
D	RTL8367D_SVLAN_SP2C_ENTRY30_CTRL1_VID_MASK		MASK	0xFFF	4095	5978
D	RTL8367D_REG_SVLAN_SP2C_ENTRY31_CTRL0		REGISTER	0x0f3e	3902	5980
D	RTL8367D_SVLAN_SP2C_ENTRY31_CTRL0_SVID_OFFSET		OFFSET_SHIFT	3	3	5981
D	RTL8367D_SVLAN_SP2C_ENTRY31_CTRL0_SVID_MASK		MASK	0x7FF8	32760	5982
D	RTL8367D_SVLAN_SP2C_ENTRY31_CTRL0_DST_PORT_OFFSET		OFFSET_SHIFT	0	0	5983
D	RTL8367D_SVLAN_SP2C_ENTRY31_CTRL0_DST_PORT_MASK		MASK	0x7	7	5984
D	RTL8367D_REG_SVLAN_SP2C_ENTRY31_CTRL1		REGISTER	0x0f3f	3903	5986
D	RTL8367D_SVLAN_SP2C_ENTRY31_CTRL1_VALID_OFFSET		OFFSET_SHIFT	12	12	5987
D	RTL8367D_SVLAN_SP2C_ENTRY31_CTRL1_VALID_MASK		MASK	0x1000	4096	5988
D	RTL8367D_SVLAN_SP2C_ENTRY31_CTRL1_VID_OFFSET		OFFSET_SHIFT	0	0	5989
D	RTL8367D_SVLAN_SP2C_ENTRY31_CTRL1_VID_MASK		MASK	0xFFF	4095	5990
D	RTL8367D_REG_SVLAN_SP2C_ENTRY32_CTRL0		REGISTER	0x0f40	3904	5992
D	RTL8367D_SVLAN_SP2C_ENTRY32_CTRL0_SVID_OFFSET		OFFSET_SHIFT	3	3	5993
D	RTL8367D_SVLAN_SP2C_ENTRY32_CTRL0_SVID_MASK		MASK	0x7FF8	32760	5994
D	RTL8367D_SVLAN_SP2C_ENTRY32_CTRL0_DST_PORT_OFFSET		OFFSET_SHIFT	0	0	5995
D	RTL8367D_SVLAN_SP2C_ENTRY32_CTRL0_DST_PORT_MASK		MASK	0x7	7	5996
D	RTL8367D_REG_SVLAN_SP2C_ENTRY32_CTRL1		REGISTER	0x0f41	3905	5998
D	RTL8367D_SVLAN_SP2C_ENTRY32_CTRL1_VALID_OFFSET		OFFSET_SHIFT	12	12	5999
D	RTL8367D_SVLAN_SP2C_ENTRY32_CTRL1_VALID_MASK		MASK	0x1000	4096	6000
D	RTL8367D_SVLAN_SP2C_ENTRY32_CTRL1_VID_OFFSET		OFFSET_SHIFT	0	0	6001
D	RTL8367D_SVLAN_SP2C_ENTRY32_CTRL1_VID_MASK		MASK	0xFFF	4095	6002
D	RTL8367D_REG_SVLAN_SP2C_ENTRY33_CTRL0		REGISTER	0x0f42	3906	6004
D	RTL8367D_SVLAN_SP2C_ENTRY33_CTRL0_SVID_OFFSET		OFFSET_SHIFT	3	3	6005
D	RTL8367D_SVLAN_SP2C_ENTRY33_CTRL0_SVID_MASK		MASK	0x7FF8	32760	6006
D	RTL8367D_SVLAN_SP2C_ENTRY33_CTRL0_DST_PORT_OFFSET		OFFSET_SHIFT	0	0	6007
D	RTL8367D_SVLAN_SP2C_ENTRY33_CTRL0_DST_PORT_MASK		MASK	0x7	7	6008
D	RTL8367D_REG_SVLAN_SP2C_ENTRY33_CTRL1		REGISTER	0x0f43	3907	6010
D	RTL8367D_SVLAN_SP2C_ENTRY33_CTRL1_VALID_OFFSET		OFFSET_SHIFT	12	12	6011
D	RTL8367D_SVLAN_SP2C_ENTRY33_CTRL1_VALID_MASK		MASK	0x1000	4096	6012
D	RTL8367D_SVLAN_SP2C_ENTRY33_CTRL1_VID_OFFSET		OFFSET_SHIFT	0	0	6013
D	RTL8367D_SVLAN_SP2C_ENTRY33_CTRL1_VID_MASK		MASK	0xFFF	4095	6014
D	RTL8367D_REG_SVLAN_SP2C_ENTRY34_CTRL0		REGISTER	0x0f44	3908	6016
D	RTL8367D_SVLAN_SP2C_ENTRY34_CTRL0_SVID_OFFSET		OFFSET_SHIFT	3	3	6017
D	RTL8367D_SVLAN_SP2C_ENTRY34_CTRL0_SVID_MASK		MASK	0x7FF8	32760	6018
D	RTL8367D_SVLAN_SP2C_ENTRY34_CTRL0_DST_PORT_OFFSET		OFFSET_SHIFT	0	0	6019
D	RTL8367D_SVLAN_SP2C_ENTRY34_CTRL0_DST_PORT_MASK		MASK	0x7	7	6020
D	RTL8367D_REG_SVLAN_SP2C_ENTRY34_CTRL1		REGISTER	0x0f45	3909	6022
D	RTL8367D_SVLAN_SP2C_ENTRY34_CTRL1_VALID_OFFSET		OFFSET_SHIFT	12	12	6023
D	RTL8367D_SVLAN_SP2C_ENTRY34_CTRL1_VALID_MASK		MASK	0x1000	4096	6024
D	RTL8367D_SVLAN_SP2C_ENTRY34_CTRL1_VID_OFFSET		OFFSET_SHIFT	0	0	6025
D	RTL8367D_SVLAN_SP2C_ENTRY34_CTRL1_VID_MASK		MASK	0xFFF	4095	6026
D	RTL8367D_REG_SVLAN_SP2C_ENTRY35_CTRL0		REGISTER	0x0f46	3910	6028
D	RTL8367D_SVLAN_SP2C_ENTRY35_CTRL0_SVID_OFFSET		OFFSET_SHIFT	3	3	6029
D	RTL8367D_SVLAN_SP2C_ENTRY35_CTRL0_SVID_MASK		MASK	0x7FF8	32760	6030
D	RTL8367D_SVLAN_SP2C_ENTRY35_CTRL0_DST_PORT_OFFSET		OFFSET_SHIFT	0	0	6031
D	RTL8367D_SVLAN_SP2C_ENTRY35_CTRL0_DST_PORT_MASK		MASK	0x7	7	6032
D	RTL8367D_REG_SVLAN_SP2C_ENTRY35_CTRL1		REGISTER	0x0f47	3911	6034
D	RTL8367D_SVLAN_SP2C_ENTRY35_CTRL1_VALID_OFFSET		OFFSET_SHIFT	12	12	6035
D	RTL8367D_SVLAN_SP2C_ENTRY35_CTRL1_VALID_MASK		MASK	0x1000	4096	6036
D	RTL8367D_SVLAN_SP2C_ENTRY35_CTRL1_VID_OFFSET		OFFSET_SHIFT	0	0	6037
D	RTL8367D_SVLAN_SP2C_ENTRY35_CTRL1_VID_MASK		MASK	0xFFF	4095	6038
D	RTL8367D_REG_SVLAN_SP2C_ENTRY36_CTRL0		REGISTER	0x0f48	3912	6040
D	RTL8367D_SVLAN_SP2C_ENTRY36_CTRL0_SVID_OFFSET		OFFSET_SHIFT	3	3	6041
D	RTL8367D_SVLAN_SP2C_ENTRY36_CTRL0_SVID_MASK		MASK	0x7FF8	32760	6042
D	RTL8367D_SVLAN_SP2C_ENTRY36_CTRL0_DST_PORT_OFFSET		OFFSET_SHIFT	0	0	6043
D	RTL8367D_SVLAN_SP2C_ENTRY36_CTRL0_DST_PORT_MASK		MASK	0x7	7	6044
D	RTL8367D_REG_SVLAN_SP2C_ENTRY36_CTRL1		REGISTER	0x0f49	3913	6046
D	RTL8367D_SVLAN_SP2C_ENTRY36_CTRL1_VALID_OFFSET		OFFSET_SHIFT	12	12	6047
D	RTL8367D_SVLAN_SP2C_ENTRY36_CTRL1_VALID_MASK		MASK	0x1000	4096	6048
D	RTL8367D_SVLAN_SP2C_ENTRY36_CTRL1_VID_OFFSET		OFFSET_SHIFT	0	0	6049
D	RTL8367D_SVLAN_SP2C_ENTRY36_CTRL1_VID_MASK		MASK	0xFFF	4095	6050
D	RTL8367D_REG_SVLAN_SP2C_ENTRY37_CTRL0		REGISTER	0x0f4a	3914	6052
D	RTL8367D_SVLAN_SP2C_ENTRY37_CTRL0_SVID_OFFSET		OFFSET_SHIFT	3	3	6053
D	RTL8367D_SVLAN_SP2C_ENTRY37_CTRL0_SVID_MASK		MASK	0x7FF8	32760	6054
D	RTL8367D_SVLAN_SP2C_ENTRY37_CTRL0_DST_PORT_OFFSET		OFFSET_SHIFT	0	0	6055
D	RTL8367D_SVLAN_SP2C_ENTRY37_CTRL0_DST_PORT_MASK		MASK	0x7	7	6056
D	RTL8367D_REG_SVLAN_SP2C_ENTRY37_CTRL1		REGISTER	0x0f4b	3915	6058
D	RTL8367D_SVLAN_SP2C_ENTRY37_CTRL1_VALID_OFFSET		OFFSET_SHIFT	12	12	6059
D	RTL8367D_SVLAN_SP2C_ENTRY37_CTRL1_VALID_MASK		MASK	0x1000	4096	6060
D	RTL8367D_SVLAN_SP2C_ENTRY37_CTRL1_VID_OFFSET		OFFSET_SHIFT	0	0	6061
D	RTL8367D_SVLAN_SP2C_ENTRY37_CTRL1_VID_MASK		MASK	0xFFF	4095	6062
D	RTL8367D_REG_SVLAN_SP2C_ENTRY38_CTRL0		REGISTER	0x0f4c	3916	6064
D	RTL8367D_SVLAN_SP2C_ENTRY38_CTRL0_SVID_OFFSET		OFFSET_SHIFT	3	3	6065
D	RTL8367D_SVLAN_SP2C_ENTRY38_CTRL0_SVID_MASK		MASK	0x7FF8	32760	6066
D	RTL8367D_SVLAN_SP2C_ENTRY38_CTRL0_DST_PORT_OFFSET		OFFSET_SHIFT	0	0	6067
D	RTL8367D_SVLAN_SP2C_ENTRY38_CTRL0_DST_PORT_MASK		MASK	0x7	7	6068
D	RTL8367D_REG_SVLAN_SP2C_ENTRY38_CTRL1		REGISTER	0x0f4d	3917	6070
D	RTL8367D_SVLAN_SP2C_ENTRY38_CTRL1_VALID_OFFSET		OFFSET_SHIFT	12	12	6071
D	RTL8367D_SVLAN_SP2C_ENTRY38_CTRL1_VALID_MASK		MASK	0x1000	4096	6072
D	RTL8367D_SVLAN_SP2C_ENTRY38_CTRL1_VID_OFFSET		OFFSET_SHIFT	0	0	6073
D	RTL8367D_SVLAN_SP2C_ENTRY38_CTRL1_VID_MASK		MASK	0xFFF	4095	6074
D	RTL8367D_REG_SVLAN_SP2C_ENTRY39_CTRL0		REGISTER	0x0f4e	3918	6076
D	RTL8367D_SVLAN_SP2C_ENTRY39_CTRL0_SVID_OFFSET		OFFSET_SHIFT	3	3	6077
D	RTL8367D_SVLAN_SP2C_ENTRY39_CTRL0_SVID_MASK		MASK	0x7FF8	32760	6078
D	RTL8367D_SVLAN_SP2C_ENTRY39_CTRL0_DST_PORT_OFFSET		OFFSET_SHIFT	0	0	6079
D	RTL8367D_SVLAN_SP2C_ENTRY39_CTRL0_DST_PORT_MASK		MASK	0x7	7	6080
D	RTL8367D_REG_SVLAN_SP2C_ENTRY39_CTRL1		REGISTER	0x0f4f	3919	6082
D	RTL8367D_SVLAN_SP2C_ENTRY39_CTRL1_VALID_OFFSET		OFFSET_SHIFT	12	12	6083
D	RTL8367D_SVLAN_SP2C_ENTRY39_CTRL1_VALID_MASK		MASK	0x1000	4096	6084
D	RTL8367D_SVLAN_SP2C_ENTRY39_CTRL1_VID_OFFSET		OFFSET_SHIFT	0	0	6085
D	RTL8367D_SVLAN_SP2C_ENTRY39_CTRL1_VID_MASK		MASK	0xFFF	4095	6086
D	RTL8367D_REG_SVLAN_SP2C_ENTRY40_CTRL0		REGISTER	0x0f50	3920	6088
D	RTL8367D_SVLAN_SP2C_ENTRY40_CTRL0_SVID_OFFSET		OFFSET_SHIFT	3	3	6089
D	RTL8367D_SVLAN_SP2C_ENTRY40_CTRL0_SVID_MASK		MASK	0x7FF8	32760	6090
D	RTL8367D_SVLAN_SP2C_ENTRY40_CTRL0_DST_PORT_OFFSET		OFFSET_SHIFT	0	0	6091
D	RTL8367D_SVLAN_SP2C_ENTRY40_CTRL0_DST_PORT_MASK		MASK	0x7	7	6092
D	RTL8367D_REG_SVLAN_SP2C_ENTRY40_CTRL1		REGISTER	0x0f51	3921	6094
D	RTL8367D_SVLAN_SP2C_ENTRY40_CTRL1_VALID_OFFSET		OFFSET_SHIFT	12	12	6095
D	RTL8367D_SVLAN_SP2C_ENTRY40_CTRL1_VALID_MASK		MASK	0x1000	4096	6096
D	RTL8367D_SVLAN_SP2C_ENTRY40_CTRL1_VID_OFFSET		OFFSET_SHIFT	0	0	6097
D	RTL8367D_SVLAN_SP2C_ENTRY40_CTRL1_VID_MASK		MASK	0xFFF	4095	6098
D	RTL8367D_REG_SVLAN_SP2C_ENTRY41_CTRL0		REGISTER	0x0f52	3922	6100
D	RTL8367D_SVLAN_SP2C_ENTRY41_CTRL0_SVID_OFFSET		OFFSET_SHIFT	3	3	6101
D	RTL8367D_SVLAN_SP2C_ENTRY41_CTRL0_SVID_MASK		MASK	0x7FF8	32760	6102
D	RTL8367D_SVLAN_SP2C_ENTRY41_CTRL0_DST_PORT_OFFSET		OFFSET_SHIFT	0	0	6103
D	RTL8367D_SVLAN_SP2C_ENTRY41_CTRL0_DST_PORT_MASK		MASK	0x7	7	6104
D	RTL8367D_REG_SVLAN_SP2C_ENTRY41_CTRL1		REGISTER	0x0f53	3923	6106
D	RTL8367D_SVLAN_SP2C_ENTRY41_CTRL1_VALID_OFFSET		OFFSET_SHIFT	12	12	6107
D	RTL8367D_SVLAN_SP2C_ENTRY41_CTRL1_VALID_MASK		MASK	0x1000	4096	6108
D	RTL8367D_SVLAN_SP2C_ENTRY41_CTRL1_VID_OFFSET		OFFSET_SHIFT	0	0	6109
D	RTL8367D_SVLAN_SP2C_ENTRY41_CTRL1_VID_MASK		MASK	0xFFF	4095	6110
D	RTL8367D_REG_SVLAN_SP2C_ENTRY42_CTRL0		REGISTER	0x0f54	3924	6112
D	RTL8367D_SVLAN_SP2C_ENTRY42_CTRL0_SVID_OFFSET		OFFSET_SHIFT	3	3	6113
D	RTL8367D_SVLAN_SP2C_ENTRY42_CTRL0_SVID_MASK		MASK	0x7FF8	32760	6114
D	RTL8367D_SVLAN_SP2C_ENTRY42_CTRL0_DST_PORT_OFFSET		OFFSET_SHIFT	0	0	6115
D	RTL8367D_SVLAN_SP2C_ENTRY42_CTRL0_DST_PORT_MASK		MASK	0x7	7	6116
D	RTL8367D_REG_SVLAN_SP2C_ENTRY42_CTRL1		REGISTER	0x0f55	3925	6118
D	RTL8367D_SVLAN_SP2C_ENTRY42_CTRL1_VALID_OFFSET		OFFSET_SHIFT	12	12	6119
D	RTL8367D_SVLAN_SP2C_ENTRY42_CTRL1_VALID_MASK		MASK	0x1000	4096	6120
D	RTL8367D_SVLAN_SP2C_ENTRY42_CTRL1_VID_OFFSET		OFFSET_SHIFT	0	0	6121
D	RTL8367D_SVLAN_SP2C_ENTRY42_CTRL1_VID_MASK		MASK	0xFFF	4095	6122
D	RTL8367D_REG_SVLAN_SP2C_ENTRY43_CTRL0		REGISTER	0x0f56	3926	6124
D	RTL8367D_SVLAN_SP2C_ENTRY43_CTRL0_SVID_OFFSET		OFFSET_SHIFT	3	3	6125
D	RTL8367D_SVLAN_SP2C_ENTRY43_CTRL0_SVID_MASK		MASK	0x7FF8	32760	6126
D	RTL8367D_SVLAN_SP2C_ENTRY43_CTRL0_DST_PORT_OFFSET		OFFSET_SHIFT	0	0	6127
D	RTL8367D_SVLAN_SP2C_ENTRY43_CTRL0_DST_PORT_MASK		MASK	0x7	7	6128
D	RTL8367D_REG_SVLAN_SP2C_ENTRY43_CTRL1		REGISTER	0x0f57	3927	6130
D	RTL8367D_SVLAN_SP2C_ENTRY43_CTRL1_VALID_OFFSET		OFFSET_SHIFT	12	12	6131
D	RTL8367D_SVLAN_SP2C_ENTRY43_CTRL1_VALID_MASK		MASK	0x1000	4096	6132
D	RTL8367D_SVLAN_SP2C_ENTRY43_CTRL1_VID_OFFSET		OFFSET_SHIFT	0	0	6133
D	RTL8367D_SVLAN_SP2C_ENTRY43_CTRL1_VID_MASK		MASK	0xFFF	4095	6134
D	RTL8367D_REG_SVLAN_SP2C_ENTRY44_CTRL0		REGISTER	0x0f58	3928	6136
D	RTL8367D_SVLAN_SP2C_ENTRY44_CTRL0_SVID_OFFSET		OFFSET_SHIFT	3	3	6137
D	RTL8367D_SVLAN_SP2C_ENTRY44_CTRL0_SVID_MASK		MASK	0x7FF8	32760	6138
D	RTL8367D_SVLAN_SP2C_ENTRY44_CTRL0_DST_PORT_OFFSET		OFFSET_SHIFT	0	0	6139
D	RTL8367D_SVLAN_SP2C_ENTRY44_CTRL0_DST_PORT_MASK		MASK	0x7	7	6140
D	RTL8367D_REG_SVLAN_SP2C_ENTRY44_CTRL1		REGISTER	0x0f59	3929	6142
D	RTL8367D_SVLAN_SP2C_ENTRY44_CTRL1_VALID_OFFSET		OFFSET_SHIFT	12	12	6143
D	RTL8367D_SVLAN_SP2C_ENTRY44_CTRL1_VALID_MASK		MASK	0x1000	4096	6144
D	RTL8367D_SVLAN_SP2C_ENTRY44_CTRL1_VID_OFFSET		OFFSET_SHIFT	0	0	6145
D	RTL8367D_SVLAN_SP2C_ENTRY44_CTRL1_VID_MASK		MASK	0xFFF	4095	6146
D	RTL8367D_REG_SVLAN_SP2C_ENTRY45_CTRL0		REGISTER	0x0f5a	3930	6148
D	RTL8367D_SVLAN_SP2C_ENTRY45_CTRL0_SVID_OFFSET		OFFSET_SHIFT	3	3	6149
D	RTL8367D_SVLAN_SP2C_ENTRY45_CTRL0_SVID_MASK		MASK	0x7FF8	32760	6150
D	RTL8367D_SVLAN_SP2C_ENTRY45_CTRL0_DST_PORT_OFFSET		OFFSET_SHIFT	0	0	6151
D	RTL8367D_SVLAN_SP2C_ENTRY45_CTRL0_DST_PORT_MASK		MASK	0x7	7	6152
D	RTL8367D_REG_SVLAN_SP2C_ENTRY45_CTRL1		REGISTER	0x0f5b	3931	6154
D	RTL8367D_SVLAN_SP2C_ENTRY45_CTRL1_VALID_OFFSET		OFFSET_SHIFT	12	12	6155
D	RTL8367D_SVLAN_SP2C_ENTRY45_CTRL1_VALID_MASK		MASK	0x1000	4096	6156
D	RTL8367D_SVLAN_SP2C_ENTRY45_CTRL1_VID_OFFSET		OFFSET_SHIFT	0	0	6157
D	RTL8367D_SVLAN_SP2C_ENTRY45_CTRL1_VID_MASK		MASK	0xFFF	4095	6158
D	RTL8367D_REG_SVLAN_SP2C_ENTRY46_CTRL0		REGISTER	0x0f5c	3932	6160
D	RTL8367D_SVLAN_SP2C_ENTRY46_CTRL0_SVID_OFFSET		OFFSET_SHIFT	3	3	6161
D	RTL8367D_SVLAN_SP2C_ENTRY46_CTRL0_SVID_MASK		MASK	0x7FF8	32760	6162
D	RTL8367D_SVLAN_SP2C_ENTRY46_CTRL0_DST_PORT_OFFSET		OFFSET_SHIFT	0	0	6163
D	RTL8367D_SVLAN_SP2C_ENTRY46_CTRL0_DST_PORT_MASK		MASK	0x7	7	6164
D	RTL8367D_REG_SVLAN_SP2C_ENTRY46_CTRL1		REGISTER	0x0f5d	3933	6166
D	RTL8367D_SVLAN_SP2C_ENTRY46_CTRL1_VALID_OFFSET		OFFSET_SHIFT	12	12	6167
D	RTL8367D_SVLAN_SP2C_ENTRY46_CTRL1_VALID_MASK		MASK	0x1000	4096	6168
D	RTL8367D_SVLAN_SP2C_ENTRY46_CTRL1_VID_OFFSET		OFFSET_SHIFT	0	0	6169
D	RTL8367D_SVLAN_SP2C_ENTRY46_CTRL1_VID_MASK		MASK	0xFFF	4095	6170
D	RTL8367D_REG_SVLAN_SP2C_ENTRY47_CTRL0		REGISTER	0x0f5e	3934	6172
D	RTL8367D_SVLAN_SP2C_ENTRY47_CTRL0_SVID_OFFSET		OFFSET_SHIFT	3	3	6173
D	RTL8367D_SVLAN_SP2C_ENTRY47_CTRL0_SVID_MASK		MASK	0x7FF8	32760	6174
D	RTL8367D_SVLAN_SP2C_ENTRY47_CTRL0_DST_PORT_OFFSET		OFFSET_SHIFT	0	0	6175
D	RTL8367D_SVLAN_SP2C_ENTRY47_CTRL0_DST_PORT_MASK		MASK	0x7	7	6176
D	RTL8367D_REG_SVLAN_SP2C_ENTRY47_CTRL1		REGISTER	0x0f5f	3935	6178
D	RTL8367D_SVLAN_SP2C_ENTRY47_CTRL1_VALID_OFFSET		OFFSET_SHIFT	12	12	6179
D	RTL8367D_SVLAN_SP2C_ENTRY47_CTRL1_VALID_MASK		MASK	0x1000	4096	6180
D	RTL8367D_SVLAN_SP2C_ENTRY47_CTRL1_VID_OFFSET		OFFSET_SHIFT	0	0	6181
D	RTL8367D_SVLAN_SP2C_ENTRY47_CTRL1_VID_MASK		MASK	0xFFF	4095	6182
D	RTL8367D_REG_SVLAN_SP2C_ENTRY48_CTRL0		REGISTER	0x0f60	3936	6184
D	RTL8367D_SVLAN_SP2C_ENTRY48_CTRL0_SVID_OFFSET		OFFSET_SHIFT	3	3	6185
D	RTL8367D_SVLAN_SP2C_ENTRY48_CTRL0_SVID_MASK		MASK	0x7FF8	32760	6186
D	RTL8367D_SVLAN_SP2C_ENTRY48_CTRL0_DST_PORT_OFFSET		OFFSET_SHIFT	0	0	6187
D	RTL8367D_SVLAN_SP2C_ENTRY48_CTRL0_DST_PORT_MASK		MASK	0x7	7	6188
D	RTL8367D_REG_SVLAN_SP2C_ENTRY48_CTRL1		REGISTER	0x0f61	3937	6190
D	RTL8367D_SVLAN_SP2C_ENTRY48_CTRL1_VALID_OFFSET		OFFSET_SHIFT	12	12	6191
D	RTL8367D_SVLAN_SP2C_ENTRY48_CTRL1_VALID_MASK		MASK	0x1000	4096	6192
D	RTL8367D_SVLAN_SP2C_ENTRY48_CTRL1_VID_OFFSET		OFFSET_SHIFT	0	0	6193
D	RTL8367D_SVLAN_SP2C_ENTRY48_CTRL1_VID_MASK		MASK	0xFFF	4095	6194
D	RTL8367D_REG_SVLAN_SP2C_ENTRY49_CTRL0		REGISTER	0x0f62	3938	6196
D	RTL8367D_SVLAN_SP2C_ENTRY49_CTRL0_SVID_OFFSET		OFFSET_SHIFT	3	3	6197
D	RTL8367D_SVLAN_SP2C_ENTRY49_CTRL0_SVID_MASK		MASK	0x7FF8	32760	6198
D	RTL8367D_SVLAN_SP2C_ENTRY49_CTRL0_DST_PORT_OFFSET		OFFSET_SHIFT	0	0	6199
D	RTL8367D_SVLAN_SP2C_ENTRY49_CTRL0_DST_PORT_MASK		MASK	0x7	7	6200
D	RTL8367D_REG_SVLAN_SP2C_ENTRY49_CTRL1		REGISTER	0x0f63	3939	6202
D	RTL8367D_SVLAN_SP2C_ENTRY49_CTRL1_VALID_OFFSET		OFFSET_SHIFT	12	12	6203
D	RTL8367D_SVLAN_SP2C_ENTRY49_CTRL1_VALID_MASK		MASK	0x1000	4096	6204
D	RTL8367D_SVLAN_SP2C_ENTRY49_CTRL1_VID_OFFSET		OFFSET_SHIFT	0	0	6205
D	RTL8367D_SVLAN_SP2C_ENTRY49_CTRL1_VID_MASK		MASK	0xFFF	4095	6206
D	RTL8367D_REG_SVLAN_SP2C_ENTRY50_CTRL0		REGISTER	0x0f64	3940	6208
D	RTL8367D_SVLAN_SP2C_ENTRY50_CTRL0_SVID_OFFSET		OFFSET_SHIFT	3	3	6209
D	RTL8367D_SVLAN_SP2C_ENTRY50_CTRL0_SVID_MASK		MASK	0x7FF8	32760	6210
D	RTL8367D_SVLAN_SP2C_ENTRY50_CTRL0_DST_PORT_OFFSET		OFFSET_SHIFT	0	0	6211
D	RTL8367D_SVLAN_SP2C_ENTRY50_CTRL0_DST_PORT_MASK		MASK	0x7	7	6212
D	RTL8367D_REG_SVLAN_SP2C_ENTRY50_CTRL1		REGISTER	0x0f65	3941	6214
D	RTL8367D_SVLAN_SP2C_ENTRY50_CTRL1_VALID_OFFSET		OFFSET_SHIFT	12	12	6215
D	RTL8367D_SVLAN_SP2C_ENTRY50_CTRL1_VALID_MASK		MASK	0x1000	4096	6216
D	RTL8367D_SVLAN_SP2C_ENTRY50_CTRL1_VID_OFFSET		OFFSET_SHIFT	0	0	6217
D	RTL8367D_SVLAN_SP2C_ENTRY50_CTRL1_VID_MASK		MASK	0xFFF	4095	6218
D	RTL8367D_REG_SVLAN_SP2C_ENTRY51_CTRL0		REGISTER	0x0f66	3942	6220
D	RTL8367D_SVLAN_SP2C_ENTRY51_CTRL0_SVID_OFFSET		OFFSET_SHIFT	3	3	6221
D	RTL8367D_SVLAN_SP2C_ENTRY51_CTRL0_SVID_MASK		MASK	0x7FF8	32760	6222
D	RTL8367D_SVLAN_SP2C_ENTRY51_CTRL0_DST_PORT_OFFSET		OFFSET_SHIFT	0	0	6223
D	RTL8367D_SVLAN_SP2C_ENTRY51_CTRL0_DST_PORT_MASK		MASK	0x7	7	6224
D	RTL8367D_REG_SVLAN_SP2C_ENTRY51_CTRL1		REGISTER	0x0f67	3943	6226
D	RTL8367D_SVLAN_SP2C_ENTRY51_CTRL1_VALID_OFFSET		OFFSET_SHIFT	12	12	6227
D	RTL8367D_SVLAN_SP2C_ENTRY51_CTRL1_VALID_MASK		MASK	0x1000	4096	6228
D	RTL8367D_SVLAN_SP2C_ENTRY51_CTRL1_VID_OFFSET		OFFSET_SHIFT	0	0	6229
D	RTL8367D_SVLAN_SP2C_ENTRY51_CTRL1_VID_MASK		MASK	0xFFF	4095	6230
D	RTL8367D_REG_SVLAN_SP2C_ENTRY52_CTRL0		REGISTER	0x0f68	3944	6232
D	RTL8367D_SVLAN_SP2C_ENTRY52_CTRL0_SVID_OFFSET		OFFSET_SHIFT	3	3	6233
D	RTL8367D_SVLAN_SP2C_ENTRY52_CTRL0_SVID_MASK		MASK	0x7FF8	32760	6234
D	RTL8367D_SVLAN_SP2C_ENTRY52_CTRL0_DST_PORT_OFFSET		OFFSET_SHIFT	0	0	6235
D	RTL8367D_SVLAN_SP2C_ENTRY52_CTRL0_DST_PORT_MASK		MASK	0x7	7	6236
D	RTL8367D_REG_SVLAN_SP2C_ENTRY52_CTRL1		REGISTER	0x0f69	3945	6238
D	RTL8367D_SVLAN_SP2C_ENTRY52_CTRL1_VALID_OFFSET		OFFSET_SHIFT	12	12	6239
D	RTL8367D_SVLAN_SP2C_ENTRY52_CTRL1_VALID_MASK		MASK	0x1000	4096	6240
D	RTL8367D_SVLAN_SP2C_ENTRY52_CTRL1_VID_OFFSET		OFFSET_SHIFT	0	0	6241
D	RTL8367D_SVLAN_SP2C_ENTRY52_CTRL1_VID_MASK		MASK	0xFFF	4095	6242
D	RTL8367D_REG_SVLAN_SP2C_ENTRY53_CTRL0		REGISTER	0x0f6a	3946	6244
D	RTL8367D_SVLAN_SP2C_ENTRY53_CTRL0_SVID_OFFSET		OFFSET_SHIFT	3	3	6245
D	RTL8367D_SVLAN_SP2C_ENTRY53_CTRL0_SVID_MASK		MASK	0x7FF8	32760	6246
D	RTL8367D_SVLAN_SP2C_ENTRY53_CTRL0_DST_PORT_OFFSET		OFFSET_SHIFT	0	0	6247
D	RTL8367D_SVLAN_SP2C_ENTRY53_CTRL0_DST_PORT_MASK		MASK	0x7	7	6248
D	RTL8367D_REG_SVLAN_SP2C_ENTRY53_CTRL1		REGISTER	0x0f6b	3947	6250
D	RTL8367D_SVLAN_SP2C_ENTRY53_CTRL1_VALID_OFFSET		OFFSET_SHIFT	12	12	6251
D	RTL8367D_SVLAN_SP2C_ENTRY53_CTRL1_VALID_MASK		MASK	0x1000	4096	6252
D	RTL8367D_SVLAN_SP2C_ENTRY53_CTRL1_VID_OFFSET		OFFSET_SHIFT	0	0	6253
D	RTL8367D_SVLAN_SP2C_ENTRY53_CTRL1_VID_MASK		MASK	0xFFF	4095	6254
D	RTL8367D_REG_SVLAN_SP2C_ENTRY54_CTRL0		REGISTER	0x0f6c	3948	6256
D	RTL8367D_SVLAN_SP2C_ENTRY54_CTRL0_SVID_OFFSET		OFFSET_SHIFT	3	3	6257
D	RTL8367D_SVLAN_SP2C_ENTRY54_CTRL0_SVID_MASK		MASK	0x7FF8	32760	6258
D	RTL8367D_SVLAN_SP2C_ENTRY54_CTRL0_DST_PORT_OFFSET		OFFSET_SHIFT	0	0	6259
D	RTL8367D_SVLAN_SP2C_ENTRY54_CTRL0_DST_PORT_MASK		MASK	0x7	7	6260
D	RTL8367D_REG_SVLAN_SP2C_ENTRY54_CTRL1		REGISTER	0x0f6d	3949	6262
D	RTL8367D_SVLAN_SP2C_ENTRY54_CTRL1_VALID_OFFSET		OFFSET_SHIFT	12	12	6263
D	RTL8367D_SVLAN_SP2C_ENTRY54_CTRL1_VALID_MASK		MASK	0x1000	4096	6264
D	RTL8367D_SVLAN_SP2C_ENTRY54_CTRL1_VID_OFFSET		OFFSET_SHIFT	0	0	6265
D	RTL8367D_SVLAN_SP2C_ENTRY54_CTRL1_VID_MASK		MASK	0xFFF	4095	6266
D	RTL8367D_REG_SVLAN_SP2C_ENTRY55_CTRL0		REGISTER	0x0f6e	3950	6268
D	RTL8367D_SVLAN_SP2C_ENTRY55_CTRL0_SVID_OFFSET		OFFSET_SHIFT	3	3	6269
D	RTL8367D_SVLAN_SP2C_ENTRY55_CTRL0_SVID_MASK		MASK	0x7FF8	32760	6270
D	RTL8367D_SVLAN_SP2C_ENTRY55_CTRL0_DST_PORT_OFFSET		OFFSET_SHIFT	0	0	6271
D	RTL8367D_SVLAN_SP2C_ENTRY55_CTRL0_DST_PORT_MASK		MASK	0x7	7	6272
D	RTL8367D_REG_SVLAN_SP2C_ENTRY55_CTRL1		REGISTER	0x0f6f	3951	6274
D	RTL8367D_SVLAN_SP2C_ENTRY55_CTRL1_VALID_OFFSET		OFFSET_SHIFT	12	12	6275
D	RTL8367D_SVLAN_SP2C_ENTRY55_CTRL1_VALID_MASK		MASK	0x1000	4096	6276
D	RTL8367D_SVLAN_SP2C_ENTRY55_CTRL1_VID_OFFSET		OFFSET_SHIFT	0	0	6277
D	RTL8367D_SVLAN_SP2C_ENTRY55_CTRL1_VID_MASK		MASK	0xFFF	4095	6278
D	RTL8367D_REG_SVLAN_SP2C_ENTRY56_CTRL0		REGISTER	0x0f70	3952	6280
D	RTL8367D_SVLAN_SP2C_ENTRY56_CTRL0_SVID_OFFSET		OFFSET_SHIFT	3	3	6281
D	RTL8367D_SVLAN_SP2C_ENTRY56_CTRL0_SVID_MASK		MASK	0x7FF8	32760	6282
D	RTL8367D_SVLAN_SP2C_ENTRY56_CTRL0_DST_PORT_OFFSET		OFFSET_SHIFT	0	0	6283
D	RTL8367D_SVLAN_SP2C_ENTRY56_CTRL0_DST_PORT_MASK		MASK	0x7	7	6284
D	RTL8367D_REG_SVLAN_SP2C_ENTRY56_CTRL1		REGISTER	0x0f71	3953	6286
D	RTL8367D_SVLAN_SP2C_ENTRY56_CTRL1_VALID_OFFSET		OFFSET_SHIFT	12	12	6287
D	RTL8367D_SVLAN_SP2C_ENTRY56_CTRL1_VALID_MASK		MASK	0x1000	4096	6288
D	RTL8367D_SVLAN_SP2C_ENTRY56_CTRL1_VID_OFFSET		OFFSET_SHIFT	0	0	6289
D	RTL8367D_SVLAN_SP2C_ENTRY56_CTRL1_VID_MASK		MASK	0xFFF	4095	6290
D	RTL8367D_REG_SVLAN_SP2C_ENTRY57_CTRL0		REGISTER	0x0f72	3954	6292
D	RTL8367D_SVLAN_SP2C_ENTRY57_CTRL0_SVID_OFFSET		OFFSET_SHIFT	3	3	6293
D	RTL8367D_SVLAN_SP2C_ENTRY57_CTRL0_SVID_MASK		MASK	0x7FF8	32760	6294
D	RTL8367D_SVLAN_SP2C_ENTRY57_CTRL0_DST_PORT_OFFSET		OFFSET_SHIFT	0	0	6295
D	RTL8367D_SVLAN_SP2C_ENTRY57_CTRL0_DST_PORT_MASK		MASK	0x7	7	6296
D	RTL8367D_REG_SVLAN_SP2C_ENTRY57_CTRL1		REGISTER	0x0f73	3955	6298
D	RTL8367D_SVLAN_SP2C_ENTRY57_CTRL1_VALID_OFFSET		OFFSET_SHIFT	12	12	6299
D	RTL8367D_SVLAN_SP2C_ENTRY57_CTRL1_VALID_MASK		MASK	0x1000	4096	6300
D	RTL8367D_SVLAN_SP2C_ENTRY57_CTRL1_VID_OFFSET		OFFSET_SHIFT	0	0	6301
D	RTL8367D_SVLAN_SP2C_ENTRY57_CTRL1_VID_MASK		MASK	0xFFF	4095	6302
D	RTL8367D_REG_SVLAN_SP2C_ENTRY58_CTRL0		REGISTER	0x0f74	3956	6304
D	RTL8367D_SVLAN_SP2C_ENTRY58_CTRL0_SVID_OFFSET		OFFSET_SHIFT	3	3	6305
D	RTL8367D_SVLAN_SP2C_ENTRY58_CTRL0_SVID_MASK		MASK	0x7FF8	32760	6306
D	RTL8367D_SVLAN_SP2C_ENTRY58_CTRL0_DST_PORT_OFFSET		OFFSET_SHIFT	0	0	6307
D	RTL8367D_SVLAN_SP2C_ENTRY58_CTRL0_DST_PORT_MASK		MASK	0x7	7	6308
D	RTL8367D_REG_SVLAN_SP2C_ENTRY58_CTRL1		REGISTER	0x0f75	3957	6310
D	RTL8367D_SVLAN_SP2C_ENTRY58_CTRL1_VALID_OFFSET		OFFSET_SHIFT	12	12	6311
D	RTL8367D_SVLAN_SP2C_ENTRY58_CTRL1_VALID_MASK		MASK	0x1000	4096	6312
D	RTL8367D_SVLAN_SP2C_ENTRY58_CTRL1_VID_OFFSET		OFFSET_SHIFT	0	0	6313
D	RTL8367D_SVLAN_SP2C_ENTRY58_CTRL1_VID_MASK		MASK	0xFFF	4095	6314
D	RTL8367D_REG_SVLAN_SP2C_ENTRY59_CTRL0		REGISTER	0x0f76	3958	6316
D	RTL8367D_SVLAN_SP2C_ENTRY59_CTRL0_SVID_OFFSET		OFFSET_SHIFT	3	3	6317
D	RTL8367D_SVLAN_SP2C_ENTRY59_CTRL0_SVID_MASK		MASK	0x7FF8	32760	6318
D	RTL8367D_SVLAN_SP2C_ENTRY59_CTRL0_DST_PORT_OFFSET		OFFSET_SHIFT	0	0	6319
D	RTL8367D_SVLAN_SP2C_ENTRY59_CTRL0_DST_PORT_MASK		MASK	0x7	7	6320
D	RTL8367D_REG_SVLAN_SP2C_ENTRY59_CTRL1		REGISTER	0x0f77	3959	6322
D	RTL8367D_SVLAN_SP2C_ENTRY59_CTRL1_VALID_OFFSET		OFFSET_SHIFT	12	12	6323
D	RTL8367D_SVLAN_SP2C_ENTRY59_CTRL1_VALID_MASK		MASK	0x1000	4096	6324
D	RTL8367D_SVLAN_SP2C_ENTRY59_CTRL1_VID_OFFSET		OFFSET_SHIFT	0	0	6325
D	RTL8367D_SVLAN_SP2C_ENTRY59_CTRL1_VID_MASK		MASK	0xFFF	4095	6326
D	RTL8367D_REG_SVLAN_SP2C_ENTRY60_CTRL0		REGISTER	0x0f78	3960	6328
D	RTL8367D_SVLAN_SP2C_ENTRY60_CTRL0_SVID_OFFSET		OFFSET_SHIFT	3	3	6329
D	RTL8367D_SVLAN_SP2C_ENTRY60_CTRL0_SVID_MASK		MASK	0x7FF8	32760	6330
D	RTL8367D_SVLAN_SP2C_ENTRY60_CTRL0_DST_PORT_OFFSET		OFFSET_SHIFT	0	0	6331
D	RTL8367D_SVLAN_SP2C_ENTRY60_CTRL0_DST_PORT_MASK		MASK	0x7	7	6332
D	RTL8367D_REG_SVLAN_SP2C_ENTRY60_CTRL1		REGISTER	0x0f79	3961	6334
D	RTL8367D_SVLAN_SP2C_ENTRY60_CTRL1_VALID_OFFSET		OFFSET_SHIFT	12	12	6335
D	RTL8367D_SVLAN_SP2C_ENTRY60_CTRL1_VALID_MASK		MASK	0x1000	4096	6336
D	RTL8367D_SVLAN_SP2C_ENTRY60_CTRL1_VID_OFFSET		OFFSET_SHIFT	0	0	6337
D	RTL8367D_SVLAN_SP2C_ENTRY60_CTRL1_VID_MASK		MASK	0xFFF	4095	6338
D	RTL8367D_REG_SVLAN_SP2C_ENTRY61_CTRL0		REGISTER	0x0f7a	3962	6340
D	RTL8367D_SVLAN_SP2C_ENTRY61_CTRL0_SVID_OFFSET		OFFSET_SHIFT	3	3	6341
D	RTL8367D_SVLAN_SP2C_ENTRY61_CTRL0_SVID_MASK		MASK	0x7FF8	32760	6342
D	RTL8367D_SVLAN_SP2C_ENTRY61_CTRL0_DST_PORT_OFFSET		OFFSET_SHIFT	0	0	6343
D	RTL8367D_SVLAN_SP2C_ENTRY61_CTRL0_DST_PORT_MASK		MASK	0x7	7	6344
D	RTL8367D_REG_SVLAN_SP2C_ENTRY61_CTRL1		REGISTER	0x0f7b	3963	6346
D	RTL8367D_SVLAN_SP2C_ENTRY61_CTRL1_VALID_OFFSET		OFFSET_SHIFT	12	12	6347
D	RTL8367D_SVLAN_SP2C_ENTRY61_CTRL1_VALID_MASK		MASK	0x1000	4096	6348
D	RTL8367D_SVLAN_SP2C_ENTRY61_CTRL1_VID_OFFSET		OFFSET_SHIFT	0	0	6349
D	RTL8367D_SVLAN_SP2C_ENTRY61_CTRL1_VID_MASK		MASK	0xFFF	4095	6350
D	RTL8367D_REG_SVLAN_SP2C_ENTRY62_CTRL0		REGISTER	0x0f7c	3964	6352
D	RTL8367D_SVLAN_SP2C_ENTRY62_CTRL0_SVID_OFFSET		OFFSET_SHIFT	3	3	6353
D	RTL8367D_SVLAN_SP2C_ENTRY62_CTRL0_SVID_MASK		MASK	0x7FF8	32760	6354
D	RTL8367D_SVLAN_SP2C_ENTRY62_CTRL0_DST_PORT_OFFSET		OFFSET_SHIFT	0	0	6355
D	RTL8367D_SVLAN_SP2C_ENTRY62_CTRL0_DST_PORT_MASK		MASK	0x7	7	6356
D	RTL8367D_REG_SVLAN_SP2C_ENTRY62_CTRL1		REGISTER	0x0f7d	3965	6358
D	RTL8367D_SVLAN_SP2C_ENTRY62_CTRL1_VALID_OFFSET		OFFSET_SHIFT	12	12	6359
D	RTL8367D_SVLAN_SP2C_ENTRY62_CTRL1_VALID_MASK		MASK	0x1000	4096	6360
D	RTL8367D_SVLAN_SP2C_ENTRY62_CTRL1_VID_OFFSET		OFFSET_SHIFT	0	0	6361
D	RTL8367D_SVLAN_SP2C_ENTRY62_CTRL1_VID_MASK		MASK	0xFFF	4095	6362
D	RTL8367D_REG_SVLAN_SP2C_ENTRY63_CTRL0		REGISTER	0x0f7e	3966	6364
D	RTL8367D_SVLAN_SP2C_ENTRY63_CTRL0_SVID_OFFSET		OFFSET_SHIFT	3	3	6365
D	RTL8367D_SVLAN_SP2C_ENTRY63_CTRL0_SVID_MASK		MASK	0x7FF8	32760	6366
D	RTL8367D_SVLAN_SP2C_ENTRY63_CTRL0_DST_PORT_OFFSET		OFFSET_SHIFT	0	0	6367
D	RTL8367D_SVLAN_SP2C_ENTRY63_CTRL0_DST_PORT_MASK		MASK	0x7	7	6368
D	RTL8367D_REG_SVLAN_SP2C_ENTRY63_CTRL1		REGISTER	0x0f7f	3967	6370
D	RTL8367D_SVLAN_SP2C_ENTRY63_CTRL1_VALID_OFFSET		OFFSET_SHIFT	12	12	6371
D	RTL8367D_SVLAN_SP2C_ENTRY63_CTRL1_VALID_MASK		MASK	0x1000	4096	6372
D	RTL8367D_SVLAN_SP2C_ENTRY63_CTRL1_VID_OFFSET		OFFSET_SHIFT	0	0	6373
D	RTL8367D_SVLAN_SP2C_ENTRY63_CTRL1_VID_MASK		MASK	0xFFF	4095	6374
D	RTL8367D_REG_MIB_COUNTER0		REGISTER	0x1000	4096	6378
D	RTL8367D_REG_MIB_COUNTER1		REGISTER	0x1001	4097	6380
D	RTL8367D_REG_MIB_COUNTER2		REGISTER	0x1002	4098	6382
D	RTL8367D_REG_MIB_COUNTER3		REGISTER	0x1003	4099	6384
D	RTL8367D_REG_MIB_ADDRESS		REGISTER	0x1004	4100	6386
D	RTL8367D_MIB_ADDRESS_OFFSET		OFFSET_SHIFT	0	0	6387
D	RTL8367D_MIB_ADDRESS_MASK		MASK	0x1FF	511	6388
D	RTL8367D_REG_MIB_CTRL0		REGISTER	0x1005	4101	6390
D	RTL8367D_RESET_VALUE_OFFSET		OFFSET_SHIFT	12	12	6391
D	RTL8367D_RESET_VALUE_MASK		MASK	0x1000	4096	6392
D	RTL8367D_GLOBAL_RESET_OFFSET		OFFSET_SHIFT	11	11	6393
D	RTL8367D_GLOBAL_RESET_MASK		MASK	0x800	2048	6394
D	RTL8367D_QM_RESET_OFFSET		OFFSET_SHIFT	10	10	6395
D	RTL8367D_QM_RESET_MASK		MASK	0x400	1024	6396
D	RTL8367D_PORT7_RESET_OFFSET		OFFSET_SHIFT	9	9	6397
D	RTL8367D_PORT7_RESET_MASK		MASK	0x200	512	6398
D	RTL8367D_PORT6_RESET_OFFSET		OFFSET_SHIFT	8	8	6399
D	RTL8367D_PORT6_RESET_MASK		MASK	0x100	256	6400
D	RTL8367D_PORT5_RESET_OFFSET		OFFSET_SHIFT	7	7	6401
D	RTL8367D_PORT5_RESET_MASK		MASK	0x80	128	6402
D	RTL8367D_PORT4_RESET_OFFSET		OFFSET_SHIFT	6	6	6403
D	RTL8367D_PORT4_RESET_MASK		MASK	0x40	64	6404
D	RTL8367D_PORT3_RESET_OFFSET		OFFSET_SHIFT	5	5	6405
D	RTL8367D_PORT3_RESET_MASK		MASK	0x20	32	6406
D	RTL8367D_PORT2_RESET_OFFSET		OFFSET_SHIFT	4	4	6407
D	RTL8367D_PORT2_RESET_MASK		MASK	0x10	16	6408
D	RTL8367D_PORT1_RESET_OFFSET		OFFSET_SHIFT	3	3	6409
D	RTL8367D_PORT1_RESET_MASK		MASK	0x8	8	6410
D	RTL8367D_PORT0_RESET_OFFSET		OFFSET_SHIFT	2	2	6411
D	RTL8367D_PORT0_RESET_MASK		MASK	0x4	4	6412
D	RTL8367D_RESET_FLAG_OFFSET		OFFSET_SHIFT	1	1	6413
D	RTL8367D_RESET_FLAG_MASK		MASK	0x2	2	6414
D	RTL8367D_MIB_CTRL0_BUSY_FLAG_OFFSET		OFFSET_SHIFT	0	0	6415
D	RTL8367D_MIB_CTRL0_BUSY_FLAG_MASK		MASK	0x1	1	6416
D	RTL8367D_REG_MIB_CTRL1		REGISTER	0x1007	4103	6418
D	RTL8367D_COUNTER15_RESET_OFFSET		OFFSET_SHIFT	15	15	6419
D	RTL8367D_COUNTER15_RESET_MASK		MASK	0x8000	32768	6420
D	RTL8367D_COUNTER14_RESET_OFFSET		OFFSET_SHIFT	14	14	6421
D	RTL8367D_COUNTER14_RESET_MASK		MASK	0x4000	16384	6422
D	RTL8367D_COUNTER13_RESET_OFFSET		OFFSET_SHIFT	13	13	6423
D	RTL8367D_COUNTER13_RESET_MASK		MASK	0x2000	8192	6424
D	RTL8367D_COUNTER12_RESET_OFFSET		OFFSET_SHIFT	12	12	6425
D	RTL8367D_COUNTER12_RESET_MASK		MASK	0x1000	4096	6426
D	RTL8367D_COUNTER11_RESET_OFFSET		OFFSET_SHIFT	11	11	6427
D	RTL8367D_COUNTER11_RESET_MASK		MASK	0x800	2048	6428
D	RTL8367D_COUNTER10_RESET_OFFSET		OFFSET_SHIFT	10	10	6429
D	RTL8367D_COUNTER10_RESET_MASK		MASK	0x400	1024	6430
D	RTL8367D_COUNTER9_RESET_OFFSET		OFFSET_SHIFT	9	9	6431
D	RTL8367D_COUNTER9_RESET_MASK		MASK	0x200	512	6432
D	RTL8367D_COUNTER8_RESET_OFFSET		OFFSET_SHIFT	8	8	6433
D	RTL8367D_COUNTER8_RESET_MASK		MASK	0x100	256	6434
D	RTL8367D_COUNTER7_RESET_OFFSET		OFFSET_SHIFT	7	7	6435
D	RTL8367D_COUNTER7_RESET_MASK		MASK	0x80	128	6436
D	RTL8367D_COUNTER6_RESET_OFFSET		OFFSET_SHIFT	6	6	6437
D	RTL8367D_COUNTER6_RESET_MASK		MASK	0x40	64	6438
D	RTL8367D_COUNTER5_RESET_OFFSET		OFFSET_SHIFT	5	5	6439
D	RTL8367D_COUNTER5_RESET_MASK		MASK	0x20	32	6440
D	RTL8367D_COUNTER4_RESET_OFFSET		OFFSET_SHIFT	4	4	6441
D	RTL8367D_COUNTER4_RESET_MASK		MASK	0x10	16	6442
D	RTL8367D_COUNTER3_RESET_OFFSET		OFFSET_SHIFT	3	3	6443
D	RTL8367D_COUNTER3_RESET_MASK		MASK	0x8	8	6444
D	RTL8367D_COUNTER2_RESET_OFFSET		OFFSET_SHIFT	2	2	6445
D	RTL8367D_COUNTER2_RESET_MASK		MASK	0x4	4	6446
D	RTL8367D_COUNTER1_RESET_OFFSET		OFFSET_SHIFT	1	1	6447
D	RTL8367D_COUNTER1_RESET_MASK		MASK	0x2	2	6448
D	RTL8367D_COUNTER0_RESET_OFFSET		OFFSET_SHIFT	0	0	6449
D	RTL8367D_COUNTER0_RESET_MASK		MASK	0x1	1	6450
D	RTL8367D_REG_MIB_CTRL3		REGISTER	0x1009	4105	6452
D	RTL8367D_COUNTER7_MODE_OFFSET		OFFSET_SHIFT	7	7	6453
D	RTL8367D_COUNTER7_MODE_MASK		MASK	0x80	128	6454
D	RTL8367D_COUNTER6_MODE_OFFSET		OFFSET_SHIFT	6	6	6455
D	RTL8367D_COUNTER6_MODE_MASK		MASK	0x40	64	6456
D	RTL8367D_COUNTER5_MODE_OFFSET		OFFSET_SHIFT	5	5	6457
D	RTL8367D_COUNTER5_MODE_MASK		MASK	0x20	32	6458
D	RTL8367D_COUNTER4_MODE_OFFSET		OFFSET_SHIFT	4	4	6459
D	RTL8367D_COUNTER4_MODE_MASK		MASK	0x10	16	6460
D	RTL8367D_COUNTER3_MODE_OFFSET		OFFSET_SHIFT	3	3	6461
D	RTL8367D_COUNTER3_MODE_MASK		MASK	0x8	8	6462
D	RTL8367D_COUNTER2_MODE_OFFSET		OFFSET_SHIFT	2	2	6463
D	RTL8367D_COUNTER2_MODE_MASK		MASK	0x4	4	6464
D	RTL8367D_COUNTER1_MODE_OFFSET		OFFSET_SHIFT	1	1	6465
D	RTL8367D_COUNTER1_MODE_MASK		MASK	0x2	2	6466
D	RTL8367D_COUNTER0_MODE_OFFSET		OFFSET_SHIFT	0	0	6467
D	RTL8367D_COUNTER0_MODE_MASK		MASK	0x1	1	6468
D	RTL8367D_REG_MIB_CTRL4		REGISTER	0x100a	4106	6470
D	RTL8367D_MIB_USAGE_MODE_OFFSET		OFFSET_SHIFT	8	8	6471
D	RTL8367D_MIB_USAGE_MODE_MASK		MASK	0x100	256	6472
D	RTL8367D_MIB_TIMER_OFFSET		OFFSET_SHIFT	0	0	6473
D	RTL8367D_MIB_TIMER_MASK		MASK	0xFF	255	6474
D	RTL8367D_REG_MIB_CTRL5		REGISTER	0x100b	4107	6476
D	RTL8367D_COUNTER7_TYPE_OFFSET		OFFSET_SHIFT	7	7	6477
D	RTL8367D_COUNTER7_TYPE_MASK		MASK	0x80	128	6478
D	RTL8367D_COUNTER6_TYPE_OFFSET		OFFSET_SHIFT	6	6	6479
D	RTL8367D_COUNTER6_TYPE_MASK		MASK	0x40	64	6480
D	RTL8367D_COUNTER5_TYPE_OFFSET		OFFSET_SHIFT	5	5	6481
D	RTL8367D_COUNTER5_TYPE_MASK		MASK	0x20	32	6482
D	RTL8367D_COUNTER4_TYPE_OFFSET		OFFSET_SHIFT	4	4	6483
D	RTL8367D_COUNTER4_TYPE_MASK		MASK	0x10	16	6484
D	RTL8367D_COUNTER3_TYPE_OFFSET		OFFSET_SHIFT	3	3	6485
D	RTL8367D_COUNTER3_TYPE_MASK		MASK	0x8	8	6486
D	RTL8367D_COUNTER2_TYPE_OFFSET		OFFSET_SHIFT	2	2	6487
D	RTL8367D_COUNTER2_TYPE_MASK		MASK	0x4	4	6488
D	RTL8367D_COUNTER1_TYPE_OFFSET		OFFSET_SHIFT	1	1	6489
D	RTL8367D_COUNTER1_TYPE_MASK		MASK	0x2	2	6490
D	RTL8367D_COUNTER0_TYPE_OFFSET		OFFSET_SHIFT	0	0	6491
D	RTL8367D_COUNTER0_TYPE_MASK		MASK	0x1	1	6492
D	RTL8367D_REG_INTR_CTRL		REGISTER	0x1100	4352	6496
D	RTL8367D_CFG_INT_TM_NEG_OFFSET		OFFSET_SHIFT	1	1	6497
D	RTL8367D_CFG_INT_TM_NEG_MASK		MASK	0x2	2	6498
D	RTL8367D_INTR_POLARITY_OFFSET		OFFSET_SHIFT	0	0	6499
D	RTL8367D_INTR_POLARITY_MASK		MASK	0x1	1	6500
D	RTL8367D_REG_INTR_IMR		REGISTER	0x1101	4353	6502
D	RTL8367D_INTR_IMR_THERMAL_ALARM_OFFSET		OFFSET_SHIFT	12	12	6503
D	RTL8367D_INTR_IMR_THERMAL_ALARM_MASK		MASK	0x1000	4096	6504
D	RTL8367D_INTR_IMR_SLIENT_START_OFFSET		OFFSET_SHIFT	11	11	6505
D	RTL8367D_INTR_IMR_SLIENT_START_MASK		MASK	0x800	2048	6506
D	RTL8367D_INTR_IMR_ACL_ACTION_OFFSET		OFFSET_SHIFT	9	9	6507
D	RTL8367D_INTR_IMR_ACL_ACTION_MASK		MASK	0x200	512	6508
D	RTL8367D_INTR_IMR_CABLE_DIAG_FIN_OFFSET		OFFSET_SHIFT	8	8	6509
D	RTL8367D_INTR_IMR_CABLE_DIAG_FIN_MASK		MASK	0x100	256	6510
D	RTL8367D_INTR_IMR_INTERRUPT_8051_OFFSET		OFFSET_SHIFT	7	7	6511
D	RTL8367D_INTR_IMR_INTERRUPT_8051_MASK		MASK	0x80	128	6512
D	RTL8367D_INTR_IMR_LOOP_DETECTION_OFFSET		OFFSET_SHIFT	6	6	6513
D	RTL8367D_INTR_IMR_LOOP_DETECTION_MASK		MASK	0x40	64	6514
D	RTL8367D_INTR_IMR_SPECIAL_CONGEST_OFFSET		OFFSET_SHIFT	4	4	6515
D	RTL8367D_INTR_IMR_SPECIAL_CONGEST_MASK		MASK	0x10	16	6516
D	RTL8367D_INTR_IMR_SPEED_CHANGE_OFFSET		OFFSET_SHIFT	3	3	6517
D	RTL8367D_INTR_IMR_SPEED_CHANGE_MASK		MASK	0x8	8	6518
D	RTL8367D_INTR_IMR_LEARN_OVER_OFFSET		OFFSET_SHIFT	2	2	6519
D	RTL8367D_INTR_IMR_LEARN_OVER_MASK		MASK	0x4	4	6520
D	RTL8367D_INTR_IMR_METER_EXCEEDED_OFFSET		OFFSET_SHIFT	1	1	6521
D	RTL8367D_INTR_IMR_METER_EXCEEDED_MASK		MASK	0x2	2	6522
D	RTL8367D_INTR_IMR_LINK_CHANGE_OFFSET		OFFSET_SHIFT	0	0	6523
D	RTL8367D_INTR_IMR_LINK_CHANGE_MASK		MASK	0x1	1	6524
D	RTL8367D_REG_INTR_IMS		REGISTER	0x1102	4354	6526
D	RTL8367D_INTR_IMS_THERMAL_ALARM_OFFSET		OFFSET_SHIFT	12	12	6527
D	RTL8367D_INTR_IMS_THERMAL_ALARM_MASK		MASK	0x1000	4096	6528
D	RTL8367D_INTR_IMS_SLIENT_START_OFFSET		OFFSET_SHIFT	11	11	6529
D	RTL8367D_INTR_IMS_SLIENT_START_MASK		MASK	0x800	2048	6530
D	RTL8367D_INTR_IMS_ACL_ACTION_OFFSET		OFFSET_SHIFT	9	9	6531
D	RTL8367D_INTR_IMS_ACL_ACTION_MASK		MASK	0x200	512	6532
D	RTL8367D_INTR_IMS_CABLE_DIAG_FIN_OFFSET		OFFSET_SHIFT	8	8	6533
D	RTL8367D_INTR_IMS_CABLE_DIAG_FIN_MASK		MASK	0x100	256	6534
D	RTL8367D_INTR_IMS_INTERRUPT_8051_OFFSET		OFFSET_SHIFT	7	7	6535
D	RTL8367D_INTR_IMS_INTERRUPT_8051_MASK		MASK	0x80	128	6536
D	RTL8367D_INTR_IMS_LOOP_DETECTION_OFFSET		OFFSET_SHIFT	6	6	6537
D	RTL8367D_INTR_IMS_LOOP_DETECTION_MASK		MASK	0x40	64	6538
D	RTL8367D_INTR_IMS_SPECIAL_CONGEST_OFFSET		OFFSET_SHIFT	4	4	6539
D	RTL8367D_INTR_IMS_SPECIAL_CONGEST_MASK		MASK	0x10	16	6540
D	RTL8367D_INTR_IMS_SPEED_CHANGE_OFFSET		OFFSET_SHIFT	3	3	6541
D	RTL8367D_INTR_IMS_SPEED_CHANGE_MASK		MASK	0x8	8	6542
D	RTL8367D_INTR_IMS_LEARN_OVER_OFFSET		OFFSET_SHIFT	2	2	6543
D	RTL8367D_INTR_IMS_LEARN_OVER_MASK		MASK	0x4	4	6544
D	RTL8367D_INTR_IMS_METER_EXCEEDED_OFFSET		OFFSET_SHIFT	1	1	6545
D	RTL8367D_INTR_IMS_METER_EXCEEDED_MASK		MASK	0x2	2	6546
D	RTL8367D_INTR_IMS_LINK_CHANGE_OFFSET		OFFSET_SHIFT	0	0	6547
D	RTL8367D_INTR_IMS_LINK_CHANGE_MASK		MASK	0x1	1	6548
D	RTL8367D_REG_LEARN_OVER_INDICATOR		REGISTER	0x1103	4355	6550
D	RTL8367D_LEARN_OVER_INDICATOR_OFFSET		OFFSET_SHIFT	0	0	6551
D	RTL8367D_LEARN_OVER_INDICATOR_MASK		MASK	0xFF	255	6552
D	RTL8367D_REG_SPEED_CHANGE_INDICATOR		REGISTER	0x1104	4356	6554
D	RTL8367D_SPEED_CHANGE_INDICATOR_OFFSET		OFFSET_SHIFT	0	0	6555
D	RTL8367D_SPEED_CHANGE_INDICATOR_MASK		MASK	0xFF	255	6556
D	RTL8367D_REG_SPECIAL_CONGEST_INDICATOR		REGISTER	0x1105	4357	6558
D	RTL8367D_SPECIAL_CONGEST_INDICATOR_OFFSET		OFFSET_SHIFT	0	0	6559
D	RTL8367D_SPECIAL_CONGEST_INDICATOR_MASK		MASK	0xFF	255	6560
D	RTL8367D_REG_PORT_LINKDOWN_INDICATOR		REGISTER	0x1106	4358	6562
D	RTL8367D_PORT_LINKDOWN_INDICATOR_OFFSET		OFFSET_SHIFT	0	0	6563
D	RTL8367D_PORT_LINKDOWN_INDICATOR_MASK		MASK	0xFF	255	6564
D	RTL8367D_REG_PORT_LINKUP_INDICATOR		REGISTER	0x1107	4359	6566
D	RTL8367D_PORT_LINKUP_INDICATOR_OFFSET		OFFSET_SHIFT	0	0	6567
D	RTL8367D_PORT_LINKUP_INDICATOR_MASK		MASK	0xFF	255	6568
D	RTL8367D_REG_SYSTEM_LEARN_OVER_INDICATOR		REGISTER	0x1108	4360	6570
D	RTL8367D_SYSTEM_LEARN_OVER_INDICATOR_OFFSET		OFFSET_SHIFT	0	0	6571
D	RTL8367D_SYSTEM_LEARN_OVER_INDICATOR_MASK		MASK	0x1	1	6572
D	RTL8367D_REG_THERMAL_ALARM_INDICATOR		REGISTER	0x1109	4361	6574
D	RTL8367D_THERMAL_ALARM_INDICATOR_OFFSET		OFFSET_SHIFT	0	0	6575
D	RTL8367D_THERMAL_ALARM_INDICATOR_MASK		MASK	0xF	15	6576
D	RTL8367D_REG_INTR_IMR_8051		REGISTER	0x1118	4376	6578
D	RTL8367D_INTR_IMR_8051_THERMAL_ALARM_OFFSET		OFFSET_SHIFT	13	13	6579
D	RTL8367D_INTR_IMR_8051_THERMAL_ALARM_MASK		MASK	0x2000	8192	6580
D	RTL8367D_INTR_IMR_8051_SLIENT_START_OFFSET		OFFSET_SHIFT	12	12	6581
D	RTL8367D_INTR_IMR_8051_SLIENT_START_MASK		MASK	0x1000	4096	6582
D	RTL8367D_INTR_IMR_8051_ACL_ACTION_OFFSET		OFFSET_SHIFT	10	10	6583
D	RTL8367D_INTR_IMR_8051_ACL_ACTION_MASK		MASK	0x400	1024	6584
D	RTL8367D_INTR_IMR_8051_SAMOVING_8051_OFFSET		OFFSET_SHIFT	9	9	6585
D	RTL8367D_INTR_IMR_8051_SAMOVING_8051_MASK		MASK	0x200	512	6586
D	RTL8367D_INTR_IMR_8051_CABLE_DIAG_FIN_8051_OFFSET		OFFSET_SHIFT	8	8	6587
D	RTL8367D_INTR_IMR_8051_CABLE_DIAG_FIN_8051_MASK		MASK	0x100	256	6588
D	RTL8367D_INTR_IMR_8051_LOOP_DETECTION_8051_OFFSET		OFFSET_SHIFT	6	6	6589
D	RTL8367D_INTR_IMR_8051_LOOP_DETECTION_8051_MASK		MASK	0x40	64	6590
D	RTL8367D_INTR_IMR_8051_SPECIAL_CONGEST_8051_OFFSET		OFFSET_SHIFT	4	4	6591
D	RTL8367D_INTR_IMR_8051_SPECIAL_CONGEST_8051_MASK		MASK	0x10	16	6592
D	RTL8367D_INTR_IMR_8051_SPEED_CHANGE_8051_OFFSET		OFFSET_SHIFT	3	3	6593
D	RTL8367D_INTR_IMR_8051_SPEED_CHANGE_8051_MASK		MASK	0x8	8	6594
D	RTL8367D_INTR_IMR_8051_LEARN_OVER_8051_OFFSET		OFFSET_SHIFT	2	2	6595
D	RTL8367D_INTR_IMR_8051_LEARN_OVER_8051_MASK		MASK	0x4	4	6596
D	RTL8367D_INTR_IMR_8051_METER_EXCEEDED_8051_OFFSET		OFFSET_SHIFT	1	1	6597
D	RTL8367D_INTR_IMR_8051_METER_EXCEEDED_8051_MASK		MASK	0x2	2	6598
D	RTL8367D_INTR_IMR_8051_LINK_CHANGE_8051_OFFSET		OFFSET_SHIFT	0	0	6599
D	RTL8367D_INTR_IMR_8051_LINK_CHANGE_8051_MASK		MASK	0x1	1	6600
D	RTL8367D_REG_INTR_IMS_8051		REGISTER	0x1119	4377	6602
D	RTL8367D_INTR_IMS_8051_THERMAL_ALARM_OFFSET		OFFSET_SHIFT	13	13	6603
D	RTL8367D_INTR_IMS_8051_THERMAL_ALARM_MASK		MASK	0x2000	8192	6604
D	RTL8367D_INTR_IMS_8051_SLIENT_START_OFFSET		OFFSET_SHIFT	12	12	6605
D	RTL8367D_INTR_IMS_8051_SLIENT_START_MASK		MASK	0x1000	4096	6606
D	RTL8367D_INTR_IMS_8051_ACL_ACTION_OFFSET		OFFSET_SHIFT	10	10	6607
D	RTL8367D_INTR_IMS_8051_ACL_ACTION_MASK		MASK	0x400	1024	6608
D	RTL8367D_INTR_IMS_8051_SAMOVING_8051_OFFSET		OFFSET_SHIFT	9	9	6609
D	RTL8367D_INTR_IMS_8051_SAMOVING_8051_MASK		MASK	0x200	512	6610
D	RTL8367D_INTR_IMS_8051_CABLE_DIAG_FIN_8051_OFFSET		OFFSET_SHIFT	8	8	6611
D	RTL8367D_INTR_IMS_8051_CABLE_DIAG_FIN_8051_MASK		MASK	0x100	256	6612
D	RTL8367D_INTR_IMS_8051_LOOP_DETECTION_8051_OFFSET		OFFSET_SHIFT	6	6	6613
D	RTL8367D_INTR_IMS_8051_LOOP_DETECTION_8051_MASK		MASK	0x40	64	6614
D	RTL8367D_INTR_IMS_8051_SPECIAL_CONGEST_8051_OFFSET		OFFSET_SHIFT	4	4	6615
D	RTL8367D_INTR_IMS_8051_SPECIAL_CONGEST_8051_MASK		MASK	0x10	16	6616
D	RTL8367D_INTR_IMS_8051_SPEED_CHANGE_8051_OFFSET		OFFSET_SHIFT	3	3	6617
D	RTL8367D_INTR_IMS_8051_SPEED_CHANGE_8051_MASK		MASK	0x8	8	6618
D	RTL8367D_INTR_IMS_8051_LEARN_OVER_8051_OFFSET		OFFSET_SHIFT	2	2	6619
D	RTL8367D_INTR_IMS_8051_LEARN_OVER_8051_MASK		MASK	0x4	4	6620
D	RTL8367D_INTR_IMS_8051_METER_EXCEEDED_8051_OFFSET		OFFSET_SHIFT	1	1	6621
D	RTL8367D_INTR_IMS_8051_METER_EXCEEDED_8051_MASK		MASK	0x2	2	6622
D	RTL8367D_INTR_IMS_8051_LINK_CHANGE_8051_OFFSET		OFFSET_SHIFT	0	0	6623
D	RTL8367D_INTR_IMS_8051_LINK_CHANGE_8051_MASK		MASK	0x1	1	6624
D	RTL8367D_REG_DW8051_INT_CPU		REGISTER	0x111a	4378	6626
D	RTL8367D_DW8051_INT_CPU_OFFSET		OFFSET_SHIFT	0	0	6627
D	RTL8367D_DW8051_INT_CPU_MASK		MASK	0x1	1	6628
D	RTL8367D_REG_LEARN_OVER_INDICATOR_8051		REGISTER	0x1120	4384	6630
D	RTL8367D_LEARN_OVER_INDICATOR_8051_OFFSET		OFFSET_SHIFT	0	0	6631
D	RTL8367D_LEARN_OVER_INDICATOR_8051_MASK		MASK	0xFF	255	6632
D	RTL8367D_REG_SPEED_CHANGE_INDICATOR_8051		REGISTER	0x1121	4385	6634
D	RTL8367D_SPEED_CHANGE_INDICATOR_8051_OFFSET		OFFSET_SHIFT	0	0	6635
D	RTL8367D_SPEED_CHANGE_INDICATOR_8051_MASK		MASK	0xFF	255	6636
D	RTL8367D_REG_SPECIAL_CONGEST_INDICATOR_8051		REGISTER	0x1122	4386	6638
D	RTL8367D_SPECIAL_CONGEST_INDICATOR_8051_OFFSET		OFFSET_SHIFT	0	0	6639
D	RTL8367D_SPECIAL_CONGEST_INDICATOR_8051_MASK		MASK	0xFF	255	6640
D	RTL8367D_REG_PORT_LINKDOWN_INDICATOR_8051		REGISTER	0x1123	4387	6642
D	RTL8367D_PORT_LINKDOWN_INDICATOR_8051_OFFSET		OFFSET_SHIFT	0	0	6643
D	RTL8367D_PORT_LINKDOWN_INDICATOR_8051_MASK		MASK	0xFF	255	6644
D	RTL8367D_REG_PORT_LINKUP_INDICATOR_8051		REGISTER	0x1124	4388	6646
D	RTL8367D_PORT_LINKUP_INDICATOR_8051_OFFSET		OFFSET_SHIFT	0	0	6647
D	RTL8367D_PORT_LINKUP_INDICATOR_8051_MASK		MASK	0xFF	255	6648
D	RTL8367D_REG_THERMAL_ALARM_INDICATOR_8051		REGISTER	0x1125	4389	6650
D	RTL8367D_THERMAL_ALARM_INDICATOR_8051_OFFSET		OFFSET_SHIFT	0	0	6651
D	RTL8367D_THERMAL_ALARM_INDICATOR_8051_MASK		MASK	0xF	15	6652
D	RTL8367D_REG_INTR_IMS_BUFFER_RESET		REGISTER	0x112a	4394	6654
D	RTL8367D_INTR_IMS_BUFFER_RESET_IMR_BUFF_RESET_OFFSET		OFFSET_SHIFT	1	1	6655
D	RTL8367D_INTR_IMS_BUFFER_RESET_IMR_BUFF_RESET_MASK		MASK	0x2	2	6656
D	RTL8367D_INTR_IMS_BUFFER_RESET_BUFFER_RESET_OFFSET		OFFSET_SHIFT	0	0	6657
D	RTL8367D_INTR_IMS_BUFFER_RESET_BUFFER_RESET_MASK		MASK	0x1	1	6658
D	RTL8367D_REG_INTR_IMS_8051_BUFFER_RESET		REGISTER	0x112b	4395	6660
D	RTL8367D_INTR_IMS_8051_BUFFER_RESET_IMR_BUFF_RESET_OFFSET		OFFSET_SHIFT	1	1	6661
D	RTL8367D_INTR_IMS_8051_BUFFER_RESET_IMR_BUFF_RESET_MASK		MASK	0x2	2	6662
D	RTL8367D_INTR_IMS_8051_BUFFER_RESET_BUFFER_RESET_OFFSET		OFFSET_SHIFT	0	0	6663
D	RTL8367D_INTR_IMS_8051_BUFFER_RESET_BUFFER_RESET_MASK		MASK	0x1	1	6664
D	RTL8367D_REG_GPHY_INTRPT_8051		REGISTER	0x112c	4396	6666
D	RTL8367D_IMS_GPHY_8051_OFFSET		OFFSET_SHIFT	5	5	6667
D	RTL8367D_IMS_GPHY_8051_MASK		MASK	0x3E0	992	6668
D	RTL8367D_IMR_GPHY_8051_OFFSET		OFFSET_SHIFT	0	0	6669
D	RTL8367D_IMR_GPHY_8051_MASK		MASK	0x1F	31	6670
D	RTL8367D_REG_GPHY_INTRPT		REGISTER	0x112d	4397	6672
D	RTL8367D_IMS_GPHY_OFFSET		OFFSET_SHIFT	5	5	6673
D	RTL8367D_IMS_GPHY_MASK		MASK	0x3E0	992	6674
D	RTL8367D_IMR_GPHY_OFFSET		OFFSET_SHIFT	0	0	6675
D	RTL8367D_IMR_GPHY_MASK		MASK	0x1F	31	6676
D	RTL8367D_REG_MAX_LENGTH_LIMINT_IPG		REGISTER	0x1200	4608	6680
D	RTL8367D_EGSFC_SHARE_PKT_THRESHOLD_OFFSET		OFFSET_SHIFT	6	6	6681
D	RTL8367D_EGSFC_SHARE_PKT_THRESHOLD_MASK		MASK	0x1FC0	8128	6682
D	RTL8367D_CHECK_MIN_IPG_RXDV_OFFSET		OFFSET_SHIFT	5	5	6683
D	RTL8367D_CHECK_MIN_IPG_RXDV_MASK		MASK	0x20	32	6684
D	RTL8367D_LIMIT_IPG_CFG_OFFSET		OFFSET_SHIFT	0	0	6685
D	RTL8367D_LIMIT_IPG_CFG_MASK		MASK	0x1F	31	6686
D	RTL8367D_REG_IOL_RXDROP_CFG		REGISTER	0x1201	4609	6688
D	RTL8367D_RX_IOL_MAX_LENGTH_CFG_OFFSET		OFFSET_SHIFT	13	13	6689
D	RTL8367D_RX_IOL_MAX_LENGTH_CFG_MASK		MASK	0x2000	8192	6690
D	RTL8367D_RX_IOL_ERROR_LENGTH_CFG_OFFSET		OFFSET_SHIFT	12	12	6691
D	RTL8367D_RX_IOL_ERROR_LENGTH_CFG_MASK		MASK	0x1000	4096	6692
D	RTL8367D_RX_NODROP_PAUSE_CFG_OFFSET		OFFSET_SHIFT	8	8	6693
D	RTL8367D_RX_NODROP_PAUSE_CFG_MASK		MASK	0x100	256	6694
D	RTL8367D_RX_DV_CNT_CFG_OFFSET		OFFSET_SHIFT	0	0	6695
D	RTL8367D_RX_DV_CNT_CFG_MASK		MASK	0x3F	63	6696
D	RTL8367D_REG_VS_TPID		REGISTER	0x1202	4610	6698
D	RTL8367D_REG_INBW_HBOUND		REGISTER	0x1203	4611	6700
D	RTL8367D_INBW_HBOUND_OFFSET		OFFSET_SHIFT	0	0	6701
D	RTL8367D_INBW_HBOUND_MASK		MASK	0xFF	255	6702
D	RTL8367D_REG_CFG_TX_ITFSP_OP		REGISTER	0x1204	4612	6704
D	RTL8367D_MASK_OFFSET		MASK	1	1	6705
D	RTL8367D_MASK_MASK		MASK	0x2	2	6706
D	RTL8367D_OP_OFFSET		OFFSET_SHIFT	0	0	6707
D	RTL8367D_OP_MASK		MASK	0x1	1	6708
D	RTL8367D_REG_INBW_LBOUND		REGISTER	0x1205	4613	6710
D	RTL8367D_INBW_LBOUND_OFFSET		OFFSET_SHIFT	0	0	6711
D	RTL8367D_INBW_LBOUND_MASK		MASK	0xFF	255	6712
D	RTL8367D_REG_CFG_48PASS1_DROP		REGISTER	0x1206	4614	6714
D	RTL8367D_CFG_48PASS1_DROP_OFFSET		OFFSET_SHIFT	0	0	6715
D	RTL8367D_CFG_48PASS1_DROP_MASK		MASK	0x1	1	6716
D	RTL8367D_REG_CFG_BACKPRESSURE		REGISTER	0x1207	4615	6718
D	RTL8367D_LONGTXE_OFFSET		OFFSET_SHIFT	12	12	6719
D	RTL8367D_LONGTXE_MASK		MASK	0x1000	4096	6720
D	RTL8367D_EN_BYPASS_ERROR_OFFSET		OFFSET_SHIFT	8	8	6721
D	RTL8367D_EN_BYPASS_ERROR_MASK		MASK	0x100	256	6722
D	RTL8367D_EN_BACKPRESSURE_OFFSET		OFFSET_SHIFT	4	4	6723
D	RTL8367D_EN_BACKPRESSURE_MASK		MASK	0x10	16	6724
D	RTL8367D_EN_48_PASS_1_OFFSET		OFFSET_SHIFT	0	0	6725
D	RTL8367D_EN_48_PASS_1_MASK		MASK	0x1	1	6726
D	RTL8367D_REG_CFG_UNHIOL		REGISTER	0x1208	4616	6728
D	RTL8367D_IOL_BACKOFF_OFFSET		OFFSET_SHIFT	12	12	6729
D	RTL8367D_IOL_BACKOFF_MASK		MASK	0x1000	4096	6730
D	RTL8367D_BACKOFF_RANDOM_TIME_OFFSET		OFFSET_SHIFT	8	8	6731
D	RTL8367D_BACKOFF_RANDOM_TIME_MASK		MASK	0x100	256	6732
D	RTL8367D_DISABLE_BACK_OFF_OFFSET		OFFSET_SHIFT	4	4	6733
D	RTL8367D_DISABLE_BACK_OFF_MASK		MASK	0x10	16	6734
D	RTL8367D_IPG_COMPENSATION_OFFSET		OFFSET_SHIFT	0	0	6735
D	RTL8367D_IPG_COMPENSATION_MASK		MASK	0x1	1	6736
D	RTL8367D_REG_SWITCH_MAC0		REGISTER	0x1209	4617	6738
D	RTL8367D_REG_SWITCH_MAC1		REGISTER	0x120a	4618	6740
D	RTL8367D_REG_SWITCH_MAC2		REGISTER	0x120b	4619	6742
D	RTL8367D_REG_SWITCH_CTRL0		REGISTER	0x120c	4620	6744
D	RTL8367D_PORT7_REMARKING_DSCP_ENABLE_OFFSET		OFFSET_SHIFT	15	15	6745
D	RTL8367D_PORT7_REMARKING_DSCP_ENABLE_MASK		MASK	0x8000	32768	6746
D	RTL8367D_PORT6_REMARKING_DSCP_ENABLE_OFFSET		OFFSET_SHIFT	14	14	6747
D	RTL8367D_PORT6_REMARKING_DSCP_ENABLE_MASK		MASK	0x4000	16384	6748
D	RTL8367D_PORT5_REMARKING_DSCP_ENABLE_OFFSET		OFFSET_SHIFT	13	13	6749
D	RTL8367D_PORT5_REMARKING_DSCP_ENABLE_MASK		MASK	0x2000	8192	6750
D	RTL8367D_PORT4_REMARKING_DSCP_ENABLE_OFFSET		OFFSET_SHIFT	12	12	6751
D	RTL8367D_PORT4_REMARKING_DSCP_ENABLE_MASK		MASK	0x1000	4096	6752
D	RTL8367D_PORT3_REMARKING_DSCP_ENABLE_OFFSET		OFFSET_SHIFT	11	11	6753
D	RTL8367D_PORT3_REMARKING_DSCP_ENABLE_MASK		MASK	0x800	2048	6754
D	RTL8367D_PORT2_REMARKING_DSCP_ENABLE_OFFSET		OFFSET_SHIFT	10	10	6755
D	RTL8367D_PORT2_REMARKING_DSCP_ENABLE_MASK		MASK	0x400	1024	6756
D	RTL8367D_PORT1_REMARKING_DSCP_ENABLE_OFFSET		OFFSET_SHIFT	9	9	6757
D	RTL8367D_PORT1_REMARKING_DSCP_ENABLE_MASK		MASK	0x200	512	6758
D	RTL8367D_PORT0_REMARKING_DSCP_ENABLE_OFFSET		OFFSET_SHIFT	8	8	6759
D	RTL8367D_PORT0_REMARKING_DSCP_ENABLE_MASK		MASK	0x100	256	6760
D	RTL8367D_SHORT_IPG_OFFSET		OFFSET_SHIFT	4	4	6761
D	RTL8367D_SHORT_IPG_MASK		MASK	0x10	16	6762
D	RTL8367D_PAUSE_MAX128_OFFSET		OFFSET_SHIFT	0	0	6763
D	RTL8367D_PAUSE_MAX128_MASK		MASK	0x1	1	6764
D	RTL8367D_REG_QOS_DSCP_REMARK_CTRL0		REGISTER	0x120d	4621	6766
D	RTL8367D_INTPRI1_DSCP_OFFSET		OFFSET_SHIFT	8	8	6767
D	RTL8367D_INTPRI1_DSCP_MASK		MASK	0x3F00	16128	6768
D	RTL8367D_INTPRI0_DSCP_OFFSET		OFFSET_SHIFT	0	0	6769
D	RTL8367D_INTPRI0_DSCP_MASK		MASK	0x3F	63	6770
D	RTL8367D_REG_QOS_DSCP_REMARK_CTRL1		REGISTER	0x120e	4622	6772
D	RTL8367D_INTPRI3_DSCP_OFFSET		OFFSET_SHIFT	8	8	6773
D	RTL8367D_INTPRI3_DSCP_MASK		MASK	0x3F00	16128	6774
D	RTL8367D_INTPRI2_DSCP_OFFSET		OFFSET_SHIFT	0	0	6775
D	RTL8367D_INTPRI2_DSCP_MASK		MASK	0x3F	63	6776
D	RTL8367D_REG_QOS_DSCP_REMARK_CTRL2		REGISTER	0x120f	4623	6778
D	RTL8367D_INTPRI5_DSCP_OFFSET		OFFSET_SHIFT	8	8	6779
D	RTL8367D_INTPRI5_DSCP_MASK		MASK	0x3F00	16128	6780
D	RTL8367D_INTPRI4_DSCP_OFFSET		OFFSET_SHIFT	0	0	6781
D	RTL8367D_INTPRI4_DSCP_MASK		MASK	0x3F	63	6782
D	RTL8367D_REG_QOS_DSCP_REMARK_CTRL3		REGISTER	0x1210	4624	6784
D	RTL8367D_INTPRI7_DSCP_OFFSET		OFFSET_SHIFT	8	8	6785
D	RTL8367D_INTPRI7_DSCP_MASK		MASK	0x3F00	16128	6786
D	RTL8367D_INTPRI6_DSCP_OFFSET		OFFSET_SHIFT	0	0	6787
D	RTL8367D_INTPRI6_DSCP_MASK		MASK	0x3F	63	6788
D	RTL8367D_REG_QOS_1Q_REMARK_CTRL0		REGISTER	0x1211	4625	6790
D	RTL8367D_INTPRI3_PRI_OFFSET		OFFSET_SHIFT	12	12	6791
D	RTL8367D_INTPRI3_PRI_MASK		MASK	0x7000	28672	6792
D	RTL8367D_INTPRI2_PRI_OFFSET		OFFSET_SHIFT	8	8	6793
D	RTL8367D_INTPRI2_PRI_MASK		MASK	0x700	1792	6794
D	RTL8367D_INTPRI1_PRI_OFFSET		OFFSET_SHIFT	4	4	6795
D	RTL8367D_INTPRI1_PRI_MASK		MASK	0x70	112	6796
D	RTL8367D_INTPRI0_PRI_OFFSET		OFFSET_SHIFT	0	0	6797
D	RTL8367D_INTPRI0_PRI_MASK		MASK	0x7	7	6798
D	RTL8367D_REG_QOS_1Q_REMARK_CTRL1		REGISTER	0x1212	4626	6800
D	RTL8367D_INTPRI7_PRI_OFFSET		OFFSET_SHIFT	12	12	6801
D	RTL8367D_INTPRI7_PRI_MASK		MASK	0x7000	28672	6802
D	RTL8367D_INTPRI6_PRI_OFFSET		OFFSET_SHIFT	8	8	6803
D	RTL8367D_INTPRI6_PRI_MASK		MASK	0x700	1792	6804
D	RTL8367D_INTPRI5_PRI_OFFSET		OFFSET_SHIFT	4	4	6805
D	RTL8367D_INTPRI5_PRI_MASK		MASK	0x70	112	6806
D	RTL8367D_INTPRI4_PRI_OFFSET		OFFSET_SHIFT	0	0	6807
D	RTL8367D_INTPRI4_PRI_MASK		MASK	0x7	7	6808
D	RTL8367D_REG_PKTGEN_COMMAND		REGISTER	0x1213	4627	6810
D	RTL8367D_PKTGEN_STOP_OFFSET		OFFSET_SHIFT	8	8	6811
D	RTL8367D_PKTGEN_STOP_MASK		MASK	0x100	256	6812
D	RTL8367D_PKTGEN_START_OFFSET		OFFSET_SHIFT	4	4	6813
D	RTL8367D_PKTGEN_START_MASK		MASK	0x10	16	6814
D	RTL8367D_PKTGEN_BYPASS_FLOWCONTROL_OFFSET		OFFSET_SHIFT	0	0	6815
D	RTL8367D_PKTGEN_BYPASS_FLOWCONTROL_MASK		MASK	0x1	1	6816
D	RTL8367D_REG_SW_DUMMY0		REGISTER	0x1214	4628	6818
D	RTL8367D_SW_DUMMY0_DUMMY_OFFSET		OFFSET_SHIFT	4	4	6819
D	RTL8367D_SW_DUMMY0_DUMMY_MASK		MASK	0xFFF0	65520	6820
D	RTL8367D_EEE_DEFER_TXLPI_OFFSET		OFFSET_SHIFT	3	3	6821
D	RTL8367D_EEE_DEFER_TXLPI_MASK		MASK	0x8	8	6822
D	RTL8367D_INGRESSBW_BYPASS_EN_OFFSET		OFFSET_SHIFT	2	2	6823
D	RTL8367D_INGRESSBW_BYPASS_EN_MASK		MASK	0x4	4	6824
D	RTL8367D_CFG_RX_MIN_OFFSET		OFFSET_SHIFT	0	0	6825
D	RTL8367D_CFG_RX_MIN_MASK		MASK	0x3	3	6826
D	RTL8367D_REG_SW_DUMMY1		REGISTER	0x1215	4629	6828
D	RTL8367D_REG_PKTGEN_PAUSE_TIME		REGISTER	0x1216	4630	6830
D	RTL8367D_REG_SVLAN_UPLINK_PORTMASK		REGISTER	0x1218	4632	6832
D	RTL8367D_SVLAN_UPLINK_PORTMASK_OFFSET		OFFSET_SHIFT	0	0	6833
D	RTL8367D_SVLAN_UPLINK_PORTMASK_MASK		MASK	0xFF	255	6834
D	RTL8367D_REG_CPU_PORT_MASK		REGISTER	0x1219	4633	6836
D	RTL8367D_CPU_PORT_MASK_OFFSET		MASK	0	0	6837
D	RTL8367D_CPU_PORT_MASK_MASK		MASK	0xFF	255	6838
D	RTL8367D_REG_CPU_CTRL		REGISTER	0x121a	4634	6840
D	RTL8367D_CPU_TAG_FORMAT_PRI_OFFSET		OFFSET_SHIFT	10	10	6841
D	RTL8367D_CPU_TAG_FORMAT_PRI_MASK		MASK	0x400	1024	6842
D	RTL8367D_CPU_TAG_FORMAT_OFFSET		OFFSET_SHIFT	9	9	6843
D	RTL8367D_CPU_TAG_FORMAT_MASK		MASK	0x200	512	6844
D	RTL8367D_IOL_16DROP_OFFSET		OFFSET_SHIFT	8	8	6845
D	RTL8367D_IOL_16DROP_MASK		MASK	0x100	256	6846
D	RTL8367D_CPU_TAG_RXBYTECOUNT_OFFSET		OFFSET_SHIFT	7	7	6847
D	RTL8367D_CPU_TAG_RXBYTECOUNT_MASK		MASK	0x80	128	6848
D	RTL8367D_CPU_TAG_POSITION_OFFSET		OFFSET_SHIFT	6	6	6849
D	RTL8367D_CPU_TAG_POSITION_MASK		MASK	0x40	64	6850
D	RTL8367D_CPU_TRAP_PORT_OFFSET		OFFSET_SHIFT	3	3	6851
D	RTL8367D_CPU_TRAP_PORT_MASK		MASK	0x38	56	6852
D	RTL8367D_CPU_INSERTMODE_OFFSET		OFFSET_SHIFT	1	1	6853
D	RTL8367D_CPU_INSERTMODE_MASK		MASK	0x6	6	6854
D	RTL8367D_CPU_EN_OFFSET		OFFSET_SHIFT	0	0	6855
D	RTL8367D_CPU_EN_MASK		MASK	0x1	1	6856
D	RTL8367D_REG_MIRROR_CTRL		REGISTER	0x121c	4636	6858
D	RTL8367D_MIRROR_CTRL_DUMMY_OFFSET		OFFSET_SHIFT	12	12	6859
D	RTL8367D_MIRROR_CTRL_DUMMY_MASK		MASK	0xF000	61440	6860
D	RTL8367D_MIRROR_ISO_OFFSET		OFFSET_SHIFT	11	11	6861
D	RTL8367D_MIRROR_ISO_MASK		MASK	0x800	2048	6862
D	RTL8367D_MIRROR_MONITOR_PORT_OFFSET		OFFSET_SHIFT	4	4	6863
D	RTL8367D_MIRROR_MONITOR_PORT_MASK		MASK	0x70	112	6864
D	RTL8367D_REG_FLOWCTRL_CTRL0		REGISTER	0x121d	4637	6866
D	RTL8367D_DROP_ALL_THRESHOLD_OFFSET		OFFSET_SHIFT	5	5	6867
D	RTL8367D_DROP_ALL_THRESHOLD_MASK		MASK	0xFFE0	65504	6868
D	RTL8367D_ITFSP_REG_OFFSET		REGISTER	0	0	6869
D	RTL8367D_ITFSP_REG_MASK		REGISTER	0x7	7	6870
D	RTL8367D_REG_FLOWCTRL_ALL_ON		REGISTER	0x121e	4638	6872
D	RTL8367D_CFG_RLDPACT_OFFSET		OFFSET_SHIFT	12	12	6873
D	RTL8367D_CFG_RLDPACT_MASK		MASK	0x1000	4096	6874
D	RTL8367D_FLOWCTRL_ALL_ON_THRESHOLD_OFFSET		OFFSET_SHIFT	0	0	6875
D	RTL8367D_FLOWCTRL_ALL_ON_THRESHOLD_MASK		MASK	0x7FF	2047	6876
D	RTL8367D_REG_FLOWCTRL_SYS_ON		REGISTER	0x121f	4639	6878
D	RTL8367D_FLOWCTRL_SYS_ON_OFFSET		OFFSET_SHIFT	0	0	6879
D	RTL8367D_FLOWCTRL_SYS_ON_MASK		MASK	0x7FF	2047	6880
D	RTL8367D_REG_FLOWCTRL_SYS_OFF		REGISTER	0x1220	4640	6882
D	RTL8367D_FLOWCTRL_SYS_OFF_OFFSET		OFFSET_SHIFT	0	0	6883
D	RTL8367D_FLOWCTRL_SYS_OFF_MASK		MASK	0x7FF	2047	6884
D	RTL8367D_REG_FLOWCTRL_SHARE_ON		REGISTER	0x1221	4641	6886
D	RTL8367D_FLOWCTRL_SHARE_ON_OFFSET		OFFSET_SHIFT	0	0	6887
D	RTL8367D_FLOWCTRL_SHARE_ON_MASK		MASK	0x7FF	2047	6888
D	RTL8367D_REG_FLOWCTRL_SHARE_OFF		REGISTER	0x1222	4642	6890
D	RTL8367D_FLOWCTRL_SHARE_OFF_OFFSET		OFFSET_SHIFT	0	0	6891
D	RTL8367D_FLOWCTRL_SHARE_OFF_MASK		MASK	0x7FF	2047	6892
D	RTL8367D_REG_FLOWCTRL_FCOFF_SYS_ON		REGISTER	0x1223	4643	6894
D	RTL8367D_FLOWCTRL_FCOFF_SYS_ON_OFFSET		OFFSET_SHIFT	0	0	6895
D	RTL8367D_FLOWCTRL_FCOFF_SYS_ON_MASK		MASK	0x7FF	2047	6896
D	RTL8367D_REG_FLOWCTRL_FCOFF_SYS_OFF		REGISTER	0x1224	4644	6898
D	RTL8367D_FLOWCTRL_FCOFF_SYS_OFF_OFFSET		OFFSET_SHIFT	0	0	6899
D	RTL8367D_FLOWCTRL_FCOFF_SYS_OFF_MASK		MASK	0x7FF	2047	6900
D	RTL8367D_REG_FLOWCTRL_FCOFF_SHARE_ON		REGISTER	0x1225	4645	6902
D	RTL8367D_FLOWCTRL_FCOFF_SHARE_ON_OFFSET		OFFSET_SHIFT	0	0	6903
D	RTL8367D_FLOWCTRL_FCOFF_SHARE_ON_MASK		MASK	0x7FF	2047	6904
D	RTL8367D_REG_FLOWCTRL_FCOFF_SHARE_OFF		REGISTER	0x1226	4646	6906
D	RTL8367D_FLOWCTRL_FCOFF_SHARE_OFF_OFFSET		OFFSET_SHIFT	0	0	6907
D	RTL8367D_FLOWCTRL_FCOFF_SHARE_OFF_MASK		MASK	0x7FF	2047	6908
D	RTL8367D_REG_FLOWCTRL_PORT_ON		REGISTER	0x1227	4647	6910
D	RTL8367D_FLOWCTRL_PORT_ON_OFFSET		OFFSET_SHIFT	0	0	6911
D	RTL8367D_FLOWCTRL_PORT_ON_MASK		MASK	0x7FF	2047	6912
D	RTL8367D_REG_FLOWCTRL_PORT_OFF		REGISTER	0x1228	4648	6914
D	RTL8367D_FLOWCTRL_PORT_OFF_OFFSET		OFFSET_SHIFT	0	0	6915
D	RTL8367D_FLOWCTRL_PORT_OFF_MASK		MASK	0x7FF	2047	6916
D	RTL8367D_REG_FLOWCTRL_PORT_PRIVATE_ON		REGISTER	0x1229	4649	6918
D	RTL8367D_FLOWCTRL_PORT_PRIVATE_ON_OFFSET		OFFSET_SHIFT	0	0	6919
D	RTL8367D_FLOWCTRL_PORT_PRIVATE_ON_MASK		MASK	0x7FF	2047	6920
D	RTL8367D_REG_FLOWCTRL_PORT_PRIVATE_OFF		REGISTER	0x122a	4650	6922
D	RTL8367D_FLOWCTRL_PORT_PRIVATE_OFF_OFFSET		OFFSET_SHIFT	0	0	6923
D	RTL8367D_FLOWCTRL_PORT_PRIVATE_OFF_MASK		MASK	0x7FF	2047	6924
D	RTL8367D_REG_RRCP_CTRL0		REGISTER	0x122b	4651	6926
D	RTL8367D_OCPDIR_EN_OFFSET		OFFSET_SHIFT	15	15	6927
D	RTL8367D_OCPDIR_EN_MASK		MASK	0x8000	32768	6928
D	RTL8367D_COL_SEL_OFFSET		OFFSET_SHIFT	14	14	6929
D	RTL8367D_COL_SEL_MASK		MASK	0x4000	16384	6930
D	RTL8367D_CRS_SEL_OFFSET		OFFSET_SHIFT	13	13	6931
D	RTL8367D_CRS_SEL_MASK		MASK	0x2000	8192	6932
D	RTL8367D_REG_FLOWCTRL_FCOFF_PORT_ON		REGISTER	0x122f	4655	6934
D	RTL8367D_FLOWCTRL_FCOFF_PORT_ON_OFFSET		OFFSET_SHIFT	0	0	6935
D	RTL8367D_FLOWCTRL_FCOFF_PORT_ON_MASK		MASK	0x7FF	2047	6936
D	RTL8367D_REG_FLOWCTRL_FCOFF_PORT_OFF		REGISTER	0x1230	4656	6938
D	RTL8367D_FLOWCTRL_FCOFF_PORT_OFF_OFFSET		OFFSET_SHIFT	0	0	6939
D	RTL8367D_FLOWCTRL_FCOFF_PORT_OFF_MASK		MASK	0x7FF	2047	6940
D	RTL8367D_REG_FLOWCTRL_FCOFF_PORT_PRIVATE_ON		REGISTER	0x1231	4657	6942
D	RTL8367D_FLOWCTRL_FCOFF_PORT_PRIVATE_ON_OFFSET		OFFSET_SHIFT	0	0	6943
D	RTL8367D_FLOWCTRL_FCOFF_PORT_PRIVATE_ON_MASK		MASK	0x7FF	2047	6944
D	RTL8367D_REG_FLOWCTRL_FCOFF_PORT_PRIVATE_OFF		REGISTER	0x1232	4658	6946
D	RTL8367D_FLOWCTRL_FCOFF_PORT_PRIVATE_OFF_OFFSET		OFFSET_SHIFT	0	0	6947
D	RTL8367D_FLOWCTRL_FCOFF_PORT_PRIVATE_OFF_MASK		MASK	0x7FF	2047	6948
D	RTL8367D_REG_FLOWCTRL_JUMBO_SYS_ON		REGISTER	0x1233	4659	6950
D	RTL8367D_FLOWCTRL_JUMBO_SYS_ON_OFFSET		OFFSET_SHIFT	0	0	6951
D	RTL8367D_FLOWCTRL_JUMBO_SYS_ON_MASK		MASK	0x7FF	2047	6952
D	RTL8367D_REG_FLOWCTRL_JUMBO_SYS_OFF		REGISTER	0x1234	4660	6954
D	RTL8367D_FLOWCTRL_JUMBO_SYS_OFF_OFFSET		OFFSET_SHIFT	0	0	6955
D	RTL8367D_FLOWCTRL_JUMBO_SYS_OFF_MASK		MASK	0x7FF	2047	6956
D	RTL8367D_REG_FLOWCTRL_JUMBO_SHARE_ON		REGISTER	0x1235	4661	6958
D	RTL8367D_FLOWCTRL_JUMBO_SHARE_ON_OFFSET		OFFSET_SHIFT	0	0	6959
D	RTL8367D_FLOWCTRL_JUMBO_SHARE_ON_MASK		MASK	0x7FF	2047	6960
D	RTL8367D_REG_FLOWCTRL_JUMBO_SHARE_OFF		REGISTER	0x1236	4662	6962
D	RTL8367D_FLOWCTRL_JUMBO_SHARE_OFF_OFFSET		OFFSET_SHIFT	0	0	6963
D	RTL8367D_FLOWCTRL_JUMBO_SHARE_OFF_MASK		MASK	0x7FF	2047	6964
D	RTL8367D_REG_FLOWCTRL_JUMBO_PORT_ON		REGISTER	0x1237	4663	6966
D	RTL8367D_FLOWCTRL_JUMBO_PORT_ON_OFFSET		OFFSET_SHIFT	0	0	6967
D	RTL8367D_FLOWCTRL_JUMBO_PORT_ON_MASK		MASK	0x7FF	2047	6968
D	RTL8367D_REG_FLOWCTRL_JUMBO_PORT_OFF		REGISTER	0x1238	4664	6970
D	RTL8367D_FLOWCTRL_JUMBO_PORT_OFF_OFFSET		OFFSET_SHIFT	0	0	6971
D	RTL8367D_FLOWCTRL_JUMBO_PORT_OFF_MASK		MASK	0x7FF	2047	6972
D	RTL8367D_REG_FLOWCTRL_JUMBO_PORT_PRIVATE_ON		REGISTER	0x1239	4665	6974
D	RTL8367D_FLOWCTRL_JUMBO_PORT_PRIVATE_ON_OFFSET		OFFSET_SHIFT	0	0	6975
D	RTL8367D_FLOWCTRL_JUMBO_PORT_PRIVATE_ON_MASK		MASK	0x7FF	2047	6976
D	RTL8367D_REG_FLOWCTRL_JUMBO_PORT_PRIVATE_OFF		REGISTER	0x123a	4666	6978
D	RTL8367D_FLOWCTRL_JUMBO_PORT_PRIVATE_OFF_OFFSET		OFFSET_SHIFT	0	0	6979
D	RTL8367D_FLOWCTRL_JUMBO_PORT_PRIVATE_OFF_MASK		MASK	0x7FF	2047	6980
D	RTL8367D_REG_FLOWCTRL_JUMBO_SIZE		REGISTER	0x123b	4667	6982
D	RTL8367D_JUMBO_MODE_OFFSET		OFFSET_SHIFT	2	2	6983
D	RTL8367D_JUMBO_MODE_MASK		MASK	0x4	4	6984
D	RTL8367D_JUMBO_SIZE_OFFSET		OFFSET_SHIFT	0	0	6985
D	RTL8367D_JUMBO_SIZE_MASK		MASK	0x3	3	6986
D	RTL8367D_REG_FLOWCTRL_TOTAL_PAGE_COUNTER		REGISTER	0x124c	4684	6988
D	RTL8367D_FLOWCTRL_TOTAL_PAGE_COUNTER_OFFSET		OFFSET_SHIFT	0	0	6989
D	RTL8367D_FLOWCTRL_TOTAL_PAGE_COUNTER_MASK		MASK	0x7FF	2047	6990
D	RTL8367D_REG_FLOWCTRL_PUBLIC_PAGE_COUNTER		REGISTER	0x124d	4685	6992
D	RTL8367D_FLOWCTRL_PUBLIC_PAGE_COUNTER_OFFSET		OFFSET_SHIFT	0	0	6993
D	RTL8367D_FLOWCTRL_PUBLIC_PAGE_COUNTER_MASK		MASK	0x7FF	2047	6994
D	RTL8367D_REG_FLOWCTRL_TOTAL_PAGE_MAX		REGISTER	0x124e	4686	6996
D	RTL8367D_FLOWCTRL_TOTAL_PAGE_MAX_OFFSET		OFFSET_SHIFT	0	0	6997
D	RTL8367D_FLOWCTRL_TOTAL_PAGE_MAX_MASK		MASK	0x7FF	2047	6998
D	RTL8367D_REG_FLOWCTRL_PUBLIC_PAGE_MAX		REGISTER	0x124f	4687	7000
D	RTL8367D_FLOWCTRL_PUBLIC_PAGE_MAX_OFFSET		OFFSET_SHIFT	0	0	7001
D	RTL8367D_FLOWCTRL_PUBLIC_PAGE_MAX_MASK		MASK	0x7FF	2047	7002
D	RTL8367D_REG_FLOWCTRL_PORT0_PAGE_COUNTER		REGISTER	0x1250	4688	7004
D	RTL8367D_FLOWCTRL_PORT0_PAGE_COUNTER_OFFSET		OFFSET_SHIFT	0	0	7005
D	RTL8367D_FLOWCTRL_PORT0_PAGE_COUNTER_MASK		MASK	0x7FF	2047	7006
D	RTL8367D_REG_FLOWCTRL_PORT1_PAGE_COUNTER		REGISTER	0x1251	4689	7008
D	RTL8367D_FLOWCTRL_PORT1_PAGE_COUNTER_OFFSET		OFFSET_SHIFT	0	0	7009
D	RTL8367D_FLOWCTRL_PORT1_PAGE_COUNTER_MASK		MASK	0x7FF	2047	7010
D	RTL8367D_REG_FLOWCTRL_PORT2_PAGE_COUNTER		REGISTER	0x1252	4690	7012
D	RTL8367D_FLOWCTRL_PORT2_PAGE_COUNTER_OFFSET		OFFSET_SHIFT	0	0	7013
D	RTL8367D_FLOWCTRL_PORT2_PAGE_COUNTER_MASK		MASK	0x7FF	2047	7014
D	RTL8367D_REG_FLOWCTRL_PORT3_PAGE_COUNTER		REGISTER	0x1253	4691	7016
D	RTL8367D_FLOWCTRL_PORT3_PAGE_COUNTER_OFFSET		OFFSET_SHIFT	0	0	7017
D	RTL8367D_FLOWCTRL_PORT3_PAGE_COUNTER_MASK		MASK	0x7FF	2047	7018
D	RTL8367D_REG_FLOWCTRL_PORT4_PAGE_COUNTER		REGISTER	0x1254	4692	7020
D	RTL8367D_FLOWCTRL_PORT4_PAGE_COUNTER_OFFSET		OFFSET_SHIFT	0	0	7021
D	RTL8367D_FLOWCTRL_PORT4_PAGE_COUNTER_MASK		MASK	0x7FF	2047	7022
D	RTL8367D_REG_FLOWCTRL_PORT5_PAGE_COUNTER		REGISTER	0x1255	4693	7024
D	RTL8367D_FLOWCTRL_PORT5_PAGE_COUNTER_OFFSET		OFFSET_SHIFT	0	0	7025
D	RTL8367D_FLOWCTRL_PORT5_PAGE_COUNTER_MASK		MASK	0x7FF	2047	7026
D	RTL8367D_REG_FLOWCTRL_PORT6_PAGE_COUNTER		REGISTER	0x1256	4694	7028
D	RTL8367D_FLOWCTRL_PORT6_PAGE_COUNTER_OFFSET		OFFSET_SHIFT	0	0	7029
D	RTL8367D_FLOWCTRL_PORT6_PAGE_COUNTER_MASK		MASK	0x7FF	2047	7030
D	RTL8367D_REG_FLOWCTRL_PORT7_PAGE_COUNTER		REGISTER	0x1257	4695	7032
D	RTL8367D_FLOWCTRL_PORT7_PAGE_COUNTER_OFFSET		OFFSET_SHIFT	0	0	7033
D	RTL8367D_FLOWCTRL_PORT7_PAGE_COUNTER_MASK		MASK	0x7FF	2047	7034
D	RTL8367D_REG_FLOWCTRL_PUBLIC_FCOFF_PAGE_COUNTER		REGISTER	0x1258	4696	7036
D	RTL8367D_FLOWCTRL_PUBLIC_FCOFF_PAGE_COUNTER_OFFSET		OFFSET_SHIFT	0	0	7037
D	RTL8367D_FLOWCTRL_PUBLIC_FCOFF_PAGE_COUNTER_MASK		MASK	0x7FF	2047	7038
D	RTL8367D_REG_FLOWCTRL_PUBLIC_JUMBO_PAGE_COUNTER		REGISTER	0x1259	4697	7040
D	RTL8367D_FLOWCTRL_PUBLIC_JUMBO_PAGE_COUNTER_OFFSET		OFFSET_SHIFT	0	0	7041
D	RTL8367D_FLOWCTRL_PUBLIC_JUMBO_PAGE_COUNTER_MASK		MASK	0x7FF	2047	7042
D	RTL8367D_REG_FLOWCTRL_MAX_PUBLIC_FCOFF_PAGE_COUNTER		REGISTER	0x125a	4698	7044
D	RTL8367D_FLOWCTRL_MAX_PUBLIC_FCOFF_PAGE_COUNTER_OFFSET		OFFSET_SHIFT	0	0	7045
D	RTL8367D_FLOWCTRL_MAX_PUBLIC_FCOFF_PAGE_COUNTER_MASK		MASK	0x7FF	2047	7046
D	RTL8367D_REG_FLOWCTRL_MAX_PUBLIC_JUMBO_PAGE_COUNTER		REGISTER	0x125b	4699	7048
D	RTL8367D_FLOWCTRL_MAX_PUBLIC_JUMBO_PAGE_COUNTER_OFFSET		OFFSET_SHIFT	0	0	7049
D	RTL8367D_FLOWCTRL_MAX_PUBLIC_JUMBO_PAGE_COUNTER_MASK		MASK	0x7FF	2047	7050
D	RTL8367D_REG_FLOWCTRL_PORT0_PAGE_MAX		REGISTER	0x1260	4704	7052
D	RTL8367D_FLOWCTRL_PORT0_PAGE_MAX_OFFSET		OFFSET_SHIFT	0	0	7053
D	RTL8367D_FLOWCTRL_PORT0_PAGE_MAX_MASK		MASK	0x7FF	2047	7054
D	RTL8367D_REG_FLOWCTRL_PORT1_PAGE_MAX		REGISTER	0x1261	4705	7056
D	RTL8367D_FLOWCTRL_PORT1_PAGE_MAX_OFFSET		OFFSET_SHIFT	0	0	7057
D	RTL8367D_FLOWCTRL_PORT1_PAGE_MAX_MASK		MASK	0x7FF	2047	7058
D	RTL8367D_REG_FLOWCTRL_PORT2_PAGE_MAX		REGISTER	0x1262	4706	7060
D	RTL8367D_FLOWCTRL_PORT2_PAGE_MAX_OFFSET		OFFSET_SHIFT	0	0	7061
D	RTL8367D_FLOWCTRL_PORT2_PAGE_MAX_MASK		MASK	0x7FF	2047	7062
D	RTL8367D_REG_FLOWCTRL_PORT3_PAGE_MAX		REGISTER	0x1263	4707	7064
D	RTL8367D_FLOWCTRL_PORT3_PAGE_MAX_OFFSET		OFFSET_SHIFT	0	0	7065
D	RTL8367D_FLOWCTRL_PORT3_PAGE_MAX_MASK		MASK	0x7FF	2047	7066
D	RTL8367D_REG_FLOWCTRL_PORT4_PAGE_MAX		REGISTER	0x1264	4708	7068
D	RTL8367D_FLOWCTRL_PORT4_PAGE_MAX_OFFSET		OFFSET_SHIFT	0	0	7069
D	RTL8367D_FLOWCTRL_PORT4_PAGE_MAX_MASK		MASK	0x7FF	2047	7070
D	RTL8367D_REG_FLOWCTRL_PORT5_PAGE_MAX		REGISTER	0x1265	4709	7072
D	RTL8367D_FLOWCTRL_PORT5_PAGE_MAX_OFFSET		OFFSET_SHIFT	0	0	7073
D	RTL8367D_FLOWCTRL_PORT5_PAGE_MAX_MASK		MASK	0x7FF	2047	7074
D	RTL8367D_REG_FLOWCTRL_PORT6_PAGE_MAX		REGISTER	0x1266	4710	7076
D	RTL8367D_FLOWCTRL_PORT6_PAGE_MAX_OFFSET		OFFSET_SHIFT	0	0	7077
D	RTL8367D_FLOWCTRL_PORT6_PAGE_MAX_MASK		MASK	0x7FF	2047	7078
D	RTL8367D_REG_FLOWCTRL_PORT7_PAGE_MAX		REGISTER	0x1267	4711	7080
D	RTL8367D_FLOWCTRL_PORT7_PAGE_MAX_OFFSET		OFFSET_SHIFT	0	0	7081
D	RTL8367D_FLOWCTRL_PORT7_PAGE_MAX_MASK		MASK	0x7FF	2047	7082
D	RTL8367D_REG_FLOWCTRL_PAGE_COUNT_CLEAR		REGISTER	0x1268	4712	7084
D	RTL8367D_DIS_SKIP_FP_OFFSET		OFFSET_SHIFT	1	1	7085
D	RTL8367D_DIS_SKIP_FP_MASK		MASK	0x2	2	7086
D	RTL8367D_PAGE_COUNT_CLEAR_OFFSET		OFFSET_SHIFT	0	0	7087
D	RTL8367D_PAGE_COUNT_CLEAR_MASK		MASK	0x1	1	7088
D	RTL8367D_REG_WOL_CFG		REGISTER	0x1270	4720	7090
D	RTL8367D_WOL_EN_OFFSET		OFFSET_SHIFT	8	8	7091
D	RTL8367D_WOL_EN_MASK		MASK	0x100	256	7092
D	RTL8367D_WOL_RX_MGGIC_PORTMASK_OFFSET		OFFSET_SHIFT	0	0	7093
D	RTL8367D_WOL_RX_MGGIC_PORTMASK_MASK		MASK	0xFF	255	7094
D	RTL8367D_REG_WOL_MAC0		REGISTER	0x1271	4721	7096
D	RTL8367D_REG_WOL_MAC1		REGISTER	0x1272	4722	7098
D	RTL8367D_REG_WOL_MAC2		REGISTER	0x1273	4723	7100
D	RTL8367D_REG_MIB_RMON_LEN_CTRL		REGISTER	0x128a	4746	7102
D	RTL8367D_RX_LENGTH_CTRL_OFFSET		OFFSET_SHIFT	1	1	7103
D	RTL8367D_RX_LENGTH_CTRL_MASK		MASK	0x2	2	7104
D	RTL8367D_TX_LENGTH_CTRL_OFFSET		OFFSET_SHIFT	0	0	7105
D	RTL8367D_TX_LENGTH_CTRL_MASK		MASK	0x1	1	7106
D	RTL8367D_REG_CHG_DUPLEX_CFG		REGISTER	0x1296	4758	7108
D	RTL8367D_CFG_CHG_DUP_EN_OFFSET		OFFSET_SHIFT	7	7	7109
D	RTL8367D_CFG_CHG_DUP_EN_MASK		MASK	0x80	128	7110
D	RTL8367D_CFG_CHG_DUP_THR_OFFSET		OFFSET_SHIFT	2	2	7111
D	RTL8367D_CFG_CHG_DUP_THR_MASK		MASK	0x7C	124	7112
D	RTL8367D_CFG_CHG_DUP_CONGEST_OFFSET		OFFSET_SHIFT	1	1	7113
D	RTL8367D_CFG_CHG_DUP_CONGEST_MASK		MASK	0x2	2	7114
D	RTL8367D_REG_RX_FC_REG		REGISTER	0x12aa	4778	7116
D	RTL8367D_RX_FC_REG_OFFSET		REGISTER	0	0	7117
D	RTL8367D_RX_FC_REG_MASK		REGISTER	0xFF	255	7118
D	RTL8367D_REG_MAX_FIFO_SIZE		REGISTER	0x12af	4783	7120
D	RTL8367D_MAX_FIFO_SIZE_OFFSET		OFFSET_SHIFT	0	0	7121
D	RTL8367D_MAX_FIFO_SIZE_MASK		MASK	0xF	15	7122
D	RTL8367D_REG_DUMMY_REG_12_2		REGISTER	0x12b2	4786	7124
D	RTL8367D_REG_BACK_PRESSURE_IPG		REGISTER	0x12be	4798	7126
D	RTL8367D_FIX_PAUSE_ISSUE_OFFSET		OFFSET_SHIFT	3	3	7127
D	RTL8367D_FIX_PAUSE_ISSUE_MASK		MASK	0x8	8	7128
D	RTL8367D_REPLACE_L3_CRC_OFFSET		OFFSET_SHIFT	2	2	7129
D	RTL8367D_REPLACE_L3_CRC_MASK		MASK	0x4	4	7130
D	RTL8367D_IPG_BIT_TIME_OFFSET		OFFSET_SHIFT	0	0	7131
D	RTL8367D_IPG_BIT_TIME_MASK		MASK	0x3	3	7132
D	RTL8367D_REG_TX_ESD_LEVEL		REGISTER	0x12bf	4799	7134
D	RTL8367D_TX_ESD_LEVEL_MODE_OFFSET		OFFSET_SHIFT	8	8	7135
D	RTL8367D_TX_ESD_LEVEL_MODE_MASK		MASK	0x100	256	7136
D	RTL8367D_LEVEL_OFFSET		OFFSET_SHIFT	0	0	7137
D	RTL8367D_LEVEL_MASK		MASK	0xFF	255	7138
D	RTL8367D_REG_MAC0_FORCE_SELECT		REGISTER	0x12c0	4800	7140
D	RTL8367D_MAC0_FORCE_SELECT_EEE_ABLTY_OFFSET		OFFSET_SHIFT	15	15	7141
D	RTL8367D_MAC0_FORCE_SELECT_EEE_ABLTY_MASK		MASK	0x8000	32768	7142
D	RTL8367D_MAC0_FORCE_SELECT_UNUSED_OFFSET		OFFSET_SHIFT	14	14	7143
D	RTL8367D_MAC0_FORCE_SELECT_UNUSED_MASK		MASK	0x4000	16384	7144
D	RTL8367D_MAC0_FORCE_SELECT_SPEED23_ABLTY_OFFSET		OFFSET_SHIFT	12	12	7145
D	RTL8367D_MAC0_FORCE_SELECT_SPEED23_ABLTY_MASK		MASK	0x3000	12288	7146
D	RTL8367D_MAC0_FORCE_SELECT_LPI_1000_ABLTY_OFFSET		OFFSET_SHIFT	11	11	7147
D	RTL8367D_MAC0_FORCE_SELECT_LPI_1000_ABLTY_MASK		MASK	0x800	2048	7148
D	RTL8367D_MAC0_FORCE_SELECT_LPI_100_ABLTY_OFFSET		OFFSET_SHIFT	10	10	7149
D	RTL8367D_MAC0_FORCE_SELECT_LPI_100_ABLTY_MASK		MASK	0x400	1024	7150
D	RTL8367D_MAC0_FORCE_SELECT_MST_FAULT_ABLTY_OFFSET		OFFSET_SHIFT	9	9	7151
D	RTL8367D_MAC0_FORCE_SELECT_MST_FAULT_ABLTY_MASK		MASK	0x200	512	7152
D	RTL8367D_MAC0_FORCE_SELECT_MST_MOD_ABLTY_OFFSET		OFFSET_SHIFT	8	8	7153
D	RTL8367D_MAC0_FORCE_SELECT_MST_MOD_ABLTY_MASK		MASK	0x100	256	7154
D	RTL8367D_MAC0_FORCE_SELECT_NWAY_ABLTY_OFFSET		OFFSET_SHIFT	7	7	7155
D	RTL8367D_MAC0_FORCE_SELECT_NWAY_ABLTY_MASK		MASK	0x80	128	7156
D	RTL8367D_MAC0_FORCE_SELECT_TXPAUSE_ABLTY_OFFSET		OFFSET_SHIFT	6	6	7157
D	RTL8367D_MAC0_FORCE_SELECT_TXPAUSE_ABLTY_MASK		MASK	0x40	64	7158
D	RTL8367D_MAC0_FORCE_SELECT_RXPAUSE_ABLTY_OFFSET		OFFSET_SHIFT	5	5	7159
D	RTL8367D_MAC0_FORCE_SELECT_RXPAUSE_ABLTY_MASK		MASK	0x20	32	7160
D	RTL8367D_MAC0_FORCE_SELECT_LINK_ABLTY_OFFSET		OFFSET_SHIFT	4	4	7161
D	RTL8367D_MAC0_FORCE_SELECT_LINK_ABLTY_MASK		MASK	0x10	16	7162
D	RTL8367D_MAC0_FORCE_SELECT_FIB1G_ABLTY_OFFSET		OFFSET_SHIFT	3	3	7163
D	RTL8367D_MAC0_FORCE_SELECT_FIB1G_ABLTY_MASK		MASK	0x8	8	7164
D	RTL8367D_MAC0_FORCE_SELECT_DUPLEX_ABLTY_OFFSET		OFFSET_SHIFT	2	2	7165
D	RTL8367D_MAC0_FORCE_SELECT_DUPLEX_ABLTY_MASK		MASK	0x4	4	7166
D	RTL8367D_MAC0_FORCE_SELECT_SPEED01_ABLTY_OFFSET		OFFSET_SHIFT	0	0	7167
D	RTL8367D_MAC0_FORCE_SELECT_SPEED01_ABLTY_MASK		MASK	0x3	3	7168
D	RTL8367D_REG_MAC1_FORCE_SELECT		REGISTER	0x12c1	4801	7170
D	RTL8367D_MAC1_FORCE_SELECT_EEE_ABLTY_OFFSET		OFFSET_SHIFT	15	15	7171
D	RTL8367D_MAC1_FORCE_SELECT_EEE_ABLTY_MASK		MASK	0x8000	32768	7172
D	RTL8367D_MAC1_FORCE_SELECT_UNUSED_OFFSET		OFFSET_SHIFT	14	14	7173
D	RTL8367D_MAC1_FORCE_SELECT_UNUSED_MASK		MASK	0x4000	16384	7174
D	RTL8367D_MAC1_FORCE_SELECT_SPEED23_ABLTY_OFFSET		OFFSET_SHIFT	12	12	7175
D	RTL8367D_MAC1_FORCE_SELECT_SPEED23_ABLTY_MASK		MASK	0x3000	12288	7176
D	RTL8367D_MAC1_FORCE_SELECT_LPI_1000_ABLTY_OFFSET		OFFSET_SHIFT	11	11	7177
D	RTL8367D_MAC1_FORCE_SELECT_LPI_1000_ABLTY_MASK		MASK	0x800	2048	7178
D	RTL8367D_MAC1_FORCE_SELECT_LPI_100_ABLTY_OFFSET		OFFSET_SHIFT	10	10	7179
D	RTL8367D_MAC1_FORCE_SELECT_LPI_100_ABLTY_MASK		MASK	0x400	1024	7180
D	RTL8367D_MAC1_FORCE_SELECT_MST_FAULT_ABLTY_OFFSET		OFFSET_SHIFT	9	9	7181
D	RTL8367D_MAC1_FORCE_SELECT_MST_FAULT_ABLTY_MASK		MASK	0x200	512	7182
D	RTL8367D_MAC1_FORCE_SELECT_MST_MOD_ABLTY_OFFSET		OFFSET_SHIFT	8	8	7183
D	RTL8367D_MAC1_FORCE_SELECT_MST_MOD_ABLTY_MASK		MASK	0x100	256	7184
D	RTL8367D_MAC1_FORCE_SELECT_NWAY_ABLTY_OFFSET		OFFSET_SHIFT	7	7	7185
D	RTL8367D_MAC1_FORCE_SELECT_NWAY_ABLTY_MASK		MASK	0x80	128	7186
D	RTL8367D_MAC1_FORCE_SELECT_TXPAUSE_ABLTY_OFFSET		OFFSET_SHIFT	6	6	7187
D	RTL8367D_MAC1_FORCE_SELECT_TXPAUSE_ABLTY_MASK		MASK	0x40	64	7188
D	RTL8367D_MAC1_FORCE_SELECT_RXPAUSE_ABLTY_OFFSET		OFFSET_SHIFT	5	5	7189
D	RTL8367D_MAC1_FORCE_SELECT_RXPAUSE_ABLTY_MASK		MASK	0x20	32	7190
D	RTL8367D_MAC1_FORCE_SELECT_LINK_ABLTY_OFFSET		OFFSET_SHIFT	4	4	7191
D	RTL8367D_MAC1_FORCE_SELECT_LINK_ABLTY_MASK		MASK	0x10	16	7192
D	RTL8367D_MAC1_FORCE_SELECT_FIB1G_ABLTY_OFFSET		OFFSET_SHIFT	3	3	7193
D	RTL8367D_MAC1_FORCE_SELECT_FIB1G_ABLTY_MASK		MASK	0x8	8	7194
D	RTL8367D_MAC1_FORCE_SELECT_DUPLEX_ABLTY_OFFSET		OFFSET_SHIFT	2	2	7195
D	RTL8367D_MAC1_FORCE_SELECT_DUPLEX_ABLTY_MASK		MASK	0x4	4	7196
D	RTL8367D_MAC1_FORCE_SELECT_SPEED01_ABLTY_OFFSET		OFFSET_SHIFT	0	0	7197
D	RTL8367D_MAC1_FORCE_SELECT_SPEED01_ABLTY_MASK		MASK	0x3	3	7198
D	RTL8367D_REG_MAC2_FORCE_SELECT		REGISTER	0x12c2	4802	7200
D	RTL8367D_MAC2_FORCE_SELECT_EEE_ABLTY_OFFSET		OFFSET_SHIFT	15	15	7201
D	RTL8367D_MAC2_FORCE_SELECT_EEE_ABLTY_MASK		MASK	0x8000	32768	7202
D	RTL8367D_MAC2_FORCE_SELECT_UNUSED_OFFSET		OFFSET_SHIFT	14	14	7203
D	RTL8367D_MAC2_FORCE_SELECT_UNUSED_MASK		MASK	0x4000	16384	7204
D	RTL8367D_MAC2_FORCE_SELECT_SPEED23_ABLTY_OFFSET		OFFSET_SHIFT	12	12	7205
D	RTL8367D_MAC2_FORCE_SELECT_SPEED23_ABLTY_MASK		MASK	0x3000	12288	7206
D	RTL8367D_MAC2_FORCE_SELECT_LPI_1000_ABLTY_OFFSET		OFFSET_SHIFT	11	11	7207
D	RTL8367D_MAC2_FORCE_SELECT_LPI_1000_ABLTY_MASK		MASK	0x800	2048	7208
D	RTL8367D_MAC2_FORCE_SELECT_LPI_100_ABLTY_OFFSET		OFFSET_SHIFT	10	10	7209
D	RTL8367D_MAC2_FORCE_SELECT_LPI_100_ABLTY_MASK		MASK	0x400	1024	7210
D	RTL8367D_MAC2_FORCE_SELECT_MST_FAULT_ABLTY_OFFSET		OFFSET_SHIFT	9	9	7211
D	RTL8367D_MAC2_FORCE_SELECT_MST_FAULT_ABLTY_MASK		MASK	0x200	512	7212
D	RTL8367D_MAC2_FORCE_SELECT_MST_MOD_ABLTY_OFFSET		OFFSET_SHIFT	8	8	7213
D	RTL8367D_MAC2_FORCE_SELECT_MST_MOD_ABLTY_MASK		MASK	0x100	256	7214
D	RTL8367D_MAC2_FORCE_SELECT_NWAY_ABLTY_OFFSET		OFFSET_SHIFT	7	7	7215
D	RTL8367D_MAC2_FORCE_SELECT_NWAY_ABLTY_MASK		MASK	0x80	128	7216
D	RTL8367D_MAC2_FORCE_SELECT_TXPAUSE_ABLTY_OFFSET		OFFSET_SHIFT	6	6	7217
D	RTL8367D_MAC2_FORCE_SELECT_TXPAUSE_ABLTY_MASK		MASK	0x40	64	7218
D	RTL8367D_MAC2_FORCE_SELECT_RXPAUSE_ABLTY_OFFSET		OFFSET_SHIFT	5	5	7219
D	RTL8367D_MAC2_FORCE_SELECT_RXPAUSE_ABLTY_MASK		MASK	0x20	32	7220
D	RTL8367D_MAC2_FORCE_SELECT_LINK_ABLTY_OFFSET		OFFSET_SHIFT	4	4	7221
D	RTL8367D_MAC2_FORCE_SELECT_LINK_ABLTY_MASK		MASK	0x10	16	7222
D	RTL8367D_MAC2_FORCE_SELECT_FIB1G_ABLTY_OFFSET		OFFSET_SHIFT	3	3	7223
D	RTL8367D_MAC2_FORCE_SELECT_FIB1G_ABLTY_MASK		MASK	0x8	8	7224
D	RTL8367D_MAC2_FORCE_SELECT_DUPLEX_ABLTY_OFFSET		OFFSET_SHIFT	2	2	7225
D	RTL8367D_MAC2_FORCE_SELECT_DUPLEX_ABLTY_MASK		MASK	0x4	4	7226
D	RTL8367D_MAC2_FORCE_SELECT_SPEED01_ABLTY_OFFSET		OFFSET_SHIFT	0	0	7227
D	RTL8367D_MAC2_FORCE_SELECT_SPEED01_ABLTY_MASK		MASK	0x3	3	7228
D	RTL8367D_REG_MAC3_FORCE_SELECT		REGISTER	0x12c3	4803	7230
D	RTL8367D_MAC3_FORCE_SELECT_EEE_ABLTY_OFFSET		OFFSET_SHIFT	15	15	7231
D	RTL8367D_MAC3_FORCE_SELECT_EEE_ABLTY_MASK		MASK	0x8000	32768	7232
D	RTL8367D_MAC3_FORCE_SELECT_UNUSED_OFFSET		OFFSET_SHIFT	14	14	7233
D	RTL8367D_MAC3_FORCE_SELECT_UNUSED_MASK		MASK	0x4000	16384	7234
D	RTL8367D_MAC3_FORCE_SELECT_SPEED23_ABLTY_OFFSET		OFFSET_SHIFT	12	12	7235
D	RTL8367D_MAC3_FORCE_SELECT_SPEED23_ABLTY_MASK		MASK	0x3000	12288	7236
D	RTL8367D_MAC3_FORCE_SELECT_LPI_1000_ABLTY_OFFSET		OFFSET_SHIFT	11	11	7237
D	RTL8367D_MAC3_FORCE_SELECT_LPI_1000_ABLTY_MASK		MASK	0x800	2048	7238
D	RTL8367D_MAC3_FORCE_SELECT_LPI_100_ABLTY_OFFSET		OFFSET_SHIFT	10	10	7239
D	RTL8367D_MAC3_FORCE_SELECT_LPI_100_ABLTY_MASK		MASK	0x400	1024	7240
D	RTL8367D_MAC3_FORCE_SELECT_MST_FAULT_ABLTY_OFFSET		OFFSET_SHIFT	9	9	7241
D	RTL8367D_MAC3_FORCE_SELECT_MST_FAULT_ABLTY_MASK		MASK	0x200	512	7242
D	RTL8367D_MAC3_FORCE_SELECT_MST_MOD_ABLTY_OFFSET		OFFSET_SHIFT	8	8	7243
D	RTL8367D_MAC3_FORCE_SELECT_MST_MOD_ABLTY_MASK		MASK	0x100	256	7244
D	RTL8367D_MAC3_FORCE_SELECT_NWAY_ABLTY_OFFSET		OFFSET_SHIFT	7	7	7245
D	RTL8367D_MAC3_FORCE_SELECT_NWAY_ABLTY_MASK		MASK	0x80	128	7246
D	RTL8367D_MAC3_FORCE_SELECT_TXPAUSE_ABLTY_OFFSET		OFFSET_SHIFT	6	6	7247
D	RTL8367D_MAC3_FORCE_SELECT_TXPAUSE_ABLTY_MASK		MASK	0x40	64	7248
D	RTL8367D_MAC3_FORCE_SELECT_RXPAUSE_ABLTY_OFFSET		OFFSET_SHIFT	5	5	7249
D	RTL8367D_MAC3_FORCE_SELECT_RXPAUSE_ABLTY_MASK		MASK	0x20	32	7250
D	RTL8367D_MAC3_FORCE_SELECT_LINK_ABLTY_OFFSET		OFFSET_SHIFT	4	4	7251
D	RTL8367D_MAC3_FORCE_SELECT_LINK_ABLTY_MASK		MASK	0x10	16	7252
D	RTL8367D_MAC3_FORCE_SELECT_FIB1G_ABLTY_OFFSET		OFFSET_SHIFT	3	3	7253
D	RTL8367D_MAC3_FORCE_SELECT_FIB1G_ABLTY_MASK		MASK	0x8	8	7254
D	RTL8367D_MAC3_FORCE_SELECT_DUPLEX_ABLTY_OFFSET		OFFSET_SHIFT	2	2	7255
D	RTL8367D_MAC3_FORCE_SELECT_DUPLEX_ABLTY_MASK		MASK	0x4	4	7256
D	RTL8367D_MAC3_FORCE_SELECT_SPEED01_ABLTY_OFFSET		OFFSET_SHIFT	0	0	7257
D	RTL8367D_MAC3_FORCE_SELECT_SPEED01_ABLTY_MASK		MASK	0x3	3	7258
D	RTL8367D_REG_MAC4_FORCE_SELECT		REGISTER	0x12c4	4804	7260
D	RTL8367D_MAC4_FORCE_SELECT_EEE_ABLTY_OFFSET		OFFSET_SHIFT	15	15	7261
D	RTL8367D_MAC4_FORCE_SELECT_EEE_ABLTY_MASK		MASK	0x8000	32768	7262
D	RTL8367D_MAC4_FORCE_SELECT_UNUSED_OFFSET		OFFSET_SHIFT	14	14	7263
D	RTL8367D_MAC4_FORCE_SELECT_UNUSED_MASK		MASK	0x4000	16384	7264
D	RTL8367D_MAC4_FORCE_SELECT_SPEED23_ABLTY_OFFSET		OFFSET_SHIFT	12	12	7265
D	RTL8367D_MAC4_FORCE_SELECT_SPEED23_ABLTY_MASK		MASK	0x3000	12288	7266
D	RTL8367D_MAC4_FORCE_SELECT_LPI_1000_ABLTY_OFFSET		OFFSET_SHIFT	11	11	7267
D	RTL8367D_MAC4_FORCE_SELECT_LPI_1000_ABLTY_MASK		MASK	0x800	2048	7268
D	RTL8367D_MAC4_FORCE_SELECT_LPI_100_ABLTY_OFFSET		OFFSET_SHIFT	10	10	7269
D	RTL8367D_MAC4_FORCE_SELECT_LPI_100_ABLTY_MASK		MASK	0x400	1024	7270
D	RTL8367D_MAC4_FORCE_SELECT_MST_FAULT_ABLTY_OFFSET		OFFSET_SHIFT	9	9	7271
D	RTL8367D_MAC4_FORCE_SELECT_MST_FAULT_ABLTY_MASK		MASK	0x200	512	7272
D	RTL8367D_MAC4_FORCE_SELECT_MST_MOD_ABLTY_OFFSET		OFFSET_SHIFT	8	8	7273
D	RTL8367D_MAC4_FORCE_SELECT_MST_MOD_ABLTY_MASK		MASK	0x100	256	7274
D	RTL8367D_MAC4_FORCE_SELECT_NWAY_ABLTY_OFFSET		OFFSET_SHIFT	7	7	7275
D	RTL8367D_MAC4_FORCE_SELECT_NWAY_ABLTY_MASK		MASK	0x80	128	7276
D	RTL8367D_MAC4_FORCE_SELECT_TXPAUSE_ABLTY_OFFSET		OFFSET_SHIFT	6	6	7277
D	RTL8367D_MAC4_FORCE_SELECT_TXPAUSE_ABLTY_MASK		MASK	0x40	64	7278
D	RTL8367D_MAC4_FORCE_SELECT_RXPAUSE_ABLTY_OFFSET		OFFSET_SHIFT	5	5	7279
D	RTL8367D_MAC4_FORCE_SELECT_RXPAUSE_ABLTY_MASK		MASK	0x20	32	7280
D	RTL8367D_MAC4_FORCE_SELECT_LINK_ABLTY_OFFSET		OFFSET_SHIFT	4	4	7281
D	RTL8367D_MAC4_FORCE_SELECT_LINK_ABLTY_MASK		MASK	0x10	16	7282
D	RTL8367D_MAC4_FORCE_SELECT_FIB1G_ABLTY_OFFSET		OFFSET_SHIFT	3	3	7283
D	RTL8367D_MAC4_FORCE_SELECT_FIB1G_ABLTY_MASK		MASK	0x8	8	7284
D	RTL8367D_MAC4_FORCE_SELECT_DUPLEX_ABLTY_OFFSET		OFFSET_SHIFT	2	2	7285
D	RTL8367D_MAC4_FORCE_SELECT_DUPLEX_ABLTY_MASK		MASK	0x4	4	7286
D	RTL8367D_MAC4_FORCE_SELECT_SPEED01_ABLTY_OFFSET		OFFSET_SHIFT	0	0	7287
D	RTL8367D_MAC4_FORCE_SELECT_SPEED01_ABLTY_MASK		MASK	0x3	3	7288
D	RTL8367D_REG_MAC5_FORCE_SELECT		REGISTER	0x12c5	4805	7290
D	RTL8367D_MAC5_FORCE_SELECT_EEE_ABLTY_OFFSET		OFFSET_SHIFT	15	15	7291
D	RTL8367D_MAC5_FORCE_SELECT_EEE_ABLTY_MASK		MASK	0x8000	32768	7292
D	RTL8367D_MAC5_FORCE_SELECT_UNUSED_OFFSET		OFFSET_SHIFT	14	14	7293
D	RTL8367D_MAC5_FORCE_SELECT_UNUSED_MASK		MASK	0x4000	16384	7294
D	RTL8367D_MAC5_FORCE_SELECT_SPEED23_ABLTY_OFFSET		OFFSET_SHIFT	12	12	7295
D	RTL8367D_MAC5_FORCE_SELECT_SPEED23_ABLTY_MASK		MASK	0x3000	12288	7296
D	RTL8367D_MAC5_FORCE_SELECT_LPI_1000_ABLTY_OFFSET		OFFSET_SHIFT	11	11	7297
D	RTL8367D_MAC5_FORCE_SELECT_LPI_1000_ABLTY_MASK		MASK	0x800	2048	7298
D	RTL8367D_MAC5_FORCE_SELECT_LPI_100_ABLTY_OFFSET		OFFSET_SHIFT	10	10	7299
D	RTL8367D_MAC5_FORCE_SELECT_LPI_100_ABLTY_MASK		MASK	0x400	1024	7300
D	RTL8367D_MAC5_FORCE_SELECT_MST_FAULT_ABLTY_OFFSET		OFFSET_SHIFT	9	9	7301
D	RTL8367D_MAC5_FORCE_SELECT_MST_FAULT_ABLTY_MASK		MASK	0x200	512	7302
D	RTL8367D_MAC5_FORCE_SELECT_MST_MOD_ABLTY_OFFSET		OFFSET_SHIFT	8	8	7303
D	RTL8367D_MAC5_FORCE_SELECT_MST_MOD_ABLTY_MASK		MASK	0x100	256	7304
D	RTL8367D_MAC5_FORCE_SELECT_NWAY_ABLTY_OFFSET		OFFSET_SHIFT	7	7	7305
D	RTL8367D_MAC5_FORCE_SELECT_NWAY_ABLTY_MASK		MASK	0x80	128	7306
D	RTL8367D_MAC5_FORCE_SELECT_TXPAUSE_ABLTY_OFFSET		OFFSET_SHIFT	6	6	7307
D	RTL8367D_MAC5_FORCE_SELECT_TXPAUSE_ABLTY_MASK		MASK	0x40	64	7308
D	RTL8367D_MAC5_FORCE_SELECT_RXPAUSE_ABLTY_OFFSET		OFFSET_SHIFT	5	5	7309
D	RTL8367D_MAC5_FORCE_SELECT_RXPAUSE_ABLTY_MASK		MASK	0x20	32	7310
D	RTL8367D_MAC5_FORCE_SELECT_LINK_ABLTY_OFFSET		OFFSET_SHIFT	4	4	7311
D	RTL8367D_MAC5_FORCE_SELECT_LINK_ABLTY_MASK		MASK	0x10	16	7312
D	RTL8367D_MAC5_FORCE_SELECT_FIB1G_ABLTY_OFFSET		OFFSET_SHIFT	3	3	7313
D	RTL8367D_MAC5_FORCE_SELECT_FIB1G_ABLTY_MASK		MASK	0x8	8	7314
D	RTL8367D_MAC5_FORCE_SELECT_DUPLEX_ABLTY_OFFSET		OFFSET_SHIFT	2	2	7315
D	RTL8367D_MAC5_FORCE_SELECT_DUPLEX_ABLTY_MASK		MASK	0x4	4	7316
D	RTL8367D_MAC5_FORCE_SELECT_SPEED01_ABLTY_OFFSET		OFFSET_SHIFT	0	0	7317
D	RTL8367D_MAC5_FORCE_SELECT_SPEED01_ABLTY_MASK		MASK	0x3	3	7318
D	RTL8367D_REG_MAC6_FORCE_SELECT		REGISTER	0x12c6	4806	7320
D	RTL8367D_MAC6_FORCE_SELECT_EEE_ABLTY_OFFSET		OFFSET_SHIFT	15	15	7321
D	RTL8367D_MAC6_FORCE_SELECT_EEE_ABLTY_MASK		MASK	0x8000	32768	7322
D	RTL8367D_MAC6_FORCE_SELECT_UNUSED_OFFSET		OFFSET_SHIFT	14	14	7323
D	RTL8367D_MAC6_FORCE_SELECT_UNUSED_MASK		MASK	0x4000	16384	7324
D	RTL8367D_MAC6_FORCE_SELECT_SPEED23_ABLTY_OFFSET		OFFSET_SHIFT	12	12	7325
D	RTL8367D_MAC6_FORCE_SELECT_SPEED23_ABLTY_MASK		MASK	0x3000	12288	7326
D	RTL8367D_MAC6_FORCE_SELECT_LPI_1000_ABLTY_OFFSET		OFFSET_SHIFT	11	11	7327
D	RTL8367D_MAC6_FORCE_SELECT_LPI_1000_ABLTY_MASK		MASK	0x800	2048	7328
D	RTL8367D_MAC6_FORCE_SELECT_LPI_100_ABLTY_OFFSET		OFFSET_SHIFT	10	10	7329
D	RTL8367D_MAC6_FORCE_SELECT_LPI_100_ABLTY_MASK		MASK	0x400	1024	7330
D	RTL8367D_MAC6_FORCE_SELECT_MST_FAULT_ABLTY_OFFSET		OFFSET_SHIFT	9	9	7331
D	RTL8367D_MAC6_FORCE_SELECT_MST_FAULT_ABLTY_MASK		MASK	0x200	512	7332
D	RTL8367D_MAC6_FORCE_SELECT_MST_MOD_ABLTY_OFFSET		OFFSET_SHIFT	8	8	7333
D	RTL8367D_MAC6_FORCE_SELECT_MST_MOD_ABLTY_MASK		MASK	0x100	256	7334
D	RTL8367D_MAC6_FORCE_SELECT_NWAY_ABLTY_OFFSET		OFFSET_SHIFT	7	7	7335
D	RTL8367D_MAC6_FORCE_SELECT_NWAY_ABLTY_MASK		MASK	0x80	128	7336
D	RTL8367D_MAC6_FORCE_SELECT_TXPAUSE_ABLTY_OFFSET		OFFSET_SHIFT	6	6	7337
D	RTL8367D_MAC6_FORCE_SELECT_TXPAUSE_ABLTY_MASK		MASK	0x40	64	7338
D	RTL8367D_MAC6_FORCE_SELECT_RXPAUSE_ABLTY_OFFSET		OFFSET_SHIFT	5	5	7339
D	RTL8367D_MAC6_FORCE_SELECT_RXPAUSE_ABLTY_MASK		MASK	0x20	32	7340
D	RTL8367D_MAC6_FORCE_SELECT_LINK_ABLTY_OFFSET		OFFSET_SHIFT	4	4	7341
D	RTL8367D_MAC6_FORCE_SELECT_LINK_ABLTY_MASK		MASK	0x10	16	7342
D	RTL8367D_MAC6_FORCE_SELECT_FIB1G_ABLTY_OFFSET		OFFSET_SHIFT	3	3	7343
D	RTL8367D_MAC6_FORCE_SELECT_FIB1G_ABLTY_MASK		MASK	0x8	8	7344
D	RTL8367D_MAC6_FORCE_SELECT_DUPLEX_ABLTY_OFFSET		OFFSET_SHIFT	2	2	7345
D	RTL8367D_MAC6_FORCE_SELECT_DUPLEX_ABLTY_MASK		MASK	0x4	4	7346
D	RTL8367D_MAC6_FORCE_SELECT_SPEED01_ABLTY_OFFSET		OFFSET_SHIFT	0	0	7347
D	RTL8367D_MAC6_FORCE_SELECT_SPEED01_ABLTY_MASK		MASK	0x3	3	7348
D	RTL8367D_REG_MAC7_FORCE_SELECT		REGISTER	0x12c7	4807	7350
D	RTL8367D_MAC7_FORCE_SELECT_EEE_ABLTY_OFFSET		OFFSET_SHIFT	15	15	7351
D	RTL8367D_MAC7_FORCE_SELECT_EEE_ABLTY_MASK		MASK	0x8000	32768	7352
D	RTL8367D_MAC7_FORCE_SELECT_UNUSED_OFFSET		OFFSET_SHIFT	14	14	7353
D	RTL8367D_MAC7_FORCE_SELECT_UNUSED_MASK		MASK	0x4000	16384	7354
D	RTL8367D_MAC7_FORCE_SELECT_SPEED23_ABLTY_OFFSET		OFFSET_SHIFT	12	12	7355
D	RTL8367D_MAC7_FORCE_SELECT_SPEED23_ABLTY_MASK		MASK	0x3000	12288	7356
D	RTL8367D_MAC7_FORCE_SELECT_LPI_1000_ABLTY_OFFSET		OFFSET_SHIFT	11	11	7357
D	RTL8367D_MAC7_FORCE_SELECT_LPI_1000_ABLTY_MASK		MASK	0x800	2048	7358
D	RTL8367D_MAC7_FORCE_SELECT_LPI_100_ABLTY_OFFSET		OFFSET_SHIFT	10	10	7359
D	RTL8367D_MAC7_FORCE_SELECT_LPI_100_ABLTY_MASK		MASK	0x400	1024	7360
D	RTL8367D_MAC7_FORCE_SELECT_MST_FAULT_ABLTY_OFFSET		OFFSET_SHIFT	9	9	7361
D	RTL8367D_MAC7_FORCE_SELECT_MST_FAULT_ABLTY_MASK		MASK	0x200	512	7362
D	RTL8367D_MAC7_FORCE_SELECT_MST_MOD_ABLTY_OFFSET		OFFSET_SHIFT	8	8	7363
D	RTL8367D_MAC7_FORCE_SELECT_MST_MOD_ABLTY_MASK		MASK	0x100	256	7364
D	RTL8367D_MAC7_FORCE_SELECT_NWAY_ABLTY_OFFSET		OFFSET_SHIFT	7	7	7365
D	RTL8367D_MAC7_FORCE_SELECT_NWAY_ABLTY_MASK		MASK	0x80	128	7366
D	RTL8367D_MAC7_FORCE_SELECT_TXPAUSE_ABLTY_OFFSET		OFFSET_SHIFT	6	6	7367
D	RTL8367D_MAC7_FORCE_SELECT_TXPAUSE_ABLTY_MASK		MASK	0x40	64	7368
D	RTL8367D_MAC7_FORCE_SELECT_RXPAUSE_ABLTY_OFFSET		OFFSET_SHIFT	5	5	7369
D	RTL8367D_MAC7_FORCE_SELECT_RXPAUSE_ABLTY_MASK		MASK	0x20	32	7370
D	RTL8367D_MAC7_FORCE_SELECT_LINK_ABLTY_OFFSET		OFFSET_SHIFT	4	4	7371
D	RTL8367D_MAC7_FORCE_SELECT_LINK_ABLTY_MASK		MASK	0x10	16	7372
D	RTL8367D_MAC7_FORCE_SELECT_FIB1G_ABLTY_OFFSET		OFFSET_SHIFT	3	3	7373
D	RTL8367D_MAC7_FORCE_SELECT_FIB1G_ABLTY_MASK		MASK	0x8	8	7374
D	RTL8367D_MAC7_FORCE_SELECT_DUPLEX_ABLTY_OFFSET		OFFSET_SHIFT	2	2	7375
D	RTL8367D_MAC7_FORCE_SELECT_DUPLEX_ABLTY_MASK		MASK	0x4	4	7376
D	RTL8367D_MAC7_FORCE_SELECT_SPEED01_ABLTY_OFFSET		OFFSET_SHIFT	0	0	7377
D	RTL8367D_MAC7_FORCE_SELECT_SPEED01_ABLTY_MASK		MASK	0x3	3	7378
D	RTL8367D_REG_MAC0_FORCE_SELECT_EN		REGISTER	0x12c8	4808	7380
D	RTL8367D_MAC0_FORCE_SELECT_EN_FORCE_EEE_ABLTY_OFFSET		OFFSET_SHIFT	15	15	7381
D	RTL8367D_MAC0_FORCE_SELECT_EN_FORCE_EEE_ABLTY_MASK		MASK	0x8000	32768	7382
D	RTL8367D_MAC0_FORCE_SELECT_EN_UNUSED_OFFSET		OFFSET_SHIFT	14	14	7383
D	RTL8367D_MAC0_FORCE_SELECT_EN_UNUSED_MASK		MASK	0x4000	16384	7384
D	RTL8367D_MAC0_FORCE_SELECT_EN_FORCE_SPEED3_ABLTY_OFFSET		OFFSET_SHIFT	13	13	7385
D	RTL8367D_MAC0_FORCE_SELECT_EN_FORCE_SPEED3_ABLTY_MASK		MASK	0x2000	8192	7386
D	RTL8367D_MAC0_FORCE_SELECT_EN_FORCE_SPEED2_ABLTY_OFFSET		OFFSET_SHIFT	12	12	7387
D	RTL8367D_MAC0_FORCE_SELECT_EN_FORCE_SPEED2_ABLTY_MASK		MASK	0x1000	4096	7388
D	RTL8367D_MAC0_FORCE_SELECT_EN_FORCE_LPI_1000_ABLTY_OFFSET		OFFSET_SHIFT	11	11	7389
D	RTL8367D_MAC0_FORCE_SELECT_EN_FORCE_LPI_1000_ABLTY_MASK		MASK	0x800	2048	7390
D	RTL8367D_MAC0_FORCE_SELECT_EN_FORCE_LPI_100_ABLTY_OFFSET		OFFSET_SHIFT	10	10	7391
D	RTL8367D_MAC0_FORCE_SELECT_EN_FORCE_LPI_100_ABLTY_MASK		MASK	0x400	1024	7392
D	RTL8367D_MAC0_FORCE_SELECT_EN_FORCE_MST_FAULT_ABLTY_OFFSET		OFFSET_SHIFT	9	9	7393
D	RTL8367D_MAC0_FORCE_SELECT_EN_FORCE_MST_FAULT_ABLTY_MASK		MASK	0x200	512	7394
D	RTL8367D_MAC0_FORCE_SELECT_EN_FORCE_MST_MOD_ABLTY_OFFSET		OFFSET_SHIFT	8	8	7395
D	RTL8367D_MAC0_FORCE_SELECT_EN_FORCE_MST_MOD_ABLTY_MASK		MASK	0x100	256	7396
D	RTL8367D_MAC0_FORCE_SELECT_EN_FORCE_NWAY_ABLTY_OFFSET		OFFSET_SHIFT	7	7	7397
D	RTL8367D_MAC0_FORCE_SELECT_EN_FORCE_NWAY_ABLTY_MASK		MASK	0x80	128	7398
D	RTL8367D_MAC0_FORCE_SELECT_EN_FORCE_TXPAUSE_ABLTY_OFFSET		OFFSET_SHIFT	6	6	7399
D	RTL8367D_MAC0_FORCE_SELECT_EN_FORCE_TXPAUSE_ABLTY_MASK		MASK	0x40	64	7400
D	RTL8367D_MAC0_FORCE_SELECT_EN_FORCE_RXPAUSE_ABLTY_OFFSET		OFFSET_SHIFT	5	5	7401
D	RTL8367D_MAC0_FORCE_SELECT_EN_FORCE_RXPAUSE_ABLTY_MASK		MASK	0x20	32	7402
D	RTL8367D_MAC0_FORCE_SELECT_EN_FORCE_LINK_ABLTY_OFFSET		OFFSET_SHIFT	4	4	7403
D	RTL8367D_MAC0_FORCE_SELECT_EN_FORCE_LINK_ABLTY_MASK		MASK	0x10	16	7404
D	RTL8367D_MAC0_FORCE_SELECT_EN_FORCE_FIB1G_ABLTY_OFFSET		OFFSET_SHIFT	3	3	7405
D	RTL8367D_MAC0_FORCE_SELECT_EN_FORCE_FIB1G_ABLTY_MASK		MASK	0x8	8	7406
D	RTL8367D_MAC0_FORCE_SELECT_EN_FORCE_DUPLEX_ABLTY_OFFSET		OFFSET_SHIFT	2	2	7407
D	RTL8367D_MAC0_FORCE_SELECT_EN_FORCE_DUPLEX_ABLTY_MASK		MASK	0x4	4	7408
D	RTL8367D_MAC0_FORCE_SELECT_EN_FORCE_SPEED1_ABLTY_OFFSET		OFFSET_SHIFT	1	1	7409
D	RTL8367D_MAC0_FORCE_SELECT_EN_FORCE_SPEED1_ABLTY_MASK		MASK	0x2	2	7410
D	RTL8367D_MAC0_FORCE_SELECT_EN_FORCE_SPEED0_ABLTY_OFFSET		OFFSET_SHIFT	0	0	7411
D	RTL8367D_MAC0_FORCE_SELECT_EN_FORCE_SPEED0_ABLTY_MASK		MASK	0x1	1	7412
D	RTL8367D_REG_MAC1_FORCE_SELECT_EN		REGISTER	0x12c9	4809	7414
D	RTL8367D_MAC1_FORCE_SELECT_EN_FORCE_EEE_ABLTY_OFFSET		OFFSET_SHIFT	15	15	7415
D	RTL8367D_MAC1_FORCE_SELECT_EN_FORCE_EEE_ABLTY_MASK		MASK	0x8000	32768	7416
D	RTL8367D_MAC1_FORCE_SELECT_EN_UNUSED_OFFSET		OFFSET_SHIFT	14	14	7417
D	RTL8367D_MAC1_FORCE_SELECT_EN_UNUSED_MASK		MASK	0x4000	16384	7418
D	RTL8367D_MAC1_FORCE_SELECT_EN_FORCE_SPEED3_ABLTY_OFFSET		OFFSET_SHIFT	13	13	7419
D	RTL8367D_MAC1_FORCE_SELECT_EN_FORCE_SPEED3_ABLTY_MASK		MASK	0x2000	8192	7420
D	RTL8367D_MAC1_FORCE_SELECT_EN_FORCE_SPEED2_ABLTY_OFFSET		OFFSET_SHIFT	12	12	7421
D	RTL8367D_MAC1_FORCE_SELECT_EN_FORCE_SPEED2_ABLTY_MASK		MASK	0x1000	4096	7422
D	RTL8367D_MAC1_FORCE_SELECT_EN_FORCE_LPI_1000_ABLTY_OFFSET		OFFSET_SHIFT	11	11	7423
D	RTL8367D_MAC1_FORCE_SELECT_EN_FORCE_LPI_1000_ABLTY_MASK		MASK	0x800	2048	7424
D	RTL8367D_MAC1_FORCE_SELECT_EN_FORCE_LPI_100_ABLTY_OFFSET		OFFSET_SHIFT	10	10	7425
D	RTL8367D_MAC1_FORCE_SELECT_EN_FORCE_LPI_100_ABLTY_MASK		MASK	0x400	1024	7426
D	RTL8367D_MAC1_FORCE_SELECT_EN_FORCE_MST_FAULT_ABLTY_OFFSET		OFFSET_SHIFT	9	9	7427
D	RTL8367D_MAC1_FORCE_SELECT_EN_FORCE_MST_FAULT_ABLTY_MASK		MASK	0x200	512	7428
D	RTL8367D_MAC1_FORCE_SELECT_EN_FORCE_MST_MOD_ABLTY_OFFSET		OFFSET_SHIFT	8	8	7429
D	RTL8367D_MAC1_FORCE_SELECT_EN_FORCE_MST_MOD_ABLTY_MASK		MASK	0x100	256	7430
D	RTL8367D_MAC1_FORCE_SELECT_EN_FORCE_NWAY_ABLTY_OFFSET		OFFSET_SHIFT	7	7	7431
D	RTL8367D_MAC1_FORCE_SELECT_EN_FORCE_NWAY_ABLTY_MASK		MASK	0x80	128	7432
D	RTL8367D_MAC1_FORCE_SELECT_EN_FORCE_TXPAUSE_ABLTY_OFFSET		OFFSET_SHIFT	6	6	7433
D	RTL8367D_MAC1_FORCE_SELECT_EN_FORCE_TXPAUSE_ABLTY_MASK		MASK	0x40	64	7434
D	RTL8367D_MAC1_FORCE_SELECT_EN_FORCE_RXPAUSE_ABLTY_OFFSET		OFFSET_SHIFT	5	5	7435
D	RTL8367D_MAC1_FORCE_SELECT_EN_FORCE_RXPAUSE_ABLTY_MASK		MASK	0x20	32	7436
D	RTL8367D_MAC1_FORCE_SELECT_EN_FORCE_LINK_ABLTY_OFFSET		OFFSET_SHIFT	4	4	7437
D	RTL8367D_MAC1_FORCE_SELECT_EN_FORCE_LINK_ABLTY_MASK		MASK	0x10	16	7438
D	RTL8367D_MAC1_FORCE_SELECT_EN_FORCE_FIB1G_ABLTY_OFFSET		OFFSET_SHIFT	3	3	7439
D	RTL8367D_MAC1_FORCE_SELECT_EN_FORCE_FIB1G_ABLTY_MASK		MASK	0x8	8	7440
D	RTL8367D_MAC1_FORCE_SELECT_EN_FORCE_DUPLEX_ABLTY_OFFSET		OFFSET_SHIFT	2	2	7441
D	RTL8367D_MAC1_FORCE_SELECT_EN_FORCE_DUPLEX_ABLTY_MASK		MASK	0x4	4	7442
D	RTL8367D_MAC1_FORCE_SELECT_EN_FORCE_SPEED1_ABLTY_OFFSET		OFFSET_SHIFT	1	1	7443
D	RTL8367D_MAC1_FORCE_SELECT_EN_FORCE_SPEED1_ABLTY_MASK		MASK	0x2	2	7444
D	RTL8367D_MAC1_FORCE_SELECT_EN_FORCE_SPEED0_ABLTY_OFFSET		OFFSET_SHIFT	0	0	7445
D	RTL8367D_MAC1_FORCE_SELECT_EN_FORCE_SPEED0_ABLTY_MASK		MASK	0x1	1	7446
D	RTL8367D_REG_MAC2_FORCE_SELECT_EN		REGISTER	0x12ca	4810	7448
D	RTL8367D_MAC2_FORCE_SELECT_EN_FORCE_EEE_ABLTY_OFFSET		OFFSET_SHIFT	15	15	7449
D	RTL8367D_MAC2_FORCE_SELECT_EN_FORCE_EEE_ABLTY_MASK		MASK	0x8000	32768	7450
D	RTL8367D_MAC2_FORCE_SELECT_EN_UNUSED_OFFSET		OFFSET_SHIFT	14	14	7451
D	RTL8367D_MAC2_FORCE_SELECT_EN_UNUSED_MASK		MASK	0x4000	16384	7452
D	RTL8367D_MAC2_FORCE_SELECT_EN_FORCE_SPEED3_ABLTY_OFFSET		OFFSET_SHIFT	13	13	7453
D	RTL8367D_MAC2_FORCE_SELECT_EN_FORCE_SPEED3_ABLTY_MASK		MASK	0x2000	8192	7454
D	RTL8367D_MAC2_FORCE_SELECT_EN_FORCE_SPEED2_ABLTY_OFFSET		OFFSET_SHIFT	12	12	7455
D	RTL8367D_MAC2_FORCE_SELECT_EN_FORCE_SPEED2_ABLTY_MASK		MASK	0x1000	4096	7456
D	RTL8367D_MAC2_FORCE_SELECT_EN_FORCE_LPI_1000_ABLTY_OFFSET		OFFSET_SHIFT	11	11	7457
D	RTL8367D_MAC2_FORCE_SELECT_EN_FORCE_LPI_1000_ABLTY_MASK		MASK	0x800	2048	7458
D	RTL8367D_MAC2_FORCE_SELECT_EN_FORCE_LPI_100_ABLTY_OFFSET		OFFSET_SHIFT	10	10	7459
D	RTL8367D_MAC2_FORCE_SELECT_EN_FORCE_LPI_100_ABLTY_MASK		MASK	0x400	1024	7460
D	RTL8367D_MAC2_FORCE_SELECT_EN_FORCE_MST_FAULT_ABLTY_OFFSET		OFFSET_SHIFT	9	9	7461
D	RTL8367D_MAC2_FORCE_SELECT_EN_FORCE_MST_FAULT_ABLTY_MASK		MASK	0x200	512	7462
D	RTL8367D_MAC2_FORCE_SELECT_EN_FORCE_MST_MOD_ABLTY_OFFSET		OFFSET_SHIFT	8	8	7463
D	RTL8367D_MAC2_FORCE_SELECT_EN_FORCE_MST_MOD_ABLTY_MASK		MASK	0x100	256	7464
D	RTL8367D_MAC2_FORCE_SELECT_EN_FORCE_NWAY_ABLTY_OFFSET		OFFSET_SHIFT	7	7	7465
D	RTL8367D_MAC2_FORCE_SELECT_EN_FORCE_NWAY_ABLTY_MASK		MASK	0x80	128	7466
D	RTL8367D_MAC2_FORCE_SELECT_EN_FORCE_TXPAUSE_ABLTY_OFFSET		OFFSET_SHIFT	6	6	7467
D	RTL8367D_MAC2_FORCE_SELECT_EN_FORCE_TXPAUSE_ABLTY_MASK		MASK	0x40	64	7468
D	RTL8367D_MAC2_FORCE_SELECT_EN_FORCE_RXPAUSE_ABLTY_OFFSET		OFFSET_SHIFT	5	5	7469
D	RTL8367D_MAC2_FORCE_SELECT_EN_FORCE_RXPAUSE_ABLTY_MASK		MASK	0x20	32	7470
D	RTL8367D_MAC2_FORCE_SELECT_EN_FORCE_LINK_ABLTY_OFFSET		OFFSET_SHIFT	4	4	7471
D	RTL8367D_MAC2_FORCE_SELECT_EN_FORCE_LINK_ABLTY_MASK		MASK	0x10	16	7472
D	RTL8367D_MAC2_FORCE_SELECT_EN_FORCE_FIB1G_ABLTY_OFFSET		OFFSET_SHIFT	3	3	7473
D	RTL8367D_MAC2_FORCE_SELECT_EN_FORCE_FIB1G_ABLTY_MASK		MASK	0x8	8	7474
D	RTL8367D_MAC2_FORCE_SELECT_EN_FORCE_DUPLEX_ABLTY_OFFSET		OFFSET_SHIFT	2	2	7475
D	RTL8367D_MAC2_FORCE_SELECT_EN_FORCE_DUPLEX_ABLTY_MASK		MASK	0x4	4	7476
D	RTL8367D_MAC2_FORCE_SELECT_EN_FORCE_SPEED1_ABLTY_OFFSET		OFFSET_SHIFT	1	1	7477
D	RTL8367D_MAC2_FORCE_SELECT_EN_FORCE_SPEED1_ABLTY_MASK		MASK	0x2	2	7478
D	RTL8367D_MAC2_FORCE_SELECT_EN_FORCE_SPEED0_ABLTY_OFFSET		OFFSET_SHIFT	0	0	7479
D	RTL8367D_MAC2_FORCE_SELECT_EN_FORCE_SPEED0_ABLTY_MASK		MASK	0x1	1	7480
D	RTL8367D_REG_MAC3_FORCE_SELECT_EN		REGISTER	0x12cb	4811	7482
D	RTL8367D_MAC3_FORCE_SELECT_EN_FORCE_EEE_ABLTY_OFFSET		OFFSET_SHIFT	15	15	7483
D	RTL8367D_MAC3_FORCE_SELECT_EN_FORCE_EEE_ABLTY_MASK		MASK	0x8000	32768	7484
D	RTL8367D_MAC3_FORCE_SELECT_EN_UNUSED_OFFSET		OFFSET_SHIFT	14	14	7485
D	RTL8367D_MAC3_FORCE_SELECT_EN_UNUSED_MASK		MASK	0x4000	16384	7486
D	RTL8367D_MAC3_FORCE_SELECT_EN_FORCE_SPEED3_ABLTY_OFFSET		OFFSET_SHIFT	13	13	7487
D	RTL8367D_MAC3_FORCE_SELECT_EN_FORCE_SPEED3_ABLTY_MASK		MASK	0x2000	8192	7488
D	RTL8367D_MAC3_FORCE_SELECT_EN_FORCE_SPEED2_ABLTY_OFFSET		OFFSET_SHIFT	12	12	7489
D	RTL8367D_MAC3_FORCE_SELECT_EN_FORCE_SPEED2_ABLTY_MASK		MASK	0x1000	4096	7490
D	RTL8367D_MAC3_FORCE_SELECT_EN_FORCE_LPI_1000_ABLTY_OFFSET		OFFSET_SHIFT	11	11	7491
D	RTL8367D_MAC3_FORCE_SELECT_EN_FORCE_LPI_1000_ABLTY_MASK		MASK	0x800	2048	7492
D	RTL8367D_MAC3_FORCE_SELECT_EN_FORCE_LPI_100_ABLTY_OFFSET		OFFSET_SHIFT	10	10	7493
D	RTL8367D_MAC3_FORCE_SELECT_EN_FORCE_LPI_100_ABLTY_MASK		MASK	0x400	1024	7494
D	RTL8367D_MAC3_FORCE_SELECT_EN_FORCE_MST_FAULT_ABLTY_OFFSET		OFFSET_SHIFT	9	9	7495
D	RTL8367D_MAC3_FORCE_SELECT_EN_FORCE_MST_FAULT_ABLTY_MASK		MASK	0x200	512	7496
D	RTL8367D_MAC3_FORCE_SELECT_EN_FORCE_MST_MOD_ABLTY_OFFSET		OFFSET_SHIFT	8	8	7497
D	RTL8367D_MAC3_FORCE_SELECT_EN_FORCE_MST_MOD_ABLTY_MASK		MASK	0x100	256	7498
D	RTL8367D_MAC3_FORCE_SELECT_EN_FORCE_NWAY_ABLTY_OFFSET		OFFSET_SHIFT	7	7	7499
D	RTL8367D_MAC3_FORCE_SELECT_EN_FORCE_NWAY_ABLTY_MASK		MASK	0x80	128	7500
D	RTL8367D_MAC3_FORCE_SELECT_EN_FORCE_TXPAUSE_ABLTY_OFFSET		OFFSET_SHIFT	6	6	7501
D	RTL8367D_MAC3_FORCE_SELECT_EN_FORCE_TXPAUSE_ABLTY_MASK		MASK	0x40	64	7502
D	RTL8367D_MAC3_FORCE_SELECT_EN_FORCE_RXPAUSE_ABLTY_OFFSET		OFFSET_SHIFT	5	5	7503
D	RTL8367D_MAC3_FORCE_SELECT_EN_FORCE_RXPAUSE_ABLTY_MASK		MASK	0x20	32	7504
D	RTL8367D_MAC3_FORCE_SELECT_EN_FORCE_LINK_ABLTY_OFFSET		OFFSET_SHIFT	4	4	7505
D	RTL8367D_MAC3_FORCE_SELECT_EN_FORCE_LINK_ABLTY_MASK		MASK	0x10	16	7506
D	RTL8367D_MAC3_FORCE_SELECT_EN_FORCE_FIB1G_ABLTY_OFFSET		OFFSET_SHIFT	3	3	7507
D	RTL8367D_MAC3_FORCE_SELECT_EN_FORCE_FIB1G_ABLTY_MASK		MASK	0x8	8	7508
D	RTL8367D_MAC3_FORCE_SELECT_EN_FORCE_DUPLEX_ABLTY_OFFSET		OFFSET_SHIFT	2	2	7509
D	RTL8367D_MAC3_FORCE_SELECT_EN_FORCE_DUPLEX_ABLTY_MASK		MASK	0x4	4	7510
D	RTL8367D_MAC3_FORCE_SELECT_EN_FORCE_SPEED1_ABLTY_OFFSET		OFFSET_SHIFT	1	1	7511
D	RTL8367D_MAC3_FORCE_SELECT_EN_FORCE_SPEED1_ABLTY_MASK		MASK	0x2	2	7512
D	RTL8367D_MAC3_FORCE_SELECT_EN_FORCE_SPEED0_ABLTY_OFFSET		OFFSET_SHIFT	0	0	7513
D	RTL8367D_MAC3_FORCE_SELECT_EN_FORCE_SPEED0_ABLTY_MASK		MASK	0x1	1	7514
D	RTL8367D_REG_MAC4_FORCE_SELECT_EN		REGISTER	0x12cc	4812	7516
D	RTL8367D_MAC4_FORCE_SELECT_EN_FORCE_EEE_ABLTY_OFFSET		OFFSET_SHIFT	15	15	7517
D	RTL8367D_MAC4_FORCE_SELECT_EN_FORCE_EEE_ABLTY_MASK		MASK	0x8000	32768	7518
D	RTL8367D_MAC4_FORCE_SELECT_EN_UNUSED_OFFSET		OFFSET_SHIFT	14	14	7519
D	RTL8367D_MAC4_FORCE_SELECT_EN_UNUSED_MASK		MASK	0x4000	16384	7520
D	RTL8367D_MAC4_FORCE_SELECT_EN_FORCE_SPEED3_ABLTY_OFFSET		OFFSET_SHIFT	13	13	7521
D	RTL8367D_MAC4_FORCE_SELECT_EN_FORCE_SPEED3_ABLTY_MASK		MASK	0x2000	8192	7522
D	RTL8367D_MAC4_FORCE_SELECT_EN_FORCE_SPEED2_ABLTY_OFFSET		OFFSET_SHIFT	12	12	7523
D	RTL8367D_MAC4_FORCE_SELECT_EN_FORCE_SPEED2_ABLTY_MASK		MASK	0x1000	4096	7524
D	RTL8367D_MAC4_FORCE_SELECT_EN_FORCE_LPI_1000_ABLTY_OFFSET		OFFSET_SHIFT	11	11	7525
D	RTL8367D_MAC4_FORCE_SELECT_EN_FORCE_LPI_1000_ABLTY_MASK		MASK	0x800	2048	7526
D	RTL8367D_MAC4_FORCE_SELECT_EN_FORCE_LPI_100_ABLTY_OFFSET		OFFSET_SHIFT	10	10	7527
D	RTL8367D_MAC4_FORCE_SELECT_EN_FORCE_LPI_100_ABLTY_MASK		MASK	0x400	1024	7528
D	RTL8367D_MAC4_FORCE_SELECT_EN_FORCE_MST_FAULT_ABLTY_OFFSET		OFFSET_SHIFT	9	9	7529
D	RTL8367D_MAC4_FORCE_SELECT_EN_FORCE_MST_FAULT_ABLTY_MASK		MASK	0x200	512	7530
D	RTL8367D_MAC4_FORCE_SELECT_EN_FORCE_MST_MOD_ABLTY_OFFSET		OFFSET_SHIFT	8	8	7531
D	RTL8367D_MAC4_FORCE_SELECT_EN_FORCE_MST_MOD_ABLTY_MASK		MASK	0x100	256	7532
D	RTL8367D_MAC4_FORCE_SELECT_EN_FORCE_NWAY_ABLTY_OFFSET		OFFSET_SHIFT	7	7	7533
D	RTL8367D_MAC4_FORCE_SELECT_EN_FORCE_NWAY_ABLTY_MASK		MASK	0x80	128	7534
D	RTL8367D_MAC4_FORCE_SELECT_EN_FORCE_TXPAUSE_ABLTY_OFFSET		OFFSET_SHIFT	6	6	7535
D	RTL8367D_MAC4_FORCE_SELECT_EN_FORCE_TXPAUSE_ABLTY_MASK		MASK	0x40	64	7536
D	RTL8367D_MAC4_FORCE_SELECT_EN_FORCE_RXPAUSE_ABLTY_OFFSET		OFFSET_SHIFT	5	5	7537
D	RTL8367D_MAC4_FORCE_SELECT_EN_FORCE_RXPAUSE_ABLTY_MASK		MASK	0x20	32	7538
D	RTL8367D_MAC4_FORCE_SELECT_EN_FORCE_LINK_ABLTY_OFFSET		OFFSET_SHIFT	4	4	7539
D	RTL8367D_MAC4_FORCE_SELECT_EN_FORCE_LINK_ABLTY_MASK		MASK	0x10	16	7540
D	RTL8367D_MAC4_FORCE_SELECT_EN_FORCE_FIB1G_ABLTY_OFFSET		OFFSET_SHIFT	3	3	7541
D	RTL8367D_MAC4_FORCE_SELECT_EN_FORCE_FIB1G_ABLTY_MASK		MASK	0x8	8	7542
D	RTL8367D_MAC4_FORCE_SELECT_EN_FORCE_DUPLEX_ABLTY_OFFSET		OFFSET_SHIFT	2	2	7543
D	RTL8367D_MAC4_FORCE_SELECT_EN_FORCE_DUPLEX_ABLTY_MASK		MASK	0x4	4	7544
D	RTL8367D_MAC4_FORCE_SELECT_EN_FORCE_SPEED1_ABLTY_OFFSET		OFFSET_SHIFT	1	1	7545
D	RTL8367D_MAC4_FORCE_SELECT_EN_FORCE_SPEED1_ABLTY_MASK		MASK	0x2	2	7546
D	RTL8367D_MAC4_FORCE_SELECT_EN_FORCE_SPEED0_ABLTY_OFFSET		OFFSET_SHIFT	0	0	7547
D	RTL8367D_MAC4_FORCE_SELECT_EN_FORCE_SPEED0_ABLTY_MASK		MASK	0x1	1	7548
D	RTL8367D_REG_MAC5_FORCE_SELECT_EN		REGISTER	0x12cd	4813	7550
D	RTL8367D_MAC5_FORCE_SELECT_EN_FORCE_EEE_ABLTY_OFFSET		OFFSET_SHIFT	15	15	7551
D	RTL8367D_MAC5_FORCE_SELECT_EN_FORCE_EEE_ABLTY_MASK		MASK	0x8000	32768	7552
D	RTL8367D_MAC5_FORCE_SELECT_EN_UNUSED_OFFSET		OFFSET_SHIFT	14	14	7553
D	RTL8367D_MAC5_FORCE_SELECT_EN_UNUSED_MASK		MASK	0x4000	16384	7554
D	RTL8367D_MAC5_FORCE_SELECT_EN_FORCE_SPEED3_ABLTY_OFFSET		OFFSET_SHIFT	13	13	7555
D	RTL8367D_MAC5_FORCE_SELECT_EN_FORCE_SPEED3_ABLTY_MASK		MASK	0x2000	8192	7556
D	RTL8367D_MAC5_FORCE_SELECT_EN_FORCE_SPEED2_ABLTY_OFFSET		OFFSET_SHIFT	12	12	7557
D	RTL8367D_MAC5_FORCE_SELECT_EN_FORCE_SPEED2_ABLTY_MASK		MASK	0x1000	4096	7558
D	RTL8367D_MAC5_FORCE_SELECT_EN_FORCE_LPI_1000_ABLTY_OFFSET		OFFSET_SHIFT	11	11	7559
D	RTL8367D_MAC5_FORCE_SELECT_EN_FORCE_LPI_1000_ABLTY_MASK		MASK	0x800	2048	7560
D	RTL8367D_MAC5_FORCE_SELECT_EN_FORCE_LPI_100_ABLTY_OFFSET		OFFSET_SHIFT	10	10	7561
D	RTL8367D_MAC5_FORCE_SELECT_EN_FORCE_LPI_100_ABLTY_MASK		MASK	0x400	1024	7562
D	RTL8367D_MAC5_FORCE_SELECT_EN_FORCE_MST_FAULT_ABLTY_OFFSET		OFFSET_SHIFT	9	9	7563
D	RTL8367D_MAC5_FORCE_SELECT_EN_FORCE_MST_FAULT_ABLTY_MASK		MASK	0x200	512	7564
D	RTL8367D_MAC5_FORCE_SELECT_EN_FORCE_MST_MOD_ABLTY_OFFSET		OFFSET_SHIFT	8	8	7565
D	RTL8367D_MAC5_FORCE_SELECT_EN_FORCE_MST_MOD_ABLTY_MASK		MASK	0x100	256	7566
D	RTL8367D_MAC5_FORCE_SELECT_EN_FORCE_NWAY_ABLTY_OFFSET		OFFSET_SHIFT	7	7	7567
D	RTL8367D_MAC5_FORCE_SELECT_EN_FORCE_NWAY_ABLTY_MASK		MASK	0x80	128	7568
D	RTL8367D_MAC5_FORCE_SELECT_EN_FORCE_TXPAUSE_ABLTY_OFFSET		OFFSET_SHIFT	6	6	7569
D	RTL8367D_MAC5_FORCE_SELECT_EN_FORCE_TXPAUSE_ABLTY_MASK		MASK	0x40	64	7570
D	RTL8367D_MAC5_FORCE_SELECT_EN_FORCE_RXPAUSE_ABLTY_OFFSET		OFFSET_SHIFT	5	5	7571
D	RTL8367D_MAC5_FORCE_SELECT_EN_FORCE_RXPAUSE_ABLTY_MASK		MASK	0x20	32	7572
D	RTL8367D_MAC5_FORCE_SELECT_EN_FORCE_LINK_ABLTY_OFFSET		OFFSET_SHIFT	4	4	7573
D	RTL8367D_MAC5_FORCE_SELECT_EN_FORCE_LINK_ABLTY_MASK		MASK	0x10	16	7574
D	RTL8367D_MAC5_FORCE_SELECT_EN_FORCE_FIB1G_ABLTY_OFFSET		OFFSET_SHIFT	3	3	7575
D	RTL8367D_MAC5_FORCE_SELECT_EN_FORCE_FIB1G_ABLTY_MASK		MASK	0x8	8	7576
D	RTL8367D_MAC5_FORCE_SELECT_EN_FORCE_DUPLEX_ABLTY_OFFSET		OFFSET_SHIFT	2	2	7577
D	RTL8367D_MAC5_FORCE_SELECT_EN_FORCE_DUPLEX_ABLTY_MASK		MASK	0x4	4	7578
D	RTL8367D_MAC5_FORCE_SELECT_EN_FORCE_SPEED1_ABLTY_OFFSET		OFFSET_SHIFT	1	1	7579
D	RTL8367D_MAC5_FORCE_SELECT_EN_FORCE_SPEED1_ABLTY_MASK		MASK	0x2	2	7580
D	RTL8367D_MAC5_FORCE_SELECT_EN_FORCE_SPEED0_ABLTY_OFFSET		OFFSET_SHIFT	0	0	7581
D	RTL8367D_MAC5_FORCE_SELECT_EN_FORCE_SPEED0_ABLTY_MASK		MASK	0x1	1	7582
D	RTL8367D_REG_MAC6_FORCE_SELECT_EN		REGISTER	0x12ce	4814	7584
D	RTL8367D_MAC6_FORCE_SELECT_EN_FORCE_EEE_ABLTY_OFFSET		OFFSET_SHIFT	15	15	7585
D	RTL8367D_MAC6_FORCE_SELECT_EN_FORCE_EEE_ABLTY_MASK		MASK	0x8000	32768	7586
D	RTL8367D_MAC6_FORCE_SELECT_EN_UNUSED_OFFSET		OFFSET_SHIFT	14	14	7587
D	RTL8367D_MAC6_FORCE_SELECT_EN_UNUSED_MASK		MASK	0x4000	16384	7588
D	RTL8367D_MAC6_FORCE_SELECT_EN_FORCE_SPEED3_ABLTY_OFFSET		OFFSET_SHIFT	13	13	7589
D	RTL8367D_MAC6_FORCE_SELECT_EN_FORCE_SPEED3_ABLTY_MASK		MASK	0x2000	8192	7590
D	RTL8367D_MAC6_FORCE_SELECT_EN_FORCE_SPEED2_ABLTY_OFFSET		OFFSET_SHIFT	12	12	7591
D	RTL8367D_MAC6_FORCE_SELECT_EN_FORCE_SPEED2_ABLTY_MASK		MASK	0x1000	4096	7592
D	RTL8367D_MAC6_FORCE_SELECT_EN_FORCE_LPI_1000_ABLTY_OFFSET		OFFSET_SHIFT	11	11	7593
D	RTL8367D_MAC6_FORCE_SELECT_EN_FORCE_LPI_1000_ABLTY_MASK		MASK	0x800	2048	7594
D	RTL8367D_MAC6_FORCE_SELECT_EN_FORCE_LPI_100_ABLTY_OFFSET		OFFSET_SHIFT	10	10	7595
D	RTL8367D_MAC6_FORCE_SELECT_EN_FORCE_LPI_100_ABLTY_MASK		MASK	0x400	1024	7596
D	RTL8367D_MAC6_FORCE_SELECT_EN_FORCE_MST_FAULT_ABLTY_OFFSET		OFFSET_SHIFT	9	9	7597
D	RTL8367D_MAC6_FORCE_SELECT_EN_FORCE_MST_FAULT_ABLTY_MASK		MASK	0x200	512	7598
D	RTL8367D_MAC6_FORCE_SELECT_EN_FORCE_MST_MOD_ABLTY_OFFSET		OFFSET_SHIFT	8	8	7599
D	RTL8367D_MAC6_FORCE_SELECT_EN_FORCE_MST_MOD_ABLTY_MASK		MASK	0x100	256	7600
D	RTL8367D_MAC6_FORCE_SELECT_EN_FORCE_NWAY_ABLTY_OFFSET		OFFSET_SHIFT	7	7	7601
D	RTL8367D_MAC6_FORCE_SELECT_EN_FORCE_NWAY_ABLTY_MASK		MASK	0x80	128	7602
D	RTL8367D_MAC6_FORCE_SELECT_EN_FORCE_TXPAUSE_ABLTY_OFFSET		OFFSET_SHIFT	6	6	7603
D	RTL8367D_MAC6_FORCE_SELECT_EN_FORCE_TXPAUSE_ABLTY_MASK		MASK	0x40	64	7604
D	RTL8367D_MAC6_FORCE_SELECT_EN_FORCE_RXPAUSE_ABLTY_OFFSET		OFFSET_SHIFT	5	5	7605
D	RTL8367D_MAC6_FORCE_SELECT_EN_FORCE_RXPAUSE_ABLTY_MASK		MASK	0x20	32	7606
D	RTL8367D_MAC6_FORCE_SELECT_EN_FORCE_LINK_ABLTY_OFFSET		OFFSET_SHIFT	4	4	7607
D	RTL8367D_MAC6_FORCE_SELECT_EN_FORCE_LINK_ABLTY_MASK		MASK	0x10	16	7608
D	RTL8367D_MAC6_FORCE_SELECT_EN_FORCE_FIB1G_ABLTY_OFFSET		OFFSET_SHIFT	3	3	7609
D	RTL8367D_MAC6_FORCE_SELECT_EN_FORCE_FIB1G_ABLTY_MASK		MASK	0x8	8	7610
D	RTL8367D_MAC6_FORCE_SELECT_EN_FORCE_DUPLEX_ABLTY_OFFSET		OFFSET_SHIFT	2	2	7611
D	RTL8367D_MAC6_FORCE_SELECT_EN_FORCE_DUPLEX_ABLTY_MASK		MASK	0x4	4	7612
D	RTL8367D_MAC6_FORCE_SELECT_EN_FORCE_SPEED1_ABLTY_OFFSET		OFFSET_SHIFT	1	1	7613
D	RTL8367D_MAC6_FORCE_SELECT_EN_FORCE_SPEED1_ABLTY_MASK		MASK	0x2	2	7614
D	RTL8367D_MAC6_FORCE_SELECT_EN_FORCE_SPEED0_ABLTY_OFFSET		OFFSET_SHIFT	0	0	7615
D	RTL8367D_MAC6_FORCE_SELECT_EN_FORCE_SPEED0_ABLTY_MASK		MASK	0x1	1	7616
D	RTL8367D_REG_MAC7_FORCE_SELECT_EN		REGISTER	0x12cf	4815	7618
D	RTL8367D_MAC7_FORCE_SELECT_EN_FORCE_EEE_ABLTY_OFFSET		OFFSET_SHIFT	15	15	7619
D	RTL8367D_MAC7_FORCE_SELECT_EN_FORCE_EEE_ABLTY_MASK		MASK	0x8000	32768	7620
D	RTL8367D_MAC7_FORCE_SELECT_EN_UNUSED_OFFSET		OFFSET_SHIFT	14	14	7621
D	RTL8367D_MAC7_FORCE_SELECT_EN_UNUSED_MASK		MASK	0x4000	16384	7622
D	RTL8367D_MAC7_FORCE_SELECT_EN_FORCE_SPEED3_ABLTY_OFFSET		OFFSET_SHIFT	13	13	7623
D	RTL8367D_MAC7_FORCE_SELECT_EN_FORCE_SPEED3_ABLTY_MASK		MASK	0x2000	8192	7624
D	RTL8367D_MAC7_FORCE_SELECT_EN_FORCE_SPEED2_ABLTY_OFFSET		OFFSET_SHIFT	12	12	7625
D	RTL8367D_MAC7_FORCE_SELECT_EN_FORCE_SPEED2_ABLTY_MASK		MASK	0x1000	4096	7626
D	RTL8367D_MAC7_FORCE_SELECT_EN_FORCE_LPI_1000_ABLTY_OFFSET		OFFSET_SHIFT	11	11	7627
D	RTL8367D_MAC7_FORCE_SELECT_EN_FORCE_LPI_1000_ABLTY_MASK		MASK	0x800	2048	7628
D	RTL8367D_MAC7_FORCE_SELECT_EN_FORCE_LPI_100_ABLTY_OFFSET		OFFSET_SHIFT	10	10	7629
D	RTL8367D_MAC7_FORCE_SELECT_EN_FORCE_LPI_100_ABLTY_MASK		MASK	0x400	1024	7630
D	RTL8367D_MAC7_FORCE_SELECT_EN_FORCE_MST_FAULT_ABLTY_OFFSET		OFFSET_SHIFT	9	9	7631
D	RTL8367D_MAC7_FORCE_SELECT_EN_FORCE_MST_FAULT_ABLTY_MASK		MASK	0x200	512	7632
D	RTL8367D_MAC7_FORCE_SELECT_EN_FORCE_MST_MOD_ABLTY_OFFSET		OFFSET_SHIFT	8	8	7633
D	RTL8367D_MAC7_FORCE_SELECT_EN_FORCE_MST_MOD_ABLTY_MASK		MASK	0x100	256	7634
D	RTL8367D_MAC7_FORCE_SELECT_EN_FORCE_NWAY_ABLTY_OFFSET		OFFSET_SHIFT	7	7	7635
D	RTL8367D_MAC7_FORCE_SELECT_EN_FORCE_NWAY_ABLTY_MASK		MASK	0x80	128	7636
D	RTL8367D_MAC7_FORCE_SELECT_EN_FORCE_TXPAUSE_ABLTY_OFFSET		OFFSET_SHIFT	6	6	7637
D	RTL8367D_MAC7_FORCE_SELECT_EN_FORCE_TXPAUSE_ABLTY_MASK		MASK	0x40	64	7638
D	RTL8367D_MAC7_FORCE_SELECT_EN_FORCE_RXPAUSE_ABLTY_OFFSET		OFFSET_SHIFT	5	5	7639
D	RTL8367D_MAC7_FORCE_SELECT_EN_FORCE_RXPAUSE_ABLTY_MASK		MASK	0x20	32	7640
D	RTL8367D_MAC7_FORCE_SELECT_EN_FORCE_LINK_ABLTY_OFFSET		OFFSET_SHIFT	4	4	7641
D	RTL8367D_MAC7_FORCE_SELECT_EN_FORCE_LINK_ABLTY_MASK		MASK	0x10	16	7642
D	RTL8367D_MAC7_FORCE_SELECT_EN_FORCE_FIB1G_ABLTY_OFFSET		OFFSET_SHIFT	3	3	7643
D	RTL8367D_MAC7_FORCE_SELECT_EN_FORCE_FIB1G_ABLTY_MASK		MASK	0x8	8	7644
D	RTL8367D_MAC7_FORCE_SELECT_EN_FORCE_DUPLEX_ABLTY_OFFSET		OFFSET_SHIFT	2	2	7645
D	RTL8367D_MAC7_FORCE_SELECT_EN_FORCE_DUPLEX_ABLTY_MASK		MASK	0x4	4	7646
D	RTL8367D_MAC7_FORCE_SELECT_EN_FORCE_SPEED1_ABLTY_OFFSET		OFFSET_SHIFT	1	1	7647
D	RTL8367D_MAC7_FORCE_SELECT_EN_FORCE_SPEED1_ABLTY_MASK		MASK	0x2	2	7648
D	RTL8367D_MAC7_FORCE_SELECT_EN_FORCE_SPEED0_ABLTY_OFFSET		OFFSET_SHIFT	0	0	7649
D	RTL8367D_MAC7_FORCE_SELECT_EN_FORCE_SPEED0_ABLTY_MASK		MASK	0x1	1	7650
D	RTL8367D_REG_PORT0_STATUS		REGISTER	0x12d0	4816	7652
D	RTL8367D_PORT0_STATUS_EN_EEE_LPI_OFFSET		OFFSET_SHIFT	15	15	7653
D	RTL8367D_PORT0_STATUS_EN_EEE_LPI_MASK		MASK	0x8000	32768	7654
D	RTL8367D_PORT0_STATUS_UNUSED_OFFSET		OFFSET_SHIFT	14	14	7655
D	RTL8367D_PORT0_STATUS_UNUSED_MASK		MASK	0x4000	16384	7656
D	RTL8367D_PORT0_STATUS_LINK_SPEED_3_OFFSET		OFFSET_SHIFT	13	13	7657
D	RTL8367D_PORT0_STATUS_LINK_SPEED_3_MASK		MASK	0x2000	8192	7658
D	RTL8367D_PORT0_STATUS_LINK_SPEED_2_OFFSET		OFFSET_SHIFT	12	12	7659
D	RTL8367D_PORT0_STATUS_LINK_SPEED_2_MASK		MASK	0x1000	4096	7660
D	RTL8367D_PORT0_STATUS_EN_1000_LPI_OFFSET		OFFSET_SHIFT	11	11	7661
D	RTL8367D_PORT0_STATUS_EN_1000_LPI_MASK		MASK	0x800	2048	7662
D	RTL8367D_PORT0_STATUS_EN_100_LPI_OFFSET		OFFSET_SHIFT	10	10	7663
D	RTL8367D_PORT0_STATUS_EN_100_LPI_MASK		MASK	0x400	1024	7664
D	RTL8367D_PORT0_STATUS_NWAY_FAULT_OFFSET		OFFSET_SHIFT	9	9	7665
D	RTL8367D_PORT0_STATUS_NWAY_FAULT_MASK		MASK	0x200	512	7666
D	RTL8367D_PORT0_STATUS_LINK_ON_MASTER_OFFSET		OFFSET_SHIFT	8	8	7667
D	RTL8367D_PORT0_STATUS_LINK_ON_MASTER_MASK		MASK	0x100	256	7668
D	RTL8367D_PORT0_STATUS_NWAY_CAP_OFFSET		OFFSET_SHIFT	7	7	7669
D	RTL8367D_PORT0_STATUS_NWAY_CAP_MASK		MASK	0x80	128	7670
D	RTL8367D_PORT0_STATUS_TX_FLOWCTRL_CAP_OFFSET		OFFSET_SHIFT	6	6	7671
D	RTL8367D_PORT0_STATUS_TX_FLOWCTRL_CAP_MASK		MASK	0x40	64	7672
D	RTL8367D_PORT0_STATUS_RX_FLOWCTRL_CAP_OFFSET		OFFSET_SHIFT	5	5	7673
D	RTL8367D_PORT0_STATUS_RX_FLOWCTRL_CAP_MASK		MASK	0x20	32	7674
D	RTL8367D_PORT0_STATUS_LINK_STATE_OFFSET		OFFSET_SHIFT	4	4	7675
D	RTL8367D_PORT0_STATUS_LINK_STATE_MASK		MASK	0x10	16	7676
D	RTL8367D_PORT0_STATUS_FULL_DUPLUX_CAP_OFFSET		OFFSET_SHIFT	2	2	7677
D	RTL8367D_PORT0_STATUS_FULL_DUPLUX_CAP_MASK		MASK	0x4	4	7678
D	RTL8367D_PORT0_STATUS_LINK_SPEED_OFFSET		OFFSET_SHIFT	0	0	7679
D	RTL8367D_PORT0_STATUS_LINK_SPEED_MASK		MASK	0x3	3	7680
D	RTL8367D_REG_PORT1_STATUS		REGISTER	0x12d1	4817	7682
D	RTL8367D_PORT1_STATUS_EN_EEE_LPI_OFFSET		OFFSET_SHIFT	15	15	7683
D	RTL8367D_PORT1_STATUS_EN_EEE_LPI_MASK		MASK	0x8000	32768	7684
D	RTL8367D_PORT1_STATUS_UNUSED_OFFSET		OFFSET_SHIFT	14	14	7685
D	RTL8367D_PORT1_STATUS_UNUSED_MASK		MASK	0x4000	16384	7686
D	RTL8367D_PORT1_STATUS_LINK_SPEED_3_OFFSET		OFFSET_SHIFT	13	13	7687
D	RTL8367D_PORT1_STATUS_LINK_SPEED_3_MASK		MASK	0x2000	8192	7688
D	RTL8367D_PORT1_STATUS_LINK_SPEED_2_OFFSET		OFFSET_SHIFT	12	12	7689
D	RTL8367D_PORT1_STATUS_LINK_SPEED_2_MASK		MASK	0x1000	4096	7690
D	RTL8367D_PORT1_STATUS_EN_1000_LPI_OFFSET		OFFSET_SHIFT	11	11	7691
D	RTL8367D_PORT1_STATUS_EN_1000_LPI_MASK		MASK	0x800	2048	7692
D	RTL8367D_PORT1_STATUS_EN_100_LPI_OFFSET		OFFSET_SHIFT	10	10	7693
D	RTL8367D_PORT1_STATUS_EN_100_LPI_MASK		MASK	0x400	1024	7694
D	RTL8367D_PORT1_STATUS_NWAY_FAULT_OFFSET		OFFSET_SHIFT	9	9	7695
D	RTL8367D_PORT1_STATUS_NWAY_FAULT_MASK		MASK	0x200	512	7696
D	RTL8367D_PORT1_STATUS_LINK_ON_MASTER_OFFSET		OFFSET_SHIFT	8	8	7697
D	RTL8367D_PORT1_STATUS_LINK_ON_MASTER_MASK		MASK	0x100	256	7698
D	RTL8367D_PORT1_STATUS_NWAY_CAP_OFFSET		OFFSET_SHIFT	7	7	7699
D	RTL8367D_PORT1_STATUS_NWAY_CAP_MASK		MASK	0x80	128	7700
D	RTL8367D_PORT1_STATUS_TX_FLOWCTRL_CAP_OFFSET		OFFSET_SHIFT	6	6	7701
D	RTL8367D_PORT1_STATUS_TX_FLOWCTRL_CAP_MASK		MASK	0x40	64	7702
D	RTL8367D_PORT1_STATUS_RX_FLOWCTRL_CAP_OFFSET		OFFSET_SHIFT	5	5	7703
D	RTL8367D_PORT1_STATUS_RX_FLOWCTRL_CAP_MASK		MASK	0x20	32	7704
D	RTL8367D_PORT1_STATUS_LINK_STATE_OFFSET		OFFSET_SHIFT	4	4	7705
D	RTL8367D_PORT1_STATUS_LINK_STATE_MASK		MASK	0x10	16	7706
D	RTL8367D_PORT1_STATUS_FULL_DUPLUX_CAP_OFFSET		OFFSET_SHIFT	2	2	7707
D	RTL8367D_PORT1_STATUS_FULL_DUPLUX_CAP_MASK		MASK	0x4	4	7708
D	RTL8367D_PORT1_STATUS_LINK_SPEED_OFFSET		OFFSET_SHIFT	0	0	7709
D	RTL8367D_PORT1_STATUS_LINK_SPEED_MASK		MASK	0x3	3	7710
D	RTL8367D_REG_PORT2_STATUS		REGISTER	0x12d2	4818	7712
D	RTL8367D_PORT2_STATUS_EN_EEE_LPI_OFFSET		OFFSET_SHIFT	15	15	7713
D	RTL8367D_PORT2_STATUS_EN_EEE_LPI_MASK		MASK	0x8000	32768	7714
D	RTL8367D_PORT2_STATUS_UNUSED_OFFSET		OFFSET_SHIFT	14	14	7715
D	RTL8367D_PORT2_STATUS_UNUSED_MASK		MASK	0x4000	16384	7716
D	RTL8367D_PORT2_STATUS_LINK_SPEED_3_OFFSET		OFFSET_SHIFT	13	13	7717
D	RTL8367D_PORT2_STATUS_LINK_SPEED_3_MASK		MASK	0x2000	8192	7718
D	RTL8367D_PORT2_STATUS_LINK_SPEED_2_OFFSET		OFFSET_SHIFT	12	12	7719
D	RTL8367D_PORT2_STATUS_LINK_SPEED_2_MASK		MASK	0x1000	4096	7720
D	RTL8367D_PORT2_STATUS_EN_1000_LPI_OFFSET		OFFSET_SHIFT	11	11	7721
D	RTL8367D_PORT2_STATUS_EN_1000_LPI_MASK		MASK	0x800	2048	7722
D	RTL8367D_PORT2_STATUS_EN_100_LPI_OFFSET		OFFSET_SHIFT	10	10	7723
D	RTL8367D_PORT2_STATUS_EN_100_LPI_MASK		MASK	0x400	1024	7724
D	RTL8367D_PORT2_STATUS_NWAY_FAULT_OFFSET		OFFSET_SHIFT	9	9	7725
D	RTL8367D_PORT2_STATUS_NWAY_FAULT_MASK		MASK	0x200	512	7726
D	RTL8367D_PORT2_STATUS_LINK_ON_MASTER_OFFSET		OFFSET_SHIFT	8	8	7727
D	RTL8367D_PORT2_STATUS_LINK_ON_MASTER_MASK		MASK	0x100	256	7728
D	RTL8367D_PORT2_STATUS_NWAY_CAP_OFFSET		OFFSET_SHIFT	7	7	7729
D	RTL8367D_PORT2_STATUS_NWAY_CAP_MASK		MASK	0x80	128	7730
D	RTL8367D_PORT2_STATUS_TX_FLOWCTRL_CAP_OFFSET		OFFSET_SHIFT	6	6	7731
D	RTL8367D_PORT2_STATUS_TX_FLOWCTRL_CAP_MASK		MASK	0x40	64	7732
D	RTL8367D_PORT2_STATUS_RX_FLOWCTRL_CAP_OFFSET		OFFSET_SHIFT	5	5	7733
D	RTL8367D_PORT2_STATUS_RX_FLOWCTRL_CAP_MASK		MASK	0x20	32	7734
D	RTL8367D_PORT2_STATUS_LINK_STATE_OFFSET		OFFSET_SHIFT	4	4	7735
D	RTL8367D_PORT2_STATUS_LINK_STATE_MASK		MASK	0x10	16	7736
D	RTL8367D_PORT2_STATUS_FULL_DUPLUX_CAP_OFFSET		OFFSET_SHIFT	2	2	7737
D	RTL8367D_PORT2_STATUS_FULL_DUPLUX_CAP_MASK		MASK	0x4	4	7738
D	RTL8367D_PORT2_STATUS_LINK_SPEED_OFFSET		OFFSET_SHIFT	0	0	7739
D	RTL8367D_PORT2_STATUS_LINK_SPEED_MASK		MASK	0x3	3	7740
D	RTL8367D_REG_PORT3_STATUS		REGISTER	0x12d3	4819	7742
D	RTL8367D_PORT3_STATUS_EN_EEE_LPI_OFFSET		OFFSET_SHIFT	15	15	7743
D	RTL8367D_PORT3_STATUS_EN_EEE_LPI_MASK		MASK	0x8000	32768	7744
D	RTL8367D_PORT3_STATUS_UNUSED_OFFSET		OFFSET_SHIFT	14	14	7745
D	RTL8367D_PORT3_STATUS_UNUSED_MASK		MASK	0x4000	16384	7746
D	RTL8367D_PORT3_STATUS_LINK_SPEED_3_OFFSET		OFFSET_SHIFT	13	13	7747
D	RTL8367D_PORT3_STATUS_LINK_SPEED_3_MASK		MASK	0x2000	8192	7748
D	RTL8367D_PORT3_STATUS_LINK_SPEED_2_OFFSET		OFFSET_SHIFT	12	12	7749
D	RTL8367D_PORT3_STATUS_LINK_SPEED_2_MASK		MASK	0x1000	4096	7750
D	RTL8367D_PORT3_STATUS_EN_1000_LPI_OFFSET		OFFSET_SHIFT	11	11	7751
D	RTL8367D_PORT3_STATUS_EN_1000_LPI_MASK		MASK	0x800	2048	7752
D	RTL8367D_PORT3_STATUS_EN_100_LPI_OFFSET		OFFSET_SHIFT	10	10	7753
D	RTL8367D_PORT3_STATUS_EN_100_LPI_MASK		MASK	0x400	1024	7754
D	RTL8367D_PORT3_STATUS_NWAY_FAULT_OFFSET		OFFSET_SHIFT	9	9	7755
D	RTL8367D_PORT3_STATUS_NWAY_FAULT_MASK		MASK	0x200	512	7756
D	RTL8367D_PORT3_STATUS_LINK_ON_MASTER_OFFSET		OFFSET_SHIFT	8	8	7757
D	RTL8367D_PORT3_STATUS_LINK_ON_MASTER_MASK		MASK	0x100	256	7758
D	RTL8367D_PORT3_STATUS_NWAY_CAP_OFFSET		OFFSET_SHIFT	7	7	7759
D	RTL8367D_PORT3_STATUS_NWAY_CAP_MASK		MASK	0x80	128	7760
D	RTL8367D_PORT3_STATUS_TX_FLOWCTRL_CAP_OFFSET		OFFSET_SHIFT	6	6	7761
D	RTL8367D_PORT3_STATUS_TX_FLOWCTRL_CAP_MASK		MASK	0x40	64	7762
D	RTL8367D_PORT3_STATUS_RX_FLOWCTRL_CAP_OFFSET		OFFSET_SHIFT	5	5	7763
D	RTL8367D_PORT3_STATUS_RX_FLOWCTRL_CAP_MASK		MASK	0x20	32	7764
D	RTL8367D_PORT3_STATUS_LINK_STATE_OFFSET		OFFSET_SHIFT	4	4	7765
D	RTL8367D_PORT3_STATUS_LINK_STATE_MASK		MASK	0x10	16	7766
D	RTL8367D_PORT3_STATUS_FULL_DUPLUX_CAP_OFFSET		OFFSET_SHIFT	2	2	7767
D	RTL8367D_PORT3_STATUS_FULL_DUPLUX_CAP_MASK		MASK	0x4	4	7768
D	RTL8367D_PORT3_STATUS_LINK_SPEED_OFFSET		OFFSET_SHIFT	0	0	7769
D	RTL8367D_PORT3_STATUS_LINK_SPEED_MASK		MASK	0x3	3	7770
D	RTL8367D_REG_PORT4_STATUS		REGISTER	0x12d4	4820	7772
D	RTL8367D_PORT4_STATUS_EN_EEE_LPI_OFFSET		OFFSET_SHIFT	15	15	7773
D	RTL8367D_PORT4_STATUS_EN_EEE_LPI_MASK		MASK	0x8000	32768	7774
D	RTL8367D_PORT4_STATUS_UNUSED_OFFSET		OFFSET_SHIFT	14	14	7775
D	RTL8367D_PORT4_STATUS_UNUSED_MASK		MASK	0x4000	16384	7776
D	RTL8367D_PORT4_STATUS_LINK_SPEED_3_OFFSET		OFFSET_SHIFT	13	13	7777
D	RTL8367D_PORT4_STATUS_LINK_SPEED_3_MASK		MASK	0x2000	8192	7778
D	RTL8367D_PORT4_STATUS_LINK_SPEED_2_OFFSET		OFFSET_SHIFT	12	12	7779
D	RTL8367D_PORT4_STATUS_LINK_SPEED_2_MASK		MASK	0x1000	4096	7780
D	RTL8367D_PORT4_STATUS_EN_1000_LPI_OFFSET		OFFSET_SHIFT	11	11	7781
D	RTL8367D_PORT4_STATUS_EN_1000_LPI_MASK		MASK	0x800	2048	7782
D	RTL8367D_PORT4_STATUS_EN_100_LPI_OFFSET		OFFSET_SHIFT	10	10	7783
D	RTL8367D_PORT4_STATUS_EN_100_LPI_MASK		MASK	0x400	1024	7784
D	RTL8367D_PORT4_STATUS_NWAY_FAULT_OFFSET		OFFSET_SHIFT	9	9	7785
D	RTL8367D_PORT4_STATUS_NWAY_FAULT_MASK		MASK	0x200	512	7786
D	RTL8367D_PORT4_STATUS_LINK_ON_MASTER_OFFSET		OFFSET_SHIFT	8	8	7787
D	RTL8367D_PORT4_STATUS_LINK_ON_MASTER_MASK		MASK	0x100	256	7788
D	RTL8367D_PORT4_STATUS_NWAY_CAP_OFFSET		OFFSET_SHIFT	7	7	7789
D	RTL8367D_PORT4_STATUS_NWAY_CAP_MASK		MASK	0x80	128	7790
D	RTL8367D_PORT4_STATUS_TX_FLOWCTRL_CAP_OFFSET		OFFSET_SHIFT	6	6	7791
D	RTL8367D_PORT4_STATUS_TX_FLOWCTRL_CAP_MASK		MASK	0x40	64	7792
D	RTL8367D_PORT4_STATUS_RX_FLOWCTRL_CAP_OFFSET		OFFSET_SHIFT	5	5	7793
D	RTL8367D_PORT4_STATUS_RX_FLOWCTRL_CAP_MASK		MASK	0x20	32	7794
D	RTL8367D_PORT4_STATUS_LINK_STATE_OFFSET		OFFSET_SHIFT	4	4	7795
D	RTL8367D_PORT4_STATUS_LINK_STATE_MASK		MASK	0x10	16	7796
D	RTL8367D_PORT4_STATUS_FULL_DUPLUX_CAP_OFFSET		OFFSET_SHIFT	2	2	7797
D	RTL8367D_PORT4_STATUS_FULL_DUPLUX_CAP_MASK		MASK	0x4	4	7798
D	RTL8367D_PORT4_STATUS_LINK_SPEED_OFFSET		OFFSET_SHIFT	0	0	7799
D	RTL8367D_PORT4_STATUS_LINK_SPEED_MASK		MASK	0x3	3	7800
D	RTL8367D_REG_PORT5_STATUS		REGISTER	0x12d5	4821	7802
D	RTL8367D_PORT5_STATUS_EN_EEE_LPI_OFFSET		OFFSET_SHIFT	15	15	7803
D	RTL8367D_PORT5_STATUS_EN_EEE_LPI_MASK		MASK	0x8000	32768	7804
D	RTL8367D_PORT5_STATUS_UNUSED_OFFSET		OFFSET_SHIFT	14	14	7805
D	RTL8367D_PORT5_STATUS_UNUSED_MASK		MASK	0x4000	16384	7806
D	RTL8367D_PORT5_STATUS_LINK_SPEED_3_OFFSET		OFFSET_SHIFT	13	13	7807
D	RTL8367D_PORT5_STATUS_LINK_SPEED_3_MASK		MASK	0x2000	8192	7808
D	RTL8367D_PORT5_STATUS_LINK_SPEED_2_OFFSET		OFFSET_SHIFT	12	12	7809
D	RTL8367D_PORT5_STATUS_LINK_SPEED_2_MASK		MASK	0x1000	4096	7810
D	RTL8367D_PORT5_STATUS_EN_1000_LPI_OFFSET		OFFSET_SHIFT	11	11	7811
D	RTL8367D_PORT5_STATUS_EN_1000_LPI_MASK		MASK	0x800	2048	7812
D	RTL8367D_PORT5_STATUS_EN_100_LPI_OFFSET		OFFSET_SHIFT	10	10	7813
D	RTL8367D_PORT5_STATUS_EN_100_LPI_MASK		MASK	0x400	1024	7814
D	RTL8367D_PORT5_STATUS_NWAY_FAULT_OFFSET		OFFSET_SHIFT	9	9	7815
D	RTL8367D_PORT5_STATUS_NWAY_FAULT_MASK		MASK	0x200	512	7816
D	RTL8367D_PORT5_STATUS_LINK_ON_MASTER_OFFSET		OFFSET_SHIFT	8	8	7817
D	RTL8367D_PORT5_STATUS_LINK_ON_MASTER_MASK		MASK	0x100	256	7818
D	RTL8367D_PORT5_STATUS_NWAY_CAP_OFFSET		OFFSET_SHIFT	7	7	7819
D	RTL8367D_PORT5_STATUS_NWAY_CAP_MASK		MASK	0x80	128	7820
D	RTL8367D_PORT5_STATUS_TX_FLOWCTRL_CAP_OFFSET		OFFSET_SHIFT	6	6	7821
D	RTL8367D_PORT5_STATUS_TX_FLOWCTRL_CAP_MASK		MASK	0x40	64	7822
D	RTL8367D_PORT5_STATUS_RX_FLOWCTRL_CAP_OFFSET		OFFSET_SHIFT	5	5	7823
D	RTL8367D_PORT5_STATUS_RX_FLOWCTRL_CAP_MASK		MASK	0x20	32	7824
D	RTL8367D_PORT5_STATUS_LINK_STATE_OFFSET		OFFSET_SHIFT	4	4	7825
D	RTL8367D_PORT5_STATUS_LINK_STATE_MASK		MASK	0x10	16	7826
D	RTL8367D_PORT5_STATUS_FULL_DUPLUX_CAP_OFFSET		OFFSET_SHIFT	2	2	7827
D	RTL8367D_PORT5_STATUS_FULL_DUPLUX_CAP_MASK		MASK	0x4	4	7828
D	RTL8367D_PORT5_STATUS_LINK_SPEED_OFFSET		OFFSET_SHIFT	0	0	7829
D	RTL8367D_PORT5_STATUS_LINK_SPEED_MASK		MASK	0x3	3	7830
D	RTL8367D_REG_PORT6_STATUS		REGISTER	0x12d6	4822	7832
D	RTL8367D_PORT6_STATUS_EN_EEE_LPI_OFFSET		OFFSET_SHIFT	15	15	7833
D	RTL8367D_PORT6_STATUS_EN_EEE_LPI_MASK		MASK	0x8000	32768	7834
D	RTL8367D_PORT6_STATUS_UNUSED_OFFSET		OFFSET_SHIFT	14	14	7835
D	RTL8367D_PORT6_STATUS_UNUSED_MASK		MASK	0x4000	16384	7836
D	RTL8367D_PORT6_STATUS_LINK_SPEED_3_OFFSET		OFFSET_SHIFT	13	13	7837
D	RTL8367D_PORT6_STATUS_LINK_SPEED_3_MASK		MASK	0x2000	8192	7838
D	RTL8367D_PORT6_STATUS_LINK_SPEED_2_OFFSET		OFFSET_SHIFT	12	12	7839
D	RTL8367D_PORT6_STATUS_LINK_SPEED_2_MASK		MASK	0x1000	4096	7840
D	RTL8367D_PORT6_STATUS_EN_1000_LPI_OFFSET		OFFSET_SHIFT	11	11	7841
D	RTL8367D_PORT6_STATUS_EN_1000_LPI_MASK		MASK	0x800	2048	7842
D	RTL8367D_PORT6_STATUS_EN_100_LPI_OFFSET		OFFSET_SHIFT	10	10	7843
D	RTL8367D_PORT6_STATUS_EN_100_LPI_MASK		MASK	0x400	1024	7844
D	RTL8367D_PORT6_STATUS_NWAY_FAULT_OFFSET		OFFSET_SHIFT	9	9	7845
D	RTL8367D_PORT6_STATUS_NWAY_FAULT_MASK		MASK	0x200	512	7846
D	RTL8367D_PORT6_STATUS_LINK_ON_MASTER_OFFSET		OFFSET_SHIFT	8	8	7847
D	RTL8367D_PORT6_STATUS_LINK_ON_MASTER_MASK		MASK	0x100	256	7848
D	RTL8367D_PORT6_STATUS_NWAY_CAP_OFFSET		OFFSET_SHIFT	7	7	7849
D	RTL8367D_PORT6_STATUS_NWAY_CAP_MASK		MASK	0x80	128	7850
D	RTL8367D_PORT6_STATUS_TX_FLOWCTRL_CAP_OFFSET		OFFSET_SHIFT	6	6	7851
D	RTL8367D_PORT6_STATUS_TX_FLOWCTRL_CAP_MASK		MASK	0x40	64	7852
D	RTL8367D_PORT6_STATUS_RX_FLOWCTRL_CAP_OFFSET		OFFSET_SHIFT	5	5	7853
D	RTL8367D_PORT6_STATUS_RX_FLOWCTRL_CAP_MASK		MASK	0x20	32	7854
D	RTL8367D_PORT6_STATUS_LINK_STATE_OFFSET		OFFSET_SHIFT	4	4	7855
D	RTL8367D_PORT6_STATUS_LINK_STATE_MASK		MASK	0x10	16	7856
D	RTL8367D_PORT6_STATUS_FULL_DUPLUX_CAP_OFFSET		OFFSET_SHIFT	2	2	7857
D	RTL8367D_PORT6_STATUS_FULL_DUPLUX_CAP_MASK		MASK	0x4	4	7858
D	RTL8367D_PORT6_STATUS_LINK_SPEED_OFFSET		OFFSET_SHIFT	0	0	7859
D	RTL8367D_PORT6_STATUS_LINK_SPEED_MASK		MASK	0x3	3	7860
D	RTL8367D_REG_PORT7_STATUS		REGISTER	0x12d7	4823	7862
D	RTL8367D_PORT7_STATUS_EN_EEE_LPI_OFFSET		OFFSET_SHIFT	15	15	7863
D	RTL8367D_PORT7_STATUS_EN_EEE_LPI_MASK		MASK	0x8000	32768	7864
D	RTL8367D_PORT7_STATUS_UNUSED_OFFSET		OFFSET_SHIFT	14	14	7865
D	RTL8367D_PORT7_STATUS_UNUSED_MASK		MASK	0x4000	16384	7866
D	RTL8367D_PORT7_STATUS_LINK_SPEED_3_OFFSET		OFFSET_SHIFT	13	13	7867
D	RTL8367D_PORT7_STATUS_LINK_SPEED_3_MASK		MASK	0x2000	8192	7868
D	RTL8367D_PORT7_STATUS_LINK_SPEED_2_OFFSET		OFFSET_SHIFT	12	12	7869
D	RTL8367D_PORT7_STATUS_LINK_SPEED_2_MASK		MASK	0x1000	4096	7870
D	RTL8367D_PORT7_STATUS_EN_1000_LPI_OFFSET		OFFSET_SHIFT	11	11	7871
D	RTL8367D_PORT7_STATUS_EN_1000_LPI_MASK		MASK	0x800	2048	7872
D	RTL8367D_PORT7_STATUS_EN_100_LPI_OFFSET		OFFSET_SHIFT	10	10	7873
D	RTL8367D_PORT7_STATUS_EN_100_LPI_MASK		MASK	0x400	1024	7874
D	RTL8367D_PORT7_STATUS_NWAY_FAULT_OFFSET		OFFSET_SHIFT	9	9	7875
D	RTL8367D_PORT7_STATUS_NWAY_FAULT_MASK		MASK	0x200	512	7876
D	RTL8367D_PORT7_STATUS_LINK_ON_MASTER_OFFSET		OFFSET_SHIFT	8	8	7877
D	RTL8367D_PORT7_STATUS_LINK_ON_MASTER_MASK		MASK	0x100	256	7878
D	RTL8367D_PORT7_STATUS_NWAY_CAP_OFFSET		OFFSET_SHIFT	7	7	7879
D	RTL8367D_PORT7_STATUS_NWAY_CAP_MASK		MASK	0x80	128	7880
D	RTL8367D_PORT7_STATUS_TX_FLOWCTRL_CAP_OFFSET		OFFSET_SHIFT	6	6	7881
D	RTL8367D_PORT7_STATUS_TX_FLOWCTRL_CAP_MASK		MASK	0x40	64	7882
D	RTL8367D_PORT7_STATUS_RX_FLOWCTRL_CAP_OFFSET		OFFSET_SHIFT	5	5	7883
D	RTL8367D_PORT7_STATUS_RX_FLOWCTRL_CAP_MASK		MASK	0x20	32	7884
D	RTL8367D_PORT7_STATUS_LINK_STATE_OFFSET		OFFSET_SHIFT	4	4	7885
D	RTL8367D_PORT7_STATUS_LINK_STATE_MASK		MASK	0x10	16	7886
D	RTL8367D_PORT7_STATUS_FULL_DUPLUX_CAP_OFFSET		OFFSET_SHIFT	2	2	7887
D	RTL8367D_PORT7_STATUS_FULL_DUPLUX_CAP_MASK		MASK	0x4	4	7888
D	RTL8367D_PORT7_STATUS_LINK_SPEED_OFFSET		OFFSET_SHIFT	0	0	7889
D	RTL8367D_PORT7_STATUS_LINK_SPEED_MASK		MASK	0x3	3	7890
D	RTL8367D_REG_FIELD_SELECTOR0		REGISTER	0x12e7	4839	7892
D	RTL8367D_FIELD_SELECTOR0_FORMAT_OFFSET		OFFSET_SHIFT	8	8	7893
D	RTL8367D_FIELD_SELECTOR0_FORMAT_MASK		MASK	0x700	1792	7894
D	RTL8367D_FIELD_SELECTOR0_OFFSET_OFFSET		OFFSET_SHIFT	0	0	7895
D	RTL8367D_FIELD_SELECTOR0_OFFSET_MASK		MASK	0xFF	255	7896
D	RTL8367D_REG_FIELD_SELECTOR1		REGISTER	0x12e8	4840	7898
D	RTL8367D_FIELD_SELECTOR1_FORMAT_OFFSET		OFFSET_SHIFT	8	8	7899
D	RTL8367D_FIELD_SELECTOR1_FORMAT_MASK		MASK	0x700	1792	7900
D	RTL8367D_FIELD_SELECTOR1_OFFSET_OFFSET		OFFSET_SHIFT	0	0	7901
D	RTL8367D_FIELD_SELECTOR1_OFFSET_MASK		MASK	0xFF	255	7902
D	RTL8367D_REG_FIELD_SELECTOR2		REGISTER	0x12e9	4841	7904
D	RTL8367D_FIELD_SELECTOR2_FORMAT_OFFSET		OFFSET_SHIFT	8	8	7905
D	RTL8367D_FIELD_SELECTOR2_FORMAT_MASK		MASK	0x700	1792	7906
D	RTL8367D_FIELD_SELECTOR2_OFFSET_OFFSET		OFFSET_SHIFT	0	0	7907
D	RTL8367D_FIELD_SELECTOR2_OFFSET_MASK		MASK	0xFF	255	7908
D	RTL8367D_REG_FIELD_SELECTOR3		REGISTER	0x12ea	4842	7910
D	RTL8367D_FIELD_SELECTOR3_FORMAT_OFFSET		OFFSET_SHIFT	8	8	7911
D	RTL8367D_FIELD_SELECTOR3_FORMAT_MASK		MASK	0x700	1792	7912
D	RTL8367D_FIELD_SELECTOR3_OFFSET_OFFSET		OFFSET_SHIFT	0	0	7913
D	RTL8367D_FIELD_SELECTOR3_OFFSET_MASK		MASK	0xFF	255	7914
D	RTL8367D_REG_FIELD_SELECTOR4		REGISTER	0x12eb	4843	7916
D	RTL8367D_FIELD_SELECTOR4_FORMAT_OFFSET		OFFSET_SHIFT	8	8	7917
D	RTL8367D_FIELD_SELECTOR4_FORMAT_MASK		MASK	0x700	1792	7918
D	RTL8367D_FIELD_SELECTOR4_OFFSET_OFFSET		OFFSET_SHIFT	0	0	7919
D	RTL8367D_FIELD_SELECTOR4_OFFSET_MASK		MASK	0xFF	255	7920
D	RTL8367D_REG_FIELD_SELECTOR5		REGISTER	0x12ec	4844	7922
D	RTL8367D_FIELD_SELECTOR5_FORMAT_OFFSET		OFFSET_SHIFT	8	8	7923
D	RTL8367D_FIELD_SELECTOR5_FORMAT_MASK		MASK	0x700	1792	7924
D	RTL8367D_FIELD_SELECTOR5_OFFSET_OFFSET		OFFSET_SHIFT	0	0	7925
D	RTL8367D_FIELD_SELECTOR5_OFFSET_MASK		MASK	0xFF	255	7926
D	RTL8367D_REG_FIELD_SELECTOR6		REGISTER	0x12ed	4845	7928
D	RTL8367D_FIELD_SELECTOR6_FORMAT_OFFSET		OFFSET_SHIFT	8	8	7929
D	RTL8367D_FIELD_SELECTOR6_FORMAT_MASK		MASK	0x700	1792	7930
D	RTL8367D_FIELD_SELECTOR6_OFFSET_OFFSET		OFFSET_SHIFT	0	0	7931
D	RTL8367D_FIELD_SELECTOR6_OFFSET_MASK		MASK	0xFF	255	7932
D	RTL8367D_REG_FIELD_SELECTOR7		REGISTER	0x12ee	4846	7934
D	RTL8367D_FIELD_SELECTOR7_FORMAT_OFFSET		OFFSET_SHIFT	8	8	7935
D	RTL8367D_FIELD_SELECTOR7_FORMAT_MASK		MASK	0x700	1792	7936
D	RTL8367D_FIELD_SELECTOR7_OFFSET_OFFSET		OFFSET_SHIFT	0	0	7937
D	RTL8367D_FIELD_SELECTOR7_OFFSET_MASK		MASK	0xFF	255	7938
D	RTL8367D_REG_HAS_BISD_CTRL0		REGISTER	0x12ef	4847	7940
D	RTL8367D_HSARAM_FRCTL_OFFSET		OFFSET_SHIFT	13	13	7941
D	RTL8367D_HSARAM_FRCTL_MASK		MASK	0x2000	8192	7942
D	RTL8367D_HSARAM_TGL_OFFSET		OFFSET_SHIFT	12	12	7943
D	RTL8367D_HSARAM_TGL_MASK		MASK	0x1000	4096	7944
D	RTL8367D_HSARAM_WR_OFFSET		OFFSET_SHIFT	11	11	7945
D	RTL8367D_HSARAM_WR_MASK		MASK	0x800	2048	7946
D	RTL8367D_HSARAM_ADR_OFFSET		OFFSET_SHIFT	0	0	7947
D	RTL8367D_HSARAM_ADR_MASK		MASK	0x7FF	2047	7948
D	RTL8367D_REG_HAS_BISD_CTRL1		REGISTER	0x12f0	4848	7950
D	RTL8367D_REG_HAS_BISD_CTRL2		REGISTER	0x12f1	4849	7952
D	RTL8367D_REG_HAS_BISD_CTRL3		REGISTER	0x12f2	4850	7954
D	RTL8367D_HSARAM_BISD_EN_OFFSET		OFFSET_SHIFT	6	6	7955
D	RTL8367D_HSARAM_BISD_EN_MASK		MASK	0x40	64	7956
D	RTL8367D_HSARAM_CONS_VAL_OFFSET		OFFSET_SHIFT	5	5	7957
D	RTL8367D_HSARAM_CONS_VAL_MASK		MASK	0x20	32	7958
D	RTL8367D_HSARAM_CONS_ACS_OFFSET		OFFSET_SHIFT	4	4	7959
D	RTL8367D_HSARAM_CONS_ACS_MASK		MASK	0x10	16	7960
D	RTL8367D_HSARAM_SEL16BNK_OFFSET		OFFSET_SHIFT	0	0	7961
D	RTL8367D_HSARAM_SEL16BNK_MASK		MASK	0xF	15	7962
D	RTL8367D_REG_HAS_BISD_CTRL4		REGISTER	0x12f3	4851	7964
D	RTL8367D_REG_PB_BISD_CTRL0		REGISTER	0x12f4	4852	7966
D	RTL8367D_PB_FRCTL_OFFSET		OFFSET_SHIFT	15	15	7967
D	RTL8367D_PB_FRCTL_MASK		MASK	0x8000	32768	7968
D	RTL8367D_PB_TGL_OFFSET		OFFSET_SHIFT	14	14	7969
D	RTL8367D_PB_TGL_MASK		MASK	0x4000	16384	7970
D	RTL8367D_PB_WR_OFFSET		OFFSET_SHIFT	13	13	7971
D	RTL8367D_PB_WR_MASK		MASK	0x2000	8192	7972
D	RTL8367D_PB_ADR_OFFSET		OFFSET_SHIFT	0	0	7973
D	RTL8367D_PB_ADR_MASK		MASK	0x1FFF	8191	7974
D	RTL8367D_REG_PB_BISD_CTRL1		REGISTER	0x12f5	4853	7976
D	RTL8367D_REG_PB_BISD_CTRL2		REGISTER	0x12f6	4854	7978
D	RTL8367D_REG_PB_BISD_CTRL3		REGISTER	0x12f7	4855	7980
D	RTL8367D_PB_BISD_EN_OFFSET		OFFSET_SHIFT	6	6	7981
D	RTL8367D_PB_BISD_EN_MASK		MASK	0x40	64	7982
D	RTL8367D_PB_CONS_VAL_OFFSET		OFFSET_SHIFT	5	5	7983
D	RTL8367D_PB_CONS_VAL_MASK		MASK	0x20	32	7984
D	RTL8367D_PB_CONS_ACS_OFFSET		OFFSET_SHIFT	4	4	7985
D	RTL8367D_PB_CONS_ACS_MASK		MASK	0x10	16	7986
D	RTL8367D_PB_SEL16BNK_OFFSET		OFFSET_SHIFT	0	0	7987
D	RTL8367D_PB_SEL16BNK_MASK		MASK	0xF	15	7988
D	RTL8367D_REG_PB_BISD_CTRL4		REGISTER	0x12f8	4856	7990
D	RTL8367D_REG_MIRROR_SRC_PMSK		REGISTER	0x12fb	4859	7992
D	RTL8367D_MIRROR_RX_PMSK_OFFSET		OFFSET_SHIFT	8	8	7993
D	RTL8367D_MIRROR_RX_PMSK_MASK		MASK	0xFF00	65280	7994
D	RTL8367D_MIRROR_TX_PMSK_OFFSET		OFFSET_SHIFT	0	0	7995
D	RTL8367D_MIRROR_TX_PMSK_MASK		MASK	0xFF	255	7996
D	RTL8367D_REG_HWPKT_GEN_MISC		REGISTER	0x12ff	4863	7998
D	RTL8367D_PKT_GEN_SUSPEND_OFFSET		OFFSET_SHIFT	8	8	7999
D	RTL8367D_PKT_GEN_SUSPEND_MASK		MASK	0xFF00	65280	8000
D	RTL8367D_PKT_GEN_STATUS_OFFSET		OFFSET_SHIFT	0	0	8001
D	RTL8367D_PKT_GEN_STATUS_MASK		MASK	0xFF	255	8002
D	RTL8367D_REG_CHIP_NUMBER		REGISTER	0x1300	4864	8006
D	RTL8367D_REG_CHIP_VER		REGISTER	0x1301	4865	8008
D	RTL8367D_VERID_OFFSET		OFFSET_SHIFT	12	12	8009
D	RTL8367D_VERID_MASK		MASK	0xF000	61440	8010
D	RTL8367D_MCID_OFFSET		OFFSET_SHIFT	8	8	8011
D	RTL8367D_MCID_MASK		MASK	0xF00	3840	8012
D	RTL8367D_MODEL_ID_OFFSET		OFFSET_SHIFT	4	4	8013
D	RTL8367D_MODEL_ID_MASK		MASK	0xF0	240	8014
D	RTL8367D_AFE_VERSION_OFFSET		OFFSET_SHIFT	0	0	8015
D	RTL8367D_AFE_VERSION_MASK		MASK	0x1	1	8016
D	RTL8367D_REG_CFG_SLR_SMT		REGISTER	0x1302	4866	8018
D	RTL8367D_SMT_SMI1_EN_OFFSET		OFFSET_SHIFT	4	4	8019
D	RTL8367D_SMT_SMI1_EN_MASK		MASK	0x10	16	8020
D	RTL8367D_SMT_EXT1_EN_OFFSET		OFFSET_SHIFT	3	3	8021
D	RTL8367D_SMT_EXT1_EN_MASK		MASK	0x8	8	8022
D	RTL8367D_SMT_NRST_EN_OFFSET		OFFSET_SHIFT	2	2	8023
D	RTL8367D_SMT_NRST_EN_MASK		MASK	0x4	4	8024
D	RTL8367D_SLR_EXT1CK_OFFSET		OFFSET_SHIFT	1	1	8025
D	RTL8367D_SLR_EXT1CK_MASK		MASK	0x2	2	8026
D	RTL8367D_SLR_LED_OFFSET		OFFSET_SHIFT	0	0	8027
D	RTL8367D_SLR_LED_MASK		MASK	0x1	1	8028
D	RTL8367D_REG_CHIP_DEBUG0		REGISTER	0x1303	4867	8030
D	RTL8367D_DRI_SPI_OFFSET		OFFSET_SHIFT	14	14	8031
D	RTL8367D_DRI_SPI_MASK		MASK	0x4000	16384	8032
D	RTL8367D_DRI_OFFSET		OFFSET_SHIFT	13	13	8033
D	RTL8367D_DRI_MASK		MASK	0x2000	8192	8034
D	RTL8367D_SLR_SPI_OFFSET		OFFSET_SHIFT	12	12	8035
D	RTL8367D_SLR_SPI_MASK		MASK	0x1000	4096	8036
D	RTL8367D_SLR_OFFSET		OFFSET_SHIFT	11	11	8037
D	RTL8367D_SLR_MASK		MASK	0x800	2048	8038
D	RTL8367D_SEL33_EXT2_OFFSET		OFFSET_SHIFT	10	10	8039
D	RTL8367D_SEL33_EXT2_MASK		MASK	0x400	1024	8040
D	RTL8367D_SEL33_EXT1_OFFSET		OFFSET_SHIFT	9	9	8041
D	RTL8367D_SEL33_EXT1_MASK		MASK	0x200	512	8042
D	RTL8367D_SEL33_EXT0_OFFSET		OFFSET_SHIFT	8	8	8043
D	RTL8367D_SEL33_EXT0_MASK		MASK	0x100	256	8044
D	RTL8367D_DRI_OTHER_OFFSET		OFFSET_SHIFT	7	7	8045
D	RTL8367D_DRI_OTHER_MASK		MASK	0x80	128	8046
D	RTL8367D_DRI_EXT1_RG_OFFSET		OFFSET_SHIFT	6	6	8047
D	RTL8367D_DRI_EXT1_RG_MASK		MASK	0x40	64	8048
D	RTL8367D_DRI_EXT0_RG_OFFSET		OFFSET_SHIFT	5	5	8049
D	RTL8367D_DRI_EXT0_RG_MASK		MASK	0x20	32	8050
D	RTL8367D_DRI_EXT1_OFFSET		OFFSET_SHIFT	4	4	8051
D	RTL8367D_DRI_EXT1_MASK		MASK	0x10	16	8052
D	RTL8367D_DRI_EXT0_OFFSET		OFFSET_SHIFT	3	3	8053
D	RTL8367D_DRI_EXT0_MASK		MASK	0x8	8	8054
D	RTL8367D_SLR_OTHER_OFFSET		OFFSET_SHIFT	2	2	8055
D	RTL8367D_SLR_OTHER_MASK		MASK	0x4	4	8056
D	RTL8367D_SLR_EXT1_OFFSET		OFFSET_SHIFT	1	1	8057
D	RTL8367D_SLR_EXT1_MASK		MASK	0x2	2	8058
D	RTL8367D_SLR_EXt0_OFFSET		OFFSET_SHIFT	0	0	8059
D	RTL8367D_SLR_EXt0_MASK		MASK	0x1	1	8060
D	RTL8367D_REG_CHIP_DEBUG1		REGISTER	0x1304	4868	8062
D	RTL8367D_RG1_DN_OFFSET		OFFSET_SHIFT	12	12	8063
D	RTL8367D_RG1_DN_MASK		MASK	0x7000	28672	8064
D	RTL8367D_RG1_DP_OFFSET		OFFSET_SHIFT	8	8	8065
D	RTL8367D_RG1_DP_MASK		MASK	0x700	1792	8066
D	RTL8367D_RG0_DN_OFFSET		OFFSET_SHIFT	4	4	8067
D	RTL8367D_RG0_DN_MASK		MASK	0x70	112	8068
D	RTL8367D_RG0_DP_OFFSET		OFFSET_SHIFT	0	0	8069
D	RTL8367D_RG0_DP_MASK		MASK	0x7	7	8070
D	RTL8367D_REG_DIGITAL_INTERFACE_SELECT		REGISTER	0x1305	4869	8072
D	RTL8367D_ORG_COL_OFFSET		OFFSET_SHIFT	15	15	8073
D	RTL8367D_ORG_COL_MASK		MASK	0x8000	32768	8074
D	RTL8367D_ORG_CRS_OFFSET		OFFSET_SHIFT	14	14	8075
D	RTL8367D_ORG_CRS_MASK		MASK	0x4000	16384	8076
D	RTL8367D_SKIP_MII_1_RXER_OFFSET		OFFSET_SHIFT	13	13	8077
D	RTL8367D_SKIP_MII_1_RXER_MASK		MASK	0x2000	8192	8078
D	RTL8367D_SKIP_MII_0_RXER_OFFSET		OFFSET_SHIFT	12	12	8079
D	RTL8367D_SKIP_MII_0_RXER_MASK		MASK	0x1000	4096	8080
D	RTL8367D_SELECT_GMII_1_OFFSET		OFFSET_SHIFT	4	4	8081
D	RTL8367D_SELECT_GMII_1_MASK		MASK	0xF0	240	8082
D	RTL8367D_SELECT_GMII_0_OFFSET		OFFSET_SHIFT	0	0	8083
D	RTL8367D_SELECT_GMII_0_MASK		MASK	0xF	15	8084
D	RTL8367D_REG_EXT0_RGMXF		REGISTER	0x1306	4870	8086
D	RTL8367D_EXT0_RGTX_INV_OFFSET		OFFSET_SHIFT	6	6	8087
D	RTL8367D_EXT0_RGTX_INV_MASK		MASK	0x40	64	8088
D	RTL8367D_EXT0_RGRX_INV_OFFSET		OFFSET_SHIFT	5	5	8089
D	RTL8367D_EXT0_RGRX_INV_MASK		MASK	0x20	32	8090
D	RTL8367D_EXT0_RGMXF_OFFSET		OFFSET_SHIFT	0	0	8091
D	RTL8367D_EXT0_RGMXF_MASK		MASK	0x1F	31	8092
D	RTL8367D_REG_EXT1_RGMXF		REGISTER	0x1307	4871	8094
D	RTL8367D_EXT1_RGTX_INV_OFFSET		OFFSET_SHIFT	6	6	8095
D	RTL8367D_EXT1_RGTX_INV_MASK		MASK	0x40	64	8096
D	RTL8367D_EXT1_RGRX_INV_OFFSET		OFFSET_SHIFT	5	5	8097
D	RTL8367D_EXT1_RGRX_INV_MASK		MASK	0x20	32	8098
D	RTL8367D_EXT1_RGMXF_OFFSET		OFFSET_SHIFT	0	0	8099
D	RTL8367D_EXT1_RGMXF_MASK		MASK	0x1F	31	8100
D	RTL8367D_REG_BISR_CTRL		REGISTER	0x1308	4872	8102
D	RTL8367D_BISR_CTRL_OFFSET		OFFSET_SHIFT	0	0	8103
D	RTL8367D_BISR_CTRL_MASK		MASK	0x7	7	8104
D	RTL8367D_REG_I2C_CLOCK_DIV		REGISTER	0x130a	4874	8106
D	RTL8367D_I2C_CLOCK_DIV_OFFSET		OFFSET_SHIFT	0	0	8107
D	RTL8367D_I2C_CLOCK_DIV_MASK		MASK	0x3FF	1023	8108
D	RTL8367D_REG_MDX_MDC_DIV		REGISTER	0x130b	4875	8110
D	RTL8367D_MDX_MDC_DIV_OFFSET		OFFSET_SHIFT	0	0	8111
D	RTL8367D_MDX_MDC_DIV_MASK		MASK	0x3FF	1023	8112
D	RTL8367D_REG_MISCELLANEOUS_CONFIGURE0		REGISTER	0x130c	4876	8114
D	RTL8367D_FLASH_ENABLE_OFFSET		OFFSET_SHIFT	12	12	8115
D	RTL8367D_FLASH_ENABLE_MASK		MASK	0x1000	4096	8116
D	RTL8367D_EEE_ENABLE_OFFSET		OFFSET_SHIFT	11	11	8117
D	RTL8367D_EEE_ENABLE_MASK		MASK	0x800	2048	8118
D	RTL8367D_NIC_ENABLE_OFFSET		OFFSET_SHIFT	10	10	8119
D	RTL8367D_NIC_ENABLE_MASK		MASK	0x400	1024	8120
D	RTL8367D_FT_ENABLE_OFFSET		OFFSET_SHIFT	9	9	8121
D	RTL8367D_FT_ENABLE_MASK		MASK	0x200	512	8122
D	RTL8367D_OLT_ENABLE_OFFSET		OFFSET_SHIFT	8	8	8123
D	RTL8367D_OLT_ENABLE_MASK		MASK	0x100	256	8124
D	RTL8367D_RTCT_EN_OFFSET		OFFSET_SHIFT	7	7	8125
D	RTL8367D_RTCT_EN_MASK		MASK	0x80	128	8126
D	RTL8367D_PON_LIGHT_EN_OFFSET		OFFSET_SHIFT	6	6	8127
D	RTL8367D_PON_LIGHT_EN_MASK		MASK	0x40	64	8128
D	RTL8367D_DW8051_EN_OFFSET		OFFSET_SHIFT	5	5	8129
D	RTL8367D_DW8051_EN_MASK		MASK	0x20	32	8130
D	RTL8367D_AUTOLOAD_EN_OFFSET		OFFSET_SHIFT	4	4	8131
D	RTL8367D_AUTOLOAD_EN_MASK		MASK	0x10	16	8132
D	RTL8367D_NRESTORE_EN_OFFSET		OFFSET_SHIFT	3	3	8133
D	RTL8367D_NRESTORE_EN_MASK		MASK	0x8	8	8134
D	RTL8367D_DIS_PON_TABLE_INIT_OFFSET		OFFSET_SHIFT	2	2	8135
D	RTL8367D_DIS_PON_TABLE_INIT_MASK		MASK	0x4	4	8136
D	RTL8367D_DIS_PON_BIST_OFFSET		OFFSET_SHIFT	1	1	8137
D	RTL8367D_DIS_PON_BIST_MASK		MASK	0x2	2	8138
D	RTL8367D_EFUSE_EN_OFFSET		OFFSET_SHIFT	0	0	8139
D	RTL8367D_EFUSE_EN_MASK		MASK	0x1	1	8140
D	RTL8367D_REG_MISCELLANEOUS_CONFIGURE1		REGISTER	0x130d	4877	8142
D	RTL8367D_GPHY_SMI_EN_OFFSET		OFFSET_SHIFT	15	15	8143
D	RTL8367D_GPHY_SMI_EN_MASK		MASK	0x8000	32768	8144
D	RTL8367D_EEPROM_DEV_ADR_OFFSET		OFFSET_SHIFT	8	8	8145
D	RTL8367D_EEPROM_DEV_ADR_MASK		MASK	0x7F00	32512	8146
D	RTL8367D_EEPROM_MSB_OFFSET		OFFSET_SHIFT	7	7	8147
D	RTL8367D_EEPROM_MSB_MASK		MASK	0x80	128	8148
D	RTL8367D_EEPROM_ADDRESS_16B_OFFSET		OFFSET_SHIFT	6	6	8149
D	RTL8367D_EEPROM_ADDRESS_16B_MASK		MASK	0x40	64	8150
D	RTL8367D_SPI_SLAVE_EN_OFFSET		OFFSET_SHIFT	2	2	8151
D	RTL8367D_SPI_SLAVE_EN_MASK		MASK	0x4	4	8152
D	RTL8367D_SMI_SEL_OFFSET		OFFSET_SHIFT	0	0	8153
D	RTL8367D_SMI_SEL_MASK		MASK	0x3	3	8154
D	RTL8367D_REG_PHY_AD		REGISTER	0x130f	4879	8156
D	RTL8367D_EN_PHY_MAX_POWER_OFFSET		OFFSET_SHIFT	14	14	8157
D	RTL8367D_EN_PHY_MAX_POWER_MASK		MASK	0x4000	16384	8158
D	RTL8367D_EN_PHY_SEL_DEG_OFFSET		OFFSET_SHIFT	13	13	8159
D	RTL8367D_EN_PHY_SEL_DEG_MASK		MASK	0x2000	8192	8160
D	RTL8367D_EXTPHY_AD_OFFSET		OFFSET_SHIFT	8	8	8161
D	RTL8367D_EXTPHY_AD_MASK		MASK	0x1F00	7936	8162
D	RTL8367D_EN_PHY_LOW_POWER_MODE_OFFSET		OFFSET_SHIFT	7	7	8163
D	RTL8367D_EN_PHY_LOW_POWER_MODE_MASK		MASK	0x80	128	8164
D	RTL8367D_EN_PHY_GREEN_OFFSET		OFFSET_SHIFT	6	6	8165
D	RTL8367D_EN_PHY_GREEN_MASK		MASK	0x40	64	8166
D	RTL8367D_PDNPHY_OFFSET		OFFSET_SHIFT	5	5	8167
D	RTL8367D_PDNPHY_MASK		MASK	0x20	32	8168
D	RTL8367D_INTPHY_AD_OFFSET		OFFSET_SHIFT	0	0	8169
D	RTL8367D_INTPHY_AD_MASK		MASK	0x1F	31	8170
D	RTL8367D_REG_CHIP_RESET		REGISTER	0x1322	4898	8172
D	RTL8367D_GPHY_RESET_OFFSET		OFFSET_SHIFT	6	6	8173
D	RTL8367D_GPHY_RESET_MASK		MASK	0x40	64	8174
D	RTL8367D_NIC_RST_OFFSET		OFFSET_SHIFT	5	5	8175
D	RTL8367D_NIC_RST_MASK		MASK	0x20	32	8176
D	RTL8367D_DW8051_RST_OFFSET		OFFSET_SHIFT	4	4	8177
D	RTL8367D_DW8051_RST_MASK		MASK	0x10	16	8178
D	RTL8367D_SDS_RST_OFFSET		OFFSET_SHIFT	3	3	8179
D	RTL8367D_SDS_RST_MASK		MASK	0x8	8	8180
D	RTL8367D_CONFIG_RST_OFFSET		OFFSET_SHIFT	2	2	8181
D	RTL8367D_CONFIG_RST_MASK		MASK	0x4	4	8182
D	RTL8367D_SW_RST_OFFSET		OFFSET_SHIFT	1	1	8183
D	RTL8367D_SW_RST_MASK		MASK	0x2	2	8184
D	RTL8367D_CHIP_RST_OFFSET		OFFSET_SHIFT	0	0	8185
D	RTL8367D_CHIP_RST_MASK		MASK	0x1	1	8186
D	RTL8367D_REG_DIGITAL_DEBUG_0		REGISTER	0x1323	4899	8188
D	RTL8367D_REG_DIGITAL_DEBUG_1		REGISTER	0x1324	4900	8190
D	RTL8367D_REG_INTERNAL_PHY_MDC_DRIVER		REGISTER	0x1325	4901	8192
D	RTL8367D_INTERNAL_PHY_MDC_DRIVER_OFFSET		OFFSET_SHIFT	0	0	8193
D	RTL8367D_INTERNAL_PHY_MDC_DRIVER_MASK		MASK	0x3FF	1023	8194
D	RTL8367D_REG_LINKDOWN_TIME_CTRL		REGISTER	0x1326	4902	8196
D	RTL8367D_LINKDOWN_TIME_CFG_OFFSET		OFFSET_SHIFT	9	9	8197
D	RTL8367D_LINKDOWN_TIME_CFG_MASK		MASK	0x7E00	32256	8198
D	RTL8367D_LINKDOWN_TIME_ENABLE_OFFSET		OFFSET_SHIFT	8	8	8199
D	RTL8367D_LINKDOWN_TIME_ENABLE_MASK		MASK	0x100	256	8200
D	RTL8367D_LINKDOWN_TIME_OFFSET		OFFSET_SHIFT	0	0	8201
D	RTL8367D_LINKDOWN_TIME_MASK		MASK	0xFF	255	8202
D	RTL8367D_REG_PHYACK_TIMEOUT		REGISTER	0x1331	4913	8204
D	RTL8367D_REG_MDXACK_TIMEOUT		REGISTER	0x1333	4915	8206
D	RTL8367D_REG_DW8051_RDY		REGISTER	0x1336	4918	8208
D	RTL8367D_VIAROM_WRITE_EN_OFFSET		OFFSET_SHIFT	9	9	8209
D	RTL8367D_VIAROM_WRITE_EN_MASK		MASK	0x200	512	8210
D	RTL8367D_SPIF_CK2_OFFSET		OFFSET_SHIFT	8	8	8211
D	RTL8367D_SPIF_CK2_MASK		MASK	0x100	256	8212
D	RTL8367D_EEPROM_EN_OFFSET		OFFSET_SHIFT	7	7	8213
D	RTL8367D_EEPROM_EN_MASK		MASK	0x80	128	8214
D	RTL8367D_DW8051_RATE_OFFSET		OFFSET_SHIFT	4	4	8215
D	RTL8367D_DW8051_RATE_MASK		MASK	0x70	112	8216
D	RTL8367D_IROM_MSB_OFFSET		OFFSET_SHIFT	2	2	8217
D	RTL8367D_IROM_MSB_MASK		MASK	0xC	12	8218
D	RTL8367D_ACS_IROM_ENABLE_OFFSET		OFFSET_SHIFT	1	1	8219
D	RTL8367D_ACS_IROM_ENABLE_MASK		MASK	0x2	2	8220
D	RTL8367D_DW8051_READY_OFFSET		OFFSET_SHIFT	0	0	8221
D	RTL8367D_DW8051_READY_MASK		MASK	0x1	1	8222
D	RTL8367D_REG_DIAG_MODE2		REGISTER	0x133d	4925	8224
D	RTL8367D_DIAG_MODE2_ACTRAM_OFFSET		OFFSET_SHIFT	1	1	8225
D	RTL8367D_DIAG_MODE2_ACTRAM_MASK		MASK	0x2	2	8226
D	RTL8367D_DIAG_MODE2_BCAM_ACTION_OFFSET		OFFSET_SHIFT	0	0	8227
D	RTL8367D_DIAG_MODE2_BCAM_ACTION_MASK		MASK	0x1	1	8228
D	RTL8367D_REG_MDX_PHY_REG0		REGISTER	0x133e	4926	8230
D	RTL8367D_PHY_BRD_MASK_OFFSET		MASK	4	4	8231
D	RTL8367D_PHY_BRD_MASK_MASK		MASK	0x1F0	496	8232
D	RTL8367D_MDX_INDACC_PAGE_OFFSET		OFFSET_SHIFT	0	0	8233
D	RTL8367D_MDX_INDACC_PAGE_MASK		MASK	0xF	15	8234
D	RTL8367D_REG_MDX_PHY_REG1		REGISTER	0x133f	4927	8236
D	RTL8367D_PHY_BRD_MODE_OFFSET		OFFSET_SHIFT	5	5	8237
D	RTL8367D_PHY_BRD_MODE_MASK		MASK	0x20	32	8238
D	RTL8367D_BRD_PHYAD_OFFSET		OFFSET_SHIFT	0	0	8239
D	RTL8367D_BRD_PHYAD_MASK		MASK	0x1F	31	8240
D	RTL8367D_REG_DEBUG_SIGNAL_SELECT_A		REGISTER	0x1340	4928	8242
D	RTL8367D_REG_DEBUG_SIGNAL_SELECT_B		REGISTER	0x1341	4929	8244
D	RTL8367D_DEBUG_SEL_OFFSET		OFFSET_SHIFT	4	4	8245
D	RTL8367D_DEBUG_SEL_MASK		MASK	0x70	112	8246
D	RTL8367D_DEBUG_SHIFT_OFFSET		OFFSET_SHIFT	0	0	8247
D	RTL8367D_DEBUG_SHIFT_MASK		MASK	0xF	15	8248
D	RTL8367D_REG_DEBUG_SIGNAL_I		REGISTER	0x1343	4931	8250
D	RTL8367D_REG_DEBUG_SIGNAL_H		REGISTER	0x1344	4932	8252
D	RTL8367D_REG_SD_TX_IDLE_TMR		REGISTER	0x1349	4937	8254
D	RTL8367D_SD_TX_IDLE_TMR_OFFSET		OFFSET_SHIFT	0	0	8255
D	RTL8367D_SD_TX_IDLE_TMR_MASK		MASK	0xFF	255	8256
D	RTL8367D_REG_BYPASS_ABLTY_LOCK		REGISTER	0x134a	4938	8258
D	RTL8367D_BYPASS_PHY_OFFSET		OFFSET_SHIFT	3	3	8259
D	RTL8367D_BYPASS_PHY_MASK		MASK	0xF8	248	8260
D	RTL8367D_BYPASS_EXT_OFFSET		OFFSET_SHIFT	0	0	8261
D	RTL8367D_BYPASS_EXT_MASK		MASK	0x7	7	8262
D	RTL8367D_REG_ACL_GPIO0		REGISTER	0x134c	4940	8264
D	RTL8367D_ACL_GPIO_15_OFFSET		OFFSET_SHIFT	15	15	8265
D	RTL8367D_ACL_GPIO_15_MASK		MASK	0x8000	32768	8266
D	RTL8367D_ACL_GPIO_14_OFFSET		OFFSET_SHIFT	14	14	8267
D	RTL8367D_ACL_GPIO_14_MASK		MASK	0x4000	16384	8268
D	RTL8367D_ACL_GPIO_13_OFFSET		OFFSET_SHIFT	13	13	8269
D	RTL8367D_ACL_GPIO_13_MASK		MASK	0x2000	8192	8270
D	RTL8367D_ACL_GPIO_12_OFFSET		OFFSET_SHIFT	12	12	8271
D	RTL8367D_ACL_GPIO_12_MASK		MASK	0x1000	4096	8272
D	RTL8367D_ACL_GPIO_11_OFFSET		OFFSET_SHIFT	11	11	8273
D	RTL8367D_ACL_GPIO_11_MASK		MASK	0x800	2048	8274
D	RTL8367D_ACL_GPIO_10_OFFSET		OFFSET_SHIFT	10	10	8275
D	RTL8367D_ACL_GPIO_10_MASK		MASK	0x400	1024	8276
D	RTL8367D_ACL_GPIO_9_OFFSET		OFFSET_SHIFT	9	9	8277
D	RTL8367D_ACL_GPIO_9_MASK		MASK	0x200	512	8278
D	RTL8367D_ACL_GPIO_8_OFFSET		OFFSET_SHIFT	8	8	8279
D	RTL8367D_ACL_GPIO_8_MASK		MASK	0x100	256	8280
D	RTL8367D_ACL_GPIO_7_OFFSET		OFFSET_SHIFT	7	7	8281
D	RTL8367D_ACL_GPIO_7_MASK		MASK	0x80	128	8282
D	RTL8367D_ACL_GPIO_6_OFFSET		OFFSET_SHIFT	6	6	8283
D	RTL8367D_ACL_GPIO_6_MASK		MASK	0x40	64	8284
D	RTL8367D_ACL_GPIO_5_OFFSET		OFFSET_SHIFT	5	5	8285
D	RTL8367D_ACL_GPIO_5_MASK		MASK	0x20	32	8286
D	RTL8367D_ACL_GPIO_4_OFFSET		OFFSET_SHIFT	4	4	8287
D	RTL8367D_ACL_GPIO_4_MASK		MASK	0x10	16	8288
D	RTL8367D_ACL_GPIO_3_OFFSET		OFFSET_SHIFT	3	3	8289
D	RTL8367D_ACL_GPIO_3_MASK		MASK	0x8	8	8290
D	RTL8367D_ACL_GPIO_2_OFFSET		OFFSET_SHIFT	2	2	8291
D	RTL8367D_ACL_GPIO_2_MASK		MASK	0x4	4	8292
D	RTL8367D_ACL_GPIO_1_OFFSET		OFFSET_SHIFT	1	1	8293
D	RTL8367D_ACL_GPIO_1_MASK		MASK	0x2	2	8294
D	RTL8367D_ACL_GPIO_0_OFFSET		OFFSET_SHIFT	0	0	8295
D	RTL8367D_ACL_GPIO_0_MASK		MASK	0x1	1	8296
D	RTL8367D_REG_ACL_GPIO1		REGISTER	0x134d	4941	8298
D	RTL8367D_ACL_GPIO_31_OFFSET		OFFSET_SHIFT	15	15	8299
D	RTL8367D_ACL_GPIO_31_MASK		MASK	0x8000	32768	8300
D	RTL8367D_ACL_GPIO_30_OFFSET		OFFSET_SHIFT	14	14	8301
D	RTL8367D_ACL_GPIO_30_MASK		MASK	0x4000	16384	8302
D	RTL8367D_ACL_GPIO_29_OFFSET		OFFSET_SHIFT	13	13	8303
D	RTL8367D_ACL_GPIO_29_MASK		MASK	0x2000	8192	8304
D	RTL8367D_ACL_GPIO_28_OFFSET		OFFSET_SHIFT	12	12	8305
D	RTL8367D_ACL_GPIO_28_MASK		MASK	0x1000	4096	8306
D	RTL8367D_ACL_GPIO_27_OFFSET		OFFSET_SHIFT	11	11	8307
D	RTL8367D_ACL_GPIO_27_MASK		MASK	0x800	2048	8308
D	RTL8367D_ACL_GPIO_26_OFFSET		OFFSET_SHIFT	10	10	8309
D	RTL8367D_ACL_GPIO_26_MASK		MASK	0x400	1024	8310
D	RTL8367D_ACL_GPIO_25_OFFSET		OFFSET_SHIFT	9	9	8311
D	RTL8367D_ACL_GPIO_25_MASK		MASK	0x200	512	8312
D	RTL8367D_ACL_GPIO_24_OFFSET		OFFSET_SHIFT	8	8	8313
D	RTL8367D_ACL_GPIO_24_MASK		MASK	0x100	256	8314
D	RTL8367D_ACL_GPIO_23_OFFSET		OFFSET_SHIFT	7	7	8315
D	RTL8367D_ACL_GPIO_23_MASK		MASK	0x80	128	8316
D	RTL8367D_ACL_GPIO_22_OFFSET		OFFSET_SHIFT	6	6	8317
D	RTL8367D_ACL_GPIO_22_MASK		MASK	0x40	64	8318
D	RTL8367D_ACL_GPIO_21_OFFSET		OFFSET_SHIFT	5	5	8319
D	RTL8367D_ACL_GPIO_21_MASK		MASK	0x20	32	8320
D	RTL8367D_ACL_GPIO_20_OFFSET		OFFSET_SHIFT	4	4	8321
D	RTL8367D_ACL_GPIO_20_MASK		MASK	0x10	16	8322
D	RTL8367D_ACL_GPIO_19_OFFSET		OFFSET_SHIFT	3	3	8323
D	RTL8367D_ACL_GPIO_19_MASK		MASK	0x8	8	8324
D	RTL8367D_ACL_GPIO_18_OFFSET		OFFSET_SHIFT	2	2	8325
D	RTL8367D_ACL_GPIO_18_MASK		MASK	0x4	4	8326
D	RTL8367D_ACL_GPIO_17_OFFSET		OFFSET_SHIFT	1	1	8327
D	RTL8367D_ACL_GPIO_17_MASK		MASK	0x2	2	8328
D	RTL8367D_ACL_GPIO_16_OFFSET		OFFSET_SHIFT	0	0	8329
D	RTL8367D_ACL_GPIO_16_MASK		MASK	0x1	1	8330
D	RTL8367D_REG_ACL_GPIO2		REGISTER	0x134e	4942	8332
D	RTL8367D_ACL_GPIO_47_OFFSET		OFFSET_SHIFT	15	15	8333
D	RTL8367D_ACL_GPIO_47_MASK		MASK	0x8000	32768	8334
D	RTL8367D_ACL_GPIO_46_OFFSET		OFFSET_SHIFT	14	14	8335
D	RTL8367D_ACL_GPIO_46_MASK		MASK	0x4000	16384	8336
D	RTL8367D_ACL_GPIO_45_OFFSET		OFFSET_SHIFT	13	13	8337
D	RTL8367D_ACL_GPIO_45_MASK		MASK	0x2000	8192	8338
D	RTL8367D_ACL_GPIO_44_OFFSET		OFFSET_SHIFT	12	12	8339
D	RTL8367D_ACL_GPIO_44_MASK		MASK	0x1000	4096	8340
D	RTL8367D_ACL_GPIO_43_OFFSET		OFFSET_SHIFT	11	11	8341
D	RTL8367D_ACL_GPIO_43_MASK		MASK	0x800	2048	8342
D	RTL8367D_ACL_GPIO_42_OFFSET		OFFSET_SHIFT	10	10	8343
D	RTL8367D_ACL_GPIO_42_MASK		MASK	0x400	1024	8344
D	RTL8367D_ACL_GPIO_41_OFFSET		OFFSET_SHIFT	9	9	8345
D	RTL8367D_ACL_GPIO_41_MASK		MASK	0x200	512	8346
D	RTL8367D_ACL_GPIO_40_OFFSET		OFFSET_SHIFT	8	8	8347
D	RTL8367D_ACL_GPIO_40_MASK		MASK	0x100	256	8348
D	RTL8367D_ACL_GPIO_39_OFFSET		OFFSET_SHIFT	7	7	8349
D	RTL8367D_ACL_GPIO_39_MASK		MASK	0x80	128	8350
D	RTL8367D_ACL_GPIO_38_OFFSET		OFFSET_SHIFT	6	6	8351
D	RTL8367D_ACL_GPIO_38_MASK		MASK	0x40	64	8352
D	RTL8367D_ACL_GPIO_37_OFFSET		OFFSET_SHIFT	5	5	8353
D	RTL8367D_ACL_GPIO_37_MASK		MASK	0x20	32	8354
D	RTL8367D_ACL_GPIO_36_OFFSET		OFFSET_SHIFT	4	4	8355
D	RTL8367D_ACL_GPIO_36_MASK		MASK	0x10	16	8356
D	RTL8367D_ACL_GPIO_35_OFFSET		OFFSET_SHIFT	3	3	8357
D	RTL8367D_ACL_GPIO_35_MASK		MASK	0x8	8	8358
D	RTL8367D_ACL_GPIO_34_OFFSET		OFFSET_SHIFT	2	2	8359
D	RTL8367D_ACL_GPIO_34_MASK		MASK	0x4	4	8360
D	RTL8367D_ACL_GPIO_33_OFFSET		OFFSET_SHIFT	1	1	8361
D	RTL8367D_ACL_GPIO_33_MASK		MASK	0x2	2	8362
D	RTL8367D_ACL_GPIO_32_OFFSET		OFFSET_SHIFT	0	0	8363
D	RTL8367D_ACL_GPIO_32_MASK		MASK	0x1	1	8364
D	RTL8367D_REG_ACL_GPIO3		REGISTER	0x134f	4943	8366
D	RTL8367D_ACL_GPIO_61_OFFSET		OFFSET_SHIFT	13	13	8367
D	RTL8367D_ACL_GPIO_61_MASK		MASK	0x2000	8192	8368
D	RTL8367D_ACL_GPIO_60_OFFSET		OFFSET_SHIFT	12	12	8369
D	RTL8367D_ACL_GPIO_60_MASK		MASK	0x1000	4096	8370
D	RTL8367D_ACL_GPIO_59_OFFSET		OFFSET_SHIFT	11	11	8371
D	RTL8367D_ACL_GPIO_59_MASK		MASK	0x800	2048	8372
D	RTL8367D_ACL_GPIO_58_OFFSET		OFFSET_SHIFT	10	10	8373
D	RTL8367D_ACL_GPIO_58_MASK		MASK	0x400	1024	8374
D	RTL8367D_ACL_GPIO_57_OFFSET		OFFSET_SHIFT	9	9	8375
D	RTL8367D_ACL_GPIO_57_MASK		MASK	0x200	512	8376
D	RTL8367D_ACL_GPIO_56_OFFSET		OFFSET_SHIFT	8	8	8377
D	RTL8367D_ACL_GPIO_56_MASK		MASK	0x100	256	8378
D	RTL8367D_ACL_GPIO_55_OFFSET		OFFSET_SHIFT	7	7	8379
D	RTL8367D_ACL_GPIO_55_MASK		MASK	0x80	128	8380
D	RTL8367D_ACL_GPIO_54_OFFSET		OFFSET_SHIFT	6	6	8381
D	RTL8367D_ACL_GPIO_54_MASK		MASK	0x40	64	8382
D	RTL8367D_ACL_GPIO_53_OFFSET		OFFSET_SHIFT	5	5	8383
D	RTL8367D_ACL_GPIO_53_MASK		MASK	0x20	32	8384
D	RTL8367D_ACL_GPIO_52_OFFSET		OFFSET_SHIFT	4	4	8385
D	RTL8367D_ACL_GPIO_52_MASK		MASK	0x10	16	8386
D	RTL8367D_ACL_GPIO_51_OFFSET		OFFSET_SHIFT	3	3	8387
D	RTL8367D_ACL_GPIO_51_MASK		MASK	0x8	8	8388
D	RTL8367D_ACL_GPIO_50_OFFSET		OFFSET_SHIFT	2	2	8389
D	RTL8367D_ACL_GPIO_50_MASK		MASK	0x4	4	8390
D	RTL8367D_ACL_GPIO_49_OFFSET		OFFSET_SHIFT	1	1	8391
D	RTL8367D_ACL_GPIO_49_MASK		MASK	0x2	2	8392
D	RTL8367D_ACL_GPIO_48_OFFSET		OFFSET_SHIFT	0	0	8393
D	RTL8367D_ACL_GPIO_48_MASK		MASK	0x1	1	8394
D	RTL8367D_REG_UPS_CTRL0		REGISTER	0x1362	4962	8396
D	RTL8367D_P3_REF_SD_BIT0_OFFSET		OFFSET_SHIFT	8	8	8397
D	RTL8367D_P3_REF_SD_BIT0_MASK		MASK	0xFF00	65280	8398
D	RTL8367D_P2_REF_SD_OFFSET		OFFSET_SHIFT	0	0	8399
D	RTL8367D_P2_REF_SD_MASK		MASK	0xFF	255	8400
D	RTL8367D_REG_UPS_CTRL1		REGISTER	0x1363	4963	8402
D	RTL8367D_UPS_OUT_OFFSET		OFFSET_SHIFT	8	8	8403
D	RTL8367D_UPS_OUT_MASK		MASK	0xFF00	65280	8404
D	RTL8367D_FRC_SLOW_DOWN_EN_OFFSET		OFFSET_SHIFT	7	7	8405
D	RTL8367D_FRC_SLOW_DOWN_EN_MASK		MASK	0x80	128	8406
D	RTL8367D_UPS_WRITE_PULSE_OFFSET		OFFSET_SHIFT	1	1	8407
D	RTL8367D_UPS_WRITE_PULSE_MASK		MASK	0x2	2	8408
D	RTL8367D_UPS_EN_OFFSET		OFFSET_SHIFT	0	0	8409
D	RTL8367D_UPS_EN_MASK		MASK	0x1	1	8410
D	RTL8367D_REG_UPS_CTRL2		REGISTER	0x1364	4964	8412
D	RTL8367D_IGNOE_MAC5_LINK_OFFSET		OFFSET_SHIFT	15	15	8413
D	RTL8367D_IGNOE_MAC5_LINK_MASK		MASK	0x8000	32768	8414
D	RTL8367D_AGREE_SLEEP_OFFSET		OFFSET_SHIFT	14	14	8415
D	RTL8367D_AGREE_SLEEP_MASK		MASK	0x4000	16384	8416
D	RTL8367D_WAIT_FOR_AGREEMENT_OFFSET		OFFSET_SHIFT	13	13	8417
D	RTL8367D_WAIT_FOR_AGREEMENT_MASK		MASK	0x2000	8192	8418
D	RTL8367D_WAKE_UP_BY_LINK_OFFSET		OFFSET_SHIFT	12	12	8419
D	RTL8367D_WAKE_UP_BY_LINK_MASK		MASK	0x1000	4096	8420
D	RTL8367D_WAKE_UP_BY_PHY_OFFSET		OFFSET_SHIFT	11	11	8421
D	RTL8367D_WAKE_UP_BY_PHY_MASK		MASK	0x800	2048	8422
D	RTL8367D_SLOW_CLK_TGL_RATE_OFFSET		OFFSET_SHIFT	7	7	8423
D	RTL8367D_SLOW_CLK_TGL_RATE_MASK		MASK	0x780	1920	8424
D	RTL8367D_PLL_G1_CTRL_EN_OFFSET		OFFSET_SHIFT	6	6	8425
D	RTL8367D_PLL_G1_CTRL_EN_MASK		MASK	0x40	64	8426
D	RTL8367D_PLL_G0_CTRL_EN_OFFSET		OFFSET_SHIFT	5	5	8427
D	RTL8367D_PLL_G0_CTRL_EN_MASK		MASK	0x20	32	8428
D	RTL8367D_SLOW_DOWN_PLL_EN_OFFSET		OFFSET_SHIFT	4	4	8429
D	RTL8367D_SLOW_DOWN_PLL_EN_MASK		MASK	0x10	16	8430
D	RTL8367D_SLOW_DOWN_CLK_EN_OFFSET		OFFSET_SHIFT	3	3	8431
D	RTL8367D_SLOW_DOWN_CLK_EN_MASK		MASK	0x8	8	8432
D	RTL8367D_GATING_CLK_SDS_EN_OFFSET		OFFSET_SHIFT	2	2	8433
D	RTL8367D_GATING_CLK_SDS_EN_MASK		MASK	0x4	4	8434
D	RTL8367D_GATING_CLK_CHIP_EN_OFFSET		OFFSET_SHIFT	1	1	8435
D	RTL8367D_GATING_CLK_CHIP_EN_MASK		MASK	0x2	2	8436
D	RTL8367D_GATING_SW_EN_OFFSET		OFFSET_SHIFT	0	0	8437
D	RTL8367D_GATING_SW_EN_MASK		MASK	0x1	1	8438
D	RTL8367D_REG_GATING_CLK_1		REGISTER	0x1365	4965	8440
D	RTL8367D_ALDPS_MODE_4_OFFSET		OFFSET_SHIFT	15	15	8441
D	RTL8367D_ALDPS_MODE_4_MASK		MASK	0x8000	32768	8442
D	RTL8367D_ALDPS_MODE_3_OFFSET		OFFSET_SHIFT	14	14	8443
D	RTL8367D_ALDPS_MODE_3_MASK		MASK	0x4000	16384	8444
D	RTL8367D_ALDPS_MODE_2_OFFSET		OFFSET_SHIFT	13	13	8445
D	RTL8367D_ALDPS_MODE_2_MASK		MASK	0x2000	8192	8446
D	RTL8367D_ALDPS_MODE_1_OFFSET		OFFSET_SHIFT	12	12	8447
D	RTL8367D_ALDPS_MODE_1_MASK		MASK	0x1000	4096	8448
D	RTL8367D_ALDPS_MODE_0_OFFSET		OFFSET_SHIFT	11	11	8449
D	RTL8367D_ALDPS_MODE_0_MASK		MASK	0x800	2048	8450
D	RTL8367D_UPS_DBGO_OFFSET		OFFSET_SHIFT	10	10	8451
D	RTL8367D_UPS_DBGO_MASK		MASK	0x400	1024	8452
D	RTL8367D_IFMX_AFF_NOT_FF_OUT_OFFSET		OFFSET_SHIFT	9	9	8453
D	RTL8367D_IFMX_AFF_NOT_FF_OUT_MASK		MASK	0x200	512	8454
D	RTL8367D_WATER_LEVEL_FD_OFFSET		OFFSET_SHIFT	6	6	8455
D	RTL8367D_WATER_LEVEL_FD_MASK		MASK	0x1C0	448	8456
D	RTL8367D_WATER_LEVEL_Y2X_OFFSET		OFFSET_SHIFT	3	3	8457
D	RTL8367D_WATER_LEVEL_Y2X_MASK		MASK	0x38	56	8458
D	RTL8367D_WATER_LEVEL_X2Y_2_OFFSET		OFFSET_SHIFT	2	2	8459
D	RTL8367D_WATER_LEVEL_X2Y_2_MASK		MASK	0x4	4	8460
D	RTL8367D_IGNOE_MAC7_LINK_OFFSET		OFFSET_SHIFT	1	1	8461
D	RTL8367D_IGNOE_MAC7_LINK_MASK		MASK	0x2	2	8462
D	RTL8367D_IGNOE_MAC6_LINK_OFFSET		OFFSET_SHIFT	0	0	8463
D	RTL8367D_IGNOE_MAC6_LINK_MASK		MASK	0x1	1	8464
D	RTL8367D_REG_UPS_CTRL4		REGISTER	0x1366	4966	8466
D	RTL8367D_PROB_EN_OFFSET		OFFSET_SHIFT	6	6	8467
D	RTL8367D_PROB_EN_MASK		MASK	0x40	64	8468
D	RTL8367D_PLL_DOWN_OFFSET		OFFSET_SHIFT	1	1	8469
D	RTL8367D_PLL_DOWN_MASK		MASK	0x2	2	8470
D	RTL8367D_XTAL_DOWN_OFFSET		OFFSET_SHIFT	0	0	8471
D	RTL8367D_XTAL_DOWN_MASK		MASK	0x1	1	8472
D	RTL8367D_REG_UPS_CTRL5		REGISTER	0x1367	4967	8474
D	RTL8367D_FRC_CPU_ACPT_OFFSET		OFFSET_SHIFT	3	3	8475
D	RTL8367D_FRC_CPU_ACPT_MASK		MASK	0x8	8	8476
D	RTL8367D_UPS_CPU_ACPT_OFFSET		OFFSET_SHIFT	2	2	8477
D	RTL8367D_UPS_CPU_ACPT_MASK		MASK	0x4	4	8478
D	RTL8367D_UPS_DBG_4_OFFSET		OFFSET_SHIFT	0	0	8479
D	RTL8367D_UPS_DBG_4_MASK		MASK	0x3	3	8480
D	RTL8367D_REG_UPS_CTRL6		REGISTER	0x1368	4968	8482
D	RTL8367D_UPS_CTRL6_OFFSET		OFFSET_SHIFT	0	0	8483
D	RTL8367D_UPS_CTRL6_MASK		MASK	0xF	15	8484
D	RTL8367D_REG_EFUSE_CMD		REGISTER	0x1370	4976	8486
D	RTL8367D_CFG_DLYCMD_TIMER_OFFSET		OFFSET_SHIFT	10	10	8487
D	RTL8367D_CFG_DLYCMD_TIMER_MASK		MASK	0x7C00	31744	8488
D	RTL8367D_CFG_DLYCMD_SEL_OFFSET		OFFSET_SHIFT	8	8	8489
D	RTL8367D_CFG_DLYCMD_SEL_MASK		MASK	0x300	768	8490
D	RTL8367D_EFUSE_TRMF_OFFSET		OFFSET_SHIFT	3	3	8491
D	RTL8367D_EFUSE_TRMF_MASK		MASK	0x18	24	8492
D	RTL8367D_EFUSE_ACCESS_BUSY_OFFSET		OFFSET_SHIFT	2	2	8493
D	RTL8367D_EFUSE_ACCESS_BUSY_MASK		MASK	0x4	4	8494
D	RTL8367D_EFUSE_COMMAND_EN_OFFSET		OFFSET_SHIFT	1	1	8495
D	RTL8367D_EFUSE_COMMAND_EN_MASK		MASK	0x2	2	8496
D	RTL8367D_EFUSE_WR_OFFSET		OFFSET_SHIFT	0	0	8497
D	RTL8367D_EFUSE_WR_MASK		MASK	0x1	1	8498
D	RTL8367D_REG_EFUSE_ADR		REGISTER	0x1371	4977	8500
D	RTL8367D_DUMMY_15_10_OFFSET		OFFSET_SHIFT	8	8	8501
D	RTL8367D_DUMMY_15_10_MASK		MASK	0xFF00	65280	8502
D	RTL8367D_EFUSE_ADDRESS_OFFSET		OFFSET_SHIFT	0	0	8503
D	RTL8367D_EFUSE_ADDRESS_MASK		MASK	0xFF	255	8504
D	RTL8367D_REG_EFUSE_WDAT		REGISTER	0x1372	4978	8506
D	RTL8367D_REG_EFUSE_RDAT		REGISTER	0x1373	4979	8508
D	RTL8367D_REG_I2C_CTRL		REGISTER	0x1374	4980	8510
D	RTL8367D_MDX_MST_FAIL_LAT_OFFSET		OFFSET_SHIFT	1	1	8511
D	RTL8367D_MDX_MST_FAIL_LAT_MASK		MASK	0x2	2	8512
D	RTL8367D_MDX_MST_FAIL_CLRPS_OFFSET		OFFSET_SHIFT	0	0	8513
D	RTL8367D_MDX_MST_FAIL_CLRPS_MASK		MASK	0x1	1	8514
D	RTL8367D_REG_EEE_CFG		REGISTER	0x1375	4981	8516
D	RTL8367D_CFG_BYPASS_GATELPTD_OFFSET		OFFSET_SHIFT	11	11	8517
D	RTL8367D_CFG_BYPASS_GATELPTD_MASK		MASK	0x800	2048	8518
D	RTL8367D_EEE_ABT_ADDR2_OFFSET		OFFSET_SHIFT	6	6	8519
D	RTL8367D_EEE_ABT_ADDR2_MASK		MASK	0x7C0	1984	8520
D	RTL8367D_EEE_ABT_ADDR1_OFFSET		OFFSET_SHIFT	1	1	8521
D	RTL8367D_EEE_ABT_ADDR1_MASK		MASK	0x3E	62	8522
D	RTL8367D_EEE_POLL_EN_OFFSET		OFFSET_SHIFT	0	0	8523
D	RTL8367D_EEE_POLL_EN_MASK		MASK	0x1	1	8524
D	RTL8367D_REG_EEE_PAGE		REGISTER	0x1376	4982	8526
D	RTL8367D_REG_EEE_EXT_PAGE		REGISTER	0x1377	4983	8528
D	RTL8367D_REG_EEE_EN_SPD1000		REGISTER	0x1378	4984	8530
D	RTL8367D_REG_EEE_EN_SPD100		REGISTER	0x1379	4985	8532
D	RTL8367D_REG_EEE_LP_SPD1000		REGISTER	0x137a	4986	8534
D	RTL8367D_REG_EEE_LP_SPD100		REGISTER	0x137b	4987	8536
D	RTL8367D_REG_DW8051_PRO_REG0		REGISTER	0x13a0	5024	8538
D	RTL8367D_REG_DW8051_PRO_REG1		REGISTER	0x13a1	5025	8540
D	RTL8367D_REG_DW8051_PRO_REG2		REGISTER	0x13a2	5026	8542
D	RTL8367D_REG_DW8051_PRO_REG3		REGISTER	0x13a3	5027	8544
D	RTL8367D_REG_DW8051_PRO_REG4		REGISTER	0x13a4	5028	8546
D	RTL8367D_REG_DW8051_PRO_REG5		REGISTER	0x13a5	5029	8548
D	RTL8367D_REG_DW8051_PRO_REG6		REGISTER	0x13a6	5030	8550
D	RTL8367D_REG_DW8051_PRO_REG7		REGISTER	0x13a7	5031	8552
D	RTL8367D_REG_EXT1_RXFIFO		REGISTER	0x13b0	5040	8554
D	RTL8367D_EXT1_RXFIFO_ERR_CNT_OFFSET		OFFSET_SHIFT	12	12	8555
D	RTL8367D_EXT1_RXFIFO_ERR_CNT_MASK		MASK	0xF000	61440	8556
D	RTL8367D_EXT1_RXFIFO_CLR_ERR_CNT_OFFSET		OFFSET_SHIFT	10	10	8557
D	RTL8367D_EXT1_RXFIFO_CLR_ERR_CNT_MASK		MASK	0x400	1024	8558
D	RTL8367D_EXT1_RXFIFO_CFG_EDPTR_CHK_OFFSET		OFFSET_SHIFT	9	9	8559
D	RTL8367D_EXT1_RXFIFO_CFG_EDPTR_CHK_MASK		MASK	0x200	512	8560
D	RTL8367D_EXT1_RXFIFO_CFG_BGPTR_CHK_OFFSET		OFFSET_SHIFT	8	8	8561
D	RTL8367D_EXT1_RXFIFO_CFG_BGPTR_CHK_MASK		MASK	0x100	256	8562
D	RTL8367D_EXT1_RXFIFO_CFG_AFO_IPG_CNT_OFFSET		OFFSET_SHIFT	4	4	8563
D	RTL8367D_EXT1_RXFIFO_CFG_AFO_IPG_CNT_MASK		MASK	0xF0	240	8564
D	RTL8367D_EXT1_RXFIFO_CFG_AFO_IPGCOMP_OFFSET		OFFSET_SHIFT	3	3	8565
D	RTL8367D_EXT1_RXFIFO_CFG_AFO_IPGCOMP_MASK		MASK	0x8	8	8566
D	RTL8367D_EXT1_RXFIFO_CFG_WATER_LEVEL_OFFSET		OFFSET_SHIFT	0	0	8567
D	RTL8367D_EXT1_RXFIFO_CFG_WATER_LEVEL_MASK		MASK	0x7	7	8568
D	RTL8367D_REG_EXT1_TXFIFO		REGISTER	0x13b1	5041	8570
D	RTL8367D_EXT1_TXFIFO_ERR_CNT_OFFSET		OFFSET_SHIFT	12	12	8571
D	RTL8367D_EXT1_TXFIFO_ERR_CNT_MASK		MASK	0xF000	61440	8572
D	RTL8367D_EXT1_TXFIFO_CLR_ERR_CNT_OFFSET		OFFSET_SHIFT	10	10	8573
D	RTL8367D_EXT1_TXFIFO_CLR_ERR_CNT_MASK		MASK	0x400	1024	8574
D	RTL8367D_EXT1_TXFIFO_CFG_EDPTR_CHK_OFFSET		OFFSET_SHIFT	9	9	8575
D	RTL8367D_EXT1_TXFIFO_CFG_EDPTR_CHK_MASK		MASK	0x200	512	8576
D	RTL8367D_EXT1_TXFIFO_CFG_BGPTR_CHK_OFFSET		OFFSET_SHIFT	8	8	8577
D	RTL8367D_EXT1_TXFIFO_CFG_BGPTR_CHK_MASK		MASK	0x100	256	8578
D	RTL8367D_EXT1_TXFIFO_CFG_AFO_IPG_CNT_OFFSET		OFFSET_SHIFT	4	4	8579
D	RTL8367D_EXT1_TXFIFO_CFG_AFO_IPG_CNT_MASK		MASK	0xF0	240	8580
D	RTL8367D_EXT1_TXFIFO_CFG_AFO_IPGCOMP_OFFSET		OFFSET_SHIFT	3	3	8581
D	RTL8367D_EXT1_TXFIFO_CFG_AFO_IPGCOMP_MASK		MASK	0x8	8	8582
D	RTL8367D_EXT1_TXFIFO_CFG_WATER_LEVEL_OFFSET		OFFSET_SHIFT	0	0	8583
D	RTL8367D_EXT1_TXFIFO_CFG_WATER_LEVEL_MASK		MASK	0x7	7	8584
D	RTL8367D_REG_PROTECT_ID		REGISTER	0x13c0	5056	8586
D	RTL8367D_REG_CHIP_VER_INTL		REGISTER	0x13c1	5057	8588
D	RTL8367D_CHIP_VER_INTL_OFFSET		OFFSET_SHIFT	0	0	8589
D	RTL8367D_CHIP_VER_INTL_MASK		MASK	0xF	15	8590
D	RTL8367D_REG_MAGIC_ID		REGISTER	0x13c2	5058	8592
D	RTL8367D_REG_DIGITAL_INTERFACE_SELECT_1		REGISTER	0x13c3	5059	8594
D	RTL8367D_SKIP_MII_2_RXER_OFFSET		OFFSET_SHIFT	4	4	8595
D	RTL8367D_SKIP_MII_2_RXER_MASK		MASK	0x10	16	8596
D	RTL8367D_SELECT_GMII_2_OFFSET		OFFSET_SHIFT	0	0	8597
D	RTL8367D_SELECT_GMII_2_MASK		MASK	0xF	15	8598
D	RTL8367D_REG_EXT2_RGMXF		REGISTER	0x13c5	5061	8600
D	RTL8367D_EXT2_RGTX_INV_OFFSET		OFFSET_SHIFT	6	6	8601
D	RTL8367D_EXT2_RGTX_INV_MASK		MASK	0x40	64	8602
D	RTL8367D_EXT2_RGRX_INV_OFFSET		OFFSET_SHIFT	5	5	8603
D	RTL8367D_EXT2_RGRX_INV_MASK		MASK	0x20	32	8604
D	RTL8367D_EXT2_RGMXF_OFFSET		OFFSET_SHIFT	0	0	8605
D	RTL8367D_EXT2_RGMXF_MASK		MASK	0x1F	31	8606
D	RTL8367D_REG_ROUTER_UPS_CFG		REGISTER	0x13c6	5062	8608
D	RTL8367D_UPS_Status_OFFSET		OFFSET_SHIFT	1	1	8609
D	RTL8367D_UPS_Status_MASK		MASK	0x2	2	8610
D	RTL8367D_SoftStart_OFFSET		OFFSET_SHIFT	0	0	8611
D	RTL8367D_SoftStart_MASK		MASK	0x1	1	8612
D	RTL8367D_REG_STOP_COUNT_TX_MIB		REGISTER	0x13e0	5088	8614
D	RTL8367D_CFG_STOP_CNTTX_MIB_OFFSET		OFFSET_SHIFT	8	8	8615
D	RTL8367D_CFG_STOP_CNTTX_MIB_MASK		MASK	0x100	256	8616
D	RTL8367D_EN_RTT2_L_OFFSET		OFFSET_SHIFT	5	5	8617
D	RTL8367D_EN_RTT2_L_MASK		MASK	0x20	32	8618
D	RTL8367D_EN_RTT1_L_OFFSET		OFFSET_SHIFT	4	4	8619
D	RTL8367D_EN_RTT1_L_MASK		MASK	0x10	16	8620
D	RTL8367D_REG_LED_DRI_CFG		REGISTER	0x13e1	5089	8622
D	RTL8367D_ORG_COL_EXT_OFFSET		OFFSET_SHIFT	3	3	8623
D	RTL8367D_ORG_COL_EXT_MASK		MASK	0x8	8	8624
D	RTL8367D_ORG_CRS_EXT_OFFSET		OFFSET_SHIFT	2	2	8625
D	RTL8367D_ORG_CRS_EXT_MASK		MASK	0x4	4	8626
D	RTL8367D_G1_WAKE_STYLE_OFFSET		OFFSET_SHIFT	1	1	8627
D	RTL8367D_G1_WAKE_STYLE_MASK		MASK	0x2	2	8628
D	RTL8367D_LED_DRIVING_OFFSET		OFFSET_SHIFT	0	0	8629
D	RTL8367D_LED_DRIVING_MASK		MASK	0x1	1	8630
D	RTL8367D_REG_CHIP_DEBUG2		REGISTER	0x13e2	5090	8632
D	RTL8367D_RG2_DN_OFFSET		OFFSET_SHIFT	6	6	8633
D	RTL8367D_RG2_DN_MASK		MASK	0x1C0	448	8634
D	RTL8367D_RG2_DP_OFFSET		OFFSET_SHIFT	3	3	8635
D	RTL8367D_RG2_DP_MASK		MASK	0x38	56	8636
D	RTL8367D_DRI_EXT2_RG_OFFSET		OFFSET_SHIFT	2	2	8637
D	RTL8367D_DRI_EXT2_RG_MASK		MASK	0x4	4	8638
D	RTL8367D_DRI_EXT2_OFFSET		OFFSET_SHIFT	1	1	8639
D	RTL8367D_DRI_EXT2_MASK		MASK	0x2	2	8640
D	RTL8367D_SLR_EXt2_OFFSET		OFFSET_SHIFT	0	0	8641
D	RTL8367D_SLR_EXt2_MASK		MASK	0x1	1	8642
D	RTL8367D_REG_DIGITAL_DEBUG_2		REGISTER	0x13e3	5091	8644
D	RTL8367D_REG_FIBER_RTL_OUI_CFG0		REGISTER	0x13e4	5092	8646
D	RTL8367D_FIBER_RTL_OUI_CFG0_OFFSET		OFFSET_SHIFT	0	0	8647
D	RTL8367D_FIBER_RTL_OUI_CFG0_MASK		MASK	0xFF	255	8648
D	RTL8367D_REG_FIBER_RTL_OUI_CFG1		REGISTER	0x13e5	5093	8650
D	RTL8367D_REG_FIBER_CFG_0		REGISTER	0x13e6	5094	8652
D	RTL8367D_REV_NUM_OFFSET		OFFSET_SHIFT	8	8	8653
D	RTL8367D_REV_NUM_MASK		MASK	0xF00	3840	8654
D	RTL8367D_MODEL_NUM_OFFSET		OFFSET_SHIFT	0	0	8655
D	RTL8367D_MODEL_NUM_MASK		MASK	0x3F	63	8656
D	RTL8367D_REG_FIBER_CFG_1		REGISTER	0x13e7	5095	8658
D	RTL8367D_FIBER_CFG_1_OFFSET		OFFSET_SHIFT	5	5	8659
D	RTL8367D_FIBER_CFG_1_MASK		MASK	0x20	32	8660
D	RTL8367D_REG_FIBER_CFG_2		REGISTER	0x13e8	5096	8662
D	RTL8367D_SEL_SDET_PS_OFFSET		OFFSET_SHIFT	12	12	8663
D	RTL8367D_SEL_SDET_PS_MASK		MASK	0xF000	61440	8664
D	RTL8367D_UTP_DIS_RX_OFFSET		OFFSET_SHIFT	10	10	8665
D	RTL8367D_UTP_DIS_RX_MASK		MASK	0xC00	3072	8666
D	RTL8367D_UTP_FRC_LD_OFFSET		OFFSET_SHIFT	8	8	8667
D	RTL8367D_UTP_FRC_LD_MASK		MASK	0x300	768	8668
D	RTL8367D_SDS_RX_DISABLE_OFFSET		OFFSET_SHIFT	6	6	8669
D	RTL8367D_SDS_RX_DISABLE_MASK		MASK	0xC0	192	8670
D	RTL8367D_SDS_TX_DISABLE_OFFSET		OFFSET_SHIFT	4	4	8671
D	RTL8367D_SDS_TX_DISABLE_MASK		MASK	0x30	48	8672
D	RTL8367D_SDS_PWR_ISO_OFFSET		OFFSET_SHIFT	2	2	8673
D	RTL8367D_SDS_PWR_ISO_MASK		MASK	0xC	12	8674
D	RTL8367D_SDS_FRC_LD_OFFSET		OFFSET_SHIFT	0	0	8675
D	RTL8367D_SDS_FRC_LD_MASK		MASK	0x3	3	8676
D	RTL8367D_REG_FIBER_CFG_3		REGISTER	0x13e9	5097	8678
D	RTL8367D_FIBER_CFG_3_OFFSET		OFFSET_SHIFT	0	0	8679
D	RTL8367D_FIBER_CFG_3_MASK		MASK	0xFFF	4095	8680
D	RTL8367D_REG_FIBER_CFG_4		REGISTER	0x13ea	5098	8682
D	RTL8367D_REG_UTP_FIB_DET		REGISTER	0x13eb	5099	8684
D	RTL8367D_FORCE_SEL_FIBER_OFFSET		OFFSET_SHIFT	14	14	8685
D	RTL8367D_FORCE_SEL_FIBER_MASK		MASK	0xC000	49152	8686
D	RTL8367D_FIB_FINAL_TIMER_OFFSET		OFFSET_SHIFT	12	12	8687
D	RTL8367D_FIB_FINAL_TIMER_MASK		MASK	0x3000	12288	8688
D	RTL8367D_FIB_LINK_TIMER_OFFSET		OFFSET_SHIFT	10	10	8689
D	RTL8367D_FIB_LINK_TIMER_MASK		MASK	0xC00	3072	8690
D	RTL8367D_FIB_SDET_TIMER_OFFSET		OFFSET_SHIFT	8	8	8691
D	RTL8367D_FIB_SDET_TIMER_MASK		MASK	0x300	768	8692
D	RTL8367D_UTP_LINK_TIMER_OFFSET		OFFSET_SHIFT	6	6	8693
D	RTL8367D_UTP_LINK_TIMER_MASK		MASK	0xC0	192	8694
D	RTL8367D_UTP_SDET_TIMER_OFFSET		OFFSET_SHIFT	4	4	8695
D	RTL8367D_UTP_SDET_TIMER_MASK		MASK	0x30	48	8696
D	RTL8367D_FORCE_AUTODET_OFFSET		OFFSET_SHIFT	3	3	8697
D	RTL8367D_FORCE_AUTODET_MASK		MASK	0x8	8	8698
D	RTL8367D_AUTODET_FSM_CLR_OFFSET		OFFSET_SHIFT	2	2	8699
D	RTL8367D_AUTODET_FSM_CLR_MASK		MASK	0x4	4	8700
D	RTL8367D_UTP_FIRST_OFFSET		OFFSET_SHIFT	1	1	8701
D	RTL8367D_UTP_FIRST_MASK		MASK	0x2	2	8702
D	RTL8367D_UTP_FIB_DISAUTODET_OFFSET		OFFSET_SHIFT	0	0	8703
D	RTL8367D_UTP_FIB_DISAUTODET_MASK		MASK	0x1	1	8704
D	RTL8367D_REG_NRESTORE_MAGIC_NUM		REGISTER	0x13ec	5100	8706
D	RTL8367D_NRESTORE_MAGIC_NUM_MASK		MASK	0xFFFF	65535	8707
D	RTL8367D_EEPROM_PROGRAM_CYCLE_OFFSET		OFFSET_SHIFT	0	0	8708
D	RTL8367D_EEPROM_PROGRAM_CYCLE_MASK		MASK	0x3	3	8709
D	RTL8367D_REG_MAC_ACTIVE		REGISTER	0x13ee	5102	8711
D	RTL8367D_FRC_MAC_ACTIVE_OFFSET		OFFSET_SHIFT	8	8	8712
D	RTL8367D_FRC_MAC_ACTIVE_MASK		MASK	0x100	256	8713
D	RTL8367D_MAC_ACTIVE_OFFSET		OFFSET_SHIFT	0	0	8714
D	RTL8367D_MAC_ACTIVE_MASK		MASK	0xFF	255	8715
D	RTL8367D_REG_SERDES_RESULT		REGISTER	0x13ef	5103	8717
D	RTL8367D_FIB100_DET_OFFSET		OFFSET_SHIFT	4	4	8718
D	RTL8367D_FIB100_DET_MASK		MASK	0x10	16	8719
D	RTL8367D_FIB_ISO_OFFSET		OFFSET_SHIFT	3	3	8720
D	RTL8367D_FIB_ISO_MASK		MASK	0x8	8	8721
D	RTL8367D_SDS_ANFAULT_OFFSET		OFFSET_SHIFT	2	2	8722
D	RTL8367D_SDS_ANFAULT_MASK		MASK	0x4	4	8723
D	RTL8367D_SDS_INTB_OFFSET		OFFSET_SHIFT	1	1	8724
D	RTL8367D_SDS_INTB_MASK		MASK	0x2	2	8725
D	RTL8367D_SDS_LINK_OK_OFFSET		OFFSET_SHIFT	0	0	8726
D	RTL8367D_SDS_LINK_OK_MASK		MASK	0x1	1	8727
D	RTL8367D_REG_CHIP_ECO		REGISTER	0x13f0	5104	8729
D	RTL8367D_CFG_CHIP_ECO_OFFSET		OFFSET_SHIFT	1	1	8730
D	RTL8367D_CFG_CHIP_ECO_MASK		MASK	0xFFFE	65534	8731
D	RTL8367D_CFG_CKOUTEN_OFFSET		OFFSET_SHIFT	0	0	8732
D	RTL8367D_CFG_CKOUTEN_MASK		MASK	0x1	1	8733
D	RTL8367D_REG_WAKELPI_SLOT_PRD		REGISTER	0x13f1	5105	8735
D	RTL8367D_WAKELPI_SLOT_PRD_OFFSET		OFFSET_SHIFT	0	0	8736
D	RTL8367D_WAKELPI_SLOT_PRD_MASK		MASK	0x1F	31	8737
D	RTL8367D_REG_WAKELPI_SLOT_PG0		REGISTER	0x13f2	5106	8739
D	RTL8367D_WAKELPI_SLOT_P1_OFFSET		OFFSET_SHIFT	8	8	8740
D	RTL8367D_WAKELPI_SLOT_P1_MASK		MASK	0x1F00	7936	8741
D	RTL8367D_WAKELPI_SLOT_P0_OFFSET		OFFSET_SHIFT	0	0	8742
D	RTL8367D_WAKELPI_SLOT_P0_MASK		MASK	0x1F	31	8743
D	RTL8367D_REG_WAKELPI_SLOT_PG1		REGISTER	0x13f3	5107	8745
D	RTL8367D_WAKELPI_SLOT_P3_OFFSET		OFFSET_SHIFT	8	8	8746
D	RTL8367D_WAKELPI_SLOT_P3_MASK		MASK	0x1F00	7936	8747
D	RTL8367D_WAKELPI_SLOT_P2_OFFSET		OFFSET_SHIFT	0	0	8748
D	RTL8367D_WAKELPI_SLOT_P2_MASK		MASK	0x1F	31	8749
D	RTL8367D_REG_WAKELPI_SLOT_PG2		REGISTER	0x13f4	5108	8751
D	RTL8367D_WAKELPI_SLOT_P5_OFFSET		OFFSET_SHIFT	8	8	8752
D	RTL8367D_WAKELPI_SLOT_P5_MASK		MASK	0x1F00	7936	8753
D	RTL8367D_WAKELPI_SLOT_P4_OFFSET		OFFSET_SHIFT	0	0	8754
D	RTL8367D_WAKELPI_SLOT_P4_MASK		MASK	0x1F	31	8755
D	RTL8367D_REG_WAKELPI_SLOT_PG3		REGISTER	0x13f5	5109	8757
D	RTL8367D_WAKELPI_SLOT_P7_OFFSET		OFFSET_SHIFT	8	8	8758
D	RTL8367D_WAKELPI_SLOT_P7_MASK		MASK	0x1F00	7936	8759
D	RTL8367D_WAKELPI_SLOT_P6_OFFSET		OFFSET_SHIFT	0	0	8760
D	RTL8367D_WAKELPI_SLOT_P6_MASK		MASK	0x1F	31	8761
D	RTL8367D_REG_SYNC_FIFO_0		REGISTER	0x13f6	5110	8763
D	RTL8367D_SYNC_FIFO_TX_OFFSET		OFFSET_SHIFT	8	8	8764
D	RTL8367D_SYNC_FIFO_TX_MASK		MASK	0x700	1792	8765
D	RTL8367D_SYNC_FIFO_RX_OFFSET		OFFSET_SHIFT	0	0	8766
D	RTL8367D_SYNC_FIFO_RX_MASK		MASK	0xFF	255	8767
D	RTL8367D_REG_SYNC_FIFO_1		REGISTER	0x13f7	5111	8769
D	RTL8367D_SYNC_FIFO_TX_ERR_OFFSET		OFFSET_SHIFT	8	8	8770
D	RTL8367D_SYNC_FIFO_TX_ERR_MASK		MASK	0x700	1792	8771
D	RTL8367D_SYNC_FIFO_RX_ERR_OFFSET		OFFSET_SHIFT	0	0	8772
D	RTL8367D_SYNC_FIFO_RX_ERR_MASK		MASK	0xFF	255	8773
D	RTL8367D_REG_RGM_EEE		REGISTER	0x13f8	5112	8775
D	RTL8367D_EXT2_PAD_STOP_EN_OFFSET		OFFSET_SHIFT	14	14	8776
D	RTL8367D_EXT2_PAD_STOP_EN_MASK		MASK	0x4000	16384	8777
D	RTL8367D_EXT1_PAD_STOP_EN_OFFSET		OFFSET_SHIFT	13	13	8778
D	RTL8367D_EXT1_PAD_STOP_EN_MASK		MASK	0x2000	8192	8779
D	RTL8367D_EXT0_PAD_STOP_EN_OFFSET		OFFSET_SHIFT	12	12	8780
D	RTL8367D_EXT0_PAD_STOP_EN_MASK		MASK	0x1000	4096	8781
D	RTL8367D_EXT2_CYCLE_PAD_OFFSET		OFFSET_SHIFT	8	8	8782
D	RTL8367D_EXT2_CYCLE_PAD_MASK		MASK	0xF00	3840	8783
D	RTL8367D_EXT1_CYCLE_PAD_OFFSET		OFFSET_SHIFT	4	4	8784
D	RTL8367D_EXT1_CYCLE_PAD_MASK		MASK	0xF0	240	8785
D	RTL8367D_EXT0_CYCLE_PAD_OFFSET		OFFSET_SHIFT	0	0	8786
D	RTL8367D_EXT0_CYCLE_PAD_MASK		MASK	0xF	15	8787
D	RTL8367D_REG_EXT_TXC_DLY		REGISTER	0x13f9	5113	8789
D	RTL8367D_EXT1_GMII_TX_DELAY_OFFSET		OFFSET_SHIFT	12	12	8790
D	RTL8367D_EXT1_GMII_TX_DELAY_MASK		MASK	0x7000	28672	8791
D	RTL8367D_EXT0_GMII_TX_DELAY_OFFSET		OFFSET_SHIFT	9	9	8792
D	RTL8367D_EXT0_GMII_TX_DELAY_MASK		MASK	0xE00	3584	8793
D	RTL8367D_EXT2_RGMII_TX_DELAY_OFFSET		OFFSET_SHIFT	6	6	8794
D	RTL8367D_EXT2_RGMII_TX_DELAY_MASK		MASK	0x1C0	448	8795
D	RTL8367D_EXT1_RGMII_TX_DELAY_OFFSET		OFFSET_SHIFT	3	3	8796
D	RTL8367D_EXT1_RGMII_TX_DELAY_MASK		MASK	0x38	56	8797
D	RTL8367D_EXT0_RGMII_TX_DELAY_OFFSET		OFFSET_SHIFT	0	0	8798
D	RTL8367D_EXT0_RGMII_TX_DELAY_MASK		MASK	0x7	7	8799
D	RTL8367D_REG_CHIP_DUMMY_NO		REGISTER	0x13fb	5115	8801
D	RTL8367D_CHIP_DUMMY_NO_OFFSET		OFFSET_SHIFT	0	0	8802
D	RTL8367D_CHIP_DUMMY_NO_MASK		MASK	0xF	15	8803
D	RTL8367D_REG_EFUSE_CHK_0		REGISTER	0x13fc	5116	8805
D	RTL8367D_EFUSE_CHK_STOP_ADR_OFFSET		OFFSET_SHIFT	8	8	8806
D	RTL8367D_EFUSE_CHK_STOP_ADR_MASK		MASK	0xFF00	65280	8807
D	RTL8367D_EFUSE_CHK_FAIL_OFFSET		OFFSET_SHIFT	2	2	8808
D	RTL8367D_EFUSE_CHK_FAIL_MASK		MASK	0x4	4	8809
D	RTL8367D_EFUSE_CHK_DONE_OFFSET		OFFSET_SHIFT	1	1	8810
D	RTL8367D_EFUSE_CHK_DONE_MASK		MASK	0x2	2	8811
D	RTL8367D_EFUSE_CHK_0_EFUSE_CHK_PS_OFFSET		OFFSET_SHIFT	0	0	8812
D	RTL8367D_EFUSE_CHK_0_EFUSE_CHK_PS_MASK		MASK	0x1	1	8813
D	RTL8367D_REG_EFUSE_CHK_1		REGISTER	0x13fd	5117	8815
D	RTL8367D_EFUSE_CHK_END_OFFSET		OFFSET_SHIFT	8	8	8816
D	RTL8367D_EFUSE_CHK_END_MASK		MASK	0xFF00	65280	8817
D	RTL8367D_EFUSE_CHK_BGN_OFFSET		OFFSET_SHIFT	0	0	8818
D	RTL8367D_EFUSE_CHK_BGN_MASK		MASK	0xFF	255	8819
D	RTL8367D_REG_EFUSE_CHK_2		REGISTER	0x13fe	5118	8821
D	RTL8367D_REG_METER0_RATE_CTRL0		REGISTER	0x1400	5120	8825
D	RTL8367D_REG_METER0_RATE_CTRL1		REGISTER	0x1401	5121	8827
D	RTL8367D_METER0_RATE_CTRL1_OFFSET		OFFSET_SHIFT	0	0	8828
D	RTL8367D_METER0_RATE_CTRL1_MASK		MASK	0x7	7	8829
D	RTL8367D_REG_METER1_RATE_CTRL0		REGISTER	0x1402	5122	8831
D	RTL8367D_REG_METER1_RATE_CTRL1		REGISTER	0x1403	5123	8833
D	RTL8367D_METER1_RATE_CTRL1_OFFSET		OFFSET_SHIFT	0	0	8834
D	RTL8367D_METER1_RATE_CTRL1_MASK		MASK	0x7	7	8835
D	RTL8367D_REG_METER2_RATE_CTRL0		REGISTER	0x1404	5124	8837
D	RTL8367D_REG_METER2_RATE_CTRL1		REGISTER	0x1405	5125	8839
D	RTL8367D_METER2_RATE_CTRL1_OFFSET		OFFSET_SHIFT	0	0	8840
D	RTL8367D_METER2_RATE_CTRL1_MASK		MASK	0x7	7	8841
D	RTL8367D_REG_METER3_RATE_CTRL0		REGISTER	0x1406	5126	8843
D	RTL8367D_REG_METER3_RATE_CTRL1		REGISTER	0x1407	5127	8845
D	RTL8367D_METER3_RATE_CTRL1_OFFSET		OFFSET_SHIFT	0	0	8846
D	RTL8367D_METER3_RATE_CTRL1_MASK		MASK	0x7	7	8847
D	RTL8367D_REG_METER4_RATE_CTRL0		REGISTER	0x1408	5128	8849
D	RTL8367D_REG_METER4_RATE_CTRL1		REGISTER	0x1409	5129	8851
D	RTL8367D_METER4_RATE_CTRL1_OFFSET		OFFSET_SHIFT	0	0	8852
D	RTL8367D_METER4_RATE_CTRL1_MASK		MASK	0x7	7	8853
D	RTL8367D_REG_METER5_RATE_CTRL0		REGISTER	0x140a	5130	8855
D	RTL8367D_REG_METER5_RATE_CTRL1		REGISTER	0x140b	5131	8857
D	RTL8367D_METER5_RATE_CTRL1_OFFSET		OFFSET_SHIFT	0	0	8858
D	RTL8367D_METER5_RATE_CTRL1_MASK		MASK	0x7	7	8859
D	RTL8367D_REG_METER6_RATE_CTRL0		REGISTER	0x140c	5132	8861
D	RTL8367D_REG_METER6_RATE_CTRL1		REGISTER	0x140d	5133	8863
D	RTL8367D_METER6_RATE_CTRL1_OFFSET		OFFSET_SHIFT	0	0	8864
D	RTL8367D_METER6_RATE_CTRL1_MASK		MASK	0x7	7	8865
D	RTL8367D_REG_METER7_RATE_CTRL0		REGISTER	0x140e	5134	8867
D	RTL8367D_REG_METER7_RATE_CTRL1		REGISTER	0x140f	5135	8869
D	RTL8367D_METER7_RATE_CTRL1_OFFSET		OFFSET_SHIFT	0	0	8870
D	RTL8367D_METER7_RATE_CTRL1_MASK		MASK	0x7	7	8871
D	RTL8367D_REG_METER8_RATE_CTRL0		REGISTER	0x1410	5136	8873
D	RTL8367D_REG_METER8_RATE_CTRL1		REGISTER	0x1411	5137	8875
D	RTL8367D_METER8_RATE_CTRL1_OFFSET		OFFSET_SHIFT	0	0	8876
D	RTL8367D_METER8_RATE_CTRL1_MASK		MASK	0x7	7	8877
D	RTL8367D_REG_METER9_RATE_CTRL0		REGISTER	0x1412	5138	8879
D	RTL8367D_REG_METER9_RATE_CTRL1		REGISTER	0x1413	5139	8881
D	RTL8367D_METER9_RATE_CTRL1_OFFSET		OFFSET_SHIFT	0	0	8882
D	RTL8367D_METER9_RATE_CTRL1_MASK		MASK	0x7	7	8883
D	RTL8367D_REG_METER10_RATE_CTRL0		REGISTER	0x1414	5140	8885
D	RTL8367D_REG_METER10_RATE_CTRL1		REGISTER	0x1415	5141	8887
D	RTL8367D_METER10_RATE_CTRL1_OFFSET		OFFSET_SHIFT	0	0	8888
D	RTL8367D_METER10_RATE_CTRL1_MASK		MASK	0x7	7	8889
D	RTL8367D_REG_METER11_RATE_CTRL0		REGISTER	0x1416	5142	8891
D	RTL8367D_REG_METER11_RATE_CTRL1		REGISTER	0x1417	5143	8893
D	RTL8367D_METER11_RATE_CTRL1_OFFSET		OFFSET_SHIFT	0	0	8894
D	RTL8367D_METER11_RATE_CTRL1_MASK		MASK	0x7	7	8895
D	RTL8367D_REG_METER12_RATE_CTRL0		REGISTER	0x1418	5144	8897
D	RTL8367D_REG_METER12_RATE_CTRL1		REGISTER	0x1419	5145	8899
D	RTL8367D_METER12_RATE_CTRL1_OFFSET		OFFSET_SHIFT	0	0	8900
D	RTL8367D_METER12_RATE_CTRL1_MASK		MASK	0x7	7	8901
D	RTL8367D_REG_METER13_RATE_CTRL0		REGISTER	0x141a	5146	8903
D	RTL8367D_REG_METER13_RATE_CTRL1		REGISTER	0x141b	5147	8905
D	RTL8367D_METER13_RATE_CTRL1_OFFSET		OFFSET_SHIFT	0	0	8906
D	RTL8367D_METER13_RATE_CTRL1_MASK		MASK	0x7	7	8907
D	RTL8367D_REG_METER14_RATE_CTRL0		REGISTER	0x141c	5148	8909
D	RTL8367D_REG_METER14_RATE_CTRL1		REGISTER	0x141d	5149	8911
D	RTL8367D_METER14_RATE_CTRL1_OFFSET		OFFSET_SHIFT	0	0	8912
D	RTL8367D_METER14_RATE_CTRL1_MASK		MASK	0x7	7	8913
D	RTL8367D_REG_METER15_RATE_CTRL0		REGISTER	0x141e	5150	8915
D	RTL8367D_REG_METER15_RATE_CTRL1		REGISTER	0x141f	5151	8917
D	RTL8367D_METER15_RATE_CTRL1_OFFSET		OFFSET_SHIFT	0	0	8918
D	RTL8367D_METER15_RATE_CTRL1_MASK		MASK	0x7	7	8919
D	RTL8367D_REG_METER16_RATE_CTRL0		REGISTER	0x1420	5152	8921
D	RTL8367D_REG_METER16_RATE_CTRL1		REGISTER	0x1421	5153	8923
D	RTL8367D_METER16_RATE_CTRL1_OFFSET		OFFSET_SHIFT	0	0	8924
D	RTL8367D_METER16_RATE_CTRL1_MASK		MASK	0x7	7	8925
D	RTL8367D_REG_METER17_RATE_CTRL0		REGISTER	0x1422	5154	8927
D	RTL8367D_REG_METER17_RATE_CTRL1		REGISTER	0x1423	5155	8929
D	RTL8367D_METER17_RATE_CTRL1_OFFSET		OFFSET_SHIFT	0	0	8930
D	RTL8367D_METER17_RATE_CTRL1_MASK		MASK	0x7	7	8931
D	RTL8367D_REG_METER18_RATE_CTRL0		REGISTER	0x1424	5156	8933
D	RTL8367D_REG_METER18_RATE_CTRL1		REGISTER	0x1425	5157	8935
D	RTL8367D_METER18_RATE_CTRL1_OFFSET		OFFSET_SHIFT	0	0	8936
D	RTL8367D_METER18_RATE_CTRL1_MASK		MASK	0x7	7	8937
D	RTL8367D_REG_METER19_RATE_CTRL0		REGISTER	0x1426	5158	8939
D	RTL8367D_REG_METER19_RATE_CTRL1		REGISTER	0x1427	5159	8941
D	RTL8367D_METER19_RATE_CTRL1_OFFSET		OFFSET_SHIFT	0	0	8942
D	RTL8367D_METER19_RATE_CTRL1_MASK		MASK	0x7	7	8943
D	RTL8367D_REG_METER20_RATE_CTRL0		REGISTER	0x1428	5160	8945
D	RTL8367D_REG_METER20_RATE_CTRL1		REGISTER	0x1429	5161	8947
D	RTL8367D_METER20_RATE_CTRL1_OFFSET		OFFSET_SHIFT	0	0	8948
D	RTL8367D_METER20_RATE_CTRL1_MASK		MASK	0x7	7	8949
D	RTL8367D_REG_METER21_RATE_CTRL0		REGISTER	0x142a	5162	8951
D	RTL8367D_REG_METER21_RATE_CTRL1		REGISTER	0x142b	5163	8953
D	RTL8367D_METER21_RATE_CTRL1_OFFSET		OFFSET_SHIFT	0	0	8954
D	RTL8367D_METER21_RATE_CTRL1_MASK		MASK	0x7	7	8955
D	RTL8367D_REG_METER22_RATE_CTRL0		REGISTER	0x142c	5164	8957
D	RTL8367D_REG_METER22_RATE_CTRL1		REGISTER	0x142d	5165	8959
D	RTL8367D_METER22_RATE_CTRL1_OFFSET		OFFSET_SHIFT	0	0	8960
D	RTL8367D_METER22_RATE_CTRL1_MASK		MASK	0x7	7	8961
D	RTL8367D_REG_METER23_RATE_CTRL0		REGISTER	0x142e	5166	8963
D	RTL8367D_REG_METER23_RATE_CTRL1		REGISTER	0x142f	5167	8965
D	RTL8367D_METER23_RATE_CTRL1_OFFSET		OFFSET_SHIFT	0	0	8966
D	RTL8367D_METER23_RATE_CTRL1_MASK		MASK	0x7	7	8967
D	RTL8367D_REG_METER24_RATE_CTRL0		REGISTER	0x1430	5168	8969
D	RTL8367D_REG_METER24_RATE_CTRL1		REGISTER	0x1431	5169	8971
D	RTL8367D_METER24_RATE_CTRL1_OFFSET		OFFSET_SHIFT	0	0	8972
D	RTL8367D_METER24_RATE_CTRL1_MASK		MASK	0x7	7	8973
D	RTL8367D_REG_METER25_RATE_CTRL0		REGISTER	0x1432	5170	8975
D	RTL8367D_REG_METER25_RATE_CTRL1		REGISTER	0x1433	5171	8977
D	RTL8367D_METER25_RATE_CTRL1_OFFSET		OFFSET_SHIFT	0	0	8978
D	RTL8367D_METER25_RATE_CTRL1_MASK		MASK	0x7	7	8979
D	RTL8367D_REG_METER26_RATE_CTRL0		REGISTER	0x1434	5172	8981
D	RTL8367D_REG_METER26_RATE_CTRL1		REGISTER	0x1435	5173	8983
D	RTL8367D_METER26_RATE_CTRL1_OFFSET		OFFSET_SHIFT	0	0	8984
D	RTL8367D_METER26_RATE_CTRL1_MASK		MASK	0x7	7	8985
D	RTL8367D_REG_METER27_RATE_CTRL0		REGISTER	0x1436	5174	8987
D	RTL8367D_REG_METER27_RATE_CTRL1		REGISTER	0x1437	5175	8989
D	RTL8367D_METER27_RATE_CTRL1_OFFSET		OFFSET_SHIFT	0	0	8990
D	RTL8367D_METER27_RATE_CTRL1_MASK		MASK	0x7	7	8991
D	RTL8367D_REG_METER28_RATE_CTRL0		REGISTER	0x1438	5176	8993
D	RTL8367D_REG_METER28_RATE_CTRL1		REGISTER	0x1439	5177	8995
D	RTL8367D_METER28_RATE_CTRL1_OFFSET		OFFSET_SHIFT	0	0	8996
D	RTL8367D_METER28_RATE_CTRL1_MASK		MASK	0x7	7	8997
D	RTL8367D_REG_METER29_RATE_CTRL0		REGISTER	0x143a	5178	8999
D	RTL8367D_REG_METER29_RATE_CTRL1		REGISTER	0x143b	5179	9001
D	RTL8367D_METER29_RATE_CTRL1_OFFSET		OFFSET_SHIFT	0	0	9002
D	RTL8367D_METER29_RATE_CTRL1_MASK		MASK	0x7	7	9003
D	RTL8367D_REG_METER30_RATE_CTRL0		REGISTER	0x143c	5180	9005
D	RTL8367D_REG_METER30_RATE_CTRL1		REGISTER	0x143d	5181	9007
D	RTL8367D_METER30_RATE_CTRL1_OFFSET		OFFSET_SHIFT	0	0	9008
D	RTL8367D_METER30_RATE_CTRL1_MASK		MASK	0x7	7	9009
D	RTL8367D_REG_METER31_RATE_CTRL0		REGISTER	0x143e	5182	9011
D	RTL8367D_REG_METER31_RATE_CTRL1		REGISTER	0x143f	5183	9013
D	RTL8367D_METER31_RATE_CTRL1_OFFSET		OFFSET_SHIFT	0	0	9014
D	RTL8367D_METER31_RATE_CTRL1_MASK		MASK	0x7	7	9015
D	RTL8367D_REG_METER32_RATE_CTRL0		REGISTER	0x1440	5184	9017
D	RTL8367D_REG_METER32_RATE_CTRL1		REGISTER	0x1441	5185	9019
D	RTL8367D_METER32_RATE_CTRL1_OFFSET		OFFSET_SHIFT	0	0	9020
D	RTL8367D_METER32_RATE_CTRL1_MASK		MASK	0x7	7	9021
D	RTL8367D_REG_METER33_RATE_CTRL0		REGISTER	0x1442	5186	9023
D	RTL8367D_REG_METER33_RATE_CTRL1		REGISTER	0x1443	5187	9025
D	RTL8367D_METER33_RATE_CTRL1_OFFSET		OFFSET_SHIFT	0	0	9026
D	RTL8367D_METER33_RATE_CTRL1_MASK		MASK	0x7	7	9027
D	RTL8367D_REG_METER34_RATE_CTRL0		REGISTER	0x1444	5188	9029
D	RTL8367D_REG_METER34_RATE_CTRL1		REGISTER	0x1445	5189	9031
D	RTL8367D_METER34_RATE_CTRL1_OFFSET		OFFSET_SHIFT	0	0	9032
D	RTL8367D_METER34_RATE_CTRL1_MASK		MASK	0x7	7	9033
D	RTL8367D_REG_METER35_RATE_CTRL0		REGISTER	0x1446	5190	9035
D	RTL8367D_REG_METER35_RATE_CTRL1		REGISTER	0x1447	5191	9037
D	RTL8367D_METER35_RATE_CTRL1_OFFSET		OFFSET_SHIFT	0	0	9038
D	RTL8367D_METER35_RATE_CTRL1_MASK		MASK	0x7	7	9039
D	RTL8367D_REG_METER36_RATE_CTRL0		REGISTER	0x1448	5192	9041
D	RTL8367D_REG_METER36_RATE_CTRL1		REGISTER	0x1449	5193	9043
D	RTL8367D_METER36_RATE_CTRL1_OFFSET		OFFSET_SHIFT	0	0	9044
D	RTL8367D_METER36_RATE_CTRL1_MASK		MASK	0x7	7	9045
D	RTL8367D_REG_METER37_RATE_CTRL0		REGISTER	0x144a	5194	9047
D	RTL8367D_REG_METER37_RATE_CTRL1		REGISTER	0x144b	5195	9049
D	RTL8367D_METER37_RATE_CTRL1_OFFSET		OFFSET_SHIFT	0	0	9050
D	RTL8367D_METER37_RATE_CTRL1_MASK		MASK	0x7	7	9051
D	RTL8367D_REG_METER38_RATE_CTRL0		REGISTER	0x144c	5196	9053
D	RTL8367D_REG_METER38_RATE_CTRL1		REGISTER	0x144d	5197	9055
D	RTL8367D_METER38_RATE_CTRL1_OFFSET		OFFSET_SHIFT	0	0	9056
D	RTL8367D_METER38_RATE_CTRL1_MASK		MASK	0x7	7	9057
D	RTL8367D_REG_METER39_RATE_CTRL0		REGISTER	0x144e	5198	9059
D	RTL8367D_REG_METER39_RATE_CTRL1		REGISTER	0x144f	5199	9061
D	RTL8367D_METER39_RATE_CTRL1_OFFSET		OFFSET_SHIFT	0	0	9062
D	RTL8367D_METER39_RATE_CTRL1_MASK		MASK	0x7	7	9063
D	RTL8367D_REG_METER_MODE_SETTING0		REGISTER	0x1460	5216	9065
D	RTL8367D_REG_METER_MODE_SETTING1		REGISTER	0x1461	5217	9067
D	RTL8367D_REG_METER_MODE_SETTING2		REGISTER	0x1462	5218	9069
D	RTL8367D_METER_MODE_SETTING2_OFFSET		OFFSET_SHIFT	0	0	9070
D	RTL8367D_METER_MODE_SETTING2_MASK		MASK	0xFF	255	9071
D	RTL8367D_REG_METER_MODE_TOKEN_CFG		REGISTER	0x1463	5219	9073
D	RTL8367D_METER_MODE_TOKEN_CFG_OFFSET		OFFSET_SHIFT	0	0	9074
D	RTL8367D_METER_MODE_TOKEN_CFG_MASK		MASK	0x7FF	2047	9075
D	RTL8367D_REG_METER0_BUCKET_SIZE		REGISTER	0x1600	5632	9077
D	RTL8367D_REG_METER1_BUCKET_SIZE		REGISTER	0x1601	5633	9079
D	RTL8367D_REG_METER2_BUCKET_SIZE		REGISTER	0x1602	5634	9081
D	RTL8367D_REG_METER3_BUCKET_SIZE		REGISTER	0x1603	5635	9083
D	RTL8367D_REG_METER4_BUCKET_SIZE		REGISTER	0x1604	5636	9085
D	RTL8367D_REG_METER5_BUCKET_SIZE		REGISTER	0x1605	5637	9087
D	RTL8367D_REG_METER6_BUCKET_SIZE		REGISTER	0x1606	5638	9089
D	RTL8367D_REG_METER7_BUCKET_SIZE		REGISTER	0x1607	5639	9091
D	RTL8367D_REG_METER8_BUCKET_SIZE		REGISTER	0x1608	5640	9093
D	RTL8367D_REG_METER9_BUCKET_SIZE		REGISTER	0x1609	5641	9095
D	RTL8367D_REG_METER10_BUCKET_SIZE		REGISTER	0x160a	5642	9097
D	RTL8367D_REG_METER11_BUCKET_SIZE		REGISTER	0x160b	5643	9099
D	RTL8367D_REG_METER12_BUCKET_SIZE		REGISTER	0x160c	5644	9101
D	RTL8367D_REG_METER13_BUCKET_SIZE		REGISTER	0x160d	5645	9103
D	RTL8367D_REG_METER14_BUCKET_SIZE		REGISTER	0x160e	5646	9105
D	RTL8367D_REG_METER15_BUCKET_SIZE		REGISTER	0x160f	5647	9107
D	RTL8367D_REG_METER16_BUCKET_SIZE		REGISTER	0x1610	5648	9109
D	RTL8367D_REG_METER17_BUCKET_SIZE		REGISTER	0x1611	5649	9111
D	RTL8367D_REG_METER18_BUCKET_SIZE		REGISTER	0x1612	5650	9113
D	RTL8367D_REG_METER19_BUCKET_SIZE		REGISTER	0x1613	5651	9115
D	RTL8367D_REG_METER20_BUCKET_SIZE		REGISTER	0x1614	5652	9117
D	RTL8367D_REG_METER21_BUCKET_SIZE		REGISTER	0x1615	5653	9119
D	RTL8367D_REG_METER22_BUCKET_SIZE		REGISTER	0x1616	5654	9121
D	RTL8367D_REG_METER23_BUCKET_SIZE		REGISTER	0x1617	5655	9123
D	RTL8367D_REG_METER24_BUCKET_SIZE		REGISTER	0x1618	5656	9125
D	RTL8367D_REG_METER25_BUCKET_SIZE		REGISTER	0x1619	5657	9127
D	RTL8367D_REG_METER26_BUCKET_SIZE		REGISTER	0x161a	5658	9129
D	RTL8367D_REG_METER27_BUCKET_SIZE		REGISTER	0x161b	5659	9131
D	RTL8367D_REG_METER28_BUCKET_SIZE		REGISTER	0x161c	5660	9133
D	RTL8367D_REG_METER29_BUCKET_SIZE		REGISTER	0x161d	5661	9135
D	RTL8367D_REG_METER30_BUCKET_SIZE		REGISTER	0x161e	5662	9137
D	RTL8367D_REG_METER31_BUCKET_SIZE		REGISTER	0x161f	5663	9139
D	RTL8367D_REG_METER32_BUCKET_SIZE		REGISTER	0x1620	5664	9141
D	RTL8367D_REG_METER33_BUCKET_SIZE		REGISTER	0x1621	5665	9143
D	RTL8367D_REG_METER34_BUCKET_SIZE		REGISTER	0x1622	5666	9145
D	RTL8367D_REG_METER35_BUCKET_SIZE		REGISTER	0x1623	5667	9147
D	RTL8367D_REG_METER36_BUCKET_SIZE		REGISTER	0x1624	5668	9149
D	RTL8367D_REG_METER37_BUCKET_SIZE		REGISTER	0x1625	5669	9151
D	RTL8367D_REG_METER38_BUCKET_SIZE		REGISTER	0x1626	5670	9153
D	RTL8367D_REG_METER39_BUCKET_SIZE		REGISTER	0x1627	5671	9155
D	RTL8367D_REG_METER_CTRL0		REGISTER	0x1700	5888	9157
D	RTL8367D_METER_OP_OFFSET		OFFSET_SHIFT	8	8	9158
D	RTL8367D_METER_OP_MASK		MASK	0x100	256	9159
D	RTL8367D_METER_TICK_OFFSET		OFFSET_SHIFT	0	0	9160
D	RTL8367D_METER_TICK_MASK		MASK	0xFF	255	9161
D	RTL8367D_REG_METER_CTRL1		REGISTER	0x1701	5889	9163
D	RTL8367D_METER_CTRL1_OFFSET		OFFSET_SHIFT	0	0	9164
D	RTL8367D_METER_CTRL1_MASK		MASK	0xFF	255	9165
D	RTL8367D_REG_METER_OVERRATE_INDICATOR0		REGISTER	0x1702	5890	9167
D	RTL8367D_REG_METER_OVERRATE_INDICATOR1		REGISTER	0x1703	5891	9169
D	RTL8367D_REG_METER_OVERRATE_INDICATOR2		REGISTER	0x1704	5892	9171
D	RTL8367D_METER_OVERRATE_INDICATOR2_OFFSET		OFFSET_SHIFT	0	0	9172
D	RTL8367D_METER_OVERRATE_INDICATOR2_MASK		MASK	0xFF	255	9173
D	RTL8367D_REG_METER_OVERRATE_INDICATOR0_8051		REGISTER	0x1705	5893	9175
D	RTL8367D_REG_METER_OVERRATE_INDICATOR1_8051		REGISTER	0x1706	5894	9177
D	RTL8367D_REG_METER_OVERRATE_INDICATOR2_8051		REGISTER	0x1707	5895	9179
D	RTL8367D_METER_OVERRATE_INDICATOR2_8051_OFFSET		OFFSET_SHIFT	0	0	9180
D	RTL8367D_METER_OVERRATE_INDICATOR2_8051_MASK		MASK	0xFF	255	9181
D	RTL8367D_REG_METER_IFG_CTRL0		REGISTER	0x1712	5906	9183
D	RTL8367D_METER15_IFG_OFFSET		OFFSET_SHIFT	15	15	9184
D	RTL8367D_METER15_IFG_MASK		MASK	0x8000	32768	9185
D	RTL8367D_METER14_IFG_OFFSET		OFFSET_SHIFT	14	14	9186
D	RTL8367D_METER14_IFG_MASK		MASK	0x4000	16384	9187
D	RTL8367D_METER13_IFG_OFFSET		OFFSET_SHIFT	13	13	9188
D	RTL8367D_METER13_IFG_MASK		MASK	0x2000	8192	9189
D	RTL8367D_METER12_IFG_OFFSET		OFFSET_SHIFT	12	12	9190
D	RTL8367D_METER12_IFG_MASK		MASK	0x1000	4096	9191
D	RTL8367D_METER11_IFG_OFFSET		OFFSET_SHIFT	11	11	9192
D	RTL8367D_METER11_IFG_MASK		MASK	0x800	2048	9193
D	RTL8367D_METER10_IFG_OFFSET		OFFSET_SHIFT	10	10	9194
D	RTL8367D_METER10_IFG_MASK		MASK	0x400	1024	9195
D	RTL8367D_METER9_IFG_OFFSET		OFFSET_SHIFT	9	9	9196
D	RTL8367D_METER9_IFG_MASK		MASK	0x200	512	9197
D	RTL8367D_METER8_IFG_OFFSET		OFFSET_SHIFT	8	8	9198
D	RTL8367D_METER8_IFG_MASK		MASK	0x100	256	9199
D	RTL8367D_METER7_IFG_OFFSET		OFFSET_SHIFT	7	7	9200
D	RTL8367D_METER7_IFG_MASK		MASK	0x80	128	9201
D	RTL8367D_METER6_IFG_OFFSET		OFFSET_SHIFT	6	6	9202
D	RTL8367D_METER6_IFG_MASK		MASK	0x40	64	9203
D	RTL8367D_METER5_IFG_OFFSET		OFFSET_SHIFT	5	5	9204
D	RTL8367D_METER5_IFG_MASK		MASK	0x20	32	9205
D	RTL8367D_METER4_IFG_OFFSET		OFFSET_SHIFT	4	4	9206
D	RTL8367D_METER4_IFG_MASK		MASK	0x10	16	9207
D	RTL8367D_METER3_IFG_OFFSET		OFFSET_SHIFT	3	3	9208
D	RTL8367D_METER3_IFG_MASK		MASK	0x8	8	9209
D	RTL8367D_METER2_IFG_OFFSET		OFFSET_SHIFT	2	2	9210
D	RTL8367D_METER2_IFG_MASK		MASK	0x4	4	9211
D	RTL8367D_METER1_IFG_OFFSET		OFFSET_SHIFT	1	1	9212
D	RTL8367D_METER1_IFG_MASK		MASK	0x2	2	9213
D	RTL8367D_METER0_IFG_OFFSET		OFFSET_SHIFT	0	0	9214
D	RTL8367D_METER0_IFG_MASK		MASK	0x1	1	9215
D	RTL8367D_REG_METER_IFG_CTRL1		REGISTER	0x1713	5907	9217
D	RTL8367D_METER31_IFG_OFFSET		OFFSET_SHIFT	15	15	9218
D	RTL8367D_METER31_IFG_MASK		MASK	0x8000	32768	9219
D	RTL8367D_METER30_IFG_OFFSET		OFFSET_SHIFT	14	14	9220
D	RTL8367D_METER30_IFG_MASK		MASK	0x4000	16384	9221
D	RTL8367D_METER29_IFG_OFFSET		OFFSET_SHIFT	13	13	9222
D	RTL8367D_METER29_IFG_MASK		MASK	0x2000	8192	9223
D	RTL8367D_METER28_IFG_OFFSET		OFFSET_SHIFT	12	12	9224
D	RTL8367D_METER28_IFG_MASK		MASK	0x1000	4096	9225
D	RTL8367D_METER27_IFG_OFFSET		OFFSET_SHIFT	11	11	9226
D	RTL8367D_METER27_IFG_MASK		MASK	0x800	2048	9227
D	RTL8367D_METER26_IFG_OFFSET		OFFSET_SHIFT	10	10	9228
D	RTL8367D_METER26_IFG_MASK		MASK	0x400	1024	9229
D	RTL8367D_METER25_IFG_OFFSET		OFFSET_SHIFT	9	9	9230
D	RTL8367D_METER25_IFG_MASK		MASK	0x200	512	9231
D	RTL8367D_METER24_IFG_OFFSET		OFFSET_SHIFT	8	8	9232
D	RTL8367D_METER24_IFG_MASK		MASK	0x100	256	9233
D	RTL8367D_METER23_IFG_OFFSET		OFFSET_SHIFT	7	7	9234
D	RTL8367D_METER23_IFG_MASK		MASK	0x80	128	9235
D	RTL8367D_METER22_IFG_OFFSET		OFFSET_SHIFT	6	6	9236
D	RTL8367D_METER22_IFG_MASK		MASK	0x40	64	9237
D	RTL8367D_METER21_IFG_OFFSET		OFFSET_SHIFT	5	5	9238
D	RTL8367D_METER21_IFG_MASK		MASK	0x20	32	9239
D	RTL8367D_METER20_IFG_OFFSET		OFFSET_SHIFT	4	4	9240
D	RTL8367D_METER20_IFG_MASK		MASK	0x10	16	9241
D	RTL8367D_METER19_IFG_OFFSET		OFFSET_SHIFT	3	3	9242
D	RTL8367D_METER19_IFG_MASK		MASK	0x8	8	9243
D	RTL8367D_METER18_IFG_OFFSET		OFFSET_SHIFT	2	2	9244
D	RTL8367D_METER18_IFG_MASK		MASK	0x4	4	9245
D	RTL8367D_METER17_IFG_OFFSET		OFFSET_SHIFT	1	1	9246
D	RTL8367D_METER17_IFG_MASK		MASK	0x2	2	9247
D	RTL8367D_METER16_IFG_OFFSET		OFFSET_SHIFT	0	0	9248
D	RTL8367D_METER16_IFG_MASK		MASK	0x1	1	9249
D	RTL8367D_REG_METER_IFG_CTRL2		REGISTER	0x1714	5908	9251
D	RTL8367D_METER39_IFG_OFFSET		OFFSET_SHIFT	7	7	9252
D	RTL8367D_METER39_IFG_MASK		MASK	0x80	128	9253
D	RTL8367D_METER38_IFG_OFFSET		OFFSET_SHIFT	6	6	9254
D	RTL8367D_METER38_IFG_MASK		MASK	0x40	64	9255
D	RTL8367D_METER37_IFG_OFFSET		OFFSET_SHIFT	5	5	9256
D	RTL8367D_METER37_IFG_MASK		MASK	0x20	32	9257
D	RTL8367D_METER36_IFG_OFFSET		OFFSET_SHIFT	4	4	9258
D	RTL8367D_METER36_IFG_MASK		MASK	0x10	16	9259
D	RTL8367D_METER35_IFG_OFFSET		OFFSET_SHIFT	3	3	9260
D	RTL8367D_METER35_IFG_MASK		MASK	0x8	8	9261
D	RTL8367D_METER34_IFG_OFFSET		OFFSET_SHIFT	2	2	9262
D	RTL8367D_METER34_IFG_MASK		MASK	0x4	4	9263
D	RTL8367D_METER33_IFG_OFFSET		OFFSET_SHIFT	1	1	9264
D	RTL8367D_METER33_IFG_MASK		MASK	0x2	2	9265
D	RTL8367D_METER32_IFG_OFFSET		OFFSET_SHIFT	0	0	9266
D	RTL8367D_METER32_IFG_MASK		MASK	0x1	1	9267
D	RTL8367D_REG_METER_CTRL2		REGISTER	0x1722	5922	9269
D	RTL8367D_cfg_mtr_tick_8g_OFFSET		OFFSET_SHIFT	8	8	9270
D	RTL8367D_cfg_mtr_tick_8g_MASK		MASK	0xFF00	65280	9271
D	RTL8367D_cfg_mtr_dec_cnt_8g_OFFSET		OFFSET_SHIFT	0	0	9272
D	RTL8367D_cfg_mtr_dec_cnt_8g_MASK		MASK	0xFF	255	9273
D	RTL8367D_REG_METER_CTRL3		REGISTER	0x1723	5923	9275
D	RTL8367D_cfg_mtr_tick_2hsg_OFFSET		OFFSET_SHIFT	8	8	9276
D	RTL8367D_cfg_mtr_tick_2hsg_MASK		MASK	0xFF00	65280	9277
D	RTL8367D_cfg_mtr_dec_cnt_2hsg_OFFSET		OFFSET_SHIFT	0	0	9278
D	RTL8367D_cfg_mtr_dec_cnt_2hsg_MASK		MASK	0xFF	255	9279
D	RTL8367D_REG_RLDP_CTRL0		REGISTER	0x18e0	6368	9283
D	RTL8367D_RLDP_TRIGGER_MODE_OFFSET		OFFSET_SHIFT	14	14	9284
D	RTL8367D_RLDP_TRIGGER_MODE_MASK		MASK	0x4000	16384	9285
D	RTL8367D_RLDP_FRC_LOOP_PORTMSK_OFFSET		OFFSET_SHIFT	6	6	9286
D	RTL8367D_RLDP_FRC_LOOP_PORTMSK_MASK		MASK	0x3FC0	16320	9287
D	RTL8367D_RLDP_GEN_RANDOM_OFFSET		OFFSET_SHIFT	3	3	9288
D	RTL8367D_RLDP_GEN_RANDOM_MASK		MASK	0x8	8	9289
D	RTL8367D_RLDP_COMP_ID_OFFSET		OFFSET_SHIFT	2	2	9290
D	RTL8367D_RLDP_COMP_ID_MASK		MASK	0x4	4	9291
D	RTL8367D_RLDP_ENABLE_OFFSET		OFFSET_SHIFT	0	0	9292
D	RTL8367D_RLDP_ENABLE_MASK		MASK	0x1	1	9293
D	RTL8367D_REG_RLDP_CTRL1		REGISTER	0x18e1	6369	9295
D	RTL8367D_RLDP_RETRY_COUNT_LOOPSTATE_OFFSET		OFFSET_SHIFT	8	8	9296
D	RTL8367D_RLDP_RETRY_COUNT_LOOPSTATE_MASK		MASK	0xFF00	65280	9297
D	RTL8367D_RLDP_RETRY_COUNT_CHKSTATE_OFFSET		OFFSET_SHIFT	0	0	9298
D	RTL8367D_RLDP_RETRY_COUNT_CHKSTATE_MASK		MASK	0xFF	255	9299
D	RTL8367D_REG_RLDP_CTRL2		REGISTER	0x18e2	6370	9301
D	RTL8367D_REG_RLDP_CTRL3		REGISTER	0x18e3	6371	9303
D	RTL8367D_REG_RLDP_CTRL4		REGISTER	0x18e4	6372	9305
D	RTL8367D_RLDP_CTRL4_OFFSET		OFFSET_SHIFT	0	0	9306
D	RTL8367D_RLDP_CTRL4_MASK		MASK	0xFF	255	9307
D	RTL8367D_REG_RLDP_RAND_NUM0		REGISTER	0x18e5	6373	9309
D	RTL8367D_REG_RLDP_RAND_NUM1		REGISTER	0x18e6	6374	9311
D	RTL8367D_REG_RLDP_RAND_NUM2		REGISTER	0x18e7	6375	9313
D	RTL8367D_REG_RLDP_MAGIC_NUM0		REGISTER	0x18e8	6376	9315
D	RTL8367D_REG_RLDP_MAGIC_NUM1		REGISTER	0x18e9	6377	9317
D	RTL8367D_REG_RLDP_MAGIC_NUM2		REGISTER	0x18ea	6378	9319
D	RTL8367D_REG_RLDP_LOOPED_INDICATOR		REGISTER	0x18eb	6379	9321
D	RTL8367D_RLDP_LOOPED_INDICATOR_OFFSET		OFFSET_SHIFT	0	0	9322
D	RTL8367D_RLDP_LOOPED_INDICATOR_MASK		MASK	0xFF	255	9323
D	RTL8367D_REG_RLDP_LOOP_PORT_REG0		REGISTER	0x18ec	6380	9325
D	RTL8367D_RLDP_LOOP_PORT_01_OFFSET		OFFSET_SHIFT	8	8	9326
D	RTL8367D_RLDP_LOOP_PORT_01_MASK		MASK	0x700	1792	9327
D	RTL8367D_RLDP_LOOP_PORT_00_OFFSET		OFFSET_SHIFT	0	0	9328
D	RTL8367D_RLDP_LOOP_PORT_00_MASK		MASK	0x7	7	9329
D	RTL8367D_REG_RLDP_LOOP_PORT_REG1		REGISTER	0x18ed	6381	9331
D	RTL8367D_RLDP_LOOP_PORT_03_OFFSET		OFFSET_SHIFT	8	8	9332
D	RTL8367D_RLDP_LOOP_PORT_03_MASK		MASK	0x700	1792	9333
D	RTL8367D_RLDP_LOOP_PORT_02_OFFSET		OFFSET_SHIFT	0	0	9334
D	RTL8367D_RLDP_LOOP_PORT_02_MASK		MASK	0x7	7	9335
D	RTL8367D_REG_RLDP_LOOP_PORT_REG2		REGISTER	0x18ee	6382	9337
D	RTL8367D_RLDP_LOOP_PORT_05_OFFSET		OFFSET_SHIFT	8	8	9338
D	RTL8367D_RLDP_LOOP_PORT_05_MASK		MASK	0x700	1792	9339
D	RTL8367D_RLDP_LOOP_PORT_04_OFFSET		OFFSET_SHIFT	0	0	9340
D	RTL8367D_RLDP_LOOP_PORT_04_MASK		MASK	0x7	7	9341
D	RTL8367D_REG_RLDP_LOOP_PORT_REG3		REGISTER	0x18ef	6383	9343
D	RTL8367D_RLDP_LOOP_PORT_07_OFFSET		OFFSET_SHIFT	8	8	9344
D	RTL8367D_RLDP_LOOP_PORT_07_MASK		MASK	0x700	1792	9345
D	RTL8367D_RLDP_LOOP_PORT_06_OFFSET		OFFSET_SHIFT	0	0	9346
D	RTL8367D_RLDP_LOOP_PORT_06_MASK		MASK	0x7	7	9347
D	RTL8367D_REG_RLDP_RELEASED_INDICATOR		REGISTER	0x18f0	6384	9349
D	RTL8367D_RLDP_RELEASED_INDICATOR_OFFSET		OFFSET_SHIFT	0	0	9350
D	RTL8367D_RLDP_RELEASED_INDICATOR_MASK		MASK	0xFF	255	9351
D	RTL8367D_REG_RLDP_LOOPSTATUS_INDICATOR		REGISTER	0x18f1	6385	9353
D	RTL8367D_RLDP_LOOPSTATUS_INDICATOR_OFFSET		OFFSET_SHIFT	0	0	9354
D	RTL8367D_RLDP_LOOPSTATUS_INDICATOR_MASK		MASK	0xFF	255	9355
D	RTL8367D_REG_REG_MULTIWAKE		REGISTER	0x1920	6432	9359
D	RTL8367D_MULTIWAKE_TIME_UNIT_OFFSET		OFFSET_SHIFT	6	6	9360
D	RTL8367D_MULTIWAKE_TIME_UNIT_MASK		MASK	0xC0	192	9361
D	RTL8367D_MULTIWAKE_PORTS_OFFSET		OFFSET_SHIFT	3	3	9362
D	RTL8367D_MULTIWAKE_PORTS_MASK		MASK	0x38	56	9363
D	RTL8367D_MULTIWAKE_INTLV_OFFSET		OFFSET_SHIFT	1	1	9364
D	RTL8367D_MULTIWAKE_INTLV_MASK		MASK	0x6	6	9365
D	RTL8367D_MULTIWAKE_EN_OFFSET		OFFSET_SHIFT	0	0	9366
D	RTL8367D_MULTIWAKE_EN_MASK		MASK	0x1	1	9367
D	RTL8367D_REG_REG_EEE_MISC		REGISTER	0x1921	6433	9369
D	RTL8367D_EEE_WAIT_RX_INACTIVE_2P5G_OFFSET		OFFSET_SHIFT	7	7	9370
D	RTL8367D_EEE_WAIT_RX_INACTIVE_2P5G_MASK		MASK	0x80	128	9371
D	RTL8367D_EEE_WAIT_RX_INACTIVE_GE_OFFSET		OFFSET_SHIFT	6	6	9372
D	RTL8367D_EEE_WAIT_RX_INACTIVE_GE_MASK		MASK	0x40	64	9373
D	RTL8367D_EEE_WAIT_RX_INACTIVE_GELITE_OFFSET		OFFSET_SHIFT	5	5	9374
D	RTL8367D_EEE_WAIT_RX_INACTIVE_GELITE_MASK		MASK	0x20	32	9375
D	RTL8367D_EEE_EN_FC_EFCT_OFFSET		OFFSET_SHIFT	4	4	9376
D	RTL8367D_EEE_EN_FC_EFCT_MASK		MASK	0x10	16	9377
D	RTL8367D_EEE_REF_RXLPI_OFFSET		OFFSET_SHIFT	3	3	9378
D	RTL8367D_EEE_REF_RXLPI_MASK		MASK	0x8	8	9379
D	RTL8367D_EEE_LINK_UP_DELAY_OFFSET		OFFSET_SHIFT	1	1	9380
D	RTL8367D_EEE_LINK_UP_DELAY_MASK		MASK	0x6	6	9381
D	RTL8367D_EEE_TX_WAKE_SEL_OFFSET		OFFSET_SHIFT	0	0	9382
D	RTL8367D_EEE_TX_WAKE_SEL_MASK		MASK	0x1	1	9383
D	RTL8367D_REG_REG_EEE_TX_LPI_MINIPG_GELITE		REGISTER	0x1922	6434	9385
D	RTL8367D_REG_REG_EEE_TX_LPI_MINIPG_FE		REGISTER	0x1923	6435	9387
D	RTL8367D_REG_REG_EEE_TX_LPI_MINIPG_2P5G		REGISTER	0x1924	6436	9389
D	RTL8367D_REG_REG_EEE_TX_LPI_MINIPG_GE		REGISTER	0x1925	6437	9391
D	RTL8367D_REG_REG_EEE_WAIT_RX_INACTIVE_TIMER_2P5G		REGISTER	0x1926	6438	9393
D	RTL8367D_REG_EEE_WAIT_RX_INACTIVE_TIMER_2P5G_OFFSET		REGISTER	0	0	9394
D	RTL8367D_REG_EEE_WAIT_RX_INACTIVE_TIMER_2P5G_MASK		REGISTER	0xFF	255	9395
D	RTL8367D_REG_REG_EEE_WAIT_RX_INACTIVE_TIMER		REGISTER	0x1927	6439	9397
D	RTL8367D_EEE_WAIT_RX_INACTIVE_TIMER_GE_OFFSET		OFFSET_SHIFT	8	8	9398
D	RTL8367D_EEE_WAIT_RX_INACTIVE_TIMER_GE_MASK		MASK	0xFF00	65280	9399
D	RTL8367D_EEE_WAIT_RX_INACTIVE_TIMER_GELITE_OFFSET		OFFSET_SHIFT	0	0	9400
D	RTL8367D_EEE_WAIT_RX_INACTIVE_TIMER_GELITE_MASK		MASK	0xFF	255	9401
D	RTL8367D_REG_REG_EEE_LOW_Q_TX_DELAY_FE		REGISTER	0x1928	6440	9403
D	RTL8367D_REG_EEE_LOW_Q_TX_DELAY_FE_OFFSET		REGISTER	0	0	9404
D	RTL8367D_REG_EEE_LOW_Q_TX_DELAY_FE_MASK		REGISTER	0xFFF	4095	9405
D	RTL8367D_REG_REG_EEE_TX_WAKE_TIMER_FE		REGISTER	0x1929	6441	9407
D	RTL8367D_REG_EEE_TX_WAKE_TIMER_FE_OFFSET		REGISTER	0	0	9408
D	RTL8367D_REG_EEE_TX_WAKE_TIMER_FE_MASK		REGISTER	0xFF	255	9409
D	RTL8367D_REG_REG_EEE_LOW_Q_TX_DELAY_GELITE		REGISTER	0x192a	6442	9411
D	RTL8367D_REG_EEE_LOW_Q_TX_DELAY_GELITE_OFFSET		REGISTER	0	0	9412
D	RTL8367D_REG_EEE_LOW_Q_TX_DELAY_GELITE_MASK		REGISTER	0xFFF	4095	9413
D	RTL8367D_REG_REG_EEE_TX_WAKE_TIMER_GELITE		REGISTER	0x192b	6443	9415
D	RTL8367D_EEE_TX_PAUSE_WAKE_TIMER_GELITE_OFFSET		OFFSET_SHIFT	8	8	9416
D	RTL8367D_EEE_TX_PAUSE_WAKE_TIMER_GELITE_MASK		MASK	0xFF00	65280	9417
D	RTL8367D_EEE_TX_WAKE_TIMER_GELITE_OFFSET		OFFSET_SHIFT	0	0	9418
D	RTL8367D_EEE_TX_WAKE_TIMER_GELITE_MASK		MASK	0xFF	255	9419
D	RTL8367D_REG_REG_EEE_LOW_Q_TX_DELAY_GE		REGISTER	0x192c	6444	9421
D	RTL8367D_REG_EEE_LOW_Q_TX_DELAY_GE_OFFSET		REGISTER	0	0	9422
D	RTL8367D_REG_EEE_LOW_Q_TX_DELAY_GE_MASK		REGISTER	0xFFF	4095	9423
D	RTL8367D_REG_REG_EEE_TX_WAKE_TIMER_GE		REGISTER	0x192d	6445	9425
D	RTL8367D_EEE_TX_PAUSE_WAKE_TIMER_GE_OFFSET		OFFSET_SHIFT	8	8	9426
D	RTL8367D_EEE_TX_PAUSE_WAKE_TIMER_GE_MASK		MASK	0xFF00	65280	9427
D	RTL8367D_EEE_TX_WAKE_TIMER_GE_OFFSET		OFFSET_SHIFT	0	0	9428
D	RTL8367D_EEE_TX_WAKE_TIMER_GE_MASK		MASK	0xFF	255	9429
D	RTL8367D_REG_REG_EEE_LOW_Q_TX_DELAY_2P5G		REGISTER	0x192e	6446	9431
D	RTL8367D_REG_EEE_LOW_Q_TX_DELAY_2P5G_OFFSET		REGISTER	0	0	9432
D	RTL8367D_REG_EEE_LOW_Q_TX_DELAY_2P5G_MASK		REGISTER	0xFFF	4095	9433
D	RTL8367D_REG_REG_EEE_TX_WAKE_TIMER_2P5G		REGISTER	0x192f	6447	9435
D	RTL8367D_EEE_TX_PAUSE_WAKE_TIMER_2P5G_OFFSET		OFFSET_SHIFT	8	8	9436
D	RTL8367D_EEE_TX_PAUSE_WAKE_TIMER_2P5G_MASK		MASK	0xFF00	65280	9437
D	RTL8367D_EEE_TX_WAKE_TIMER_2P5G_OFFSET		OFFSET_SHIFT	0	0	9438
D	RTL8367D_EEE_TX_WAKE_TIMER_2P5G_MASK		MASK	0xFF	255	9439
D	RTL8367D_REG_LED_SYS_CONFIG		REGISTER	0x1b00	6912	9443
D	RTL8367D_LED_SYS_CONFIG_DUMMY_15_OFFSET		OFFSET_SHIFT	15	15	9444
D	RTL8367D_LED_SYS_CONFIG_DUMMY_15_MASK		MASK	0x8000	32768	9445
D	RTL8367D_LED_SERIAL_OUT_MODE_OFFSET		OFFSET_SHIFT	14	14	9446
D	RTL8367D_LED_SERIAL_OUT_MODE_MASK		MASK	0x4000	16384	9447
D	RTL8367D_LED_EEE_LPI_MODE_OFFSET		OFFSET_SHIFT	13	13	9448
D	RTL8367D_LED_EEE_LPI_MODE_MASK		MASK	0x2000	8192	9449
D	RTL8367D_LED_EEE_LPI_EN_OFFSET		OFFSET_SHIFT	12	12	9450
D	RTL8367D_LED_EEE_LPI_EN_MASK		MASK	0x1000	4096	9451
D	RTL8367D_LED_EEE_LPI_10_OFFSET		OFFSET_SHIFT	11	11	9452
D	RTL8367D_LED_EEE_LPI_10_MASK		MASK	0x800	2048	9453
D	RTL8367D_LED_EEE_CAP_10_OFFSET		OFFSET_SHIFT	10	10	9454
D	RTL8367D_LED_EEE_CAP_10_MASK		MASK	0x400	1024	9455
D	RTL8367D_LED_LPI_SEL_OFFSET		OFFSET_SHIFT	8	8	9456
D	RTL8367D_LED_LPI_SEL_MASK		MASK	0x300	768	9457
D	RTL8367D_SERI_LED_ACT_LOW_OFFSET		OFFSET_SHIFT	7	7	9458
D	RTL8367D_SERI_LED_ACT_LOW_MASK		MASK	0x80	128	9459
D	RTL8367D_LED_POWERON_2_OFFSET		OFFSET_SHIFT	6	6	9460
D	RTL8367D_LED_POWERON_2_MASK		MASK	0x40	64	9461
D	RTL8367D_LED_POWERON_1_OFFSET		OFFSET_SHIFT	5	5	9462
D	RTL8367D_LED_POWERON_1_MASK		MASK	0x20	32	9463
D	RTL8367D_LED_POWERON_0_OFFSET		OFFSET_SHIFT	4	4	9464
D	RTL8367D_LED_POWERON_0_MASK		MASK	0x10	16	9465
D	RTL8367D_LED_IO_DISABLE_OFFSET		OFFSET_SHIFT	3	3	9466
D	RTL8367D_LED_IO_DISABLE_MASK		MASK	0x8	8	9467
D	RTL8367D_DUMMY_2_OFFSET		OFFSET_SHIFT	2	2	9468
D	RTL8367D_DUMMY_2_MASK		MASK	0x4	4	9469
D	RTL8367D_LED_SERIAL2_OFFSET		OFFSET_SHIFT	1	1	9470
D	RTL8367D_LED_SERIAL2_MASK		MASK	0x2	2	9471
D	RTL8367D_LED_SELECT_OFFSET		OFFSET_SHIFT	0	0	9472
D	RTL8367D_LED_SELECT_MASK		MASK	0x1	1	9473
D	RTL8367D_REG_LED_SYS_CONFIG2		REGISTER	0x1b01	6913	9475
D	RTL8367D_LED_SYS_CONFIG2_DUMMY_OFFSET		OFFSET_SHIFT	2	2	9476
D	RTL8367D_LED_SYS_CONFIG2_DUMMY_MASK		MASK	0xFFFC	65532	9477
D	RTL8367D_GATE_LPTD_BYPASS_OFFSET		OFFSET_SHIFT	1	1	9478
D	RTL8367D_GATE_LPTD_BYPASS_MASK		MASK	0x2	2	9479
D	RTL8367D_LED_SPD_MODE_OFFSET		OFFSET_SHIFT	0	0	9480
D	RTL8367D_LED_SPD_MODE_MASK		MASK	0x1	1	9481
D	RTL8367D_REG_LED_MODE		REGISTER	0x1b02	6914	9483
D	RTL8367D_DLINK_TIME_OFFSET		OFFSET_SHIFT	15	15	9484
D	RTL8367D_DLINK_TIME_MASK		MASK	0x8000	32768	9485
D	RTL8367D_LED_BUZZ_DUTY_OFFSET		OFFSET_SHIFT	14	14	9486
D	RTL8367D_LED_BUZZ_DUTY_MASK		MASK	0x4000	16384	9487
D	RTL8367D_BUZZER_RATE_OFFSET		OFFSET_SHIFT	12	12	9488
D	RTL8367D_BUZZER_RATE_MASK		MASK	0x3000	12288	9489
D	RTL8367D_LOOP_DETECT_MODE_OFFSET		OFFSET_SHIFT	11	11	9490
D	RTL8367D_LOOP_DETECT_MODE_MASK		MASK	0x800	2048	9491
D	RTL8367D_SEL_PWRON_TIME_OFFSET		OFFSET_SHIFT	9	9	9492
D	RTL8367D_SEL_PWRON_TIME_MASK		MASK	0x600	1536	9493
D	RTL8367D_EN_DLINK_LED_OFFSET		OFFSET_SHIFT	8	8	9494
D	RTL8367D_EN_DLINK_LED_MASK		MASK	0x100	256	9495
D	RTL8367D_LOOP_DETECT_RATE_OFFSET		OFFSET_SHIFT	6	6	9496
D	RTL8367D_LOOP_DETECT_RATE_MASK		MASK	0xC0	192	9497
D	RTL8367D_FORCE_RATE_OFFSET		OFFSET_SHIFT	4	4	9498
D	RTL8367D_FORCE_RATE_MASK		MASK	0x30	48	9499
D	RTL8367D_SEL_LEDRATE_OFFSET		OFFSET_SHIFT	1	1	9500
D	RTL8367D_SEL_LEDRATE_MASK		MASK	0xE	14	9501
D	RTL8367D_SPEED_UP_OFFSET		OFFSET_SHIFT	0	0	9502
D	RTL8367D_SPEED_UP_MASK		MASK	0x1	1	9503
D	RTL8367D_REG_LED_CONFIGURATION		REGISTER	0x1b03	6915	9505
D	RTL8367D_LED_CONFIGURATION_DUMMY_OFFSET		OFFSET_SHIFT	15	15	9506
D	RTL8367D_LED_CONFIGURATION_DUMMY_MASK		MASK	0x8000	32768	9507
D	RTL8367D_LED_CONFIG_SEL_OFFSET		OFFSET_SHIFT	14	14	9508
D	RTL8367D_LED_CONFIG_SEL_MASK		MASK	0x4000	16384	9509
D	RTL8367D_DATA_LED_OFFSET		OFFSET_SHIFT	12	12	9510
D	RTL8367D_DATA_LED_MASK		MASK	0x3000	12288	9511
D	RTL8367D_LED2_CFG_OFFSET		OFFSET_SHIFT	8	8	9512
D	RTL8367D_LED2_CFG_MASK		MASK	0xF00	3840	9513
D	RTL8367D_LED1_CFG_OFFSET		OFFSET_SHIFT	4	4	9514
D	RTL8367D_LED1_CFG_MASK		MASK	0xF0	240	9515
D	RTL8367D_LED0_CFG_OFFSET		OFFSET_SHIFT	0	0	9516
D	RTL8367D_LED0_CFG_MASK		MASK	0xF	15	9517
D	RTL8367D_REG_RTCT_RESULTS_CFG		REGISTER	0x1b04	6916	9519
D	RTL8367D_RTCT_2PAIR_FTT_OFFSET		OFFSET_SHIFT	15	15	9520
D	RTL8367D_RTCT_2PAIR_FTT_MASK		MASK	0x8000	32768	9521
D	RTL8367D_RTCT_2PAIR_MODE_OFFSET		OFFSET_SHIFT	14	14	9522
D	RTL8367D_RTCT_2PAIR_MODE_MASK		MASK	0x4000	16384	9523
D	RTL8367D_BLINK_EN_OFFSET		OFFSET_SHIFT	13	13	9524
D	RTL8367D_BLINK_EN_MASK		MASK	0x2000	8192	9525
D	RTL8367D_TIMEOUT_OFFSET		OFFSET_SHIFT	12	12	9526
D	RTL8367D_TIMEOUT_MASK		MASK	0x1000	4096	9527
D	RTL8367D_EN_CD_SAME_SHORT_OFFSET		OFFSET_SHIFT	11	11	9528
D	RTL8367D_EN_CD_SAME_SHORT_MASK		MASK	0x800	2048	9529
D	RTL8367D_EN_CD_SAME_OPEN_OFFSET		OFFSET_SHIFT	10	10	9530
D	RTL8367D_EN_CD_SAME_OPEN_MASK		MASK	0x400	1024	9531
D	RTL8367D_EN_CD_SAME_MISMATCH_OFFSET		OFFSET_SHIFT	9	9	9532
D	RTL8367D_EN_CD_SAME_MISMATCH_MASK		MASK	0x200	512	9533
D	RTL8367D_EN_CD_SAME_LINEDRIVER_OFFSET		OFFSET_SHIFT	8	8	9534
D	RTL8367D_EN_CD_SAME_LINEDRIVER_MASK		MASK	0x100	256	9535
D	RTL8367D_EN_CD_SHORT_OFFSET		OFFSET_SHIFT	7	7	9536
D	RTL8367D_EN_CD_SHORT_MASK		MASK	0x80	128	9537
D	RTL8367D_EN_AB_SHORT_OFFSET		OFFSET_SHIFT	6	6	9538
D	RTL8367D_EN_AB_SHORT_MASK		MASK	0x40	64	9539
D	RTL8367D_EN_CD_OPEN_OFFSET		OFFSET_SHIFT	5	5	9540
D	RTL8367D_EN_CD_OPEN_MASK		MASK	0x20	32	9541
D	RTL8367D_EN_AB_OPEN_OFFSET		OFFSET_SHIFT	4	4	9542
D	RTL8367D_EN_AB_OPEN_MASK		MASK	0x10	16	9543
D	RTL8367D_EN_CD_MISMATCH_OFFSET		OFFSET_SHIFT	3	3	9544
D	RTL8367D_EN_CD_MISMATCH_MASK		MASK	0x8	8	9545
D	RTL8367D_EN_AB_MISMATCH_OFFSET		OFFSET_SHIFT	2	2	9546
D	RTL8367D_EN_AB_MISMATCH_MASK		MASK	0x4	4	9547
D	RTL8367D_EN_CD_LINEDRIVER_OFFSET		OFFSET_SHIFT	1	1	9548
D	RTL8367D_EN_CD_LINEDRIVER_MASK		MASK	0x2	2	9549
D	RTL8367D_EN_AB_LINEDRIVER_OFFSET		OFFSET_SHIFT	0	0	9550
D	RTL8367D_EN_AB_LINEDRIVER_MASK		MASK	0x1	1	9551
D	RTL8367D_REG_RTCT_LED		REGISTER	0x1b05	6917	9553
D	RTL8367D_RTCT_LED_DUMMY_OFFSET		OFFSET_SHIFT	12	12	9554
D	RTL8367D_RTCT_LED_DUMMY_MASK		MASK	0xF000	61440	9555
D	RTL8367D_RTCT_LED2_OFFSET		OFFSET_SHIFT	8	8	9556
D	RTL8367D_RTCT_LED2_MASK		MASK	0xF00	3840	9557
D	RTL8367D_RTCT_LED1_OFFSET		OFFSET_SHIFT	4	4	9558
D	RTL8367D_RTCT_LED1_MASK		MASK	0xF0	240	9559
D	RTL8367D_RTCT_LED0_OFFSET		OFFSET_SHIFT	0	0	9560
D	RTL8367D_RTCT_LED0_MASK		MASK	0xF	15	9561
D	RTL8367D_REG_CPU_FORCE_LED_CFG		REGISTER	0x1b07	6919	9563
D	RTL8367D_CPU_FORCE_LED_CFG_DUMMY_OFFSET		OFFSET_SHIFT	8	8	9564
D	RTL8367D_CPU_FORCE_LED_CFG_DUMMY_MASK		MASK	0xFF00	65280	9565
D	RTL8367D_LED_FORCE_MODE_OFFSET		OFFSET_SHIFT	2	2	9566
D	RTL8367D_LED_FORCE_MODE_MASK		MASK	0xFC	252	9567
D	RTL8367D_FORCE_MODE_OFFSET		OFFSET_SHIFT	0	0	9568
D	RTL8367D_FORCE_MODE_MASK		MASK	0x3	3	9569
D	RTL8367D_REG_CPU_FORCE_LED0_CFG0		REGISTER	0x1b08	6920	9571
D	RTL8367D_PORT7_LED0_MODE_OFFSET		OFFSET_SHIFT	14	14	9572
D	RTL8367D_PORT7_LED0_MODE_MASK		MASK	0xC000	49152	9573
D	RTL8367D_PORT6_LED0_MODE_OFFSET		OFFSET_SHIFT	12	12	9574
D	RTL8367D_PORT6_LED0_MODE_MASK		MASK	0x3000	12288	9575
D	RTL8367D_PORT5_LED0_MODE_OFFSET		OFFSET_SHIFT	10	10	9576
D	RTL8367D_PORT5_LED0_MODE_MASK		MASK	0xC00	3072	9577
D	RTL8367D_PORT4_LED0_MODE_OFFSET		OFFSET_SHIFT	8	8	9578
D	RTL8367D_PORT4_LED0_MODE_MASK		MASK	0x300	768	9579
D	RTL8367D_PORT3_LED0_MODE_OFFSET		OFFSET_SHIFT	6	6	9580
D	RTL8367D_PORT3_LED0_MODE_MASK		MASK	0xC0	192	9581
D	RTL8367D_PORT2_LED0_MODE_OFFSET		OFFSET_SHIFT	4	4	9582
D	RTL8367D_PORT2_LED0_MODE_MASK		MASK	0x30	48	9583
D	RTL8367D_PORT1_LED0_MODE_OFFSET		OFFSET_SHIFT	2	2	9584
D	RTL8367D_PORT1_LED0_MODE_MASK		MASK	0xC	12	9585
D	RTL8367D_PORT0_LED0_MODE_OFFSET		OFFSET_SHIFT	0	0	9586
D	RTL8367D_PORT0_LED0_MODE_MASK		MASK	0x3	3	9587
D	RTL8367D_REG_CPU_FORCE_LED1_CFG0		REGISTER	0x1b0a	6922	9589
D	RTL8367D_PORT7_LED1_MODE_OFFSET		OFFSET_SHIFT	14	14	9590
D	RTL8367D_PORT7_LED1_MODE_MASK		MASK	0xC000	49152	9591
D	RTL8367D_PORT6_LED1_MODE_OFFSET		OFFSET_SHIFT	12	12	9592
D	RTL8367D_PORT6_LED1_MODE_MASK		MASK	0x3000	12288	9593
D	RTL8367D_PORT5_LED1_MODE_OFFSET		OFFSET_SHIFT	10	10	9594
D	RTL8367D_PORT5_LED1_MODE_MASK		MASK	0xC00	3072	9595
D	RTL8367D_PORT4_LED1_MODE_OFFSET		OFFSET_SHIFT	8	8	9596
D	RTL8367D_PORT4_LED1_MODE_MASK		MASK	0x300	768	9597
D	RTL8367D_PORT3_LED1_MODE_OFFSET		OFFSET_SHIFT	6	6	9598
D	RTL8367D_PORT3_LED1_MODE_MASK		MASK	0xC0	192	9599
D	RTL8367D_PORT2_LED1_MODE_OFFSET		OFFSET_SHIFT	4	4	9600
D	RTL8367D_PORT2_LED1_MODE_MASK		MASK	0x30	48	9601
D	RTL8367D_PORT1_LED1_MODE_OFFSET		OFFSET_SHIFT	2	2	9602
D	RTL8367D_PORT1_LED1_MODE_MASK		MASK	0xC	12	9603
D	RTL8367D_PORT0_LED1_MODE_OFFSET		OFFSET_SHIFT	0	0	9604
D	RTL8367D_PORT0_LED1_MODE_MASK		MASK	0x3	3	9605
D	RTL8367D_REG_CPU_FORCE_LED2_CFG0		REGISTER	0x1b0c	6924	9607
D	RTL8367D_PORT7_LED2_MODE_OFFSET		OFFSET_SHIFT	14	14	9608
D	RTL8367D_PORT7_LED2_MODE_MASK		MASK	0xC000	49152	9609
D	RTL8367D_PORT6_LED2_MODE_OFFSET		OFFSET_SHIFT	12	12	9610
D	RTL8367D_PORT6_LED2_MODE_MASK		MASK	0x3000	12288	9611
D	RTL8367D_PORT5_LED2_MODE_OFFSET		OFFSET_SHIFT	10	10	9612
D	RTL8367D_PORT5_LED2_MODE_MASK		MASK	0xC00	3072	9613
D	RTL8367D_PORT4_LED2_MODE_OFFSET		OFFSET_SHIFT	8	8	9614
D	RTL8367D_PORT4_LED2_MODE_MASK		MASK	0x300	768	9615
D	RTL8367D_PORT3_LED2_MODE_OFFSET		OFFSET_SHIFT	6	6	9616
D	RTL8367D_PORT3_LED2_MODE_MASK		MASK	0xC0	192	9617
D	RTL8367D_PORT2_LED2_MODE_OFFSET		OFFSET_SHIFT	4	4	9618
D	RTL8367D_PORT2_LED2_MODE_MASK		MASK	0x30	48	9619
D	RTL8367D_PORT1_LED2_MODE_OFFSET		OFFSET_SHIFT	2	2	9620
D	RTL8367D_PORT1_LED2_MODE_MASK		MASK	0xC	12	9621
D	RTL8367D_PORT0_LED2_MODE_OFFSET		OFFSET_SHIFT	0	0	9622
D	RTL8367D_PORT0_LED2_MODE_MASK		MASK	0x3	3	9623
D	RTL8367D_REG_LED_ACTIVE_LOW_CFG0		REGISTER	0x1b0e	6926	9625
D	RTL8367D_LED_ACTIVE_LOW_CFG0_DUMMY_15_OFFSET		OFFSET_SHIFT	15	15	9626
D	RTL8367D_LED_ACTIVE_LOW_CFG0_DUMMY_15_MASK		MASK	0x8000	32768	9627
D	RTL8367D_PORT3_LED_ACTIVE_LOW_OFFSET		OFFSET_SHIFT	12	12	9628
D	RTL8367D_PORT3_LED_ACTIVE_LOW_MASK		MASK	0x7000	28672	9629
D	RTL8367D_LED_ACTIVE_LOW_CFG0_DUMMY_11_OFFSET		OFFSET_SHIFT	11	11	9630
D	RTL8367D_LED_ACTIVE_LOW_CFG0_DUMMY_11_MASK		MASK	0x800	2048	9631
D	RTL8367D_PORT2_LED_ACTIVE_LOW_OFFSET		OFFSET_SHIFT	8	8	9632
D	RTL8367D_PORT2_LED_ACTIVE_LOW_MASK		MASK	0x700	1792	9633
D	RTL8367D_LED_ACTIVE_LOW_CFG0_DUMMY_7_OFFSET		OFFSET_SHIFT	7	7	9634
D	RTL8367D_LED_ACTIVE_LOW_CFG0_DUMMY_7_MASK		MASK	0x80	128	9635
D	RTL8367D_PORT1_LED_ACTIVE_LOW_OFFSET		OFFSET_SHIFT	4	4	9636
D	RTL8367D_PORT1_LED_ACTIVE_LOW_MASK		MASK	0x70	112	9637
D	RTL8367D_LED_ACTIVE_LOW_CFG0_DUMMY_3_OFFSET		OFFSET_SHIFT	3	3	9638
D	RTL8367D_LED_ACTIVE_LOW_CFG0_DUMMY_3_MASK		MASK	0x8	8	9639
D	RTL8367D_PORT0_LED_ACTIVE_LOW_OFFSET		OFFSET_SHIFT	0	0	9640
D	RTL8367D_PORT0_LED_ACTIVE_LOW_MASK		MASK	0x7	7	9641
D	RTL8367D_REG_LED_ACTIVE_LOW_CFG1		REGISTER	0x1b0f	6927	9643
D	RTL8367D_LED_ACTIVE_LOW_CFG1_DUMMY_15_OFFSET		OFFSET_SHIFT	15	15	9644
D	RTL8367D_LED_ACTIVE_LOW_CFG1_DUMMY_15_MASK		MASK	0x8000	32768	9645
D	RTL8367D_PORT7_LED_ACTIVE_LOW_OFFSET		OFFSET_SHIFT	12	12	9646
D	RTL8367D_PORT7_LED_ACTIVE_LOW_MASK		MASK	0x7000	28672	9647
D	RTL8367D_LED_ACTIVE_LOW_CFG1_DUMMY_11_OFFSET		OFFSET_SHIFT	11	11	9648
D	RTL8367D_LED_ACTIVE_LOW_CFG1_DUMMY_11_MASK		MASK	0x800	2048	9649
D	RTL8367D_PORT6_LED_ACTIVE_LOW_OFFSET		OFFSET_SHIFT	8	8	9650
D	RTL8367D_PORT6_LED_ACTIVE_LOW_MASK		MASK	0x700	1792	9651
D	RTL8367D_LED_ACTIVE_LOW_CFG1_DUMMY_7_OFFSET		OFFSET_SHIFT	7	7	9652
D	RTL8367D_LED_ACTIVE_LOW_CFG1_DUMMY_7_MASK		MASK	0x80	128	9653
D	RTL8367D_PORT5_LED_ACTIVE_LOW_OFFSET		OFFSET_SHIFT	4	4	9654
D	RTL8367D_PORT5_LED_ACTIVE_LOW_MASK		MASK	0x70	112	9655
D	RTL8367D_LED_ACTIVE_LOW_CFG1_DUMMY_3_OFFSET		OFFSET_SHIFT	3	3	9656
D	RTL8367D_LED_ACTIVE_LOW_CFG1_DUMMY_3_MASK		MASK	0x8	8	9657
D	RTL8367D_PORT4_LED_ACTIVE_LOW_OFFSET		OFFSET_SHIFT	0	0	9658
D	RTL8367D_PORT4_LED_ACTIVE_LOW_MASK		MASK	0x7	7	9659
D	RTL8367D_REG_SEL_RTCT_PARA		REGISTER	0x1b21	6945	9661
D	RTL8367D_DO_RTCT_COMMAND_OFFSET		OFFSET_SHIFT	15	15	9662
D	RTL8367D_DO_RTCT_COMMAND_MASK		MASK	0x8000	32768	9663
D	RTL8367D_SEL_RTCT_PARA_DUMMY_OFFSET		OFFSET_SHIFT	12	12	9664
D	RTL8367D_SEL_RTCT_PARA_DUMMY_MASK		MASK	0x7000	28672	9665
D	RTL8367D_SEL_RTCT_RLSTLED_TIME_OFFSET		OFFSET_SHIFT	10	10	9666
D	RTL8367D_SEL_RTCT_RLSTLED_TIME_MASK		MASK	0xC00	3072	9667
D	RTL8367D_SEL_RTCT_TEST_LED_TIME_OFFSET		OFFSET_SHIFT	8	8	9668
D	RTL8367D_SEL_RTCT_TEST_LED_TIME_MASK		MASK	0x300	768	9669
D	RTL8367D_EN_SCAN_RTCT_OFFSET		OFFSET_SHIFT	7	7	9670
D	RTL8367D_EN_SCAN_RTCT_MASK		MASK	0x80	128	9671
D	RTL8367D_EN_RTCT_TIMOUT_OFFSET		OFFSET_SHIFT	6	6	9672
D	RTL8367D_EN_RTCT_TIMOUT_MASK		MASK	0x40	64	9673
D	RTL8367D_EN_ALL_RTCT_OFFSET		OFFSET_SHIFT	5	5	9674
D	RTL8367D_EN_ALL_RTCT_MASK		MASK	0x20	32	9675
D	RTL8367D_SEL_RTCT_PLE_WID_OFFSET		OFFSET_SHIFT	0	0	9676
D	RTL8367D_SEL_RTCT_PLE_WID_MASK		MASK	0x1F	31	9677
D	RTL8367D_REG_RTCT_ENABLE		REGISTER	0x1b22	6946	9679
D	RTL8367D_RTCT_ENABLE_DUMMY_OFFSET		OFFSET_SHIFT	5	5	9680
D	RTL8367D_RTCT_ENABLE_DUMMY_MASK		MASK	0xFFE0	65504	9681
D	RTL8367D_RTCT_ENABLE_PORT_MASK_OFFSET		MASK	0	0	9682
D	RTL8367D_RTCT_ENABLE_PORT_MASK_MASK		MASK	0x1F	31	9683
D	RTL8367D_REG_RTCT_TIMEOUT		REGISTER	0x1b23	6947	9685
D	RTL8367D_REG_PARA_LED_IO_EN1		REGISTER	0x1b24	6948	9687
D	RTL8367D_DUMMY_15_13_OFFSET		OFFSET_SHIFT	13	13	9688
D	RTL8367D_DUMMY_15_13_MASK		MASK	0xE000	57344	9689
D	RTL8367D_LED1_PARA_P04_00_OFFSET		OFFSET_SHIFT	8	8	9690
D	RTL8367D_LED1_PARA_P04_00_MASK		MASK	0x1F00	7936	9691
D	RTL8367D_DUMMY_7_5_OFFSET		OFFSET_SHIFT	5	5	9692
D	RTL8367D_DUMMY_7_5_MASK		MASK	0xE0	224	9693
D	RTL8367D_LED0_PARA_P04_00_OFFSET		OFFSET_SHIFT	0	0	9694
D	RTL8367D_LED0_PARA_P04_00_MASK		MASK	0x1F	31	9695
D	RTL8367D_REG_PARA_LED_IO_EN2		REGISTER	0x1b25	6949	9697
D	RTL8367D_DUMMY_15_5_OFFSET		OFFSET_SHIFT	5	5	9698
D	RTL8367D_DUMMY_15_5_MASK		MASK	0xFFE0	65504	9699
D	RTL8367D_LED2_PARA_P04_00_OFFSET		OFFSET_SHIFT	0	0	9700
D	RTL8367D_LED2_PARA_P04_00_MASK		MASK	0x1F	31	9701
D	RTL8367D_REG_SCAN0_LED_IO_EN		REGISTER	0x1b26	6950	9703
D	RTL8367D_SCAN0_LED_IO_EN_DUMMY_OFFSET		OFFSET_SHIFT	3	3	9704
D	RTL8367D_SCAN0_LED_IO_EN_DUMMY_MASK		MASK	0xFFF8	65528	9705
D	RTL8367D_LED_LOOP_DET_BUZZER_EN_OFFSET		OFFSET_SHIFT	2	2	9706
D	RTL8367D_LED_LOOP_DET_BUZZER_EN_MASK		MASK	0x4	4	9707
D	RTL8367D_LED_SERI_DATA_EN_OFFSET		OFFSET_SHIFT	1	1	9708
D	RTL8367D_LED_SERI_DATA_EN_MASK		MASK	0x2	2	9709
D	RTL8367D_LED_SERI_CLK_EN_OFFSET		OFFSET_SHIFT	0	0	9710
D	RTL8367D_LED_SERI_CLK_EN_MASK		MASK	0x1	1	9711
D	RTL8367D_REG_LPI_LED_OPT1		REGISTER	0x1b28	6952	9713
D	RTL8367D_LPI_TAG4_OFFSET		OFFSET_SHIFT	12	12	9714
D	RTL8367D_LPI_TAG4_MASK		MASK	0xF000	61440	9715
D	RTL8367D_LPI_TAG3_OFFSET		OFFSET_SHIFT	8	8	9716
D	RTL8367D_LPI_TAG3_MASK		MASK	0xF00	3840	9717
D	RTL8367D_LPI_TAG2_OFFSET		OFFSET_SHIFT	4	4	9718
D	RTL8367D_LPI_TAG2_MASK		MASK	0xF0	240	9719
D	RTL8367D_LPI_TAG1_OFFSET		OFFSET_SHIFT	0	0	9720
D	RTL8367D_LPI_TAG1_MASK		MASK	0xF	15	9721
D	RTL8367D_REG_LPI_LED_OPT2		REGISTER	0x1b29	6953	9723
D	RTL8367D_LPI_LED_OPT2_DUMMY_OFFSET		OFFSET_SHIFT	15	15	9724
D	RTL8367D_LPI_LED_OPT2_DUMMY_MASK		MASK	0x8000	32768	9725
D	RTL8367D_LPI_LED2_WEAK_OFFSET		OFFSET_SHIFT	14	14	9726
D	RTL8367D_LPI_LED2_WEAK_MASK		MASK	0x4000	16384	9727
D	RTL8367D_LPI_LED1_WEAK_OFFSET		OFFSET_SHIFT	13	13	9728
D	RTL8367D_LPI_LED1_WEAK_MASK		MASK	0x2000	8192	9729
D	RTL8367D_LPI_LED0_WEAK_OFFSET		OFFSET_SHIFT	12	12	9730
D	RTL8367D_LPI_LED0_WEAK_MASK		MASK	0x1000	4096	9731
D	RTL8367D_LPI_LED2_OFFSET		OFFSET_SHIFT	11	11	9732
D	RTL8367D_LPI_LED2_MASK		MASK	0x800	2048	9733
D	RTL8367D_LPI_LED1_OFFSET		OFFSET_SHIFT	10	10	9734
D	RTL8367D_LPI_LED1_MASK		MASK	0x400	1024	9735
D	RTL8367D_LPI_LED0_OFFSET		OFFSET_SHIFT	9	9	9736
D	RTL8367D_LPI_LED0_MASK		MASK	0x200	512	9737
D	RTL8367D_LPI_TAG8_OFFSET		OFFSET_SHIFT	8	8	9738
D	RTL8367D_LPI_TAG8_MASK		MASK	0x100	256	9739
D	RTL8367D_LPI_TAG7_OFFSET		OFFSET_SHIFT	6	6	9740
D	RTL8367D_LPI_TAG7_MASK		MASK	0xC0	192	9741
D	RTL8367D_LPI_TAG6_OFFSET		OFFSET_SHIFT	4	4	9742
D	RTL8367D_LPI_TAG6_MASK		MASK	0x30	48	9743
D	RTL8367D_LPI_TAG5_OFFSET		OFFSET_SHIFT	0	0	9744
D	RTL8367D_LPI_TAG5_MASK		MASK	0xF	15	9745
D	RTL8367D_REG_LPI_LED_OPT3		REGISTER	0x1b2a	6954	9747
D	RTL8367D_LPI_LED_OPT3_DUMMY_OFFSET		OFFSET_SHIFT	3	3	9748
D	RTL8367D_LPI_LED_OPT3_DUMMY_MASK		MASK	0xFFF8	65528	9749
D	RTL8367D_RESTORE_LED_RATE_SEL_OFFSET		OFFSET_SHIFT	1	1	9750
D	RTL8367D_RESTORE_LED_RATE_SEL_MASK		MASK	0x6	6	9751
D	RTL8367D_RESTORE_LED_SEL_OFFSET		OFFSET_SHIFT	0	0	9752
D	RTL8367D_RESTORE_LED_SEL_MASK		MASK	0x1	1	9753
D	RTL8367D_REG_P0_LED_MUX		REGISTER	0x1b2b	6955	9755
D	RTL8367D_P0_LED_MUX_DUMMY_OFFSET		OFFSET_SHIFT	15	15	9756
D	RTL8367D_P0_LED_MUX_DUMMY_MASK		MASK	0x8000	32768	9757
D	RTL8367D_CFG_P0_LED2_MUX_OFFSET		OFFSET_SHIFT	10	10	9758
D	RTL8367D_CFG_P0_LED2_MUX_MASK		MASK	0x7C00	31744	9759
D	RTL8367D_CFG_P0_LED1_MUX_OFFSET		OFFSET_SHIFT	5	5	9760
D	RTL8367D_CFG_P0_LED1_MUX_MASK		MASK	0x3E0	992	9761
D	RTL8367D_CFG_P0_LED0_MUX_OFFSET		OFFSET_SHIFT	0	0	9762
D	RTL8367D_CFG_P0_LED0_MUX_MASK		MASK	0x1F	31	9763
D	RTL8367D_REG_P1_LED_MUX		REGISTER	0x1b2c	6956	9765
D	RTL8367D_P1_LED_MUX_DUMMY_OFFSET		OFFSET_SHIFT	15	15	9766
D	RTL8367D_P1_LED_MUX_DUMMY_MASK		MASK	0x8000	32768	9767
D	RTL8367D_CFG_P1_LED2_MUX_OFFSET		OFFSET_SHIFT	10	10	9768
D	RTL8367D_CFG_P1_LED2_MUX_MASK		MASK	0x7C00	31744	9769
D	RTL8367D_CFG_P1_LED1_MUX_OFFSET		OFFSET_SHIFT	5	5	9770
D	RTL8367D_CFG_P1_LED1_MUX_MASK		MASK	0x3E0	992	9771
D	RTL8367D_CFG_P1_LED0_MUX_OFFSET		OFFSET_SHIFT	0	0	9772
D	RTL8367D_CFG_P1_LED0_MUX_MASK		MASK	0x1F	31	9773
D	RTL8367D_REG_P2_LED_MUX		REGISTER	0x1b2d	6957	9775
D	RTL8367D_P2_LED_MUX_DUMMY_OFFSET		OFFSET_SHIFT	15	15	9776
D	RTL8367D_P2_LED_MUX_DUMMY_MASK		MASK	0x8000	32768	9777
D	RTL8367D_CFG_P2_LED2_MUX_OFFSET		OFFSET_SHIFT	10	10	9778
D	RTL8367D_CFG_P2_LED2_MUX_MASK		MASK	0x7C00	31744	9779
D	RTL8367D_CFG_P2_LED1_MUX_OFFSET		OFFSET_SHIFT	5	5	9780
D	RTL8367D_CFG_P2_LED1_MUX_MASK		MASK	0x3E0	992	9781
D	RTL8367D_CFG_P2_LED0_MUX_OFFSET		OFFSET_SHIFT	0	0	9782
D	RTL8367D_CFG_P2_LED0_MUX_MASK		MASK	0x1F	31	9783
D	RTL8367D_REG_P3_LED_MUX		REGISTER	0x1b2e	6958	9785
D	RTL8367D_P3_LED_MUX_DUMMY_OFFSET		OFFSET_SHIFT	15	15	9786
D	RTL8367D_P3_LED_MUX_DUMMY_MASK		MASK	0x8000	32768	9787
D	RTL8367D_CFG_P3_LED2_MUX_OFFSET		OFFSET_SHIFT	10	10	9788
D	RTL8367D_CFG_P3_LED2_MUX_MASK		MASK	0x7C00	31744	9789
D	RTL8367D_CFG_P3_LED1_MUX_OFFSET		OFFSET_SHIFT	5	5	9790
D	RTL8367D_CFG_P3_LED1_MUX_MASK		MASK	0x3E0	992	9791
D	RTL8367D_CFG_P3_LED0_MUX_OFFSET		OFFSET_SHIFT	0	0	9792
D	RTL8367D_CFG_P3_LED0_MUX_MASK		MASK	0x1F	31	9793
D	RTL8367D_REG_P4_LED_MUX		REGISTER	0x1b2f	6959	9795
D	RTL8367D_P4_LED_MUX_DUMMY_OFFSET		OFFSET_SHIFT	15	15	9796
D	RTL8367D_P4_LED_MUX_DUMMY_MASK		MASK	0x8000	32768	9797
D	RTL8367D_CFG_P4_LED2_MUX_OFFSET		OFFSET_SHIFT	10	10	9798
D	RTL8367D_CFG_P4_LED2_MUX_MASK		MASK	0x7C00	31744	9799
D	RTL8367D_CFG_P4_LED1_MUX_OFFSET		OFFSET_SHIFT	5	5	9800
D	RTL8367D_CFG_P4_LED1_MUX_MASK		MASK	0x3E0	992	9801
D	RTL8367D_CFG_P4_LED0_MUX_OFFSET		OFFSET_SHIFT	0	0	9802
D	RTL8367D_CFG_P4_LED0_MUX_MASK		MASK	0x1F	31	9803
D	RTL8367D_REG_LED0_DATA_CTRL		REGISTER	0x1b30	6960	9805
D	RTL8367D_LED0_DATA_CTRL_DUMMY_OFFSET		OFFSET_SHIFT	9	9	9806
D	RTL8367D_LED0_DATA_CTRL_DUMMY_MASK		MASK	0xFE00	65024	9807
D	RTL8367D_CFG_DATA_LED0_DIS_OFFSET		OFFSET_SHIFT	8	8	9808
D	RTL8367D_CFG_DATA_LED0_DIS_MASK		MASK	0x100	256	9809
D	RTL8367D_CFG_DATA_LED0_SEL_OFFSET		OFFSET_SHIFT	7	7	9810
D	RTL8367D_CFG_DATA_LED0_SEL_MASK		MASK	0x80	128	9811
D	RTL8367D_CFG_DATA_LED0_ACT_OFFSET		OFFSET_SHIFT	5	5	9812
D	RTL8367D_CFG_DATA_LED0_ACT_MASK		MASK	0x60	96	9813
D	RTL8367D_CFG_DATA_LED0_SPD_OFFSET		OFFSET_SHIFT	0	0	9814
D	RTL8367D_CFG_DATA_LED0_SPD_MASK		MASK	0x1F	31	9815
D	RTL8367D_REG_LED1_DATA_CTRL		REGISTER	0x1b31	6961	9817
D	RTL8367D_LED1_DATA_CTRL_DUMMY_OFFSET		OFFSET_SHIFT	9	9	9818
D	RTL8367D_LED1_DATA_CTRL_DUMMY_MASK		MASK	0xFE00	65024	9819
D	RTL8367D_CFG_DATA_LED1_DIS_OFFSET		OFFSET_SHIFT	8	8	9820
D	RTL8367D_CFG_DATA_LED1_DIS_MASK		MASK	0x100	256	9821
D	RTL8367D_CFG_DATA_LED1_SEL_OFFSET		OFFSET_SHIFT	7	7	9822
D	RTL8367D_CFG_DATA_LED1_SEL_MASK		MASK	0x80	128	9823
D	RTL8367D_CFG_DATA_LED1_ACT_OFFSET		OFFSET_SHIFT	5	5	9824
D	RTL8367D_CFG_DATA_LED1_ACT_MASK		MASK	0x60	96	9825
D	RTL8367D_CFG_DATA_LED1_SPD_OFFSET		OFFSET_SHIFT	0	0	9826
D	RTL8367D_CFG_DATA_LED1_SPD_MASK		MASK	0x1F	31	9827
D	RTL8367D_REG_LED2_DATA_CTRL		REGISTER	0x1b32	6962	9829
D	RTL8367D_LED2_DATA_CTRL_DUMMY_OFFSET		OFFSET_SHIFT	9	9	9830
D	RTL8367D_LED2_DATA_CTRL_DUMMY_MASK		MASK	0xFE00	65024	9831
D	RTL8367D_CFG_DATA_LED2_DIS_OFFSET		OFFSET_SHIFT	8	8	9832
D	RTL8367D_CFG_DATA_LED2_DIS_MASK		MASK	0x100	256	9833
D	RTL8367D_CFG_DATA_LED2_SEL_OFFSET		OFFSET_SHIFT	7	7	9834
D	RTL8367D_CFG_DATA_LED2_SEL_MASK		MASK	0x80	128	9835
D	RTL8367D_CFG_DATA_LED2_ACT_OFFSET		OFFSET_SHIFT	5	5	9836
D	RTL8367D_CFG_DATA_LED2_ACT_MASK		MASK	0x60	96	9837
D	RTL8367D_CFG_DATA_LED2_SPD_OFFSET		OFFSET_SHIFT	0	0	9838
D	RTL8367D_CFG_DATA_LED2_SPD_MASK		MASK	0x1F	31	9839
D	RTL8367D_REG_IGMP_MLD_CFG0		REGISTER	0x1c00	7168	9843
D	RTL8367D_IGMP_MLD_PORTISO_LEAKY_OFFSET		OFFSET_SHIFT	15	15	9844
D	RTL8367D_IGMP_MLD_PORTISO_LEAKY_MASK		MASK	0x8000	32768	9845
D	RTL8367D_IGMP_MLD_VLAN_LEAKY_OFFSET		OFFSET_SHIFT	14	14	9846
D	RTL8367D_IGMP_MLD_VLAN_LEAKY_MASK		MASK	0x4000	16384	9847
D	RTL8367D_IGMP_MLD_DISCARD_STORM_FILTER_OFFSET		OFFSET_SHIFT	13	13	9848
D	RTL8367D_IGMP_MLD_DISCARD_STORM_FILTER_MASK		MASK	0x2000	8192	9849
D	RTL8367D_REG_IGMP_PORT0_CONTROL		REGISTER	0x1c05	7173	9851
D	RTL8367D_IGMP_PORT0_CONTROL_MLDv2_OP_OFFSET		OFFSET_SHIFT	8	8	9852
D	RTL8367D_IGMP_PORT0_CONTROL_MLDv2_OP_MASK		MASK	0x300	768	9853
D	RTL8367D_IGMP_PORT0_CONTROL_MLDv1_OP_OFFSET		OFFSET_SHIFT	6	6	9854
D	RTL8367D_IGMP_PORT0_CONTROL_MLDv1_OP_MASK		MASK	0xC0	192	9855
D	RTL8367D_IGMP_PORT0_CONTROL_IGMPV3_OP_OFFSET		OFFSET_SHIFT	4	4	9856
D	RTL8367D_IGMP_PORT0_CONTROL_IGMPV3_OP_MASK		MASK	0x30	48	9857
D	RTL8367D_IGMP_PORT0_CONTROL_IGMPV2_OP_OFFSET		OFFSET_SHIFT	2	2	9858
D	RTL8367D_IGMP_PORT0_CONTROL_IGMPV2_OP_MASK		MASK	0xC	12	9859
D	RTL8367D_IGMP_PORT0_CONTROL_IGMPV1_OP_OFFSET		OFFSET_SHIFT	0	0	9860
D	RTL8367D_IGMP_PORT0_CONTROL_IGMPV1_OP_MASK		MASK	0x3	3	9861
D	RTL8367D_REG_IGMP_PORT1_CONTROL		REGISTER	0x1c06	7174	9863
D	RTL8367D_IGMP_PORT1_CONTROL_MLDv2_OP_OFFSET		OFFSET_SHIFT	8	8	9864
D	RTL8367D_IGMP_PORT1_CONTROL_MLDv2_OP_MASK		MASK	0x300	768	9865
D	RTL8367D_IGMP_PORT1_CONTROL_MLDv1_OP_OFFSET		OFFSET_SHIFT	6	6	9866
D	RTL8367D_IGMP_PORT1_CONTROL_MLDv1_OP_MASK		MASK	0xC0	192	9867
D	RTL8367D_IGMP_PORT1_CONTROL_IGMPV3_OP_OFFSET		OFFSET_SHIFT	4	4	9868
D	RTL8367D_IGMP_PORT1_CONTROL_IGMPV3_OP_MASK		MASK	0x30	48	9869
D	RTL8367D_IGMP_PORT1_CONTROL_IGMPV2_OP_OFFSET		OFFSET_SHIFT	2	2	9870
D	RTL8367D_IGMP_PORT1_CONTROL_IGMPV2_OP_MASK		MASK	0xC	12	9871
D	RTL8367D_IGMP_PORT1_CONTROL_IGMPV1_OP_OFFSET		OFFSET_SHIFT	0	0	9872
D	RTL8367D_IGMP_PORT1_CONTROL_IGMPV1_OP_MASK		MASK	0x3	3	9873
D	RTL8367D_REG_IGMP_PORT2_CONTROL		REGISTER	0x1c07	7175	9875
D	RTL8367D_IGMP_PORT2_CONTROL_MLDv2_OP_OFFSET		OFFSET_SHIFT	8	8	9876
D	RTL8367D_IGMP_PORT2_CONTROL_MLDv2_OP_MASK		MASK	0x300	768	9877
D	RTL8367D_IGMP_PORT2_CONTROL_MLDv1_OP_OFFSET		OFFSET_SHIFT	6	6	9878
D	RTL8367D_IGMP_PORT2_CONTROL_MLDv1_OP_MASK		MASK	0xC0	192	9879
D	RTL8367D_IGMP_PORT2_CONTROL_IGMPV3_OP_OFFSET		OFFSET_SHIFT	4	4	9880
D	RTL8367D_IGMP_PORT2_CONTROL_IGMPV3_OP_MASK		MASK	0x30	48	9881
D	RTL8367D_IGMP_PORT2_CONTROL_IGMPV2_OP_OFFSET		OFFSET_SHIFT	2	2	9882
D	RTL8367D_IGMP_PORT2_CONTROL_IGMPV2_OP_MASK		MASK	0xC	12	9883
D	RTL8367D_IGMP_PORT2_CONTROL_IGMPV1_OP_OFFSET		OFFSET_SHIFT	0	0	9884
D	RTL8367D_IGMP_PORT2_CONTROL_IGMPV1_OP_MASK		MASK	0x3	3	9885
D	RTL8367D_REG_IGMP_PORT3_CONTROL		REGISTER	0x1c08	7176	9887
D	RTL8367D_IGMP_PORT3_CONTROL_MLDv2_OP_OFFSET		OFFSET_SHIFT	8	8	9888
D	RTL8367D_IGMP_PORT3_CONTROL_MLDv2_OP_MASK		MASK	0x300	768	9889
D	RTL8367D_IGMP_PORT3_CONTROL_MLDv1_OP_OFFSET		OFFSET_SHIFT	6	6	9890
D	RTL8367D_IGMP_PORT3_CONTROL_MLDv1_OP_MASK		MASK	0xC0	192	9891
D	RTL8367D_IGMP_PORT3_CONTROL_IGMPV3_OP_OFFSET		OFFSET_SHIFT	4	4	9892
D	RTL8367D_IGMP_PORT3_CONTROL_IGMPV3_OP_MASK		MASK	0x30	48	9893
D	RTL8367D_IGMP_PORT3_CONTROL_IGMPV2_OP_OFFSET		OFFSET_SHIFT	2	2	9894
D	RTL8367D_IGMP_PORT3_CONTROL_IGMPV2_OP_MASK		MASK	0xC	12	9895
D	RTL8367D_IGMP_PORT3_CONTROL_IGMPV1_OP_OFFSET		OFFSET_SHIFT	0	0	9896
D	RTL8367D_IGMP_PORT3_CONTROL_IGMPV1_OP_MASK		MASK	0x3	3	9897
D	RTL8367D_REG_IGMP_PORT4_CONTROL		REGISTER	0x1c09	7177	9899
D	RTL8367D_IGMP_PORT4_CONTROL_MLDv2_OP_OFFSET		OFFSET_SHIFT	8	8	9900
D	RTL8367D_IGMP_PORT4_CONTROL_MLDv2_OP_MASK		MASK	0x300	768	9901
D	RTL8367D_IGMP_PORT4_CONTROL_MLDv1_OP_OFFSET		OFFSET_SHIFT	6	6	9902
D	RTL8367D_IGMP_PORT4_CONTROL_MLDv1_OP_MASK		MASK	0xC0	192	9903
D	RTL8367D_IGMP_PORT4_CONTROL_IGMPV3_OP_OFFSET		OFFSET_SHIFT	4	4	9904
D	RTL8367D_IGMP_PORT4_CONTROL_IGMPV3_OP_MASK		MASK	0x30	48	9905
D	RTL8367D_IGMP_PORT4_CONTROL_IGMPV2_OP_OFFSET		OFFSET_SHIFT	2	2	9906
D	RTL8367D_IGMP_PORT4_CONTROL_IGMPV2_OP_MASK		MASK	0xC	12	9907
D	RTL8367D_IGMP_PORT4_CONTROL_IGMPV1_OP_OFFSET		OFFSET_SHIFT	0	0	9908
D	RTL8367D_IGMP_PORT4_CONTROL_IGMPV1_OP_MASK		MASK	0x3	3	9909
D	RTL8367D_REG_IGMP_PORT5_CONTROL		REGISTER	0x1c0a	7178	9911
D	RTL8367D_IGMP_PORT5_CONTROL_MLDv2_OP_OFFSET		OFFSET_SHIFT	8	8	9912
D	RTL8367D_IGMP_PORT5_CONTROL_MLDv2_OP_MASK		MASK	0x300	768	9913
D	RTL8367D_IGMP_PORT5_CONTROL_MLDv1_OP_OFFSET		OFFSET_SHIFT	6	6	9914
D	RTL8367D_IGMP_PORT5_CONTROL_MLDv1_OP_MASK		MASK	0xC0	192	9915
D	RTL8367D_IGMP_PORT5_CONTROL_IGMPV3_OP_OFFSET		OFFSET_SHIFT	4	4	9916
D	RTL8367D_IGMP_PORT5_CONTROL_IGMPV3_OP_MASK		MASK	0x30	48	9917
D	RTL8367D_IGMP_PORT5_CONTROL_IGMPV2_OP_OFFSET		OFFSET_SHIFT	2	2	9918
D	RTL8367D_IGMP_PORT5_CONTROL_IGMPV2_OP_MASK		MASK	0xC	12	9919
D	RTL8367D_IGMP_PORT5_CONTROL_IGMPV1_OP_OFFSET		OFFSET_SHIFT	0	0	9920
D	RTL8367D_IGMP_PORT5_CONTROL_IGMPV1_OP_MASK		MASK	0x3	3	9921
D	RTL8367D_REG_IGMP_PORT6_CONTROL		REGISTER	0x1c0b	7179	9923
D	RTL8367D_IGMP_PORT6_CONTROL_MLDv2_OP_OFFSET		OFFSET_SHIFT	8	8	9924
D	RTL8367D_IGMP_PORT6_CONTROL_MLDv2_OP_MASK		MASK	0x300	768	9925
D	RTL8367D_IGMP_PORT6_CONTROL_MLDv1_OP_OFFSET		OFFSET_SHIFT	6	6	9926
D	RTL8367D_IGMP_PORT6_CONTROL_MLDv1_OP_MASK		MASK	0xC0	192	9927
D	RTL8367D_IGMP_PORT6_CONTROL_IGMPV3_OP_OFFSET		OFFSET_SHIFT	4	4	9928
D	RTL8367D_IGMP_PORT6_CONTROL_IGMPV3_OP_MASK		MASK	0x30	48	9929
D	RTL8367D_IGMP_PORT6_CONTROL_IGMPV2_OP_OFFSET		OFFSET_SHIFT	2	2	9930
D	RTL8367D_IGMP_PORT6_CONTROL_IGMPV2_OP_MASK		MASK	0xC	12	9931
D	RTL8367D_IGMP_PORT6_CONTROL_IGMPV1_OP_OFFSET		OFFSET_SHIFT	0	0	9932
D	RTL8367D_IGMP_PORT6_CONTROL_IGMPV1_OP_MASK		MASK	0x3	3	9933
D	RTL8367D_REG_IGMP_PORT7_CONTROL		REGISTER	0x1c0c	7180	9935
D	RTL8367D_IGMP_PORT7_CONTROL_MLDv2_OP_OFFSET		OFFSET_SHIFT	8	8	9936
D	RTL8367D_IGMP_PORT7_CONTROL_MLDv2_OP_MASK		MASK	0x300	768	9937
D	RTL8367D_IGMP_PORT7_CONTROL_MLDv1_OP_OFFSET		OFFSET_SHIFT	6	6	9938
D	RTL8367D_IGMP_PORT7_CONTROL_MLDv1_OP_MASK		MASK	0xC0	192	9939
D	RTL8367D_IGMP_PORT7_CONTROL_IGMPV3_OP_OFFSET		OFFSET_SHIFT	4	4	9940
D	RTL8367D_IGMP_PORT7_CONTROL_IGMPV3_OP_MASK		MASK	0x30	48	9941
D	RTL8367D_IGMP_PORT7_CONTROL_IGMPV2_OP_OFFSET		OFFSET_SHIFT	2	2	9942
D	RTL8367D_IGMP_PORT7_CONTROL_IGMPV2_OP_MASK		MASK	0xC	12	9943
D	RTL8367D_IGMP_PORT7_CONTROL_IGMPV1_OP_OFFSET		OFFSET_SHIFT	0	0	9944
D	RTL8367D_IGMP_PORT7_CONTROL_IGMPV1_OP_MASK		MASK	0x3	3	9945
D	RTL8367D_REG_IGMP_MLD_CFG3		REGISTER	0x1c15	7189	9947
D	RTL8367D_IGMP_MLD_IP6_BYPASS_OFFSET		OFFSET_SHIFT	5	5	9948
D	RTL8367D_IGMP_MLD_IP6_BYPASS_MASK		MASK	0x20	32	9949
D	RTL8367D_IGMP_MLD_IP4_BYPASS_239_255_255_OFFSET		OFFSET_SHIFT	4	4	9950
D	RTL8367D_IGMP_MLD_IP4_BYPASS_239_255_255_MASK		MASK	0x10	16	9951
D	RTL8367D_IGMP_MLD_IP4_BYPASS_224_0_1_OFFSET		OFFSET_SHIFT	3	3	9952
D	RTL8367D_IGMP_MLD_IP4_BYPASS_224_0_1_MASK		MASK	0x8	8	9953
D	RTL8367D_IGMP_MLD_IP4_BYPASS_224_0_0_OFFSET		OFFSET_SHIFT	2	2	9954
D	RTL8367D_IGMP_MLD_IP4_BYPASS_224_0_0_MASK		MASK	0x4	4	9955
D	RTL8367D_REG_PCSXF_CFG		REGISTER	0x1d00	7424	9959
D	RTL8367D_CFG_PCSXF_OFFSET		OFFSET_SHIFT	8	8	9960
D	RTL8367D_CFG_PCSXF_MASK		MASK	0xF00	3840	9961
D	RTL8367D_CFG_RST_RXFIFO_OFFSET		OFFSET_SHIFT	3	3	9962
D	RTL8367D_CFG_RST_RXFIFO_MASK		MASK	0xF8	248	9963
D	RTL8367D_CFG_COL2RXDV_OFFSET		OFFSET_SHIFT	2	2	9964
D	RTL8367D_CFG_COL2RXDV_MASK		MASK	0x4	4	9965
D	RTL8367D_CFG_PHY_SDET_OFFSET		OFFSET_SHIFT	0	0	9966
D	RTL8367D_CFG_PHY_SDET_MASK		MASK	0x3	3	9967
D	RTL8367D_REG_PHYID_CFG0		REGISTER	0x1d01	7425	9969
D	RTL8367D_CFG_PHYAD_14C_OFFSET		OFFSET_SHIFT	10	10	9970
D	RTL8367D_CFG_PHYAD_14C_MASK		MASK	0x400	1024	9971
D	RTL8367D_CFG_PHY_BRD_MODE_OFFSET		OFFSET_SHIFT	5	5	9972
D	RTL8367D_CFG_PHY_BRD_MODE_MASK		MASK	0x3E0	992	9973
D	RTL8367D_CFG_BRD_PHYAD_OFFSET		OFFSET_SHIFT	0	0	9974
D	RTL8367D_CFG_BRD_PHYAD_MASK		MASK	0x1F	31	9975
D	RTL8367D_REG_PHYID_CFG1		REGISTER	0x1d02	7426	9977
D	RTL8367D_CFG_MSK_MDI_OFFSET		OFFSET_SHIFT	5	5	9978
D	RTL8367D_CFG_MSK_MDI_MASK		MASK	0x3E0	992	9979
D	RTL8367D_CFG_BASE_PHYAD_OFFSET		OFFSET_SHIFT	0	0	9980
D	RTL8367D_CFG_BASE_PHYAD_MASK		MASK	0x1F	31	9981
D	RTL8367D_REG_PHY_POLL_CFG0		REGISTER	0x1d03	7427	9983
D	RTL8367D_CFG_HOTCMD_PRD_EN_OFFSET		OFFSET_SHIFT	15	15	9984
D	RTL8367D_CFG_HOTCMD_PRD_EN_MASK		MASK	0x8000	32768	9985
D	RTL8367D_CFG_HOTCMD_EN_OFFSET		OFFSET_SHIFT	12	12	9986
D	RTL8367D_CFG_HOTCMD_EN_MASK		MASK	0x7000	28672	9987
D	RTL8367D_CFG_POLL_PERIOD_OFFSET		OFFSET_SHIFT	8	8	9988
D	RTL8367D_CFG_POLL_PERIOD_MASK		MASK	0xF00	3840	9989
D	RTL8367D_CFG_PERI_CMDS_RD_OFFSET		OFFSET_SHIFT	4	4	9990
D	RTL8367D_CFG_PERI_CMDS_RD_MASK		MASK	0xF0	240	9991
D	RTL8367D_CFG_PERI_CMDS_WR_OFFSET		OFFSET_SHIFT	0	0	9992
D	RTL8367D_CFG_PERI_CMDS_WR_MASK		MASK	0xF	15	9993
D	RTL8367D_REG_PHY_POLL_CFG1		REGISTER	0x1d04	7428	9995
D	RTL8367D_REG_PHY_POLL_CFG2		REGISTER	0x1d05	7429	9997
D	RTL8367D_REG_PHY_POLL_CFG3		REGISTER	0x1d06	7430	9999
D	RTL8367D_REG_PHY_POLL_CFG4		REGISTER	0x1d07	7431	10001
D	RTL8367D_REG_PHY_POLL_CFG5		REGISTER	0x1d08	7432	10003
D	RTL8367D_REG_PHY_POLL_CFG6		REGISTER	0x1d09	7433	10005
D	RTL8367D_REG_PHY_POLL_CFG7		REGISTER	0x1d0a	7434	10007
D	RTL8367D_REG_PHY_POLL_CFG8		REGISTER	0x1d0b	7435	10009
D	RTL8367D_REG_PHY_POLL_CFG9		REGISTER	0x1d0c	7436	10011
D	RTL8367D_REG_PHY_POLL_CFG10		REGISTER	0x1d0d	7437	10013
D	RTL8367D_REG_PHY_POLL_CFG11		REGISTER	0x1d0e	7438	10015
D	RTL8367D_REG_PHY_POLL_CFG12		REGISTER	0x1d0f	7439	10017
D	RTL8367D_REG_EFUSE_MISC		REGISTER	0x1d10	7440	10019
D	RTL8367D_CFG_SA_SEL_OFFSET		OFFSET_SHIFT	5	5	10020
D	RTL8367D_CFG_SA_SEL_MASK		MASK	0x20	32	10021
D	RTL8367D_CFG_PHYAD00_OFFSET		OFFSET_SHIFT	0	0	10022
D	RTL8367D_CFG_PHYAD00_MASK		MASK	0x1F	31	10023
D	RTL8367D_REG_SDS_MISC		REGISTER	0x1d11	7441	10025
D	RTL8367D_PA33PC_EN_S0_OFFSET		OFFSET_SHIFT	11	11	10026
D	RTL8367D_PA33PC_EN_S0_MASK		MASK	0x800	2048	10027
D	RTL8367D_PA12PC_EN_S0_OFFSET		OFFSET_SHIFT	10	10	10028
D	RTL8367D_PA12PC_EN_S0_MASK		MASK	0x400	1024	10029
D	RTL8367D_MAC6_SEL_SDS0_OFFSET		OFFSET_SHIFT	9	9	10030
D	RTL8367D_MAC6_SEL_SDS0_MASK		MASK	0x200	512	10031
D	RTL8367D_SDS_MISC_SDS_PWR_ISO_EN_1_OFFSET		OFFSET_SHIFT	8	8	10032
D	RTL8367D_SDS_MISC_SDS_PWR_ISO_EN_1_MASK		MASK	0x100	256	10033
D	RTL8367D_SDS_MISC_SDS_FRC_REG4_EN_1_OFFSET		OFFSET_SHIFT	7	7	10034
D	RTL8367D_SDS_MISC_SDS_FRC_REG4_EN_1_MASK		MASK	0x80	128	10035
D	RTL8367D_SDS_MISC_SDS_FRC_REG4_FIB100_1_OFFSET		OFFSET_SHIFT	6	6	10036
D	RTL8367D_SDS_MISC_SDS_FRC_REG4_FIB100_1_MASK		MASK	0x40	64	10037
D	RTL8367D_SDS_MISC_CFG_UNIDIR_TX_OFFSET		OFFSET_SHIFT	5	5	10038
D	RTL8367D_SDS_MISC_CFG_UNIDIR_TX_MASK		MASK	0x20	32	10039
D	RTL8367D_CFG_SDS_MODE_OFFSET		OFFSET_SHIFT	0	0	10040
D	RTL8367D_CFG_SDS_MODE_MASK		MASK	0x1F	31	10041
D	RTL8367D_REG_BCAM_SETTING		REGISTER	0x1d13	7443	10043
D	RTL8367D_CFG_BCAM_MDS_OFFSET		OFFSET_SHIFT	3	3	10044
D	RTL8367D_CFG_BCAM_MDS_MASK		MASK	0x18	24	10045
D	RTL8367D_CFG_BCAM_RDS_OFFSET		OFFSET_SHIFT	0	0	10046
D	RTL8367D_CFG_BCAM_RDS_MASK		MASK	0x7	7	10047
D	RTL8367D_REG_GPHY_ACS_MISC		REGISTER	0x1d14	7444	10049
D	RTL8367D_CFG_SEL_GPHY_SMI_OFFSET		OFFSET_SHIFT	3	3	10050
D	RTL8367D_CFG_SEL_GPHY_SMI_MASK		MASK	0x8	8	10051
D	RTL8367D_CFG_BRD_PHYIDX_OFFSET		OFFSET_SHIFT	0	0	10052
D	RTL8367D_CFG_BRD_PHYIDX_MASK		MASK	0x7	7	10053
D	RTL8367D_REG_GPHY_OCP_MSB_0		REGISTER	0x1d15	7445	10055
D	RTL8367D_CFG_CPU_OCPADR_MSB_OFFSET		OFFSET_SHIFT	6	6	10056
D	RTL8367D_CFG_CPU_OCPADR_MSB_MASK		MASK	0xFC0	4032	10057
D	RTL8367D_CFG_DW8051_OCPADR_MSB_OFFSET		OFFSET_SHIFT	0	0	10058
D	RTL8367D_CFG_DW8051_OCPADR_MSB_MASK		MASK	0x3F	63	10059
D	RTL8367D_REG_GPHY_OCP_MSB_1		REGISTER	0x1d16	7446	10061
D	RTL8367D_CFG_PATCH_OCPADR_MSB_OFFSET		OFFSET_SHIFT	6	6	10062
D	RTL8367D_CFG_PATCH_OCPADR_MSB_MASK		MASK	0xFC0	4032	10063
D	RTL8367D_CFG_PHYSTS_OCPADR_MSB_OFFSET		OFFSET_SHIFT	0	0	10064
D	RTL8367D_CFG_PHYSTS_OCPADR_MSB_MASK		MASK	0x3F	63	10065
D	RTL8367D_REG_GPHY_OCP_MSB_2		REGISTER	0x1d17	7447	10067
D	RTL8367D_CFG_RRCP_OCPADR_MSB_OFFSET		OFFSET_SHIFT	6	6	10068
D	RTL8367D_CFG_RRCP_OCPADR_MSB_MASK		MASK	0xFC0	4032	10069
D	RTL8367D_CFG_RTCT_OCPADR_MSB_OFFSET		OFFSET_SHIFT	0	0	10070
D	RTL8367D_CFG_RTCT_OCPADR_MSB_MASK		MASK	0x3F	63	10071
D	RTL8367D_REG_GPHY_OCP_MSB_3		REGISTER	0x1d18	7448	10073
D	RTL8367D_GPHY_OCP_MSB_3_OFFSET		OFFSET_SHIFT	0	0	10074
D	RTL8367D_GPHY_OCP_MSB_3_MASK		MASK	0x3F	63	10075
D	RTL8367D_REG_GPIO_67C_I_X0		REGISTER	0x1d19	7449	10077
D	RTL8367D_REG_GPIO_67C_I_X1		REGISTER	0x1d1a	7450	10079
D	RTL8367D_REG_GPIO_67C_I_X2		REGISTER	0x1d1b	7451	10081
D	RTL8367D_REG_GPIO_67C_I_X3		REGISTER	0x1d1c	7452	10083
D	RTL8367D_GPIO_67C_I_X3_OFFSET		OFFSET_SHIFT	0	0	10084
D	RTL8367D_GPIO_67C_I_X3_MASK		MASK	0x3FFF	16383	10085
D	RTL8367D_REG_GPIO_67C_O_X0		REGISTER	0x1d1d	7453	10087
D	RTL8367D_REG_GPIO_67C_O_X1		REGISTER	0x1d1e	7454	10089
D	RTL8367D_REG_GPIO_67C_O_X2		REGISTER	0x1d1f	7455	10091
D	RTL8367D_REG_GPIO_67C_O_X3		REGISTER	0x1d20	7456	10093
D	RTL8367D_GPIO_67C_O_X3_OFFSET		OFFSET_SHIFT	0	0	10094
D	RTL8367D_GPIO_67C_O_X3_MASK		MASK	0x3FFF	16383	10095
D	RTL8367D_REG_GPIO_67C_OE_X0		REGISTER	0x1d21	7457	10097
D	RTL8367D_REG_GPIO_67C_OE_X1		REGISTER	0x1d22	7458	10099
D	RTL8367D_REG_GPIO_67C_OE_X2		REGISTER	0x1d23	7459	10101
D	RTL8367D_REG_GPIO_67C_OE_X3		REGISTER	0x1d24	7460	10103
D	RTL8367D_GPIO_67C_OE_X3_OFFSET		OFFSET_SHIFT	0	0	10104
D	RTL8367D_GPIO_67C_OE_X3_MASK		MASK	0x3FFF	16383	10105
D	RTL8367D_REG_GPIO_MODE_67C_X0		REGISTER	0x1d25	7461	10107
D	RTL8367D_REG_GPIO_MODE_67C_X1		REGISTER	0x1d26	7462	10109
D	RTL8367D_REG_GPIO_MODE_67C_X2		REGISTER	0x1d27	7463	10111
D	RTL8367D_REG_GPIO_MODE_67C_X3		REGISTER	0x1d28	7464	10113
D	RTL8367D_GPIO_MODE_67C_X3_OFFSET		OFFSET_SHIFT	0	0	10114
D	RTL8367D_GPIO_MODE_67C_X3_MASK		MASK	0x3FFF	16383	10115
D	RTL8367D_REG_WGPHY_MISC_0		REGISTER	0x1d29	7465	10117
D	RTL8367D_CFG_INIPHY_PWRUP_OFFSET		OFFSET_SHIFT	5	5	10118
D	RTL8367D_CFG_INIPHY_PWRUP_MASK		MASK	0x3E0	992	10119
D	RTL8367D_CFG_INIPHY_DISGIGA_OFFSET		OFFSET_SHIFT	0	0	10120
D	RTL8367D_CFG_INIPHY_DISGIGA_MASK		MASK	0x1F	31	10121
D	RTL8367D_REG_WGPHY_MISC_1		REGISTER	0x1d2a	7466	10123
D	RTL8367D_WGPHY_MISC_1_OFFSET		OFFSET_SHIFT	0	0	10124
D	RTL8367D_WGPHY_MISC_1_MASK		MASK	0xFF	255	10125
D	RTL8367D_REG_WGPHY_MISC_2		REGISTER	0x1d2b	7467	10127
D	RTL8367D_WGPHY_MISC_2_OFFSET		OFFSET_SHIFT	0	0	10128
D	RTL8367D_WGPHY_MISC_2_MASK		MASK	0x3FF	1023	10129
D	RTL8367D_REG_CFG_AFBK_GPHY_0		REGISTER	0x1d2c	7468	10131
D	RTL8367D_CFG_AFBK_GPHY_0_OFFSET		OFFSET_SHIFT	0	0	10132
D	RTL8367D_CFG_AFBK_GPHY_0_MASK		MASK	0x1F	31	10133
D	RTL8367D_REG_CFG_AFBK_GPHY_1		REGISTER	0x1d2d	7469	10135
D	RTL8367D_CFG_AFBK_GPHY_1_OFFSET		OFFSET_SHIFT	0	0	10136
D	RTL8367D_CFG_AFBK_GPHY_1_MASK		MASK	0xFFF	4095	10137
D	RTL8367D_REG_EF_SLV_CTRL_0		REGISTER	0x1d2e	7470	10139
D	RTL8367D_EF_SLV_BUSY_OFFSET		OFFSET_SHIFT	11	11	10140
D	RTL8367D_EF_SLV_BUSY_MASK		MASK	0x800	2048	10141
D	RTL8367D_EF_SLV_ACK_OFFSET		OFFSET_SHIFT	10	10	10142
D	RTL8367D_EF_SLV_ACK_MASK		MASK	0x400	1024	10143
D	RTL8367D_EF_SLV_A_OFFSET		OFFSET_SHIFT	2	2	10144
D	RTL8367D_EF_SLV_A_MASK		MASK	0x3FC	1020	10145
D	RTL8367D_EF_SLV_WE_OFFSET		OFFSET_SHIFT	1	1	10146
D	RTL8367D_EF_SLV_WE_MASK		MASK	0x2	2	10147
D	RTL8367D_EF_SLV_CE_OFFSET		OFFSET_SHIFT	0	0	10148
D	RTL8367D_EF_SLV_CE_MASK		MASK	0x1	1	10149
D	RTL8367D_REG_EF_SLV_CTRL_1		REGISTER	0x1d2f	7471	10151
D	RTL8367D_REG_EF_SLV_CTRL_2		REGISTER	0x1d30	7472	10153
D	RTL8367D_REG_EFUSE_MISC_1		REGISTER	0x1d31	7473	10155
D	RTL8367D_REG_IO_MISC_FUNC		REGISTER	0x1d32	7474	10157
D	RTL8367D_TST_MODE_OFFSET		OFFSET_SHIFT	3	3	10158
D	RTL8367D_TST_MODE_MASK		MASK	0x8	8	10159
D	RTL8367D_UART_EN_OFFSET		OFFSET_SHIFT	2	2	10160
D	RTL8367D_UART_EN_MASK		MASK	0x4	4	10161
D	RTL8367D_INT_EN_OFFSET		OFFSET_SHIFT	1	1	10162
D	RTL8367D_INT_EN_MASK		MASK	0x2	2	10163
D	RTL8367D_BUZ_EN_OFFSET		OFFSET_SHIFT	0	0	10164
D	RTL8367D_BUZ_EN_MASK		MASK	0x1	1	10165
D	RTL8367D_REG_HTRAM_DVS		REGISTER	0x1d33	7475	10167
D	RTL8367D_HTRAM_DVS_OFFSET		OFFSET_SHIFT	0	0	10168
D	RTL8367D_HTRAM_DVS_MASK		MASK	0x1	1	10169
D	RTL8367D_REG_EF_SLV_CTRL_3		REGISTER	0x1d34	7476	10171
D	RTL8367D_EF_SLV_CTRL_3_OFFSET		OFFSET_SHIFT	0	0	10172
D	RTL8367D_EF_SLV_CTRL_3_MASK		MASK	0x1	1	10173
D	RTL8367D_REG_INBAND_EN14C		REGISTER	0x1d35	7477	10175
D	RTL8367D_INBAND_EN14C_OFFSET		OFFSET_SHIFT	0	0	10176
D	RTL8367D_INBAND_EN14C_MASK		MASK	0x1	1	10177
D	RTL8367D_REG_CFG_SWR_L		REGISTER	0x1d36	7478	10179
D	RTL8367D_ANARG_RDY_SWR_L_OFFSET		OFFSET_SHIFT	14	14	10180
D	RTL8367D_ANARG_RDY_SWR_L_MASK		MASK	0x4000	16384	10181
D	RTL8367D_ANARG_VALID_SWR_L_OFFSET		OFFSET_SHIFT	13	13	10182
D	RTL8367D_ANARG_VALID_SWR_L_MASK		MASK	0x2000	8192	10183
D	RTL8367D_SAW_SWR_L_OFFSET		OFFSET_SHIFT	9	9	10184
D	RTL8367D_SAW_SWR_L_MASK		MASK	0x1E00	7680	10185
D	RTL8367D_SAW_VALID_SWR_L_OFFSET		OFFSET_SHIFT	8	8	10186
D	RTL8367D_SAW_VALID_SWR_L_MASK		MASK	0x100	256	10187
D	RTL8367D_UPS_DBGO_L_OFFSET		OFFSET_SHIFT	0	0	10188
D	RTL8367D_UPS_DBGO_L_MASK		MASK	0xFF	255	10189
D	RTL8367D_REG_BTCAM_CTRL		REGISTER	0x1d37	7479	10191
D	RTL8367D_BTCAM_CTRL_TCAM_RDS_OFFSET		OFFSET_SHIFT	2	2	10192
D	RTL8367D_BTCAM_CTRL_TCAM_RDS_MASK		MASK	0x1C	28	10193
D	RTL8367D_BTCAM_CTRL_TCAM_MDS_OFFSET		OFFSET_SHIFT	0	0	10194
D	RTL8367D_BTCAM_CTRL_TCAM_MDS_MASK		MASK	0x3	3	10195
D	RTL8367D_REG_PBRAM_BISR_CTRL		REGISTER	0x1d38	7480	10197
D	RTL8367D_HAS_HLDRMP_MD_OFFSET		OFFSET_SHIFT	9	9	10198
D	RTL8367D_HAS_HLDRMP_MD_MASK		MASK	0x200	512	10199
D	RTL8367D_PB_HLDRMP_MD_OFFSET		OFFSET_SHIFT	8	8	10200
D	RTL8367D_PB_HLDRMP_MD_MASK		MASK	0x100	256	10201
D	RTL8367D_HAS_BISR_BIRSTN_OFFSET		OFFSET_SHIFT	7	7	10202
D	RTL8367D_HAS_BISR_BIRSTN_MASK		MASK	0x80	128	10203
D	RTL8367D_SEC_RUN_HSA_OFFSET		OFFSET_SHIFT	6	6	10204
D	RTL8367D_SEC_RUN_HSA_MASK		MASK	0x40	64	10205
D	RTL8367D_HAS_HLDRMP_VAL_OFFSET		OFFSET_SHIFT	5	5	10206
D	RTL8367D_HAS_HLDRMP_VAL_MASK		MASK	0x20	32	10207
D	RTL8367D_HAS_BISR_PWRSTN_OFFSET		OFFSET_SHIFT	4	4	10208
D	RTL8367D_HAS_BISR_PWRSTN_MASK		MASK	0x10	16	10209
D	RTL8367D_SEC_RUN_PB_OFFSET		OFFSET_SHIFT	3	3	10210
D	RTL8367D_SEC_RUN_PB_MASK		MASK	0x8	8	10211
D	RTL8367D_PB_HLDRMP_VAL_OFFSET		OFFSET_SHIFT	2	2	10212
D	RTL8367D_PB_HLDRMP_VAL_MASK		MASK	0x4	4	10213
D	RTL8367D_PB_BISR_BIRSTN_OFFSET		OFFSET_SHIFT	1	1	10214
D	RTL8367D_PB_BISR_BIRSTN_MASK		MASK	0x2	2	10215
D	RTL8367D_PB_BISR_PWRSTN_OFFSET		OFFSET_SHIFT	0	0	10216
D	RTL8367D_PB_BISR_PWRSTN_MASK		MASK	0x1	1	10217
D	RTL8367D_REG_CVLANRAM_BISR_CTRL		REGISTER	0x1d39	7481	10219
D	RTL8367D_SEC_RUN_CVLAN_OFFSET		OFFSET_SHIFT	4	4	10220
D	RTL8367D_SEC_RUN_CVLAN_MASK		MASK	0x10	16	10221
D	RTL8367D_CVALN_HLDRMP_MD_OFFSET		OFFSET_SHIFT	3	3	10222
D	RTL8367D_CVALN_HLDRMP_MD_MASK		MASK	0x8	8	10223
D	RTL8367D_CVALN_HLDRMP_VAL_OFFSET		OFFSET_SHIFT	2	2	10224
D	RTL8367D_CVALN_HLDRMP_VAL_MASK		MASK	0x4	4	10225
D	RTL8367D_CVLAN_BISR_BIRSTN_OFFSET		OFFSET_SHIFT	1	1	10226
D	RTL8367D_CVLAN_BISR_BIRSTN_MASK		MASK	0x2	2	10227
D	RTL8367D_CVLAN_BISR_PWRSTN_OFFSET		OFFSET_SHIFT	0	0	10228
D	RTL8367D_CVLAN_BISR_PWRSTN_MASK		MASK	0x1	1	10229
D	RTL8367D_REG_CFG_1588_TIMER_EN_GPI		REGISTER	0x1d3a	7482	10231
D	RTL8367D_CFG_1588_TIMER_EN_GPI_OFFSET		OFFSET_SHIFT	0	0	10232
D	RTL8367D_CFG_1588_TIMER_EN_GPI_MASK		MASK	0x1	1	10233
D	RTL8367D_REG_MDIO_PRMB_SUPP		REGISTER	0x1d3b	7483	10235
D	RTL8367D_SMT_EXT1CK_EN_OFFSET		OFFSET_SHIFT	15	15	10236
D	RTL8367D_SMT_EXT1CK_EN_MASK		MASK	0x8000	32768	10237
D	RTL8367D_FIB_HIPRI_OFFSET		OFFSET_SHIFT	14	14	10238
D	RTL8367D_FIB_HIPRI_MASK		MASK	0x4000	16384	10239
D	RTL8367D_SMT_EN_OFFSET		OFFSET_SHIFT	13	13	10240
D	RTL8367D_SMT_EN_MASK		MASK	0x2000	8192	10241
D	RTL8367D_P4_FB_CPL_OFFSET		OFFSET_SHIFT	12	12	10242
D	RTL8367D_P4_FB_CPL_MASK		MASK	0x1000	4096	10243
D	RTL8367D_P3_FB_CPL_OFFSET		OFFSET_SHIFT	11	11	10244
D	RTL8367D_P3_FB_CPL_MASK		MASK	0x800	2048	10245
D	RTL8367D_P2_FB_CPL_OFFSET		OFFSET_SHIFT	10	10	10246
D	RTL8367D_P2_FB_CPL_MASK		MASK	0x400	1024	10247
D	RTL8367D_P1_FB_CPL_OFFSET		OFFSET_SHIFT	9	9	10248
D	RTL8367D_P1_FB_CPL_MASK		MASK	0x200	512	10249
D	RTL8367D_P0_FB_CPL_OFFSET		OFFSET_SHIFT	8	8	10250
D	RTL8367D_P0_FB_CPL_MASK		MASK	0x100	256	10251
D	RTL8367D_DBG_PKG_8367N_OFFSET		OFFSET_SHIFT	7	7	10252
D	RTL8367D_DBG_PKG_8367N_MASK		MASK	0x80	128	10253
D	RTL8367D_DBG_PKG_8367VB_OFFSET		OFFSET_SHIFT	6	6	10254
D	RTL8367D_DBG_PKG_8367VB_MASK		MASK	0x40	64	10255
D	RTL8367D_CFG_DEBUG_EN_OFFSET		OFFSET_SHIFT	5	5	10256
D	RTL8367D_CFG_DEBUG_EN_MASK		MASK	0x20	32	10257
D	RTL8367D_CFG_TMR_ACK_OFFSET		OFFSET_SHIFT	1	1	10258
D	RTL8367D_CFG_TMR_ACK_MASK		MASK	0x1E	30	10259
D	RTL8367D_CFG_PRMB_SUPP_OFFSET		OFFSET_SHIFT	0	0	10260
D	RTL8367D_CFG_PRMB_SUPP_MASK		MASK	0x1	1	10261
D	RTL8367D_REG_BOND4READ		REGISTER	0x1d3c	7484	10263
D	RTL8367D_SPDUP_OFFSET		OFFSET_SHIFT	13	13	10264
D	RTL8367D_SPDUP_MASK		MASK	0x2000	8192	10265
D	RTL8367D_DBGO_SEL_EN_PAD_OFFSET		OFFSET_SHIFT	12	12	10266
D	RTL8367D_DBGO_SEL_EN_PAD_MASK		MASK	0x1000	4096	10267
D	RTL8367D_BOND_DEGLITCH_ENB_OFFSET		OFFSET_SHIFT	11	11	10268
D	RTL8367D_BOND_DEGLITCH_ENB_MASK		MASK	0x800	2048	10269
D	RTL8367D_BOND_RSV1_OFFSET		OFFSET_SHIFT	10	10	10270
D	RTL8367D_BOND_RSV1_MASK		MASK	0x400	1024	10271
D	RTL8367D_BOND_SYSCLK_OFFSET		OFFSET_SHIFT	7	7	10272
D	RTL8367D_BOND_SYSCLK_MASK		MASK	0x180	384	10273
D	RTL8367D_BOND_DIS_TABLE_INIT_OFFSET		OFFSET_SHIFT	4	4	10274
D	RTL8367D_BOND_DIS_TABLE_INIT_MASK		MASK	0x10	16	10275
D	RTL8367D_BOND_BYP_AFE_PLL_OFFSET		OFFSET_SHIFT	3	3	10276
D	RTL8367D_BOND_BYP_AFE_PLL_MASK		MASK	0x8	8	10277
D	RTL8367D_BOND_BYP_AFE_POR_OFFSET		OFFSET_SHIFT	2	2	10278
D	RTL8367D_BOND_BYP_AFE_POR_MASK		MASK	0x4	4	10279
D	RTL8367D_BOND_EF_EN_OFFSET		OFFSET_SHIFT	0	0	10280
D	RTL8367D_BOND_EF_EN_MASK		MASK	0x1	1	10281
D	RTL8367D_REG_REG_TO_ECO0		REGISTER	0x1d3d	7485	10283
D	RTL8367D_REG_REG_TO_ECO1		REGISTER	0x1d3e	7486	10285
D	RTL8367D_REG_REG_TO_ECO2		REGISTER	0x1d3f	7487	10287
D	RTL8367D_REG_REG_TO_ECO4		REGISTER	0x1d41	7489	10289
D	RTL8367D_CFG_SLED_CLKDUTY_OFFSET		OFFSET_SHIFT	15	15	10290
D	RTL8367D_CFG_SLED_CLKDUTY_MASK		MASK	0x8000	32768	10291
D	RTL8367D_CFG_ECO_SEL_SPD_OFFSET		OFFSET_SHIFT	12	12	10292
D	RTL8367D_CFG_ECO_SEL_SPD_MASK		MASK	0x1000	4096	10293
D	RTL8367D_CFG_DIS_LNKDN_FRC_OFFSET		OFFSET_SHIFT	9	9	10294
D	RTL8367D_CFG_DIS_LNKDN_FRC_MASK		MASK	0x200	512	10295
D	RTL8367D_MAC6_FIB2_OFFSET		OFFSET_SHIFT	7	7	10296
D	RTL8367D_MAC6_FIB2_MASK		MASK	0x80	128	10297
D	RTL8367D_MAC6_FIB_OFFSET		OFFSET_SHIFT	5	5	10298
D	RTL8367D_MAC6_FIB_MASK		MASK	0x20	32	10299
D	RTL8367D_STRAP_EEE_EN_OFFSET		OFFSET_SHIFT	0	0	10300
D	RTL8367D_STRAP_EEE_EN_MASK		MASK	0x1F	31	10301
D	RTL8367D_REG_PHYSTS_CTRL0		REGISTER	0x1d42	7490	10303
D	RTL8367D_SPD_2P5G_LNKUP_DLY_OFFSET		OFFSET_SHIFT	13	13	10304
D	RTL8367D_SPD_2P5G_LNKUP_DLY_MASK		MASK	0x6000	24576	10305
D	RTL8367D_SPD_ABLITY_EN_MAC_OFFSET		OFFSET_SHIFT	7	7	10306
D	RTL8367D_SPD_ABLITY_EN_MAC_MASK		MASK	0x1F80	8064	10307
D	RTL8367D_BYPASS_SPD_ABLITY_EN_MAC_OFFSET		OFFSET_SHIFT	6	6	10308
D	RTL8367D_BYPASS_SPD_ABLITY_EN_MAC_MASK		MASK	0x40	64	10309
D	RTL8367D_LNKUP_DLY_EN_OFFSET		OFFSET_SHIFT	4	4	10310
D	RTL8367D_LNKUP_DLY_EN_MASK		MASK	0x10	16	10311
D	RTL8367D_GE_100M_LNKUP_DLY_OFFSET		OFFSET_SHIFT	2	2	10312
D	RTL8367D_GE_100M_LNKUP_DLY_MASK		MASK	0xC	12	10313
D	RTL8367D_PHYSTS_10M_LNKUP_DLY_OFFSET		OFFSET_SHIFT	0	0	10314
D	RTL8367D_PHYSTS_10M_LNKUP_DLY_MASK		MASK	0x3	3	10315
D	RTL8367D_REG_PHYSTS_CTRL1		REGISTER	0x1d43	7491	10317
D	RTL8367D_PHYSTS_CTRL1_OFFSET		OFFSET_SHIFT	0	0	10318
D	RTL8367D_PHYSTS_CTRL1_MASK		MASK	0xFF	255	10319
D	RTL8367D_REG_SSC_CTRL0_0		REGISTER	0x1d44	7492	10321
D	RTL8367D_SSC_CTRL0_0_SSC_TYPE_OFFSET		OFFSET_SHIFT	13	13	10322
D	RTL8367D_SSC_CTRL0_0_SSC_TYPE_MASK		MASK	0x2000	8192	10323
D	RTL8367D_SSC_CTRL0_0_PHASE_LIM_SEL_OFFSET		OFFSET_SHIFT	5	5	10324
D	RTL8367D_SSC_CTRL0_0_PHASE_LIM_SEL_MASK		MASK	0x1FE0	8160	10325
D	RTL8367D_SSC_CTRL0_0_PHASE_LIM_EN_OFFSET		OFFSET_SHIFT	4	4	10326
D	RTL8367D_SSC_CTRL0_0_PHASE_LIM_EN_MASK		MASK	0x10	16	10327
D	RTL8367D_SSC_CTRL0_0_DLL_MODE_OFFSET		OFFSET_SHIFT	2	2	10328
D	RTL8367D_SSC_CTRL0_0_DLL_MODE_MASK		MASK	0xC	12	10329
D	RTL8367D_SSC_CTRL0_0_SSC_EN_OFFSET		OFFSET_SHIFT	1	1	10330
D	RTL8367D_SSC_CTRL0_0_SSC_EN_MASK		MASK	0x2	2	10331
D	RTL8367D_SSC_CTRL0_0_SSC_MODE_OFFSET		OFFSET_SHIFT	0	0	10332
D	RTL8367D_SSC_CTRL0_0_SSC_MODE_MASK		MASK	0x1	1	10333
D	RTL8367D_REG_SSC_RDM_SEED		REGISTER	0x1d45	7493	10335
D	RTL8367D_REG_SSC_PN_POLY_SEL		REGISTER	0x1d46	7494	10337
D	RTL8367D_REG_SSC_CTRL0_3		REGISTER	0x1d47	7495	10339
D	RTL8367D_SSC_CTRL0_3_PHSFT_CNT_OFFSET		OFFSET_SHIFT	8	8	10340
D	RTL8367D_SSC_CTRL0_3_PHSFT_CNT_MASK		MASK	0x7F00	32512	10341
D	RTL8367D_SSC_CTRL0_3_PHSFT_A_OFFSET		OFFSET_SHIFT	7	7	10342
D	RTL8367D_SSC_CTRL0_3_PHSFT_A_MASK		MASK	0x80	128	10343
D	RTL8367D_SSC_CTRL0_3_PHSFT_B_OFFSET		OFFSET_SHIFT	6	6	10344
D	RTL8367D_SSC_CTRL0_3_PHSFT_B_MASK		MASK	0x40	64	10345
D	RTL8367D_SSC_CTRL0_3_PHSFT_UPDN_OFFSET		OFFSET_SHIFT	5	5	10346
D	RTL8367D_SSC_CTRL0_3_PHSFT_UPDN_MASK		MASK	0x20	32	10347
D	RTL8367D_SSC_CTRL0_3_PHSFT_PRD_OFFSET		OFFSET_SHIFT	4	4	10348
D	RTL8367D_SSC_CTRL0_3_PHSFT_PRD_MASK		MASK	0x10	16	10349
D	RTL8367D_SSC_CTRL0_3_PN_POLY_DEG_OFFSET		OFFSET_SHIFT	0	0	10350
D	RTL8367D_SSC_CTRL0_3_PN_POLY_DEG_MASK		MASK	0xF	15	10351
D	RTL8367D_REG_SSC_CTRL0_4		REGISTER	0x1d48	7496	10353
D	RTL8367D_SSC_CTRL0_4_SSC_UP1DN0_OFFSET		OFFSET_SHIFT	15	15	10354
D	RTL8367D_SSC_CTRL0_4_SSC_UP1DN0_MASK		MASK	0x8000	32768	10355
D	RTL8367D_SSC_CTRL0_4_SSC_PERIOD_OFFSET		OFFSET_SHIFT	8	8	10356
D	RTL8367D_SSC_CTRL0_4_SSC_PERIOD_MASK		MASK	0x7F00	32512	10357
D	RTL8367D_SSC_CTRL0_4_SSC_OFFSET_OFFSET		OFFSET_SHIFT	0	0	10358
D	RTL8367D_SSC_CTRL0_4_SSC_OFFSET_MASK		MASK	0xFF	255	10359
D	RTL8367D_REG_SSC_CTRL0_5		REGISTER	0x1d49	7497	10361
D	RTL8367D_SSC_CTRL0_5_PH_OFS_TOG_OFFSET		OFFSET_SHIFT	15	15	10362
D	RTL8367D_SSC_CTRL0_5_PH_OFS_TOG_MASK		MASK	0x8000	32768	10363
D	RTL8367D_SSC_CTRL0_5_PH_OFS_OFFSET		OFFSET_SHIFT	10	10	10364
D	RTL8367D_SSC_CTRL0_5_PH_OFS_MASK		MASK	0x7C00	31744	10365
D	RTL8367D_SSC_CTRL0_5_SSC_STEP_OFFSET		OFFSET_SHIFT	4	4	10366
D	RTL8367D_SSC_CTRL0_5_SSC_STEP_MASK		MASK	0x3F0	1008	10367
D	RTL8367D_SSC_CTRL0_5_SSC_TEST_MODE_OFFSET		OFFSET_SHIFT	2	2	10368
D	RTL8367D_SSC_CTRL0_5_SSC_TEST_MODE_MASK		MASK	0xC	12	10369
D	RTL8367D_SSC_CTRL0_5_SSC_PH_CFG_OFFSET		OFFSET_SHIFT	0	0	10370
D	RTL8367D_SSC_CTRL0_5_SSC_PH_CFG_MASK		MASK	0x3	3	10371
D	RTL8367D_REG_SSC_STS0		REGISTER	0x1d4a	7498	10373
D	RTL8367D_SSC_STS0_OFS_BUSY_OFFSET		OFFSET_SHIFT	13	13	10374
D	RTL8367D_SSC_STS0_OFS_BUSY_MASK		MASK	0x2000	8192	10375
D	RTL8367D_SSC_STS0_OFS_TOTAL_R_OFFSET		OFFSET_SHIFT	8	8	10376
D	RTL8367D_SSC_STS0_OFS_TOTAL_R_MASK		MASK	0x1F00	7936	10377
D	RTL8367D_SSC_STS0_CNT_GRY0_OFFSET		OFFSET_SHIFT	4	4	10378
D	RTL8367D_SSC_STS0_CNT_GRY0_MASK		MASK	0xF0	240	10379
D	RTL8367D_SSC_STS0_OFS_GRY0_OFFSET		OFFSET_SHIFT	0	0	10380
D	RTL8367D_SSC_STS0_OFS_GRY0_MASK		MASK	0xF	15	10381
D	RTL8367D_REG_SSC_CTRL1_0		REGISTER	0x1d4b	7499	10383
D	RTL8367D_SSC_CTRL1_0_SSC_TYPE_OFFSET		OFFSET_SHIFT	13	13	10384
D	RTL8367D_SSC_CTRL1_0_SSC_TYPE_MASK		MASK	0x2000	8192	10385
D	RTL8367D_SSC_CTRL1_0_PHASE_LIM_SEL_OFFSET		OFFSET_SHIFT	5	5	10386
D	RTL8367D_SSC_CTRL1_0_PHASE_LIM_SEL_MASK		MASK	0x1FE0	8160	10387
D	RTL8367D_SSC_CTRL1_0_PHASE_LIM_EN_OFFSET		OFFSET_SHIFT	4	4	10388
D	RTL8367D_SSC_CTRL1_0_PHASE_LIM_EN_MASK		MASK	0x10	16	10389
D	RTL8367D_SSC_CTRL1_0_DLL_MODE_OFFSET		OFFSET_SHIFT	2	2	10390
D	RTL8367D_SSC_CTRL1_0_DLL_MODE_MASK		MASK	0xC	12	10391
D	RTL8367D_SSC_CTRL1_0_SSC_EN_OFFSET		OFFSET_SHIFT	1	1	10392
D	RTL8367D_SSC_CTRL1_0_SSC_EN_MASK		MASK	0x2	2	10393
D	RTL8367D_SSC_CTRL1_0_SSC_MODE_OFFSET		OFFSET_SHIFT	0	0	10394
D	RTL8367D_SSC_CTRL1_0_SSC_MODE_MASK		MASK	0x1	1	10395
D	RTL8367D_REG_SSC_RDM_SEED1		REGISTER	0x1d4c	7500	10397
D	RTL8367D_REG_SSC_PN_POLY_SEL1		REGISTER	0x1d4d	7501	10399
D	RTL8367D_REG_SSC_CTRL1_3		REGISTER	0x1d4e	7502	10401
D	RTL8367D_SSC_CTRL1_3_PHSFT_CNT_OFFSET		OFFSET_SHIFT	8	8	10402
D	RTL8367D_SSC_CTRL1_3_PHSFT_CNT_MASK		MASK	0x7F00	32512	10403
D	RTL8367D_SSC_CTRL1_3_PHSFT_A_OFFSET		OFFSET_SHIFT	7	7	10404
D	RTL8367D_SSC_CTRL1_3_PHSFT_A_MASK		MASK	0x80	128	10405
D	RTL8367D_SSC_CTRL1_3_PHSFT_B_OFFSET		OFFSET_SHIFT	6	6	10406
D	RTL8367D_SSC_CTRL1_3_PHSFT_B_MASK		MASK	0x40	64	10407
D	RTL8367D_SSC_CTRL1_3_PHSFT_UPDN_OFFSET		OFFSET_SHIFT	5	5	10408
D	RTL8367D_SSC_CTRL1_3_PHSFT_UPDN_MASK		MASK	0x20	32	10409
D	RTL8367D_SSC_CTRL1_3_PHSFT_PRD_OFFSET		OFFSET_SHIFT	4	4	10410
D	RTL8367D_SSC_CTRL1_3_PHSFT_PRD_MASK		MASK	0x10	16	10411
D	RTL8367D_SSC_CTRL1_3_PN_POLY_DEG_OFFSET		OFFSET_SHIFT	0	0	10412
D	RTL8367D_SSC_CTRL1_3_PN_POLY_DEG_MASK		MASK	0xF	15	10413
D	RTL8367D_REG_SSC_CTRL1_4		REGISTER	0x1d4f	7503	10415
D	RTL8367D_SSC_CTRL1_4_SSC_UP1DN0_OFFSET		OFFSET_SHIFT	15	15	10416
D	RTL8367D_SSC_CTRL1_4_SSC_UP1DN0_MASK		MASK	0x8000	32768	10417
D	RTL8367D_SSC_CTRL1_4_SSC_PERIOD_OFFSET		OFFSET_SHIFT	8	8	10418
D	RTL8367D_SSC_CTRL1_4_SSC_PERIOD_MASK		MASK	0x7F00	32512	10419
D	RTL8367D_SSC_CTRL1_4_SSC_OFFSET_OFFSET		OFFSET_SHIFT	0	0	10420
D	RTL8367D_SSC_CTRL1_4_SSC_OFFSET_MASK		MASK	0xFF	255	10421
D	RTL8367D_REG_SSC_CTRL1_5		REGISTER	0x1d50	7504	10423
D	RTL8367D_SSC_CTRL1_5_PH_OFS_TOG_OFFSET		OFFSET_SHIFT	15	15	10424
D	RTL8367D_SSC_CTRL1_5_PH_OFS_TOG_MASK		MASK	0x8000	32768	10425
D	RTL8367D_SSC_CTRL1_5_PH_OFS_OFFSET		OFFSET_SHIFT	10	10	10426
D	RTL8367D_SSC_CTRL1_5_PH_OFS_MASK		MASK	0x7C00	31744	10427
D	RTL8367D_SSC_CTRL1_5_SSC_STEP_OFFSET		OFFSET_SHIFT	4	4	10428
D	RTL8367D_SSC_CTRL1_5_SSC_STEP_MASK		MASK	0x3F0	1008	10429
D	RTL8367D_SSC_CTRL1_5_SSC_TEST_MODE_OFFSET		OFFSET_SHIFT	2	2	10430
D	RTL8367D_SSC_CTRL1_5_SSC_TEST_MODE_MASK		MASK	0xC	12	10431
D	RTL8367D_SSC_CTRL1_5_SSC_PH_CFG_OFFSET		OFFSET_SHIFT	0	0	10432
D	RTL8367D_SSC_CTRL1_5_SSC_PH_CFG_MASK		MASK	0x3	3	10433
D	RTL8367D_REG_SSC_STS1		REGISTER	0x1d51	7505	10435
D	RTL8367D_SSC_STS1_OFS_BUSY_OFFSET		OFFSET_SHIFT	13	13	10436
D	RTL8367D_SSC_STS1_OFS_BUSY_MASK		MASK	0x2000	8192	10437
D	RTL8367D_SSC_STS1_OFS_TOTAL_R_OFFSET		OFFSET_SHIFT	8	8	10438
D	RTL8367D_SSC_STS1_OFS_TOTAL_R_MASK		MASK	0x1F00	7936	10439
D	RTL8367D_SSC_STS1_CNT_GRY0_OFFSET		OFFSET_SHIFT	4	4	10440
D	RTL8367D_SSC_STS1_CNT_GRY0_MASK		MASK	0xF0	240	10441
D	RTL8367D_SSC_STS1_OFS_GRY0_OFFSET		OFFSET_SHIFT	0	0	10442
D	RTL8367D_SSC_STS1_OFS_GRY0_MASK		MASK	0xF	15	10443
D	RTL8367D_REG_SSC_CTRL2_0		REGISTER	0x1d52	7506	10445
D	RTL8367D_SSC_CTRL2_0_SSC_TYPE_OFFSET		OFFSET_SHIFT	13	13	10446
D	RTL8367D_SSC_CTRL2_0_SSC_TYPE_MASK		MASK	0x2000	8192	10447
D	RTL8367D_SSC_CTRL2_0_PHASE_LIM_SEL_OFFSET		OFFSET_SHIFT	5	5	10448
D	RTL8367D_SSC_CTRL2_0_PHASE_LIM_SEL_MASK		MASK	0x1FE0	8160	10449
D	RTL8367D_SSC_CTRL2_0_PHASE_LIM_EN_OFFSET		OFFSET_SHIFT	4	4	10450
D	RTL8367D_SSC_CTRL2_0_PHASE_LIM_EN_MASK		MASK	0x10	16	10451
D	RTL8367D_SSC_CTRL2_0_DLL_MODE_OFFSET		OFFSET_SHIFT	2	2	10452
D	RTL8367D_SSC_CTRL2_0_DLL_MODE_MASK		MASK	0xC	12	10453
D	RTL8367D_SSC_CTRL2_0_SSC_EN_OFFSET		OFFSET_SHIFT	1	1	10454
D	RTL8367D_SSC_CTRL2_0_SSC_EN_MASK		MASK	0x2	2	10455
D	RTL8367D_SSC_CTRL2_0_SSC_MODE_OFFSET		OFFSET_SHIFT	0	0	10456
D	RTL8367D_SSC_CTRL2_0_SSC_MODE_MASK		MASK	0x1	1	10457
D	RTL8367D_REG_SSC_RDM_SEED2		REGISTER	0x1d53	7507	10459
D	RTL8367D_REG_SSC_PN_POLY_SEL2		REGISTER	0x1d54	7508	10461
D	RTL8367D_REG_SSC_CTRL2_3		REGISTER	0x1d55	7509	10463
D	RTL8367D_SSC_CTRL2_3_PHSFT_CNT_OFFSET		OFFSET_SHIFT	8	8	10464
D	RTL8367D_SSC_CTRL2_3_PHSFT_CNT_MASK		MASK	0x7F00	32512	10465
D	RTL8367D_SSC_CTRL2_3_PHSFT_A_OFFSET		OFFSET_SHIFT	7	7	10466
D	RTL8367D_SSC_CTRL2_3_PHSFT_A_MASK		MASK	0x80	128	10467
D	RTL8367D_SSC_CTRL2_3_PHSFT_B_OFFSET		OFFSET_SHIFT	6	6	10468
D	RTL8367D_SSC_CTRL2_3_PHSFT_B_MASK		MASK	0x40	64	10469
D	RTL8367D_SSC_CTRL2_3_PHSFT_UPDN_OFFSET		OFFSET_SHIFT	5	5	10470
D	RTL8367D_SSC_CTRL2_3_PHSFT_UPDN_MASK		MASK	0x20	32	10471
D	RTL8367D_SSC_CTRL2_3_PHSFT_PRD_OFFSET		OFFSET_SHIFT	4	4	10472
D	RTL8367D_SSC_CTRL2_3_PHSFT_PRD_MASK		MASK	0x10	16	10473
D	RTL8367D_SSC_CTRL2_3_PN_POLY_DEG_OFFSET		OFFSET_SHIFT	0	0	10474
D	RTL8367D_SSC_CTRL2_3_PN_POLY_DEG_MASK		MASK	0xF	15	10475
D	RTL8367D_REG_SSC_CTRL2_4		REGISTER	0x1d56	7510	10477
D	RTL8367D_SSC_CTRL2_4_SSC_UP1DN0_OFFSET		OFFSET_SHIFT	15	15	10478
D	RTL8367D_SSC_CTRL2_4_SSC_UP1DN0_MASK		MASK	0x8000	32768	10479
D	RTL8367D_SSC_CTRL2_4_SSC_PERIOD_OFFSET		OFFSET_SHIFT	8	8	10480
D	RTL8367D_SSC_CTRL2_4_SSC_PERIOD_MASK		MASK	0x7F00	32512	10481
D	RTL8367D_SSC_CTRL2_4_SSC_OFFSET_OFFSET		OFFSET_SHIFT	0	0	10482
D	RTL8367D_SSC_CTRL2_4_SSC_OFFSET_MASK		MASK	0xFF	255	10483
D	RTL8367D_REG_SSC_CTRL2_5		REGISTER	0x1d57	7511	10485
D	RTL8367D_SSC_CTRL2_5_PH_OFS_TOG_OFFSET		OFFSET_SHIFT	15	15	10486
D	RTL8367D_SSC_CTRL2_5_PH_OFS_TOG_MASK		MASK	0x8000	32768	10487
D	RTL8367D_SSC_CTRL2_5_PH_OFS_OFFSET		OFFSET_SHIFT	10	10	10488
D	RTL8367D_SSC_CTRL2_5_PH_OFS_MASK		MASK	0x7C00	31744	10489
D	RTL8367D_SSC_CTRL2_5_SSC_STEP_OFFSET		OFFSET_SHIFT	4	4	10490
D	RTL8367D_SSC_CTRL2_5_SSC_STEP_MASK		MASK	0x3F0	1008	10491
D	RTL8367D_SSC_CTRL2_5_SSC_TEST_MODE_OFFSET		OFFSET_SHIFT	2	2	10492
D	RTL8367D_SSC_CTRL2_5_SSC_TEST_MODE_MASK		MASK	0xC	12	10493
D	RTL8367D_SSC_CTRL2_5_SSC_PH_CFG_OFFSET		OFFSET_SHIFT	0	0	10494
D	RTL8367D_SSC_CTRL2_5_SSC_PH_CFG_MASK		MASK	0x3	3	10495
D	RTL8367D_REG_SSC_STS2		REGISTER	0x1d58	7512	10497
D	RTL8367D_SSC_STS2_OFS_BUSY_OFFSET		OFFSET_SHIFT	13	13	10498
D	RTL8367D_SSC_STS2_OFS_BUSY_MASK		MASK	0x2000	8192	10499
D	RTL8367D_SSC_STS2_OFS_TOTAL_R_OFFSET		OFFSET_SHIFT	8	8	10500
D	RTL8367D_SSC_STS2_OFS_TOTAL_R_MASK		MASK	0x1F00	7936	10501
D	RTL8367D_SSC_STS2_CNT_GRY0_OFFSET		OFFSET_SHIFT	4	4	10502
D	RTL8367D_SSC_STS2_CNT_GRY0_MASK		MASK	0xF0	240	10503
D	RTL8367D_SSC_STS2_OFS_GRY0_OFFSET		OFFSET_SHIFT	0	0	10504
D	RTL8367D_SSC_STS2_OFS_GRY0_MASK		MASK	0xF	15	10505
D	RTL8367D_REG_SSC_CTRL3_0		REGISTER	0x1d59	7513	10507
D	RTL8367D_SSC_CTRL3_0_SSC_TYPE_OFFSET		OFFSET_SHIFT	13	13	10508
D	RTL8367D_SSC_CTRL3_0_SSC_TYPE_MASK		MASK	0x2000	8192	10509
D	RTL8367D_SSC_CTRL3_0_PHASE_LIM_SEL_OFFSET		OFFSET_SHIFT	5	5	10510
D	RTL8367D_SSC_CTRL3_0_PHASE_LIM_SEL_MASK		MASK	0x1FE0	8160	10511
D	RTL8367D_SSC_CTRL3_0_PHASE_LIM_EN_OFFSET		OFFSET_SHIFT	4	4	10512
D	RTL8367D_SSC_CTRL3_0_PHASE_LIM_EN_MASK		MASK	0x10	16	10513
D	RTL8367D_SSC_CTRL3_0_DLL_MODE_OFFSET		OFFSET_SHIFT	2	2	10514
D	RTL8367D_SSC_CTRL3_0_DLL_MODE_MASK		MASK	0xC	12	10515
D	RTL8367D_SSC_CTRL3_0_SSC_EN_OFFSET		OFFSET_SHIFT	1	1	10516
D	RTL8367D_SSC_CTRL3_0_SSC_EN_MASK		MASK	0x2	2	10517
D	RTL8367D_SSC_CTRL3_0_SSC_MODE_OFFSET		OFFSET_SHIFT	0	0	10518
D	RTL8367D_SSC_CTRL3_0_SSC_MODE_MASK		MASK	0x1	1	10519
D	RTL8367D_REG_SSC_RDM_SEED3		REGISTER	0x1d5a	7514	10521
D	RTL8367D_REG_SSC_PN_POLY_SEL3		REGISTER	0x1d5b	7515	10523
D	RTL8367D_REG_SSC_CTRL3_3		REGISTER	0x1d5c	7516	10525
D	RTL8367D_SSC_CTRL3_3_PHSFT_CNT_OFFSET		OFFSET_SHIFT	8	8	10526
D	RTL8367D_SSC_CTRL3_3_PHSFT_CNT_MASK		MASK	0x7F00	32512	10527
D	RTL8367D_SSC_CTRL3_3_PHSFT_A_OFFSET		OFFSET_SHIFT	7	7	10528
D	RTL8367D_SSC_CTRL3_3_PHSFT_A_MASK		MASK	0x80	128	10529
D	RTL8367D_SSC_CTRL3_3_PHSFT_B_OFFSET		OFFSET_SHIFT	6	6	10530
D	RTL8367D_SSC_CTRL3_3_PHSFT_B_MASK		MASK	0x40	64	10531
D	RTL8367D_SSC_CTRL3_3_PHSFT_UPDN_OFFSET		OFFSET_SHIFT	5	5	10532
D	RTL8367D_SSC_CTRL3_3_PHSFT_UPDN_MASK		MASK	0x20	32	10533
D	RTL8367D_SSC_CTRL3_3_PHSFT_PRD_OFFSET		OFFSET_SHIFT	4	4	10534
D	RTL8367D_SSC_CTRL3_3_PHSFT_PRD_MASK		MASK	0x10	16	10535
D	RTL8367D_SSC_CTRL3_3_PN_POLY_DEG_OFFSET		OFFSET_SHIFT	0	0	10536
D	RTL8367D_SSC_CTRL3_3_PN_POLY_DEG_MASK		MASK	0xF	15	10537
D	RTL8367D_REG_SSC_CTRL3_4		REGISTER	0x1d5d	7517	10539
D	RTL8367D_SSC_CTRL3_4_SSC_UP1DN0_OFFSET		OFFSET_SHIFT	15	15	10540
D	RTL8367D_SSC_CTRL3_4_SSC_UP1DN0_MASK		MASK	0x8000	32768	10541
D	RTL8367D_SSC_CTRL3_4_SSC_PERIOD_OFFSET		OFFSET_SHIFT	8	8	10542
D	RTL8367D_SSC_CTRL3_4_SSC_PERIOD_MASK		MASK	0x7F00	32512	10543
D	RTL8367D_SSC_CTRL3_4_SSC_OFFSET_OFFSET		OFFSET_SHIFT	0	0	10544
D	RTL8367D_SSC_CTRL3_4_SSC_OFFSET_MASK		MASK	0xFF	255	10545
D	RTL8367D_REG_SSC_CTRL3_5		REGISTER	0x1d5e	7518	10547
D	RTL8367D_SSC_CTRL3_5_PH_OFS_TOG_OFFSET		OFFSET_SHIFT	15	15	10548
D	RTL8367D_SSC_CTRL3_5_PH_OFS_TOG_MASK		MASK	0x8000	32768	10549
D	RTL8367D_SSC_CTRL3_5_PH_OFS_OFFSET		OFFSET_SHIFT	10	10	10550
D	RTL8367D_SSC_CTRL3_5_PH_OFS_MASK		MASK	0x7C00	31744	10551
D	RTL8367D_SSC_CTRL3_5_SSC_STEP_OFFSET		OFFSET_SHIFT	4	4	10552
D	RTL8367D_SSC_CTRL3_5_SSC_STEP_MASK		MASK	0x3F0	1008	10553
D	RTL8367D_SSC_CTRL3_5_SSC_TEST_MODE_OFFSET		OFFSET_SHIFT	2	2	10554
D	RTL8367D_SSC_CTRL3_5_SSC_TEST_MODE_MASK		MASK	0xC	12	10555
D	RTL8367D_SSC_CTRL3_5_SSC_PH_CFG_OFFSET		OFFSET_SHIFT	0	0	10556
D	RTL8367D_SSC_CTRL3_5_SSC_PH_CFG_MASK		MASK	0x3	3	10557
D	RTL8367D_REG_SSC_STS3		REGISTER	0x1d5f	7519	10559
D	RTL8367D_SSC_STS3_OFS_BUSY_OFFSET		OFFSET_SHIFT	13	13	10560
D	RTL8367D_SSC_STS3_OFS_BUSY_MASK		MASK	0x2000	8192	10561
D	RTL8367D_SSC_STS3_OFS_TOTAL_R_OFFSET		OFFSET_SHIFT	8	8	10562
D	RTL8367D_SSC_STS3_OFS_TOTAL_R_MASK		MASK	0x1F00	7936	10563
D	RTL8367D_SSC_STS3_CNT_GRY0_OFFSET		OFFSET_SHIFT	4	4	10564
D	RTL8367D_SSC_STS3_CNT_GRY0_MASK		MASK	0xF0	240	10565
D	RTL8367D_SSC_STS3_OFS_GRY0_OFFSET		OFFSET_SHIFT	0	0	10566
D	RTL8367D_SSC_STS3_OFS_GRY0_MASK		MASK	0xF	15	10567
D	RTL8367D_REG_PHY_POLL_CFG13		REGISTER	0x1d60	7520	10569
D	RTL8367D_REG_PHY_POLL_CFG14		REGISTER	0x1d61	7521	10571
D	RTL8367D_REG_FRC_SYS_CLK		REGISTER	0x1d62	7522	10573
D	RTL8367D_SYSCLK_FRC_MD_OFFSET		OFFSET_SHIFT	2	2	10574
D	RTL8367D_SYSCLK_FRC_MD_MASK		MASK	0x4	4	10575
D	RTL8367D_SYSCLK_FRC_VAL_OFFSET		OFFSET_SHIFT	0	0	10576
D	RTL8367D_SYSCLK_FRC_VAL_MASK		MASK	0x3	3	10577
D	RTL8367D_REG_AFE_SSC_CTRL		REGISTER	0x1d63	7523	10579
D	RTL8367D_PH_RSTB_TXD1_OFFSET		OFFSET_SHIFT	9	9	10580
D	RTL8367D_PH_RSTB_TXD1_MASK		MASK	0x200	512	10581
D	RTL8367D_PH_RSTB_TXC1_OFFSET		OFFSET_SHIFT	8	8	10582
D	RTL8367D_PH_RSTB_TXC1_MASK		MASK	0x100	256	10583
D	RTL8367D_PH_RSTB_TXD0_OFFSET		OFFSET_SHIFT	7	7	10584
D	RTL8367D_PH_RSTB_TXD0_MASK		MASK	0x80	128	10585
D	RTL8367D_PH_RSTB_TXC0_OFFSET		OFFSET_SHIFT	6	6	10586
D	RTL8367D_PH_RSTB_TXC0_MASK		MASK	0x40	64	10587
D	RTL8367D_PH_RSTBSYS_OFFSET		OFFSET_SHIFT	5	5	10588
D	RTL8367D_PH_RSTBSYS_MASK		MASK	0x20	32	10589
D	RTL8367D_PH_RSTB8051_OFFSET		OFFSET_SHIFT	4	4	10590
D	RTL8367D_PH_RSTB8051_MASK		MASK	0x10	16	10591
D	RTL8367D_OREG_SSC_OFFSET		OFFSET_SHIFT	0	0	10592
D	RTL8367D_OREG_SSC_MASK		MASK	0xF	15	10593
D	RTL8367D_REG_BUFF_RST_CTRL0		REGISTER	0x1d64	7524	10595
D	RTL8367D_BUFFRST_TXESD_EN_OFFSET		OFFSET_SHIFT	13	13	10596
D	RTL8367D_BUFFRST_TXESD_EN_MASK		MASK	0x2000	8192	10597
D	RTL8367D_BUFF_RST_TIME_LONG_OFFSET		OFFSET_SHIFT	8	8	10598
D	RTL8367D_BUFF_RST_TIME_LONG_MASK		MASK	0x1F00	7936	10599
D	RTL8367D_BUFF_RST_TIME_SHORT_OFFSET		OFFSET_SHIFT	3	3	10600
D	RTL8367D_BUFF_RST_TIME_SHORT_MASK		MASK	0xF8	248	10601
D	RTL8367D_SW_BUFF_RST_OFFSET		OFFSET_SHIFT	2	2	10602
D	RTL8367D_SW_BUFF_RST_MASK		MASK	0x4	4	10603
D	RTL8367D_IMS_BUFF_RST_OFFSET		OFFSET_SHIFT	1	1	10604
D	RTL8367D_IMS_BUFF_RST_MASK		MASK	0x2	2	10605
D	RTL8367D_IMR_BUFF_RST_OFFSET		OFFSET_SHIFT	0	0	10606
D	RTL8367D_IMR_BUFF_RST_MASK		MASK	0x1	1	10607
D	RTL8367D_REG_BUFF_RST_CTRL1		REGISTER	0x1d65	7525	10609
D	RTL8367D_BUFFRST_SYSOVER_EN_OFFSET		OFFSET_SHIFT	11	11	10610
D	RTL8367D_BUFFRST_SYSOVER_EN_MASK		MASK	0x800	2048	10611
D	RTL8367D_BUFFRST_SYSOVER_THR_OFFSET		OFFSET_SHIFT	0	0	10612
D	RTL8367D_BUFFRST_SYSOVER_THR_MASK		MASK	0x7FF	2047	10613
D	RTL8367D_REG_BUFF_RST_CTRL2		REGISTER	0x1d66	7526	10615
D	RTL8367D_BUFFRST_QOVER_EN_OFFSET		OFFSET_SHIFT	11	11	10616
D	RTL8367D_BUFFRST_QOVER_EN_MASK		MASK	0x800	2048	10617
D	RTL8367D_BUFFRST_QOVER_THR_OFFSET		OFFSET_SHIFT	0	0	10618
D	RTL8367D_BUFFRST_QOVER_THR_MASK		MASK	0x7FF	2047	10619
D	RTL8367D_REG_BUFF_RST_CTRL3		REGISTER	0x1d67	7527	10621
D	RTL8367D_DSC_TIMER_OFFSET		OFFSET_SHIFT	12	12	10622
D	RTL8367D_DSC_TIMER_MASK		MASK	0xF000	61440	10623
D	RTL8367D_BUFFRST_DSCOVER_THR_OFFSET		OFFSET_SHIFT	1	1	10624
D	RTL8367D_BUFFRST_DSCOVER_THR_MASK		MASK	0xFFE	4094	10625
D	RTL8367D_BUFFRST_DSCOVER_EN_OFFSET		OFFSET_SHIFT	0	0	10626
D	RTL8367D_BUFFRST_DSCOVER_EN_MASK		MASK	0x1	1	10627
D	RTL8367D_REG_BUFF_RST_CTRL4		REGISTER	0x1d68	7528	10629
D	RTL8367D_INDSC_TIMER_OFFSET		OFFSET_SHIFT	12	12	10630
D	RTL8367D_INDSC_TIMER_MASK		MASK	0xF000	61440	10631
D	RTL8367D_BUFFRST_INDSCOVER_THR_OFFSET		OFFSET_SHIFT	1	1	10632
D	RTL8367D_BUFFRST_INDSCOVER_THR_MASK		MASK	0xFFE	4094	10633
D	RTL8367D_BUFFRST_INDSCOVER_EN_OFFSET		OFFSET_SHIFT	0	0	10634
D	RTL8367D_BUFFRST_INDSCOVER_EN_MASK		MASK	0x1	1	10635
D	RTL8367D_REG_TOP_CON0		REGISTER	0x1d70	7536	10637
D	RTL8367D_MAC7_SEL_EXT1_OFFSET		OFFSET_SHIFT	13	13	10638
D	RTL8367D_MAC7_SEL_EXT1_MASK		MASK	0x2000	8192	10639
D	RTL8367D_MAC4_SEL_EXT1_OFFSET		OFFSET_SHIFT	12	12	10640
D	RTL8367D_MAC4_SEL_EXT1_MASK		MASK	0x1000	4096	10641
D	RTL8367D_FIB_EEE_AB_OFFSET		OFFSET_SHIFT	11	11	10642
D	RTL8367D_FIB_EEE_AB_MASK		MASK	0x800	2048	10643
D	RTL8367D_ADCCKIEN_OFFSET		OFFSET_SHIFT	10	10	10644
D	RTL8367D_ADCCKIEN_MASK		MASK	0x400	1024	10645
D	RTL8367D_OCP_TIMEOUT_OFFSET		OFFSET_SHIFT	5	5	10646
D	RTL8367D_OCP_TIMEOUT_MASK		MASK	0x3E0	992	10647
D	RTL8367D_RG2_TXC_SEL_OFFSET		OFFSET_SHIFT	3	3	10648
D	RTL8367D_RG2_TXC_SEL_MASK		MASK	0x8	8	10649
D	RTL8367D_RG1TXC_SEL_OFFSET		OFFSET_SHIFT	2	2	10650
D	RTL8367D_RG1TXC_SEL_MASK		MASK	0x4	4	10651
D	RTL8367D_SYNC_1588_EN_OFFSET		OFFSET_SHIFT	1	1	10652
D	RTL8367D_SYNC_1588_EN_MASK		MASK	0x2	2	10653
D	RTL8367D_LS_MODE_OFFSET		OFFSET_SHIFT	0	0	10654
D	RTL8367D_LS_MODE_MASK		MASK	0x1	1	10655
D	RTL8367D_REG_TOP_CON1		REGISTER	0x1d71	7537	10657
D	RTL8367D_TA_CHK_EN_OFFSET		OFFSET_SHIFT	2	2	10658
D	RTL8367D_TA_CHK_EN_MASK		MASK	0x4	4	10659
D	RTL8367D_SLV_EG_SEL_OFFSET		OFFSET_SHIFT	1	1	10660
D	RTL8367D_SLV_EG_SEL_MASK		MASK	0x2	2	10661
D	RTL8367D_IIC_OP_DRAIN_OFFSET		OFFSET_SHIFT	0	0	10662
D	RTL8367D_IIC_OP_DRAIN_MASK		MASK	0x1	1	10663
D	RTL8367D_REG_SWR_FPWM		REGISTER	0x1d72	7538	10665
D	RTL8367D_SWR_FPWM_OFFSET		OFFSET_SHIFT	0	0	10666
D	RTL8367D_SWR_FPWM_MASK		MASK	0x1	1	10667
D	RTL8367D_REG_EEEP_CTRL_500M		REGISTER	0x1d73	7539	10669
D	RTL8367D_REG_SHORT_PRMB		REGISTER	0x1d74	7540	10671
D	RTL8367D_SHORT_PRMB_OFFSET		OFFSET_SHIFT	0	0	10672
D	RTL8367D_SHORT_PRMB_MASK		MASK	0x1	1	10673
D	RTL8367D_REG_TOP_ACS_OPT		REGISTER	0x1d75	7541	10675
D	RTL8367D_CFG_OCP_DIRACS_OFFSET		OFFSET_SHIFT	1	1	10676
D	RTL8367D_CFG_OCP_DIRACS_MASK		MASK	0x2	2	10677
D	RTL8367D_CFG_67D_DIR_MDX_OFFSET		OFFSET_SHIFT	0	0	10678
D	RTL8367D_CFG_67D_DIR_MDX_MASK		MASK	0x1	1	10679
D	RTL8367D_REG_CAL_CMD_0		REGISTER	0x1d76	7542	10681
D	RTL8367D_CAL_CME_EN_OFFSET		OFFSET_SHIFT	5	5	10682
D	RTL8367D_CAL_CME_EN_MASK		MASK	0x20	32	10683
D	RTL8367D_CAL_PHYAD_OFFSET		OFFSET_SHIFT	0	0	10684
D	RTL8367D_CAL_PHYAD_MASK		MASK	0x1F	31	10685
D	RTL8367D_REG_CAL_CMD_1		REGISTER	0x1d77	7543	10687
D	RTL8367D_CAL_CMD7_OFFSET		OFFSET_SHIFT	6	6	10688
D	RTL8367D_CAL_CMD7_MASK		MASK	0x40	64	10689
D	RTL8367D_CAL_CMD6_OFFSET		OFFSET_SHIFT	5	5	10690
D	RTL8367D_CAL_CMD6_MASK		MASK	0x20	32	10691
D	RTL8367D_CAL_CMD5_OFFSET		OFFSET_SHIFT	4	4	10692
D	RTL8367D_CAL_CMD5_MASK		MASK	0x10	16	10693
D	RTL8367D_CAL_CMD4_OFFSET		OFFSET_SHIFT	3	3	10694
D	RTL8367D_CAL_CMD4_MASK		MASK	0x8	8	10695
D	RTL8367D_CAL_CMD3_OFFSET		OFFSET_SHIFT	2	2	10696
D	RTL8367D_CAL_CMD3_MASK		MASK	0x4	4	10697
D	RTL8367D_CAL_CMD2_OFFSET		OFFSET_SHIFT	1	1	10698
D	RTL8367D_CAL_CMD2_MASK		MASK	0x2	2	10699
D	RTL8367D_CAL_CMD1_OFFSET		OFFSET_SHIFT	0	0	10700
D	RTL8367D_CAL_CMD1_MASK		MASK	0x1	1	10701
D	RTL8367D_REG_SDS1_MISC0		REGISTER	0x1d78	7544	10703
D	RTL8367D_PA33PC_EN_S1_OFFSET		OFFSET_SHIFT	10	10	10704
D	RTL8367D_PA33PC_EN_S1_MASK		MASK	0x400	1024	10705
D	RTL8367D_PA12PC_EN_S1_OFFSET		OFFSET_SHIFT	9	9	10706
D	RTL8367D_PA12PC_EN_S1_MASK		MASK	0x200	512	10707
D	RTL8367D_SDS1_MISC0_SDS_PWR_ISO_EN_1_OFFSET		OFFSET_SHIFT	8	8	10708
D	RTL8367D_SDS1_MISC0_SDS_PWR_ISO_EN_1_MASK		MASK	0x100	256	10709
D	RTL8367D_SDS1_MISC0_SDS_FRC_REG4_EN_1_OFFSET		OFFSET_SHIFT	7	7	10710
D	RTL8367D_SDS1_MISC0_SDS_FRC_REG4_EN_1_MASK		MASK	0x80	128	10711
D	RTL8367D_SDS1_MISC0_SDS_FRC_REG4_FIB100_1_OFFSET		OFFSET_SHIFT	6	6	10712
D	RTL8367D_SDS1_MISC0_SDS_FRC_REG4_FIB100_1_MASK		MASK	0x40	64	10713
D	RTL8367D_SDS1_MISC0_CFG_UNIDIR_TX_OFFSET		OFFSET_SHIFT	5	5	10714
D	RTL8367D_SDS1_MISC0_CFG_UNIDIR_TX_MASK		MASK	0x20	32	10715
D	RTL8367D_SDS1_MODE_OFFSET		OFFSET_SHIFT	0	0	10716
D	RTL8367D_SDS1_MODE_MASK		MASK	0x1F	31	10717
D	RTL8367D_REG_SRAM_CTRL_MISC0		REGISTER	0x1d7a	7546	10719
D	RTL8367D_FRC_HSARAM_TGL_OFFSET		OFFSET_SHIFT	15	15	10720
D	RTL8367D_FRC_HSARAM_TGL_MASK		MASK	0x8000	32768	10721
D	RTL8367D_BIST_GRP_EN_OUTQRAM_OFFSET		OFFSET_SHIFT	8	8	10722
D	RTL8367D_BIST_GRP_EN_OUTQRAM_MASK		MASK	0x7F00	32512	10723
D	RTL8367D_TEST1_HTRAM_OFFSET		OFFSET_SHIFT	7	7	10724
D	RTL8367D_TEST1_HTRAM_MASK		MASK	0x80	128	10725
D	RTL8367D_TESTRWM_HTRAM_OFFSET		OFFSET_SHIFT	6	6	10726
D	RTL8367D_TESTRWM_HTRAM_MASK		MASK	0x40	64	10727
D	RTL8367D_DYN_READ_EN_HSARAM_OFFSET		OFFSET_SHIFT	5	5	10728
D	RTL8367D_DYN_READ_EN_HSARAM_MASK		MASK	0x20	32	10729
D	RTL8367D_DYN_READ_EN_OUTQRAM_OFFSET		OFFSET_SHIFT	4	4	10730
D	RTL8367D_DYN_READ_EN_OUTQRAM_MASK		MASK	0x10	16	10731
D	RTL8367D_DYN_READ_EN_HTRAM_OFFSET		OFFSET_SHIFT	3	3	10732
D	RTL8367D_DYN_READ_EN_HTRAM_MASK		MASK	0x8	8	10733
D	RTL8367D_BIST_LOOP_MODE_HSARAM_OFFSET		OFFSET_SHIFT	2	2	10734
D	RTL8367D_BIST_LOOP_MODE_HSARAM_MASK		MASK	0x4	4	10735
D	RTL8367D_BIST_LOOP_MODE_OUTQRAM_OFFSET		OFFSET_SHIFT	1	1	10736
D	RTL8367D_BIST_LOOP_MODE_OUTQRAM_MASK		MASK	0x2	2	10737
D	RTL8367D_BIST_LOOP_MODE_HTRAM_OFFSET		OFFSET_SHIFT	0	0	10738
D	RTL8367D_BIST_LOOP_MODE_HTRAM_MASK		MASK	0x1	1	10739
D	RTL8367D_REG_EF_NRAM_WR_CMD0		REGISTER	0x1d7b	7547	10741
D	RTL8367D_REG_EF_NRAM_WR_CMD1		REGISTER	0x1d7c	7548	10743
D	RTL8367D_REG_EF_NRAM_WR_CMD2		REGISTER	0x1d7d	7549	10745
D	RTL8367D_REG_EF_NRAM_ADR_BGN		REGISTER	0x1d7e	7550	10747
D	RTL8367D_EF_NRAM_ADR_BGN_EFUSE_CHK_PS_OFFSET		OFFSET_SHIFT	8	8	10748
D	RTL8367D_EF_NRAM_ADR_BGN_EFUSE_CHK_PS_MASK		MASK	0x100	256	10749
D	RTL8367D_NRAM_ADR_BGN_OFFSET		OFFSET_SHIFT	0	0	10750
D	RTL8367D_NRAM_ADR_BGN_MASK		MASK	0xFF	255	10751
D	RTL8367D_REG_EFUSE_CHK_CMD0		REGISTER	0x1d7f	7551	10753
D	RTL8367D_EF_CHK_BGN_OFFSET		OFFSET_SHIFT	8	8	10754
D	RTL8367D_EF_CHK_BGN_MASK		MASK	0xFF00	65280	10755
D	RTL8367D_EF_CHK_END_OFFSET		OFFSET_SHIFT	0	0	10756
D	RTL8367D_EF_CHK_END_MASK		MASK	0xFF	255	10757
D	RTL8367D_REG_EFUSE_CHK_CMD1		REGISTER	0x1d80	7552	10759
D	RTL8367D_REG_TOP_CON_MISC0		REGISTER	0x1d81	7553	10761
D	RTL8367D_DBG_SEL_SDS01_OFFSET		OFFSET_SHIFT	4	4	10762
D	RTL8367D_DBG_SEL_SDS01_MASK		MASK	0x10	16	10763
D	RTL8367D_PERI_WRMSK_EN_OFFSET		OFFSET_SHIFT	0	0	10764
D	RTL8367D_PERI_WRMSK_EN_MASK		MASK	0xF	15	10765
D	RTL8367D_REG_DSS_0_CTRL0		REGISTER	0x1d82	7554	10767
D	RTL8367D_DSS_0_RO_SEL_OFFSET		OFFSET_SHIFT	7	7	10768
D	RTL8367D_DSS_0_RO_SEL_MASK		MASK	0x380	896	10769
D	RTL8367D_DSS_0_WIRE_SEL_OFFSET		OFFSET_SHIFT	6	6	10770
D	RTL8367D_DSS_0_WIRE_SEL_MASK		MASK	0x40	64	10771
D	RTL8367D_DSS_0_RST_N_OFFSET		OFFSET_SHIFT	5	5	10772
D	RTL8367D_DSS_0_RST_N_MASK		MASK	0x20	32	10773
D	RTL8367D_DSS_0_SPEED_EN_OFFSET		OFFSET_SHIFT	4	4	10774
D	RTL8367D_DSS_0_SPEED_EN_MASK		MASK	0x10	16	10775
D	RTL8367D_DSS_0_DATA_IN_19_16_OFFSET		OFFSET_SHIFT	0	0	10776
D	RTL8367D_DSS_0_DATA_IN_19_16_MASK		MASK	0xF	15	10777
D	RTL8367D_REG_DSS_0_CTRL1		REGISTER	0x1d83	7555	10779
D	RTL8367D_REG_DSS_0_STS0		REGISTER	0x1d84	7556	10781
D	RTL8367D_DSS_0_WSORT_GO_OFFSET		OFFSET_SHIFT	5	5	10782
D	RTL8367D_DSS_0_WSORT_GO_MASK		MASK	0x20	32	10783
D	RTL8367D_DSS_0_READY_OFFSET		OFFSET_SHIFT	4	4	10784
D	RTL8367D_DSS_0_READY_MASK		MASK	0x10	16	10785
D	RTL8367D_DSS_0_COUNT_OUT_19_16_OFFSET		OFFSET_SHIFT	0	0	10786
D	RTL8367D_DSS_0_COUNT_OUT_19_16_MASK		MASK	0xF	15	10787
D	RTL8367D_REG_DSS_0_STS1		REGISTER	0x1d85	7557	10789
D	RTL8367D_REG_DSS_1_CTRL0		REGISTER	0x1d86	7558	10791
D	RTL8367D_DSS_1_RO_SEL_OFFSET		OFFSET_SHIFT	7	7	10792
D	RTL8367D_DSS_1_RO_SEL_MASK		MASK	0x380	896	10793
D	RTL8367D_DSS_1_WIRE_SEL_OFFSET		OFFSET_SHIFT	6	6	10794
D	RTL8367D_DSS_1_WIRE_SEL_MASK		MASK	0x40	64	10795
D	RTL8367D_DSS_1_RST_N_OFFSET		OFFSET_SHIFT	5	5	10796
D	RTL8367D_DSS_1_RST_N_MASK		MASK	0x20	32	10797
D	RTL8367D_DSS_1_SPEED_EN_OFFSET		OFFSET_SHIFT	4	4	10798
D	RTL8367D_DSS_1_SPEED_EN_MASK		MASK	0x10	16	10799
D	RTL8367D_DSS_1_DATA_IN_19_16_OFFSET		OFFSET_SHIFT	0	0	10800
D	RTL8367D_DSS_1_DATA_IN_19_16_MASK		MASK	0xF	15	10801
D	RTL8367D_REG_DSS_1_CTRL1		REGISTER	0x1d87	7559	10803
D	RTL8367D_REG_DSS_1_STS0		REGISTER	0x1d88	7560	10805
D	RTL8367D_DSS_1_WSORT_GO_OFFSET		OFFSET_SHIFT	5	5	10806
D	RTL8367D_DSS_1_WSORT_GO_MASK		MASK	0x20	32	10807
D	RTL8367D_DSS_1_READY_OFFSET		OFFSET_SHIFT	4	4	10808
D	RTL8367D_DSS_1_READY_MASK		MASK	0x10	16	10809
D	RTL8367D_DSS_1_COUNT_OUT_19_16_OFFSET		OFFSET_SHIFT	0	0	10810
D	RTL8367D_DSS_1_COUNT_OUT_19_16_MASK		MASK	0xF	15	10811
D	RTL8367D_REG_DSS_1_STS1		REGISTER	0x1d89	7561	10813
D	RTL8367D_REG_DSS_2_CTRL0		REGISTER	0x1d8a	7562	10815
D	RTL8367D_DSS_2_RO_SEL_OFFSET		OFFSET_SHIFT	7	7	10816
D	RTL8367D_DSS_2_RO_SEL_MASK		MASK	0x380	896	10817
D	RTL8367D_DSS_2_WIRE_SEL_OFFSET		OFFSET_SHIFT	6	6	10818
D	RTL8367D_DSS_2_WIRE_SEL_MASK		MASK	0x40	64	10819
D	RTL8367D_DSS_2_RST_N_OFFSET		OFFSET_SHIFT	5	5	10820
D	RTL8367D_DSS_2_RST_N_MASK		MASK	0x20	32	10821
D	RTL8367D_DSS_2_SPEED_EN_OFFSET		OFFSET_SHIFT	4	4	10822
D	RTL8367D_DSS_2_SPEED_EN_MASK		MASK	0x10	16	10823
D	RTL8367D_DSS_2_DATA_IN_19_16_OFFSET		OFFSET_SHIFT	0	0	10824
D	RTL8367D_DSS_2_DATA_IN_19_16_MASK		MASK	0xF	15	10825
D	RTL8367D_REG_DSS_2_CTRL1		REGISTER	0x1d8b	7563	10827
D	RTL8367D_REG_DSS_2_STS0		REGISTER	0x1d8c	7564	10829
D	RTL8367D_DSS_2_WSORT_GO_OFFSET		OFFSET_SHIFT	5	5	10830
D	RTL8367D_DSS_2_WSORT_GO_MASK		MASK	0x20	32	10831
D	RTL8367D_DSS_2_READY_OFFSET		OFFSET_SHIFT	4	4	10832
D	RTL8367D_DSS_2_READY_MASK		MASK	0x10	16	10833
D	RTL8367D_DSS_2_COUNT_OUT_19_16_OFFSET		OFFSET_SHIFT	0	0	10834
D	RTL8367D_DSS_2_COUNT_OUT_19_16_MASK		MASK	0xF	15	10835
D	RTL8367D_REG_DSS_2_STS1		REGISTER	0x1d8d	7565	10837
D	RTL8367D_REG_THERMAL_CTRL_0		REGISTER	0x1d90	7568	10839
D	RTL8367D_TM_REG_TD_WREP_SEL_OFFSET		REGISTER	14	14	10840
D	RTL8367D_TM_REG_TD_WREP_SEL_MASK		REGISTER	0x4000	16384	10841
D	RTL8367D_TM_REG_PPOW_OFFSET		REGISTER	13	13	10842
D	RTL8367D_TM_REG_PPOW_MASK		REGISTER	0x2000	8192	10843
D	RTL8367D_TM_REG_RSTB_OFFSET		REGISTER	12	12	10844
D	RTL8367D_TM_REG_RSTB_MASK		REGISTER	0x1000	4096	10845
D	RTL8367D_TM_REG_BIASCHOP_OFFSET		REGISTER	11	11	10846
D	RTL8367D_TM_REG_BIASCHOP_MASK		REGISTER	0x800	2048	10847
D	RTL8367D_TM_REG_CHOPEN_OFFSET		REGISTER	10	10	10848
D	RTL8367D_TM_REG_CHOPEN_MASK		REGISTER	0x400	1024	10849
D	RTL8367D_TM_REG_CAL_EN_OFFSET		REGISTER	9	9	10850
D	RTL8367D_TM_REG_CAL_EN_MASK		REGISTER	0x200	512	10851
D	RTL8367D_TM_REG_HOLD_EN_OFFSET		REGISTER	8	8	10852
D	RTL8367D_TM_REG_HOLD_EN_MASK		REGISTER	0x100	256	10853
D	RTL8367D_TM_REG_CKSOURCESEL_OFFSET		REGISTER	7	7	10854
D	RTL8367D_TM_REG_CKSOURCESEL_MASK		REGISTER	0x80	128	10855
D	RTL8367D_TM_REG_BIASDEM_SEL_OFFSET		REGISTER	6	6	10856
D	RTL8367D_TM_REG_BIASDEM_SEL_MASK		REGISTER	0x40	64	10857
D	RTL8367D_TM_REG_CHOPFREQSEL_OFFSET		REGISTER	2	2	10858
D	RTL8367D_TM_REG_CHOPFREQSEL_MASK		REGISTER	0x3C	60	10859
D	RTL8367D_TM_REG_HOLD_DLY_OFFSET		REGISTER	0	0	10860
D	RTL8367D_TM_REG_HOLD_DLY_MASK		REGISTER	0x3	3	10861
D	RTL8367D_REG_THERMAL_CTRL_1		REGISTER	0x1d91	7569	10863
D	RTL8367D_TM_REG_FILTEREDGESEL_OFFSET		REGISTER	15	15	10864
D	RTL8367D_TM_REG_FILTEREDGESEL_MASK		REGISTER	0x8000	32768	10865
D	RTL8367D_TM_REG_ORDER3_OFFSET		REGISTER	14	14	10866
D	RTL8367D_TM_REG_ORDER3_MASK		REGISTER	0x4000	16384	10867
D	RTL8367D_TM_REG_OPCURSEL_OFFSET		REGISTER	12	12	10868
D	RTL8367D_TM_REG_OPCURSEL_MASK		REGISTER	0x3000	12288	10869
D	RTL8367D_TM_REG_OSCCURSEL_OFFSET		REGISTER	10	10	10870
D	RTL8367D_TM_REG_OSCCURSEL_MASK		REGISTER	0xC00	3072	10871
D	RTL8367D_TM_REG_VBE_BIASSEL_OFFSET		REGISTER	8	8	10872
D	RTL8367D_TM_REG_VBE_BIASSEL_MASK		REGISTER	0x300	768	10873
D	RTL8367D_TM_REG_ADCCKSEL_OFFSET		REGISTER	5	5	10874
D	RTL8367D_TM_REG_ADCCKSEL_MASK		REGISTER	0xE0	224	10875
D	RTL8367D_TM_REG_DSR_OFFSET		REGISTER	2	2	10876
D	RTL8367D_TM_REG_DSR_MASK		REGISTER	0x1C	28	10877
D	RTL8367D_TM_REG_RESOL_OFFSET		REGISTER	0	0	10878
D	RTL8367D_TM_REG_RESOL_MASK		REGISTER	0x3	3	10879
D	RTL8367D_REG_THERMAL_CTRL_2		REGISTER	0x1d92	7570	10881
D	RTL8367D_THERMAL_CTRL_2_OFFSET		OFFSET_SHIFT	0	0	10882
D	RTL8367D_THERMAL_CTRL_2_MASK		MASK	0x3F	63	10883
D	RTL8367D_REG_THERMAL_CTRL_3		REGISTER	0x1d93	7571	10885
D	RTL8367D_REG_THERMAL_CTRL_4		REGISTER	0x1d94	7572	10887
D	RTL8367D_THERMAL_CTRL_4_OFFSET		OFFSET_SHIFT	0	0	10888
D	RTL8367D_THERMAL_CTRL_4_MASK		MASK	0x3F	63	10889
D	RTL8367D_REG_THERMAL_CTRL_5		REGISTER	0x1d95	7573	10891
D	RTL8367D_REG_THERMAL_CTRL_6		REGISTER	0x1d96	7574	10893
D	RTL8367D_THERMAL_CTRL_6_OFFSET		OFFSET_SHIFT	0	0	10894
D	RTL8367D_THERMAL_CTRL_6_MASK		MASK	0x7F	127	10895
D	RTL8367D_REG_THERMAL_CTRL_7		REGISTER	0x1d97	7575	10897
D	RTL8367D_REG_THERMAL_CTRL_8		REGISTER	0x1d98	7576	10899
D	RTL8367D_THERMAL_CTRL_8_OFFSET		OFFSET_SHIFT	0	0	10900
D	RTL8367D_THERMAL_CTRL_8_MASK		MASK	0xFF	255	10901
D	RTL8367D_REG_THERMAL_CTRL_9		REGISTER	0x1d99	7577	10903
D	RTL8367D_REG_THERMAL_CTRL_10		REGISTER	0x1d9a	7578	10905
D	RTL8367D_THERMAL_CTRL_10_OFFSET		OFFSET_SHIFT	0	0	10906
D	RTL8367D_THERMAL_CTRL_10_MASK		MASK	0x1FFF	8191	10907
D	RTL8367D_REG_THERMAL_CTRL_11		REGISTER	0x1d9b	7579	10909
D	RTL8367D_REG_THERMAL_CTRL_12		REGISTER	0x1d9c	7580	10911
D	RTL8367D_TM_CMP_HIGH_EN0_OFFSET		OFFSET_SHIFT	3	3	10912
D	RTL8367D_TM_CMP_HIGH_EN0_MASK		MASK	0x8	8	10913
D	RTL8367D_TM_HIGH_THR0_18_16_OFFSET		OFFSET_SHIFT	0	0	10914
D	RTL8367D_TM_HIGH_THR0_18_16_MASK		MASK	0x7	7	10915
D	RTL8367D_REG_THERMAL_CTRL_13		REGISTER	0x1d9d	7581	10917
D	RTL8367D_REG_THERMAL_CTRL_14		REGISTER	0x1d9e	7582	10919
D	RTL8367D_TM_CMP_LOW_EN0_OFFSET		OFFSET_SHIFT	3	3	10920
D	RTL8367D_TM_CMP_LOW_EN0_MASK		MASK	0x8	8	10921
D	RTL8367D_TM_LOW_THR0_18_16_OFFSET		OFFSET_SHIFT	0	0	10922
D	RTL8367D_TM_LOW_THR0_18_16_MASK		MASK	0x7	7	10923
D	RTL8367D_REG_THERMAL_CTRL_15		REGISTER	0x1d9f	7583	10925
D	RTL8367D_REG_THERMAL_CTRL_16		REGISTER	0x1da0	7584	10927
D	RTL8367D_TM_CMP_HIGH_EN1_OFFSET		OFFSET_SHIFT	3	3	10928
D	RTL8367D_TM_CMP_HIGH_EN1_MASK		MASK	0x8	8	10929
D	RTL8367D_TM_HIGH_THR1_18_16_OFFSET		OFFSET_SHIFT	0	0	10930
D	RTL8367D_TM_HIGH_THR1_18_16_MASK		MASK	0x7	7	10931
D	RTL8367D_REG_THERMAL_CTRL_17		REGISTER	0x1da1	7585	10933
D	RTL8367D_REG_THERMAL_CTRL_18		REGISTER	0x1da2	7586	10935
D	RTL8367D_TM_CMP_LOW_EN1_OFFSET		OFFSET_SHIFT	3	3	10936
D	RTL8367D_TM_CMP_LOW_EN1_MASK		MASK	0x8	8	10937
D	RTL8367D_TM_LOW_THR1_18_16_OFFSET		OFFSET_SHIFT	0	0	10938
D	RTL8367D_TM_LOW_THR1_18_16_MASK		MASK	0x7	7	10939
D	RTL8367D_REG_THERMAL_CTRL_19		REGISTER	0x1da3	7587	10941
D	RTL8367D_REG_THERMAL_STS_0		REGISTER	0x1da4	7588	10943
D	RTL8367D_TM_SAMPLE_TOG_OFFSET		OFFSET_SHIFT	3	3	10944
D	RTL8367D_TM_SAMPLE_TOG_MASK		MASK	0x8	8	10945
D	RTL8367D_TM_SENS_OUT_18_16_OFFSET		OFFSET_SHIFT	0	0	10946
D	RTL8367D_TM_SENS_OUT_18_16_MASK		MASK	0x7	7	10947
D	RTL8367D_REG_THERMAL_STS_1		REGISTER	0x1da5	7589	10949
D	RTL8367D_REG_THERMAL_STS_2		REGISTER	0x1da6	7590	10951
D	RTL8367D_THERMAL_STS_2_OFFSET		OFFSET_SHIFT	0	0	10952
D	RTL8367D_THERMAL_STS_2_MASK		MASK	0x3F	63	10953
D	RTL8367D_REG_THERMAL_STS_3		REGISTER	0x1da7	7591	10955
D	RTL8367D_REG_THERMAL_STS_4		REGISTER	0x1da8	7592	10957
D	RTL8367D_CLR_TM_TEMP_MAX_OFFSET		OFFSET_SHIFT	3	3	10958
D	RTL8367D_CLR_TM_TEMP_MAX_MASK		MASK	0x8	8	10959
D	RTL8367D_TM_TEMP_MAX_18_16_OFFSET		OFFSET_SHIFT	0	0	10960
D	RTL8367D_TM_TEMP_MAX_18_16_MASK		MASK	0x7	7	10961
D	RTL8367D_REG_THERMAL_STS_5		REGISTER	0x1da9	7593	10963
D	RTL8367D_REG_THERMAL_STS_6		REGISTER	0x1daa	7594	10965
D	RTL8367D_CLR_TM_TEMP_MIN_OFFSET		OFFSET_SHIFT	3	3	10966
D	RTL8367D_CLR_TM_TEMP_MIN_MASK		MASK	0x8	8	10967
D	RTL8367D_TM_TEMP_MIN_18_16_OFFSET		OFFSET_SHIFT	0	0	10968
D	RTL8367D_TM_TEMP_MIN_18_16_MASK		MASK	0x7	7	10969
D	RTL8367D_REG_THERMAL_STS_7		REGISTER	0x1dab	7595	10971
D	RTL8367D_REG_THERMAL_STS_8		REGISTER	0x1dac	7596	10973
D	RTL8367D_PWRON_ADC_RDY_OFFSET		OFFSET_SHIFT	6	6	10974
D	RTL8367D_PWRON_ADC_RDY_MASK		MASK	0x40	64	10975
D	RTL8367D_PWRON_ADC_OUT_21_16_OFFSET		OFFSET_SHIFT	0	0	10976
D	RTL8367D_PWRON_ADC_OUT_21_16_MASK		MASK	0x3F	63	10977
D	RTL8367D_REG_THERMAL_STS_9		REGISTER	0x1dad	7597	10979
D	RTL8367D_REG_CFG_GPIO_SRC_X0		REGISTER	0x1db0	7600	10981
D	RTL8367D_REG_CFG_GPIO_SRC_X1		REGISTER	0x1db1	7601	10983
D	RTL8367D_REG_CFG_GPIO_SRC_X2		REGISTER	0x1db2	7602	10985
D	RTL8367D_REG_CFG_GPIO_SRC_X3		REGISTER	0x1db3	7603	10987
D	RTL8367D_CFG_GPIO_SRC_X3_OFFSET		OFFSET_SHIFT	0	0	10988
D	RTL8367D_CFG_GPIO_SRC_X3_MASK		MASK	0x3FFF	16383	10989
D	RTL8367D_REG_GPIO_8051_O_X0		REGISTER	0x1db4	7604	10991
D	RTL8367D_REG_GPIO_8051_O_X1		REGISTER	0x1db5	7605	10993
D	RTL8367D_REG_GPIO_8051_O_X2		REGISTER	0x1db6	7606	10995
D	RTL8367D_REG_GPIO_8051_O_X3		REGISTER	0x1db7	7607	10997
D	RTL8367D_GPIO_8051_O_X3_OFFSET		OFFSET_SHIFT	0	0	10998
D	RTL8367D_GPIO_8051_O_X3_MASK		MASK	0x3FFF	16383	10999
D	RTL8367D_REG_GPIO_8051_OE_X0		REGISTER	0x1db8	7608	11001
D	RTL8367D_REG_GPIO_8051_OE_X1		REGISTER	0x1db9	7609	11003
D	RTL8367D_REG_GPIO_8051_OE_X2		REGISTER	0x1dba	7610	11005
D	RTL8367D_REG_GPIO_8051_OE_X3		REGISTER	0x1dbb	7611	11007
D	RTL8367D_GPIO_8051_OE_X3_OFFSET		OFFSET_SHIFT	0	0	11008
D	RTL8367D_GPIO_8051_OE_X3_MASK		MASK	0x3FFF	16383	11009
D	RTL8367D_REG_CFG_CHIP_67D_DUMMY0		REGISTER	0x1df0	7664	11011
D	RTL8367D_REG_CFG_CHIP_67D_DUMMY1		REGISTER	0x1df1	7665	11013
D	RTL8367D_REG_CFG_CHIP_67D_DUMMY2		REGISTER	0x1df2	7666	11015
D	RTL8367D_REG_CFG_CHIP_67D_DUMMY3		REGISTER	0x1df3	7667	11017
D	RTL8367D_REG_CFG_CHIP_67D_DUMMY4		REGISTER	0x1df4	7668	11019
D	RTL8367D_REG_BOND_FOR_READ		REGISTER	0x1df5	7669	11021
D	RTL8367D_BOND_FOR_READ_OFFSET		OFFSET_SHIFT	0	0	11022
D	RTL8367D_BOND_FOR_READ_MASK		MASK	0x7FF	2047	11023
D	RTL8367D_REG_PHY_RG0X_CEN		REGISTER	0x1e00	7680	11027
D	RTL8367D_REG_PHY_RG1X_CEN		REGISTER	0x1e01	7681	11029
D	RTL8367D_REG_PHY_RG2X_CEN		REGISTER	0x1e02	7682	11031
D	RTL8367D_REG_PHY_RG3X_CEN		REGISTER	0x1e03	7683	11033
D	RTL8367D_REG_PHY_RG4X_CEN		REGISTER	0x1e04	7684	11035
D	RTL8367D_REG_PHY_RG5X_CEN		REGISTER	0x1e05	7685	11037
D	RTL8367D_REG_PHY_RG6X_CEN		REGISTER	0x1e06	7686	11039
D	RTL8367D_REG_PHY_RG7X_CEN		REGISTER	0x1e07	7687	11041
D	RTL8367D_REG_PHY_RG8X_CEN		REGISTER	0x1e08	7688	11043
D	RTL8367D_REG_PHY_RG9X_CEN		REGISTER	0x1e09	7689	11045
D	RTL8367D_REG_PHY_RG10X_CEN		REGISTER	0x1e0a	7690	11047
D	RTL8367D_REG_PHY_RG11X_CEN		REGISTER	0x1e0b	7691	11049
D	RTL8367D_REG_PHY_RG12X_CEN		REGISTER	0x1e0c	7692	11051
D	RTL8367D_REG_PHY_RG13X_CEN		REGISTER	0x1e0d	7693	11053
D	RTL8367D_REG_PHY_RG0X_PLL		REGISTER	0x1e0e	7694	11055
D	RTL8367D_REG_PHY_RG1X_PLL		REGISTER	0x1e0f	7695	11057
D	RTL8367D_REG_PHY_RG2X_PLL		REGISTER	0x1e10	7696	11059
D	RTL8367D_REG_PHY_RG3X_PLL		REGISTER	0x1e11	7697	11061
D	RTL8367D_REG_PHY_RG4X_PLL		REGISTER	0x1e12	7698	11063
D	RTL8367D_REG_PHY_RG5X_PLL		REGISTER	0x1e13	7699	11065
D	RTL8367D_REG_PHY_RG6X_PLL		REGISTER	0x1e14	7700	11067
D	RTL8367D_REG_PHY_RG7X_PLL		REGISTER	0x1e15	7701	11069
D	RTL8367D_REG_PHY_RG8X_PLL		REGISTER	0x1e16	7702	11071
D	RTL8367D_REG_PHY_RG9X_PLL		REGISTER	0x1e17	7703	11073
D	RTL8367D_REG_PHY_POW_PLL		REGISTER	0x1e18	7704	11075
D	RTL8367D_ADCCKI_EN_OFFSET		OFFSET_SHIFT	2	2	11076
D	RTL8367D_ADCCKI_EN_MASK		MASK	0xC	12	11077
D	RTL8367D_POWLDO_PLL_OFFSET		OFFSET_SHIFT	1	1	11078
D	RTL8367D_POWLDO_PLL_MASK		MASK	0x2	2	11079
D	RTL8367D_POWSW_PLL_OFFSET		OFFSET_SHIFT	0	0	11080
D	RTL8367D_POWSW_PLL_MASK		MASK	0x1	1	11081
D	RTL8367D_REG_PHY_IB_DN_10M_X0		REGISTER	0x1e19	7705	11083
D	RTL8367D_CFG_IB_ENDN_10M_X0_OFFSET		OFFSET_SHIFT	8	8	11084
D	RTL8367D_CFG_IB_ENDN_10M_X0_MASK		MASK	0x100	256	11085
D	RTL8367D_CFG_IB_DN_10M_X0_OFFSET		OFFSET_SHIFT	0	0	11086
D	RTL8367D_CFG_IB_DN_10M_X0_MASK		MASK	0xFF	255	11087
D	RTL8367D_REG_PHY_IB_UP_10M_X0		REGISTER	0x1e1a	7706	11089
D	RTL8367D_CFG_IB_UPALL_10M_X0_OFFSET		OFFSET_SHIFT	8	8	11090
D	RTL8367D_CFG_IB_UPALL_10M_X0_MASK		MASK	0x100	256	11091
D	RTL8367D_CFG_IB_UP_10M_X0_OFFSET		OFFSET_SHIFT	0	0	11092
D	RTL8367D_CFG_IB_UP_10M_X0_MASK		MASK	0xFF	255	11093
D	RTL8367D_REG_PHY_IB_DN_100M_X0		REGISTER	0x1e1b	7707	11095
D	RTL8367D_CFG_IB_ENDN_100M_X0_OFFSET		OFFSET_SHIFT	8	8	11096
D	RTL8367D_CFG_IB_ENDN_100M_X0_MASK		MASK	0x100	256	11097
D	RTL8367D_CFG_IB_DN_100M_X0_OFFSET		OFFSET_SHIFT	0	0	11098
D	RTL8367D_CFG_IB_DN_100M_X0_MASK		MASK	0xFF	255	11099
D	RTL8367D_REG_PHY_IB_UP_100M_X0		REGISTER	0x1e1c	7708	11101
D	RTL8367D_CFG_IB_UPALL_100M_X0_OFFSET		OFFSET_SHIFT	8	8	11102
D	RTL8367D_CFG_IB_UPALL_100M_X0_MASK		MASK	0x100	256	11103
D	RTL8367D_CFG_IB_UP_100M_X0_OFFSET		OFFSET_SHIFT	0	0	11104
D	RTL8367D_CFG_IB_UP_100M_X0_MASK		MASK	0xFF	255	11105
D	RTL8367D_REG_PHY_IB_DN_1000M_X0		REGISTER	0x1e1d	7709	11107
D	RTL8367D_CFG_IB_ENDN_1000M_X0_OFFSET		OFFSET_SHIFT	8	8	11108
D	RTL8367D_CFG_IB_ENDN_1000M_X0_MASK		MASK	0x100	256	11109
D	RTL8367D_CFG_IB_DN_1000M_X0_OFFSET		OFFSET_SHIFT	0	0	11110
D	RTL8367D_CFG_IB_DN_1000M_X0_MASK		MASK	0xFF	255	11111
D	RTL8367D_REG_PHY_IB_UP_1000M_X0		REGISTER	0x1e1e	7710	11113
D	RTL8367D_CFG_IB_UPALL_1000M_X0_OFFSET		OFFSET_SHIFT	8	8	11114
D	RTL8367D_CFG_IB_UPALL_1000M_X0_MASK		MASK	0x100	256	11115
D	RTL8367D_CFG_IB_UP_1000M_X0_OFFSET		OFFSET_SHIFT	0	0	11116
D	RTL8367D_CFG_IB_UP_1000M_X0_MASK		MASK	0xFF	255	11117
D	RTL8367D_REG_PHY_IB_DN_10M_X1		REGISTER	0x1e1f	7711	11119
D	RTL8367D_CFG_IB_ENDN_10M_X1_OFFSET		OFFSET_SHIFT	8	8	11120
D	RTL8367D_CFG_IB_ENDN_10M_X1_MASK		MASK	0x100	256	11121
D	RTL8367D_CFG_IB_DN_10M_X1_OFFSET		OFFSET_SHIFT	0	0	11122
D	RTL8367D_CFG_IB_DN_10M_X1_MASK		MASK	0xFF	255	11123
D	RTL8367D_REG_PHY_IB_UP_10M_X1		REGISTER	0x1e20	7712	11125
D	RTL8367D_CFG_IB_UPALL_10M_X1_OFFSET		OFFSET_SHIFT	8	8	11126
D	RTL8367D_CFG_IB_UPALL_10M_X1_MASK		MASK	0x100	256	11127
D	RTL8367D_CFG_IB_UP_10M_X1_OFFSET		OFFSET_SHIFT	0	0	11128
D	RTL8367D_CFG_IB_UP_10M_X1_MASK		MASK	0xFF	255	11129
D	RTL8367D_REG_PHY_IB_DN_100M_X1		REGISTER	0x1e21	7713	11131
D	RTL8367D_CFG_IB_ENDN_100M_X1_OFFSET		OFFSET_SHIFT	8	8	11132
D	RTL8367D_CFG_IB_ENDN_100M_X1_MASK		MASK	0x100	256	11133
D	RTL8367D_CFG_IB_DN_100M_X1_OFFSET		OFFSET_SHIFT	0	0	11134
D	RTL8367D_CFG_IB_DN_100M_X1_MASK		MASK	0xFF	255	11135
D	RTL8367D_REG_PHY_IB_UP_100M_X1		REGISTER	0x1e22	7714	11137
D	RTL8367D_CFG_IB_UPALL_100M_X1_OFFSET		OFFSET_SHIFT	8	8	11138
D	RTL8367D_CFG_IB_UPALL_100M_X1_MASK		MASK	0x100	256	11139
D	RTL8367D_CFG_IB_UP_100M_X1_OFFSET		OFFSET_SHIFT	0	0	11140
D	RTL8367D_CFG_IB_UP_100M_X1_MASK		MASK	0xFF	255	11141
D	RTL8367D_REG_PHY_IB_DN_1000M_X1		REGISTER	0x1e23	7715	11143
D	RTL8367D_CFG_IB_ENDN_1000M_X1_OFFSET		OFFSET_SHIFT	8	8	11144
D	RTL8367D_CFG_IB_ENDN_1000M_X1_MASK		MASK	0x100	256	11145
D	RTL8367D_CFG_IB_DN_1000M_X1_OFFSET		OFFSET_SHIFT	0	0	11146
D	RTL8367D_CFG_IB_DN_1000M_X1_MASK		MASK	0xFF	255	11147
D	RTL8367D_REG_PHY_IB_UP_1000M_X1		REGISTER	0x1e24	7716	11149
D	RTL8367D_CFG_IB_UPALL_1000M_X1_OFFSET		OFFSET_SHIFT	8	8	11150
D	RTL8367D_CFG_IB_UPALL_1000M_X1_MASK		MASK	0x100	256	11151
D	RTL8367D_CFG_IB_UP_1000M_X1_OFFSET		OFFSET_SHIFT	0	0	11152
D	RTL8367D_CFG_IB_UP_1000M_X1_MASK		MASK	0xFF	255	11153
D	RTL8367D_REG_PHY_IB_DN_10M_X2		REGISTER	0x1e25	7717	11155
D	RTL8367D_CFG_IB_ENDN_10M_X2_OFFSET		OFFSET_SHIFT	8	8	11156
D	RTL8367D_CFG_IB_ENDN_10M_X2_MASK		MASK	0x100	256	11157
D	RTL8367D_CFG_IB_DN_10M_X2_OFFSET		OFFSET_SHIFT	0	0	11158
D	RTL8367D_CFG_IB_DN_10M_X2_MASK		MASK	0xFF	255	11159
D	RTL8367D_REG_PHY_IB_UP_10M_X2		REGISTER	0x1e26	7718	11161
D	RTL8367D_CFG_IB_UPALL_10M_X2_OFFSET		OFFSET_SHIFT	8	8	11162
D	RTL8367D_CFG_IB_UPALL_10M_X2_MASK		MASK	0x100	256	11163
D	RTL8367D_CFG_IB_UP_10M_X2_OFFSET		OFFSET_SHIFT	0	0	11164
D	RTL8367D_CFG_IB_UP_10M_X2_MASK		MASK	0xFF	255	11165
D	RTL8367D_REG_PHY_IB_DN_100M_X2		REGISTER	0x1e27	7719	11167
D	RTL8367D_CFG_IB_ENDN_100M_X2_OFFSET		OFFSET_SHIFT	8	8	11168
D	RTL8367D_CFG_IB_ENDN_100M_X2_MASK		MASK	0x100	256	11169
D	RTL8367D_CFG_IB_DN_100M_X2_OFFSET		OFFSET_SHIFT	0	0	11170
D	RTL8367D_CFG_IB_DN_100M_X2_MASK		MASK	0xFF	255	11171
D	RTL8367D_REG_PHY_IB_UP_100M_X2		REGISTER	0x1e28	7720	11173
D	RTL8367D_CFG_IB_UPALL_100M_X2_OFFSET		OFFSET_SHIFT	8	8	11174
D	RTL8367D_CFG_IB_UPALL_100M_X2_MASK		MASK	0x100	256	11175
D	RTL8367D_CFG_IB_UP_100M_X2_OFFSET		OFFSET_SHIFT	0	0	11176
D	RTL8367D_CFG_IB_UP_100M_X2_MASK		MASK	0xFF	255	11177
D	RTL8367D_REG_PHY_IB_DN_1000M_X2		REGISTER	0x1e29	7721	11179
D	RTL8367D_CFG_IB_ENDN_1000M_X2_OFFSET		OFFSET_SHIFT	8	8	11180
D	RTL8367D_CFG_IB_ENDN_1000M_X2_MASK		MASK	0x100	256	11181
D	RTL8367D_CFG_IB_DN_1000M_X2_OFFSET		OFFSET_SHIFT	0	0	11182
D	RTL8367D_CFG_IB_DN_1000M_X2_MASK		MASK	0xFF	255	11183
D	RTL8367D_REG_PHY_IB_UP_1000M_X2		REGISTER	0x1e2a	7722	11185
D	RTL8367D_CFG_IB_UPALL_1000M_X2_OFFSET		OFFSET_SHIFT	8	8	11186
D	RTL8367D_CFG_IB_UPALL_1000M_X2_MASK		MASK	0x100	256	11187
D	RTL8367D_CFG_IB_UP_1000M_X2_OFFSET		OFFSET_SHIFT	0	0	11188
D	RTL8367D_CFG_IB_UP_1000M_X2_MASK		MASK	0xFF	255	11189
D	RTL8367D_REG_PHY_IB_DN_10M_X3		REGISTER	0x1e2b	7723	11191
D	RTL8367D_CFG_IB_ENDN_10M_X3_OFFSET		OFFSET_SHIFT	8	8	11192
D	RTL8367D_CFG_IB_ENDN_10M_X3_MASK		MASK	0x100	256	11193
D	RTL8367D_CFG_IB_DN_10M_X3_OFFSET		OFFSET_SHIFT	0	0	11194
D	RTL8367D_CFG_IB_DN_10M_X3_MASK		MASK	0xFF	255	11195
D	RTL8367D_REG_PHY_IB_UP_10M_X3		REGISTER	0x1e2c	7724	11197
D	RTL8367D_CFG_IB_UPALL_10M_X3_OFFSET		OFFSET_SHIFT	8	8	11198
D	RTL8367D_CFG_IB_UPALL_10M_X3_MASK		MASK	0x100	256	11199
D	RTL8367D_CFG_IB_UP_10M_X3_OFFSET		OFFSET_SHIFT	0	0	11200
D	RTL8367D_CFG_IB_UP_10M_X3_MASK		MASK	0xFF	255	11201
D	RTL8367D_REG_PHY_IB_DN_100M_X3		REGISTER	0x1e2d	7725	11203
D	RTL8367D_CFG_IB_ENDN_100M_X3_OFFSET		OFFSET_SHIFT	8	8	11204
D	RTL8367D_CFG_IB_ENDN_100M_X3_MASK		MASK	0x100	256	11205
D	RTL8367D_CFG_IB_DN_100M_X3_OFFSET		OFFSET_SHIFT	0	0	11206
D	RTL8367D_CFG_IB_DN_100M_X3_MASK		MASK	0xFF	255	11207
D	RTL8367D_REG_PHY_IB_UP_100M_X3		REGISTER	0x1e2e	7726	11209
D	RTL8367D_CFG_IB_UPALL_100M_X3_OFFSET		OFFSET_SHIFT	8	8	11210
D	RTL8367D_CFG_IB_UPALL_100M_X3_MASK		MASK	0x100	256	11211
D	RTL8367D_CFG_IB_UP_100M_X3_OFFSET		OFFSET_SHIFT	0	0	11212
D	RTL8367D_CFG_IB_UP_100M_X3_MASK		MASK	0xFF	255	11213
D	RTL8367D_REG_PHY_IB_DN_1000M_X3		REGISTER	0x1e2f	7727	11215
D	RTL8367D_CFG_IB_ENDN_1000M_X3_OFFSET		OFFSET_SHIFT	8	8	11216
D	RTL8367D_CFG_IB_ENDN_1000M_X3_MASK		MASK	0x100	256	11217
D	RTL8367D_CFG_IB_DN_1000M_X3_OFFSET		OFFSET_SHIFT	0	0	11218
D	RTL8367D_CFG_IB_DN_1000M_X3_MASK		MASK	0xFF	255	11219
D	RTL8367D_REG_PHY_IB_UP_1000M_X3		REGISTER	0x1e30	7728	11221
D	RTL8367D_CFG_IB_UPALL_1000M_X3_OFFSET		OFFSET_SHIFT	8	8	11222
D	RTL8367D_CFG_IB_UPALL_1000M_X3_MASK		MASK	0x100	256	11223
D	RTL8367D_CFG_IB_UP_1000M_X3_OFFSET		OFFSET_SHIFT	0	0	11224
D	RTL8367D_CFG_IB_UP_1000M_X3_MASK		MASK	0xFF	255	11225
D	RTL8367D_REG_PHY_IB_DN_10M_X4		REGISTER	0x1e31	7729	11227
D	RTL8367D_CFG_IB_ENDN_10M_X4_OFFSET		OFFSET_SHIFT	8	8	11228
D	RTL8367D_CFG_IB_ENDN_10M_X4_MASK		MASK	0x100	256	11229
D	RTL8367D_CFG_IB_DN_10M_X4_OFFSET		OFFSET_SHIFT	0	0	11230
D	RTL8367D_CFG_IB_DN_10M_X4_MASK		MASK	0xFF	255	11231
D	RTL8367D_REG_PHY_IB_UP_10M_X4		REGISTER	0x1e32	7730	11233
D	RTL8367D_CFG_IB_UPALL_10M_X4_OFFSET		OFFSET_SHIFT	8	8	11234
D	RTL8367D_CFG_IB_UPALL_10M_X4_MASK		MASK	0x100	256	11235
D	RTL8367D_CFG_IB_UP_10M_X4_OFFSET		OFFSET_SHIFT	0	0	11236
D	RTL8367D_CFG_IB_UP_10M_X4_MASK		MASK	0xFF	255	11237
D	RTL8367D_REG_PHY_IB_DN_100M_X4		REGISTER	0x1e33	7731	11239
D	RTL8367D_CFG_IB_ENDN_100M_X4_OFFSET		OFFSET_SHIFT	8	8	11240
D	RTL8367D_CFG_IB_ENDN_100M_X4_MASK		MASK	0x100	256	11241
D	RTL8367D_CFG_IB_DN_100M_X4_OFFSET		OFFSET_SHIFT	0	0	11242
D	RTL8367D_CFG_IB_DN_100M_X4_MASK		MASK	0xFF	255	11243
D	RTL8367D_REG_PHY_IB_UP_100M_X4		REGISTER	0x1e34	7732	11245
D	RTL8367D_CFG_IB_UPALL_100M_X4_OFFSET		OFFSET_SHIFT	8	8	11246
D	RTL8367D_CFG_IB_UPALL_100M_X4_MASK		MASK	0x100	256	11247
D	RTL8367D_CFG_IB_UP_100M_X4_OFFSET		OFFSET_SHIFT	0	0	11248
D	RTL8367D_CFG_IB_UP_100M_X4_MASK		MASK	0xFF	255	11249
D	RTL8367D_REG_PHY_IB_DN_1000M_X4		REGISTER	0x1e35	7733	11251
D	RTL8367D_CFG_IB_ENDN_1000M_X4_OFFSET		OFFSET_SHIFT	8	8	11252
D	RTL8367D_CFG_IB_ENDN_1000M_X4_MASK		MASK	0x100	256	11253
D	RTL8367D_CFG_IB_DN_1000M_X4_OFFSET		OFFSET_SHIFT	0	0	11254
D	RTL8367D_CFG_IB_DN_1000M_X4_MASK		MASK	0xFF	255	11255
D	RTL8367D_REG_PHY_IB_UP_1000M_X4		REGISTER	0x1e36	7734	11257
D	RTL8367D_CFG_IB_UPALL_1000M_X4_OFFSET		OFFSET_SHIFT	8	8	11258
D	RTL8367D_CFG_IB_UPALL_1000M_X4_MASK		MASK	0x100	256	11259
D	RTL8367D_CFG_IB_UP_1000M_X4_OFFSET		OFFSET_SHIFT	0	0	11260
D	RTL8367D_CFG_IB_UP_1000M_X4_MASK		MASK	0xFF	255	11261
D	RTL8367D_REG_PHY_STATUS		REGISTER	0x1e37	7735	11263
D	RTL8367D_PHY_FATAL_OFFSET		OFFSET_SHIFT	10	10	11264
D	RTL8367D_PHY_FATAL_MASK		MASK	0x7C00	31744	11265
D	RTL8367D_PHY_LANON_OFFSET		OFFSET_SHIFT	5	5	11266
D	RTL8367D_PHY_LANON_MASK		MASK	0x3E0	992	11267
D	RTL8367D_PHY_EXTINI_OFFSET		OFFSET_SHIFT	0	0	11268
D	RTL8367D_PHY_EXTINI_MASK		MASK	0x1F	31	11269
D	RTL8367D_REG_PHY_PCSXF		REGISTER	0x1e38	7736	11271
D	RTL8367D_PHY_PCSXF_OFFSET		OFFSET_SHIFT	0	0	11272
D	RTL8367D_PHY_PCSXF_MASK		MASK	0x1F	31	11273
D	RTL8367D_REG_RDM_UPD_PERIOD		REGISTER	0x1e39	7737	11275
D	RTL8367D_RSUPD_PERIOD_OFFSET		OFFSET_SHIFT	8	8	11276
D	RTL8367D_RSUPD_PERIOD_MASK		MASK	0xFF00	65280	11277
D	RTL8367D_RRUPD_PERIOD_OFFSET		OFFSET_SHIFT	0	0	11278
D	RTL8367D_RRUPD_PERIOD_MASK		MASK	0xFF	255	11279
D	RTL8367D_REG_RDM_UPD_CTRL		REGISTER	0x1e3a	7738	11281
D	RTL8367D_TMTENBIT_OFFSET		OFFSET_SHIFT	15	15	11282
D	RTL8367D_TMTENBIT_MASK		MASK	0x8000	32768	11283
D	RTL8367D_TMLSB_OFFSET		OFFSET_SHIFT	12	12	11284
D	RTL8367D_TMLSB_MASK		MASK	0x7000	28672	11285
D	RTL8367D_RR_SEL_MTHD_OFFSET		OFFSET_SHIFT	11	11	11286
D	RTL8367D_RR_SEL_MTHD_MASK		MASK	0x800	2048	11287
D	RTL8367D_RRSTEP_OFFSET		OFFSET_SHIFT	6	6	11288
D	RTL8367D_RRSTEP_MASK		MASK	0x7C0	1984	11289
D	RTL8367D_RRRND_SRC_SEL_OFFSET		OFFSET_SHIFT	5	5	11290
D	RTL8367D_RRRND_SRC_SEL_MASK		MASK	0x20	32	11291
D	RTL8367D_RRUPD_ONCE_OFFSET		OFFSET_SHIFT	4	4	11292
D	RTL8367D_RRUPD_ONCE_MASK		MASK	0x10	16	11293
D	RTL8367D_RRUPD_EN_OFFSET		OFFSET_SHIFT	3	3	11294
D	RTL8367D_RRUPD_EN_MASK		MASK	0x8	8	11295
D	RTL8367D_RSRND_SRC_SEL_OFFSET		OFFSET_SHIFT	2	2	11296
D	RTL8367D_RSRND_SRC_SEL_MASK		MASK	0x4	4	11297
D	RTL8367D_RSUPD_ONCE_OFFSET		OFFSET_SHIFT	1	1	11298
D	RTL8367D_RSUPD_ONCE_MASK		MASK	0x2	2	11299
D	RTL8367D_RSUPD_EN_OFFSET		OFFSET_SHIFT	0	0	11300
D	RTL8367D_RSUPD_EN_MASK		MASK	0x1	1	11301
D	RTL8367D_REG_RG_RDM_SEED_SRC		REGISTER	0x1e3b	7739	11303
D	RTL8367D_REG_RG_RING_RATE		REGISTER	0x1e3c	7740	11305
D	RTL8367D_REG_RING_RAGE_MASK_L		REGISTER	0x1e3d	7741	11307
D	RTL8367D_REG_RING_RAGE_MASK_H		REGISTER	0x1e3e	7742	11309
D	RTL8367D_REG_BIST_GMACRAM0		REGISTER	0x1e3f	7743	11311
D	RTL8367D_GMACRAM_DRF_BIST_FAIL_OFFSET		OFFSET_SHIFT	15	15	11312
D	RTL8367D_GMACRAM_DRF_BIST_FAIL_MASK		MASK	0x8000	32768	11313
D	RTL8367D_GMACRAM_BIST_FAIL_OFFSET		OFFSET_SHIFT	14	14	11314
D	RTL8367D_GMACRAM_BIST_FAIL_MASK		MASK	0x4000	16384	11315
D	RTL8367D_GMACRAM_DRF_BIST_DONE_OFFSET		OFFSET_SHIFT	13	13	11316
D	RTL8367D_GMACRAM_DRF_BIST_DONE_MASK		MASK	0x2000	8192	11317
D	RTL8367D_GMACRAM_BIST_DONE_OFFSET		OFFSET_SHIFT	12	12	11318
D	RTL8367D_GMACRAM_BIST_DONE_MASK		MASK	0x1000	4096	11319
D	RTL8367D_GMACRAM_DRF_START_PAUSE_OFFSET		OFFSET_SHIFT	11	11	11320
D	RTL8367D_GMACRAM_DRF_START_PAUSE_MASK		MASK	0x800	2048	11321
D	RTL8367D_GMACRAM_DYN_READ_EN_OFFSET		OFFSET_SHIFT	10	10	11322
D	RTL8367D_GMACRAM_DYN_READ_EN_MASK		MASK	0x400	1024	11323
D	RTL8367D_GMACRAM_BIST_LOOP_MODE_OFFSET		OFFSET_SHIFT	9	9	11324
D	RTL8367D_GMACRAM_BIST_LOOP_MODE_MASK		MASK	0x200	512	11325
D	RTL8367D_GMACRAM_RME_OFFSET		OFFSET_SHIFT	8	8	11326
D	RTL8367D_GMACRAM_RME_MASK		MASK	0x100	256	11327
D	RTL8367D_GMACRAM_RM_OFFSET		OFFSET_SHIFT	4	4	11328
D	RTL8367D_GMACRAM_RM_MASK		MASK	0xF0	240	11329
D	RTL8367D_GMACRAM_DRF_TEST_RESUME_OFFSET		OFFSET_SHIFT	3	3	11330
D	RTL8367D_GMACRAM_DRF_TEST_RESUME_MASK		MASK	0x8	8	11331
D	RTL8367D_GMACRAM_DRF_BIST_MODE_OFFSET		OFFSET_SHIFT	2	2	11332
D	RTL8367D_GMACRAM_DRF_BIST_MODE_MASK		MASK	0x4	4	11333
D	RTL8367D_GMACRAM_BIST_MODE_OFFSET		OFFSET_SHIFT	1	1	11334
D	RTL8367D_GMACRAM_BIST_MODE_MASK		MASK	0x2	2	11335
D	RTL8367D_GMACRAM_BIST_RSTN_OFFSET		OFFSET_SHIFT	0	0	11336
D	RTL8367D_GMACRAM_BIST_RSTN_MASK		MASK	0x1	1	11337
D	RTL8367D_REG_BIST_GMACRAM1		REGISTER	0x1e40	7744	11339
D	RTL8367D_BISD_CLK_SEL_OFFSET		OFFSET_SHIFT	12	12	11340
D	RTL8367D_BISD_CLK_SEL_MASK		MASK	0xF000	61440	11341
D	RTL8367D_GMACRAM_LS_OFFSET		OFFSET_SHIFT	4	4	11342
D	RTL8367D_GMACRAM_LS_MASK		MASK	0x10	16	11343
D	RTL8367D_GMACRAM_TEST1_OFFSET		OFFSET_SHIFT	2	2	11344
D	RTL8367D_GMACRAM_TEST1_MASK		MASK	0xC	12	11345
D	RTL8367D_GMACRAM_DIAG_CLK_OFFSET		OFFSET_SHIFT	1	1	11346
D	RTL8367D_GMACRAM_DIAG_CLK_MASK		MASK	0x2	2	11347
D	RTL8367D_GMACRAM_DIAG_MODE_OFFSET		OFFSET_SHIFT	0	0	11348
D	RTL8367D_GMACRAM_DIAG_MODE_MASK		MASK	0x1	1	11349
D	RTL8367D_REG_BIST_GMACRAM2		REGISTER	0x1e41	7745	11351
D	RTL8367D_REG_BIST_GMACRAM3		REGISTER	0x1e42	7746	11353
D	RTL8367D_REG_BIST_GMACRAM4		REGISTER	0x1e43	7747	11355
D	RTL8367D_REG_BIST_GMACRAM5		REGISTER	0x1e44	7748	11357
D	RTL8367D_REG_BIST_GMACRAM6		REGISTER	0x1e45	7749	11359
D	RTL8367D_REG_BIST_GMACRAM7		REGISTER	0x1e46	7750	11361
D	RTL8367D_GMACRAM_MEB_OFFSET		OFFSET_SHIFT	13	13	11362
D	RTL8367D_GMACRAM_MEB_MASK		MASK	0x2000	8192	11363
D	RTL8367D_GMACRAM_MEA_OFFSET		OFFSET_SHIFT	12	12	11364
D	RTL8367D_GMACRAM_MEA_MASK		MASK	0x1000	4096	11365
D	RTL8367D_GMACRAM_ADRA_OFFSET		OFFSET_SHIFT	0	0	11366
D	RTL8367D_GMACRAM_ADRA_MASK		MASK	0x1FF	511	11367
D	RTL8367D_REG_BIST_GMACRAM8		REGISTER	0x1e47	7751	11369
D	RTL8367D_BIST_GMACRAM8_OFFSET		OFFSET_SHIFT	0	0	11370
D	RTL8367D_BIST_GMACRAM8_MASK		MASK	0x1FF	511	11371
D	RTL8367D_REG_RDM_SEED_SRC		REGISTER	0x1e48	7752	11373
D	RTL8367D_RDM_SEED_SRC_OFFSET		OFFSET_SHIFT	0	0	11374
D	RTL8367D_RDM_SEED_SRC_MASK		MASK	0x3FF	1023	11375
D	RTL8367D_REG_RDM_FRC_SEED_SRC		REGISTER	0x1e49	7753	11377
D	RTL8367D_RS_FRC_MODE_OFFSET		OFFSET_SHIFT	10	10	11378
D	RTL8367D_RS_FRC_MODE_MASK		MASK	0x400	1024	11379
D	RTL8367D_VAL_SELECTED_RND_SRC_OFFSET		OFFSET_SHIFT	0	0	11380
D	RTL8367D_VAL_SELECTED_RND_SRC_MASK		MASK	0x3FF	1023	11381
D	RTL8367D_REG_RDM_RING_SRC_1		REGISTER	0x1e4a	7754	11383
D	RTL8367D_RDM_RING_SRC_1_OFFSET		OFFSET_SHIFT	0	0	11384
D	RTL8367D_RDM_RING_SRC_1_MASK		MASK	0x3FFF	16383	11385
D	RTL8367D_REG_RDM_RING_SRC_0		REGISTER	0x1e4b	7755	11387
D	RTL8367D_REG_RDM_FRC_RING_SRC_1		REGISTER	0x1e4c	7756	11389
D	RTL8367D_RR_FRC_MODE_OFFSET		OFFSET_SHIFT	14	14	11390
D	RTL8367D_RR_FRC_MODE_MASK		MASK	0x4000	16384	11391
D	RTL8367D_VAL_SELECTED_RING_SRC_29_16_OFFSET		OFFSET_SHIFT	0	0	11392
D	RTL8367D_VAL_SELECTED_RING_SRC_29_16_MASK		MASK	0x3FFF	16383	11393
D	RTL8367D_REG_RDM_FRC_RING_SRC_0		REGISTER	0x1e4d	7757	11395
D	RTL8367D_REG_INDRECT_ACCESS_CTRL		REGISTER	0x1f00	7936	11399
D	RTL8367D_RW_OFFSET		OFFSET_SHIFT	1	1	11400
D	RTL8367D_RW_MASK		MASK	0x2	2	11401
D	RTL8367D_CMD_OFFSET		OFFSET_SHIFT	0	0	11402
D	RTL8367D_CMD_MASK		MASK	0x1	1	11403
D	RTL8367D_REG_INDRECT_ACCESS_STATUS		REGISTER	0x1f01	7937	11405
D	RTL8367D_INDRECT_ACCESS_STATUS_OFFSET		OFFSET_SHIFT	2	2	11406
D	RTL8367D_INDRECT_ACCESS_STATUS_MASK		MASK	0x4	4	11407
D	RTL8367D_REG_INDRECT_ACCESS_ADDRESS		REGISTER	0x1f02	7938	11409
D	RTL8367D_REG_INDRECT_ACCESS_WRITE_DATA		REGISTER	0x1f03	7939	11411
D	RTL8367D_REG_INDRECT_ACCESS_READ_DATA		REGISTER	0x1f04	7940	11413
D	RTL8367D_REG_NCTL_0		REGISTER	0x6100	24832	11417
D	RTL8367D_NCTL_CPU_EN_OFFSET		OFFSET_SHIFT	12	12	11418
D	RTL8367D_NCTL_CPU_EN_MASK		MASK	0x3000	12288	11419
D	RTL8367D_NCTL_PATCH_MODE_EN_OFFSET		OFFSET_SHIFT	11	11	11420
D	RTL8367D_NCTL_PATCH_MODE_EN_MASK		MASK	0x800	2048	11421
D	RTL8367D_NCTL_PC_SPECIFY_EN_OFFSET		OFFSET_SHIFT	10	10	11422
D	RTL8367D_NCTL_PC_SPECIFY_EN_MASK		MASK	0x400	1024	11423
D	RTL8367D_NCTL_PC_SPECIFY_OFFSET		OFFSET_SHIFT	0	0	11424
D	RTL8367D_NCTL_PC_SPECIFY_MASK		MASK	0x3FF	1023	11425
D	RTL8367D_REG_NCTL_P00_0		REGISTER	0x6101	24833	11427
D	RTL8367D_NCTL_BP_EN_P00_OFFSET		OFFSET_SHIFT	10	10	11428
D	RTL8367D_NCTL_BP_EN_P00_MASK		MASK	0x400	1024	11429
D	RTL8367D_NCTL_BP_ADDR_P00_OFFSET		OFFSET_SHIFT	0	0	11430
D	RTL8367D_NCTL_BP_ADDR_P00_MASK		MASK	0x3FF	1023	11431
D	RTL8367D_REG_NCTL_P00_1		REGISTER	0x6102	24834	11433
D	RTL8367D_NCTL_P00_1_OFFSET		OFFSET_SHIFT	0	0	11434
D	RTL8367D_NCTL_P00_1_MASK		MASK	0x3FF	1023	11435
D	RTL8367D_REG_NCTL_P01_0		REGISTER	0x6103	24835	11437
D	RTL8367D_NCTL_BP_EN_P01_OFFSET		OFFSET_SHIFT	10	10	11438
D	RTL8367D_NCTL_BP_EN_P01_MASK		MASK	0x400	1024	11439
D	RTL8367D_NCTL_BP_ADDR_P01_OFFSET		OFFSET_SHIFT	0	0	11440
D	RTL8367D_NCTL_BP_ADDR_P01_MASK		MASK	0x3FF	1023	11441
D	RTL8367D_REG_NCTL_P01_1		REGISTER	0x6104	24836	11443
D	RTL8367D_NCTL_P01_1_OFFSET		OFFSET_SHIFT	0	0	11444
D	RTL8367D_NCTL_P01_1_MASK		MASK	0x3FF	1023	11445
D	RTL8367D_REG_NCTL_P02_0		REGISTER	0x6105	24837	11447
D	RTL8367D_NCTL_BP_EN_P02_OFFSET		OFFSET_SHIFT	10	10	11448
D	RTL8367D_NCTL_BP_EN_P02_MASK		MASK	0x400	1024	11449
D	RTL8367D_NCTL_BP_ADDR_P02_OFFSET		OFFSET_SHIFT	0	0	11450
D	RTL8367D_NCTL_BP_ADDR_P02_MASK		MASK	0x3FF	1023	11451
D	RTL8367D_REG_NCTL_P02_1		REGISTER	0x6106	24838	11453
D	RTL8367D_NCTL_P02_1_OFFSET		OFFSET_SHIFT	0	0	11454
D	RTL8367D_NCTL_P02_1_MASK		MASK	0x3FF	1023	11455
D	RTL8367D_REG_NCTL_P03_0		REGISTER	0x6107	24839	11457
D	RTL8367D_NCTL_BP_EN_P03_OFFSET		OFFSET_SHIFT	10	10	11458
D	RTL8367D_NCTL_BP_EN_P03_MASK		MASK	0x400	1024	11459
D	RTL8367D_NCTL_BP_ADDR_P03_OFFSET		OFFSET_SHIFT	0	0	11460
D	RTL8367D_NCTL_BP_ADDR_P03_MASK		MASK	0x3FF	1023	11461
D	RTL8367D_REG_NCTL_P03_1		REGISTER	0x6108	24840	11463
D	RTL8367D_NCTL_P03_1_OFFSET		OFFSET_SHIFT	0	0	11464
D	RTL8367D_NCTL_P03_1_MASK		MASK	0x3FF	1023	11465
D	RTL8367D_REG_NCTL_P04_0		REGISTER	0x6109	24841	11467
D	RTL8367D_NCTL_BP_EN_P04_OFFSET		OFFSET_SHIFT	10	10	11468
D	RTL8367D_NCTL_BP_EN_P04_MASK		MASK	0x400	1024	11469
D	RTL8367D_NCTL_BP_ADDR_P04_OFFSET		OFFSET_SHIFT	0	0	11470
D	RTL8367D_NCTL_BP_ADDR_P04_MASK		MASK	0x3FF	1023	11471
D	RTL8367D_REG_NCTL_P04_1		REGISTER	0x610a	24842	11473
D	RTL8367D_NCTL_P04_1_OFFSET		OFFSET_SHIFT	0	0	11474
D	RTL8367D_NCTL_P04_1_MASK		MASK	0x3FF	1023	11475
D	RTL8367D_REG_NCTL_P05_0		REGISTER	0x610b	24843	11477
D	RTL8367D_NCTL_BP_EN_P05_OFFSET		OFFSET_SHIFT	10	10	11478
D	RTL8367D_NCTL_BP_EN_P05_MASK		MASK	0x400	1024	11479
D	RTL8367D_NCTL_BP_ADDR_P05_OFFSET		OFFSET_SHIFT	0	0	11480
D	RTL8367D_NCTL_BP_ADDR_P05_MASK		MASK	0x3FF	1023	11481
D	RTL8367D_REG_NCTL_P05_1		REGISTER	0x610c	24844	11483
D	RTL8367D_NCTL_P05_1_OFFSET		OFFSET_SHIFT	0	0	11484
D	RTL8367D_NCTL_P05_1_MASK		MASK	0x3FF	1023	11485
D	RTL8367D_REG_NCTL_P06_0		REGISTER	0x610d	24845	11487
D	RTL8367D_NCTL_BP_EN_P06_OFFSET		OFFSET_SHIFT	10	10	11488
D	RTL8367D_NCTL_BP_EN_P06_MASK		MASK	0x400	1024	11489
D	RTL8367D_NCTL_BP_ADDR_P06_OFFSET		OFFSET_SHIFT	0	0	11490
D	RTL8367D_NCTL_BP_ADDR_P06_MASK		MASK	0x3FF	1023	11491
D	RTL8367D_REG_NCTL_P06_1		REGISTER	0x610e	24846	11493
D	RTL8367D_NCTL_P06_1_OFFSET		OFFSET_SHIFT	0	0	11494
D	RTL8367D_NCTL_P06_1_MASK		MASK	0x3FF	1023	11495
D	RTL8367D_REG_NCTL_P07_0		REGISTER	0x610f	24847	11497
D	RTL8367D_NCTL_BP_EN_P07_OFFSET		OFFSET_SHIFT	10	10	11498
D	RTL8367D_NCTL_BP_EN_P07_MASK		MASK	0x400	1024	11499
D	RTL8367D_NCTL_BP_ADDR_P07_OFFSET		OFFSET_SHIFT	0	0	11500
D	RTL8367D_NCTL_BP_ADDR_P07_MASK		MASK	0x3FF	1023	11501
D	RTL8367D_REG_NCTL_P07_1		REGISTER	0x6110	24848	11503
D	RTL8367D_NCTL_P07_1_OFFSET		OFFSET_SHIFT	0	0	11504
D	RTL8367D_NCTL_P07_1_MASK		MASK	0x3FF	1023	11505
D	RTL8367D_REG_NCTL_P08_0		REGISTER	0x6111	24849	11507
D	RTL8367D_NCTL_BP_EN_P08_OFFSET		OFFSET_SHIFT	10	10	11508
D	RTL8367D_NCTL_BP_EN_P08_MASK		MASK	0x400	1024	11509
D	RTL8367D_NCTL_BP_ADDR_P08_OFFSET		OFFSET_SHIFT	0	0	11510
D	RTL8367D_NCTL_BP_ADDR_P08_MASK		MASK	0x3FF	1023	11511
D	RTL8367D_REG_NCTL_P08_1		REGISTER	0x6112	24850	11513
D	RTL8367D_NCTL_P08_1_OFFSET		OFFSET_SHIFT	0	0	11514
D	RTL8367D_NCTL_P08_1_MASK		MASK	0x3FF	1023	11515
D	RTL8367D_REG_NCTL_P09_0		REGISTER	0x6113	24851	11517
D	RTL8367D_NCTL_BP_EN_P09_OFFSET		OFFSET_SHIFT	10	10	11518
D	RTL8367D_NCTL_BP_EN_P09_MASK		MASK	0x400	1024	11519
D	RTL8367D_NCTL_BP_ADDR_P09_OFFSET		OFFSET_SHIFT	0	0	11520
D	RTL8367D_NCTL_BP_ADDR_P09_MASK		MASK	0x3FF	1023	11521
D	RTL8367D_REG_NCTL_P09_1		REGISTER	0x6114	24852	11523
D	RTL8367D_NCTL_P09_1_OFFSET		OFFSET_SHIFT	0	0	11524
D	RTL8367D_NCTL_P09_1_MASK		MASK	0x3FF	1023	11525
D	RTL8367D_REG_NCTL_P10_0		REGISTER	0x6115	24853	11527
D	RTL8367D_NCTL_BP_EN_P10_OFFSET		OFFSET_SHIFT	10	10	11528
D	RTL8367D_NCTL_BP_EN_P10_MASK		MASK	0x400	1024	11529
D	RTL8367D_NCTL_BP_ADDR_P10_OFFSET		OFFSET_SHIFT	0	0	11530
D	RTL8367D_NCTL_BP_ADDR_P10_MASK		MASK	0x3FF	1023	11531
D	RTL8367D_REG_NCTL_P10_1		REGISTER	0x6116	24854	11533
D	RTL8367D_NCTL_P10_1_OFFSET		OFFSET_SHIFT	0	0	11534
D	RTL8367D_NCTL_P10_1_MASK		MASK	0x3FF	1023	11535
D	RTL8367D_REG_NCTL_P11_0		REGISTER	0x6117	24855	11537
D	RTL8367D_NCTL_BP_EN_P11_OFFSET		OFFSET_SHIFT	10	10	11538
D	RTL8367D_NCTL_BP_EN_P11_MASK		MASK	0x400	1024	11539
D	RTL8367D_NCTL_BP_ADDR_P11_OFFSET		OFFSET_SHIFT	0	0	11540
D	RTL8367D_NCTL_BP_ADDR_P11_MASK		MASK	0x3FF	1023	11541
D	RTL8367D_REG_NCTL_P11_1		REGISTER	0x6118	24856	11543
D	RTL8367D_NCTL_P11_1_OFFSET		OFFSET_SHIFT	0	0	11544
D	RTL8367D_NCTL_P11_1_MASK		MASK	0x3FF	1023	11545
D	RTL8367D_REG_NCTL_P12_0		REGISTER	0x6119	24857	11547
D	RTL8367D_NCTL_BP_EN_P12_OFFSET		OFFSET_SHIFT	10	10	11548
D	RTL8367D_NCTL_BP_EN_P12_MASK		MASK	0x400	1024	11549
D	RTL8367D_NCTL_BP_ADDR_P12_OFFSET		OFFSET_SHIFT	0	0	11550
D	RTL8367D_NCTL_BP_ADDR_P12_MASK		MASK	0x3FF	1023	11551
D	RTL8367D_REG_NCTL_P12_1		REGISTER	0x611a	24858	11553
D	RTL8367D_NCTL_P12_1_OFFSET		OFFSET_SHIFT	0	0	11554
D	RTL8367D_NCTL_P12_1_MASK		MASK	0x3FF	1023	11555
D	RTL8367D_REG_NCTL_P13_0		REGISTER	0x611b	24859	11557
D	RTL8367D_NCTL_BP_EN_P13_OFFSET		OFFSET_SHIFT	10	10	11558
D	RTL8367D_NCTL_BP_EN_P13_MASK		MASK	0x400	1024	11559
D	RTL8367D_NCTL_BP_ADDR_P13_OFFSET		OFFSET_SHIFT	0	0	11560
D	RTL8367D_NCTL_BP_ADDR_P13_MASK		MASK	0x3FF	1023	11561
D	RTL8367D_REG_NCTL_P13_1		REGISTER	0x611c	24860	11563
D	RTL8367D_NCTL_P13_1_OFFSET		OFFSET_SHIFT	0	0	11564
D	RTL8367D_NCTL_P13_1_MASK		MASK	0x3FF	1023	11565
D	RTL8367D_REG_NCTL_P14_0		REGISTER	0x611d	24861	11567
D	RTL8367D_NCTL_BP_EN_P14_OFFSET		OFFSET_SHIFT	10	10	11568
D	RTL8367D_NCTL_BP_EN_P14_MASK		MASK	0x400	1024	11569
D	RTL8367D_NCTL_BP_ADDR_P14_OFFSET		OFFSET_SHIFT	0	0	11570
D	RTL8367D_NCTL_BP_ADDR_P14_MASK		MASK	0x3FF	1023	11571
D	RTL8367D_REG_NCTL_P14_1		REGISTER	0x611e	24862	11573
D	RTL8367D_NCTL_P14_1_OFFSET		OFFSET_SHIFT	0	0	11574
D	RTL8367D_NCTL_P14_1_MASK		MASK	0x3FF	1023	11575
D	RTL8367D_REG_NCTL_P15_0		REGISTER	0x611f	24863	11577
D	RTL8367D_NCTL_BP_EN_P15_OFFSET		OFFSET_SHIFT	10	10	11578
D	RTL8367D_NCTL_BP_EN_P15_MASK		MASK	0x400	1024	11579
D	RTL8367D_NCTL_BP_ADDR_P15_OFFSET		OFFSET_SHIFT	0	0	11580
D	RTL8367D_NCTL_BP_ADDR_P15_MASK		MASK	0x3FF	1023	11581
D	RTL8367D_REG_NCTL_P15_1		REGISTER	0x6120	24864	11583
D	RTL8367D_NCTL_P15_1_OFFSET		OFFSET_SHIFT	0	0	11584
D	RTL8367D_NCTL_P15_1_MASK		MASK	0x3FF	1023	11585
D	RTL8367D_REG_NCTL_SRCA_VAL0		REGISTER	0x6121	24865	11587
D	RTL8367D_REG_NCTL_SRCA_VAL1		REGISTER	0x6122	24866	11589
D	RTL8367D_REG_NCTL_SRCA_VAL2		REGISTER	0x6123	24867	11591
D	RTL8367D_REG_NCTL_SRCB_VAL0		REGISTER	0x6124	24868	11593
D	RTL8367D_REG_NCTL_SRCB_VAL1		REGISTER	0x6125	24869	11595
D	RTL8367D_REG_NCTL_SRCB_VAL2		REGISTER	0x6126	24870	11597
D	RTL8367D_REG_NCTL_CIO_SEL		REGISTER	0x6127	24871	11599
D	RTL8367D_NCTL_CI_SEL_OFFSET		OFFSET_SHIFT	8	8	11600
D	RTL8367D_NCTL_CI_SEL_MASK		MASK	0xFF00	65280	11601
D	RTL8367D_NCTL_CO_SEL_OFFSET		OFFSET_SHIFT	0	0	11602
D	RTL8367D_NCTL_CO_SEL_MASK		MASK	0xFF	255	11603
D	RTL8367D_REG_NCTL_CO_MON		REGISTER	0x6128	24872	11605
D	RTL8367D_REG_NCTL_CI_MSB_MON		REGISTER	0x6129	24873	11607
D	RTL8367D_REG_NCTL_PC_MON		REGISTER	0x612a	24874	11609
D	RTL8367D_NCTL_PC_MON_OFFSET		OFFSET_SHIFT	0	0	11610
D	RTL8367D_NCTL_PC_MON_MASK		MASK	0x3FF	1023	11611
D	RTL8367D_REG_NCTL_SRAM_IN		REGISTER	0x612b	24875	11613
D	RTL8367D_REG_NCTL_EN		REGISTER	0x612f	24879	11615
D	RTL8367D_NCTL_RSTB_BITERR_EN_OFFSET		OFFSET_SHIFT	3	3	11616
D	RTL8367D_NCTL_RSTB_BITERR_EN_MASK		MASK	0x8	8	11617
D	RTL8367D_NCTL_EN_OFFSET		OFFSET_SHIFT	2	2	11618
D	RTL8367D_NCTL_EN_MASK		MASK	0x4	4	11619
D	RTL8367D_RG_NCTL_SEL_OFFSET		OFFSET_SHIFT	0	0	11620
D	RTL8367D_RG_NCTL_SEL_MASK		MASK	0x3	3	11621
D	RTL8367D_REG_NCTL_CI_LSB_MON		REGISTER	0x6134	24884	11623
D	RTL8367D_REG_NCTL_RAM_INDACS_0		REGISTER	0x6135	24885	11625
D	RTL8367D_NCTL_CMD_OFFSET		OFFSET_SHIFT	14	14	11626
D	RTL8367D_NCTL_CMD_MASK		MASK	0x4000	16384	11627
D	RTL8367D_NCTL_WR_OFFSET		OFFSET_SHIFT	13	13	11628
D	RTL8367D_NCTL_WR_MASK		MASK	0x2000	8192	11629
D	RTL8367D_NCTL_CMD_TMOUT_OFFSET		OFFSET_SHIFT	10	10	11630
D	RTL8367D_NCTL_CMD_TMOUT_MASK		MASK	0x1C00	7168	11631
D	RTL8367D_NCTL_ADR_OFFSET		OFFSET_SHIFT	0	0	11632
D	RTL8367D_NCTL_ADR_MASK		MASK	0x3FF	1023	11633
D	RTL8367D_REG_NCTL_RAM_INDACS_1		REGISTER	0x6136	24886	11635
D	RTL8367D_REG_NCTL_RAM_INDACS_2		REGISTER	0x6137	24887	11637
D	RTL8367D_REG_FIB_CFG00		REGISTER	0x6200	25088	11641
D	RTL8367D_CFG_FIB_RST_OFFSET		OFFSET_SHIFT	15	15	11642
D	RTL8367D_CFG_FIB_RST_MASK		MASK	0x8000	32768	11643
D	RTL8367D_CFG_FIB_LPK_OFFSET		OFFSET_SHIFT	14	14	11644
D	RTL8367D_CFG_FIB_LPK_MASK		MASK	0x4000	16384	11645
D	RTL8367D_CFG_FIB_SPD_RD_0_OFFSET		OFFSET_SHIFT	13	13	11646
D	RTL8367D_CFG_FIB_SPD_RD_0_MASK		MASK	0x2000	8192	11647
D	RTL8367D_CFG_FIB_ANEN_OFFSET		OFFSET_SHIFT	12	12	11648
D	RTL8367D_CFG_FIB_ANEN_MASK		MASK	0x1000	4096	11649
D	RTL8367D_CFG_FIB_PDOWN_OFFSET		OFFSET_SHIFT	11	11	11650
D	RTL8367D_CFG_FIB_PDOWN_MASK		MASK	0x800	2048	11651
D	RTL8367D_CFG_FIB_ISO_OFFSET		OFFSET_SHIFT	10	10	11652
D	RTL8367D_CFG_FIB_ISO_MASK		MASK	0x400	1024	11653
D	RTL8367D_CFG_FIB_RESTART_OFFSET		OFFSET_SHIFT	9	9	11654
D	RTL8367D_CFG_FIB_RESTART_MASK		MASK	0x200	512	11655
D	RTL8367D_CFG_FIB_FULLDUP_OFFSET		OFFSET_SHIFT	8	8	11656
D	RTL8367D_CFG_FIB_FULLDUP_MASK		MASK	0x100	256	11657
D	RTL8367D_CFG_FIB_SPD_RD_1_OFFSET		OFFSET_SHIFT	6	6	11658
D	RTL8367D_CFG_FIB_SPD_RD_1_MASK		MASK	0x40	64	11659
D	RTL8367D_CFG_FIB_FRCTX_OFFSET		OFFSET_SHIFT	5	5	11660
D	RTL8367D_CFG_FIB_FRCTX_MASK		MASK	0x20	32	11661
D	RTL8367D_REG_FIB_CFG01		REGISTER	0x6201	25089	11663
D	RTL8367D_CAPBILITY_OFFSET		OFFSET_SHIFT	6	6	11664
D	RTL8367D_CAPBILITY_MASK		MASK	0xFFC0	65472	11665
D	RTL8367D_AN_COMPLETE_OFFSET		OFFSET_SHIFT	5	5	11666
D	RTL8367D_AN_COMPLETE_MASK		MASK	0x20	32	11667
D	RTL8367D_R_FAULT_OFFSET		OFFSET_SHIFT	4	4	11668
D	RTL8367D_R_FAULT_MASK		MASK	0x10	16	11669
D	RTL8367D_NWAY_ABILITY_OFFSET		OFFSET_SHIFT	3	3	11670
D	RTL8367D_NWAY_ABILITY_MASK		MASK	0x8	8	11671
D	RTL8367D_LINK_STATUS_OFFSET		OFFSET_SHIFT	2	2	11672
D	RTL8367D_LINK_STATUS_MASK		MASK	0x4	4	11673
D	RTL8367D_JABBER_DETECT_OFFSET		OFFSET_SHIFT	1	1	11674
D	RTL8367D_JABBER_DETECT_MASK		MASK	0x2	2	11675
D	RTL8367D_EXTENDED_CAPBILITY_OFFSET		OFFSET_SHIFT	0	0	11676
D	RTL8367D_EXTENDED_CAPBILITY_MASK		MASK	0x1	1	11677
D	RTL8367D_REG_FIB_CFG02		REGISTER	0x6202	25090	11679
D	RTL8367D_REG_FIB_CFG03		REGISTER	0x6203	25091	11681
D	RTL8367D_REALTEK_OUI5_0_OFFSET		OFFSET_SHIFT	10	10	11682
D	RTL8367D_REALTEK_OUI5_0_MASK		MASK	0xFC00	64512	11683
D	RTL8367D_MODEL_NO_OFFSET		OFFSET_SHIFT	4	4	11684
D	RTL8367D_MODEL_NO_MASK		MASK	0x3F0	1008	11685
D	RTL8367D_REVISION_NO_OFFSET		OFFSET_SHIFT	0	0	11686
D	RTL8367D_REVISION_NO_MASK		MASK	0xF	15	11687
D	RTL8367D_REG_FIB_CFG04		REGISTER	0x6204	25092	11689
D	RTL8367D_REG_FIB_CFG05		REGISTER	0x6205	25093	11691
D	RTL8367D_REG_FIB_CFG06		REGISTER	0x6206	25094	11693
D	RTL8367D_FIB_NP_EN_OFFSET		OFFSET_SHIFT	2	2	11694
D	RTL8367D_FIB_NP_EN_MASK		MASK	0x4	4	11695
D	RTL8367D_RXPAGE_OFFSET		OFFSET_SHIFT	1	1	11696
D	RTL8367D_RXPAGE_MASK		MASK	0x2	2	11697
D	RTL8367D_REG_FIB_CFG07		REGISTER	0x6207	25095	11699
D	RTL8367D_REG_FIB_CFG08		REGISTER	0x6208	25096	11701
D	RTL8367D_REG_FIB_CFG09		REGISTER	0x6209	25097	11703
D	RTL8367D_REG_FIB_CFG10		REGISTER	0x620a	25098	11705
D	RTL8367D_REG_FIB_CFG11		REGISTER	0x620b	25099	11707
D	RTL8367D_REG_FIB_CFG12		REGISTER	0x620c	25100	11709
D	RTL8367D_REG_FIB_CFG13		REGISTER	0x620d	25101	11711
D	RTL8367D_INDR_FUNC_OFFSET		OFFSET_SHIFT	14	14	11712
D	RTL8367D_INDR_FUNC_MASK		MASK	0xC000	49152	11713
D	RTL8367D_FIB_CFG13_DUMMY_OFFSET		OFFSET_SHIFT	5	5	11714
D	RTL8367D_FIB_CFG13_DUMMY_MASK		MASK	0x3FE0	16352	11715
D	RTL8367D_INDR_DEVAD_OFFSET		OFFSET_SHIFT	0	0	11716
D	RTL8367D_INDR_DEVAD_MASK		MASK	0x1F	31	11717
D	RTL8367D_REG_FIB_CFG14		REGISTER	0x620e	25102	11719
D	RTL8367D_REG_FIB_CFG15		REGISTER	0x620f	25103	11721
D	RTL8367D_REG_SWR_REG0		REGISTER	0x6500	25856	11725
D	RTL8367D_REG_SWR_REG1		REGISTER	0x6501	25857	11727
D	RTL8367D_REG_SWR_REG2		REGISTER	0x6502	25858	11729
D	RTL8367D_REG_SWR_REG3		REGISTER	0x6503	25859	11731
D	RTL8367D_REG_SWR_REG4		REGISTER	0x6504	25860	11733
D	RTL8367D_REG_SWR_REG5		REGISTER	0x6505	25861	11735
D	RTL8367D_REG_SDS_INDACS_CMD		REGISTER	0x6600	26112	11739
D	RTL8367D_SDS_CMD_BUSY_OFFSET		OFFSET_SHIFT	8	8	11740
D	RTL8367D_SDS_CMD_BUSY_MASK		MASK	0x100	256	11741
D	RTL8367D_SDS_CMD_OFFSET		OFFSET_SHIFT	7	7	11742
D	RTL8367D_SDS_CMD_MASK		MASK	0x80	128	11743
D	RTL8367D_SDS_RWOP_OFFSET		OFFSET_SHIFT	6	6	11744
D	RTL8367D_SDS_RWOP_MASK		MASK	0x40	64	11745
D	RTL8367D_SDS_INDEX_OFFSET		OFFSET_SHIFT	0	0	11746
D	RTL8367D_SDS_INDEX_MASK		MASK	0x3F	63	11747
D	RTL8367D_REG_SDS_INDACS_ADR		REGISTER	0x6601	26113	11749
D	RTL8367D_SDS_PAGE_OFFSET		OFFSET_SHIFT	5	5	11750
D	RTL8367D_SDS_PAGE_MASK		MASK	0x7E0	2016	11751
D	RTL8367D_SDS_REGAD_OFFSET		OFFSET_SHIFT	0	0	11752
D	RTL8367D_SDS_REGAD_MASK		MASK	0x1F	31	11753
D	RTL8367D_REG_SDS_INDACS_DATA		REGISTER	0x6602	26114	11755
D	RTL8367D_REG_BIST_TCAM		REGISTER	0x6700	26368	11759
D	RTL8367D_TCAM_DRF_BIST_FAIL_OFFSET		OFFSET_SHIFT	15	15	11760
D	RTL8367D_TCAM_DRF_BIST_FAIL_MASK		MASK	0x8000	32768	11761
D	RTL8367D_TCAM_BIST_FAIL_OFFSET		OFFSET_SHIFT	14	14	11762
D	RTL8367D_TCAM_BIST_FAIL_MASK		MASK	0x4000	16384	11763
D	RTL8367D_TCAM_DRF_BIST_DONE_OFFSET		OFFSET_SHIFT	13	13	11764
D	RTL8367D_TCAM_DRF_BIST_DONE_MASK		MASK	0x2000	8192	11765
D	RTL8367D_TCAM_BIST_DONE_OFFSET		OFFSET_SHIFT	12	12	11766
D	RTL8367D_TCAM_BIST_DONE_MASK		MASK	0x1000	4096	11767
D	RTL8367D_TCAM_DRF_START_PAUSE_OFFSET		OFFSET_SHIFT	11	11	11768
D	RTL8367D_TCAM_DRF_START_PAUSE_MASK		MASK	0x800	2048	11769
D	RTL8367D_TCAM_DRF_TEST_RESUME_OFFSET		OFFSET_SHIFT	3	3	11770
D	RTL8367D_TCAM_DRF_TEST_RESUME_MASK		MASK	0x8	8	11771
D	RTL8367D_TCAM_DRF_BIST_MODE_OFFSET		OFFSET_SHIFT	2	2	11772
D	RTL8367D_TCAM_DRF_BIST_MODE_MASK		MASK	0x4	4	11773
D	RTL8367D_TCAM_BIST_MODE_OFFSET		OFFSET_SHIFT	1	1	11774
D	RTL8367D_TCAM_BIST_MODE_MASK		MASK	0x2	2	11775
D	RTL8367D_TCAM_BIST_RSTN_OFFSET		OFFSET_SHIFT	0	0	11776
D	RTL8367D_TCAM_BIST_RSTN_MASK		MASK	0x1	1	11777
D	RTL8367D_REG_BIST_L2		REGISTER	0x6701	26369	11779
D	RTL8367D_L2_DRF_BIST_FAIL_OFFSET		OFFSET_SHIFT	15	15	11780
D	RTL8367D_L2_DRF_BIST_FAIL_MASK		MASK	0x8000	32768	11781
D	RTL8367D_L2_BIST_FAIL_OFFSET		OFFSET_SHIFT	14	14	11782
D	RTL8367D_L2_BIST_FAIL_MASK		MASK	0x4000	16384	11783
D	RTL8367D_L2_DRF_BIST_DONE_OFFSET		OFFSET_SHIFT	13	13	11784
D	RTL8367D_L2_DRF_BIST_DONE_MASK		MASK	0x2000	8192	11785
D	RTL8367D_L2_BIST_DONE_OFFSET		OFFSET_SHIFT	12	12	11786
D	RTL8367D_L2_BIST_DONE_MASK		MASK	0x1000	4096	11787
D	RTL8367D_L2_DRF_START_PAUSE_OFFSET		OFFSET_SHIFT	11	11	11788
D	RTL8367D_L2_DRF_START_PAUSE_MASK		MASK	0x800	2048	11789
D	RTL8367D_L2_DYN_READ_EN_OFFSET		OFFSET_SHIFT	10	10	11790
D	RTL8367D_L2_DYN_READ_EN_MASK		MASK	0x400	1024	11791
D	RTL8367D_L2_BIST_LOOP_MODE_OFFSET		OFFSET_SHIFT	9	9	11792
D	RTL8367D_L2_BIST_LOOP_MODE_MASK		MASK	0x200	512	11793
D	RTL8367D_L2_RME_OFFSET		OFFSET_SHIFT	8	8	11794
D	RTL8367D_L2_RME_MASK		MASK	0x100	256	11795
D	RTL8367D_L2_RM_OFFSET		OFFSET_SHIFT	4	4	11796
D	RTL8367D_L2_RM_MASK		MASK	0xF0	240	11797
D	RTL8367D_L2_DRF_TEST_RESUME_OFFSET		OFFSET_SHIFT	3	3	11798
D	RTL8367D_L2_DRF_TEST_RESUME_MASK		MASK	0x8	8	11799
D	RTL8367D_L2_DRF_BIST_MODE_OFFSET		OFFSET_SHIFT	2	2	11800
D	RTL8367D_L2_DRF_BIST_MODE_MASK		MASK	0x4	4	11801
D	RTL8367D_L2_BIST_MODE_OFFSET		OFFSET_SHIFT	1	1	11802
D	RTL8367D_L2_BIST_MODE_MASK		MASK	0x2	2	11803
D	RTL8367D_L2_BIST_RSTN_OFFSET		OFFSET_SHIFT	0	0	11804
D	RTL8367D_L2_BIST_RSTN_MASK		MASK	0x1	1	11805
D	RTL8367D_REG_BIST_OUTQ		REGISTER	0x6702	26370	11807
D	RTL8367D_OUTQ_DRF_BIST_FAIL_OFFSET		OFFSET_SHIFT	15	15	11808
D	RTL8367D_OUTQ_DRF_BIST_FAIL_MASK		MASK	0x8000	32768	11809
D	RTL8367D_OUTQ_BIST_FAIL_OFFSET		OFFSET_SHIFT	14	14	11810
D	RTL8367D_OUTQ_BIST_FAIL_MASK		MASK	0x4000	16384	11811
D	RTL8367D_OUTQ_DRF_BIST_DONE_OFFSET		OFFSET_SHIFT	13	13	11812
D	RTL8367D_OUTQ_DRF_BIST_DONE_MASK		MASK	0x2000	8192	11813
D	RTL8367D_OUTQ_BIST_DONE_OFFSET		OFFSET_SHIFT	12	12	11814
D	RTL8367D_OUTQ_BIST_DONE_MASK		MASK	0x1000	4096	11815
D	RTL8367D_OUTQ_DRF_START_PAUSE_OFFSET		OFFSET_SHIFT	11	11	11816
D	RTL8367D_OUTQ_DRF_START_PAUSE_MASK		MASK	0x800	2048	11817
D	RTL8367D_OUTQ_DYN_READ_EN_OFFSET		OFFSET_SHIFT	10	10	11818
D	RTL8367D_OUTQ_DYN_READ_EN_MASK		MASK	0x400	1024	11819
D	RTL8367D_OUTQ_BIST_LOOP_MODE_OFFSET		OFFSET_SHIFT	9	9	11820
D	RTL8367D_OUTQ_BIST_LOOP_MODE_MASK		MASK	0x200	512	11821
D	RTL8367D_OUTQ_RME_OFFSET		OFFSET_SHIFT	8	8	11822
D	RTL8367D_OUTQ_RME_MASK		MASK	0x100	256	11823
D	RTL8367D_OUTQ_RM_OFFSET		OFFSET_SHIFT	4	4	11824
D	RTL8367D_OUTQ_RM_MASK		MASK	0xF0	240	11825
D	RTL8367D_OUTQ_DRF_TEST_RESUME_OFFSET		OFFSET_SHIFT	3	3	11826
D	RTL8367D_OUTQ_DRF_TEST_RESUME_MASK		MASK	0x8	8	11827
D	RTL8367D_OUTQ_DRF_BIST_MODE_OFFSET		OFFSET_SHIFT	2	2	11828
D	RTL8367D_OUTQ_DRF_BIST_MODE_MASK		MASK	0x4	4	11829
D	RTL8367D_OUTQ_BIST_MODE_OFFSET		OFFSET_SHIFT	1	1	11830
D	RTL8367D_OUTQ_BIST_MODE_MASK		MASK	0x2	2	11831
D	RTL8367D_OUTQ_BIST_RSTN_OFFSET		OFFSET_SHIFT	0	0	11832
D	RTL8367D_OUTQ_BIST_RSTN_MASK		MASK	0x1	1	11833
D	RTL8367D_REG_BIST_PB		REGISTER	0x6703	26371	11835
D	RTL8367D_PB_DRF_BIST_FAIL_OFFSET		OFFSET_SHIFT	15	15	11836
D	RTL8367D_PB_DRF_BIST_FAIL_MASK		MASK	0x8000	32768	11837
D	RTL8367D_PB_BIST_FAIL_OFFSET		OFFSET_SHIFT	14	14	11838
D	RTL8367D_PB_BIST_FAIL_MASK		MASK	0x4000	16384	11839
D	RTL8367D_PB_DRF_BIST_DONE_OFFSET		OFFSET_SHIFT	13	13	11840
D	RTL8367D_PB_DRF_BIST_DONE_MASK		MASK	0x2000	8192	11841
D	RTL8367D_PB_BIST_DONE_OFFSET		OFFSET_SHIFT	12	12	11842
D	RTL8367D_PB_BIST_DONE_MASK		MASK	0x1000	4096	11843
D	RTL8367D_PB_DRF_START_PAUSE_OFFSET		OFFSET_SHIFT	11	11	11844
D	RTL8367D_PB_DRF_START_PAUSE_MASK		MASK	0x800	2048	11845
D	RTL8367D_PB_DYN_READ_EN_OFFSET		OFFSET_SHIFT	10	10	11846
D	RTL8367D_PB_DYN_READ_EN_MASK		MASK	0x400	1024	11847
D	RTL8367D_PB_BIST_LOOP_MODE_OFFSET		OFFSET_SHIFT	9	9	11848
D	RTL8367D_PB_BIST_LOOP_MODE_MASK		MASK	0x200	512	11849
D	RTL8367D_PB_RME_OFFSET		OFFSET_SHIFT	8	8	11850
D	RTL8367D_PB_RME_MASK		MASK	0x100	256	11851
D	RTL8367D_PB_RM_OFFSET		OFFSET_SHIFT	4	4	11852
D	RTL8367D_PB_RM_MASK		MASK	0xF0	240	11853
D	RTL8367D_PB_DRF_TEST_RESUME_OFFSET		OFFSET_SHIFT	3	3	11854
D	RTL8367D_PB_DRF_TEST_RESUME_MASK		MASK	0x8	8	11855
D	RTL8367D_PB_DRF_BIST_MODE_OFFSET		OFFSET_SHIFT	2	2	11856
D	RTL8367D_PB_DRF_BIST_MODE_MASK		MASK	0x4	4	11857
D	RTL8367D_PB_BIST_MODE_OFFSET		OFFSET_SHIFT	1	1	11858
D	RTL8367D_PB_BIST_MODE_MASK		MASK	0x2	2	11859
D	RTL8367D_PB_BIST_RSTN_OFFSET		OFFSET_SHIFT	0	0	11860
D	RTL8367D_PB_BIST_RSTN_MASK		MASK	0x1	1	11861
D	RTL8367D_REG_BIST_ACT		REGISTER	0x6704	26372	11863
D	RTL8367D_ACT_DRF_BIST_FAIL_OFFSET		OFFSET_SHIFT	15	15	11864
D	RTL8367D_ACT_DRF_BIST_FAIL_MASK		MASK	0x8000	32768	11865
D	RTL8367D_ACT_BIST_FAIL_OFFSET		OFFSET_SHIFT	14	14	11866
D	RTL8367D_ACT_BIST_FAIL_MASK		MASK	0x4000	16384	11867
D	RTL8367D_ACT_DRF_BIST_DONE_OFFSET		OFFSET_SHIFT	13	13	11868
D	RTL8367D_ACT_DRF_BIST_DONE_MASK		MASK	0x2000	8192	11869
D	RTL8367D_ACT_BIST_DONE_OFFSET		OFFSET_SHIFT	12	12	11870
D	RTL8367D_ACT_BIST_DONE_MASK		MASK	0x1000	4096	11871
D	RTL8367D_ACT_DRF_START_PAUSE_OFFSET		OFFSET_SHIFT	11	11	11872
D	RTL8367D_ACT_DRF_START_PAUSE_MASK		MASK	0x800	2048	11873
D	RTL8367D_ACT_DYN_READ_EN_OFFSET		OFFSET_SHIFT	10	10	11874
D	RTL8367D_ACT_DYN_READ_EN_MASK		MASK	0x400	1024	11875
D	RTL8367D_ACT_BIST_LOOP_MODE_OFFSET		OFFSET_SHIFT	9	9	11876
D	RTL8367D_ACT_BIST_LOOP_MODE_MASK		MASK	0x200	512	11877
D	RTL8367D_ACT_RME_OFFSET		OFFSET_SHIFT	8	8	11878
D	RTL8367D_ACT_RME_MASK		MASK	0x100	256	11879
D	RTL8367D_ACT_RM_OFFSET		OFFSET_SHIFT	4	4	11880
D	RTL8367D_ACT_RM_MASK		MASK	0xF0	240	11881
D	RTL8367D_ACT_DRF_TEST_RESUME_OFFSET		OFFSET_SHIFT	3	3	11882
D	RTL8367D_ACT_DRF_TEST_RESUME_MASK		MASK	0x8	8	11883
D	RTL8367D_ACT_DRF_BIST_MODE_OFFSET		OFFSET_SHIFT	2	2	11884
D	RTL8367D_ACT_DRF_BIST_MODE_MASK		MASK	0x4	4	11885
D	RTL8367D_ACT_BIST_MODE_OFFSET		OFFSET_SHIFT	1	1	11886
D	RTL8367D_ACT_BIST_MODE_MASK		MASK	0x2	2	11887
D	RTL8367D_ACT_BIST_RSTN_OFFSET		OFFSET_SHIFT	0	0	11888
D	RTL8367D_ACT_BIST_RSTN_MASK		MASK	0x1	1	11889
D	RTL8367D_REG_BIST_HT		REGISTER	0x6705	26373	11891
D	RTL8367D_HT_DRF_BIST_FAIL_OFFSET		OFFSET_SHIFT	15	15	11892
D	RTL8367D_HT_DRF_BIST_FAIL_MASK		MASK	0x8000	32768	11893
D	RTL8367D_HT_BIST_FAIL_OFFSET		OFFSET_SHIFT	14	14	11894
D	RTL8367D_HT_BIST_FAIL_MASK		MASK	0x4000	16384	11895
D	RTL8367D_HT_DRF_BIST_DONE_OFFSET		OFFSET_SHIFT	13	13	11896
D	RTL8367D_HT_DRF_BIST_DONE_MASK		MASK	0x2000	8192	11897
D	RTL8367D_HT_BIST_DONE_OFFSET		OFFSET_SHIFT	12	12	11898
D	RTL8367D_HT_BIST_DONE_MASK		MASK	0x1000	4096	11899
D	RTL8367D_HT_DRF_START_PAUSE_OFFSET		OFFSET_SHIFT	11	11	11900
D	RTL8367D_HT_DRF_START_PAUSE_MASK		MASK	0x800	2048	11901
D	RTL8367D_HT_DYN_READ_EN_OFFSET		OFFSET_SHIFT	10	10	11902
D	RTL8367D_HT_DYN_READ_EN_MASK		MASK	0x400	1024	11903
D	RTL8367D_HT_BIST_LOOP_MODE_OFFSET		OFFSET_SHIFT	9	9	11904
D	RTL8367D_HT_BIST_LOOP_MODE_MASK		MASK	0x200	512	11905
D	RTL8367D_HT_RME_OFFSET		OFFSET_SHIFT	8	8	11906
D	RTL8367D_HT_RME_MASK		MASK	0x100	256	11907
D	RTL8367D_HT_RM_OFFSET		OFFSET_SHIFT	4	4	11908
D	RTL8367D_HT_RM_MASK		MASK	0xF0	240	11909
D	RTL8367D_HT_DRF_TEST_RESUME_OFFSET		OFFSET_SHIFT	3	3	11910
D	RTL8367D_HT_DRF_TEST_RESUME_MASK		MASK	0x8	8	11911
D	RTL8367D_HT_DRF_BIST_MODE_OFFSET		OFFSET_SHIFT	2	2	11912
D	RTL8367D_HT_DRF_BIST_MODE_MASK		MASK	0x4	4	11913
D	RTL8367D_HT_BIST_MODE_OFFSET		OFFSET_SHIFT	1	1	11914
D	RTL8367D_HT_BIST_MODE_MASK		MASK	0x2	2	11915
D	RTL8367D_HT_BIST_RSTN_OFFSET		OFFSET_SHIFT	0	0	11916
D	RTL8367D_HT_BIST_RSTN_MASK		MASK	0x1	1	11917
D	RTL8367D_REG_BIST_MIB		REGISTER	0x6706	26374	11919
D	RTL8367D_MIB_DRF_BIST_FAIL_OFFSET		OFFSET_SHIFT	15	15	11920
D	RTL8367D_MIB_DRF_BIST_FAIL_MASK		MASK	0x8000	32768	11921
D	RTL8367D_MIB_BIST_FAIL_OFFSET		OFFSET_SHIFT	14	14	11922
D	RTL8367D_MIB_BIST_FAIL_MASK		MASK	0x4000	16384	11923
D	RTL8367D_MIB_DRF_BIST_DONE_OFFSET		OFFSET_SHIFT	13	13	11924
D	RTL8367D_MIB_DRF_BIST_DONE_MASK		MASK	0x2000	8192	11925
D	RTL8367D_MIB_BIST_DONE_OFFSET		OFFSET_SHIFT	12	12	11926
D	RTL8367D_MIB_BIST_DONE_MASK		MASK	0x1000	4096	11927
D	RTL8367D_MIB_DRF_START_PAUSE_OFFSET		OFFSET_SHIFT	11	11	11928
D	RTL8367D_MIB_DRF_START_PAUSE_MASK		MASK	0x800	2048	11929
D	RTL8367D_MIB_DYN_READ_EN_OFFSET		OFFSET_SHIFT	10	10	11930
D	RTL8367D_MIB_DYN_READ_EN_MASK		MASK	0x400	1024	11931
D	RTL8367D_MIB_BIST_LOOP_MODE_OFFSET		OFFSET_SHIFT	9	9	11932
D	RTL8367D_MIB_BIST_LOOP_MODE_MASK		MASK	0x200	512	11933
D	RTL8367D_MIB_RME_OFFSET		OFFSET_SHIFT	8	8	11934
D	RTL8367D_MIB_RME_MASK		MASK	0x100	256	11935
D	RTL8367D_MIB_RM_OFFSET		OFFSET_SHIFT	4	4	11936
D	RTL8367D_MIB_RM_MASK		MASK	0xF0	240	11937
D	RTL8367D_MIB_DRF_TEST_RESUME_OFFSET		OFFSET_SHIFT	3	3	11938
D	RTL8367D_MIB_DRF_TEST_RESUME_MASK		MASK	0x8	8	11939
D	RTL8367D_MIB_DRF_BIST_MODE_OFFSET		OFFSET_SHIFT	2	2	11940
D	RTL8367D_MIB_DRF_BIST_MODE_MASK		MASK	0x4	4	11941
D	RTL8367D_MIB_BIST_MODE_OFFSET		OFFSET_SHIFT	1	1	11942
D	RTL8367D_MIB_BIST_MODE_MASK		MASK	0x2	2	11943
D	RTL8367D_MIB_BIST_RSTN_OFFSET		OFFSET_SHIFT	0	0	11944
D	RTL8367D_MIB_BIST_RSTN_MASK		MASK	0x1	1	11945
D	RTL8367D_REG_BIST_CVLAN		REGISTER	0x6707	26375	11947
D	RTL8367D_CVLAN_DRF_BIST_FAIL_OFFSET		OFFSET_SHIFT	15	15	11948
D	RTL8367D_CVLAN_DRF_BIST_FAIL_MASK		MASK	0x8000	32768	11949
D	RTL8367D_CVLAN_BIST_FAIL_OFFSET		OFFSET_SHIFT	14	14	11950
D	RTL8367D_CVLAN_BIST_FAIL_MASK		MASK	0x4000	16384	11951
D	RTL8367D_CVLAN_DRF_BIST_DONE_OFFSET		OFFSET_SHIFT	13	13	11952
D	RTL8367D_CVLAN_DRF_BIST_DONE_MASK		MASK	0x2000	8192	11953
D	RTL8367D_CVLAN_BIST_DONE_OFFSET		OFFSET_SHIFT	12	12	11954
D	RTL8367D_CVLAN_BIST_DONE_MASK		MASK	0x1000	4096	11955
D	RTL8367D_CVLAN_DRF_START_PAUSE_OFFSET		OFFSET_SHIFT	11	11	11956
D	RTL8367D_CVLAN_DRF_START_PAUSE_MASK		MASK	0x800	2048	11957
D	RTL8367D_CVLAN_DYN_READ_EN_OFFSET		OFFSET_SHIFT	10	10	11958
D	RTL8367D_CVLAN_DYN_READ_EN_MASK		MASK	0x400	1024	11959
D	RTL8367D_CVLAN_BIST_LOOP_MODE_OFFSET		OFFSET_SHIFT	9	9	11960
D	RTL8367D_CVLAN_BIST_LOOP_MODE_MASK		MASK	0x200	512	11961
D	RTL8367D_CVLAN_RME_OFFSET		OFFSET_SHIFT	8	8	11962
D	RTL8367D_CVLAN_RME_MASK		MASK	0x100	256	11963
D	RTL8367D_CVLAN_RM_OFFSET		OFFSET_SHIFT	4	4	11964
D	RTL8367D_CVLAN_RM_MASK		MASK	0xF0	240	11965
D	RTL8367D_CVLAN_DRF_TEST_RESUME_OFFSET		OFFSET_SHIFT	3	3	11966
D	RTL8367D_CVLAN_DRF_TEST_RESUME_MASK		MASK	0x8	8	11967
D	RTL8367D_CVLAN_DRF_BIST_MODE_OFFSET		OFFSET_SHIFT	2	2	11968
D	RTL8367D_CVLAN_DRF_BIST_MODE_MASK		MASK	0x4	4	11969
D	RTL8367D_CVLAN_BIST_MODE_OFFSET		OFFSET_SHIFT	1	1	11970
D	RTL8367D_CVLAN_BIST_MODE_MASK		MASK	0x2	2	11971
D	RTL8367D_CVLAN_BIST_RSTN_OFFSET		OFFSET_SHIFT	0	0	11972
D	RTL8367D_CVLAN_BIST_RSTN_MASK		MASK	0x1	1	11973
D	RTL8367D_REG_BIST_HSACTRL		REGISTER	0x6708	26376	11975
D	RTL8367D_HSACTRL_DRF_BIST_FAIL_OFFSET		OFFSET_SHIFT	15	15	11976
D	RTL8367D_HSACTRL_DRF_BIST_FAIL_MASK		MASK	0x8000	32768	11977
D	RTL8367D_HSACTRL_BIST_FAIL_OFFSET		OFFSET_SHIFT	14	14	11978
D	RTL8367D_HSACTRL_BIST_FAIL_MASK		MASK	0x4000	16384	11979
D	RTL8367D_HSACTRL_DRF_BIST_DONE_OFFSET		OFFSET_SHIFT	13	13	11980
D	RTL8367D_HSACTRL_DRF_BIST_DONE_MASK		MASK	0x2000	8192	11981
D	RTL8367D_HSACTRL_BIST_DONE_OFFSET		OFFSET_SHIFT	12	12	11982
D	RTL8367D_HSACTRL_BIST_DONE_MASK		MASK	0x1000	4096	11983
D	RTL8367D_HSACTRL_DRF_START_PAUSE_OFFSET		OFFSET_SHIFT	11	11	11984
D	RTL8367D_HSACTRL_DRF_START_PAUSE_MASK		MASK	0x800	2048	11985
D	RTL8367D_HSACTRL_DYN_READ_EN_OFFSET		OFFSET_SHIFT	10	10	11986
D	RTL8367D_HSACTRL_DYN_READ_EN_MASK		MASK	0x400	1024	11987
D	RTL8367D_HSACTRL_BIST_LOOP_MODE_OFFSET		OFFSET_SHIFT	9	9	11988
D	RTL8367D_HSACTRL_BIST_LOOP_MODE_MASK		MASK	0x200	512	11989
D	RTL8367D_HSACTRL_RME_OFFSET		OFFSET_SHIFT	8	8	11990
D	RTL8367D_HSACTRL_RME_MASK		MASK	0x100	256	11991
D	RTL8367D_HSACTRL_RM_OFFSET		OFFSET_SHIFT	4	4	11992
D	RTL8367D_HSACTRL_RM_MASK		MASK	0xF0	240	11993
D	RTL8367D_HSACTRL_DRF_TEST_RESUME_OFFSET		OFFSET_SHIFT	3	3	11994
D	RTL8367D_HSACTRL_DRF_TEST_RESUME_MASK		MASK	0x8	8	11995
D	RTL8367D_HSACTRL_DRF_BIST_MODE_OFFSET		OFFSET_SHIFT	2	2	11996
D	RTL8367D_HSACTRL_DRF_BIST_MODE_MASK		MASK	0x4	4	11997
D	RTL8367D_HSACTRL_BIST_MODE_OFFSET		OFFSET_SHIFT	1	1	11998
D	RTL8367D_HSACTRL_BIST_MODE_MASK		MASK	0x2	2	11999
D	RTL8367D_HSACTRL_BIST_RSTN_OFFSET		OFFSET_SHIFT	0	0	12000
D	RTL8367D_HSACTRL_BIST_RSTN_MASK		MASK	0x1	1	12001
D	RTL8367D_REG_BIST_ERAM		REGISTER	0x6709	26377	12003
D	RTL8367D_ERAM_DRF_BIST_FAIL_OFFSET		OFFSET_SHIFT	15	15	12004
D	RTL8367D_ERAM_DRF_BIST_FAIL_MASK		MASK	0x8000	32768	12005
D	RTL8367D_ERAM_BIST_FAIL_OFFSET		OFFSET_SHIFT	14	14	12006
D	RTL8367D_ERAM_BIST_FAIL_MASK		MASK	0x4000	16384	12007
D	RTL8367D_ERAM_DRF_BIST_DONE_OFFSET		OFFSET_SHIFT	13	13	12008
D	RTL8367D_ERAM_DRF_BIST_DONE_MASK		MASK	0x2000	8192	12009
D	RTL8367D_ERAM_BIST_DONE_OFFSET		OFFSET_SHIFT	12	12	12010
D	RTL8367D_ERAM_BIST_DONE_MASK		MASK	0x1000	4096	12011
D	RTL8367D_ERAM_DRF_START_PAUSE_OFFSET		OFFSET_SHIFT	11	11	12012
D	RTL8367D_ERAM_DRF_START_PAUSE_MASK		MASK	0x800	2048	12013
D	RTL8367D_ERAM_DYN_READ_EN_OFFSET		OFFSET_SHIFT	10	10	12014
D	RTL8367D_ERAM_DYN_READ_EN_MASK		MASK	0x400	1024	12015
D	RTL8367D_ERAM_BIST_LOOP_MODE_OFFSET		OFFSET_SHIFT	9	9	12016
D	RTL8367D_ERAM_BIST_LOOP_MODE_MASK		MASK	0x200	512	12017
D	RTL8367D_ERAM_RME_OFFSET		OFFSET_SHIFT	8	8	12018
D	RTL8367D_ERAM_RME_MASK		MASK	0x100	256	12019
D	RTL8367D_ERAM_RM_OFFSET		OFFSET_SHIFT	4	4	12020
D	RTL8367D_ERAM_RM_MASK		MASK	0xF0	240	12021
D	RTL8367D_ERAM_DRF_TEST_RESUME_OFFSET		OFFSET_SHIFT	3	3	12022
D	RTL8367D_ERAM_DRF_TEST_RESUME_MASK		MASK	0x8	8	12023
D	RTL8367D_ERAM_DRF_BIST_MODE_OFFSET		OFFSET_SHIFT	2	2	12024
D	RTL8367D_ERAM_DRF_BIST_MODE_MASK		MASK	0x4	4	12025
D	RTL8367D_ERAM_BIST_MODE_OFFSET		OFFSET_SHIFT	1	1	12026
D	RTL8367D_ERAM_BIST_MODE_MASK		MASK	0x2	2	12027
D	RTL8367D_ERAM_BIST_RSTN_OFFSET		OFFSET_SHIFT	0	0	12028
D	RTL8367D_ERAM_BIST_RSTN_MASK		MASK	0x1	1	12029
D	RTL8367D_REG_BIST_IRAM		REGISTER	0x670a	26378	12031
D	RTL8367D_IRAM_DRF_BIST_FAIL_OFFSET		OFFSET_SHIFT	15	15	12032
D	RTL8367D_IRAM_DRF_BIST_FAIL_MASK		MASK	0x8000	32768	12033
D	RTL8367D_IRAM_BIST_FAIL_OFFSET		OFFSET_SHIFT	14	14	12034
D	RTL8367D_IRAM_BIST_FAIL_MASK		MASK	0x4000	16384	12035
D	RTL8367D_IRAM_DRF_BIST_DONE_OFFSET		OFFSET_SHIFT	13	13	12036
D	RTL8367D_IRAM_DRF_BIST_DONE_MASK		MASK	0x2000	8192	12037
D	RTL8367D_IRAM_BIST_DONE_OFFSET		OFFSET_SHIFT	12	12	12038
D	RTL8367D_IRAM_BIST_DONE_MASK		MASK	0x1000	4096	12039
D	RTL8367D_IRAM_DRF_START_PAUSE_OFFSET		OFFSET_SHIFT	11	11	12040
D	RTL8367D_IRAM_DRF_START_PAUSE_MASK		MASK	0x800	2048	12041
D	RTL8367D_IRAM_DYN_READ_EN_OFFSET		OFFSET_SHIFT	10	10	12042
D	RTL8367D_IRAM_DYN_READ_EN_MASK		MASK	0x400	1024	12043
D	RTL8367D_IRAM_BIST_LOOP_MODE_OFFSET		OFFSET_SHIFT	9	9	12044
D	RTL8367D_IRAM_BIST_LOOP_MODE_MASK		MASK	0x200	512	12045
D	RTL8367D_IRAM_RME_OFFSET		OFFSET_SHIFT	8	8	12046
D	RTL8367D_IRAM_RME_MASK		MASK	0x100	256	12047
D	RTL8367D_IRAM_RM_OFFSET		OFFSET_SHIFT	4	4	12048
D	RTL8367D_IRAM_RM_MASK		MASK	0xF0	240	12049
D	RTL8367D_IRAM_DRF_TEST_RESUME_OFFSET		OFFSET_SHIFT	3	3	12050
D	RTL8367D_IRAM_DRF_TEST_RESUME_MASK		MASK	0x8	8	12051
D	RTL8367D_IRAM_DRF_BIST_MODE_OFFSET		OFFSET_SHIFT	2	2	12052
D	RTL8367D_IRAM_DRF_BIST_MODE_MASK		MASK	0x4	4	12053
D	RTL8367D_IRAM_BIST_MODE_OFFSET		OFFSET_SHIFT	1	1	12054
D	RTL8367D_IRAM_BIST_MODE_MASK		MASK	0x2	2	12055
D	RTL8367D_IRAM_BIST_RSTN_OFFSET		OFFSET_SHIFT	0	0	12056
D	RTL8367D_IRAM_BIST_RSTN_MASK		MASK	0x1	1	12057
D	RTL8367D_REG_BIST_IROM		REGISTER	0x670b	26379	12059
D	RTL8367D_IROM_DRF_BIST_FAIL_OFFSET		OFFSET_SHIFT	15	15	12060
D	RTL8367D_IROM_DRF_BIST_FAIL_MASK		MASK	0x8000	32768	12061
D	RTL8367D_IROM_BIST_FAIL_OFFSET		OFFSET_SHIFT	14	14	12062
D	RTL8367D_IROM_BIST_FAIL_MASK		MASK	0x4000	16384	12063
D	RTL8367D_IROM_DRF_BIST_DONE_OFFSET		OFFSET_SHIFT	13	13	12064
D	RTL8367D_IROM_DRF_BIST_DONE_MASK		MASK	0x2000	8192	12065
D	RTL8367D_IROM_BIST_DONE_OFFSET		OFFSET_SHIFT	12	12	12066
D	RTL8367D_IROM_BIST_DONE_MASK		MASK	0x1000	4096	12067
D	RTL8367D_IROM_DRF_START_PAUSE_OFFSET		OFFSET_SHIFT	11	11	12068
D	RTL8367D_IROM_DRF_START_PAUSE_MASK		MASK	0x800	2048	12069
D	RTL8367D_IROM_DYN_READ_EN_OFFSET		OFFSET_SHIFT	10	10	12070
D	RTL8367D_IROM_DYN_READ_EN_MASK		MASK	0x400	1024	12071
D	RTL8367D_IROM_BIST_LOOP_MODE_OFFSET		OFFSET_SHIFT	9	9	12072
D	RTL8367D_IROM_BIST_LOOP_MODE_MASK		MASK	0x200	512	12073
D	RTL8367D_IROM_RME_OFFSET		OFFSET_SHIFT	8	8	12074
D	RTL8367D_IROM_RME_MASK		MASK	0x100	256	12075
D	RTL8367D_IROM_RM_OFFSET		OFFSET_SHIFT	4	4	12076
D	RTL8367D_IROM_RM_MASK		MASK	0xF0	240	12077
D	RTL8367D_IROM_DRF_TEST_RESUME_OFFSET		OFFSET_SHIFT	3	3	12078
D	RTL8367D_IROM_DRF_TEST_RESUME_MASK		MASK	0x8	8	12079
D	RTL8367D_IROM_DRF_BIST_MODE_OFFSET		OFFSET_SHIFT	2	2	12080
D	RTL8367D_IROM_DRF_BIST_MODE_MASK		MASK	0x4	4	12081
D	RTL8367D_IROM_BIST_MODE_OFFSET		OFFSET_SHIFT	1	1	12082
D	RTL8367D_IROM_BIST_MODE_MASK		MASK	0x2	2	12083
D	RTL8367D_IROM_BIST_RSTN_OFFSET		OFFSET_SHIFT	0	0	12084
D	RTL8367D_IROM_BIST_RSTN_MASK		MASK	0x1	1	12085
D	RTL8367D_REG_BIST_NCTLRAM		REGISTER	0x670c	26380	12087
D	RTL8367D_NCTLRAM_DRF_BIST_FAIL_OFFSET		OFFSET_SHIFT	15	15	12088
D	RTL8367D_NCTLRAM_DRF_BIST_FAIL_MASK		MASK	0x8000	32768	12089
D	RTL8367D_NCTLRAM_BIST_FAIL_OFFSET		OFFSET_SHIFT	14	14	12090
D	RTL8367D_NCTLRAM_BIST_FAIL_MASK		MASK	0x4000	16384	12091
D	RTL8367D_NCTLRAM_DRF_BIST_DONE_OFFSET		OFFSET_SHIFT	13	13	12092
D	RTL8367D_NCTLRAM_DRF_BIST_DONE_MASK		MASK	0x2000	8192	12093
D	RTL8367D_NCTLRAM_BIST_DONE_OFFSET		OFFSET_SHIFT	12	12	12094
D	RTL8367D_NCTLRAM_BIST_DONE_MASK		MASK	0x1000	4096	12095
D	RTL8367D_NCTLRAM_DRF_START_PAUSE_OFFSET		OFFSET_SHIFT	11	11	12096
D	RTL8367D_NCTLRAM_DRF_START_PAUSE_MASK		MASK	0x800	2048	12097
D	RTL8367D_NCTLRAM_DYN_READ_EN_OFFSET		OFFSET_SHIFT	10	10	12098
D	RTL8367D_NCTLRAM_DYN_READ_EN_MASK		MASK	0x400	1024	12099
D	RTL8367D_NCTLRAM_BIST_LOOP_MODE_OFFSET		OFFSET_SHIFT	9	9	12100
D	RTL8367D_NCTLRAM_BIST_LOOP_MODE_MASK		MASK	0x200	512	12101
D	RTL8367D_NCTLRAM_RME_OFFSET		OFFSET_SHIFT	8	8	12102
D	RTL8367D_NCTLRAM_RME_MASK		MASK	0x100	256	12103
D	RTL8367D_NCTLRAM_RM_OFFSET		OFFSET_SHIFT	4	4	12104
D	RTL8367D_NCTLRAM_RM_MASK		MASK	0xF0	240	12105
D	RTL8367D_NCTLRAM_DRF_TEST_RESUME_OFFSET		OFFSET_SHIFT	3	3	12106
D	RTL8367D_NCTLRAM_DRF_TEST_RESUME_MASK		MASK	0x8	8	12107
D	RTL8367D_NCTLRAM_DRF_BIST_MODE_OFFSET		OFFSET_SHIFT	2	2	12108
D	RTL8367D_NCTLRAM_DRF_BIST_MODE_MASK		MASK	0x4	4	12109
D	RTL8367D_NCTLRAM_BIST_MODE_OFFSET		OFFSET_SHIFT	1	1	12110
D	RTL8367D_NCTLRAM_BIST_MODE_MASK		MASK	0x2	2	12111
D	RTL8367D_NCTLRAM_BIST_RSTN_OFFSET		OFFSET_SHIFT	0	0	12112
D	RTL8367D_NCTLRAM_BIST_RSTN_MASK		MASK	0x1	1	12113
D	RTL8367D_REG_BIST_NCTLROM		REGISTER	0x670d	26381	12115
D	RTL8367D_NCTLROM_BIST_FAIL_OFFSET		OFFSET_SHIFT	14	14	12116
D	RTL8367D_NCTLROM_BIST_FAIL_MASK		MASK	0x4000	16384	12117
D	RTL8367D_NCTLROM_BIST_DONE_OFFSET		OFFSET_SHIFT	12	12	12118
D	RTL8367D_NCTLROM_BIST_DONE_MASK		MASK	0x1000	4096	12119
D	RTL8367D_NCTLROM_BIST_LOOP_MODE_OFFSET		OFFSET_SHIFT	9	9	12120
D	RTL8367D_NCTLROM_BIST_LOOP_MODE_MASK		MASK	0x200	512	12121
D	RTL8367D_NCTLROM_RME_OFFSET		OFFSET_SHIFT	8	8	12122
D	RTL8367D_NCTLROM_RME_MASK		MASK	0x100	256	12123
D	RTL8367D_NCTLROM_RM_OFFSET		OFFSET_SHIFT	4	4	12124
D	RTL8367D_NCTLROM_RM_MASK		MASK	0xF0	240	12125
D	RTL8367D_NCTLROM_BIST_MODE_OFFSET		OFFSET_SHIFT	1	1	12126
D	RTL8367D_NCTLROM_BIST_MODE_MASK		MASK	0x2	2	12127
D	RTL8367D_NCTLROM_BIST_RSTN_OFFSET		OFFSET_SHIFT	0	0	12128
D	RTL8367D_NCTLROM_BIST_RSTN_MASK		MASK	0x1	1	12129
D	RTL8367D_REG_SET_MISR_LSB		REGISTER	0x6710	26384	12131
D	RTL8367D_REG_SET_MISR_MSB		REGISTER	0x6711	26385	12133
D	RTL8367D_REG_GET_MISR_LSB		REGISTER	0x6712	26386	12135
D	RTL8367D_REG_GET_MISR_MSB		REGISTER	0x6713	26387	12137
D	RTL8367D_REG_BIST_GRP_L2		REGISTER	0x6714	26388	12139
D	RTL8367D_BIST_GRP_L2_OFFSET		OFFSET_SHIFT	0	0	12140
D	RTL8367D_BIST_GRP_L2_MASK		MASK	0xF	15	12141
D	RTL8367D_REG_BIST_GRP_OUTQ		REGISTER	0x6715	26389	12143
D	RTL8367D_BIST_GRP_OUTQ_OFFSET		OFFSET_SHIFT	0	0	12144
D	RTL8367D_BIST_GRP_OUTQ_MASK		MASK	0x7F	127	12145
D	RTL8367D_REG_BIST_GRP_PB		REGISTER	0x6716	26390	12147
D	RTL8367D_BIST_GRP_PB_OFFSET		OFFSET_SHIFT	0	0	12148
D	RTL8367D_BIST_GRP_PB_MASK		MASK	0xFF	255	12149
D	RTL8367D_REG_BIST_FAIL_L2		REGISTER	0x6717	26391	12151
D	RTL8367D_BIST_FAIL_L2_OFFSET		OFFSET_SHIFT	0	0	12152
D	RTL8367D_BIST_FAIL_L2_MASK		MASK	0xF	15	12153
D	RTL8367D_REG_BIST_FAIL_OUTQ		REGISTER	0x6718	26392	12155
D	RTL8367D_BIST_FAIL_OUTQ_OFFSET		OFFSET_SHIFT	0	0	12156
D	RTL8367D_BIST_FAIL_OUTQ_MASK		MASK	0x7F	127	12157
D	RTL8367D_REG_BIST_FAIL_PB		REGISTER	0x6719	26393	12159
D	RTL8367D_BIST_FAIL_PB_OFFSET		OFFSET_SHIFT	0	0	12160
D	RTL8367D_BIST_FAIL_PB_MASK		MASK	0xFF	255	12161
D	RTL8367D_REG_BIST_DRF_FAIL_L2		REGISTER	0x671a	26394	12163
D	RTL8367D_BIST_DRF_FAIL_L2_OFFSET		OFFSET_SHIFT	0	0	12164
D	RTL8367D_BIST_DRF_FAIL_L2_MASK		MASK	0xF	15	12165
D	RTL8367D_REG_BIST_DRF_FAIL_OUTQ		REGISTER	0x671b	26395	12167
D	RTL8367D_BIST_DRF_FAIL_OUTQ_OFFSET		OFFSET_SHIFT	0	0	12168
D	RTL8367D_BIST_DRF_FAIL_OUTQ_MASK		MASK	0x7F	127	12169
D	RTL8367D_REG_BIST_DRF_FAIL_PB		REGISTER	0x671c	26396	12171
D	RTL8367D_BIST_DRF_FAIL_PB_OFFSET		OFFSET_SHIFT	0	0	12172
D	RTL8367D_BIST_DRF_FAIL_PB_MASK		MASK	0xFF	255	12173
D	RTL8367D_REG_BIST_CFG_LS		REGISTER	0x671d	26397	12175
D	RTL8367D_NCTLROM_LS_OFFSET		OFFSET_SHIFT	13	13	12176
D	RTL8367D_NCTLROM_LS_MASK		MASK	0x2000	8192	12177
D	RTL8367D_NCTLRAM_LS_OFFSET		OFFSET_SHIFT	12	12	12178
D	RTL8367D_NCTLRAM_LS_MASK		MASK	0x1000	4096	12179
D	RTL8367D_IROM_LS_OFFSET		OFFSET_SHIFT	11	11	12180
D	RTL8367D_IROM_LS_MASK		MASK	0x800	2048	12181
D	RTL8367D_IRAM_LS_OFFSET		OFFSET_SHIFT	10	10	12182
D	RTL8367D_IRAM_LS_MASK		MASK	0x400	1024	12183
D	RTL8367D_ERAM_LS_OFFSET		OFFSET_SHIFT	9	9	12184
D	RTL8367D_ERAM_LS_MASK		MASK	0x200	512	12185
D	RTL8367D_HSACTRL_LS_OFFSET		OFFSET_SHIFT	8	8	12186
D	RTL8367D_HSACTRL_LS_MASK		MASK	0x100	256	12187
D	RTL8367D_CVLAN_LS_OFFSET		OFFSET_SHIFT	7	7	12188
D	RTL8367D_CVLAN_LS_MASK		MASK	0x80	128	12189
D	RTL8367D_MIB_LS_OFFSET		OFFSET_SHIFT	6	6	12190
D	RTL8367D_MIB_LS_MASK		MASK	0x40	64	12191
D	RTL8367D_HT_LS_OFFSET		OFFSET_SHIFT	5	5	12192
D	RTL8367D_HT_LS_MASK		MASK	0x20	32	12193
D	RTL8367D_ACT_LS_OFFSET		OFFSET_SHIFT	4	4	12194
D	RTL8367D_ACT_LS_MASK		MASK	0x10	16	12195
D	RTL8367D_PB_LS_OFFSET		OFFSET_SHIFT	3	3	12196
D	RTL8367D_PB_LS_MASK		MASK	0x8	8	12197
D	RTL8367D_OUTQ_LS_OFFSET		OFFSET_SHIFT	2	2	12198
D	RTL8367D_OUTQ_LS_MASK		MASK	0x4	4	12199
D	RTL8367D_L2_LS_OFFSET		OFFSET_SHIFT	1	1	12200
D	RTL8367D_L2_LS_MASK		MASK	0x2	2	12201
D	RTL8367D_REG_BIST_CFG_TEST1		REGISTER	0x671e	26398	12203
D	RTL8367D_HT_TESTRWM_OFFSET		OFFSET_SHIFT	14	14	12204
D	RTL8367D_HT_TESTRWM_MASK		MASK	0x4000	16384	12205
D	RTL8367D_NCTLROM_TEST1_OFFSET		OFFSET_SHIFT	13	13	12206
D	RTL8367D_NCTLROM_TEST1_MASK		MASK	0x2000	8192	12207
D	RTL8367D_NCTLRAM_TEST1_OFFSET		OFFSET_SHIFT	12	12	12208
D	RTL8367D_NCTLRAM_TEST1_MASK		MASK	0x1000	4096	12209
D	RTL8367D_IROM_TEST1_OFFSET		OFFSET_SHIFT	11	11	12210
D	RTL8367D_IROM_TEST1_MASK		MASK	0x800	2048	12211
D	RTL8367D_IRAM_TEST1_OFFSET		OFFSET_SHIFT	10	10	12212
D	RTL8367D_IRAM_TEST1_MASK		MASK	0x400	1024	12213
D	RTL8367D_ERAM_TEST1_OFFSET		OFFSET_SHIFT	9	9	12214
D	RTL8367D_ERAM_TEST1_MASK		MASK	0x200	512	12215
D	RTL8367D_HSACTRL_TEST1_OFFSET		OFFSET_SHIFT	8	8	12216
D	RTL8367D_HSACTRL_TEST1_MASK		MASK	0x100	256	12217
D	RTL8367D_CVLAN_TEST1_OFFSET		OFFSET_SHIFT	7	7	12218
D	RTL8367D_CVLAN_TEST1_MASK		MASK	0x80	128	12219
D	RTL8367D_MIB_TEST1_OFFSET		OFFSET_SHIFT	6	6	12220
D	RTL8367D_MIB_TEST1_MASK		MASK	0x40	64	12221
D	RTL8367D_HT_TEST1_OFFSET		OFFSET_SHIFT	5	5	12222
D	RTL8367D_HT_TEST1_MASK		MASK	0x20	32	12223
D	RTL8367D_ACT_TEST1_OFFSET		OFFSET_SHIFT	4	4	12224
D	RTL8367D_ACT_TEST1_MASK		MASK	0x10	16	12225
D	RTL8367D_PB_TEST1_OFFSET		OFFSET_SHIFT	3	3	12226
D	RTL8367D_PB_TEST1_MASK		MASK	0x8	8	12227
D	RTL8367D_OUTQ_TEST1_OFFSET		OFFSET_SHIFT	2	2	12228
D	RTL8367D_OUTQ_TEST1_MASK		MASK	0x4	4	12229
D	RTL8367D_L2_TEST1_OFFSET		OFFSET_SHIFT	1	1	12230
D	RTL8367D_L2_TEST1_MASK		MASK	0x2	2	12231
D	RTL8367D_REG_BIST_CFG_TCAM		REGISTER	0x671f	26399	12233
D	RTL8367D_TCAM_WATS_OFFSET		OFFSET_SHIFT	12	12	12234
D	RTL8367D_TCAM_WATS_MASK		MASK	0x3000	12288	12235
D	RTL8367D_TCAM_WAS_OFFSET		OFFSET_SHIFT	9	9	12236
D	RTL8367D_TCAM_WAS_MASK		MASK	0xE00	3584	12237
D	RTL8367D_TCAM_WAEN_OFFSET		OFFSET_SHIFT	8	8	12238
D	RTL8367D_TCAM_WAEN_MASK		MASK	0x100	256	12239
D	RTL8367D_TCAM_TM_OFFSET		OFFSET_SHIFT	7	7	12240
D	RTL8367D_TCAM_TM_MASK		MASK	0x80	128	12241
D	RTL8367D_BIST_CFG_TCAM_TCAM_RDS_OFFSET		OFFSET_SHIFT	3	3	12242
D	RTL8367D_BIST_CFG_TCAM_TCAM_RDS_MASK		MASK	0x78	120	12243
D	RTL8367D_BIST_CFG_TCAM_TCAM_MDS_OFFSET		OFFSET_SHIFT	0	0	12244
D	RTL8367D_BIST_CFG_TCAM_TCAM_MDS_MASK		MASK	0x7	7	12245
D	RTL8367D_REG_BIST_RSLT_PAUSE		REGISTER	0x6720	26400	12247
D	RTL8367D_NCTLRAM_PAUSE_OFFSET		OFFSET_SHIFT	12	12	12248
D	RTL8367D_NCTLRAM_PAUSE_MASK		MASK	0x1000	4096	12249
D	RTL8367D_IROM_PAUSE_OFFSET		OFFSET_SHIFT	11	11	12250
D	RTL8367D_IROM_PAUSE_MASK		MASK	0x800	2048	12251
D	RTL8367D_IRAM_PAUSE_OFFSET		OFFSET_SHIFT	10	10	12252
D	RTL8367D_IRAM_PAUSE_MASK		MASK	0x400	1024	12253
D	RTL8367D_ERAM_PAUSE_OFFSET		OFFSET_SHIFT	9	9	12254
D	RTL8367D_ERAM_PAUSE_MASK		MASK	0x200	512	12255
D	RTL8367D_HSACTRL_PAUSE_OFFSET		OFFSET_SHIFT	8	8	12256
D	RTL8367D_HSACTRL_PAUSE_MASK		MASK	0x100	256	12257
D	RTL8367D_CVLAN_PAUSE_OFFSET		OFFSET_SHIFT	7	7	12258
D	RTL8367D_CVLAN_PAUSE_MASK		MASK	0x80	128	12259
D	RTL8367D_MIB_PAUSE_OFFSET		OFFSET_SHIFT	6	6	12260
D	RTL8367D_MIB_PAUSE_MASK		MASK	0x40	64	12261
D	RTL8367D_HT_PAUSE_OFFSET		OFFSET_SHIFT	5	5	12262
D	RTL8367D_HT_PAUSE_MASK		MASK	0x20	32	12263
D	RTL8367D_ACT_PAUSE_OFFSET		OFFSET_SHIFT	4	4	12264
D	RTL8367D_ACT_PAUSE_MASK		MASK	0x10	16	12265
D	RTL8367D_PB_PAUSE_OFFSET		OFFSET_SHIFT	3	3	12266
D	RTL8367D_PB_PAUSE_MASK		MASK	0x8	8	12267
D	RTL8367D_OUTQ_PAUSE_OFFSET		OFFSET_SHIFT	2	2	12268
D	RTL8367D_OUTQ_PAUSE_MASK		MASK	0x4	4	12269
D	RTL8367D_L2_PAUSE_OFFSET		OFFSET_SHIFT	1	1	12270
D	RTL8367D_L2_PAUSE_MASK		MASK	0x2	2	12271
D	RTL8367D_TCAM_PAUSE_OFFSET		OFFSET_SHIFT	0	0	12272
D	RTL8367D_TCAM_PAUSE_MASK		MASK	0x1	1	12273
D	RTL8367D_REG_BIST_RSLT_DONE		REGISTER	0x6721	26401	12275
D	RTL8367D_NCTLROM_DONE_OFFSET		OFFSET_SHIFT	13	13	12276
D	RTL8367D_NCTLROM_DONE_MASK		MASK	0x2000	8192	12277
D	RTL8367D_NCTLRAM_DONE_OFFSET		OFFSET_SHIFT	12	12	12278
D	RTL8367D_NCTLRAM_DONE_MASK		MASK	0x1000	4096	12279
D	RTL8367D_IROM_DONE_OFFSET		OFFSET_SHIFT	11	11	12280
D	RTL8367D_IROM_DONE_MASK		MASK	0x800	2048	12281
D	RTL8367D_IRAM_DONE_OFFSET		OFFSET_SHIFT	10	10	12282
D	RTL8367D_IRAM_DONE_MASK		MASK	0x400	1024	12283
D	RTL8367D_ERAM_DONE_OFFSET		OFFSET_SHIFT	9	9	12284
D	RTL8367D_ERAM_DONE_MASK		MASK	0x200	512	12285
D	RTL8367D_HSACTRL_DONE_OFFSET		OFFSET_SHIFT	8	8	12286
D	RTL8367D_HSACTRL_DONE_MASK		MASK	0x100	256	12287
D	RTL8367D_CVLAN_DONE_OFFSET		OFFSET_SHIFT	7	7	12288
D	RTL8367D_CVLAN_DONE_MASK		MASK	0x80	128	12289
D	RTL8367D_MIB_DONE_OFFSET		OFFSET_SHIFT	6	6	12290
D	RTL8367D_MIB_DONE_MASK		MASK	0x40	64	12291
D	RTL8367D_HT_DONE_OFFSET		OFFSET_SHIFT	5	5	12292
D	RTL8367D_HT_DONE_MASK		MASK	0x20	32	12293
D	RTL8367D_ACT_DONE_OFFSET		OFFSET_SHIFT	4	4	12294
D	RTL8367D_ACT_DONE_MASK		MASK	0x10	16	12295
D	RTL8367D_PB_DONE_OFFSET		OFFSET_SHIFT	3	3	12296
D	RTL8367D_PB_DONE_MASK		MASK	0x8	8	12297
D	RTL8367D_OUTQ_DONE_OFFSET		OFFSET_SHIFT	2	2	12298
D	RTL8367D_OUTQ_DONE_MASK		MASK	0x4	4	12299
D	RTL8367D_L2_DONE_OFFSET		OFFSET_SHIFT	1	1	12300
D	RTL8367D_L2_DONE_MASK		MASK	0x2	2	12301
D	RTL8367D_TCAM_DONE_OFFSET		OFFSET_SHIFT	0	0	12302
D	RTL8367D_TCAM_DONE_MASK		MASK	0x1	1	12303
D	RTL8367D_REG_BIST_RSLT_DRF_DONE		REGISTER	0x6722	26402	12305
D	RTL8367D_NCTLRAM_DRF_DONE_OFFSET		OFFSET_SHIFT	12	12	12306
D	RTL8367D_NCTLRAM_DRF_DONE_MASK		MASK	0x1000	4096	12307
D	RTL8367D_IROM_DRF_DONE_OFFSET		OFFSET_SHIFT	11	11	12308
D	RTL8367D_IROM_DRF_DONE_MASK		MASK	0x800	2048	12309
D	RTL8367D_IRAM_DRF_DONE_OFFSET		OFFSET_SHIFT	10	10	12310
D	RTL8367D_IRAM_DRF_DONE_MASK		MASK	0x400	1024	12311
D	RTL8367D_ERAM_DRF_DONE_OFFSET		OFFSET_SHIFT	9	9	12312
D	RTL8367D_ERAM_DRF_DONE_MASK		MASK	0x200	512	12313
D	RTL8367D_HSACTRL_DRF_DONE_OFFSET		OFFSET_SHIFT	8	8	12314
D	RTL8367D_HSACTRL_DRF_DONE_MASK		MASK	0x100	256	12315
D	RTL8367D_CVLAN_DRF_DONE_OFFSET		OFFSET_SHIFT	7	7	12316
D	RTL8367D_CVLAN_DRF_DONE_MASK		MASK	0x80	128	12317
D	RTL8367D_MIB_DRF_DONE_OFFSET		OFFSET_SHIFT	6	6	12318
D	RTL8367D_MIB_DRF_DONE_MASK		MASK	0x40	64	12319
D	RTL8367D_HT_DRF_DONE_OFFSET		OFFSET_SHIFT	5	5	12320
D	RTL8367D_HT_DRF_DONE_MASK		MASK	0x20	32	12321
D	RTL8367D_ACT_DRF_DONE_OFFSET		OFFSET_SHIFT	4	4	12322
D	RTL8367D_ACT_DRF_DONE_MASK		MASK	0x10	16	12323
D	RTL8367D_PB_DRF_DONE_OFFSET		OFFSET_SHIFT	3	3	12324
D	RTL8367D_PB_DRF_DONE_MASK		MASK	0x8	8	12325
D	RTL8367D_OUTQ_DRF_DONE_OFFSET		OFFSET_SHIFT	2	2	12326
D	RTL8367D_OUTQ_DRF_DONE_MASK		MASK	0x4	4	12327
D	RTL8367D_L2_DRF_DONE_OFFSET		OFFSET_SHIFT	1	1	12328
D	RTL8367D_L2_DRF_DONE_MASK		MASK	0x2	2	12329
D	RTL8367D_TCAM_DRF_DONE_OFFSET		OFFSET_SHIFT	0	0	12330
D	RTL8367D_TCAM_DRF_DONE_MASK		MASK	0x1	1	12331
D	RTL8367D_REG_BIST_RSLT_FAIL		REGISTER	0x6723	26403	12333
D	RTL8367D_NCTLROM_FAIL_OFFSET		OFFSET_SHIFT	13	13	12334
D	RTL8367D_NCTLROM_FAIL_MASK		MASK	0x2000	8192	12335
D	RTL8367D_NCTLRAM_FAIL_OFFSET		OFFSET_SHIFT	12	12	12336
D	RTL8367D_NCTLRAM_FAIL_MASK		MASK	0x1000	4096	12337
D	RTL8367D_IROM_FAIL_OFFSET		OFFSET_SHIFT	11	11	12338
D	RTL8367D_IROM_FAIL_MASK		MASK	0x800	2048	12339
D	RTL8367D_IRAM_FAIL_OFFSET		OFFSET_SHIFT	10	10	12340
D	RTL8367D_IRAM_FAIL_MASK		MASK	0x400	1024	12341
D	RTL8367D_ERAM_FAIL_OFFSET		OFFSET_SHIFT	9	9	12342
D	RTL8367D_ERAM_FAIL_MASK		MASK	0x200	512	12343
D	RTL8367D_HSACTRL_FAIL_OFFSET		OFFSET_SHIFT	8	8	12344
D	RTL8367D_HSACTRL_FAIL_MASK		MASK	0x100	256	12345
D	RTL8367D_CVLAN_FAIL_OFFSET		OFFSET_SHIFT	7	7	12346
D	RTL8367D_CVLAN_FAIL_MASK		MASK	0x80	128	12347
D	RTL8367D_MIB_FAIL_OFFSET		OFFSET_SHIFT	6	6	12348
D	RTL8367D_MIB_FAIL_MASK		MASK	0x40	64	12349
D	RTL8367D_HT_FAIL_OFFSET		OFFSET_SHIFT	5	5	12350
D	RTL8367D_HT_FAIL_MASK		MASK	0x20	32	12351
D	RTL8367D_ACT_FAIL_OFFSET		OFFSET_SHIFT	4	4	12352
D	RTL8367D_ACT_FAIL_MASK		MASK	0x10	16	12353
D	RTL8367D_BIST_RSLT_FAIL_PB_FAIL_OFFSET		OFFSET_SHIFT	3	3	12354
D	RTL8367D_BIST_RSLT_FAIL_PB_FAIL_MASK		MASK	0x8	8	12355
D	RTL8367D_BIST_RSLT_FAIL_OUTQ_FAIL_OFFSET		OFFSET_SHIFT	2	2	12356
D	RTL8367D_BIST_RSLT_FAIL_OUTQ_FAIL_MASK		MASK	0x4	4	12357
D	RTL8367D_BIST_RSLT_FAIL_L2_FAIL_OFFSET		OFFSET_SHIFT	1	1	12358
D	RTL8367D_BIST_RSLT_FAIL_L2_FAIL_MASK		MASK	0x2	2	12359
D	RTL8367D_TCAM_FAIL_OFFSET		OFFSET_SHIFT	0	0	12360
D	RTL8367D_TCAM_FAIL_MASK		MASK	0x1	1	12361
D	RTL8367D_REG_BIST_RSLT_DRF_FAIL		REGISTER	0x6724	26404	12363
D	RTL8367D_NCTLRAM_DRF_FAIL_OFFSET		OFFSET_SHIFT	12	12	12364
D	RTL8367D_NCTLRAM_DRF_FAIL_MASK		MASK	0x1000	4096	12365
D	RTL8367D_IROM_DRF_FAIL_OFFSET		OFFSET_SHIFT	11	11	12366
D	RTL8367D_IROM_DRF_FAIL_MASK		MASK	0x800	2048	12367
D	RTL8367D_IRAM_DRF_FAIL_OFFSET		OFFSET_SHIFT	10	10	12368
D	RTL8367D_IRAM_DRF_FAIL_MASK		MASK	0x400	1024	12369
D	RTL8367D_ERAM_DRF_FAIL_OFFSET		OFFSET_SHIFT	9	9	12370
D	RTL8367D_ERAM_DRF_FAIL_MASK		MASK	0x200	512	12371
D	RTL8367D_HSACTRL_DRF_FAIL_OFFSET		OFFSET_SHIFT	8	8	12372
D	RTL8367D_HSACTRL_DRF_FAIL_MASK		MASK	0x100	256	12373
D	RTL8367D_CVLAN_DRF_FAIL_OFFSET		OFFSET_SHIFT	7	7	12374
D	RTL8367D_CVLAN_DRF_FAIL_MASK		MASK	0x80	128	12375
D	RTL8367D_MIB_DRF_FAIL_OFFSET		OFFSET_SHIFT	6	6	12376
D	RTL8367D_MIB_DRF_FAIL_MASK		MASK	0x40	64	12377
D	RTL8367D_HT_DRF_FAIL_OFFSET		OFFSET_SHIFT	5	5	12378
D	RTL8367D_HT_DRF_FAIL_MASK		MASK	0x20	32	12379
D	RTL8367D_ACT_DRF_FAIL_OFFSET		OFFSET_SHIFT	4	4	12380
D	RTL8367D_ACT_DRF_FAIL_MASK		MASK	0x10	16	12381
D	RTL8367D_BIST_RSLT_DRF_FAIL_PB_DRF_FAIL_OFFSET		OFFSET_SHIFT	3	3	12382
D	RTL8367D_BIST_RSLT_DRF_FAIL_PB_DRF_FAIL_MASK		MASK	0x8	8	12383
D	RTL8367D_BIST_RSLT_DRF_FAIL_OUTQ_DRF_FAIL_OFFSET		OFFSET_SHIFT	2	2	12384
D	RTL8367D_BIST_RSLT_DRF_FAIL_OUTQ_DRF_FAIL_MASK		MASK	0x4	4	12385
D	RTL8367D_BIST_RSLT_DRF_FAIL_L2_DRF_FAIL_OFFSET		OFFSET_SHIFT	1	1	12386
D	RTL8367D_BIST_RSLT_DRF_FAIL_L2_DRF_FAIL_MASK		MASK	0x2	2	12387
D	RTL8367D_TCAM_DRF_FAIL_OFFSET		OFFSET_SHIFT	0	0	12388
D	RTL8367D_TCAM_DRF_FAIL_MASK		MASK	0x1	1	12389
