unsigned char data_rtl8197Ffw[] = {
  0x97, 0x81, 0x00, 0x00, 0x08, 0x00, 0x00, 0x00, 0x00, 0x00, 0x00, 0x00, 0x00,
  0x00, 0x00, 0x00, 0x02, 0x0f, 0x0c, 0x02, 0xe1, 0x07, 0x00, 0x00, 0x08, 0x00,
  0x00, 0x00, 0x06, 0x00, 0x00, 0x00, 0x00, 0x00, 0x20, 0x80, 0x68, 0x14, 0x00,
  0x00, 0x00, 0x00, 0x00, 0x00, 0x00, 0x00, 0x00, 0x00, 0x58, 0xc6, 0x00, 0x00,
  0x00, 0x00, 0x00, 0x00, 0x00, 0xfc, 0x18, 0x80, 0x00, 0x00, 0x00, 0x80, 0x00,
  0x00, 0x00, 0x00, 0x00, 0x00, 0x00, 0x00, 0xe5, 0x03, 0x00, 0x80, 0xd5, 0x03,
  0x00, 0x80, 0xc5, 0x03, 0x00, 0x80, 0xb5, 0x03, 0x00, 0x80, 0xa5, 0x03, 0x00,
  0x80, 0x95, 0x03, 0x00, 0x80, 0xdd, 0x02, 0x00, 0x80, 0x91, 0x03, 0x00, 0x80,
  0x91, 0x03, 0x00, 0x80, 0x91, 0x03, 0x00, 0x80, 0x91, 0x03, 0x00, 0x80, 0x91,
  0x03, 0x00, 0x80, 0x91, 0x03, 0x00, 0x80, 0x91, 0x03, 0x00, 0x80, 0x91, 0x03,
  0x00, 0x80, 0x41, 0x4e, 0x59, 0x00, 0x61, 0x6e, 0x79, 0x00, 0x2c, 0x00, 0x04,
  0x00, 0x2d, 0x00, 0x2c, 0x01, 0x2d, 0x01, 0x2c, 0x02, 0x2e, 0x01, 0xff, 0x00,
  0x2d, 0x02, 0xff, 0x00, 0x03, 0x00, 0x00, 0x00, 0xe7, 0x18, 0x00, 0x80, 0xfd,
  0x18, 0x00, 0x80, 0x13, 0x19, 0x00, 0x80, 0x29, 0x19, 0x00, 0x80, 0x43, 0x19,
  0x00, 0x80, 0x9b, 0x19, 0x00, 0x80, 0xb1, 0x19, 0x00, 0x80, 0xcf, 0x19, 0x00,
  0x80, 0x01, 0x1a, 0x00, 0x80, 0x2b, 0x1a, 0x00, 0x80, 0x9b, 0x22, 0x00, 0x80,
  0xa1, 0x22, 0x00, 0x80, 0xad, 0x22, 0x00, 0x80, 0xb9, 0x22, 0x00, 0x80, 0xc5,
  0x22, 0x00, 0x80, 0x29, 0x25, 0x00, 0x80, 0x11, 0x26, 0x00, 0x80, 0x8b, 0x25,
  0x00, 0x80, 0x11, 0x26, 0x00, 0x80, 0xd1, 0x24, 0x00, 0x80, 0x11, 0x26, 0x00,
  0x80, 0x11, 0x26, 0x00, 0x80, 0x11, 0x26, 0x00, 0x80, 0xf3, 0x25, 0x00, 0x80,
  0x11, 0x26, 0x00, 0x80, 0x11, 0x26, 0x00, 0x80, 0x11, 0x26, 0x00, 0x80, 0x6b,
  0x24, 0x00, 0x80, 0x9d, 0x27, 0x00, 0x80, 0xb1, 0x27, 0x00, 0x80, 0xc5, 0x27,
  0x00, 0x80, 0xd9, 0x27, 0x00, 0x80, 0xef, 0x27, 0x00, 0x80, 0xfd, 0x28, 0x00,
  0x80, 0x15, 0x29, 0x00, 0x80, 0x29, 0x29, 0x00, 0x80, 0x3d, 0x29, 0x00, 0x80,
  0x53, 0x29, 0x00, 0x80, 0xcf, 0x2d, 0x00, 0x80, 0xd9, 0x2d, 0x00, 0x80, 0xe3,
  0x2d, 0x00, 0x80, 0xed, 0x2d, 0x00, 0x80, 0xf7, 0x2d, 0x00, 0x80, 0x3f, 0x2f,
  0x00, 0x80, 0x5f, 0x2f, 0x00, 0x80, 0x7f, 0x2f, 0x00, 0x80, 0x9f, 0x2f, 0x00,
  0x80, 0xbf, 0x2f, 0x00, 0x80, 0x7b, 0x31, 0x00, 0x80, 0xd7, 0x31, 0x00, 0x80,
  0x6b, 0x32, 0x00, 0x80, 0xff, 0x32, 0x00, 0x80, 0x97, 0x33, 0x00, 0x80, 0xcd,
  0x43, 0x00, 0x80, 0xc7, 0x43, 0x00, 0x80, 0xd3, 0x43, 0x00, 0x80, 0xd9, 0x43,
  0x00, 0x80, 0xdf, 0x43, 0x00, 0x80, 0xe5, 0x43, 0x00, 0x80, 0x28, 0x50, 0x00,
  0x00, 0x75, 0x87, 0x00, 0x80, 0xb1, 0x87, 0x00, 0x80, 0x7d, 0x87, 0x00, 0x80,
  0xab, 0x87, 0x00, 0x80, 0xb1, 0x87, 0x00, 0x80, 0xb1, 0x87, 0x00, 0x80, 0x85,
  0x87, 0x00, 0x80, 0x8d, 0x87, 0x00, 0x80, 0x95, 0x87, 0x00, 0x80, 0x9d, 0x87,
  0x00, 0x80, 0xb1, 0x87, 0x00, 0x80, 0xa5, 0x87, 0x00, 0x80, 0x04, 0x08, 0x08,
  0x08, 0x08, 0x08, 0x0a, 0x0a, 0x0a, 0x00, 0x00, 0x00, 0x00, 0x04, 0x0c, 0x14,
  0x1c, 0x24, 0x2c, 0x36, 0x40, 0x00, 0x00, 0x00, 0x4d, 0xaa, 0x00, 0x80, 0x63,
  0xaa, 0x00, 0x80, 0x4d, 0xaa, 0x00, 0x80, 0x63, 0xaa, 0x00, 0x80, 0x4d, 0xaa,
  0x00, 0x80, 0x63, 0xaa, 0x00, 0x80, 0x8d, 0xaa, 0x00, 0x80, 0x8d, 0xaa, 0x00,
  0x80, 0x8d, 0xaa, 0x00, 0x80, 0x51, 0xaa, 0x00, 0x80, 0x75, 0xaa, 0x00, 0x80,
  0x75, 0xaa, 0x00, 0x80, 0x51, 0xaa, 0x00, 0x80, 0xa1, 0xaa, 0x00, 0x80, 0xb7,
  0xaa, 0x00, 0x80, 0x06, 0x07, 0x08, 0x09, 0x0a, 0x0b, 0x0c, 0x0d, 0x0e, 0x0e,
  0x00, 0x00, 0x1e, 0x28, 0x1e, 0x14, 0x14, 0x12, 0x0e, 0x0c, 0x09, 0x08, 0x08,
  0x07, 0x15, 0x11, 0x0e, 0x0a, 0x0a, 0x09, 0x08, 0x07, 0x15, 0x11, 0x0e, 0x0a,
  0x0a, 0x09, 0x08, 0x07, 0x15, 0x11, 0x0e, 0x0a, 0x0a, 0x09, 0x08, 0x06, 0x0c,
  0x0c, 0x0a, 0x0a, 0x09, 0x07, 0x07, 0x06, 0x15, 0x0e, 0x0e, 0x0a, 0x0a, 0x09,
  0x08, 0x07, 0x07, 0x07, 0x15, 0x11, 0x0e, 0x0a, 0x0a, 0x09, 0x08, 0x07, 0x07,
  0x07, 0x15, 0x11, 0x0e, 0x0a, 0x0a, 0x09, 0x08, 0x07, 0x07, 0x07, 0x0a, 0x0a,
  0x0a, 0x0a, 0x0a, 0x0a, 0x0a, 0x0a, 0x0a, 0x0a, 0x2d, 0x2d, 0x3c, 0x2d, 0x2d,
  0x23, 0x19, 0x1e, 0x19, 0x1e, 0x19, 0x0f, 0x30, 0x2a, 0x21, 0x1c, 0x20, 0x1a,
  0x0b, 0x10, 0x30, 0x2a, 0x21, 0x1c, 0x20, 0x1a, 0x0b, 0x10, 0x30, 0x2a, 0x19,
  0x1c, 0x18, 0x14, 0x0f, 0x0d, 0x1e, 0x1e, 0x19, 0x1e, 0x19, 0x18, 0x0f, 0x0d,
  0x30, 0x21, 0x21, 0x1c, 0x23, 0x1b, 0x0d, 0x10, 0x0d, 0x0c, 0x30, 0x2a, 0x23,
  0x1c, 0x23, 0x1b, 0x0d, 0x10, 0x0d, 0x0c, 0x30, 0x2a, 0x23, 0x1c, 0x23, 0x1b,
  0x0d, 0x10, 0x0d, 0x0c, 0x0a, 0x0a, 0x0a, 0x0a, 0x0a, 0x0a, 0x0a, 0x0a, 0x0a,
  0x0a, 0x83, 0x0a, 0x00, 0x80, 0x7f, 0x0a, 0x00, 0x80, 0x83, 0x0a, 0x00, 0x80,
  0x7f, 0x0a, 0x00, 0x80, 0xa3, 0x0a, 0x00, 0x80, 0x7f, 0x0a, 0x00, 0x80, 0xa3,
  0x0a, 0x00, 0x80, 0x7f, 0x0a, 0x00, 0x80, 0xc3, 0x0a, 0x00, 0x80, 0x7f, 0x0a,
  0x00, 0x80, 0xc3, 0x0a, 0x00, 0x80, 0x7f, 0x0a, 0x00, 0x80, 0xe3, 0x0a, 0x00,
  0x80, 0x7f, 0x0a, 0x00, 0x80, 0xe3, 0x0a, 0x00, 0x80, 0xbf, 0x0c, 0x00, 0x80,
  0xc3, 0x0c, 0x00, 0x80, 0xc7, 0x0c, 0x00, 0x80, 0xcb, 0x0c, 0x00, 0x80, 0xcf,
  0x0c, 0x00, 0x80, 0xe1, 0x11, 0x00, 0x80, 0x03, 0x12, 0x00, 0x80, 0x25, 0x12,
  0x00, 0x80, 0x47, 0x12, 0x00, 0x80, 0x6b, 0x12, 0x00, 0x80, 0xa5, 0x12, 0x00,
  0x80, 0xc9, 0x12, 0x00, 0x80, 0xed, 0x12, 0x00, 0x80, 0x11, 0x13, 0x00, 0x80,
  0x37, 0x13, 0x00, 0x80, 0xfb, 0x62, 0x00, 0x80, 0x0f, 0x63, 0x00, 0x80, 0x21,
  0x63, 0x00, 0x80, 0x33, 0x63, 0x00, 0x80, 0x4b, 0x63, 0x00, 0x80, 0x81, 0x63,
  0x00, 0x80, 0x8f, 0x63, 0x00, 0x80, 0xa1, 0x63, 0x00, 0x80, 0xb3, 0x63, 0x00,
  0x80, 0xc7, 0x63, 0x00, 0x80, 0x49, 0x0f, 0x00, 0x80, 0x49, 0x0f, 0x00, 0x80,
  0x49, 0x0f, 0x00, 0x80, 0x49, 0x0f, 0x00, 0x80, 0x69, 0x0f, 0x00, 0x80, 0x69,
  0x0f, 0x00, 0x80, 0x69, 0x0f, 0x00, 0x80, 0x69, 0x0f, 0x00, 0x80, 0x89, 0x0f,
  0x00, 0x80, 0x89, 0x0f, 0x00, 0x80, 0x89, 0x0f, 0x00, 0x80, 0x89, 0x0f, 0x00,
  0x80, 0xa9, 0x0f, 0x00, 0x80, 0xa9, 0x0f, 0x00, 0x80, 0xa9, 0x0f, 0x00, 0x80,
  0xa9, 0x0f, 0x00, 0x80, 0xd3, 0x66, 0x00, 0x80, 0xe3, 0x66, 0x00, 0x80, 0xed,
  0x66, 0x00, 0x80, 0xf7, 0x66, 0x00, 0x80, 0x09, 0x67, 0x00, 0x80, 0x54, 0x05,
  0x64, 0xb8, 0x50, 0x05, 0x64, 0xb8, 0x51, 0x05, 0x64, 0xb8, 0x78, 0x05, 0x64,
  0xb8, 0x79, 0x05, 0x64, 0xb8, 0x7a, 0x05, 0x64, 0xb8, 0xff, 0xff, 0xff, 0x8f,
  0x60, 0x05, 0x60, 0xb8, 0x60, 0x05, 0x64, 0xb8, 0x00, 0x00, 0x00, 0x10, 0x00,
  0x00, 0x00, 0x20, 0x00, 0x00, 0x00, 0x30, 0x00, 0x00, 0x00, 0x40, 0xbf, 0x01,
  0x64, 0xb8, 0x89, 0x00, 0x60, 0xb8, 0x8a, 0x00, 0x60, 0xb8, 0x1a, 0x04, 0x64,
  0xb8, 0x1b, 0x04, 0x64, 0xb8, 0x8c, 0x00, 0x60, 0xb8, 0x8d, 0x00, 0x60, 0xb8,
  0x87, 0x02, 0x64, 0xb8, 0x96, 0x02, 0x64, 0xb8, 0x86, 0x02, 0x64, 0xb8, 0x58,
  0x05, 0x64, 0xb8, 0x57, 0x01, 0x64, 0xb8, 0x3c, 0x01, 0x64, 0xb8, 0x22, 0x05,
  0x64, 0xb8, 0x00, 0x00, 0x01, 0x00, 0x00, 0x00, 0x02, 0x00, 0x00, 0x00, 0x04,
  0x00, 0x00, 0x00, 0x08, 0x00, 0x00, 0x00, 0x1e, 0x00, 0x0a, 0x06, 0x64, 0xb8,
  0xb1, 0x05, 0x64, 0xb8, 0x5b, 0x01, 0x64, 0xb8, 0xfe, 0x11, 0x64, 0xb8, 0xa8,
  0x06, 0x64, 0xb8, 0x10, 0x07, 0x64, 0xb8, 0x00, 0x16, 0x64, 0xb8, 0x04, 0x16,
  0x64, 0xb8, 0x08, 0x16, 0x64, 0xb8, 0xab, 0x06, 0x64, 0xb8, 0xaa, 0x06, 0x64,
  0xb8, 0x13, 0x07, 0x64, 0xb8, 0x12, 0x07, 0x64, 0xb8, 0x03, 0x16, 0x64, 0xb8,
  0x02, 0x16, 0x64, 0xb8, 0x07, 0x16, 0x64, 0xb8, 0x06, 0x16, 0x64, 0xb8, 0x0b,
  0x16, 0x64, 0xb8, 0x0a, 0x16, 0x64, 0xb8, 0xfc, 0x11, 0x64, 0xb8, 0x04, 0x06,
  0x64, 0xb8, 0xff, 0xff, 0xff, 0xfe, 0x00, 0x00, 0x00, 0x01, 0x60, 0x16, 0x64,
  0xb8, 0x0d, 0x00, 0x78, 0xb8, 0x12, 0x00, 0x78, 0xb8, 0x11, 0x00, 0x78, 0xb8,
  0x06, 0x00, 0x78, 0xb8, 0xa7, 0x04, 0x64, 0xb8, 0xa6, 0x04, 0x64, 0xb8, 0xa5,
  0x04, 0x64, 0xb8, 0xa4, 0x04, 0x64, 0xb8, 0x14, 0x00, 0x78, 0xb8, 0x09, 0x00,
  0x78, 0xb8, 0x29, 0x00, 0x78, 0xb8, 0x1d, 0x04, 0x64, 0xb8, 0x7a, 0x04, 0x64,
  0xb8, 0x24, 0x04, 0x64, 0xb8, 0x4d, 0x01, 0x64, 0xb8, 0x00, 0x01, 0x64, 0xb8,
  0x04, 0x02, 0x64, 0xb8, 0x56, 0x04, 0x64, 0xb8, 0x04, 0x00, 0x70, 0xb8, 0x0a,
  0x00, 0x70, 0xb8, 0x2c, 0x00, 0x78, 0xb8, 0x18, 0x11, 0x64, 0xb8, 0x4d, 0x00,
  0x78, 0xb8, 0x4e, 0x00, 0x78, 0xb8, 0x38, 0x00, 0x78, 0xb8, 0x1c, 0x04, 0x64,
  0xb8, 0x10, 0x00, 0x70, 0xb8, 0x4c, 0x04, 0x64, 0xb8, 0x4d, 0x04, 0x64, 0xb8,
  0x16, 0x00, 0x70, 0xb8, 0x4e, 0x04, 0x64, 0xb8, 0x17, 0x00, 0x70, 0xb8, 0x4f,
  0x04, 0x64, 0xb8, 0xec, 0x10, 0x60, 0xb8, 0xec, 0x10, 0x64, 0xb8, 0xee, 0x10,
  0x60, 0xb8, 0xee, 0x10, 0x64, 0xb8, 0xc7, 0x01, 0x64, 0xb8, 0x1c, 0x01, 0x64,
  0xb8, 0xff, 0xff, 0x03, 0x00, 0x84, 0x02, 0x64, 0xb8, 0x52, 0x05, 0x64, 0xb8,
  0x20, 0x04, 0x64, 0xb8, 0xff, 0xff, 0xef, 0xff, 0x5f, 0x11, 0x64, 0xb8, 0x88,
  0x00, 0x60, 0xb8, 0x8b, 0x00, 0x60, 0xb8, 0x00, 0x00, 0x60, 0xb8, 0x00, 0x00,
  0x64, 0xb8, 0x00, 0x00, 0x00, 0x03, 0x00, 0x00, 0x00, 0x42, 0xe0, 0x00, 0x60,
  0xb8, 0xff, 0xff, 0xff, 0xfd, 0xe3, 0x00, 0x60, 0xb8, 0xe1, 0x00, 0x60, 0xb8,
  0x00, 0x00, 0x00, 0x60, 0x02, 0x00, 0x60, 0xb8, 0xe8, 0x12, 0x64, 0xb8, 0xf8,
  0x10, 0x60, 0xb8, 0x00, 0x00, 0x00, 0x80, 0x00, 0x00, 0x00, 0x04, 0xff, 0xff,
  0xff, 0xfb, 0xff, 0xff, 0xff, 0xdf, 0xff, 0xff, 0xff, 0x1f, 0x04, 0x00, 0x60,
  0xb8, 0x04, 0x00, 0x64, 0xb8, 0x08, 0x00, 0x60, 0xb8, 0x08, 0x00, 0x64, 0xb8,
  0x80, 0x00, 0x60, 0xb8, 0xfc, 0x10, 0x60, 0xb8, 0x50, 0x04, 0x64, 0xb8, 0x8c,
  0x04, 0x64, 0xb8, 0x90, 0x04, 0x64, 0xb8, 0x94, 0x04, 0x64, 0xb8, 0x98, 0x04,
  0x64, 0xb8, 0x9c, 0x04, 0x64, 0xb8, 0xa0, 0x04, 0x64, 0xb8, 0xa8, 0x04, 0x64,
  0xb8, 0xc0, 0x01, 0x64, 0xb8, 0xc4, 0x01, 0x64, 0xb8, 0xb8, 0x01, 0x64, 0xb8,
  0x00, 0x00, 0x78, 0xb8, 0x00, 0x00, 0x70, 0xb8, 0x00, 0x0c, 0x01, 0x00, 0x01,
  0x00, 0x66, 0xb8, 0x00, 0x00, 0x66, 0xb8, 0xcd, 0x9b, 0x78, 0x56, 0x04, 0x1c,
  0x66, 0xb8, 0x00, 0x1c, 0x66, 0xb8, 0x00, 0xf0, 0x0f, 0x00, 0x00, 0xf0, 0x3f,
  0x00, 0x00, 0x00, 0xf0, 0x0f, 0x00, 0x00, 0xc0, 0xff, 0x00, 0x00, 0x00, 0xf0,
  0x00, 0xfc, 0x0f, 0x00, 0x80, 0x81, 0x81, 0x81, 0x81, 0x81, 0x01, 0x06, 0x00,
  0x0e, 0x0e, 0x0e, 0x0e, 0x0e, 0x0e, 0x38, 0xe0, 0x80, 0x03, 0x00, 0x00, 0x00,
  0x30, 0xc0, 0x00, 0x03, 0x0c, 0x00, 0x4a, 0x04, 0x64, 0xb8, 0x49, 0x04, 0x64,
  0xb8, 0x01, 0x00, 0x60, 0xb8, 0x01, 0x00, 0x64, 0xb8, 0x02, 0x00, 0x64, 0xb8,
  0x03, 0x00, 0x60, 0xb8, 0x03, 0x00, 0x64, 0xb8, 0x23, 0x04, 0x64, 0xb8, 0x30,
  0x04, 0x64, 0xb8, 0x00, 0x00, 0x00, 0x02, 0x34, 0x04, 0x64, 0xb8, 0x04, 0x05,
  0x07, 0x08, 0x00, 0x01, 0x01, 0x02, 0x53, 0x04, 0x64, 0xb8, 0x2d, 0x04, 0x64,
  0xb8, 0xf0, 0x10, 0x60, 0xb8, 0x00, 0x00, 0xf0, 0x00, 0x00, 0x00, 0x00, 0x0c,
  0x00, 0x00, 0x00, 0xc0, 0x00, 0x00, 0x0f, 0x00, 0x00, 0x00, 0x30, 0x00, 0x00,
  0x00, 0xc0, 0x00, 0x06, 0x00, 0x66, 0xb8, 0x51, 0x04, 0x64, 0xb8, 0x52, 0x04,
  0x64, 0xb8, 0x01, 0x1c, 0x66, 0xb8, 0x02, 0x1c, 0x66, 0xb8, 0x03, 0x1c, 0x66,
  0xb8, 0x05, 0x1c, 0x66, 0xb8, 0x06, 0x1c, 0x66, 0xb8, 0x07, 0x1c, 0x66, 0xb8,
  0x00, 0x10, 0x66, 0xb8, 0x08, 0x10, 0x66, 0xb8, 0x04, 0x10, 0x66, 0xb8, 0x05,
  0x10, 0x66, 0xb8, 0x02, 0x10, 0x66, 0xb8, 0x01, 0x10, 0x66, 0xb8, 0x09, 0x10,
  0x66, 0xb8, 0x06, 0x10, 0x66, 0xb8, 0x18, 0x00, 0x70, 0xb8, 0x0b, 0x00, 0x70,
  0xb8, 0x00, 0xff, 0xff, 0x00, 0x02, 0x00, 0x70, 0xb8, 0x94, 0x02, 0x64, 0xb8,
  0x97, 0x02, 0x64, 0xb8, 0xcc, 0x01, 0x64, 0xb8, 0x00, 0x00, 0x07, 0x00, 0xd4,
  0x04, 0x60, 0xb8, 0xd4, 0x04, 0x64, 0xb8, 0x84, 0x04, 0x60, 0xb8, 0x84, 0x04,
  0x64, 0xb8, 0xc8, 0x04, 0x60, 0xb8, 0xc8, 0x04, 0x64, 0xb8, 0x78, 0x04, 0x60,
  0xb8, 0x78, 0x04, 0x64, 0xb8, 0x56, 0x05, 0x64, 0xb8, 0x8e, 0x00, 0x60, 0xb8,
  0x8f, 0x00, 0x60, 0xb8, 0x44, 0x00, 0x60, 0xb8, 0x60, 0x00, 0x60, 0xb8, 0xff,
  0xff, 0xff, 0x00, 0x00, 0x00, 0x00, 0x05, 0x64, 0x01, 0x64, 0xb8, 0x53, 0x05,
  0x64, 0xb8, 0x77, 0x05, 0x64, 0xb8, 0x68, 0x05, 0x64, 0xb8, 0x80, 0x34, 0x00,
  0xb8, 0x34, 0x01, 0x64, 0xb8, 0x30, 0x01, 0x64, 0xb8, 0x24, 0x01, 0x64, 0xb8,
  0x20, 0x01, 0x64, 0xb8, 0x24, 0x11, 0x64, 0xb8, 0x20, 0x11, 0x64, 0xb8, 0x2c,
  0x11, 0x64, 0xb8, 0x28, 0x11, 0x64, 0xb8, 0x34, 0x11, 0x64, 0xb8, 0x30, 0x11,
  0x64, 0xb8, 0x38, 0x01, 0x64, 0xb8, 0x3c, 0x11, 0x64, 0xb8, 0x38, 0x11, 0x64,
  0xb8, 0x50, 0x00, 0x60, 0xb8, 0x54, 0x00, 0x60, 0xb8, 0x00, 0x40, 0xe0, 0x03,
  0x01, 0x60, 0x00, 0x03, 0xe0, 0x04, 0x64, 0xb8, 0x9a, 0x01, 0x64, 0xb8, 0x99,
  0x01, 0x64, 0xb8, 0xc6, 0x01, 0x64, 0xb8, 0xe0, 0x12, 0x64, 0xb8, 0x02, 0x01,
  0x64, 0xb8, 0x21, 0x05, 0x64, 0xb8, 0x2f, 0x01, 0x64, 0xb8, 0x00, 0x28, 0x64,
  0xb8, 0x00, 0x2c, 0x64, 0xb8, 0x00, 0x38, 0x64, 0xb8, 0x00, 0x3c, 0x64, 0xb8,
  0xff, 0xff, 0x0f, 0x00, 0xff, 0xff, 0xff, 0x0f, 0x83, 0x00, 0x60, 0xb8, 0x90,
  0x00, 0x60, 0xb8, 0x92, 0x06, 0x64, 0xb8, 0x08, 0x01, 0x64, 0xb8, 0x92, 0x00,
  0x60, 0xb8, 0xf8, 0x05, 0x64, 0xb8, 0xf9, 0x05, 0x64, 0xb8, 0xfa, 0x05, 0x64,
  0xb8, 0xfb, 0x05, 0x64, 0xb8, 0x1f, 0x07, 0x64, 0xb8, 0x1c, 0x07, 0x64, 0xb8,
  0xb8, 0x05, 0x64, 0xb8, 0xbc, 0x05, 0x64, 0xb8, 0x6f, 0x01, 0x64, 0xb8, 0x4c,
  0x00, 0x00, 0xb5, 0x00, 0x00, 0x01, 0x01, 0x00, 0x00, 0x02, 0x02, 0x00, 0x00,
  0x04, 0x04, 0x00, 0x00, 0x08, 0x08, 0x00, 0x00, 0x00, 0x08, 0x00, 0x00, 0x10,
  0x10, 0x00, 0x00, 0x20, 0x20, 0x00, 0x00, 0x40, 0x40, 0x00, 0x00, 0x80, 0x80,
  0x7e, 0x04, 0x64, 0xb8, 0x07, 0x10, 0x66, 0xb8, 0x0c, 0x10, 0x66, 0xb8, 0x7d,
  0x04, 0x64, 0xb8, 0x7c, 0x04, 0x64, 0xb8, 0xf4, 0x00, 0x60, 0xb8, 0x90, 0x06,
  0x64, 0xb8, 0x8c, 0x01, 0x64, 0xb8, 0x8d, 0x01, 0x64, 0xb8, 0x8e, 0x01, 0x64,
  0xb8, 0x8f, 0x01, 0x64, 0xb8, 0x95, 0x01, 0x64, 0xb8, 0x7b, 0x05, 0x64, 0xb8,
  0x73, 0x05, 0x64, 0xb8, 0xcf, 0x05, 0x64, 0xb8, 0x01, 0x01, 0x64, 0xb8, 0xb7,
  0x06, 0x64, 0xb8, 0xb4, 0x06, 0x64, 0xb8, 0x00, 0x00, 0x03, 0x00, 0xff, 0xff,
  0x0f, 0xff, 0xe8, 0x08, 0x64, 0xb8, 0x0e, 0x00, 0xf4, 0x03, 0x00, 0x00, 0x40,
  0x00, 0x68, 0x06, 0x64, 0xb8, 0x24, 0x00, 0x60, 0xb8, 0xff, 0xff, 0xcf, 0xff,
  0x5c, 0x05, 0x64, 0xb8, 0x38, 0x06, 0x64, 0xb8, 0x83, 0x04, 0x64, 0xb8, 0x54,
  0x04, 0x64, 0xb8, 0x4c, 0x00, 0x60, 0xb8, 0xff, 0xff, 0x7f, 0xfe, 0x70, 0x00,
  0x60, 0xb8, 0x20, 0x00, 0x78, 0xb8, 0x10, 0x00, 0x78, 0xb8, 0x03, 0x00, 0x78,
  0xb8, 0xff, 0xff, 0x01, 0xff, 0x28, 0x00, 0x78, 0xb8, 0x30, 0x31, 0x32, 0x33,
  0x34, 0x35, 0x36, 0x37, 0x38, 0x39, 0x41, 0x42, 0x43, 0x44, 0x45, 0x46, 0x00,
  0x00, 0x00, 0x00, 0x53, 0x65, 0x74, 0x5f, 0x43, 0x61, 0x6e, 0x64, 0x69, 0x5f,
  0x33, 0x3a, 0x20, 0x5b, 0x31, 0x5d, 0x3d, 0x30, 0x78, 0x25, 0x62, 0x58, 0x2c,
  0x20, 0x20, 0x5b, 0x32, 0x5d, 0x3d, 0x30, 0x78, 0x25, 0x62, 0x58, 0x2c, 0x20,
  0x20, 0x5b, 0x33, 0x5d, 0x3d, 0x30, 0x78, 0x25, 0x62, 0x58, 0x00, 0x00, 0x53,
  0x65, 0x74, 0x5f, 0x43, 0x61, 0x6e, 0x64, 0x69, 0x5f, 0x32, 0x3a, 0x20, 0x5b,
  0x31, 0x5d, 0x3d, 0x30, 0x78, 0x25, 0x62, 0x58, 0x2c, 0x20, 0x20, 0x5b, 0x32,
  0x5d, 0x3d, 0x30, 0x78, 0x25, 0x62, 0x58, 0x20, 0x00, 0x53, 0x65, 0x74, 0x5f,
  0x50, 0x6e, 0x74, 0x79, 0x00, 0x00, 0x00, 0x00, 0x53, 0x65, 0x74, 0x5f, 0x52,
  0x41, 0x5f, 0x55, 0x70, 0x5f, 0x72, 0x61, 0x74, 0x69, 0x6f, 0x5f, 0x66, 0x6f,
  0x72, 0x5f, 0x52, 0x41, 0x5f, 0x64, 0x65, 0x62, 0x75, 0x67, 0x00, 0x00, 0x00,
  0x00, 0x53, 0x65, 0x74, 0x5f, 0x44, 0x6f, 0x77, 0x6e, 0x5f, 0x72, 0x61, 0x74,
  0x69, 0x6f, 0x00, 0x00, 0x76, 0x61, 0x6c, 0x75, 0x65, 0x38, 0x3d, 0x30, 0x78,
  0x25, 0x62, 0x58, 0x2c, 0x20, 0x76, 0x61, 0x6c, 0x75, 0x65, 0x31, 0x36, 0x3d,
  0x30, 0x78, 0x25, 0x77, 0x78, 0x2c, 0x20, 0x76, 0x61, 0x6c, 0x75, 0x65, 0x33,
  0x32, 0x3d, 0x30, 0x78, 0x25, 0x78, 0x00, 0x00, 0x00, 0x48, 0x32, 0x43, 0x42,
  0x46, 0x45, 0x6e, 0x74, 0x00, 0x00, 0x00, 0x00, 0x45, 0x6e, 0x3a, 0x25, 0x62,
  0x78, 0x20, 0x4e, 0x63, 0x3a, 0x25, 0x62, 0x78, 0x20, 0x4d, 0x3a, 0x25, 0x62,
  0x78, 0x00, 0x44, 0x69, 0x73, 0x3a, 0x25, 0x62, 0x78, 0x20, 0x4e, 0x63, 0x3a,
  0x25, 0x62, 0x78, 0x20, 0x4d, 0x3a, 0x25, 0x62, 0x78, 0x00, 0x00, 0x00, 0x00,
  0x4d, 0x3a, 0x25, 0x62, 0x58, 0x2c, 0x52, 0x3a, 0x25, 0x62, 0x58, 0x2c, 0x25,
  0x62, 0x78, 0x2c, 0x25, 0x62, 0x78, 0x2c, 0x25, 0x62, 0x78, 0x2c, 0x20, 0x25,
  0x78, 0x00, 0x4d, 0x74, 0x42, 0x77, 0x20, 0x55, 0x70, 0x44, 0x77, 0x25, 0x62,
  0x78, 0x20, 0x42, 0x57, 0x25, 0x62, 0x78, 0x20, 0x52, 0x74, 0x25, 0x62, 0x78,
  0x00, 0x00, 0x00, 0x00, 0x48, 0x69, 0x74, 0x25, 0x62, 0x78, 0x20, 0x52, 0x74,
  0x30, 0x3d, 0x25, 0x77, 0x78, 0x20, 0x52, 0x74, 0x31, 0x3d, 0x25, 0x77, 0x78,
  0x00, 0x00, 0x52, 0x41, 0x3a, 0x4f, 0x46, 0x44, 0x4d, 0x25, 0x62, 0x58, 0x00,
  0x00, 0x52, 0x41, 0x3a, 0x43, 0x43, 0x4b, 0x25, 0x62, 0x58, 0x00, 0x00, 0x00,
  0x52, 0x41, 0x3a, 0x56, 0x31, 0x2d, 0x4d, 0x25, 0x62, 0x58, 0x00, 0x00, 0x52,
  0x41, 0x3a, 0x56, 0x32, 0x2d, 0x4d, 0x25, 0x62, 0x58, 0x00, 0x00, 0x52, 0x41,
  0x3a, 0x56, 0x33, 0x2d, 0x4d, 0x25, 0x62, 0x58, 0x00, 0x00, 0x52, 0x41, 0x3a,
  0x48, 0x2d, 0x4d, 0x25, 0x62, 0x58, 0x00, 0x00, 0x00, 0x52, 0x41, 0x3a, 0x48,
  0x2d, 0x4d, 0x31, 0x2c, 0x25, 0x62, 0x58, 0x00, 0x52, 0x41, 0x3a, 0x48, 0x2d,
  0x4d, 0x32, 0x2c, 0x25, 0x62, 0x58, 0x00, 0x53, 0x74, 0x6f, 0x72, 0x45, 0x6e,
  0x3a, 0x25, 0x62, 0x78, 0x20, 0x42, 0x46, 0x63, 0x74, 0x72, 0x6c, 0x3a, 0x25,
  0x62, 0x78, 0x00, 0x00, 0x00, 0x57, 0x72, 0x69, 0x74, 0x65, 0x45, 0x6e, 0x3a,
  0x25, 0x62, 0x78, 0x20, 0x42, 0x46, 0x63, 0x74, 0x72, 0x6c, 0x3a, 0x25, 0x62,
  0x78, 0x00, 0x00, 0x52, 0x65, 0x63, 0x45, 0x6e, 0x3a, 0x25, 0x62, 0x78, 0x20,
  0x42, 0x46, 0x63, 0x74, 0x72, 0x6c, 0x3a, 0x25, 0x62, 0x78, 0x00, 0x00, 0x00,
  0x00, 0x53, 0x6e, 0x64, 0x44, 0x20, 0x4d, 0x3a, 0x25, 0x62, 0x78, 0x20, 0x52,
  0x3a, 0x25, 0x62, 0x78, 0x20, 0x52, 0x25, 0x62, 0x78, 0x20, 0x43, 0x74, 0x3a,
  0x25, 0x62, 0x78, 0x00, 0x00, 0x00, 0x00, 0x41, 0x70, 0x70, 0x6c, 0x56, 0x3a,
  0x25, 0x62, 0x78, 0x00, 0x00, 0x00, 0x4e, 0x61, 0x70, 0x70, 0x6c, 0x56, 0x3a,
  0x25, 0x62, 0x78, 0x00, 0x00, 0x43, 0x68, 0x54, 0x78, 0x42, 0x46, 0x73, 0x74,
  0x73, 0x20, 0x4d, 0x3a, 0x25, 0x62, 0x78, 0x20, 0x45, 0x6e, 0x74, 0x3a, 0x25,
  0x62, 0x78, 0x20, 0x52, 0x61, 0x3a, 0x25, 0x62, 0x78, 0x20, 0x4e, 0x63, 0x3a,
  0x25, 0x62, 0x78, 0x00, 0x00, 0x00, 0x45, 0x72, 0x72, 0x4e, 0x63, 0x3a, 0x25,
  0x62, 0x78, 0x00, 0x00, 0x00, 0x43, 0x6f, 0x72, 0x72, 0x4e, 0x63, 0x3a, 0x25,
  0x62, 0x78, 0x00, 0x00, 0x53, 0x6e, 0x64, 0x44, 0x6f, 0x6e, 0x53, 0x75, 0x00,
  0x00, 0x00, 0x00, 0x53, 0x6e, 0x64, 0x44, 0x6f, 0x6e, 0x46, 0x61, 0x00, 0x00,
  0x00, 0x00, 0x53, 0x65, 0x61, 0x72, 0x63, 0x68, 0x3a, 0x25, 0x62, 0x78, 0x2c,
  0x25, 0x62, 0x78, 0x2c, 0x25, 0x62, 0x78, 0x00, 0x00, 0x42, 0x47, 0x20, 0x3a,
  0x25, 0x62, 0x78, 0x20, 0x2c, 0x20, 0x6e, 0x75, 0x6d, 0x74, 0x72, 0x79, 0x3a,
  0x20, 0x25, 0x62, 0x78, 0x00, 0x00, 0x00, 0x53, 0x54, 0x42, 0x43, 0x20, 0x6f,
  0x6e, 0x00, 0x53, 0x74, 0x61, 0x74, 0x65, 0x20, 0x25, 0x62, 0x58, 0x20, 0x00,
  0x00, 0x72, 0x61, 0x74, 0x65, 0x3a, 0x20, 0x25, 0x62, 0x58, 0x00, 0x00, 0x00,
  0x49, 0x44, 0x3a, 0x25, 0x62, 0x58, 0x00, 0x00, 0x52, 0x5b, 0x30, 0x3a, 0x34,
  0x5d, 0x20, 0x25, 0x62, 0x58, 0x20, 0x2c, 0x20, 0x25, 0x62, 0x58, 0x2c, 0x20,
  0x25, 0x62, 0x58, 0x2c, 0x20, 0x25, 0x62, 0x58, 0x2c, 0x20, 0x25, 0x62, 0x58,
  0x20, 0x00, 0x00, 0x00, 0x00, 0x55, 0x3a, 0x20, 0x25, 0x62, 0x58, 0x20, 0x00,
  0x54, 0x47, 0x3a, 0x20, 0x25, 0x62, 0x58, 0x20, 0x00, 0x00, 0x00, 0x00, 0x54,
  0x47, 0x70, 0x61, 0x74, 0x68, 0x3a, 0x20, 0x25, 0x62, 0x58, 0x20, 0x00, 0x00,
  0x00, 0x00, 0x53, 0x65, 0x74, 0x50, 0x61, 0x74, 0x68, 0x3a, 0x20, 0x25, 0x62,
  0x58, 0x20, 0x00, 0x00, 0x00, 0x44, 0x54, 0x50, 0x5f, 0x65, 0x6e, 0x64, 0x00,
  0x53, 0x65, 0x74, 0x52, 0x5f, 0x4e, 0x54, 0x3a, 0x25, 0x62, 0x58, 0x20, 0x25,
  0x62, 0x78, 0x20, 0x25, 0x62, 0x78, 0x00, 0x54, 0x72, 0x25, 0x62, 0x78, 0x2c,
  0x25, 0x62, 0x78, 0x2c, 0x25, 0x62, 0x78, 0x00, 0x00, 0x00, 0x53, 0x65, 0x74,
  0x52, 0x5f, 0x54, 0x3a, 0x25, 0x62, 0x58, 0x20, 0x25, 0x62, 0x58, 0x20, 0x25,
  0x62, 0x78, 0x20, 0x25, 0x62, 0x78, 0x00, 0x00, 0x52, 0x61, 0x55, 0x70, 0x00,
  0x00, 0x00, 0x00, 0x31, 0x72, 0x61, 0x25, 0x62, 0x78, 0x00, 0x00, 0x30, 0x55,
  0x70, 0x64, 0x74, 0x5f, 0x42, 0x57, 0x3d, 0x25, 0x62, 0x78, 0x00, 0x00, 0x00,
  0x00, 0x32, 0x72, 0x61, 0x25, 0x62, 0x78, 0x00, 0x00, 0x33, 0x72, 0x61, 0x25,
  0x62, 0x78, 0x00, 0x00, 0x34, 0x72, 0x61, 0x25, 0x62, 0x78, 0x00, 0x00, 0x35,
  0x72, 0x61, 0x25, 0x62, 0x78, 0x00, 0x00, 0x52, 0x61, 0x44, 0x6e, 0x00, 0x00,
  0x00, 0x00, 0x52, 0x64, 0x53, 0x3a, 0x25, 0x62, 0x78, 0x2c, 0x25, 0x62, 0x78,
  0x2c, 0x25, 0x62, 0x78, 0x00, 0x46, 0x57, 0x46, 0x69, 0x78, 0x00, 0x00, 0x00,
  0x50, 0x43, 0x52, 0x3a, 0x25, 0x62, 0x78, 0x00, 0x62, 0x54, 0x52, 0x59, 0x3a,
  0x25, 0x62, 0x78, 0x00, 0x00, 0x00, 0x00, 0x54, 0x72, 0x44, 0x6f, 0x6e, 0x43,
  0x6e, 0x25, 0x62, 0x78, 0x00, 0x00, 0x45, 0x72, 0x72, 0x6f, 0x72, 0x31, 0x00,
  0x00, 0x50, 0x6b, 0x74, 0x3a, 0x25, 0x62, 0x58, 0x2c, 0x25, 0x62, 0x58, 0x2c,
  0x25, 0x62, 0x58, 0x00, 0x46, 0x44, 0x3a, 0x20, 0x52, 0x44, 0x00, 0x00, 0x46,
  0x44, 0x3a, 0x20, 0x44, 0x72, 0x6f, 0x70, 0x00, 0x00, 0x00, 0x00, 0x46, 0x44,
  0x3a, 0x20, 0x52, 0x55, 0x00, 0x00, 0x4d, 0x25, 0x62, 0x78, 0x20, 0x52, 0x25,
  0x62, 0x78, 0x20, 0x53, 0x50, 0x25, 0x77, 0x78, 0x20, 0x52, 0x50, 0x25, 0x77,
  0x78, 0x20, 0x54, 0x50, 0x25, 0x77, 0x78, 0x20, 0x52, 0x52, 0x25, 0x62, 0x78,
  0x20, 0x53, 0x52, 0x25, 0x62, 0x78, 0x00, 0x52, 0x3a, 0x25, 0x62, 0x78, 0x20,
  0x52, 0x34, 0x3a, 0x25, 0x62, 0x78, 0x00, 0x00, 0x00, 0x00, 0x44, 0x72, 0x6f,
  0x70, 0x3a, 0x52, 0x44, 0x00, 0x3d, 0x3e, 0x53, 0x5f, 0x52, 0x41, 0x3a, 0x25,
  0x62, 0x78, 0x00, 0x00, 0x44, 0x65, 0x4f, 0x46, 0x46, 0x3a, 0x25, 0x62, 0x78,
  0x2c, 0x20, 0x25, 0x62, 0x58, 0x00, 0x00, 0x4d, 0x52, 0x61, 0x74, 0x65, 0x20,
  0x3d, 0x20, 0x25, 0x62, 0x78, 0x00, 0x42, 0x57, 0x25, 0x62, 0x78, 0x20, 0x52,
  0x74, 0x25, 0x62, 0x78, 0x00, 0x52, 0x44, 0x31, 0x00, 0x55, 0x70, 0x3a, 0x25,
  0x62, 0x58, 0x2c, 0x44, 0x6e, 0x3a, 0x25, 0x62, 0x78, 0x00, 0x00, 0x00, 0x52,
  0x44, 0x32, 0x00, 0x52, 0x55, 0x20, 0x25, 0x62, 0x78, 0x20, 0x25, 0x62, 0x78,
  0x20, 0x25, 0x62, 0x78, 0x00, 0x00, 0x52, 0x55, 0x5f, 0x53, 0x00, 0x00, 0x00,
  0x00, 0x52, 0x53, 0x00, 0x00, 0x52, 0x53, 0x54, 0x54, 0x78, 0x52, 0x50, 0x54,
  0x00, 0x00, 0x00, 0x00, 0x44, 0x6e, 0x54, 0x72, 0x79, 0x52, 0x3d, 0x25, 0x62,
  0x58, 0x2c, 0x25, 0x62, 0x78, 0x00, 0x00, 0x54, 0x72, 0x79, 0x53, 0x75, 0x3a,
  0x25, 0x62, 0x58, 0x00, 0x00, 0x00, 0x55, 0x70, 0x54, 0x72, 0x79, 0x53, 0x25,
  0x62, 0x78, 0x20, 0x25, 0x62, 0x78, 0x00, 0x00, 0x00, 0x44, 0x6e, 0x54, 0x72,
  0x79, 0x53, 0x25, 0x62, 0x78, 0x20, 0x25, 0x62, 0x78, 0x00, 0x00, 0x00, 0x55,
  0x70, 0x54, 0x72, 0x79, 0x46, 0x25, 0x62, 0x78, 0x20, 0x25, 0x62, 0x78, 0x00,
  0x00, 0x00, 0x44, 0x6e, 0x54, 0x72, 0x79, 0x46, 0x25, 0x62, 0x78, 0x20, 0x25,
  0x62, 0x78, 0x00, 0x00, 0x00, 0x54, 0x72, 0x79, 0x46, 0x50, 0x25, 0x62, 0x78,
  0x20, 0x25, 0x62, 0x78, 0x00, 0x00, 0x00, 0x00, 0x50, 0x65, 0x6e, 0x64, 0x3a,
  0x25, 0x77, 0x58, 0x20, 0x00, 0x00, 0x00, 0x54, 0x72, 0x79, 0x46, 0x3a, 0x25,
  0x62, 0x58, 0x20, 0x00, 0x00, 0x00, 0x52, 0x53, 0x53, 0x49, 0x3a, 0x25, 0x62,
  0x78, 0x2c, 0x4d, 0x25, 0x62, 0x78, 0x2c, 0x52, 0x25, 0x62, 0x78, 0x00, 0x00,
  0x50, 0x6f, 0x6c, 0x6c, 0x75, 0x74, 0x65, 0x64, 0x00, 0x00, 0x00, 0x00, 0x54,
  0x52, 0x59, 0x25, 0x62, 0x78, 0x2c, 0x25, 0x62, 0x78, 0x00, 0x00, 0x00, 0x00,
  0x00, 0x00, 0x06, 0x09, 0x0c, 0x12, 0x18, 0x24, 0x30, 0x36, 0x01, 0x02, 0x05,
  0x0b, 0x00, 0x00, 0x00, 0x00, 0x0a, 0x08, 0x03, 0x03, 0x00, 0x04, 0x09, 0x07,
  0x03, 0x03, 0x00, 0x04, 0x08, 0x06, 0x03, 0x02, 0x00, 0x04, 0x08, 0x05, 0x03,
  0x01, 0x00, 0x04, 0x0d, 0x0a, 0x07, 0x05, 0x00, 0x08, 0x0c, 0x0a, 0x07, 0x04,
  0x00, 0x08, 0x0b, 0x0a, 0x06, 0x05, 0x00, 0x08, 0x0b, 0x0a, 0x05, 0x03, 0x00,
  0x08, 0x0b, 0x0a, 0x03, 0x02, 0x00, 0x08, 0x14, 0x12, 0x0c, 0x04, 0x00, 0x10,
  0x14, 0x12, 0x09, 0x04, 0x00, 0x10, 0x24, 0x22, 0x1c, 0x12, 0x00, 0x20, 0x24,
  0x22, 0x18, 0x0c, 0x00, 0x20, 0x24, 0x22, 0x14, 0x06, 0x00, 0x20, 0x24, 0x22,
  0x0f, 0x04, 0x00, 0x20, 0x24, 0x21, 0x0a, 0x04, 0x00, 0x20, 0x23, 0x21, 0x0c,
  0x04, 0x00, 0x20, 0x23, 0x1f, 0x0a, 0x04, 0x00, 0x20, 0x22, 0x1f, 0x0f, 0x04,
  0x00, 0x20, 0x21, 0x1f, 0x16, 0x0c, 0x00, 0x20, 0x31, 0x2f, 0x20, 0x14, 0x00,
  0x30, 0x31, 0x2f, 0x18, 0x10, 0x00, 0x30, 0x31, 0x2c, 0x18, 0x0c, 0x00, 0x30,
  0x31, 0x2a, 0x14, 0x0c, 0x00, 0x30, 0x31, 0x28, 0x14, 0x00, 0x00, 0x30, 0x31,
  0x24, 0x14, 0x00, 0x00, 0x30, 0x31, 0x1e, 0x14, 0x00, 0x00, 0x30, 0x31, 0x18,
  0x0a, 0x00, 0x00, 0x30, 0x15, 0xf0, 0xff, 0x0f, 0x00, 0x00, 0x00, 0x00, 0x15,
  0xf0, 0x0f, 0x00, 0x00, 0x00, 0x00, 0x00, 0x05, 0xf0, 0xff, 0x0f, 0x00, 0x00,
  0x00, 0x00, 0x05, 0xf0, 0x0f, 0x00, 0x00, 0x00, 0x00, 0x00, 0x10, 0xf0, 0xff,
  0x0f, 0x00, 0x00, 0x00, 0x00, 0x10, 0xf0, 0x0f, 0x00, 0x00, 0x00, 0x00, 0x00,
  0xf5, 0x0f, 0x00, 0x00, 0x00, 0x00, 0x00, 0x00, 0xf0, 0x0f, 0x00, 0x00, 0x00,
  0x00, 0x00, 0x00, 0x0d, 0x00, 0x00, 0x00, 0x00, 0x00, 0x00, 0x00, 0x00, 0xf0,
  0xff, 0xff, 0x00, 0x00, 0x00, 0x00, 0x00, 0xf0, 0x3f, 0x00, 0x00, 0x00, 0x00,
  0x00, 0x15, 0xf0, 0x3f, 0x00, 0x00, 0x00, 0x00, 0x00, 0x15, 0xf0, 0xff, 0xff,
  0x00, 0x00, 0x00, 0x00, 0x00, 0xf0, 0xff, 0xff, 0xff, 0x03, 0x00, 0x00, 0x15,
  0xf0, 0xff, 0xff, 0x0f, 0x00, 0x00, 0x00, 0x01, 0x02, 0x03, 0x06, 0x05, 0x06,
  0x07, 0x08, 0x09, 0x0a, 0x0b, 0x2c, 0xff, 0x00, 0x01, 0x02, 0x02, 0x04, 0x05,
  0x06, 0x07, 0x08, 0x09, 0x0a, 0x02, 0x02, 0x02, 0x04, 0x02, 0x04, 0x06, 0x06,
  0x08, 0x08, 0x09, 0x09, 0x03, 0x06, 0x08, 0x08, 0x0a, 0x0e, 0x10, 0x18, 0x05,
  0x08, 0x08, 0x08, 0x0a, 0x0e, 0x10, 0x18, 0x05, 0x08, 0x08, 0x09, 0x10, 0x14,
  0x1c, 0x20, 0x04, 0x06, 0x08, 0x0a, 0x10, 0x18, 0x18, 0x20, 0x03, 0x06, 0x08,
  0x09, 0x10, 0x14, 0x1c, 0x24, 0x34, 0x3a, 0x05, 0x07, 0x09, 0x0a, 0x10, 0x14,
  0x1c, 0x28, 0x34, 0x3c, 0x06, 0x08, 0x0a, 0x0c, 0x12, 0x18, 0x1e, 0x2e, 0x36,
  0x40, 0x0a, 0x0c, 0x0c, 0x12, 0x16, 0x1c, 0x20, 0x24, 0x24, 0x30, 0x01, 0x01,
  0x01, 0x01, 0x01, 0x02, 0x03, 0x04, 0x05, 0x06, 0x07, 0x08, 0x01, 0x02, 0x03,
  0x04, 0x05, 0x06, 0x07, 0x08, 0x02, 0x04, 0x06, 0x07, 0x08, 0x0a, 0x0b, 0x0c,
  0x03, 0x05, 0x06, 0x07, 0x08, 0x0a, 0x0b, 0x0c, 0x05, 0x06, 0x07, 0x08, 0x09,
  0x0a, 0x0b, 0x0c, 0x02, 0x04, 0x06, 0x07, 0x08, 0x09, 0x0b, 0x0c, 0x0c, 0x0c,
  0x03, 0x05, 0x06, 0x07, 0x08, 0x09, 0x0b, 0x0c, 0x0c, 0x0c, 0x05, 0x06, 0x07,
  0x08, 0x09, 0x0a, 0x0b, 0x0c, 0x0c, 0x0c, 0x05, 0x06, 0x07, 0x08, 0x09, 0x0a,
  0x0b, 0x0c, 0x0c, 0x0c, 0x02, 0x04, 0x08, 0x10, 0x10, 0x14, 0x18, 0x1c, 0x1c,
  0x20, 0x20, 0x20, 0x10, 0x14, 0x18, 0x1c, 0x1c, 0x20, 0x20, 0x20, 0x10, 0x14,
  0x18, 0x1c, 0x1c, 0x20, 0x20, 0x20, 0x10, 0x14, 0x18, 0x1c, 0x1c, 0x20, 0x20,
  0x20, 0x10, 0x14, 0x18, 0x1c, 0x1c, 0x20, 0x20, 0x20, 0x10, 0x14, 0x18, 0x1c,
  0x1c, 0x20, 0x20, 0x20, 0x24, 0x28, 0x10, 0x14, 0x18, 0x1c, 0x1c, 0x20, 0x20,
  0x20, 0x24, 0x28, 0x10, 0x14, 0x18, 0x1c, 0x1c, 0x20, 0x20, 0x20, 0x24, 0x28,
  0x10, 0x14, 0x18, 0x1c, 0x1c, 0x20, 0x20, 0x20, 0x24, 0x28, 0x2d, 0xff, 0xff,
  0x2e, 0x36, 0xff, 0x2f, 0x37, 0xff, 0x30, 0x38, 0x41, 0x31, 0x39, 0x42, 0x42,
  0x3a, 0x32, 0x43, 0x3a, 0x33, 0x43, 0x3a, 0x34, 0x3a, 0x44, 0x35, 0x44, 0x3b,
  0xff, 0x2e, 0x37, 0x40, 0x38, 0x30, 0x41, 0x39, 0x42, 0x31, 0x3a, 0x42, 0x32,
  0x3b, 0x43, 0x35, 0x3c, 0x44, 0xff, 0x3d, 0x45, 0xff, 0x3e, 0x45, 0xff, 0x45,
  0x3f, 0xff, 0x46, 0xff, 0xff, 0x37, 0x41, 0x2f, 0x39, 0x42, 0x31, 0x43, 0x3a,
  0x33, 0x44, 0x3b, 0x35, 0x45, 0x3d, 0xff, 0x46, 0x47, 0x3e, 0x47, 0xff, 0xff,
  0x48, 0xff, 0xff, 0x49, 0xff, 0xff, 0xff, 0xff, 0xff, 0x00, 0x00, 0x0d, 0xff,
  0xff, 0x0e, 0x15, 0xff, 0x0f, 0x15, 0xff, 0x10, 0x16, 0xff, 0x11, 0x17, 0x1e,
  0x1e, 0x18, 0x12, 0x1f, 0x18, 0x13, 0x18, 0x1f, 0xff, 0x0e, 0x15, 0xff, 0x16,
  0x1d, 0x10, 0x17, 0x1e, 0x10, 0x18, 0x1e, 0x11, 0x19, 0x1f, 0xff, 0x1a, 0x20,
  0xff, 0x21, 0x1b, 0xff, 0x21, 0xff, 0xff, 0x15, 0x13, 0x0f, 0x17, 0x1e, 0x11,
  0x18, 0x1f, 0x13, 0x20, 0x19, 0xff, 0x21, 0x1b, 0xff, 0x22, 0xff, 0xff, 0x23,
  0xff, 0xff, 0xff, 0xff, 0xff, 0x04, 0x04, 0x04, 0x2c, 0xff, 0xff, 0x2d, 0x36,
  0xff, 0x2e, 0x37, 0xff, 0x2f, 0x38, 0x41, 0x30, 0x39, 0x42, 0x43, 0x39, 0x31,
  0x42, 0x39, 0x32, 0x43, 0x3a, 0x33, 0x43, 0x3a, 0x34, 0x2d, 0x2c, 0xff, 0x2e,
  0x36, 0xff, 0x37, 0x2f, 0x40, 0x38, 0x30, 0x41, 0x42, 0x33, 0x39, 0x43, 0x35,
  0x3a, 0x3b, 0x43, 0x34, 0x44, 0x3c, 0x3b, 0x45, 0x3d, 0x3c, 0x45, 0x3e, 0x3d,
  0x37, 0x2e, 0xff, 0x38, 0x2f, 0x40, 0x39, 0x31, 0x41, 0x3a, 0x42, 0xff, 0x43,
  0x3b, 0xff, 0x44, 0x3c, 0xff, 0x45, 0x3d, 0x3c, 0x46, 0x3f, 0x45, 0x47, 0x46,
  0x45, 0x48, 0x47, 0x47, 0x00, 0x00, 0x04, 0xff, 0xff, 0x0c, 0xff, 0xff, 0x0d,
  0x14, 0xff, 0x0e, 0x15, 0xff, 0x0f, 0x16, 0xff, 0x10, 0x17, 0xff, 0x17, 0x11,
  0xff, 0x17, 0x12, 0xff, 0x0d, 0x0c, 0xff, 0x0e, 0x14, 0xff, 0x15, 0x0f, 0xff,
  0x16, 0x1d, 0x10, 0x17, 0x1e, 0x12, 0x18, 0x1f, 0x13, 0x19, 0x20, 0x19, 0x20,
  0x1a, 0x19, 0x14, 0x0e, 0xff, 0x15, 0x1c, 0xff, 0x17, 0x1d, 0x11, 0x18, 0x1e,
  0x13, 0x19, 0x1f, 0x1e, 0x20, 0x1a, 0x1f, 0x21, 0x1b, 0x20, 0x22, 0x21, 0x1b,
  0x00, 0x00, 0x00, 0x00, 0x00, 0x00, 0x00, 0x00, 0x00, 0x24, 0x26, 0x2a, 0x00,
  0x00, 0x00, 0x1f, 0x21, 0x25, 0x27, 0x28, 0x00, 0x00, 0x00, 0x00, 0x23, 0x26,
  0x28, 0x30, 0x00, 0x00, 0x00, 0x00, 0x23, 0x26, 0x28, 0x2a, 0x00, 0x00, 0x00,
  0x00, 0x23, 0x26, 0x28, 0x2a, 0x00, 0x00, 0x00, 0x00, 0x24, 0x28, 0x2a, 0x2c,
  0x2e, 0x30, 0x00, 0x00, 0x00, 0x00, 0x26, 0x29, 0x2b, 0x2d, 0x2f, 0x31, 0x00,
  0x00, 0x00, 0x00, 0x28, 0x2a, 0x2c, 0x2e, 0x30, 0x32, 0x00, 0x00, 0x00, 0x1f,
  0x23, 0x26, 0x28, 0x2a, 0x2a, 0x2a, 0x04, 0x00, 0x04, 0x00, 0x08, 0x00, 0x10,
  0x00, 0x18, 0x00, 0x24, 0x00, 0x30, 0x00, 0x48, 0x00, 0x60, 0x00, 0x90, 0x00,
  0xc0, 0x00, 0xd8, 0x00, 0x50, 0x00, 0x64, 0x00, 0x78, 0x00, 0xa0, 0x00, 0xf0,
  0x00, 0x40, 0x01, 0x90, 0x01, 0xe0, 0x01, 0xc8, 0x00, 0xf0, 0x00, 0x40, 0x01,
  0x90, 0x01, 0x58, 0x02, 0x20, 0x03, 0xb0, 0x04, 0x40, 0x06, 0xc8, 0x00, 0x18,
  0x01, 0xe0, 0x01, 0xf4, 0x01, 0x84, 0x03, 0x20, 0x03, 0xb0, 0x04, 0x40, 0x06,
  0xc8, 0x00, 0x18, 0x01, 0xe0, 0x01, 0xd0, 0x02, 0x20, 0x03, 0xe8, 0x03, 0xb0,
  0x04, 0x40, 0x06, 0x3c, 0x00, 0x64, 0x00, 0x78, 0x00, 0xa0, 0x00, 0xf0, 0x00,
  0x40, 0x01, 0x90, 0x01, 0xe0, 0x01, 0x58, 0x02, 0x20, 0x03, 0x78, 0x00, 0xf0,
  0x00, 0x68, 0x01, 0xa4, 0x01, 0xe0, 0x01, 0x1c, 0x02, 0x58, 0x02, 0x20, 0x03,
  0xe8, 0x03, 0xb0, 0x04, 0xb4, 0x00, 0x2c, 0x01, 0xa4, 0x01, 0xe0, 0x01, 0x1c,
  0x02, 0x58, 0x02, 0x20, 0x03, 0xe8, 0x03, 0xb0, 0x04, 0x78, 0x05, 0xc8, 0x00,
  0x18, 0x01, 0xe0, 0x01, 0xd0, 0x02, 0xe8, 0x03, 0xb0, 0x04, 0x40, 0x06, 0xd0,
  0x07, 0xd0, 0x07, 0xd0, 0x07, 0x02, 0x00, 0x02, 0x00, 0x04, 0x00, 0x08, 0x00,
  0x0c, 0x00, 0x12, 0x00, 0x18, 0x00, 0x24, 0x00, 0x30, 0x00, 0x48, 0x00, 0x60,
  0x00, 0x6c, 0x00, 0x28, 0x00, 0x32, 0x00, 0x3c, 0x00, 0x50, 0x00, 0x78, 0x00,
  0xa0, 0x00, 0xc8, 0x00, 0xf0, 0x00, 0x64, 0x00, 0x78, 0x00, 0xa0, 0x00, 0xc8,
  0x00, 0x2c, 0x01, 0x90, 0x01, 0x58, 0x02, 0x20, 0x03, 0x64, 0x00, 0x8c, 0x00,
  0xf0, 0x00, 0xfa, 0x00, 0xc2, 0x01, 0x90, 0x01, 0x58, 0x02, 0x20, 0x03, 0x64,
  0x00, 0x8c, 0x00, 0xf0, 0x00, 0x68, 0x01, 0xf4, 0x01, 0x20, 0x03, 0xe8, 0x03,
  0x78, 0x05, 0x1e, 0x00, 0x32, 0x00, 0x3c, 0x00, 0x50, 0x00, 0x78, 0x00, 0xa0,
  0x00, 0xc8, 0x00, 0xf0, 0x00, 0x2c, 0x01, 0x90, 0x01, 0x3c, 0x00, 0x78, 0x00,
  0xb4, 0x00, 0xd2, 0x00, 0xf0, 0x00, 0x0e, 0x01, 0x2c, 0x01, 0x90, 0x01, 0xf4,
  0x01, 0x58, 0x02, 0x5a, 0x00, 0x96, 0x00, 0xd2, 0x00, 0xf0, 0x00, 0x0e, 0x01,
  0x2c, 0x01, 0x90, 0x01, 0xf4, 0x01, 0x58, 0x02, 0xbc, 0x02, 0x64, 0x00, 0x8c,
  0x00, 0xf0, 0x00, 0x68, 0x01, 0xf4, 0x01, 0x58, 0x02, 0x20, 0x03, 0xe8, 0x03,
  0xe8, 0x03, 0xe8, 0x03, 0x01, 0x00, 0x02, 0x00, 0x05, 0x00, 0x0b, 0x00, 0x06,
  0x00, 0x09, 0x00, 0x0c, 0x00, 0x12, 0x00, 0x18, 0x00, 0x24, 0x00, 0x30, 0x00,
  0x36, 0x00, 0x0e, 0x00, 0x1b, 0x00, 0x29, 0x00, 0x36, 0x00, 0x51, 0x00, 0x6c,
  0x00, 0x7a, 0x00, 0x87, 0x00, 0x1b, 0x00, 0x36, 0x00, 0x51, 0x00, 0x6c, 0x00,
  0xa2, 0x00, 0xd8, 0x00, 0xf3, 0x00, 0x0e, 0x01, 0x29, 0x00, 0x51, 0x00, 0x7a,
  0x00, 0xa2, 0x00, 0xf3, 0x00, 0x44, 0x01, 0x6d, 0x01, 0x95, 0x01, 0x36, 0x00,
  0x6c, 0x00, 0xa2, 0x00, 0xd8, 0x00, 0x44, 0x01, 0xb0, 0x01, 0xe6, 0x01, 0x1c,
  0x02, 0x0e, 0x00, 0x1b, 0x00, 0x29, 0x00, 0x36, 0x00, 0x51, 0x00, 0x6c, 0x00,
  0x7a, 0x00, 0x87, 0x00, 0xa2, 0x00, 0xb4, 0x00, 0x1b, 0x00, 0x36, 0x00, 0x51,
  0x00, 0x6c, 0x00, 0xa2, 0x00, 0xd8, 0x00, 0xf3, 0x00, 0xff, 0x00, 0x23, 0x01,
  0x44, 0x01, 0x29, 0x00, 0x51, 0x00, 0x7a, 0x00, 0xa2, 0x00, 0xf3, 0x00, 0x44,
  0x01, 0x64, 0x01, 0x64, 0x01, 0xb5, 0x01, 0xe6, 0x01, 0x36, 0x00, 0x6c, 0x00,
  0xa2, 0x00, 0xd8, 0x00, 0x44, 0x01, 0xb0, 0x01, 0xe6, 0x01, 0x1c, 0x02, 0x88,
  0x02, 0xd0, 0x02, 0x14, 0x14, 0x15, 0x15, 0x16, 0x17, 0x17, 0x18, 0x1c, 0x1c,
  0x1c, 0x1c, 0x1d, 0x1d, 0x1e, 0x1e, 0x1c, 0x1c, 0x1d, 0x1e, 0x1f, 0x20, 0x20,
  0x20, 0x36, 0x36, 0x37, 0x37, 0x38, 0x39, 0x39, 0x3a, 0x3a, 0x3a, 0x00, 0x00,
  0x40, 0x40, 0x40, 0x40, 0x41, 0x41, 0x42, 0x42, 0x43, 0x43, 0x00, 0x00, 0x40,
  0x40, 0x41, 0x42, 0x43, 0x44, 0x44, 0x44, 0x45, 0x46, 0x00, 0x00, 0x00, 0xf0,
  0x01, 0x00, 0x00, 0x00, 0x00, 0x00, 0x00, 0xf0, 0x01, 0x00, 0x00, 0x00, 0x00,
  0x00, 0x00, 0xf0, 0x07, 0x00, 0x00, 0x00, 0x00, 0x00, 0x00, 0xf0, 0x07, 0x00,
  0x00, 0x00, 0x00, 0x00, 0x00, 0x03, 0x00, 0x00, 0x00, 0x00, 0x30, 0xc0, 0xe0,
  0x00, 0x00, 0x00, 0x00, 0x0c, 0x0e, 0x38, 0x18, 0x00, 0x00, 0x00, 0x00, 0x83,
  0x01, 0x06, 0x80, 0x03, 0x00, 0x00, 0x00, 0x00, 0x70, 0xe0, 0x33, 0xde, 0x00,
  0x00, 0x00, 0x00, 0x00, 0x00, 0x00, 0x18, 0x80, 0x00, 0x00, 0x00, 0x00, 0x00,
  0x00, 0x00, 0x00, 0x00, 0x00, 0x00, 0x00, 0x00, 0x00, 0x00, 0x00, 0x00, 0x00,
  0x00, 0x00, 0x00, 0x00, 0x00, 0x00, 0x00, 0x00, 0x00, 0x00, 0x00, 0x00, 0x00,
  0x00, 0x00, 0x00, 0x00, 0x00, 0x00, 0x00, 0x00, 0x00, 0x00, 0x00, 0x00, 0x00,
  0x00, 0x00, 0x00, 0x00, 0x00, 0x00, 0x00, 0x00, 0x00, 0x00, 0x00, 0x00, 0x00,
  0x00, 0x00, 0x00, 0x00, 0x00, 0x00, 0x00, 0x00, 0x00, 0x00, 0x00, 0x00, 0x00,
  0x00, 0x00, 0x00, 0x00, 0x00, 0x00, 0x00, 0x00, 0x00, 0x00, 0x00, 0x00, 0x00,
  0x00, 0x00, 0x00, 0x00, 0x00, 0x00, 0x00, 0x00, 0x00, 0x00, 0x00, 0x00, 0x00,
  0x00, 0x00, 0x00, 0x00, 0x00, 0x00, 0x00, 0x00, 0x00, 0x00, 0x00, 0x00, 0x00,
  0x00, 0x00, 0x00, 0x00, 0x00, 0x00, 0x00, 0x00, 0x00, 0x00, 0x00, 0x00, 0x00,
  0x00, 0x00, 0x00, 0x58, 0xb9, 0x00, 0x65, 0x00, 0x65, 0x00, 0x65, 0x79, 0xb9,
  0x00, 0x65, 0x00, 0x65, 0x00, 0x65, 0x10, 0xf0, 0x20, 0x68, 0xe0, 0xf3, 0x15,
  0x48, 0x00, 0x65, 0x00, 0xe8, 0x00, 0x65, 0x1a, 0xb8, 0x00, 0x65, 0x3b, 0xb8,
  0x00, 0x65, 0x00, 0xba, 0x00, 0xba, 0x00, 0x65, 0x00, 0x00, 0x00, 0x00, 0x00,
  0x00, 0x00, 0x00, 0x00, 0x00, 0x00, 0x00, 0x00, 0x00, 0x00, 0x00, 0x00, 0x00,
  0x00, 0x00, 0x00, 0x00, 0x00, 0x00, 0x00, 0x00, 0x00, 0x00, 0x00, 0x00, 0x00,
  0x00, 0x00, 0x00, 0x00, 0x00, 0x00, 0x00, 0x00, 0x00, 0x00, 0x00, 0x00, 0x00,
  0x00, 0x00, 0x00, 0x00, 0x00, 0x00, 0x00, 0x00, 0x00, 0x00, 0x00, 0x00, 0x00,
  0x00, 0x00, 0x00, 0x00, 0x00, 0x00, 0x00, 0x00, 0x00, 0x00, 0x00, 0x00, 0x00,
  0x00, 0x00, 0x00, 0x00, 0x00, 0x00, 0x00, 0x00, 0x00, 0x00, 0x00, 0x00, 0x00,
  0x00, 0x00, 0x65, 0x00, 0x00, 0x00, 0x00, 0x00, 0x00, 0x00, 0x00, 0x00, 0x00,
  0x00, 0x00, 0x00, 0x00, 0x00, 0x00, 0x00, 0x00, 0x00, 0x00, 0x00, 0x00, 0x00,
  0x00, 0x00, 0x00, 0x00, 0x00, 0x00, 0x00, 0x00, 0x00, 0x00, 0x00, 0x00, 0x00,
  0x00, 0x00, 0x00, 0x00, 0x00, 0x00, 0x00, 0x00, 0x00, 0x00, 0x00, 0x00, 0x00,
  0x00, 0x00, 0x00, 0x00, 0x00, 0x00, 0x00, 0x00, 0x00, 0x00, 0x00, 0x00, 0x00,
  0x00, 0x00, 0x00, 0x00, 0x00, 0x00, 0x00, 0x00, 0x00, 0x00, 0x00, 0x00, 0x00,
  0x00, 0x00, 0x00, 0x00, 0x00, 0x00, 0x00, 0x00, 0x00, 0x00, 0x00, 0x00, 0x00,
  0x00, 0x00, 0x00, 0x00, 0x00, 0x00, 0x00, 0x00, 0x00, 0x00, 0x00, 0x00, 0x00,
  0x00, 0x00, 0x00, 0x00, 0x00, 0x00, 0x00, 0x00, 0x00, 0x00, 0x00, 0x00, 0x00,
  0x00, 0x00, 0x00, 0x00, 0x00, 0x00, 0x00, 0x00, 0x00, 0x00, 0x00, 0x65, 0x00,
  0x00, 0x00, 0x00, 0x00, 0x00, 0x00, 0x00, 0x00, 0x00, 0x00, 0x00, 0x00, 0x00,
  0x00, 0x00, 0x00, 0x00, 0x00, 0x00, 0x00, 0x00, 0x00, 0x00, 0x00, 0x00, 0x00,
  0x00, 0x00, 0x00, 0x00, 0x00, 0x00, 0x00, 0x00, 0x00, 0x00, 0x00, 0x00, 0x00,
  0x00, 0x00, 0x00, 0x00, 0x00, 0x00, 0x00, 0x00, 0x00, 0x00, 0x00, 0x00, 0x00,
  0x00, 0x00, 0x00, 0x00, 0x00, 0x00, 0x00, 0x00, 0x00, 0x00, 0x00, 0x00, 0x00,
  0x00, 0x00, 0x00, 0x00, 0x00, 0x00, 0x00, 0x00, 0x00, 0x00, 0x00, 0x00, 0x00,
  0x00, 0x00, 0x00, 0x00, 0x00, 0x00, 0x00, 0x00, 0x00, 0x00, 0x00, 0x00, 0x00,
  0x00, 0x00, 0x00, 0x00, 0x00, 0x00, 0x00, 0x00, 0x00, 0x00, 0x00, 0x00, 0x00,
  0x00, 0x00, 0x00, 0x00, 0x00, 0x00, 0x00, 0x00, 0x00, 0x00, 0x00, 0x00, 0x00,
  0x00, 0x00, 0x00, 0x00, 0x00, 0x00, 0x00, 0x00, 0x00, 0x00, 0x30, 0xf0, 0x20,
  0x6c, 0x0d, 0xf0, 0x00, 0x4c, 0x03, 0xf0, 0x00, 0x4c, 0xbc, 0x65, 0x00, 0xf0,
  0x21, 0x6c, 0x1f, 0xf4, 0x00, 0x4c, 0x8c, 0xb9, 0x00, 0x65, 0x00, 0x65, 0x00,
  0x65, 0x94, 0xb8, 0x00, 0x6d, 0xfe, 0xf7, 0x1f, 0x4d, 0xac, 0xec, 0x94, 0xb9,
  0x00, 0x65, 0x00, 0x65, 0x00, 0xf4, 0x00, 0x6d, 0xad, 0xec, 0x94, 0xb9, 0x00,
  0x65, 0x30, 0xf0, 0x20, 0x6c, 0x00, 0xf0, 0x00, 0x4c, 0x00, 0x6e, 0x30, 0xf0,
  0x20, 0x6f, 0x00, 0xf0, 0x00, 0x4f, 0xc0, 0xdc, 0x04, 0x4c, 0xe3, 0xec, 0xb8,
  0x67, 0xfb, 0x2d, 0x30, 0xf0, 0x20, 0x6c, 0x62, 0xf4, 0x08, 0x4c, 0x00, 0x6e,
  0x30, 0xf0, 0x20, 0x6f, 0xab, 0xf1, 0x08, 0x4f, 0xc0, 0xdc, 0x04, 0x4c, 0xe3,
  0xec, 0xb8, 0x67, 0xfb, 0x2d, 0x10, 0xf0, 0x20, 0x6c, 0x60, 0xf2, 0x1d, 0x4c,
  0x00, 0xec, 0x00, 0x65, 0xfd, 0x63, 0x05, 0x62, 0x30, 0xf0, 0x20, 0x6b, 0x60,
  0xf5, 0x74, 0x9b, 0x10, 0xf0, 0x20, 0x6a, 0x60, 0xf2, 0x1d, 0x4a, 0x40, 0xdb,
  0x00, 0x18, 0x42, 0x04, 0x00, 0x18, 0x15, 0x04, 0x00, 0x18, 0xac, 0x05, 0x00,
  0x18, 0x4f, 0x04, 0x00, 0x18, 0x57, 0x05, 0x30, 0xf0, 0x20, 0x6a, 0x60, 0xf5,
  0x70, 0x9a, 0xff, 0xf7, 0x1f, 0x6c, 0x10, 0xf0, 0x00, 0x6d, 0x40, 0xab, 0xab,
  0xed, 0x8c, 0xea, 0xad, 0xea, 0x8c, 0xea, 0x40, 0xcb, 0x40, 0xab, 0x00, 0xf4,
  0x00, 0x6d, 0x8c, 0xea, 0xad, 0xea, 0x8c, 0xea, 0x40, 0xcb, 0x00, 0x18, 0xf2,
  0x05, 0x00, 0x6c, 0x00, 0x18, 0x33, 0x11, 0xff, 0x17, 0x30, 0xf0, 0x20, 0x6b,
  0x60, 0xf5, 0x74, 0x9b, 0x10, 0xf0, 0x20, 0x6a, 0xc0, 0xf2, 0x1d, 0x4a, 0x40,
  0xdb, 0xc8, 0xb8, 0xad, 0xb8, 0x4e, 0xb8, 0x6c, 0xb8, 0x30, 0xf0, 0x20, 0x6a,
  0x80, 0xf0, 0xe0, 0x9c, 0xc0, 0xf4, 0x4c, 0x9a, 0xe0, 0xda, 0x30, 0xf0, 0x20,
  0x6a, 0x60, 0xf5, 0x58, 0x9a, 0xc0, 0xda, 0x30, 0xf0, 0x20, 0x6a, 0x60, 0xf5,
  0x5c, 0x9a, 0xa0, 0xda, 0x30, 0xf0, 0x20, 0x6a, 0x80, 0xf5, 0x40, 0x9a, 0x60,
  0xda, 0x30, 0xf0, 0x20, 0x6a, 0x7b, 0x9c, 0x80, 0xf5, 0x44, 0x9a, 0x60, 0xda,
  0x30, 0xf0, 0x20, 0x6a, 0x7d, 0x9c, 0x80, 0xf5, 0x48, 0x9a, 0x60, 0xda, 0x30,
  0xf0, 0x20, 0x6a, 0x64, 0x9c, 0x80, 0xf5, 0x4c, 0x9a, 0x60, 0xda, 0x30, 0xf0,
  0x20, 0x6a, 0x65, 0x9c, 0x80, 0xf5, 0x50, 0x9a, 0x60, 0xda, 0x30, 0xf0, 0x20,
  0x6a, 0x66, 0x9c, 0x60, 0xf4, 0x5c, 0x9a, 0x60, 0xda, 0x30, 0xf0, 0x20, 0x6a,
  0x67, 0x9c, 0x80, 0xf5, 0x54, 0x9a, 0x60, 0xda, 0x30, 0xf0, 0x20, 0x6a, 0x62,
  0x9c, 0x80, 0xf5, 0x58, 0x9a, 0x60, 0xda, 0x30, 0xf0, 0x20, 0x6a, 0x63, 0x9c,
  0x80, 0xf5, 0x5c, 0x9a, 0x60, 0xda, 0x30, 0xf0, 0x20, 0x6a, 0x70, 0x9c, 0xa0,
  0xf5, 0x40, 0x9a, 0x60, 0xda, 0xff, 0x17, 0x20, 0xe8, 0x00, 0x65, 0xfd, 0x63,
  0x05, 0x62, 0x00, 0x18, 0x47, 0x01, 0x05, 0x97, 0x03, 0x63, 0x00, 0xef, 0x00,
  0x65, 0xfd, 0x63, 0x05, 0x62, 0x00, 0x18, 0x41, 0x01, 0x05, 0x97, 0x03, 0x63,
  0x00, 0xef, 0x00, 0x65, 0xfd, 0x63, 0x05, 0x62, 0x00, 0x18, 0x58, 0x01, 0x05,
  0x97, 0x03, 0x63, 0x00, 0xef, 0x00, 0x65, 0xfd, 0x63, 0x05, 0x62, 0x00, 0x18,
  0xb3, 0x01, 0x05, 0x97, 0x03, 0x63, 0x00, 0xef, 0x00, 0x65, 0xfd, 0x63, 0x05,
  0x62, 0x00, 0x18, 0xc1, 0x01, 0x05, 0x97, 0x03, 0x63, 0x00, 0xef, 0x00, 0x65,
  0xfd, 0x63, 0x05, 0x62, 0x00, 0x18, 0x3b, 0x01, 0x05, 0x97, 0x03, 0x63, 0x00,
  0xef, 0x00, 0x65, 0x30, 0xf0, 0x20, 0x69, 0x0d, 0xf0, 0x08, 0x49, 0x42, 0xd9,
  0x63, 0xd9, 0x84, 0xd9, 0xa5, 0xd9, 0xc6, 0xd9, 0xe7, 0xd9, 0x58, 0x67, 0x58,
  0xd9, 0x5d, 0x67, 0x5b, 0xd9, 0x5f, 0x67, 0x5d, 0xd9, 0x12, 0xec, 0x10, 0xed,
  0xce, 0xb8, 0x9e, 0xd9, 0xbf, 0xd9, 0x80, 0xf0, 0xc0, 0xd9, 0x0d, 0xb8, 0x7f,
  0x69, 0x0c, 0xe9, 0x2d, 0x21, 0x00, 0x65, 0x3d, 0x67, 0x00, 0xf3, 0x22, 0x31,
  0x00, 0xf3, 0x20, 0x31, 0x08, 0x49, 0x42, 0xd9, 0x63, 0xd9, 0x84, 0xd9, 0xa5,
  0xd9, 0xc6, 0xd9, 0xe7, 0xd9, 0x58, 0x67, 0x58, 0xd9, 0x5d, 0x67, 0x5b, 0xd9,
  0x5f, 0x67, 0x5d, 0xd9, 0x12, 0xec, 0x10, 0xed, 0xce, 0xb8, 0x9e, 0xd9, 0xbf,
  0xd9, 0x80, 0xf0, 0xc0, 0xd9, 0x00, 0xf0, 0x20, 0x6d, 0xa0, 0xf1, 0x1c, 0x4d,
  0x00, 0x65, 0x30, 0xf0, 0x20, 0x68, 0x00, 0xf0, 0x08, 0x48, 0x18, 0x48, 0x20,
  0x98, 0x00, 0x65, 0x20, 0xdd, 0x00, 0x65, 0x1d, 0x67, 0x01, 0xdd, 0x00, 0x65,
  0x00, 0xe9, 0x00, 0x65, 0x30, 0xf0, 0x20, 0x69, 0x00, 0xf0, 0x08, 0x49, 0x1f,
  0xf4, 0x00, 0x6c, 0x8c, 0xe8, 0x80, 0xf2, 0x02, 0x30, 0x0b, 0x20, 0x01, 0x6a,
  0x0c, 0xea, 0x04, 0x22, 0x40, 0x99, 0x00, 0x65, 0x40, 0xea, 0x00, 0x65, 0x06,
  0x30, 0x24, 0x41, 0xf5, 0x17, 0x00, 0x65, 0x30, 0xf0, 0x20, 0x69, 0x0d, 0xf0,
  0x08, 0x49, 0x58, 0x99, 0x1a, 0x65, 0x5b, 0x99, 0xba, 0x65, 0x5d, 0x99, 0xfa,
  0x65, 0x9e, 0x99, 0xbf, 0x99, 0x32, 0xec, 0x30, 0xed, 0x42, 0x99, 0x63, 0x99,
  0x84, 0x99, 0xa5, 0x99, 0xc6, 0x99, 0xe7, 0x99, 0x80, 0xf0, 0x20, 0x99, 0xc9,
  0xb9, 0x00, 0x65, 0x00, 0x65, 0x00, 0x65, 0x1a, 0xb8, 0x00, 0x65, 0x3b, 0xb8,
  0x00, 0x65, 0x00, 0xba, 0x30, 0xf0, 0x20, 0x6b, 0x60, 0xf5, 0x74, 0x9b, 0x10,
  0xf0, 0x20, 0x6a, 0xe0, 0xf4, 0x0d, 0x4a, 0x40, 0xdb, 0x01, 0x4a, 0x40, 0xdb,
  0x20, 0xe8, 0x30, 0xf0, 0x20, 0x6b, 0x60, 0xf5, 0x74, 0x9b, 0x10, 0xf0, 0x20,
  0x6a, 0x00, 0xf5, 0x05, 0x4a, 0x40, 0xdb, 0x01, 0x4a, 0x40, 0xdb, 0x20, 0xe8,
  0x30, 0xf0, 0x20, 0x6b, 0x60, 0xf5, 0x74, 0x9b, 0x10, 0xf0, 0x20, 0x6a, 0x00,
  0xf5, 0x1d, 0x4a, 0x40, 0xdb, 0x30, 0xf0, 0x20, 0x6a, 0xa0, 0xf7, 0x58, 0x9a,
  0x40, 0x9a, 0x08, 0x22, 0x30, 0xf0, 0x20, 0x6a, 0x40, 0xf5, 0x68, 0x9a, 0xff,
  0x6a, 0x80, 0xa3, 0x8c, 0xea, 0x40, 0xc3, 0x30, 0xf0, 0x20, 0x6b, 0x60, 0xf5,
  0x74, 0x9b, 0x10, 0xf0, 0x20, 0x6a, 0x00, 0xf5, 0x1e, 0x4a, 0x40, 0xdb, 0x20,
  0xe8, 0x00, 0x65, 0xfd, 0x63, 0x05, 0x62, 0x30, 0xf0, 0x20, 0x6b, 0x60, 0xf5,
  0x74, 0x9b, 0x10, 0xf0, 0x20, 0x6a, 0x60, 0xf5, 0x01, 0x4a, 0x40, 0xdb, 0x00,
  0x18, 0x33, 0x16, 0x30, 0xf0, 0x20, 0x6a, 0xc2, 0xf4, 0x64, 0x9a, 0x6c, 0x23,
  0x01, 0x6a, 0x6c, 0xea, 0x02, 0x22, 0x00, 0x18, 0x65, 0x16, 0x30, 0xf0, 0x20,
  0x6a, 0xc2, 0xf4, 0x44, 0x9a, 0x02, 0x6b, 0x6c, 0xea, 0x02, 0x22, 0x00, 0x18,
  0x78, 0x17, 0x30, 0xf0, 0x20, 0x6a, 0xc2, 0xf4, 0x44, 0x9a, 0x04, 0x6b, 0x6c,
  0xea, 0x02, 0x22, 0x00, 0x18, 0x5e, 0x17, 0x30, 0xf0, 0x20, 0x6a, 0xc2, 0xf4,
  0x44, 0x9a, 0x08, 0x6b, 0x6c, 0xea, 0x02, 0x22, 0x00, 0x18, 0x66, 0x16, 0x30,
  0xf0, 0x20, 0x6a, 0xc2, 0xf4, 0x44, 0x9a, 0x10, 0x6b, 0x6c, 0xea, 0x02, 0x22,
  0x00, 0x18, 0x67, 0x16, 0x30, 0xf0, 0x20, 0x6a, 0xc2, 0xf4, 0x44, 0x9a, 0x20,
  0x6b, 0x6c, 0xea, 0x02, 0x22, 0x00, 0x18, 0x68, 0x16, 0x30, 0xf0, 0x20, 0x6a,
  0xc2, 0xf4, 0x44, 0x9a, 0x40, 0x6b, 0x6c, 0xea, 0x02, 0x22, 0x00, 0x18, 0x56,
  0x17, 0x30, 0xf0, 0x20, 0x6a, 0xc2, 0xf4, 0x44, 0x9a, 0x80, 0x6b, 0x6c, 0xea,
  0x02, 0x22, 0x00, 0x18, 0x69, 0x16, 0x30, 0xf0, 0x20, 0x6b, 0xc2, 0xf4, 0x64,
  0x9b, 0xff, 0x6a, 0x01, 0x4a, 0x6c, 0xea, 0x02, 0x22, 0x00, 0x18, 0x4c, 0x17,
  0x30, 0xf0, 0x20, 0x6b, 0xc2, 0xf4, 0x64, 0x9b, 0x04, 0xf0, 0x00, 0x6a, 0x6c,
  0xea, 0x02, 0x22, 0x00, 0x18, 0x6a, 0x16, 0x30, 0xf0, 0x20, 0x6b, 0xc2, 0xf4,
  0x64, 0x9b, 0x08, 0xf0, 0x00, 0x6a, 0x6c, 0xea, 0x02, 0x22, 0x00, 0x18, 0x6b,
  0x16, 0x30, 0xf0, 0x20, 0x6b, 0xc2, 0xf4, 0x64, 0x9b, 0x10, 0xf0, 0x00, 0x6a,
  0x6c, 0xea, 0x02, 0x22, 0x00, 0x18, 0x6c, 0x16, 0x30, 0xf0, 0x20, 0x6a, 0xc2,
  0xf4, 0x68, 0x9a, 0x2f, 0x23, 0x01, 0x6a, 0x6c, 0xea, 0x02, 0x22, 0x00, 0x18,
  0x32, 0x17, 0x30, 0xf0, 0x20, 0x6a, 0xc2, 0xf4, 0x48, 0x9a, 0x02, 0x6b, 0x6c,
  0xea, 0x02, 0x22, 0x00, 0x18, 0x6d, 0x16, 0x30, 0xf0, 0x20, 0x6a, 0x30, 0xf0,
  0x20, 0x6b, 0x40, 0xf4, 0x58, 0x9a, 0xc2, 0xf4, 0x68, 0x9b, 0x6c, 0xea, 0x02,
  0x22, 0x00, 0x18, 0x6f, 0x16, 0x30, 0xf0, 0x20, 0x6a, 0x30, 0xf0, 0x20, 0x6b,
  0x00, 0xf6, 0x5c, 0x9a, 0xc2, 0xf4, 0x68, 0x9b, 0x6c, 0xea, 0x02, 0x22, 0x00,
  0x18, 0x70, 0x16, 0x30, 0xf0, 0x20, 0x6b, 0x60, 0xf5, 0x74, 0x9b, 0x10, 0xf0,
  0x20, 0x6a, 0x60, 0xf5, 0x02, 0x4a, 0x40, 0xdb, 0x05, 0x97, 0x03, 0x63, 0x00,
  0xef, 0x00, 0x65, 0xfc, 0x63, 0x07, 0x62, 0x06, 0xd1, 0x05, 0xd0, 0x30, 0xf0,
  0x20, 0x6a, 0x60, 0xf5, 0x34, 0x9a, 0x10, 0xf0, 0x20, 0x68, 0xc0, 0xf6, 0x0d,
  0x48, 0x00, 0xd9, 0x00, 0x18, 0x03, 0x16, 0x30, 0xf0, 0x20, 0x6a, 0xa2, 0xf4,
  0x54, 0x9a, 0x02, 0x22, 0x01, 0x48, 0x00, 0xd9, 0x07, 0x97, 0x06, 0x91, 0x05,
  0x90, 0x04, 0x63, 0x00, 0xef, 0x00, 0x65, 0xfd, 0x63, 0x05, 0x62, 0x30, 0xf0,
  0x20, 0x6b, 0x60, 0xf5, 0x74, 0x9b, 0x10, 0xf0, 0x20, 0x6a, 0x00, 0xf7, 0x05,
  0x4a, 0x40, 0xdb, 0x00, 0x18, 0x0a, 0x16, 0x30, 0xf0, 0x20, 0x6a, 0x82, 0xf4,
  0x74, 0x9a, 0xe0, 0xf0, 0x08, 0x23, 0x10, 0x6a, 0x6c, 0xea, 0x02, 0x22, 0x00,
  0x18, 0xcd, 0x17, 0x30, 0xf0, 0x20, 0x6a, 0x82, 0xf4, 0x54, 0x9a, 0x20, 0x6b,
  0x6c, 0xea, 0x02, 0x22, 0x00, 0x18, 0x40, 0x16, 0x30, 0xf0, 0x20, 0x6a, 0x82,
  0xf4, 0x54, 0x9a, 0x40, 0x6b, 0x6c, 0xea, 0x02, 0x22, 0x00, 0x18, 0x41, 0x16,
  0x30, 0xf0, 0x20, 0x6a, 0x82, 0xf4, 0x54, 0x9a, 0x80, 0x6b, 0x6c, 0xea, 0x02,
  0x22, 0x00, 0x18, 0xcd, 0x1b, 0x30, 0xf0, 0x20, 0x6b, 0x82, 0xf4, 0x74, 0x9b,
  0xff, 0x6a, 0x01, 0x4a, 0x6c, 0xea, 0x02, 0x22, 0x00, 0x18, 0xc9, 0x17, 0x30,
  0xf0, 0x20, 0x6b, 0x82, 0xf4, 0x74, 0x9b, 0x00, 0xf2, 0x00, 0x6a, 0x6c, 0xea,
  0x02, 0x22, 0x00, 0x18, 0xc5, 0x17, 0x30, 0xf0, 0x20, 0x6a, 0x30, 0xf0, 0x20,
  0x6b, 0xa0, 0xf7, 0x5c, 0x9a, 0x82, 0xf4, 0x74, 0x9b, 0x6c, 0xea, 0x0d, 0x22,
  0x30, 0xf0, 0x20, 0x6a, 0x40, 0xf4, 0x58, 0x9a, 0x6c, 0xea, 0x04, 0x22, 0x00,
  0x6c, 0x00, 0x18, 0x7a, 0x16, 0x03, 0x10, 0x00, 0x6c, 0x00, 0x18, 0x71, 0x16,
  0x30, 0xf0, 0x20, 0x6a, 0x30, 0xf0, 0x20, 0x6b, 0xc0, 0xf7, 0x40, 0x9a, 0x82,
  0xf4, 0x74, 0x9b, 0x6c, 0xea, 0x0d, 0x22, 0x30, 0xf0, 0x20, 0x6a, 0x00, 0xf6,
  0x5c, 0x9a, 0x6c, 0xea, 0x04, 0x22, 0x01, 0x6c, 0x00, 0x18, 0x7a, 0x16, 0x03,
  0x10, 0x01, 0x6c, 0x00, 0x18, 0x71, 0x16, 0x30, 0xf0, 0x20, 0x6a, 0x30, 0xf0,
  0x20, 0x6b, 0xc0, 0xf7, 0x44, 0x9a, 0x82, 0xf4, 0x74, 0x9b, 0x6c, 0xea, 0x0d,
  0x22, 0x30, 0xf0, 0x20, 0x6a, 0x40, 0xf5, 0x50, 0x9a, 0x6c, 0xea, 0x04, 0x22,
  0x02, 0x6c, 0x00, 0x18, 0x7a, 0x16, 0x03, 0x10, 0x02, 0x6c, 0x00, 0x18, 0x71,
  0x16, 0x30, 0xf0, 0x20, 0x6a, 0x30, 0xf0, 0x20, 0x6b, 0xc0, 0xf7, 0x48, 0x9a,
  0x82, 0xf4, 0x74, 0x9b, 0x6c, 0xea, 0x0d, 0x22, 0x30, 0xf0, 0x20, 0x6a, 0xc0,
  0xf7, 0x4c, 0x9a, 0x6c, 0xea, 0x04, 0x22, 0x03, 0x6c, 0x00, 0x18, 0x7a, 0x16,
  0x03, 0x10, 0x03, 0x6c, 0x00, 0x18, 0x71, 0x16, 0x30, 0xf0, 0x20, 0x6a, 0x30,
  0xf0, 0x20, 0x6b, 0xc0, 0xf7, 0x50, 0x9a, 0x82, 0xf4, 0x74, 0x9b, 0x6c, 0xea,
  0x0d, 0x22, 0x30, 0xf0, 0x20, 0x6a, 0xa0, 0xf3, 0x44, 0x9a, 0x6c, 0xea, 0x04,
  0x22, 0x04, 0x6c, 0x00, 0x18, 0x7a, 0x16, 0x03, 0x10, 0x04, 0x6c, 0x00, 0x18,
  0x71, 0x16, 0x30, 0xf0, 0x20, 0x6a, 0x30, 0xf0, 0x20, 0x6b, 0xc0, 0xf7, 0x54,
  0x9a, 0x82, 0xf4, 0x74, 0x9b, 0x6c, 0xea, 0x0d, 0x22, 0x30, 0xf0, 0x20, 0x6a,
  0xa0, 0xf3, 0x48, 0x9a, 0x6c, 0xea, 0x04, 0x22, 0x05, 0x6c, 0x00, 0x18, 0x7a,
  0x16, 0x03, 0x10, 0x05, 0x6c, 0x00, 0x18, 0x71, 0x16, 0x30, 0xf0, 0x20, 0x6a,
  0x30, 0xf0, 0x20, 0x6b, 0xc0, 0xf7, 0x58, 0x9a, 0x82, 0xf4, 0x74, 0x9b, 0x6c,
  0xea, 0x0d, 0x22, 0x30, 0xf0, 0x20, 0x6a, 0xa0, 0xf3, 0x50, 0x9a, 0x6c, 0xea,
  0x04, 0x22, 0x06, 0x6c, 0x00, 0x18, 0x7a, 0x16, 0x03, 0x10, 0x06, 0x6c, 0x00,
  0x18, 0x71, 0x16, 0x30, 0xf0, 0x20, 0x6a, 0x30, 0xf0, 0x20, 0x6b, 0xc0, 0xf7,
  0x5c, 0x9a, 0x82, 0xf4, 0x74, 0x9b, 0x6c, 0xea, 0x09, 0x22, 0x00, 0x53, 0x04,
  0x60, 0x07, 0x6c, 0x00, 0x18, 0x7a, 0x16, 0x03, 0x10, 0x07, 0x6c, 0x00, 0x18,
  0x71, 0x16, 0x30, 0xf0, 0x20, 0x6a, 0x82, 0xf4, 0x78, 0x9a, 0x08, 0x23, 0x30,
  0xf0, 0x20, 0x6a, 0xe0, 0xf3, 0x4c, 0x9a, 0x6c, 0xea, 0x02, 0x22, 0x00, 0x18,
  0x5a, 0x16, 0x30, 0xf0, 0x20, 0x6a, 0x82, 0xf4, 0x7c, 0x9a, 0x06, 0x23, 0x01,
  0x6a, 0x6c, 0xea, 0x03, 0x22, 0x00, 0x6c, 0x00, 0x18, 0x91, 0x17, 0x30, 0xf0,
  0x20, 0x6a, 0xa2, 0xf4, 0x60, 0x9a, 0x11, 0x23, 0x01, 0x6a, 0x6c, 0xea, 0x03,
  0x22, 0x00, 0x6c, 0x00, 0x18, 0x84, 0x17, 0x30, 0xf0, 0x20, 0x6b, 0xa2, 0xf4,
  0x60, 0x9b, 0x10, 0xf0, 0x00, 0x6a, 0x6c, 0xea, 0x03, 0x22, 0x00, 0x6c, 0x00,
  0x18, 0xbb, 0x03, 0x30, 0xf0, 0x20, 0x6b, 0x60, 0xf5, 0x74, 0x9b, 0x10, 0xf0,
  0x20, 0x6a, 0x00, 0xf7, 0x06, 0x4a, 0x40, 0xdb, 0x05, 0x97, 0x03, 0x63, 0x00,
  0xef, 0x00, 0x65, 0x60, 0xa4, 0x30, 0xf0, 0x20, 0x6a, 0x82, 0xf4, 0x00, 0x4a,
  0xe0, 0xf0, 0xa8, 0xa2, 0x01, 0x6c, 0x6c, 0xec, 0x02, 0x6b, 0x6b, 0xeb, 0xac,
  0xeb, 0x8d, 0xeb, 0xe0, 0xf0, 0x68, 0xc2, 0x20, 0xe8, 0xff, 0x6a, 0x4c, 0xed,
  0xff, 0x75, 0x4c, 0xec, 0xcc, 0xea, 0x06, 0x61, 0x30, 0xf0, 0x20, 0x6b, 0x82,
  0xf4, 0x00, 0x4b, 0x71, 0xe4, 0x0b, 0x10, 0x30, 0xf0, 0x20, 0x6b, 0x82, 0xf4,
  0x00, 0x4b, 0x71, 0xe4, 0xc2, 0xf5, 0x70, 0xa4, 0xac, 0xea, 0xaf, 0xed, 0x6c,
  0xed, 0xad, 0xea, 0xc2, 0xf5, 0x50, 0xc4, 0x20, 0xe8, 0xff, 0x6a, 0x4c, 0xec,
  0xff, 0x74, 0xac, 0xea, 0x05, 0x61, 0x30, 0xf0, 0x20, 0x6b, 0x45, 0xf2, 0x4e,
  0xc3, 0x20, 0xe8, 0x30, 0xf0, 0x20, 0x6b, 0x82, 0xf4, 0x00, 0x4b, 0xc2, 0xf5,
  0xae, 0xa3, 0x8c, 0xea, 0x8f, 0xec, 0xac, 0xec, 0x8d, 0xea, 0xc2, 0xf5, 0x4e,
  0xc3, 0x20, 0xe8, 0x00, 0x65, 0xf7, 0x63, 0x11, 0x62, 0x10, 0xd1, 0x0f, 0xd0,
  0x40, 0xa4, 0x08, 0xd2, 0x08, 0x93, 0x1f, 0x6a, 0x4c, 0xeb, 0x08, 0xd3, 0x42,
  0xa4, 0x61, 0xa4, 0x0d, 0xd2, 0x43, 0xa4, 0x84, 0xa4, 0x09, 0xd4, 0x08, 0x94,
  0x08, 0x5c, 0x80, 0xf0, 0x0c, 0x60, 0x84, 0x31, 0x09, 0x94, 0x01, 0x2c, 0x23,
  0x22, 0xff, 0x68, 0x0c, 0xea, 0x0c, 0xeb, 0xa2, 0x67, 0xc3, 0x67, 0x91, 0x67,
  0x0b, 0xd2, 0x0c, 0xd3, 0x00, 0x18, 0x64, 0x02, 0x09, 0x93, 0x0d, 0x94, 0x41,
  0x41, 0x0c, 0xea, 0x0c, 0xeb, 0x8c, 0xe8, 0xa3, 0x67, 0x82, 0x67, 0xd0, 0x67,
  0x0a, 0xd2, 0x09, 0xd3, 0x00, 0x18, 0x64, 0x02, 0x0b, 0x95, 0x0c, 0x96, 0x91,
  0x67, 0x01, 0x6f, 0x00, 0x18, 0xc4, 0x03, 0x0a, 0x94, 0x09, 0x95, 0xd0, 0x67,
  0x02, 0x6f, 0x00, 0x18, 0xc4, 0x03, 0x0f, 0x59, 0x08, 0x60, 0x30, 0xf0, 0x20,
  0x6a, 0x28, 0x33, 0x80, 0xf2, 0x0c, 0x4a, 0x69, 0xe2, 0x40, 0x9a, 0x00, 0xea,
  0x00, 0x6a, 0x44, 0x10, 0xd0, 0xf4, 0x44, 0x41, 0x1f, 0xf7, 0x00, 0x6b, 0x6c,
  0xea, 0x05, 0x2a, 0x30, 0xf0, 0x20, 0x6a, 0xa0, 0xf6, 0x54, 0x9a, 0x34, 0x10,
  0x30, 0xf0, 0x20, 0x6a, 0xa0, 0xf6, 0x58, 0x9a, 0x2f, 0x10, 0x80, 0xf4, 0x44,
  0x41, 0x1f, 0xf7, 0x00, 0x6b, 0x6c, 0xea, 0x05, 0x2a, 0x30, 0xf0, 0x20, 0x6a,
  0xa0, 0xf6, 0x5c, 0x9a, 0x24, 0x10, 0x30, 0xf0, 0x20, 0x6a, 0xc0, 0xf6, 0x40,
  0x9a, 0x1f, 0x10, 0xc0, 0xf4, 0x48, 0x41, 0x1f, 0xf7, 0x00, 0x6b, 0x6c, 0xea,
  0x05, 0x2a, 0x30, 0xf0, 0x20, 0x6a, 0xc0, 0xf6, 0x44, 0x9a, 0x14, 0x10, 0x30,
  0xf0, 0x20, 0x6a, 0xc0, 0xf6, 0x48, 0x9a, 0x0f, 0x10, 0x70, 0xf4, 0x48, 0x41,
  0x1f, 0xf7, 0x00, 0x6b, 0x6c, 0xea, 0x05, 0x2a, 0x30, 0xf0, 0x20, 0x6a, 0xc0,
  0xf6, 0x4c, 0x9a, 0x04, 0x10, 0x30, 0xf0, 0x20, 0x6a, 0xc0, 0xf6, 0x50, 0x9a,
  0x49, 0xe1, 0x60, 0xaa, 0xff, 0xf7, 0x1f, 0x6a, 0x6c, 0xea, 0x7d, 0x67, 0x53,
  0xc3, 0x42, 0x32, 0x54, 0xc3, 0x30, 0xf0, 0x20, 0x6a, 0x82, 0xf4, 0x00, 0x4a,
  0x45, 0xe1, 0xc2, 0xf5, 0x50, 0xa1, 0x55, 0xc3, 0xc2, 0xf5, 0x51, 0xa1, 0x56,
  0xc3, 0xe2, 0xf5, 0x40, 0xa1, 0x57, 0xc3, 0xe2, 0xf5, 0x41, 0xa1, 0x58, 0xc3,
  0x9d, 0x67, 0x21, 0x6a, 0x50, 0xc4, 0x07, 0x6a, 0x4f, 0xcc, 0x47, 0x44, 0x19,
  0x4a, 0x40, 0xa2, 0x52, 0xc4, 0x04, 0x04, 0x00, 0x18, 0x87, 0x12, 0x11, 0x97,
  0x10, 0x91, 0x0f, 0x90, 0x09, 0x63, 0x00, 0xef, 0x00, 0x65, 0xfa, 0x63, 0x0b,
  0x62, 0x0a, 0xd1, 0x09, 0xd0, 0x01, 0xa4, 0x20, 0xa4, 0x09, 0x20, 0x90, 0x67,
  0xb1, 0x67, 0x00, 0x18, 0x71, 0x02, 0x90, 0x67, 0xb1, 0x67, 0x53, 0x6e, 0x00,
  0x18, 0x87, 0x19, 0x7d, 0x67, 0x20, 0x6a, 0x50, 0xc3, 0x03, 0x6a, 0x4f, 0xcb,
  0x30, 0xf0, 0x20, 0x6a, 0xe0, 0xf3, 0x48, 0x9a, 0x9d, 0x67, 0x40, 0xa2, 0x52,
  0xc3, 0x30, 0xf0, 0x20, 0x6a, 0x82, 0xf4, 0x00, 0x4a, 0xc2, 0xf5, 0x6e, 0xa2,
  0xc2, 0xf5, 0x4f, 0xa2, 0x73, 0xc4, 0x54, 0xc4, 0x04, 0x04, 0x00, 0x18, 0x87,
  0x12, 0x0b, 0x97, 0x0a, 0x91, 0x09, 0x90, 0x06, 0x63, 0x00, 0xef, 0xfc, 0x63,
  0x07, 0x62, 0x06, 0xd1, 0x05, 0xd0, 0x30, 0xf0, 0x20, 0x6b, 0x82, 0xf4, 0x00,
  0x4b, 0x40, 0xa4, 0xa0, 0xf0, 0xc9, 0xa3, 0x7f, 0x68, 0x5e, 0x32, 0x5c, 0x32,
  0x0c, 0xee, 0x4d, 0xee, 0xa0, 0xf0, 0xc9, 0xc3, 0xa0, 0xa4, 0x01, 0x6a, 0x41,
  0x6f, 0xba, 0x35, 0x4c, 0xed, 0xeb, 0xef, 0xb8, 0x35, 0xcc, 0xef, 0xad, 0xef,
  0xa0, 0xf0, 0xe9, 0xc3, 0xa0, 0xa4, 0x21, 0x6e, 0xcb, 0xee, 0xb6, 0x35, 0x4c,
  0xed, 0xb4, 0x35, 0xec, 0xee, 0xad, 0xee, 0xa0, 0xf0, 0xc9, 0xc3, 0xa0, 0xa4,
  0x11, 0x6f, 0xeb, 0xef, 0xb2, 0x35, 0x4c, 0xed, 0xb0, 0x35, 0xcc, 0xef, 0xad,
  0xef, 0xa0, 0xf0, 0xe9, 0xc3, 0xa0, 0xa4, 0x10, 0x6e, 0x0f, 0x69, 0xcb, 0xee,
  0x2c, 0xed, 0xec, 0xee, 0xad, 0xee, 0xa0, 0xf0, 0xc9, 0xc3, 0xe1, 0xa4, 0xa7,
  0x67, 0xa0, 0xf0, 0xea, 0xa3, 0x0c, 0xed, 0xfd, 0x65, 0x1f, 0x65, 0x80, 0x6d,
  0xf8, 0x67, 0xab, 0xed, 0xec, 0xed, 0xff, 0x67, 0xed, 0xed, 0xa0, 0xf0, 0xaa,
  0xc3, 0xe2, 0xa4, 0x0c, 0xed, 0xa0, 0xf0, 0xeb, 0xc3, 0xe1, 0xa4, 0xfe, 0x37,
  0xfc, 0x37, 0xed, 0xed, 0xa0, 0xf0, 0xaa, 0xc3, 0xa0, 0xf0, 0xec, 0xa3, 0x83,
  0xa4, 0x02, 0x6d, 0xab, 0xed, 0x4c, 0xec, 0xec, 0xed, 0x8d, 0xed, 0xa0, 0xf0,
  0xac, 0xc3, 0xa0, 0xf0, 0xa9, 0xa3, 0x86, 0x67, 0x2c, 0xec, 0xba, 0x35, 0x4e,
  0xed, 0x4c, 0xed, 0x00, 0x18, 0x17, 0x15, 0x07, 0x97, 0x06, 0x91, 0x05, 0x90,
  0x04, 0x63, 0x00, 0xef, 0x00, 0x65, 0xfc, 0x63, 0x07, 0x62, 0x06, 0xd0, 0xa4,
  0x67, 0x30, 0xf0, 0x20, 0x6c, 0x42, 0xf5, 0x13, 0x4c, 0x07, 0x6e, 0x00, 0x18,
  0x69, 0x12, 0x30, 0xf0, 0x20, 0x6a, 0x42, 0xf5, 0x53, 0xa2, 0x05, 0x5a, 0x13,
  0x60, 0x30, 0xf0, 0x20, 0x6b, 0x48, 0x32, 0xc0, 0xf2, 0x08, 0x4b, 0x4d, 0xe3,
  0x40, 0x9b, 0x00, 0xea, 0x00, 0x6c, 0x07, 0x10, 0x01, 0x6c, 0x05, 0x10, 0x02,
  0x6c, 0x03, 0x10, 0x03, 0x6c, 0x01, 0x10, 0x04, 0x6c, 0x00, 0x18, 0xea, 0x15,
  0x30, 0xf0, 0x20, 0x6b, 0x82, 0xf4, 0x00, 0x4b, 0x82, 0xf6, 0x5c, 0xa3, 0x1f,
  0x6c, 0x01, 0x6d, 0x4a, 0x32, 0x8c, 0xea, 0xc0, 0xf0, 0x93, 0xa3, 0x47, 0xec,
  0xac, 0xea, 0x03, 0x22, 0x82, 0xf6, 0x9d, 0xc3, 0x04, 0x10, 0x01, 0x6a, 0x4b,
  0xea, 0x82, 0xf6, 0x5d, 0xc3, 0x30, 0xf0, 0x20, 0x68, 0x82, 0xf4, 0x00, 0x48,
  0x82, 0xf6, 0x7c, 0xa0, 0x02, 0x6a, 0x6c, 0xea, 0x20, 0x22, 0x03, 0x6a, 0x4b,
  0xea, 0x6c, 0xea, 0x82, 0xf6, 0x5c, 0xc0, 0x00, 0x18, 0xad, 0x19, 0x7d, 0x67,
  0x48, 0xcb, 0x68, 0xab, 0x82, 0xf6, 0x9e, 0xa8, 0xff, 0xf7, 0x1f, 0x6a, 0x4c,
  0xeb, 0x8e, 0xeb, 0x05, 0x23, 0x7d, 0x67, 0x88, 0xab, 0x4c, 0xec, 0x00, 0x18,
  0xcc, 0x19, 0x30, 0xf0, 0x20, 0x6a, 0x82, 0xf4, 0x00, 0x4a, 0x82, 0xf6, 0x9c,
  0xa2, 0x02, 0x6b, 0x8d, 0xeb, 0x82, 0xf6, 0x7c, 0xc2, 0x07, 0x97, 0x06, 0x90,
  0x04, 0x63, 0x00, 0xef, 0x00, 0x65, 0xfc, 0x63, 0x07, 0x62, 0x06, 0xd1, 0x05,
  0xd0, 0x30, 0xf0, 0x20, 0x6a, 0x82, 0xf4, 0x00, 0x4a, 0xa0, 0xf0, 0xfe, 0xa2,
  0xa0, 0xa4, 0x02, 0x6b, 0x01, 0x6e, 0x6b, 0xeb, 0xcc, 0xed, 0xec, 0xeb, 0xad,
  0xeb, 0xa0, 0xf0, 0x7e, 0xc2, 0xa0, 0xa4, 0xa6, 0x35, 0xcc, 0xed, 0xa4, 0x37,
  0x03, 0x6d, 0xab, 0xed, 0x6c, 0xed, 0xed, 0xed, 0xa0, 0xf0, 0xbe, 0xc2, 0x60,
  0xa4, 0x6a, 0x33, 0xcc, 0xeb, 0x68, 0x37, 0x05, 0x6b, 0x6b, 0xeb, 0xac, 0xeb,
  0xed, 0xeb, 0xa0, 0xf0, 0x7e, 0xc2, 0xa0, 0xa4, 0xae, 0x35, 0xcc, 0xed, 0xac,
  0x36, 0x09, 0x6d, 0xab, 0xed, 0x6c, 0xed, 0x30, 0xf0, 0x20, 0x6b, 0x00, 0xf5,
  0x64, 0x9b, 0xcd, 0xed, 0xa0, 0xf0, 0xbe, 0xc2, 0xa0, 0xa3, 0x07, 0x6b, 0xff,
  0x6e, 0xac, 0xeb, 0x0c, 0x23, 0x30, 0xf0, 0x20, 0x6b, 0xc0, 0xf6, 0x74, 0x9b,
  0xa0, 0xa3, 0x61, 0xa4, 0xac, 0xee, 0x7b, 0xe6, 0x62, 0xf6, 0xcd, 0xc2, 0x61,
  0xa4, 0x14, 0x10, 0x30, 0xf0, 0x20, 0x6b, 0x80, 0xf3, 0x60, 0x9b, 0xa0, 0xa3,
  0x61, 0xa4, 0xac, 0xee, 0x77, 0xe6, 0x05, 0x6b, 0x7a, 0xed, 0x01, 0x2b, 0xe5,
  0xe8, 0x12, 0xed, 0x62, 0xf6, 0xad, 0xc2, 0xa1, 0xa4, 0x7b, 0xed, 0x01, 0x2b,
  0xe5, 0xe8, 0x12, 0xeb, 0x62, 0xf6, 0x6e, 0xc2, 0x00, 0xa4, 0x01, 0x69, 0x2c,
  0xe8, 0x0d, 0x28, 0x00, 0x18, 0xa6, 0x1c, 0x00, 0x6d, 0xff, 0x6c, 0xc5, 0x67,
  0x00, 0x18, 0x87, 0x19, 0x30, 0xf0, 0x20, 0x6a, 0xe0, 0xf3, 0x40, 0x9a, 0x00,
  0xc2, 0x0d, 0x10, 0x01, 0x6c, 0x0c, 0x6d, 0x00, 0x18, 0x9e, 0x06, 0x30, 0xf0,
  0x20, 0x6a, 0x82, 0xf4, 0x00, 0x4a, 0x62, 0xf6, 0x6c, 0xa2, 0x6d, 0xe9, 0x62,
  0xf6, 0x2c, 0xc2, 0x30, 0xf0, 0x20, 0x6a, 0x82, 0xf4, 0x00, 0x4a, 0xa0, 0xf0,
  0x9e, 0xa2, 0x08, 0x6b, 0x8c, 0xeb, 0x06, 0x2b, 0x62, 0xf6, 0x8c, 0xa2, 0x02,
  0x6b, 0x8d, 0xeb, 0x62, 0xf6, 0x6c, 0xc2, 0x30, 0xf0, 0x20, 0x6a, 0x82, 0xf4,
  0x00, 0x4a, 0xa0, 0xf0, 0x9e, 0xa2, 0x02, 0x6b, 0x8c, 0xeb, 0x1c, 0x23, 0xa0,
  0xf0, 0x90, 0xa2, 0x80, 0x6b, 0x6b, 0xeb, 0x8c, 0xeb, 0x01, 0x6c, 0x8d, 0xeb,
  0xe2, 0xf5, 0x94, 0xa2, 0xa0, 0xf0, 0x70, 0xc2, 0x00, 0x6b, 0xa0, 0xf0, 0x74,
  0xc2, 0x20, 0x6b, 0x8d, 0xeb, 0x02, 0xf6, 0xad, 0xa2, 0x02, 0xf6, 0x8c, 0xa2,
  0x02, 0xf6, 0xd1, 0xa2, 0xe2, 0xf5, 0x74, 0xc2, 0x06, 0x6f, 0x00, 0x18, 0x3c,
  0x07, 0x14, 0x10, 0xa0, 0xf0, 0x90, 0xa2, 0x80, 0x6b, 0x6b, 0xeb, 0x8c, 0xeb,
  0xa0, 0xf0, 0x70, 0xc2, 0xe2, 0xf5, 0x94, 0xa2, 0x0c, 0x6b, 0xa0, 0xf0, 0x74,
  0xc2, 0x02, 0x6b, 0x6b, 0xeb, 0x8c, 0xeb, 0x21, 0x6c, 0x8b, 0xec, 0x8c, 0xeb,
  0xe2, 0xf5, 0x74, 0xc2, 0x07, 0x97, 0x06, 0x91, 0x05, 0x90, 0x04, 0x63, 0x00,
  0xef, 0x00, 0x65, 0xfd, 0x63, 0x05, 0x62, 0x04, 0xd0, 0xff, 0x68, 0x8c, 0xe8,
  0x90, 0x67, 0x00, 0x18, 0xac, 0x09, 0x90, 0x67, 0x00, 0x18, 0x59, 0x1b, 0x01,
  0x6c, 0x00, 0x18, 0x34, 0x08, 0x05, 0x97, 0x04, 0x90, 0x03, 0x63, 0x00, 0xef,
  0xfc, 0x63, 0x07, 0x62, 0x06, 0xd1, 0x05, 0xd0, 0xff, 0x6a, 0x27, 0x67, 0x4c,
  0xe9, 0x6f, 0x41, 0x4c, 0xeb, 0x04, 0x67, 0x02, 0x5b, 0x4c, 0xe8, 0x4c, 0xed,
  0x4c, 0xee, 0x03, 0x61, 0x90, 0x67, 0x00, 0x18, 0xfc, 0x18, 0x10, 0x58, 0x55,
  0x60, 0x30, 0xf0, 0x20, 0x6a, 0x08, 0x33, 0x20, 0xf3, 0x0c, 0x4a, 0x69, 0xe2,
  0x40, 0x9a, 0x00, 0xea, 0xd0, 0xf4, 0x44, 0x40, 0x1f, 0xf7, 0x00, 0x6b, 0x6c,
  0xea, 0x05, 0x2a, 0x30, 0xf0, 0x20, 0x6a, 0xa0, 0xf6, 0x74, 0x9a, 0x34, 0x10,
  0x30, 0xf0, 0x20, 0x6a, 0xa0, 0xf6, 0x78, 0x9a, 0x2f, 0x10, 0x80, 0xf4, 0x44,
  0x40, 0x1f, 0xf7, 0x00, 0x6b, 0x6c, 0xea, 0x05, 0x2a, 0x30, 0xf0, 0x20, 0x6a,
  0xa0, 0xf6, 0x7c, 0x9a, 0x24, 0x10, 0x30, 0xf0, 0x20, 0x6a, 0xc0, 0xf6, 0x60,
  0x9a, 0x1f, 0x10, 0xc0, 0xf4, 0x48, 0x40, 0x1f, 0xf7, 0x00, 0x6b, 0x6c, 0xea,
  0x05, 0x2a, 0x30, 0xf0, 0x20, 0x6a, 0xc0, 0xf6, 0x64, 0x9a, 0x14, 0x10, 0x30,
  0xf0, 0x20, 0x6a, 0xc0, 0xf6, 0x68, 0x9a, 0x0f, 0x10, 0x70, 0xf4, 0x48, 0x40,
  0x1f, 0xf7, 0x00, 0x6b, 0x6c, 0xea, 0x05, 0x2a, 0x30, 0xf0, 0x20, 0x6a, 0xc0,
  0xf6, 0x6c, 0x9a, 0x04, 0x10, 0x30, 0xf0, 0x20, 0x6a, 0xc0, 0xf6, 0x70, 0x9a,
  0x30, 0xf0, 0x20, 0x6a, 0x82, 0xf4, 0x00, 0x4a, 0x6d, 0xe0, 0x41, 0xe0, 0xc2,
  0xf5, 0x90, 0xa0, 0xe2, 0xf5, 0x40, 0xa0, 0x8d, 0xea, 0xff, 0x6c, 0x8c, 0xea,
  0x40, 0xc3, 0x30, 0xf0, 0x20, 0x6a, 0x45, 0xf2, 0x2d, 0xc2, 0x07, 0x97, 0x06,
  0x91, 0x05, 0x90, 0x04, 0x63, 0x00, 0xef, 0x00, 0x00, 0x00, 0x00, 0x00, 0x00,
  0x00, 0x00, 0x00, 0x00, 0x00, 0x00, 0x10, 0xf0, 0x20, 0x6b, 0x30, 0xf0, 0x20,
  0x6a, 0xe0, 0xf3, 0x05, 0x4b, 0x00, 0xf0, 0x68, 0xda, 0x10, 0xf0, 0x20, 0x6b,
  0x00, 0xf0, 0x08, 0x4a, 0xc0, 0xf3, 0x15, 0x4b, 0x61, 0xda, 0x10, 0xf0, 0x20,
  0x6b, 0xc0, 0xf3, 0x05, 0x4b, 0x62, 0xda, 0x10, 0xf0, 0x20, 0x6b, 0xa0, 0xf3,
  0x15, 0x4b, 0x63, 0xda, 0x10, 0xf0, 0x20, 0x6b, 0xa0, 0xf3, 0x05, 0x4b, 0x64,
  0xda, 0x10, 0xf0, 0x20, 0x6b, 0x80, 0xf3, 0x15, 0x4b, 0x65, 0xda, 0x10, 0xf0,
  0x20, 0x6b, 0xc0, 0xf2, 0x1d, 0x4b, 0x66, 0xda, 0x20, 0xe8, 0x00, 0x65, 0xfd,
  0x63, 0x05, 0x62, 0x04, 0xd0, 0x30, 0xf0, 0x20, 0x68, 0x82, 0xf4, 0x00, 0x48,
  0x00, 0x6a, 0x80, 0xf0, 0x4c, 0xd8, 0x60, 0xf1, 0x41, 0xc0, 0x00, 0x18, 0x00,
  0x04, 0xe0, 0xf0, 0x68, 0xa0, 0x01, 0x6a, 0x30, 0xf0, 0x20, 0x6c, 0x6d, 0xea,
  0xe0, 0xf0, 0x48, 0xc0, 0x30, 0xf0, 0x20, 0x6a, 0x45, 0xf2, 0x10, 0x4a, 0x65,
  0xf2, 0x00, 0x4c, 0x00, 0x6b, 0x60, 0xc2, 0x70, 0xc2, 0x01, 0x4a, 0x62, 0x67,
  0x8e, 0xeb, 0xf9, 0x2b, 0x30, 0xf0, 0x20, 0x6a, 0x82, 0xf4, 0x00, 0x4a, 0xc2,
  0xf5, 0x6d, 0xc2, 0xc2, 0xf5, 0x6e, 0xc2, 0xc2, 0xf5, 0x6f, 0xc2, 0xc2, 0xf5,
  0x6c, 0xc2, 0x05, 0x97, 0x04, 0x90, 0x03, 0x63, 0x00, 0xef, 0x00, 0x65, 0x30,
  0xf0, 0x20, 0x6a, 0x25, 0xf2, 0x1c, 0x4a, 0x67, 0x42, 0x09, 0x4b, 0x00, 0x6c,
  0x80, 0xc2, 0x01, 0x4a, 0x6a, 0xea, 0xfb, 0x61, 0x42, 0xf4, 0x10, 0x6a, 0x1f,
  0xf7, 0x00, 0x6b, 0x4c, 0xeb, 0x02, 0xf0, 0x00, 0x73, 0x01, 0x60, 0x05, 0x2b,
  0x30, 0xf0, 0x20, 0x6b, 0x00, 0xf5, 0x7c, 0x9b, 0x04, 0x10, 0x30, 0xf0, 0x20,
  0x6b, 0x20, 0xf5, 0x60, 0x9b, 0x6d, 0xe2, 0x04, 0x4a, 0x00, 0x6c, 0x62, 0xf4,
  0x00, 0x72, 0x80, 0xdb, 0xe9, 0x61, 0x20, 0xe8, 0x00, 0x65, 0xfd, 0x63, 0x05,
  0x62, 0x30, 0xf0, 0x20, 0x6a, 0x60, 0xf5, 0x50, 0x9a, 0x03, 0x6b, 0x00, 0x6c,
  0x40, 0x9a, 0x42, 0x32, 0x52, 0x32, 0x6c, 0xea, 0x02, 0x5a, 0x06, 0x60, 0x30,
  0xf0, 0x20, 0x6b, 0x40, 0xf1, 0x10, 0x4b, 0x69, 0xe2, 0x80, 0xa2, 0x00, 0x18,
  0x60, 0x05, 0x05, 0x97, 0x03, 0x63, 0x00, 0xef, 0x00, 0x65, 0xfd, 0x63, 0x05,
  0x62, 0x00, 0x18, 0x2f, 0x04, 0x00, 0x18, 0x5c, 0x04, 0x00, 0x18, 0xb9, 0x05,
  0x00, 0x18, 0x1c, 0x1f, 0x00, 0x18, 0x9b, 0x0a, 0x00, 0x18, 0x94, 0x0a, 0x00,
  0x18, 0xdb, 0x0d, 0x00, 0x18, 0x7e, 0x15, 0x00, 0x18, 0x0a, 0x1b, 0x00, 0x18,
  0xf0, 0x1a, 0x05, 0x97, 0x03, 0x63, 0x00, 0xef, 0x00, 0x65, 0x30, 0xf0, 0x20,
  0x6a, 0x82, 0xf4, 0x00, 0x4a, 0x00, 0x6b, 0x00, 0xf2, 0x64, 0xc2, 0x00, 0xf2,
  0x65, 0xc2, 0x60, 0xf1, 0x61, 0xc2, 0x60, 0xf1, 0x62, 0xc2, 0x20, 0xe8, 0x30,
  0xf0, 0x20, 0x6a, 0xe0, 0xf6, 0x50, 0x9a, 0x01, 0x6b, 0x60, 0xc2, 0x20, 0xe8,
  0x00, 0x65, 0x30, 0xf0, 0x20, 0x6a, 0xe0, 0xf6, 0x94, 0x9a, 0xff, 0x6b, 0x20,
  0x6d, 0x40, 0xa4, 0x6c, 0xea, 0xad, 0xea, 0x6c, 0xea, 0x40, 0xc4, 0x30, 0xf0,
  0x20, 0x6a, 0xe0, 0xf6, 0x98, 0x9a, 0x08, 0x6d, 0x40, 0xa4, 0x6c, 0xea, 0xad,
  0xea, 0x6c, 0xea, 0x40, 0xc4, 0x20, 0xe8, 0x20, 0xe8, 0x00, 0x65, 0x05, 0x5c,
  0x5e, 0x60, 0x30, 0xf0, 0x20, 0x6a, 0x88, 0x34, 0xc0, 0xf2, 0x1c, 0x4a, 0x89,
  0xe2, 0x40, 0x9a, 0x00, 0xea, 0x30, 0xf0, 0x20, 0x6b, 0x82, 0xf4, 0x40, 0x9b,
  0xad, 0xea, 0x82, 0xf4, 0x40, 0xdb, 0x30, 0xf0, 0x20, 0x6b, 0x00, 0xf7, 0x64,
  0x9b, 0xa0, 0xdb, 0x30, 0xf0, 0x20, 0x6b, 0x00, 0xf7, 0x68, 0x9b, 0x32, 0x10,
  0x30, 0xf0, 0x20, 0x6b, 0x82, 0xf4, 0x00, 0x4b, 0x41, 0x9b, 0xad, 0xea, 0x41,
  0xdb, 0x30, 0xf0, 0x20, 0x6b, 0x00, 0xf7, 0x6c, 0x9b, 0xa0, 0xdb, 0x30, 0xf0,
  0x20, 0x6b, 0x00, 0xf7, 0x70, 0x9b, 0x21, 0x10, 0x30, 0xf0, 0x20, 0x6b, 0x82,
  0xf4, 0x00, 0x4b, 0x42, 0x9b, 0xad, 0xea, 0x42, 0xdb, 0x30, 0xf0, 0x20, 0x6b,
  0x00, 0xf7, 0x74, 0x9b, 0xa0, 0xdb, 0x30, 0xf0, 0x20, 0x6b, 0x00, 0xf7, 0x78,
  0x9b, 0x10, 0x10, 0x30, 0xf0, 0x20, 0x6b, 0x82, 0xf4, 0x00, 0x4b, 0x43, 0x9b,
  0xad, 0xea, 0x43, 0xdb, 0x30, 0xf0, 0x20, 0x6b, 0x00, 0xf7, 0x7c, 0x9b, 0xa0,
  0xdb, 0x30, 0xf0, 0x20, 0x6b, 0x20, 0xf7, 0x60, 0x9b, 0x40, 0xdb, 0x20, 0xe8,
  0x30, 0xf0, 0x20, 0x6b, 0x82, 0xf4, 0x00, 0x4b, 0x44, 0x9b, 0xad, 0xea, 0x44,
  0xdb, 0x30, 0xf0, 0x20, 0x6b, 0x20, 0xf7, 0x64, 0x9b, 0xa0, 0xdb, 0x30, 0xf0,
  0x20, 0x6b, 0x20, 0xf7, 0x68, 0x9b, 0x40, 0xdb, 0x20, 0xe8, 0x00, 0x65, 0x05,
  0x5c, 0x63, 0x60, 0x30, 0xf0, 0x20, 0x6a, 0x88, 0x34, 0xe0, 0xf2, 0x10, 0x4a,
  0x89, 0xe2, 0x40, 0x9a, 0x00, 0xea, 0x30, 0xf0, 0x20, 0x6b, 0x82, 0xf4, 0x80,
  0x9b, 0xaf, 0xea, 0x8c, 0xea, 0x82, 0xf4, 0x40, 0xdb, 0x30, 0xf0, 0x20, 0x6b,
  0x00, 0xf7, 0x68, 0x9b, 0x40, 0xdb, 0x30, 0xf0, 0x20, 0x6a, 0x00, 0xf7, 0x44,
  0x9a, 0x35, 0x10, 0x30, 0xf0, 0x20, 0x6b, 0x82, 0xf4, 0x00, 0x4b, 0x81, 0x9b,
  0xaf, 0xea, 0x8c, 0xea, 0x41, 0xdb, 0x30, 0xf0, 0x20, 0x6b, 0x00, 0xf7, 0x70,
  0x9b, 0x40, 0xdb, 0x30, 0xf0, 0x20, 0x6a, 0x00, 0xf7, 0x4c, 0x9a, 0x23, 0x10,
  0x30, 0xf0, 0x20, 0x6b, 0x82, 0xf4, 0x00, 0x4b, 0x82, 0x9b, 0xaf, 0xea, 0x8c,
  0xea, 0x42, 0xdb, 0x30, 0xf0, 0x20, 0x6b, 0x00, 0xf7, 0x78, 0x9b, 0x40, 0xdb,
  0x30, 0xf0, 0x20, 0x6a, 0x00, 0xf7, 0x54, 0x9a, 0x11, 0x10, 0x30, 0xf0, 0x20,
  0x6b, 0x82, 0xf4, 0x00, 0x4b, 0x83, 0x9b, 0xaf, 0xea, 0x8c, 0xea, 0x43, 0xdb,
  0x30, 0xf0, 0x20, 0x6b, 0x20, 0xf7, 0x60, 0x9b, 0x40, 0xdb, 0x30, 0xf0, 0x20,
  0x6a, 0x00, 0xf7, 0x5c, 0x9a, 0xa0, 0xda, 0x20, 0xe8, 0x30, 0xf0, 0x20, 0x6b,
  0x82, 0xf4, 0x00, 0x4b, 0x84, 0x9b, 0xaf, 0xea, 0x8c, 0xea, 0x44, 0xdb, 0x30,
  0xf0, 0x20, 0x6b, 0x20, 0xf7, 0x68, 0x9b, 0x40, 0xdb, 0x30, 0xf0, 0x20, 0x6a,
  0x20, 0xf7, 0x44, 0x9a, 0xa0, 0xda, 0x20, 0xe8, 0x03, 0x24, 0x01, 0x74, 0x12,
  0x60, 0x20, 0xe8, 0x30, 0xf0, 0x20, 0x6b, 0x82, 0xf4, 0x00, 0x4b, 0x4e, 0x9b,
  0xad, 0xea, 0x4e, 0xdb, 0x30, 0xf0, 0x20, 0x6b, 0xe0, 0xf3, 0x64, 0x9b, 0xa0,
  0xdb, 0x30, 0xf0, 0x20, 0x6b, 0x20, 0xf7, 0x6c, 0x9b, 0x10, 0x10, 0x30, 0xf0,
  0x20, 0x6b, 0x82, 0xf4, 0x00, 0x4b, 0x4f, 0x9b, 0xad, 0xea, 0x4f, 0xdb, 0x30,
  0xf0, 0x20, 0x6b, 0x20, 0xf7, 0x70, 0x9b, 0xa0, 0xdb, 0x30, 0xf0, 0x20, 0x6b,
  0x20, 0xf7, 0x74, 0x9b, 0x40, 0xdb, 0x20, 0xe8, 0x00, 0x65, 0x03, 0x24, 0x01,
  0x74, 0x13, 0x60, 0x20, 0xe8, 0x30, 0xf0, 0x20, 0x6b, 0x82, 0xf4, 0x00, 0x4b,
  0x8e, 0x9b, 0xaf, 0xea, 0x8c, 0xea, 0x4e, 0xdb, 0x30, 0xf0, 0x20, 0x6b, 0x20,
  0xf7, 0x6c, 0x9b, 0x40, 0xdb, 0x30, 0xf0, 0x20, 0x6a, 0xe0, 0xf3, 0x44, 0x9a,
  0x11, 0x10, 0x30, 0xf0, 0x20, 0x6b, 0x82, 0xf4, 0x00, 0x4b, 0x8f, 0x9b, 0xaf,
  0xea, 0x8c, 0xea, 0x4f, 0xdb, 0x30, 0xf0, 0x20, 0x6b, 0x20, 0xf7, 0x74, 0x9b,
  0x40, 0xdb, 0x30, 0xf0, 0x20, 0x6a, 0x20, 0xf7, 0x50, 0x9a, 0xa0, 0xda, 0x20,
  0xe8, 0x00, 0x65, 0x30, 0xf0, 0x20, 0x6c, 0x00, 0xf7, 0x88, 0x9c, 0x00, 0x6a,
  0x30, 0xf0, 0x20, 0x6b, 0x82, 0xf4, 0x40, 0xdb, 0x82, 0xf4, 0x00, 0x4b, 0x41,
  0xdb, 0x42, 0xdb, 0x43, 0xdb, 0x44, 0xdb, 0x40, 0xdc, 0x30, 0xf0, 0x20, 0x6c,
  0x00, 0xf7, 0x90, 0x9c, 0x40, 0xdc, 0x30, 0xf0, 0x20, 0x6c, 0x00, 0xf7, 0x98,
  0x9c, 0x40, 0xdc, 0x30, 0xf0, 0x20, 0x6c, 0x20, 0xf7, 0x80, 0x9c, 0x40, 0xdc,
  0x30, 0xf0, 0x20, 0x6c, 0x20, 0xf7, 0x88, 0x9c, 0x40, 0xdc, 0x30, 0xf0, 0x20,
  0x6c, 0x20, 0xf7, 0x8c, 0x9c, 0x4e, 0xdb, 0x4f, 0xdb, 0x40, 0xdc, 0x30, 0xf0,
  0x20, 0x6c, 0x20, 0xf7, 0x94, 0x9c, 0x40, 0xdc, 0x4c, 0xdb, 0x30, 0xf0, 0x20,
  0x6b, 0x20, 0xf7, 0x78, 0x9b, 0x40, 0xdb, 0x20, 0xe8, 0x00, 0x65, 0x30, 0xf0,
  0x20, 0x6b, 0x00, 0xf7, 0x64, 0x9b, 0x01, 0x6a, 0x4b, 0xea, 0x40, 0xdb, 0x30,
  0xf0, 0x20, 0x6b, 0x00, 0xf7, 0x6c, 0x9b, 0x40, 0xdb, 0x30, 0xf0, 0x20, 0x6b,
  0x00, 0xf7, 0x74, 0x9b, 0x40, 0xdb, 0x30, 0xf0, 0x20, 0x6b, 0x00, 0xf7, 0x7c,
  0x9b, 0x40, 0xdb, 0x30, 0xf0, 0x20, 0x6b, 0xe0, 0xf3, 0x64, 0x9b, 0x40, 0xdb,
  0x30, 0xf0, 0x20, 0x6b, 0x20, 0xf7, 0x70, 0x9b, 0x40, 0xdb, 0x30, 0xf0, 0x20,
  0x6b, 0x20, 0xf7, 0x7c, 0x9b, 0x40, 0xdb, 0x20, 0xe8, 0x30, 0xf0, 0x20, 0x6a,
  0x40, 0xf7, 0xa0, 0x9a, 0x3f, 0xf4, 0x10, 0x6e, 0x30, 0xf0, 0x20, 0x6b, 0xcb,
  0xee, 0x82, 0xf4, 0xc0, 0xdb, 0x01, 0xf7, 0x01, 0x6a, 0x82, 0xf4, 0x00, 0x4b,
  0x00, 0x6c, 0x42, 0xdb, 0x43, 0xdb, 0xa1, 0xdb, 0x84, 0xdb, 0x30, 0xf0, 0x20,
  0x6b, 0x00, 0xf7, 0x68, 0x9b, 0xc0, 0xdb, 0x30, 0xf0, 0x20, 0x6b, 0x00, 0xf7,
  0x70, 0x9b, 0xa0, 0xdb, 0x30, 0xf0, 0x20, 0x6b, 0x00, 0xf7, 0x78, 0x9b, 0x40,
  0xdb, 0x30, 0xf0, 0x20, 0x6b, 0x20, 0xf7, 0x60, 0x9b, 0x40, 0xdb, 0x30, 0xf0,
  0x20, 0x6a, 0x20, 0xf7, 0x48, 0x9a, 0x80, 0xda, 0x20, 0xe8, 0x30, 0xf0, 0x20,
  0x6a, 0x82, 0xf4, 0x00, 0x4a, 0x00, 0x6b, 0x6c, 0xda, 0x30, 0xf0, 0x20, 0x6a,
  0x20, 0xf7, 0x58, 0x9a, 0x60, 0xda, 0x20, 0xe8, 0x30, 0xf0, 0x20, 0x6b, 0x40,
  0xf7, 0x64, 0x9b, 0x30, 0xf0, 0x20, 0x6a, 0x82, 0xf4, 0x00, 0x4a, 0x46, 0x6c,
  0x8e, 0xda, 0x6f, 0xda, 0x30, 0xf0, 0x20, 0x6a, 0x20, 0xf7, 0x4c, 0x9a, 0x80,
  0xda, 0x30, 0xf0, 0x20, 0x6a, 0x20, 0xf7, 0x54, 0x9a, 0x60, 0xda, 0x20, 0xe8,
  0xfd, 0x63, 0x05, 0x62, 0x00, 0x18, 0x00, 0x05, 0x00, 0x18, 0x1c, 0x05, 0x00,
  0x18, 0x2f, 0x05, 0x00, 0x18, 0x4c, 0x05, 0x00, 0x18, 0x46, 0x05, 0x05, 0x97,
  0x03, 0x63, 0x00, 0xef, 0x00, 0x65, 0x20, 0xe8, 0x00, 0x65, 0xfd, 0x63, 0x05,
  0x62, 0x00, 0x18, 0x17, 0x12, 0x00, 0x18, 0x4d, 0x12, 0x05, 0x97, 0x03, 0x63,
  0x00, 0xef, 0x00, 0x65, 0xfd, 0x63, 0x05, 0x62, 0x04, 0xd0, 0x30, 0xf0, 0x20,
  0x6a, 0x40, 0xf7, 0x6c, 0x9a, 0xc0, 0x6a, 0xff, 0x68, 0x80, 0xa3, 0x8c, 0xea,
  0x40, 0xc3, 0x0a, 0x6c, 0x00, 0x18, 0x58, 0x12, 0x30, 0xf0, 0x20, 0x6a, 0x40,
  0xf7, 0x50, 0x9a, 0x01, 0x6b, 0x05, 0x97, 0x40, 0xa2, 0x0c, 0xea, 0x5e, 0x32,
  0x6e, 0xea, 0x6c, 0xea, 0x0c, 0xea, 0x04, 0x90, 0x03, 0x63, 0x00, 0xef, 0xfd,
  0x63, 0x05, 0x62, 0x04, 0xd0, 0x30, 0xf0, 0x20, 0x6b, 0x60, 0xf5, 0x74, 0x9b,
  0x10, 0xf0, 0x20, 0x6a, 0xc2, 0xf5, 0x11, 0x4a, 0x40, 0xdb, 0x00, 0x68, 0x25,
  0x10, 0x82, 0xf3, 0x08, 0x70, 0x11, 0x61, 0x30, 0xf0, 0x20, 0x6a, 0x40, 0xf5,
  0x68, 0x9a, 0x02, 0xf0, 0x00, 0x6c, 0x40, 0x9b, 0x8d, 0xea, 0x40, 0xdb, 0x30,
  0xf0, 0x20, 0x6a, 0xe0, 0xf4, 0x54, 0x9a, 0x03, 0x6b, 0x6b, 0xeb, 0x60, 0xc2,
  0x15, 0x10, 0xff, 0xf7, 0x1f, 0x6a, 0x01, 0x48, 0x4c, 0xe8, 0x14, 0x6c, 0x00,
  0x18, 0x58, 0x12, 0x33, 0x58, 0x08, 0x61, 0x30, 0xf0, 0x20, 0x6a, 0x40, 0xf7,
  0x54, 0x9a, 0x60, 0xa2, 0x08, 0x6a, 0x6c, 0xea, 0x04, 0x2a, 0x00, 0x18, 0x65,
  0x05, 0x01, 0x72, 0xd7, 0x61, 0x30, 0xf0, 0x20, 0x6a, 0xe0, 0xf4, 0x54, 0x9a,
  0x02, 0x6b, 0x6b, 0xeb, 0x60, 0xc2, 0x30, 0xf0, 0x20, 0x6b, 0x60, 0xf5, 0x74,
  0x9b, 0x10, 0xf0, 0x20, 0x6a, 0xc2, 0xf5, 0x12, 0x4a, 0x40, 0xdb, 0x05, 0x97,
  0x04, 0x90, 0x03, 0x63, 0x00, 0xef, 0x00, 0x65, 0xfd, 0x63, 0x05, 0x62, 0x04,
  0xd0, 0x30, 0xf0, 0x20, 0x6a, 0xa0, 0xf5, 0x14, 0x9a, 0x00, 0x6d, 0x02, 0xf0,
  0x00, 0x6e, 0x90, 0x67, 0x00, 0x18, 0x64, 0x12, 0x04, 0x6a, 0x40, 0xc0, 0x30,
  0xf0, 0x20, 0x6a, 0x60, 0xf6, 0x54, 0x9a, 0x20, 0x48, 0x0e, 0xea, 0xf7, 0x2a,
  0x30, 0xf0, 0x20, 0x6a, 0xc0, 0xf5, 0x80, 0x9a, 0x00, 0x6d, 0x00, 0xf4, 0x00,
  0x6e, 0x00, 0x18, 0x64, 0x12, 0x05, 0x97, 0x04, 0x90, 0x03, 0x63, 0x00, 0xef,
  0x00, 0x65, 0xfd, 0x63, 0x05, 0x62, 0x00, 0x18, 0xc2, 0x05, 0x30, 0xf0, 0x20,
  0x6b, 0x04, 0xf5, 0x54, 0xc3, 0x00, 0x18, 0xcb, 0x05, 0x30, 0xf0, 0x20, 0x6a,
  0x40, 0xf7, 0x58, 0x9a, 0x3f, 0x6b, 0x60, 0xc2, 0x00, 0x18, 0x63, 0x04, 0x00,
  0x18, 0x67, 0x04, 0x00, 0x18, 0x9a, 0x05, 0x05, 0x97, 0x03, 0x63, 0x00, 0xef,
  0x00, 0x65, 0x30, 0xf0, 0x20, 0x6a, 0xe0, 0xf7, 0x40, 0x9a, 0xe0, 0xf1, 0x1b,
  0x6b, 0x6b, 0xeb, 0x60, 0xca, 0x30, 0xf0, 0x20, 0x6a, 0x00, 0xf5, 0x68, 0x9a,
  0xfb, 0x6a, 0x80, 0xa3, 0x8c, 0xea, 0x40, 0xc3, 0x20, 0xe8, 0x00, 0x65, 0x30,
  0xf0, 0x20, 0x6a, 0xe0, 0xf7, 0x54, 0x9a, 0xff, 0x6b, 0x40, 0xa2, 0x4c, 0xeb,
  0x72, 0x33, 0x03, 0x6a, 0x4c, 0xeb, 0x02, 0x6a, 0x04, 0x23, 0x01, 0x73, 0x01,
  0x6a, 0x01, 0x60, 0x03, 0x6a, 0x20, 0xe8, 0x00, 0x65, 0xfd, 0x63, 0x05, 0x62,
  0x04, 0xd0, 0x30, 0xf0, 0x20, 0x6b, 0xe0, 0xf7, 0x7c, 0x9b, 0x00, 0x6a, 0xff,
  0x6c, 0x40, 0xc3, 0x30, 0xf0, 0x20, 0x6b, 0x01, 0xf0, 0x60, 0x9b, 0x10, 0x6d,
  0xab, 0xed, 0x40, 0xc3, 0x30, 0xf0, 0x20, 0x6a, 0x01, 0xf0, 0x44, 0x9a, 0x1e,
  0x6b, 0x6b, 0xeb, 0x60, 0xc2, 0x30, 0xf0, 0x20, 0x6a, 0x01, 0xf0, 0x48, 0x9a,
  0x04, 0x6b, 0x00, 0x68, 0x60, 0xc2, 0x30, 0xf0, 0x20, 0x6a, 0x01, 0xf0, 0x6c,
  0x9a, 0x40, 0xa3, 0x8c, 0xea, 0xac, 0xea, 0x07, 0x6d, 0xad, 0xea, 0x8c, 0xea,
  0x40, 0xc3, 0x30, 0xf0, 0x20, 0x6a, 0x80, 0xf4, 0x7c, 0x9a, 0xff, 0xf7, 0x1f,
  0x6c, 0xe0, 0xf3, 0x19, 0x4d, 0x40, 0xab, 0x8c, 0xea, 0xad, 0xea, 0x8c, 0xea,
  0x40, 0xcb, 0x30, 0xf0, 0x20, 0x6a, 0x01, 0xf0, 0x4c, 0x9a, 0x60, 0xa2, 0x10,
  0x6a, 0x6c, 0xea, 0x08, 0x2a, 0xff, 0x6a, 0x01, 0x48, 0x4c, 0xe8, 0x0a, 0x6c,
  0x00, 0x18, 0x58, 0x12, 0x32, 0x70, 0xf0, 0x61, 0x05, 0x97, 0x04, 0x90, 0x03,
  0x63, 0x00, 0xef, 0x00, 0x65, 0x00, 0x00, 0x00, 0x00, 0x60, 0xba, 0x20, 0xe8,
  0x40, 0xba, 0x20, 0xe8, 0x4c, 0xb8, 0x00, 0x65, 0x80, 0x34, 0x8d, 0xea, 0x8a,
  0xb9, 0x00, 0x65, 0x00, 0x65, 0x00, 0x65, 0x20, 0xe8, 0x00, 0x65, 0x4c, 0xb8,
  0x00, 0x65, 0x80, 0x34, 0x8f, 0xec, 0x8c, 0xea, 0x8a, 0xb9, 0x00, 0x65, 0x00,
  0x65, 0x00, 0x65, 0x20, 0xe8, 0xff, 0x6a, 0x4c, 0xec, 0x30, 0xf0, 0x20, 0x6b,
  0x8e, 0x35, 0x82, 0xf4, 0x00, 0x4b, 0xad, 0xe3, 0xa2, 0xf5, 0x7c, 0xa3, 0x07,
  0x6d, 0x8c, 0xed, 0x67, 0xed, 0x01, 0x6c, 0x8c, 0xeb, 0x6c, 0xea, 0x20, 0xe8,
  0x00, 0x65, 0xfc, 0x63, 0x07, 0x62, 0x06, 0xd1, 0x05, 0xd0, 0xff, 0x6a, 0x24,
  0x67, 0x4c, 0xe9, 0x4c, 0xed, 0x2e, 0x34, 0x07, 0x6b, 0x01, 0x75, 0x4c, 0xec,
  0x2c, 0xeb, 0x1f, 0x61, 0x30, 0xf0, 0x20, 0x68, 0x82, 0xf4, 0x00, 0x48, 0x11,
  0xe4, 0x01, 0x6a, 0x44, 0xeb, 0xa2, 0xf5, 0x7c, 0xa4, 0x00, 0x6d, 0x6d, 0xea,
  0xa2, 0xf5, 0x5c, 0xc4, 0x91, 0x67, 0x00, 0x18, 0xb3, 0x1d, 0xc0, 0xf0, 0x54,
  0xa0, 0x4e, 0xe9, 0x1c, 0x29, 0x30, 0xf0, 0x20, 0x6a, 0x80, 0xf3, 0x40, 0x9a,
  0x40, 0x9a, 0x50, 0x32, 0x00, 0xf5, 0x42, 0x32, 0xe2, 0xf5, 0x5a, 0xc8, 0x11,
  0x10, 0x30, 0xf0, 0x20, 0x6a, 0x82, 0xf4, 0x00, 0x4a, 0x51, 0xe4, 0x01, 0x6a,
  0x44, 0xeb, 0xa2, 0xf5, 0x7c, 0xa4, 0x4f, 0xea, 0x01, 0x6d, 0x6c, 0xea, 0xa2,
  0xf5, 0x5c, 0xc4, 0x91, 0x67, 0x00, 0x18, 0xb3, 0x1d, 0x07, 0x97, 0x06, 0x91,
  0x05, 0x90, 0x04, 0x63, 0x00, 0xef, 0x00, 0x65, 0xfd, 0x63, 0x05, 0x62, 0xff,
  0x6a, 0x4c, 0xec, 0x01, 0x6d, 0x00, 0x18, 0xb3, 0x1d, 0x05, 0x97, 0x03, 0x63,
  0x00, 0xef, 0xfd, 0x63, 0x05, 0x62, 0xff, 0x6a, 0x4c, 0xec, 0x00, 0x6d, 0x00,
  0x18, 0xb3, 0x1d, 0x05, 0x97, 0x03, 0x63, 0x00, 0xef, 0xff, 0x6a, 0x4c, 0xec,
  0x05, 0x5c, 0xac, 0xea, 0x4b, 0x60, 0x30, 0xf0, 0x20, 0x6b, 0x88, 0x34, 0x60,
  0xf0, 0x04, 0x4b, 0x8d, 0xe3, 0x60, 0x9b, 0x00, 0xeb, 0x05, 0x22, 0x30, 0xf0,
  0x20, 0x6a, 0x80, 0xf3, 0x64, 0x9a, 0x2d, 0x10, 0x30, 0xf0, 0x20, 0x6a, 0x80,
  0xf3, 0x64, 0x9a, 0x20, 0x10, 0x05, 0x22, 0x30, 0xf0, 0x20, 0x6a, 0x80, 0xf3,
  0x68, 0x9a, 0x22, 0x10, 0x30, 0xf0, 0x20, 0x6a, 0x80, 0xf3, 0x68, 0x9a, 0x15,
  0x10, 0x05, 0x22, 0x30, 0xf0, 0x20, 0x6a, 0x80, 0xf3, 0x6c, 0x9a, 0x17, 0x10,
  0x30, 0xf0, 0x20, 0x6a, 0x80, 0xf3, 0x6c, 0x9a, 0x0a, 0x10, 0x05, 0x22, 0x30,
  0xf0, 0x20, 0x6a, 0x80, 0xf3, 0x70, 0x9a, 0x0c, 0x10, 0x30, 0xf0, 0x20, 0x6a,
  0x80, 0xf3, 0x70, 0x9a, 0x80, 0xa3, 0xf7, 0x6a, 0x0a, 0x10, 0x0c, 0x22, 0x30,
  0xf0, 0x20, 0x6a, 0x80, 0xf3, 0x74, 0x9a, 0x40, 0xa3, 0xff, 0x6c, 0x08, 0x6d,
  0x8c, 0xea, 0xad, 0xea, 0x8c, 0xea, 0x40, 0xc3, 0x20, 0xe8, 0x30, 0xf0, 0x20,
  0x6a, 0x80, 0xf3, 0x74, 0x9a, 0xf7, 0x6a, 0x80, 0xa3, 0x8c, 0xea, 0x40, 0xc3,
  0x20, 0xe8, 0x00, 0x65, 0xff, 0x6a, 0x4c, 0xec, 0x01, 0x6b, 0xac, 0xea, 0x6e,
  0xea, 0x01, 0x5a, 0x58, 0x67, 0x05, 0x5c, 0x48, 0x32, 0x08, 0x60, 0x30, 0xf0,
  0x20, 0x6b, 0x88, 0x34, 0x60, 0xf0, 0x18, 0x4b, 0x8d, 0xe3, 0x60, 0x9b, 0x00,
  0xeb, 0x01, 0x6a, 0x4b, 0xea, 0x20, 0xe8, 0x30, 0xf0, 0x20, 0x6b, 0x80, 0xf3,
  0x80, 0x9b, 0x30, 0xf0, 0x20, 0x6d, 0x80, 0xf3, 0xb8, 0x9d, 0x60, 0x9c, 0xac,
  0xeb, 0x1e, 0x10, 0x30, 0xf0, 0x20, 0x6b, 0x80, 0xf3, 0x80, 0x9b, 0x30, 0xf0,
  0x20, 0x6d, 0x80, 0xf3, 0xb8, 0x9d, 0x60, 0x9c, 0xac, 0xeb, 0x30, 0xf0, 0x20,
  0x6d, 0xa0, 0xf3, 0xa4, 0x9d, 0x0e, 0x10, 0x30, 0xf0, 0x20, 0x6b, 0x80, 0xf3,
  0x80, 0x9b, 0x30, 0xf0, 0x20, 0x6d, 0x80, 0xf3, 0xb8, 0x9d, 0x60, 0x9c, 0xac,
  0xeb, 0x30, 0xf0, 0x20, 0x6d, 0xa0, 0xf3, 0xa8, 0x9d, 0xad, 0xeb, 0x60, 0xdc,
  0x60, 0xf5, 0x60, 0x42, 0x1f, 0xf7, 0x00, 0x6c, 0x8c, 0xeb, 0x02, 0xf0, 0x00,
  0x73, 0x10, 0x61, 0x2e, 0x10, 0x30, 0xf0, 0x20, 0x6b, 0x80, 0xf3, 0x80, 0x9b,
  0x30, 0xf0, 0x20, 0x6d, 0x80, 0xf3, 0xb8, 0x9d, 0x60, 0x9c, 0xac, 0xeb, 0x30,
  0xf0, 0x20, 0x6d, 0xa0, 0xf3, 0xac, 0x9d, 0xe6, 0x17, 0x1e, 0x23, 0x30, 0xf0,
  0x20, 0x6b, 0xa0, 0xf3, 0x60, 0x9b, 0x1d, 0x10, 0x30, 0xf0, 0x20, 0x6b, 0x80,
  0xf3, 0x80, 0x9b, 0x30, 0xf0, 0x20, 0x6d, 0x80, 0xf3, 0xb8, 0x9d, 0x60, 0x9c,
  0xac, 0xeb, 0x30, 0xf0, 0x20, 0x6d, 0xa0, 0xf3, 0xb0, 0x9d, 0xad, 0xeb, 0x60,
  0xdc, 0x60, 0xf5, 0x60, 0x42, 0x1f, 0xf7, 0x00, 0x6c, 0x8c, 0xeb, 0x02, 0xf0,
  0x00, 0x73, 0x01, 0x60, 0x07, 0x2b, 0x30, 0xf0, 0x20, 0x6b, 0x80, 0xf3, 0x7c,
  0x9b, 0x69, 0xe2, 0x40, 0x9a, 0x20, 0xe8, 0x30, 0xf0, 0x20, 0x6b, 0xa0, 0xf3,
  0x60, 0x9b, 0x69, 0xe2, 0x40, 0x9a, 0x20, 0xe8, 0xff, 0x6a, 0x4c, 0xec, 0x01,
  0x74, 0xac, 0xea, 0x13, 0x60, 0x03, 0x24, 0x02, 0x74, 0x15, 0x60, 0x18, 0x10,
  0x30, 0xf0, 0x20, 0x6b, 0x82, 0xf4, 0x00, 0x4b, 0xe2, 0xf5, 0xd4, 0xa3, 0x01,
  0x6d, 0x4c, 0xed, 0x02, 0x6a, 0x4b, 0xea, 0xcc, 0xea, 0xad, 0xea, 0xe2, 0xf5,
  0x54, 0xc3, 0x09, 0x10, 0x30, 0xf0, 0x20, 0x6b, 0x65, 0xf2, 0x57, 0xc3, 0x04,
  0x10, 0x30, 0xf0, 0x20, 0x6b, 0x22, 0xf5, 0x54, 0xc3, 0x30, 0xf0, 0x20, 0x6a,
  0xa0, 0xf3, 0x54, 0x9a, 0x60, 0xa2, 0x10, 0x6a, 0x6c, 0xea, 0x24, 0x22, 0x02,
  0x5c, 0x03, 0x61, 0x02, 0x74, 0x17, 0x60, 0x20, 0xe8, 0x30, 0xf0, 0x20, 0x6b,
  0x82, 0xf4, 0x00, 0x4b, 0xe2, 0xf5, 0x94, 0xa3, 0x01, 0x6a, 0x8c, 0xea, 0xe2,
  0xf5, 0x97, 0xa3, 0x7f, 0x6b, 0x5c, 0x32, 0x8c, 0xeb, 0x6d, 0xea, 0xff, 0x6b,
  0x6c, 0xea, 0x30, 0xf0, 0x20, 0x6b, 0xa0, 0xf3, 0x78, 0x9b, 0x40, 0xc3, 0x20,
  0xe8, 0x30, 0xf0, 0x20, 0x6a, 0x22, 0xf5, 0x74, 0xa2, 0x30, 0xf0, 0x20, 0x6a,
  0xa0, 0xf3, 0x5c, 0x9a, 0x60, 0xc2, 0x20, 0xe8, 0x30, 0xf0, 0x20, 0x6a, 0xc0,
  0xf3, 0x40, 0x9a, 0x60, 0xa2, 0xff, 0x6a, 0x6c, 0xea, 0xff, 0x72, 0x00, 0x6a,
  0x0b, 0x61, 0x30, 0xf0, 0x20, 0x6a, 0xc0, 0xf3, 0x44, 0x9a, 0x60, 0xa2, 0x07,
  0x6a, 0x6c, 0xea, 0x07, 0x6b, 0x6e, 0xea, 0x01, 0x5a, 0x58, 0x67, 0x20, 0xe8,
  0xff, 0x6a, 0x4c, 0xec, 0x01, 0x74, 0xac, 0xea, 0x03, 0x60, 0x02, 0x74, 0x09,
  0x60, 0x20, 0xe8, 0x30, 0xf0, 0x20, 0x6a, 0x82, 0xf4, 0x00, 0x4a, 0x02, 0x6b,
  0xe2, 0xf5, 0x7c, 0xc2, 0x15, 0x10, 0x09, 0x2a, 0x30, 0xf0, 0x20, 0x6a, 0x82,
  0xf4, 0x00, 0x4a, 0xa0, 0xf0, 0x7a, 0xa2, 0xe2, 0xf5, 0x7c, 0xc2, 0x05, 0x10,
  0xff, 0x4a, 0x30, 0xf0, 0x20, 0x6b, 0x65, 0xf2, 0x5c, 0xc3, 0x30, 0xf0, 0x20,
  0x6a, 0x82, 0xf4, 0x00, 0x4a, 0xe2, 0xf5, 0x7c, 0xa2, 0xe2, 0xf5, 0x94, 0xa2,
  0xe2, 0xf5, 0x7d, 0xc2, 0x40, 0x6b, 0x8d, 0xeb, 0xe2, 0xf5, 0x74, 0xc2, 0x20,
  0xe8, 0xfd, 0x63, 0x05, 0x62, 0x00, 0x18, 0xc5, 0x06, 0x01, 0x72, 0x01, 0x6b,
  0x18, 0x61, 0x30, 0xf0, 0x20, 0x6a, 0x82, 0xf4, 0x00, 0x4a, 0xe2, 0xf5, 0x94,
  0xa2, 0x04, 0x6b, 0x8c, 0xeb, 0x02, 0x23, 0x02, 0x6b, 0x0d, 0x10, 0xa0, 0xf0,
  0x74, 0xa2, 0x05, 0x5b, 0x08, 0x6b, 0x08, 0x60, 0x62, 0xf6, 0x6c, 0xa2, 0x01,
  0x6a, 0x6c, 0xea, 0xff, 0x6b, 0x6c, 0xea, 0x0e, 0x22, 0x11, 0x6b, 0x30, 0xf0,
  0x20, 0x6a, 0xc0, 0xf3, 0x48, 0x9a, 0x60, 0xc2, 0x30, 0xf0, 0x20, 0x6a, 0xc0,
  0xf3, 0x4c, 0x9a, 0x02, 0x6b, 0x60, 0xc2, 0x00, 0x6a, 0x06, 0x10, 0x30, 0xf0,
  0x20, 0x6b, 0xc0, 0xf3, 0x68, 0x9b, 0x40, 0xc3, 0x01, 0x6a, 0x05, 0x97, 0x03,
  0x63, 0x00, 0xef, 0x00, 0x65, 0xfd, 0x63, 0x05, 0x62, 0x00, 0x18, 0xc5, 0x06,
  0x01, 0x72, 0x01, 0x6b, 0x28, 0x61, 0x30, 0xf0, 0x20, 0x6a, 0x82, 0xf4, 0x00,
  0x4a, 0xe2, 0xf5, 0x78, 0xa2, 0x03, 0x6c, 0x6c, 0xec, 0x02, 0x24, 0x02, 0x6b,
  0x1d, 0x10, 0xa0, 0xf0, 0x94, 0xa2, 0x02, 0x24, 0x04, 0x6b, 0x18, 0x10, 0x04,
  0x6c, 0x6c, 0xec, 0x02, 0x24, 0x08, 0x6b, 0x13, 0x10, 0x10, 0x6c, 0x8c, 0xeb,
  0x06, 0x23, 0x30, 0xf0, 0x20, 0x6a, 0xc0, 0xf3, 0x48, 0x9a, 0x80, 0xc2, 0x17,
  0x10, 0xe2, 0xf5, 0x94, 0xa2, 0x20, 0x6b, 0x6c, 0xec, 0x05, 0x24, 0xe2, 0xf5,
  0x50, 0xa2, 0x08, 0x22, 0x80, 0x6b, 0x6b, 0xeb, 0x30, 0xf0, 0x20, 0x6a, 0xc0,
  0xf3, 0x48, 0x9a, 0x60, 0xc2, 0x07, 0x10, 0x30, 0xf0, 0x20, 0x6b, 0xc0, 0xf3,
  0x68, 0x9b, 0x40, 0xc3, 0x01, 0x6a, 0x07, 0x10, 0x30, 0xf0, 0x20, 0x6a, 0xc0,
  0xf3, 0x4c, 0x9a, 0x04, 0x6b, 0x60, 0xc2, 0x00, 0x6a, 0x05, 0x97, 0x03, 0x63,
  0x00, 0xef, 0x30, 0xf0, 0x20, 0x6a, 0xc0, 0xf3, 0x50, 0x9a, 0x01, 0x6b, 0x40,
  0xa2, 0x13, 0x2a, 0x30, 0xf0, 0x20, 0x6a, 0xc0, 0xf3, 0x54, 0x9a, 0x60, 0xa2,
  0xff, 0x6a, 0x4c, 0xeb, 0x02, 0x23, 0x10, 0x6b, 0x09, 0x10, 0x30, 0xf0, 0x20,
  0x6a, 0xc0, 0xf3, 0x58, 0x9a, 0x80, 0xa2, 0x02, 0x6a, 0x8c, 0xea, 0x0e, 0x2a,
  0x04, 0x6b, 0x30, 0xf0, 0x20, 0x6a, 0xc0, 0xf3, 0x48, 0x9a, 0x60, 0xc2, 0x30,
  0xf0, 0x20, 0x6a, 0xc0, 0xf3, 0x4c, 0x9a, 0x08, 0x6b, 0x60, 0xc2, 0x00, 0x6a,
  0x20, 0xe8, 0x30, 0xf0, 0x20, 0x6a, 0xc0, 0xf3, 0x48, 0x9a, 0x60, 0xc2, 0x01,
  0x6a, 0x20, 0xe8, 0xff, 0x63, 0x01, 0xd0, 0x30, 0xf0, 0x20, 0x6b, 0x82, 0xf4,
  0x00, 0x4b, 0xe2, 0xf5, 0x15, 0xa3, 0x20, 0x6f, 0xff, 0x6a, 0x0c, 0xef, 0x4c,
  0xef, 0x4c, 0xec, 0x4c, 0xed, 0x4c, 0xee, 0x7d, 0x2f, 0xe2, 0xf5, 0x14, 0xa3,
  0x01, 0x6f, 0x0c, 0xef, 0x4c, 0xef, 0x09, 0x27, 0x02, 0xf6, 0x54, 0xa3, 0xe5,
  0x42, 0x03, 0x4a, 0x02, 0xf6, 0xef, 0xc3, 0x02, 0xf6, 0x4e, 0xc3, 0x08, 0x10,
  0x05, 0x6f, 0x02, 0xf6, 0xef, 0xc3, 0x05, 0x4e, 0x04, 0x6f, 0x02, 0xf6, 0xee,
  0xc3, 0x4c, 0xee, 0x30, 0xf0, 0x20, 0x6a, 0x82, 0xf4, 0x00, 0x4a, 0x02, 0xf6,
  0xed, 0xa2, 0x02, 0xf6, 0x6e, 0xa2, 0xe3, 0xeb, 0x09, 0x61, 0x02, 0xf6, 0x6f,
  0xa2, 0xe2, 0xf5, 0xde, 0xc2, 0x71, 0xe4, 0xb7, 0xe4, 0x02, 0xf6, 0xb0, 0xc2,
  0x09, 0x10, 0x02, 0xf6, 0x8f, 0xa2, 0x77, 0xe5, 0xb9, 0xe6, 0x6f, 0xe4, 0xe2,
  0xf5, 0xde, 0xc2, 0x02, 0xf6, 0x70, 0xc2, 0x30, 0xf0, 0x20, 0x6a, 0x82, 0xf4,
  0x00, 0x4a, 0x02, 0xf6, 0x6f, 0xa2, 0x02, 0xf6, 0x90, 0xa2, 0x0a, 0x4b, 0x82,
  0xeb, 0x02, 0x60, 0x02, 0xf6, 0x70, 0xc2, 0x30, 0xf0, 0x20, 0x6a, 0x82, 0xf4,
  0x00, 0x4a, 0x02, 0xf6, 0x70, 0xa2, 0xe2, 0xf5, 0x9e, 0xa2, 0x23, 0x4b, 0x82,
  0xeb, 0x02, 0x60, 0xe2, 0xf5, 0x7e, 0xc2, 0x30, 0xf0, 0x20, 0x6a, 0x82, 0xf4,
  0x00, 0x4a, 0x02, 0xf6, 0x70, 0xa2, 0xa0, 0xf0, 0x93, 0xa2, 0x02, 0xf6, 0x66,
  0xca, 0x18, 0x6b, 0x8c, 0xeb, 0x10, 0x73, 0x07, 0x61, 0xa0, 0xf0, 0x76, 0xa2,
  0x03, 0x6c, 0x76, 0x33, 0x8c, 0xeb, 0xe2, 0xf5, 0x7e, 0xc2, 0x30, 0xf0, 0x20,
  0x6a, 0xc0, 0xf3, 0x5c, 0x9a, 0x30, 0xf0, 0x20, 0x6c, 0x85, 0xf2, 0x86, 0xac,
  0xa0, 0xa2, 0xff, 0x6b, 0x6c, 0xed, 0x8e, 0xed, 0x02, 0x25, 0x8c, 0xeb, 0x60,
  0xc2, 0x30, 0xf0, 0x20, 0x6a, 0x82, 0xf4, 0x00, 0x4a, 0xe2, 0xf5, 0x95, 0xa2,
  0x41, 0x6b, 0x6b, 0xeb, 0x8c, 0xeb, 0xe2, 0xf5, 0x75, 0xc2, 0x04, 0x10, 0x40,
  0x6a, 0x0d, 0xea, 0xe2, 0xf5, 0x55, 0xc3, 0x01, 0x90, 0x01, 0x63, 0x20, 0xe8,
  0x30, 0xf0, 0x20, 0x6a, 0x82, 0xf4, 0x00, 0x4a, 0xa0, 0xf0, 0x7e, 0xa2, 0x02,
  0x6c, 0x8b, 0xec, 0x03, 0x6d, 0x8c, 0xeb, 0xab, 0xed, 0xac, 0xeb, 0x62, 0xf6,
  0xac, 0xa2, 0xac, 0xec, 0x62, 0xf6, 0x8c, 0xc2, 0x08, 0x6c, 0x8d, 0xeb, 0xa0,
  0xf0, 0x7e, 0xc2, 0x20, 0xe8, 0xff, 0x63, 0x01, 0xd1, 0x00, 0xd0, 0x30, 0xf0,
  0x20, 0x6a, 0x82, 0xf4, 0x00, 0x4a, 0xa0, 0xf0, 0xde, 0xa2, 0x01, 0x68, 0x70,
  0x67, 0xcc, 0xeb, 0xff, 0x6c, 0x25, 0x23, 0x62, 0xf6, 0xec, 0xa2, 0x02, 0x6d,
  0x67, 0x67, 0xac, 0xeb, 0x8c, 0xeb, 0x1e, 0x23, 0x30, 0xf0, 0x20, 0x6b, 0x62,
  0xf4, 0x28, 0xa3, 0x01, 0x49, 0x62, 0xf4, 0x28, 0xc3, 0x62, 0xf4, 0x28, 0xa3,
  0xc9, 0x59, 0x13, 0x61, 0x03, 0x69, 0x2b, 0xe9, 0xcc, 0xed, 0xec, 0xe9, 0x8c,
  0xed, 0x00, 0x6f, 0x62, 0xf6, 0x2c, 0xc2, 0x62, 0xf4, 0xe8, 0xc3, 0x08, 0x25,
  0xe2, 0xf5, 0x74, 0xa2, 0x6d, 0xe8, 0xd0, 0x6b, 0xe2, 0xf5, 0x14, 0xc2, 0x02,
  0xf6, 0x64, 0xca, 0x01, 0x91, 0x00, 0x90, 0x01, 0x63, 0x20, 0xe8, 0x00, 0x65,
  0xfc, 0x63, 0x07, 0x62, 0x06, 0xd1, 0x05, 0xd0, 0x30, 0xf0, 0x20, 0x68, 0x82,
  0xf4, 0x00, 0x48, 0xa0, 0xf0, 0x5e, 0xa0, 0x01, 0x69, 0x2c, 0xea, 0x0c, 0x22,
  0x62, 0xf6, 0xcd, 0xa0, 0xff, 0x6c, 0x55, 0x4c, 0x00, 0x6d, 0x00, 0x18, 0x97,
  0x15, 0x62, 0xf6, 0x4c, 0xa0, 0x4d, 0xe9, 0x62, 0xf6, 0x2c, 0xc0, 0x30, 0xf0,
  0x20, 0x6a, 0x82, 0xf4, 0x00, 0x4a, 0x82, 0xf0, 0x74, 0xa2, 0x01, 0x73, 0x0e,
  0x61, 0xa0, 0xf0, 0x9e, 0xa2, 0x08, 0x6b, 0x8c, 0xeb, 0x09, 0x2b, 0x62, 0xf6,
  0x6c, 0xa2, 0x02, 0x6a, 0x6c, 0xea, 0xff, 0x6b, 0x6c, 0xea, 0x02, 0x22, 0x00,
  0x18, 0x91, 0x07, 0x07, 0x97, 0x06, 0x91, 0x05, 0x90, 0x04, 0x63, 0x00, 0xef,
  0xfd, 0x63, 0x05, 0x62, 0x30, 0xf0, 0x20, 0x6a, 0x22, 0xf5, 0x7e, 0xa2, 0x01,
  0x6a, 0x6c, 0xea, 0x2b, 0x22, 0x30, 0xf0, 0x20, 0x6a, 0xe0, 0xf3, 0x40, 0x9a,
  0x00, 0x6b, 0x02, 0x6c, 0x60, 0xc2, 0x30, 0xf0, 0x20, 0x6a, 0xe0, 0xf3, 0x64,
  0x9a, 0x40, 0x9b, 0x8c, 0xea, 0x01, 0x22, 0x80, 0xdb, 0x00, 0x18, 0xa6, 0x1c,
  0x00, 0x6d, 0xff, 0x6c, 0xc5, 0x67, 0x00, 0x18, 0x87, 0x19, 0x30, 0xf0, 0x20,
  0x6a, 0x22, 0xf5, 0x7e, 0xa2, 0x02, 0x6a, 0x6c, 0xea, 0x04, 0x22, 0x01, 0x6c,
  0x0c, 0x6d, 0x00, 0x18, 0x9e, 0x06, 0x30, 0xf0, 0x20, 0x6a, 0x82, 0xf4, 0x00,
  0x4a, 0x62, 0xf6, 0x8c, 0xa2, 0x01, 0x6b, 0x8d, 0xeb, 0x62, 0xf6, 0x6c, 0xc2,
  0x05, 0x97, 0x03, 0x63, 0x00, 0xef, 0x00, 0x65, 0xfd, 0x63, 0x05, 0x62, 0x00,
  0x18, 0xa6, 0x1c, 0x00, 0x6d, 0xc5, 0x67, 0xff, 0x6c, 0x00, 0x18, 0x87, 0x19,
  0x01, 0x6c, 0x0c, 0x6d, 0x00, 0x18, 0x9e, 0x06, 0x05, 0x97, 0x03, 0x63, 0x00,
  0xef, 0xfd, 0x63, 0x05, 0x62, 0x04, 0xd0, 0xff, 0x68, 0x8c, 0xe8, 0x00, 0x18,
  0xa6, 0x1c, 0x05, 0x20, 0x00, 0x6d, 0xff, 0x6c, 0xc5, 0x67, 0x00, 0x18, 0x87,
  0x19, 0x01, 0x6c, 0x04, 0x6d, 0x00, 0x18, 0x9e, 0x06, 0x05, 0x97, 0x04, 0x90,
  0x03, 0x63, 0x00, 0xef, 0x00, 0x65, 0xfd, 0x63, 0x05, 0x62, 0x2e, 0x6e, 0xff,
  0x6c, 0x6f, 0x6d, 0x00, 0x18, 0x87, 0x19, 0x01, 0x6c, 0x02, 0x6d, 0x00, 0x18,
  0x9e, 0x06, 0x05, 0x97, 0x03, 0x63, 0x00, 0xef, 0xfc, 0x63, 0x07, 0x62, 0x06,
  0xd1, 0x05, 0xd0, 0x30, 0xf0, 0x20, 0x68, 0x82, 0xf4, 0x00, 0x48, 0xa0, 0xf0,
  0x7e, 0xa0, 0x01, 0x6a, 0xff, 0x69, 0x4c, 0xeb, 0x48, 0x23, 0x62, 0xf6, 0x6c,
  0xa0, 0x6c, 0xea, 0x2c, 0xea, 0x23, 0x2a, 0x62, 0xf6, 0xcd, 0xa0, 0xff, 0x6c,
  0x55, 0x4c, 0x00, 0x6d, 0x00, 0x18, 0x97, 0x15, 0x00, 0x18, 0xa6, 0x1c, 0x00,
  0x6d, 0x91, 0x67, 0xc5, 0x67, 0x00, 0x18, 0x87, 0x19, 0xa0, 0xf0, 0x7e, 0xa0,
  0x02, 0x6a, 0x6c, 0xea, 0x2c, 0xea, 0x04, 0x22, 0x01, 0x6c, 0x0c, 0x6d, 0x00,
  0x18, 0x9e, 0x06, 0x30, 0xf0, 0x20, 0x6a, 0x82, 0xf4, 0x00, 0x4a, 0x62, 0xf6,
  0x8c, 0xa2, 0x01, 0x6b, 0x8d, 0xeb, 0x62, 0xf6, 0x6c, 0xc2, 0x20, 0x10, 0x62,
  0xf6, 0xce, 0xa0, 0xff, 0x6c, 0x55, 0x4c, 0x00, 0x6d, 0x00, 0x18, 0x97, 0x15,
  0x62, 0xf6, 0x6c, 0xa0, 0x02, 0x6a, 0x4b, 0xea, 0x6c, 0xea, 0xa0, 0xf0, 0x7e,
  0xa0, 0x62, 0xf6, 0x4c, 0xc0, 0x02, 0x6a, 0x6c, 0xea, 0x2c, 0xea, 0x05, 0x22,
  0x01, 0x6c, 0x04, 0x6d, 0x00, 0x18, 0x9e, 0x06, 0x07, 0x10, 0xff, 0x6c, 0xa4,
  0x67, 0x31, 0x6e, 0x00, 0x18, 0x87, 0x19, 0x00, 0x18, 0xe0, 0x1c, 0x07, 0x97,
  0x06, 0x91, 0x05, 0x90, 0x04, 0x63, 0x00, 0xef, 0x00, 0x65, 0xfd, 0x63, 0x05,
  0x62, 0xff, 0x6c, 0xa4, 0x67, 0x2f, 0x6e, 0x00, 0x18, 0x87, 0x19, 0x00, 0x18,
  0x27, 0x1c, 0x00, 0x18, 0xe0, 0x1c, 0x01, 0x6c, 0x08, 0x6d, 0x00, 0x18, 0x9e,
  0x06, 0x05, 0x97, 0x03, 0x63, 0x00, 0xef, 0xfb, 0x63, 0x09, 0x62, 0x30, 0xf0,
  0x20, 0x6b, 0x22, 0xf5, 0xb3, 0xa3, 0x04, 0x6b, 0xff, 0x6a, 0xac, 0xeb, 0x4c,
  0xeb, 0x4c, 0xec, 0x09, 0x23, 0x7d, 0x67, 0x1e, 0x6a, 0x50, 0xc3, 0x01, 0x6a,
  0x92, 0xc3, 0x4f, 0xcb, 0x04, 0x04, 0x00, 0x18, 0x87, 0x12, 0x09, 0x97, 0x05,
  0x63, 0x00, 0xef, 0xfd, 0x63, 0x05, 0x62, 0x04, 0xd0, 0x30, 0xf0, 0x20, 0x6a,
  0x82, 0xf4, 0x00, 0x4a, 0xff, 0x68, 0x8c, 0xe8, 0xe2, 0xf5, 0x94, 0xa2, 0x03,
  0x6b, 0x6b, 0xeb, 0x41, 0x6d, 0x8c, 0xeb, 0xab, 0xed, 0xac, 0xeb, 0xe2, 0xf5,
  0xb5, 0xa2, 0xe2, 0xf5, 0x74, 0xc2, 0x11, 0x6b, 0x00, 0x6c, 0x6b, 0xeb, 0xe2,
  0xf5, 0x9f, 0xc2, 0xe2, 0xf5, 0x98, 0xc2, 0xac, 0xeb, 0x02, 0xf6, 0x80, 0xc2,
  0x90, 0x67, 0xe2, 0xf5, 0x75, 0xc2, 0x00, 0x18, 0x60, 0x1b, 0x90, 0x67, 0x00,
  0x18, 0x59, 0x1b, 0x90, 0x67, 0x00, 0x18, 0x6e, 0x1b, 0x05, 0x97, 0x04, 0x90,
  0x03, 0x63, 0x00, 0xef, 0xfc, 0x63, 0x07, 0x62, 0x06, 0xd1, 0x05, 0xd0, 0x30,
  0xf0, 0x20, 0x68, 0xff, 0x69, 0x82, 0xf4, 0x00, 0x48, 0x8c, 0xe9, 0xc0, 0xf0,
  0x94, 0xa0, 0x00, 0x18, 0xfe, 0x05, 0x01, 0x72, 0x2c, 0x61, 0xe2, 0xf5, 0x75,
  0xa0, 0x09, 0x6a, 0x4b, 0xea, 0x6c, 0xea, 0xff, 0x6c, 0x6f, 0x6d, 0x2c, 0x6e,
  0xe2, 0xf5, 0x55, 0xc0, 0x00, 0x18, 0x87, 0x19, 0x80, 0xf0, 0x92, 0xa0, 0x01,
  0x6d, 0x08, 0x6e, 0xf1, 0x67, 0x00, 0x18, 0x8c, 0x0d, 0x01, 0x72, 0x0b, 0x61,
  0xe2, 0xf5, 0x75, 0xa0, 0x02, 0x6a, 0x01, 0x6c, 0x6d, 0xea, 0x0e, 0x6d, 0xe2,
  0xf5, 0x55, 0xc0, 0x00, 0x18, 0x9e, 0x06, 0x0c, 0x10, 0x30, 0xf0, 0x20, 0x6a,
  0xc0, 0xf3, 0x4c, 0x9a, 0x01, 0x6b, 0x60, 0xc2, 0x30, 0xf0, 0x20, 0x6a, 0xc0,
  0xf3, 0x48, 0x9a, 0x02, 0x6b, 0x60, 0xc2, 0x07, 0x97, 0x06, 0x91, 0x05, 0x90,
  0x04, 0x63, 0x00, 0xef, 0x00, 0x65, 0xfd, 0x63, 0x05, 0x62, 0xf0, 0x6d, 0x01,
  0x6c, 0x00, 0x18, 0x9e, 0x06, 0x00, 0x6c, 0x00, 0x18, 0x02, 0x1c, 0x00, 0x18,
  0x3e, 0x19, 0x00, 0x18, 0x2d, 0x19, 0x01, 0x6c, 0x00, 0x18, 0x02, 0x1c, 0x01,
  0x6c, 0x00, 0x6d, 0x00, 0x18, 0x9e, 0x06, 0x05, 0x97, 0x03, 0x63, 0x00, 0xef,
  0x00, 0x65, 0xfd, 0x63, 0x05, 0x62, 0x30, 0xf0, 0x20, 0x6a, 0x65, 0xf2, 0x57,
  0xa2, 0x02, 0x22, 0x08, 0x72, 0x06, 0x61, 0x00, 0x18, 0x25, 0x07, 0x01, 0x72,
  0x02, 0x61, 0x00, 0x18, 0x78, 0x08, 0x05, 0x97, 0x03, 0x63, 0x00, 0xef, 0xfd,
  0x63, 0x05, 0x62, 0x30, 0xf0, 0x20, 0x6a, 0x65, 0xf2, 0x74, 0xa2, 0x01, 0x6a,
  0x6c, 0xea, 0x02, 0x22, 0x00, 0x18, 0x84, 0x08, 0x05, 0x97, 0x03, 0x63, 0x00,
  0xef, 0xfc, 0x63, 0x07, 0x62, 0x06, 0xd1, 0x05, 0xd0, 0x30, 0xf0, 0x20, 0x6b,
  0xe0, 0xf3, 0x68, 0x9b, 0xff, 0x6a, 0x24, 0x67, 0x00, 0xa3, 0x82, 0x67, 0xa2,
  0x67, 0x2d, 0x6e, 0x4c, 0xe9, 0x4c, 0xe8, 0x00, 0x18, 0x87, 0x19, 0x00, 0x18,
  0x27, 0x1c, 0x06, 0x2a, 0xff, 0x6c, 0xb0, 0x67, 0x2d, 0x6e, 0x00, 0x18, 0x87,
  0x19, 0x2c, 0x10, 0x05, 0x59, 0x24, 0x60, 0x30, 0xf0, 0x20, 0x6a, 0x28, 0x31,
  0x80, 0xf0, 0x0c, 0x4a, 0x29, 0xe2, 0x40, 0x9a, 0x00, 0xea, 0x00, 0x6c, 0x08,
  0x6d, 0x17, 0x10, 0x30, 0xf0, 0x20, 0x6a, 0x04, 0x6c, 0xe0, 0xf3, 0xac, 0x9a,
  0x11, 0x10, 0x30, 0xf0, 0x20, 0x6a, 0x04, 0x6c, 0xe0, 0xf3, 0xb0, 0x9a, 0x0b,
  0x10, 0x30, 0xf0, 0x20, 0x6a, 0x04, 0x6c, 0xe0, 0xf3, 0xb4, 0x9a, 0x05, 0x10,
  0x30, 0xf0, 0x20, 0x6a, 0xe0, 0xf3, 0xb8, 0x9a, 0x04, 0x6c, 0x00, 0x18, 0x73,
  0x04, 0x00, 0x18, 0xe0, 0x1c, 0x01, 0x6c, 0x00, 0x6d, 0x00, 0x18, 0x9e, 0x06,
  0x07, 0x97, 0x06, 0x91, 0x05, 0x90, 0x04, 0x63, 0x00, 0xef, 0xfd, 0x63, 0x05,
  0x62, 0x30, 0xf0, 0x20, 0x6b, 0x65, 0xf2, 0xb5, 0xa3, 0x08, 0x6b, 0xff, 0x6a,
  0xac, 0xeb, 0x4c, 0xeb, 0x4c, 0xec, 0x03, 0x2b, 0x01, 0x6c, 0x0c, 0x6d, 0x05,
  0x10, 0x01, 0x6d, 0x00, 0x18, 0x4b, 0x0c, 0x01, 0x6c, 0x04, 0x6d, 0x00, 0x18,
  0x9e, 0x06, 0x00, 0x6d, 0xff, 0x6c, 0xc5, 0x67, 0x00, 0x18, 0x87, 0x19, 0x05,
  0x97, 0x03, 0x63, 0x00, 0xef, 0xfd, 0x63, 0x05, 0x62, 0x30, 0xf0, 0x20, 0x6b,
  0x65, 0xf2, 0xb5, 0xa3, 0x04, 0x6b, 0xff, 0x6a, 0xac, 0xeb, 0x4c, 0xeb, 0x4c,
  0xec, 0x06, 0x2b, 0x03, 0x6d, 0x00, 0x18, 0x4b, 0x0c, 0x01, 0x6c, 0x04, 0x6d,
  0x05, 0x10, 0x00, 0x6d, 0x00, 0x18, 0x4b, 0x0c, 0x01, 0x6c, 0x0c, 0x6d, 0x00,
  0x18, 0x9e, 0x06, 0x00, 0x6d, 0xff, 0x6c, 0xc5, 0x67, 0x00, 0x18, 0x87, 0x19,
  0x05, 0x97, 0x03, 0x63, 0x00, 0xef, 0x00, 0x65, 0xfd, 0x63, 0x05, 0x62, 0xff,
  0x6a, 0x4c, 0xec, 0x00, 0x6d, 0x00, 0x18, 0x4b, 0x0c, 0x00, 0x6d, 0xc5, 0x67,
  0xff, 0x6c, 0x00, 0x18, 0x87, 0x19, 0x01, 0x6c, 0x0c, 0x6d, 0x00, 0x18, 0x9e,
  0x06, 0x05, 0x97, 0x03, 0x63, 0x00, 0xef, 0x00, 0x65, 0xfc, 0x63, 0x07, 0x62,
  0x06, 0xd1, 0x05, 0xd0, 0xff, 0x69, 0x2c, 0xec, 0xac, 0xe9, 0x3a, 0x24, 0x30,
  0xf0, 0x20, 0x68, 0x82, 0xf4, 0x00, 0x48, 0xc0, 0xf0, 0x94, 0xa0, 0x00, 0x18,
  0xfe, 0x05, 0x01, 0x72, 0x30, 0x61, 0xe2, 0xf5, 0x75, 0xa0, 0x05, 0x6a, 0x4b,
  0xea, 0x6c, 0xea, 0x2b, 0x6e, 0xff, 0x6c, 0x0f, 0x6d, 0xe2, 0xf5, 0x55, 0xc0,
  0x00, 0x18, 0x87, 0x19, 0x91, 0x67, 0x02, 0x6d, 0x00, 0x18, 0x4b, 0x0c, 0x80,
  0xf0, 0x92, 0xa0, 0x00, 0x6d, 0x08, 0x6e, 0xf1, 0x67, 0x00, 0x18, 0x8c, 0x0d,
  0x01, 0x72, 0x0b, 0x61, 0xe2, 0xf5, 0x75, 0xa0, 0x01, 0x6a, 0x01, 0x6c, 0x6d,
  0xea, 0x06, 0x6d, 0xe2, 0xf5, 0x55, 0xc0, 0x00, 0x18, 0x9e, 0x06, 0x0c, 0x10,
  0x30, 0xf0, 0x20, 0x6a, 0xc0, 0xf3, 0x4c, 0x9a, 0x01, 0x6b, 0x60, 0xc2, 0x30,
  0xf0, 0x20, 0x6a, 0xc0, 0xf3, 0x48, 0x9a, 0x08, 0x6b, 0x60, 0xc2, 0x07, 0x97,
  0x06, 0x91, 0x05, 0x90, 0x04, 0x63, 0x00, 0xef, 0x00, 0x65, 0xfc, 0x63, 0x07,
  0x62, 0x06, 0xd1, 0x05, 0xd0, 0x25, 0x67, 0x30, 0xf0, 0x20, 0x6d, 0x82, 0xf4,
  0x00, 0x4d, 0x06, 0x67, 0xe2, 0xf5, 0xd5, 0xa5, 0x03, 0x6b, 0xff, 0x6a, 0xcc,
  0xeb, 0x4c, 0xeb, 0x4c, 0xec, 0x4c, 0xe9, 0x4c, 0xe8, 0xe0, 0xf0, 0x03, 0x2b,
  0xe2, 0xf5, 0x57, 0xa5, 0x8e, 0xea, 0xc0, 0xf0, 0x1e, 0x22, 0x0d, 0x5c, 0xc0,
  0xf0, 0x1b, 0x60, 0x30, 0xf0, 0x20, 0x6a, 0x88, 0x34, 0xa0, 0xf0, 0x00, 0x4a,
  0x89, 0xe2, 0x40, 0x9a, 0x00, 0xea, 0x30, 0xf0, 0x20, 0x6a, 0x65, 0xf2, 0x57,
  0xa2, 0x0e, 0x72, 0x03, 0x61, 0x90, 0x67, 0x00, 0x18, 0xba, 0x08, 0x30, 0xf0,
  0x20, 0x6a, 0x65, 0xf2, 0x57, 0xa2, 0x03, 0x2a, 0x01, 0x6c, 0x00, 0x18, 0xeb,
  0x07, 0x30, 0xf0, 0x20, 0x6a, 0x65, 0xf2, 0x57, 0xa2, 0x06, 0x72, 0x03, 0x61,
  0x90, 0x67, 0x00, 0x18, 0xc9, 0x08, 0x30, 0xf0, 0x20, 0x6a, 0x65, 0xf2, 0x57,
  0xa2, 0x04, 0x72, 0x09, 0x61, 0x05, 0x21, 0x91, 0x67, 0xb0, 0x67, 0x00, 0x18,
  0xe4, 0x08, 0x03, 0x10, 0x90, 0x67, 0x00, 0x18, 0xda, 0x08, 0x30, 0xf0, 0x20,
  0x6a, 0x65, 0xf2, 0x57, 0xa2, 0x08, 0x72, 0xa0, 0xf0, 0x03, 0x61, 0x00, 0x18,
  0xe3, 0x07, 0xa0, 0x10, 0x30, 0xf0, 0x20, 0x6a, 0x65, 0xf2, 0x57, 0xa2, 0x03,
  0x2a, 0x01, 0x6c, 0x00, 0x18, 0xeb, 0x07, 0x30, 0xf0, 0x20, 0x6a, 0x65, 0xf2,
  0x57, 0xa2, 0x06, 0x72, 0x03, 0x61, 0x90, 0x67, 0x00, 0x18, 0xc9, 0x08, 0x30,
  0xf0, 0x20, 0x6a, 0x65, 0xf2, 0x57, 0xa2, 0x0e, 0x72, 0x07, 0x61, 0x00, 0x18,
  0xe7, 0x06, 0x01, 0x72, 0x03, 0x61, 0x90, 0x67, 0x00, 0x18, 0xba, 0x08, 0x30,
  0xf0, 0x20, 0x6a, 0x65, 0xf2, 0x57, 0xa2, 0x0c, 0x72, 0x7c, 0x61, 0x00, 0x18,
  0xe7, 0x06, 0x01, 0x72, 0x78, 0x61, 0x90, 0x67, 0x00, 0x18, 0x57, 0x08, 0x74,
  0x10, 0x30, 0xf0, 0x20, 0x6a, 0x65, 0xf2, 0x57, 0xa2, 0x0e, 0x72, 0x07, 0x61,
  0x00, 0x18, 0xe7, 0x06, 0x01, 0x72, 0x03, 0x61, 0x90, 0x67, 0x00, 0x18, 0xba,
  0x08, 0x30, 0xf0, 0x20, 0x6a, 0x65, 0xf2, 0x57, 0xa2, 0x06, 0x72, 0x03, 0x61,
  0x90, 0x67, 0x00, 0x18, 0xc9, 0x08, 0x30, 0xf0, 0x20, 0x6a, 0x65, 0xf2, 0x57,
  0xa2, 0x0c, 0x72, 0x07, 0x61, 0x00, 0x18, 0xe7, 0x06, 0x01, 0x72, 0x03, 0x61,
  0x90, 0x67, 0x00, 0x18, 0x57, 0x08, 0x30, 0xf0, 0x20, 0x6a, 0x65, 0xf2, 0x57,
  0xa2, 0x04, 0x72, 0x4b, 0x61, 0x00, 0x18, 0x02, 0x07, 0x01, 0x72, 0x47, 0x61,
  0x90, 0x67, 0x00, 0x18, 0x94, 0x08, 0x43, 0x10, 0x30, 0xf0, 0x20, 0x6a, 0x65,
  0xf2, 0x57, 0xa2, 0x0e, 0x72, 0x07, 0x61, 0x00, 0x18, 0xe7, 0x06, 0x01, 0x72,
  0x03, 0x61, 0x90, 0x67, 0x00, 0x18, 0xba, 0x08, 0x30, 0xf0, 0x20, 0x6a, 0x65,
  0xf2, 0x57, 0xa2, 0x06, 0x72, 0x03, 0x61, 0x90, 0x67, 0x00, 0x18, 0xc9, 0x08,
  0x30, 0xf0, 0x20, 0x6a, 0x65, 0xf2, 0x57, 0xa2, 0x0c, 0x72, 0x07, 0x61, 0x00,
  0x18, 0xe7, 0x06, 0x01, 0x72, 0x03, 0x61, 0x90, 0x67, 0x00, 0x18, 0x57, 0x08,
  0x30, 0xf0, 0x20, 0x6a, 0x65, 0xf2, 0x57, 0xa2, 0x03, 0x2a, 0x01, 0x6c, 0x00,
  0x18, 0xeb, 0x07, 0x30, 0xf0, 0x20, 0x6a, 0x65, 0xf2, 0x57, 0xa2, 0x04, 0x72,
  0x12, 0x61, 0x00, 0x18, 0xf6, 0x07, 0x0f, 0x10, 0x30, 0xf0, 0x20, 0x6a, 0x82,
  0xf4, 0x00, 0x4a, 0xe2, 0xf5, 0x77, 0xa2, 0x0c, 0x73, 0x07, 0x61, 0xe2, 0xf5,
  0x74, 0xa2, 0x20, 0x6a, 0x6c, 0xea, 0x02, 0x22, 0x00, 0x18, 0x2b, 0x08, 0x07,
  0x97, 0x06, 0x91, 0x05, 0x90, 0x04, 0x63, 0x00, 0xef, 0x00, 0x65, 0xfc, 0x63,
  0x07, 0x62, 0x06, 0xd1, 0x05, 0xd0, 0x30, 0xf0, 0x20, 0x68, 0x82, 0xf4, 0x00,
  0x48, 0xe2, 0xf5, 0x78, 0xa0, 0x10, 0x6a, 0xff, 0x69, 0x6d, 0xea, 0xe2, 0xf5,
  0x58, 0xc0, 0xe2, 0xf5, 0x5f, 0xa0, 0x8c, 0xe9, 0x02, 0x5a, 0x0d, 0x60, 0xe2,
  0xf5, 0xde, 0xa0, 0xff, 0x6c, 0x55, 0x4c, 0xd9, 0xe2, 0x00, 0x6d, 0x00, 0x18,
  0x97, 0x15, 0xe2, 0xf5, 0x7f, 0xa0, 0xe2, 0xf5, 0x5e, 0xa0, 0x14, 0x10, 0x03,
  0x6b, 0x78, 0xea, 0xe2, 0xf5, 0xde, 0xa0, 0xff, 0x6c, 0x55, 0x4c, 0xfe, 0x4e,
  0x00, 0x6d, 0x12, 0xea, 0x59, 0xe6, 0x00, 0x18, 0x97, 0x15, 0xe2, 0xf5, 0x5f,
  0xa0, 0x03, 0x6c, 0xe2, 0xf5, 0x7e, 0xa0, 0x98, 0xea, 0xfe, 0x4b, 0x12, 0xea,
  0x49, 0xe3, 0x02, 0xf6, 0x51, 0xc0, 0x30, 0xf0, 0x20, 0x6a, 0x65, 0xf2, 0x57,
  0xa2, 0x04, 0x6b, 0x6c, 0xea, 0x05, 0x2a, 0x83, 0x67, 0x01, 0x6d, 0xd1, 0x67,
  0x00, 0x18, 0x08, 0x09, 0x07, 0x97, 0x06, 0x91, 0x05, 0x90, 0x04, 0x63, 0x00,
  0xef, 0x00, 0x65, 0xfb, 0x63, 0x09, 0x62, 0x08, 0xd1, 0x07, 0xd0, 0xff, 0x6a,
  0x4c, 0xec, 0x30, 0xf0, 0x20, 0x69, 0x82, 0xf4, 0x00, 0x49, 0x04, 0xd4, 0xa0,
  0xf0, 0x90, 0xa1, 0x00, 0x6b, 0x02, 0xf6, 0x63, 0xc1, 0x7f, 0x6b, 0x8c, 0xeb,
  0x4c, 0xeb, 0x11, 0x23, 0xc0, 0xf0, 0x94, 0xa1, 0x01, 0x68, 0x00, 0x18, 0xfe,
  0x05, 0x4e, 0xe8, 0x0a, 0x28, 0x04, 0x94, 0xe2, 0xf5, 0xbc, 0xa1, 0x00, 0x18,
  0x1c, 0x1c, 0x04, 0x94, 0xe2, 0xf5, 0x1d, 0xc1, 0x00, 0x18, 0x87, 0x09, 0x09,
  0x97, 0x08, 0x91, 0x07, 0x90, 0x05, 0x63, 0x00, 0xef, 0xfb, 0x63, 0x09, 0x62,
  0x08, 0xd1, 0x07, 0xd0, 0x30, 0xf0, 0x20, 0x68, 0x82, 0xf4, 0x00, 0x48, 0xa0,
  0xf0, 0x70, 0xa0, 0x00, 0x6a, 0x02, 0xf6, 0x43, 0xc0, 0x7f, 0x6a, 0xff, 0x69,
  0x6c, 0xea, 0x2c, 0xec, 0x2c, 0xea, 0x04, 0xd4, 0x15, 0x22, 0xc0, 0xf0, 0x94,
  0xa0, 0x00, 0x18, 0xfe, 0x05, 0x01, 0x72, 0x0f, 0x61, 0xa0, 0xf0, 0x71, 0xa0,
  0x0f, 0x6a, 0x6c, 0xea, 0x2c, 0xea, 0x06, 0x22, 0xe2, 0xf5, 0x75, 0xa0, 0x10,
  0x6a, 0x6c, 0xea, 0x2c, 0xea, 0x03, 0x2a, 0x04, 0x94, 0x00, 0x18, 0x87, 0x09,
  0x09, 0x97, 0x08, 0x91, 0x07, 0x90, 0x05, 0x63, 0x00, 0xef, 0xfd, 0x63, 0x05,
  0x62, 0x30, 0xf0, 0x20, 0x6a, 0xff, 0x6e, 0x8c, 0xee, 0x22, 0xf5, 0x94, 0xa2,
  0x01, 0x6d, 0x00, 0x18, 0x08, 0x09, 0x05, 0x97, 0x03, 0x63, 0x00, 0xef, 0xfc,
  0x63, 0x07, 0x62, 0x06, 0xd1, 0x05, 0xd0, 0xff, 0x69, 0x8c, 0xe9, 0x05, 0x59,
  0x3d, 0x60, 0x30, 0xf0, 0x20, 0x6a, 0x28, 0x33, 0xc0, 0xf0, 0x14, 0x4a, 0x69,
  0xe2, 0x40, 0x9a, 0x00, 0xea, 0x30, 0xf0, 0x20, 0x6a, 0xe0, 0xf3, 0xbc, 0x9a,
  0x01, 0x6c, 0x00, 0x18, 0x73, 0x04, 0x00, 0x6c, 0x08, 0x6d, 0x29, 0x10, 0x04,
  0x6c, 0x0f, 0x6d, 0x00, 0x18, 0x73, 0x04, 0x30, 0xf0, 0x20, 0x6a, 0x04, 0x6c,
  0xe0, 0xf3, 0xac, 0x9a, 0x1f, 0x10, 0x04, 0x6c, 0xf0, 0x6d, 0x00, 0x18, 0x73,
  0x04, 0x30, 0xf0, 0x20, 0x6a, 0x04, 0x6c, 0xe0, 0xf3, 0xb0, 0x9a, 0x15, 0x10,
  0x04, 0x6c, 0x01, 0xf7, 0x00, 0x6d, 0x00, 0x18, 0x73, 0x04, 0x30, 0xf0, 0x20,
  0x6a, 0x04, 0x6c, 0xe0, 0xf3, 0xb4, 0x9a, 0x0a, 0x10, 0x04, 0x6c, 0x1e, 0xf0,
  0x00, 0x6d, 0x00, 0x18, 0x73, 0x04, 0x30, 0xf0, 0x20, 0x6a, 0xe0, 0xf3, 0xb8,
  0x9a, 0x04, 0x6c, 0x00, 0x18, 0x73, 0x04, 0x30, 0xf0, 0x20, 0x6a, 0x00, 0xf4,
  0x60, 0x9a, 0xff, 0x6c, 0x07, 0x6e, 0x40, 0xa3, 0x8c, 0xea, 0xcd, 0xea, 0x8c,
  0xea, 0x40, 0xc3, 0x30, 0xf0, 0x20, 0x6a, 0x82, 0xf4, 0x00, 0x4a, 0x02, 0xf6,
  0xa6, 0xaa, 0x30, 0xf0, 0x20, 0x6b, 0xc0, 0xf3, 0x7c, 0x9b, 0x8c, 0xed, 0xa0,
  0xc3, 0xa0, 0xf0, 0xf6, 0xa2, 0x80, 0x6d, 0xab, 0xed, 0x1f, 0x6b, 0xec, 0xed,
  0xec, 0xeb, 0x8c, 0xed, 0x8c, 0xeb, 0x15, 0x25, 0x6f, 0x35, 0x8c, 0xed, 0xe2,
  0x45, 0x01, 0x4d, 0x62, 0xf6, 0xe4, 0xc2, 0x62, 0xf6, 0xa5, 0xc2, 0xa0, 0xf0,
  0x53, 0xa2, 0xcc, 0xeb, 0x56, 0x32, 0x4c, 0x32, 0x4d, 0xeb, 0x30, 0xf0, 0x20,
  0x6a, 0x00, 0xf4, 0x44, 0x9a, 0x8c, 0xeb, 0x60, 0xc2, 0x0b, 0x10, 0x04, 0x6b,
  0x62, 0xf6, 0x64, 0xc2, 0x03, 0x6b, 0x62, 0xf6, 0x65, 0xc2, 0x30, 0xf0, 0x20,
  0x6a, 0x00, 0xf4, 0x44, 0x9a, 0xa0, 0xc2, 0x30, 0xf0, 0x20, 0x68, 0x82, 0xf4,
  0x00, 0x48, 0xc0, 0xf0, 0x94, 0xa0, 0x00, 0x18, 0xfe, 0x05, 0x01, 0x72, 0x12,
  0x61, 0xe2, 0xf5, 0x74, 0xa0, 0x21, 0x6a, 0x4b, 0xea, 0x6c, 0xea, 0xe2, 0xf5,
  0x54, 0xc0, 0xe2, 0xf5, 0x57, 0xa0, 0x04, 0x6b, 0x6c, 0xea, 0x0c, 0x2a, 0x83,
  0x67, 0x01, 0x6d, 0xd1, 0x67, 0x00, 0x18, 0x08, 0x09, 0x06, 0x10, 0xe2, 0xf5,
  0x74, 0xa0, 0x20, 0x6a, 0x6d, 0xea, 0xe2, 0xf5, 0x54, 0xc0, 0x07, 0x97, 0x06,
  0x91, 0x05, 0x90, 0x04, 0x63, 0x00, 0xef, 0x00, 0x65, 0xfc, 0x63, 0x07, 0x62,
  0x06, 0xd1, 0x05, 0xd0, 0xff, 0x69, 0x2c, 0xec, 0xac, 0xe9, 0x7f, 0x2c, 0x05,
  0x59, 0x3f, 0x60, 0x30, 0xf0, 0x20, 0x6a, 0x28, 0x33, 0xe0, 0xf0, 0x08, 0x4a,
  0x69, 0xe2, 0x40, 0x9a, 0x00, 0xea, 0x30, 0xf0, 0x20, 0x6a, 0xe0, 0xf3, 0xbc,
  0x9a, 0x01, 0x6c, 0x00, 0x18, 0xa4, 0x04, 0x00, 0x6c, 0x08, 0x6d, 0x00, 0x18,
  0xa4, 0x04, 0x2b, 0x10, 0x04, 0x6c, 0x0f, 0x6d, 0x00, 0x18, 0x73, 0x04, 0x30,
  0xf0, 0x20, 0x6a, 0x04, 0x6c, 0xe0, 0xf3, 0xac, 0x9a, 0x1f, 0x10, 0x04, 0x6c,
  0xf0, 0x6d, 0x00, 0x18, 0x73, 0x04, 0x30, 0xf0, 0x20, 0x6a, 0x04, 0x6c, 0xe0,
  0xf3, 0xb0, 0x9a, 0x15, 0x10, 0x04, 0x6c, 0x01, 0xf7, 0x00, 0x6d, 0x00, 0x18,
  0x73, 0x04, 0x30, 0xf0, 0x20, 0x6a, 0x04, 0x6c, 0xe0, 0xf3, 0xb4, 0x9a, 0x0a,
  0x10, 0x04, 0x6c, 0x1e, 0xf0, 0x00, 0x6d, 0x00, 0x18, 0x73, 0x04, 0x30, 0xf0,
  0x20, 0x6a, 0xe0, 0xf3, 0xb8, 0x9a, 0x04, 0x6c, 0x00, 0x18, 0x73, 0x04, 0x30,
  0xf0, 0x20, 0x6a, 0xe0, 0xf3, 0x40, 0x9a, 0x00, 0x6b, 0x30, 0xf0, 0x20, 0x68,
  0x60, 0xc2, 0x30, 0xf0, 0x20, 0x6a, 0xe0, 0xf3, 0x44, 0x9a, 0x02, 0x6b, 0x82,
  0xf4, 0x00, 0x48, 0x60, 0xda, 0xc0, 0xf0, 0x94, 0xa0, 0x00, 0x18, 0xfe, 0x05,
  0x10, 0x2a, 0x00, 0x18, 0xa6, 0x1c, 0x91, 0x67, 0x00, 0x18, 0xda, 0x08, 0xe2,
  0xf5, 0x75, 0xa0, 0x02, 0x6a, 0x4b, 0xea, 0x6c, 0xea, 0x03, 0x6b, 0x6b, 0xeb,
  0x6c, 0xea, 0xe2, 0xf5, 0x55, 0xc0, 0x05, 0x10, 0x0c, 0x6c, 0x01, 0x6d, 0xd1,
  0x67, 0x00, 0x18, 0x08, 0x09, 0x30, 0xf0, 0x20, 0x6a, 0x82, 0xf4, 0x00, 0x4a,
  0xe2, 0xf5, 0x94, 0xa2, 0x05, 0x6b, 0x6b, 0xeb, 0x8c, 0xeb, 0xe2, 0xf5, 0x74,
  0xc2, 0x30, 0xf0, 0x20, 0x6a, 0x00, 0xf4, 0x60, 0x9a, 0xf8, 0x6a, 0x80, 0xa3,
  0x8c, 0xea, 0x40, 0xc3, 0x05, 0x10, 0x01, 0x74, 0x03, 0x61, 0x91, 0x67, 0x00,
  0x18, 0xdf, 0x09, 0x07, 0x97, 0x06, 0x91, 0x05, 0x90, 0x04, 0x63, 0x00, 0xef,
  0x00, 0x65, 0xfb, 0x63, 0x09, 0x62, 0x08, 0xd1, 0x07, 0xd0, 0xff, 0x69, 0x30,
  0xf0, 0x20, 0x68, 0x2c, 0xec, 0x82, 0xf4, 0x00, 0x48, 0x04, 0xd4, 0x00, 0x18,
  0x40, 0x08, 0xa0, 0xf0, 0x90, 0xa0, 0x7f, 0x6a, 0x04, 0x95, 0x4c, 0xec, 0x2c,
  0xec, 0x00, 0x18, 0x36, 0x0a, 0xa0, 0xf0, 0x50, 0xa0, 0x7f, 0x6b, 0x6c, 0xea,
  0x2c, 0xea, 0x09, 0x22, 0xa0, 0xf0, 0x51, 0xa0, 0x0f, 0x6c, 0xa0, 0xf0, 0xb2,
  0xa0, 0x4c, 0xec, 0x2c, 0xec, 0x00, 0x18, 0xd0, 0x06, 0x09, 0x97, 0x08, 0x91,
  0x07, 0x90, 0x05, 0x63, 0x00, 0xef, 0x00, 0x65, 0xfd, 0x63, 0x05, 0x62, 0x30,
  0xf0, 0x20, 0x6c, 0x42, 0xf5, 0x13, 0x4c, 0x00, 0x6d, 0x07, 0x6e, 0x00, 0x18,
  0x64, 0x12, 0x05, 0x97, 0x03, 0x63, 0x00, 0xef, 0x00, 0x65, 0xfc, 0x63, 0x07,
  0x62, 0x06, 0xd1, 0x05, 0xd0, 0x30, 0xf0, 0x20, 0x6c, 0x70, 0x6e, 0x65, 0xf2,
  0x14, 0x4c, 0x00, 0x6d, 0x30, 0xf0, 0x20, 0x68, 0x00, 0x18, 0x64, 0x12, 0x82,
  0xf4, 0x00, 0x48, 0x02, 0x6a, 0xa0, 0xf0, 0x52, 0xc0, 0x01, 0x6a, 0xe2, 0xf5,
  0x5c, 0xc0, 0xe2, 0xf5, 0x5d, 0xc0, 0x05, 0x6a, 0x02, 0xf6, 0x46, 0xc8, 0x02,
  0xf6, 0x54, 0xa0, 0x00, 0x6c, 0x10, 0x69, 0x05, 0x4a, 0xa4, 0x67, 0x02, 0xf6,
  0x50, 0xc0, 0xe2, 0xf5, 0x3e, 0xc0, 0x02, 0xf6, 0x31, 0xc0, 0x00, 0x18, 0x9e,
  0x06, 0x02, 0x6c, 0x0c, 0x6d, 0x00, 0x18, 0x9e, 0x06, 0x01, 0x6c, 0x0c, 0x6d,
  0x00, 0x18, 0x9e, 0x06, 0x30, 0xf0, 0x20, 0x6c, 0x85, 0xf2, 0x04, 0x4c, 0x00,
  0x6d, 0x00, 0x18, 0xef, 0x1b, 0xa0, 0xf0, 0x79, 0xa0, 0x02, 0x6a, 0xa0, 0xf0,
  0x57, 0xc0, 0x0f, 0x6a, 0xa0, 0xf0, 0x58, 0xc0, 0x01, 0x6a, 0x6c, 0xea, 0x28,
  0x6b, 0x6d, 0xea, 0xa0, 0xf0, 0x59, 0xc0, 0x07, 0x6a, 0xa0, 0xf0, 0x5a, 0xc0,
  0x02, 0xf6, 0x54, 0xa0, 0x00, 0x6c, 0xa4, 0x67, 0x05, 0x4a, 0x02, 0xf6, 0x50,
  0xc0, 0x02, 0xf6, 0x31, 0xc0, 0x00, 0x18, 0x4b, 0x0c, 0x01, 0x6c, 0x00, 0x6d,
  0x00, 0x18, 0x4b, 0x0c, 0x02, 0x6c, 0x00, 0x6d, 0x00, 0x18, 0x4b, 0x0c, 0x03,
  0x6c, 0x00, 0x6d, 0x00, 0x18, 0x4b, 0x0c, 0x04, 0x6c, 0x00, 0x6d, 0x00, 0x18,
  0x4b, 0x0c, 0x30, 0xf0, 0x20, 0x6a, 0x00, 0xf4, 0x40, 0x9a, 0xf8, 0x69, 0x00,
  0x6d, 0x60, 0xa2, 0xff, 0x6c, 0xc5, 0x67, 0x2c, 0xeb, 0x60, 0xc2, 0x00, 0x18,
  0x87, 0x19, 0x00, 0x6a, 0xe2, 0xf5, 0x50, 0xc0, 0x30, 0xf0, 0x20, 0x6a, 0x00,
  0xf4, 0x44, 0x9a, 0x60, 0xa2, 0x6c, 0xe9, 0x20, 0xc2, 0x07, 0x97, 0x06, 0x91,
  0x05, 0x90, 0x04, 0x63, 0x00, 0xef, 0xfc, 0x63, 0x07, 0x62, 0x06, 0xd1, 0x05,
  0xd0, 0x30, 0xf0, 0x20, 0x6b, 0x65, 0xf2, 0xb4, 0xa3, 0x04, 0x6b, 0xff, 0x6a,
  0xac, 0xeb, 0x4c, 0xeb, 0x4c, 0xec, 0x06, 0x23, 0x30, 0xf0, 0x20, 0x6a, 0x00,
  0xf4, 0x48, 0x9a, 0x00, 0x6b, 0x60, 0xc2, 0x02, 0x6d, 0x00, 0x18, 0xb8, 0x18,
  0x30, 0xf0, 0x20, 0x6a, 0xe0, 0xf3, 0x44, 0x9a, 0x04, 0x69, 0x30, 0xf0, 0x20,
  0x68, 0x20, 0xda, 0x82, 0xf4, 0x00, 0x48, 0xa0, 0xf0, 0xd9, 0xa0, 0xff, 0x6c,
  0x59, 0x4c, 0x00, 0x6d, 0xc6, 0x36, 0x00, 0x18, 0x97, 0x15, 0xe2, 0xf5, 0x54,
  0xa0, 0x07, 0x97, 0x4d, 0xe9, 0xe2, 0xf5, 0x34, 0xc0, 0x06, 0x91, 0x05, 0x90,
  0x04, 0x63, 0x00, 0xef, 0x00, 0x65, 0xfd, 0x63, 0x05, 0x62, 0x04, 0xd0, 0x30,
  0xf0, 0x20, 0x6b, 0x82, 0xf4, 0x00, 0x4b, 0xa0, 0xf0, 0xb0, 0xa3, 0x04, 0x67,
  0x7f, 0x6c, 0xac, 0xec, 0xff, 0x6a, 0x01, 0x74, 0x4c, 0xe8, 0x1d, 0x61, 0xa0,
  0xf0, 0xb1, 0xa3, 0x10, 0x6c, 0x8b, 0xec, 0xac, 0xec, 0x4c, 0xec, 0x0e, 0x24,
  0xd0, 0x67, 0x0c, 0x6c, 0x00, 0x6d, 0x00, 0x18, 0x08, 0x09, 0x00, 0x6d, 0xff,
  0x6c, 0xc5, 0x67, 0x00, 0x18, 0x87, 0x19, 0x90, 0x67, 0x00, 0x18, 0xdb, 0x0a,
  0x08, 0x10, 0xe2, 0xf5, 0x57, 0xa3, 0x05, 0x2a, 0x04, 0x6c, 0x01, 0x6d, 0xd0,
  0x67, 0x00, 0x18, 0x08, 0x09, 0x05, 0x97, 0x04, 0x90, 0x03, 0x63, 0x00, 0xef,
  0x00, 0x65, 0xfc, 0x63, 0x07, 0x62, 0x06, 0xd1, 0x05, 0xd0, 0xff, 0x69, 0x8c,
  0xe9, 0x30, 0xf0, 0x20, 0x68, 0x91, 0x67, 0x82, 0xf4, 0x00, 0x48, 0x00, 0x18,
  0xdb, 0x0a, 0xe2, 0xf5, 0x57, 0xa0, 0x0c, 0x72, 0x17, 0x60, 0x0c, 0x6c, 0x00,
  0x6d, 0xd1, 0x67, 0x00, 0x18, 0x08, 0x09, 0x00, 0x6d, 0xc5, 0x67, 0xff, 0x6c,
  0x00, 0x18, 0x87, 0x19, 0xe2, 0xf5, 0x75, 0xa0, 0x80, 0xf0, 0x92, 0xa0, 0x01,
  0x6a, 0x6d, 0xea, 0x00, 0x6d, 0x08, 0x6e, 0xf1, 0x67, 0xe2, 0xf5, 0x55, 0xc0,
  0x00, 0x18, 0x8c, 0x0d, 0x07, 0x97, 0x06, 0x91, 0x05, 0x90, 0x04, 0x63, 0x00,
  0xef, 0x00, 0x65, 0xfc, 0x63, 0x07, 0x62, 0x06, 0xd1, 0x05, 0xd0, 0x24, 0x67,
  0x30, 0xf0, 0x20, 0x6c, 0x82, 0xf4, 0x00, 0x4c, 0xe2, 0xf5, 0xb4, 0xa4, 0x40,
  0x6b, 0xff, 0x6a, 0xac, 0xeb, 0x4c, 0xeb, 0x4c, 0xe9, 0x09, 0x23, 0xe2, 0xf5,
  0x95, 0xa4, 0x10, 0x6b, 0x8c, 0xeb, 0x4c, 0xeb, 0x03, 0x23, 0x91, 0x67, 0x00,
  0x18, 0x78, 0x1b, 0x30, 0xf0, 0x20, 0x68, 0x82, 0xf4, 0x00, 0x48, 0xe2, 0xf5,
  0x74, 0xa0, 0x02, 0x6a, 0x6c, 0xea, 0x10, 0x22, 0x03, 0x6a, 0x4b, 0xea, 0x4c,
  0xeb, 0xe2, 0xf5, 0x74, 0xc0, 0xe2, 0xf5, 0x78, 0xa0, 0x6c, 0xea, 0xe2, 0xf5,
  0x58, 0xc0, 0xe2, 0xf5, 0x58, 0xa0, 0x07, 0x6b, 0x6c, 0xea, 0x54, 0x2a, 0x50,
  0x10, 0x30, 0xf0, 0x20, 0x6a, 0x00, 0xf4, 0x6c, 0x9a, 0xff, 0xf7, 0x1f, 0x6c,
  0x40, 0xab, 0x8c, 0xea, 0x01, 0x4a, 0x8c, 0xea, 0x40, 0xcb, 0xe2, 0xf5, 0x5f,
  0xa0, 0xe2, 0xf5, 0x78, 0xa0, 0x01, 0x4a, 0xe2, 0xf5, 0x5f, 0xc0, 0x11, 0x6a,
  0x4b, 0xea, 0x6c, 0xea, 0xe2, 0xf5, 0x58, 0xc0, 0xe2, 0xf5, 0x7f, 0xa0, 0xa0,
  0xf0, 0x57, 0xa0, 0x63, 0xea, 0x33, 0x60, 0xc0, 0xf0, 0x94, 0xa0, 0x00, 0x18,
  0xfe, 0x05, 0x01, 0x6b, 0x6e, 0xea, 0x2f, 0x2a, 0xa0, 0xf0, 0x91, 0xa0, 0xef,
  0x4b, 0x8c, 0xeb, 0xff, 0x6c, 0x8c, 0xeb, 0x07, 0x2b, 0xe2, 0xf5, 0x74, 0xa0,
  0xdf, 0x4a, 0x6c, 0xea, 0xe2, 0xf5, 0x54, 0xc0, 0x21, 0x10, 0x02, 0xf6, 0x60,
  0xa0, 0x01, 0x4b, 0x02, 0xf6, 0x60, 0xc0, 0x02, 0xf6, 0x60, 0xa0, 0x03, 0x5b,
  0x0a, 0x61, 0xe2, 0xf5, 0x94, 0xa0, 0x21, 0x6b, 0x6b, 0xeb, 0x8c, 0xeb, 0xe2,
  0xf5, 0x74, 0xc0, 0x02, 0xf6, 0x40, 0xc0, 0x03, 0x10, 0x91, 0x67, 0x00, 0x18,
  0x0e, 0x0b, 0x30, 0xf0, 0x20, 0x6a, 0x82, 0xf4, 0x00, 0x4a, 0x00, 0x6b, 0xe2,
  0xf5, 0x7f, 0xc2, 0x03, 0x10, 0x91, 0x67, 0x00, 0x18, 0xd8, 0x09, 0x07, 0x97,
  0x06, 0x91, 0x05, 0x90, 0x04, 0x63, 0x00, 0xef, 0x00, 0x65, 0xfc, 0x63, 0x07,
  0x62, 0x06, 0xd1, 0x05, 0xd0, 0xff, 0x6a, 0x8c, 0xea, 0x05, 0x5a, 0x00, 0x68,
  0x24, 0x60, 0x30, 0xf0, 0x20, 0x6b, 0x48, 0x34, 0xe0, 0xf0, 0x1c, 0x4b, 0x8d,
  0xe3, 0x60, 0x9b, 0x00, 0xeb, 0x30, 0xf0, 0x20, 0x6b, 0x00, 0xf4, 0x70, 0x9b,
  0x13, 0x10, 0x30, 0xf0, 0x20, 0x6b, 0x00, 0xf4, 0x74, 0x9b, 0x0e, 0x10, 0x30,
  0xf0, 0x20, 0x6b, 0x00, 0xf4, 0x78, 0x9b, 0x09, 0x10, 0x30, 0xf0, 0x20, 0x6b,
  0x00, 0xf4, 0x7c, 0x9b, 0x04, 0x10, 0x30, 0xf0, 0x20, 0x6b, 0x20, 0xf4, 0x60,
  0x9b, 0x60, 0xab, 0xff, 0xf7, 0x1f, 0x68, 0x6c, 0xe8, 0x18, 0xf0, 0x00, 0x6b,
  0x0c, 0xeb, 0x13, 0x2b, 0x30, 0xf0, 0x20, 0x6c, 0x82, 0xf4, 0x00, 0x4c, 0xe2,
  0xf5, 0xb8, 0xa4, 0xfe, 0x4b, 0xac, 0xeb, 0x05, 0x6d, 0xab, 0xed, 0xac, 0xeb,
  0x02, 0x4d, 0xac, 0xeb, 0xe2, 0xf5, 0x78, 0xc4, 0x82, 0x67, 0x00, 0x18, 0xd8,
  0x09, 0x57, 0x10, 0x08, 0xf0, 0x00, 0x6b, 0x0c, 0xeb, 0x20, 0x23, 0x30, 0xf0,
  0x20, 0x6b, 0x82, 0xf4, 0x00, 0x4b, 0xa0, 0xf0, 0xb0, 0xa3, 0x7f, 0x6c, 0xac,
  0xec, 0x01, 0x74, 0x24, 0x61, 0xe2, 0xf5, 0xb8, 0xa3, 0x01, 0x6c, 0xad, 0xec,
  0xe2, 0xf5, 0x98, 0xc3, 0xa0, 0xf0, 0x91, 0xa3, 0x10, 0x6b, 0x6b, 0xeb, 0x8c,
  0xeb, 0xff, 0x6c, 0x8c, 0xeb, 0x20, 0x73, 0x03, 0x60, 0x00, 0x18, 0x58, 0x0d,
  0x12, 0x10, 0x82, 0x67, 0x00, 0x18, 0x0e, 0x0b, 0x0e, 0x10, 0x30, 0xf0, 0x20,
  0x6b, 0x82, 0xf4, 0x00, 0x4b, 0xe2, 0xf5, 0x98, 0xa3, 0x02, 0x6a, 0x4b, 0xea,
  0x8c, 0xea, 0x05, 0x6c, 0x8b, 0xec, 0x8c, 0xea, 0xe2, 0xf5, 0x58, 0xc3, 0x02,
  0x30, 0x1e, 0x30, 0x17, 0x20, 0x30, 0xf0, 0x20, 0x68, 0x82, 0xf4, 0x00, 0x48,
  0xe2, 0xf5, 0x58, 0xa0, 0x02, 0x69, 0xa0, 0xf0, 0xd8, 0xa0, 0x2d, 0xea, 0xff,
  0x6c, 0xe2, 0xf5, 0x58, 0xc0, 0x55, 0x4c, 0x00, 0x6d, 0x00, 0x18, 0x97, 0x15,
  0xe2, 0xf5, 0x54, 0xa0, 0x4d, 0xe9, 0xe2, 0xf5, 0x34, 0xc0, 0x0b, 0x10, 0x30,
  0xf0, 0x20, 0x6a, 0x82, 0xf4, 0x00, 0x4a, 0xe2, 0xf5, 0x98, 0xa2, 0x03, 0x6b,
  0x6b, 0xeb, 0x8c, 0xeb, 0xe2, 0xf5, 0x78, 0xc2, 0x07, 0x97, 0x06, 0x91, 0x05,
  0x90, 0x04, 0x63, 0x00, 0xef, 0xfb, 0x63, 0x09, 0x62, 0x08, 0xd1, 0x07, 0xd0,
  0x30, 0xf0, 0x20, 0x68, 0xff, 0x69, 0x82, 0xf4, 0x00, 0x48, 0x8c, 0xe9, 0xc0,
  0xf0, 0x94, 0xa0, 0x00, 0x18, 0xfe, 0x05, 0x01, 0x72, 0x00, 0xf1, 0x0a, 0x61,
  0xa0, 0xf0, 0x70, 0xa0, 0x7f, 0x6a, 0x6c, 0xea, 0xff, 0x6b, 0x6c, 0xea, 0x00,
  0xf1, 0x02, 0x22, 0xa0, 0xf0, 0x71, 0xa0, 0x0f, 0x6a, 0x6c, 0xea, 0x01, 0x72,
  0x69, 0x61, 0x05, 0x59, 0x5a, 0x60, 0x30, 0xf0, 0x20, 0x6a, 0x28, 0x33, 0x00,
  0xf1, 0x10, 0x4a, 0x69, 0xe2, 0x40, 0x9a, 0x00, 0xea, 0x30, 0xf0, 0x20, 0x6a,
  0x20, 0xf4, 0x44, 0x9a, 0x60, 0xa2, 0x30, 0xf0, 0x20, 0x6a, 0x82, 0xf4, 0x00,
  0x4a, 0xe2, 0xf5, 0x7d, 0xc2, 0x30, 0xf0, 0x20, 0x6b, 0x20, 0xf4, 0x68, 0x9b,
  0x3f, 0x10, 0x30, 0xf0, 0x20, 0x6a, 0x20, 0xf4, 0x4c, 0x9a, 0x60, 0xa2, 0x30,
  0xf0, 0x20, 0x6a, 0x82, 0xf4, 0x00, 0x4a, 0xe2, 0xf5, 0x7d, 0xc2, 0x30, 0xf0,
  0x20, 0x6b, 0x20, 0xf4, 0x70, 0x9b, 0x2f, 0x10, 0x30, 0xf0, 0x20, 0x6a, 0x20,
  0xf4, 0x54, 0x9a, 0x60, 0xa2, 0x30, 0xf0, 0x20, 0x6a, 0x82, 0xf4, 0x00, 0x4a,
  0xe2, 0xf5, 0x7d, 0xc2, 0x30, 0xf0, 0x20, 0x6b, 0x20, 0xf4, 0x78, 0x9b, 0x1f,
  0x10, 0x30, 0xf0, 0x20, 0x6a, 0x20, 0xf4, 0x5c, 0x9a, 0x60, 0xa2, 0x30, 0xf0,
  0x20, 0x6a, 0x82, 0xf4, 0x00, 0x4a, 0xe2, 0xf5, 0x7d, 0xc2, 0x30, 0xf0, 0x20,
  0x6b, 0x40, 0xf4, 0x60, 0x9b, 0x0f, 0x10, 0x30, 0xf0, 0x20, 0x6a, 0x40, 0xf4,
  0x44, 0x9a, 0x60, 0xa2, 0x30, 0xf0, 0x20, 0x6a, 0x82, 0xf4, 0x00, 0x4a, 0xe2,
  0xf5, 0x7d, 0xc2, 0x30, 0xf0, 0x20, 0x6b, 0x40, 0xf4, 0x68, 0x9b, 0x60, 0xa3,
  0xe2, 0xf5, 0x7c, 0xc2, 0x30, 0xf0, 0x20, 0x6a, 0x82, 0xf4, 0x00, 0x4a, 0xe2,
  0xf5, 0x7d, 0xa2, 0x02, 0x2b, 0xe2, 0xf5, 0x7c, 0xa2, 0x30, 0xf0, 0x20, 0x6a,
  0x65, 0xf2, 0x7d, 0xc2, 0x30, 0xf0, 0x20, 0x6b, 0x40, 0xf4, 0x8c, 0x9b, 0x30,
  0xf0, 0x20, 0x68, 0x82, 0xf4, 0x00, 0x48, 0x00, 0x6a, 0xe2, 0xf5, 0x5f, 0xc0,
  0x02, 0xf6, 0x40, 0xc0, 0x60, 0xac, 0xff, 0xf7, 0x1f, 0x6d, 0xac, 0xeb, 0x01,
  0x4b, 0xac, 0xeb, 0x60, 0xcc, 0x30, 0xf0, 0x20, 0x6b, 0x02, 0xf6, 0x86, 0xa0,
  0xc0, 0xf3, 0x7c, 0x9b, 0x11, 0x6d, 0xab, 0xed, 0x80, 0xc3, 0x30, 0xf0, 0x20,
  0x6b, 0xe0, 0xf3, 0x60, 0x9b, 0x91, 0x67, 0x40, 0xc3, 0x30, 0xf0, 0x20, 0x6a,
  0xe0, 0xf3, 0x44, 0x9a, 0x02, 0x6b, 0x60, 0xc2, 0xe2, 0xf5, 0x78, 0xa0, 0x03,
  0x6a, 0x4b, 0xea, 0x6c, 0xea, 0xac, 0xea, 0xe2, 0xf5, 0x58, 0xc0, 0x00, 0x18,
  0x6b, 0x0b, 0xe2, 0xf5, 0x74, 0xa0, 0x40, 0x6a, 0x6c, 0xea, 0x4e, 0x22, 0xe2,
  0xf5, 0x95, 0xa0, 0x10, 0x6b, 0xff, 0x6d, 0x44, 0x67, 0x6c, 0xea, 0xac, 0xea,
  0x1b, 0x2a, 0xe2, 0xf5, 0x5d, 0xa0, 0xe2, 0xf5, 0xbc, 0xa0, 0xae, 0xea, 0x40,
  0x2a, 0x8d, 0xeb, 0x91, 0x67, 0xe2, 0xf5, 0x75, 0xc0, 0x00, 0x18, 0x1c, 0x1c,
  0x91, 0x67, 0x00, 0x18, 0x4f, 0x1b, 0x91, 0x67, 0x00, 0x18, 0x7f, 0x1b, 0x91,
  0x67, 0x00, 0x18, 0x78, 0x1b, 0xe2, 0xf5, 0x5d, 0xa0, 0xff, 0x4a, 0xe2, 0xf5,
  0x5d, 0xc0, 0x2b, 0x10, 0xa0, 0xf0, 0x71, 0xa0, 0x0f, 0x6a, 0x6c, 0xea, 0x01,
  0x72, 0x25, 0x61, 0xe2, 0xf5, 0x5d, 0xa0, 0x04, 0xd2, 0x04, 0x93, 0xe2, 0xf5,
  0x5c, 0xa0, 0x6e, 0xea, 0x1d, 0x22, 0x91, 0x67, 0x00, 0x18, 0x11, 0x1c, 0x04,
  0x95, 0xae, 0xea, 0x17, 0x22, 0xe2, 0xf5, 0x74, 0xa0, 0x20, 0x6a, 0x6c, 0xea,
  0xff, 0x6b, 0x6c, 0xea, 0x10, 0x22, 0xe2, 0xf5, 0x75, 0xa0, 0x11, 0x6a, 0x4b,
  0xea, 0x6c, 0xea, 0x91, 0x67, 0xe2, 0xf5, 0x55, 0xc0, 0x00, 0x18, 0x6e, 0x1b,
  0x91, 0x67, 0x00, 0x18, 0x60, 0x1b, 0x91, 0x67, 0x00, 0x18, 0x59, 0x1b, 0x30,
  0xf0, 0x20, 0x6a, 0x82, 0xf4, 0x00, 0x4a, 0xe2, 0xf5, 0x94, 0xa2, 0x01, 0x6b,
  0x02, 0xf6, 0x63, 0xc2, 0x20, 0x6b, 0x8d, 0xeb, 0xe2, 0xf5, 0x74, 0xc2, 0x09,
  0x97, 0x08, 0x91, 0x07, 0x90, 0x05, 0x63, 0x00, 0xef, 0xff, 0x6a, 0x4c, 0xec,
  0xac, 0xea, 0x0b, 0x2a, 0x30, 0xf0, 0x20, 0x6b, 0x40, 0xf4, 0xb0, 0x9b, 0x30,
  0xf0, 0x20, 0x6e, 0x40, 0xf4, 0xd4, 0x9e, 0x60, 0x9d, 0xcc, 0xeb, 0x0c, 0x10,
  0x01, 0x72, 0x0b, 0x61, 0x30, 0xf0, 0x20, 0x6b, 0x40, 0xf4, 0xb0, 0x9b, 0x30,
  0xf0, 0x20, 0x6e, 0x40, 0xf4, 0xd8, 0x9e, 0x60, 0x9d, 0xcd, 0xeb, 0x60, 0xdd,
  0x05, 0x5c, 0x60, 0xf1, 0x06, 0x60, 0x30, 0xf0, 0x20, 0x6b, 0x88, 0x34, 0x20,
  0xf1, 0x04, 0x4b, 0x8d, 0xe3, 0x60, 0x9b, 0x00, 0xeb, 0x05, 0x2a, 0x30, 0xf0,
  0x20, 0x6a, 0x40, 0xf4, 0x70, 0x9a, 0x0d, 0x11, 0x01, 0x72, 0x10, 0x61, 0x30,
  0xf0, 0x20, 0x6a, 0x40, 0xf4, 0x70, 0x9a, 0xff, 0x6c, 0x40, 0x6d, 0x40, 0xa3,
  0x8c, 0xea, 0xad, 0xea, 0x8c, 0xea, 0x40, 0xc3, 0x40, 0xa3, 0x80, 0x4d, 0xc0,
  0x4d, 0x8c, 0xea, 0x14, 0x10, 0x02, 0x72, 0x07, 0x61, 0x30, 0xf0, 0x20, 0x6a,
  0x40, 0xf4, 0x70, 0x9a, 0xbf, 0x6a, 0x80, 0xa3, 0xf4, 0x10, 0x03, 0x72, 0x20,
  0xf1, 0x1a, 0x61, 0x30, 0xf0, 0x20, 0x6a, 0x40, 0xf4, 0x70, 0x9a, 0xff, 0x6c,
  0x40, 0x6d, 0x40, 0xa3, 0x8c, 0xea, 0xad, 0xea, 0xe7, 0x10, 0x07, 0x2a, 0x30,
  0xf0, 0x20, 0x6a, 0x40, 0xf4, 0x7c, 0x9a, 0xfd, 0x6a, 0x80, 0xa3, 0xdf, 0x10,
  0x01, 0x72, 0x19, 0x61, 0x30, 0xf0, 0x20, 0x6a, 0x40, 0xf4, 0x90, 0x9a, 0xff,
  0x6a, 0x40, 0x6d, 0x60, 0xa4, 0x4c, 0xeb, 0xad, 0xeb, 0x4c, 0xeb, 0x60, 0xc4,
  0x30, 0xf0, 0x20, 0x6b, 0x40, 0xf4, 0x9c, 0x9b, 0x01, 0x6d, 0x60, 0xa4, 0x4c,
  0xeb, 0xad, 0xeb, 0x4c, 0xeb, 0x60, 0xc4, 0x60, 0xa4, 0x02, 0x6d, 0x4c, 0xeb,
  0xe1, 0x10, 0x02, 0x72, 0x0f, 0x61, 0x30, 0xf0, 0x20, 0x6a, 0x40, 0xf4, 0x70,
  0x9a, 0xbf, 0x6a, 0x80, 0xa3, 0x8c, 0xea, 0x40, 0xc3, 0x30, 0xf0, 0x20, 0x6a,
  0x40, 0xf4, 0x7c, 0x9a, 0xfe, 0x6a, 0x80, 0xa3, 0xb3, 0x10, 0x03, 0x72, 0xe0,
  0xf0, 0x19, 0x61, 0x30, 0xf0, 0x20, 0x6a, 0x40, 0xf4, 0x90, 0x9a, 0xff, 0x6b,
  0x40, 0x6d, 0x40, 0xa4, 0x6c, 0xea, 0xad, 0xea, 0x6c, 0xea, 0x40, 0xc4, 0x30,
  0xf0, 0x20, 0x6a, 0x40, 0xf4, 0x9c, 0x9a, 0x01, 0x6d, 0x40, 0xa4, 0x6c, 0xea,
  0x92, 0x10, 0x07, 0x2a, 0x30, 0xf0, 0x20, 0x6a, 0x40, 0xf4, 0x7c, 0x9a, 0xf7,
  0x6a, 0x80, 0xa3, 0x95, 0x10, 0x01, 0x72, 0x19, 0x61, 0x30, 0xf0, 0x20, 0x6a,
  0x40, 0xf4, 0x90, 0x9a, 0xff, 0x6a, 0x40, 0x6d, 0x60, 0xa4, 0x4c, 0xeb, 0xad,
  0xeb, 0x4c, 0xeb, 0x60, 0xc4, 0x30, 0xf0, 0x20, 0x6b, 0x40, 0xf4, 0x9c, 0x9b,
  0x04, 0x6d, 0x60, 0xa4, 0x4c, 0xeb, 0xad, 0xeb, 0x4c, 0xeb, 0x60, 0xc4, 0x60,
  0xa4, 0x08, 0x6d, 0x4c, 0xeb, 0x97, 0x10, 0x02, 0x72, 0x0f, 0x61, 0x30, 0xf0,
  0x20, 0x6a, 0x40, 0xf4, 0x70, 0x9a, 0xbf, 0x6a, 0x80, 0xa3, 0x8c, 0xea, 0x40,
  0xc3, 0x30, 0xf0, 0x20, 0x6a, 0x40, 0xf4, 0x7c, 0x9a, 0xfb, 0x6a, 0x80, 0xa3,
  0x69, 0x10, 0x03, 0x72, 0xa0, 0xf0, 0x0f, 0x61, 0x30, 0xf0, 0x20, 0x6a, 0x40,
  0xf4, 0x90, 0x9a, 0xff, 0x6b, 0x40, 0x6d, 0x40, 0xa4, 0x6c, 0xea, 0xad, 0xea,
  0x6c, 0xea, 0x40, 0xc4, 0x30, 0xf0, 0x20, 0x6a, 0x40, 0xf4, 0x9c, 0x9a, 0x04,
  0x6d, 0x40, 0xa4, 0x6c, 0xea, 0x48, 0x10, 0x07, 0x2a, 0x30, 0xf0, 0x20, 0x6a,
  0x40, 0xf4, 0x7c, 0x9a, 0xdf, 0x6a, 0x80, 0xa3, 0x4b, 0x10, 0x01, 0x72, 0x19,
  0x61, 0x30, 0xf0, 0x20, 0x6a, 0x40, 0xf4, 0x90, 0x9a, 0xff, 0x6a, 0x40, 0x6d,
  0x60, 0xa4, 0x4c, 0xeb, 0xad, 0xeb, 0x4c, 0xeb, 0x60, 0xc4, 0x30, 0xf0, 0x20,
  0x6b, 0x40, 0xf4, 0x9c, 0x9b, 0x10, 0x6d, 0x60, 0xa4, 0x4c, 0xeb, 0xad, 0xeb,
  0x4c, 0xeb, 0x60, 0xc4, 0x60, 0xa4, 0x20, 0x6d, 0x4c, 0xeb, 0x4d, 0x10, 0x02,
  0x72, 0x0f, 0x61, 0x30, 0xf0, 0x20, 0x6a, 0x40, 0xf4, 0x70, 0x9a, 0xbf, 0x6a,
  0x80, 0xa3, 0x8c, 0xea, 0x40, 0xc3, 0x30, 0xf0, 0x20, 0x6a, 0x40, 0xf4, 0x7c,
  0x9a, 0xef, 0x6a, 0x80, 0xa3, 0x1f, 0x10, 0x03, 0x72, 0x66, 0x61, 0x30, 0xf0,
  0x20, 0x6a, 0x40, 0xf4, 0x90, 0x9a, 0xff, 0x6b, 0x40, 0x6d, 0x40, 0xa4, 0x6c,
  0xea, 0xad, 0xea, 0x6c, 0xea, 0x40, 0xc4, 0x30, 0xf0, 0x20, 0x6a, 0x40, 0xf4,
  0x9c, 0x9a, 0x10, 0x6d, 0x40, 0xa4, 0x6c, 0xea, 0xad, 0xea, 0x6c, 0xea, 0x40,
  0xc4, 0x20, 0xe8, 0x09, 0x2a, 0x30, 0xf0, 0x20, 0x6a, 0x40, 0xf4, 0x7c, 0x9a,
  0x80, 0xa3, 0x7f, 0x6a, 0x8c, 0xea, 0x40, 0xc3, 0x20, 0xe8, 0x01, 0x72, 0x1c,
  0x61, 0x30, 0xf0, 0x20, 0x6a, 0x40, 0xf4, 0x90, 0x9a, 0xff, 0x6a, 0x40, 0x6d,
  0x60, 0xa4, 0x4c, 0xeb, 0xad, 0xeb, 0x4c, 0xeb, 0x60, 0xc4, 0x30, 0xf0, 0x20,
  0x6b, 0x40, 0xf4, 0x9c, 0x9b, 0x60, 0xa4, 0x4c, 0xeb, 0xad, 0xeb, 0x4c, 0xeb,
  0x60, 0xc4, 0x60, 0xa4, 0x80, 0x4d, 0xc0, 0x4d, 0x4c, 0xeb, 0xad, 0xeb, 0x4c,
  0xeb, 0x60, 0xc4, 0x20, 0xe8, 0x02, 0x72, 0x10, 0x61, 0x30, 0xf0, 0x20, 0x6a,
  0x40, 0xf4, 0x50, 0x9a, 0xbf, 0x6b, 0x80, 0xa2, 0x6c, 0xec, 0x80, 0xc2, 0x30,
  0xf0, 0x20, 0x6a, 0x40, 0xf4, 0x5c, 0x9a, 0x80, 0xa2, 0x8c, 0xeb, 0x60, 0xc2,
  0x20, 0xe8, 0x03, 0x72, 0x14, 0x61, 0x30, 0xf0, 0x20, 0x6a, 0x40, 0xf4, 0x90,
  0x9a, 0xff, 0x6b, 0x40, 0x6d, 0x40, 0xa4, 0x6c, 0xea, 0xad, 0xea, 0x6c, 0xea,
  0x40, 0xc4, 0x30, 0xf0, 0x20, 0x6a, 0x40, 0xf4, 0x9c, 0x9a, 0x40, 0xa4, 0x6c,
  0xea, 0xad, 0xea, 0x6c, 0xea, 0x40, 0xc4, 0x20, 0xe8, 0x30, 0xf0, 0x20, 0x6a,
  0x60, 0xf4, 0xa0, 0x9a, 0xff, 0x6a, 0x01, 0x6e, 0xb5, 0xe4, 0x60, 0xa5, 0x4c,
  0xeb, 0xcd, 0xeb, 0x4c, 0xeb, 0x60, 0xc5, 0xc0, 0xa5, 0xfb, 0x6b, 0xcc, 0xeb,
  0x60, 0xc5, 0x30, 0xf0, 0x20, 0x6b, 0x60, 0xf4, 0xa4, 0x9b, 0x06, 0x6e, 0xcb,
  0xee, 0xb5, 0xe4, 0x60, 0xa5, 0x4c, 0xeb, 0xcd, 0xeb, 0x4c, 0xeb, 0x60, 0xc5,
  0x30, 0xf0, 0x20, 0x6b, 0x60, 0xf4, 0xa8, 0x9b, 0x1f, 0x6e, 0xb5, 0xe4, 0x60,
  0xa5, 0x4c, 0xeb, 0xcd, 0xeb, 0x4c, 0xeb, 0x60, 0xc5, 0x30, 0xf0, 0x20, 0x6b,
  0x60, 0xf4, 0xac, 0x9b, 0x0e, 0x6e, 0xb5, 0xe4, 0x60, 0xa5, 0x4c, 0xeb, 0xcd,
  0xeb, 0x4c, 0xeb, 0x60, 0xc5, 0x30, 0xf0, 0x20, 0x6d, 0x60, 0xf4, 0xb0, 0x9d,
  0x00, 0x6b, 0x60, 0xc5, 0x30, 0xf0, 0x20, 0x6d, 0x60, 0xf4, 0xb4, 0x9d, 0x60,
  0xc5, 0x30, 0xf0, 0x20, 0x6b, 0x60, 0xf4, 0x78, 0x9b, 0x01, 0x6d, 0xab, 0xed,
  0xa0, 0xc3, 0x30, 0xf0, 0x20, 0x6b, 0x60, 0xf4, 0x7c, 0x9b, 0x03, 0x6d, 0xab,
  0xed, 0xa0, 0xc3, 0x30, 0xf0, 0x20, 0x6b, 0x80, 0xf4, 0x60, 0x9b, 0x71, 0xe4,
  0xa0, 0xa4, 0x40, 0x6b, 0x6b, 0xeb, 0x4c, 0xeb, 0xac, 0xeb, 0x60, 0xc4, 0x20,
  0xe8, 0x00, 0x65, 0xff, 0x63, 0x01, 0xd0, 0x30, 0xf0, 0x20, 0x6b, 0x80, 0xf4,
  0x64, 0x9b, 0xff, 0x6a, 0x3f, 0x6f, 0x6d, 0xe5, 0x00, 0xa3, 0x4c, 0xec, 0x4c,
  0xee, 0x0c, 0xef, 0xe0, 0xc3, 0x10, 0x24, 0x30, 0xf0, 0x20, 0x6c, 0x80, 0xf4,
  0xe8, 0x9c, 0x10, 0x68, 0xfd, 0xe5, 0x80, 0xa7, 0x4c, 0xec, 0x0d, 0xec, 0x4c,
  0xec, 0x80, 0xc7, 0x80, 0xa3, 0x80, 0x6f, 0xeb, 0xef, 0x4c, 0xec, 0x0c, 0x10,
  0x30, 0xf0, 0x20, 0x6c, 0x80, 0xf4, 0xe8, 0x9c, 0xef, 0x6c, 0xfd, 0xe5, 0x00,
  0xa7, 0x0c, 0xec, 0x80, 0xc7, 0x80, 0xa3, 0x40, 0x6f, 0x4c, 0xec, 0xed, 0xec,
  0x4c, 0xec, 0x30, 0xf0, 0x20, 0x6a, 0x80, 0xf4, 0x40, 0x9a, 0x80, 0xc3, 0x80,
  0xf4, 0xc0, 0x36, 0x55, 0xe5, 0x40, 0x9d, 0x4d, 0xee, 0xc0, 0xdd, 0x01, 0x90,
  0x01, 0x63, 0x20, 0xe8, 0x00, 0x65, 0xfd, 0x63, 0x05, 0x62, 0x30, 0xf0, 0x20,
  0x6a, 0x80, 0xf4, 0x4c, 0x9a, 0xff, 0x6b, 0x40, 0xa2, 0x6c, 0xea, 0x52, 0x32,
  0x6c, 0xea, 0x0b, 0x2a, 0x30, 0xf0, 0x20, 0x6a, 0x02, 0xf5, 0x91, 0xa2, 0x00,
  0x6d, 0x18, 0x6e, 0xe5, 0x67, 0x00, 0x18, 0x0e, 0x1e, 0x00, 0x18, 0xc7, 0x13,
  0x05, 0x97, 0x03, 0x63, 0x00, 0xef, 0xfd, 0x63, 0x05, 0x62, 0x04, 0xd0, 0x30,
  0xf0, 0x20, 0x6e, 0x64, 0x67, 0x85, 0x67, 0x30, 0xf0, 0x20, 0x6d, 0x80, 0xf4,
  0xb0, 0x9d, 0x80, 0xf4, 0xd4, 0x9e, 0x30, 0xf0, 0x20, 0x68, 0xe0, 0xad, 0xc0,
  0xae, 0xff, 0xf7, 0x1f, 0x6d, 0xac, 0xef, 0x82, 0xf4, 0x00, 0x48, 0xcc, 0xed,
  0xbb, 0xe7, 0x80, 0xf0, 0xb2, 0xa0, 0xff, 0x6a, 0x4c, 0xee, 0xae, 0xee, 0x4c,
  0xeb, 0x4c, 0xec, 0x29, 0x2e, 0xe2, 0xf5, 0x57, 0xa0, 0x0e, 0x72, 0x10, 0x61,
  0x24, 0x2b, 0xe2, 0xf5, 0x75, 0xa0, 0x03, 0x6a, 0x4b, 0xea, 0x6c, 0xea, 0x00,
  0x6d, 0xe2, 0xf5, 0x55, 0xc0, 0x00, 0x18, 0x4b, 0x0c, 0x01, 0x6c, 0x0c, 0x6d,
  0x00, 0x18, 0x9e, 0x06, 0x10, 0x10, 0x06, 0x72, 0x13, 0x61, 0x12, 0x23, 0xe2,
  0xf5, 0x75, 0xa0, 0x02, 0x6a, 0x4b, 0xea, 0x6c, 0xea, 0x01, 0x6d, 0xe2, 0xf5,
  0x55, 0xc0, 0x00, 0x18, 0x4b, 0x0c, 0x04, 0x6a, 0xe2, 0xf5, 0x57, 0xc0, 0x00,
  0x6d, 0xff, 0x6c, 0xc5, 0x67, 0x00, 0x18, 0x87, 0x19, 0x05, 0x97, 0x04, 0x90,
  0x03, 0x63, 0x00, 0xef, 0x00, 0x65, 0xfa, 0x63, 0x0b, 0x62, 0x0a, 0xd1, 0x09,
  0xd0, 0x30, 0xf0, 0x20, 0x6b, 0xff, 0x6a, 0x80, 0xf4, 0x6c, 0x9b, 0x4c, 0xee,
  0x4c, 0xef, 0x05, 0xd6, 0x04, 0xd7, 0x60, 0xa3, 0xff, 0xf7, 0x1f, 0x68, 0x25,
  0x67, 0x4c, 0xeb, 0x72, 0x33, 0x4c, 0xeb, 0x8c, 0xe8, 0x4c, 0xe9, 0x29, 0x23,
  0x30, 0xf0, 0x20, 0x6b, 0xe0, 0xf3, 0x68, 0x9b, 0x00, 0x6c, 0xff, 0x6d, 0x60,
  0xa3, 0x26, 0x6e, 0x6c, 0xea, 0x06, 0xd2, 0x00, 0x18, 0x87, 0x19, 0x00, 0x18,
  0x27, 0x1c, 0x01, 0x72, 0x0f, 0x61, 0x05, 0x96, 0x90, 0x67, 0x01, 0x6d, 0x00,
  0x6f, 0x00, 0x18, 0x0e, 0x1e, 0x04, 0x96, 0x02, 0x67, 0x91, 0x67, 0xa2, 0x67,
  0x00, 0x18, 0x3a, 0x0d, 0x90, 0x67, 0x00, 0x18, 0x0e, 0x0d, 0x06, 0x95, 0x00,
  0x6c, 0x27, 0x6e, 0x00, 0x18, 0x87, 0x19, 0x04, 0x95, 0x91, 0x67, 0x00, 0x18,
  0x65, 0x0d, 0x13, 0x10, 0x04, 0x95, 0x91, 0x67, 0x00, 0x18, 0x65, 0x0d, 0x05,
  0x96, 0x90, 0x67, 0x01, 0x6d, 0x00, 0x6f, 0x00, 0x18, 0x0e, 0x1e, 0x04, 0x96,
  0x02, 0x67, 0x91, 0x67, 0xa2, 0x67, 0x00, 0x18, 0x3a, 0x0d, 0x90, 0x67, 0x00,
  0x18, 0x0e, 0x0d, 0x00, 0x18, 0xc7, 0x13, 0x0b, 0x97, 0x0a, 0x91, 0x09, 0x90,
  0x06, 0x63, 0x00, 0xef, 0xfc, 0x63, 0x07, 0x62, 0x06, 0xd1, 0x05, 0xd0, 0x30,
  0xf0, 0x20, 0x6a, 0x04, 0xf5, 0x54, 0xa2, 0xff, 0x68, 0x24, 0x67, 0x02, 0x72,
  0x0c, 0xe9, 0x03, 0x61, 0x01, 0x71, 0x0d, 0x61, 0x1a, 0x10, 0x30, 0xf0, 0x20,
  0x6a, 0x80, 0xf4, 0x5c, 0x9a, 0x01, 0x6b, 0x6b, 0xeb, 0x60, 0xc2, 0x64, 0x6c,
  0x00, 0x18, 0x58, 0x12, 0x00, 0x18, 0x03, 0x1c, 0x30, 0xf0, 0x20, 0x6a, 0x80,
  0xf4, 0x78, 0x9a, 0x80, 0x6c, 0x8b, 0xec, 0x40, 0xa3, 0x0c, 0xea, 0x8e, 0xea,
  0x0c, 0xea, 0x40, 0xc3, 0x91, 0x67, 0x00, 0x18, 0x48, 0x15, 0x07, 0x97, 0x06,
  0x91, 0x05, 0x90, 0x04, 0x63, 0x00, 0xef, 0x00, 0x65, 0xff, 0x6a, 0xcc, 0xea,
  0x00, 0x6b, 0x09, 0x10, 0x79, 0xe5, 0xe0, 0xa4, 0xc0, 0xa6, 0x01, 0x4b, 0x01,
  0x4c, 0xee, 0xee, 0x02, 0x26, 0x00, 0x6a, 0x20, 0xe8, 0xff, 0x6e, 0x6c, 0xee,
  0x43, 0xee, 0xf3, 0x61, 0x01, 0x6a, 0x20, 0xe8, 0x00, 0x65, 0x30, 0xf0, 0x20,
  0x6a, 0x82, 0xf4, 0x00, 0x4a, 0x80, 0xf0, 0x98, 0xa2, 0x02, 0x6b, 0x6b, 0xeb,
  0x8c, 0xeb, 0x80, 0xf0, 0x78, 0xc2, 0x00, 0x6b, 0x80, 0xf0, 0x79, 0xc2, 0x80,
  0xf0, 0x7a, 0xc2, 0x82, 0xf6, 0x78, 0xc2, 0x82, 0xf6, 0x79, 0xc2, 0x82, 0xf6,
  0x7a, 0xc2, 0x20, 0xe8, 0x00, 0x65, 0x30, 0xf0, 0x20, 0x6b, 0xa0, 0xf4, 0x60,
  0x9b, 0xff, 0x6a, 0x4c, 0xec, 0xa0, 0xab, 0xe1, 0xf7, 0x1f, 0x6b, 0xac, 0xeb,
  0x71, 0xe4, 0x4c, 0xec, 0x30, 0xf0, 0x20, 0x6a, 0x80, 0xf4, 0x54, 0x9a, 0x80,
  0xc2, 0x30, 0xf0, 0x20, 0x6a, 0xa0, 0xf4, 0x44, 0x9a, 0x80, 0xc2, 0x20, 0xe8,
  0x00, 0x65, 0xfd, 0x63, 0x05, 0x62, 0x04, 0xd0, 0x30, 0xf0, 0x20, 0x68, 0x82,
  0xf4, 0x00, 0x48, 0x82, 0xf6, 0x4c, 0xa0, 0x82, 0xf6, 0x6a, 0xa8, 0x5a, 0xeb,
  0x01, 0x2a, 0xe5, 0xe8, 0x10, 0xea, 0x03, 0x2a, 0x80, 0xf0, 0x9f, 0xa0, 0x13,
  0x10, 0x01, 0x72, 0x03, 0x61, 0xa0, 0xf0, 0x80, 0xa0, 0x0e, 0x10, 0x02, 0x72,
  0x03, 0x61, 0xa0, 0xf0, 0x81, 0xa0, 0x09, 0x10, 0x03, 0x72, 0x03, 0x61, 0xa0,
  0xf0, 0x82, 0xa0, 0x04, 0x10, 0x04, 0x72, 0x09, 0x61, 0xa0, 0xf0, 0x83, 0xa0,
  0x00, 0x18, 0xe7, 0x0d, 0x82, 0xf6, 0x4a, 0xa8, 0x01, 0x4a, 0x82, 0xf6, 0x4a,
  0xc8, 0x05, 0x97, 0x04, 0x90, 0x03, 0x63, 0x00, 0xef, 0x00, 0x65, 0xfd, 0x63,
  0x05, 0x62, 0x04, 0xd0, 0x30, 0xf0, 0x20, 0x68, 0x82, 0xf4, 0x00, 0x48, 0x80,
  0xf0, 0x78, 0xa0, 0x02, 0x6a, 0x4b, 0xea, 0x6c, 0xea, 0x80, 0xf0, 0x58, 0xc0,
  0x30, 0xf0, 0x20, 0x6a, 0xe0, 0xf3, 0xac, 0x9a, 0x01, 0x6c, 0x00, 0x18, 0xa4,
  0x04, 0x30, 0xf0, 0x20, 0x6a, 0xa0, 0xf4, 0x40, 0x9a, 0x30, 0xf0, 0x20, 0x6d,
  0x80, 0xf4, 0xb4, 0x9d, 0x80, 0x9a, 0xe1, 0xf7, 0x1f, 0x6b, 0x6c, 0xec, 0x80,
  0xcd, 0x80, 0x9a, 0x30, 0xf0, 0x20, 0x6d, 0x80, 0xf4, 0xb0, 0x9d, 0x6c, 0xec,
  0x80, 0xcd, 0x40, 0x9a, 0x42, 0x32, 0x42, 0x32, 0x6c, 0xea, 0x30, 0xf0, 0x20,
  0x6b, 0xa0, 0xf4, 0x64, 0x9b, 0x40, 0xcb, 0x00, 0x6a, 0x82, 0xf6, 0x4a, 0xc8,
  0x05, 0x97, 0x04, 0x90, 0x03, 0x63, 0x00, 0xef, 0x00, 0x65, 0xe3, 0x63, 0x39,
  0x62, 0x38, 0xd1, 0x37, 0xd0, 0x30, 0xf0, 0x20, 0x6a, 0x82, 0xf4, 0x00, 0x4a,
  0xa0, 0xf0, 0x64, 0xa2, 0x9d, 0x67, 0x20, 0xf0, 0x60, 0xc4, 0xa0, 0xf0, 0x65,
  0xa2, 0x20, 0xf0, 0x61, 0xc4, 0xa0, 0xf0, 0x66, 0xa2, 0x20, 0xf0, 0x62, 0xc4,
  0xa0, 0xf0, 0x67, 0xa2, 0x20, 0xf0, 0x63, 0xc4, 0xa0, 0xf0, 0x68, 0xa2, 0x20,
  0xf0, 0x64, 0xc4, 0x82, 0xf6, 0x6e, 0xa2, 0x20, 0xf0, 0x68, 0xc4, 0x82, 0xf6,
  0x6f, 0xa2, 0x20, 0xf0, 0x69, 0xc4, 0x82, 0xf6, 0x70, 0xa2, 0x20, 0xf0, 0x6a,
  0xc4, 0x82, 0xf6, 0x71, 0xa2, 0x20, 0xf0, 0x6b, 0xc4, 0x82, 0xf6, 0x72, 0xa2,
  0x20, 0xf0, 0x6c, 0xc4, 0x82, 0xf6, 0x73, 0xa2, 0x20, 0xf0, 0x70, 0xc4, 0x82,
  0xf6, 0x74, 0xa2, 0x20, 0xf0, 0x71, 0xc4, 0x82, 0xf6, 0x75, 0xa2, 0x20, 0xf0,
  0x72, 0xc4, 0x82, 0xf6, 0x76, 0xa2, 0x20, 0xf0, 0x73, 0xc4, 0x82, 0xf6, 0x77,
  0xa2, 0x20, 0xf0, 0x74, 0xc4, 0x00, 0x6b, 0x20, 0xf0, 0x78, 0xc4, 0x20, 0xf0,
  0x79, 0xc4, 0x20, 0xf0, 0x7a, 0xc4, 0x20, 0xf0, 0x7b, 0xc4, 0x82, 0xf6, 0x4c,
  0xa2, 0x20, 0xf0, 0x7c, 0xc4, 0x0e, 0x03, 0x69, 0xe2, 0x03, 0x10, 0x01, 0x6c,
  0x80, 0xc3, 0x01, 0x4b, 0x4a, 0xeb, 0xfb, 0x61, 0x30, 0xf0, 0x20, 0x6a, 0xa0,
  0xf4, 0x40, 0x9a, 0xe1, 0xf7, 0x1f, 0x6e, 0xff, 0xf7, 0x1f, 0x69, 0x40, 0xaa,
  0x1c, 0x05, 0x12, 0x04, 0x4c, 0xee, 0x30, 0xf0, 0x20, 0x6a, 0xa0, 0xf4, 0x54,
  0x9a, 0x17, 0x03, 0x40, 0xaa, 0x2f, 0xd6, 0x4c, 0xe9, 0x30, 0xf0, 0x20, 0x6a,
  0x05, 0xf3, 0x4c, 0xa2, 0x31, 0xd2, 0x00, 0x6a, 0x20, 0x10, 0xdd, 0x67, 0x5d,
  0xe6, 0x2f, 0x90, 0x20, 0xf0, 0xe0, 0xa7, 0x59, 0xe6, 0x01, 0x4a, 0xfd, 0xe0,
  0x30, 0xf0, 0x20, 0x68, 0xa0, 0xf4, 0x18, 0x98, 0xe0, 0x37, 0xe0, 0xdd, 0xe1,
  0xe0, 0x00, 0xa0, 0x04, 0x4d, 0x18, 0xc6, 0x30, 0xf0, 0x20, 0x68, 0xa0, 0xf4,
  0x1c, 0x98, 0x01, 0xe7, 0x00, 0xdc, 0x30, 0xf0, 0x20, 0x68, 0xc0, 0xf4, 0x00,
  0x98, 0x04, 0x4c, 0x1d, 0xe7, 0xe0, 0xdb, 0x04, 0x4b, 0x31, 0x96, 0xff, 0x6f,
  0x4c, 0xef, 0xc3, 0xef, 0xdb, 0x61, 0x00, 0x6f, 0x31, 0xd7, 0x83, 0x12, 0x00,
  0x6a, 0x1d, 0x67, 0x40, 0xf0, 0x40, 0xc0, 0x40, 0xf0, 0x41, 0xc0, 0x40, 0xf0,
  0x42, 0xc0, 0x40, 0xf0, 0x43, 0xc0, 0x40, 0xf0, 0x44, 0xc0, 0x81, 0x41, 0x00,
  0x18, 0xc2, 0x11, 0x02, 0x67, 0x91, 0x67, 0x00, 0x18, 0xc2, 0x11, 0x00, 0x30,
  0x4d, 0xe8, 0x82, 0x41, 0xe7, 0xf7, 0x1f, 0x6a, 0x4c, 0xe8, 0x00, 0x18, 0xc2,
  0x11, 0x0f, 0x6b, 0x4c, 0xeb, 0x6c, 0x33, 0xff, 0x6a, 0x4c, 0xeb, 0x87, 0x41,
  0x32, 0xd3, 0x00, 0x18, 0xc2, 0x11, 0x32, 0x93, 0xff, 0x6c, 0x34, 0xd2, 0x18,
  0x4b, 0x30, 0xd3, 0x8c, 0xeb, 0x31, 0xe3, 0x2f, 0xd3, 0x00, 0x18, 0xc2, 0x11,
  0x30, 0x95, 0x33, 0xd2, 0xb1, 0xe0, 0x00, 0x18, 0x72, 0x1d, 0xff, 0xf7, 0x1f,
  0x6b, 0x6c, 0xea, 0x2e, 0x96, 0x29, 0xe2, 0x30, 0xd2, 0x30, 0x97, 0x82, 0xf0,
  0x4c, 0x9e, 0xe3, 0xea, 0x03, 0x60, 0x4f, 0xea, 0x5d, 0xe7, 0x30, 0xd7, 0x33,
  0x90, 0x04, 0x6a, 0x4b, 0xea, 0x0c, 0xea, 0xff, 0x6b, 0x6c, 0xea, 0x40, 0x72,
  0x00, 0xf1, 0x15, 0x61, 0x2f, 0x92, 0x87, 0x41, 0x11, 0x4c, 0x51, 0xe4, 0x00,
  0x18, 0xc2, 0x11, 0x00, 0xf1, 0x02, 0x2a, 0x2f, 0x93, 0x87, 0x41, 0x12, 0x4c,
  0x71, 0xe4, 0x00, 0x18, 0xc2, 0x11, 0x32, 0x94, 0x00, 0x6d, 0x2f, 0xd2, 0x81,
  0xe1, 0x32, 0x48, 0x2e, 0xd5, 0x0b, 0x10, 0x90, 0x67, 0x00, 0x18, 0xc2, 0x11,
  0x2e, 0x97, 0xdd, 0x67, 0x01, 0x48, 0xed, 0xe6, 0x01, 0x4f, 0x80, 0xf0, 0x44,
  0xc3, 0x2e, 0xd7, 0x2e, 0x93, 0x2f, 0x94, 0xff, 0x6a, 0x6c, 0xea, 0x83, 0xea,
  0xef, 0x61, 0x00, 0x68, 0x45, 0x2c, 0x30, 0xf0, 0x20, 0x6c, 0x05, 0xf3, 0x8c,
  0xa4, 0x10, 0x02, 0x0a, 0x03, 0x51, 0xe4, 0x5b, 0x10, 0x06, 0x02, 0x15, 0xe2,
  0x60, 0xa5, 0x2f, 0x96, 0x2e, 0xd5, 0xce, 0xeb, 0x0c, 0x2b, 0x08, 0x33, 0x69,
  0xe2, 0x8c, 0x9a, 0x21, 0x05, 0x00, 0x18, 0xd1, 0x0d, 0x05, 0x22, 0x2e, 0x97,
  0x01, 0x6a, 0x20, 0xf0, 0x48, 0xc7, 0x27, 0x10, 0x2f, 0x92, 0x03, 0x72, 0x1f,
  0x61, 0x30, 0xf0, 0x20, 0x6c, 0x40, 0xf0, 0x04, 0x4c, 0x21, 0x05, 0x03, 0x6e,
  0x00, 0x18, 0xd1, 0x0d, 0x09, 0x2a, 0x30, 0xf0, 0x20, 0x6c, 0x40, 0xf0, 0x08,
  0x4c, 0x21, 0x05, 0x03, 0x6e, 0x00, 0x18, 0xd1, 0x0d, 0x08, 0x22, 0x06, 0x02,
  0x09, 0xe2, 0x78, 0xa2, 0x0b, 0x2b, 0x90, 0xa2, 0x0a, 0x2c, 0x01, 0x6b, 0x08,
  0x10, 0x9d, 0x67, 0x0d, 0xe4, 0x40, 0xf0, 0x40, 0xc3, 0x05, 0x10, 0x06, 0x02,
  0x09, 0xe2, 0x00, 0x6b, 0x20, 0xf0, 0x68, 0xc2, 0x01, 0x48, 0xff, 0x6a, 0x4c,
  0xe8, 0x30, 0xf0, 0x20, 0x6a, 0x05, 0xf3, 0x4c, 0xa2, 0x43, 0xe8, 0xbd, 0x61,
  0xbd, 0x67, 0x40, 0xf0, 0x40, 0xa5, 0x1a, 0x2a, 0x40, 0xf0, 0x41, 0xa5, 0x17,
  0x2a, 0x40, 0xf0, 0x42, 0xa5, 0x14, 0x2a, 0x40, 0xf0, 0x43, 0xa5, 0x11, 0x2a,
  0x40, 0xf0, 0x44, 0xa5, 0x1c, 0x10, 0xa0, 0xa3, 0x02, 0x25, 0x00, 0x6d, 0x01,
  0x10, 0x01, 0x6d, 0xa0, 0xc2, 0x01, 0x4b, 0x01, 0x4a, 0x8a, 0xea, 0xf6, 0x61,
  0xdd, 0x67, 0x40, 0xf0, 0x40, 0xa6, 0x02, 0x22, 0x00, 0x68, 0x6f, 0x10, 0xfd,
  0x67, 0x40, 0xf0, 0x41, 0xa7, 0xfa, 0x2a, 0x40, 0xf0, 0x42, 0xa7, 0xf7, 0x2a,
  0x40, 0xf0, 0x43, 0xa7, 0xf4, 0x2a, 0x40, 0xf0, 0x44, 0xa7, 0x6a, 0x22, 0xf0,
  0x17, 0x9d, 0x67, 0x0d, 0xe4, 0x40, 0xf0, 0x60, 0xa3, 0x59, 0x23, 0xa0, 0xf0,
  0x9e, 0xa2, 0x01, 0x6b, 0x6c, 0xec, 0x0f, 0x24, 0x62, 0xf6, 0x4c, 0xa2, 0x6c,
  0xea, 0xff, 0x6b, 0x6c, 0xea, 0x4e, 0x22, 0x08, 0x10, 0xe0, 0xf3, 0x09, 0x72,
  0x0f, 0x60, 0x01, 0x4a, 0xff, 0xf7, 0x1f, 0x6b, 0x6c, 0xea, 0x01, 0x10, 0x00,
  0x6a, 0x30, 0xf0, 0x20, 0x6b, 0xc0, 0xf4, 0x64, 0x9b, 0x02, 0xf0, 0x00, 0x6c,
  0x60, 0x9b, 0x8c, 0xeb, 0xee, 0x2b, 0x30, 0xf0, 0x20, 0x6a, 0xc0, 0xf4, 0x44,
  0x9a, 0x02, 0xf0, 0x00, 0x6b, 0x40, 0x9a, 0x6c, 0xea, 0x32, 0x2a, 0xbd, 0x67,
  0x09, 0xe5, 0x20, 0xf0, 0x80, 0xa2, 0x01, 0x6d, 0x08, 0x6e, 0x04, 0x6f, 0x00,
  0x18, 0x0e, 0x1e, 0xff, 0xf7, 0x1f, 0x6c, 0x4c, 0xec, 0x30, 0xf0, 0x20, 0x6a,
  0xa0, 0xf4, 0x50, 0x9a, 0x30, 0xf0, 0x20, 0x6b, 0xa0, 0xf4, 0x6c, 0x9b, 0x51,
  0xe4, 0x30, 0xf0, 0x20, 0x6a, 0x32, 0x95, 0xc0, 0xf4, 0x48, 0x9a, 0x6d, 0xe1,
  0x18, 0x4d, 0x49, 0xe1, 0xad, 0xe3, 0xb5, 0xe2, 0x40, 0xa3, 0xff, 0x6e, 0x01,
  0x4b, 0xcc, 0xea, 0xaa, 0xeb, 0x40, 0xc4, 0x01, 0x4c, 0xf8, 0x61, 0x00, 0x18,
  0xc7, 0x13, 0x20, 0x6b, 0x4d, 0xeb, 0x30, 0xf0, 0x20, 0x6a, 0xc0, 0xf4, 0x4c,
  0x9a, 0xff, 0x6f, 0xec, 0xeb, 0x60, 0xc2, 0x01, 0x48, 0xff, 0x6a, 0x4c, 0xe8,
  0x30, 0xf0, 0x20, 0x6a, 0x82, 0xf4, 0x00, 0x4a, 0x82, 0xf6, 0x6c, 0xa2, 0x63,
  0xe8, 0x97, 0x61, 0x30, 0x94, 0x00, 0x18, 0x62, 0x1d, 0x30, 0xf0, 0x20, 0x6a,
  0xc0, 0xf4, 0x50, 0x9a, 0x23, 0x6b, 0x6b, 0xeb, 0x60, 0xc2, 0x23, 0x11, 0x34,
  0x90, 0x40, 0x6a, 0x4b, 0xea, 0x0c, 0xea, 0x6c, 0xea, 0x04, 0x22, 0x30, 0x94,
  0x00, 0x18, 0x62, 0x1d, 0x19, 0x11, 0x30, 0xf0, 0x20, 0x6a, 0xc0, 0xf4, 0x54,
  0x9a, 0x2f, 0x94, 0x49, 0xe1, 0x89, 0xe2, 0x80, 0xa2, 0x30, 0xf0, 0x20, 0x6a,
  0xc0, 0xf4, 0x58, 0x9a, 0x6c, 0xec, 0x80, 0xc2, 0x30, 0xf0, 0x20, 0x6a, 0xc0,
  0xf4, 0x5c, 0x9a, 0x2f, 0x95, 0x49, 0xe1, 0xa9, 0xe2, 0x40, 0xa2, 0x4c, 0xeb,
  0x30, 0xf0, 0x20, 0x6a, 0xe0, 0xf4, 0x40, 0x9a, 0x60, 0xc2, 0x00, 0x6b, 0x4f,
  0x10, 0xff, 0x6e, 0x02, 0x67, 0xcc, 0xe8, 0x02, 0x58, 0x34, 0x60, 0xe2, 0xf0,
  0x0c, 0x42, 0x1f, 0xf7, 0x00, 0x6f, 0xec, 0xe8, 0x02, 0xf0, 0x00, 0x70, 0x01,
  0x60, 0x09, 0x28, 0x30, 0xf0, 0x20, 0x6e, 0xe0, 0xf4, 0x04, 0x9e, 0xc0, 0xa4,
  0x01, 0xe2, 0x1e, 0x65, 0xff, 0x6e, 0x07, 0x10, 0x30, 0xf0, 0x20, 0x68, 0xe0,
  0xf4, 0x08, 0x98, 0xe0, 0xa4, 0x01, 0xe2, 0x1f, 0x65, 0xf8, 0x67, 0xec, 0xee,
  0xc0, 0xc0, 0x1f, 0xf7, 0x00, 0x6e, 0xac, 0xee, 0x02, 0xf0, 0x00, 0x76, 0x01,
  0x60, 0x05, 0x2e, 0x30, 0xf0, 0x20, 0x6e, 0xe0, 0xf4, 0xcc, 0x9e, 0x04, 0x10,
  0x30, 0xf0, 0x20, 0x6e, 0xe0, 0xf4, 0xd0, 0x9e, 0x68, 0x30, 0xfd, 0x67, 0x01,
  0xe7, 0x17, 0x98, 0xd9, 0xe2, 0x41, 0xe0, 0x00, 0xa0, 0x00, 0xc6, 0x00, 0xa4,
  0xff, 0x6e, 0xff, 0x67, 0x0c, 0xee, 0x41, 0xe7, 0x00, 0xa0, 0x0e, 0xee, 0x06,
  0x26, 0x06, 0x02, 0x69, 0xe2, 0x00, 0x6c, 0x20, 0xf0, 0x80, 0xc2, 0x05, 0x10,
  0x01, 0x4a, 0x06, 0x72, 0x01, 0x4c, 0x01, 0x4d, 0xb4, 0x61, 0x01, 0x4b, 0xff,
  0x6a, 0x4c, 0xeb, 0x30, 0xf0, 0x20, 0x6a, 0x05, 0xf3, 0x4c, 0xa2, 0x43, 0xeb,
  0x11, 0x60, 0x68, 0x32, 0x1d, 0x67, 0x49, 0xe0, 0xf7, 0x9a, 0x30, 0xf0, 0x20,
  0x6a, 0xa0, 0xf4, 0x88, 0x9a, 0x32, 0x92, 0xe2, 0xf0, 0x0e, 0x6d, 0x91, 0xe1,
  0x18, 0x4a, 0x51, 0xe4, 0xff, 0x65, 0x00, 0x6a, 0x9a, 0x17, 0x9d, 0x67, 0x20,
  0xf0, 0x78, 0xa4, 0x01, 0x73, 0x12, 0x60, 0x20, 0xf0, 0x79, 0xa4, 0x01, 0x73,
  0x0e, 0x60, 0x20, 0xf0, 0x7a, 0xa4, 0x01, 0x73, 0x0a, 0x60, 0x20, 0xf0, 0x7b,
  0xa4, 0x01, 0x73, 0x06, 0x60, 0x20, 0xf0, 0x7c, 0xa4, 0x01, 0x73, 0x02, 0x60,
  0x31, 0x95, 0x65, 0x25, 0x00, 0x18, 0x0c, 0x0e, 0x30, 0xf0, 0x20, 0x6a, 0x82,
  0xf4, 0x00, 0x4a, 0xa0, 0xf0, 0x9e, 0xa2, 0x02, 0x6b, 0x8c, 0xeb, 0x07, 0x23,
  0xe2, 0xf5, 0x74, 0xa2, 0x01, 0x6a, 0x6c, 0xea, 0xff, 0x6b, 0x6c, 0xea, 0x45,
  0x22, 0x30, 0xf0, 0x20, 0x6a, 0xe0, 0xf4, 0x54, 0x9a, 0x66, 0x6b, 0x00, 0x6c,
  0x60, 0xc2, 0x00, 0x18, 0xb9, 0x0d, 0x30, 0xf0, 0x20, 0x6a, 0x05, 0xf3, 0x58,
  0xa2, 0x01, 0x6e, 0x31, 0xd6, 0x5c, 0x22, 0x30, 0xf0, 0x20, 0x6a, 0xe0, 0xf3,
  0x64, 0x9a, 0xff, 0x6c, 0x01, 0x4c, 0x40, 0x9b, 0x8c, 0xea, 0x01, 0x22, 0x80,
  0xdb, 0xff, 0x68, 0x01, 0x48, 0x00, 0x6c, 0xb0, 0x67, 0x00, 0x18, 0xd7, 0x04,
  0x30, 0xf0, 0x20, 0x6a, 0x82, 0xf4, 0x00, 0x4a, 0x82, 0xf6, 0xd9, 0xa2, 0x09,
  0x26, 0x42, 0xf1, 0x1c, 0x6c, 0x01, 0x6d, 0xcc, 0x36, 0x00, 0x18, 0x97, 0x15,
  0x01, 0x6f, 0x31, 0xd7, 0x3c, 0x10, 0x82, 0xf6, 0xda, 0xa2, 0x09, 0x26, 0x42,
  0xf1, 0x1c, 0x6c, 0x01, 0x6d, 0xc4, 0x36, 0x01, 0x68, 0x00, 0x18, 0xb4, 0x15,
  0x31, 0xd0, 0x30, 0x10, 0x42, 0xf1, 0x1c, 0x6c, 0x01, 0x6d, 0xd0, 0x67, 0x00,
  0x18, 0x97, 0x15, 0x01, 0x6a, 0x31, 0xd2, 0x27, 0x10, 0x10, 0xf0, 0x20, 0x6c,
  0x01, 0x6f, 0xa7, 0xf7, 0x05, 0x4c, 0x00, 0x6d, 0x03, 0x6e, 0xeb, 0xef, 0x04,
  0xd2, 0x00, 0x18, 0x24, 0x1a, 0x01, 0x6b, 0x31, 0xd3, 0x19, 0x10, 0x00, 0x6b,
  0x9d, 0x67, 0x20, 0xf0, 0x78, 0xc4, 0x20, 0xf0, 0x79, 0xc4, 0x20, 0xf0, 0x7a,
  0xc4, 0x20, 0xf0, 0x7b, 0xc4, 0x20, 0xf0, 0x7c, 0xc4, 0x0e, 0x03, 0x69, 0xe2,
  0x03, 0x10, 0x01, 0x6c, 0x80, 0xc3, 0x01, 0x4b, 0x4a, 0xeb, 0xfb, 0x61, 0x30,
  0x94, 0x00, 0x18, 0x62, 0x1d, 0x00, 0x6d, 0x31, 0xd5, 0x30, 0x91, 0x30, 0xf0,
  0x20, 0x6a, 0xc0, 0xf3, 0x50, 0x9a, 0x40, 0xa2, 0x0d, 0x22, 0x30, 0xf0, 0x20,
  0x6e, 0x82, 0xf4, 0x00, 0x4e, 0x2e, 0xd6, 0x80, 0xf0, 0x78, 0xa6, 0x01, 0x6a,
  0xff, 0x6f, 0x6c, 0xea, 0xec, 0xea, 0x7f, 0xf5, 0x0a, 0x2a, 0x39, 0x97, 0x38,
  0x91, 0x37, 0x90, 0x1d, 0x63, 0x00, 0xef, 0xfd, 0x63, 0x05, 0x62, 0x04, 0xd0,
  0x30, 0xf0, 0x20, 0x6a, 0xe0, 0xf4, 0x58, 0x9a, 0x30, 0xf0, 0x20, 0x6b, 0xe0,
  0xf4, 0x7c, 0x9b, 0x40, 0x9a, 0x30, 0xf0, 0x20, 0x68, 0x82, 0xf4, 0x00, 0x48,
  0x6c, 0xea, 0x82, 0xf0, 0x4c, 0xd8, 0x30, 0xf0, 0x20, 0x6a, 0x00, 0xf5, 0x60,
  0x9a, 0x30, 0xf0, 0x20, 0x6c, 0xe0, 0xf3, 0x94, 0x9c, 0x40, 0x9b, 0x8d, 0xea,
  0x40, 0xdb, 0x80, 0xf0, 0x78, 0xa0, 0x01, 0x6a, 0x01, 0x6c, 0x6d, 0xea, 0x80,
  0xf0, 0x58, 0xc0, 0x30, 0xf0, 0x20, 0x6a, 0xe0, 0xf3, 0xac, 0x9a, 0x00, 0x18,
  0x73, 0x04, 0x30, 0xf0, 0x20, 0x6a, 0x00, 0xf5, 0x44, 0x9a, 0x30, 0xf0, 0x20,
  0x6c, 0x00, 0xf5, 0x8c, 0x9c, 0x60, 0xa2, 0x07, 0x6a, 0x6c, 0xea, 0x01, 0x4a,
  0x82, 0xf6, 0x4c, 0xc0, 0x00, 0x6a, 0x82, 0xf6, 0x4a, 0xc8, 0x30, 0xf0, 0x20,
  0x6a, 0x00, 0xf5, 0x68, 0x9a, 0x40, 0x9b, 0x8c, 0xea, 0x40, 0xdb, 0x05, 0x97,
  0x04, 0x90, 0x03, 0x63, 0x00, 0xef, 0x00, 0x65, 0xfd, 0x63, 0x05, 0x62, 0x30,
  0xf0, 0x20, 0x6a, 0x82, 0xf4, 0x00, 0x4a, 0xa0, 0xf0, 0x9e, 0xa2, 0x02, 0x6b,
  0x8c, 0xeb, 0x07, 0x23, 0xe2, 0xf5, 0x74, 0xa2, 0x01, 0x6a, 0x6c, 0xea, 0xff,
  0x6b, 0x6c, 0xea, 0x0f, 0x22, 0x30, 0xf0, 0x20, 0x6a, 0xe0, 0xf4, 0x54, 0x9a,
  0x66, 0x6b, 0x00, 0x6c, 0x60, 0xc2, 0x00, 0x18, 0xb9, 0x0d, 0x10, 0xf0, 0x20,
  0x6c, 0xa7, 0xf7, 0x05, 0x4c, 0x00, 0x18, 0x11, 0x1a, 0x05, 0x97, 0x03, 0x63,
  0x00, 0xef, 0xfd, 0x63, 0x05, 0x62, 0xa4, 0x67, 0x30, 0xf0, 0x20, 0x6c, 0x22,
  0xf5, 0x04, 0x4c, 0x05, 0x6e, 0x00, 0x18, 0x69, 0x12, 0x05, 0x97, 0x03, 0x63,
  0x00, 0xef, 0x00, 0x65, 0xfd, 0x63, 0x05, 0x62, 0xa4, 0x67, 0x30, 0xf0, 0x20,
  0x6c, 0x02, 0xf5, 0x1f, 0x4c, 0x05, 0x6e, 0x00, 0x18, 0x69, 0x12, 0x05, 0x97,
  0x03, 0x63, 0x00, 0xef, 0x00, 0x65, 0xfc, 0x63, 0x07, 0x62, 0x06, 0xd1, 0x05,
  0xd0, 0x60, 0xa4, 0x01, 0x6a, 0x04, 0x67, 0x6c, 0xea, 0x0b, 0x22, 0x00, 0x18,
  0xc5, 0x0f, 0x30, 0xf0, 0x20, 0x6a, 0xe0, 0xf4, 0x54, 0x9a, 0x00, 0x6b, 0x60,
  0xc2, 0x00, 0x18, 0xca, 0x15, 0x1b, 0x10, 0x30, 0xf0, 0x20, 0x6a, 0x05, 0xf3,
  0x58, 0xa2, 0x14, 0x22, 0xff, 0x69, 0x01, 0x49, 0x00, 0x6c, 0xb1, 0x67, 0x00,
  0x18, 0xeb, 0x04, 0x30, 0xf0, 0x20, 0x6a, 0xe0, 0xf3, 0x64, 0x9a, 0x40, 0x9b,
  0x2c, 0xea, 0x01, 0x22, 0x20, 0xdb, 0x30, 0xf0, 0x20, 0x6a, 0x00, 0xf5, 0x50,
  0x9a, 0x00, 0x6b, 0x60, 0xc2, 0x00, 0x18, 0x0c, 0x0e, 0x61, 0xa0, 0x30, 0xf0,
  0x20, 0x6a, 0x82, 0xf4, 0x00, 0x4a, 0x80, 0xf0, 0x79, 0xc2, 0x62, 0xa0, 0x02,
  0x6f, 0x01, 0x68, 0x04, 0x6e, 0x08, 0x6d, 0x10, 0x6c, 0x6c, 0xe8, 0x6c, 0xef,
  0x6c, 0xee, 0x6c, 0xed, 0x6c, 0xec, 0x80, 0xf0, 0x7a, 0xc2, 0x82, 0xf6, 0x0e,
  0xc2, 0x82, 0xf6, 0xef, 0xc2, 0x82, 0xf6, 0xd0, 0xc2, 0x82, 0xf6, 0xb1, 0xc2,
  0x82, 0xf6, 0x92, 0xc2, 0x07, 0x97, 0x06, 0x91, 0x05, 0x90, 0x04, 0x63, 0x00,
  0xef, 0x30, 0xf0, 0x20, 0x6a, 0x00, 0xf5, 0x54, 0x9a, 0xff, 0x6b, 0x80, 0xa2,
  0x00, 0xf6, 0x80, 0x34, 0x00, 0xf6, 0x83, 0x34, 0x00, 0x54, 0x24, 0x60, 0xa0,
  0xa2, 0x7f, 0x6c, 0xac, 0xec, 0x80, 0xc2, 0x80, 0xa2, 0x40, 0x6d, 0x6c, 0xec,
  0xad, 0xec, 0x6c, 0xec, 0x80, 0xc2, 0x80, 0xa2, 0x30, 0xf0, 0x20, 0x6c, 0xa0,
  0xf3, 0x98, 0x9c, 0x3f, 0x6d, 0x80, 0xa4, 0x30, 0xf0, 0x20, 0x6c, 0xa0, 0xf3,
  0x9c, 0x9c, 0x80, 0xa4, 0x30, 0xf0, 0x20, 0x6c, 0x00, 0xf5, 0x98, 0x9c, 0x80,
  0xa4, 0x80, 0xa2, 0x6c, 0xec, 0xad, 0xec, 0x6c, 0xec, 0x80, 0xc2, 0x80, 0xa2,
  0xbf, 0x6b, 0x8c, 0xeb, 0x60, 0xc2, 0x20, 0xe8, 0x00, 0x65, 0xfb, 0x63, 0x09,
  0x62, 0x08, 0xd1, 0x07, 0xd0, 0xff, 0xf7, 0x1f, 0x6a, 0x0e, 0x90, 0x24, 0x67,
  0x4c, 0xe9, 0x03, 0x6b, 0x4c, 0xef, 0x2c, 0xeb, 0x00, 0x6a, 0x0b, 0xd5, 0x0c,
  0xd6, 0x04, 0xd7, 0x40, 0xc8, 0x00, 0x6a, 0x07, 0x23, 0x25, 0x10, 0x0a, 0x6c,
  0x00, 0x18, 0x58, 0x12, 0x40, 0xa8, 0x01, 0x4a, 0x40, 0xc8, 0x1f, 0xf7, 0x00,
  0x6a, 0x2c, 0xea, 0x02, 0xf0, 0x00, 0x72, 0x01, 0x60, 0x05, 0x2a, 0x30, 0xf0,
  0x20, 0x6a, 0x00, 0xf5, 0x5c, 0x9a, 0x04, 0x10, 0x30, 0xf0, 0x20, 0x6a, 0x20,
  0xf5, 0x40, 0x9a, 0x49, 0xe1, 0x0b, 0x93, 0x40, 0x9a, 0x6c, 0xea, 0x0c, 0x93,
  0x6e, 0xea, 0x04, 0x22, 0x40, 0xa8, 0x04, 0x93, 0x63, 0xea, 0xdf, 0x61, 0x40,
  0xa8, 0x04, 0x93, 0x63, 0xea, 0x58, 0x67, 0x09, 0x97, 0x08, 0x91, 0x07, 0x90,
  0x05, 0x63, 0x00, 0xef, 0xff, 0x6a, 0xa0, 0x35, 0x4c, 0xec, 0xa0, 0x35, 0xcc,
  0xea, 0x4d, 0xed, 0x05, 0x2c, 0x30, 0xf0, 0x20, 0x6a, 0x20, 0xf5, 0x44, 0x9a,
  0x04, 0x10, 0x30, 0xf0, 0x20, 0x6a, 0x20, 0xf5, 0x48, 0x9a, 0x30, 0xf0, 0x20,
  0x6b, 0x20, 0xf5, 0x8c, 0x9b, 0x30, 0xf0, 0x20, 0x6b, 0x20, 0xf5, 0x70, 0x9b,
  0xad, 0xea, 0x40, 0xdc, 0x4c, 0xeb, 0x30, 0xf0, 0x20, 0x6a, 0x20, 0xf5, 0x54,
  0x9a, 0x60, 0xdc, 0x00, 0x6b, 0x60, 0xc2, 0x20, 0xe8, 0x00, 0x65, 0xff, 0x6a,
  0xff, 0xf7, 0x1f, 0x6b, 0x8c, 0xea, 0xac, 0xeb, 0x05, 0x22, 0x30, 0xf0, 0x20,
  0x6a, 0xa0, 0xf3, 0x50, 0x9a, 0x04, 0x10, 0x30, 0xf0, 0x20, 0x6a, 0x40, 0xf4,
  0x58, 0x9a, 0x60, 0x33, 0x60, 0x33, 0x4d, 0xeb, 0x30, 0xf0, 0x20, 0x6a, 0x20,
  0xf5, 0x4c, 0x9a, 0x00, 0x6c, 0x60, 0xda, 0x30, 0xf0, 0x20, 0x6a, 0x20, 0xf5,
  0x58, 0x9a, 0x30, 0xf0, 0x20, 0x6b, 0x20, 0xf5, 0x74, 0x9b, 0x40, 0xa2, 0x80,
  0xc3, 0xff, 0x6b, 0x6c, 0xea, 0x20, 0xe8, 0x00, 0x65, 0x30, 0xf0, 0x20, 0x6b,
  0x20, 0xf5, 0x7c, 0x9b, 0xff, 0x6a, 0xcc, 0xea, 0x6d, 0xea, 0xe0, 0xf1, 0x1f,
  0x6b, 0xac, 0xeb, 0x30, 0xf0, 0x20, 0x6c, 0x20, 0xf5, 0x8c, 0x9c, 0x60, 0x33,
  0x60, 0x33, 0x6d, 0xea, 0x40, 0xdc, 0x30, 0xf0, 0x20, 0x6a, 0xa0, 0xf3, 0x48,
  0x9a, 0x6d, 0xea, 0x40, 0xdc, 0x20, 0xe8, 0x00, 0x65, 0xe0, 0xf1, 0x1f, 0x6a,
  0x30, 0xf0, 0x20, 0x6b, 0xa0, 0xf3, 0x68, 0x9b, 0xac, 0xea, 0x40, 0x32, 0x40,
  0x32, 0x6d, 0xea, 0x30, 0xf0, 0x20, 0x6b, 0x20, 0xf5, 0x6c, 0x9b, 0x40, 0xdb,
  0x30, 0xf0, 0x20, 0x6a, 0x20, 0xf5, 0x58, 0x9a, 0xff, 0x6b, 0x40, 0xa2, 0x6c,
  0xea, 0x20, 0xe8, 0x00, 0x65, 0xff, 0x6a, 0x4c, 0xec, 0x0b, 0x24, 0x30, 0xf0,
  0x20, 0x6b, 0x40, 0xf5, 0x80, 0x9b, 0x04, 0x6d, 0x60, 0xa4, 0x4c, 0xeb, 0xad,
  0xeb, 0x4c, 0xeb, 0x60, 0xc4, 0x20, 0xe8, 0x30, 0xf0, 0x20, 0x6a, 0x40, 0xf5,
  0x60, 0x9a, 0xfb, 0x6a, 0x80, 0xa3, 0x8c, 0xea, 0x40, 0xc3, 0x20, 0xe8, 0x00,
  0x65, 0x30, 0xf0, 0x20, 0x6a, 0x40, 0xf5, 0x44, 0x9a, 0x40, 0xaa, 0x20, 0xe8,
  0x30, 0xf0, 0x20, 0x6a, 0x40, 0xf5, 0x44, 0x9a, 0x40, 0xaa, 0x20, 0xe8, 0xfd,
  0x63, 0x05, 0x62, 0x04, 0xd0, 0x04, 0xf7, 0x10, 0x68, 0x10, 0x10, 0x05, 0x6c,
  0xff, 0x48, 0x00, 0x18, 0x58, 0x12, 0x0b, 0x28, 0x30, 0xf0, 0x20, 0x6a, 0x40,
  0xf5, 0x68, 0x9a, 0x08, 0xf0, 0x00, 0x6c, 0x40, 0x9b, 0x8d, 0xea, 0x40, 0xdb,
  0x00, 0x6a, 0x09, 0x10, 0x30, 0xf0, 0x20, 0x6a, 0x40, 0xf5, 0x44, 0x9a, 0x60,
  0xaa, 0x3f, 0x6a, 0x6c, 0xea, 0xe8, 0x2a, 0x01, 0x6a, 0x05, 0x97, 0x04, 0x90,
  0x03, 0x63, 0x00, 0xef, 0x00, 0x65, 0xfc, 0x63, 0x07, 0x62, 0x06, 0xd1, 0x05,
  0xd0, 0x01, 0x68, 0x04, 0xec, 0x82, 0xf3, 0x08, 0x69, 0x10, 0x10, 0x01, 0x6c,
  0xff, 0x49, 0x00, 0x18, 0x58, 0x12, 0x0b, 0x29, 0x30, 0xf0, 0x20, 0x6a, 0x40,
  0xf5, 0x68, 0x9a, 0x08, 0xf0, 0x00, 0x6c, 0x40, 0x9b, 0x8d, 0xea, 0x40, 0xdb,
  0x00, 0x6a, 0x0b, 0x10, 0x30, 0xf0, 0x20, 0x6a, 0x40, 0xf5, 0x44, 0x9a, 0x60,
  0xaa, 0xff, 0xf7, 0x1f, 0x6a, 0x6c, 0xea, 0x0c, 0xea, 0xe6, 0x2a, 0x01, 0x6a,
  0x07, 0x97, 0x06, 0x91, 0x05, 0x90, 0x04, 0x63, 0x00, 0xef, 0x00, 0x65, 0xfb,
  0x63, 0x09, 0x62, 0x08, 0xd1, 0x07, 0xd0, 0x0e, 0x92, 0x04, 0x67, 0x0f, 0x91,
  0x04, 0xd2, 0x04, 0x93, 0xff, 0x6a, 0x4c, 0xe8, 0x4c, 0xeb, 0x90, 0x67, 0x0b,
  0xd5, 0x0c, 0xd6, 0x0d, 0xd7, 0x04, 0xd3, 0x4c, 0xe9, 0x00, 0x18, 0xcc, 0x10,
  0x80, 0xf0, 0x07, 0x22, 0x06, 0x58, 0x80, 0xf0, 0x04, 0x60, 0x30, 0xf0, 0x20,
  0x6a, 0x08, 0x30, 0x20, 0xf1, 0x18, 0x4a, 0x09, 0xe2, 0x40, 0x9a, 0x00, 0xea,
  0x02, 0xf2, 0x10, 0x6a, 0x0e, 0x10, 0x02, 0xf2, 0x00, 0x6a, 0x0b, 0x10, 0x22,
  0xf2, 0x00, 0x6a, 0x08, 0x10, 0x22, 0xf2, 0x10, 0x6a, 0x05, 0x10, 0x42, 0xf2,
  0x00, 0x6a, 0x02, 0x10, 0x42, 0xf2, 0x10, 0x6a, 0x30, 0xf0, 0x20, 0x6b, 0x0d,
  0x94, 0xe0, 0xf4, 0x7c, 0x9b, 0x8c, 0xeb, 0x30, 0xf0, 0x20, 0x6c, 0x40, 0xf5,
  0x8c, 0x9c, 0x8d, 0xeb, 0x06, 0x21, 0x30, 0xf0, 0x20, 0x6c, 0x40, 0xf5, 0x90,
  0x9c, 0x6d, 0xec, 0x05, 0x10, 0x30, 0xf0, 0x20, 0x6c, 0x40, 0xf5, 0x94, 0x9c,
  0x6c, 0xec, 0x04, 0x96, 0x06, 0x26, 0x30, 0xf0, 0x20, 0x6b, 0xa0, 0xf3, 0x68,
  0x9b, 0x8d, 0xeb, 0x05, 0x10, 0x30, 0xf0, 0x20, 0x6b, 0x40, 0xf5, 0x78, 0x9b,
  0x8c, 0xeb, 0x1f, 0xf7, 0x00, 0x6c, 0x4c, 0xec, 0x02, 0xf0, 0x00, 0x74, 0x01,
  0x60, 0x05, 0x2c, 0x30, 0xf0, 0x20, 0x6c, 0x00, 0xf5, 0xbc, 0x9c, 0x04, 0x10,
  0x30, 0xf0, 0x20, 0x6c, 0x20, 0xf5, 0xa0, 0x9c, 0x30, 0xf0, 0x20, 0x6c, 0x0b,
  0x96, 0x40, 0xf5, 0x9c, 0x9c, 0xb5, 0xe2, 0xcc, 0xec, 0x80, 0xdd, 0x84, 0x42,
  0x1f, 0xf7, 0x00, 0x6d, 0xac, 0xec, 0x02, 0xf0, 0x00, 0x74, 0x01, 0x60, 0x05,
  0x2c, 0x30, 0xf0, 0x20, 0x6c, 0x60, 0xf5, 0xa0, 0x9c, 0x04, 0x10, 0x30, 0xf0,
  0x20, 0x6c, 0x60, 0xf5, 0xa4, 0x9c, 0x30, 0xf0, 0x20, 0x6c, 0x0c, 0x96, 0x40,
  0xf5, 0x9c, 0x9c, 0xb5, 0xe2, 0xcc, 0xec, 0x80, 0xdd, 0x87, 0x42, 0x01, 0x4c,
  0x1f, 0xf7, 0x00, 0x6d, 0xac, 0xec, 0x02, 0xf0, 0x00, 0x74, 0x01, 0x60, 0x05,
  0x2c, 0x30, 0xf0, 0x20, 0x6c, 0x60, 0xf5, 0x88, 0x9c, 0x04, 0x10, 0x30, 0xf0,
  0x20, 0x6c, 0x60, 0xf5, 0x8c, 0x9c, 0x89, 0xe2, 0x60, 0xda, 0x01, 0x6a, 0x01,
  0x10, 0x00, 0x6a, 0x09, 0x97, 0x08, 0x91, 0x07, 0x90, 0x05, 0x63, 0x00, 0xef,
  0x00, 0x65, 0xfd, 0x63, 0x05, 0x62, 0x04, 0xd0, 0x00, 0x68, 0x01, 0x6a, 0x30,
  0xf0, 0x20, 0x6b, 0x60, 0xf5, 0x74, 0x9b, 0x4e, 0xe8, 0x10, 0xf0, 0x20, 0x6a,
  0xc8, 0xf4, 0x0d, 0x4a, 0x09, 0xe2, 0x40, 0xdb, 0x00, 0x18, 0xf3, 0x05, 0x00,
  0x18, 0x32, 0x10, 0x00, 0x18, 0xf2, 0x05, 0x00, 0x18, 0xf3, 0x05, 0x30, 0xf0,
  0x20, 0x6a, 0x82, 0xf4, 0x00, 0x4a, 0x80, 0xf0, 0x8c, 0x9a, 0x02, 0x6b, 0x8c,
  0xeb, 0x07, 0x23, 0x03, 0x6b, 0x6b, 0xeb, 0x8c, 0xeb, 0x80, 0xf0, 0x6c, 0xda,
  0x00, 0x18, 0xeb, 0x14, 0x00, 0x18, 0xf2, 0x05, 0x00, 0x18, 0xf3, 0x05, 0x30,
  0xf0, 0x20, 0x6a, 0x82, 0xf4, 0x00, 0x4a, 0x80, 0xf0, 0x8c, 0x9a, 0x04, 0x6b,
  0x8c, 0xeb, 0x09, 0x23, 0x05, 0x6b, 0x6b, 0xeb, 0x8c, 0xeb, 0x80, 0xf0, 0x6c,
  0xda, 0x00, 0x18, 0xac, 0x13, 0x00, 0x18, 0x67, 0x13, 0x00, 0x18, 0xf2, 0x05,
  0x00, 0x18, 0xf3, 0x05, 0x30, 0xf0, 0x20, 0x6a, 0x82, 0xf4, 0x00, 0x4a, 0xa0,
  0xf0, 0x90, 0xa2, 0x7f, 0x6b, 0x8c, 0xeb, 0x09, 0x23, 0xa0, 0xf0, 0x74, 0xa2,
  0xe2, 0xf5, 0x57, 0xa2, 0x6e, 0xea, 0x03, 0x22, 0x00, 0x6c, 0x00, 0x18, 0xd8,
  0x09, 0x30, 0xf0, 0x20, 0x6a, 0x02, 0xf5, 0x4c, 0x9a, 0x02, 0x2a, 0x00, 0x18,
  0x8d, 0x08, 0x00, 0x18, 0xf2, 0x05, 0x00, 0x18, 0xf3, 0x05, 0x30, 0xf0, 0x20,
  0x6a, 0x82, 0xf4, 0x00, 0x4a, 0x80, 0xf0, 0x8c, 0x9a, 0x10, 0x6b, 0x8c, 0xeb,
  0x07, 0x23, 0x11, 0x6b, 0x6b, 0xeb, 0x8c, 0xeb, 0x80, 0xf0, 0x6c, 0xda, 0x00,
  0x18, 0x5b, 0x2f, 0x00, 0x18, 0xf2, 0x05, 0x00, 0x18, 0xf3, 0x05, 0x30, 0xf0,
  0x20, 0x6a, 0x82, 0xf4, 0x00, 0x4a, 0x80, 0xf0, 0x8c, 0x9a, 0x04, 0xf0, 0x00,
  0x6b, 0x8c, 0xeb, 0x08, 0x23, 0x04, 0xf0, 0x01, 0x6b, 0x6b, 0xeb, 0x8c, 0xeb,
  0x80, 0xf0, 0x6c, 0xda, 0x00, 0x18, 0x29, 0x0e, 0x00, 0x18, 0xf2, 0x05, 0x00,
  0x18, 0xf3, 0x05, 0x30, 0xf0, 0x20, 0x6a, 0x82, 0xf4, 0x00, 0x4a, 0x80, 0xf0,
  0x8c, 0x9a, 0x02, 0xf0, 0x00, 0x6b, 0x8c, 0xeb, 0x08, 0x23, 0x02, 0xf0, 0x01,
  0x6b, 0x6b, 0xeb, 0x8c, 0xeb, 0x80, 0xf0, 0x6c, 0xda, 0x00, 0x18, 0xcb, 0x1a,
  0x00, 0x18, 0xf2, 0x05, 0x66, 0x17, 0x00, 0x6a, 0x64, 0x67, 0x66, 0xea, 0x01,
  0x6d, 0xac, 0xeb, 0x04, 0x2b, 0x01, 0x4a, 0x20, 0x72, 0xf8, 0x61, 0x20, 0x6a,
  0x20, 0xe8, 0x00, 0x65, 0xfc, 0x63, 0x07, 0x62, 0x06, 0xd1, 0x05, 0xd0, 0x30,
  0xf0, 0x20, 0x6a, 0x20, 0xf5, 0x40, 0x9a, 0x25, 0x67, 0x49, 0xe4, 0x00, 0x9a,
  0x85, 0x67, 0x00, 0x18, 0x82, 0x11, 0x2c, 0xe8, 0x06, 0xea, 0x50, 0x67, 0x07,
  0x97, 0x06, 0x91, 0x05, 0x90, 0x04, 0x63, 0x00, 0xef, 0xfb, 0x63, 0x09, 0x62,
  0x08, 0xd1, 0x07, 0xd0, 0x41, 0x45, 0x05, 0x67, 0x0c, 0xd6, 0x13, 0x22, 0x30,
  0xf0, 0x20, 0x6a, 0x20, 0xf5, 0x20, 0x9a, 0x0f, 0xe8, 0x25, 0xe4, 0x40, 0x99,
  0x85, 0x67, 0x04, 0xd2, 0x00, 0x18, 0x82, 0x11, 0x0c, 0x93, 0x64, 0xea, 0x43,
  0x67, 0x04, 0x93, 0x6c, 0xe8, 0x0d, 0xea, 0x40, 0xd9, 0x07, 0x10, 0x30, 0xf0,
  0x20, 0x6a, 0x20, 0xf5, 0x20, 0x9a, 0x0c, 0x92, 0x31, 0xe4, 0x40, 0xdc, 0x09,
  0x97, 0x08, 0x91, 0x07, 0x90, 0x05, 0x63, 0x00, 0xef, 0x00, 0x65, 0x41, 0x45,
  0x0c, 0x22, 0x30, 0xf0, 0x20, 0x6a, 0x20, 0xf5, 0x40, 0x9a, 0xaf, 0xeb, 0xcc,
  0xed, 0x51, 0xe4, 0x40, 0x9c, 0x6c, 0xea, 0xad, 0xea, 0x40, 0xdc, 0x20, 0xe8,
  0x30, 0xf0, 0x20, 0x6a, 0x20, 0xf5, 0x40, 0x9a, 0x51, 0xe4, 0xc0, 0xdc, 0x20,
  0xe8, 0x00, 0x65, 0x30, 0xf0, 0x20, 0x6b, 0xa0, 0xf5, 0x64, 0x9b, 0xff, 0x6a,
  0xac, 0xea, 0x6d, 0xe4, 0x49, 0xe6, 0x04, 0x10, 0x80, 0xa3, 0x01, 0x4b, 0x80,
  0xc6, 0x01, 0x4e, 0x4a, 0xee, 0xfa, 0x61, 0x20, 0xe8, 0x30, 0xf0, 0x20, 0x6b,
  0xa0, 0xf5, 0x64, 0x9b, 0xff, 0x6a, 0xac, 0xea, 0x6d, 0xe4, 0x49, 0xe6, 0x04,
  0x10, 0x80, 0xa6, 0x01, 0x4e, 0x80, 0xc3, 0x01, 0x4b, 0x4a, 0xee, 0xfa, 0x61,
  0x20, 0xe8, 0x30, 0xf0, 0x20, 0x6a, 0xe0, 0xf4, 0x58, 0x9a, 0x30, 0xf0, 0x20,
  0x6b, 0xe0, 0xf4, 0x7c, 0x9b, 0x40, 0x9a, 0x6c, 0xea, 0x83, 0xea, 0x02, 0x60,
  0x4f, 0xea, 0x51, 0xe4, 0x30, 0xf0, 0x20, 0x6a, 0xa0, 0xf5, 0x48, 0x9a, 0xff,
  0x6b, 0x51, 0xe4, 0x40, 0xa4, 0x6c, 0xea, 0x20, 0xe8, 0x00, 0x65, 0xfa, 0x63,
  0x0b, 0x62, 0x0a, 0xd1, 0x09, 0xd0, 0xff, 0x6a, 0xff, 0xf7, 0x1f, 0x6b, 0x4c,
  0xed, 0x4c, 0xee, 0x24, 0x67, 0x6c, 0xef, 0x10, 0x90, 0x6c, 0xe9, 0x05, 0xd5,
  0x06, 0xd6, 0x04, 0xd7, 0x00, 0x6a, 0x05, 0x10, 0x0a, 0x6c, 0x00, 0x18, 0x58,
  0x12, 0x40, 0xa8, 0x01, 0x4a, 0x40, 0xc8, 0x1f, 0xf7, 0x00, 0x6a, 0x2c, 0xea,
  0x02, 0xf0, 0x00, 0x72, 0x01, 0x60, 0x05, 0x2a, 0x30, 0xf0, 0x20, 0x6a, 0x00,
  0xf5, 0x5c, 0x9a, 0x04, 0x10, 0x30, 0xf0, 0x20, 0x6a, 0x20, 0xf5, 0x40, 0x9a,
  0x49, 0xe1, 0x60, 0xa2, 0xff, 0x6a, 0x6c, 0xea, 0x05, 0x93, 0x6c, 0xea, 0x06,
  0x93, 0x6e, 0xea, 0x04, 0x22, 0x40, 0xa8, 0x04, 0x93, 0x63, 0xea, 0xdd, 0x61,
  0x40, 0xa8, 0x04, 0x93, 0x0b, 0x97, 0x0a, 0x91, 0x09, 0x90, 0x63, 0xea, 0x58,
  0x67, 0x06, 0x63, 0x00, 0xef, 0x03, 0x6f, 0x8c, 0xef, 0x64, 0x67, 0x46, 0x67,
  0x04, 0x27, 0x0b, 0x10, 0xa0, 0xdb, 0xfc, 0x4a, 0x04, 0x4b, 0x04, 0x5a, 0xfb,
  0x60, 0x03, 0x6a, 0x4c, 0xee, 0x03, 0x10, 0xa0, 0xc4, 0xff, 0x4e, 0x01, 0x4c,
  0xfc, 0x2e, 0x00, 0x6a, 0x20, 0xe8, 0xff, 0x6a, 0xac, 0xea, 0x03, 0x10, 0x40,
  0xc4, 0xff, 0x4e, 0x01, 0x4c, 0xfc, 0x2e, 0x00, 0x6a, 0x20, 0xe8, 0x00, 0x65,
  0xff, 0x63, 0x01, 0xd0, 0x03, 0x6b, 0x05, 0x67, 0x6c, 0xe8, 0x44, 0x67, 0xe4,
  0x67, 0x85, 0x67, 0x12, 0x28, 0x4c, 0xeb, 0x10, 0x2b, 0x86, 0x67, 0x06, 0x10,
  0x61, 0xe5, 0x00, 0x98, 0x7d, 0xe2, 0xfc, 0x4c, 0x00, 0xdf, 0x04, 0x4b, 0x04,
  0x5c, 0xf8, 0x60, 0xca, 0x34, 0x88, 0x34, 0x03, 0x6b, 0x9d, 0xe2, 0x6c, 0xee,
  0x91, 0xe5, 0x00, 0x6b, 0x06, 0x10, 0x61, 0xe4, 0x00, 0xa0, 0x75, 0xe7, 0xff,
  0x4e, 0x00, 0xc5, 0x01, 0x4b, 0xf9, 0x2e, 0x01, 0x90, 0x01, 0x63, 0x20, 0xe8,
  0x00, 0x65, 0x46, 0x67, 0x00, 0x6b, 0x08, 0x10, 0x79, 0xe4, 0xe0, 0xa6, 0x79,
  0xe5, 0xc0, 0xa6, 0x01, 0x4b, 0xee, 0xee, 0x02, 0x2e, 0xff, 0x4a, 0xf7, 0x2a,
  0x20, 0xe8, 0x00, 0x65, 0x06, 0x2c, 0x64, 0x6b, 0x30, 0xf0, 0x20, 0x6a, 0x62,
  0xf4, 0x6c, 0xda, 0x04, 0x10, 0x30, 0xf0, 0x20, 0x6a, 0x62, 0xf4, 0x8c, 0xda,
  0x30, 0xf0, 0x20, 0x6a, 0x62, 0xf4, 0x4c, 0x9a, 0x28, 0x72, 0x2d, 0x60, 0x29,
  0x5a, 0x07, 0x60, 0x14, 0x72, 0x19, 0x60, 0x19, 0x72, 0x1f, 0x60, 0x0a, 0x72,
  0x0d, 0x60, 0x20, 0xe8, 0x50, 0x72, 0x32, 0x60, 0x51, 0x5a, 0x03, 0x60, 0x32,
  0x72, 0x26, 0x60, 0x20, 0xe8, 0x64, 0x72, 0x33, 0x60, 0xc8, 0x72, 0x39, 0x60,
  0x20, 0xe8, 0x02, 0x6b, 0x30, 0xf0, 0x20, 0x6a, 0x62, 0xf4, 0x70, 0xda, 0xe0,
  0xf7, 0x1e, 0x4b, 0x39, 0x10, 0x03, 0x6b, 0x30, 0xf0, 0x20, 0x6a, 0x62, 0xf4,
  0x70, 0xda, 0xe1, 0xf3, 0x1d, 0x4b, 0x31, 0x10, 0x09, 0x6b, 0x30, 0xf0, 0x20,
  0x6a, 0x62, 0xf4, 0x70, 0xda, 0xe4, 0xf3, 0x17, 0x4b, 0x29, 0x10, 0x05, 0x6b,
  0x30, 0xf0, 0x20, 0x6a, 0x62, 0xf4, 0x70, 0xda, 0xe2, 0xf3, 0x1b, 0x4b, 0x21,
  0x10, 0x11, 0x6b, 0x30, 0xf0, 0x20, 0x6a, 0x62, 0xf4, 0x70, 0xda, 0xe8, 0xf3,
  0x0f, 0x4b, 0x19, 0x10, 0x0a, 0x6b, 0x30, 0xf0, 0x20, 0x6a, 0x62, 0xf4, 0x70,
  0xda, 0xe4, 0xf7, 0x16, 0x4b, 0x11, 0x10, 0x22, 0x6b, 0x30, 0xf0, 0x20, 0x6a,
  0x62, 0xf4, 0x70, 0xda, 0x11, 0xf0, 0x00, 0x6b, 0x09, 0x10, 0x43, 0x6b, 0x30,
  0xf0, 0x20, 0x6a, 0x62, 0xf4, 0x70, 0xda, 0x30, 0xf0, 0x20, 0x6a, 0xa0, 0xf5,
  0x6c, 0x9a, 0x30, 0xf0, 0x20, 0x6a, 0x62, 0xf4, 0x74, 0xda, 0x20, 0xe8, 0x30,
  0xf0, 0x20, 0x6a, 0x62, 0xf4, 0x4c, 0x9a, 0x20, 0xe8, 0x00, 0x65, 0x30, 0xf0,
  0x20, 0x6a, 0x62, 0xf4, 0x54, 0x9a, 0xff, 0x63, 0x58, 0xec, 0x12, 0xea, 0x00,
  0xd2, 0x00, 0x92, 0xff, 0x4a, 0x00, 0xd2, 0x00, 0x92, 0xfb, 0x2a, 0x01, 0x63,
  0x20, 0xe8, 0x00, 0x65, 0x30, 0xf0, 0x20, 0x6a, 0x62, 0xf4, 0x50, 0x9a, 0xff,
  0x63, 0x58, 0xec, 0x12, 0xea, 0x00, 0xd2, 0x00, 0x92, 0xff, 0x4a, 0x00, 0xd2,
  0x00, 0x92, 0xfb, 0x2a, 0x01, 0x63, 0x20, 0xe8, 0x00, 0x65, 0xfd, 0x63, 0x05,
  0x62, 0x00, 0x18, 0x10, 0x12, 0x05, 0x97, 0x03, 0x63, 0x00, 0xef, 0x00, 0x65,
  0xfd, 0x63, 0x05, 0x62, 0xff, 0x6a, 0x4c, 0xed, 0x00, 0x18, 0xf7, 0x11, 0x05,
  0x97, 0x00, 0x6a, 0x03, 0x63, 0x00, 0xef, 0xfd, 0x63, 0x05, 0x62, 0x04, 0xd0,
  0xff, 0x6a, 0x04, 0x67, 0x4c, 0xee, 0x00, 0x18, 0xfc, 0x11, 0x50, 0x67, 0x05,
  0x97, 0x04, 0x90, 0x03, 0x63, 0x00, 0xef, 0x00, 0x65, 0xff, 0xf7, 0x1f, 0x6a,
  0x8c, 0xea, 0x30, 0xf0, 0x20, 0x6b, 0x30, 0xf0, 0x20, 0x6c, 0xa0, 0xf5, 0x68,
  0x9b, 0x80, 0xf6, 0x94, 0x9c, 0x6d, 0xe5, 0x91, 0xe5, 0x00, 0x6e, 0xc0, 0xdb,
  0x04, 0x4b, 0x8a, 0xeb, 0xfb, 0x61, 0xe7, 0xf7, 0x1f, 0x6b, 0x4c, 0xeb, 0x30,
  0xf0, 0x20, 0x6a, 0x40, 0xf5, 0x4c, 0x9a, 0x10, 0x6c, 0x4d, 0xeb, 0x30, 0xf0,
  0x20, 0x6a, 0xa0, 0xf5, 0x48, 0x9a, 0x49, 0xe5, 0x60, 0xda, 0x30, 0xf0, 0x20,
  0x6a, 0x80, 0xf6, 0x58, 0x9a, 0xff, 0x6b, 0x55, 0xe5, 0x40, 0xa5, 0x6c, 0xea,
  0x8d, 0xea, 0x6c, 0xea, 0x40, 0xc5, 0x20, 0xe8, 0x00, 0x65, 0xfd, 0x63, 0x05,
  0x62, 0x04, 0xd0, 0x30, 0xf0, 0x20, 0x68, 0x82, 0xf4, 0x00, 0x48, 0x80, 0xf0,
  0x4c, 0x98, 0x04, 0x6b, 0xa4, 0x67, 0x6d, 0xea, 0x80, 0xf0, 0x4c, 0xd8, 0x00,
  0xf2, 0x44, 0xa8, 0x01, 0xf1, 0x00, 0x72, 0x07, 0x60, 0x00, 0xf2, 0x64, 0xa0,
  0x00, 0xf2, 0x45, 0xa0, 0xff, 0x4b, 0x4e, 0xeb, 0x0a, 0x2b, 0x30, 0xf0, 0x20,
  0x6a, 0x40, 0xf5, 0x68, 0x9a, 0x00, 0xf2, 0x00, 0x6c, 0x40, 0x9b, 0x8d, 0xea,
  0x40, 0xdb, 0x14, 0x10, 0x87, 0x42, 0x0f, 0x4c, 0x90, 0x34, 0x11, 0xe4, 0x04,
  0x4c, 0x10, 0x6e, 0x00, 0x18, 0xfc, 0x11, 0x00, 0xf2, 0x45, 0xa0, 0x0a, 0x6b,
  0x01, 0x4a, 0x00, 0xf2, 0x45, 0xc0, 0x00, 0xf2, 0x45, 0xa0, 0x6e, 0xea, 0x02,
  0x2a, 0x00, 0xf2, 0x45, 0xc0, 0x05, 0x97, 0x04, 0x90, 0x03, 0x63, 0x00, 0xef,
  0xfc, 0x63, 0x07, 0x62, 0x06, 0xd1, 0x05, 0xd0, 0x30, 0xf0, 0x20, 0x68, 0x82,
  0xf4, 0x00, 0x48, 0x30, 0xf0, 0x20, 0x6a, 0x82, 0xf0, 0x68, 0x98, 0x80, 0xf6,
  0x5c, 0x9a, 0xa4, 0x67, 0x6c, 0xea, 0x30, 0xf0, 0x20, 0x6b, 0x40, 0xf6, 0x64,
  0x9b, 0x6e, 0xea, 0x07, 0x22, 0x82, 0xf0, 0x49, 0xa0, 0x82, 0xf0, 0x6a, 0xa0,
  0xff, 0x4a, 0x6e, 0xea, 0x0c, 0x2a, 0x30, 0xf0, 0x20, 0x6a, 0x40, 0xf5, 0x68,
  0x9a, 0x30, 0xf0, 0x20, 0x6c, 0xe0, 0xf3, 0x98, 0x9c, 0x40, 0x9b, 0x8d, 0xea,
  0x40, 0xdb, 0x9f, 0x10, 0x23, 0xa4, 0xff, 0xf7, 0x1f, 0x6a, 0x04, 0x49, 0x4c,
  0xe9, 0x82, 0xf0, 0x46, 0xa8, 0x1c, 0x2a, 0xe8, 0x6c, 0x98, 0xeb, 0xe8, 0x6e,
  0x12, 0xeb, 0x11, 0xe3, 0x00, 0xf2, 0x06, 0x4c, 0x00, 0x18, 0xfc, 0x11, 0x82,
  0xf0, 0x4a, 0xa0, 0x82, 0xf0, 0x69, 0xa0, 0x82, 0xf0, 0x26, 0xc8, 0x4e, 0xeb,
  0x72, 0x2b, 0x01, 0x4a, 0x82, 0xf0, 0x4a, 0xc0, 0x82, 0xf0, 0x4a, 0xa0, 0x10,
  0x6b, 0x6e, 0xea, 0x6a, 0x2a, 0x82, 0xf0, 0x4a, 0xc0, 0x67, 0x10, 0x62, 0xa4,
  0x34, 0x2b, 0x4d, 0xe1, 0xe3, 0x53, 0x31, 0x60, 0x82, 0xf0, 0x68, 0xa0, 0xe8,
  0x6c, 0x98, 0xeb, 0x12, 0xeb, 0x0d, 0xe3, 0x00, 0xf2, 0x88, 0xa3, 0x28, 0x2c,
  0x00, 0xf2, 0x89, 0xa3, 0xff, 0x6e, 0xfc, 0x4a, 0xff, 0x4c, 0x00, 0xf2, 0x89,
  0xc3, 0x82, 0xf0, 0x66, 0xa8, 0xe8, 0x6c, 0xcc, 0xea, 0xff, 0x4b, 0x82, 0xf0,
  0x66, 0xc8, 0x82, 0xf0, 0x68, 0xa0, 0x2c, 0xee, 0x98, 0xeb, 0x12, 0xeb, 0x6d,
  0xe0, 0x49, 0xe3, 0x00, 0xf2, 0x89, 0x42, 0x00, 0x18, 0x69, 0x12, 0x82, 0xf0,
  0x48, 0xa0, 0xe8, 0x6b, 0x78, 0xea, 0x12, 0xea, 0x09, 0xe2, 0x00, 0xf2, 0x69,
  0xa2, 0x6d, 0xe1, 0x00, 0xf2, 0x69, 0xc2, 0x82, 0xf0, 0x46, 0xa8, 0x45, 0xe1,
  0x2f, 0x10, 0x30, 0xf0, 0x20, 0x6a, 0x82, 0xf4, 0x00, 0x4a, 0x82, 0xf0, 0x6a,
  0xa2, 0x10, 0x6c, 0x01, 0x4b, 0x82, 0xf0, 0x6a, 0xc2, 0x82, 0xf0, 0x6a, 0xa2,
  0x8e, 0xeb, 0x02, 0x2b, 0x82, 0xf0, 0x6a, 0xc2, 0x30, 0xf0, 0x20, 0x6a, 0x82,
  0xf4, 0x00, 0x4a, 0x82, 0xf0, 0x68, 0xa2, 0x10, 0x6c, 0x01, 0x4b, 0x82, 0xf0,
  0x68, 0xc2, 0x82, 0xf0, 0x68, 0xa2, 0x8e, 0xeb, 0x02, 0x2b, 0x82, 0xf0, 0x68,
  0xc2, 0x30, 0xf0, 0x20, 0x68, 0x82, 0xf4, 0x00, 0x48, 0x82, 0xf0, 0x88, 0xa0,
  0xe8, 0x6a, 0xc2, 0x67, 0x58, 0xec, 0x12, 0xec, 0x11, 0xe4, 0x00, 0xf2, 0x06,
  0x4c, 0x00, 0x18, 0xfc, 0x11, 0x82, 0xf0, 0x26, 0xc8, 0x30, 0xf0, 0x20, 0x6a,
  0x82, 0xf4, 0x00, 0x4a, 0x82, 0xf0, 0x88, 0xa2, 0xe8, 0x6b, 0x78, 0xec, 0x82,
  0xf0, 0x86, 0xaa, 0x12, 0xeb, 0x4d, 0xe3, 0xe0, 0xf2, 0x8d, 0xc3, 0x80, 0xf0,
  0x6c, 0x9a, 0x04, 0x6c, 0x8d, 0xeb, 0x80, 0xf0, 0x6c, 0xda, 0x07, 0x97, 0x06,
  0x91, 0x05, 0x90, 0x04, 0x63, 0x00, 0xef, 0x00, 0x65, 0xfd, 0x63, 0x05, 0x62,
  0x04, 0xd0, 0x30, 0xf0, 0x20, 0x6b, 0x62, 0xf4, 0x5b, 0xa3, 0xff, 0x6f, 0xe0,
  0xf0, 0xc7, 0xa5, 0x41, 0xc5, 0x43, 0xa5, 0x62, 0xf4, 0x7b, 0xa3, 0x03, 0x4a,
  0xec, 0xea, 0x09, 0x10, 0xed, 0x42, 0xff, 0x68, 0x0c, 0xef, 0xfd, 0xe5, 0x64,
  0xc7, 0xe6, 0xa7, 0x03, 0x4f, 0xe9, 0xe2, 0x0c, 0xea, 0xef, 0x46, 0xe2, 0xea,
  0xf4, 0x61, 0x30, 0xf0, 0x20, 0x6a, 0x62, 0xf4, 0x7b, 0xa2, 0x01, 0x4b, 0x62,
  0xf4, 0x7b, 0xc2, 0x30, 0xf0, 0x20, 0x6a, 0xa0, 0xf5, 0x48, 0x9a, 0x51, 0xe4,
  0x00, 0x18, 0x69, 0x12, 0x05, 0x97, 0x04, 0x90, 0x03, 0x63, 0x00, 0xef, 0x00,
  0x65, 0xfc, 0x63, 0x07, 0x62, 0x06, 0xd1, 0x05, 0xd0, 0x30, 0xf0, 0x20, 0x6a,
  0x62, 0xf4, 0x7c, 0xa2, 0x24, 0x67, 0x02, 0x6e, 0x61, 0xc5, 0x01, 0x4b, 0x62,
  0xf4, 0x7c, 0xc2, 0x30, 0xf0, 0x20, 0x6a, 0xa0, 0xf5, 0x88, 0x9a, 0x05, 0x67,
  0x91, 0xe1, 0x00, 0x18, 0x69, 0x12, 0x30, 0xf0, 0x20, 0x6a, 0xa0, 0xf6, 0x80,
  0x9a, 0xce, 0xa0, 0xa2, 0x40, 0x91, 0xe1, 0x00, 0x18, 0x69, 0x12, 0x07, 0x97,
  0x06, 0x91, 0x05, 0x90, 0x04, 0x63, 0x00, 0xef, 0xfd, 0x63, 0x05, 0x62, 0x04,
  0xd0, 0x00, 0x68, 0x14, 0x10, 0xe0, 0xf3, 0x08, 0x70, 0x0a, 0x61, 0x30, 0xf0,
  0x20, 0x6a, 0x40, 0xf5, 0x68, 0x9a, 0x80, 0x6c, 0x40, 0x9b, 0x8d, 0xea, 0x40,
  0xdb, 0x00, 0x6a, 0x10, 0x10, 0x01, 0x48, 0xff, 0xf7, 0x1f, 0x6a, 0x0a, 0x6c,
  0x4c, 0xe8, 0x00, 0x18, 0x58, 0x12, 0x30, 0xf0, 0x20, 0x6a, 0xc0, 0xf3, 0x54,
  0x9a, 0x60, 0xa2, 0x01, 0x6a, 0x6c, 0xea, 0xe4, 0x2a, 0x01, 0x6a, 0x05, 0x97,
  0x04, 0x90, 0x03, 0x63, 0x00, 0xef, 0xfc, 0x63, 0x07, 0x62, 0x06, 0xd1, 0x05,
  0xd0, 0x24, 0x67, 0x00, 0x18, 0x36, 0x13, 0x00, 0x6b, 0x2c, 0x22, 0x30, 0xf0,
  0x20, 0x6a, 0xe0, 0xf4, 0x58, 0x9a, 0x0f, 0x6c, 0xff, 0xf7, 0x1f, 0x6b, 0x00,
  0x9a, 0x30, 0xf0, 0x20, 0x6a, 0xe0, 0xf4, 0x5c, 0x9a, 0x4c, 0xe8, 0xa1, 0x40,
  0xa2, 0x32, 0x42, 0x32, 0x8c, 0xea, 0x30, 0xf0, 0x20, 0x6c, 0xa0, 0xf6, 0x84,
  0x9c, 0xac, 0xeb, 0x60, 0xcc, 0x30, 0xf0, 0x20, 0x6b, 0xa0, 0xf6, 0x68, 0x9b,
  0x40, 0xc3, 0xe0, 0xf0, 0x87, 0xa1, 0x00, 0x18, 0x70, 0x12, 0x87, 0x40, 0x12,
  0x4c, 0xb1, 0x67, 0x00, 0x18, 0x0c, 0x13, 0x30, 0xf0, 0x20, 0x6a, 0xc0, 0xf3,
  0x54, 0x9a, 0x01, 0x6b, 0x60, 0xc2, 0x01, 0x6b, 0x07, 0x97, 0x06, 0x91, 0x05,
  0x90, 0x43, 0x67, 0x04, 0x63, 0x00, 0xef, 0x00, 0x65, 0xfd, 0x63, 0x05, 0x62,
  0x04, 0xd0, 0x30, 0xf0, 0x20, 0x68, 0x82, 0xf4, 0x00, 0x48, 0x82, 0xf0, 0x49,
  0xa0, 0x82, 0xf0, 0x6a, 0xa0, 0x4e, 0xeb, 0x33, 0x23, 0xe8, 0x6b, 0x78, 0xea,
  0x30, 0xf0, 0x20, 0x6b, 0x82, 0xf6, 0x06, 0x4b, 0x12, 0xea, 0x51, 0xe3, 0x00,
  0x18, 0x49, 0x13, 0x07, 0x2a, 0x80, 0xf0, 0x4c, 0x98, 0x04, 0x6b, 0x6d, 0xea,
  0x80, 0xf0, 0x4c, 0xd8, 0x21, 0x10, 0x82, 0xf0, 0x49, 0xa0, 0x10, 0x6b, 0x01,
  0x4a, 0x82, 0xf0, 0x49, 0xc0, 0x82, 0xf0, 0x49, 0xa0, 0x6e, 0xea, 0x02, 0x2a,
  0x82, 0xf0, 0x49, 0xc0, 0x30, 0xf0, 0x20, 0x6a, 0x82, 0xf4, 0x00, 0x4a, 0x82,
  0xf0, 0x89, 0xa2, 0x82, 0xf0, 0x6a, 0xa2, 0x8e, 0xeb, 0x07, 0x23, 0x80, 0xf0,
  0x6c, 0x9a, 0x04, 0x6c, 0x8d, 0xeb, 0x80, 0xf0, 0x6c, 0xda, 0x04, 0x10, 0x82,
  0xf0, 0x88, 0xc2, 0x82, 0xf0, 0x66, 0xca, 0x05, 0x97, 0x04, 0x90, 0x03, 0x63,
  0x00, 0xef, 0xfc, 0x63, 0x07, 0x62, 0x06, 0xd1, 0x05, 0xd0, 0x24, 0x67, 0x00,
  0x18, 0x36, 0x13, 0x00, 0x6b, 0x36, 0x22, 0x30, 0xf0, 0x20, 0x6a, 0xe0, 0xf4,
  0x58, 0x9a, 0xff, 0xf7, 0x1f, 0x6e, 0xff, 0x6f, 0x00, 0x9a, 0x30, 0xf0, 0x20,
  0x6a, 0xe0, 0xf4, 0x5c, 0x9a, 0x10, 0x6c, 0x8b, 0xec, 0x4c, 0xe8, 0x30, 0xf0,
  0x20, 0x6a, 0xa1, 0x40, 0xa0, 0xf6, 0x44, 0x9a, 0x65, 0x67, 0xcc, 0xeb, 0x60,
  0xca, 0x30, 0xf0, 0x20, 0x6a, 0xa0, 0xf6, 0x48, 0x9a, 0x60, 0xa2, 0xfa, 0x65,
  0xa2, 0x32, 0xec, 0xeb, 0x8c, 0xeb, 0x42, 0x32, 0x6d, 0xea, 0xec, 0xea, 0x7f,
  0x67, 0x40, 0xc3, 0x87, 0xa9, 0x02, 0x4c, 0xcc, 0xec, 0x00, 0x18, 0x70, 0x12,
  0x87, 0x40, 0x12, 0x4c, 0xb1, 0x67, 0x00, 0x18, 0x24, 0x13, 0x30, 0xf0, 0x20,
  0x6a, 0xc0, 0xf3, 0x54, 0x9a, 0x01, 0x6b, 0x60, 0xc2, 0x01, 0x6b, 0x07, 0x97,
  0x06, 0x91, 0x05, 0x90, 0x43, 0x67, 0x04, 0x63, 0x00, 0xef, 0x00, 0x65, 0xfd,
  0x63, 0x05, 0x62, 0x04, 0xd0, 0x30, 0xf0, 0x20, 0x68, 0x82, 0xf4, 0x00, 0x48,
  0x00, 0xf2, 0x84, 0xa0, 0x00, 0xf2, 0x45, 0xa0, 0x8e, 0xea, 0x25, 0x22, 0x30,
  0xf0, 0x20, 0x6a, 0x90, 0x34, 0xe2, 0xf5, 0x04, 0x4a, 0x91, 0xe2, 0x00, 0x18,
  0x89, 0x13, 0x1c, 0x22, 0x00, 0xf2, 0x44, 0xa0, 0x01, 0x4a, 0x00, 0xf2, 0x44,
  0xc0, 0x00, 0xf2, 0x64, 0xa0, 0x00, 0xf2, 0x45, 0xa0, 0x6e, 0xea, 0x06, 0x22,
  0x80, 0xf0, 0x4c, 0x98, 0x04, 0x6b, 0x6d, 0xea, 0x80, 0xf0, 0x4c, 0xd8, 0x30,
  0xf0, 0x20, 0x6a, 0x82, 0xf4, 0x00, 0x4a, 0x00, 0xf2, 0x64, 0xa2, 0x0a, 0x6c,
  0x8e, 0xeb, 0x02, 0x2b, 0x00, 0xf2, 0x64, 0xc2, 0x05, 0x97, 0x04, 0x90, 0x03,
  0x63, 0x00, 0xef, 0xfb, 0x63, 0x09, 0x62, 0x30, 0xf0, 0x20, 0x6a, 0xc0, 0xf4,
  0x64, 0x9a, 0x30, 0xf0, 0x20, 0x6c, 0xa0, 0xf3, 0x88, 0x9c, 0x40, 0x9b, 0x20,
  0x6d, 0x00, 0x6e, 0x8d, 0xea, 0x40, 0xdb, 0x00, 0xf4, 0x1f, 0x6c, 0x06, 0x02,
  0x04, 0xf7, 0x10, 0x6f, 0x04, 0xd2, 0x00, 0x18, 0xce, 0x11, 0x09, 0x97, 0x05,
  0x63, 0x00, 0xef, 0xfe, 0x63, 0x03, 0xd1, 0x02, 0xd0, 0x30, 0xf0, 0x20, 0x6a,
  0xa0, 0xf6, 0x4c, 0x9a, 0x0f, 0x6b, 0x40, 0xa2, 0x4c, 0xeb, 0x0a, 0x23, 0x30,
  0xf0, 0x20, 0x6a, 0x82, 0xf4, 0x00, 0x4a, 0x80, 0xf0, 0x8c, 0x9a, 0x02, 0x6d,
  0xad, 0xec, 0x80, 0xf0, 0x8c, 0xda, 0x30, 0xf0, 0x20, 0x6a, 0xe2, 0xf5, 0x41,
  0xa2, 0xff, 0x4a, 0x00, 0xd2, 0xdc, 0x10, 0x30, 0xf0, 0x20, 0x6a, 0x82, 0xf4,
  0x00, 0x4a, 0x30, 0xf0, 0x20, 0x6c, 0x60, 0xf1, 0xa0, 0x9a, 0x80, 0xf6, 0x9c,
  0x9c, 0xac, 0xec, 0x30, 0xf0, 0x20, 0x6d, 0xa0, 0xf6, 0xb0, 0x9d, 0xae, 0xec,
  0x05, 0x24, 0x60, 0xf1, 0x02, 0xa2, 0x00, 0x94, 0x8a, 0xe8, 0x08, 0x61, 0x30,
  0xf0, 0x20, 0x6a, 0x40, 0xf5, 0x68, 0x9a, 0xff, 0x6c, 0x01, 0x4c, 0x40, 0x9b,
  0xbb, 0x10, 0x30, 0xf0, 0x20, 0x6c, 0x62, 0xf4, 0x9d, 0xa4, 0xa3, 0x67, 0xa7,
  0xec, 0x85, 0x67, 0x01, 0x6d, 0xac, 0xec, 0xa0, 0xf0, 0x0a, 0x24, 0x0c, 0x35,
  0xb5, 0xe2, 0x20, 0xf1, 0x05, 0x4d, 0x00, 0x6a, 0x30, 0xf0, 0x20, 0x6e, 0x62,
  0xf4, 0xfd, 0xa6, 0xff, 0x6c, 0x1f, 0xf7, 0x00, 0x69, 0x8c, 0xef, 0x74, 0x4f,
  0xe8, 0x37, 0xfd, 0xe2, 0x2c, 0xef, 0x02, 0xf0, 0x00, 0x77, 0x08, 0x60, 0x62,
  0xf4, 0xfd, 0xa6, 0x8c, 0xef, 0x74, 0x4f, 0xe8, 0x37, 0xfd, 0xe2, 0x2c, 0xef,
  0x0f, 0x2f, 0x30, 0xf0, 0x20, 0x6c, 0x62, 0xf4, 0x3d, 0xa4, 0xff, 0x6c, 0x30,
  0xf0, 0x20, 0x6e, 0x8c, 0xe9, 0x74, 0x49, 0x28, 0x31, 0xe2, 0x67, 0x25, 0xe2,
  0x00, 0xf5, 0xdc, 0x9e, 0x0b, 0x10, 0x62, 0xf4, 0x3d, 0xa6, 0x30, 0xf0, 0x20,
  0x6e, 0x20, 0xf5, 0xc0, 0x9e, 0x8c, 0xe9, 0x74, 0x49, 0x28, 0x31, 0xe2, 0x67,
  0x25, 0xe2, 0xd9, 0xe1, 0xc0, 0xa6, 0x0c, 0x31, 0xcc, 0xec, 0x30, 0xf0, 0x20,
  0x6e, 0x82, 0xf4, 0x00, 0x4e, 0xd9, 0xe1, 0xfd, 0xe6, 0x20, 0xf1, 0x81, 0xc7,
  0x30, 0xf0, 0x20, 0x6e, 0x62, 0xf4, 0xfd, 0xa6, 0xff, 0x6c, 0x1f, 0xf7, 0x00,
  0x69, 0x8c, 0xef, 0x7c, 0x4f, 0xe8, 0x37, 0xfd, 0xe2, 0x2c, 0xef, 0x02, 0xf0,
  0x00, 0x77, 0x08, 0x60, 0x62, 0xf4, 0xfd, 0xa6, 0x8c, 0xef, 0x7c, 0x4f, 0xe8,
  0x37, 0xfd, 0xe2, 0x2c, 0xef, 0x0e, 0x2f, 0x30, 0xf0, 0x20, 0x6c, 0x62, 0xf4,
  0xdd, 0xa4, 0xff, 0x6c, 0x30, 0xf0, 0x20, 0x6f, 0x8c, 0xee, 0x7c, 0x4e, 0xc8,
  0x36, 0xd9, 0xe2, 0x00, 0xf5, 0xfc, 0x9f, 0x0a, 0x10, 0x62, 0xf4, 0xdd, 0xa6,
  0x30, 0xf0, 0x20, 0x6f, 0x20, 0xf5, 0xe0, 0x9f, 0x8c, 0xee, 0x7c, 0x4e, 0xc8,
  0x36, 0xd9, 0xe2, 0xf9, 0xe6, 0xc0, 0xa6, 0x01, 0x4a, 0x04, 0x72, 0xcc, 0xec,
  0x80, 0xc5, 0x01, 0x4d, 0x8c, 0x61, 0x30, 0xf0, 0x20, 0x6a, 0x62, 0xf4, 0xbd,
  0xa2, 0x01, 0x6c, 0xc4, 0x67, 0xc4, 0xed, 0xcf, 0xed, 0x62, 0xf4, 0xdd, 0xa2,
  0xac, 0xeb, 0xff, 0x6d, 0x84, 0xee, 0x30, 0xf0, 0x20, 0x6e, 0xa0, 0xf6, 0xcc,
  0x9e, 0xac, 0xec, 0x80, 0xc6, 0x62, 0xf4, 0x9d, 0xa2, 0xac, 0xec, 0x01, 0x4c,
  0xac, 0xec, 0x62, 0xf4, 0x9d, 0xc2, 0x62, 0xf4, 0xbd, 0xa2, 0x03, 0x6c, 0xac,
  0xec, 0x62, 0xf4, 0x9d, 0xc2, 0x30, 0xf0, 0x20, 0x6a, 0x82, 0xf4, 0x00, 0x4a,
  0x60, 0xf1, 0x82, 0xa2, 0x08, 0x6d, 0x01, 0x4c, 0x60, 0xf1, 0x82, 0xc2, 0x60,
  0xf1, 0x82, 0xa2, 0xae, 0xec, 0x0c, 0x2c, 0x60, 0xf1, 0x82, 0xc2, 0x09, 0x10,
  0x30, 0xf0, 0x20, 0x6a, 0x40, 0xf5, 0x68, 0x9a, 0x02, 0x6c, 0x40, 0x9b, 0x8d,
  0xea, 0x40, 0xdb, 0x02, 0x10, 0x3f, 0xf7, 0x02, 0x2b, 0x03, 0x91, 0x02, 0x90,
  0x02, 0x63, 0x20, 0xe8, 0xfd, 0x63, 0x05, 0x62, 0xa4, 0x67, 0x30, 0xf0, 0x20,
  0x6c, 0x02, 0xf5, 0x10, 0x4c, 0x08, 0x6e, 0x00, 0x18, 0x69, 0x12, 0x05, 0x97,
  0x03, 0x63, 0x00, 0xef, 0x00, 0x65, 0xfd, 0x63, 0x05, 0x62, 0x04, 0xd0, 0x30,
  0xf0, 0x20, 0x68, 0xa4, 0x67, 0x30, 0xf0, 0x20, 0x6c, 0x82, 0xf4, 0x00, 0x48,
  0x07, 0x6e, 0x22, 0xf5, 0x10, 0x4c, 0x00, 0x18, 0x69, 0x12, 0xa0, 0xf0, 0x93,
  0xa0, 0x96, 0x34, 0x00, 0x18, 0x7f, 0x0a, 0x30, 0xf0, 0x20, 0x6a, 0xc0, 0xf3,
  0x48, 0x9a, 0x01, 0x6b, 0x60, 0xc2, 0xa0, 0xf0, 0x70, 0xa0, 0x7f, 0x6a, 0x6c,
  0xea, 0x30, 0xf0, 0x20, 0x6b, 0xc0, 0xf3, 0x6c, 0x9b, 0x40, 0xc3, 0x30, 0xf0,
  0x20, 0x6a, 0xa0, 0xf0, 0x74, 0xa0, 0xc0, 0xf6, 0x58, 0x9a, 0x60, 0xc2, 0xa0,
  0xf0, 0x71, 0xa0, 0x30, 0xf0, 0x20, 0x6a, 0xc0, 0xf6, 0x5c, 0x9a, 0x72, 0x33,
  0x60, 0xc2, 0x05, 0x97, 0x04, 0x90, 0x03, 0x63, 0x00, 0xef, 0xfa, 0x63, 0x0b,
  0x62, 0x0a, 0xd1, 0x09, 0xd0, 0x41, 0xa4, 0x24, 0x67, 0x06, 0xd2, 0x60, 0xa4,
  0x02, 0x6a, 0x6c, 0xea, 0x06, 0x93, 0x07, 0xd3, 0x02, 0x22, 0x42, 0xa4, 0x07,
  0xd2, 0x06, 0x90, 0x14, 0x10, 0x40, 0xa1, 0x01, 0x6d, 0x90, 0x67, 0x4c, 0xed,
  0x00, 0x18, 0x07, 0x06, 0x90, 0x67, 0x00, 0x18, 0xfe, 0x05, 0x04, 0x2a, 0x90,
  0x67, 0x00, 0x18, 0x29, 0x06, 0x03, 0x10, 0x90, 0x67, 0x00, 0x18, 0x2e, 0x06,
  0x01, 0x48, 0xff, 0x6a, 0x4c, 0xe8, 0x07, 0x93, 0x03, 0xeb, 0xe9, 0x60, 0x30,
  0xf0, 0x20, 0x68, 0x82, 0xf4, 0x00, 0x48, 0xc0, 0xf0, 0x94, 0xa0, 0x06, 0x92,
  0x8e, 0xea, 0x1b, 0x2a, 0x00, 0x18, 0xfe, 0x05, 0x18, 0x2a, 0x00, 0x18, 0xa6,
  0x1c, 0xa0, 0xf0, 0x93, 0xa0, 0x96, 0x34, 0x00, 0x18, 0xda, 0x08, 0xe2, 0xf5,
  0x74, 0xa0, 0x05, 0x6a, 0x4b, 0xea, 0x6c, 0xea, 0xe2, 0xf5, 0x75, 0xa0, 0xe2,
  0xf5, 0x54, 0xc0, 0x02, 0x6a, 0x4b, 0xea, 0x6c, 0xea, 0x03, 0x6b, 0x6b, 0xeb,
  0x6c, 0xea, 0xe2, 0xf5, 0x55, 0xc0, 0x30, 0xf0, 0x20, 0x68, 0x82, 0xf4, 0x00,
  0x48, 0x82, 0xf6, 0x7c, 0xa0, 0x02, 0x6a, 0x6c, 0xea, 0x20, 0x22, 0x03, 0x6a,
  0x4b, 0xea, 0x6c, 0xea, 0x82, 0xf6, 0x5c, 0xc0, 0x00, 0x18, 0xad, 0x19, 0x7d,
  0x67, 0x48, 0xcb, 0x68, 0xab, 0x82, 0xf6, 0x9e, 0xa8, 0xff, 0xf7, 0x1f, 0x6a,
  0x4c, 0xeb, 0x8e, 0xeb, 0x05, 0x23, 0x7d, 0x67, 0x88, 0xab, 0x4c, 0xec, 0x00,
  0x18, 0xcc, 0x19, 0x30, 0xf0, 0x20, 0x6a, 0x82, 0xf4, 0x00, 0x4a, 0x82, 0xf6,
  0x9c, 0xa2, 0x02, 0x6b, 0x8d, 0xeb, 0x82, 0xf6, 0x7c, 0xc2, 0x0b, 0x97, 0x0a,
  0x91, 0x09, 0x90, 0x06, 0x63, 0x00, 0xef, 0xfd, 0x63, 0x05, 0x62, 0xff, 0x6a,
  0x4c, 0xec, 0x68, 0x44, 0xc8, 0x4b, 0x4c, 0xeb, 0x20, 0x5b, 0x03, 0x60, 0x00,
  0x18, 0xd4, 0x21, 0x63, 0x10, 0x1e, 0x74, 0x45, 0x60, 0x1f, 0x5c, 0x11, 0x60,
  0x09, 0x74, 0x31, 0x60, 0x0a, 0x5c, 0x06, 0x60, 0x01, 0x74, 0x25, 0x60, 0x20,
  0x24, 0x08, 0x74, 0x26, 0x60, 0x4d, 0x10, 0x13, 0x74, 0x2f, 0x60, 0x14, 0x74,
  0x51, 0x60, 0x0a, 0x74, 0x27, 0x60, 0x46, 0x10, 0x23, 0x74, 0x4c, 0x60, 0x24,
  0x5c, 0x06, 0x60, 0x20, 0x74, 0x30, 0x60, 0x20, 0x5c, 0x26, 0x61, 0x21, 0x74,
  0x05, 0x10, 0x26, 0x74, 0x2e, 0x60, 0x27, 0x5c, 0x03, 0x60, 0x25, 0x74, 0x3e,
  0x60, 0x35, 0x10, 0x2c, 0x74, 0x2b, 0x60, 0xc2, 0x74, 0x2d, 0x60, 0x30, 0x10,
  0x85, 0x67, 0x00, 0x18, 0x53, 0x14, 0x34, 0x10, 0x85, 0x67, 0x00, 0x18, 0x75,
  0x14, 0x30, 0x10, 0x85, 0x67, 0x00, 0x18, 0x09, 0x10, 0x2c, 0x10, 0x85, 0x67,
  0x00, 0x18, 0x02, 0x10, 0x28, 0x10, 0x85, 0x67, 0x00, 0x18, 0xfb, 0x0f, 0x24,
  0x10, 0x85, 0x67, 0x00, 0x18, 0xed, 0x02, 0x20, 0x10, 0x85, 0x67, 0x00, 0x18,
  0x7d, 0x02, 0x1c, 0x10, 0x85, 0x67, 0x00, 0x18, 0xd6, 0x02, 0x18, 0x10, 0x85,
  0x67, 0x00, 0x18, 0x5a, 0x14, 0x14, 0x10, 0x85, 0x67, 0x00, 0x18, 0x57, 0x03,
  0x10, 0x10, 0x85, 0x67, 0x00, 0x18, 0x23, 0x03, 0x0c, 0x10, 0x85, 0x67, 0x00,
  0x18, 0x5c, 0x02, 0x08, 0x10, 0x30, 0xf0, 0x20, 0x6a, 0x40, 0xf5, 0x68, 0x9a,
  0x01, 0x6c, 0x40, 0x9b, 0x8d, 0xea, 0x40, 0xdb, 0x05, 0x97, 0x03, 0x63, 0x00,
  0xef, 0xfd, 0x63, 0x05, 0x62, 0x04, 0xd0, 0x30, 0xf0, 0x20, 0x68, 0x82, 0xf4,
  0x00, 0x48, 0x60, 0xf1, 0x41, 0xa0, 0x60, 0xf1, 0x62, 0xa0, 0x4e, 0xeb, 0x29,
  0x23, 0x67, 0x42, 0x1d, 0x4b, 0x6c, 0x33, 0x0d, 0xe3, 0x4c, 0x32, 0x81, 0xa3,
  0x55, 0xe0, 0x20, 0xf1, 0x02, 0x4d, 0x00, 0x18, 0xb2, 0x14, 0x60, 0xf1, 0x41,
  0xa0, 0x01, 0x4a, 0x60, 0xf1, 0x41, 0xc0, 0x60, 0xf1, 0x61, 0xa0, 0x60, 0xf1,
  0x42, 0xa0, 0x6e, 0xea, 0x06, 0x22, 0x80, 0xf0, 0x4c, 0x98, 0x02, 0x6b, 0x6d,
  0xea, 0x80, 0xf0, 0x4c, 0xd8, 0x30, 0xf0, 0x20, 0x6a, 0x82, 0xf4, 0x00, 0x4a,
  0x60, 0xf1, 0x61, 0xa2, 0x08, 0x6c, 0x8e, 0xeb, 0x02, 0x2b, 0x60, 0xf1, 0x61,
  0xc2, 0x00, 0x18, 0xd4, 0x13, 0x05, 0x97, 0x04, 0x90, 0x03, 0x63, 0x00, 0xef,
  0xff, 0x6a, 0x8c, 0xea, 0x08, 0x5a, 0x05, 0x60, 0x30, 0xf0, 0x20, 0x6b, 0xe0,
  0xf6, 0x60, 0x9b, 0x05, 0x10, 0x30, 0xf0, 0x20, 0x6b, 0xe0, 0xf6, 0x64, 0x9b,
  0xf8, 0x4a, 0x01, 0x6c, 0xa0, 0x9b, 0x84, 0xea, 0x00, 0xf6, 0x80, 0x32, 0x4f,
  0xea, 0xac, 0xea, 0x40, 0xdb, 0x40, 0x9b, 0x80, 0x34, 0x80, 0x34, 0x8f, 0xec,
  0x4c, 0xec, 0x80, 0xdb, 0x20, 0xe8, 0x00, 0x65, 0xff, 0x6a, 0x4c, 0xec, 0x08,
  0x5c, 0xac, 0xea, 0x05, 0x60, 0x30, 0xf0, 0x20, 0x6b, 0xe0, 0xf6, 0x60, 0x9b,
  0x05, 0x10, 0x30, 0xf0, 0x20, 0x6b, 0xe0, 0xf6, 0x64, 0x9b, 0xf8, 0x4c, 0x01,
  0x6d, 0xc0, 0x9b, 0xa4, 0xec, 0x00, 0xf6, 0xa0, 0x34, 0x8f, 0xec, 0xcc, 0xec,
  0x80, 0xdb, 0xc0, 0x9b, 0xa0, 0x35, 0xa0, 0x34, 0xcd, 0xec, 0x80, 0xdb, 0x04,
  0x22, 0x40, 0x9b, 0xad, 0xea, 0x40, 0xdb, 0x20, 0xe8, 0x40, 0x9b, 0xaf, 0xed,
  0x4c, 0xed, 0xa0, 0xdb, 0x20, 0xe8, 0xfb, 0x63, 0x09, 0x62, 0x00, 0x6a, 0x7d,
  0x67, 0x52, 0xc3, 0x14, 0x6a, 0x50, 0xc3, 0x04, 0x04, 0x01, 0x6a, 0x4f, 0xcb,
  0x00, 0x18, 0x87, 0x12, 0x09, 0x97, 0x05, 0x63, 0x00, 0xef, 0x00, 0x65, 0xfd,
  0x63, 0x05, 0x62, 0x30, 0xf0, 0x20, 0x6a, 0x22, 0xf5, 0x89, 0xa2, 0x80, 0x6a,
  0x4b, 0xea, 0x8c, 0xea, 0xff, 0x6b, 0x6c, 0xea, 0x1d, 0x22, 0x10, 0x6a, 0x8c,
  0xea, 0x6c, 0xea, 0x02, 0x22, 0x00, 0x18, 0x2a, 0x15, 0x30, 0xf0, 0x20, 0x6a,
  0x82, 0xf4, 0x00, 0x4a, 0xa0, 0xf0, 0x8a, 0xa2, 0x80, 0x6b, 0x6b, 0xeb, 0x8c,
  0xeb, 0xff, 0x6c, 0x8c, 0xeb, 0x0b, 0x23, 0xa0, 0xf0, 0xa9, 0xa2, 0x0f, 0x6b,
  0x01, 0x6a, 0xac, 0xeb, 0xba, 0x35, 0x4e, 0xed, 0x6c, 0xec, 0x4c, 0xed, 0x00,
  0x18, 0x17, 0x15, 0x05, 0x97, 0x03, 0x63, 0x00, 0xef, 0xfb, 0x63, 0x09, 0x62,
  0x08, 0xd1, 0x07, 0xd0, 0x30, 0xf0, 0x20, 0x68, 0x82, 0xf4, 0x00, 0x48, 0xa0,
  0xf0, 0x4a, 0xa0, 0x7f, 0x6b, 0xff, 0x69, 0x4c, 0xeb, 0xa0, 0xf0, 0x4b, 0xa0,
  0x2c, 0xec, 0x2c, 0xeb, 0x01, 0x74, 0x04, 0xd3, 0x05, 0xd2, 0x52, 0x60, 0xa0,
  0xf0, 0x89, 0xa0, 0x80, 0x6a, 0x4b, 0xea, 0x8c, 0xea, 0x2c, 0xea, 0x4b, 0x22,
  0xa0, 0xf0, 0xa9, 0xa0, 0x01, 0x6a, 0x0f, 0x6b, 0xba, 0x35, 0x6c, 0xec, 0x4e,
  0xed, 0x4c, 0xed, 0x2c, 0xec, 0x00, 0x18, 0x17, 0x15, 0xa0, 0xf0, 0xa9, 0xa0,
  0xa0, 0xf0, 0x89, 0xa0, 0x0f, 0x6b, 0x01, 0x6a, 0xba, 0x35, 0x6c, 0xec, 0x4c,
  0xed, 0x2c, 0xec, 0x2c, 0xed, 0x00, 0x18, 0x17, 0x15, 0xa0, 0xf0, 0x69, 0xa0,
  0x20, 0x6a, 0x6c, 0xea, 0x2c, 0xea, 0x1f, 0x22, 0x04, 0x93, 0x80, 0x6a, 0x4b,
  0xea, 0x74, 0x36, 0xa0, 0xf0, 0x6a, 0xa0, 0x6c, 0xea, 0x2c, 0xea, 0x06, 0x22,
  0xff, 0x6c, 0x59, 0x4c, 0x00, 0x6d, 0x00, 0x18, 0x97, 0x15, 0x10, 0x10, 0x86,
  0x67, 0x00, 0x18, 0x58, 0x12, 0xa0, 0xf0, 0xa9, 0xa0, 0xa0, 0xf0, 0x89, 0xa0,
  0x01, 0x6b, 0x0f, 0x6a, 0xba, 0x35, 0x4c, 0xec, 0x6e, 0xed, 0x2c, 0xec, 0x6c,
  0xed, 0x00, 0x18, 0x17, 0x15, 0x30, 0xf0, 0x20, 0x6a, 0x22, 0xf5, 0x69, 0xa2,
  0x10, 0x6a, 0x6c, 0xea, 0x07, 0x22, 0x05, 0x92, 0xff, 0x6c, 0x59, 0x4c, 0x00,
  0x6d, 0x4c, 0x36, 0x00, 0x18, 0x97, 0x15, 0x09, 0x97, 0x08, 0x91, 0x07, 0x90,
  0x05, 0x63, 0x00, 0xef, 0xfd, 0x63, 0x05, 0x62, 0x30, 0xf0, 0x20, 0x6c, 0x22,
  0xf5, 0x09, 0x4c, 0x00, 0x6d, 0x07, 0x6e, 0x00, 0x18, 0x64, 0x12, 0x05, 0x97,
  0x03, 0x63, 0x00, 0xef, 0x00, 0x65, 0xff, 0xf7, 0x1f, 0x6a, 0x30, 0xf0, 0x20,
  0x6b, 0x8c, 0xea, 0xe0, 0xf6, 0x68, 0x9b, 0x30, 0xf0, 0x20, 0x6c, 0xe0, 0xf6,
  0x8c, 0x9c, 0xcc, 0xeb, 0x40, 0xf6, 0xa0, 0x35, 0x8d, 0xeb, 0x1f, 0xf7, 0x00,
  0x6c, 0x4c, 0xec, 0x02, 0xf0, 0x00, 0x74, 0xad, 0xeb, 0x01, 0x60, 0x05, 0x2c,
  0x30, 0xf0, 0x20, 0x6c, 0x00, 0xf5, 0x9c, 0x9c, 0x04, 0x10, 0x30, 0xf0, 0x20,
  0x6c, 0x20, 0xf5, 0x80, 0x9c, 0x89, 0xe2, 0x60, 0xda, 0x20, 0xe8, 0x00, 0x65,
  0xff, 0xf7, 0x1f, 0x6a, 0x8c, 0xea, 0x1f, 0xf7, 0x00, 0x6c, 0x4c, 0xec, 0xff,
  0x6b, 0x02, 0xf0, 0x00, 0x74, 0xac, 0xeb, 0x01, 0x60, 0x05, 0x2c, 0x30, 0xf0,
  0x20, 0x6c, 0x00, 0xf5, 0x9c, 0x9c, 0x04, 0x10, 0x30, 0xf0, 0x20, 0x6c, 0x20,
  0xf5, 0x80, 0x9c, 0x91, 0xe2, 0x00, 0x6d, 0xa0, 0xdc, 0x30, 0xf0, 0x20, 0x6c,
  0xe0, 0xf6, 0x88, 0x9c, 0xd4, 0x36, 0x40, 0xf6, 0x60, 0x33, 0x8c, 0xee, 0x6d,
  0xee, 0x30, 0xf0, 0x20, 0x6b, 0xe0, 0xf6, 0x6c, 0x9b, 0x6d, 0xee, 0x1f, 0xf7,
  0x00, 0x6b, 0x4c, 0xeb, 0x02, 0xf0, 0x00, 0x73, 0x01, 0x60, 0x05, 0x2b, 0x30,
  0xf0, 0x20, 0x6b, 0x00, 0xf5, 0x7c, 0x9b, 0x04, 0x10, 0x30, 0xf0, 0x20, 0x6b,
  0x20, 0xf5, 0x60, 0x9b, 0x69, 0xe2, 0xc0, 0xda, 0x20, 0xe8, 0x00, 0x65, 0x30,
  0xf0, 0x20, 0x6b, 0xe0, 0xf6, 0x68, 0x9b, 0xc0, 0x36, 0xdc, 0x36, 0x6c, 0xee,
  0x30, 0xf0, 0x20, 0x6b, 0xe0, 0xf6, 0x6c, 0x9b, 0x40, 0xf6, 0xa0, 0x35, 0xff,
  0xf7, 0x1f, 0x6a, 0xad, 0xee, 0x8c, 0xea, 0x6d, 0xee, 0x1f, 0xf7, 0x00, 0x6b,
  0x4c, 0xeb, 0x02, 0xf0, 0x00, 0x73, 0x01, 0x60, 0x05, 0x2b, 0x30, 0xf0, 0x20,
  0x6b, 0x00, 0xf5, 0x7c, 0x9b, 0x04, 0x10, 0x30, 0xf0, 0x20, 0x6b, 0x20, 0xf5,
  0x60, 0x9b, 0x69, 0xe2, 0xc0, 0xda, 0x20, 0xe8, 0x00, 0x65, 0x30, 0xf0, 0x20,
  0x6a, 0xe0, 0xf6, 0x5c, 0x9a, 0x40, 0x9a, 0x20, 0xe8, 0x30, 0xf0, 0x20, 0x6a,
  0x04, 0xf5, 0x54, 0xa2, 0x01, 0x72, 0x0b, 0x61, 0x30, 0xf0, 0x20, 0x6a, 0x00,
  0xf7, 0x60, 0x9a, 0xff, 0x6c, 0x04, 0x6d, 0x40, 0xa3, 0x8c, 0xea, 0xad, 0xea,
  0x8c, 0xea, 0x40, 0xc3, 0x20, 0xe8, 0xff, 0x6a, 0x4c, 0xec, 0x4c, 0xed, 0x00,
  0x6a, 0x27, 0x2c, 0x0f, 0x2d, 0x30, 0xf0, 0x20, 0x6a, 0x40, 0xf7, 0x48, 0x9a,
  0x60, 0xa2, 0x01, 0x6a, 0x4c, 0xeb, 0x1d, 0x2b, 0x30, 0xf0, 0x20, 0x6b, 0xc0,
  0xf3, 0x6c, 0x9b, 0x40, 0xc3, 0x02, 0x6b, 0x0f, 0x10, 0x30, 0xf0, 0x20, 0x6a,
  0x40, 0xf7, 0x48, 0x9a, 0x60, 0xa2, 0x02, 0x6a, 0x6c, 0xea, 0x0e, 0x2a, 0x30,
  0xf0, 0x20, 0x6a, 0xc0, 0xf3, 0x4c, 0x9a, 0x01, 0x6b, 0x60, 0xc2, 0x04, 0x6b,
  0x30, 0xf0, 0x20, 0x6a, 0xc0, 0xf3, 0x48, 0x9a, 0x60, 0xc2, 0x00, 0x6a, 0x20,
  0xe8, 0x01, 0x6a, 0x20, 0xe8, 0x00, 0x65, 0xfc, 0x63, 0x07, 0x62, 0x06, 0xd1,
  0x05, 0xd0, 0xff, 0x69, 0x8c, 0xe9, 0x00, 0x68, 0xff, 0x6a, 0x0c, 0xea, 0x2e,
  0xea, 0x10, 0x2a, 0x91, 0x67, 0x00, 0x18, 0x59, 0x1b, 0x91, 0x67, 0x00, 0x18,
  0x48, 0x1b, 0x91, 0x67, 0x00, 0x18, 0x60, 0x1b, 0x91, 0x67, 0x00, 0x18, 0x33,
  0x1b, 0x91, 0x67, 0x00, 0x18, 0x2c, 0x1b, 0x0f, 0x10, 0x90, 0x67, 0x00, 0x18,
  0x78, 0x1b, 0x90, 0x67, 0x00, 0x18, 0x67, 0x1b, 0x90, 0x67, 0x00, 0x18, 0x7f,
  0x1b, 0x90, 0x67, 0x00, 0x18, 0x41, 0x1b, 0x90, 0x67, 0x00, 0x18, 0x3a, 0x1b,
  0x01, 0x48, 0x05, 0x70, 0xda, 0x61, 0x07, 0x97, 0x06, 0x91, 0x05, 0x90, 0x04,
  0x63, 0x00, 0xef, 0x30, 0xf0, 0x20, 0x6a, 0x20, 0xf7, 0x9c, 0x9a, 0x30, 0xf0,
  0x20, 0x6b, 0x82, 0xf4, 0x00, 0x4b, 0xa0, 0x9c, 0x4c, 0x9b, 0xac, 0xea, 0x4d,
  0xdb, 0x40, 0xdc, 0x20, 0xe8, 0xfd, 0x63, 0x05, 0xd1, 0x04, 0xd0, 0x30, 0xf0,
  0x20, 0x6a, 0x00, 0xf7, 0x24, 0x9a, 0x30, 0xf0, 0x20, 0x6a, 0x00, 0xf7, 0x0c,
  0x4a, 0x40, 0x9a, 0x60, 0x99, 0x30, 0xf0, 0x20, 0x6c, 0xa0, 0x9a, 0x30, 0xf0,
  0x20, 0x6a, 0x00, 0xf7, 0x54, 0x9a, 0x00, 0xf7, 0x1c, 0x4c, 0x80, 0x9c, 0x00,
  0x9a, 0x1a, 0x65, 0x30, 0xf0, 0x20, 0x6a, 0x80, 0x9c, 0x20, 0xf7, 0x04, 0x4a,
  0x40, 0x9a, 0x01, 0xd4, 0x30, 0xf0, 0x20, 0x6c, 0x40, 0x9a, 0x82, 0xf4, 0xe0,
  0x9c, 0x00, 0xd2, 0x44, 0x67, 0x82, 0xf4, 0x00, 0x4a, 0xc1, 0x9a, 0x83, 0x9a,
  0x6c, 0xef, 0xac, 0xee, 0x01, 0x93, 0xa2, 0x9a, 0xe5, 0xda, 0x6c, 0xec, 0x0c,
  0xed, 0x64, 0x9a, 0x00, 0x90, 0x88, 0xda, 0xc6, 0xda, 0x0c, 0xeb, 0xa7, 0xda,
  0x69, 0xda, 0x30, 0xf0, 0x20, 0x6a, 0x00, 0xf7, 0x0c, 0x4a, 0x40, 0x9a, 0xe0,
  0xd9, 0x18, 0x67, 0xc0, 0xda, 0x30, 0xf0, 0x20, 0x6a, 0x00, 0xf7, 0x1c, 0x4a,
  0x40, 0x9a, 0xa0, 0xd8, 0x80, 0xda, 0x30, 0xf0, 0x20, 0x6c, 0x20, 0xf7, 0x04,
  0x4c, 0x80, 0x9c, 0x60, 0xdc, 0x05, 0x91, 0x04, 0x90, 0x03, 0x63, 0x20, 0xe8,
  0x30, 0xf0, 0x20, 0x6a, 0xe0, 0xf3, 0xc4, 0x9a, 0x30, 0xf0, 0x20, 0x6a, 0x20,
  0xf7, 0xb0, 0x9a, 0x30, 0xf0, 0x20, 0x6a, 0x82, 0xf4, 0x00, 0x4a, 0x60, 0x9e,
  0x8e, 0x9a, 0xe0, 0x9d, 0x6c, 0xec, 0x6f, 0x9a, 0x91, 0xda, 0xec, 0xeb, 0x72,
  0xda, 0x80, 0xde, 0x60, 0xdd, 0x20, 0xe8, 0x00, 0x65, 0x20, 0xe8, 0x00, 0x65,
  0x20, 0xe8, 0x00, 0x65, 0x20, 0xe8, 0x00, 0x65, 0x20, 0xe8, 0x00, 0x65, 0xff,
  0x6a, 0x4c, 0xec, 0x07, 0x6d, 0xb8, 0xec, 0x30, 0xf0, 0x20, 0x6b, 0x82, 0xf4,
  0x00, 0x4b, 0x01, 0x6e, 0x12, 0xec, 0x71, 0xe4, 0xe0, 0xf0, 0xa9, 0xa4, 0xcc,
  0xed, 0x1d, 0x25, 0xe0, 0xf0, 0xaa, 0xa4, 0x82, 0xf0, 0x70, 0x9b, 0xe0, 0xf0,
  0x89, 0xa4, 0x75, 0xe5, 0x30, 0xf0, 0x20, 0x6b, 0xa0, 0xf5, 0x64, 0x9b, 0xbc,
  0x35, 0x21, 0x4d, 0x75, 0xe5, 0xe0, 0xa5, 0x9e, 0x33, 0x9a, 0x34, 0xcc, 0xec,
  0x78, 0x33, 0x9c, 0x34, 0x4c, 0xef, 0x8d, 0xeb, 0xed, 0xeb, 0x00, 0xf6, 0x60,
  0x33, 0x00, 0xf6, 0x63, 0x33, 0x4c, 0xeb, 0x60, 0xc5, 0x20, 0xe8, 0x00, 0x65,
  0x30, 0xf0, 0x20, 0x6a, 0x82, 0xf4, 0x00, 0x4a, 0x80, 0xf0, 0x98, 0xa2, 0x01,
  0x6b, 0x8c, 0xeb, 0x07, 0x23, 0x80, 0xf0, 0x6c, 0x9a, 0x04, 0xf0, 0x00, 0x6c,
  0x8d, 0xeb, 0x80, 0xf0, 0x6c, 0xda, 0x20, 0xe8, 0x00, 0x65, 0x20, 0xe8, 0x00,
  0x65, 0x20, 0xe8, 0x00, 0x65, 0x20, 0xe8, 0x00, 0x65, 0x20, 0xe8, 0x00, 0x65,
  0x20, 0xe8, 0x00, 0x65, 0x20, 0xe8, 0x00, 0x65, 0x20, 0xe8, 0x00, 0x65, 0x20,
  0xe8, 0x00, 0x65, 0x20, 0xe8, 0x00, 0x65, 0x20, 0xe8, 0x00, 0x65, 0x20, 0xe8,
  0x00, 0x65, 0x20, 0xe8, 0x00, 0x65, 0x20, 0xe8, 0x00, 0x65, 0x20, 0xe8, 0x00,
  0x65, 0x30, 0xf0, 0x20, 0x6a, 0x40, 0xf7, 0x5c, 0x9a, 0x60, 0xa2, 0x03, 0x6a,
  0x6c, 0xea, 0x03, 0x72, 0x08, 0x61, 0x30, 0xf0, 0x20, 0x6a, 0x60, 0xf7, 0x60,
  0x9a, 0x7f, 0x6a, 0x80, 0xa3, 0x8c, 0xea, 0x40, 0xc3, 0x20, 0xe8, 0x30, 0xf0,
  0x20, 0x6a, 0x40, 0xf7, 0x5c, 0x9a, 0x60, 0xa2, 0x03, 0x6a, 0x6c, 0xea, 0x03,
  0x72, 0x08, 0x61, 0x30, 0xf0, 0x20, 0x6a, 0x60, 0xf7, 0x60, 0x9a, 0x7f, 0x6a,
  0x80, 0xa3, 0x8c, 0xea, 0x40, 0xc3, 0x20, 0xe8, 0x20, 0xe8, 0x00, 0x65, 0x20,
  0xe8, 0x00, 0x65, 0x20, 0xe8, 0x00, 0x65, 0x20, 0xe8, 0x00, 0x65, 0x20, 0xe8,
  0x00, 0x65, 0xfd, 0x63, 0x05, 0x62, 0x30, 0xf0, 0x20, 0x6b, 0x22, 0xf5, 0xb0,
  0xa3, 0x7f, 0x6b, 0xff, 0x6a, 0xac, 0xeb, 0x4c, 0xeb, 0x4c, 0xec, 0x02, 0x23,
  0x00, 0x18, 0xf5, 0x0a, 0x05, 0x97, 0x03, 0x63, 0x00, 0xef, 0x00, 0x65, 0xfb,
  0x63, 0x09, 0x62, 0x08, 0xd1, 0x07, 0xd0, 0xff, 0x69, 0x30, 0xf0, 0x20, 0x68,
  0x2c, 0xec, 0x82, 0xf4, 0x00, 0x48, 0x04, 0xd4, 0xc0, 0xf0, 0x94, 0xa0, 0x00,
  0x18, 0xfe, 0x05, 0x01, 0x72, 0x15, 0x61, 0xa0, 0xf0, 0x70, 0xa0, 0x7f, 0x6a,
  0x6c, 0xea, 0x2c, 0xea, 0x0f, 0x22, 0xe2, 0xf5, 0x78, 0xa0, 0x02, 0x6a, 0x4b,
  0xea, 0x6c, 0xea, 0xe2, 0xf5, 0x58, 0xc0, 0xe2, 0xf5, 0x58, 0xa0, 0x07, 0x6b,
  0x6c, 0xea, 0x03, 0x2a, 0x04, 0x94, 0x00, 0x18, 0xd8, 0x09, 0x09, 0x97, 0x08,
  0x91, 0x07, 0x90, 0x05, 0x63, 0x00, 0xef, 0x00, 0x65, 0xfb, 0x63, 0x09, 0x62,
  0x08, 0xd1, 0x07, 0xd0, 0xff, 0x69, 0x30, 0xf0, 0x20, 0x68, 0x2c, 0xec, 0x82,
  0xf4, 0x00, 0x48, 0x04, 0xd4, 0xc0, 0xf0, 0x94, 0xa0, 0x00, 0x18, 0xfe, 0x05,
  0x01, 0x72, 0x2e, 0x61, 0xa0, 0xf0, 0x70, 0xa0, 0x7f, 0x6a, 0x6c, 0xea, 0x2c,
  0xea, 0x28, 0x22, 0x02, 0xf6, 0x43, 0xa0, 0x01, 0x6b, 0x6e, 0xea, 0x0b, 0x2a,
  0x30, 0xf0, 0x20, 0x6b, 0xe0, 0xf3, 0x60, 0x9b, 0x40, 0xc3, 0x30, 0xf0, 0x20,
  0x6a, 0xe0, 0xf3, 0x44, 0x9a, 0x02, 0x6b, 0x60, 0xc2, 0x30, 0xf0, 0x20, 0x6a,
  0x82, 0xf4, 0x00, 0x4a, 0xe2, 0xf5, 0x94, 0xa2, 0x03, 0x6b, 0x6b, 0xeb, 0x6c,
  0xec, 0xe2, 0xf5, 0x94, 0xc2, 0xe2, 0xf5, 0x98, 0xa2, 0x8c, 0xeb, 0xe2, 0xf5,
  0x78, 0xc2, 0xe2, 0xf5, 0x58, 0xa2, 0x07, 0x6b, 0x6c, 0xea, 0x03, 0x2a, 0x04,
  0x94, 0x00, 0x18, 0xd8, 0x09, 0x09, 0x97, 0x08, 0x91, 0x07, 0x90, 0x05, 0x63,
  0x00, 0xef, 0xfb, 0x63, 0x09, 0x62, 0x08, 0xd1, 0x07, 0xd0, 0xff, 0x69, 0x30,
  0xf0, 0x20, 0x68, 0x2c, 0xec, 0x82, 0xf4, 0x00, 0x48, 0x04, 0xd4, 0xc0, 0xf0,
  0x94, 0xa0, 0x00, 0x18, 0xfe, 0x05, 0x01, 0x72, 0x1e, 0x61, 0xa0, 0xf0, 0x70,
  0xa0, 0x7f, 0x6a, 0x6c, 0xea, 0x2c, 0xea, 0x18, 0x22, 0xa0, 0xf0, 0x91, 0xa0,
  0x10, 0x6b, 0x6b, 0xeb, 0x8c, 0xeb, 0x2c, 0xeb, 0x20, 0x73, 0x05, 0x60, 0x01,
  0x72, 0x03, 0x61, 0x00, 0x18, 0x58, 0x0d, 0x0b, 0x10, 0x30, 0xf0, 0x20, 0x6a,
  0x22, 0xf5, 0x70, 0xa2, 0x7f, 0x6a, 0x6c, 0xea, 0x02, 0x72, 0x03, 0x60, 0x04,
  0x94, 0x00, 0x18, 0x0e, 0x0b, 0x09, 0x97, 0x08, 0x91, 0x07, 0x90, 0x05, 0x63,
  0x00, 0xef, 0xfd, 0x63, 0x05, 0x62, 0x04, 0xd0, 0x30, 0xf0, 0x20, 0x68, 0x82,
  0xf4, 0x00, 0x48, 0xc0, 0xf0, 0x94, 0xa0, 0x00, 0x18, 0xfe, 0x05, 0x01, 0x72,
  0x1c, 0x61, 0xa0, 0xf0, 0x70, 0xa0, 0x7f, 0x6a, 0x6c, 0xea, 0x17, 0x22, 0x02,
  0xf6, 0x43, 0xa0, 0x01, 0x6b, 0x6e, 0xea, 0x12, 0x2a, 0x30, 0xf0, 0x20, 0x6b,
  0xe0, 0xf3, 0x60, 0x9b, 0xff, 0x6c, 0x55, 0x4c, 0x40, 0xc3, 0x30, 0xf0, 0x20,
  0x6a, 0xe0, 0xf3, 0x44, 0x9a, 0x02, 0x6b, 0x00, 0x6d, 0x60, 0xc2, 0xa0, 0xf0,
  0xd8, 0xa0, 0x00, 0x18, 0x97, 0x15, 0x05, 0x97, 0x04, 0x90, 0x03, 0x63, 0x00,
  0xef, 0x00, 0x65, 0xfd, 0x63, 0x05, 0x62, 0x30, 0xf0, 0x20, 0x6b, 0x65, 0xf2,
  0x77, 0xa3, 0xff, 0x6a, 0x8c, 0xea, 0x02, 0x73, 0x03, 0x60, 0x82, 0x67, 0x00,
  0x18, 0xbb, 0x0b, 0x05, 0x97, 0x03, 0x63, 0x00, 0xef, 0xfb, 0x63, 0x09, 0x62,
  0x08, 0xd1, 0x07, 0xd0, 0x30, 0xf0, 0x20, 0x68, 0x82, 0xf4, 0x00, 0x48, 0xe2,
  0xf5, 0x75, 0xa0, 0x02, 0x6a, 0xff, 0x69, 0x6c, 0xea, 0x2c, 0xec, 0x2c, 0xea,
  0x04, 0xd4, 0x1c, 0x22, 0x03, 0x6a, 0x4b, 0xea, 0x6c, 0xea, 0x01, 0x6d, 0xe2,
  0xf5, 0x55, 0xc0, 0x00, 0x18, 0xd3, 0x15, 0xe2, 0xf5, 0x95, 0xa0, 0x01, 0x6b,
  0x4c, 0xeb, 0x09, 0x6a, 0x4b, 0xea, 0x6c, 0x33, 0x8c, 0xea, 0x6d, 0xea, 0xa0,
  0xf0, 0x70, 0xa0, 0xe2, 0xf5, 0x55, 0xc0, 0x7f, 0x6a, 0x6c, 0xea, 0x2c, 0xea,
  0x03, 0x22, 0x04, 0x94, 0x00, 0x18, 0xd8, 0x09, 0x09, 0x97, 0x08, 0x91, 0x07,
  0x90, 0x05, 0x63, 0x00, 0xef, 0xfb, 0x63, 0x09, 0x62, 0x08, 0xd1, 0x07, 0xd0,
  0xff, 0x6a, 0x30, 0xf0, 0x20, 0x68, 0x4c, 0xec, 0x82, 0xf4, 0x00, 0x48, 0x04,
  0xd4, 0xe2, 0xf5, 0x95, 0xa0, 0x01, 0x69, 0x64, 0x67, 0x2c, 0xeb, 0x4c, 0xeb,
  0x16, 0x23, 0xff, 0xf6, 0x1f, 0x4a, 0x8c, 0xea, 0x04, 0x94, 0x00, 0x6d, 0xe2,
  0xf5, 0x55, 0xc0, 0x00, 0x18, 0xd3, 0x15, 0x4c, 0xe9, 0xe2, 0xf5, 0x55, 0xa0,
  0x05, 0x6b, 0x6b, 0xeb, 0x04, 0x94, 0x28, 0x31, 0x4c, 0xeb, 0x2d, 0xeb, 0xe2,
  0xf5, 0x75, 0xc0, 0x00, 0x18, 0xd8, 0x09, 0x09, 0x97, 0x08, 0x91, 0x07, 0x90,
  0x05, 0x63, 0x00, 0xef, 0x00, 0x65, 0xfd, 0x63, 0x05, 0x62, 0x04, 0xd0, 0x00,
  0x18, 0x97, 0x18, 0x02, 0x67, 0x01, 0x6a, 0x0c, 0xea, 0x03, 0x22, 0x00, 0x6c,
  0x01, 0x6d, 0x02, 0x10, 0x00, 0x6c, 0xa4, 0x67, 0x00, 0x18, 0x9e, 0x06, 0x40,
  0x6a, 0x0c, 0xea, 0x0f, 0x22, 0x30, 0xf0, 0x20, 0x6a, 0x60, 0xf7, 0x44, 0x9a,
  0x60, 0xa2, 0x00, 0xf6, 0x60, 0x33, 0x00, 0xf6, 0x63, 0x33, 0x00, 0x53, 0x00,
  0x6b, 0x02, 0x61, 0x80, 0x6b, 0x6b, 0xeb, 0x60, 0xc2, 0x30, 0xf0, 0x20, 0x6a,
  0x82, 0xf4, 0x00, 0x4a, 0x02, 0xf6, 0x8c, 0xa2, 0x02, 0xf6, 0xad, 0xa2, 0x02,
  0xf6, 0xd1, 0xa2, 0x02, 0x6f, 0x00, 0x18, 0x3c, 0x07, 0x05, 0x97, 0x04, 0x90,
  0x03, 0x63, 0x00, 0xef, 0x00, 0x65, 0xfd, 0x63, 0x05, 0x62, 0x30, 0xf0, 0x20,
  0x6a, 0x05, 0xf3, 0x58, 0xa2, 0x09, 0x22, 0x30, 0xf0, 0x20, 0x6a, 0xe0, 0xf4,
  0x54, 0x9a, 0x66, 0x6b, 0x00, 0x6c, 0x60, 0xc2, 0x00, 0x18, 0xb9, 0x0d, 0x05,
  0x97, 0x03, 0x63, 0x00, 0xef, 0x00, 0x65, 0xfd, 0x63, 0x05, 0x62, 0x30, 0xf0,
  0x20, 0x6a, 0x05, 0xf3, 0x7c, 0xa2, 0x02, 0x6a, 0x6c, 0xea, 0x03, 0x22, 0x01,
  0x6c, 0x00, 0x18, 0x6a, 0x1a, 0x05, 0x97, 0x03, 0x63, 0x00, 0xef, 0x00, 0x65,
  0xfc, 0x63, 0x07, 0x62, 0x06, 0xd1, 0x05, 0xd0, 0x30, 0xf0, 0x20, 0x68, 0x82,
  0xf4, 0x00, 0x48, 0xa0, 0xf0, 0x70, 0xa0, 0x7f, 0x6a, 0xff, 0x69, 0x6c, 0xea,
  0x1e, 0x22, 0xa0, 0xf0, 0x93, 0xa0, 0x96, 0x34, 0x2c, 0xec, 0x00, 0x18, 0xda,
  0x18, 0x02, 0x6b, 0x4c, 0xeb, 0x2c, 0xeb, 0x07, 0x23, 0xa0, 0xf0, 0x93, 0xa0,
  0x96, 0x34, 0x2c, 0xec, 0x00, 0x18, 0xdb, 0x0a, 0x0d, 0x10, 0xa0, 0xf0, 0x93,
  0xa0, 0xe2, 0xf5, 0x74, 0xa0, 0x05, 0x6a, 0x4b, 0xea, 0x96, 0x34, 0x6c, 0xea,
  0x2c, 0xec, 0xe2, 0xf5, 0x54, 0xc0, 0x00, 0x18, 0xd8, 0x09, 0x00, 0x18, 0x32,
  0x15, 0x07, 0x97, 0x06, 0x91, 0x05, 0x90, 0x04, 0x63, 0x00, 0xef, 0x00, 0x65,
  0xfd, 0x63, 0x05, 0x62, 0x30, 0xf0, 0x20, 0x6a, 0x82, 0xf4, 0x00, 0x4a, 0xa0,
  0xf0, 0x90, 0xa2, 0x7f, 0x6b, 0x8c, 0xeb, 0x07, 0x23, 0xa0, 0xf0, 0x93, 0xa2,
  0xff, 0x6a, 0x96, 0x34, 0x4c, 0xec, 0x00, 0x18, 0x25, 0x0b, 0x00, 0x18, 0xfd,
  0x07, 0x05, 0x97, 0x03, 0x63, 0x00, 0xef, 0x00, 0x65, 0xfd, 0x63, 0x05, 0x62,
  0x04, 0xd0, 0xff, 0x68, 0x0c, 0xec, 0x00, 0x18, 0xc1, 0x09, 0x00, 0x6c, 0x00,
  0x18, 0x34, 0x08, 0x30, 0xf0, 0x20, 0x6a, 0x02, 0xf5, 0x78, 0xa2, 0x01, 0x6a,
  0x6c, 0xea, 0x0c, 0xea, 0x02, 0x22, 0x00, 0x18, 0xf3, 0x0d, 0x00, 0x18, 0xc7,
  0x07, 0x05, 0x97, 0x04, 0x90, 0x03, 0x63, 0x00, 0xef, 0xfd, 0x63, 0x05, 0x62,
  0x04, 0xd0, 0x04, 0x67, 0x30, 0xf0, 0x20, 0x6c, 0x82, 0xf4, 0x00, 0x4c, 0xa0,
  0xf0, 0xb0, 0xa4, 0x7f, 0x6b, 0xff, 0x6a, 0xac, 0xeb, 0x4c, 0xeb, 0x4c, 0xe8,
  0x09, 0x23, 0xe2, 0xf5, 0x94, 0xa4, 0x40, 0x6b, 0x8c, 0xeb, 0x4c, 0xeb, 0x03,
  0x23, 0x90, 0x67, 0x00, 0x18, 0x78, 0x1b, 0x30, 0xf0, 0x20, 0x6a, 0x40, 0xf7,
  0x5c, 0x9a, 0xff, 0x6b, 0x80, 0xa2, 0x03, 0x6a, 0x8c, 0xea, 0x03, 0x72, 0x13,
  0x61, 0x30, 0xf0, 0x20, 0x6a, 0x62, 0xf5, 0x88, 0xa2, 0x01, 0x6a, 0x8c, 0xea,
  0x6c, 0xea, 0x0b, 0x22, 0x30, 0xf0, 0x20, 0x6a, 0x60, 0xf7, 0x80, 0x9a, 0x80,
  0x6d, 0xab, 0xed, 0x40, 0xa4, 0x6c, 0xea, 0xad, 0xea, 0x6c, 0xea, 0x40, 0xc4,
  0x30, 0xf0, 0x20, 0x6a, 0x82, 0xf4, 0x00, 0x4a, 0x82, 0xf6, 0x7d, 0xa2, 0x0e,
  0xeb, 0x11, 0x2b, 0x82, 0xf6, 0x7c, 0xa2, 0x1f, 0x6c, 0x6a, 0x32, 0x8c, 0xea,
  0x47, 0xe8, 0x01, 0x6c, 0x8c, 0xea, 0x08, 0x22, 0x02, 0x6a, 0x6c, 0xea, 0xff,
  0x6b, 0x6c, 0xea, 0x03, 0x22, 0x00, 0x6c, 0x00, 0x18, 0x6a, 0x1a, 0x30, 0xf0,
  0x20, 0x6a, 0x82, 0xf4, 0x00, 0x4a, 0x80, 0xf0, 0x6c, 0x9a, 0x10, 0x6c, 0x8d,
  0xeb, 0x80, 0xf0, 0x6c, 0xda, 0x00, 0x18, 0xad, 0x07, 0x05, 0x97, 0x04, 0x90,
  0x03, 0x63, 0x00, 0xef, 0x00, 0x65, 0xfd, 0x63, 0x05, 0x62, 0x00, 0x18, 0x9d,
  0x19, 0x05, 0x97, 0x03, 0x63, 0x00, 0xef, 0x00, 0x65, 0xfd, 0x63, 0x05, 0x62,
  0x00, 0x18, 0xb7, 0x10, 0x05, 0x97, 0x03, 0x63, 0x00, 0xef, 0x00, 0x65, 0xfd,
  0x63, 0x05, 0x62, 0x00, 0x18, 0xb4, 0x10, 0x05, 0x97, 0x03, 0x63, 0x00, 0xef,
  0x00, 0x65, 0xfd, 0x63, 0x05, 0x62, 0x00, 0x18, 0xd4, 0x13, 0x05, 0x97, 0x03,
  0x63, 0x00, 0xef, 0x00, 0x65, 0xff, 0x63, 0x01, 0xd0, 0x30, 0xf0, 0x20, 0x6b,
  0xa0, 0xf5, 0x64, 0x9b, 0xff, 0x6a, 0x4c, 0xee, 0x6d, 0xe4, 0x08, 0x68, 0x80,
  0xa3, 0xdb, 0xe0, 0x02, 0x67, 0x4c, 0xed, 0x07, 0xee, 0xd0, 0x67, 0x4c, 0xef,
  0x04, 0xed, 0x4c, 0xec, 0xcc, 0xef, 0x0f, 0xe8, 0x8c, 0xe8, 0xe4, 0xed, 0xed,
  0xe8, 0x4c, 0xe8, 0x00, 0xc3, 0x01, 0x90, 0x01, 0x63, 0x20, 0xe8, 0x00, 0x65,
  0x30, 0xf0, 0x20, 0x6a, 0xa0, 0xf5, 0x44, 0x9a, 0xff, 0xf7, 0x1f, 0x6b, 0x8c,
  0xeb, 0x4d, 0xe3, 0x40, 0xa3, 0xff, 0x6c, 0x8c, 0xee, 0x08, 0x6b, 0xdb, 0xe3,
  0x8c, 0xed, 0x8c, 0xea, 0x64, 0x67, 0x47, 0xed, 0x67, 0xee, 0x6c, 0xea, 0x8c,
  0xea, 0x20, 0xe8, 0x00, 0x65, 0x01, 0x74, 0x0d, 0x60, 0x06, 0x24, 0x02, 0x74,
  0x10, 0x60, 0x03, 0x74, 0x00, 0x6a, 0x1c, 0x61, 0x14, 0x10, 0x30, 0xf0, 0x20,
  0x6a, 0xa8, 0x35, 0x60, 0xf7, 0x48, 0x9a, 0x0b, 0x10, 0x30, 0xf0, 0x20, 0x6a,
  0xa8, 0x35, 0x60, 0xf7, 0x4c, 0x9a, 0x05, 0x10, 0x30, 0xf0, 0x20, 0x6a, 0x60,
  0xf7, 0x50, 0x9a, 0xa8, 0x35, 0x55, 0xe5, 0x40, 0x9d, 0x20, 0xe8, 0x30, 0xf0,
  0x20, 0x6a, 0x60, 0xf7, 0x54, 0x9a, 0xa8, 0x35, 0x55, 0xe5, 0x40, 0x9d, 0x20,
  0xe8, 0x00, 0x65, 0x30, 0xf0, 0x20, 0x6a, 0x82, 0xf4, 0x00, 0x4a, 0x81, 0xf4,
  0x10, 0x6b, 0x82, 0xf4, 0x78, 0xda, 0x00, 0xf2, 0x00, 0x4b, 0x82, 0xf4, 0x7c,
  0xda, 0x01, 0xf2, 0x00, 0x4b, 0xa2, 0xf4, 0x60, 0xda, 0x00, 0xf2, 0x00, 0x4b,
  0xa2, 0xf4, 0x64, 0xda, 0x20, 0xe8, 0x00, 0x65, 0xff, 0x6b, 0x6c, 0xec, 0x1f,
  0x6d, 0x8c, 0xed, 0x96, 0x34, 0x6c, 0xec, 0x01, 0x74, 0x03, 0x6a, 0x0a, 0x60,
  0x10, 0x24, 0x04, 0x74, 0x05, 0x60, 0x06, 0x74, 0x00, 0x6a, 0x12, 0x61, 0xef,
  0x4a, 0x02, 0x10, 0x07, 0x6a, 0x4b, 0xea, 0xab, 0xe2, 0x44, 0x32, 0x00, 0xf6,
  0x40, 0x32, 0x00, 0xf6, 0x43, 0x32, 0x20, 0xe8, 0x08, 0x6a, 0xab, 0xe2, 0x44,
  0x32, 0x00, 0xf6, 0x40, 0x32, 0x00, 0xf6, 0x43, 0x32, 0x20, 0xe8, 0x00, 0xf6,
  0x80, 0x34, 0x00, 0xf6, 0x83, 0x34, 0x47, 0x44, 0x5c, 0x4a, 0xff, 0x6b, 0x6c,
  0xea, 0x77, 0x5a, 0x00, 0x6a, 0x06, 0x60, 0x00, 0x54, 0x64, 0x6a, 0x03, 0x60,
  0x47, 0x44, 0x5d, 0x4a, 0x6c, 0xea, 0x20, 0xe8, 0xfc, 0x63, 0x07, 0x62, 0x06,
  0xd1, 0x05, 0xd0, 0xff, 0x6b, 0x8c, 0xeb, 0xff, 0xf7, 0x1f, 0x6a, 0x81, 0x46,
  0x26, 0x67, 0xac, 0xea, 0x06, 0x2c, 0x83, 0x67, 0xa2, 0x67, 0x00, 0x18, 0xeb,
  0x17, 0x02, 0x67, 0x0a, 0x10, 0x83, 0x67, 0xa2, 0x67, 0x00, 0x18, 0xeb, 0x17,
  0x02, 0x67, 0x91, 0x67, 0x00, 0x18, 0x82, 0x11, 0x2c, 0xe8, 0x06, 0xea, 0x50,
  0x67, 0x07, 0x97, 0x06, 0x91, 0x05, 0x90, 0x04, 0x63, 0x00, 0xef, 0xfb, 0x63,
  0x09, 0x62, 0x08, 0xd1, 0x07, 0xd0, 0xff, 0x6a, 0x8c, 0xea, 0x0e, 0x91, 0x04,
  0xd2, 0xff, 0xf7, 0x1f, 0x6a, 0x4c, 0xed, 0x4c, 0xe9, 0x0c, 0xd6, 0x0d, 0xd7,
  0x0f, 0x90, 0x05, 0xd5, 0x00, 0x6a, 0x05, 0x10, 0x0a, 0x6c, 0x00, 0x18, 0x58,
  0x12, 0x40, 0xa8, 0x01, 0x4a, 0x40, 0xc8, 0x30, 0xf0, 0x20, 0x6a, 0x04, 0x94,
  0x05, 0x95, 0x60, 0xf7, 0xd8, 0x9a, 0x00, 0x18, 0x23, 0x18, 0x0c, 0x93, 0x6c,
  0xea, 0x0d, 0x93, 0x6e, 0xea, 0x03, 0x22, 0x40, 0xa8, 0x23, 0xea, 0xea, 0x61,
  0x40, 0xa8, 0x09, 0x97, 0x07, 0x90, 0x23, 0xea, 0x08, 0x91, 0x58, 0x67, 0x05,
  0x63, 0x00, 0xef, 0xfc, 0x63, 0x07, 0x62, 0x06, 0xd1, 0x05, 0xd0, 0x30, 0xf0,
  0x20, 0x6b, 0x20, 0xf5, 0x60, 0x9b, 0xff, 0xf7, 0x1f, 0x6a, 0x8c, 0xea, 0x69,
  0xe2, 0x00, 0x9a, 0x41, 0x45, 0x25, 0x67, 0x05, 0x22, 0x85, 0x67, 0x00, 0x18,
  0x82, 0x11, 0x2c, 0xe8, 0x06, 0xea, 0x50, 0x67, 0x07, 0x97, 0x06, 0x91, 0x05,
  0x90, 0x04, 0x63, 0x00, 0xef, 0x00, 0x65, 0xfb, 0x63, 0x09, 0x62, 0x08, 0xd1,
  0x07, 0xd0, 0xff, 0xf7, 0x1f, 0x68, 0x41, 0x45, 0x25, 0x67, 0x0c, 0xd6, 0x8c,
  0xe8, 0x07, 0x2a, 0x30, 0xf0, 0x20, 0x6a, 0x20, 0xf5, 0x40, 0x9a, 0x41, 0xe0,
  0xc0, 0xd8, 0x17, 0x10, 0x01, 0x6d, 0x90, 0x67, 0xab, 0xed, 0x00, 0x18, 0x4c,
  0x18, 0x91, 0x67, 0x04, 0xd2, 0x00, 0x18, 0x82, 0x11, 0x0c, 0x93, 0x64, 0xea,
  0x43, 0x67, 0x04, 0x93, 0x2c, 0xea, 0x2f, 0xe9, 0x6c, 0xe9, 0x30, 0xf0, 0x20,
  0x6b, 0x20, 0xf5, 0x60, 0x9b, 0x2d, 0xea, 0x61, 0xe0, 0x40, 0xd8, 0x09, 0x97,
  0x08, 0x91, 0x07, 0x90, 0x05, 0x63, 0x00, 0xef, 0xfd, 0x63, 0x05, 0x62, 0x30,
  0xf0, 0x20, 0x6a, 0x05, 0xf1, 0x18, 0x4a, 0x88, 0x34, 0x91, 0xe2, 0x30, 0xf0,
  0x20, 0x6a, 0x60, 0xf7, 0x58, 0x9a, 0x30, 0xf0, 0x20, 0x6b, 0x00, 0xf5, 0xa0,
  0x35, 0xcc, 0xea, 0x60, 0xf7, 0xdc, 0x9b, 0x80, 0xac, 0xad, 0xea, 0x01, 0x6d,
  0xab, 0xed, 0x4c, 0xee, 0x00, 0x18, 0x5a, 0x18, 0x05, 0x97, 0x03, 0x63, 0x00,
  0xef, 0x00, 0x65, 0xfb, 0x63, 0x09, 0x62, 0x08, 0xd1, 0x07, 0xd0, 0x46, 0x67,
  0xff, 0x68, 0xff, 0xf7, 0x1f, 0x69, 0x01, 0x4a, 0x0c, 0xd6, 0x0d, 0xd7, 0x8c,
  0xe8, 0xac, 0xe9, 0x04, 0x2a, 0x90, 0x67, 0xb1, 0x67, 0xc7, 0x67, 0x12, 0x10,
  0xb1, 0x67, 0x90, 0x67, 0x00, 0x18, 0xeb, 0x17, 0x0c, 0x94, 0x04, 0xd2, 0x00,
  0x18, 0x82, 0x11, 0x0d, 0x96, 0x90, 0x67, 0xb1, 0x67, 0xc4, 0xea, 0x0c, 0x92,
  0x4c, 0xee, 0x4f, 0xeb, 0x04, 0x92, 0x4c, 0xeb, 0x6d, 0xee, 0x00, 0x18, 0x71,
  0x18, 0x01, 0x6c, 0x00, 0x18, 0x58, 0x12, 0x09, 0x97, 0x08, 0x91, 0x07, 0x90,
  0x05, 0x63, 0x00, 0xef, 0x30, 0xf0, 0x20, 0x6b, 0x60, 0xf5, 0x74, 0x9b, 0x10,
  0xf0, 0x20, 0x6a, 0x4c, 0xf2, 0x1d, 0x4a, 0x40, 0xdb, 0x00, 0x6b, 0x30, 0xf0,
  0x20, 0x6a, 0x80, 0xf7, 0xa0, 0x9a, 0xff, 0x6c, 0x40, 0xa5, 0xa0, 0xa5, 0x8c,
  0xea, 0xac, 0xec, 0x4e, 0xec, 0x10, 0x24, 0x64, 0x73, 0x09, 0x61, 0x30, 0xf0,
  0x20, 0x6b, 0x40, 0xf5, 0x88, 0x9b, 0x40, 0x6d, 0x60, 0x9c, 0xad, 0xeb, 0x60,
  0xdc, 0x20, 0xe8, 0x01, 0x4b, 0xff, 0xf7, 0x1f, 0x6a, 0x4c, 0xeb, 0xe5, 0x17,
  0x20, 0xe8, 0x30, 0xf0, 0x20, 0x6b, 0x60, 0xf5, 0x74, 0x9b, 0x10, 0xf0, 0x20,
  0x6a, 0xac, 0xf2, 0x09, 0x4a, 0x40, 0xdb, 0x30, 0xf0, 0x20, 0x6a, 0x80, 0xf7,
  0x44, 0x9a, 0x60, 0xa2, 0x01, 0x6a, 0x6c, 0xea, 0xf8, 0x2a, 0x30, 0xf0, 0x20,
  0x6b, 0x60, 0xf5, 0x74, 0x9b, 0x10, 0xf0, 0x20, 0x6a, 0xac, 0xf2, 0x0a, 0x4a,
  0x40, 0xdb, 0x20, 0xe8, 0x00, 0x65, 0xff, 0x6a, 0x4c, 0xec, 0x05, 0x5c, 0xac,
  0xea, 0x3e, 0x60, 0x30, 0xf0, 0x20, 0x6b, 0x88, 0x34, 0x00, 0xf3, 0x04, 0x4b,
  0x8d, 0xe3, 0x60, 0x9b, 0x00, 0xeb, 0x30, 0xf0, 0x20, 0x6b, 0x80, 0xf7, 0x68,
  0x9b, 0x1f, 0x6c, 0xa0, 0xa3, 0xac, 0xec, 0x80, 0xc3, 0x40, 0xc3, 0x20, 0xe8,
  0x30, 0xf0, 0x20, 0x6b, 0x80, 0xf7, 0x88, 0x9b, 0x1f, 0x6b, 0xa0, 0xa4, 0xac,
  0xeb, 0x20, 0x6d, 0x11, 0x10, 0x30, 0xf0, 0x20, 0x6b, 0x80, 0xf7, 0x88, 0x9b,
  0x1f, 0x6b, 0xa0, 0xa4, 0xac, 0xeb, 0x40, 0x6d, 0x08, 0x10, 0x30, 0xf0, 0x20,
  0x6b, 0x80, 0xf7, 0x88, 0x9b, 0x1f, 0x6b, 0xa0, 0xa4, 0xac, 0xeb, 0x60, 0x6d,
  0xad, 0xeb, 0x60, 0xc4, 0x40, 0xc4, 0x20, 0xe8, 0x30, 0xf0, 0x20, 0x6b, 0x80,
  0xf7, 0x88, 0x9b, 0x1f, 0x6b, 0xa0, 0xa4, 0xac, 0xeb, 0x80, 0x6d, 0xab, 0xed,
  0xad, 0xeb, 0xff, 0x6d, 0xac, 0xeb, 0x60, 0xc4, 0x40, 0xc4, 0x20, 0xe8, 0xff,
  0x6a, 0x8c, 0xea, 0x05, 0x5a, 0x38, 0x60, 0x30, 0xf0, 0x20, 0x6b, 0x48, 0x32,
  0x00, 0xf3, 0x18, 0x4b, 0x4d, 0xe3, 0x40, 0x9b, 0x00, 0xea, 0x30, 0xf0, 0x20,
  0x6a, 0x80, 0xf7, 0x68, 0x9a, 0x1f, 0x6a, 0x80, 0xa3, 0x27, 0x10, 0x30, 0xf0,
  0x20, 0x6a, 0x80, 0xf7, 0x68, 0x9a, 0x1f, 0x6a, 0x80, 0xa3, 0x8c, 0xea, 0x20,
  0x6c, 0x11, 0x10, 0x30, 0xf0, 0x20, 0x6a, 0x80, 0xf7, 0x68, 0x9a, 0x1f, 0x6a,
  0x80, 0xa3, 0x8c, 0xea, 0x40, 0x6c, 0x08, 0x10, 0x30, 0xf0, 0x20, 0x6a, 0x80,
  0xf7, 0x68, 0x9a, 0x1f, 0x6a, 0x80, 0xa3, 0x8c, 0xea, 0x60, 0x6c, 0x8d, 0xea,
  0x0c, 0x10, 0x30, 0xf0, 0x20, 0x6a, 0x80, 0xf7, 0x68, 0x9a, 0x1f, 0x6a, 0x80,
  0xa3, 0x8c, 0xea, 0x80, 0x6c, 0x8b, 0xec, 0x8d, 0xea, 0xff, 0x6c, 0x8c, 0xea,
  0x40, 0xc3, 0x30, 0xf0, 0x20, 0x6a, 0x80, 0xf7, 0x48, 0x9a, 0xff, 0x6b, 0x40,
  0xa2, 0x6c, 0xea, 0x20, 0xe8, 0xff, 0x6a, 0x4c, 0xed, 0xff, 0x75, 0x4c, 0xec,
  0xcc, 0xea, 0x06, 0x61, 0x30, 0xf0, 0x20, 0x6b, 0x82, 0xf4, 0x00, 0x4b, 0x71,
  0xe4, 0x0b, 0x10, 0x30, 0xf0, 0x20, 0x6b, 0x82, 0xf4, 0x00, 0x4b, 0x71, 0xe4,
  0xe2, 0xf5, 0x60, 0xa4, 0xac, 0xea, 0xaf, 0xed, 0x6c, 0xed, 0xad, 0xea, 0xe2,
  0xf5, 0x40, 0xc4, 0x20, 0xe8, 0xfc, 0x63, 0x07, 0x62, 0x06, 0xd1, 0x05, 0xd0,
  0x30, 0xf0, 0x20, 0x6b, 0x60, 0xf5, 0x74, 0x9b, 0x10, 0xf0, 0x20, 0x6a, 0xff,
  0x69, 0x2c, 0xf4, 0x05, 0x4a, 0x8c, 0xe9, 0x40, 0xdb, 0x00, 0x68, 0x1d, 0x10,
  0x82, 0xf3, 0x08, 0x70, 0x09, 0x61, 0x30, 0xf0, 0x20, 0x6a, 0x40, 0xf5, 0x68,
  0x9a, 0x10, 0x6c, 0x40, 0x9b, 0x8d, 0xea, 0x40, 0xdb, 0x1c, 0x10, 0xff, 0xf7,
  0x1f, 0x6a, 0x01, 0x48, 0x4c, 0xe8, 0x14, 0x6c, 0x00, 0x18, 0x58, 0x12, 0x33,
  0x58, 0x08, 0x61, 0x30, 0xf0, 0x20, 0x6a, 0x40, 0xf7, 0x54, 0x9a, 0x01, 0x6b,
  0x40, 0xa2, 0x6c, 0xea, 0x0b, 0x2a, 0x30, 0xf0, 0x20, 0x6a, 0x80, 0xf7, 0x4c,
  0x9a, 0x01, 0x6b, 0x40, 0x9a, 0x42, 0x32, 0x5e, 0x32, 0x6c, 0xea, 0x2e, 0xea,
  0xd8, 0x2a, 0x30, 0xf0, 0x20, 0x6b, 0x60, 0xf5, 0x74, 0x9b, 0x10, 0xf0, 0x20,
  0x6a, 0x2c, 0xf4, 0x06, 0x4a, 0x40, 0xdb, 0x07, 0x97, 0x06, 0x91, 0x05, 0x90,
  0x04, 0x63, 0x00, 0xef, 0x00, 0x65, 0xfd, 0x63, 0x05, 0x62, 0x00, 0x18, 0xaa,
  0x18, 0x30, 0xf0, 0x20, 0x6a, 0x60, 0xf5, 0x68, 0x9a, 0xef, 0x6a, 0x80, 0xa3,
  0x8c, 0xea, 0x40, 0xc3, 0x00, 0x6c, 0x00, 0x18, 0x09, 0x19, 0x30, 0xf0, 0x20,
  0x6a, 0x82, 0xf4, 0x00, 0x4a, 0x30, 0xf0, 0x20, 0x6b, 0x8e, 0x9a, 0x20, 0xf7,
  0x6c, 0x9b, 0x80, 0xdb, 0xe2, 0xf5, 0x94, 0xa2, 0x7f, 0x6b, 0x8c, 0xeb, 0xe2,
  0xf5, 0x74, 0xc2, 0x05, 0x97, 0x03, 0x63, 0x00, 0xef, 0xfd, 0x63, 0x05, 0x62,
  0x04, 0xd0, 0x30, 0xf0, 0x20, 0x6a, 0x82, 0xf4, 0x00, 0x4a, 0xe2, 0xf5, 0x94,
  0xa2, 0x80, 0x6b, 0x6b, 0xeb, 0x8d, 0xeb, 0xe2, 0xf5, 0x74, 0xc2, 0x02, 0xf6,
  0x64, 0xaa, 0x30, 0xf0, 0x20, 0x6a, 0x80, 0xf7, 0x50, 0x9a, 0xff, 0x68, 0x10,
  0x6c, 0x60, 0xca, 0x30, 0xf0, 0x20, 0x6a, 0x60, 0xf5, 0x68, 0x9a, 0x40, 0xa3,
  0x0c, 0xea, 0x8d, 0xea, 0x0c, 0xea, 0x40, 0xc3, 0x01, 0x6c, 0x00, 0x18, 0x09,
  0x19, 0x30, 0xf0, 0x20, 0x6a, 0x20, 0xf7, 0x4c, 0x9a, 0x02, 0x6b, 0x01, 0x6c,
  0x60, 0xda, 0x30, 0xf0, 0x20, 0x6a, 0x80, 0xf7, 0x64, 0x9a, 0x40, 0xa3, 0x0c,
  0xea, 0x8d, 0xea, 0x0c, 0xea, 0x40, 0xc3, 0x14, 0x6c, 0x00, 0x18, 0x58, 0x12,
  0x05, 0x97, 0x04, 0x90, 0x03, 0x63, 0x00, 0xef, 0xfd, 0x63, 0x05, 0x62, 0x04,
  0xd0, 0x30, 0xf0, 0x20, 0x6b, 0x60, 0xf5, 0x74, 0x9b, 0x10, 0xf0, 0x20, 0x6a,
  0x6c, 0xf5, 0x0d, 0x4a, 0x40, 0xdb, 0x00, 0x68, 0x30, 0xf0, 0x20, 0x6a, 0x80,
  0xf7, 0x54, 0x9a, 0x40, 0xa2, 0x12, 0x2a, 0x30, 0xf0, 0x20, 0x6a, 0x80, 0xf7,
  0x58, 0x9a, 0x40, 0xa2, 0x0c, 0x2a, 0x30, 0xf0, 0x20, 0x6a, 0x80, 0xf7, 0x5c,
  0x9a, 0x40, 0xa2, 0x06, 0x2a, 0x30, 0xf0, 0x20, 0x6a, 0xa0, 0xf7, 0x40, 0x9a,
  0x40, 0xa2, 0x15, 0x22, 0xe0, 0xf3, 0x09, 0x70, 0x0a, 0x61, 0x30, 0xf0, 0x20,
  0x6a, 0x40, 0xf5, 0x68, 0x9a, 0x20, 0x6c, 0x40, 0x9b, 0x8d, 0xea, 0x40, 0xdb,
  0x00, 0x6a, 0x09, 0x10, 0x32, 0x6c, 0x00, 0x18, 0x58, 0x12, 0x01, 0x48, 0xff,
  0xf7, 0x1f, 0x6a, 0x4c, 0xe8, 0xd3, 0x17, 0x01, 0x6a, 0x05, 0x97, 0x04, 0x90,
  0x03, 0x63, 0x00, 0xef, 0x00, 0x65, 0xff, 0x6a, 0x4c, 0xec, 0xff, 0x74, 0xac,
  0xea, 0x05, 0x61, 0x30, 0xf0, 0x20, 0x6b, 0x45, 0xf2, 0x4f, 0xc3, 0x20, 0xe8,
  0x30, 0xf0, 0x20, 0x6b, 0x82, 0xf4, 0x00, 0x4b, 0xc2, 0xf5, 0xaf, 0xa3, 0x8c,
  0xea, 0x8f, 0xec, 0xac, 0xec, 0x8d, 0xea, 0xc2, 0xf5, 0x4f, 0xc3, 0x20, 0xe8,
  0x00, 0x65, 0xfc, 0x63, 0x07, 0x62, 0x06, 0xd1, 0x05, 0xd0, 0xff, 0x68, 0x26,
  0x67, 0x0c, 0xe9, 0x53, 0x71, 0x0c, 0xec, 0x0c, 0xed, 0x09, 0x60, 0x06, 0x2c,
  0x30, 0xf0, 0x20, 0x6a, 0x45, 0xf2, 0x4e, 0xa2, 0xad, 0xea, 0x0b, 0x10, 0x00,
  0x18, 0x7b, 0x19, 0x30, 0xf0, 0x20, 0x6a, 0x82, 0xf4, 0x00, 0x4a, 0xc2, 0xf5,
  0x6f, 0xa2, 0xc2, 0xf5, 0x4e, 0xa2, 0x6d, 0xea, 0x30, 0xf0, 0x20, 0x6b, 0xe0,
  0xf3, 0x68, 0x9b, 0x0c, 0xea, 0x40, 0xc3, 0x30, 0xf0, 0x20, 0x6a, 0x45, 0xf2,
  0x2c, 0xc2, 0x07, 0x97, 0x06, 0x91, 0x05, 0x90, 0x04, 0x63, 0x00, 0xef, 0xfb,
  0x63, 0x09, 0x62, 0x30, 0xf0, 0x20, 0x6a, 0xa0, 0xf7, 0x64, 0x9a, 0x7f, 0x6a,
  0xbd, 0x67, 0x80, 0xa3, 0x8c, 0xea, 0x40, 0xc3, 0x30, 0xf0, 0x20, 0x6a, 0xa0,
  0xf7, 0x48, 0x9a, 0x7d, 0x67, 0x80, 0xa2, 0x01, 0x6a, 0x4f, 0xcd, 0x4c, 0xec,
  0x92, 0xc3, 0x02, 0x6b, 0x70, 0xc5, 0x00, 0x18, 0x0b, 0x27, 0x04, 0x04, 0x00,
  0x18, 0x87, 0x12, 0x09, 0x97, 0x05, 0x63, 0x00, 0xef, 0x00, 0x65, 0x30, 0xf0,
  0x20, 0x6a, 0x05, 0xf3, 0x5d, 0xa2, 0xff, 0x63, 0x05, 0x5a, 0x2c, 0x60, 0x30,
  0xf0, 0x20, 0x6b, 0x48, 0x32, 0x60, 0xf3, 0x0c, 0x4b, 0x4d, 0xe3, 0x40, 0x9b,
  0x00, 0xea, 0x30, 0xf0, 0x20, 0x6a, 0x80, 0xf3, 0x40, 0x9a, 0xff, 0xf7, 0x1f,
  0x6b, 0x40, 0x9a, 0x1a, 0x10, 0x30, 0xf0, 0x20, 0x6a, 0x80, 0xf3, 0x40, 0x9a,
  0x09, 0x10, 0x30, 0xf0, 0x20, 0x6a, 0xa0, 0xf7, 0x4c, 0x9a, 0x0d, 0x10, 0x30,
  0xf0, 0x20, 0x6a, 0xa0, 0xf7, 0x4c, 0x9a, 0x40, 0x9a, 0x50, 0x32, 0x00, 0xf5,
  0x42, 0x32, 0x0a, 0x10, 0x30, 0xf0, 0x20, 0x6a, 0xa0, 0xf7, 0x50, 0x9a, 0x40,
  0x9a, 0xe1, 0xf7, 0x1f, 0x6b, 0x6c, 0xea, 0x01, 0x10, 0x64, 0x6a, 0x7d, 0x67,
  0x40, 0xcb, 0x7d, 0x67, 0x40, 0xab, 0xff, 0xf7, 0x1f, 0x6b, 0x01, 0x63, 0x6c,
  0xea, 0x20, 0xe8, 0x00, 0x65, 0xff, 0x63, 0x01, 0xd0, 0x30, 0xf0, 0x20, 0x6b,
  0x82, 0xf4, 0x00, 0x4b, 0x82, 0xf6, 0xbc, 0xa3, 0xff, 0xf7, 0x1f, 0x6a, 0x8c,
  0xea, 0x03, 0x6c, 0x8b, 0xec, 0xac, 0xec, 0x82, 0xf6, 0x9c, 0xc3, 0x82, 0xf6,
  0xfe, 0xab, 0x30, 0xf0, 0x20, 0x6b, 0x25, 0xf3, 0x0c, 0x4b, 0x00, 0x6d, 0x14,
  0x6e, 0xd8, 0xed, 0x30, 0xf0, 0x20, 0x6c, 0x82, 0xf4, 0x00, 0x4c, 0x12, 0xee,
  0x91, 0xe6, 0xa2, 0xf6, 0x08, 0xa4, 0x01, 0x6e, 0xcc, 0xe8, 0x19, 0x20, 0xa2,
  0xf6, 0x88, 0xa4, 0xff, 0x68, 0x86, 0x34, 0xcc, 0xec, 0x0c, 0xec, 0x12, 0x24,
  0x80, 0xab, 0x5b, 0xec, 0x01, 0x2a, 0xe5, 0xe8, 0x12, 0xec, 0x81, 0xcb, 0x82,
  0xab, 0x98, 0xef, 0x12, 0xec, 0x5a, 0xec, 0x01, 0x2a, 0xe5, 0xe8, 0x12, 0xec,
  0x82, 0xcb, 0x81, 0xab, 0x02, 0x2c, 0xc1, 0xcb, 0x82, 0xcb, 0x01, 0x4d, 0x0a,
  0x75, 0x14, 0x4b, 0xd6, 0x61, 0x30, 0xf0, 0x20, 0x6b, 0x82, 0xf4, 0x00, 0x4b,
  0x82, 0xf6, 0x5e, 0xcb, 0x82, 0xf6, 0x9e, 0xab, 0xa2, 0xf6, 0x40, 0xab, 0x01,
  0x90, 0x5b, 0xec, 0x01, 0x2a, 0xe5, 0xe8, 0x82, 0xf6, 0x9c, 0xa3, 0x12, 0xea,
  0xa2, 0xf6, 0x42, 0xcb, 0x58, 0x67, 0xa2, 0xf6, 0x44, 0xcb, 0x02, 0x6a, 0x8d,
  0xea, 0x82, 0xf6, 0x5c, 0xc3, 0x01, 0x63, 0x20, 0xe8, 0x00, 0x65, 0x30, 0xf0,
  0x20, 0x6b, 0x82, 0xf4, 0x00, 0x4b, 0x82, 0xf6, 0xbc, 0xa3, 0x02, 0x6c, 0x00,
  0x6a, 0xac, 0xec, 0x0c, 0x24, 0x30, 0xf0, 0x20, 0x6a, 0xa0, 0xf7, 0x54, 0x9a,
  0x00, 0x6c, 0x80, 0xc2, 0x03, 0x6a, 0x4b, 0xea, 0xac, 0xea, 0x82, 0xf6, 0x5c,
  0xc3, 0x01, 0x6a, 0x20, 0xe8, 0x00, 0x65, 0x00, 0x6a, 0x14, 0x6c, 0x98, 0xea,
  0x30, 0xf0, 0x20, 0x6b, 0x82, 0xf4, 0x00, 0x4b, 0x01, 0x4a, 0x0a, 0x72, 0x12,
  0xec, 0x71, 0xe4, 0xa2, 0xf6, 0xa8, 0xa4, 0x02, 0x6b, 0x6b, 0xeb, 0xac, 0xeb,
  0xa2, 0xf6, 0x68, 0xc4, 0xee, 0x61, 0x20, 0xe8, 0x30, 0xf0, 0x20, 0x6a, 0x05,
  0xf3, 0x5c, 0xa2, 0x01, 0x6b, 0x4c, 0xeb, 0x00, 0x6a, 0x1c, 0x23, 0x30, 0xf0,
  0x20, 0x6a, 0x25, 0xf3, 0x14, 0x4a, 0x00, 0x6b, 0xa0, 0x9a, 0x8e, 0xed, 0x0f,
  0x2d, 0x14, 0x6e, 0xd8, 0xeb, 0x30, 0xf0, 0x20, 0x6d, 0x82, 0xf4, 0x00, 0x4d,
  0x12, 0xee, 0xb9, 0xe6, 0xa2, 0xf6, 0xe8, 0xa6, 0x02, 0x6d, 0xab, 0xed, 0xec,
  0xed, 0xa2, 0xf6, 0xa8, 0xc6, 0x01, 0x4b, 0x0a, 0x73, 0x14, 0x4a, 0xea, 0x61,
  0x01, 0x6a, 0x20, 0xe8, 0x00, 0x65, 0xfb, 0x63, 0x09, 0x62, 0x08, 0xd1, 0x07,
  0xd0, 0xff, 0xf7, 0x1f, 0x6a, 0x7d, 0x67, 0x0b, 0xd5, 0x4c, 0xee, 0x20, 0xf0,
  0xb8, 0xa3, 0x30, 0xf0, 0x20, 0x6b, 0x0a, 0xd4, 0x04, 0xd6, 0x82, 0xf4, 0x00,
  0x4b, 0x82, 0xf6, 0xdc, 0xa3, 0x01, 0x6c, 0x00, 0xf6, 0xe0, 0x31, 0xcc, 0xec,
  0x00, 0xf6, 0x23, 0x31, 0x6c, 0x24, 0x18, 0x25, 0x01, 0x75, 0x69, 0x61, 0x0a,
  0x94, 0x67, 0x24, 0x04, 0x95, 0x4a, 0xed, 0x64, 0x60, 0x7f, 0x71, 0x62, 0x60,
  0xff, 0xf7, 0x1f, 0x51, 0x5f, 0x61, 0x82, 0xf6, 0x1e, 0xab, 0x1b, 0xed, 0x01,
  0x28, 0xe5, 0xe8, 0x12, 0xe8, 0x4c, 0xe8, 0x01, 0x6a, 0x05, 0xd2, 0x18, 0x28,
  0x02, 0x67, 0x16, 0x10, 0x0a, 0x94, 0x51, 0x24, 0x04, 0x95, 0xff, 0xf7, 0x1f,
  0x75, 0x4d, 0x60, 0x7f, 0x71, 0x4b, 0x60, 0xff, 0xf7, 0x1f, 0x51, 0x48, 0x61,
  0xa2, 0xf6, 0x00, 0xab, 0x1b, 0xed, 0x01, 0x28, 0xe5, 0xe8, 0x12, 0xe8, 0x4c,
  0xe8, 0x00, 0x6a, 0x05, 0xd2, 0x01, 0x28, 0x01, 0x68, 0x0a, 0x94, 0x00, 0x18,
  0x11, 0x1a, 0x00, 0x6b, 0x14, 0x6c, 0x98, 0xeb, 0x30, 0xf0, 0x20, 0x6e, 0x1c,
  0x65, 0x82, 0xf4, 0x00, 0x4e, 0x01, 0x6d, 0xff, 0x6a, 0xe3, 0x67, 0x4c, 0xef,
  0x12, 0xec, 0xd1, 0xe4, 0xa2, 0xf6, 0x88, 0xa4, 0xac, 0xec, 0x4c, 0xec, 0x24,
  0x2c, 0x78, 0x67, 0x78, 0xef, 0x05, 0x97, 0xe9, 0x4b, 0x12, 0xea, 0xc9, 0xe2,
  0xe4, 0x36, 0xa2, 0xf6, 0xe8, 0xa2, 0xec, 0xeb, 0xcd, 0xeb, 0x0a, 0x96, 0xad,
  0xeb, 0xa2, 0xf6, 0xd4, 0xda, 0x0b, 0x97, 0xdd, 0x67, 0xa2, 0xf6, 0xf8, 0xda,
  0xe7, 0x46, 0x09, 0x4f, 0xc0, 0xaf, 0xa2, 0xf6, 0x90, 0xca, 0xa2, 0xf6, 0x0e,
  0xca, 0xa2, 0xf6, 0xcc, 0xca, 0xa2, 0xf6, 0x2a, 0xc2, 0xa2, 0xf6, 0x89, 0xc2,
  0xa2, 0xf6, 0x68, 0xc2, 0x45, 0x67, 0x04, 0x10, 0x01, 0x4b, 0x0a, 0x73, 0xc7,
  0x61, 0x00, 0x6a, 0x09, 0x97, 0x08, 0x91, 0x07, 0x90, 0x05, 0x63, 0x00, 0xef,
  0xfc, 0x63, 0x07, 0x62, 0xff, 0x6a, 0x8c, 0xea, 0x06, 0x22, 0x30, 0xf0, 0x20,
  0x6a, 0x25, 0xf3, 0x10, 0x4a, 0x00, 0x6c, 0x57, 0x10, 0x30, 0xf0, 0x20, 0x6a,
  0x25, 0xf3, 0x10, 0x4a, 0x00, 0x6b, 0x14, 0x6d, 0xb8, 0xeb, 0x30, 0xf0, 0x20,
  0x6c, 0x82, 0xf4, 0x00, 0x4c, 0x12, 0xed, 0x91, 0xe5, 0xa2, 0xf6, 0xc8, 0xa4,
  0x01, 0x6d, 0xac, 0xee, 0x08, 0x26, 0xa2, 0xf6, 0x88, 0xa4, 0x86, 0x34, 0xac,
  0xec, 0x03, 0x24, 0x80, 0xaa, 0x01, 0x4c, 0x80, 0xca, 0x01, 0x4b, 0x0a, 0x73,
  0x14, 0x4a, 0xe7, 0x61, 0x00, 0x18, 0xad, 0x19, 0x7d, 0x67, 0x48, 0xcb, 0x30,
  0xf0, 0x20, 0x6a, 0x82, 0xf4, 0x00, 0x4a, 0xa0, 0xf0, 0x73, 0xa2, 0x82, 0xf6,
  0xbd, 0xa2, 0xff, 0x6c, 0x76, 0x33, 0xae, 0xeb, 0x18, 0x2b, 0xa0, 0xf0, 0xb0,
  0xa2, 0x7f, 0x6b, 0xac, 0xeb, 0x8c, 0xeb, 0x12, 0x23, 0xa0, 0xf0, 0xb1, 0xa2,
  0x0f, 0x6b, 0xac, 0xeb, 0x8c, 0xeb, 0x0c, 0x23, 0x7d, 0x67, 0xa8, 0xab, 0xe2,
  0xf5, 0x9c, 0xa2, 0xff, 0xf7, 0x1f, 0x6b, 0x6c, 0xed, 0x98, 0xed, 0x12, 0xea,
  0x6c, 0xea, 0x7d, 0x67, 0x48, 0xcb, 0x5d, 0x67, 0x68, 0xaa, 0x30, 0xf0, 0x20,
  0x6c, 0x05, 0xf3, 0x9e, 0xac, 0xff, 0xf7, 0x1f, 0x6a, 0x4c, 0xeb, 0x8e, 0xeb,
  0x57, 0x23, 0x7d, 0x67, 0x88, 0xab, 0x4c, 0xec, 0x00, 0x18, 0xcc, 0x19, 0x51,
  0x10, 0x14, 0x6d, 0xb8, 0xec, 0x30, 0xf0, 0x20, 0x6b, 0x82, 0xf4, 0x00, 0x4b,
  0x12, 0xed, 0x6d, 0xe5, 0xa2, 0xf6, 0xc8, 0xa3, 0x01, 0x6d, 0xac, 0xee, 0x0a,
  0x26, 0xa2, 0xf6, 0x68, 0xa3, 0x66, 0x33, 0xac, 0xeb, 0xff, 0x6d, 0xac, 0xeb,
  0x03, 0x2b, 0x60, 0xaa, 0x01, 0x4b, 0x60, 0xca, 0x01, 0x4c, 0x0a, 0x74, 0x14,
  0x4a, 0xe5, 0x61, 0x30, 0xf0, 0x20, 0x6a, 0x82, 0xf4, 0x00, 0x4a, 0x82, 0xf6,
  0x7d, 0xa2, 0xff, 0x73, 0x2e, 0x61, 0xa2, 0xf6, 0x64, 0xaa, 0x01, 0x4b, 0xa2,
  0xf6, 0x64, 0xca, 0xa2, 0xf6, 0x64, 0xaa, 0xa2, 0xf6, 0x42, 0xaa, 0x6e, 0xea,
  0x23, 0x2a, 0x30, 0xf0, 0x20, 0x6a, 0x25, 0xf3, 0x10, 0x4a, 0x00, 0x6b, 0x14,
  0x6d, 0xb8, 0xeb, 0x30, 0xf0, 0x20, 0x6c, 0x82, 0xf4, 0x00, 0x4c, 0x12, 0xed,
  0x91, 0xe5, 0xa2, 0xf6, 0xc8, 0xa4, 0x01, 0x6d, 0xac, 0xee, 0x08, 0x26, 0xa2,
  0xf6, 0x88, 0xa4, 0x86, 0x34, 0xac, 0xec, 0x03, 0x24, 0x80, 0xaa, 0x01, 0x4c,
  0x80, 0xca, 0x01, 0x4b, 0x0a, 0x73, 0x14, 0x4a, 0xe7, 0x61, 0x30, 0xf0, 0x20,
  0x6a, 0x78, 0x67, 0x25, 0xf3, 0x64, 0xca, 0x30, 0xf0, 0x20, 0x6a, 0x82, 0xf4,
  0x00, 0x4a, 0x80, 0xf0, 0x6c, 0x9a, 0x02, 0xf0, 0x00, 0x6c, 0x8d, 0xeb, 0x80,
  0xf0, 0x6c, 0xda, 0x07, 0x97, 0x04, 0x63, 0x00, 0xef, 0x00, 0x65, 0xfb, 0x63,
  0x09, 0x62, 0x08, 0xd1, 0x07, 0xd0, 0x30, 0xf0, 0x20, 0x68, 0x25, 0xf3, 0x0e,
  0x48, 0x00, 0x69, 0x14, 0x6a, 0x58, 0xe9, 0x30, 0xf0, 0x20, 0x6b, 0x82, 0xf4,
  0x00, 0x4b, 0x12, 0xea, 0x69, 0xe2, 0xa2, 0xf6, 0x88, 0xa2, 0x01, 0x6b, 0x8c,
  0xeb, 0x2b, 0x23, 0x81, 0xa8, 0x60, 0xa8, 0x63, 0xec, 0x27, 0x61, 0xff, 0xf7,
  0x7c, 0x80, 0x81, 0x43, 0x04, 0xd4, 0x0a, 0x2c, 0x00, 0xf0, 0x46, 0x98, 0x00,
  0xf0, 0x8a, 0x98, 0x40, 0xea, 0x5d, 0x67, 0x67, 0x42, 0x09, 0x4b, 0x40, 0xab,
  0x17, 0x10, 0xff, 0xf7, 0x9b, 0xa0, 0x01, 0x4c, 0xff, 0xf7, 0x9b, 0xc0, 0xff,
  0xf7, 0x9b, 0xa0, 0x82, 0xeb, 0x08, 0x60, 0xa2, 0xf6, 0x88, 0xa2, 0x02, 0x6b,
  0x6b, 0xeb, 0x8c, 0xeb, 0xa2, 0xf6, 0x68, 0xc2, 0x07, 0x10, 0x00, 0xf0, 0x46,
  0x98, 0x00, 0xf0, 0x8a, 0x98, 0x40, 0xea, 0x00, 0x6a, 0x41, 0xc8, 0x01, 0x49,
  0x0a, 0x71, 0x14, 0x48, 0xc4, 0x61, 0x09, 0x97, 0x08, 0x91, 0x07, 0x90, 0x05,
  0x63, 0x00, 0xef, 0xfc, 0x63, 0x07, 0x62, 0x06, 0xd0, 0x30, 0xf0, 0x20, 0x68,
  0x82, 0xf4, 0x00, 0x48, 0x82, 0xf6, 0x9c, 0xa0, 0x01, 0x6b, 0x00, 0x6a, 0x8c,
  0xeb, 0x23, 0x23, 0x30, 0xf0, 0x20, 0x6a, 0xa0, 0xf7, 0x54, 0x9a, 0x00, 0x6b,
  0x60, 0xc2, 0x03, 0x6a, 0x4b, 0xea, 0x8c, 0xea, 0x82, 0xf6, 0x5c, 0xc0, 0x00,
  0x18, 0xad, 0x19, 0x7d, 0x67, 0x48, 0xcb, 0x48, 0xab, 0xff, 0xf7, 0x1f, 0x6c,
  0x4c, 0xec, 0x00, 0x18, 0xcc, 0x19, 0x82, 0xf6, 0x7c, 0xa0, 0xa2, 0xf6, 0xc0,
  0xa8, 0x02, 0x6a, 0xff, 0x6c, 0x6d, 0xea, 0x6d, 0x4c, 0x01, 0x6d, 0x82, 0xf6,
  0x5c, 0xc0, 0x00, 0x18, 0x97, 0x15, 0x01, 0x6a, 0x07, 0x97, 0x06, 0x90, 0x04,
  0x63, 0x00, 0xef, 0xfc, 0x63, 0x07, 0x62, 0x06, 0xd1, 0x05, 0xd0, 0x30, 0xf0,
  0x20, 0x68, 0x82, 0xf4, 0x00, 0x48, 0x82, 0xf6, 0x5c, 0xa0, 0x03, 0x69, 0x4c,
  0xe9, 0x00, 0x6a, 0x24, 0x29, 0x30, 0xf0, 0x20, 0x6a, 0xa0, 0xf7, 0x54, 0x9a,
  0x30, 0xf0, 0x20, 0x6c, 0x05, 0xf3, 0x1c, 0x4c, 0x20, 0xc2, 0x00, 0x6d, 0xd4,
  0x6e, 0x00, 0x18, 0x64, 0x12, 0x01, 0x6a, 0xa2, 0xf6, 0x40, 0xc8, 0x64, 0x6a,
  0x82, 0xf6, 0x7c, 0xa0, 0x82, 0xf6, 0x5e, 0xc8, 0x64, 0x6a, 0xa2, 0xf6, 0x42,
  0xc8, 0x80, 0x4a, 0x9f, 0x4a, 0x6c, 0xea, 0x04, 0x6b, 0x6d, 0xea, 0x01, 0x6b,
  0x6d, 0xea, 0x82, 0xf6, 0x5c, 0xc0, 0x82, 0xf6, 0x3d, 0xc0, 0x43, 0x67, 0x07,
  0x97, 0x06, 0x91, 0x05, 0x90, 0x04, 0x63, 0x00, 0xef, 0x00, 0x65, 0xff, 0x6b,
  0x6c, 0xec, 0x0f, 0x6a, 0x8c, 0xea, 0x03, 0x2a, 0x92, 0x32, 0x6c, 0xea, 0x20,
  0xe8, 0x07, 0x4a, 0x6c, 0xea, 0x20, 0xe8, 0x00, 0x65, 0xfd, 0x63, 0x05, 0x62,
  0xff, 0x6a, 0x8c, 0xea, 0x05, 0x2a, 0x01, 0x6c, 0x08, 0xf0, 0x00, 0x6d, 0x00,
  0x18, 0xd7, 0x04, 0x05, 0x97, 0x03, 0x63, 0x00, 0xef, 0x00, 0x65, 0xfd, 0x63,
  0x05, 0x62, 0xff, 0x6a, 0x8c, 0xea, 0x05, 0x2a, 0x01, 0x6c, 0x04, 0xf0, 0x00,
  0x6d, 0x00, 0x18, 0xd7, 0x04, 0x05, 0x97, 0x03, 0x63, 0x00, 0xef, 0x00, 0x65,
  0xfd, 0x63, 0x05, 0x62, 0xff, 0x6a, 0x8c, 0xea, 0x05, 0x2a, 0x01, 0x6c, 0x08,
  0xf0, 0x00, 0x6d, 0x00, 0x18, 0xeb, 0x04, 0x05, 0x97, 0x03, 0x63, 0x00, 0xef,
  0x00, 0x65, 0xfd, 0x63, 0x05, 0x62, 0xff, 0x6a, 0x8c, 0xea, 0x05, 0x2a, 0x01,
  0x6c, 0x04, 0xf0, 0x00, 0x6d, 0x00, 0x18, 0xeb, 0x04, 0x05, 0x97, 0x03, 0x63,
  0x00, 0xef, 0x00, 0x65, 0xfd, 0x63, 0x05, 0x62, 0xff, 0x6d, 0x8c, 0xed, 0x01,
  0x6c, 0x44, 0x67, 0x15, 0x4d, 0x44, 0xed, 0xa2, 0x67, 0x00, 0x18, 0x73, 0x04,
  0x05, 0x97, 0x03, 0x63, 0x00, 0xef, 0xfd, 0x63, 0x05, 0x62, 0xff, 0x6d, 0x8c,
  0xed, 0x04, 0x2d, 0x03, 0x6c, 0x10, 0xf0, 0x00, 0x6d, 0x05, 0x10, 0x1b, 0x4d,
  0x01, 0x6a, 0x44, 0xed, 0x03, 0x6c, 0xa2, 0x67, 0x00, 0x18, 0x73, 0x04, 0x05,
  0x97, 0x03, 0x63, 0x00, 0xef, 0x00, 0x65, 0xfd, 0x63, 0x05, 0x62, 0xff, 0x6a,
  0x4c, 0xec, 0x00, 0x18, 0x26, 0x1b, 0x01, 0x6d, 0x02, 0x6c, 0xa4, 0xea, 0x00,
  0x18, 0x73, 0x04, 0x05, 0x97, 0x03, 0x63, 0x00, 0xef, 0xfd, 0x63, 0x05, 0x62,
  0xff, 0x6a, 0x4c, 0xec, 0x00, 0x18, 0x26, 0x1b, 0x01, 0x6d, 0x03, 0x6c, 0xa4,
  0xea, 0x00, 0x18, 0x73, 0x04, 0x05, 0x97, 0x03, 0x63, 0x00, 0xef, 0xfd, 0x63,
  0x05, 0x62, 0xff, 0x6d, 0x8c, 0xed, 0x01, 0x6c, 0x44, 0x67, 0x15, 0x4d, 0x44,
  0xed, 0xa2, 0x67, 0x00, 0x18, 0xa4, 0x04, 0x05, 0x97, 0x03, 0x63, 0x00, 0xef,
  0xfd, 0x63, 0x05, 0x62, 0xff, 0x6d, 0x8c, 0xed, 0x04, 0x2d, 0x03, 0x6c, 0x10,
  0xf0, 0x00, 0x6d, 0x05, 0x10, 0x1b, 0x4d, 0x01, 0x6a, 0x44, 0xed, 0x03, 0x6c,
  0xa2, 0x67, 0x00, 0x18, 0xa4, 0x04, 0x05, 0x97, 0x03, 0x63, 0x00, 0xef, 0x00,
  0x65, 0xfd, 0x63, 0x05, 0x62, 0xff, 0x6a, 0x4c, 0xec, 0x00, 0x18, 0x26, 0x1b,
  0x01, 0x6d, 0x02, 0x6c, 0xa4, 0xea, 0x00, 0x18, 0xa4, 0x04, 0x05, 0x97, 0x03,
  0x63, 0x00, 0xef, 0xfd, 0x63, 0x05, 0x62, 0xff, 0x6a, 0x4c, 0xec, 0x00, 0x18,
  0x26, 0x1b, 0x01, 0x6d, 0x03, 0x6c, 0xa4, 0xea, 0x00, 0x18, 0xa4, 0x04, 0x05,
  0x97, 0x03, 0x63, 0x00, 0xef, 0x30, 0xf0, 0x20, 0x6b, 0xff, 0x6a, 0x60, 0xf6,
  0x74, 0x9b, 0x8c, 0xea, 0x50, 0x32, 0x6d, 0xe2, 0x80, 0xa3, 0x30, 0xf0, 0x20,
  0x6c, 0x80, 0xf6, 0x88, 0x9c, 0x91, 0xe2, 0xa0, 0xa4, 0x80, 0xa4, 0x60, 0x9b,
  0x30, 0xf0, 0x20, 0x6b, 0x60, 0xf6, 0x7c, 0x9b, 0x69, 0xe2, 0x60, 0xa2, 0x40,
  0x9a, 0x20, 0xe8, 0x00, 0x65, 0x30, 0xf0, 0x20, 0x6b, 0xff, 0x6a, 0x60, 0xf6,
  0x74, 0x9b, 0x8c, 0xea, 0x50, 0x32, 0x6d, 0xe2, 0x80, 0xa3, 0x80, 0xa3, 0x30,
  0xf0, 0x20, 0x6c, 0x80, 0xf6, 0x88, 0x9c, 0x91, 0xe2, 0xa0, 0xa4, 0x80, 0xa4,
  0x60, 0x9b, 0x30, 0xf0, 0x20, 0x6b, 0x60, 0xf6, 0x7c, 0x9b, 0x6d, 0xe2, 0x60,
  0x9b, 0x30, 0xf0, 0x20, 0x6b, 0x80, 0xf6, 0x60, 0x9b, 0x6d, 0xe2, 0x80, 0xa3,
  0x60, 0xa3, 0x30, 0xf0, 0x20, 0x6b, 0x80, 0xf6, 0x70, 0x9b, 0x6d, 0xe2, 0x60,
  0xa3, 0x30, 0xf0, 0x20, 0x6b, 0xe0, 0xf7, 0x64, 0x9b, 0x69, 0xe2, 0x40, 0xa2,
  0x20, 0xe8, 0xde, 0x63, 0x43, 0x62, 0x42, 0xd1, 0x41, 0xd0, 0x01, 0x6a, 0x7d,
  0x67, 0x4b, 0xea, 0x54, 0xc3, 0x0f, 0x6a, 0x56, 0xc3, 0x10, 0x6a, 0x57, 0xc3,
  0x30, 0xf0, 0x20, 0x6a, 0x60, 0xf6, 0x54, 0x9a, 0xff, 0x68, 0x8c, 0xe8, 0x10,
  0x30, 0x49, 0xe0, 0x40, 0x9a, 0x04, 0x01, 0x06, 0x04, 0xb1, 0x67, 0x04, 0x6e,
  0x04, 0xd2, 0x00, 0x18, 0x69, 0x12, 0x30, 0xf0, 0x20, 0x6a, 0x60, 0xf6, 0x5c,
  0x9a, 0x07, 0x04, 0xb1, 0x67, 0x49, 0xe0, 0x40, 0x9a, 0x04, 0x6e, 0x04, 0xd2,
  0x00, 0x18, 0x69, 0x12, 0x30, 0xf0, 0x20, 0x6a, 0x60, 0xf6, 0x58, 0x9a, 0x08,
  0x04, 0xb1, 0x67, 0x49, 0xe0, 0x40, 0x9a, 0x04, 0x6e, 0x04, 0xd2, 0x00, 0x18,
  0x69, 0x12, 0x30, 0xf0, 0x20, 0x6a, 0xe0, 0xf7, 0x48, 0x9a, 0xb1, 0x67, 0x09,
  0x04, 0x41, 0xe0, 0x40, 0x98, 0x04, 0x6e, 0x04, 0xd2, 0x00, 0x18, 0x69, 0x12,
  0x05, 0x04, 0x00, 0x18, 0xa5, 0x12, 0x43, 0x97, 0x42, 0x91, 0x41, 0x90, 0x22,
  0x63, 0x00, 0xef, 0xfc, 0x63, 0x07, 0x62, 0x06, 0xd1, 0x05, 0xd0, 0x30, 0xf0,
  0x20, 0x6a, 0x30, 0xf0, 0x20, 0x6b, 0xe0, 0xf7, 0x4c, 0x9a, 0xe0, 0xf7, 0x70,
  0x9b, 0x00, 0xa2, 0x20, 0xa3, 0xff, 0x6a, 0x4c, 0xe8, 0x4c, 0xe9, 0x2a, 0xe8,
  0x2c, 0x60, 0x30, 0xf0, 0x20, 0x6a, 0x60, 0xf6, 0x54, 0x9a, 0x10, 0x33, 0x49,
  0xe3, 0x40, 0xa2, 0xff, 0x6b, 0x6c, 0xea, 0x5a, 0x32, 0x6c, 0xea, 0x01, 0x72,
  0x0a, 0x60, 0x05, 0x22, 0x02, 0x72, 0x0b, 0x60, 0x03, 0x72, 0x0d, 0x60, 0x0f,
  0x10, 0x90, 0x67, 0x00, 0x18, 0x20, 0x31, 0x0b, 0x10, 0x90, 0x67, 0x00, 0x18,
  0xa9, 0x1b, 0x07, 0x10, 0x90, 0x67, 0x00, 0x18, 0x86, 0x1b, 0x03, 0x10, 0x90,
  0x67, 0x00, 0x18, 0x93, 0x1b, 0x01, 0x48, 0x7f, 0x6a, 0x4c, 0xe8, 0x0a, 0xe9,
  0xd9, 0x61, 0x30, 0xf0, 0x20, 0x6a, 0xe0, 0xf7, 0x4c, 0x9a, 0x20, 0xc2, 0x07,
  0x97, 0x06, 0x91, 0x05, 0x90, 0x04, 0x63, 0x00, 0xef, 0x30, 0xf0, 0x20, 0x6b,
  0x04, 0xf5, 0x74, 0xa3, 0xff, 0x6a, 0xac, 0xea, 0x01, 0x73, 0x03, 0x61, 0xcc,
  0xf4, 0x00, 0x6b, 0x04, 0x10, 0x03, 0x73, 0x04, 0x61, 0xcd, 0xf5, 0x00, 0x6b,
  0x6b, 0xeb, 0x02, 0x10, 0x48, 0xf0, 0x00, 0x6b, 0x60, 0xcc, 0x09, 0x22, 0x60,
  0xac, 0x00, 0xf2, 0x01, 0x6a, 0x4b, 0xea, 0x6c, 0xea, 0x41, 0x6b, 0x6b, 0xeb,
  0x6c, 0xea, 0x06, 0x10, 0x60, 0xac, 0x00, 0xf2, 0x00, 0x6a, 0x6d, 0xea, 0x40,
  0x6b, 0x6d, 0xea, 0x40, 0xcc, 0x20, 0xe8, 0x20, 0xe8, 0x00, 0x65, 0x30, 0xf0,
  0x20, 0x6a, 0x04, 0xf5, 0x54, 0xa2, 0x01, 0x72, 0x09, 0x61, 0x30, 0xf0, 0x20,
  0x6a, 0x00, 0xf7, 0x60, 0x9a, 0xff, 0x6c, 0x10, 0x6d, 0x40, 0xa3, 0x8c, 0xea,
  0x08, 0x10, 0x30, 0xf0, 0x20, 0x6a, 0xe0, 0xf7, 0x78, 0x9a, 0xff, 0x6c, 0x01,
  0x6d, 0x40, 0xa3, 0x8c, 0xea, 0xad, 0xea, 0x8c, 0xea, 0x40, 0xc3, 0x20, 0xe8,
  0x00, 0x65, 0x30, 0xf0, 0x20, 0x6b, 0x01, 0xf0, 0xb0, 0x9b, 0xff, 0x6a, 0x08,
  0x6e, 0x60, 0xa5, 0xcb, 0xee, 0x4c, 0xec, 0x4c, 0xeb, 0xcc, 0xeb, 0x6d, 0xec,
  0x30, 0xf0, 0x20, 0x6b, 0x01, 0xf0, 0x74, 0x9b, 0x4c, 0xec, 0x80, 0xc5, 0x60,
  0xa3, 0x6c, 0xea, 0x20, 0xe8, 0x00, 0x65, 0x30, 0xf0, 0x20, 0x6b, 0x01, 0xf0,
  0xd0, 0x9b, 0xff, 0x6a, 0x08, 0x6f, 0x60, 0xa6, 0xeb, 0xef, 0x4c, 0xec, 0x4c,
  0xeb, 0xec, 0xeb, 0x6d, 0xec, 0x4c, 0xed, 0x4c, 0xec, 0x30, 0xf0, 0x20, 0x6a,
  0x01, 0xf0, 0x54, 0x9a, 0x80, 0xc6, 0xa0, 0xc2, 0x20, 0xe8, 0x00, 0x65, 0xfb,
  0x63, 0x09, 0x62, 0x08, 0xd1, 0x07, 0xd0, 0x30, 0xf0, 0x20, 0x6b, 0x60, 0xf5,
  0x74, 0x9b, 0x10, 0xf0, 0x20, 0x6a, 0x8e, 0xf0, 0x1d, 0x4a, 0x40, 0xdb, 0x00,
  0x68, 0x30, 0xf0, 0x20, 0x6a, 0x01, 0xf0, 0x78, 0x9a, 0xf0, 0x6a, 0x80, 0xa3,
  0x8c, 0xea, 0x40, 0xc3, 0x30, 0xf0, 0x20, 0x6a, 0x80, 0xf7, 0x54, 0x9a, 0x40,
  0xa2, 0x14, 0x2a, 0x30, 0xf0, 0x20, 0x6a, 0x80, 0xf7, 0x58, 0x9a, 0x40, 0xa2,
  0x0e, 0x2a, 0x30, 0xf0, 0x20, 0x6a, 0x80, 0xf7, 0x5c, 0x9a, 0x40, 0xa2, 0x08,
  0x2a, 0x30, 0xf0, 0x20, 0x6a, 0xa0, 0xf7, 0x40, 0x9a, 0x80, 0xa2, 0x01, 0x5c,
  0x98, 0x67, 0x01, 0x10, 0x00, 0x6c, 0x30, 0xf0, 0x20, 0x6a, 0x01, 0xf0, 0x78,
  0x9a, 0xff, 0x6d, 0x10, 0x6e, 0x40, 0xa3, 0xcb, 0xee, 0xac, 0xea, 0xcc, 0xea,
  0x01, 0x6e, 0xcd, 0xea, 0xac, 0xea, 0x40, 0xc3, 0x30, 0xf0, 0x20, 0x6a, 0x80,
  0xf7, 0x54, 0x9a, 0x40, 0xa2, 0x14, 0x2a, 0x30, 0xf0, 0x20, 0x6a, 0x80, 0xf7,
  0x58, 0x9a, 0x40, 0xa2, 0x0e, 0x2a, 0x30, 0xf0, 0x20, 0x6a, 0x80, 0xf7, 0x5c,
  0x9a, 0x40, 0xa2, 0x08, 0x2a, 0x30, 0xf0, 0x20, 0x6a, 0xa0, 0xf7, 0x40, 0x9a,
  0x60, 0xa2, 0x01, 0x5b, 0x78, 0x67, 0x01, 0x10, 0x00, 0x6b, 0x30, 0xf0, 0x20,
  0x6a, 0x01, 0xf0, 0xb8, 0x9a, 0xff, 0x6e, 0x10, 0x6f, 0x40, 0xa5, 0xeb, 0xef,
  0xcc, 0xea, 0xec, 0xea, 0x02, 0x6f, 0xed, 0xea, 0xcc, 0xea, 0x40, 0xc5, 0x30,
  0xf0, 0x20, 0x6a, 0x80, 0xf7, 0x54, 0x9a, 0x40, 0xa2, 0x14, 0x2a, 0x30, 0xf0,
  0x20, 0x6a, 0x80, 0xf7, 0x58, 0x9a, 0x40, 0xa2, 0x0e, 0x2a, 0x30, 0xf0, 0x20,
  0x6a, 0x80, 0xf7, 0x5c, 0x9a, 0x40, 0xa2, 0x08, 0x2a, 0x30, 0xf0, 0x20, 0x6a,
  0xa0, 0xf7, 0x40, 0x9a, 0x40, 0xa2, 0x01, 0x5a, 0x58, 0x67, 0x01, 0x10, 0x00,
  0x6a, 0x30, 0xf0, 0x20, 0x6d, 0x01, 0xf0, 0xd8, 0x9d, 0xff, 0x6f, 0x10, 0x69,
  0xa0, 0xa6, 0x2b, 0xe9, 0xec, 0xed, 0x2c, 0xed, 0x03, 0x69, 0x2d, 0xed, 0xec,
  0xed, 0xa0, 0xc6, 0x30, 0xf0, 0x20, 0x6d, 0x80, 0xf7, 0xb4, 0x9d, 0xa0, 0xa5,
  0x15, 0x2d, 0x30, 0xf0, 0x20, 0x6d, 0x80, 0xf7, 0xb8, 0x9d, 0xa0, 0xa5, 0x0f,
  0x2d, 0x30, 0xf0, 0x20, 0x6d, 0x80, 0xf7, 0xbc, 0x9d, 0xa0, 0xa5, 0x09, 0x2d,
  0x30, 0xf0, 0x20, 0x6d, 0xa0, 0xf7, 0xa0, 0x9d, 0xa0, 0xa5, 0x01, 0x5d, 0xd8,
  0x67, 0x04, 0xd6, 0x02, 0x10, 0x00, 0x6d, 0x04, 0xd5, 0x30, 0xf0, 0x20, 0x6d,
  0x01, 0xf0, 0xd8, 0x9d, 0xff, 0x6f, 0x10, 0x69, 0xa0, 0xa6, 0x2b, 0xe9, 0xec,
  0xed, 0x2c, 0xed, 0x04, 0x69, 0x2d, 0xed, 0xec, 0xed, 0xa0, 0xc6, 0x30, 0xf0,
  0x20, 0x6d, 0x80, 0xf7, 0xb4, 0x9d, 0xa0, 0xa5, 0x14, 0x2d, 0x30, 0xf0, 0x20,
  0x6d, 0x80, 0xf7, 0xb8, 0x9d, 0xa0, 0xa5, 0x0e, 0x2d, 0x30, 0xf0, 0x20, 0x6d,
  0x80, 0xf7, 0xbc, 0x9d, 0xa0, 0xa5, 0x08, 0x2d, 0x30, 0xf0, 0x20, 0x6d, 0xa0,
  0xf7, 0xa0, 0x9d, 0xc0, 0xa5, 0x01, 0x5e, 0xd8, 0x67, 0x01, 0x10, 0x00, 0x6e,
  0xff, 0x6d, 0x09, 0x24, 0xac, 0xeb, 0x07, 0x23, 0xac, 0xea, 0x05, 0x22, 0x04,
  0x92, 0xac, 0xea, 0x02, 0x22, 0xcc, 0xed, 0x15, 0x2d, 0xe0, 0xf3, 0x09, 0x70,
  0x0a, 0x61, 0x30, 0xf0, 0x20, 0x6a, 0x40, 0xf5, 0x68, 0x9a, 0x20, 0x6c, 0x40,
  0x9b, 0x8d, 0xea, 0x40, 0xdb, 0x00, 0x6a, 0x09, 0x10, 0x32, 0x6c, 0x00, 0x18,
  0x58, 0x12, 0x01, 0x48, 0xff, 0xf7, 0x1f, 0x6a, 0x4c, 0xe8, 0x17, 0x17, 0x01,
  0x6a, 0x09, 0x97, 0x08, 0x91, 0x07, 0x90, 0x05, 0x63, 0x00, 0xef, 0x00, 0x65,
  0xfc, 0x63, 0x07, 0x62, 0x06, 0xd1, 0x05, 0xd0, 0x30, 0xf0, 0x20, 0x6a, 0x01,
  0xf0, 0x7c, 0x9a, 0xff, 0x69, 0x02, 0x6c, 0x40, 0xa3, 0x01, 0x68, 0x0b, 0xe8,
  0x2c, 0xea, 0x8d, 0xea, 0x2c, 0xea, 0x40, 0xc3, 0x30, 0xf0, 0x20, 0x6a, 0x80,
  0xf4, 0x5c, 0x9a, 0x01, 0x6b, 0x6b, 0xeb, 0x60, 0xc2, 0x30, 0xf0, 0x20, 0x6a,
  0x21, 0xf0, 0x40, 0x9a, 0x09, 0x6b, 0xb0, 0x67, 0x60, 0xc2, 0x30, 0xf0, 0x20,
  0x6a, 0x21, 0xf0, 0x44, 0x9a, 0x7a, 0x6b, 0x6b, 0xeb, 0x60, 0xc2, 0x61, 0xf0,
  0x1a, 0x4c, 0x00, 0x18, 0x4c, 0x18, 0x30, 0xf0, 0x20, 0x6b, 0x40, 0xf5, 0xd8,
  0x9b, 0xb0, 0x67, 0x61, 0xf0, 0x1c, 0x6c, 0x4c, 0xee, 0x00, 0x18, 0x5a, 0x18,
  0x30, 0xf0, 0x20, 0x6a, 0x40, 0xf5, 0x60, 0x9a, 0x01, 0x6c, 0xb0, 0x67, 0x40,
  0xa3, 0x2c, 0xea, 0x8d, 0xea, 0x2c, 0xea, 0x40, 0xc3, 0x30, 0xf0, 0x20, 0x69,
  0x30, 0xf0, 0x20, 0x6a, 0x82, 0xf4, 0x00, 0x49, 0x21, 0xf0, 0x08, 0x4a, 0x40,
  0x9a, 0x42, 0xf6, 0xcc, 0xa9, 0x21, 0xf0, 0x1f, 0x4c, 0x4d, 0xee, 0x00, 0x18,
  0x5a, 0x18, 0x30, 0xf0, 0x20, 0x6b, 0x21, 0xf0, 0x08, 0x4b, 0x60, 0x9b, 0x42,
  0xf6, 0xce, 0xa9, 0xb0, 0x67, 0x81, 0xf0, 0x0c, 0x69, 0x6d, 0xee, 0x41, 0xf0,
  0x04, 0x6c, 0x00, 0x18, 0x5a, 0x18, 0x91, 0x67, 0xb0, 0x67, 0x00, 0x18, 0x4c,
  0x18, 0x30, 0xf0, 0x20, 0x6b, 0x21, 0xf0, 0xcc, 0x9b, 0xb0, 0x67, 0x91, 0x67,
  0x4c, 0xee, 0x00, 0x18, 0x5a, 0x18, 0x01, 0x6c, 0x00, 0x18, 0xf1, 0x1d, 0x07,
  0x97, 0x06, 0x91, 0x05, 0x90, 0x04, 0x63, 0x00, 0xef, 0x00, 0x65, 0xfc, 0x63,
  0x07, 0x62, 0x06, 0xd1, 0x05, 0xd0, 0x01, 0x69, 0x2b, 0xe9, 0x00, 0x6c, 0x81,
  0xf0, 0x0c, 0x68, 0x00, 0x18, 0xf1, 0x1d, 0x00, 0x18, 0x27, 0x1c, 0x90, 0x67,
  0xb1, 0x67, 0x00, 0x18, 0x4c, 0x18, 0x30, 0xf0, 0x20, 0x6b, 0x20, 0xf6, 0xd8,
  0x9b, 0x90, 0x67, 0xb1, 0x67, 0x4d, 0xee, 0x00, 0x18, 0x5a, 0x18, 0x00, 0x6c,
  0xa4, 0x67, 0xd1, 0x67, 0x30, 0xf0, 0x20, 0x68, 0x00, 0x18, 0x23, 0x18, 0x82,
  0xf4, 0x00, 0x48, 0x42, 0xf6, 0x4c, 0xc8, 0x01, 0x6c, 0x00, 0x6d, 0xd1, 0x67,
  0x00, 0x18, 0x23, 0x18, 0x42, 0xf6, 0x4e, 0xc8, 0x41, 0xf0, 0x00, 0x6c, 0xb1,
  0x67, 0x00, 0x6e, 0x00, 0x18, 0x5a, 0x18, 0x41, 0xf0, 0x04, 0x6c, 0xb1, 0x67,
  0x00, 0x6e, 0x00, 0x18, 0x5a, 0x18, 0x30, 0xf0, 0x20, 0x6a, 0x40, 0xf5, 0x60,
  0x9a, 0xfe, 0x6a, 0x00, 0x68, 0x80, 0xa3, 0x8c, 0xea, 0x40, 0xc3, 0x30, 0xf0,
  0x20, 0x6a, 0x21, 0xf0, 0x50, 0x9a, 0x30, 0xf0, 0x20, 0x6b, 0x21, 0xf0, 0x74,
  0x9b, 0x40, 0x9a, 0x6c, 0xea, 0x17, 0x22, 0xe0, 0xf3, 0x09, 0x70, 0x0c, 0x61,
  0x30, 0xf0, 0x20, 0x6a, 0x40, 0xf5, 0x68, 0x9a, 0x30, 0xf0, 0x20, 0x6c, 0x21,
  0xf0, 0x98, 0x9c, 0x40, 0x9b, 0x8d, 0xea, 0x40, 0xdb, 0x1c, 0x10, 0x32, 0x6c,
  0x00, 0x18, 0x58, 0x12, 0x01, 0x48, 0xff, 0xf7, 0x1f, 0x6a, 0x4c, 0xe8, 0xde,
  0x17, 0xe0, 0xf3, 0x08, 0x58, 0x11, 0x60, 0x01, 0x69, 0x61, 0xf0, 0x1c, 0x68,
  0x2b, 0xe9, 0x90, 0x67, 0xb1, 0x67, 0x00, 0x18, 0x4c, 0x18, 0x30, 0xf0, 0x20,
  0x6b, 0xa0, 0xf3, 0xc8, 0x9b, 0x90, 0x67, 0xb1, 0x67, 0x4d, 0xee, 0x00, 0x18,
  0x5a, 0x18, 0x00, 0x18, 0xc5, 0x06, 0x01, 0x72, 0x06, 0x61, 0x30, 0xf0, 0x20,
  0x6a, 0x80, 0xf4, 0x5c, 0x9a, 0x3f, 0x6b, 0x60, 0xc2, 0x30, 0xf0, 0x20, 0x6a,
  0x01, 0xf0, 0x7c, 0x9a, 0xfd, 0x6a, 0x80, 0xa3, 0x8c, 0xea, 0x40, 0xc3, 0x07,
  0x97, 0x06, 0x91, 0x05, 0x90, 0x04, 0x63, 0x00, 0xef, 0x30, 0xf0, 0x20, 0x6b,
  0x21, 0xf0, 0x7c, 0x9b, 0xff, 0x6a, 0x8c, 0xea, 0x60, 0x9b, 0x80, 0xf1, 0x01,
  0x6c, 0x8b, 0xec, 0x8c, 0xeb, 0x30, 0xf0, 0x20, 0x6c, 0x41, 0xf0, 0x80, 0x9c,
  0x01, 0x72, 0x80, 0x9c, 0x04, 0x60, 0x02, 0x72, 0x80, 0x6a, 0x03, 0x60, 0x03,
  0x10, 0xff, 0x6a, 0x01, 0x4a, 0x4d, 0xeb, 0x30, 0xf0, 0x20, 0x6a, 0x21, 0xf0,
  0x5c, 0x9a, 0x60, 0xda, 0x30, 0xf0, 0x20, 0x6a, 0x41, 0xf0, 0x44, 0x9a, 0x30,
  0xf0, 0x20, 0x6b, 0x41, 0xf0, 0x60, 0x9b, 0x8c, 0xea, 0x40, 0xdb, 0x30, 0xf0,
  0x20, 0x6b, 0x41, 0xf0, 0x68, 0x9b, 0x50, 0x6a, 0x40, 0xc3, 0x30, 0xf0, 0x20,
  0x6b, 0x41, 0xf0, 0x6c, 0x9b, 0x40, 0xc3, 0x20, 0xe8, 0xfd, 0x63, 0x05, 0x62,
  0x04, 0xd0, 0xff, 0x6a, 0x4c, 0xed, 0x04, 0x67, 0x01, 0x75, 0x86, 0x67, 0x4c,
  0xe8, 0x4c, 0xec, 0x03, 0x60, 0x03, 0x75, 0x0a, 0x6b, 0x01, 0x61, 0x09, 0x6b,
  0x30, 0xf0, 0x20, 0x6a, 0x41, 0xf0, 0x50, 0x9a, 0x0f, 0x6f, 0xac, 0xef, 0x70,
  0x33, 0xed, 0xeb, 0x60, 0xc2, 0x00, 0x18, 0x27, 0x1d, 0x30, 0xf0, 0x20, 0x6a,
  0x41, 0xf0, 0x54, 0x9a, 0x24, 0x58, 0x60, 0xa2, 0x7f, 0x6a, 0x6c, 0xea, 0x05,
  0x61, 0x80, 0x6b, 0x6b, 0xeb, 0x6d, 0xea, 0xff, 0x6b, 0x6c, 0xea, 0x30, 0xf0,
  0x20, 0x6b, 0x41, 0xf0, 0x74, 0x9b, 0x40, 0xc3, 0x05, 0x97, 0x04, 0x90, 0x03,
  0x63, 0x00, 0xef, 0x00, 0x65, 0x30, 0xf0, 0x20, 0x6a, 0xc0, 0xf3, 0x98, 0x9a,
  0x04, 0x6b, 0x40, 0xa4, 0x4c, 0xeb, 0x04, 0x6a, 0x06, 0x23, 0x60, 0xa4, 0x02,
  0x6a, 0x6c, 0xea, 0x01, 0x5a, 0x58, 0x67, 0x01, 0x4a, 0x20, 0xe8, 0x30, 0xf0,
  0x20, 0x6b, 0x00, 0xf5, 0x60, 0x9b, 0xff, 0xf7, 0x1f, 0x6a, 0x8c, 0xea, 0x40,
  0xcb, 0x30, 0xf0, 0x20, 0x6a, 0xc0, 0xf3, 0x78, 0x9a, 0x82, 0x34, 0x10, 0x6a,
  0xc0, 0xa3, 0x4b, 0xea, 0x92, 0x34, 0x4c, 0xec, 0x0f, 0x6a, 0xcc, 0xea, 0xff,
  0x6d, 0x4d, 0xec, 0xac, 0xec, 0x80, 0xc3, 0x40, 0xa3, 0x01, 0x6c, 0xac, 0xea,
  0x8d, 0xea, 0xac, 0xea, 0x40, 0xc3, 0x20, 0xe8, 0x00, 0x65, 0x07, 0x6a, 0x8c,
  0xea, 0x05, 0x22, 0xff, 0xf7, 0x18, 0x6a, 0x8c, 0xea, 0x08, 0x4a, 0x20, 0xe8,
  0xff, 0xf7, 0x18, 0x6a, 0x8c, 0xea, 0x20, 0xe8, 0xfc, 0x63, 0x07, 0x62, 0x06,
  0xd1, 0x05, 0xd0, 0x04, 0x67, 0x06, 0x4c, 0xb1, 0xe4, 0x25, 0x67, 0x00, 0x18,
  0xc2, 0x11, 0x86, 0x72, 0x00, 0x6a, 0x08, 0x61, 0x87, 0x40, 0x31, 0xe4, 0x00,
  0x18, 0xc2, 0x11, 0xdd, 0x6b, 0x6e, 0xea, 0x01, 0x5a, 0x58, 0x67, 0x07, 0x97,
  0x06, 0x91, 0x05, 0x90, 0x04, 0x63, 0x00, 0xef, 0xfa, 0x63, 0x0b, 0x62, 0x0a,
  0xd1, 0x09, 0xd0, 0x30, 0xf0, 0x20, 0x6a, 0xa0, 0xf4, 0x54, 0x9a, 0x0c, 0xd4,
  0xff, 0x6b, 0x20, 0x9a, 0x30, 0xf0, 0x20, 0x6a, 0xc0, 0xf3, 0x50, 0x9a, 0x40,
  0xa2, 0x82, 0x67, 0x6c, 0xec, 0x30, 0xf0, 0x20, 0x6a, 0x05, 0xd4, 0x62, 0xf5,
  0x81, 0xa2, 0x01, 0x6a, 0x8c, 0xea, 0x6c, 0xea, 0x00, 0x6b, 0x04, 0xd3, 0x36,
  0x2a, 0x39, 0x10, 0x81, 0x41, 0x00, 0x18, 0xc2, 0x11, 0x02, 0x67, 0x91, 0x67,
  0x00, 0x18, 0xc2, 0x11, 0x00, 0x30, 0x82, 0x41, 0x4d, 0xe8, 0xe7, 0xf7, 0x1f,
  0x6a, 0x4c, 0xe8, 0x00, 0x18, 0xc2, 0x11, 0x83, 0x41, 0x06, 0xd2, 0x00, 0x18,
  0xc2, 0x11, 0x03, 0x6b, 0x4c, 0xeb, 0x87, 0x43, 0x06, 0x93, 0x0f, 0x6a, 0x11,
  0x4c, 0x6c, 0xea, 0x4c, 0x32, 0x51, 0xe4, 0x91, 0xe0, 0xff, 0xf7, 0x1f, 0x6a,
  0x4c, 0xec, 0x00, 0x18, 0x72, 0x1d, 0xff, 0xf7, 0x1f, 0x6b, 0x0c, 0x94, 0x6c,
  0xea, 0x45, 0xe1, 0x23, 0xec, 0x02, 0x60, 0x8f, 0xea, 0x45, 0xe1, 0x91, 0x67,
  0x00, 0x18, 0x62, 0x1d, 0x04, 0x92, 0x01, 0x4a, 0x04, 0xd2, 0x04, 0x93, 0xff,
  0x6a, 0x4c, 0xeb, 0x04, 0xd3, 0x04, 0x94, 0x05, 0x92, 0x43, 0xec, 0xc7, 0x61,
  0x0b, 0x97, 0x0a, 0x91, 0x09, 0x90, 0x06, 0x63, 0x00, 0xef, 0xff, 0x6a, 0x4c,
  0xec, 0x07, 0x6b, 0x8c, 0xeb, 0x4c, 0xed, 0x8e, 0x34, 0x42, 0xf4, 0x10, 0x4c,
  0x36, 0x25, 0x1f, 0xf7, 0x00, 0x6d, 0x8c, 0xed, 0x02, 0xf0, 0x00, 0x75, 0x01,
  0x60, 0x21, 0x2d, 0x1f, 0xf7, 0x00, 0x6a, 0x8c, 0xea, 0x02, 0xf0, 0x00, 0x72,
  0x01, 0x60, 0x07, 0x2a, 0x30, 0xf0, 0x20, 0x6a, 0x00, 0xf5, 0xbc, 0x9a, 0xb5,
  0xe4, 0x80, 0xa5, 0x0b, 0x10, 0x30, 0xf0, 0x20, 0x6a, 0x00, 0xf5, 0xbc, 0x9a,
  0x30, 0xf0, 0x20, 0x6a, 0x20, 0xf5, 0x40, 0x9a, 0xb5, 0xe4, 0x51, 0xe4, 0x80,
  0xa4, 0x00, 0xf6, 0x80, 0x34, 0x01, 0x6a, 0x00, 0xf6, 0x83, 0x34, 0x44, 0xeb,
  0x8d, 0xea, 0x36, 0x10, 0x30, 0xf0, 0x20, 0x6d, 0x20, 0xf5, 0xa0, 0x9d, 0x01,
  0x6e, 0xc4, 0xeb, 0xb1, 0xe4, 0xa0, 0xa4, 0x00, 0xf6, 0xa0, 0x35, 0x00, 0xf6,
  0xa3, 0x35, 0xcd, 0xed, 0x3a, 0x10, 0x1f, 0xf7, 0x00, 0x6d, 0x8c, 0xed, 0x02,
  0xf0, 0x00, 0x75, 0x01, 0x60, 0x25, 0x2d, 0x1f, 0xf7, 0x00, 0x6a, 0x8c, 0xea,
  0x02, 0xf0, 0x00, 0x72, 0x01, 0x60, 0x07, 0x2a, 0x30, 0xf0, 0x20, 0x6a, 0x00,
  0xf5, 0xbc, 0x9a, 0xb5, 0xe4, 0x80, 0xa5, 0x0b, 0x10, 0x30, 0xf0, 0x20, 0x6a,
  0x00, 0xf5, 0xbc, 0x9a, 0x30, 0xf0, 0x20, 0x6a, 0x20, 0xf5, 0x40, 0x9a, 0xb5,
  0xe4, 0x51, 0xe4, 0x80, 0xa4, 0x01, 0x6a, 0x00, 0xf6, 0x80, 0x34, 0x44, 0xeb,
  0x00, 0xf6, 0x83, 0x34, 0x4f, 0xea, 0x8c, 0xea, 0xff, 0x6b, 0x6c, 0xea, 0x40,
  0xc5, 0x20, 0xe8, 0x30, 0xf0, 0x20, 0x6d, 0x20, 0xf5, 0xa0, 0x9d, 0x01, 0x6e,
  0xc4, 0xeb, 0xb1, 0xe4, 0xa0, 0xa4, 0xcf, 0xee, 0x00, 0xf6, 0xa0, 0x35, 0x00,
  0xf6, 0xa3, 0x35, 0xcc, 0xed, 0x4c, 0xed, 0xa0, 0xc4, 0x20, 0xe8, 0x01, 0x74,
  0x1c, 0x60, 0x05, 0x24, 0x02, 0x74, 0x0e, 0x60, 0x03, 0x74, 0x27, 0x60, 0x20,
  0xe8, 0x30, 0xf0, 0x20, 0x6a, 0x41, 0xf0, 0x78, 0x9a, 0x30, 0xf0, 0x20, 0x6c,
  0x41, 0xf0, 0x9c, 0x9c, 0x40, 0x9b, 0x8c, 0xea, 0x40, 0xdb, 0x30, 0xf0, 0x20,
  0x6a, 0x61, 0xf0, 0x60, 0x9a, 0x30, 0xf0, 0x20, 0x6c, 0x40, 0xf5, 0x94, 0x9c,
  0x40, 0x9b, 0x8c, 0xea, 0x1a, 0x10, 0x30, 0xf0, 0x20, 0x6a, 0x41, 0xf0, 0x78,
  0x9a, 0x30, 0xf0, 0x20, 0x6c, 0x41, 0xf0, 0x9c, 0x9c, 0x40, 0x9b, 0x8c, 0xea,
  0x30, 0xf0, 0x20, 0x6c, 0x40, 0xf4, 0x98, 0x9c, 0x8d, 0xea, 0x40, 0xdb, 0x30,
  0xf0, 0x20, 0x6a, 0x61, 0xf0, 0x60, 0x9a, 0x30, 0xf0, 0x20, 0x6c, 0x40, 0xf5,
  0x90, 0x9c, 0x40, 0x9b, 0x8d, 0xea, 0x40, 0xdb, 0x20, 0xe8, 0xff, 0x63, 0x01,
  0xd0, 0xff, 0x6a, 0x4c, 0xed, 0x4c, 0xee, 0x4c, 0xef, 0x30, 0xf0, 0x20, 0x6a,
  0x80, 0xf4, 0x54, 0x9a, 0xff, 0xf7, 0x1f, 0x6b, 0x6c, 0xec, 0x00, 0xaa, 0xe1,
  0xf7, 0x1f, 0x6a, 0x0c, 0xea, 0x30, 0xf0, 0x20, 0x68, 0x80, 0xf4, 0x10, 0x98,
  0x51, 0xe4, 0x6c, 0xec, 0x80, 0xc8, 0x80, 0x32, 0x30, 0xf0, 0x20, 0x6c, 0x61,
  0xf0, 0x84, 0x9c, 0x30, 0xf0, 0x20, 0x68, 0x61, 0xf0, 0x08, 0x98, 0x91, 0xe2,
  0x80, 0xac, 0x01, 0xe2, 0x00, 0x98, 0x6c, 0xec, 0x05, 0x25, 0x10, 0xf0, 0x00,
  0x6d, 0xab, 0xed, 0xad, 0xec, 0x6c, 0xec, 0xd8, 0xf0, 0x00, 0x6b, 0x8c, 0xeb,
  0x30, 0xf0, 0x20, 0x6c, 0x61, 0xf0, 0x84, 0x9c, 0x91, 0xe2, 0x60, 0xcc, 0x30,
  0xf0, 0x20, 0x6b, 0x61, 0xf0, 0x6c, 0x9b, 0x6d, 0xe2, 0x80, 0xa3, 0x01, 0x6b,
  0x8c, 0xeb, 0x05, 0x23, 0x03, 0xf7, 0x01, 0x6b, 0x6b, 0xeb, 0x0c, 0xeb, 0x06,
  0x10, 0x1f, 0xf7, 0x01, 0x6b, 0x6b, 0xeb, 0x0c, 0xeb, 0xe0, 0x37, 0xed, 0xeb,
  0x30, 0xf0, 0x20, 0x6c, 0x61, 0xf0, 0x90, 0x9c, 0x80, 0xf4, 0xc0, 0x36, 0x6c,
  0xec, 0x30, 0xf0, 0x20, 0x6b, 0xe0, 0xf3, 0x70, 0x9b, 0x6d, 0xee, 0x30, 0xf0,
  0x20, 0x6b, 0x61, 0xf0, 0x68, 0x9b, 0x8d, 0xee, 0x6d, 0xe2, 0xc0, 0xdb, 0x30,
  0xf0, 0x20, 0x6b, 0x80, 0xf4, 0x88, 0x9b, 0xf7, 0x6b, 0x91, 0xe2, 0xa0, 0xa4,
  0xac, 0xeb, 0x60, 0xc4, 0x01, 0x90, 0x01, 0x63, 0x20, 0xe8, 0xfb, 0x63, 0x09,
  0x62, 0x08, 0xd1, 0x07, 0xd0, 0xff, 0xf7, 0x1f, 0x6b, 0xac, 0xeb, 0x05, 0xd3,
  0x30, 0xf0, 0x20, 0x6b, 0x80, 0xf4, 0x74, 0x9b, 0xff, 0x6a, 0x8c, 0xea, 0x80,
  0xab, 0xe1, 0xf7, 0x1f, 0x6b, 0x00, 0x68, 0x8c, 0xeb, 0x69, 0xe2, 0x30, 0xf0,
  0x20, 0x6b, 0x61, 0xf0, 0x94, 0x9b, 0x40, 0x32, 0x91, 0xe2, 0x04, 0xd4, 0x18,
  0x10, 0x04, 0x92, 0x20, 0x9a, 0x07, 0x28, 0x01, 0x6d, 0x83, 0xf1, 0x18, 0x6c,
  0xab, 0xed, 0xd1, 0x67, 0x00, 0x18, 0x5a, 0x18, 0x01, 0x6d, 0x83, 0xf1, 0x18,
  0x6c, 0xab, 0xed, 0xd1, 0x67, 0x00, 0x18, 0x5a, 0x18, 0x04, 0x93, 0x01, 0x48,
  0xff, 0xf7, 0x1f, 0x6a, 0x04, 0x4b, 0x4c, 0xe8, 0x04, 0xd3, 0x05, 0x92, 0x43,
  0xe8, 0xe5, 0x61, 0x09, 0x97, 0x08, 0x91, 0x07, 0x90, 0x05, 0x63, 0x00, 0xef,
  0x30, 0xf0, 0x20, 0x6a, 0x82, 0xf4, 0x00, 0x4a, 0x05, 0x6b, 0x62, 0xf7, 0x78,
  0xda, 0x09, 0x6b, 0x62, 0xf7, 0x74, 0xda, 0x20, 0xe8, 0x00, 0x65, 0x30, 0xf0,
  0x20, 0x6a, 0x00, 0xf6, 0xb4, 0x9a, 0x03, 0x6a, 0x30, 0xf0, 0x20, 0x6b, 0x40,
  0xc5, 0x30, 0xf0, 0x20, 0x6a, 0x00, 0xf6, 0x98, 0x9a, 0x30, 0xf0, 0x20, 0x6a,
  0x00, 0xf6, 0xdc, 0x9a, 0x30, 0xf0, 0x20, 0x6a, 0x20, 0xf6, 0x40, 0x9a, 0x20,
  0xf6, 0x64, 0x9b, 0x02, 0x6f, 0xc0, 0xdc, 0x60, 0xda, 0xe0, 0xc5, 0x01, 0x6f,
  0xc0, 0xdc, 0x60, 0xda, 0xe0, 0xc5, 0x30, 0xf0, 0x20, 0x6f, 0x20, 0xf6, 0xe8,
  0x9f, 0xe0, 0xdc, 0x00, 0x6f, 0x60, 0xda, 0xe0, 0xc5, 0xc0, 0xdc, 0x60, 0xda,
  0x20, 0xe8, 0x00, 0x65, 0x30, 0xf0, 0x20, 0x6b, 0xa0, 0xf5, 0x74, 0x9b, 0xff,
  0x6a, 0x4c, 0xec, 0x94, 0x34, 0x71, 0xe4, 0x60, 0xa4, 0x6c, 0xea, 0x20, 0xe8,
  0x00, 0x65, 0xe5, 0x63, 0x35, 0x62, 0x34, 0xd1, 0x33, 0xd0, 0x30, 0xf0, 0x20,
  0x6d, 0x07, 0x04, 0x20, 0xf2, 0x18, 0x4d, 0x54, 0x6e, 0x00, 0x18, 0xfc, 0x11,
  0x30, 0xf0, 0x20, 0x6d, 0xe0, 0xf1, 0x04, 0x4d, 0x1c, 0x04, 0x54, 0x6e, 0x00,
  0x18, 0xfc, 0x11, 0x30, 0xf0, 0x20, 0x6a, 0xc0, 0xf1, 0x78, 0x9a, 0xc0, 0xf1,
  0x18, 0x4a, 0x00, 0x6d, 0x04, 0xd3, 0x61, 0x9a, 0x44, 0xaa, 0x05, 0xd3, 0x7d,
  0x67, 0x4c, 0xcb, 0x2a, 0x6a, 0x58, 0xed, 0x30, 0xf0, 0x20, 0x6b, 0x25, 0xf7,
  0x0c, 0x4b, 0x04, 0x6f, 0x31, 0x69, 0x2b, 0xe9, 0x00, 0x6e, 0x01, 0x4d, 0x12,
  0xea, 0x49, 0xe3, 0x49, 0x6b, 0x1b, 0x65, 0x60, 0xc2, 0x2c, 0x6b, 0x91, 0xa2,
  0x63, 0xc2, 0x09, 0x6b, 0x64, 0xc2, 0x0d, 0x6b, 0x6b, 0xeb, 0x8c, 0xeb, 0x04,
  0x6c, 0x8b, 0xec, 0x8c, 0xeb, 0x92, 0xa2, 0x16, 0xa2, 0xc1, 0xc2, 0x8d, 0xef,
  0x02, 0x6c, 0x8b, 0xec, 0x0c, 0xec, 0x1e, 0xa2, 0x96, 0xc2, 0x03, 0x6c, 0x8b,
  0xec, 0x0c, 0xec, 0x41, 0x68, 0x0b, 0xe8, 0xf8, 0x65, 0x0c, 0xec, 0x14, 0xa2,
  0xdd, 0xc2, 0xd5, 0xc2, 0x2c, 0xe8, 0x3f, 0x67, 0x2c, 0xef, 0xf2, 0xc2, 0xee,
  0xa2, 0xc9, 0xc2, 0xd9, 0xc2, 0x21, 0x6e, 0xff, 0x65, 0xcb, 0xee, 0x08, 0x6f,
  0xcc, 0xec, 0xeb, 0xef, 0x3f, 0x67, 0xec, 0xe9, 0xd0, 0xa2, 0x9e, 0xc2, 0x98,
  0x67, 0x2e, 0xc2, 0x87, 0xc2, 0x33, 0xa2, 0x80, 0x6c, 0x8b, 0xec, 0x8d, 0xee,
  0xd0, 0xc2, 0xf9, 0x65, 0x31, 0x6e, 0xcb, 0xee, 0x3f, 0x67, 0x2c, 0xef, 0xcc,
  0xeb, 0x10, 0x6e, 0xf3, 0xc2, 0xcd, 0xeb, 0x10, 0x6f, 0x40, 0x6e, 0xeb, 0xef,
  0xcd, 0xeb, 0xec, 0xe8, 0x8d, 0xeb, 0x14, 0xc2, 0x71, 0xc2, 0xff, 0x6a, 0x4c,
  0xed, 0x80, 0x75, 0xa4, 0x61, 0xf8, 0x67, 0x30, 0xf0, 0x20, 0x6a, 0xab, 0xf0,
  0xe3, 0xc2, 0x00, 0x18, 0xc0, 0x22, 0x00, 0x18, 0x66, 0x1e, 0x30, 0xf0, 0x20,
  0x6a, 0x20, 0xf6, 0x54, 0x9a, 0x3b, 0x6b, 0x30, 0xf0, 0x20, 0x6c, 0x60, 0xc2,
  0x1c, 0x05, 0x28, 0xf4, 0x0c, 0x4c, 0x54, 0x6e, 0x00, 0x18, 0x69, 0x12, 0x30,
  0xf0, 0x20, 0x6c, 0x07, 0x05, 0x88, 0xf4, 0x00, 0x4c, 0x54, 0x6e, 0x00, 0x18,
  0x69, 0x12, 0x30, 0xf0, 0x20, 0x6c, 0x68, 0xf6, 0x1c, 0x4c, 0x04, 0x05, 0x0a,
  0x6e, 0x00, 0x18, 0x69, 0x12, 0x35, 0x97, 0x34, 0x91, 0x33, 0x90, 0x1b, 0x63,
  0x00, 0xef, 0x00, 0x65, 0xfd, 0x63, 0x05, 0x62, 0x04, 0xd0, 0xff, 0x68, 0xac,
  0xe8, 0xd0, 0x67, 0x41, 0xf4, 0x10, 0x6c, 0x7f, 0x6d, 0x00, 0x18, 0x5a, 0x18,
  0xd0, 0x67, 0x41, 0xf6, 0x10, 0x6c, 0x7f, 0x6d, 0x00, 0x18, 0x5a, 0x18, 0x05,
  0x97, 0x04, 0x90, 0x03, 0x63, 0x00, 0xef, 0x00, 0x65, 0xfd, 0x63, 0x05, 0x62,
  0x85, 0x67, 0xa6, 0x67, 0xc7, 0x67, 0x00, 0x18, 0xfc, 0x11, 0x05, 0x97, 0x03,
  0x63, 0x00, 0xef, 0xfc, 0x63, 0x07, 0x62, 0x06, 0xd1, 0x05, 0xd0, 0x1f, 0xf7,
  0x00, 0x6a, 0xac, 0xea, 0x02, 0xf0, 0x00, 0x72, 0x26, 0x67, 0x01, 0x60, 0x05,
  0x2a, 0x30, 0xf0, 0x20, 0x6a, 0x00, 0xf5, 0x5c, 0x9a, 0x04, 0x10, 0x30, 0xf0,
  0x20, 0x6a, 0x20, 0xf5, 0x40, 0x9a, 0x55, 0xe5, 0x00, 0x9d, 0x91, 0x67, 0x00,
  0x18, 0x82, 0x11, 0x2c, 0xe8, 0x06, 0xea, 0x50, 0x67, 0x07, 0x97, 0x06, 0x91,
  0x05, 0x90, 0x04, 0x63, 0x00, 0xef, 0xfb, 0x63, 0x09, 0x62, 0x08, 0xd1, 0x07,
  0xd0, 0x46, 0x67, 0x01, 0x4a, 0x05, 0x67, 0x0c, 0xd6, 0x27, 0x67, 0x1c, 0x22,
  0x1f, 0xf7, 0x00, 0x6a, 0xac, 0xea, 0x02, 0xf0, 0x00, 0x72, 0x01, 0x60, 0x05,
  0x2a, 0x30, 0xf0, 0x20, 0x6a, 0x00, 0xf5, 0x5c, 0x9a, 0x04, 0x10, 0x30, 0xf0,
  0x20, 0x6a, 0x20, 0xf5, 0x40, 0x9a, 0x49, 0xe0, 0x40, 0x9a, 0x0c, 0x94, 0x04,
  0xd2, 0x00, 0x18, 0x82, 0x11, 0x0c, 0x93, 0x24, 0xea, 0x6f, 0xea, 0x04, 0x93,
  0x6c, 0xea, 0x4d, 0xe9, 0x1f, 0xf7, 0x00, 0x6a, 0x0c, 0xea, 0x02, 0xf0, 0x00,
  0x72, 0x01, 0x60, 0x05, 0x2a, 0x30, 0xf0, 0x20, 0x6a, 0x00, 0xf5, 0x5c, 0x9a,
  0x04, 0x10, 0x30, 0xf0, 0x20, 0x6a, 0x20, 0xf5, 0x40, 0x9a, 0x41, 0xe0, 0x20,
  0xd8, 0x09, 0x97, 0x08, 0x91, 0x07, 0x90, 0x05, 0x63, 0x00, 0xef, 0x00, 0x65,
  0xfd, 0x63, 0x05, 0x62, 0x06, 0xd4, 0x06, 0x04, 0x09, 0xd7, 0x07, 0xd5, 0x08,
  0xd6, 0x00, 0x18, 0x87, 0x12, 0x05, 0x97, 0x03, 0x63, 0x00, 0xef, 0xfd, 0x63,
  0x05, 0x62, 0x30, 0xf0, 0x20, 0x6a, 0x82, 0xf4, 0x00, 0x4a, 0x00, 0x6b, 0x82,
  0xf7, 0x60, 0xc2, 0x30, 0xf0, 0x20, 0x6b, 0x05, 0xf4, 0x00, 0x4b, 0xa2, 0xf7,
  0x60, 0xda, 0x00, 0x6a, 0x30, 0xf0, 0x20, 0x6b, 0xa0, 0xf5, 0x70, 0x9b, 0x54,
  0x34, 0x01, 0x4a, 0x71, 0xe4, 0xa0, 0xa4, 0xf8, 0x6b, 0xac, 0xeb, 0x60, 0xc4,
  0xff, 0x6b, 0x6c, 0xea, 0x80, 0x72, 0xf1, 0x61, 0x00, 0x18, 0x60, 0x1e, 0x00,
  0x18, 0x81, 0x1e, 0x00, 0x18, 0xac, 0x30, 0x05, 0x97, 0x03, 0x63, 0x00, 0xef,
  0xfb, 0x63, 0x09, 0xd1, 0x08, 0xd0, 0x0a, 0xd4, 0x44, 0x67, 0x82, 0x10, 0x25,
  0x73, 0x04, 0x60, 0x60, 0xa5, 0x60, 0xc2, 0x01, 0x4a, 0x7b, 0x10, 0x61, 0x85,
  0x62, 0x73, 0x7d, 0x67, 0x20, 0x61, 0x62, 0x85, 0x78, 0x73, 0x03, 0x60, 0x58,
  0x73, 0x7d, 0x67, 0x1a, 0x61, 0x82, 0x85, 0x60, 0xa6, 0x78, 0x6f, 0xee, 0xec,
  0x30, 0xf0, 0x20, 0x6f, 0x72, 0x30, 0x61, 0xf0, 0x18, 0x4f, 0xe1, 0xe0, 0x00,
  0xa0, 0x01, 0x5c, 0x98, 0x67, 0x94, 0x34, 0x8d, 0xe8, 0x3d, 0x67, 0x00, 0xc1,
  0x0f, 0x68, 0x6c, 0xe8, 0xfd, 0xe0, 0x60, 0xa7, 0x02, 0x4d, 0x8d, 0xeb, 0x61,
  0xc1, 0x00, 0xf0, 0x02, 0x03, 0x81, 0x85, 0x77, 0x74, 0x26, 0x61, 0x82, 0x85,
  0x78, 0x74, 0x02, 0x60, 0x58, 0x74, 0x21, 0x61, 0x80, 0xae, 0x06, 0xd3, 0x07,
  0xd4, 0x82, 0x85, 0x78, 0x74, 0xf8, 0x67, 0x01, 0x5f, 0x18, 0x67, 0x14, 0x30,
  0x18, 0x65, 0x0c, 0x6c, 0x07, 0x97, 0x0f, 0x68, 0x30, 0xf0, 0x20, 0x69, 0xe7,
  0xec, 0x0c, 0xef, 0x61, 0xf0, 0x18, 0x49, 0x3d, 0xe7, 0xe0, 0xa7, 0x06, 0x90,
  0x38, 0x67, 0x2d, 0xef, 0xfc, 0x4c, 0xe0, 0xc0, 0x01, 0x48, 0xe4, 0x44, 0x06,
  0xd0, 0xed, 0x2f, 0x04, 0x4b, 0x02, 0x4d, 0x25, 0x10, 0x81, 0x85, 0x78, 0x74,
  0x02, 0x60, 0x58, 0x74, 0x20, 0x61, 0x81, 0x85, 0x20, 0x9e, 0x06, 0xd3, 0x78,
  0x74, 0x98, 0x67, 0x01, 0x5c, 0xf8, 0x67, 0xf4, 0x37, 0x07, 0xd1, 0x1f, 0x65,
  0x1c, 0x6c, 0x07, 0x97, 0x0f, 0x68, 0x30, 0xf0, 0x20, 0x69, 0xe6, 0xec, 0x0c,
  0xef, 0x61, 0xf0, 0x18, 0x49, 0x3d, 0xe7, 0xe0, 0xa7, 0x06, 0x91, 0x18, 0x67,
  0x0d, 0xef, 0xfc, 0x4c, 0xe0, 0xc1, 0x01, 0x49, 0xe4, 0x44, 0x06, 0xd1, 0xed,
  0x2f, 0x08, 0x4b, 0x01, 0x4d, 0x9d, 0x67, 0x04, 0x10, 0xe0, 0xa4, 0x01, 0x4c,
  0xe0, 0xc2, 0x01, 0x4a, 0x63, 0xec, 0xfa, 0x61, 0x04, 0x4e, 0x01, 0x4d, 0x60,
  0x85, 0x7f, 0xf7, 0x1b, 0x2b, 0x0a, 0x94, 0x01, 0x24, 0x60, 0xc2, 0x0a, 0x97,
  0x09, 0x91, 0x08, 0x90, 0xeb, 0xe2, 0x05, 0x63, 0x20, 0xe8, 0xfb, 0x63, 0x09,
  0x62, 0x08, 0xd0, 0x60, 0xa4, 0x41, 0xa4, 0x82, 0xa4, 0x00, 0xf0, 0x12, 0x06,
  0x00, 0xf0, 0x1e, 0x07, 0x00, 0x6d, 0xa0, 0xc6, 0x01, 0x4e, 0xa6, 0x67, 0xee,
  0xed, 0xfa, 0x2d, 0x01, 0x6e, 0xe4, 0x67, 0xcc, 0xef, 0x1d, 0x27, 0x81, 0x5b,
  0x1b, 0x61, 0x81, 0x5a, 0x19, 0x61, 0x5d, 0x67, 0xd2, 0xc2, 0x30, 0xf0, 0x20,
  0x6a, 0x82, 0xf4, 0x00, 0x4a, 0x08, 0xf2, 0x70, 0x9a, 0x9d, 0x67, 0xdd, 0x67,
  0x73, 0xc4, 0x62, 0x34, 0x00, 0xf6, 0x62, 0x33, 0x76, 0xc6, 0x0d, 0x6b, 0x94,
  0xc6, 0x70, 0xc6, 0x82, 0x34, 0x05, 0x6b, 0x95, 0xc6, 0x6f, 0xce, 0x08, 0xf2,
  0xb0, 0xda, 0xa0, 0x10, 0x02, 0x6e, 0xa4, 0x67, 0xcc, 0xed, 0x44, 0x25, 0xfd,
  0x67, 0x81, 0x5b, 0xd2, 0xc7, 0x18, 0x60, 0x84, 0xf1, 0xa4, 0x43, 0x30, 0xf0,
  0x20, 0x6c, 0x04, 0xf1, 0x04, 0x4b, 0x82, 0xf4, 0x00, 0x4c, 0x64, 0x33, 0xa4,
  0x35, 0x95, 0xe5, 0x91, 0xe3, 0x66, 0xac, 0xc6, 0xad, 0x75, 0xc7, 0x62, 0x33,
  0xd3, 0xc7, 0x76, 0xc7, 0xc2, 0x36, 0x00, 0x6b, 0x66, 0xcd, 0xd4, 0xc7, 0x66,
  0xcc, 0x04, 0x10, 0x16, 0x6b, 0x6b, 0xeb, 0x1d, 0x67, 0x73, 0xc0, 0x81, 0x5a,
  0x19, 0x60, 0x84, 0xf1, 0x84, 0x42, 0x30, 0xf0, 0x20, 0x6b, 0x04, 0xf1, 0x04,
  0x4a, 0x82, 0xf4, 0x00, 0x4b, 0x44, 0x32, 0x84, 0x34, 0x71, 0xe4, 0x6d, 0xe2,
  0x46, 0xab, 0xa6, 0xac, 0xdd, 0x67, 0x59, 0xc6, 0x42, 0x32, 0xb7, 0xc6, 0x5a,
  0xc6, 0xa2, 0x35, 0x00, 0x6a, 0x46, 0xcc, 0xb8, 0xc6, 0x46, 0xcb, 0x04, 0x10,
  0x16, 0x6a, 0x4b, 0xea, 0xfd, 0x67, 0x57, 0xc7, 0x0d, 0x6a, 0x1d, 0x67, 0x50,
  0xc0, 0x09, 0x6a, 0x52, 0x10, 0x53, 0x2c, 0x81, 0x5b, 0x22, 0x60, 0xbd, 0x67,
  0x72, 0xc5, 0x04, 0xf0, 0xc4, 0x43, 0x30, 0xf0, 0x20, 0x6d, 0x82, 0xf4, 0x00,
  0x4d, 0xc4, 0x36, 0xb9, 0xe6, 0xe4, 0xae, 0x1d, 0x67, 0xf3, 0xc0, 0xe2, 0x37,
  0xf4, 0xc0, 0x84, 0xf0, 0xe4, 0x43, 0xe4, 0x37, 0xb5, 0xe7, 0xe4, 0xad, 0x74,
  0x33, 0xf5, 0xc0, 0xe2, 0x37, 0xf6, 0xc0, 0x30, 0xf0, 0x20, 0x6f, 0xa0, 0xf5,
  0xf4, 0x9f, 0xed, 0xe3, 0x60, 0xa3, 0x84, 0xce, 0x84, 0xcd, 0x77, 0xc0, 0x02,
  0x10, 0x9d, 0x67, 0x72, 0xc4, 0x81, 0x5a, 0x23, 0x60, 0x04, 0xf0, 0x84, 0x42,
  0x30, 0xf0, 0x20, 0x6b, 0x82, 0xf4, 0x00, 0x4b, 0x84, 0x34, 0x71, 0xe4, 0xbd,
  0x67, 0x58, 0xc5, 0xa4, 0xac, 0xdd, 0x67, 0xb9, 0xc6, 0xa2, 0x35, 0xba, 0xc6,
  0x84, 0xf0, 0xa4, 0x42, 0xa4, 0x35, 0x6d, 0xe5, 0xa4, 0xab, 0x54, 0x32, 0xbb,
  0xc6, 0xa2, 0x35, 0xbc, 0xc6, 0x30, 0xf0, 0x20, 0x6d, 0xa0, 0xf5, 0xb4, 0x9d,
  0xa9, 0xe2, 0x40, 0xa2, 0x5d, 0xc6, 0x00, 0x6a, 0x44, 0xcc, 0x44, 0xcb, 0x02,
  0x10, 0xfd, 0x67, 0x58, 0xc7, 0x04, 0x6a, 0x1d, 0x67, 0x50, 0xc0, 0x0c, 0x6a,
  0x4f, 0xc8, 0x04, 0x10, 0x7d, 0x67, 0x04, 0x6a, 0x50, 0xc3, 0xaf, 0xcb, 0x04,
  0x04, 0x00, 0x18, 0x87, 0x12, 0x09, 0x97, 0x08, 0x90, 0x05, 0x63, 0x00, 0xef,
  0xf8, 0x63, 0x0f, 0x62, 0x0e, 0xd1, 0x0d, 0xd0, 0x00, 0x6a, 0x10, 0xd4, 0x01,
  0x68, 0x62, 0x67, 0xa0, 0xa4, 0x0e, 0x25, 0xff, 0x6d, 0x01, 0x4b, 0xac, 0xeb,
  0x01, 0x4a, 0x0b, 0x73, 0xac, 0xea, 0x03, 0x61, 0x01, 0x48, 0xac, 0xe8, 0x00,
  0x6b, 0x37, 0x72, 0x01, 0x4c, 0xf1, 0x61, 0x37, 0x6a, 0x30, 0xf0, 0x20, 0x6b,
  0x82, 0xf4, 0x00, 0x4b, 0x06, 0xf2, 0x86, 0xa3, 0x0f, 0x5c, 0x01, 0x4c, 0x01,
  0x61, 0x00, 0x6c, 0x06, 0xf2, 0x86, 0xc3, 0x30, 0xf0, 0x20, 0x6b, 0x88, 0xf6,
  0x66, 0xa3, 0x0b, 0x6d, 0x2f, 0x40, 0x70, 0x33, 0x0a, 0xd3, 0x0a, 0x94, 0xff,
  0x6b, 0x6c, 0xe9, 0x6c, 0xec, 0x0a, 0xd4, 0x01, 0x6c, 0x13, 0xe4, 0xb8, 0xec,
  0x12, 0xec, 0x91, 0xe2, 0x6c, 0xec, 0x09, 0xd4, 0x00, 0x6a, 0x01, 0x4c, 0x0b,
  0xd4, 0x08, 0xd2, 0x3c, 0x10, 0x08, 0x94, 0x0b, 0x6b, 0x0a, 0x95, 0x78, 0xec,
  0x9d, 0x67, 0x12, 0xeb, 0x4c, 0xeb, 0x0f, 0x6a, 0x2c, 0xea, 0xad, 0xea, 0x08,
  0x95, 0x52, 0xc4, 0x4f, 0x40, 0xae, 0xea, 0x07, 0x22, 0x10, 0x92, 0x00, 0xf0,
  0x1e, 0x04, 0x6d, 0xe2, 0x00, 0xf0, 0x13, 0x02, 0x0f, 0x10, 0x10, 0x94, 0x09,
  0x95, 0x00, 0xf0, 0x13, 0x02, 0x6d, 0xe4, 0xb1, 0xe2, 0x04, 0x10, 0xa0, 0xa3,
  0x01, 0x4b, 0xa0, 0xc2, 0x01, 0x4a, 0x8a, 0xea, 0xfa, 0x61, 0x0b, 0x92, 0x07,
  0x10, 0xa0, 0xa3, 0x01, 0x4b, 0xa0, 0xc2, 0x01, 0x4a, 0x8a, 0xea, 0xfa, 0x61,
  0x0c, 0x6a, 0x9d, 0x67, 0x00, 0x6b, 0x4f, 0xcc, 0x70, 0xc4, 0x05, 0x95, 0x04,
  0x94, 0x06, 0x96, 0x07, 0x97, 0xff, 0x49, 0x00, 0x18, 0x16, 0x1f, 0x08, 0x95,
  0xff, 0x6a, 0x4c, 0xe9, 0x01, 0x4d, 0x08, 0xd5, 0x08, 0x93, 0xff, 0x6a, 0x4c,
  0xeb, 0x03, 0xeb, 0xbf, 0x61, 0x0f, 0x97, 0x0e, 0x91, 0x0d, 0x90, 0x08, 0x63,
  0x00, 0xef, 0x00, 0x65, 0xfd, 0x63, 0x05, 0x62, 0x04, 0xd0, 0x30, 0xf0, 0x20,
  0x6a, 0x07, 0xd5, 0x08, 0xd6, 0x09, 0xd7, 0x82, 0xf4, 0x00, 0x4a, 0x06, 0xf2,
  0x67, 0xa2, 0x06, 0xd4, 0x01, 0x73, 0x0f, 0x61, 0x06, 0xf2, 0x48, 0xa2, 0x0c,
  0x2a, 0x30, 0xf0, 0x20, 0x68, 0x06, 0x95, 0xab, 0xf0, 0x04, 0x48, 0x90, 0x67,
  0x07, 0x06, 0x00, 0x18, 0x30, 0x1f, 0x90, 0x67, 0x00, 0x18, 0xe6, 0x1f, 0x05,
  0x97, 0x04, 0x90, 0x03, 0x63, 0x00, 0xef, 0xfd, 0x63, 0x05, 0x62, 0x60, 0xa4,
  0x30, 0xf0, 0x20, 0x6a, 0x82, 0xf4, 0x00, 0x4a, 0x28, 0xf4, 0x60, 0xc2, 0xa1,
  0xa4, 0x03, 0x73, 0x28, 0xf4, 0xa1, 0xc2, 0x1f, 0x61, 0x62, 0xa4, 0x08, 0xf4,
  0x7d, 0xc2, 0x63, 0xa4, 0x08, 0xf4, 0x7e, 0xc2, 0x64, 0xa4, 0x04, 0x6c, 0x08,
  0xf4, 0x7f, 0xc2, 0x62, 0xf7, 0x74, 0x9a, 0x8c, 0xeb, 0x30, 0x23, 0x62, 0xf7,
  0x78, 0x9a, 0x05, 0x5b, 0x2c, 0x61, 0x08, 0xf4, 0xbd, 0xa2, 0x08, 0xf4, 0xde,
  0xa2, 0x08, 0xf4, 0xff, 0xa2, 0x30, 0xf0, 0x20, 0x6c, 0x81, 0xf0, 0x0c, 0x4c,
  0x00, 0x18, 0x28, 0x20, 0x1f, 0x10, 0x02, 0x73, 0x1d, 0x61, 0x62, 0xa4, 0x08,
  0xf4, 0x7d, 0xc2, 0x63, 0xa4, 0x04, 0x6c, 0x08, 0xf4, 0x7e, 0xc2, 0x01, 0x6b,
  0x6b, 0xeb, 0x08, 0xf4, 0x7f, 0xc2, 0x62, 0xf7, 0x74, 0x9a, 0x8c, 0xeb, 0x0e,
  0x23, 0x62, 0xf7, 0x78, 0x9a, 0x05, 0x5b, 0x0a, 0x61, 0x08, 0xf4, 0xbd, 0xa2,
  0x08, 0xf4, 0xde, 0xa2, 0x30, 0xf0, 0x20, 0x6c, 0xa1, 0xf0, 0x1c, 0x4c, 0x00,
  0x18, 0x28, 0x20, 0x30, 0xf0, 0x20, 0x6a, 0x05, 0x97, 0x82, 0xf4, 0x00, 0x4a,
  0x01, 0x6b, 0x28, 0xf4, 0x63, 0xc2, 0x00, 0x6b, 0x28, 0xf4, 0x62, 0xc2, 0x03,
  0x63, 0x00, 0xef, 0x00, 0x65, 0xf6, 0x63, 0x13, 0x62, 0x12, 0xd1, 0x11, 0xd0,
  0x30, 0xf0, 0x20, 0x6b, 0xff, 0x6a, 0x8c, 0xea, 0x80, 0xf1, 0x90, 0x9b, 0x80,
  0xf1, 0x10, 0x4b, 0x01, 0x72, 0x04, 0xd4, 0x81, 0x9b, 0x68, 0xa3, 0x05, 0xd4,
  0x9d, 0x67, 0x78, 0xc4, 0x30, 0xf0, 0x20, 0x6b, 0x80, 0xf1, 0x84, 0x9b, 0x80,
  0xf1, 0x04, 0x4b, 0x07, 0xd4, 0x81, 0x9b, 0x68, 0xa3, 0x08, 0xd4, 0x9d, 0x67,
  0x20, 0xf0, 0x64, 0xc4, 0x20, 0x61, 0x00, 0x68, 0x5d, 0x67, 0x0d, 0xe2, 0x5c,
  0xa3, 0x0b, 0x5a, 0x01, 0x61, 0x0a, 0x6a, 0xff, 0x6b, 0x6c, 0xea, 0x02, 0x4a,
  0x7d, 0x67, 0x5b, 0xcb, 0x0e, 0x6a, 0x20, 0xf0, 0x48, 0xc3, 0x01, 0x6a, 0x20,
  0xf0, 0x4a, 0xc3, 0x09, 0xe3, 0x50, 0xa2, 0x0b, 0x95, 0x0c, 0x96, 0x20, 0xf0,
  0x4b, 0xc3, 0x0a, 0x94, 0x0d, 0x97, 0x01, 0x48, 0x00, 0x18, 0x16, 0x1f, 0x09,
  0x70, 0xe2, 0x61, 0x71, 0x10, 0x08, 0x72, 0x37, 0x61, 0x20, 0xf0, 0x05, 0x04,
  0x07, 0x00, 0x04, 0x01, 0x0e, 0xd4, 0x40, 0xa0, 0x0b, 0x5a, 0x01, 0x61, 0x0a,
  0x6a, 0xff, 0x6b, 0x4c, 0xeb, 0x9d, 0x67, 0x42, 0x43, 0x5b, 0xcc, 0x0e, 0x6a,
  0x20, 0xf0, 0x48, 0xc4, 0x08, 0x6a, 0x20, 0xf0, 0x4a, 0xc4, 0x40, 0xa1, 0x20,
  0xf0, 0x4b, 0xc4, 0x00, 0x6a, 0x0e, 0x10, 0x9d, 0x67, 0x55, 0xe4, 0xc0, 0xa1,
  0x30, 0xf0, 0x20, 0x6c, 0x82, 0xf4, 0x00, 0x4c, 0x91, 0xe2, 0xd1, 0xe4, 0xa5,
  0xf7, 0x8c, 0xa4, 0x01, 0x4a, 0x20, 0xf0, 0x8c, 0xc5, 0xff, 0x6c, 0x4c, 0xec,
  0x63, 0xec, 0xee, 0x61, 0x0a, 0x94, 0x0b, 0x95, 0x0c, 0x96, 0x0d, 0x97, 0x01,
  0x48, 0x01, 0x49, 0x00, 0x18, 0x16, 0x1f, 0x0e, 0x92, 0x4a, 0xe8, 0xcf, 0x61,
  0x38, 0x10, 0x09, 0x72, 0x36, 0x61, 0x20, 0xf0, 0x05, 0x03, 0x07, 0x00, 0x04,
  0x01, 0x0f, 0xd3, 0x40, 0xa0, 0x0b, 0x5a, 0x01, 0x61, 0x0a, 0x6a, 0xff, 0x6b,
  0x4c, 0xeb, 0x9d, 0x67, 0x42, 0x43, 0x5b, 0xcc, 0x0e, 0x6a, 0x20, 0xf0, 0x48,
  0xc4, 0x09, 0x6a, 0x20, 0xf0, 0x4a, 0xc4, 0x40, 0xa1, 0x20, 0xf0, 0x4b, 0xc4,
  0x00, 0x6a, 0x0e, 0x10, 0x9d, 0x67, 0x55, 0xe4, 0xc0, 0xa1, 0x30, 0xf0, 0x20,
  0x6c, 0x82, 0xf4, 0x00, 0x4c, 0x91, 0xe2, 0xd1, 0xe4, 0x06, 0xf0, 0x80, 0xa4,
  0x01, 0x4a, 0x20, 0xf0, 0x8c, 0xc5, 0xff, 0x6c, 0x4c, 0xec, 0x63, 0xec, 0xee,
  0x61, 0x0a, 0x94, 0x0b, 0x95, 0x0c, 0x96, 0x0d, 0x97, 0x01, 0x48, 0x01, 0x49,
  0x00, 0x18, 0x16, 0x1f, 0x0f, 0x92, 0x4a, 0xe8, 0xcf, 0x61, 0x13, 0x97, 0x12,
  0x91, 0x11, 0x90, 0x0a, 0x63, 0x00, 0xef, 0x00, 0x65, 0xfc, 0x63, 0x07, 0x62,
  0x06, 0xd1, 0x05, 0xd0, 0x44, 0x67, 0x65, 0xa2, 0x02, 0x6d, 0x81, 0xa4, 0xac,
  0xeb, 0x03, 0x23, 0x00, 0x18, 0x66, 0x20, 0x3d, 0x10, 0x01, 0x74, 0x22, 0xa2,
  0x04, 0xa2, 0x43, 0xa2, 0x07, 0x61, 0x30, 0xf0, 0x20, 0x6c, 0xe1, 0xf0, 0x00,
  0x4c, 0x00, 0x18, 0xe6, 0x1f, 0x31, 0x10, 0x10, 0x30, 0x08, 0x74, 0x4d, 0xe8,
  0x0e, 0x61, 0x30, 0xf0, 0x20, 0x6c, 0xe1, 0xf0, 0x0c, 0x4c, 0x00, 0x18, 0xe6,
  0x1f, 0x30, 0xf0, 0x20, 0x6a, 0x82, 0xf4, 0x00, 0x4a, 0x45, 0xe1, 0xa5, 0xf7,
  0x0c, 0xc1, 0x1f, 0x10, 0x09, 0x74, 0x0e, 0x61, 0x30, 0xf0, 0x20, 0x6c, 0x01,
  0xf1, 0x0c, 0x4c, 0x00, 0x18, 0xe6, 0x1f, 0x30, 0xf0, 0x20, 0x6a, 0x82, 0xf4,
  0x00, 0x4a, 0x45, 0xe1, 0x06, 0xf0, 0x00, 0xc1, 0x0f, 0x10, 0x0a, 0x74, 0x0d,
  0x61, 0x30, 0xf0, 0x20, 0x6a, 0xa0, 0xf5, 0xf8, 0x9a, 0x30, 0xf0, 0x20, 0x6c,
  0x01, 0xf1, 0x1c, 0x4c, 0xf9, 0x6d, 0x28, 0xf3, 0x01, 0x6e, 0x00, 0x18, 0x28,
  0x20, 0x07, 0x97, 0x06, 0x91, 0x05, 0x90, 0x04, 0x63, 0x00, 0xef, 0x00, 0x65,
  0xfb, 0x63, 0x09, 0x62, 0xff, 0x6a, 0x4c, 0xec, 0x2a, 0x6b, 0x78, 0xec, 0x30,
  0xf0, 0x20, 0x6e, 0x25, 0xf7, 0x0c, 0x4e, 0xac, 0xea, 0x05, 0x6d, 0x12, 0xeb,
  0x6d, 0xe6, 0xdd, 0x67, 0xaf, 0xce, 0x0f, 0x6d, 0xb0, 0xc6, 0x92, 0xc6, 0x53,
  0xc6, 0x20, 0xf0, 0x44, 0xa3, 0x07, 0x97, 0x04, 0x94, 0x54, 0xc6, 0x20, 0xf0,
  0x45, 0xa3, 0x55, 0xc6, 0x20, 0xf0, 0x46, 0xa3, 0x56, 0xc6, 0x05, 0x95, 0x06,
  0x96, 0x00, 0x18, 0x16, 0x1f, 0x09, 0x97, 0x05, 0x63, 0x00, 0xef, 0xf8, 0x63,
  0x0f, 0x62, 0x0e, 0xd1, 0x0d, 0xd0, 0x14, 0x92, 0x15, 0x93, 0x16, 0x90, 0x0a,
  0xd2, 0xff, 0x6a, 0x1a, 0x65, 0xac, 0xea, 0x08, 0xd2, 0x58, 0x67, 0xcc, 0xea,
  0x17, 0x91, 0x1a, 0x65, 0x0a, 0x92, 0xff, 0xf7, 0x1f, 0x6d, 0xac, 0xef, 0xac,
  0xea, 0xac, 0xeb, 0xac, 0xe8, 0xac, 0xe9, 0x30, 0xf0, 0x20, 0x6d, 0x82, 0xf4,
  0x00, 0x4d, 0x62, 0xf7, 0xd4, 0x9d, 0x0a, 0xd2, 0x8c, 0xee, 0x33, 0x26, 0x62,
  0xf7, 0x98, 0x9d, 0x05, 0x6a, 0x4e, 0xec, 0x2e, 0x2c, 0x06, 0xf2, 0x87, 0xa5,
  0x01, 0x6a, 0x4e, 0xec, 0x29, 0x2c, 0x06, 0xf2, 0x88, 0xa5, 0x26, 0x2c, 0x9d,
  0x67, 0x47, 0x44, 0x19, 0x4a, 0x40, 0xa2, 0xf4, 0xc4, 0xe2, 0x37, 0x52, 0xc4,
  0x58, 0x67, 0x53, 0xc4, 0x47, 0x44, 0x21, 0x4a, 0x40, 0xa2, 0xf5, 0xc4, 0x56,
  0xc4, 0x0a, 0x94, 0x82, 0x32, 0x9d, 0x67, 0x57, 0xc4, 0x02, 0x6a, 0x4b, 0xea,
  0x78, 0xc4, 0x1a, 0xc4, 0x3c, 0xc4, 0x50, 0xc4, 0x62, 0x33, 0x02, 0x30, 0x22,
  0x31, 0x0c, 0x6a, 0x79, 0xc4, 0x1b, 0xc4, 0x3d, 0xc4, 0x4f, 0xcc, 0x05, 0x95,
  0x04, 0x94, 0x06, 0x96, 0x07, 0x97, 0x00, 0x18, 0x16, 0x1f, 0x0f, 0x97, 0x0e,
  0x91, 0x0d, 0x90, 0x08, 0x63, 0x00, 0xef, 0x00, 0x65, 0xfa, 0x63, 0x0b, 0x62,
  0x0a, 0xd1, 0x09, 0xd0, 0x40, 0xa4, 0x70, 0x69, 0x30, 0xf0, 0x20, 0x68, 0x06,
  0xd2, 0x81, 0xa4, 0x82, 0xf4, 0x00, 0x48, 0x05, 0xd4, 0x05, 0x92, 0x9e, 0x33,
  0x07, 0xd3, 0x8c, 0xe9, 0x7d, 0x67, 0x03, 0x6c, 0x8c, 0xea, 0x87, 0x43, 0x11,
  0x4c, 0x60, 0xa4, 0x32, 0x31, 0x04, 0xd2, 0x9d, 0x67, 0x09, 0xe1, 0xa3, 0xf2,
  0x60, 0xc2, 0x67, 0x44, 0x09, 0x4b, 0x80, 0xa3, 0xa3, 0xf2, 0x82, 0xc2, 0x30,
  0xf0, 0x20, 0x6c, 0x41, 0xf1, 0x08, 0x4c, 0x00, 0x18, 0x28, 0x20, 0x07, 0x92,
  0x21, 0x22, 0xa3, 0xf2, 0x66, 0xa0, 0x01, 0x6a, 0x44, 0xe9, 0x6d, 0xea, 0xa3,
  0xf2, 0x46, 0xc0, 0x62, 0xf7, 0x54, 0x98, 0x10, 0x6b, 0x6c, 0xea, 0x0d, 0x22,
  0x62, 0xf7, 0x58, 0x98, 0x05, 0x5a, 0x09, 0x61, 0x04, 0x96, 0x06, 0x97, 0x30,
  0xf0, 0x20, 0x6c, 0x41, 0xf1, 0x14, 0x4c, 0xb1, 0x67, 0x00, 0x18, 0x28, 0x20,
  0x05, 0x93, 0x0c, 0x6d, 0x91, 0x67, 0x6c, 0xed, 0xaa, 0x35, 0x00, 0x18, 0xad,
  0x26, 0x23, 0x10, 0xa3, 0xf2, 0x66, 0xa0, 0x01, 0x6a, 0x44, 0xe9, 0x4f, 0xea,
  0x6c, 0xea, 0xa3, 0xf2, 0x46, 0xc0, 0x62, 0xf7, 0x54, 0x98, 0x10, 0x6b, 0x6c,
  0xea, 0x0d, 0x22, 0x62, 0xf7, 0x58, 0x98, 0x05, 0x5a, 0x09, 0x61, 0x04, 0x96,
  0x06, 0x97, 0x30, 0xf0, 0x20, 0x6c, 0x61, 0xf1, 0x08, 0x4c, 0xb1, 0x67, 0x00,
  0x18, 0x28, 0x20, 0x30, 0xf0, 0x20, 0x6a, 0x82, 0xf4, 0x00, 0x4a, 0x45, 0xe1,
  0x01, 0x6a, 0x4b, 0xea, 0xa3, 0xf2, 0x40, 0xc1, 0x0b, 0x97, 0x0a, 0x91, 0x09,
  0x90, 0x06, 0x63, 0x00, 0xef, 0x00, 0x65, 0xfc, 0x63, 0x07, 0x62, 0x06, 0xd1,
  0x05, 0xd0, 0x20, 0xa4, 0x2a, 0x68, 0x30, 0xf0, 0x20, 0x6a, 0x18, 0xe9, 0x25,
  0xf7, 0x0c, 0x4a, 0x21, 0x6b, 0x20, 0x6e, 0x6b, 0xeb, 0x12, 0xe8, 0x01, 0xe2,
  0x42, 0xa4, 0xfe, 0xa0, 0x5b, 0xc0, 0xa3, 0xa4, 0xec, 0xeb, 0x01, 0x6a, 0xcc,
  0xed, 0xad, 0xeb, 0x7e, 0xc0, 0xa3, 0xa4, 0xac, 0xea, 0x02, 0x6d, 0xab, 0xed,
  0x6c, 0xed, 0x4d, 0xed, 0xbe, 0xc0, 0x43, 0xa4, 0x02, 0x6b, 0x6c, 0xea, 0xfb,
  0x4b, 0xac, 0xeb, 0x4d, 0xeb, 0x7e, 0xc0, 0xa3, 0xa4, 0x40, 0x6a, 0x4c, 0xed,
  0x80, 0x4a, 0xff, 0x4a, 0x6c, 0xea, 0xad, 0xea, 0x5e, 0xc0, 0x64, 0xa4, 0xcc,
  0xea, 0x20, 0xf0, 0x67, 0xc0, 0x0d, 0x22, 0x91, 0x67, 0x00, 0x18, 0xcb, 0x30,
  0xd1, 0xa0, 0x03, 0x6a, 0xbb, 0xa0, 0xca, 0x36, 0x4c, 0xee, 0xff, 0x6a, 0x91,
  0x67, 0x4c, 0xee, 0x00, 0x18, 0x27, 0x30, 0x07, 0x97, 0x06, 0x91, 0x05, 0x90,
  0x04, 0x63, 0x00, 0xef, 0xfd, 0x63, 0x05, 0x62, 0x04, 0xd0, 0x03, 0xa4, 0x44,
  0xa4, 0xc0, 0xa4, 0x00, 0x30, 0x00, 0x30, 0x00, 0xf6, 0x40, 0x32, 0xa5, 0xa4,
  0xe6, 0xa4, 0x0d, 0xea, 0x01, 0xa4, 0x82, 0xa4, 0x30, 0xf0, 0x20, 0x6b, 0x0d,
  0xea, 0x80, 0x34, 0x82, 0xf4, 0x00, 0x4b, 0x8d, 0xea, 0x62, 0xf7, 0x54, 0xdb,
  0x06, 0xf2, 0xc7, 0xc3, 0x0a, 0x26, 0x01, 0x6c, 0x4c, 0xec, 0x07, 0x24, 0x06,
  0xf2, 0xa8, 0xc3, 0x06, 0xf2, 0xe9, 0xc3, 0x02, 0x25, 0x00, 0x18, 0x48, 0x30,
  0x05, 0x97, 0x04, 0x90, 0x03, 0x63, 0x00, 0xef, 0x00, 0x65, 0xfd, 0x63, 0x05,
  0x62, 0x30, 0xf0, 0x20, 0x6b, 0x44, 0x67, 0x80, 0xa4, 0xa0, 0xf5, 0x7c, 0x9b,
  0x8c, 0x35, 0x6d, 0xe5, 0xa3, 0xa2, 0xa0, 0xc3, 0x44, 0xa2, 0x01, 0x4b, 0x40,
  0xc3, 0x00, 0x18, 0x86, 0x2a, 0x05, 0x97, 0x03, 0x63, 0x00, 0xef, 0xfd, 0x63,
  0x05, 0x62, 0x04, 0xd0, 0xc0, 0xa4, 0x2a, 0x6a, 0x30, 0xf0, 0x20, 0x6b, 0x58,
  0xee, 0xa2, 0xa4, 0x25, 0xf7, 0x0c, 0x4b, 0x08, 0x6f, 0xac, 0xef, 0xbe, 0x35,
  0x12, 0xea, 0x49, 0xe3, 0x11, 0xa2, 0xbc, 0x33, 0x7f, 0x6d, 0x0c, 0xed, 0x6d,
  0xed, 0xb1, 0xc2, 0x02, 0xa4, 0x40, 0x6b, 0x6c, 0xe8, 0x80, 0x4b, 0xff, 0x4b,
  0xac, 0xeb, 0x0d, 0xeb, 0x71, 0xc2, 0x39, 0x2f, 0xe1, 0xa4, 0x1f, 0x6d, 0xec,
  0xed, 0xa4, 0xc2, 0x02, 0xa4, 0x04, 0x6d, 0x03, 0x6f, 0xab, 0xed, 0xec, 0xe8,
  0x6c, 0xed, 0x0d, 0xed, 0xb1, 0xc2, 0x62, 0xa4, 0x12, 0xa2, 0x6c, 0xef, 0x0d,
  0x6b, 0x6b, 0xeb, 0xe8, 0x37, 0xac, 0xeb, 0xed, 0xeb, 0x71, 0xc2, 0xe1, 0xa4,
  0x05, 0x6d, 0xab, 0xed, 0xfe, 0x37, 0xe8, 0x37, 0x0c, 0xed, 0xed, 0xed, 0xb2,
  0xc2, 0xe2, 0xa4, 0x30, 0x6d, 0x03, 0x4c, 0xac, 0xef, 0x9f, 0x4d, 0x6c, 0xed,
  0xed, 0xed, 0xb1, 0xc2, 0x30, 0xf0, 0x20, 0x6a, 0x30, 0xf0, 0x20, 0x6d, 0xc0,
  0xf5, 0x40, 0x9a, 0xa0, 0xf5, 0xbc, 0x9d, 0xcc, 0x33, 0x49, 0xe3, 0xad, 0xe3,
  0xa0, 0xa4, 0x01, 0x4c, 0xa0, 0xc2, 0x01, 0x4a, 0x6a, 0xea, 0xfa, 0x61, 0x86,
  0x67, 0x00, 0x18, 0x86, 0x2a, 0x05, 0x97, 0x04, 0x90, 0x03, 0x63, 0x00, 0xef,
  0xfd, 0x63, 0x05, 0x62, 0x04, 0xd0, 0xff, 0x6a, 0x4c, 0xec, 0xc0, 0x4c, 0x4c,
  0xec, 0x0c, 0x5c, 0x05, 0x67, 0x26, 0x60, 0x30, 0xf0, 0x20, 0x6a, 0x88, 0x34,
  0x40, 0xf1, 0x14, 0x4a, 0x89, 0xe2, 0x40, 0x9a, 0x00, 0xea, 0x85, 0x67, 0x00,
  0x18, 0xa6, 0x21, 0x1a, 0x10, 0x85, 0x67, 0x00, 0x18, 0x64, 0x21, 0x16, 0x10,
  0x85, 0x67, 0x00, 0x18, 0x9c, 0x21, 0x12, 0x10, 0x85, 0x67, 0x00, 0x18, 0xc2,
  0x20, 0x0e, 0x10, 0x85, 0x67, 0x00, 0x18, 0x39, 0x20, 0x0a, 0x10, 0x85, 0x67,
  0x00, 0x18, 0x87, 0x21, 0x06, 0x10, 0x85, 0x67, 0x00, 0x18, 0x2a, 0x21, 0x90,
  0x67, 0x00, 0x18, 0x7a, 0x1f, 0x05, 0x97, 0x04, 0x90, 0x03, 0x63, 0x00, 0xef,
  0xff, 0x6b, 0x8c, 0xeb, 0x20, 0x5b, 0x00, 0x6a, 0x02, 0x60, 0x01, 0x6a, 0x44,
  0xeb, 0x20, 0xe8, 0xff, 0x6a, 0x4c, 0xec, 0xe0, 0x4c, 0x8c, 0xea, 0x20, 0x5a,
  0x00, 0x6a, 0x02, 0x60, 0x01, 0x6a, 0x44, 0xec, 0x20, 0xe8, 0xff, 0x6a, 0x4c,
  0xec, 0x68, 0x44, 0xc8, 0x4b, 0x4c, 0xeb, 0x20, 0x5b, 0x00, 0x6a, 0x02, 0x60,
  0x01, 0x6a, 0x44, 0xec, 0x20, 0xe8, 0x00, 0x65, 0xfd, 0x63, 0x05, 0x62, 0x04,
  0xd0, 0xff, 0x68, 0x0c, 0xec, 0x00, 0x18, 0xee, 0x21, 0x0f, 0x6b, 0x4c, 0xeb,
  0x43, 0x67, 0x0c, 0xea, 0x05, 0x97, 0x04, 0x90, 0x03, 0x63, 0x00, 0xef, 0x00,
  0x65, 0xfd, 0x63, 0x05, 0x62, 0x04, 0xd0, 0xff, 0x68, 0x0c, 0xec, 0x00, 0x18,
  0xee, 0x21, 0x10, 0x6b, 0x6b, 0xeb, 0x4c, 0xeb, 0x43, 0x67, 0x0c, 0xea, 0x05,
  0x97, 0x04, 0x90, 0x03, 0x63, 0x00, 0xef, 0xfd, 0x63, 0x05, 0x62, 0x04, 0xd0,
  0xff, 0x68, 0x8c, 0xe8, 0x90, 0x67, 0x00, 0x18, 0xee, 0x21, 0x30, 0xf0, 0x20,
  0x6b, 0xc0, 0xf5, 0x84, 0x9b, 0x01, 0x6b, 0x4c, 0xec, 0x0a, 0x2c, 0x90, 0x67,
  0x00, 0x18, 0xf2, 0x21, 0x30, 0xf0, 0x20, 0x6b, 0xc0, 0xf5, 0x68, 0x9b, 0x4c,
  0xeb, 0x01, 0x23, 0x01, 0x6b, 0x05, 0x97, 0x04, 0x90, 0xff, 0x6a, 0x6c, 0xea,
  0x03, 0x63, 0x00, 0xef, 0x00, 0x65, 0xfd, 0x63, 0x05, 0x62, 0x04, 0xd0, 0xff,
  0x68, 0x8c, 0xe8, 0x90, 0x67, 0x00, 0x18, 0xee, 0x21, 0x30, 0xf0, 0x20, 0x6b,
  0xc0, 0xf5, 0x8c, 0x9b, 0x01, 0x6b, 0x4c, 0xec, 0x0a, 0x2c, 0x90, 0x67, 0x00,
  0x18, 0xf2, 0x21, 0x30, 0xf0, 0x20, 0x6b, 0xc0, 0xf5, 0x70, 0x9b, 0x4c, 0xeb,
  0x01, 0x23, 0x01, 0x6b, 0x05, 0x97, 0x04, 0x90, 0xff, 0x6a, 0x6c, 0xea, 0x03,
  0x63, 0x00, 0xef, 0x00, 0x65, 0xfd, 0x63, 0x05, 0x62, 0x04, 0xd0, 0xff, 0x68,
  0x8c, 0xe8, 0x90, 0x67, 0x00, 0x18, 0xee, 0x21, 0x30, 0xf0, 0x20, 0x6b, 0xc0,
  0xf5, 0x74, 0x9b, 0x4c, 0xeb, 0x0d, 0x2b, 0x90, 0x67, 0x00, 0x18, 0xf2, 0x21,
  0x0f, 0x6b, 0x4c, 0xeb, 0x07, 0x2b, 0x90, 0x67, 0x00, 0x18, 0xf7, 0x21, 0xe0,
  0xf3, 0x1f, 0x6b, 0x4c, 0xeb, 0x01, 0x23, 0x01, 0x6b, 0x05, 0x97, 0x04, 0x90,
  0xff, 0x6a, 0x6c, 0xea, 0x03, 0x63, 0x00, 0xef, 0xfd, 0x63, 0x05, 0x62, 0x04,
  0xd0, 0xff, 0x68, 0x8c, 0xe8, 0x90, 0x67, 0x00, 0x18, 0xf2, 0x21, 0xe1, 0xf7,
  0x10, 0x6c, 0x4c, 0xec, 0x01, 0x6b, 0x0a, 0x2c, 0x90, 0x67, 0x00, 0x18, 0xf7,
  0x21, 0x30, 0xf0, 0x20, 0x6b, 0xc0, 0xf5, 0x78, 0x9b, 0x4c, 0xeb, 0x01, 0x23,
  0x01, 0x6b, 0x05, 0x97, 0x04, 0x90, 0xff, 0x6a, 0x6c, 0xea, 0x03, 0x63, 0x00,
  0xef, 0x00, 0x65, 0xfd, 0x63, 0x05, 0x62, 0x04, 0xd0, 0xff, 0x68, 0x8c, 0xe8,
  0x90, 0x67, 0x00, 0x18, 0xee, 0x21, 0x30, 0xf0, 0x20, 0x6b, 0xc0, 0xf5, 0x7c,
  0x9b, 0x4c, 0xeb, 0x10, 0x2b, 0x90, 0x67, 0x00, 0x18, 0xf2, 0x21, 0x30, 0xf0,
  0x20, 0x6b, 0xe0, 0xf5, 0x60, 0x9b, 0x4c, 0xeb, 0x07, 0x2b, 0x90, 0x67, 0x00,
  0x18, 0xf7, 0x21, 0x0c, 0xf0, 0x18, 0x6b, 0x4c, 0xeb, 0x01, 0x23, 0x01, 0x6b,
  0x05, 0x97, 0x04, 0x90, 0xff, 0x6a, 0x6c, 0xea, 0x03, 0x63, 0x00, 0xef, 0x00,
  0x65, 0xfd, 0x63, 0x05, 0x62, 0x04, 0xd0, 0xff, 0x68, 0x8c, 0xe8, 0x90, 0x67,
  0x00, 0x18, 0xee, 0x21, 0x30, 0xf0, 0x20, 0x6b, 0xe0, 0xf5, 0x64, 0x9b, 0x4c,
  0xeb, 0x12, 0x2b, 0x90, 0x67, 0x00, 0x18, 0xf2, 0x21, 0x30, 0xf0, 0x20, 0x6b,
  0xe0, 0xf5, 0x68, 0x9b, 0x4c, 0xeb, 0x09, 0x2b, 0x90, 0x67, 0x00, 0x18, 0xf7,
  0x21, 0x30, 0xf0, 0x20, 0x6b, 0xe0, 0xf5, 0x6c, 0x9b, 0x4c, 0xeb, 0x01, 0x23,
  0x01, 0x6b, 0x05, 0x97, 0x04, 0x90, 0xff, 0x6a, 0x6c, 0xea, 0x03, 0x63, 0x00,
  0xef, 0x00, 0x65, 0xfd, 0x63, 0x05, 0x62, 0x04, 0xd0, 0xff, 0x68, 0x8c, 0xe8,
  0x90, 0x67, 0x00, 0x18, 0xf2, 0x21, 0x30, 0xf0, 0x20, 0x6b, 0xe0, 0xf5, 0x90,
  0x9b, 0x01, 0x6b, 0x4c, 0xec, 0x0a, 0x2c, 0x90, 0x67, 0x00, 0x18, 0xf7, 0x21,
  0x30, 0xf0, 0x20, 0x6b, 0xe0, 0xf5, 0x74, 0x9b, 0x4c, 0xeb, 0x01, 0x23, 0x01,
  0x6b, 0x05, 0x97, 0x04, 0x90, 0xff, 0x6a, 0x6c, 0xea, 0x03, 0x63, 0x00, 0xef,
  0x00, 0x65, 0xff, 0x63, 0x01, 0xd1, 0x00, 0xd0, 0x30, 0xf0, 0x20, 0x6b, 0xe0,
  0xf5, 0x18, 0x9b, 0x30, 0xf0, 0x20, 0x6f, 0x82, 0xf4, 0x00, 0x4f, 0x60, 0xa0,
  0xff, 0x6a, 0x4c, 0xec, 0x1b, 0x65, 0x38, 0x67, 0x7f, 0x6b, 0x2c, 0xeb, 0x06,
  0xf2, 0x6b, 0xc7, 0x60, 0xa0, 0x80, 0x68, 0x0b, 0xe8, 0x4c, 0xeb, 0x0c, 0xeb,
  0x06, 0xf2, 0x6c, 0xc7, 0x06, 0xf2, 0x6b, 0xa7, 0x4c, 0xed, 0x4c, 0xee, 0x6e,
  0xec, 0x53, 0x2c, 0x02, 0x5d, 0xf2, 0xf0, 0x60, 0x45, 0x09, 0x61, 0x8e, 0x45,
  0x4c, 0xec, 0x02, 0x5c, 0x44, 0x61, 0x08, 0x5d, 0x49, 0x60, 0x06, 0xf2, 0x4c,
  0xa7, 0x3f, 0x22, 0x1f, 0xf7, 0x00, 0x6a, 0x6c, 0xea, 0x02, 0xf0, 0x00, 0x72,
  0x01, 0x60, 0x05, 0x2a, 0x30, 0xf0, 0x20, 0x6a, 0x00, 0xf5, 0x5c, 0x9a, 0x04,
  0x10, 0x30, 0xf0, 0x20, 0x6a, 0x20, 0xf5, 0x40, 0x9a, 0x4d, 0xe3, 0xc0, 0xc3,
  0x33, 0x10, 0x1f, 0x2a, 0x1f, 0xf7, 0x00, 0x6a, 0x6c, 0xea, 0x02, 0xf0, 0x00,
  0x72, 0x01, 0x60, 0x07, 0x2a, 0x30, 0xf0, 0x20, 0x6a, 0x00, 0xf5, 0x9c, 0x9a,
  0x91, 0xe3, 0x40, 0xa4, 0x0b, 0x10, 0x30, 0xf0, 0x20, 0x6a, 0x00, 0xf5, 0x9c,
  0x9a, 0x30, 0xf0, 0x20, 0x6a, 0x20, 0xf5, 0x40, 0x9a, 0x91, 0xe3, 0x4d, 0xe3,
  0x40, 0xa3, 0xff, 0x6b, 0x6c, 0xea, 0x01, 0x4a, 0x6c, 0xea, 0x40, 0xc4, 0x13,
  0x10, 0x30, 0xf0, 0x20, 0x6a, 0x20, 0xf5, 0x40, 0x9a, 0xff, 0x6c, 0x4d, 0xe3,
  0x40, 0xa3, 0x8c, 0xea, 0x01, 0x4a, 0x8c, 0xea, 0x40, 0xc3, 0x07, 0x10, 0x1f,
  0xf7, 0x00, 0x6a, 0x6c, 0xea, 0x02, 0xf0, 0x00, 0x72, 0xce, 0x61, 0xce, 0x17,
  0x01, 0x91, 0x00, 0x90, 0x01, 0x63, 0x20, 0xe8, 0xfe, 0x63, 0x03, 0xd1, 0x02,
  0xd0, 0x30, 0xf0, 0x20, 0x6a, 0xe0, 0xf5, 0x58, 0x9a, 0xff, 0x6b, 0x80, 0x6e,
  0x80, 0xa2, 0xe0, 0xa2, 0x30, 0xf0, 0x20, 0x6a, 0xe0, 0xf5, 0xbc, 0x9a, 0xcb,
  0xee, 0x6c, 0xec, 0x40, 0xa5, 0x00, 0xa5, 0x6c, 0xea, 0xb0, 0x67, 0x6c, 0xed,
  0x00, 0xd5, 0xa3, 0x67, 0xcc, 0xed, 0xec, 0xed, 0xa0, 0xf2, 0x17, 0x25, 0xcc,
  0xea, 0x6c, 0xea, 0x09, 0x22, 0xa0, 0xf4, 0x08, 0x6f, 0xa0, 0xf4, 0x04, 0x6d,
  0x20, 0xf5, 0x00, 0x4e, 0x80, 0xf4, 0x1c, 0x6a, 0x08, 0x10, 0x80, 0xf4, 0x18,
  0x6f, 0x80, 0xf4, 0x14, 0x6d, 0x80, 0xf4, 0x10, 0x6e, 0x80, 0xf4, 0x0c, 0x6a,
  0x7f, 0x69, 0x2a, 0x68, 0x2c, 0xec, 0x18, 0xec, 0x30, 0xf0, 0x20, 0x6b, 0x25,
  0xf7, 0x0c, 0x4b, 0x12, 0xe8, 0x0d, 0xe3, 0x00, 0x90, 0x2c, 0xe8, 0x01, 0x70,
  0x80, 0xf1, 0x18, 0x60, 0x07, 0x20, 0x02, 0x70, 0xc0, 0xf0, 0x1a, 0x60, 0x03,
  0x70, 0xe0, 0xf1, 0x19, 0x60, 0x8c, 0x12, 0x1f, 0xf7, 0x00, 0x68, 0x4c, 0xe8,
  0x05, 0x28, 0x30, 0xf0, 0x20, 0x68, 0x00, 0xf5, 0x1c, 0x98, 0x04, 0x10, 0x30,
  0xf0, 0x20, 0x68, 0x20, 0xf5, 0x00, 0x98, 0x3b, 0xa3, 0x01, 0xe2, 0x20, 0xc0,
  0x01, 0x42, 0x1f, 0xf7, 0x00, 0x69, 0x2c, 0xe8, 0x02, 0xf0, 0x00, 0x70, 0x01,
  0x60, 0x09, 0x28, 0x30, 0xf0, 0x20, 0x68, 0x00, 0xf6, 0x20, 0x98, 0x25, 0xe2,
  0x00, 0xd1, 0x31, 0xa3, 0x19, 0x65, 0x08, 0x10, 0x30, 0xf0, 0x20, 0x68, 0x00,
  0xf6, 0x24, 0x98, 0x25, 0xe2, 0x00, 0xd1, 0x11, 0xa3, 0x18, 0x65, 0x38, 0x67,
  0x03, 0x68, 0x2c, 0xe8, 0x00, 0x91, 0x00, 0xc1, 0x02, 0x42, 0x1f, 0xf7, 0x00,
  0x69, 0x2c, 0xe8, 0x02, 0xf0, 0x00, 0x70, 0x01, 0x60, 0x05, 0x28, 0x30, 0xf0,
  0x20, 0x68, 0x40, 0xf5, 0x00, 0x98, 0x04, 0x10, 0x30, 0xf0, 0x20, 0x68, 0x00,
  0xf6, 0x08, 0x98, 0x31, 0xa3, 0x01, 0xe2, 0x3e, 0x31, 0x20, 0xc0, 0x03, 0x42,
  0x1f, 0xf7, 0x00, 0x69, 0x2c, 0xe8, 0x02, 0xf0, 0x00, 0x70, 0x01, 0x60, 0x05,
  0x28, 0x30, 0xf0, 0x20, 0x68, 0x00, 0xf6, 0x0c, 0x98, 0x04, 0x10, 0x30, 0xf0,
  0x20, 0x68, 0x00, 0xf6, 0x10, 0x98, 0x09, 0xe2, 0x11, 0xa3, 0x03, 0x69, 0x12,
  0x30, 0x2c, 0xe8, 0x00, 0xc2, 0x1f, 0xf7, 0x00, 0x6a, 0xcc, 0xea, 0x05, 0x2a,
  0x30, 0xf0, 0x20, 0x6a, 0x00, 0xf5, 0x5c, 0x9a, 0x04, 0x10, 0x30, 0xf0, 0x20,
  0x6a, 0x20, 0xf5, 0x40, 0x9a, 0x00, 0xa3, 0x49, 0xe6, 0x00, 0xc2, 0x41, 0x46,
  0x1f, 0xf7, 0x00, 0x68, 0x0c, 0xea, 0x02, 0xf0, 0x00, 0x72, 0x01, 0x60, 0x05,
  0x2a, 0x30, 0xf0, 0x20, 0x6a, 0x00, 0xf6, 0x40, 0x9a, 0x04, 0x10, 0x30, 0xf0,
  0x20, 0x6a, 0x00, 0xf6, 0x44, 0x9a, 0x01, 0xa3, 0x49, 0xe6, 0x00, 0xc2, 0x42,
  0x46, 0x1f, 0xf7, 0x00, 0x68, 0x0c, 0xea, 0x02, 0xf0, 0x00, 0x72, 0x01, 0x60,
  0x05, 0x2a, 0x30, 0xf0, 0x20, 0x6a, 0x40, 0xf5, 0x00, 0x9a, 0x04, 0x10, 0x30,
  0xf0, 0x20, 0x6a, 0x00, 0xf6, 0x08, 0x9a, 0x52, 0xa3, 0x01, 0x69, 0x01, 0xe6,
  0x4a, 0x32, 0x2c, 0xea, 0x40, 0xc0, 0x43, 0x46, 0x1f, 0xf7, 0x00, 0x68, 0x0c,
  0xea, 0x02, 0xf0, 0x00, 0x72, 0x01, 0x60, 0x05, 0x2a, 0x30, 0xf0, 0x20, 0x6a,
  0x00, 0xf6, 0x4c, 0x9a, 0x04, 0x10, 0x30, 0xf0, 0x20, 0x6a, 0x00, 0xf6, 0x50,
  0x9a, 0x59, 0xe6, 0x44, 0xa3, 0x40, 0xc6, 0x1f, 0xf7, 0x00, 0x6a, 0xac, 0xea,
  0x05, 0x2a, 0x30, 0xf0, 0x20, 0x6a, 0x00, 0xf5, 0x5c, 0x9a, 0x04, 0x10, 0x30,
  0xf0, 0x20, 0x6a, 0x20, 0xf5, 0x40, 0x9a, 0x55, 0xe5, 0x30, 0xf0, 0x20, 0x6a,
  0xc0, 0xf5, 0x40, 0x9a, 0x8c, 0x33, 0x49, 0xe3, 0x40, 0x9a, 0x40, 0xdd, 0x1f,
  0xf7, 0x00, 0x6a, 0xec, 0xea, 0x05, 0x2a, 0x30, 0xf0, 0x20, 0x6a, 0x00, 0xf5,
  0x5c, 0x9a, 0x04, 0x10, 0x30, 0xf0, 0x20, 0x6a, 0x20, 0xf5, 0x40, 0x9a, 0x5d,
  0xe7, 0x30, 0xf0, 0x20, 0x6a, 0xa0, 0xf5, 0x5c, 0x9a, 0x8c, 0x34, 0x51, 0xe4,
  0x40, 0x9c, 0x40, 0xdf, 0xb6, 0x11, 0x1f, 0xf7, 0x00, 0x6c, 0x4c, 0xec, 0x09,
  0x2c, 0x30, 0xf0, 0x20, 0x6c, 0x00, 0xf5, 0xfc, 0x9c, 0x91, 0xa3, 0x03, 0x68,
  0xfd, 0xe2, 0x8a, 0x34, 0x0a, 0x10, 0x30, 0xf0, 0x20, 0x6c, 0x20, 0xf5, 0xe0,
  0x9c, 0x91, 0xa3, 0x03, 0x68, 0xfd, 0xe2, 0x8a, 0x34, 0x0c, 0xec, 0xff, 0x68,
  0x0c, 0xec, 0x80, 0xc7, 0x81, 0x42, 0x1f, 0xf7, 0x00, 0x6f, 0xec, 0xec, 0x02,
  0xf0, 0x00, 0x74, 0x01, 0x60, 0x05, 0x2c, 0x30, 0xf0, 0x20, 0x6c, 0x00, 0xf6,
  0x80, 0x9c, 0x04, 0x10, 0x30, 0xf0, 0x20, 0x6c, 0x00, 0xf6, 0x84, 0x9c, 0xe3,
  0xa3, 0x91, 0xe2, 0xe0, 0xc4, 0x82, 0x42, 0x1f, 0xf7, 0x00, 0x6f, 0xec, 0xec,
  0x02, 0xf0, 0x00, 0x74, 0x01, 0x60, 0x05, 0x2c, 0x30, 0xf0, 0x20, 0x6c, 0x40,
  0xf5, 0x80, 0x9c, 0x04, 0x10, 0x30, 0xf0, 0x20, 0x6c, 0x00, 0xf6, 0x88, 0x9c,
  0xe5, 0xa3, 0x91, 0xe2, 0xe0, 0xc4, 0x83, 0x42, 0x1f, 0xf7, 0x00, 0x6f, 0xec,
  0xec, 0x02, 0xf0, 0x00, 0x74, 0x01, 0x60, 0x05, 0x2c, 0x30, 0xf0, 0x20, 0x6c,
  0x00, 0xf6, 0x8c, 0x9c, 0x04, 0x10, 0x30, 0xf0, 0x20, 0x6c, 0x00, 0xf6, 0x90,
  0x9c, 0x89, 0xe2, 0x86, 0xa3, 0x80, 0xc2, 0x1f, 0xf7, 0x00, 0x6a, 0xcc, 0xea,
  0x05, 0x2a, 0x30, 0xf0, 0x20, 0x6a, 0x00, 0xf5, 0x5c, 0x9a, 0x04, 0x10, 0x30,
  0xf0, 0x20, 0x6a, 0x20, 0xf5, 0x40, 0x9a, 0x59, 0xe6, 0x59, 0xa3, 0x40, 0xc6,
  0x1f, 0xf7, 0x00, 0x6a, 0xac, 0xea, 0x05, 0x2a, 0x30, 0xf0, 0x20, 0x6a, 0x00,
  0xf5, 0x5c, 0x9a, 0x04, 0x10, 0x30, 0xf0, 0x20, 0x6a, 0x20, 0xf5, 0x40, 0x9a,
  0x20, 0xf0, 0x82, 0xa3, 0x49, 0xe5, 0x80, 0xc2, 0x41, 0x45, 0x1f, 0xf7, 0x00,
  0x6c, 0x8c, 0xea, 0x02, 0xf0, 0x00, 0x72, 0x01, 0x60, 0x05, 0x2a, 0x30, 0xf0,
  0x20, 0x6a, 0x00, 0xf6, 0x40, 0x9a, 0x04, 0x10, 0x30, 0xf0, 0x20, 0x6a, 0x00,
  0xf6, 0x44, 0x9a, 0x20, 0xf0, 0x63, 0xa3, 0x49, 0xe5, 0x60, 0xc2, 0x42, 0x45,
  0x1f, 0xf7, 0x00, 0x6b, 0x6c, 0xea, 0x02, 0xf0, 0x00, 0x72, 0x01, 0x60, 0x05,
  0x2a, 0x30, 0xf0, 0x20, 0x6a, 0x40, 0xf5, 0x40, 0x9a, 0x04, 0x10, 0x30, 0xf0,
  0x20, 0x6a, 0x00, 0xf6, 0x48, 0x9a, 0x30, 0xf0, 0x20, 0x6b, 0x60, 0xf0, 0x60,
  0xa3, 0x49, 0xe5, 0x60, 0xc2, 0x43, 0x45, 0x1f, 0xf7, 0x00, 0x6b, 0x6c, 0xea,
  0x02, 0xf0, 0x00, 0x72, 0x01, 0x60, 0x05, 0x2a, 0x30, 0xf0, 0x20, 0x6a, 0x00,
  0xf6, 0x4c, 0x9a, 0x04, 0x10, 0x30, 0xf0, 0x20, 0x6a, 0x00, 0xf6, 0x50, 0x9a,
  0x55, 0xe5, 0x30, 0xf0, 0x20, 0x6a, 0x60, 0xf0, 0x41, 0xa2, 0x40, 0xc5, 0xfc,
  0x10, 0x1f, 0xf7, 0x00, 0x6d, 0x4c, 0xed, 0x10, 0x2d, 0x30, 0xf0, 0x20, 0x6d,
  0x00, 0xf5, 0xdc, 0x9d, 0x30, 0xf0, 0x20, 0x6d, 0xa0, 0xf5, 0xb4, 0x9d, 0x94,
  0x37, 0xd9, 0xe2, 0xb5, 0xe7, 0xe0, 0xa5, 0xff, 0x6d, 0xec, 0xed, 0xa0, 0xc6,
  0x0f, 0x10, 0x30, 0xf0, 0x20, 0x6e, 0xa0, 0xf5, 0xd4, 0x9e, 0x94, 0x37, 0x30,
  0xf0, 0x20, 0x6d, 0xd9, 0xe7, 0xc0, 0xa6, 0x20, 0xf5, 0xa0, 0x9d, 0xff, 0x69,
  0x2c, 0xee, 0xb5, 0xe2, 0xc0, 0xc5, 0xa1, 0x42, 0x1f, 0xf7, 0x00, 0x6e, 0xcc,
  0xed, 0x02, 0xf0, 0x00, 0x75, 0x01, 0x60, 0x05, 0x2d, 0x30, 0xf0, 0x20, 0x6d,
  0x00, 0xf6, 0xa0, 0x9d, 0x04, 0x10, 0x30, 0xf0, 0x20, 0x6d, 0x00, 0xf6, 0xa4,
  0x9d, 0x30, 0xf0, 0x20, 0x6e, 0xa0, 0xf5, 0xd0, 0x9e, 0x94, 0x34, 0xb5, 0xe2,
  0xd1, 0xe4, 0xc0, 0xa4, 0xff, 0x6c, 0xcc, 0xec, 0x80, 0xc5, 0x82, 0x42, 0x1f,
  0xf7, 0x00, 0x6d, 0xac, 0xec, 0x02, 0xf0, 0x00, 0x74, 0x01, 0x60, 0x05, 0x2c,
  0x30, 0xf0, 0x20, 0x6c, 0x40, 0xf5, 0x80, 0x9c, 0x04, 0x10, 0x30, 0xf0, 0x20,
  0x6c, 0x00, 0xf6, 0x88, 0x9c, 0xb8, 0xa3, 0x91, 0xe2, 0xa0, 0xc4, 0x83, 0x42,
  0x1f, 0xf7, 0x00, 0x6d, 0xac, 0xec, 0x02, 0xf0, 0x00, 0x74, 0x01, 0x60, 0x05,
  0x2c, 0x30, 0xf0, 0x20, 0x6c, 0x00, 0xf6, 0x8c, 0x9c, 0x04, 0x10, 0x30, 0xf0,
  0x20, 0x6c, 0x00, 0xf6, 0x90, 0x9c, 0x68, 0xa3, 0x89, 0xe2, 0x60, 0xc2, 0x94,
  0x10, 0x1f, 0xf7, 0x00, 0x6b, 0x4c, 0xeb, 0x05, 0x2b, 0x30, 0xf0, 0x20, 0x6b,
  0x00, 0xf5, 0x7c, 0x9b, 0x04, 0x10, 0x30, 0xf0, 0x20, 0x6b, 0x20, 0xf5, 0x60,
  0x9b, 0x69, 0xe2, 0x81, 0xf4, 0x02, 0x44, 0x30, 0xf0, 0x20, 0x6b, 0x82, 0xf4,
  0x00, 0x4b, 0x08, 0x30, 0x0d, 0xe3, 0x62, 0x9b, 0x60, 0xda, 0x1f, 0xf7, 0x00,
  0x6a, 0xcc, 0xea, 0x05, 0x2a, 0x30, 0xf0, 0x20, 0x6a, 0x00, 0xf5, 0x5c, 0x9a,
  0x04, 0x10, 0x30, 0xf0, 0x20, 0x6a, 0x20, 0xf5, 0x40, 0x9a, 0x14, 0x6b, 0x78,
  0xec, 0x59, 0xe6, 0x30, 0xf0, 0x20, 0x6a, 0x82, 0xf4, 0x00, 0x4a, 0x12, 0xeb,
  0x69, 0xe2, 0x06, 0xf4, 0x50, 0x9a, 0x40, 0xde, 0x1f, 0xf7, 0x00, 0x6a, 0xac,
  0xea, 0x05, 0x2a, 0x30, 0xf0, 0x20, 0x6a, 0x00, 0xf5, 0x5c, 0x9a, 0x04, 0x10,
  0x30, 0xf0, 0x20, 0x6a, 0x20, 0xf5, 0x40, 0x9a, 0x14, 0x6b, 0x78, 0xec, 0x55,
  0xe5, 0x30, 0xf0, 0x20, 0x6a, 0x82, 0xf4, 0x00, 0x4a, 0x12, 0xeb, 0x69, 0xe2,
  0x06, 0xf4, 0x54, 0x9a, 0x40, 0xdd, 0x1f, 0xf7, 0x00, 0x6a, 0xec, 0xea, 0x05,
  0x2a, 0x30, 0xf0, 0x20, 0x6a, 0x00, 0xf5, 0x7c, 0x9a, 0x04, 0x10, 0x30, 0xf0,
  0x20, 0x6a, 0x20, 0xf5, 0x60, 0x9a, 0x30, 0xf0, 0x20, 0x6a, 0x82, 0xf4, 0x00,
  0x4a, 0x49, 0xe4, 0x07, 0xf6, 0x50, 0xa2, 0x6d, 0xe7, 0x40, 0xc3, 0x41, 0x47,
  0x1f, 0xf7, 0x00, 0x6b, 0x6c, 0xea, 0x02, 0xf0, 0x00, 0x72, 0x01, 0x60, 0x05,
  0x2a, 0x30, 0xf0, 0x20, 0x6a, 0x00, 0xf6, 0x60, 0x9a, 0x04, 0x10, 0x30, 0xf0,
  0x20, 0x6a, 0x00, 0xf6, 0x64, 0x9a, 0x30, 0xf0, 0x20, 0x6a, 0x82, 0xf4, 0x00,
  0x4a, 0x49, 0xe4, 0x07, 0xf7, 0x50, 0xa2, 0x6d, 0xe7, 0x40, 0xc3, 0x42, 0x47,
  0x1f, 0xf7, 0x00, 0x6b, 0x6c, 0xea, 0x02, 0xf0, 0x00, 0x72, 0x01, 0x60, 0x05,
  0x2a, 0x30, 0xf0, 0x20, 0x6a, 0x40, 0xf5, 0x40, 0x9a, 0x04, 0x10, 0x30, 0xf0,
  0x20, 0x6a, 0x00, 0xf6, 0x48, 0x9a, 0x5d, 0xe7, 0x30, 0xf0, 0x20, 0x6a, 0x82,
  0xf4, 0x00, 0x4a, 0x51, 0xe4, 0x87, 0xf6, 0x50, 0xa4, 0x40, 0xc7, 0x03, 0x91,
  0x02, 0x90, 0x02, 0x63, 0x20, 0xe8, 0x00, 0x65, 0x20, 0xe8, 0x00, 0x65, 0xaa,
  0xec, 0x64, 0x6a, 0x31, 0x60, 0x2f, 0x24, 0x83, 0xed, 0x2d, 0x61, 0x02, 0xf0,
  0x00, 0x5d, 0x04, 0x6a, 0x0c, 0x61, 0x04, 0xf0, 0x00, 0x5d, 0x03, 0x6a, 0x08,
  0x61, 0x08, 0xf0, 0x00, 0x5d, 0x02, 0x6a, 0x04, 0x61, 0xef, 0xf7, 0x1e, 0x4a,
  0x43, 0xed, 0x58, 0x67, 0xa4, 0xea, 0x84, 0xea, 0x00, 0x6b, 0x01, 0x6a, 0xa6,
  0x35, 0x83, 0xed, 0x11, 0x60, 0x81, 0xf4, 0x00, 0x6e, 0xc7, 0xeb, 0xc9, 0xe2,
  0x01, 0x75, 0xff, 0xf7, 0x1f, 0x6e, 0xcc, 0xea, 0xb3, 0xe4, 0x04, 0x61, 0x02,
  0x5c, 0x04, 0x60, 0x01, 0x74, 0x06, 0x60, 0x02, 0x2c, 0x04, 0x10, 0x02, 0x6d,
  0x01, 0x4b, 0x0c, 0x73, 0xe9, 0x61, 0x5a, 0x32, 0x01, 0x10, 0x00, 0x6a, 0xff,
  0x6b, 0x6c, 0xea, 0x20, 0xe8, 0x00, 0x65, 0x40, 0xa4, 0x60, 0xa5, 0x60, 0xc4,
  0x40, 0xc5, 0x20, 0xe8, 0x00, 0x65, 0xff, 0x6b, 0x6c, 0xed, 0x30, 0xf0, 0x20,
  0x6a, 0xa4, 0x35, 0x42, 0xf3, 0x04, 0x4a, 0x49, 0xe5, 0x40, 0xaa, 0x6c, 0xec,
  0xcc, 0xeb, 0x58, 0xec, 0xff, 0xf7, 0x1f, 0x6c, 0x12, 0xea, 0x8c, 0xea, 0x05,
  0x23, 0x52, 0x35, 0x56, 0x33, 0x6d, 0xe5, 0x49, 0xe3, 0x8c, 0xea, 0x20, 0xe8,
  0x00, 0x65, 0xfc, 0x63, 0x07, 0x62, 0x06, 0xd1, 0x05, 0xd0, 0xff, 0xf7, 0x1f,
  0x6a, 0xec, 0xea, 0x63, 0x9d, 0xe1, 0x9d, 0x82, 0x9d, 0x20, 0x9d, 0xa4, 0x9d,
  0x61, 0xe7, 0xc1, 0xe0, 0xa1, 0xe0, 0x84, 0x36, 0x75, 0xe5, 0xc1, 0xe0, 0xa4,
  0x35, 0xb5, 0xe0, 0x57, 0xe5, 0x00, 0x6a, 0x0a, 0x25, 0x6b, 0xeb, 0xff, 0xe3,
  0x27, 0xe7, 0x93, 0xe1, 0xb1, 0xe4, 0x83, 0xed, 0x64, 0x6a, 0x02, 0x61, 0x00,
  0x18, 0x2d, 0x24, 0x07, 0x97, 0x06, 0x91, 0x05, 0x90, 0x04, 0x63, 0x00, 0xef,
  0xff, 0x6a, 0x4c, 0xec, 0x20, 0x5c, 0x01, 0x6b, 0x03, 0x60, 0xe0, 0x4c, 0x4c,
  0xec, 0x00, 0x6b, 0x68, 0x33, 0x75, 0xe5, 0x01, 0x6b, 0x64, 0xec, 0x80, 0x9d,
  0x00, 0x6a, 0x8c, 0xeb, 0x01, 0x23, 0x01, 0x6a, 0xff, 0x6b, 0x6c, 0xea, 0x20,
  0xe8, 0xff, 0x6b, 0x44, 0x67, 0x6c, 0xea, 0x6c, 0xee, 0x6c, 0xed, 0x82, 0x67,
  0x03, 0x26, 0x88, 0x42, 0xe8, 0x4c, 0x6c, 0xec, 0x20, 0x5c, 0x0b, 0x61, 0x30,
  0xf0, 0x20, 0x6b, 0xa0, 0xf5, 0x7c, 0x9b, 0xac, 0x35, 0xe0, 0x4c, 0x75, 0xe5,
  0xff, 0x6b, 0xa0, 0x9d, 0x6c, 0xec, 0x07, 0x10, 0x30, 0xf0, 0x20, 0x6b, 0xc0,
  0xf5, 0x60, 0x9b, 0xac, 0x35, 0x75, 0xe5, 0xa0, 0x9d, 0x01, 0x6b, 0x64, 0xec,
  0xac, 0xeb, 0x01, 0x2b, 0xff, 0x6a, 0x20, 0xe8, 0xff, 0x6a, 0x8c, 0xea, 0x2a,
  0x6b, 0x78, 0xea, 0x30, 0xf0, 0x20, 0x6b, 0x25, 0xf7, 0x0c, 0x4b, 0x12, 0xea,
  0x49, 0xe3, 0x93, 0xa2, 0x7f, 0x6b, 0x6c, 0xec, 0x93, 0xc2, 0x92, 0xa2, 0x8c,
  0xeb, 0x72, 0xc2, 0x20, 0xe8, 0xff, 0x6a, 0xac, 0xea, 0x20, 0xe8, 0x00, 0x65,
  0xfd, 0x63, 0x05, 0x62, 0x04, 0xd0, 0x7f, 0x68, 0x8c, 0xe8, 0x90, 0x67, 0x00,
  0x18, 0x0d, 0x22, 0x01, 0x6b, 0x12, 0x2a, 0x90, 0x67, 0x00, 0x18, 0x1d, 0x22,
  0x02, 0x6b, 0x0d, 0x2a, 0x90, 0x67, 0x00, 0x18, 0x2d, 0x22, 0x03, 0x6b, 0x08,
  0x2a, 0x90, 0x67, 0x00, 0x18, 0x3e, 0x22, 0x4b, 0xeb, 0x4d, 0xeb, 0xc0, 0xf7,
  0x62, 0x33, 0x68, 0x33, 0x05, 0x97, 0x04, 0x90, 0x43, 0x67, 0x03, 0x63, 0x00,
  0xef, 0x00, 0x65, 0xff, 0x63, 0xff, 0x6b, 0xbd, 0x67, 0x20, 0xf4, 0x0d, 0x6a,
  0x6c, 0xec, 0x40, 0xcd, 0x84, 0x34, 0x20, 0xf4, 0x0f, 0x6a, 0x41, 0xcd, 0x91,
  0xe5, 0x80, 0xac, 0x1f, 0xf7, 0x00, 0x6a, 0x8c, 0xea, 0x02, 0xf0, 0x00, 0x72,
  0x01, 0x60, 0x0a, 0x2a, 0x30, 0xf0, 0x20, 0x6a, 0x00, 0xf5, 0x5c, 0x9a, 0x51,
  0xe4, 0x60, 0xa4, 0x0e, 0x6a, 0x6c, 0xea, 0x46, 0x32, 0x0a, 0x10, 0x30, 0xf0,
  0x20, 0x6a, 0x20, 0xf5, 0x40, 0x9a, 0x51, 0xe4, 0x80, 0xa4, 0x0e, 0x6a, 0x8c,
  0xea, 0x47, 0x32, 0x6c, 0xea, 0x01, 0x63, 0x20, 0xe8, 0xff, 0x63, 0x01, 0xd1,
  0x00, 0xd0, 0xff, 0x68, 0x0c, 0xec, 0x2a, 0x6a, 0x58, 0xec, 0x30, 0xf0, 0x20,
  0x6a, 0x25, 0xf7, 0x0c, 0x4a, 0xcc, 0xe8, 0x60, 0xa5, 0x12, 0xec, 0x91, 0xe2,
  0x30, 0xf0, 0x20, 0x6a, 0x20, 0xf6, 0x4c, 0x9a, 0xe0, 0xa4, 0xc1, 0xa4, 0x40,
  0xa2, 0x1a, 0x65, 0x38, 0x67, 0x20, 0x6a, 0x2c, 0xea, 0x25, 0x2a, 0xff, 0x73,
  0x01, 0x6a, 0x23, 0x60, 0x7f, 0x69, 0x43, 0x67, 0x2c, 0xea, 0x2c, 0xef, 0x43,
  0xef, 0x05, 0x60, 0x80, 0x6e, 0xcb, 0xee, 0x6c, 0xee, 0xed, 0xee, 0x02, 0x10,
  0xc3, 0xea, 0x01, 0x60, 0xc0, 0xc5, 0x46, 0x72, 0x12, 0x61, 0x02, 0x70, 0x10,
  0x61, 0x6f, 0xa4, 0x10, 0x6a, 0x4b, 0xea, 0x6c, 0xea, 0xff, 0x6b, 0x6c, 0xea,
  0x10, 0x72, 0x47, 0x6b, 0x01, 0x60, 0x45, 0x6b, 0x80, 0xa5, 0x80, 0x6a, 0x4b,
  0xea, 0x8c, 0xea, 0x6d, 0xea, 0x40, 0xc5, 0x00, 0x6a, 0x01, 0x91, 0x00, 0x90,
  0x01, 0x63, 0x20, 0xe8, 0x00, 0x65, 0xff, 0x6a, 0x4c, 0xec, 0x2a, 0x6b, 0x78,
  0xec, 0x30, 0xf0, 0x20, 0x6b, 0x25, 0xf7, 0x0c, 0x4b, 0x19, 0x6e, 0xcb, 0xee,
  0x4c, 0xed, 0x12, 0xec, 0x91, 0xe3, 0x72, 0xa4, 0x6c, 0xee, 0x04, 0x6b, 0xcc,
  0xeb, 0x4c, 0xeb, 0xd2, 0xc4, 0x53, 0x23, 0xd0, 0xa4, 0x80, 0x6b, 0x6b, 0xeb,
  0xcc, 0xeb, 0x4c, 0xeb, 0x4d, 0x23, 0xee, 0xa4, 0x07, 0x6e, 0x7f, 0x6b, 0xec,
  0xee, 0x4c, 0xee, 0x03, 0x76, 0xac, 0xeb, 0x1c, 0x61, 0x47, 0x73, 0x06, 0x61,
  0xd1, 0xa4, 0x0c, 0x6a, 0xcc, 0xea, 0x08, 0x72, 0xc5, 0x6a, 0x44, 0x60, 0xc7,
  0x75, 0x02, 0x60, 0x48, 0x75, 0x06, 0x61, 0xd1, 0xa4, 0x0c, 0x6a, 0xcc, 0xea,
  0x08, 0x72, 0x47, 0x6a, 0x3a, 0x60, 0xc5, 0x75, 0x33, 0x60, 0x46, 0x75, 0x31,
  0x60, 0x48, 0x43, 0xc3, 0x4a, 0xff, 0x6e, 0xcc, 0xea, 0x05, 0x5a, 0x13, 0x10,
  0x02, 0x76, 0x07, 0x61, 0xbd, 0x75, 0x29, 0x60, 0x3e, 0x75, 0x27, 0x60, 0xc8,
  0x43, 0xca, 0x4e, 0x08, 0x10, 0x01, 0x76, 0x1e, 0x61, 0xb3, 0x75, 0x22, 0x60,
  0x34, 0x75, 0x20, 0x60, 0xc8, 0x43, 0xd4, 0x4e, 0x4c, 0xee, 0x02, 0x5e, 0x15,
  0x60, 0xbe, 0x35, 0x03, 0x25, 0x01, 0x4b, 0xff, 0x6a, 0x4c, 0xeb, 0x80, 0x6d,
  0x4e, 0x43, 0xab, 0xed, 0xad, 0xea, 0xff, 0x6d, 0xff, 0x4b, 0xac, 0xea, 0xb2,
  0xa4, 0x65, 0xc4, 0x19, 0x6b, 0x6b, 0xeb, 0xac, 0xeb, 0x08, 0x6d, 0xad, 0xeb,
  0x72, 0xc4, 0x20, 0xe8, 0xff, 0x6a, 0x20, 0xe8, 0x45, 0x6a, 0x20, 0xe8, 0x3d,
  0x6a, 0x20, 0xe8, 0x33, 0x6a, 0x20, 0xe8, 0x00, 0x65, 0xff, 0x63, 0x01, 0xd0,
  0xff, 0x6a, 0x4c, 0xec, 0x2a, 0x6b, 0x78, 0xec, 0x30, 0xf0, 0x20, 0x6b, 0x25,
  0xf7, 0x0c, 0x4b, 0x19, 0x6e, 0xcb, 0xee, 0x4c, 0xed, 0x12, 0xec, 0x91, 0xe3,
  0x72, 0xa4, 0x6c, 0xee, 0x04, 0x6b, 0xcc, 0xeb, 0x4c, 0xeb, 0xd2, 0xc4, 0x51,
  0x23, 0xd0, 0xa4, 0x80, 0x6b, 0x6b, 0xeb, 0xcc, 0xeb, 0x4c, 0xeb, 0x4b, 0x23,
  0x0e, 0xa4, 0x07, 0x6f, 0x7f, 0x6b, 0x0c, 0xef, 0x4c, 0xef, 0x80, 0x6e, 0x03,
  0x77, 0xac, 0xeb, 0xac, 0xee, 0x14, 0x61, 0x45, 0x73, 0x09, 0x61, 0xf1, 0xa4,
  0x0c, 0x6a, 0xec, 0xea, 0x08, 0x72, 0x04, 0x61, 0x47, 0x6a, 0x39, 0x2e, 0xc5,
  0x6a, 0x37, 0x10, 0x48, 0x43, 0xc3, 0x4a, 0xff, 0x6f, 0xec, 0xea, 0x04, 0x5a,
  0x30, 0x60, 0x00, 0x6a, 0xc8, 0x75, 0x13, 0x10, 0x02, 0x77, 0x08, 0x61, 0xe8,
  0x43, 0xcb, 0x4f, 0x4c, 0xef, 0x02, 0x5f, 0x26, 0x60, 0x00, 0x6a, 0xbe, 0x75,
  0x09, 0x10, 0x01, 0x77, 0x21, 0x61, 0xe8, 0x43, 0xd5, 0x4f, 0x4c, 0xef, 0x02,
  0x5f, 0x1c, 0x60, 0x00, 0x6a, 0xb4, 0x75, 0x01, 0x60, 0x01, 0x6a, 0x10, 0x22,
  0x03, 0x26, 0x01, 0x4b, 0xff, 0x6a, 0x4c, 0xeb, 0xb2, 0xa4, 0x41, 0x43, 0x45,
  0xc4, 0x19, 0x6a, 0x4b, 0xea, 0xac, 0xea, 0x08, 0x6d, 0xad, 0xea, 0x52, 0xc4,
  0x80, 0x6a, 0x4b, 0xea, 0x03, 0x10, 0x41, 0x43, 0x80, 0x6b, 0x6b, 0xeb, 0x6d,
  0xea, 0xff, 0x6b, 0x6c, 0xea, 0x01, 0x10, 0xff, 0x6a, 0x01, 0x90, 0x01, 0x63,
  0x20, 0xe8, 0x00, 0x65, 0xff, 0x63, 0x01, 0xd1, 0x00, 0xd0, 0xff, 0x6a, 0x8c,
  0xea, 0x05, 0x67, 0x30, 0xf0, 0x20, 0x69, 0x84, 0xf0, 0xa4, 0x42, 0x82, 0xf4,
  0x00, 0x49, 0xa4, 0x35, 0x06, 0x93, 0x35, 0xe5, 0xff, 0xf7, 0x1f, 0x6c, 0x24,
  0xad, 0x8c, 0xee, 0x8c, 0xef, 0x8c, 0xeb, 0xd3, 0xe4, 0x22, 0xec, 0x03, 0x61,
  0x39, 0xe6, 0xc4, 0xcd, 0x03, 0x10, 0x01, 0x6c, 0x8b, 0xec, 0x84, 0xcd, 0x30,
  0xf0, 0x20, 0x6d, 0x04, 0xf0, 0x84, 0x42, 0x82, 0xf4, 0x00, 0x4d, 0x84, 0x34,
  0xb1, 0xe4, 0xa4, 0xac, 0xff, 0xf7, 0x1f, 0x6e, 0xfb, 0xe6, 0xa2, 0xee, 0x03,
  0x61, 0xbd, 0xe7, 0xe4, 0xcc, 0x03, 0x10, 0x01, 0x6d, 0xab, 0xed, 0xa4, 0xcc,
  0x30, 0xf0, 0x20, 0x6c, 0x82, 0xf4, 0x00, 0x4c, 0x08, 0xf2, 0xb0, 0x9c, 0x6f,
  0xee, 0xa3, 0xee, 0xad, 0xe3, 0x02, 0x60, 0x01, 0x6b, 0x6b, 0xeb, 0x08, 0xf2,
  0x70, 0xdc, 0x30, 0xf0, 0x20, 0x6c, 0x04, 0xf1, 0x64, 0x42, 0x82, 0xf4, 0x00,
  0x4c, 0x64, 0x33, 0x07, 0x96, 0x8d, 0xe3, 0x86, 0xab, 0xff, 0xf7, 0x1f, 0x6d,
  0xd7, 0xe5, 0x83, 0xed, 0x91, 0xe6, 0x02, 0x60, 0x01, 0x6c, 0x8b, 0xec, 0x86,
  0xcb, 0x84, 0xf1, 0x04, 0x4a, 0x30, 0xf0, 0x20, 0x6b, 0x82, 0xf4, 0x00, 0x4b,
  0x44, 0x32, 0x69, 0xe2, 0x66, 0xaa, 0xff, 0xf7, 0x1f, 0x6c, 0x13, 0xe4, 0x63,
  0xec, 0x03, 0x61, 0x61, 0xe0, 0x06, 0xca, 0x03, 0x10, 0x01, 0x6b, 0x6b, 0xeb,
  0x66, 0xca, 0x01, 0x91, 0x00, 0x90, 0x01, 0x63, 0x20, 0xe8, 0x00, 0x65, 0xff,
  0x6b, 0x6c, 0xed, 0x6c, 0xec, 0x0f, 0x2d, 0x48, 0x44, 0xfc, 0x4a, 0x6c, 0xea,
  0x08, 0x5a, 0x1d, 0x61, 0x48, 0x44, 0xf4, 0x4a, 0x6c, 0xea, 0x08, 0x5a, 0x16,
  0x61, 0x48, 0x44, 0xec, 0x4a, 0x6c, 0xea, 0x08, 0x5a, 0x0e, 0x10, 0x48, 0x44,
  0xdc, 0x4a, 0x6c, 0xea, 0x0a, 0x5a, 0x0e, 0x61, 0x48, 0x44, 0xd2, 0x4a, 0x6c,
  0xea, 0x0a, 0x5a, 0x07, 0x61, 0x48, 0x44, 0xc8, 0x4a, 0x6c, 0xea, 0x0a, 0x5a,
  0x03, 0x6a, 0x06, 0x61, 0x04, 0x10, 0x02, 0x6a, 0x03, 0x10, 0x01, 0x6a, 0x01,
  0x10, 0x00, 0x6a, 0x30, 0xf0, 0x20, 0x6b, 0xab, 0xf0, 0x61, 0xa3, 0x03, 0x73,
  0x22, 0x61, 0x03, 0x72, 0x35, 0x60, 0x02, 0x72, 0x11, 0x61, 0x08, 0x2d, 0x30,
  0xf0, 0x20, 0x6a, 0xe2, 0xf3, 0x1c, 0x4a, 0x51, 0xe4, 0xff, 0xf7, 0x4c, 0xa4,
  0x20, 0xe8, 0x30, 0xf0, 0x20, 0x6a, 0x02, 0xf4, 0x1c, 0x4a, 0x51, 0xe4, 0xdf,
  0xf7, 0x4a, 0xa4, 0x20, 0xe8, 0x01, 0x72, 0x22, 0x61, 0x05, 0x2d, 0x30, 0xf0,
  0x20, 0x6a, 0xe2, 0xf3, 0x14, 0x4a, 0x0e, 0x10, 0x30, 0xf0, 0x20, 0x6a, 0x02,
  0xf4, 0x10, 0x4a, 0x11, 0x10, 0x02, 0x72, 0x13, 0x60, 0x01, 0x72, 0x13, 0x61,
  0x08, 0x2d, 0x30, 0xf0, 0x20, 0x6a, 0xe2, 0xf3, 0x0c, 0x4a, 0x51, 0xe4, 0xff,
  0xf7, 0x54, 0xa4, 0x20, 0xe8, 0x30, 0xf0, 0x20, 0x6a, 0x02, 0xf4, 0x04, 0x4a,
  0x51, 0xe4, 0xdf, 0xf7, 0x54, 0xa4, 0x20, 0xe8, 0x44, 0x67, 0x20, 0xe8, 0x00,
  0x6a, 0x20, 0xe8, 0xfb, 0x63, 0x09, 0x62, 0x08, 0xd1, 0x07, 0xd0, 0x30, 0xf0,
  0x20, 0x6a, 0x62, 0xf4, 0x7a, 0xa2, 0x28, 0x5b, 0x0f, 0x61, 0x00, 0x6b, 0x62,
  0xf4, 0x7a, 0xc2, 0x30, 0xf0, 0x20, 0x6a, 0x20, 0xf6, 0x4c, 0x9a, 0x40, 0xa2,
  0x00, 0xf6, 0x40, 0x32, 0x00, 0xf6, 0x43, 0x32, 0x00, 0x52, 0x23, 0x60, 0x04,
  0x10, 0x01, 0x4b, 0x62, 0xf4, 0x7a, 0xc2, 0x1e, 0x10, 0x30, 0xf0, 0x20, 0x68,
  0x25, 0xf7, 0x19, 0x48, 0x00, 0x69, 0x91, 0x67, 0x00, 0x18, 0x7b, 0x1e, 0x60,
  0xa0, 0xec, 0xa0, 0x30, 0xf0, 0x20, 0x6c, 0x04, 0xd3, 0xff, 0xf7, 0x7f, 0xa0,
  0xb1, 0x67, 0xc2, 0x67, 0x81, 0xf1, 0x00, 0x4c, 0x01, 0x49, 0x05, 0xd3, 0x00,
  0x18, 0x28, 0x20, 0x00, 0x6a, 0x03, 0x71, 0xff, 0xf7, 0x5f, 0xc0, 0x40, 0xc0,
  0x2a, 0x48, 0xe7, 0x61, 0x09, 0x97, 0x08, 0x91, 0x07, 0x90, 0x05, 0x63, 0x00,
  0xef, 0xfb, 0x63, 0x09, 0x62, 0x08, 0xd1, 0x07, 0xd0, 0xff, 0x6a, 0x4c, 0xec,
  0x2a, 0x68, 0x18, 0xec, 0x4c, 0xef, 0x30, 0xf0, 0x20, 0x6b, 0x0c, 0xd6, 0x0b,
  0xd5, 0x05, 0xd7, 0x25, 0xf7, 0x0c, 0x4b, 0x20, 0xa5, 0x12, 0xe8, 0x01, 0xe3,
  0x60, 0xa6, 0x04, 0xd3, 0xb1, 0xa0, 0x03, 0x6b, 0x04, 0x96, 0xac, 0xeb, 0x83,
  0x67, 0x4c, 0xec, 0xc2, 0xec, 0x03, 0x60, 0x0c, 0x92, 0x60, 0xc2, 0xb0, 0x10,
  0xa0, 0xf0, 0x0e, 0x24, 0x2f, 0x59, 0xa0, 0xf0, 0x0b, 0x60, 0x30, 0x6b, 0xac,
  0xeb, 0x4c, 0xeb, 0xa0, 0xf0, 0x06, 0x23, 0x30, 0xf0, 0x20, 0x6a, 0x82, 0xf4,
  0x00, 0x4a, 0x62, 0xf7, 0x74, 0x9a, 0x01, 0x6c, 0x8c, 0xeb, 0x0d, 0x23, 0x62,
  0xf7, 0x58, 0x9a, 0x05, 0x5a, 0x09, 0x61, 0x05, 0x95, 0x04, 0x96, 0x30, 0xf0,
  0x20, 0x6c, 0x81, 0xf1, 0x1c, 0x4c, 0xf1, 0x67, 0x00, 0x18, 0x28, 0x20, 0x05,
  0x93, 0x01, 0x73, 0x03, 0x60, 0x05, 0x6b, 0x01, 0x6a, 0x47, 0x10, 0x04, 0x6b,
  0x00, 0x6a, 0x44, 0x10, 0x05, 0x94, 0x01, 0x74, 0x02, 0x61, 0x01, 0x4a, 0x01,
  0x10, 0xff, 0x4a, 0xff, 0x6b, 0x6c, 0xea, 0x30, 0xf0, 0x20, 0x6b, 0x48, 0x34,
  0x40, 0xf0, 0x0c, 0x4b, 0x6d, 0xe4, 0xc0, 0xab, 0xff, 0x6c, 0x03, 0x6d, 0x66,
  0x67, 0x8c, 0xeb, 0x04, 0xd3, 0xc2, 0x33, 0x8c, 0xeb, 0x91, 0xa0, 0x00, 0x69,
  0xe4, 0x67, 0xac, 0xef, 0x62, 0xef, 0x08, 0x61, 0x0d, 0x6f, 0x6c, 0xed, 0xeb,
  0xef, 0xa8, 0x35, 0x8c, 0xef, 0xad, 0xef, 0xf1, 0xc0, 0x01, 0x69, 0x30, 0xf0,
  0x20, 0x6c, 0x40, 0xf0, 0x0c, 0x4c, 0x48, 0x32, 0x49, 0xe4, 0xe1, 0xaa, 0xb1,
  0xa0, 0x03, 0x6c, 0xe2, 0x32, 0xac, 0xec, 0x42, 0xec, 0x36, 0x61, 0xe5, 0xc0,
  0x20, 0xf0, 0x48, 0xc0, 0x45, 0xa0, 0xff, 0x72, 0x30, 0x60, 0x92, 0xa0, 0x19,
  0x6a, 0x4b, 0xea, 0x8c, 0xea, 0x08, 0x6c, 0x8d, 0xea, 0x52, 0xc0, 0x28, 0x10,
  0x01, 0x4a, 0xff, 0x6c, 0x8c, 0xea, 0x63, 0xea, 0x4a, 0x60, 0x30, 0xf0, 0x20,
  0x6c, 0x48, 0x35, 0x40, 0xf0, 0x0c, 0x4c, 0x91, 0xe5, 0xa0, 0xac, 0xff, 0x6c,
  0xc5, 0x67, 0x8c, 0xee, 0x2e, 0xee, 0x05, 0x2e, 0xa2, 0x35, 0x8c, 0xed, 0x04,
  0x94, 0x8e, 0xed, 0xab, 0x25, 0x30, 0xf0, 0x20, 0x6c, 0x48, 0x35, 0x40, 0xf0,
  0x0c, 0x4c, 0xb1, 0xe4, 0xa1, 0xac, 0xff, 0x6c, 0xc5, 0x67, 0x8c, 0xee, 0x2e,
  0xee, 0xde, 0x2e, 0x04, 0x96, 0xa2, 0x35, 0x8c, 0xed, 0xce, 0xed, 0xd9, 0x2d,
  0x99, 0x17, 0x00, 0x68, 0x09, 0x21, 0x5d, 0x67, 0x87, 0x42, 0x09, 0x4c, 0x0b,
  0x92, 0x80, 0xa4, 0x01, 0x68, 0x80, 0xc2, 0x0c, 0x92, 0x60, 0xc2, 0x30, 0xf0,
  0x20, 0x6a, 0x82, 0xf4, 0x00, 0x4a, 0x62, 0xf7, 0x74, 0x9a, 0x01, 0x6c, 0x8c,
  0xeb, 0x0d, 0x23, 0x62, 0xf7, 0x58, 0x9a, 0x05, 0x5a, 0x09, 0x61, 0x30, 0xf0,
  0x20, 0x6c, 0xa1, 0xf1, 0x18, 0x4c, 0xb0, 0x67, 0x00, 0x18, 0x28, 0x20, 0x01,
  0x10, 0x00, 0x68, 0x50, 0x67, 0x09, 0x97, 0x08, 0x91, 0x07, 0x90, 0x05, 0x63,
  0x00, 0xef, 0x00, 0x68, 0xf0, 0x67, 0xd0, 0x67, 0xe0, 0x17, 0x00, 0x65, 0xfd,
  0x63, 0x05, 0x62, 0xff, 0x6a, 0x4c, 0xec, 0x65, 0x67, 0x01, 0x74, 0x4c, 0xeb,
  0x4c, 0xee, 0xc0, 0xf0, 0x08, 0x61, 0xc0, 0xf0, 0x06, 0x2e, 0x8c, 0x43, 0x4c,
  0xec, 0x08, 0x5c, 0x1b, 0x60, 0x30, 0xf0, 0x20, 0x6a, 0x82, 0xf4, 0x00, 0x4a,
  0x62, 0xf7, 0x94, 0x9a, 0x01, 0x6d, 0xac, 0xec, 0xa0, 0xf0, 0x18, 0x24, 0x62,
  0xf7, 0x58, 0x9a, 0x05, 0x5a, 0xa0, 0xf0, 0x13, 0x61, 0x30, 0xf0, 0x20, 0x6a,
  0x01, 0xf6, 0x14, 0x4a, 0x4d, 0xe3, 0x30, 0xf0, 0x20, 0x6c, 0xc1, 0xf1, 0x10,
  0x4c, 0xff, 0xf7, 0xbc, 0xa3, 0xa5, 0x10, 0x04, 0x5b, 0x1a, 0x60, 0x30, 0xf0,
  0x20, 0x6a, 0x82, 0xf4, 0x00, 0x4a, 0x62, 0xf7, 0x94, 0x9a, 0x01, 0x6d, 0xac,
  0xec, 0x80, 0xf0, 0x1b, 0x24, 0x62, 0xf7, 0x58, 0x9a, 0x05, 0x5a, 0x80, 0xf0,
  0x16, 0x61, 0x30, 0xf0, 0x20, 0x6a, 0x01, 0xf6, 0x1c, 0x4a, 0x4d, 0xe3, 0x30,
  0xf0, 0x20, 0x6c, 0xc1, 0xf1, 0x1c, 0x4c, 0xa0, 0xa3, 0x89, 0x10, 0x30, 0xf0,
  0x20, 0x6c, 0x82, 0xf4, 0x00, 0x4c, 0xe3, 0xf2, 0xc7, 0xa4, 0x30, 0x6d, 0xcc,
  0xed, 0x4c, 0xed, 0x10, 0x75, 0x3d, 0x61, 0xa8, 0x43, 0xdc, 0x4d, 0xc5, 0x67,
  0x4c, 0xee, 0x0a, 0x5e, 0x0e, 0x60, 0x62, 0xf7, 0x54, 0x9c, 0x01, 0x6b, 0x6c,
  0xea, 0x75, 0x22, 0x62, 0xf7, 0x58, 0x9c, 0x05, 0x5a, 0x71, 0x61, 0x30, 0xf0,
  0x20, 0x6c, 0xe1, 0xf1, 0x08, 0x4c, 0x6a, 0x10, 0xa8, 0x43, 0xd2, 0x4d, 0xc5,
  0x67, 0x4c, 0xee, 0x0a, 0x5e, 0x0e, 0x60, 0x62, 0xf7, 0x54, 0x9c, 0x01, 0x6b,
  0x6c, 0xea, 0x61, 0x22, 0x62, 0xf7, 0x58, 0x9c, 0x05, 0x5a, 0x5d, 0x61, 0x30,
  0xf0, 0x20, 0x6c, 0xe1, 0xf1, 0x14, 0x4c, 0x56, 0x10, 0xa8, 0x43, 0xc8, 0x4d,
  0x4c, 0xed, 0x0a, 0x5d, 0x53, 0x60, 0x62, 0xf7, 0x54, 0x9c, 0x01, 0x6d, 0xac,
  0xea, 0x4e, 0x22, 0x62, 0xf7, 0x58, 0x9c, 0x05, 0x5a, 0x4a, 0x61, 0x30, 0xf0,
  0x20, 0x6c, 0xa8, 0x43, 0x01, 0xf2, 0x00, 0x4c, 0xc8, 0x4d, 0x41, 0x10, 0x42,
  0x2d, 0xa8, 0x43, 0xfc, 0x4d, 0x4c, 0xed, 0x0a, 0x5d, 0x10, 0x60, 0x62, 0xf7,
  0x54, 0x9c, 0x01, 0x6d, 0xac, 0xea, 0x38, 0x22, 0x62, 0xf7, 0x58, 0x9c, 0x05,
  0x5a, 0x34, 0x61, 0x30, 0xf0, 0x20, 0x6c, 0xa8, 0x43, 0x01, 0xf2, 0x0c, 0x4c,
  0xdc, 0x4d, 0x2b, 0x10, 0xa8, 0x43, 0xf2, 0x4d, 0x4c, 0xed, 0x0a, 0x5d, 0x10,
  0x60, 0x62, 0xf7, 0x54, 0x9c, 0x01, 0x6d, 0xac, 0xea, 0x23, 0x22, 0x62, 0xf7,
  0x58, 0x9c, 0x05, 0x5a, 0x1f, 0x61, 0x30, 0xf0, 0x20, 0x6c, 0xa8, 0x43, 0x01,
  0xf2, 0x18, 0x4c, 0xf2, 0x4d, 0x16, 0x10, 0xa8, 0x43, 0xe8, 0x4d, 0x4c, 0xed,
  0x04, 0x5d, 0x13, 0x60, 0x62, 0xf7, 0x54, 0x9c, 0x01, 0x6c, 0x8c, 0xea, 0x0e,
  0x22, 0x30, 0xf0, 0x20, 0x6a, 0xe5, 0xf3, 0x58, 0x9a, 0x05, 0x5a, 0x08, 0x61,
  0x30, 0xf0, 0x20, 0x6c, 0xa8, 0x43, 0x21, 0xf2, 0x04, 0x4c, 0xe8, 0x4d, 0x00,
  0x18, 0x28, 0x20, 0x05, 0x97, 0x03, 0x63, 0x00, 0xef, 0x00, 0x65, 0xfd, 0x63,
  0x05, 0x62, 0xff, 0x6b, 0x44, 0x67, 0x6c, 0xea, 0xac, 0xeb, 0x01, 0x73, 0x0b,
  0x60, 0x03, 0x23, 0x02, 0x73, 0x0f, 0x60, 0x16, 0x10, 0x30, 0xf0, 0x20, 0x6b,
  0x82, 0xf4, 0x00, 0x4b, 0x6d, 0xe2, 0x01, 0x6c, 0x0d, 0x10, 0x30, 0xf0, 0x20,
  0x6b, 0x82, 0xf4, 0x00, 0x4b, 0x6d, 0xe2, 0x03, 0x6c, 0x06, 0x10, 0x30, 0xf0,
  0x20, 0x6b, 0x82, 0xf4, 0x00, 0x4b, 0x6d, 0xe2, 0x07, 0x6c, 0xa3, 0xf2, 0x84,
  0xc3, 0x30, 0xf0, 0x20, 0x6b, 0x82, 0xf4, 0x00, 0x4b, 0x62, 0xf7, 0x94, 0x9b,
  0x10, 0x6d, 0xac, 0xec, 0x0e, 0x24, 0x62, 0xf7, 0x98, 0x9b, 0x05, 0x5c, 0x0a,
  0x61, 0x6d, 0xe2, 0xa3, 0xf2, 0xc4, 0xa3, 0x30, 0xf0, 0x20, 0x6c, 0x21, 0xf2,
  0x10, 0x4c, 0xa2, 0x67, 0x00, 0x18, 0x28, 0x20, 0x05, 0x97, 0x03, 0x63, 0x00,
  0xef, 0xfc, 0x63, 0x07, 0x62, 0xff, 0x6e, 0x44, 0x67, 0x20, 0xf4, 0x0d, 0x6b,
  0x9d, 0x67, 0x68, 0xcc, 0xcc, 0xea, 0x20, 0xf4, 0x0f, 0x6b, 0x69, 0xcc, 0x44,
  0x33, 0x6d, 0xe4, 0x68, 0xab, 0x1f, 0xf7, 0x00, 0x6c, 0xac, 0xee, 0x6c, 0xec,
  0x02, 0xf0, 0x00, 0x74, 0x01, 0x60, 0x05, 0x2c, 0x30, 0xf0, 0x20, 0x6c, 0x00,
  0xf5, 0x9c, 0x9c, 0x04, 0x10, 0x30, 0xf0, 0x20, 0x6c, 0x20, 0xf5, 0x80, 0x9c,
  0x91, 0xe3, 0xa0, 0xa4, 0xf1, 0x6c, 0xac, 0xec, 0xc4, 0x35, 0x8d, 0xed, 0x00,
  0xf6, 0xa0, 0x34, 0x00, 0xf6, 0x83, 0x34, 0xff, 0x6d, 0xac, 0xec, 0x1f, 0xf7,
  0x00, 0x6d, 0x6c, 0xed, 0x02, 0xf0, 0x00, 0x75, 0x01, 0x60, 0x05, 0x2d, 0x30,
  0xf0, 0x20, 0x6d, 0x00, 0xf5, 0xbc, 0x9d, 0x04, 0x10, 0x30, 0xf0, 0x20, 0x6d,
  0x20, 0xf5, 0xa0, 0x9d, 0xad, 0xe3, 0x80, 0xc3, 0x30, 0xf0, 0x20, 0x6b, 0x82,
  0xf4, 0x00, 0x4b, 0x62, 0xf7, 0x94, 0x9b, 0x10, 0x6d, 0xac, 0xec, 0x0b, 0x24,
  0x62, 0xf7, 0x78, 0x9b, 0x05, 0x5b, 0x07, 0x61, 0x30, 0xf0, 0x20, 0x6c, 0x41,
  0xf2, 0x08, 0x4c, 0xa2, 0x67, 0x00, 0x18, 0x28, 0x20, 0x07, 0x97, 0x04, 0x63,
  0x00, 0xef, 0x00, 0x65, 0xfb, 0x63, 0x09, 0x62, 0x08, 0xd1, 0x07, 0xd0, 0xff,
  0x69, 0x30, 0xf0, 0x20, 0x68, 0x8c, 0xe9, 0x82, 0xf4, 0x00, 0x48, 0x09, 0xe1,
  0xa3, 0xf2, 0xa4, 0xa2, 0x91, 0x67, 0x04, 0xd2, 0x00, 0x18, 0xcb, 0x26, 0x62,
  0xf7, 0x54, 0x98, 0x10, 0x6b, 0x6c, 0xea, 0x0e, 0x22, 0x62, 0xf7, 0x58, 0x98,
  0x05, 0x5a, 0x0a, 0x61, 0x04, 0x92, 0x30, 0xf0, 0x20, 0x6c, 0x61, 0xf2, 0x00,
  0x4c, 0xa3, 0xf2, 0xc4, 0xa2, 0xb1, 0x67, 0x00, 0x18, 0x28, 0x20, 0x09, 0x97,
  0x08, 0x91, 0x07, 0x90, 0x05, 0x63, 0x00, 0xef, 0x00, 0x65, 0xf8, 0x63, 0x0f,
  0x62, 0x0e, 0xd1, 0x0d, 0xd0, 0x30, 0xf0, 0x20, 0x6b, 0xff, 0x6a, 0x20, 0xf6,
  0x70, 0x9b, 0x4c, 0xec, 0x08, 0xd4, 0x00, 0xa3, 0x10, 0x6b, 0x30, 0xf0, 0x20,
  0x69, 0x6c, 0xe8, 0x13, 0x30, 0x4c, 0xe8, 0x82, 0xf4, 0x00, 0x49, 0x35, 0xe0,
  0xa3, 0xf2, 0x40, 0xa5, 0x06, 0xd5, 0x82, 0x67, 0x07, 0xd2, 0x00, 0x18, 0x7b,
  0x1e, 0x82, 0x67, 0x09, 0xd2, 0x00, 0x18, 0x92, 0x24, 0x06, 0x93, 0x0a, 0xd2,
  0x62, 0xf7, 0x54, 0x99, 0xa3, 0xf2, 0x62, 0xa3, 0x10, 0x6d, 0xac, 0xea, 0x06,
  0xd3, 0x10, 0x22, 0x62, 0xf7, 0x58, 0x99, 0x05, 0x5a, 0x0c, 0x61, 0xa3, 0xf2,
  0x48, 0xa1, 0x07, 0x95, 0x08, 0x96, 0x09, 0x97, 0x30, 0xf0, 0x20, 0x6c, 0x61,
  0xf2, 0x18, 0x4c, 0x04, 0xd2, 0x00, 0x18, 0x28, 0x20, 0x08, 0x92, 0x12, 0x22,
  0x30, 0xf0, 0x20, 0x6a, 0x82, 0xf4, 0x00, 0x4a, 0xa3, 0xf2, 0xa7, 0xa2, 0x01,
  0x6c, 0x64, 0x67, 0x64, 0xe8, 0xad, 0xeb, 0xa3, 0xf2, 0x67, 0xc2, 0x06, 0x93,
  0x0a, 0x95, 0x01, 0x4b, 0xae, 0xeb, 0x27, 0x2b, 0x0d, 0x10, 0x30, 0xf0, 0x20,
  0x6a, 0x82, 0xf4, 0x00, 0x4a, 0xa3, 0xf2, 0x87, 0xa2, 0x01, 0x6b, 0x64, 0xe8,
  0x6f, 0xeb, 0x8c, 0xeb, 0xa3, 0xf2, 0x67, 0xc2, 0x19, 0x10, 0xa3, 0xf2, 0x68,
  0xa2, 0x67, 0xe8, 0x8c, 0xeb, 0x14, 0x23, 0x62, 0xf7, 0x74, 0x9a, 0x10, 0x6c,
  0x8c, 0xeb, 0x0b, 0x23, 0x62, 0xf7, 0x58, 0x9a, 0x05, 0x5a, 0x07, 0x61, 0x30,
  0xf0, 0x20, 0x6c, 0x81, 0xf2, 0x18, 0x4c, 0xb0, 0x67, 0x00, 0x18, 0x28, 0x20,
  0x90, 0x67, 0x00, 0x18, 0xf6, 0x26, 0x18, 0x10, 0x30, 0xf0, 0x20, 0x6a, 0x82,
  0xf4, 0x00, 0x4a, 0x62, 0xf7, 0x74, 0x9a, 0x10, 0x6c, 0x8c, 0xeb, 0x0b, 0x23,
  0x62, 0xf7, 0x58, 0x9a, 0x05, 0x5a, 0x07, 0x61, 0x30, 0xf0, 0x20, 0x6c, 0xa1,
  0xf2, 0x04, 0x4c, 0xb0, 0x67, 0x00, 0x18, 0x28, 0x20, 0x90, 0x67, 0x00, 0x6d,
  0x00, 0x18, 0xcb, 0x26, 0x0f, 0x97, 0x0e, 0x91, 0x0d, 0x90, 0x08, 0x63, 0x00,
  0xef, 0x00, 0x65, 0xf8, 0x63, 0x0f, 0x62, 0x0e, 0xd1, 0x0d, 0xd0, 0xff, 0x6a,
  0x8c, 0xea, 0x30, 0xf0, 0x20, 0x69, 0x06, 0xd2, 0x25, 0xf7, 0x00, 0x49, 0x00,
  0x68, 0x40, 0xa1, 0x06, 0x93, 0x6e, 0xea, 0x80, 0xf0, 0x1d, 0x2a, 0x30, 0xf0,
  0x20, 0x6a, 0x82, 0xf4, 0x00, 0x4a, 0x07, 0xd2, 0xa3, 0xf2, 0x46, 0xa2, 0x01,
  0x6b, 0x47, 0xe8, 0x6c, 0xea, 0x80, 0xf0, 0x11, 0x22, 0x06, 0x94, 0x00, 0x18,
  0x7b, 0x1e, 0x62, 0xa1, 0x82, 0x67, 0x09, 0xd2, 0x08, 0xd3, 0x00, 0x18, 0x92,
  0x24, 0x07, 0x93, 0x0a, 0xd2, 0x62, 0xf7, 0x54, 0x9b, 0x10, 0x6b, 0x6c, 0xea,
  0x10, 0x22, 0x07, 0x93, 0x62, 0xf7, 0x58, 0x9b, 0x05, 0x5a, 0x0b, 0x61, 0x08,
  0x92, 0x06, 0x95, 0x09, 0x97, 0x30, 0xf0, 0x20, 0x6c, 0xa1, 0xf2, 0x10, 0x4c,
  0xd0, 0x67, 0x04, 0xd2, 0x00, 0x18, 0x28, 0x20, 0x08, 0x92, 0x0a, 0x93, 0x01,
  0x4a, 0x62, 0xea, 0x21, 0x60, 0x90, 0x67, 0x00, 0x6d, 0x00, 0x18, 0xcb, 0x26,
  0x30, 0xf0, 0x20, 0x6a, 0x82, 0xf4, 0x00, 0x4a, 0xa3, 0xf2, 0x88, 0xa2, 0x01,
  0x6b, 0x64, 0xe8, 0x6f, 0xeb, 0x8c, 0xeb, 0xa3, 0xf2, 0x68, 0xc2, 0x62, 0xf7,
  0x74, 0x9a, 0x10, 0x6c, 0x8c, 0xeb, 0x57, 0x23, 0x62, 0xf7, 0x58, 0x9a, 0x05,
  0x5a, 0x53, 0x61, 0x30, 0xf0, 0x20, 0x6c, 0xc1, 0xf2, 0x18, 0x4c, 0xb0, 0x67,
  0x00, 0x18, 0x28, 0x20, 0x4b, 0x10, 0x30, 0xf0, 0x20, 0x6a, 0x82, 0xf4, 0x00,
  0x4a, 0xa3, 0xf2, 0x88, 0xa2, 0x01, 0x6b, 0x64, 0xe8, 0x8d, 0xeb, 0xa3, 0xf2,
  0x68, 0xc2, 0x62, 0xf7, 0x74, 0x9a, 0x10, 0x6c, 0x8c, 0xeb, 0x0b, 0x23, 0x62,
  0xf7, 0x58, 0x9a, 0x05, 0x5a, 0x07, 0x61, 0x30, 0xf0, 0x20, 0x6c, 0xe1, 0xf2,
  0x04, 0x4c, 0xb0, 0x67, 0x00, 0x18, 0x28, 0x20, 0x30, 0xf0, 0x20, 0x6a, 0x82,
  0xf4, 0x00, 0x4a, 0xa3, 0xf2, 0x67, 0xa2, 0x01, 0x6c, 0x67, 0xe8, 0x8c, 0xeb,
  0x13, 0x23, 0x62, 0xf7, 0x74, 0x9a, 0x10, 0x6c, 0x8c, 0xeb, 0x0a, 0x23, 0x62,
  0xf7, 0x58, 0x9a, 0x05, 0x5a, 0x06, 0x61, 0x30, 0xf0, 0x20, 0x6c, 0xe1, 0xf2,
  0x10, 0x4c, 0x00, 0x18, 0x28, 0x20, 0x90, 0x67, 0x00, 0x18, 0xf6, 0x26, 0x13,
  0x10, 0x62, 0xf7, 0x74, 0x9a, 0x10, 0x6c, 0x8c, 0xeb, 0x0a, 0x23, 0x62, 0xf7,
  0x58, 0x9a, 0x05, 0x5a, 0x06, 0x61, 0x30, 0xf0, 0x20, 0x6c, 0xe1, 0xf2, 0x1c,
  0x4c, 0x00, 0x18, 0x28, 0x20, 0x90, 0x67, 0x00, 0x6d, 0x00, 0x18, 0xcb, 0x26,
  0x01, 0x48, 0x02, 0x70, 0x01, 0x49, 0x5f, 0xf7, 0x19, 0x61, 0x0f, 0x97, 0x0e,
  0x91, 0x0d, 0x90, 0x08, 0x63, 0x00, 0xef, 0xf8, 0x63, 0x0f, 0x62, 0x0e, 0xd1,
  0x0d, 0xd0, 0xff, 0x6a, 0x4c, 0xee, 0x2a, 0x68, 0x18, 0xee, 0x30, 0xf0, 0x20,
  0x6b, 0x25, 0xf7, 0x0c, 0x4b, 0x4c, 0xec, 0x4c, 0xef, 0x4c, 0xed, 0x07, 0xd6,
  0x08, 0xd7, 0x12, 0xe8, 0x01, 0xe3, 0x7f, 0x6b, 0x6c, 0xec, 0x1f, 0x2d, 0x0c,
  0x5c, 0x07, 0x60, 0x30, 0xf0, 0x20, 0x69, 0x41, 0xf7, 0x04, 0x49, 0x85, 0xe1,
  0x01, 0x6a, 0x37, 0x10, 0x08, 0x93, 0xf4, 0x4c, 0x4c, 0xec, 0x08, 0x2b, 0x03,
  0x69, 0x38, 0xec, 0x30, 0xf0, 0x20, 0x6a, 0xa2, 0xf0, 0x14, 0x4a, 0x12, 0xec,
  0x29, 0x10, 0xe0, 0x4c, 0x4c, 0xec, 0x03, 0x69, 0x38, 0xec, 0x30, 0xf0, 0x20,
  0x6a, 0x42, 0xf0, 0x18, 0x4a, 0x12, 0xec, 0x1f, 0x10, 0x0c, 0x5c, 0x08, 0x60,
  0x30, 0xf0, 0x20, 0x69, 0x41, 0xf7, 0x10, 0x49, 0x01, 0x6b, 0x85, 0xe1, 0x06,
  0xd3, 0x18, 0x10, 0x08, 0x95, 0xf4, 0x4c, 0x4c, 0xec, 0x08, 0x2d, 0x03, 0x69,
  0x38, 0xec, 0x30, 0xf0, 0x20, 0x6a, 0x42, 0xf1, 0x18, 0x4a, 0x12, 0xec, 0x09,
  0x10, 0xe0, 0x4c, 0x4c, 0xec, 0x03, 0x69, 0x38, 0xec, 0x30, 0xf0, 0x20, 0x6a,
  0xe2, 0xf0, 0x1c, 0x4a, 0x12, 0xec, 0x85, 0xe2, 0x00, 0x6a, 0x06, 0xd2, 0x07,
  0x93, 0x03, 0x5b, 0x2b, 0x60, 0x30, 0xf0, 0x20, 0x6a, 0x82, 0xf4, 0x00, 0x4a,
  0x62, 0xf7, 0x74, 0x9a, 0x01, 0x6c, 0x8c, 0xeb, 0x0d, 0x23, 0x62, 0xf7, 0x58,
  0x9a, 0x05, 0x5a, 0x09, 0x61, 0xa0, 0xa1, 0xc1, 0xa1, 0xe2, 0xa1, 0x30, 0xf0,
  0x20, 0x6c, 0x01, 0xf3, 0x08, 0x4c, 0x00, 0x18, 0x28, 0x20, 0x30, 0xf0, 0x20,
  0x6a, 0x82, 0xf4, 0x00, 0x4a, 0x62, 0xf7, 0x74, 0x9a, 0x01, 0x6c, 0x8c, 0xeb,
  0x0c, 0x23, 0x62, 0xf7, 0x58, 0x9a, 0x05, 0x5a, 0x08, 0x61, 0x06, 0x95, 0x30,
  0xf0, 0x20, 0x6c, 0x01, 0xf3, 0x1c, 0x4c, 0x03, 0x6e, 0x00, 0x18, 0x28, 0x20,
  0x07, 0x94, 0xc0, 0xa1, 0x04, 0x6d, 0x00, 0x18, 0x84, 0x22, 0x07, 0x94, 0xc1,
  0xa1, 0x05, 0x6d, 0x00, 0x18, 0x84, 0x22, 0x07, 0x94, 0xc2, 0xa1, 0x06, 0x6d,
  0x00, 0x18, 0x84, 0x22, 0x06, 0x94, 0x0d, 0x2c, 0x01, 0x6a, 0x4b, 0xea, 0xbd,
  0x67, 0x00, 0x6e, 0x0a, 0xd1, 0x50, 0xc5, 0x51, 0xc5, 0x52, 0xc5, 0x06, 0xd6,
  0x26, 0x67, 0x09, 0xd6, 0x0b, 0xd0, 0x0b, 0x10, 0x80, 0xa1, 0x07, 0x95, 0x08,
  0x96, 0x00, 0x18, 0x75, 0x24, 0x92, 0xa0, 0x19, 0x6b, 0x6b, 0xeb, 0x8c, 0xeb,
  0x72, 0xc0, 0x9f, 0x10, 0x0a, 0x93, 0x00, 0xa3, 0x2c, 0x70, 0x04, 0x61, 0x08,
  0x94, 0x2c, 0x68, 0x01, 0x2c, 0x0c, 0x68, 0x07, 0x95, 0x08, 0x96, 0x90, 0x67,
  0x01, 0x49, 0x00, 0x18, 0x75, 0x24, 0xff, 0x72, 0xff, 0x6b, 0x6c, 0xe9, 0x07,
  0x61, 0x46, 0x70, 0x11, 0x60, 0x09, 0x95, 0xb5, 0xe1, 0x6c, 0xed, 0x09, 0xd5,
  0x07, 0x10, 0x06, 0x95, 0xdd, 0x67, 0xb1, 0xe6, 0x01, 0x4d, 0x6c, 0xed, 0x50,
  0xc4, 0x06, 0xd5, 0x0a, 0x96, 0x03, 0x71, 0x01, 0x4e, 0x0a, 0xd6, 0xdb, 0x61,
  0x06, 0x92, 0x0b, 0x90, 0x03, 0x6b, 0xff, 0x4a, 0x6c, 0xea, 0xb2, 0xa0, 0x4c,
  0x34, 0x19, 0x6a, 0x4b, 0xea, 0xac, 0xea, 0x8d, 0xea, 0x52, 0xc0, 0x09, 0x92,
  0x06, 0x5a, 0xff, 0x6a, 0x6a, 0x60, 0x34, 0xa0, 0x02, 0x6a, 0x32, 0x31, 0x6c,
  0xe9, 0x7e, 0xa0, 0x6c, 0xea, 0x2c, 0x22, 0x6f, 0x41, 0x01, 0x6a, 0x63, 0xea,
  0x28, 0x61, 0x30, 0xf0, 0x20, 0x6b, 0x82, 0xf4, 0x00, 0x4b, 0x62, 0xf7, 0x94,
  0x9b, 0x4c, 0xec, 0x0a, 0x24, 0x62, 0xf7, 0x58, 0x9b, 0x05, 0x5a, 0x06, 0x61,
  0x30, 0xf0, 0x20, 0x6c, 0x21, 0xf3, 0x14, 0x4c, 0x00, 0x18, 0x28, 0x20, 0x7d,
  0x67, 0x90, 0xa3, 0x00, 0x18, 0x0d, 0x22, 0x11, 0x2a, 0xbd, 0x67, 0x91, 0xa5,
  0x00, 0x18, 0x0d, 0x22, 0x00, 0xf0, 0x11, 0x04, 0x07, 0x2a, 0xdd, 0x67, 0x92,
  0xa6, 0x00, 0x18, 0x0d, 0x22, 0x05, 0x22, 0x00, 0xf0, 0x12, 0x04, 0x04, 0x05,
  0x00, 0x18, 0x49, 0x24, 0x7e, 0xa0, 0x40, 0x6a, 0x6c, 0xea, 0x19, 0x22, 0x08,
  0x92, 0x05, 0x22, 0x30, 0xf0, 0x20, 0x6a, 0x42, 0xf4, 0x00, 0x4a, 0x04, 0x10,
  0x30, 0xf0, 0x20, 0x6a, 0x22, 0xf4, 0x18, 0x4a, 0xff, 0x49, 0x01, 0x6b, 0x23,
  0xeb, 0x0a, 0x61, 0xbd, 0x67, 0x91, 0xa5, 0x40, 0x9a, 0x64, 0xec, 0x4c, 0xeb,
  0x04, 0x23, 0x01, 0x6a, 0x4b, 0xea, 0x90, 0xc5, 0x51, 0xc5, 0xdd, 0x67, 0x71,
  0xa6, 0xff, 0x73, 0x05, 0x60, 0x52, 0xa6, 0xff, 0x72, 0x02, 0x60, 0x66, 0xc0,
  0x0e, 0x10, 0x7d, 0x67, 0x51, 0xa3, 0xff, 0x72, 0x03, 0x60, 0x72, 0xa3, 0xff,
  0x73, 0x07, 0x60, 0x9d, 0x67, 0x51, 0xa4, 0xff, 0x72, 0x04, 0x61, 0x52, 0xa4,
  0xff, 0x72, 0x01, 0x60, 0x45, 0xc0, 0xbd, 0x67, 0x50, 0xa5, 0x0f, 0x97, 0x0e,
  0x91, 0x0d, 0x90, 0x08, 0x63, 0x00, 0xef, 0xfc, 0x63, 0x07, 0x62, 0x06, 0xd1,
  0x05, 0xd0, 0xff, 0x69, 0x00, 0x6b, 0x8c, 0xe9, 0x43, 0x67, 0x91, 0x67, 0x87,
  0xeb, 0x01, 0x6d, 0xac, 0xec, 0x03, 0x24, 0x01, 0x4a, 0xff, 0x6c, 0x8c, 0xea,
  0x01, 0x4b, 0x04, 0x73, 0xf5, 0x61, 0x01, 0x72, 0x2c, 0x61, 0x30, 0xf0, 0x20,
  0x6a, 0x20, 0xf6, 0xb8, 0x9a, 0x21, 0xf1, 0x1c, 0x68, 0x90, 0x67, 0xd1, 0x67,
  0x00, 0x18, 0x5a, 0x18, 0x01, 0x71, 0x06, 0x61, 0x30, 0xf0, 0x20, 0x6a, 0x90,
  0x67, 0x20, 0xf5, 0xa4, 0x9a, 0x07, 0x10, 0x02, 0x71, 0x07, 0x61, 0x30, 0xf0,
  0x20, 0x6a, 0x20, 0xf6, 0xbc, 0x9a, 0x90, 0x67, 0x00, 0x6e, 0xd2, 0x11, 0x04,
  0x71, 0x06, 0x61, 0x30, 0xf0, 0x20, 0x6a, 0x90, 0x67, 0xa0, 0xf3, 0xac, 0x9a,
  0xf6, 0x17, 0x08, 0x71, 0xc0, 0xf1, 0x09, 0x61, 0x30, 0xf0, 0x20, 0x6a, 0x90,
  0x67, 0x40, 0xf6, 0xa0, 0x9a, 0xed, 0x17, 0x02, 0x72, 0xa0, 0xf0, 0x11, 0x61,
  0x30, 0xf0, 0x20, 0x6a, 0x20, 0xf6, 0xb8, 0x9a, 0x21, 0xf1, 0x1c, 0x68, 0x90,
  0x67, 0xd1, 0x67, 0x00, 0x18, 0x5a, 0x18, 0x41, 0xf1, 0x00, 0x6c, 0xf0, 0x6d,
  0xd1, 0x67, 0x00, 0x18, 0x5a, 0x18, 0x03, 0x71, 0x1c, 0x61, 0x30, 0xf0, 0x20,
  0x6a, 0x20, 0xf5, 0xa4, 0x9a, 0x90, 0x67, 0x00, 0x6e, 0x00, 0x18, 0x5a, 0x18,
  0x30, 0xf0, 0x20, 0x6a, 0x20, 0xf6, 0xbc, 0x9a, 0x90, 0x67, 0x01, 0x6e, 0x00,
  0x18, 0x5a, 0x18, 0x41, 0xf1, 0x00, 0x6c, 0x00, 0xf3, 0x00, 0x6d, 0x00, 0x6e,
  0x00, 0x18, 0x5a, 0x18, 0x41, 0xf1, 0x00, 0x6c, 0x01, 0xf4, 0x00, 0x6d, 0x81,
  0x10, 0x05, 0x71, 0x15, 0x61, 0x30, 0xf0, 0x20, 0x6a, 0x20, 0xf5, 0xa4, 0x9a,
  0x90, 0x67, 0x00, 0x6e, 0x00, 0x18, 0x5a, 0x18, 0x30, 0xf0, 0x20, 0x6a, 0xa0,
  0xf3, 0xac, 0x9a, 0x90, 0x67, 0x01, 0x6e, 0x00, 0x18, 0x5a, 0x18, 0x41, 0xf1,
  0x00, 0x6c, 0x00, 0xf3, 0x00, 0x6d, 0x2d, 0x10, 0x09, 0x71, 0x15, 0x61, 0x30,
  0xf0, 0x20, 0x6a, 0x20, 0xf5, 0xa4, 0x9a, 0x90, 0x67, 0x00, 0x6e, 0x00, 0x18,
  0x5a, 0x18, 0x30, 0xf0, 0x20, 0x6a, 0x40, 0xf6, 0xa0, 0x9a, 0x90, 0x67, 0x01,
  0x6e, 0x00, 0x18, 0x5a, 0x18, 0x41, 0xf1, 0x00, 0x6c, 0x00, 0xf3, 0x00, 0x6d,
  0x4c, 0x10, 0x06, 0x71, 0x1c, 0x61, 0x30, 0xf0, 0x20, 0x6a, 0x20, 0xf6, 0xbc,
  0x9a, 0x90, 0x67, 0x00, 0x6e, 0x00, 0x18, 0x5a, 0x18, 0x30, 0xf0, 0x20, 0x6a,
  0xa0, 0xf3, 0xac, 0x9a, 0x90, 0x67, 0x01, 0x6e, 0x00, 0x18, 0x5a, 0x18, 0x41,
  0xf1, 0x00, 0x6c, 0x01, 0xf4, 0x00, 0x6d, 0x00, 0x6e, 0x00, 0x18, 0x5a, 0x18,
  0x41, 0xf1, 0x00, 0x6c, 0x06, 0xf0, 0x00, 0x6d, 0x35, 0x10, 0x0a, 0x71, 0x15,
  0x61, 0x30, 0xf0, 0x20, 0x6a, 0x20, 0xf6, 0xbc, 0x9a, 0x90, 0x67, 0x00, 0x6e,
  0x00, 0x18, 0x5a, 0x18, 0x30, 0xf0, 0x20, 0x6a, 0x40, 0xf6, 0xa0, 0x9a, 0x90,
  0x67, 0x01, 0x6e, 0x00, 0x18, 0x5a, 0x18, 0x41, 0xf1, 0x00, 0x6c, 0x01, 0xf4,
  0x00, 0x6d, 0x17, 0x10, 0x0c, 0x71, 0x20, 0xf1, 0x0c, 0x61, 0x30, 0xf0, 0x20,
  0x6a, 0xa0, 0xf3, 0xac, 0x9a, 0x90, 0x67, 0x00, 0x6e, 0x00, 0x18, 0x5a, 0x18,
  0x30, 0xf0, 0x20, 0x6a, 0x40, 0xf6, 0xa0, 0x9a, 0x90, 0x67, 0x01, 0x6e, 0x00,
  0x18, 0x5a, 0x18, 0x41, 0xf1, 0x00, 0x6c, 0x06, 0xf0, 0x00, 0x6d, 0x00, 0x6e,
  0x00, 0x18, 0x5a, 0x18, 0x41, 0xf1, 0x00, 0x6c, 0x18, 0xf0, 0x00, 0x6d, 0x01,
  0x6e, 0x0d, 0x11, 0x03, 0x72, 0x00, 0xf1, 0x0c, 0x61, 0x30, 0xf0, 0x20, 0x6a,
  0x20, 0xf6, 0xb8, 0x9a, 0x21, 0xf1, 0x1c, 0x6c, 0xd1, 0x67, 0x41, 0xf1, 0x00,
  0x68, 0x00, 0x18, 0x5a, 0x18, 0x90, 0x67, 0xf0, 0x6d, 0xd1, 0x67, 0x00, 0x18,
  0x5a, 0x18, 0x30, 0xf0, 0x20, 0x6a, 0x40, 0xf6, 0xa4, 0x9a, 0x90, 0x67, 0xd1,
  0x67, 0x00, 0x18, 0x5a, 0x18, 0x07, 0x71, 0x2c, 0x61, 0x30, 0xf0, 0x20, 0x6a,
  0x20, 0xf5, 0x24, 0x9a, 0x21, 0xf1, 0x1c, 0x6c, 0x00, 0x6e, 0xb1, 0x67, 0x00,
  0x18, 0x5a, 0x18, 0x30, 0xf0, 0x20, 0x6a, 0x20, 0xf6, 0xbc, 0x9a, 0x21, 0xf1,
  0x1c, 0x6c, 0x01, 0x6e, 0x00, 0x18, 0x5a, 0x18, 0x30, 0xf0, 0x20, 0x6a, 0xa0,
  0xf3, 0xac, 0x9a, 0x21, 0xf1, 0x1c, 0x6c, 0x02, 0x6e, 0x00, 0x18, 0x5a, 0x18,
  0x90, 0x67, 0x00, 0xf3, 0x00, 0x6d, 0x00, 0x6e, 0x00, 0x18, 0x5a, 0x18, 0x90,
  0x67, 0x01, 0xf4, 0x00, 0x6d, 0x01, 0x6e, 0x00, 0x18, 0x5a, 0x18, 0x90, 0x67,
  0x06, 0xf0, 0x00, 0x6d, 0x2d, 0x10, 0x0b, 0x71, 0x3c, 0x61, 0x30, 0xf0, 0x20,
  0x6a, 0x20, 0xf5, 0xa4, 0x9a, 0x21, 0xf1, 0x1c, 0x6c, 0x00, 0x6e, 0x00, 0x18,
  0x5a, 0x18, 0x30, 0xf0, 0x20, 0x6a, 0x20, 0xf6, 0x3c, 0x9a, 0x21, 0xf1, 0x1c,
  0x6c, 0x01, 0x6e, 0xb1, 0x67, 0x00, 0x18, 0x5a, 0x18, 0x30, 0xf0, 0x20, 0x6a,
  0x40, 0xf6, 0xa0, 0x9a, 0x21, 0xf1, 0x1c, 0x6c, 0x02, 0x6e, 0x00, 0x18, 0x5a,
  0x18, 0x90, 0x67, 0x00, 0xf3, 0x00, 0x6d, 0x00, 0x6e, 0x00, 0x18, 0x5a, 0x18,
  0x90, 0x67, 0x01, 0xf4, 0x00, 0x6d, 0x01, 0x6e, 0x00, 0x18, 0x5a, 0x18, 0x90,
  0x67, 0x18, 0xf0, 0x00, 0x6d, 0x02, 0x6e, 0x00, 0x18, 0x5a, 0x18, 0x30, 0xf0,
  0x20, 0x6a, 0x40, 0xf6, 0xa8, 0x9a, 0x90, 0x67, 0x00, 0x6e, 0x00, 0x18, 0x5a,
  0x18, 0x30, 0xf0, 0x20, 0x6a, 0x90, 0x67, 0x40, 0xf6, 0xac, 0x9a, 0x80, 0x10,
  0x0d, 0x71, 0x41, 0x61, 0x30, 0xf0, 0x20, 0x6a, 0x20, 0xf5, 0x24, 0x9a, 0x21,
  0xf1, 0x1c, 0x6c, 0x00, 0x6e, 0xb1, 0x67, 0x00, 0x18, 0x5a, 0x18, 0x30, 0xf0,
  0x20, 0x6a, 0xa0, 0xf3, 0xac, 0x9a, 0x21, 0xf1, 0x1c, 0x6c, 0x01, 0x6e, 0x00,
  0x18, 0x5a, 0x18, 0x30, 0xf0, 0x20, 0x6a, 0x40, 0xf6, 0xa0, 0x9a, 0x21, 0xf1,
  0x1c, 0x6c, 0x02, 0x6e, 0x00, 0x18, 0x5a, 0x18, 0x90, 0x67, 0x00, 0xf3, 0x00,
  0x6d, 0x00, 0x6e, 0x00, 0x18, 0x5a, 0x18, 0x90, 0x67, 0x06, 0xf0, 0x00, 0x6d,
  0x01, 0x6e, 0x00, 0x18, 0x5a, 0x18, 0x90, 0x67, 0x18, 0xf0, 0x00, 0x6d, 0x02,
  0x6e, 0x00, 0x18, 0x5a, 0x18, 0x30, 0xf0, 0x20, 0x6a, 0x40, 0xf6, 0xa8, 0x9a,
  0x90, 0x67, 0x00, 0x6e, 0x00, 0x18, 0x5a, 0x18, 0x90, 0x67, 0xb1, 0x67, 0x01,
  0x6e, 0x00, 0x18, 0x5a, 0x18, 0x30, 0xf0, 0x20, 0x6a, 0x90, 0x67, 0x20, 0xf6,
  0xbc, 0x9a, 0x42, 0x10, 0x0e, 0x71, 0x43, 0x61, 0x30, 0xf0, 0x20, 0x6a, 0x20,
  0xf6, 0x3c, 0x9a, 0x21, 0xf1, 0x1c, 0x6c, 0x00, 0x6e, 0xb1, 0x67, 0x00, 0x18,
  0x5a, 0x18, 0x30, 0xf0, 0x20, 0x6a, 0xa0, 0xf3, 0xac, 0x9a, 0x21, 0xf1, 0x1c,
  0x6c, 0x01, 0x6e, 0x00, 0x18, 0x5a, 0x18, 0x30, 0xf0, 0x20, 0x6a, 0x40, 0xf6,
  0xa0, 0x9a, 0x21, 0xf1, 0x1c, 0x6c, 0x02, 0x6e, 0x00, 0x18, 0x5a, 0x18, 0x90,
  0x67, 0x01, 0xf4, 0x00, 0x6d, 0x00, 0x6e, 0x00, 0x18, 0x5a, 0x18, 0x90, 0x67,
  0x06, 0xf0, 0x00, 0x6d, 0x01, 0x6e, 0x00, 0x18, 0x5a, 0x18, 0x90, 0x67, 0x18,
  0xf0, 0x00, 0x6d, 0x02, 0x6e, 0x00, 0x18, 0x5a, 0x18, 0x30, 0xf0, 0x20, 0x6a,
  0x40, 0xf6, 0xac, 0x9a, 0x90, 0x67, 0x00, 0x6e, 0x00, 0x18, 0x5a, 0x18, 0x30,
  0xf0, 0x20, 0x6a, 0x20, 0xf5, 0xa4, 0x9a, 0x90, 0x67, 0x01, 0x6e, 0x00, 0x18,
  0x5a, 0x18, 0x90, 0x67, 0xb1, 0x67, 0x02, 0x6e, 0x00, 0x18, 0x5a, 0x18, 0x07,
  0x97, 0x06, 0x91, 0x05, 0x90, 0x04, 0x63, 0x00, 0xef, 0x00, 0x65, 0xf6, 0x63,
  0x13, 0x62, 0x12, 0xd1, 0x11, 0xd0, 0x30, 0xf0, 0x20, 0x6a, 0xab, 0xf0, 0x42,
  0xa2, 0x30, 0xf0, 0x20, 0x6c, 0x21, 0xf3, 0x1c, 0x4c, 0xa2, 0x67, 0x0d, 0xd2,
  0x00, 0x18, 0x28, 0x20, 0x0d, 0x92, 0x2b, 0x2a, 0x00, 0x68, 0x90, 0x67, 0x00,
  0x18, 0xfe, 0x05, 0x20, 0x22, 0x2a, 0x6b, 0x78, 0xe8, 0x30, 0xf0, 0x20, 0x6a,
  0x25, 0xf7, 0x0c, 0x4a, 0xff, 0x69, 0x12, 0xeb, 0x69, 0xe2, 0x71, 0xa2, 0x80,
  0x6a, 0x4b, 0xea, 0x6c, 0xea, 0x2c, 0xea, 0x11, 0x2a, 0x90, 0x67, 0x00, 0x18,
  0x7b, 0x1e, 0x01, 0x70, 0x09, 0x61, 0x7f, 0x6d, 0x4c, 0xed, 0x30, 0xf0, 0x20,
  0x6c, 0x41, 0xf3, 0x08, 0x4c, 0x2c, 0xed, 0x00, 0x18, 0x28, 0x20, 0x90, 0x67,
  0x00, 0x18, 0xd9, 0x30, 0x01, 0x48, 0xff, 0x6a, 0x4c, 0xe8, 0x80, 0x70, 0xd7,
  0x61, 0xa8, 0x10, 0x0d, 0x92, 0xff, 0x6b, 0xff, 0x4a, 0x6c, 0xea, 0x03, 0x5a,
  0x80, 0xf0, 0x1e, 0x60, 0x00, 0x69, 0x91, 0x67, 0x00, 0x18, 0xfe, 0x05, 0x80,
  0xf0, 0x12, 0x22, 0x2a, 0x6b, 0x78, 0xe9, 0x30, 0xf0, 0x20, 0x6a, 0x25, 0xf7,
  0x0c, 0x4a, 0x12, 0xeb, 0x69, 0xe2, 0x0c, 0xd2, 0x71, 0xa2, 0x80, 0x6a, 0x4b,
  0xea, 0x6c, 0xea, 0xff, 0x6b, 0x6c, 0xea, 0x80, 0xf0, 0x01, 0x2a, 0x14, 0x6d,
  0xb8, 0xe9, 0x30, 0xf0, 0x20, 0x6a, 0x81, 0xf4, 0x82, 0x41, 0x82, 0xf4, 0x00,
  0x4a, 0x88, 0x34, 0x91, 0xe2, 0x49, 0xe1, 0x07, 0xf6, 0x50, 0xa2, 0x82, 0x9c,
  0x06, 0x00, 0x0f, 0xd2, 0x30, 0xf0, 0x20, 0x6a, 0x6c, 0xec, 0x89, 0xf0, 0x10,
  0x4a, 0x0e, 0xd4, 0x14, 0x6e, 0x90, 0x67, 0x12, 0xed, 0xb5, 0xe2, 0x00, 0x18,
  0x69, 0x12, 0x0e, 0x96, 0x0f, 0x97, 0x91, 0x67, 0xb0, 0x67, 0x00, 0x18, 0x58,
  0x24, 0x0c, 0x93, 0x0d, 0x94, 0x01, 0x71, 0x81, 0xe3, 0x64, 0x6b, 0x4b, 0xe3,
  0x20, 0xf0, 0x43, 0xc0, 0x1c, 0x61, 0x30, 0xf0, 0x20, 0x6c, 0x41, 0xf3, 0x14,
  0x4c, 0x01, 0x6d, 0x00, 0x18, 0x28, 0x20, 0x09, 0x92, 0x06, 0x95, 0x07, 0x96,
  0x04, 0xd2, 0x08, 0x97, 0x0a, 0x92, 0x30, 0xf0, 0x20, 0x6c, 0x41, 0xf3, 0x1c,
  0x4c, 0x05, 0xd2, 0x00, 0x18, 0x28, 0x20, 0x20, 0xf0, 0xa3, 0xa0, 0x30, 0xf0,
  0x20, 0x6c, 0x81, 0xf3, 0x00, 0x4c, 0x00, 0x18, 0x28, 0x20, 0x91, 0x67, 0x00,
  0x18, 0xd9, 0x30, 0x0d, 0x92, 0x03, 0x72, 0x34, 0x61, 0x0c, 0x93, 0x20, 0xf0,
  0x44, 0xa3, 0x20, 0xf0, 0x65, 0xa3, 0x63, 0xea, 0x06, 0x61, 0x0c, 0x94, 0x00,
  0x68, 0x20, 0xf0, 0x66, 0xa4, 0x63, 0xea, 0x0b, 0x60, 0x0c, 0x92, 0x20, 0xf0,
  0x05, 0xa2, 0x20, 0xf0, 0x46, 0xa2, 0x43, 0xe8, 0x18, 0x67, 0x01, 0x58, 0x18,
  0x67, 0x02, 0x6a, 0x03, 0xe2, 0x01, 0x71, 0x1a, 0x61, 0x30, 0xf0, 0x20, 0x6a,
  0x82, 0xf4, 0x00, 0x4a, 0x49, 0xe0, 0x08, 0xf4, 0x9d, 0xa2, 0x0c, 0xd2, 0x00,
  0x18, 0x59, 0x28, 0x30, 0xf0, 0x20, 0x6c, 0x81, 0xf3, 0x08, 0x4c, 0xb0, 0x67,
  0x00, 0x18, 0x28, 0x20, 0x0c, 0x92, 0x30, 0xf0, 0x20, 0x6c, 0x81, 0xf3, 0x14,
  0x4c, 0x08, 0xf4, 0xbd, 0xa2, 0x00, 0x18, 0x28, 0x20, 0x01, 0x49, 0xff, 0x6a,
  0x4c, 0xe9, 0x80, 0x71, 0x7f, 0xf7, 0x03, 0x61, 0x0d, 0x93, 0x03, 0x5b, 0x1b,
  0x60, 0x0d, 0x94, 0x30, 0xf0, 0x20, 0x68, 0x82, 0xf4, 0x00, 0x48, 0x05, 0xe4,
  0x08, 0xf4, 0xbd, 0xa1, 0x30, 0xf0, 0x20, 0x6c, 0xa1, 0xf3, 0x04, 0x4c, 0x00,
  0x18, 0x28, 0x20, 0x08, 0xf4, 0x9d, 0xa1, 0x00, 0x18, 0x59, 0x28, 0x01, 0x6a,
  0x28, 0xf4, 0x43, 0xc0, 0x28, 0xf4, 0x42, 0xa0, 0x01, 0x4a, 0x28, 0xf4, 0x42,
  0xc0, 0x12, 0x10, 0x0d, 0x90, 0x03, 0x6a, 0x4e, 0xe8, 0x0e, 0x28, 0x30, 0xf0,
  0x20, 0x6c, 0xa1, 0xf3, 0x14, 0x4c, 0x00, 0x18, 0x28, 0x20, 0x30, 0xf0, 0x20,
  0x6a, 0x82, 0xf4, 0x00, 0x4a, 0x28, 0xf4, 0x03, 0xc2, 0x28, 0xf4, 0x02, 0xc2,
  0x13, 0x97, 0x12, 0x91, 0x11, 0x90, 0x0a, 0x63, 0x00, 0xef, 0x00, 0x65, 0xfa,
  0x63, 0x0b, 0x62, 0x0a, 0xd1, 0x09, 0xd0, 0xff, 0x6a, 0x4c, 0xee, 0x2a, 0x68,
  0x18, 0xee, 0x10, 0x93, 0x27, 0x67, 0x4c, 0xe9, 0x4c, 0xec, 0x4c, 0xed, 0x4c,
  0xeb, 0x30, 0xf0, 0x20, 0x6a, 0x25, 0xf7, 0x0c, 0x4a, 0x12, 0xe8, 0x01, 0xe2,
  0x5c, 0xa0, 0x2e, 0xea, 0x15, 0x22, 0xa4, 0x35, 0x5d, 0x67, 0x8d, 0xed, 0xd3,
  0xc2, 0x76, 0xc2, 0x32, 0xc2, 0xb4, 0xc2, 0x59, 0xa0, 0x7d, 0x67, 0x06, 0x96,
  0x57, 0xc3, 0x0c, 0x6a, 0x50, 0xc3, 0x06, 0x6a, 0x4f, 0xcb, 0x04, 0x94, 0x05,
  0x95, 0x07, 0x97, 0x00, 0x18, 0x16, 0x1f, 0x3c, 0xc0, 0x0b, 0x97, 0x0a, 0x91,
  0x09, 0x90, 0x06, 0x63, 0x00, 0xef, 0x00, 0x65, 0xf9, 0x63, 0x0d, 0x62, 0x0c,
  0xd1, 0x0b, 0xd0, 0xff, 0x6a, 0x7d, 0x67, 0x4c, 0xee, 0x4c, 0xef, 0x20, 0xf0,
  0xbc, 0xc3, 0x07, 0xd6, 0x08, 0xd7, 0x24, 0x67, 0x20, 0xf0, 0x9c, 0xa3, 0x30,
  0xf0, 0x20, 0x6b, 0xa0, 0xf5, 0x70, 0x9b, 0x4c, 0xe9, 0x06, 0xd4, 0x34, 0x34,
  0x6d, 0xe4, 0x60, 0xa3, 0x91, 0x67, 0x0f, 0x05, 0x6c, 0xea, 0xc7, 0x67, 0x09,
  0xd2, 0x00, 0x18, 0xb8, 0x24, 0xe0, 0xf0, 0x00, 0x2a, 0x2a, 0x68, 0x18, 0xe9,
  0x30, 0xf0, 0x20, 0x6a, 0x25, 0xf7, 0x0c, 0x4a, 0x12, 0xe8, 0x01, 0xe2, 0x07,
  0x92, 0x3a, 0x2a, 0x72, 0xa0, 0xbf, 0x4a, 0xd1, 0x67, 0x6c, 0xea, 0x52, 0xc0,
  0x7d, 0x67, 0x20, 0xf0, 0x5c, 0xa3, 0x87, 0x43, 0x15, 0x4c, 0x43, 0xc0, 0x80,
  0xa4, 0x47, 0x43, 0x15, 0x4a, 0x99, 0xc0, 0x40, 0xa2, 0x6e, 0xa0, 0x5a, 0xc0,
  0x10, 0x6a, 0x6d, 0xea, 0x4e, 0xc0, 0x07, 0x94, 0x7d, 0x67, 0x20, 0xf0, 0xfc,
  0xa3, 0x04, 0xd4, 0x00, 0x6c, 0xa4, 0x67, 0x00, 0x18, 0xea, 0x29, 0x30, 0xf0,
  0x20, 0x6a, 0x82, 0xf4, 0x00, 0x4a, 0x62, 0xf7, 0x74, 0x9a, 0x01, 0x6c, 0x8c,
  0xeb, 0x6d, 0x23, 0x62, 0xf7, 0x58, 0x9a, 0x05, 0x5a, 0x69, 0x61, 0x5d, 0x67,
  0x20, 0xf0, 0xdc, 0xa2, 0x08, 0x97, 0x30, 0xf0, 0x20, 0x6c, 0xa1, 0xf3, 0x1c,
  0x4c, 0xb1, 0x67, 0x00, 0x18, 0x28, 0x20, 0x00, 0x6b, 0x06, 0xd3, 0x43, 0x67,
  0x60, 0x10, 0x06, 0x94, 0x7f, 0x6a, 0x40, 0x6b, 0x8c, 0xea, 0x92, 0xa0, 0x8d,
  0xeb, 0x72, 0xc0, 0x9d, 0x67, 0x20, 0xf0, 0x7c, 0xa4, 0x8e, 0xa0, 0x63, 0xc0,
  0x11, 0x6b, 0x6b, 0xeb, 0x8c, 0xeb, 0x30, 0xf0, 0x20, 0x6c, 0x6e, 0xc0, 0x82,
  0xf4, 0x00, 0x4c, 0x30, 0xf0, 0x20, 0x6b, 0x41, 0xf7, 0x1c, 0x4b, 0x91, 0xe2,
  0x6d, 0xe2, 0x46, 0xf0, 0x95, 0xa4, 0x60, 0xa3, 0xa6, 0x44, 0x62, 0xed, 0x01,
  0x60, 0x8f, 0xe3, 0x78, 0xc0, 0x30, 0xf0, 0x20, 0x6b, 0xa2, 0xf1, 0x00, 0x4b,
  0x69, 0xe2, 0x9b, 0xa0, 0x40, 0xa2, 0x43, 0xec, 0x03, 0x60, 0x58, 0xa0, 0x04,
  0x4a, 0x58, 0xc0, 0x6e, 0xa0, 0x08, 0x6a, 0x6c, 0xea, 0x0b, 0x22, 0x5d, 0x67,
  0x20, 0xf0, 0xdc, 0xa2, 0xf8, 0xa0, 0x30, 0xf0, 0x20, 0x6c, 0xc1, 0xf3, 0x10,
  0x4c, 0xb1, 0x67, 0x00, 0x18, 0x28, 0x20, 0x30, 0xf0, 0x20, 0x6a, 0x82, 0xf4,
  0x00, 0x4a, 0x62, 0xf7, 0x74, 0x9a, 0x01, 0x6c, 0x8c, 0xeb, 0x17, 0x23, 0x62,
  0xf7, 0x58, 0x9a, 0x05, 0x5a, 0x13, 0x61, 0x7d, 0x67, 0x20, 0xf0, 0xdc, 0xa3,
  0x58, 0xa0, 0x08, 0x97, 0x30, 0xf0, 0x20, 0x6c, 0xe1, 0xf3, 0x00, 0x4c, 0xb1,
  0x67, 0x04, 0xd2, 0x00, 0x18, 0x28, 0x20, 0x01, 0x6c, 0x06, 0xd4, 0x05, 0x10,
  0x00, 0x6a, 0x06, 0xd2, 0x03, 0x10, 0x01, 0x6b, 0x06, 0xd3, 0x40, 0x6a, 0x09,
  0x94, 0x07, 0x6b, 0x00, 0x6d, 0x8c, 0xeb, 0x08, 0x94, 0x8c, 0x30, 0x01, 0xe3,
  0x4d, 0xe8, 0x00, 0xf6, 0x00, 0x30, 0xff, 0x6a, 0x00, 0xf6, 0x03, 0x30, 0x4c,
  0xe8, 0x5d, 0x67, 0x20, 0xf0, 0xdc, 0xa2, 0x91, 0x67, 0x00, 0x18, 0x84, 0x22,
  0x91, 0x67, 0x01, 0x6d, 0xd0, 0x67, 0x00, 0x18, 0x84, 0x22, 0x91, 0x67, 0x00,
  0x18, 0x54, 0x27, 0x7d, 0x67, 0x20, 0xf0, 0xbc, 0xa3, 0x07, 0x96, 0x91, 0x67,
  0x34, 0x31, 0x00, 0x18, 0x42, 0x26, 0x30, 0xf0, 0x20, 0x6a, 0x9d, 0x67, 0xa0,
  0xf5, 0x54, 0x9a, 0x20, 0xf0, 0x7c, 0xa4, 0x49, 0xe1, 0x60, 0xc2, 0x30, 0xf0,
  0x20, 0x6a, 0xa0, 0xf5, 0x50, 0x9a, 0x49, 0xe1, 0x00, 0xc2, 0x30, 0xf0, 0x20,
  0x6a, 0x40, 0xf6, 0x50, 0x9a, 0x45, 0xe1, 0x47, 0x44, 0x11, 0x4a, 0x40, 0xa2,
  0x40, 0xc1, 0x0d, 0x97, 0x0c, 0x91, 0x0b, 0x90, 0x07, 0x63, 0x00, 0xef, 0xfa,
  0x63, 0x0b, 0x62, 0x0a, 0xd1, 0x09, 0xd0, 0xff, 0x6a, 0x8c, 0xea, 0x2a, 0x68,
  0x18, 0xea, 0x06, 0xd2, 0x30, 0xf0, 0x20, 0x6a, 0x25, 0xf7, 0x0c, 0x4a, 0x12,
  0xe8, 0x01, 0xe2, 0x84, 0xa0, 0x0f, 0x5c, 0x48, 0x60, 0x30, 0xf0, 0x20, 0x6a,
  0x88, 0x33, 0x80, 0xf1, 0x1c, 0x4a, 0x69, 0xe2, 0x40, 0x9a, 0x00, 0xea, 0x1b,
  0x6a, 0x34, 0x10, 0x3d, 0x6a, 0x6e, 0xa0, 0x47, 0xc0, 0x08, 0x6a, 0x4b, 0xea,
  0x6c, 0xea, 0x02, 0x6b, 0x6d, 0xea, 0x39, 0x10, 0x6e, 0xa0, 0x13, 0x6a, 0x47,
  0xc0, 0x08, 0x6a, 0x4b, 0xea, 0x6c, 0xea, 0x01, 0x6b, 0x6d, 0xea, 0x4e, 0xc0,
  0x6e, 0xa0, 0x33, 0x6a, 0x47, 0xc0, 0x08, 0x6a, 0x4b, 0xea, 0x6c, 0xea, 0x01,
  0x6b, 0x6d, 0xea, 0x02, 0x6d, 0x4e, 0xc0, 0x05, 0xd5, 0x27, 0x10, 0x6e, 0xa0,
  0x0b, 0x6a, 0x47, 0xc0, 0x08, 0x6a, 0x4b, 0xea, 0x6c, 0xea, 0x01, 0x6e, 0x4e,
  0xc0, 0x05, 0xd6, 0x1d, 0x10, 0x6e, 0xa0, 0x47, 0x6a, 0x47, 0xc0, 0x08, 0x6a,
  0x4b, 0xea, 0x6c, 0xea, 0x03, 0x6b, 0x6d, 0xea, 0x4e, 0xc0, 0x05, 0xd3, 0x12,
  0x10, 0x23, 0x6a, 0x6e, 0xa0, 0x47, 0xc0, 0x08, 0x6a, 0x4b, 0xea, 0x6c, 0xea,
  0x03, 0x6b, 0x6d, 0xea, 0x4e, 0xc0, 0x05, 0xd3, 0x07, 0x10, 0x6e, 0xa0, 0x08,
  0x6a, 0x4b, 0xea, 0x6c, 0xea, 0x03, 0x6b, 0x4e, 0xc0, 0x05, 0xd3, 0x06, 0x96,
  0x30, 0xf0, 0x20, 0x6a, 0xc0, 0xf5, 0x40, 0x9a, 0xcc, 0x35, 0x8c, 0x34, 0x55,
  0xe5, 0x30, 0xf0, 0x20, 0x6a, 0xc1, 0xf6, 0x0c, 0x4a, 0x91, 0xe2, 0xe5, 0x67,
  0x1d, 0x65, 0x00, 0x6a, 0x48, 0x33, 0xad, 0xe3, 0xc0, 0x9c, 0x60, 0x9b, 0x31,
  0xa0, 0xcc, 0xeb, 0x03, 0x6e, 0x2c, 0xee, 0x02, 0x69, 0x2e, 0xee, 0x07, 0x2e,
  0xff, 0x6e, 0x4c, 0xee, 0x01, 0x69, 0x2e, 0xee, 0x02, 0x2e, 0xbf, 0x4e, 0xcc,
  0xeb, 0x48, 0x36, 0xe5, 0xe6, 0x60, 0xd9, 0x78, 0x67, 0x79, 0xe6, 0x60, 0x9e,
  0x01, 0x4a, 0x02, 0x6b, 0x4e, 0xeb, 0x04, 0x4c, 0xe3, 0x2b, 0x51, 0xa0, 0x06,
  0x95, 0x03, 0x6b, 0x52, 0x32, 0xac, 0x34, 0x6c, 0xea, 0x30, 0xf0, 0x20, 0x6d,
  0x30, 0xf0, 0x20, 0x6b, 0xc0, 0xf5, 0x60, 0x9b, 0xa0, 0xf5, 0xbc, 0x9d, 0x6d,
  0xe4, 0xb1, 0xe4, 0x60, 0x9b, 0xe0, 0x9c, 0x03, 0x2f, 0xc3, 0x67, 0x00, 0x69,
  0x02, 0x10, 0xc7, 0x67, 0x20, 0x69, 0x1f, 0x6c, 0x01, 0x6d, 0xa4, 0xec, 0xcc,
  0xed, 0x09, 0x25, 0x25, 0xe4, 0xff, 0x6c, 0x8c, 0xe9, 0x0b, 0x22, 0x0c, 0x59,
  0x09, 0x61, 0x20, 0x49, 0x8c, 0xe9, 0x06, 0x10, 0xff, 0x4c, 0xff, 0x6d, 0xac,
  0xec, 0xff, 0x74, 0xee, 0x61, 0x00, 0x69, 0x20, 0x6e, 0x02, 0x23, 0xe3, 0x67,
  0x00, 0x6e, 0x00, 0x6c, 0xff, 0x6b, 0xa4, 0x67, 0x6c, 0xed, 0x1d, 0x65, 0x01,
  0x6d, 0xa4, 0xec, 0xec, 0xed, 0x0b, 0x25, 0x98, 0x67, 0xd1, 0xe4, 0x6c, 0xec,
  0x04, 0xd4, 0x0b, 0x22, 0x0c, 0x5c, 0x09, 0x61, 0x20, 0x4c, 0x6c, 0xec, 0x04,
  0xd4, 0x05, 0x10, 0x01, 0x4c, 0x20, 0x74, 0xea, 0x61, 0x00, 0x6d, 0x04, 0xd5,
  0x5d, 0x67, 0x67, 0x42, 0x20, 0xc0, 0x09, 0x4b, 0x40, 0xa3, 0x41, 0xc0, 0x06,
  0x94, 0x00, 0x18, 0x7b, 0x1e, 0x7f, 0x6b, 0x4c, 0xeb, 0x63, 0xe9, 0xb1, 0x67,
  0x0d, 0x61, 0x04, 0x95, 0xff, 0x6c, 0x43, 0x67, 0x8c, 0xeb, 0xac, 0xec, 0x83,
  0xeb, 0x04, 0x60, 0xdd, 0x67, 0x67, 0x46, 0x09, 0x4b, 0x40, 0xa3, 0xff, 0x6d,
  0x4c, 0xed, 0x51, 0xa0, 0x06, 0x94, 0x03, 0x6f, 0x00, 0x6e, 0x4c, 0xef, 0x00,
  0x18, 0x03, 0x2a, 0x9d, 0x67, 0xa7, 0x44, 0x0d, 0x4d, 0x80, 0xa5, 0x4a, 0x59,
  0x82, 0xc0, 0x06, 0x61, 0x73, 0xa0, 0x79, 0x6a, 0x4b, 0xea, 0x6c, 0xea, 0x48,
  0x6b, 0x3f, 0x10, 0x40, 0x59, 0x06, 0x61, 0x73, 0xa0, 0x79, 0x6a, 0x4b, 0xea,
  0x6c, 0xea, 0x40, 0x6b, 0x37, 0x10, 0x36, 0x59, 0x06, 0x61, 0x73, 0xa0, 0x79,
  0x6a, 0x4b, 0xea, 0x6c, 0xea, 0x38, 0x6b, 0x2f, 0x10, 0x2c, 0x59, 0x06, 0x61,
  0x73, 0xa0, 0x79, 0x6a, 0x4b, 0xea, 0x6c, 0xea, 0x30, 0x6b, 0x27, 0x10, 0x24,
  0x59, 0x06, 0x61, 0x73, 0xa0, 0x79, 0x6a, 0x4b, 0xea, 0x6c, 0xea, 0x28, 0x6b,
  0x1f, 0x10, 0x1c, 0x59, 0x06, 0x61, 0x73, 0xa0, 0x79, 0x6a, 0x4b, 0xea, 0x6c,
  0xea, 0x20, 0x6b, 0x17, 0x10, 0x14, 0x59, 0x06, 0x61, 0x73, 0xa0, 0x79, 0x6a,
  0x4b, 0xea, 0x6c, 0xea, 0x18, 0x6b, 0x0f, 0x10, 0x0c, 0x59, 0x06, 0x61, 0x73,
  0xa0, 0x79, 0x6a, 0x4b, 0xea, 0x6c, 0xea, 0x10, 0x6b, 0x07, 0x10, 0x04, 0x59,
  0x07, 0x61, 0x73, 0xa0, 0x79, 0x6a, 0x4b, 0xea, 0x6c, 0xea, 0x08, 0x6b, 0x6d,
  0xea, 0x04, 0x10, 0x73, 0xa0, 0x79, 0x6a, 0x4b, 0xea, 0x6c, 0xea, 0x53, 0xc0,
  0x00, 0x18, 0xc0, 0x22, 0x0b, 0x97, 0x0a, 0x91, 0x09, 0x90, 0x06, 0x63, 0x00,
  0xef, 0x00, 0x65, 0xf8, 0x63, 0x0f, 0x62, 0x0e, 0xd1, 0x0d, 0xd0, 0xff, 0x6a,
  0x4c, 0xec, 0x2a, 0x68, 0x18, 0xec, 0x4c, 0xed, 0x30, 0xf0, 0x20, 0x6a, 0x25,
  0xf7, 0x0c, 0x4a, 0x08, 0xd4, 0x01, 0x6c, 0x0a, 0xd5, 0x12, 0xe8, 0x01, 0xe2,
  0x30, 0xf0, 0x20, 0x6a, 0x82, 0xf4, 0x00, 0x4a, 0x62, 0xf7, 0x74, 0x9a, 0x8c,
  0xeb, 0x0a, 0x23, 0x62, 0xf7, 0x58, 0x9a, 0x05, 0x5a, 0x06, 0x61, 0x30, 0xf0,
  0x20, 0x6c, 0xe1, 0xf3, 0x18, 0x4c, 0x00, 0x18, 0x28, 0x20, 0x08, 0x94, 0x00,
  0x18, 0x7b, 0x1e, 0x7d, 0x67, 0x50, 0xc3, 0x90, 0xa3, 0x03, 0x6a, 0x06, 0xd4,
  0xa0, 0xa0, 0x06, 0x91, 0x7f, 0x6c, 0x07, 0xd5, 0x71, 0xa0, 0x8c, 0xe9, 0x72,
  0x36, 0x6a, 0x33, 0x4c, 0xeb, 0x4c, 0xee, 0x5d, 0x67, 0xa7, 0x42, 0x11, 0x4d,
  0xa0, 0xa5, 0x71, 0xc2, 0x09, 0xd6, 0xa8, 0xc0, 0xb2, 0xa0, 0x04, 0x6a, 0x4b,
  0xea, 0xac, 0xea, 0x6d, 0xea, 0x01, 0x6b, 0x6b, 0xeb, 0x65, 0xc0, 0x66, 0xc0,
  0x20, 0xf0, 0x68, 0xc0, 0x20, 0xf0, 0x69, 0xc0, 0x73, 0xa0, 0x6c, 0xec, 0x80,
  0x6b, 0x6b, 0xeb, 0x6d, 0xea, 0x67, 0x4b, 0x6c, 0xea, 0x52, 0xc0, 0x00, 0x6a,
  0x55, 0xc0, 0x30, 0xf0, 0x20, 0x6a, 0x93, 0xc0, 0x82, 0xf4, 0x00, 0x4a, 0x62,
  0xf7, 0x74, 0x9a, 0x01, 0x6c, 0x8c, 0xeb, 0x0b, 0x23, 0x62, 0xf7, 0x58, 0x9a,
  0x05, 0x5a, 0x07, 0x61, 0x06, 0x95, 0x30, 0xf0, 0x20, 0x6c, 0x01, 0xf4, 0x00,
  0x4c, 0x00, 0x18, 0x28, 0x20, 0x56, 0xa0, 0x01, 0x6e, 0xcc, 0xea, 0x38, 0x2a,
  0x5e, 0xa0, 0xff, 0x6b, 0x5a, 0x32, 0xcc, 0xea, 0x6c, 0xea, 0x32, 0x2a, 0x08,
  0x94, 0x04, 0x05, 0x00, 0xf0, 0x11, 0x06, 0x01, 0x6f, 0x00, 0x18, 0xd4, 0x25,
  0xc0, 0xf0, 0x06, 0x2a, 0xb1, 0xa0, 0x7d, 0x67, 0x51, 0xa3, 0x85, 0x67, 0x03,
  0x6b, 0x6c, 0xec, 0x82, 0xea, 0x26, 0x60, 0x9d, 0x67, 0x01, 0x4a, 0x51, 0xc4,
  0x30, 0xc4, 0x0d, 0x6c, 0x6c, 0xea, 0x8b, 0xec, 0x48, 0x32, 0xac, 0xec, 0x4d,
  0xec, 0x30, 0xf0, 0x20, 0x6a, 0x91, 0xc0, 0x82, 0xf4, 0x00, 0x4a, 0x62, 0xf7,
  0x74, 0x9a, 0x01, 0x6c, 0x8c, 0xeb, 0x12, 0x23, 0x62, 0xf7, 0x58, 0x9a, 0x05,
  0x5a, 0x0e, 0x61, 0xdd, 0x67, 0xb1, 0xa6, 0x30, 0xf0, 0x20, 0x6c, 0x01, 0xf4,
  0x08, 0x4c, 0x00, 0x18, 0x28, 0x20, 0x05, 0x10, 0x71, 0xa0, 0x03, 0x6a, 0x6c,
  0xea, 0x7d, 0x67, 0x51, 0xc3, 0x07, 0x94, 0x83, 0xe9, 0x50, 0x60, 0xdd, 0x67,
  0xb0, 0xa6, 0x08, 0x94, 0x00, 0x18, 0x13, 0x25, 0x7d, 0x67, 0x50, 0xc3, 0xb0,
  0xa3, 0xff, 0x75, 0x06, 0x61, 0x87, 0x41, 0x4c, 0x4c, 0xff, 0x6a, 0x4c, 0xec,
  0x06, 0xd4, 0x17, 0x10, 0x30, 0xf0, 0x20, 0x6a, 0x82, 0xf4, 0x00, 0x4a, 0x62,
  0xf7, 0x74, 0x9a, 0x01, 0x6c, 0x8c, 0xeb, 0x7c, 0x23, 0x62, 0xf7, 0x58, 0x9a,
  0x05, 0x5a, 0x78, 0x61, 0x30, 0xf0, 0x20, 0x6c, 0x01, 0xf4, 0x18, 0x4c, 0x00,
  0x18, 0x28, 0x20, 0x71, 0x10, 0x01, 0x49, 0xff, 0x6a, 0x4c, 0xe9, 0x08, 0x96,
  0x09, 0x97, 0x91, 0x67, 0x00, 0x6d, 0x00, 0x18, 0xb0, 0x27, 0xbd, 0x67, 0x50,
  0xc5, 0x30, 0xf0, 0x20, 0x6a, 0x82, 0xf4, 0x00, 0x4a, 0x62, 0xf7, 0x74, 0x9a,
  0x01, 0x6c, 0x8c, 0xeb, 0x0b, 0x23, 0x62, 0xf7, 0x58, 0x9a, 0x05, 0x5a, 0x07,
  0x61, 0xb0, 0xa5, 0x30, 0xf0, 0x20, 0x6c, 0x21, 0xf4, 0x00, 0x4c, 0x00, 0x18,
  0x28, 0x20, 0xdd, 0x67, 0x50, 0xa6, 0xff, 0x72, 0x4e, 0x61, 0x07, 0x92, 0x43,
  0xe9, 0x02, 0x61, 0x50, 0xc6, 0x49, 0x10, 0x06, 0x94, 0x8a, 0xe9, 0xd5, 0x61,
  0x45, 0x10, 0x07, 0x95, 0xae, 0xe9, 0x27, 0x29, 0x72, 0xa0, 0x04, 0x6a, 0x6c,
  0xea, 0x66, 0x22, 0x06, 0x96, 0x80, 0x6a, 0x4b, 0xea, 0xcc, 0xea, 0xff, 0x6b,
  0x6c, 0xea, 0x5f, 0x2a, 0x30, 0xf0, 0x20, 0x6a, 0x82, 0xf4, 0x00, 0x4a, 0x62,
  0xf7, 0x74, 0x9a, 0x01, 0x6c, 0x8c, 0xeb, 0x0c, 0x23, 0x62, 0xf7, 0x58, 0x9a,
  0x05, 0x5a, 0x08, 0x61, 0x5d, 0x67, 0xb0, 0xa2, 0x30, 0xf0, 0x20, 0x6c, 0x21,
  0xf4, 0x08, 0x4c, 0x00, 0x18, 0x28, 0x20, 0x07, 0x93, 0x80, 0x6a, 0x4b, 0xea,
  0x6d, 0xea, 0x9d, 0x67, 0x50, 0xc4, 0x1b, 0x10, 0xbd, 0x67, 0xc7, 0x45, 0x15,
  0x4e, 0xc0, 0xa6, 0x30, 0xf0, 0x20, 0x6a, 0x82, 0xf4, 0x00, 0x4a, 0xd0, 0xc5,
  0xc8, 0xc0, 0x62, 0xf7, 0x74, 0x9a, 0x01, 0x6c, 0x8c, 0xeb, 0x10, 0x23, 0x62,
  0xf7, 0x58, 0x9a, 0x05, 0x5a, 0x0c, 0x61, 0xb0, 0xa5, 0x30, 0xf0, 0x20, 0x6c,
  0x21, 0xf4, 0x10, 0x4c, 0x00, 0x18, 0x28, 0x20, 0x04, 0x10, 0x0a, 0x93, 0x01,
  0x69, 0x01, 0x73, 0x06, 0x61, 0x72, 0xa0, 0x19, 0x6a, 0x4b, 0xea, 0x6c, 0xea,
  0x52, 0xc0, 0x00, 0x69, 0x9d, 0x67, 0x71, 0xa4, 0x03, 0x6a, 0x91, 0xa0, 0x6c,
  0xea, 0x48, 0x33, 0x0d, 0x6a, 0x4b, 0xea, 0x8c, 0xea, 0x6d, 0xea, 0x51, 0xc0,
  0x08, 0x94, 0x02, 0x6d, 0x00, 0x6e, 0x00, 0x18, 0x84, 0x22, 0x6f, 0xa0, 0x0f,
  0x6a, 0xdd, 0x67, 0x6c, 0xea, 0x10, 0x6b, 0x6d, 0xea, 0x4f, 0xc0, 0x5d, 0x67,
  0xb0, 0xa6, 0x08, 0x94, 0xf1, 0xa2, 0xd1, 0x67, 0x00, 0x18, 0x03, 0x2a, 0x0f,
  0x97, 0x0e, 0x91, 0x0d, 0x90, 0x08, 0x63, 0x00, 0xef, 0x00, 0x65, 0xf7, 0x63,
  0x11, 0x62, 0x10, 0xd1, 0x0f, 0xd0, 0xff, 0x6a, 0x4c, 0xec, 0x2a, 0x68, 0x18,
  0xec, 0x4c, 0xed, 0x4c, 0xee, 0x30, 0xf0, 0x20, 0x6a, 0x25, 0xf7, 0x0c, 0x4a,
  0x08, 0xd4, 0x01, 0x6c, 0x07, 0xd5, 0x0d, 0xd6, 0x12, 0xe8, 0x01, 0xe2, 0x30,
  0xf0, 0x20, 0x6a, 0x82, 0xf4, 0x00, 0x4a, 0x62, 0xf7, 0x74, 0x9a, 0x8c, 0xeb,
  0x0a, 0x23, 0x62, 0xf7, 0x58, 0x9a, 0x05, 0x5a, 0x06, 0x61, 0x30, 0xf0, 0x20,
  0x6c, 0x21, 0xf4, 0x18, 0x4c, 0x00, 0x18, 0x28, 0x20, 0x08, 0x94, 0x00, 0x18,
  0x7b, 0x1e, 0x7d, 0x67, 0x50, 0xc3, 0x81, 0xa0, 0x40, 0xa0, 0x30, 0xa3, 0x0b,
  0xd4, 0x91, 0xa0, 0x03, 0x6b, 0x7f, 0x6d, 0x92, 0x36, 0x8a, 0x34, 0x6c, 0xec,
  0x6c, 0xee, 0x7d, 0x67, 0x91, 0xc3, 0x0c, 0xd6, 0xd2, 0xa0, 0x04, 0x6b, 0x6b,
  0xeb, 0xcc, 0xeb, 0x8d, 0xeb, 0x01, 0x6c, 0x8b, 0xec, 0x85, 0xc0, 0x86, 0xc0,
  0x20, 0xf0, 0x88, 0xc0, 0x20, 0xf0, 0x89, 0xc0, 0x93, 0xa0, 0xac, 0xe9, 0x23,
  0xea, 0x8c, 0xed, 0x80, 0x6c, 0x8b, 0xec, 0x8d, 0xeb, 0x67, 0x4c, 0x8c, 0xeb,
  0x72, 0xc0, 0x00, 0x6b, 0xb3, 0xc0, 0x75, 0xc0, 0x02, 0x60, 0x9d, 0x67, 0x50,
  0xc4, 0x30, 0xf0, 0x20, 0x6a, 0x82, 0xf4, 0x00, 0x4a, 0x62, 0xf7, 0x74, 0x9a,
  0x01, 0x6c, 0x8c, 0xeb, 0x0c, 0x23, 0x62, 0xf7, 0x58, 0x9a, 0x05, 0x5a, 0x08,
  0x61, 0xdd, 0x67, 0xb0, 0xa6, 0x30, 0xf0, 0x20, 0x6c, 0x01, 0xf4, 0x00, 0x4c,
  0x00, 0x18, 0x28, 0x20, 0x07, 0x93, 0x00, 0x6a, 0x06, 0xd2, 0xe0, 0xf0, 0x0f,
  0x23, 0xdd, 0x67, 0x08, 0x94, 0xb0, 0xa6, 0x00, 0x18, 0xdb, 0x24, 0x07, 0x93,
  0xff, 0x72, 0x09, 0xd3, 0x0a, 0x60, 0x9d, 0x67, 0x50, 0xc4, 0x30, 0xa4, 0x7f,
  0x6a, 0xa3, 0x67, 0x4c, 0xe9, 0xff, 0x4d, 0xff, 0x6a, 0x4c, 0xed, 0x09, 0xd5,
  0x30, 0xf0, 0x20, 0x6a, 0x82, 0xf4, 0x00, 0x4a, 0x62, 0xf7, 0x74, 0x9a, 0x01,
  0x6c, 0x8c, 0xeb, 0x0c, 0x23, 0x62, 0xf7, 0x58, 0x9a, 0x05, 0x5a, 0x08, 0x61,
  0xdd, 0x67, 0xb0, 0xa6, 0x30, 0xf0, 0x20, 0x6c, 0x21, 0xf4, 0x00, 0x4c, 0x00,
  0x18, 0x28, 0x20, 0x09, 0x92, 0xc0, 0xf0, 0x02, 0x22, 0x56, 0xa0, 0x01, 0x6b,
  0x6c, 0xea, 0x25, 0x2a, 0x5e, 0xa0, 0x5a, 0x32, 0x6c, 0xea, 0xff, 0x6b, 0x6c,
  0xea, 0x1f, 0x2a, 0x08, 0x94, 0x04, 0x05, 0x00, 0xf0, 0x11, 0x06, 0x02, 0x6f,
  0x00, 0x18, 0xd4, 0x25, 0xa0, 0xf0, 0x0f, 0x2a, 0x30, 0xf0, 0x20, 0x6a, 0x82,
  0xf4, 0x00, 0x4a, 0x62, 0xf7, 0x74, 0x9a, 0x01, 0x6c, 0x8c, 0xeb, 0x12, 0x23,
  0x62, 0xf7, 0x58, 0x9a, 0x05, 0x5a, 0x0e, 0x61, 0xdd, 0x67, 0xb0, 0xa6, 0x30,
  0xf0, 0x20, 0x6c, 0x21, 0xf4, 0x08, 0x4c, 0x00, 0x18, 0x28, 0x20, 0x05, 0x10,
  0x71, 0xa0, 0x03, 0x6a, 0x6c, 0xea, 0x7d, 0x67, 0x51, 0xc3, 0x0b, 0x94, 0x00,
  0x6d, 0x0a, 0xd5, 0x83, 0xe9, 0x73, 0x60, 0xdd, 0x67, 0x47, 0x46, 0x25, 0x4a,
  0x40, 0xa2, 0x06, 0xd5, 0x50, 0xc6, 0x8a, 0x10, 0x08, 0x96, 0x0c, 0x97, 0x91,
  0x67, 0x01, 0x6d, 0x00, 0x18, 0xb0, 0x27, 0x07, 0xd2, 0x30, 0xf0, 0x20, 0x6a,
  0x82, 0xf4, 0x00, 0x4a, 0x62, 0xf7, 0x74, 0x9a, 0x01, 0x6c, 0x8c, 0xeb, 0x0c,
  0x23, 0x62, 0xf7, 0x58, 0x9a, 0x05, 0x5a, 0x08, 0x61, 0x07, 0x95, 0x09, 0x96,
  0x30, 0xf0, 0x20, 0x6c, 0x41, 0xf4, 0x00, 0x4c, 0x00, 0x18, 0x28, 0x20, 0x07,
  0x94, 0x06, 0xd1, 0xff, 0x74, 0x2b, 0x61, 0xa8, 0x41, 0xb4, 0x4d, 0xff, 0x6a,
  0x4c, 0xed, 0x07, 0xd5, 0x06, 0x96, 0xff, 0x6a, 0x24, 0x33, 0xff, 0x4e, 0x4c,
  0xee, 0x30, 0xf0, 0x20, 0x6a, 0x42, 0xf3, 0x04, 0x4a, 0xc4, 0x34, 0x4d, 0xe3,
  0x49, 0xe4, 0x60, 0xab, 0x40, 0xaa, 0x06, 0xd6, 0x63, 0xea, 0x0f, 0x60, 0x86,
  0x67, 0x08, 0x95, 0x0c, 0x96, 0x00, 0x18, 0x75, 0x24, 0xff, 0x72, 0x08, 0x60,
  0x72, 0xa0, 0x19, 0x6a, 0x4b, 0xea, 0x6c, 0xea, 0x52, 0xc0, 0x06, 0x92, 0x07,
  0xd2, 0x06, 0x10, 0x06, 0x93, 0x07, 0x94, 0x8a, 0xeb, 0xdc, 0x61, 0xff, 0x6d,
  0x07, 0xd5, 0x07, 0x96, 0x0b, 0x95, 0x30, 0xf0, 0x20, 0x6a, 0x42, 0xf3, 0x04,
  0x4a, 0xc4, 0x33, 0xa4, 0x34, 0x4d, 0xe3, 0x49, 0xe4, 0x60, 0xab, 0x40, 0xaa,
  0x43, 0xeb, 0x08, 0x60, 0xdd, 0x67, 0xb0, 0xc6, 0x72, 0xa0, 0x19, 0x6a, 0x4b,
  0xea, 0x6c, 0xea, 0x52, 0xc0, 0x05, 0x10, 0x7d, 0x67, 0x87, 0x43, 0x15, 0x4c,
  0x80, 0xa4, 0x90, 0xc3, 0x0a, 0x95, 0xff, 0x6a, 0x06, 0x91, 0x01, 0x4d, 0x4c,
  0xed, 0x0a, 0xd5, 0x0a, 0x96, 0x09, 0x92, 0x43, 0xee, 0x90, 0x61, 0x30, 0xf0,
  0x20, 0x6a, 0x82, 0xf4, 0x00, 0x4a, 0x62, 0xf7, 0x74, 0x9a, 0x01, 0x6c, 0x8c,
  0xeb, 0x0f, 0x23, 0x62, 0xf7, 0x58, 0x9a, 0x05, 0x5a, 0x0b, 0x61, 0x7d, 0x67,
  0xb0, 0xa3, 0x30, 0xf0, 0x20, 0x6c, 0x21, 0xf4, 0x10, 0x4c, 0x00, 0x18, 0x28,
  0x20, 0x01, 0x6c, 0x06, 0xd4, 0x02, 0x10, 0x01, 0x6d, 0x06, 0xd5, 0x0d, 0x96,
  0x01, 0x76, 0x04, 0x60, 0x72, 0xa0, 0x18, 0x6a, 0x6c, 0xea, 0x07, 0x2a, 0x72,
  0xa0, 0x19, 0x6a, 0x4b, 0xea, 0x6c, 0xea, 0x52, 0xc0, 0x00, 0x6a, 0x06, 0xd2,
  0x7d, 0x67, 0x50, 0xa3, 0x91, 0xa0, 0x02, 0x6d, 0x48, 0xc0, 0x71, 0xa3, 0x03,
  0x6a, 0x00, 0x6e, 0x6c, 0xea, 0x48, 0x33, 0x0d, 0x6a, 0x4b, 0xea, 0x8c, 0xea,
  0x6d, 0xea, 0x51, 0xc0, 0x08, 0x94, 0x00, 0x18, 0x84, 0x22, 0x6f, 0xa0, 0x0f,
  0x6a, 0xdd, 0x67, 0x6c, 0xea, 0x20, 0x6b, 0x6d, 0xea, 0x4f, 0xc0, 0x5d, 0x67,
  0xb0, 0xa6, 0xf1, 0xa2, 0x08, 0x94, 0x06, 0x96, 0x00, 0x18, 0x03, 0x2a, 0x11,
  0x97, 0x10, 0x91, 0x0f, 0x90, 0x09, 0x63, 0x00, 0xef, 0xf2, 0x63, 0x1b, 0x62,
  0x1a, 0xd1, 0x19, 0xd0, 0x00, 0x18, 0xb4, 0x25, 0x00, 0x6b, 0x01, 0x6a, 0x17,
  0xd2, 0x16, 0xd3, 0x10, 0xd3, 0x10, 0x92, 0x2a, 0x69, 0x10, 0x94, 0x38, 0xea,
  0x30, 0xf0, 0x20, 0x6a, 0x25, 0xf7, 0x0c, 0x4a, 0x30, 0xf0, 0x20, 0x6b, 0x82,
  0xf4, 0x00, 0x4b, 0x0f, 0xd3, 0x12, 0xe9, 0x25, 0xe2, 0x10, 0x92, 0x81, 0xf4,
  0x02, 0x4a, 0x48, 0x32, 0x49, 0xe3, 0x02, 0x9a, 0x00, 0x18, 0x7b, 0x1e, 0x0e,
  0xd2, 0x80, 0xa1, 0x10, 0x96, 0x0f, 0x97, 0x14, 0xd4, 0x51, 0xa1, 0x08, 0x04,
  0x4a, 0x32, 0x13, 0xd2, 0x13, 0x95, 0x03, 0x6a, 0x4c, 0xed, 0xe9, 0xe6, 0x07,
  0xf6, 0x50, 0xa2, 0x13, 0xd5, 0x30, 0xf0, 0x20, 0x6d, 0x12, 0xd2, 0x14, 0x6a,
  0x58, 0xee, 0x89, 0xf0, 0x10, 0x4d, 0x14, 0x6e, 0x12, 0xea, 0x55, 0xe5, 0x00,
  0x18, 0x69, 0x12, 0x30, 0xf0, 0x20, 0x6a, 0x20, 0xf6, 0x4c, 0x9a, 0x60, 0xa2,
  0x20, 0x6a, 0x6c, 0xea, 0x35, 0x22, 0x30, 0xf0, 0x20, 0x6a, 0x60, 0xf5, 0x58,
  0x9a, 0x00, 0x6e, 0xa0, 0xa2, 0x30, 0xf0, 0x20, 0x6a, 0x40, 0xf6, 0x54, 0x9a,
  0xe0, 0xa2, 0x30, 0xf0, 0x20, 0x6a, 0x40, 0xf6, 0x58, 0x9a, 0x80, 0xa2, 0xff,
  0x6a, 0x4c, 0xed, 0x4c, 0xec, 0x4c, 0xef, 0x00, 0x18, 0x03, 0x2a, 0x10, 0x94,
  0x12, 0x97, 0x08, 0x05, 0xd0, 0x67, 0x00, 0x18, 0x58, 0x24, 0x0c, 0x94, 0xb0,
  0x67, 0x00, 0x18, 0x2d, 0x24, 0x0f, 0x93, 0x62, 0xf7, 0x54, 0x9b, 0x01, 0x6b,
  0x6c, 0xea, 0xc0, 0xf4, 0x02, 0x22, 0x0f, 0x94, 0x62, 0xf7, 0x58, 0x9c, 0x05,
  0x5a, 0xa0, 0xf4, 0x1c, 0x61, 0x30, 0xf0, 0x20, 0x6c, 0x41, 0xf4, 0x10, 0x4c,
  0x00, 0x18, 0x28, 0x20, 0xa0, 0xf4, 0x14, 0x10, 0x10, 0x94, 0x00, 0x18, 0xfe,
  0x05, 0xc0, 0xf4, 0x07, 0x22, 0xc0, 0xf4, 0x05, 0x20, 0x71, 0xa1, 0x80, 0x6a,
  0x4b, 0xea, 0x6c, 0xea, 0xff, 0x6d, 0xac, 0xea, 0xa0, 0xf4, 0x1d, 0x2a, 0x0f,
  0x96, 0x01, 0x6b, 0x62, 0xf7, 0x54, 0x9e, 0x6c, 0xea, 0x0b, 0x22, 0x62, 0xf7,
  0x58, 0x9e, 0x05, 0x5a, 0x07, 0x61, 0x10, 0x95, 0x30, 0xf0, 0x20, 0x6c, 0x41,
  0xf4, 0x18, 0x4c, 0x00, 0x18, 0x28, 0x20, 0x92, 0xa1, 0x40, 0x6b, 0xff, 0x6a,
  0x8c, 0xeb, 0x05, 0x2b, 0x91, 0xa1, 0x80, 0x4b, 0x8c, 0xeb, 0x4c, 0xeb, 0x15,
  0x23, 0x30, 0xf0, 0x20, 0x6a, 0x82, 0xf4, 0x00, 0x4a, 0x62, 0xf7, 0x74, 0x9a,
  0x01, 0x6c, 0x8c, 0xeb, 0x80, 0xf4, 0x00, 0x23, 0x62, 0xf7, 0x58, 0x9a, 0x05,
  0x5a, 0x60, 0xf4, 0x1b, 0x61, 0x30, 0xf0, 0x20, 0x6c, 0x61, 0xf4, 0x00, 0x4c,
  0x10, 0x95, 0x26, 0x10, 0x15, 0x58, 0x28, 0x61, 0x93, 0xa1, 0x07, 0x6b, 0xa4,
  0x67, 0x6c, 0xed, 0xc5, 0x67, 0x4c, 0xee, 0x21, 0x26, 0x08, 0x6e, 0xff, 0x4d,
  0xcb, 0xee, 0x6c, 0xed, 0x8c, 0xee, 0xad, 0xee, 0x30, 0xf0, 0x20, 0x6c, 0xd3,
  0xc1, 0x82, 0xf4, 0x00, 0x4c, 0x62, 0xf7, 0xb4, 0x9c, 0x01, 0x6f, 0xec, 0xed,
  0x40, 0xf4, 0x1b, 0x25, 0x62, 0xf7, 0x98, 0x9c, 0x05, 0x5c, 0x40, 0xf4, 0x16,
  0x61, 0xa6, 0x67, 0x6c, 0xed, 0x30, 0xf0, 0x20, 0x6c, 0x61, 0xf4, 0x0c, 0x4c,
  0x4c, 0xed, 0x00, 0x18, 0x28, 0x20, 0x40, 0xf4, 0x0b, 0x10, 0x0e, 0x92, 0x0e,
  0x94, 0x7f, 0x6f, 0x80, 0x6b, 0xec, 0xea, 0x6c, 0xec, 0x11, 0xd2, 0x15, 0xd4,
  0x73, 0xa1, 0x08, 0x6a, 0x4b, 0xea, 0x6c, 0xea, 0x53, 0xc1, 0x0a, 0x96, 0x09,
  0x95, 0x0b, 0x93, 0x0c, 0x97, 0xa9, 0xe6, 0x69, 0xe2, 0x08, 0x94, 0xff, 0x65,
  0xe9, 0xe2, 0xff, 0xf7, 0x1f, 0x6f, 0xec, 0xea, 0x91, 0xe2, 0x04, 0xd2, 0xb5,
  0xe3, 0xc4, 0x32, 0x55, 0xe5, 0x64, 0x33, 0x5f, 0x67, 0x1c, 0x65, 0x75, 0xe5,
  0x48, 0x34, 0x95, 0xe5, 0x12, 0x96, 0x10, 0x94, 0x78, 0x67, 0x05, 0xd5, 0x6c,
  0xef, 0xb0, 0x67, 0x00, 0x18, 0x49, 0x25, 0x11, 0x94, 0x14, 0x95, 0x83, 0xed,
  0x24, 0x60, 0x15, 0x96, 0x0e, 0xd5, 0x09, 0x26, 0x80, 0x6f, 0xeb, 0xef, 0x45,
  0x67, 0xed, 0xea, 0x0e, 0xd2, 0x0e, 0x93, 0xff, 0x6a, 0x4c, 0xeb, 0x0e, 0xd3,
  0x30, 0xf0, 0x20, 0x6a, 0x82, 0xf4, 0x00, 0x4a, 0x62, 0xf7, 0x74, 0x9a, 0x01,
  0x6c, 0x8c, 0xeb, 0x0d, 0x23, 0x62, 0xf7, 0x58, 0x9a, 0x05, 0x5a, 0x09, 0x61,
  0x30, 0xf0, 0x20, 0x6c, 0x61, 0xf4, 0x18, 0x4c, 0x00, 0x18, 0x28, 0x20, 0x14,
  0x94, 0x11, 0xd4, 0x02, 0x10, 0x14, 0x95, 0x11, 0xd5, 0x30, 0xf0, 0x20, 0x6a,
  0x82, 0xf4, 0x00, 0x4a, 0x62, 0xf7, 0x74, 0x9a, 0x01, 0x6c, 0x8c, 0xeb, 0x0d,
  0x23, 0x62, 0xf7, 0x58, 0x9a, 0x05, 0x5a, 0x09, 0x61, 0x08, 0x96, 0x0c, 0x97,
  0x30, 0xf0, 0x20, 0x6c, 0x81, 0xf4, 0x00, 0x4c, 0xb0, 0x67, 0x00, 0x18, 0x28,
  0x20, 0x4f, 0x40, 0x13, 0x5a, 0x0f, 0x60, 0x76, 0xa1, 0x01, 0x6a, 0x6c, 0xea,
  0x0b, 0x2a, 0x6e, 0xa1, 0x7a, 0x32, 0x03, 0x72, 0x03, 0x60, 0x40, 0x4b, 0x6e,
  0xc1, 0xd3, 0x13, 0x40, 0x6a, 0x4b, 0xea, 0x6d, 0xea, 0x03, 0x10, 0x6e, 0xa1,
  0x3f, 0x6a, 0x6c, 0xea, 0x4e, 0xc1, 0x6e, 0xa1, 0x40, 0x6a, 0x4b, 0xea, 0x6c,
  0xea, 0xff, 0x6e, 0xcc, 0xea, 0xc0, 0x72, 0x56, 0x61, 0x10, 0x94, 0x05, 0x6d,
  0x00, 0x6e, 0x00, 0x18, 0x84, 0x22, 0x0c, 0x92, 0x0b, 0x94, 0x0a, 0x93, 0x51,
  0xe4, 0x71, 0xe4, 0x09, 0x93, 0x71, 0xe4, 0x0a, 0x33, 0x83, 0xeb, 0x01, 0x61,
  0x14, 0x22, 0x30, 0xf0, 0x20, 0x6a, 0x82, 0xf4, 0x00, 0x4a, 0x62, 0xf7, 0x74,
  0x9a, 0x01, 0x6c, 0x8c, 0xeb, 0xe0, 0xf0, 0x07, 0x23, 0x62, 0xf7, 0x58, 0x9a,
  0x05, 0x5a, 0xe0, 0xf0, 0x02, 0x61, 0x30, 0xf0, 0x20, 0x6c, 0x81, 0xf4, 0x10,
  0x4c, 0xdb, 0x10, 0x12, 0x97, 0x14, 0x27, 0x30, 0xf0, 0x20, 0x6a, 0x82, 0xf4,
  0x00, 0x4a, 0x62, 0xf7, 0x74, 0x9a, 0x01, 0x6c, 0x8c, 0xeb, 0xc0, 0xf0, 0x11,
  0x23, 0x62, 0xf7, 0x58, 0x9a, 0x05, 0x5a, 0xc0, 0xf0, 0x0c, 0x61, 0x30, 0xf0,
  0x20, 0x6c, 0x81, 0xf4, 0x18, 0x4c, 0xc5, 0x10, 0x08, 0x92, 0x03, 0xea, 0x80,
  0xf3, 0x05, 0x61, 0x30, 0xf0, 0x20, 0x6a, 0x82, 0xf4, 0x00, 0x4a, 0x62, 0xf7,
  0x74, 0x9a, 0x01, 0x6c, 0x8c, 0xeb, 0x0a, 0x23, 0x62, 0xf7, 0x58, 0x9a, 0x05,
  0x5a, 0x06, 0x61, 0x30, 0xf0, 0x20, 0x6c, 0xa1, 0xf4, 0x04, 0x4c, 0x00, 0x18,
  0x28, 0x20, 0x10, 0x94, 0x01, 0x6d, 0x00, 0x18, 0x30, 0x2b, 0x6d, 0x13, 0x10,
  0x94, 0x12, 0x97, 0x08, 0x05, 0xd0, 0x67, 0x00, 0x18, 0x58, 0x24, 0x0c, 0x94,
  0xb0, 0x67, 0x0f, 0xd2, 0x00, 0x18, 0x2d, 0x24, 0x8e, 0xa1, 0x10, 0x6b, 0xff,
  0x6d, 0x8c, 0xeb, 0xac, 0xeb, 0x0a, 0x23, 0x0f, 0x96, 0x46, 0x32, 0x5a, 0xc1,
  0x11, 0x6a, 0x4b, 0xea, 0xc6, 0x33, 0x8c, 0xea, 0x79, 0xc1, 0x4e, 0xc1, 0x0d,
  0x10, 0x79, 0xa1, 0x0f, 0x97, 0x64, 0x34, 0x6d, 0xe4, 0xed, 0xe3, 0x6b, 0x33,
  0x79, 0xc1, 0x7a, 0xa1, 0x6d, 0xe2, 0x44, 0x32, 0x49, 0xe3, 0x4b, 0x32, 0x5a,
  0xc1, 0x30, 0xf0, 0x20, 0x6a, 0x20, 0xf6, 0x4c, 0x9a, 0x60, 0xa2, 0x40, 0x6a,
  0x6c, 0xea, 0x27, 0x22, 0x0b, 0x94, 0x09, 0x92, 0x0a, 0x96, 0xff, 0xf7, 0x1f,
  0x6f, 0x4d, 0xe4, 0x1a, 0x65, 0x0c, 0x92, 0xc4, 0x35, 0x4d, 0xe3, 0xb5, 0xe3,
  0x8d, 0xe2, 0x64, 0x33, 0x6d, 0xe5, 0xb8, 0x67, 0xa9, 0xe6, 0x12, 0x96, 0xec,
  0xeb, 0x04, 0xd3, 0x0d, 0xe3, 0xcf, 0xe3, 0xec, 0xeb, 0x05, 0xd3, 0x0f, 0x93,
  0x08, 0x95, 0x89, 0xe2, 0x06, 0xd3, 0xa9, 0xe2, 0x79, 0xa1, 0x10, 0x95, 0x0e,
  0x96, 0x30, 0xf0, 0x20, 0x6c, 0xa1, 0xf4, 0x0c, 0x4c, 0x4c, 0xef, 0x07, 0xd3,
  0x00, 0x18, 0x28, 0x20, 0x99, 0xa1, 0x11, 0x95, 0x15, 0x96, 0x00, 0x18, 0x4c,
  0x24, 0x13, 0x94, 0x05, 0x2c, 0x40, 0x32, 0x5c, 0x32, 0x42, 0x32, 0x42, 0x32,
  0x07, 0x10, 0x13, 0x95, 0x02, 0x75, 0x04, 0x61, 0x44, 0x32, 0xff, 0xf7, 0x1f,
  0x6b, 0x6c, 0xea, 0x45, 0xc9, 0x30, 0xf0, 0x20, 0x6a, 0x82, 0xf4, 0x00, 0x4a,
  0x62, 0xf7, 0x74, 0x9a, 0x01, 0x6c, 0x8c, 0xeb, 0x0c, 0x23, 0x62, 0xf7, 0x58,
  0x9a, 0x05, 0x5a, 0x08, 0x61, 0xb9, 0xa1, 0xda, 0xa1, 0x30, 0xf0, 0x20, 0x6c,
  0xc1, 0xf4, 0x14, 0x4c, 0x00, 0x18, 0x28, 0x20, 0x30, 0xf0, 0x20, 0x6a, 0x82,
  0xf4, 0x00, 0x4a, 0x62, 0xf7, 0x74, 0x9a, 0x02, 0x6c, 0x8c, 0xeb, 0x0c, 0x23,
  0x62, 0xf7, 0x58, 0x9a, 0x05, 0x5a, 0x08, 0x61, 0xb9, 0xa1, 0xda, 0xa1, 0x30,
  0xf0, 0x20, 0x6c, 0xc1, 0xf4, 0x14, 0x4c, 0x00, 0x18, 0x28, 0x20, 0x12, 0x96,
  0x08, 0x5e, 0x19, 0x61, 0x30, 0xf0, 0x20, 0x6a, 0x82, 0xf4, 0x00, 0x4a, 0x62,
  0xf7, 0x74, 0x9a, 0x01, 0x6c, 0x8c, 0xeb, 0x0a, 0x23, 0x62, 0xf7, 0x58, 0x9a,
  0x05, 0x5a, 0x06, 0x61, 0x30, 0xf0, 0x20, 0x6c, 0xe1, 0xf4, 0x04, 0x4c, 0x00,
  0x18, 0x28, 0x20, 0x10, 0x94, 0x01, 0x6d, 0xc5, 0x67, 0x00, 0x18, 0xe8, 0x2b,
  0xbc, 0x12, 0x30, 0xf0, 0x20, 0x6a, 0x82, 0xf4, 0x00, 0x4a, 0x62, 0xf7, 0x74,
  0x9a, 0x01, 0x6c, 0x8c, 0xeb, 0x0b, 0x23, 0x62, 0xf7, 0x58, 0x9a, 0x05, 0x5a,
  0x07, 0x61, 0xbd, 0xa1, 0x30, 0xf0, 0x20, 0x6c, 0xe1, 0xf4, 0x0c, 0x4c, 0x00,
  0x18, 0x28, 0x20, 0x11, 0x93, 0x30, 0xf0, 0x20, 0x6a, 0x82, 0xf4, 0x00, 0x4a,
  0x43, 0xf0, 0x14, 0x4b, 0x64, 0x33, 0x49, 0xe3, 0x62, 0xaa, 0x0f, 0x97, 0x08,
  0x4b, 0x72, 0x33, 0x63, 0xef, 0x12, 0x60, 0x90, 0xa1, 0xff, 0x6a, 0xef, 0xe3,
  0x0f, 0x6d, 0x4c, 0xeb, 0x8e, 0x32, 0xac, 0xea, 0x44, 0x32, 0x01, 0x6e, 0xcd,
  0xea, 0xac, 0xea, 0x80, 0x4d, 0xf8, 0x4d, 0x4c, 0x32, 0x8c, 0xed, 0x4d, 0xed,
  0xb0, 0xc1, 0x10, 0x10, 0x0f, 0x92, 0x90, 0xa1, 0x0f, 0x6d, 0x6f, 0xe2, 0xff,
  0x6a, 0x4c, 0xeb, 0x8e, 0x32, 0xac, 0xea, 0x44, 0x32, 0xac, 0xea, 0x4c, 0x35,
  0x79, 0x6a, 0x4b, 0xea, 0x8c, 0xea, 0xad, 0xea, 0x50, 0xc1, 0x99, 0xa1, 0x11,
  0x90, 0xff, 0xf7, 0x1f, 0x6d, 0x1c, 0x65, 0x43, 0xf0, 0x14, 0x48, 0x30, 0xf0,
  0x20, 0x6c, 0x82, 0xf4, 0x00, 0x4c, 0x04, 0x30, 0x81, 0xe0, 0xc2, 0xa8, 0xcb,
  0x37, 0xc7, 0x32, 0xe9, 0xe2, 0xf8, 0x67, 0xe9, 0xe2, 0xac, 0xea, 0xcf, 0x37,
  0xe9, 0xe2, 0xac, 0xea, 0xd3, 0x36, 0xc9, 0xe2, 0xac, 0xea, 0x42, 0xc8, 0x08,
  0x4a, 0x53, 0x32, 0xac, 0xea, 0x11, 0x95, 0x0a, 0x5b, 0xa3, 0xf0, 0x08, 0x4d,
  0xa4, 0x35, 0x91, 0xe5, 0x84, 0xa4, 0xa3, 0x67, 0x01, 0x61, 0x09, 0x6d, 0xff,
  0x6b, 0xac, 0xeb, 0x30, 0xf0, 0x20, 0x6d, 0x82, 0xf4, 0x00, 0x4d, 0xb5, 0xe3,
  0xe6, 0xf1, 0xbc, 0xa5, 0x0b, 0x5d, 0x07, 0x61, 0xb0, 0xa1, 0x03, 0x6e, 0xae,
  0x35, 0xcc, 0xed, 0x19, 0x25, 0x03, 0x75, 0x17, 0x60, 0x17, 0x95, 0x17, 0x25,
  0x30, 0xf0, 0x20, 0x6d, 0x82, 0xf4, 0x00, 0x4d, 0xad, 0xe3, 0xe6, 0xf1, 0x7c,
  0xa3, 0x71, 0xe4, 0xff, 0x6b, 0x6c, 0xec, 0x0a, 0x5c, 0x04, 0x60, 0x01, 0x6e,
  0x17, 0xd6, 0x00, 0x6c, 0x0a, 0x10, 0xf6, 0x4c, 0x01, 0x6f, 0x6c, 0xec, 0x17,
  0xd7, 0x02, 0x10, 0x00, 0x6b, 0x17, 0xd3, 0x10, 0x5c, 0x01, 0x61, 0x0f, 0x6c,
  0x11, 0x95, 0x30, 0xf0, 0x20, 0x6b, 0x82, 0xf4, 0x00, 0x4b, 0xa3, 0xf0, 0x08,
  0x4d, 0xa4, 0x35, 0x6d, 0xe5, 0x0b, 0x5c, 0x82, 0xcb, 0x02, 0x6b, 0x09, 0x60,
  0x06, 0x5c, 0x03, 0x6b, 0x06, 0x60, 0x03, 0x5c, 0x78, 0x67, 0x01, 0x5b, 0x78,
  0x67, 0x05, 0x6d, 0x6f, 0xe5, 0x0b, 0x5a, 0x12, 0xd4, 0x0c, 0x61, 0xf6, 0x4a,
  0x47, 0xeb, 0x49, 0xe4, 0x12, 0xd2, 0x12, 0x93, 0xff, 0x6a, 0x4c, 0xeb, 0x28,
  0x5b, 0x12, 0xd3, 0x02, 0x61, 0x28, 0x6d, 0x12, 0xd5, 0x03, 0x5c, 0x02, 0x60,
  0x0f, 0x96, 0x16, 0xd6, 0x30, 0xf0, 0x20, 0x6a, 0x82, 0xf4, 0x00, 0x4a, 0x62,
  0xf7, 0x74, 0x9a, 0x01, 0x6c, 0x8c, 0xeb, 0x0c, 0x23, 0x62, 0xf7, 0x58, 0x9a,
  0x05, 0x5a, 0x08, 0x61, 0x12, 0x95, 0x16, 0x96, 0x30, 0xf0, 0x20, 0x6c, 0xe1,
  0xf4, 0x18, 0x4c, 0x00, 0x18, 0x28, 0x20, 0x15, 0x97, 0x13, 0x27, 0x11, 0x93,
  0x30, 0xf0, 0x20, 0x6a, 0x82, 0xf4, 0x00, 0x4a, 0x49, 0xe3, 0x06, 0xf0, 0x40,
  0xa2, 0x00, 0x6c, 0x0e, 0xd4, 0x02, 0x5a, 0x10, 0x61, 0xff, 0x4a, 0x0e, 0xd2,
  0x0e, 0x95, 0xff, 0x6a, 0x4c, 0xed, 0x0e, 0xd5, 0x09, 0x10, 0x11, 0x96, 0x30,
  0xf0, 0x20, 0x6a, 0x82, 0xf4, 0x00, 0x4a, 0x49, 0xe6, 0x06, 0xf0, 0x40, 0xa2,
  0x0e, 0xd2, 0x11, 0x97, 0x30, 0xf0, 0x20, 0x6a, 0x82, 0xf4, 0x00, 0x4a, 0x49,
  0xe7, 0xa5, 0xf7, 0x4c, 0xa2, 0xff, 0x68, 0x0f, 0xd2, 0x76, 0xa1, 0x01, 0x6a,
  0x6c, 0xea, 0x1a, 0x22, 0x87, 0x67, 0x00, 0x18, 0x74, 0x22, 0x05, 0x22, 0x0e,
  0x92, 0x02, 0x4a, 0x0c, 0xea, 0x0e, 0xd2, 0x11, 0x10, 0x11, 0x94, 0x00, 0x18,
  0x60, 0x22, 0x05, 0x22, 0x0e, 0x93, 0x05, 0x4b, 0x0c, 0xeb, 0x0e, 0xd3, 0x08,
  0x10, 0x0f, 0x94, 0x0e, 0x95, 0x03, 0x4c, 0x06, 0x4d, 0x0c, 0xec, 0x0c, 0xed,
  0x0f, 0xd4, 0x0e, 0xd5, 0x30, 0xf0, 0x20, 0x6a, 0x00, 0xf5, 0x48, 0x9a, 0xff,
  0x6b, 0x80, 0xa2, 0x7f, 0x6a, 0x8c, 0xea, 0x08, 0x22, 0x0f, 0x96, 0x0e, 0x97,
  0x02, 0x4e, 0x05, 0x4f, 0x6c, 0xee, 0x6c, 0xef, 0x0f, 0xd6, 0x0e, 0xd7, 0x12,
  0x92, 0x16, 0x93, 0x43, 0xeb, 0x1f, 0x60, 0x0e, 0x94, 0x0f, 0x95, 0x6b, 0xe2,
  0x4d, 0xe4, 0x55, 0xe5, 0xff, 0x6c, 0x8c, 0xed, 0x11, 0x96, 0x0f, 0xd5, 0x30,
  0xf0, 0x20, 0x6d, 0x82, 0xf4, 0x00, 0x4d, 0x8c, 0xeb, 0x4b, 0x32, 0xb5, 0xe6,
  0x46, 0xf0, 0x55, 0xc5, 0x43, 0x67, 0x8c, 0xeb, 0x47, 0x5b, 0x01, 0x61, 0x46,
  0x6a, 0xff, 0x6f, 0x4c, 0xef, 0x0f, 0x92, 0x0e, 0xd7, 0x29, 0x5a, 0x02, 0x61,
  0x28, 0x6b, 0x0f, 0xd3, 0x20, 0xf0, 0x47, 0xa1, 0x3f, 0x6b, 0x6c, 0xea, 0x20,
  0xf0, 0x67, 0x81, 0x00, 0x53, 0x17, 0x60, 0x0e, 0x94, 0x43, 0xec, 0x03, 0x60,
  0x00, 0x6d, 0x0e, 0xd5, 0x05, 0x10, 0x0e, 0x96, 0xff, 0x6b, 0x5b, 0xe6, 0x6c,
  0xee, 0x0e, 0xd6, 0x0f, 0x97, 0x43, 0xef, 0x03, 0x60, 0x00, 0x6b, 0x0f, 0xd3,
  0x10, 0x10, 0x0f, 0x94, 0xff, 0x6b, 0x53, 0xe4, 0x6c, 0xec, 0x0f, 0xd4, 0x0a,
  0x10, 0x09, 0x22, 0x0e, 0x95, 0x0f, 0x96, 0xff, 0x6b, 0x55, 0xe5, 0x59, 0xe6,
  0x6c, 0xed, 0x6c, 0xee, 0x0e, 0xd5, 0x0f, 0xd6, 0x0e, 0x95, 0xfd, 0x67, 0x87,
  0x47, 0x31, 0x4c, 0x5b, 0x5d, 0x60, 0xa4, 0x01, 0x61, 0x5a, 0x6b, 0x0f, 0x95,
  0xff, 0x6c, 0xc3, 0x67, 0xfd, 0x67, 0x8c, 0xee, 0x67, 0x47, 0xac, 0xec, 0x35,
  0x4b, 0x42, 0x5c, 0x0e, 0xd6, 0x00, 0xa3, 0x01, 0x61, 0x41, 0x68, 0x20, 0xf0,
  0x67, 0xa1, 0x0e, 0x97, 0xff, 0x6e, 0xcc, 0xe8, 0x01, 0x6c, 0x04, 0x6e, 0x7e,
  0x33, 0x06, 0xd7, 0xa4, 0x67, 0xe6, 0x67, 0x04, 0xd3, 0x05, 0xd2, 0x07, 0xd0,
  0x00, 0x18, 0xfd, 0x20, 0xb2, 0xa1, 0x03, 0x6b, 0xae, 0x35, 0x6c, 0xed, 0x43,
  0x45, 0x6c, 0xea, 0x02, 0x5a, 0x4f, 0x60, 0xff, 0x6a, 0x0f, 0x45, 0x4c, 0xe8,
  0x30, 0xf0, 0x20, 0x6a, 0x82, 0xf4, 0x00, 0x4a, 0x62, 0xf7, 0x74, 0x9a, 0x01,
  0x6c, 0x8c, 0xeb, 0x0c, 0x23, 0x62, 0xf7, 0x58, 0x9a, 0x05, 0x5a, 0x08, 0x61,
  0x30, 0xf0, 0x20, 0x6c, 0xff, 0x6b, 0x01, 0xf5, 0x08, 0x4c, 0x6c, 0xed, 0x00,
  0x18, 0x28, 0x20, 0xb2, 0xa1, 0x03, 0x6b, 0x19, 0x6a, 0xae, 0x36, 0x6c, 0xee,
  0xff, 0x4e, 0x6c, 0xee, 0x4b, 0xea, 0xcc, 0x36, 0xac, 0xea, 0x11, 0xe1, 0xcd,
  0xea, 0x05, 0xa4, 0x52, 0xc1, 0x20, 0xf0, 0x48, 0xa4, 0xff, 0x72, 0x09, 0x60,
  0x13, 0xd2, 0x91, 0xa1, 0x4c, 0xeb, 0x0d, 0x6a, 0x4b, 0xea, 0x68, 0x33, 0x8c,
  0xea, 0x6d, 0xea, 0x51, 0xc1, 0x30, 0xf0, 0x20, 0x6a, 0x82, 0xf4, 0x00, 0x4a,
  0x62, 0xf7, 0x74, 0x9a, 0x01, 0x6c, 0x8c, 0xeb, 0x0c, 0x23, 0x62, 0xf7, 0x58,
  0x9a, 0x05, 0x5a, 0x08, 0x61, 0x13, 0x95, 0x30, 0xf0, 0x20, 0x6c, 0x01, 0xf5,
  0x14, 0x4c, 0xd0, 0x67, 0x00, 0x18, 0x28, 0x20, 0x10, 0x94, 0x13, 0x97, 0xb0,
  0x67, 0x01, 0x6e, 0x00, 0x18, 0x03, 0x2a, 0xc4, 0x10, 0x30, 0xf0, 0x20, 0x6a,
  0x20, 0xf6, 0x4c, 0x9a, 0x60, 0xa2, 0x40, 0x6a, 0x6c, 0xea, 0x04, 0x22, 0x6e,
  0xa1, 0x08, 0x6a, 0x6d, 0xea, 0x04, 0x10, 0x6e, 0xa1, 0x09, 0x6a, 0x4b, 0xea,
  0x6c, 0xea, 0x4e, 0xc1, 0x5a, 0xa1, 0x17, 0x5a, 0x17, 0x61, 0x30, 0xf0, 0x20,
  0x6a, 0x82, 0xf4, 0x00, 0x4a, 0x62, 0xf7, 0x74, 0x9a, 0x01, 0x6c, 0x8c, 0xeb,
  0x0a, 0x23, 0x62, 0xf7, 0x58, 0x9a, 0x05, 0x5a, 0x06, 0x61, 0x30, 0xf0, 0x20,
  0x6c, 0x21, 0xf5, 0x00, 0x4c, 0x00, 0x18, 0x28, 0x20, 0x01, 0x6d, 0x10, 0x94,
  0xc5, 0x67, 0x2f, 0x10, 0x30, 0xf0, 0x20, 0x6a, 0x82, 0xf4, 0x00, 0x4a, 0x62,
  0xf7, 0x74, 0x9a, 0x01, 0x6c, 0x8c, 0xeb, 0x0c, 0x23, 0x62, 0xf7, 0x58, 0x9a,
  0x05, 0x5a, 0x08, 0x61, 0x0e, 0x96, 0x30, 0xf0, 0x20, 0x6c, 0x21, 0xf5, 0x04,
  0x4c, 0xb0, 0x67, 0x00, 0x18, 0x28, 0x20, 0x59, 0xa1, 0x0e, 0x94, 0x43, 0xec,
  0x1e, 0x60, 0x30, 0xf0, 0x20, 0x6a, 0x82, 0xf4, 0x00, 0x4a, 0x62, 0xf7, 0x74,
  0x9a, 0x01, 0x6c, 0x8c, 0xeb, 0x0a, 0x23, 0x62, 0xf7, 0x58, 0x9a, 0x05, 0x5a,
  0x06, 0x61, 0x30, 0xf0, 0x20, 0x6c, 0x21, 0xf5, 0x14, 0x4c, 0x00, 0x18, 0x28,
  0x20, 0x10, 0x94, 0x01, 0x6d, 0x00, 0x6e, 0x00, 0x18, 0xe8, 0x2b, 0x00, 0x6a,
  0x49, 0xc1, 0x4c, 0xa1, 0x01, 0x4a, 0x4c, 0xc1, 0x62, 0x10, 0x03, 0xea, 0x44,
  0x60, 0x49, 0xa1, 0x01, 0x6c, 0x01, 0x4a, 0x49, 0xc1, 0x30, 0xf0, 0x20, 0x6a,
  0x82, 0xf4, 0x00, 0x4a, 0x62, 0xf7, 0x74, 0x9a, 0x8c, 0xeb, 0x0a, 0x23, 0x62,
  0xf7, 0x58, 0x9a, 0x05, 0x5a, 0x06, 0x61, 0x30, 0xf0, 0x20, 0x6c, 0xa1, 0xf4,
  0x08, 0x4c, 0x00, 0x18, 0x28, 0x20, 0x55, 0xa1, 0xe9, 0xa1, 0x02, 0x4a, 0x42,
  0xef, 0x45, 0x61, 0x6e, 0xa1, 0x08, 0x6a, 0x6c, 0xea, 0x08, 0x22, 0x10, 0x95,
  0xd9, 0xa1, 0x30, 0xf0, 0x20, 0x6c, 0x21, 0xf5, 0x18, 0x4c, 0x00, 0x18, 0x28,
  0x20, 0x30, 0xf0, 0x20, 0x6a, 0x82, 0xf4, 0x00, 0x4a, 0x62, 0xf7, 0x74, 0x9a,
  0x01, 0x6c, 0x8c, 0xeb, 0x0a, 0x23, 0x62, 0xf7, 0x58, 0x9a, 0x05, 0x5a, 0x06,
  0x61, 0x30, 0xf0, 0x20, 0x6c, 0x41, 0xf5, 0x08, 0x4c, 0x00, 0x18, 0x28, 0x20,
  0x10, 0x94, 0x00, 0x6d, 0x00, 0x18, 0x30, 0x2b, 0x00, 0x6a, 0x49, 0xc1, 0x4d,
  0xa1, 0x01, 0x4a, 0x4d, 0xc1, 0x1c, 0x10, 0x30, 0xf0, 0x20, 0x6a, 0x82, 0xf4,
  0x00, 0x4a, 0x62, 0xf7, 0x74, 0x9a, 0x01, 0x6c, 0x8c, 0xeb, 0x0a, 0x23, 0x62,
  0xf7, 0x58, 0x9a, 0x05, 0x5a, 0x06, 0x61, 0x30, 0xf0, 0x20, 0x6c, 0x41, 0xf5,
  0x10, 0x4c, 0x00, 0x18, 0x28, 0x20, 0x10, 0x94, 0x04, 0x6d, 0x00, 0x6e, 0x00,
  0x18, 0x84, 0x22, 0x6f, 0xa1, 0x0f, 0x6a, 0x6c, 0xea, 0x4f, 0xc1, 0x00, 0x18,
  0xc0, 0x22, 0x30, 0xf0, 0x20, 0x6a, 0x82, 0xf4, 0x00, 0x4a, 0x62, 0xf7, 0x74,
  0x9a, 0x01, 0x6c, 0x8c, 0xeb, 0x0a, 0x23, 0x62, 0xf7, 0x58, 0x9a, 0x05, 0x5a,
  0x06, 0x61, 0x30, 0xf0, 0x20, 0x6c, 0x41, 0xf5, 0x14, 0x4c, 0x00, 0x18, 0x28,
  0x20, 0x10, 0x94, 0x00, 0x18, 0xd9, 0x30, 0x10, 0x95, 0xff, 0x6a, 0x01, 0x4d,
  0x4c, 0xed, 0x80, 0x75, 0x10, 0xd5, 0xbf, 0xf2, 0x1c, 0x61, 0x1b, 0x97, 0x1a,
  0x91, 0x19, 0x90, 0x0e, 0x63, 0x00, 0xef, 0xfd, 0x63, 0x05, 0x62, 0x30, 0xf0,
  0x20, 0x6a, 0x62, 0xf4, 0x79, 0xa2, 0x01, 0x4b, 0x62, 0xf4, 0x79, 0xc2, 0x62,
  0xf4, 0x79, 0xa2, 0x02, 0x5b, 0x03, 0x61, 0x00, 0x6b, 0x62, 0xf4, 0x79, 0xc2,
  0x00, 0x18, 0xb1, 0x2c, 0x05, 0x97, 0x03, 0x63, 0x00, 0xef, 0x00, 0x65, 0xfb,
  0x63, 0x09, 0x62, 0x08, 0xd1, 0x07, 0xd0, 0xff, 0x69, 0x2c, 0xec, 0x2a, 0x6a,
  0x58, 0xec, 0x30, 0xf0, 0x20, 0x6b, 0x25, 0xf7, 0x0c, 0x4b, 0x04, 0xd4, 0x03,
  0x6d, 0x12, 0xea, 0x49, 0xe3, 0xd2, 0xa2, 0xf1, 0xa2, 0x68, 0xa2, 0xcc, 0xed,
  0xa8, 0x36, 0xac, 0xe9, 0x0d, 0x6d, 0xab, 0xed, 0xec, 0xed, 0xcd, 0xed, 0x80,
  0xa2, 0xb1, 0xc2, 0x7f, 0x6d, 0x6c, 0xed, 0xa3, 0xec, 0x01, 0x60, 0x64, 0x67,
  0x48, 0xa2, 0x80, 0x68, 0x0b, 0xe8, 0x4c, 0xe8, 0x6d, 0xe8, 0x00, 0xf6, 0x00,
  0x30, 0xff, 0x6a, 0x00, 0xf6, 0x03, 0x30, 0x4c, 0xe8, 0x30, 0xf0, 0x20, 0x6a,
  0x82, 0xf4, 0x00, 0x4a, 0x62, 0xf7, 0x74, 0x9a, 0x01, 0x6c, 0x8c, 0xeb, 0x0c,
  0x23, 0x62, 0xf7, 0x58, 0x9a, 0x05, 0x5a, 0x08, 0x61, 0x30, 0xf0, 0x20, 0x6c,
  0x61, 0xf5, 0x00, 0x4c, 0xb0, 0x67, 0xd1, 0x67, 0x00, 0x18, 0x28, 0x20, 0x04,
  0x94, 0xb0, 0x67, 0xf1, 0x67, 0x00, 0x6e, 0x00, 0x18, 0x03, 0x2a, 0x09, 0x97,
  0x08, 0x91, 0x07, 0x90, 0x05, 0x63, 0x00, 0xef, 0xfa, 0x63, 0x0b, 0x62, 0x0a,
  0xd1, 0x09, 0xd0, 0xff, 0x69, 0x8c, 0xe9, 0x2a, 0x68, 0x18, 0xe9, 0xff, 0x6a,
  0xac, 0xea, 0x06, 0xd2, 0x30, 0xf0, 0x20, 0x6a, 0x25, 0xf7, 0x0c, 0x4a, 0x91,
  0x67, 0x12, 0xe8, 0x01, 0xe2, 0x00, 0x18, 0x7b, 0x1e, 0x04, 0xd2, 0x30, 0xf0,
  0x20, 0x6a, 0xa0, 0xf5, 0x50, 0x9a, 0x34, 0x33, 0x91, 0x67, 0x49, 0xe3, 0x40,
  0xa2, 0xff, 0x6b, 0x4c, 0xeb, 0x05, 0xd3, 0x00, 0x18, 0xfe, 0x05, 0x52, 0xa0,
  0x01, 0x6b, 0xff, 0x6c, 0x5a, 0x32, 0x6c, 0xea, 0x8c, 0xea, 0x00, 0xf1, 0x06,
  0x22, 0x06, 0x92, 0x63, 0x22, 0x8f, 0xa0, 0x10, 0x6a, 0x4b, 0xea, 0x8c, 0xea,
  0x4f, 0xc0, 0x30, 0xf0, 0x20, 0x6a, 0x82, 0xf4, 0x00, 0x4a, 0x62, 0xf7, 0x94,
  0x9a, 0x6c, 0xec, 0x0b, 0x24, 0x62, 0xf7, 0x58, 0x9a, 0x05, 0x5a, 0x07, 0x61,
  0x04, 0x95, 0x30, 0xf0, 0x20, 0x6c, 0x61, 0xf5, 0x10, 0x4c, 0x00, 0x18, 0x28,
  0x20, 0x91, 0x67, 0x06, 0x6d, 0x00, 0x6e, 0x00, 0x18, 0x84, 0x22, 0x54, 0xa0,
  0x10, 0x6b, 0x6b, 0xeb, 0x6c, 0xea, 0x54, 0xc0, 0x05, 0x94, 0x18, 0x6f, 0x04,
  0x95, 0x8c, 0xef, 0x00, 0x6e, 0x91, 0x67, 0xee, 0x37, 0x00, 0x18, 0x03, 0x2a,
  0x72, 0xa0, 0x19, 0x6a, 0x4b, 0xea, 0x6c, 0xea, 0x52, 0xc0, 0x4f, 0xa0, 0x10,
  0x6b, 0x6b, 0xeb, 0x6c, 0xea, 0xff, 0x6b, 0x6c, 0xea, 0x10, 0x6c, 0x8e, 0xea,
  0x01, 0x22, 0x03, 0x6a, 0x73, 0xa0, 0x55, 0xc0, 0x00, 0x6a, 0x59, 0xc0, 0x5a,
  0xc0, 0x7f, 0x6a, 0x4c, 0xeb, 0x73, 0xc0, 0x72, 0xa0, 0x6c, 0xea, 0x6e, 0xa0,
  0x52, 0xc0, 0x10, 0x6a, 0x6d, 0xea, 0x08, 0x6b, 0x4c, 0xeb, 0x4e, 0xc0, 0xa0,
  0xf0, 0x0b, 0x23, 0x6f, 0xa0, 0x10, 0x6a, 0x4b, 0xea, 0x6c, 0xea, 0xff, 0x6b,
  0x6c, 0xea, 0x10, 0x72, 0x05, 0x61, 0x30, 0xf0, 0x20, 0x6c, 0x61, 0xf5, 0x1c,
  0x4c, 0x04, 0x10, 0x30, 0xf0, 0x20, 0x6c, 0x81, 0xf5, 0x0c, 0x4c, 0x04, 0x96,
  0xb1, 0x67, 0x00, 0x18, 0x28, 0x20, 0x95, 0x10, 0x6e, 0xa0, 0x08, 0x6a, 0x6c,
  0xea, 0xff, 0x6b, 0x6c, 0xea, 0x15, 0x22, 0x6f, 0xa0, 0x10, 0x6a, 0x4b, 0xea,
  0x6c, 0xea, 0xff, 0x6c, 0x8c, 0xea, 0x10, 0x72, 0x05, 0x61, 0x30, 0xf0, 0x20,
  0x6c, 0x81, 0xf5, 0x1c, 0x4c, 0x04, 0x10, 0x30, 0xf0, 0x20, 0x6c, 0xa1, 0xf5,
  0x0c, 0x4c, 0x04, 0x96, 0xb1, 0x67, 0x00, 0x18, 0x28, 0x20, 0x72, 0xa0, 0x18,
  0x6a, 0x6c, 0xea, 0x4c, 0x2a, 0x4f, 0xa0, 0x10, 0x6b, 0x6b, 0xeb, 0x6c, 0xea,
  0xff, 0x6c, 0x8c, 0xea, 0x10, 0x72, 0x3f, 0x61, 0x54, 0xa0, 0x0f, 0x6c, 0xa2,
  0x67, 0x8c, 0xed, 0x01, 0x4d, 0x8c, 0xed, 0x6c, 0xea, 0xad, 0xea, 0x4c, 0xec,
  0x03, 0x54, 0x54, 0xc0, 0x0e, 0x61, 0x6c, 0xea, 0x54, 0xc0, 0x04, 0x94, 0x30,
  0xf0, 0x20, 0x6a, 0x7f, 0x6b, 0x8c, 0xeb, 0x02, 0xf0, 0x04, 0x4a, 0x49, 0xe3,
  0x40, 0xa2, 0x44, 0x32, 0x0a, 0x4a, 0x55, 0xc0, 0x6e, 0xa0, 0x08, 0x6a, 0x6c,
  0xea, 0x0c, 0x22, 0x74, 0xa0, 0x0f, 0x6a, 0xd5, 0xa0, 0x6c, 0xea, 0x30, 0xf0,
  0x20, 0x6c, 0xff, 0x6d, 0xa1, 0xf5, 0x1c, 0x4c, 0x4c, 0xed, 0x00, 0x18, 0x28,
  0x20, 0x30, 0xf0, 0x20, 0x6a, 0x82, 0xf4, 0x00, 0x4a, 0x62, 0xf7, 0x74, 0x9a,
  0x01, 0x6c, 0x8c, 0xeb, 0x11, 0x23, 0x62, 0xf7, 0x58, 0x9a, 0x05, 0x5a, 0x0d,
  0x61, 0xb5, 0xa0, 0x30, 0xf0, 0x20, 0x6c, 0xc1, 0xf5, 0x0c, 0x4c, 0x00, 0x18,
  0x28, 0x20, 0x05, 0x10, 0x54, 0xa0, 0x4c, 0xeb, 0x03, 0x6a, 0x74, 0xc0, 0x55,
  0xc0, 0x30, 0xf0, 0x20, 0x6a, 0x82, 0xf4, 0x00, 0x4a, 0x62, 0xf7, 0x74, 0x9a,
  0x01, 0x6c, 0x8c, 0xeb, 0x0d, 0x23, 0x62, 0xf7, 0x58, 0x9a, 0x05, 0x5a, 0x09,
  0x61, 0x54, 0xa0, 0x30, 0xf0, 0x20, 0x6c, 0x0f, 0x6d, 0xc1, 0xf5, 0x18, 0x4c,
  0x4c, 0xed, 0x00, 0x18, 0x28, 0x20, 0x6e, 0xa0, 0x11, 0x6a, 0x4b, 0xea, 0x6c,
  0xea, 0x4e, 0xc0, 0x91, 0x67, 0x07, 0x6d, 0x00, 0x6e, 0x00, 0x18, 0x84, 0x22,
  0x91, 0x67, 0x00, 0x18, 0x66, 0x2f, 0x73, 0xa0, 0x7f, 0x6a, 0x4c, 0xeb, 0x73,
  0xc0, 0x72, 0xa0, 0x6c, 0xea, 0x52, 0xc0, 0x72, 0xa0, 0x41, 0x6a, 0x4b, 0xea,
  0x6c, 0xea, 0x73, 0xa0, 0x52, 0xc0, 0x08, 0x6a, 0x4b, 0xea, 0x6c, 0xea, 0x02,
  0x6b, 0x6d, 0xea, 0x53, 0xc0, 0x0b, 0x97, 0x0a, 0x91, 0x09, 0x90, 0x06, 0x63,
  0x00, 0xef, 0x00, 0x65, 0xfb, 0x63, 0x09, 0x62, 0x08, 0xd1, 0x07, 0xd0, 0xff,
  0x6a, 0x4c, 0xec, 0x25, 0x67, 0x2a, 0x6d, 0xb8, 0xec, 0x30, 0xf0, 0x20, 0x6b,
  0x25, 0xf7, 0x0c, 0x4b, 0x04, 0xd4, 0x4c, 0xe9, 0xe6, 0x67, 0x38, 0x59, 0x4c,
  0xef, 0x12, 0xed, 0xb5, 0xe3, 0x80, 0xa5, 0x62, 0xa5, 0xa1, 0xa5, 0x04, 0x67,
  0x08, 0x60, 0x24, 0x59, 0x63, 0xe4, 0x04, 0x60, 0x15, 0x59, 0x05, 0x67, 0x02,
  0x61, 0xa1, 0xe3, 0x4c, 0xe8, 0x04, 0x94, 0xb0, 0x67, 0x00, 0x6e, 0x00, 0x18,
  0x03, 0x2a, 0x30, 0xf0, 0x20, 0x6a, 0x82, 0xf4, 0x00, 0x4a, 0x62, 0xf7, 0x74,
  0x9a, 0x01, 0x6c, 0x8c, 0xeb, 0x0d, 0x23, 0x62, 0xf7, 0x58, 0x9a, 0x05, 0x5a,
  0x09, 0x61, 0x04, 0x96, 0x30, 0xf0, 0x20, 0x6c, 0xe1, 0xf5, 0x04, 0x4c, 0xb1,
  0x67, 0xf0, 0x67, 0x00, 0x18, 0x28, 0x20, 0x09, 0x97, 0x08, 0x91, 0x07, 0x90,
  0x05, 0x63, 0x00, 0xef, 0x00, 0x65, 0xfa, 0x63, 0x0b, 0x62, 0x0a, 0xd1, 0x09,
  0xd0, 0x30, 0xf0, 0x20, 0x6a, 0x82, 0xf4, 0x00, 0x4a, 0x06, 0xf2, 0x29, 0xa2,
  0x2a, 0x68, 0x06, 0xf2, 0x48, 0xa2, 0x18, 0xe9, 0x30, 0xf0, 0x20, 0x6b, 0x25,
  0xf7, 0x0c, 0x4b, 0x02, 0x72, 0x12, 0xe8, 0x01, 0xe3, 0x30, 0x60, 0x03, 0x5a,
  0x03, 0x60, 0x01, 0x72, 0x07, 0x60, 0xa7, 0x10, 0x03, 0x72, 0x70, 0x60, 0x04,
  0x72, 0x80, 0xf0, 0x0b, 0x60, 0xa1, 0x10, 0x0c, 0x6a, 0x7d, 0x67, 0x4f, 0xcb,
  0x9d, 0x67, 0x0e, 0x6b, 0x70, 0xc4, 0x52, 0xc4, 0x5b, 0xa0, 0x03, 0x6b, 0xbd,
  0x67, 0x53, 0xc4, 0x43, 0xa0, 0x54, 0xc4, 0x51, 0xa0, 0x4a, 0x34, 0x6c, 0xec,
  0x95, 0xc5, 0x82, 0x67, 0x6c, 0xec, 0x96, 0xc5, 0x85, 0xa0, 0x97, 0xc5, 0x86,
  0xa0, 0x98, 0xc5, 0x5e, 0x34, 0x52, 0x32, 0x6c, 0xea, 0x99, 0xc5, 0x5a, 0xc5,
  0x52, 0xa0, 0x01, 0x6b, 0x4a, 0x32, 0x6c, 0xea, 0x5b, 0xc5, 0x58, 0xa0, 0x5c,
  0xc5, 0x62, 0x10, 0x7d, 0x67, 0x0c, 0x6a, 0x4f, 0xcb, 0x0e, 0x6a, 0x50, 0xc3,
  0x0d, 0x6a, 0x52, 0xc3, 0x44, 0xa0, 0x2c, 0x31, 0x53, 0xc3, 0x40, 0xa0, 0x54,
  0xc3, 0x41, 0xa0, 0x55, 0xc3, 0x30, 0xf0, 0x20, 0x6a, 0xc0, 0xf5, 0x40, 0x9a,
  0x49, 0xe1, 0x40, 0xa2, 0x56, 0xc3, 0x30, 0xf0, 0x20, 0x6a, 0x40, 0xf6, 0x5c,
  0x9a, 0x49, 0xe1, 0x40, 0xa2, 0x57, 0xc3, 0x30, 0xf0, 0x20, 0x6a, 0x60, 0xf6,
  0x40, 0x9a, 0x49, 0xe1, 0x40, 0xa2, 0x58, 0xc3, 0x30, 0xf0, 0x20, 0x6a, 0x60,
  0xf6, 0x44, 0x9a, 0x49, 0xe1, 0x40, 0xa2, 0x59, 0xc3, 0x30, 0xf0, 0x20, 0x6a,
  0xa0, 0xf5, 0x5c, 0x9a, 0x49, 0xe1, 0x40, 0xa2, 0x5a, 0xc3, 0x30, 0xf0, 0x20,
  0x6a, 0x60, 0xf6, 0x48, 0x9a, 0x49, 0xe1, 0x40, 0xa2, 0x5b, 0xc3, 0x30, 0xf0,
  0x20, 0x6a, 0x60, 0xf6, 0x4c, 0x9a, 0x49, 0xe1, 0x40, 0xa2, 0x5c, 0xc3, 0x30,
  0xf0, 0x20, 0x6a, 0x60, 0xf6, 0x50, 0x9a, 0x45, 0xe1, 0x40, 0xa1, 0x5d, 0xc3,
  0x2f, 0x10, 0x9d, 0x67, 0x0c, 0x6a, 0x4f, 0xcc, 0x0e, 0x6a, 0x50, 0xc4, 0x52,
  0xc4, 0x59, 0xa0, 0x53, 0xc4, 0x20, 0xf0, 0x42, 0xa0, 0x57, 0xc4, 0x20, 0xf0,
  0x43, 0xa0, 0x58, 0xc4, 0x91, 0x67, 0x00, 0x18, 0x7b, 0x1e, 0xbd, 0x67, 0x59,
  0xc5, 0x30, 0xf0, 0x20, 0x6a, 0xa0, 0xf5, 0x50, 0x9a, 0x34, 0x31, 0x45, 0xe1,
  0x40, 0xa1, 0x5a, 0xc5, 0x48, 0xa0, 0x5d, 0xc5, 0x11, 0x10, 0x7d, 0x67, 0x03,
  0x6a, 0x4f, 0xcb, 0x0e, 0x6a, 0x50, 0xc3, 0x0f, 0x6a, 0x52, 0xc3, 0x30, 0xf0,
  0x20, 0x6a, 0x60, 0xf0, 0x60, 0xa2, 0x60, 0xf0, 0x00, 0x4a, 0x41, 0xa2, 0x9d,
  0x67, 0x73, 0xc4, 0x54, 0xc4, 0x04, 0x94, 0x05, 0x95, 0x06, 0x96, 0x07, 0x97,
  0x00, 0x18, 0x16, 0x1f, 0x0b, 0x97, 0x0a, 0x91, 0x09, 0x90, 0x06, 0x63, 0x00,
  0xef, 0x00, 0x65, 0x00, 0x6b, 0x14, 0x6d, 0xb8, 0xeb, 0x30, 0xf0, 0x20, 0x6c,
  0x82, 0xf4, 0x00, 0x4c, 0x81, 0xf4, 0xc2, 0x43, 0x00, 0x6a, 0xc8, 0x36, 0xd9,
  0xe4, 0x12, 0xed, 0xb5, 0xe4, 0x06, 0xf4, 0x50, 0xdd, 0x06, 0xf4, 0x54, 0xdd,
  0x06, 0xf4, 0x58, 0xdd, 0x06, 0xf4, 0x5c, 0xdd, 0x26, 0xf4, 0x40, 0xdd, 0x95,
  0xe3, 0x07, 0xf6, 0x50, 0xc5, 0x42, 0xde, 0x87, 0xf6, 0x50, 0xc5, 0x07, 0xf7,
  0x50, 0xc5, 0x84, 0xf0, 0xa4, 0x43, 0xa4, 0x35, 0x95, 0xe5, 0x44, 0xcd, 0x04,
  0xf0, 0xa4, 0x43, 0xa4, 0x35, 0x95, 0xe5, 0x44, 0xcd, 0x04, 0xf1, 0xa4, 0x43,
  0xa4, 0x35, 0x95, 0xe5, 0x46, 0xcd, 0x84, 0xf1, 0xa4, 0x43, 0xa4, 0x35, 0x95,
  0xe5, 0x46, 0xcd, 0x01, 0x4b, 0xff, 0x6a, 0x4c, 0xeb, 0x80, 0x73, 0xc8, 0x61,
  0x58, 0x67, 0x08, 0xf2, 0x50, 0xdc, 0x20, 0xe8, 0x00, 0x65, 0xff, 0x6a, 0x8c,
  0xea, 0x84, 0xf0, 0xa4, 0x42, 0x30, 0xf0, 0x20, 0x6b, 0x82, 0xf4, 0x00, 0x4b,
  0xa4, 0x35, 0x00, 0x6c, 0x75, 0xe5, 0x84, 0xcd, 0x04, 0xf0, 0xa4, 0x42, 0xa4,
  0x35, 0x75, 0xe5, 0x84, 0xcd, 0x04, 0xf1, 0xa4, 0x42, 0x84, 0xf1, 0x04, 0x4a,
  0xa4, 0x35, 0x44, 0x32, 0x75, 0xe5, 0x6d, 0xe2, 0x86, 0xcd, 0x86, 0xcb, 0x20,
  0xe8, 0xff, 0x6a, 0x8c, 0xea, 0x14, 0x6d, 0xb8, 0xea, 0x30, 0xf0, 0x20, 0x6c,
  0x82, 0xf4, 0x00, 0x4c, 0x00, 0x6b, 0x12, 0xed, 0xb5, 0xe4, 0x06, 0xf4, 0x70,
  0xdd, 0x06, 0xf4, 0x74, 0xdd, 0x06, 0xf4, 0x78, 0xdd, 0x06, 0xf4, 0x7c, 0xdd,
  0x26, 0xf4, 0x60, 0xdd, 0x95, 0xe2, 0x81, 0xf4, 0x02, 0x4a, 0x48, 0x32, 0x51,
  0xe4, 0x07, 0xf6, 0x70, 0xc5, 0x62, 0xdc, 0x20, 0xe8, 0xff, 0x6a, 0x30, 0xf0,
  0x20, 0x6b, 0x82, 0xf4, 0x00, 0x4b, 0x8c, 0xea, 0x69, 0xe2, 0x00, 0x6b, 0x87,
  0xf6, 0x70, 0xc2, 0x07, 0xf7, 0x70, 0xc2, 0x20, 0xe8, 0x00, 0x65, 0xfc, 0x63,
  0x07, 0x62, 0x06, 0xd1, 0x05, 0xd0, 0x30, 0xf0, 0x20, 0x6b, 0xff, 0x6a, 0x60,
  0xf6, 0x74, 0x9b, 0x4c, 0xec, 0x90, 0x31, 0x6d, 0xe1, 0x80, 0xa3, 0x30, 0xf0,
  0x20, 0x68, 0x01, 0x6b, 0x82, 0xf4, 0x00, 0x48, 0x8c, 0xeb, 0x08, 0xf4, 0x7a,
  0xc0, 0x30, 0xf0, 0x20, 0x6b, 0x60, 0xf6, 0x78, 0x9b, 0x7f, 0x6c, 0x6d, 0xe1,
  0x60, 0xa3, 0x8c, 0xeb, 0x08, 0xf4, 0x75, 0xc0, 0x30, 0xf0, 0x20, 0x6b, 0x60,
  0xf6, 0x7c, 0x9b, 0x6d, 0xe1, 0x80, 0xa3, 0x3f, 0x6b, 0x6c, 0xec, 0x08, 0xf4,
  0x96, 0xc0, 0x30, 0xf0, 0x20, 0x6c, 0x80, 0xf6, 0x80, 0x9c, 0x91, 0xe1, 0x80,
  0xa4, 0x8c, 0xeb, 0x08, 0xf4, 0x77, 0xc0, 0x30, 0xf0, 0x20, 0x6b, 0x80, 0xf6,
  0x64, 0x9b, 0x6d, 0xe1, 0x60, 0xa3, 0x08, 0xf4, 0x74, 0xc0, 0x30, 0xf0, 0x20,
  0x6b, 0x80, 0xf6, 0x68, 0x9b, 0x08, 0xf4, 0x94, 0xa0, 0x6d, 0xe1, 0x60, 0xa3,
  0x6c, 0xea, 0x56, 0x32, 0x08, 0xf4, 0x58, 0xc0, 0x00, 0x18, 0x7b, 0x1e, 0x7f,
  0x6b, 0x6c, 0xea, 0x08, 0xf4, 0x59, 0xc0, 0x30, 0xf0, 0x20, 0x6a, 0x80, 0xf6,
  0x4c, 0x9a, 0x07, 0x97, 0x49, 0xe1, 0x40, 0xa2, 0x08, 0xf4, 0x5b, 0xc0, 0x30,
  0xf0, 0x20, 0x6a, 0x80, 0xf6, 0x50, 0x9a, 0x45, 0xe1, 0x40, 0xa1, 0x06, 0x91,
  0x08, 0xf4, 0x5c, 0xc0, 0x05, 0x90, 0x04, 0x63, 0x00, 0xef, 0x00, 0x65, 0xf9,
  0x63, 0x0d, 0x62, 0x0c, 0xd1, 0x0b, 0xd0, 0xff, 0x6a, 0x8c, 0xea, 0x82, 0x67,
  0x05, 0xd2, 0x00, 0x18, 0xef, 0x30, 0x30, 0xf0, 0x20, 0x6a, 0x82, 0xf4, 0x00,
  0x4a, 0x08, 0xf4, 0x14, 0xa2, 0x2a, 0x69, 0x30, 0xf0, 0x20, 0x6b, 0x38, 0xe8,
  0x25, 0xf7, 0x0c, 0x4b, 0x08, 0xf4, 0x96, 0xa2, 0x08, 0xf4, 0xb7, 0xa2, 0x08,
  0xd4, 0x08, 0xf4, 0x9c, 0xa2, 0x07, 0xd5, 0x04, 0xd4, 0x12, 0xe9, 0x25, 0xe3,
  0x08, 0xf4, 0x75, 0xa2, 0x06, 0xd3, 0x08, 0xf4, 0x79, 0xa2, 0x09, 0xd3, 0x08,
  0xf4, 0x7a, 0xa2, 0x0f, 0x23, 0x62, 0xf7, 0x74, 0x9a, 0x02, 0x6c, 0x8c, 0xeb,
  0x0a, 0x23, 0x62, 0xf7, 0x58, 0x9a, 0x05, 0x5a, 0x06, 0x61, 0x30, 0xf0, 0x20,
  0x6c, 0xe1, 0xf5, 0x18, 0x4c, 0x00, 0x18, 0x28, 0x20, 0x71, 0xa1, 0x80, 0x6a,
  0x4b, 0xea, 0x6c, 0xea, 0xff, 0x6d, 0xac, 0xea, 0xa0, 0xf0, 0x04, 0x2a, 0x04,
  0x93, 0x01, 0x6a, 0x4c, 0xeb, 0x80, 0xf0, 0x1f, 0x2b, 0x09, 0x93, 0x49, 0x6c,
  0x8e, 0xeb, 0x01, 0x5b, 0x98, 0x67, 0x02, 0x6b, 0x93, 0xe3, 0x04, 0xd4, 0x76,
  0xa1, 0x6c, 0xea, 0xac, 0xea, 0x09, 0x22, 0x90, 0x67, 0x00, 0x18, 0x7b, 0x1e,
  0x72, 0xa1, 0x40, 0x6a, 0xff, 0x6d, 0x6c, 0xea, 0xac, 0xea, 0x13, 0x10, 0x05,
  0x92, 0x50, 0x33, 0x30, 0xf0, 0x20, 0x6a, 0x60, 0xf6, 0x5c, 0x9a, 0x49, 0xe3,
  0x40, 0xa2, 0x00, 0xf6, 0x40, 0x32, 0x00, 0xf6, 0x43, 0x32, 0x00, 0x52, 0x06,
  0x60, 0x72, 0xa1, 0x40, 0x6a, 0x6c, 0xea, 0xff, 0x6b, 0x6c, 0xea, 0x72, 0x2a,
  0x06, 0x93, 0x9d, 0x67, 0xa7, 0x44, 0x11, 0x4d, 0x05, 0x5b, 0x40, 0xa5, 0x01,
  0x61, 0x04, 0x6a, 0x05, 0x6c, 0x98, 0xe8, 0xff, 0x6b, 0x4c, 0xeb, 0x30, 0xf0,
  0x20, 0x6a, 0x82, 0xf4, 0x00, 0x4a, 0x08, 0x95, 0x12, 0xec, 0x6d, 0xe4, 0x01,
  0xf5, 0x02, 0x4b, 0x68, 0x33, 0x6d, 0xe2, 0x82, 0x9b, 0xb1, 0xe4, 0x82, 0xdb,
  0x4d, 0xe0, 0x07, 0xf6, 0x90, 0xa3, 0x07, 0x95, 0x81, 0xf4, 0x02, 0x48, 0x08,
  0x30, 0x91, 0xe5, 0x07, 0xf6, 0x90, 0xc3, 0x08, 0x93, 0x09, 0xe2, 0x71, 0xe5,
  0x62, 0x9a, 0x6d, 0xe4, 0x62, 0xda, 0x4b, 0x10, 0x30, 0xf0, 0x20, 0x6a, 0x82,
  0xf4, 0x00, 0x4a, 0x49, 0xe0, 0x87, 0xf6, 0x70, 0xa2, 0x01, 0x4b, 0x87, 0xf6,
  0x70, 0xc2, 0x0a, 0x10, 0x30, 0xf0, 0x20, 0x6a, 0x82, 0xf4, 0x00, 0x4a, 0x49,
  0xe0, 0x07, 0xf7, 0x70, 0xa2, 0x01, 0x4b, 0x07, 0xf7, 0x70, 0xc2, 0x6e, 0xa1,
  0x08, 0x6a, 0x6c, 0xea, 0x0f, 0x22, 0x30, 0xf0, 0x20, 0x6a, 0x82, 0xf4, 0x00,
  0x4a, 0x49, 0xe0, 0x87, 0xf6, 0xb0, 0xa2, 0x07, 0xf7, 0xd0, 0xa2, 0x30, 0xf0,
  0x20, 0x6c, 0x01, 0xf6, 0x04, 0x4c, 0x00, 0x18, 0x28, 0x20, 0x2a, 0x6c, 0x98,
  0xe8, 0x30, 0xf0, 0x20, 0x6b, 0x82, 0xf4, 0x00, 0x4b, 0x69, 0xe0, 0x12, 0xec,
  0x6d, 0xe4, 0xc3, 0xf2, 0x64, 0xa3, 0x87, 0xf6, 0x90, 0xa2, 0x63, 0xec, 0x03,
  0x61, 0x90, 0x67, 0x01, 0x6d, 0x07, 0x10, 0x07, 0xf7, 0x50, 0xa2, 0x04, 0x93,
  0x63, 0xea, 0x0c, 0x61, 0x90, 0x67, 0x00, 0x6d, 0x00, 0x18, 0x8c, 0x2f, 0x90,
  0x67, 0x00, 0x18, 0xe8, 0x30, 0x04, 0x10, 0x06, 0x94, 0x02, 0x5c, 0xc1, 0x60,
  0xb5, 0x17, 0x0d, 0x97, 0x0c, 0x91, 0x0b, 0x90, 0x07, 0x63, 0x00, 0xef, 0x71,
  0x14, 0x00, 0x00, 0x9b, 0x70, 0x00, 0x00, 0x00, 0x00, 0x00, 0x00};
