relative_path,size_bytes,category,sha256
source_subset/rtl8197/INSTALL.txt,3910,build-doku/make,77edbbf1c8a5bbba644fb56fb61d969e7e3aca98137898fecad15d077ee06ff2
source_subset/rtl8197/Makefile,14155,build-doku/make,81ecbd0a35e9bbc47bb6875c04c3a81649eccb5494d2e819ca83cbbf19935a5b
source_subset/rtl8197/backports-5.2.8-1/drivers/net/wireless/realtek/rtl8192fe/WlanHAL/Data/8197F/AGC_TAB_8197F.txt,4383,wlan-backports/kalibrierung,ed68df4f7c33be02d3a896afe74797ce4ad1642071d00c7c20d73ae93ade8d4b
source_subset/rtl8197/backports-5.2.8-1/drivers/net/wireless/realtek/rtl8192fe/WlanHAL/Data/8197F/AGC_TAB_8197F_hp.txt,4619,wlan-backports/kalibrierung,50cc7f4a1ff24e4cebf21a38dbcce679ebc59b4bb6d351e4534f346364bae95f
source_subset/rtl8197/backports-5.2.8-1/drivers/net/wireless/realtek/rtl8192fe/WlanHAL/Data/8197F/AGC_TAB_8197Fmp.txt,4561,wlan-backports/kalibrierung,f07025528b006887ab9ae102d87127c0d7ce6297941c8590c9da1d8537c91779
source_subset/rtl8197/backports-5.2.8-1/drivers/net/wireless/realtek/rtl8192fe/WlanHAL/Data/8197F/AGC_TAB_8197Fmp_hp.txt,9109,wlan-backports/kalibrierung,e6688d561621b38e67f3b582e10fcb9eb9e5175a9c9b7e7a82b4c6ce44223d88
source_subset/rtl8197/backports-5.2.8-1/drivers/net/wireless/realtek/rtl8192fe/WlanHAL/Data/8197F/MACDM_def_high_8197F.txt,99,wlan-backports/kalibrierung,f04fd0b0ec863000e30bfb6be16e0e9bda7d0ae89ce4667f5a5dd944c4d5a41a
source_subset/rtl8197/backports-5.2.8-1/drivers/net/wireless/realtek/rtl8192fe/WlanHAL/Data/8197F/MACDM_def_low_8197F.txt,99,wlan-backports/kalibrierung,f04fd0b0ec863000e30bfb6be16e0e9bda7d0ae89ce4667f5a5dd944c4d5a41a
source_subset/rtl8197/backports-5.2.8-1/drivers/net/wireless/realtek/rtl8192fe/WlanHAL/Data/8197F/MACDM_def_normal_8197F.txt,99,wlan-backports/kalibrierung,f04fd0b0ec863000e30bfb6be16e0e9bda7d0ae89ce4667f5a5dd944c4d5a41a
source_subset/rtl8197/backports-5.2.8-1/drivers/net/wireless/realtek/rtl8192fe/WlanHAL/Data/8197F/MACDM_gen_high_8197F.txt,99,wlan-backports/kalibrierung,c8a75f45b308b073f516b21bd9dd476248f77b37b1b21b5164b998853a2d59cc
source_subset/rtl8197/backports-5.2.8-1/drivers/net/wireless/realtek/rtl8192fe/WlanHAL/Data/8197F/MACDM_gen_low_8197F.txt,99,wlan-backports/kalibrierung,f04fd0b0ec863000e30bfb6be16e0e9bda7d0ae89ce4667f5a5dd944c4d5a41a
source_subset/rtl8197/backports-5.2.8-1/drivers/net/wireless/realtek/rtl8192fe/WlanHAL/Data/8197F/MACDM_gen_normal_8197F.txt,99,wlan-backports/kalibrierung,c8a75f45b308b073f516b21bd9dd476248f77b37b1b21b5164b998853a2d59cc
source_subset/rtl8197/backports-5.2.8-1/drivers/net/wireless/realtek/rtl8192fe/WlanHAL/Data/8197F/MACDM_state_criteria_8197F.txt,700,wlan-backports/kalibrierung,4753096fa2fafa2ad32406375b4f19f491c094e9854a37c11d63d11076b1c607
source_subset/rtl8197/backports-5.2.8-1/drivers/net/wireless/realtek/rtl8192fe/WlanHAL/Data/8197F/MACDM_txop_high_8197F.txt,99,wlan-backports/kalibrierung,8e268f957e8b44bd04e446ac53eb178d3bdcd7091ad0c5d90074735722b15ceb
source_subset/rtl8197/backports-5.2.8-1/drivers/net/wireless/realtek/rtl8192fe/WlanHAL/Data/8197F/MACDM_txop_low_8197F.txt,99,wlan-backports/kalibrierung,d0e27dffb72ae15768dbb45e0fcb1b19caed3d516a485659837fc06ace673bba
source_subset/rtl8197/backports-5.2.8-1/drivers/net/wireless/realtek/rtl8192fe/WlanHAL/Data/8197F/MACDM_txop_normal_8197F.txt,99,wlan-backports/kalibrierung,1217909227962a2f334f3b20b56d98f7ff01141288320e8ca6150753012cf032
source_subset/rtl8197/backports-5.2.8-1/drivers/net/wireless/realtek/rtl8192fe/WlanHAL/Data/8197F/MAC_REG_8197F.txt,2428,wlan-backports/kalibrierung,4f18d9cd387f9082e2aec5bd88f76cf140482471c1a73af97e79ccb95aa8ae72
source_subset/rtl8197/backports-5.2.8-1/drivers/net/wireless/realtek/rtl8192fe/WlanHAL/Data/8197F/MAC_REG_8197Fmp.txt,2348,wlan-backports/kalibrierung,dfc3831ee2af31603031d268ccc3bd4b4facbac4ab1798068d5d9977e4806137
source_subset/rtl8197/backports-5.2.8-1/drivers/net/wireless/realtek/rtl8192fe/WlanHAL/Data/8197F/PHY_REG_8197F.txt,10688,wlan-backports/kalibrierung,b463becc1f0a20093e02790e39e7bb83a46d8a1e471e17151ad34f801d8f2ba4
source_subset/rtl8197/backports-5.2.8-1/drivers/net/wireless/realtek/rtl8192fe/WlanHAL/Data/8197F/PHY_REG_8197F_hp.txt,24614,wlan-backports/kalibrierung,785f5833d2b2e360fa2a124ceff8e07f74f4db6880e463a5e1e215c7104f125c
source_subset/rtl8197/backports-5.2.8-1/drivers/net/wireless/realtek/rtl8192fe/WlanHAL/Data/8197F/PHY_REG_8197Fmp.txt,13930,wlan-backports/kalibrierung,d7f225bc78f657157935b892c0ab4ca9604ad2dead5e3f8dd7f144fe26431141
source_subset/rtl8197/backports-5.2.8-1/drivers/net/wireless/realtek/rtl8192fe/WlanHAL/Data/8197F/PHY_REG_8197Fmp_hp.txt,44220,wlan-backports/kalibrierung,343698567570de67399a50b8535922fe4c459547ac71dbf1918bf2e40d984c78
source_subset/rtl8197/backports-5.2.8-1/drivers/net/wireless/realtek/rtl8192fe/WlanHAL/Data/8197F/PHY_REG_MP_8197F.txt,72,wlan-backports/kalibrierung,aeb99283d8392245ee7903b5bf67aa440cc8ad6c6a66bacc9f80e3d6bb04e370
source_subset/rtl8197/backports-5.2.8-1/drivers/net/wireless/realtek/rtl8192fe/WlanHAL/Data/8197F/PHY_REG_MP_8197Fmp.txt,113,wlan-backports/kalibrierung,a270ad1f7183103da4f5c952b5d91888a435cf51963c1e9a243268473a1797ae
source_subset/rtl8197/backports-5.2.8-1/drivers/net/wireless/realtek/rtl8192fe/WlanHAL/Data/8197F/PHY_REG_PG_8197Fmp.txt,1273,wlan-backports/kalibrierung,b3e6ee6a60352d42cfae12db78ea59114edd996278cd33f7d40d02fa4c2fc4b6
source_subset/rtl8197/backports-5.2.8-1/drivers/net/wireless/realtek/rtl8192fe/WlanHAL/Data/8197F/PHY_REG_PG_8197Fmp_Type0.txt,1273,wlan-backports/kalibrierung,b3e6ee6a60352d42cfae12db78ea59114edd996278cd33f7d40d02fa4c2fc4b6
source_subset/rtl8197/backports-5.2.8-1/drivers/net/wireless/realtek/rtl8192fe/WlanHAL/Data/8197F/PHY_REG_PG_8197Fmp_Type1.txt,1273,wlan-backports/kalibrierung,d0d55623a50723e3af4c6d7dd42b1b278cd6d88927e4e4c79ce271e3b7473fd6
source_subset/rtl8197/backports-5.2.8-1/drivers/net/wireless/realtek/rtl8192fe/WlanHAL/Data/8197F/PHY_REG_PG_8197Fmp_Type2.txt,1273,wlan-backports/kalibrierung,b3e6ee6a60352d42cfae12db78ea59114edd996278cd33f7d40d02fa4c2fc4b6
source_subset/rtl8197/backports-5.2.8-1/drivers/net/wireless/realtek/rtl8192fe/WlanHAL/Data/8197F/PHY_REG_PG_8197Fmp_Type3.txt,1273,wlan-backports/kalibrierung,b3e6ee6a60352d42cfae12db78ea59114edd996278cd33f7d40d02fa4c2fc4b6
source_subset/rtl8197/backports-5.2.8-1/drivers/net/wireless/realtek/rtl8192fe/WlanHAL/Data/8197F/PHY_REG_PG_8197Fmp_Type4.txt,1273,wlan-backports/kalibrierung,b3e6ee6a60352d42cfae12db78ea59114edd996278cd33f7d40d02fa4c2fc4b6
source_subset/rtl8197/backports-5.2.8-1/drivers/net/wireless/realtek/rtl8192fe/WlanHAL/Data/8197F/PHY_REG_PG_8197Fmp_Type5.txt,1273,wlan-backports/kalibrierung,e2fe5d1e2b28e54ecf513b6e9df70ebfef76593d6e8e68e37221558983625986
source_subset/rtl8197/backports-5.2.8-1/drivers/net/wireless/realtek/rtl8192fe/WlanHAL/Data/8197F/PHY_REG_PG_8197Fmp_Type6.txt,1273,wlan-backports/kalibrierung,b3e6ee6a60352d42cfae12db78ea59114edd996278cd33f7d40d02fa4c2fc4b6
source_subset/rtl8197/backports-5.2.8-1/drivers/net/wireless/realtek/rtl8192fe/WlanHAL/Data/8197F/RadioA_8197F.txt,947,wlan-backports/kalibrierung,464f1063dd586336515bb82f69f41a026fe4eee7ccdbaca0c1472d772d5925be
source_subset/rtl8197/backports-5.2.8-1/drivers/net/wireless/realtek/rtl8192fe/WlanHAL/Data/8197F/RadioB_8197F.txt,608,wlan-backports/kalibrierung,deeee1ab25b687fa703bee208b53b839b4e40555b5d694ed2b736cc18143f30f
source_subset/rtl8197/backports-5.2.8-1/drivers/net/wireless/realtek/rtl8192fe/WlanHAL/Data/8197F/TXPWR_LMT_8197Fmp.txt,4398,wlan-backports/kalibrierung,36225fb7bf55ab34af524e483df1c0dd18c1130d1357f1dd7582cf135fb9bde4
source_subset/rtl8197/backports-5.2.8-1/drivers/net/wireless/realtek/rtl8192fe/WlanHAL/Data/8197F/TXPWR_LMT_8197Fmp_TXBF.txt,4398,wlan-backports/kalibrierung,f8d2028195c660e723c83348816a7bbaf43b3499d8413189c3ecf6d4586e746c
source_subset/rtl8197/backports-5.2.8-1/drivers/net/wireless/realtek/rtl8192fe/WlanHAL/Data/8197F/TXPWR_LMT_8197Fmp_Type0.txt,4398,wlan-backports/kalibrierung,37b9f2e0561c0ada26d415b1c54d17dca33ee73364ef987f467e2c9259eefd2e
source_subset/rtl8197/backports-5.2.8-1/drivers/net/wireless/realtek/rtl8192fe/WlanHAL/Data/8197F/TXPWR_LMT_8197Fmp_Type1.txt,4398,wlan-backports/kalibrierung,f8d2028195c660e723c83348816a7bbaf43b3499d8413189c3ecf6d4586e746c
source_subset/rtl8197/backports-5.2.8-1/drivers/net/wireless/realtek/rtl8192fe/WlanHAL/Data/8197F/TXPWR_LMT_8197Fmp_Type2.txt,4398,wlan-backports/kalibrierung,37b9f2e0561c0ada26d415b1c54d17dca33ee73364ef987f467e2c9259eefd2e
source_subset/rtl8197/backports-5.2.8-1/drivers/net/wireless/realtek/rtl8192fe/WlanHAL/Data/8197F/TXPWR_LMT_8197Fmp_Type3.txt,4398,wlan-backports/kalibrierung,37b9f2e0561c0ada26d415b1c54d17dca33ee73364ef987f467e2c9259eefd2e
source_subset/rtl8197/backports-5.2.8-1/drivers/net/wireless/realtek/rtl8192fe/WlanHAL/Data/8197F/TXPWR_LMT_8197Fmp_Type4.txt,4398,wlan-backports/kalibrierung,37b9f2e0561c0ada26d415b1c54d17dca33ee73364ef987f467e2c9259eefd2e
source_subset/rtl8197/backports-5.2.8-1/drivers/net/wireless/realtek/rtl8192fe/WlanHAL/Data/8197F/TXPWR_LMT_8197Fmp_Type5.txt,4398,wlan-backports/kalibrierung,f8d2028195c660e723c83348816a7bbaf43b3499d8413189c3ecf6d4586e746c
source_subset/rtl8197/backports-5.2.8-1/drivers/net/wireless/realtek/rtl8192fe/WlanHAL/Data/8197F/TXPWR_LMT_8197Fmp_Type6.txt,4398,wlan-backports/kalibrierung,37b9f2e0561c0ada26d415b1c54d17dca33ee73364ef987f467e2c9259eefd2e
source_subset/rtl8197/backports-5.2.8-1/drivers/net/wireless/realtek/rtl8192fe/WlanHAL/Data/8197F/TxPowerTrack_AP_8197Fmp.txt,1374,wlan-backports/kalibrierung,28253e196a21ee25e057929672a755b624fd617e38351ab76366c5cedcc392d2
source_subset/rtl8197/backports-5.2.8-1/drivers/net/wireless/realtek/rtl8192fe/WlanHAL/Data/8197F/Version.txt,58,wlan-backports/kalibrierung,1d4b3199d8fae29397f59844345c3f080a8e62d374c838df45866f3e7a330065
source_subset/rtl8197/backports-5.2.8-1/drivers/net/wireless/realtek/rtl8192fe/WlanHAL/Data/8197F/rtl8197Ffw.bin,56080,wlan-backports/kalibrierung,61d6ef42cd8ff6af6c83649fdf18ea654abc9a62a43cc12f9369a2732a509515
source_subset/rtl8197/backports-5.2.8-1/drivers/net/wireless/realtek/rtl8192fe/WlanHAL/RTL88XX/RTL8197F/Hal8197FCfg.h,2647,wlan-backports/kalibrierung,17f2632fdb74c3c7c4bf764f192de9d826f79680556111dbce05f39cf165a993
source_subset/rtl8197/backports-5.2.8-1/drivers/net/wireless/realtek/rtl8192fe/WlanHAL/RTL88XX/RTL8197F/Hal8197FDef.h,6462,wlan-backports/kalibrierung,d9e03fc6706b98615be6bff352f3934412749ea2c6580e2ba26dbb2c45a44791
source_subset/rtl8197/backports-5.2.8-1/drivers/net/wireless/realtek/rtl8192fe/WlanHAL/RTL88XX/RTL8197F/Hal8197FFirmware.c,0,wlan-backports/kalibrierung,e3b0c44298fc1c149afbf4c8996fb92427ae41e4649b934ca495991b7852b855
source_subset/rtl8197/backports-5.2.8-1/drivers/net/wireless/realtek/rtl8192fe/WlanHAL/RTL88XX/RTL8197F/Hal8197FFirmware.h,0,wlan-backports/kalibrierung,e3b0c44298fc1c149afbf4c8996fb92427ae41e4649b934ca495991b7852b855
source_subset/rtl8197/backports-5.2.8-1/drivers/net/wireless/realtek/rtl8192fe/WlanHAL/RTL88XX/RTL8197F/Hal8197FGen.c,13799,wlan-backports/kalibrierung,fc52b7bdfd2aa2a8662702e2fbce8cf04b97e2238807c27e56742c39db8a6407
source_subset/rtl8197/backports-5.2.8-1/drivers/net/wireless/realtek/rtl8192fe/WlanHAL/RTL88XX/RTL8197F/Hal8197FHWImg.c,0,wlan-backports/kalibrierung,e3b0c44298fc1c149afbf4c8996fb92427ae41e4649b934ca495991b7852b855
source_subset/rtl8197/backports-5.2.8-1/drivers/net/wireless/realtek/rtl8192fe/WlanHAL/RTL88XX/RTL8197F/Hal8197FHWImg.h,0,wlan-backports/kalibrierung,e3b0c44298fc1c149afbf4c8996fb92427ae41e4649b934ca495991b7852b855
source_subset/rtl8197/backports-5.2.8-1/drivers/net/wireless/realtek/rtl8192fe/WlanHAL/RTL88XX/RTL8197F/Hal8197FIsr.c,0,wlan-backports/kalibrierung,e3b0c44298fc1c149afbf4c8996fb92427ae41e4649b934ca495991b7852b855
source_subset/rtl8197/backports-5.2.8-1/drivers/net/wireless/realtek/rtl8192fe/WlanHAL/RTL88XX/RTL8197F/Hal8197FPhyCfg.c,2414,wlan-backports/kalibrierung,51b22ce78fefcd2075a3ff924f502af64c86a1b5c461c8f458dc0dfe7cfe7744
source_subset/rtl8197/backports-5.2.8-1/drivers/net/wireless/realtek/rtl8192fe/WlanHAL/RTL88XX/RTL8197F/Hal8197FPhyCfg.h,1138,wlan-backports/kalibrierung,ec78545263b656168d22adc1013328e2911701c3321fe0aa4ef5c4a768c4668a
source_subset/rtl8197/backports-5.2.8-1/drivers/net/wireless/realtek/rtl8192fe/WlanHAL/RTL88XX/RTL8197F/Hal8197FPwrSeqCmd.c,2681,wlan-backports/kalibrierung,3c177b26c3ebc859ccfe0054fa9ab1aee1cdf24327bd2a6ac35146f6201bd2aa
source_subset/rtl8197/backports-5.2.8-1/drivers/net/wireless/realtek/rtl8192fe/WlanHAL/RTL88XX/RTL8197F/Hal8197FPwrSeqCmd.h,17816,wlan-backports/kalibrierung,90fa5069365e6ebf273010b1e530c235328e087497d756782f707a5a7bd39c3d
source_subset/rtl8197/backports-5.2.8-1/drivers/net/wireless/realtek/rtl8192fe/WlanHAL/RTL88XX/RTL8197F/Hal8197FReg.h,1,wlan-backports/kalibrierung,01ba4719c80b6fe911b091a7c05124b64eeece964e09c058ef8f9805daca546b
source_subset/rtl8197/backports-5.2.8-1/drivers/net/wireless/realtek/rtl8192fe/WlanHAL/RTL88XX/RTL8197F/Hal8197FRxDesc.c,0,wlan-backports/kalibrierung,e3b0c44298fc1c149afbf4c8996fb92427ae41e4649b934ca495991b7852b855
source_subset/rtl8197/backports-5.2.8-1/drivers/net/wireless/realtek/rtl8192fe/WlanHAL/RTL88XX/RTL8197F/Hal8197FRxDesc.h,0,wlan-backports/kalibrierung,e3b0c44298fc1c149afbf4c8996fb92427ae41e4649b934ca495991b7852b855
source_subset/rtl8197/backports-5.2.8-1/drivers/net/wireless/realtek/rtl8192fe/WlanHAL/RTL88XX/RTL8197F/Hal8197FTxDesc.c,0,wlan-backports/kalibrierung,e3b0c44298fc1c149afbf4c8996fb92427ae41e4649b934ca495991b7852b855
source_subset/rtl8197/backports-5.2.8-1/drivers/net/wireless/realtek/rtl8192fe/WlanHAL/RTL88XX/RTL8197F/Hal8197FTxDesc.h,592,wlan-backports/kalibrierung,c82d67bcaee3b0caea0503dd1427e91dbf0ff5ed7cc46c9c1ee76ee706717d87
source_subset/rtl8197/backports-5.2.8-1/drivers/net/wireless/realtek/rtl8192fe/WlanHAL/RTL88XX/RTL8197F/Hal8197FVerify.c,0,wlan-backports/kalibrierung,e3b0c44298fc1c149afbf4c8996fb92427ae41e4649b934ca495991b7852b855
source_subset/rtl8197/backports-5.2.8-1/drivers/net/wireless/realtek/rtl8192fe/WlanHAL/RTL88XX/RTL8197F/Hal8197FVerify.h,0,wlan-backports/kalibrierung,e3b0c44298fc1c149afbf4c8996fb92427ae41e4649b934ca495991b7852b855
source_subset/rtl8197/backports-5.2.8-1/drivers/net/wireless/realtek/rtl8192fe/WlanHAL/RTL88XX/RTL8197F/RTL8197FE/Hal8197FEDef.h,586,wlan-backports/kalibrierung,0dad949d7fcf46a54a1e2af2285422157f901a09e49e9277464734766778a558
source_subset/rtl8197/backports-5.2.8-1/drivers/net/wireless/realtek/rtl8192fe/WlanHAL/RTL88XX/RTL8197F/RTL8197FE/Hal8197FEGen.c,8616,wlan-backports/kalibrierung,d6991924ee2c81c4428f16ee237d7997c622aa3ab4e3be8cf56b412e80406333
source_subset/rtl8197/backports-5.2.8-1/drivers/net/wireless/realtek/rtl8192fe/phydm/halrf/rtl8197f/halhwimg8197f_rf.c,78128,wlan-backports/kalibrierung,da4341080fde556692267a67110b7895a5cbcd65c3c5ac8c8aa4c23d5f74e3c2
source_subset/rtl8197/backports-5.2.8-1/drivers/net/wireless/realtek/rtl8192fe/phydm/halrf/rtl8197f/halhwimg8197f_rf.h,6563,wlan-backports/kalibrierung,9f3bb3ee4a4ab6257fc9961ed17ada196440b310b145c2c4ff5cc343d171e374
source_subset/rtl8197/backports-5.2.8-1/drivers/net/wireless/realtek/rtl8192fe/phydm/halrf/rtl8197f/halrf_8197f.c,11628,wlan-backports/kalibrierung,3906e4bf15fad110eba0294b784c3abdb348d0b422931375eff6a9d5f6af5fe3
source_subset/rtl8197/backports-5.2.8-1/drivers/net/wireless/realtek/rtl8192fe/phydm/halrf/rtl8197f/halrf_8197f.h,1608,wlan-backports/kalibrierung,b95c2ad575b599299f27635b215b9ab9198d4fecbd5440799517588f4b8997ea
source_subset/rtl8197/backports-5.2.8-1/drivers/net/wireless/realtek/rtl8192fe/phydm/halrf/rtl8197f/halrf_dpk_8197f.c,64684,wlan-backports/kalibrierung,e358b238e54a456089939114caacb21da6a52fdfdd28b9927b21e425f5a622a9
source_subset/rtl8197/backports-5.2.8-1/drivers/net/wireless/realtek/rtl8192fe/phydm/halrf/rtl8197f/halrf_dpk_8197f.h,1977,wlan-backports/kalibrierung,2a917381e6477d4835ede1616918259db5cd0235bd7fb31de49f6612750fd384
source_subset/rtl8197/backports-5.2.8-1/drivers/net/wireless/realtek/rtl8192fe/phydm/halrf/rtl8197f/halrf_iqk_8197f.c,53765,wlan-backports/kalibrierung,ef3b9ceec50ec853e60d19de0eca1da4498be1775bad880eb262596f34d096b5
source_subset/rtl8197/backports-5.2.8-1/drivers/net/wireless/realtek/rtl8192fe/phydm/halrf/rtl8197f/halrf_iqk_8197f.h,1450,wlan-backports/kalibrierung,c43d59034840a9a4dcfbf430d045d04d83d3cdcd356420ca0930ebd6e90eefed
source_subset/rtl8197/backports-5.2.8-1/drivers/net/wireless/realtek/rtl8192fe/phydm/halrf/rtl8197f/version_rtl8197f_rf.h,1030,wlan-backports/kalibrierung,3511e7a3967deeda9bee9085d6154e8368c29b134a7db8e9f2ac5b1cb0ad8266
source_subset/rtl8197/backports-5.2.8-1/drivers/net/wireless/realtek/rtl8192fe/phydm/rtl8197f/Hal8197FPhyReg.h,1049,wlan-backports/kalibrierung,7e7b9b65b87ac55657aeb3bd7c237ee01d8ceae05f787e99791505dce916610e
source_subset/rtl8197/backports-5.2.8-1/drivers/net/wireless/realtek/rtl8192fe/phydm/rtl8197f/halhwimg8197f_bb.c,146963,wlan-backports/kalibrierung,6f84bab08ef255b4dec010413d2f1a7b88c0b8b7ece2cc41957478334861429f
source_subset/rtl8197/backports-5.2.8-1/drivers/net/wireless/realtek/rtl8192fe/phydm/rtl8197f/halhwimg8197f_bb.h,1831,wlan-backports/kalibrierung,94becf6eb9f9ad525b786fdb35471e7dd0f006409d663836fd2c3af0d476a7e7
source_subset/rtl8197/backports-5.2.8-1/drivers/net/wireless/realtek/rtl8192fe/phydm/rtl8197f/halhwimg8197f_mac.c,8327,wlan-backports/kalibrierung,fdd21c847c55a0a8087a95b592120fd908d5c15d188b918da2c9284a0d228ea5
source_subset/rtl8197/backports-5.2.8-1/drivers/net/wireless/realtek/rtl8192fe/phydm/rtl8197f/halhwimg8197f_mac.h,1488,wlan-backports/kalibrierung,15f8ab83259d426360aac78b9ad907dc09174e3b8f43460760a0ba5660dfdd79
source_subset/rtl8197/backports-5.2.8-1/drivers/net/wireless/realtek/rtl8192fe/phydm/rtl8197f/phydm_hal_api8197f.c,37921,wlan-backports/kalibrierung,0094242ec4b69006d515112acfaaa915a4cb9284d7ec3f7f31fed060db2bd74a
source_subset/rtl8197/backports-5.2.8-1/drivers/net/wireless/realtek/rtl8192fe/phydm/rtl8197f/phydm_hal_api8197f.h,2355,wlan-backports/kalibrierung,943f25604b2ce94a2c19cbe8236306c17ab05fe8f98ad084429f74e08934544c
source_subset/rtl8197/backports-5.2.8-1/drivers/net/wireless/realtek/rtl8192fe/phydm/rtl8197f/phydm_regconfig8197f.c,4761,wlan-backports/kalibrierung,991265acf8308fff175cc5189b716aa97f9d5be12259854a72851c5c697409a9
source_subset/rtl8197/backports-5.2.8-1/drivers/net/wireless/realtek/rtl8192fe/phydm/rtl8197f/phydm_regconfig8197f.h,1724,wlan-backports/kalibrierung,10f747a641eb1feaf8bf93675f5eb2e73c5a9e10f5ede194ec6834a9c9afb62e
source_subset/rtl8197/backports-5.2.8-1/drivers/net/wireless/realtek/rtl8192fe/phydm/rtl8197f/phydm_rtl8197f.c,4532,wlan-backports/kalibrierung,102c0db8a0ae013e88975117a70996536711a3fd164525cbaacbc30a29ec6dd8
source_subset/rtl8197/backports-5.2.8-1/drivers/net/wireless/realtek/rtl8192fe/phydm/rtl8197f/phydm_rtl8197f.h,1061,wlan-backports/kalibrierung,6d39fae385fc7b787011ca6c9d06125f4b801be8684340202fe2a6c6b80884d8
source_subset/rtl8197/backports-5.2.8-1/drivers/net/wireless/realtek/rtl8192fe/phydm/rtl8197f/version_rtl8197f.h,1296,wlan-backports/kalibrierung,3d5dba41de7eec945b810fd42a84be485418474e3622525063f97663d881f21e
source_subset/rtl8197/boards/rtl8197F/Makefile,10120,board-datei,1091aa52a6d392ec576015f544203e286a0053af7106182a50ab039255846fd1
source_subset/rtl8197/boards/rtl8197F/board-configuration.in,531,board-config/rootfs,c6e09a69d360e2010b289d263cdcb357371ec5608b7fbc38c5a690a66c5f11f6
source_subset/rtl8197/boards/rtl8197F/bsp/Kconfig,285,board-bsp,ea98e2ad79a47cb9ada24c62785ceb8a6a625fc06085816f1658c597740ad190
source_subset/rtl8197/boards/rtl8197F/bsp/Makefile,706,board-bsp,c6325dd7632b8c8e5485c403cc71cb8361e5a531ce13a5b1dd90fc89aed4d830
source_subset/rtl8197/boards/rtl8197F/bsp/Platform,108,board-bsp,8ac0133cff0c342c60c89f6f5729d3293c1c3972961112c3ddd3e1cf744841ed
source_subset/rtl8197/boards/rtl8197F/bsp/bspchip.h,19975,board-bsp,4730063f16f5ba8568e3727a41cae7f0e0754dc357ec76719f9f5c5c1a77d44d
source_subset/rtl8197/boards/rtl8197F/bsp/bspcpu.h,658,board-bsp,2faf1bbbc06eab23d343ba66a61c811f745d53cc55807ea373527029b27f7728
source_subset/rtl8197/boards/rtl8197F/bsp/bspinit.h,434,board-bsp,1cf25010b835bd5d3b0e672711ed6e3960b7333fadfc242331625fbe9082147f
source_subset/rtl8197/boards/rtl8197F/bsp/clk.c,1717,board-bsp,7f852336b9c1119fc450841093261da50bdf973fa5f917e6f842f517a7cd5f5c
source_subset/rtl8197/boards/rtl8197F/bsp/cpu-feature-overrides.h,1545,board-bsp,e093b419d605d963b9573fc3a32d1603c09aa231fb3b060ba14dc6d64d5f8a3e
source_subset/rtl8197/boards/rtl8197F/bsp/dev_usb.c,28593,board-bsp,55eb8ed9c2f746e3ad6ad166d77ef5c99f4871f74bccebc56a8ecdb709d1451e
source_subset/rtl8197/boards/rtl8197F/bsp/dev_usb.h,1560,board-bsp,3e42fb4c1ee401807fb1b2955531df1ec5a430d5aa272e748ecef2043322aa57
source_subset/rtl8197/boards/rtl8197F/bsp/gpio.c,24574,board-bsp,f1c94664816f0120bd12b676c7c503253d94c48114d19f3d9970a63f6e671430
source_subset/rtl8197/boards/rtl8197F/bsp/i2c.c,8830,board-bsp,9b6da29e5239f3c194117947711bc74f3f29f9e0fe96861c6a322fb47b088e29
source_subset/rtl8197/boards/rtl8197F/bsp/i2s.c,880,board-bsp,bcad363acf7ace3b8410b2c25d4c306b85103f01ec76013f3c5c02d36d65c11a
source_subset/rtl8197/boards/rtl8197F/bsp/i2s.h,481,board-bsp,a0df99565221e92395c5035fa0ea999ebe83342c6ba1d4d88fc502533d95194a
source_subset/rtl8197/boards/rtl8197F/bsp/irq-gpio.c,6148,board-bsp,7502982b25ea822a2d6297bf41f038e9b9464f4953311457831beb07a6877790
source_subset/rtl8197/boards/rtl8197F/bsp/irq-ictl.c,2302,board-bsp,fbffd4b775f0a7b3fd8739c44fc1bafba623350c4922635d259ce1daf9f29bb1
source_subset/rtl8197/boards/rtl8197F/bsp/irq.c,3331,board-bsp,40a12d319556312f5c99a051fa9647eec24477cbcdb77c844677ba52c345c06a
source_subset/rtl8197/boards/rtl8197F/bsp/irq.h,133,board-bsp,a623159766ee244cd8cd11af06fd86248bddb9e153ab275ec68ce608b0fc618f
source_subset/rtl8197/boards/rtl8197F/bsp/mtd.c,10207,board-bsp,6ce81acb7a45ce1d7d1a741f20f2af4fc52193995887fb14aff281131cbdfbdf
source_subset/rtl8197/boards/rtl8197F/bsp/pci-fixup.c,1094,board-bsp,a3f95c9bc3d0e39b53838e478b8445f4a9a39e7c5d6033afc04167ba34f73e24
source_subset/rtl8197/boards/rtl8197F/bsp/pci-ops.c,2987,board-bsp,1356dcc19dd2bf8019ad6e04f57437f09408b0116361667d19563728bb10a7a5
source_subset/rtl8197/boards/rtl8197F/bsp/pci.c,6209,board-bsp,09c00003d5fb16a28803d6d8e5e79bdbf4357caaba6e11a5549dfdda4e7f7e02
source_subset/rtl8197/boards/rtl8197F/bsp/platform.c,4373,board-bsp,80909034f0f70d040557058791a499710355530a0a4ccbe5abf757a2fa6fb1cb
source_subset/rtl8197/boards/rtl8197F/bsp/prom.c,6928,board-bsp,aeaffc9c26b9c68beccf5e7a72830db22e5c50ac4ab8780c3343f13a968d79da
source_subset/rtl8197/boards/rtl8197F/bsp/serial.c,5084,board-bsp,afe94e9c8f6d25171bfd5156c8117f851fe07299395d94e6ae25d6c7257c6601
source_subset/rtl8197/boards/rtl8197F/bsp/setup.c,2415,board-bsp,b6bdbe3778104cb9735d8a1b32d1cad781d4781831d6089fa3a8e5e1e9f52d2c
source_subset/rtl8197/boards/rtl8197F/bsp/spi.c,2341,board-bsp,28f694e4830a8ef2c3b93046631ad60a8d589f0c2f813bf55bb17be3d0f8b0e6
source_subset/rtl8197/boards/rtl8197F/bsp/timer.c,11342,board-bsp,b5ab6dbeaa8f1827aae821bbd15989372f6626b6918125d9d9b7630785991d37
source_subset/rtl8197/boards/rtl8197F/bsp/vmlinux.lds.S,4125,board-bsp,e4f9ef549680661e6519d4bf7bd5a82f45ae71609a027aeba66ada6d5e9e9d4f
source_subset/rtl8197/boards/rtl8197F/bsp/war.h,880,board-bsp,555c3a1896b508bd1bccaad194a976631670c2171f5f1567c57ccef988407dde
source_subset/rtl8197/boards/rtl8197F/config.backports-5.2.8-1,42563,board-config/rootfs,770919ce0b8590c24a153ff6b77f3d0ee9c1f3147f892d9fed186d8009123800
source_subset/rtl8197/boards/rtl8197F/config.backports-5.2.8-1.RTL8197F_VG_8832BR_8367R_KERN44_GW,44120,board-config/rootfs,e3d896bcba570ee8f5597ce485abb981b225793070ee0bc9f1ef3361b25d0952
source_subset/rtl8197/boards/rtl8197F/config.backports-5.2.8-1.SPINAND_RTL8197F_VG_8832BR_8367R_KERN44_DUALSTACK_GW,44150,board-config/rootfs,ce22314cfb0e02ea4ebf25759cd9131d6f2095d5a3fa03039b2c98407a87aa1a
source_subset/rtl8197/boards/rtl8197F/config.backports-5.2.8-1.SPINAND_RTL8197F_VG_8832BR_8367R_KERN44_GW,43604,board-config/rootfs,44733d441296016388bc35b4904773716c5ab83cd4b03c87382dd22025f8435f
source_subset/rtl8197/boards/rtl8197F/config.backports-5.2.8-1.SPINAND_RTL8197F_VG_8832BR_8367R_KERN44_GW_EASYMESH,43616,board-config/rootfs,4f1e794c4ea4bead485642ea4d7a09bcc0a0705d8efcf57330d396e7fd2c8092
source_subset/rtl8197/boards/rtl8197F/config.backports-5.2.8-1.SPINAND_RTL8197F_VG_8832BR_8367R_KERN44_GW_EASYMESH_R2_WFA,43567,board-config/rootfs,ecc998fd8b77eeaa87ea60ab87a42ead07cd3cc45c0a692e462a313d8cf2b2fd
source_subset/rtl8197/boards/rtl8197F/config.busybox-1.24.1.RTL8197F_VG_8832BR_8367R_KERN44_GW,32033,board-config/rootfs,16d203a163804bb9d92bcd69c54a0f0d6962ed65e34faf003312756a4c6dd15b
source_subset/rtl8197/boards/rtl8197F/config.busybox-1.24.1.SPINAND_RTL8197F_VG_8832BR_8367R_KERN44_DUALSTACK_GW,32000,board-config/rootfs,2a368e9c4312327b079c1c8792a3fef5507589fc7353e6996c753e02d0435e22
source_subset/rtl8197/boards/rtl8197F/config.busybox-1.24.1.SPINAND_RTL8197F_VG_8832BR_8367R_KERN44_GW,32034,board-config/rootfs,685be818bf9d3ac61ba29c5e02d55190af38af2cb7c4505bb41b6fdffa65376c
source_subset/rtl8197/boards/rtl8197F/config.busybox-1.24.1.SPINAND_RTL8197F_VG_8832BR_8367R_KERN44_GW_EASYMESH,32044,board-config/rootfs,04e7e89a3ab5d1011cfd894e70a82348950df9697cc8b8a17c27c05546a6c608
source_subset/rtl8197/boards/rtl8197F/config.busybox-1.24.1.SPINAND_RTL8197F_VG_8832BR_8367R_KERN44_GW_EASYMESH_R2_WFA,31967,board-config/rootfs,bfb587e555246ab432889783d85c05840efda80e4159728e2581b348ef2bac34
source_subset/rtl8197/boards/rtl8197F/config.cpu,1121,board-config/rootfs,d460759374736a2986057252a3f0967a969d5b88f7069f398b23a47e72e4038d
source_subset/rtl8197/boards/rtl8197F/config.in,15803,board-config/rootfs,3940c53c666eb6b44dc35eaac4cd5aaa502c030df437dd9d5bf86244d68bfaaf
source_subset/rtl8197/boards/rtl8197F/config.linux-4.4.RTL8197F_VG_8832BR_8367R_KERN44_GW,57437,board-config/rootfs,7646340cc51166cea8b2d923596d5cb0d651d84c04c6fc16dcd2e856d976b5da
source_subset/rtl8197/boards/rtl8197F/config.linux-4.4.SPINAND_RTL8197F_VG_8832BR_8367R_KERN44_DUALSTACK_GW,59053,board-config/rootfs,1929705423e12beb6d3f9f4216c1a8b3b9e7be64cef49dbb6d059f0b7d9b9b46
source_subset/rtl8197/boards/rtl8197F/config.linux-4.4.SPINAND_RTL8197F_VG_8832BR_8367R_KERN44_GW,59175,board-config/rootfs,cd26c0b879dd10b15b9b202fa90c00aba529627a0ce073c5f1c3f9970f8a82b9
source_subset/rtl8197/boards/rtl8197F/config.linux-4.4.SPINAND_RTL8197F_VG_8832BR_8367R_KERN44_GW_EASYMESH,57230,board-config/rootfs,40408e16fb97ad0a5e16a897e5cc9c6b7c92450677076ba50c8b7b1dd414f65d
source_subset/rtl8197/boards/rtl8197F/config.linux-4.4.SPINAND_RTL8197F_VG_8832BR_8367R_KERN44_GW_EASYMESH_R2_WFA,57241,board-config/rootfs,bbb21a62a851e49934d265be6c9b59a09eaaec37435cf1d30edf479f7dc6349e
source_subset/rtl8197/boards/rtl8197F/config.users.RTL8197F_VG_8832BR_8367R_KERN44_GW,6283,board-config/rootfs,66184fc39d38f77ba7253aa602eb9a0465544f456da5af429a36c85a913400f0
source_subset/rtl8197/boards/rtl8197F/config.users.SPINAND_RTL8197F_VG_8832BR_8367R_KERN44_DUALSTACK_GW,6236,board-config/rootfs,e835b02736818ca2b0461afab980026581abd75122cbbce42d432aaec52e21f8
source_subset/rtl8197/boards/rtl8197F/config.users.SPINAND_RTL8197F_VG_8832BR_8367R_KERN44_GW,6358,board-config/rootfs,f16de7b66644d624e296540d6fee90bb8e3221b920d8b9615d9b2c75d5e1214f
source_subset/rtl8197/boards/rtl8197F/config.users.SPINAND_RTL8197F_VG_8832BR_8367R_KERN44_GW_EASYMESH,6623,board-config/rootfs,19ca8b4d74da9a661b208265aa9ef4cd65421c4b33142e6c32a13ebd58cd60ef
source_subset/rtl8197/boards/rtl8197F/config.users.SPINAND_RTL8197F_VG_8832BR_8367R_KERN44_GW_EASYMESH_R2_WFA,6612,board-config/rootfs,f83ac15221d0c3b8d8012e4e2ea02a3c1e2d76e4f5c57906b13b3cd9c26332bc
source_subset/rtl8197/boards/rtl8197F/ed25519-donna/Makefile,147,board-datei,50d27dde1947f3108735c878f1fb8172cbe880a24d995c1d2680591d0e649d4a
source_subset/rtl8197/boards/rtl8197F/ed25519-donna/README.md,8155,board-datei,ce7e04079bf12928d5e66126b4becd6aedcb6ba94f2f44dbc81b93cf7f4e5133
source_subset/rtl8197/boards/rtl8197F/ed25519-donna/curve25519-donna-32bit.h,22614,board-datei,f92c32aa69d5a015a81b96bfd75063061447bcc60b79d7fa48f4056262addd39
source_subset/rtl8197/boards/rtl8197F/ed25519-donna/curve25519-donna-64bit.h,14869,board-datei,200b6f43ab3ef2a4c835a79c3795d169f4762f19b51af1f950952587f6573310
source_subset/rtl8197/boards/rtl8197F/ed25519-donna/curve25519-donna-helpers.h,2374,board-datei,a3cd2e774f9f57cfe16ac7b010085590464c602b9eb64e704d48b25860a7e9a1
source_subset/rtl8197/boards/rtl8197F/ed25519-donna/curve25519-donna-sse2.h,58626,board-datei,fa8e7894e269b0667c18d0ec9c66025468c0d1fd2b7e370d026d2239c95d8758
source_subset/rtl8197/boards/rtl8197F/ed25519-donna/ed25519-donna-32bit-sse2.h,18640,board-datei,c7b3658eb060f1ece83865a979bb48125ff45cc65f70ade96e51377c2109ab71
source_subset/rtl8197/boards/rtl8197F/ed25519-donna/ed25519-donna-32bit-tables.h,12002,board-datei,4487a16e12cd57252df91364ad820cc5eb93d91cbc602fc21d96c676134754bc
source_subset/rtl8197/boards/rtl8197F/ed25519-donna/ed25519-donna-64bit-sse2.h,16318,board-datei,086a0b7418114ed12141c9fcbb19d30a47fc2e14f97532874418c85920767bf6
source_subset/rtl8197/boards/rtl8197F/ed25519-donna/ed25519-donna-64bit-tables.h,10380,board-datei,417c853c5ffddfc8b3e244096985fb919e872d9d4cc02e4f6c2047a1c5ec599c
source_subset/rtl8197/boards/rtl8197F/ed25519-donna/ed25519-donna-64bit-x86-32bit.h,16281,board-datei,faa56400228b031de42b230e3d12192963bf863583f93f0ede5b93b843920e73
source_subset/rtl8197/boards/rtl8197F/ed25519-donna/ed25519-donna-64bit-x86.h,12962,board-datei,70c13b515c2a674673378ecc7a15d41f2a24b5d79df6ec33d5e8e965293436bb
source_subset/rtl8197/boards/rtl8197F/ed25519-donna/ed25519-donna-basepoint-table.h,124048,board-datei,0bfcde5ac42fe07700b9c04b280d932c888d91a73597130201ff11dcfe629e3d
source_subset/rtl8197/boards/rtl8197F/ed25519-donna/ed25519-donna-batchverify.h,7644,board-datei,81c518f1591a3e90f952af752495bfb8e8b29082f63e56a441961957db04645d
source_subset/rtl8197/boards/rtl8197F/ed25519-donna/ed25519-donna-impl-base.h,10220,board-datei,243eee2c096612090bf724ca530590664605df1ca11744da09fe830a160c159a
source_subset/rtl8197/boards/rtl8197F/ed25519-donna/ed25519-donna-impl-sse2.h,11815,board-datei,693a03c83572d0d082fbbdb24867c313672b4372041aa774a2e343b0203a45fa
source_subset/rtl8197/boards/rtl8197F/ed25519-donna/ed25519-donna-portable-identify.h,2910,board-datei,bc3f37b7106dfac8594367b598747664d65e1a3ed5125d70c525649785070a6d
source_subset/rtl8197/boards/rtl8197F/ed25519-donna/ed25519-donna-portable.h,4761,board-datei,5143e41565c60fb9bb60fbd18dd00c6bdb4304f567ee61cd0553b2dd1fd38371
source_subset/rtl8197/boards/rtl8197F/ed25519-donna/ed25519-donna.h,2762,board-datei,b53f69909a80a6930879aa093a41831aa6f3f6e443187f159eacc96cb7e6294e
source_subset/rtl8197/boards/rtl8197F/ed25519-donna/ed25519-hash-custom.h,370,board-datei,4403f88d9a30aee0dc3b30eeba35fc6a513b7eba1efd1e4ed1811e8cf2794831
source_subset/rtl8197/boards/rtl8197F/ed25519-donna/ed25519-hash.h,6867,board-datei,d1ee2991539feb3bd1bade01dfabb2a9d6a4c86e9f9deda7da1df45c831f732e
source_subset/rtl8197/boards/rtl8197F/ed25519-donna/ed25519-randombytes-custom.h,211,board-datei,db6ebec8ea68ec2d4aa1978cbea25b01379283a5a4f1f296cfd1e4a0eb3ea666
source_subset/rtl8197/boards/rtl8197F/ed25519-donna/ed25519-randombytes.h,1847,board-datei,0716dd5e8a68e4241b432f14852cc69db2be07915163daffd01b564f2af553a7
source_subset/rtl8197/boards/rtl8197F/ed25519-donna/ed25519.c,3687,board-datei,491efa60521d6ef3cc8b42c722adbb07c5a8da3e355bd9ed8947a5ca02cec594
source_subset/rtl8197/boards/rtl8197F/ed25519-donna/ed25519.h,960,board-datei,98c711b3d04fcaaa9ff560efab6b0f2e969326208a7a854d56462162b1734bfb
source_subset/rtl8197/boards/rtl8197F/ed25519-donna/fuzz/README.md,5761,board-datei,a67181a195a440b6aeeadf9bd8e2a6c1f9f8b16e0bba0c1eb97071c597653b1d
source_subset/rtl8197/boards/rtl8197F/ed25519-donna/fuzz/build-nix.php,3641,board-datei,a13e0d0129f1054d82802115330d504b6e16fab9d58750f953ca469235ade5c3
source_subset/rtl8197/boards/rtl8197F/ed25519-donna/fuzz/curve25519-ref10.c,38169,board-datei,efaceaef0858e529a54766b5ee0d2288cc8e1ba9c0c15c8adfab9c65ac12c958
source_subset/rtl8197/boards/rtl8197F/ed25519-donna/fuzz/curve25519-ref10.h,259,board-datei,c087f514d5415cff167ff9a81adf61aee3ceaf263785df1bb60454ab59768876
source_subset/rtl8197/boards/rtl8197F/ed25519-donna/fuzz/ed25519-donna-sse2.c,74,board-datei,817f1771cc169f13753c15cbc0492ca719acf925a0acaa701b5f8aa03c689c48
source_subset/rtl8197/boards/rtl8197F/ed25519-donna/fuzz/ed25519-donna.c,24,board-datei,ec26208115014b36793cddfafd6d5efc064d64bb878073396922b2ea6b211415
source_subset/rtl8197/boards/rtl8197F/ed25519-donna/fuzz/ed25519-donna.h,1561,board-datei,5ba9f448728209a7e519585467be5d4ea084f5d13c22225a8fde0d3bcc415259
source_subset/rtl8197/boards/rtl8197F/ed25519-donna/fuzz/ed25519-ref10.c,171009,board-datei,6c9e86c6de53e57593e0bc30b8045fdb72364c2d78a67fc5fe89dd483b39683c
source_subset/rtl8197/boards/rtl8197F/ed25519-donna/fuzz/ed25519-ref10.h,426,board-datei,69e48a0f86e1f32bd9282e9bbf0e96c7789ed6f38b5830ce838bfc30b992e981
source_subset/rtl8197/boards/rtl8197F/ed25519-donna/fuzz/fuzz-curve25519.c,3686,board-datei,ab2b7f065263bd12a64307da8ff6278402113e76bf83188984fd91993855fd6a
source_subset/rtl8197/boards/rtl8197F/ed25519-donna/fuzz/fuzz-ed25519.c,5412,board-datei,949114b06eca2ecbe00cc7f6c893da03ded8634056ea81f6c7c9576c90bd281d
source_subset/rtl8197/boards/rtl8197F/ed25519-donna/modm-donna-32bit.h,21134,board-datei,56716eb2f1eb1c5c5de494110b4ef912392ea7217a0e05608e3c70c236460ee1
source_subset/rtl8197/boards/rtl8197F/ed25519-donna/modm-donna-64bit.h,13354,board-datei,1e320582deefcd5547bc9b036f639bd8248c01b0f4cfa1d8f7e1703dc7eea3ac
source_subset/rtl8197/boards/rtl8197F/ed25519-donna/regression.h,2765824,board-datei,0575f870ab0c7c95970fbed795a5f83143b55b63ea967b50b6c2a6fdeba7f385
source_subset/rtl8197/boards/rtl8197F/ed25519-donna/run.sh,100,runtime-skript,cf04d8eab0cce94ddfbabcc611ab443dc43cf05ab20ed4825d6ae39b3c5c8ddc
source_subset/rtl8197/boards/rtl8197F/ed25519-donna/sign_key.c,15899,board-datei,557bada2c8df39ce69e4be57ec635e1884136b043488174b3fd6283ce005a849
source_subset/rtl8197/boards/rtl8197F/ed25519-donna/test-internals.c,6019,board-datei,14c9805089f61f847f18761a3180219a8481f8916a8fe3288686e2aa0f735ceb
source_subset/rtl8197/boards/rtl8197F/ed25519-donna/test-ticks.h,1313,board-datei,89edcd5f1d94783979c857e91f04e51f63041b5e074a958b085dafef55f56613
source_subset/rtl8197/boards/rtl8197F/etc.RTL8197F_8812AR_MP/TZ,9,board-config/rootfs,4923762c725a5e9cde7b5067ec7b1436cd293feefb4de92bd2efb5a470eb5c97
source_subset/rtl8197/boards/rtl8197F/etc.RTL8197F_8812AR_MP/group,32,board-config/rootfs,5148fde8988f4762c1a14039adf6ca7cfcf3b201c71cd48332da60ca69ff49a8
source_subset/rtl8197/boards/rtl8197F/etc.RTL8197F_8812AR_MP/host.conf,17,board-config/rootfs,313728062c7ae797e11187c7f1d66b559f0098115320166bca6100486c167824
source_subset/rtl8197/boards/rtl8197F/etc.RTL8197F_8812AR_MP/hosts,146,board-config/rootfs,f80e3d5c3a0e4517e650bccee94c8033131e263d8458b37a18dcee440cb3819b
source_subset/rtl8197/boards/rtl8197F/etc.RTL8197F_8812AR_MP/init.d/rcS,291,runtime-skript,4ba8dbfde1e6858373479b9b21d189f916a660fbc2098b9b7185bc5df0b76dd8
source_subset/rtl8197/boards/rtl8197F/etc.RTL8197F_8812AR_MP/inittab,308,board-config/rootfs,029314c08baad22a9a6d592670a68befbf0c920a4db80648486e723ebe5c9948
source_subset/rtl8197/boards/rtl8197F/etc.RTL8197F_8812AR_MP/mime.types,1552,board-config/rootfs,8d0a3ce3b74daccb330e158471cab898d40d4e40ed8a74ff9d710909a82cdf6e
source_subset/rtl8197/boards/rtl8197F/etc.RTL8197F_8812AR_MP/motd,334,board-config/rootfs,3b727708cd2efa362aa751c12c8d2e9e0e2050cb07b3d646dae2c6f4bcdd1cb3
source_subset/rtl8197/boards/rtl8197F/etc.RTL8197F_8812AR_MP/passwd,59,board-config/rootfs,4d6b899746dbeedb12a8f24fe71fe5d280272127ac830dc3c7755608c6704076
source_subset/rtl8197/boards/rtl8197F/etc.RTL8197F_8812AR_MP/resolv.conf,22,board-config/rootfs,bc90c8d01ca4fdd435dc0fc0cc1d50eb93a2a727e0554bae8bed0807469819f9
source_subset/rtl8197/boards/rtl8197F/etc.RTL8197F_8812AR_MP/services,8205,board-config/rootfs,6ae28a7390a44890f3709f772dd5a2d8246880b40a734f1317cb117eea6de748
source_subset/rtl8197/boards/rtl8197F/etc.RTL8197F_8812AR_MP/smb.conf,9770,board-config/rootfs,e2228076ff7e562fe6b0ba496e4e5291efef49e0f97a7b801d5882429ae8441b
source_subset/rtl8197/boards/rtl8197F/etc.RTL8197F_8812BR_8367R_MP/TZ,9,board-config/rootfs,4923762c725a5e9cde7b5067ec7b1436cd293feefb4de92bd2efb5a470eb5c97
source_subset/rtl8197/boards/rtl8197F/etc.RTL8197F_8812BR_8367R_MP/group,32,board-config/rootfs,5148fde8988f4762c1a14039adf6ca7cfcf3b201c71cd48332da60ca69ff49a8
source_subset/rtl8197/boards/rtl8197F/etc.RTL8197F_8812BR_8367R_MP/host.conf,17,board-config/rootfs,313728062c7ae797e11187c7f1d66b559f0098115320166bca6100486c167824
source_subset/rtl8197/boards/rtl8197F/etc.RTL8197F_8812BR_8367R_MP/hosts,146,board-config/rootfs,f80e3d5c3a0e4517e650bccee94c8033131e263d8458b37a18dcee440cb3819b
source_subset/rtl8197/boards/rtl8197F/etc.RTL8197F_8812BR_8367R_MP/init.d/rcS,291,runtime-skript,4ba8dbfde1e6858373479b9b21d189f916a660fbc2098b9b7185bc5df0b76dd8
source_subset/rtl8197/boards/rtl8197F/etc.RTL8197F_8812BR_8367R_MP/inittab,308,board-config/rootfs,029314c08baad22a9a6d592670a68befbf0c920a4db80648486e723ebe5c9948
source_subset/rtl8197/boards/rtl8197F/etc.RTL8197F_8812BR_8367R_MP/mime.types,1552,board-config/rootfs,8d0a3ce3b74daccb330e158471cab898d40d4e40ed8a74ff9d710909a82cdf6e
source_subset/rtl8197/boards/rtl8197F/etc.RTL8197F_8812BR_8367R_MP/motd,334,board-config/rootfs,3b727708cd2efa362aa751c12c8d2e9e0e2050cb07b3d646dae2c6f4bcdd1cb3
source_subset/rtl8197/boards/rtl8197F/etc.RTL8197F_8812BR_8367R_MP/passwd,59,board-config/rootfs,4d6b899746dbeedb12a8f24fe71fe5d280272127ac830dc3c7755608c6704076
source_subset/rtl8197/boards/rtl8197F/etc.RTL8197F_8812BR_8367R_MP/resolv.conf,22,board-config/rootfs,bc90c8d01ca4fdd435dc0fc0cc1d50eb93a2a727e0554bae8bed0807469819f9
source_subset/rtl8197/boards/rtl8197F/etc.RTL8197F_8812BR_8367R_MP/services,8205,board-config/rootfs,6ae28a7390a44890f3709f772dd5a2d8246880b40a734f1317cb117eea6de748
source_subset/rtl8197/boards/rtl8197F/etc.RTL8197F_8812BR_8367R_MP/smb.conf,9770,board-config/rootfs,e2228076ff7e562fe6b0ba496e4e5291efef49e0f97a7b801d5882429ae8441b
source_subset/rtl8197/boards/rtl8197F/etc.RTL8197F_8812BR_8367R_WAC/TZ,9,board-config/rootfs,4923762c725a5e9cde7b5067ec7b1436cd293feefb4de92bd2efb5a470eb5c97
source_subset/rtl8197/boards/rtl8197F/etc.RTL8197F_8812BR_8367R_WAC/group,32,board-config/rootfs,5148fde8988f4762c1a14039adf6ca7cfcf3b201c71cd48332da60ca69ff49a8
source_subset/rtl8197/boards/rtl8197F/etc.RTL8197F_8812BR_8367R_WAC/host.conf,17,board-config/rootfs,313728062c7ae797e11187c7f1d66b559f0098115320166bca6100486c167824
source_subset/rtl8197/boards/rtl8197F/etc.RTL8197F_8812BR_8367R_WAC/hosts,146,board-config/rootfs,f80e3d5c3a0e4517e650bccee94c8033131e263d8458b37a18dcee440cb3819b
source_subset/rtl8197/boards/rtl8197F/etc.RTL8197F_8812BR_8367R_WAC/init.d/rcS_AP,1407,runtime-skript,d0b7549d9eea0c9a02c44007ed6c433cf17cd9c2d06ae523703b8de1ae7182e0
source_subset/rtl8197/boards/rtl8197F/etc.RTL8197F_8812BR_8367R_WAC/init.d/rcS_GW,3104,runtime-skript,060bd5b0fdda7e85c8eafbdf4b1334ca3c9e0fa7ec3d6973b6832b3a094e02cb
source_subset/rtl8197/boards/rtl8197F/etc.RTL8197F_8812BR_8367R_WAC/inittab,308,board-config/rootfs,029314c08baad22a9a6d592670a68befbf0c920a4db80648486e723ebe5c9948
source_subset/rtl8197/boards/rtl8197F/etc.RTL8197F_8812BR_8367R_WAC/iproute2/rt_tables,114,board-config/rootfs,140279ef964cfad53dda8514620b566d50f223643bae3bfb80ec6d128dee976f
source_subset/rtl8197/boards/rtl8197F/etc.RTL8197F_8812BR_8367R_WAC/mime.types,1552,board-config/rootfs,8d0a3ce3b74daccb330e158471cab898d40d4e40ed8a74ff9d710909a82cdf6e
source_subset/rtl8197/boards/rtl8197F/etc.RTL8197F_8812BR_8367R_WAC/minidlna.conf,2513,board-config/rootfs,f9af70366cae26add0c4587e607731e1f82b061b65494371aed571d2cf5b43ab
source_subset/rtl8197/boards/rtl8197F/etc.RTL8197F_8812BR_8367R_WAC/motd,334,board-config/rootfs,3b727708cd2efa362aa751c12c8d2e9e0e2050cb07b3d646dae2c6f4bcdd1cb3
source_subset/rtl8197/boards/rtl8197F/etc.RTL8197F_8812BR_8367R_WAC/passwd,57,board-config/rootfs,808edc685e7acd587536825800b6136fd069d8a422ede561d71328447b5f0f96
source_subset/rtl8197/boards/rtl8197F/etc.RTL8197F_8812BR_8367R_WAC/resolv.conf,22,board-config/rootfs,bc90c8d01ca4fdd435dc0fc0cc1d50eb93a2a727e0554bae8bed0807469819f9
source_subset/rtl8197/boards/rtl8197F/etc.RTL8197F_8812BR_8367R_WAC/samba/smb.conf,10136,board-config/rootfs,0f14f29296ff2c41ca059dec63962cbbb297b7da25ba6eebb2e5583454534f27
source_subset/rtl8197/boards/rtl8197F/etc.RTL8197F_8812BR_8367R_WAC/samba/smbpasswd,104,board-config/rootfs,2187a31165dc5cb2190130abdc04d6c5fef3d78ffc609b390b74a444f8e76c94
source_subset/rtl8197/boards/rtl8197F/etc.RTL8197F_8812BR_8367R_WAC/services,8205,board-config/rootfs,6ae28a7390a44890f3709f772dd5a2d8246880b40a734f1317cb117eea6de748
source_subset/rtl8197/boards/rtl8197F/etc.RTL8197F_8812BR_8367R_WAC/shadow.sample,87,board-config/rootfs,106bf188d92eae79b255c106cb9f05777b5ba225ddef95132fb1da552b81caac
source_subset/rtl8197/boards/rtl8197F/etc.RTL8197F_8812BR_8367R_WAC/ushare.conf,1359,board-config/rootfs,8e1b479172c4f1c7478a6658bae1a1049b607e7aacd24f2c40ff415b6e3da057
source_subset/rtl8197/boards/rtl8197F/etc.RTL8197F_8812BR_8367R_WAC/vsftpd.conf,4505,board-config/rootfs,c86e2c41c3c17be5510db27e4998fbf372751727c340dce68362012d47744e92
source_subset/rtl8197/boards/rtl8197F/etc.RTL8197F_8812F_8367R_MP/TZ,9,board-config/rootfs,4923762c725a5e9cde7b5067ec7b1436cd293feefb4de92bd2efb5a470eb5c97
source_subset/rtl8197/boards/rtl8197F/etc.RTL8197F_8812F_8367R_MP/group,32,board-config/rootfs,5148fde8988f4762c1a14039adf6ca7cfcf3b201c71cd48332da60ca69ff49a8
source_subset/rtl8197/boards/rtl8197F/etc.RTL8197F_8812F_8367R_MP/host.conf,17,board-config/rootfs,313728062c7ae797e11187c7f1d66b559f0098115320166bca6100486c167824
source_subset/rtl8197/boards/rtl8197F/etc.RTL8197F_8812F_8367R_MP/hosts,146,board-config/rootfs,f80e3d5c3a0e4517e650bccee94c8033131e263d8458b37a18dcee440cb3819b
source_subset/rtl8197/boards/rtl8197F/etc.RTL8197F_8812F_8367R_MP/init.d/rcS,291,runtime-skript,4ba8dbfde1e6858373479b9b21d189f916a660fbc2098b9b7185bc5df0b76dd8
source_subset/rtl8197/boards/rtl8197F/etc.RTL8197F_8812F_8367R_MP/inittab,308,board-config/rootfs,029314c08baad22a9a6d592670a68befbf0c920a4db80648486e723ebe5c9948
source_subset/rtl8197/boards/rtl8197F/etc.RTL8197F_8812F_8367R_MP/mime.types,1552,board-config/rootfs,8d0a3ce3b74daccb330e158471cab898d40d4e40ed8a74ff9d710909a82cdf6e
source_subset/rtl8197/boards/rtl8197F/etc.RTL8197F_8812F_8367R_MP/motd,334,board-config/rootfs,3b727708cd2efa362aa751c12c8d2e9e0e2050cb07b3d646dae2c6f4bcdd1cb3
source_subset/rtl8197/boards/rtl8197F/etc.RTL8197F_8812F_8367R_MP/passwd,59,board-config/rootfs,4d6b899746dbeedb12a8f24fe71fe5d280272127ac830dc3c7755608c6704076
source_subset/rtl8197/boards/rtl8197F/etc.RTL8197F_8812F_8367R_MP/resolv.conf,22,board-config/rootfs,bc90c8d01ca4fdd435dc0fc0cc1d50eb93a2a727e0554bae8bed0807469819f9
source_subset/rtl8197/boards/rtl8197F/etc.RTL8197F_8812F_8367R_MP/services,8205,board-config/rootfs,6ae28a7390a44890f3709f772dd5a2d8246880b40a734f1317cb117eea6de748
source_subset/rtl8197/boards/rtl8197F/etc.RTL8197F_8812F_8367R_MP/smb.conf,9770,board-config/rootfs,e2228076ff7e562fe6b0ba496e4e5291efef49e0f97a7b801d5882429ae8441b
source_subset/rtl8197/boards/rtl8197F/etc.RTL8197F_8814B_8367R_MP/TZ,9,board-config/rootfs,4923762c725a5e9cde7b5067ec7b1436cd293feefb4de92bd2efb5a470eb5c97
source_subset/rtl8197/boards/rtl8197F/etc.RTL8197F_8814B_8367R_MP/group,32,board-config/rootfs,5148fde8988f4762c1a14039adf6ca7cfcf3b201c71cd48332da60ca69ff49a8
source_subset/rtl8197/boards/rtl8197F/etc.RTL8197F_8814B_8367R_MP/host.conf,17,board-config/rootfs,313728062c7ae797e11187c7f1d66b559f0098115320166bca6100486c167824
source_subset/rtl8197/boards/rtl8197F/etc.RTL8197F_8814B_8367R_MP/hosts,146,board-config/rootfs,f80e3d5c3a0e4517e650bccee94c8033131e263d8458b37a18dcee440cb3819b
source_subset/rtl8197/boards/rtl8197F/etc.RTL8197F_8814B_8367R_MP/init.d/rcS,291,runtime-skript,4ba8dbfde1e6858373479b9b21d189f916a660fbc2098b9b7185bc5df0b76dd8
source_subset/rtl8197/boards/rtl8197F/etc.RTL8197F_8814B_8367R_MP/inittab,308,board-config/rootfs,029314c08baad22a9a6d592670a68befbf0c920a4db80648486e723ebe5c9948
source_subset/rtl8197/boards/rtl8197F/etc.RTL8197F_8814B_8367R_MP/mime.types,1552,board-config/rootfs,8d0a3ce3b74daccb330e158471cab898d40d4e40ed8a74ff9d710909a82cdf6e
source_subset/rtl8197/boards/rtl8197F/etc.RTL8197F_8814B_8367R_MP/motd,334,board-config/rootfs,3b727708cd2efa362aa751c12c8d2e9e0e2050cb07b3d646dae2c6f4bcdd1cb3
source_subset/rtl8197/boards/rtl8197F/etc.RTL8197F_8814B_8367R_MP/passwd,59,board-config/rootfs,4d6b899746dbeedb12a8f24fe71fe5d280272127ac830dc3c7755608c6704076
source_subset/rtl8197/boards/rtl8197F/etc.RTL8197F_8814B_8367R_MP/resolv.conf,22,board-config/rootfs,bc90c8d01ca4fdd435dc0fc0cc1d50eb93a2a727e0554bae8bed0807469819f9
source_subset/rtl8197/boards/rtl8197F/etc.RTL8197F_8814B_8367R_MP/services,8205,board-config/rootfs,6ae28a7390a44890f3709f772dd5a2d8246880b40a734f1317cb117eea6de748
source_subset/rtl8197/boards/rtl8197F/etc.RTL8197F_8814B_8367R_MP/smb.conf,9770,board-config/rootfs,e2228076ff7e562fe6b0ba496e4e5291efef49e0f97a7b801d5882429ae8441b
source_subset/rtl8197/boards/rtl8197F/etc.RTL8197F_ETH_RAMFS/TZ,9,board-config/rootfs,4923762c725a5e9cde7b5067ec7b1436cd293feefb4de92bd2efb5a470eb5c97
source_subset/rtl8197/boards/rtl8197F/etc.RTL8197F_ETH_RAMFS/group,32,board-config/rootfs,5148fde8988f4762c1a14039adf6ca7cfcf3b201c71cd48332da60ca69ff49a8
source_subset/rtl8197/boards/rtl8197F/etc.RTL8197F_ETH_RAMFS/host.conf,17,board-config/rootfs,313728062c7ae797e11187c7f1d66b559f0098115320166bca6100486c167824
source_subset/rtl8197/boards/rtl8197F/etc.RTL8197F_ETH_RAMFS/hosts,146,board-config/rootfs,f80e3d5c3a0e4517e650bccee94c8033131e263d8458b37a18dcee440cb3819b
source_subset/rtl8197/boards/rtl8197F/etc.RTL8197F_ETH_RAMFS/init.d/rcS,556,runtime-skript,72026f9dd218e1e469b4e80bb842f3697f913f650fe43ae78d7d736c95851f04
source_subset/rtl8197/boards/rtl8197F/etc.RTL8197F_ETH_RAMFS/inittab,308,board-config/rootfs,029314c08baad22a9a6d592670a68befbf0c920a4db80648486e723ebe5c9948
source_subset/rtl8197/boards/rtl8197F/etc.RTL8197F_ETH_RAMFS/mime.types,1552,board-config/rootfs,8d0a3ce3b74daccb330e158471cab898d40d4e40ed8a74ff9d710909a82cdf6e
source_subset/rtl8197/boards/rtl8197F/etc.RTL8197F_ETH_RAMFS/motd,334,board-config/rootfs,3b727708cd2efa362aa751c12c8d2e9e0e2050cb07b3d646dae2c6f4bcdd1cb3
source_subset/rtl8197/boards/rtl8197F/etc.RTL8197F_ETH_RAMFS/passwd,59,board-config/rootfs,4d6b899746dbeedb12a8f24fe71fe5d280272127ac830dc3c7755608c6704076
source_subset/rtl8197/boards/rtl8197F/etc.RTL8197F_ETH_RAMFS/resolv.conf,22,board-config/rootfs,bc90c8d01ca4fdd435dc0fc0cc1d50eb93a2a727e0554bae8bed0807469819f9
source_subset/rtl8197/boards/rtl8197F/etc.RTL8197F_ETH_RAMFS/services,8205,board-config/rootfs,6ae28a7390a44890f3709f772dd5a2d8246880b40a734f1317cb117eea6de748
source_subset/rtl8197/boards/rtl8197F/etc.RTL8197F_ETH_RAMFS/smb.conf,9770,board-config/rootfs,e2228076ff7e562fe6b0ba496e4e5291efef49e0f97a7b801d5882429ae8441b
source_subset/rtl8197/boards/rtl8197F/etc.RTL8197F_MP/TZ,9,board-config/rootfs,4923762c725a5e9cde7b5067ec7b1436cd293feefb4de92bd2efb5a470eb5c97
source_subset/rtl8197/boards/rtl8197F/etc.RTL8197F_MP/group,32,board-config/rootfs,5148fde8988f4762c1a14039adf6ca7cfcf3b201c71cd48332da60ca69ff49a8
source_subset/rtl8197/boards/rtl8197F/etc.RTL8197F_MP/host.conf,17,board-config/rootfs,313728062c7ae797e11187c7f1d66b559f0098115320166bca6100486c167824
source_subset/rtl8197/boards/rtl8197F/etc.RTL8197F_MP/hosts,146,board-config/rootfs,f80e3d5c3a0e4517e650bccee94c8033131e263d8458b37a18dcee440cb3819b
source_subset/rtl8197/boards/rtl8197F/etc.RTL8197F_MP/init.d/rcS,399,runtime-skript,798568e8a9e473ced90223640e33c222082d1f8f9967c44f39764d56e9a8658c
source_subset/rtl8197/boards/rtl8197F/etc.RTL8197F_MP/inittab,308,board-config/rootfs,029314c08baad22a9a6d592670a68befbf0c920a4db80648486e723ebe5c9948
source_subset/rtl8197/boards/rtl8197F/etc.RTL8197F_MP/mime.types,1552,board-config/rootfs,8d0a3ce3b74daccb330e158471cab898d40d4e40ed8a74ff9d710909a82cdf6e
source_subset/rtl8197/boards/rtl8197F/etc.RTL8197F_MP/motd,334,board-config/rootfs,3b727708cd2efa362aa751c12c8d2e9e0e2050cb07b3d646dae2c6f4bcdd1cb3
source_subset/rtl8197/boards/rtl8197F/etc.RTL8197F_MP/passwd,59,board-config/rootfs,4d6b899746dbeedb12a8f24fe71fe5d280272127ac830dc3c7755608c6704076
source_subset/rtl8197/boards/rtl8197F/etc.RTL8197F_MP/resolv.conf,22,board-config/rootfs,bc90c8d01ca4fdd435dc0fc0cc1d50eb93a2a727e0554bae8bed0807469819f9
source_subset/rtl8197/boards/rtl8197F/etc.RTL8197F_MP/services,8205,board-config/rootfs,6ae28a7390a44890f3709f772dd5a2d8246880b40a734f1317cb117eea6de748
source_subset/rtl8197/boards/rtl8197F/etc.RTL8197F_MP/smb.conf,9770,board-config/rootfs,e2228076ff7e562fe6b0ba496e4e5291efef49e0f97a7b801d5882429ae8441b
source_subset/rtl8197/boards/rtl8197F/etc.RTL8197F_RAMFS/TZ,9,board-config/rootfs,4923762c725a5e9cde7b5067ec7b1436cd293feefb4de92bd2efb5a470eb5c97
source_subset/rtl8197/boards/rtl8197F/etc.RTL8197F_RAMFS/group,32,board-config/rootfs,5148fde8988f4762c1a14039adf6ca7cfcf3b201c71cd48332da60ca69ff49a8
source_subset/rtl8197/boards/rtl8197F/etc.RTL8197F_RAMFS/host.conf,17,board-config/rootfs,313728062c7ae797e11187c7f1d66b559f0098115320166bca6100486c167824
source_subset/rtl8197/boards/rtl8197F/etc.RTL8197F_RAMFS/hosts,146,board-config/rootfs,f80e3d5c3a0e4517e650bccee94c8033131e263d8458b37a18dcee440cb3819b
source_subset/rtl8197/boards/rtl8197F/etc.RTL8197F_RAMFS/init.d/rcS,556,runtime-skript,72026f9dd218e1e469b4e80bb842f3697f913f650fe43ae78d7d736c95851f04
source_subset/rtl8197/boards/rtl8197F/etc.RTL8197F_RAMFS/inittab,308,board-config/rootfs,029314c08baad22a9a6d592670a68befbf0c920a4db80648486e723ebe5c9948
source_subset/rtl8197/boards/rtl8197F/etc.RTL8197F_RAMFS/mime.types,1552,board-config/rootfs,8d0a3ce3b74daccb330e158471cab898d40d4e40ed8a74ff9d710909a82cdf6e
source_subset/rtl8197/boards/rtl8197F/etc.RTL8197F_RAMFS/motd,334,board-config/rootfs,3b727708cd2efa362aa751c12c8d2e9e0e2050cb07b3d646dae2c6f4bcdd1cb3
source_subset/rtl8197/boards/rtl8197F/etc.RTL8197F_RAMFS/passwd,59,board-config/rootfs,4d6b899746dbeedb12a8f24fe71fe5d280272127ac830dc3c7755608c6704076
source_subset/rtl8197/boards/rtl8197F/etc.RTL8197F_RAMFS/resolv.conf,22,board-config/rootfs,bc90c8d01ca4fdd435dc0fc0cc1d50eb93a2a727e0554bae8bed0807469819f9
source_subset/rtl8197/boards/rtl8197F/etc.RTL8197F_RAMFS/services,8205,board-config/rootfs,6ae28a7390a44890f3709f772dd5a2d8246880b40a734f1317cb117eea6de748
source_subset/rtl8197/boards/rtl8197F/etc.RTL8197F_RAMFS/smb.conf,9770,board-config/rootfs,e2228076ff7e562fe6b0ba496e4e5291efef49e0f97a7b801d5882429ae8441b
source_subset/rtl8197/boards/rtl8197F/etc.RTL8197F_VG_8367R_MP/TZ,9,board-config/rootfs,4923762c725a5e9cde7b5067ec7b1436cd293feefb4de92bd2efb5a470eb5c97
source_subset/rtl8197/boards/rtl8197F/etc.RTL8197F_VG_8367R_MP/group,32,board-config/rootfs,5148fde8988f4762c1a14039adf6ca7cfcf3b201c71cd48332da60ca69ff49a8
source_subset/rtl8197/boards/rtl8197F/etc.RTL8197F_VG_8367R_MP/host.conf,17,board-config/rootfs,313728062c7ae797e11187c7f1d66b559f0098115320166bca6100486c167824
source_subset/rtl8197/boards/rtl8197F/etc.RTL8197F_VG_8367R_MP/hosts,146,board-config/rootfs,f80e3d5c3a0e4517e650bccee94c8033131e263d8458b37a18dcee440cb3819b
source_subset/rtl8197/boards/rtl8197F/etc.RTL8197F_VG_8367R_MP/init.d/rcS,399,runtime-skript,798568e8a9e473ced90223640e33c222082d1f8f9967c44f39764d56e9a8658c
source_subset/rtl8197/boards/rtl8197F/etc.RTL8197F_VG_8367R_MP/inittab,308,board-config/rootfs,029314c08baad22a9a6d592670a68befbf0c920a4db80648486e723ebe5c9948
source_subset/rtl8197/boards/rtl8197F/etc.RTL8197F_VG_8367R_MP/mime.types,1552,board-config/rootfs,8d0a3ce3b74daccb330e158471cab898d40d4e40ed8a74ff9d710909a82cdf6e
source_subset/rtl8197/boards/rtl8197F/etc.RTL8197F_VG_8367R_MP/motd,334,board-config/rootfs,3b727708cd2efa362aa751c12c8d2e9e0e2050cb07b3d646dae2c6f4bcdd1cb3
source_subset/rtl8197/boards/rtl8197F/etc.RTL8197F_VG_8367R_MP/passwd,59,board-config/rootfs,4d6b899746dbeedb12a8f24fe71fe5d280272127ac830dc3c7755608c6704076
source_subset/rtl8197/boards/rtl8197F/etc.RTL8197F_VG_8367R_MP/resolv.conf,22,board-config/rootfs,bc90c8d01ca4fdd435dc0fc0cc1d50eb93a2a727e0554bae8bed0807469819f9
source_subset/rtl8197/boards/rtl8197F/etc.RTL8197F_VG_8367R_MP/services,8205,board-config/rootfs,6ae28a7390a44890f3709f772dd5a2d8246880b40a734f1317cb117eea6de748
source_subset/rtl8197/boards/rtl8197F/etc.RTL8197F_VG_8367R_MP/smb.conf,9770,board-config/rootfs,e2228076ff7e562fe6b0ba496e4e5291efef49e0f97a7b801d5882429ae8441b
source_subset/rtl8197/boards/rtl8197F/etc.RTL8197F_VG_8812F_8367R_MP/TZ,9,board-config/rootfs,4923762c725a5e9cde7b5067ec7b1436cd293feefb4de92bd2efb5a470eb5c97
source_subset/rtl8197/boards/rtl8197F/etc.RTL8197F_VG_8812F_8367R_MP/group,32,board-config/rootfs,5148fde8988f4762c1a14039adf6ca7cfcf3b201c71cd48332da60ca69ff49a8
source_subset/rtl8197/boards/rtl8197F/etc.RTL8197F_VG_8812F_8367R_MP/host.conf,17,board-config/rootfs,313728062c7ae797e11187c7f1d66b559f0098115320166bca6100486c167824
source_subset/rtl8197/boards/rtl8197F/etc.RTL8197F_VG_8812F_8367R_MP/hosts,146,board-config/rootfs,f80e3d5c3a0e4517e650bccee94c8033131e263d8458b37a18dcee440cb3819b
source_subset/rtl8197/boards/rtl8197F/etc.RTL8197F_VG_8812F_8367R_MP/init.d/rcS,291,runtime-skript,4ba8dbfde1e6858373479b9b21d189f916a660fbc2098b9b7185bc5df0b76dd8
source_subset/rtl8197/boards/rtl8197F/etc.RTL8197F_VG_8812F_8367R_MP/inittab,308,board-config/rootfs,029314c08baad22a9a6d592670a68befbf0c920a4db80648486e723ebe5c9948
source_subset/rtl8197/boards/rtl8197F/etc.RTL8197F_VG_8812F_8367R_MP/mime.types,1552,board-config/rootfs,8d0a3ce3b74daccb330e158471cab898d40d4e40ed8a74ff9d710909a82cdf6e
source_subset/rtl8197/boards/rtl8197F/etc.RTL8197F_VG_8812F_8367R_MP/motd,334,board-config/rootfs,3b727708cd2efa362aa751c12c8d2e9e0e2050cb07b3d646dae2c6f4bcdd1cb3
source_subset/rtl8197/boards/rtl8197F/etc.RTL8197F_VG_8812F_8367R_MP/passwd,59,board-config/rootfs,4d6b899746dbeedb12a8f24fe71fe5d280272127ac830dc3c7755608c6704076
source_subset/rtl8197/boards/rtl8197F/etc.RTL8197F_VG_8812F_8367R_MP/resolv.conf,22,board-config/rootfs,bc90c8d01ca4fdd435dc0fc0cc1d50eb93a2a727e0554bae8bed0807469819f9
source_subset/rtl8197/boards/rtl8197F/etc.RTL8197F_VG_8812F_8367R_MP/services,8205,board-config/rootfs,6ae28a7390a44890f3709f772dd5a2d8246880b40a734f1317cb117eea6de748
source_subset/rtl8197/boards/rtl8197F/etc.RTL8197F_VG_8812F_8367R_MP/smb.conf,9770,board-config/rootfs,e2228076ff7e562fe6b0ba496e4e5291efef49e0f97a7b801d5882429ae8441b
source_subset/rtl8197/boards/rtl8197F/etc.RTL8197F_VG_8812F_MP/TZ,9,board-config/rootfs,4923762c725a5e9cde7b5067ec7b1436cd293feefb4de92bd2efb5a470eb5c97
source_subset/rtl8197/boards/rtl8197F/etc.RTL8197F_VG_8812F_MP/group,32,board-config/rootfs,5148fde8988f4762c1a14039adf6ca7cfcf3b201c71cd48332da60ca69ff49a8
source_subset/rtl8197/boards/rtl8197F/etc.RTL8197F_VG_8812F_MP/host.conf,17,board-config/rootfs,313728062c7ae797e11187c7f1d66b559f0098115320166bca6100486c167824
source_subset/rtl8197/boards/rtl8197F/etc.RTL8197F_VG_8812F_MP/hosts,146,board-config/rootfs,f80e3d5c3a0e4517e650bccee94c8033131e263d8458b37a18dcee440cb3819b
source_subset/rtl8197/boards/rtl8197F/etc.RTL8197F_VG_8812F_MP/init.d/rcS,291,runtime-skript,4ba8dbfde1e6858373479b9b21d189f916a660fbc2098b9b7185bc5df0b76dd8
source_subset/rtl8197/boards/rtl8197F/etc.RTL8197F_VG_8812F_MP/inittab,308,board-config/rootfs,029314c08baad22a9a6d592670a68befbf0c920a4db80648486e723ebe5c9948
source_subset/rtl8197/boards/rtl8197F/etc.RTL8197F_VG_8812F_MP/mime.types,1552,board-config/rootfs,8d0a3ce3b74daccb330e158471cab898d40d4e40ed8a74ff9d710909a82cdf6e
source_subset/rtl8197/boards/rtl8197F/etc.RTL8197F_VG_8812F_MP/motd,334,board-config/rootfs,3b727708cd2efa362aa751c12c8d2e9e0e2050cb07b3d646dae2c6f4bcdd1cb3
source_subset/rtl8197/boards/rtl8197F/etc.RTL8197F_VG_8812F_MP/passwd,59,board-config/rootfs,4d6b899746dbeedb12a8f24fe71fe5d280272127ac830dc3c7755608c6704076
source_subset/rtl8197/boards/rtl8197F/etc.RTL8197F_VG_8812F_MP/resolv.conf,22,board-config/rootfs,bc90c8d01ca4fdd435dc0fc0cc1d50eb93a2a727e0554bae8bed0807469819f9
source_subset/rtl8197/boards/rtl8197F/etc.RTL8197F_VG_8812F_MP/services,8205,board-config/rootfs,6ae28a7390a44890f3709f772dd5a2d8246880b40a734f1317cb117eea6de748
source_subset/rtl8197/boards/rtl8197F/etc.RTL8197F_VG_8812F_MP/smb.conf,9770,board-config/rootfs,e2228076ff7e562fe6b0ba496e4e5291efef49e0f97a7b801d5882429ae8441b
source_subset/rtl8197/boards/rtl8197F/etc.RTL8197F_VG_8814B_8367R_MP/TZ,9,board-config/rootfs,4923762c725a5e9cde7b5067ec7b1436cd293feefb4de92bd2efb5a470eb5c97
source_subset/rtl8197/boards/rtl8197F/etc.RTL8197F_VG_8814B_8367R_MP/group,32,board-config/rootfs,5148fde8988f4762c1a14039adf6ca7cfcf3b201c71cd48332da60ca69ff49a8
source_subset/rtl8197/boards/rtl8197F/etc.RTL8197F_VG_8814B_8367R_MP/host.conf,17,board-config/rootfs,313728062c7ae797e11187c7f1d66b559f0098115320166bca6100486c167824
source_subset/rtl8197/boards/rtl8197F/etc.RTL8197F_VG_8814B_8367R_MP/hosts,146,board-config/rootfs,f80e3d5c3a0e4517e650bccee94c8033131e263d8458b37a18dcee440cb3819b
source_subset/rtl8197/boards/rtl8197F/etc.RTL8197F_VG_8814B_8367R_MP/init.d/rcS,291,runtime-skript,4ba8dbfde1e6858373479b9b21d189f916a660fbc2098b9b7185bc5df0b76dd8
source_subset/rtl8197/boards/rtl8197F/etc.RTL8197F_VG_8814B_8367R_MP/inittab,308,board-config/rootfs,029314c08baad22a9a6d592670a68befbf0c920a4db80648486e723ebe5c9948
source_subset/rtl8197/boards/rtl8197F/etc.RTL8197F_VG_8814B_8367R_MP/mime.types,1552,board-config/rootfs,8d0a3ce3b74daccb330e158471cab898d40d4e40ed8a74ff9d710909a82cdf6e
source_subset/rtl8197/boards/rtl8197F/etc.RTL8197F_VG_8814B_8367R_MP/motd,334,board-config/rootfs,3b727708cd2efa362aa751c12c8d2e9e0e2050cb07b3d646dae2c6f4bcdd1cb3
source_subset/rtl8197/boards/rtl8197F/etc.RTL8197F_VG_8814B_8367R_MP/passwd,59,board-config/rootfs,4d6b899746dbeedb12a8f24fe71fe5d280272127ac830dc3c7755608c6704076
source_subset/rtl8197/boards/rtl8197F/etc.RTL8197F_VG_8814B_8367R_MP/resolv.conf,22,board-config/rootfs,bc90c8d01ca4fdd435dc0fc0cc1d50eb93a2a727e0554bae8bed0807469819f9
source_subset/rtl8197/boards/rtl8197F/etc.RTL8197F_VG_8814B_8367R_MP/services,8205,board-config/rootfs,6ae28a7390a44890f3709f772dd5a2d8246880b40a734f1317cb117eea6de748
source_subset/rtl8197/boards/rtl8197F/etc.RTL8197F_VG_8814B_8367R_MP/smb.conf,9770,board-config/rootfs,e2228076ff7e562fe6b0ba496e4e5291efef49e0f97a7b801d5882429ae8441b
source_subset/rtl8197/boards/rtl8197F/etc.RTL8197F_VG_V632G-4_8814C_8367R_MP/TZ,9,board-config/rootfs,4923762c725a5e9cde7b5067ec7b1436cd293feefb4de92bd2efb5a470eb5c97
source_subset/rtl8197/boards/rtl8197F/etc.RTL8197F_VG_V632G-4_8814C_8367R_MP/group,32,board-config/rootfs,5148fde8988f4762c1a14039adf6ca7cfcf3b201c71cd48332da60ca69ff49a8
source_subset/rtl8197/boards/rtl8197F/etc.RTL8197F_VG_V632G-4_8814C_8367R_MP/host.conf,17,board-config/rootfs,313728062c7ae797e11187c7f1d66b559f0098115320166bca6100486c167824
source_subset/rtl8197/boards/rtl8197F/etc.RTL8197F_VG_V632G-4_8814C_8367R_MP/hosts,146,board-config/rootfs,f80e3d5c3a0e4517e650bccee94c8033131e263d8458b37a18dcee440cb3819b
source_subset/rtl8197/boards/rtl8197F/etc.RTL8197F_VG_V632G-4_8814C_8367R_MP/init.d/rcS,291,runtime-skript,4ba8dbfde1e6858373479b9b21d189f916a660fbc2098b9b7185bc5df0b76dd8
source_subset/rtl8197/boards/rtl8197F/etc.RTL8197F_VG_V632G-4_8814C_8367R_MP/inittab,308,board-config/rootfs,029314c08baad22a9a6d592670a68befbf0c920a4db80648486e723ebe5c9948
source_subset/rtl8197/boards/rtl8197F/etc.RTL8197F_VG_V632G-4_8814C_8367R_MP/mime.types,1552,board-config/rootfs,8d0a3ce3b74daccb330e158471cab898d40d4e40ed8a74ff9d710909a82cdf6e
source_subset/rtl8197/boards/rtl8197F/etc.RTL8197F_VG_V632G-4_8814C_8367R_MP/motd,334,board-config/rootfs,3b727708cd2efa362aa751c12c8d2e9e0e2050cb07b3d646dae2c6f4bcdd1cb3
source_subset/rtl8197/boards/rtl8197F/etc.RTL8197F_VG_V632G-4_8814C_8367R_MP/passwd,59,board-config/rootfs,4d6b899746dbeedb12a8f24fe71fe5d280272127ac830dc3c7755608c6704076
source_subset/rtl8197/boards/rtl8197F/etc.RTL8197F_VG_V632G-4_8814C_8367R_MP/resolv.conf,22,board-config/rootfs,bc90c8d01ca4fdd435dc0fc0cc1d50eb93a2a727e0554bae8bed0807469819f9
source_subset/rtl8197/boards/rtl8197F/etc.RTL8197F_VG_V632G-4_8814C_8367R_MP/services,8205,board-config/rootfs,6ae28a7390a44890f3709f772dd5a2d8246880b40a734f1317cb117eea6de748
source_subset/rtl8197/boards/rtl8197F/etc.RTL8197F_VG_V632G-4_8814C_8367R_MP/smb.conf,9770,board-config/rootfs,e2228076ff7e562fe6b0ba496e4e5291efef49e0f97a7b801d5882429ae8441b
source_subset/rtl8197/boards/rtl8197F/etc.default/TZ,9,board-config/rootfs,4923762c725a5e9cde7b5067ec7b1436cd293feefb4de92bd2efb5a470eb5c97
source_subset/rtl8197/boards/rtl8197F/etc.default/group,32,board-config/rootfs,5148fde8988f4762c1a14039adf6ca7cfcf3b201c71cd48332da60ca69ff49a8
source_subset/rtl8197/boards/rtl8197F/etc.default/host.conf,17,board-config/rootfs,313728062c7ae797e11187c7f1d66b559f0098115320166bca6100486c167824
source_subset/rtl8197/boards/rtl8197F/etc.default/hosts,146,board-config/rootfs,f80e3d5c3a0e4517e650bccee94c8033131e263d8458b37a18dcee440cb3819b
source_subset/rtl8197/boards/rtl8197F/etc.default/init.d/rcS_AP,1407,runtime-skript,d0b7549d9eea0c9a02c44007ed6c433cf17cd9c2d06ae523703b8de1ae7182e0
source_subset/rtl8197/boards/rtl8197F/etc.default/init.d/rcS_GW,3630,runtime-skript,cef28deda947d2c012c640175e29d6deae3ecca8446e238b045a8053f7194016
source_subset/rtl8197/boards/rtl8197F/etc.default/inittab,308,board-config/rootfs,029314c08baad22a9a6d592670a68befbf0c920a4db80648486e723ebe5c9948
source_subset/rtl8197/boards/rtl8197F/etc.default/iproute2/rt_tables,114,board-config/rootfs,140279ef964cfad53dda8514620b566d50f223643bae3bfb80ec6d128dee976f
source_subset/rtl8197/boards/rtl8197F/etc.default/mime.types,1552,board-config/rootfs,8d0a3ce3b74daccb330e158471cab898d40d4e40ed8a74ff9d710909a82cdf6e
source_subset/rtl8197/boards/rtl8197F/etc.default/minidlna.conf,2513,board-config/rootfs,f9af70366cae26add0c4587e607731e1f82b061b65494371aed571d2cf5b43ab
source_subset/rtl8197/boards/rtl8197F/etc.default/motd,334,board-config/rootfs,3b727708cd2efa362aa751c12c8d2e9e0e2050cb07b3d646dae2c6f4bcdd1cb3
source_subset/rtl8197/boards/rtl8197F/etc.default/passwd,57,board-config/rootfs,808edc685e7acd587536825800b6136fd069d8a422ede561d71328447b5f0f96
source_subset/rtl8197/boards/rtl8197F/etc.default/resolv.conf,22,board-config/rootfs,bc90c8d01ca4fdd435dc0fc0cc1d50eb93a2a727e0554bae8bed0807469819f9
source_subset/rtl8197/boards/rtl8197F/etc.default/samba/smb.conf,10136,board-config/rootfs,0f14f29296ff2c41ca059dec63962cbbb297b7da25ba6eebb2e5583454534f27
source_subset/rtl8197/boards/rtl8197F/etc.default/samba/smbpasswd,104,board-config/rootfs,2187a31165dc5cb2190130abdc04d6c5fef3d78ffc609b390b74a444f8e76c94
source_subset/rtl8197/boards/rtl8197F/etc.default/services,8251,board-config/rootfs,a8e6cd6e14b748740506ed541c7e6bdd2dc02b3a7d88d91e176787335b83ca0a
source_subset/rtl8197/boards/rtl8197F/etc.default/shadow.sample,87,board-config/rootfs,106bf188d92eae79b255c106cb9f05777b5ba225ddef95132fb1da552b81caac
source_subset/rtl8197/boards/rtl8197F/etc.default/ushare.conf,1359,board-config/rootfs,8e1b479172c4f1c7478a6658bae1a1049b607e7aacd24f2c40ff415b6e3da057
source_subset/rtl8197/boards/rtl8197F/etc.default/vsftpd.conf,4505,board-config/rootfs,c86e2c41c3c17be5510db27e4998fbf372751727c340dce68362012d47744e92
source_subset/rtl8197/boards/rtl8197F/home/.gitkeep,0,board-datei,e3b0c44298fc1c149afbf4c8996fb92427ae41e4649b934ca495991b7852b855
source_subset/rtl8197/boards/rtl8197F/preconfig_RTL8197F_VG_8832BR_8367R_Kernel4.4_GW,4886,board-config/rootfs,f3107f0e6a85eca07012716789846b33b29327918c2734c31cf426e6afb8049c
source_subset/rtl8197/boards/rtl8197F/preconfig_SPINAND_RTL8197F_VG_8832BR_8367R_Kernel4.4_DUALSTACK_GW,3042,board-config/rootfs,c47dea0e6adcb3bc4084e47b4c03de4494fd76ec3ca6da0fc8f1cf35ca0ceafc
source_subset/rtl8197/boards/rtl8197F/preconfig_SPINAND_RTL8197F_VG_8832BR_8367R_Kernel4.4_GW,4902,board-config/rootfs,3f35d1190b598a147bcb21ccf3c8c30f41f8cef7a68c09b45222ede94e53ab52
source_subset/rtl8197/boards/rtl8197F/preconfig_SPINAND_RTL8197F_VG_8832BR_8367R_Kernel4.4_GW_EASYMESH,5074,board-config/rootfs,53e9e9624cb368e4c92d12bdea0f86379e04658c5d91291a3ef5a807ae2a3242
source_subset/rtl8197/boards/rtl8197F/romfs.txt,2908,board-datei,cf272f9c37137f19af0781ec365bb2d2408e8fb5b2ba1f8bd56747c9f1de293a
source_subset/rtl8197/boards/rtl8197F/squashfs-pf-list.txt,13588,board-datei,6f121aa5645d91396c536b67be37ad4f8c83a769cf1210cac8fe15ce780e6676
source_subset/rtl8197/boards/rtl8197F/tmpfs/include/appconfig.h,27933,board-config/rootfs,f45adf35b9ebccc60ab814674b4c4550a0740031a8ae0985ea7c97b9def05bff
source_subset/rtl8197/boards/rtl8197F/tools/libstrip,7036,board-datei,e2da34f6a0bead57fa90d58acc863d6e57eb1035433b97a5cf78116eb2d42e1a
source_subset/rtl8197/boards/rtl8197F/tools/list_dynamic_symbol,424046,board-datei,0bb3747a490e24147f1496134ed68d4640b801dd79583442a9bd028807eac63c
source_subset/rtl8197/boards/rtl8197F/tools/mkimg,36677,board-datei,07a517e58d03b92df3fab9eca70ed069e272cbeee8b7987755e39a2a60d14db3
source_subset/rtl8197/boards/rtl8197F/tools/mkimg_mp,304,board-datei,cd01ca2343920830a7a06d75087a6ec2d7c8bf4e83af019b161c7c562b4d4367
source_subset/rtl8197/boards/rtl8197F/tools/mkromfs,594,board-datei,2bb2c93077be0243a79cdddb8ddc5797d9c69dc5158a91702874ee6260b45e43
source_subset/rtl8197/boards/rtl8197F/tools/mkttlimg,2037,board-datei,b9e7051d6308323220a0a335d88790926c5bf911845863df09cbc426fc3b4a0e
source_subset/rtl8197/bootcode/Makefile,5243,bootloader,62e9639ee4b7d4686535a6bec51ff4fc503a504ad54d16c83a5bb9070bbee414
source_subset/rtl8197/bootcode/boot/Makefile,20335,bootloader,a55038a41abc60b3b8d87c910047547ffd2baf76650c0658350ccbed6303c003
source_subset/rtl8197/bootcode/boot/monitor/monitor.c,101538,bootloader,b323de935c19c0f9f457fabc33177dc7cf9e5d7b49128d4c3b19adae987f13db
source_subset/rtl8197/bootcode/boot/rtl8196x/swCore.c,59746,bootloader-switch-init,ce0d0c4d7750402aacd374176bcf4eef3c6cc3f0c47571cd4504cb613ff0c6cc
source_subset/rtl8197/bootcode/boot/rtl8367r/gpio.c,12214,bootloader-switch-init,bc50bad23ef14b00b7dd7cfc956fd75f22bbbe7c92f4fa6fe9e7c24041fc126b
source_subset/rtl8197/bootcode/boot/rtl8367r/gpio.h,2260,bootloader-switch-init,1238de361cd0bda99ae22dbdfe43be52d0f4ecbd97b8a002246f07b531538573
source_subset/rtl8197/bootcode/boot/rtl8367r/gpio_8198.h,2024,bootloader-switch-init,de806a1073daa5e84f22bbb798f16862a02d8d6efd555befd36dbb9a91dd02b9
source_subset/rtl8197/bootcode/boot/rtl8367r/rtk_api.c,202210,bootloader-switch-init,b58f489b15af35fd3037736c50ca334f886450307c072986d167a6163eb304ef
source_subset/rtl8197/bootcode/boot/rtl8367r/rtk_api.h,42986,bootloader-switch-init,cab6d2fca1803e7a16ff6af8033dbbb954605fbbd06fbbbdcebbff9e5db8c09f
source_subset/rtl8197/bootcode/boot/rtl8367r/rtk_api_ext.h,232734,bootloader-switch-init,7b3051d0ac32e0d624b1467c7484cafc1608c98ed8af10b79e1f0004c8f6411e
source_subset/rtl8197/bootcode/boot/rtl8367r/rtk_error.h,22967,bootloader-switch-init,39071a7e36f9075a465ea7aad98756289175dadba4a074e8b3ad00369ce13ba6
source_subset/rtl8197/bootcode/boot/rtl8367r/rtk_types.h,1631,bootloader-switch-init,bef3a5adf7fee9c7205bcebf53d49ad8dadf1430a67d54665dec2e3fa7c3a446
source_subset/rtl8197/bootcode/boot/rtl8367r/rtl8367b_asicdrv.c,14337,bootloader-switch-init,98ebc43e90fbdd30d2b557758318c3407b918e8c7d5fc8b259190d673e05641e
source_subset/rtl8197/bootcode/boot/rtl8367r/rtl8367b_asicdrv.h,3757,bootloader-switch-init,564fb2597870fa0ecacc12f44f9f54076ac101fac72e4b1b72ddbe6a867ad59f
source_subset/rtl8197/bootcode/boot/rtl8367r/rtl8367b_asicdrv_acl.h,6356,bootloader-switch-init,7a28f6aa13f85ed0bbf8303f266e14f225db92e61ffa959ec1bd904683da321a
source_subset/rtl8197/bootcode/boot/rtl8367r/rtl8367b_asicdrv_cputag.c,3080,bootloader-switch-init,f9dda82a3142ae3fa03ba401ed8dfa4452e5a863e075383c1379f5c681389386
source_subset/rtl8197/bootcode/boot/rtl8367r/rtl8367b_asicdrv_cputag.h,1373,bootloader-switch-init,c2c7c55d677c47579cec47cee266a5853179baef868059f083f6ddf8b082f52b
source_subset/rtl8197/bootcode/boot/rtl8367r/rtl8367b_asicdrv_dot1x.h,1580,bootloader-switch-init,5e72c66bc37af7ba3aad77ebee8dc4fb9ff4526fe12ce947c0c1d1d3aab1d3ba
source_subset/rtl8197/bootcode/boot/rtl8367r/rtl8367b_asicdrv_eav.h,1768,bootloader-switch-init,21d163db10b0737fb5e63a4996bbe9a8a8f2895589d81583637cb1e366b1fb26
source_subset/rtl8197/bootcode/boot/rtl8367r/rtl8367b_asicdrv_eee.h,446,bootloader-switch-init,3d49fb52ec5856a38375ede1f449f7557acf2433308f9025052dd7af6e9ce7a3
source_subset/rtl8197/bootcode/boot/rtl8367r/rtl8367b_asicdrv_fc.h,5442,bootloader-switch-init,f97fbbbd44ef97429269442a4fae0e36521dd677bdc2354ea271db810d098c51
source_subset/rtl8197/bootcode/boot/rtl8367r/rtl8367b_asicdrv_green.h,1067,bootloader-switch-init,50a6bd2e3fc686770b486deb894565771d751b946b27f5df6549a0ca8beb302b
source_subset/rtl8197/bootcode/boot/rtl8367r/rtl8367b_asicdrv_hsb.h,707,bootloader-switch-init,d3a845919e1df5416186c0245b6ec3f35f6a57d4ea776b45331dba544c67fadb
source_subset/rtl8197/bootcode/boot/rtl8367r/rtl8367b_asicdrv_igmp.h,6446,bootloader-switch-init,99d17fdedc9d8d0e0af08324b0aa6d36540a0dccbb28737d836c4c206b1cc446
source_subset/rtl8197/bootcode/boot/rtl8367r/rtl8367b_asicdrv_inbwctrl.h,575,bootloader-switch-init,33a4de6a9663eef7eaa0d3430f1e8d287351ffbf44f2b9e3fe9f29904c68c805
source_subset/rtl8197/bootcode/boot/rtl8367r/rtl8367b_asicdrv_interrupt.h,1333,bootloader-switch-init,79f88ef390094f5e5e96522d7bc7ba221d5948abb4ffbf37a2039f864e5adaf0
source_subset/rtl8197/bootcode/boot/rtl8367r/rtl8367b_asicdrv_led.h,3131,bootloader-switch-init,821fa36abfb0bc476f2738d808844ca49d66bbdf92da2ce9fb87d41d515fe50f
source_subset/rtl8197/bootcode/boot/rtl8367r/rtl8367b_asicdrv_lut.h,6896,bootloader-switch-init,0f623a5bbad94fa6644b8dce3ad0f5682ccf609de38b161e24a0d82af215da0e
source_subset/rtl8197/bootcode/boot/rtl8367r/rtl8367b_asicdrv_meter.h,669,bootloader-switch-init,f17264d1ebd46ac61157b2ac1766f05d2afb4c59149fa897b3b123294b7c3569
source_subset/rtl8197/bootcode/boot/rtl8367r/rtl8367b_asicdrv_mib.h,3113,bootloader-switch-init,09f452e32a3b50de96234cf6ed74c8bf9908a8f3cc2c089e063f05572a63fd34
source_subset/rtl8197/bootcode/boot/rtl8367r/rtl8367b_asicdrv_mirror.h,1035,bootloader-switch-init,7283c5e1acdbeb7c684d4896abac8120e04556708f64361bd0f32600a46ffaf1
source_subset/rtl8197/bootcode/boot/rtl8367r/rtl8367b_asicdrv_misc.h,823,bootloader-switch-init,24eb2c49573072f43e3329ed544d8f61d711236d32e299ed8ce4a0f12f278c9b
source_subset/rtl8197/bootcode/boot/rtl8367r/rtl8367b_asicdrv_phy.c,14198,bootloader-switch-init,f652cd0f676b27ba5e6267407ca3e85304a99135696bffbe2fea4dd977996ee4
source_subset/rtl8197/bootcode/boot/rtl8367r/rtl8367b_asicdrv_phy.h,1142,bootloader-switch-init,0356bed1c1056e97fb35a26885849857a375bf7a05119ed31731038033993058
source_subset/rtl8197/bootcode/boot/rtl8367r/rtl8367b_asicdrv_port.c,4562,bootloader-switch-init,c2e7cf90677dded92a238657d8bf5632292f7845f4641716bea2a43d647e933f
source_subset/rtl8197/bootcode/boot/rtl8367r/rtl8367b_asicdrv_port.h,6696,bootloader-switch-init,31269e319e09813314e74c94aa40dc9f1dbc2bc56e7dab248af24b444a5113cb
source_subset/rtl8197/bootcode/boot/rtl8367r/rtl8367b_asicdrv_portIsolation.h,543,bootloader-switch-init,a8cf2ac60b52b0d3680e72ea9a276646a5c306d3632ca4321d011979cc26627b
source_subset/rtl8197/bootcode/boot/rtl8367r/rtl8367b_asicdrv_qos.h,2222,bootloader-switch-init,4f6c431d79897ce36c7c2b163a340c6ed9eaaade71cb41729f7d4fd599a900a7
source_subset/rtl8197/bootcode/boot/rtl8367r/rtl8367b_asicdrv_rma.h,993,bootloader-switch-init,064e886d87891d5b2e4b62f2184f4f235700212ddcf3f46525e940b84e405803
source_subset/rtl8197/bootcode/boot/rtl8367r/rtl8367b_asicdrv_scheduling.h,2201,bootloader-switch-init,5e71f455d2b56ec3ffdaf98c509544680f2461b82069b81dbd7fbe5ff694a673
source_subset/rtl8197/bootcode/boot/rtl8367r/rtl8367b_asicdrv_storm.h,1687,bootloader-switch-init,8a49949515a0adedf1bace4b4de723196898fc5e1600f58757e15706d1cccc4c
source_subset/rtl8197/bootcode/boot/rtl8367r/rtl8367b_asicdrv_svlan.h,6079,bootloader-switch-init,d74184a69382d05725adbefa4de30f3435c0623731b58fde87c8ff46855e9146
source_subset/rtl8197/bootcode/boot/rtl8367r/rtl8367b_asicdrv_trunking.h,1262,bootloader-switch-init,0c5c0ef971062e80bad6fac1c70959fb72601388eab5d76740d51ab2c00f31d7
source_subset/rtl8197/bootcode/boot/rtl8367r/rtl8367b_asicdrv_unknownMulticast.h,1424,bootloader-switch-init,fc348749f76695cd0027c3eb4d95996c0e1faffdd69781bb647bf0b2d314a10b
source_subset/rtl8197/bootcode/boot/rtl8367r/rtl8367b_asicdrv_vlan.h,6431,bootloader-switch-init,048674752c6c92fe9b33a10f84bcd2638664a0fbe758dbf82ecad312d7279e84
source_subset/rtl8197/bootcode/boot/rtl8367r/rtl8367b_base.h,31358,bootloader-switch-init,1d56972f26cdb972dff47ab62aeef1dda25801c818cbc4938e16ec637c8c00fc
source_subset/rtl8197/bootcode/boot/rtl8367r/rtl8367b_reg.h,794839,bootloader-switch-init,7942a65f5ff25ee68d766412740370ce77cfcc6fccd134825afc08608b0633e8
source_subset/rtl8197/bootcode/boot/rtl8367r/smi.c,12899,bootloader-switch-init,a40488ad79151275e1377655a48e5f9a5c04150a60a3e2c711805a5376abcce1
source_subset/rtl8197/bootcode/boot/rtl8367r/smi.h,359,bootloader-switch-init,8e850b3c37173bf718718b61f082a31106c60ba2d5de53e5fa790d3c5271f607
source_subset/rtl8197/bootcode/boot/rtl83xx/cpu.c,14409,bootloader-switch-init,abd094ad6a78683e20282db6f6684b6649792990721e3d4d5c4d408acfc9aee6
source_subset/rtl8197/bootcode/boot/rtl83xx/cpu.h,9560,bootloader-switch-init,ffa76a6559c0f94b4eb87046b1ddd368e3287e5d3de1f2d21cbe06730c2f38fc
source_subset/rtl8197/bootcode/boot/rtl83xx/gpio.c,12163,bootloader-switch-init,69fab14e06fd1ad10795ca8b43fe8d92220b3699d4189504070dfa0272a6d0a1
source_subset/rtl8197/bootcode/boot/rtl83xx/gpio.h,2260,bootloader-switch-init,1238de361cd0bda99ae22dbdfe43be52d0f4ecbd97b8a002246f07b531538573
source_subset/rtl8197/bootcode/boot/rtl83xx/gpio_8198.h,2024,bootloader-switch-init,de806a1073daa5e84f22bbb798f16862a02d8d6efd555befd36dbb9a91dd02b9
source_subset/rtl8197/bootcode/boot/rtl83xx/led.c,21826,bootloader-switch-init,528330ab98674fb9e0906977e1c1c758f3065d86f592fc475f3a85a245dc59e1
source_subset/rtl8197/bootcode/boot/rtl83xx/led.h,14225,bootloader-switch-init,d0d1b8069a9a9665229af66ce22144ed467b619779bbcd84509646ceef59c041
source_subset/rtl8197/bootcode/boot/rtl83xx/port.c,90697,bootloader-switch-init,34652ab44f58dd0393d7a169689c2840777d1c7d1bc4e1701d98d3bc0fd54d04
source_subset/rtl8197/bootcode/boot/rtl83xx/port.h,31480,bootloader-switch-init,bf43cea518799fd1b46df881d52e91c6c594b4f547485385e8e8bb29300f386b
source_subset/rtl8197/bootcode/boot/rtl83xx/qos.h,26700,bootloader-switch-init,f8dd2d8f3ae526e65be4cdb34bec389ed01c3e1a75365f1f43912ee5bd05562e
source_subset/rtl8197/bootcode/boot/rtl83xx/rate.c,18672,bootloader-switch-init,9b7878df3a6bac7a236d0217750e168e386af28e06fcefd7602f5952f4b9f9e0
source_subset/rtl8197/bootcode/boot/rtl83xx/rate.h,10896,bootloader-switch-init,31f1bc1824ede6fad23c62e80139abb1ef6980c790adf98d970e7b2f58236085
source_subset/rtl8197/bootcode/boot/rtl83xx/rtk_api.c,12297,bootloader-switch-init,aeb5575f6a2ca3a558ab531dc3167cc02dfaa0d19ac21ae10a7f03da3830e920
source_subset/rtl8197/bootcode/boot/rtl83xx/rtk_api.h,679,bootloader-switch-init,6952320a0dd07cb4410c643f0f13627b95a2e65977e58e2fbe2f16a897f95bcd
source_subset/rtl8197/bootcode/boot/rtl83xx/rtk_error.h,23028,bootloader-switch-init,fc8a602009f1ed7197a2c60abef52722c876bf1ff2b7320e5e2d7a219de688b8
source_subset/rtl8197/bootcode/boot/rtl83xx/rtk_switch.c,51081,bootloader-switch-init,e5ba6cdcca1bce3aa0324eba6348b450dc18d4708d285a042020ca092af97d67
source_subset/rtl8197/bootcode/boot/rtl83xx/rtk_switch.h,22435,bootloader-switch-init,37f82ad0aca7452ecee294ed0fb4e53e80b328819dd971b6fe89b24827ddd31e
source_subset/rtl8197/bootcode/boot/rtl83xx/rtk_types.h,3000,bootloader-switch-init,4de462b4ee147918e82e60dfba34ee506e2d617f0e4a6d875eb30c741ed7d57f
source_subset/rtl8197/bootcode/boot/rtl83xx/rtl8367c_asicdrv.c,14203,bootloader-switch-init,e64b626e992d0fb558e30e54e2475f472bdf16575af488a8c0bc44ec2e32d017
source_subset/rtl8197/bootcode/boot/rtl83xx/rtl8367c_asicdrv.h,3537,bootloader-switch-init,a5b8e3014827983f6129c49195daa08c9b502e24ac4354f1556d2c8ed6a17379
source_subset/rtl8197/bootcode/boot/rtl83xx/rtl8367c_asicdrv_cputag.c,10179,bootloader-switch-init,0734863900f38857b17fbfc37e08e4323c1d750eed68a043f03bb5645f2cf881
source_subset/rtl8197/bootcode/boot/rtl83xx/rtl8367c_asicdrv_cputag.h,1373,bootloader-switch-init,1a19d3752a7f40532ecc1584bbc665ac348539ab97bd6083fc98d2a25bd4a317
source_subset/rtl8197/bootcode/boot/rtl83xx/rtl8367c_asicdrv_green.c,13175,bootloader-switch-init,3586e8be2021669dfde02331de21b8c4fbd479b5c367306dcaea90a98405e4ba
source_subset/rtl8197/bootcode/boot/rtl83xx/rtl8367c_asicdrv_green.h,987,bootloader-switch-init,61076fecbd89237fa5280a5946c83ae12ffb0b9a76dec6da05c15674556daef1
source_subset/rtl8197/bootcode/boot/rtl83xx/rtl8367c_asicdrv_inbwctrl.c,5218,bootloader-switch-init,5b762b913956699244b049d95ccb345b6a5cc75455b01b986a1fe6b9e427a0b2
source_subset/rtl8197/bootcode/boot/rtl83xx/rtl8367c_asicdrv_inbwctrl.h,575,bootloader-switch-init,43637a4da415d2167c012631ce8cc9e13ba38a6455a220fb65101cb06cad90ce
source_subset/rtl8197/bootcode/boot/rtl83xx/rtl8367c_asicdrv_led.c,22791,bootloader-switch-init,eae392a7f860cb63d2dd6bc8ba65cefd0c1a4fdc0643ad0e9a215640524017d2
source_subset/rtl8197/bootcode/boot/rtl83xx/rtl8367c_asicdrv_led.h,3440,bootloader-switch-init,14df792d78481315f133557e6f6a3e0d074002f755999f89270fd0a3dd88a5b1
source_subset/rtl8197/bootcode/boot/rtl83xx/rtl8367c_asicdrv_lut.c,44701,bootloader-switch-init,b3646d1b59b6f1329857e2194bd3e85d1795209d329c2aead4cc7a51e772ec4b
source_subset/rtl8197/bootcode/boot/rtl83xx/rtl8367c_asicdrv_lut.h,4985,bootloader-switch-init,5ad4f17c86d1cb8394907edd1e8ab18e63c7c332b3783b5ddd7035445df7243b
source_subset/rtl8197/bootcode/boot/rtl83xx/rtl8367c_asicdrv_meter.c,9023,bootloader-switch-init,145b53864d76f7c14bd9c6406a31ce38388c107953296fb6f790214b1c45d58b
source_subset/rtl8197/bootcode/boot/rtl83xx/rtl8367c_asicdrv_meter.h,831,bootloader-switch-init,4d9188cc422bc4660855d06e4facc2c48851ad8f93a4c67fef661035e7cf9f78
source_subset/rtl8197/bootcode/boot/rtl83xx/rtl8367c_asicdrv_mirror.c,13264,bootloader-switch-init,d5839f13063d62e7e09f7a317d8a843c49bc3893d8e0e722c96a3b345896a292
source_subset/rtl8197/bootcode/boot/rtl83xx/rtl8367c_asicdrv_mirror.h,2005,bootloader-switch-init,aac2cf2a8befd4c48110d749a5801b74c0abb6d0f991d90e194a2b8b1a738af1
source_subset/rtl8197/bootcode/boot/rtl83xx/rtl8367c_asicdrv_misc.c,6462,bootloader-switch-init,e8a804630cfded5f1a787ac1cadd7efaf85dcb1161ccbbbcce27159b33118233
source_subset/rtl8197/bootcode/boot/rtl83xx/rtl8367c_asicdrv_misc.h,813,bootloader-switch-init,ae3083080e940660fb09877eef99d04cf2add6643b259240571df82d1a560181
source_subset/rtl8197/bootcode/boot/rtl83xx/rtl8367c_asicdrv_phy.c,11109,bootloader-switch-init,eb6a46a450623a200c7e2fa28f683e19149153251fe1a7d3f4478178f492e101
source_subset/rtl8197/bootcode/boot/rtl83xx/rtl8367c_asicdrv_phy.h,1063,bootloader-switch-init,23d16aa27dae8d288cfe495e353237aaf6e27613c2448d38f79d6cee7bd3e02e
source_subset/rtl8197/bootcode/boot/rtl83xx/rtl8367c_asicdrv_port.c,144920,bootloader-switch-init,85a090707e57d43c969a33f046aa7e3c5bcd9a6689fef71b2e16762fb44c048a
source_subset/rtl8197/bootcode/boot/rtl83xx/rtl8367c_asicdrv_port.h,6710,bootloader-switch-init,f2bd33726f5140ac926123ef477fa53e9cc1d8750527e02629c57614d029066f
source_subset/rtl8197/bootcode/boot/rtl83xx/rtl8367c_asicdrv_portIsolation.c,3515,bootloader-switch-init,78454ee31da7b34c188f4074ada6c08794441cc5c1f524f3667604de505c4a64
source_subset/rtl8197/bootcode/boot/rtl83xx/rtl8367c_asicdrv_portIsolation.h,543,bootloader-switch-init,5a6f3855bf6cdd6aa9b6063f9f4f43b227367eeaa31344bc13946bd38de992b8
source_subset/rtl8197/bootcode/boot/rtl83xx/rtl8367c_asicdrv_rma.c,11341,bootloader-switch-init,b56465ec862a889b1f65425f3a156334de30002466e5583dcabf5f8a4d9c041e
source_subset/rtl8197/bootcode/boot/rtl83xx/rtl8367c_asicdrv_rma.h,1133,bootloader-switch-init,421e0dca76ab64fa4592dba8d43f42830acaff428e3fdf9c6f8c420b1abcc6ec
source_subset/rtl8197/bootcode/boot/rtl83xx/rtl8367c_asicdrv_scheduling.c,14049,bootloader-switch-init,f9f3b23dbc37a697bcf2d06ef5decdce2472588dad11f7da4c34f1a3cadc5ea9
source_subset/rtl8197/bootcode/boot/rtl83xx/rtl8367c_asicdrv_scheduling.h,2201,bootloader-switch-init,bf54cdfe8e8ffbb8841b4009585339e22333215a494853391a9704578a2ffe52
source_subset/rtl8197/bootcode/boot/rtl83xx/rtl8367c_asicdrv_unknownMulticast.h,1424,bootloader-switch-init,680d6638ed09d77e51ddb62fae249668f8a1d53d89fe130f42b59d8c3376a004
source_subset/rtl8197/bootcode/boot/rtl83xx/rtl8367c_base.h,39628,bootloader-switch-init,a3dc350511b6b8bc7128d70f5503322e68633cf870dbe2090e6d484ec5f62b9e
source_subset/rtl8197/bootcode/boot/rtl83xx/rtl8367c_reg.h,1089392,bootloader-switch-init,8ce78067a7b57531b40d0c28a847b47590235098e191de7a1162421ae6371c7a
source_subset/rtl8197/bootcode/boot/rtl83xx/smi.c,12899,bootloader-switch-init,d2d072c8eef6013564d6ffb16ed065b13b6e0b28990b145968dd291bc3f310ba
source_subset/rtl8197/bootcode/boot/rtl83xx/smi.h,359,bootloader-switch-init,8e850b3c37173bf718718b61f082a31106c60ba2d5de53e5fa790d3c5271f607
source_subset/rtl8197/bootcode/boot/rtl83xx_v1dot4/acl.c,21252,bootloader-switch-init,db286634d9b8d508d55a53d800afd2a1a47ae5cc6a2c633ada32ee881bb469d4
source_subset/rtl8197/bootcode/boot/rtl83xx_v1dot4/acl.h,28835,bootloader-switch-init,e8886ba47bca54b13f714fa34f570e2166a2dd8788fb1972c27c0c84b01ec69d
source_subset/rtl8197/bootcode/boot/rtl83xx_v1dot4/chip.c,16831,bootloader-switch-init,888cf1a9489aa1a9cdbd1178a25da4374a71c0c39568b508db6a0bf19f419676
source_subset/rtl8197/bootcode/boot/rtl83xx_v1dot4/chip.h,2156,bootloader-switch-init,c72936f72dfd822bcb6ebb9e44d01620805ca5d695e3507004f2a1c10f5ae064
source_subset/rtl8197/bootcode/boot/rtl83xx_v1dot4/cpu.c,12661,bootloader-switch-init,576c9f6e2dbb281390f517b3b6f17bf27ca88ba206d0c3738c821e47dc8948bf
source_subset/rtl8197/bootcode/boot/rtl83xx_v1dot4/cpu.h,9280,bootloader-switch-init,914657eff56ea19df656169b3b6e3c7b864f3d612fe36a5b0a0edbf571c5654b
source_subset/rtl8197/bootcode/boot/rtl83xx_v1dot4/dal/dal_mapper.h,36204,bootloader-switch-init,8519aa5c5e60ce5402f7be5c1af4a25125a6ea83bdf80ec8cf7cd9e730a48410
source_subset/rtl8197/bootcode/boot/rtl83xx_v1dot4/dal/dal_mgmt.c,2306,bootloader-switch-init,1f1d5cf432276ccec7129eaec733d1fca52784aace850ced8c97d1885840b31b
source_subset/rtl8197/bootcode/boot/rtl83xx_v1dot4/dal/dal_mgmt.h,1680,bootloader-switch-init,45fc4c1600f50010020cf72b7f094a06deae12396253bda6163eac42121aea9f
source_subset/rtl8197/bootcode/boot/rtl83xx_v1dot4/dal/rtl8367c/dal_rtl8367c_acl.c,72086,bootloader-switch-init,4419c820a28a411c5b0ac38cf12bf8d25e55d140f9db46329f34f9fd5409f2f2
source_subset/rtl8197/bootcode/boot/rtl83xx_v1dot4/dal/rtl8367c/dal_rtl8367c_acl.h,16127,bootloader-switch-init,5fd82c0e2b7142fce78c3ebcfd82af536066a05f6f45957f4d477b89efc0e7ce
source_subset/rtl8197/bootcode/boot/rtl83xx_v1dot4/dal/rtl8367c/dal_rtl8367c_cpu.c,14229,bootloader-switch-init,f2da5f2c3db3873628ebcc3035b0da393d2ace03736ba2d1a19f93a588835591
source_subset/rtl8197/bootcode/boot/rtl83xx_v1dot4/dal/rtl8367c/dal_rtl8367c_cpu.h,8994,bootloader-switch-init,cdc2ce92364364976b7549a9d3eb8c84df3dfec722ea0c70ff31e1753c0676c0
source_subset/rtl8197/bootcode/boot/rtl83xx_v1dot4/dal/rtl8367c/dal_rtl8367c_dot1x.c,24453,bootloader-switch-init,4e268c7b06ece32116cdfdc33db104583cbe098c3a41c0ad6c4239ba13901c87
source_subset/rtl8197/bootcode/boot/rtl83xx_v1dot4/dal/rtl8367c/dal_rtl8367c_dot1x.h,15531,bootloader-switch-init,13f590cbce1fae3c2b6956c3e10fe5d362c4fc9b58a56666b604747f5a4f1665
source_subset/rtl8197/bootcode/boot/rtl83xx_v1dot4/dal/rtl8367c/dal_rtl8367c_eee.c,4328,bootloader-switch-init,25915eb39b2ccdcb960df87c40ff8af197db6cf09b2f075474f183ef3573ccda
source_subset/rtl8197/bootcode/boot/rtl83xx_v1dot4/dal/rtl8367c/dal_rtl8367c_eee.h,2385,bootloader-switch-init,09207f4cd760b1dddd45e129874bbef1f60a2e5d72a8854c6cd03c2b7bfe6f0c
source_subset/rtl8197/bootcode/boot/rtl83xx_v1dot4/dal/rtl8367c/dal_rtl8367c_i2c.c,10991,bootloader-switch-init,335622514429b8b9cdf04d6e06a1a317906f87384c6d382e7dd8bb4e1d4aa33a
source_subset/rtl8197/bootcode/boot/rtl83xx_v1dot4/dal/rtl8367c/dal_rtl8367c_i2c.h,4258,bootloader-switch-init,d55016fb6cc87a95b538d51a4fc62405d29d916dfcb70de95cdcca9335410a18
source_subset/rtl8197/bootcode/boot/rtl83xx_v1dot4/dal/rtl8367c/dal_rtl8367c_igmp.c,41196,bootloader-switch-init,bf24c1e05fcfe8c7b29c43626111669d8ab54ed7e30d7a33473ce99a58f87a52
source_subset/rtl8197/bootcode/boot/rtl83xx_v1dot4/dal/rtl8367c/dal_rtl8367c_igmp.h,20049,bootloader-switch-init,53bbefb20e568d87e6800f9914071497d254f1392722f4fd3b3feedb28f7d88a
source_subset/rtl8197/bootcode/boot/rtl83xx_v1dot4/dal/rtl8367c/dal_rtl8367c_interrupt.c,12972,bootloader-switch-init,1d2593c01f020070bcd14d52c9a548b0860436c1b453382c95058b98b5f06d00
source_subset/rtl8197/bootcode/boot/rtl83xx_v1dot4/dal/rtl8367c/dal_rtl8367c_interrupt.h,6715,bootloader-switch-init,0115e2e7e95b2c301eff877e7a5570d989f7a9d2138f95606ee59ec3050eec87
source_subset/rtl8197/bootcode/boot/rtl83xx_v1dot4/dal/rtl8367c/dal_rtl8367c_l2.c,88995,bootloader-switch-init,8173ff8fe85cef2458d0f035f00998391902333eba3bdede853dd6e10b9224b8
source_subset/rtl8197/bootcode/boot/rtl83xx_v1dot4/dal/rtl8367c/dal_rtl8367c_l2.h,35693,bootloader-switch-init,4c35af66697fb9368bdf019a3b615f821d9a45ef234f9bb5e9954f75c9bbb6c4
source_subset/rtl8197/bootcode/boot/rtl83xx_v1dot4/dal/rtl8367c/dal_rtl8367c_leaky.c,16614,bootloader-switch-init,c3c1d6e75d81905f0e524e2ee53f62ae5d8aec04d92cf0ff90191d5930bccf5c
source_subset/rtl8197/bootcode/boot/rtl83xx_v1dot4/dal/rtl8367c/dal_rtl8367c_leaky.h,9633,bootloader-switch-init,91ee731f8edf2346d90a3ecadc19d2a4304e3c796cb2bb5db7dc5f6a7e7defda
source_subset/rtl8197/bootcode/boot/rtl83xx_v1dot4/dal/rtl8367c/dal_rtl8367c_led.c,21840,bootloader-switch-init,7f9ae2d7fc85bbc5644999509ec97bef55bda68d662a02b40712f4e50871fe5e
source_subset/rtl8197/bootcode/boot/rtl83xx_v1dot4/dal/rtl8367c/dal_rtl8367c_led.h,12511,bootloader-switch-init,c0f7f7d853015d2d40a7b92851eba3eb9eea9ea7338af7680c9e111be9db1f3a
source_subset/rtl8197/bootcode/boot/rtl83xx_v1dot4/dal/rtl8367c/dal_rtl8367c_mapper.c,32419,bootloader-switch-init,999a98b1c8e46c489552b611d4d1967fdafbf716147666e05b16ac3d731955ee
source_subset/rtl8197/bootcode/boot/rtl83xx_v1dot4/dal/rtl8367c/dal_rtl8367c_mapper.h,757,bootloader-switch-init,08f6158b0eff5af9aed7e9fd52b6cb35015d8d96681f30961c22e0dcb84677c3
source_subset/rtl8197/bootcode/boot/rtl83xx_v1dot4/dal/rtl8367c/dal_rtl8367c_mirror.c,16110,bootloader-switch-init,1b89b02c39f4200e033546b09c2fb1362c6ba5f6706d50c038c68bd35e270984
source_subset/rtl8197/bootcode/boot/rtl83xx_v1dot4/dal/rtl8367c/dal_rtl8367c_mirror.h,8730,bootloader-switch-init,eccae10dbb2550d52de63c1bf8cede24f1d43e86ab959d4bfe10e0f62a623d89
source_subset/rtl8197/bootcode/boot/rtl83xx_v1dot4/dal/rtl8367c/dal_rtl8367c_oam.c,5564,bootloader-switch-init,7e642cbc1f6ff46bcf0999477fb3e13ec9a68abb69075cee1139ee70a0785bd9
source_subset/rtl8197/bootcode/boot/rtl83xx_v1dot4/dal/rtl8367c/dal_rtl8367c_oam.h,3863,bootloader-switch-init,24f56ed5bea82bd958b2518ca9216e7a9e06bd004b78ab020da13a51a124f84c
source_subset/rtl8197/bootcode/boot/rtl83xx_v1dot4/dal/rtl8367c/dal_rtl8367c_port.c,127508,bootloader-switch-init,9e0e6f546b5558d69e475252b26585abe25aeeecc4127b243ea9ac39ef93880d
source_subset/rtl8197/bootcode/boot/rtl83xx_v1dot4/dal/rtl8367c/dal_rtl8367c_port.h,30539,bootloader-switch-init,c13c671fb861a68b9f63b10eb4daf1f2dc9d68ddd1c6c1b43656615861766b7d
source_subset/rtl8197/bootcode/boot/rtl83xx_v1dot4/dal/rtl8367c/dal_rtl8367c_ptp.c,20259,bootloader-switch-init,44242eb4874f50257002fd9571b9741892e2855147c29b5fd177eb985be1efb2
source_subset/rtl8197/bootcode/boot/rtl83xx_v1dot4/dal/rtl8367c/dal_rtl8367c_ptp.h,13945,bootloader-switch-init,5416fd4a26c3692c22c26b9de9e220257814558d02d9f5c6528cf5e9390639b4
source_subset/rtl8197/bootcode/boot/rtl83xx_v1dot4/dal/rtl8367c/dal_rtl8367c_qos.c,42355,bootloader-switch-init,68d6eb04747033895e0b7d1aa455d807c51b032b217cd8cb8077461fad37285e
source_subset/rtl8197/bootcode/boot/rtl83xx_v1dot4/dal/rtl8367c/dal_rtl8367c_qos.h,23535,bootloader-switch-init,ab1e6e48782bb253982d8f8407407e4786721c6ec3eeeffaf6116259ecff74e7
source_subset/rtl8197/bootcode/boot/rtl83xx_v1dot4/dal/rtl8367c/dal_rtl8367c_rate.c,18203,bootloader-switch-init,4b24d6a53d2179e47f566be3d4da0d932befdafcd3ed8c15d8d2f1bbade5c180
source_subset/rtl8197/bootcode/boot/rtl83xx_v1dot4/dal/rtl8367c/dal_rtl8367c_rate.h,10573,bootloader-switch-init,be927069118deb004c62a2dbd05ae264752fecbaae72e9327c42ffa2ab16d9a2
source_subset/rtl8197/bootcode/boot/rtl83xx_v1dot4/dal/rtl8367c/dal_rtl8367c_rldp.c,11367,bootloader-switch-init,447d52d3c4e0696aa62b42fe1ce7ac8521c4b5486827030f81f4b4e142677ce1
source_subset/rtl8197/bootcode/boot/rtl83xx_v1dot4/dal/rtl8367c/dal_rtl8367c_rldp.h,4455,bootloader-switch-init,a135930168728753236cc636a85d4e9b4503e6e2bea1615a16863cefb7e61219
source_subset/rtl8197/bootcode/boot/rtl83xx_v1dot4/dal/rtl8367c/dal_rtl8367c_stat.c,19658,bootloader-switch-init,5e44fc670da9e44d0f6eba529d3c1e715e7c7548b436ae3f141b2c8c5038874c
source_subset/rtl8197/bootcode/boot/rtl83xx_v1dot4/dal/rtl8367c/dal_rtl8367c_stat.h,7822,bootloader-switch-init,82d770aa2109d6e02f0a0a1734967ade207693b199b32258de5f488a343aaaf9
source_subset/rtl8197/bootcode/boot/rtl83xx_v1dot4/dal/rtl8367c/dal_rtl8367c_storm.c,24170,bootloader-switch-init,13301107330f6354a794c84918609034f7af52c10f728f92ce24a1b408109c7b
source_subset/rtl8197/bootcode/boot/rtl83xx_v1dot4/dal/rtl8367c/dal_rtl8367c_storm.h,10816,bootloader-switch-init,a6e94fe8f9ada3e3b1e49970bc2e047ed51fca8e78981f0c04df33b14aea2767
source_subset/rtl8197/bootcode/boot/rtl83xx_v1dot4/dal/rtl8367c/dal_rtl8367c_svlan.c,71974,bootloader-switch-init,f817ed6823f25324b96114da2092b628f86c878f13746ded279cb61e473114ca
source_subset/rtl8197/bootcode/boot/rtl83xx_v1dot4/dal/rtl8367c/dal_rtl8367c_svlan.h,30342,bootloader-switch-init,b642b8634e9cda95598e95772c48e6fc59eac3756b188b28d507380662d7884a
source_subset/rtl8197/bootcode/boot/rtl83xx_v1dot4/dal/rtl8367c/dal_rtl8367c_switch.c,27009,bootloader-switch-init,9c7482131f2f2be28255e35b0c6c247b042a21cc0613f2809c58a5db801ca548
source_subset/rtl8197/bootcode/boot/rtl83xx_v1dot4/dal/rtl8367c/dal_rtl8367c_switch.h,4549,bootloader-switch-init,59f5e6b9c8f6549721b6eb995ee6e3c358bb719d9b2e5a8c3680eb96260af302
source_subset/rtl8197/bootcode/boot/rtl83xx_v1dot4/dal/rtl8367c/dal_rtl8367c_trap.c,37746,bootloader-switch-init,debd3402e3d68d4ebee86f6591f632e3f914f359178095be76f54bc906b74914
source_subset/rtl8197/bootcode/boot/rtl83xx_v1dot4/dal/rtl8367c/dal_rtl8367c_trap.h,21579,bootloader-switch-init,4f168e35bcb4cb16344a0ddb7eace76bd9f4a4fe15bcc284419996786b9191ff
source_subset/rtl8197/bootcode/boot/rtl83xx_v1dot4/dal/rtl8367c/dal_rtl8367c_trunk.c,17206,bootloader-switch-init,f1573a3aa495173fd9cbfa30435d41e65095e998a83f26348a3548ea6a49f588
source_subset/rtl8197/bootcode/boot/rtl83xx_v1dot4/dal/rtl8367c/dal_rtl8367c_trunk.h,9738,bootloader-switch-init,bfdf068d37f5053b0aab1c0c68793ff0f0879213f4137823be052c1263623cfe
source_subset/rtl8197/bootcode/boot/rtl83xx_v1dot4/dal/rtl8367c/dal_rtl8367c_vlan.c,62214,bootloader-switch-init,300936d6ce2b3f981a9d017b6b4761137cb39bcd53482e743251cd0ac681c547
source_subset/rtl8197/bootcode/boot/rtl83xx_v1dot4/dal/rtl8367c/dal_rtl8367c_vlan.h,26725,bootloader-switch-init,38d97957f532e393ceaaafa8678769564223ff5b596ed38ff95f71e7f5558929
source_subset/rtl8197/bootcode/boot/rtl83xx_v1dot4/dal/rtl8367c/rtl8367c_asicdrv.c,15389,bootloader-switch-init,e2236c2c7b7c4f8594a7761f50b944c627a276016af0efa2de13313ee0be5d5a
source_subset/rtl8197/bootcode/boot/rtl83xx_v1dot4/dal/rtl8367c/rtl8367c_asicdrv.h,3549,bootloader-switch-init,bb349d5c38b62a97d60f9806a5c2cd38d1ae8541dd38c8957d2425c59153f60d
source_subset/rtl8197/bootcode/boot/rtl83xx_v1dot4/dal/rtl8367c/rtl8367c_asicdrv_acl.c,37294,bootloader-switch-init,25b14ddc9bdd8ad72ea43c3958f73e857b5f6cdb4e690f48b5c2ae27cec160f2
source_subset/rtl8197/bootcode/boot/rtl83xx_v1dot4/dal/rtl8367c/rtl8367c_asicdrv_acl.h,6249,bootloader-switch-init,502995ec9f7ba711fff667733dadb26f205168a337a8114df5cf7cc330475d7d
source_subset/rtl8197/bootcode/boot/rtl83xx_v1dot4/dal/rtl8367c/rtl8367c_asicdrv_cputag.c,11252,bootloader-switch-init,88f987e5ef087683f0242157c352fd6e7ed3ed5c2689fd739da6b0be8b6908a5
source_subset/rtl8197/bootcode/boot/rtl83xx_v1dot4/dal/rtl8367c/rtl8367c_asicdrv_cputag.h,1373,bootloader-switch-init,1a19d3752a7f40532ecc1584bbc665ac348539ab97bd6083fc98d2a25bd4a317
source_subset/rtl8197/bootcode/boot/rtl83xx_v1dot4/dal/rtl8367c/rtl8367c_asicdrv_dot1x.c,11485,bootloader-switch-init,a78416d2a688a6be94af2145c169029c3852df731df0f8ee10fafce2a57224dd
source_subset/rtl8197/bootcode/boot/rtl83xx_v1dot4/dal/rtl8367c/rtl8367c_asicdrv_dot1x.h,1580,bootloader-switch-init,297684e4aa50b1b7f42f1759329e507f4cd3f25fd4fb0c33582f6d21e3c6c596
source_subset/rtl8197/bootcode/boot/rtl83xx_v1dot4/dal/rtl8367c/rtl8367c_asicdrv_eav.c,27436,bootloader-switch-init,9a6f5bdddf9d96f85f0f724fb7aab7e1c0cb72b660aefc4b934d5d8aada3a413
source_subset/rtl8197/bootcode/boot/rtl83xx_v1dot4/dal/rtl8367c/rtl8367c_asicdrv_eav.h,3292,bootloader-switch-init,3f4f3bcc4faa2f51297d01855640156175aa7c2b591501fac54f55f5f701cf30
source_subset/rtl8197/bootcode/boot/rtl83xx_v1dot4/dal/rtl8367c/rtl8367c_asicdrv_eee.c,4588,bootloader-switch-init,5d43505ccb12d61b936126a97b5f9f3a7f814a0e84890e21536fa14b1001144d
source_subset/rtl8197/bootcode/boot/rtl83xx_v1dot4/dal/rtl8367c/rtl8367c_asicdrv_eee.h,472,bootloader-switch-init,ed62db4cc4e9b312934d7f2ee84ca6740710ffc2f0fb76365bbf7bb4fd07d6d9
source_subset/rtl8197/bootcode/boot/rtl83xx_v1dot4/dal/rtl8367c/rtl8367c_asicdrv_fc.c,42113,bootloader-switch-init,d03de3bfb839abfecb5fbbea88466fa62c3d0dcd5826837676f63266a0c5d853
source_subset/rtl8197/bootcode/boot/rtl83xx_v1dot4/dal/rtl8367c/rtl8367c_asicdrv_fc.h,5422,bootloader-switch-init,75d44c663c5ddcccc5fe8cf151c5e4e87426a8126c98bada21785834ab2b6506
source_subset/rtl8197/bootcode/boot/rtl83xx_v1dot4/dal/rtl8367c/rtl8367c_asicdrv_green.c,18766,bootloader-switch-init,bb116a23084b2dae642db328d0233b0ff304b915a9432f7c0b3dfc7076ecc64b
source_subset/rtl8197/bootcode/boot/rtl83xx_v1dot4/dal/rtl8367c/rtl8367c_asicdrv_green.h,987,bootloader-switch-init,61076fecbd89237fa5280a5946c83ae12ffb0b9a76dec6da05c15674556daef1
source_subset/rtl8197/bootcode/boot/rtl83xx_v1dot4/dal/rtl8367c/rtl8367c_asicdrv_hsb.c,2740,bootloader-switch-init,efb48d5438e7109d71a97101fc34e39c313a8dbaa206d62f64dc84ddb5a5ab3d
source_subset/rtl8197/bootcode/boot/rtl83xx_v1dot4/dal/rtl8367c/rtl8367c_asicdrv_hsb.h,725,bootloader-switch-init,14d11bb65d2469faa56044a8bd6904f698aae056ec23ae5263bcf7ad82154fcf
source_subset/rtl8197/bootcode/boot/rtl83xx_v1dot4/dal/rtl8367c/rtl8367c_asicdrv_i2c.c,11495,bootloader-switch-init,25589ab38209ac6877af628730fa90c7e98a57452431e643f877bbda7abc21ce
source_subset/rtl8197/bootcode/boot/rtl83xx_v1dot4/dal/rtl8367c/rtl8367c_asicdrv_i2c.h,877,bootloader-switch-init,98fa9659efb14ddb849f99f91ddae9e1efcc4a3aefc08638850c85749fed4740
source_subset/rtl8197/bootcode/boot/rtl83xx_v1dot4/dal/rtl8367c/rtl8367c_asicdrv_igmp.c,55659,bootloader-switch-init,831f585687906612cec3b78123dd9c0f20b4452647153e8927d5cb82f9268c34
source_subset/rtl8197/bootcode/boot/rtl83xx_v1dot4/dal/rtl8367c/rtl8367c_asicdrv_igmp.h,6023,bootloader-switch-init,8b78f44b76e066e14eb6bc61d6df88787554ac80810918d3e5830217cb077126
source_subset/rtl8197/bootcode/boot/rtl83xx_v1dot4/dal/rtl8367c/rtl8367c_asicdrv_inbwctrl.c,5427,bootloader-switch-init,58ca6b6afbbcd684fc95956d85f7e25f8f38136bafbb8be7074e208c67e97e5a
source_subset/rtl8197/bootcode/boot/rtl83xx_v1dot4/dal/rtl8367c/rtl8367c_asicdrv_inbwctrl.h,575,bootloader-switch-init,43637a4da415d2167c012631ce8cc9e13ba38a6455a220fb65101cb06cad90ce
source_subset/rtl8197/bootcode/boot/rtl83xx_v1dot4/dal/rtl8367c/rtl8367c_asicdrv_interrupt.c,6770,bootloader-switch-init,6dde98297832784fcaf6c3c3c41857460225e4251e595f8d73e4a38c3fd12063
source_subset/rtl8197/bootcode/boot/rtl83xx_v1dot4/dal/rtl8367c/rtl8367c_asicdrv_interrupt.h,1399,bootloader-switch-init,995bf68ce2b48ab2fc9ccc0562075200537a49f86b0a0b193abc767e93840f49
source_subset/rtl8197/bootcode/boot/rtl83xx_v1dot4/dal/rtl8367c/rtl8367c_asicdrv_led.c,27744,bootloader-switch-init,706b18eda10a17126a44589e126406e7528c100aa86b51f4b6a825db4e04600a
source_subset/rtl8197/bootcode/boot/rtl83xx_v1dot4/dal/rtl8367c/rtl8367c_asicdrv_led.h,3479,bootloader-switch-init,0fd1989f5286342f96dcf42aabb1ee127756cfbd289795437b047a60eb1cef8f
source_subset/rtl8197/bootcode/boot/rtl83xx_v1dot4/dal/rtl8367c/rtl8367c_asicdrv_lut.c,46302,bootloader-switch-init,e130d0d552504d2075588b958e78bf897a22acf6d55ef944ec278dd290ff1a95
source_subset/rtl8197/bootcode/boot/rtl83xx_v1dot4/dal/rtl8367c/rtl8367c_asicdrv_lut.h,5133,bootloader-switch-init,cbfc4901e7eb9d7148028af4122f02619a5e916a26355b24ab9db1f4a6d37044
source_subset/rtl8197/bootcode/boot/rtl83xx_v1dot4/dal/rtl8367c/rtl8367c_asicdrv_meter.c,9206,bootloader-switch-init,3e4e1096931f7f66e05f96db6cf10b761197af78d0008759ad1524e105209ba8
source_subset/rtl8197/bootcode/boot/rtl83xx_v1dot4/dal/rtl8367c/rtl8367c_asicdrv_meter.h,831,bootloader-switch-init,4d9188cc422bc4660855d06e4facc2c48851ad8f93a4c67fef661035e7cf9f78
source_subset/rtl8197/bootcode/boot/rtl83xx_v1dot4/dal/rtl8367c/rtl8367c_asicdrv_mib.c,17697,bootloader-switch-init,9c7f35a126b1bf37a7d9172b669479c2b0e31f7e6abf23811091b8adfb6442e5
source_subset/rtl8197/bootcode/boot/rtl83xx_v1dot4/dal/rtl8367c/rtl8367c_asicdrv_mib.h,3477,bootloader-switch-init,0c2390bbd9e4047f724d4d2c574a627cac4c7fcc459400402f033f3839a639ac
source_subset/rtl8197/bootcode/boot/rtl83xx_v1dot4/dal/rtl8367c/rtl8367c_asicdrv_mirror.c,13536,bootloader-switch-init,9cefab827176a9a57c2560f2f88349730bce94a711c8a40c5fc87b455465f714
source_subset/rtl8197/bootcode/boot/rtl83xx_v1dot4/dal/rtl8367c/rtl8367c_asicdrv_mirror.h,2005,bootloader-switch-init,aac2cf2a8befd4c48110d749a5801b74c0abb6d0f991d90e194a2b8b1a738af1
source_subset/rtl8197/bootcode/boot/rtl83xx_v1dot4/dal/rtl8367c/rtl8367c_asicdrv_misc.c,6492,bootloader-switch-init,4deedf1ca7f8749ad13e95848a448f6194bd39332e04edfe73c864c03d0225e4
source_subset/rtl8197/bootcode/boot/rtl83xx_v1dot4/dal/rtl8367c/rtl8367c_asicdrv_misc.h,813,bootloader-switch-init,ae3083080e940660fb09877eef99d04cf2add6643b259240571df82d1a560181
source_subset/rtl8197/bootcode/boot/rtl83xx_v1dot4/dal/rtl8367c/rtl8367c_asicdrv_oam.c,5500,bootloader-switch-init,e357b0ebcdd6227849c1eda35f56ced61f6acd6a49942dfcb0e2f7b0313b8a76
source_subset/rtl8197/bootcode/boot/rtl83xx_v1dot4/dal/rtl8367c/rtl8367c_asicdrv_oam.h,879,bootloader-switch-init,09a53fc30f80e91151e12ad6b308fa5928238ab7fed025269d074da6b7142e11
source_subset/rtl8197/bootcode/boot/rtl83xx_v1dot4/dal/rtl8367c/rtl8367c_asicdrv_phy.c,12355,bootloader-switch-init,baae94ba729d44f65311b4bb36ac62a056b072004aeb115b0cbbdd5095c28ccb
source_subset/rtl8197/bootcode/boot/rtl83xx_v1dot4/dal/rtl8367c/rtl8367c_asicdrv_phy.h,1179,bootloader-switch-init,daae12af33b378cf1f81381345ef34aa1b3546edc41ac9b7ced2bc60379791de
source_subset/rtl8197/bootcode/boot/rtl83xx_v1dot4/dal/rtl8367c/rtl8367c_asicdrv_port.c,221447,bootloader-switch-init,e365cae063b0b537ef3f1d0b594ef81c722bb622b6c7c33624c598c7847959c8
source_subset/rtl8197/bootcode/boot/rtl83xx_v1dot4/dal/rtl8367c/rtl8367c_asicdrv_port.h,6737,bootloader-switch-init,93bcf151d2127f6d6879e7356d344db34575788753b90cf50fae25001fb187a4
source_subset/rtl8197/bootcode/boot/rtl83xx_v1dot4/dal/rtl8367c/rtl8367c_asicdrv_portIsolation.c,3899,bootloader-switch-init,d49e5a14a1d9e17d8883d64fdf263f82276a6959fe521ffc859fdfd493f89a2c
source_subset/rtl8197/bootcode/boot/rtl83xx_v1dot4/dal/rtl8367c/rtl8367c_asicdrv_portIsolation.h,543,bootloader-switch-init,5a6f3855bf6cdd6aa9b6063f9f4f43b227367eeaa31344bc13946bd38de992b8
source_subset/rtl8197/bootcode/boot/rtl83xx_v1dot4/dal/rtl8367c/rtl8367c_asicdrv_qos.c,23185,bootloader-switch-init,513c285805d9ef8e185a38bf5c8a4b4b983b89e24ef7c302afb6906ec74b25b2
source_subset/rtl8197/bootcode/boot/rtl83xx_v1dot4/dal/rtl8367c/rtl8367c_asicdrv_qos.h,3271,bootloader-switch-init,3fa4aa26de6a041ba136b22c67e61b4573034f811719cf2cfd05a4d2b447228a
source_subset/rtl8197/bootcode/boot/rtl83xx_v1dot4/dal/rtl8367c/rtl8367c_asicdrv_rldp.c,17741,bootloader-switch-init,42278216faa1ba74b13fed91a22e36a86c6ce86873003e1f850705605d0a2296
source_subset/rtl8197/bootcode/boot/rtl83xx_v1dot4/dal/rtl8367c/rtl8367c_asicdrv_rldp.h,2289,bootloader-switch-init,f02d765a97ca4f9b68e3ab90c273b8699332b74b3427d9e8105c03c3ebdccad1
source_subset/rtl8197/bootcode/boot/rtl83xx_v1dot4/dal/rtl8367c/rtl8367c_asicdrv_rma.c,11293,bootloader-switch-init,445e9155682709fd2e9f686ddae9a0c3876a9494f69723278dc397484a830b52
source_subset/rtl8197/bootcode/boot/rtl83xx_v1dot4/dal/rtl8367c/rtl8367c_asicdrv_rma.h,1133,bootloader-switch-init,421e0dca76ab64fa4592dba8d43f42830acaff428e3fdf9c6f8c420b1abcc6ec
source_subset/rtl8197/bootcode/boot/rtl83xx_v1dot4/dal/rtl8367c/rtl8367c_asicdrv_scheduling.c,15333,bootloader-switch-init,b71f13ed9e9b6630b27c33ce60ed6f6e9f830095bc2f512b262a93614cee5c05
source_subset/rtl8197/bootcode/boot/rtl83xx_v1dot4/dal/rtl8367c/rtl8367c_asicdrv_scheduling.h,2207,bootloader-switch-init,b76e5dfe880fc5abd8d28ee6c3894b038931bfeeffc058623938b70edfc0c193
source_subset/rtl8197/bootcode/boot/rtl83xx_v1dot4/dal/rtl8367c/rtl8367c_asicdrv_storm.c,24661,bootloader-switch-init,279e14de68cba72e5cbe854c77ff76fc633f87cc0abccf14107986043a9ee9d0
source_subset/rtl8197/bootcode/boot/rtl83xx_v1dot4/dal/rtl8367c/rtl8367c_asicdrv_storm.h,3170,bootloader-switch-init,94ca89384ab2d55ebb824cab017e47aa9765fa78ee754fde4217e5665999bbb7
source_subset/rtl8197/bootcode/boot/rtl83xx_v1dot4/dal/rtl8367c/rtl8367c_asicdrv_svlan.c,29326,bootloader-switch-init,9f02803d2fb1f1e25f6ef8e56b73f490046c463079ace64fec71bcac1fc3c349
source_subset/rtl8197/bootcode/boot/rtl83xx_v1dot4/dal/rtl8367c/rtl8367c_asicdrv_svlan.h,4179,bootloader-switch-init,93a9c6411501e8c28e5eb400846afb367614fabe791ea841d631993ac2d63196
source_subset/rtl8197/bootcode/boot/rtl83xx_v1dot4/dal/rtl8367c/rtl8367c_asicdrv_trunking.c,10851,bootloader-switch-init,3bf1f3648bb8fa487b0145e1cfa18d53e5dce62e92b6e2e967a7be77ec9d6064
source_subset/rtl8197/bootcode/boot/rtl83xx_v1dot4/dal/rtl8367c/rtl8367c_asicdrv_trunking.h,1491,bootloader-switch-init,5f63eaf3b8329b2627a4f6a60973dbe289541a6da06a5f420f3490387e2f0469
source_subset/rtl8197/bootcode/boot/rtl83xx_v1dot4/dal/rtl8367c/rtl8367c_asicdrv_unknownMulticast.c,7051,bootloader-switch-init,c91746b0bceff1ae25154d69c25dafee112beae8b6a6d432a6c53225cc58f517
source_subset/rtl8197/bootcode/boot/rtl83xx_v1dot4/dal/rtl8367c/rtl8367c_asicdrv_unknownMulticast.h,1436,bootloader-switch-init,f0ac96a92a1597ffdfb79f856936d83dbc7e6da2ab8658b40abb9b9a81257e11
source_subset/rtl8197/bootcode/boot/rtl83xx_v1dot4/dal/rtl8367c/rtl8367c_asicdrv_vlan.c,47485,bootloader-switch-init,b275c9ad1cc33e237a0d741ac5eb99abe06dca74b6813fd1f9fba973e6154e15
source_subset/rtl8197/bootcode/boot/rtl83xx_v1dot4/dal/rtl8367c/rtl8367c_asicdrv_vlan.h,5486,bootloader-switch-init,ab883fc3184e914fb9556857bd7583fdf170a8dcab2433627ea1f0e6cab279c6
source_subset/rtl8197/bootcode/boot/rtl83xx_v1dot4/dal/rtl8367c/rtl8367c_base.h,39628,bootloader-switch-init,a3dc350511b6b8bc7128d70f5503322e68633cf870dbe2090e6d484ec5f62b9e
source_subset/rtl8197/bootcode/boot/rtl83xx_v1dot4/dal/rtl8367c/rtl8367c_reg.h,1066573,bootloader-switch-init,2f1160c72c2e6140bee61868e859080ccb68f430a8bb24ac194e8c86b56f635d
source_subset/rtl8197/bootcode/boot/rtl83xx_v1dot4/dal/rtl8367c/rtl8367c_smi.c,11251,bootloader-switch-init,4aab154b01d2f444617c5a683929f9248569b1372b2220a938feffdad29337f9
source_subset/rtl8197/bootcode/boot/rtl83xx_v1dot4/dal/rtl8367c/rtl8367c_smi.h,1157,bootloader-switch-init,31ff6da15b096923a21a3473016ddc8c8c9cecca18b0dc55f0df89336b6b66b7
source_subset/rtl8197/bootcode/boot/rtl83xx_v1dot4/dal/rtl8367d/dal_rtl8367d_acl.c,84461,bootloader-switch-init,b11129c047aa3523c43ed1b0a000d0a289518b7cbbedf622a5c4e6375a9f49f9
source_subset/rtl8197/bootcode/boot/rtl83xx_v1dot4/dal/rtl8367d/dal_rtl8367d_acl.h,16470,bootloader-switch-init,468094ad9444403b0ffb67c20a5fbd98384eeb87fb4dd61f7154a2aae4b32bca
source_subset/rtl8197/bootcode/boot/rtl83xx_v1dot4/dal/rtl8367d/dal_rtl8367d_cpu.c,17337,bootloader-switch-init,bd85ff5afc887d7c87d195403c66e658148217561b459b637f1f24c2abb2f5f1
source_subset/rtl8197/bootcode/boot/rtl83xx_v1dot4/dal/rtl8367d/dal_rtl8367d_cpu.h,8994,bootloader-switch-init,9d97b9e0acab4b9dc9e3945b27fe21fb3774940da1cd5cb8854c5d82b7a3488b
source_subset/rtl8197/bootcode/boot/rtl83xx_v1dot4/dal/rtl8367d/dal_rtl8367d_dot1x.c,13106,bootloader-switch-init,2ac6c1c36b3425e146d00e36de2113c87878757433cd952afc42d69c40edaa18
source_subset/rtl8197/bootcode/boot/rtl83xx_v1dot4/dal/rtl8367d/dal_rtl8367d_dot1x.h,8366,bootloader-switch-init,43495c4e595ba559ce7faff4f61d8f73223bc5d9c65736eb42f5048186aa4e64
source_subset/rtl8197/bootcode/boot/rtl83xx_v1dot4/dal/rtl8367d/dal_rtl8367d_eee.c,3490,bootloader-switch-init,704f769be8fbdfc7a7c6eb16ab124fa6ae7282dd2b57650749c9eb776d4b8125
source_subset/rtl8197/bootcode/boot/rtl83xx_v1dot4/dal/rtl8367d/dal_rtl8367d_eee.h,1985,bootloader-switch-init,d50775c5143e0873cb4066724807ebc9c01d4a259db02b7a64ce5b25032e249b
source_subset/rtl8197/bootcode/boot/rtl83xx_v1dot4/dal/rtl8367d/dal_rtl8367d_igmp.c,10175,bootloader-switch-init,ab20682406b909b6b4bf1d2443819e8bcb9d84c9910c4b5e4566eb46a9f92af9
source_subset/rtl8197/bootcode/boot/rtl83xx_v1dot4/dal/rtl8367d/dal_rtl8367d_igmp.h,3090,bootloader-switch-init,c8889e01278f71a2909b6ed665aafb445d7d089692187fe27209392601a13c96
source_subset/rtl8197/bootcode/boot/rtl83xx_v1dot4/dal/rtl8367d/dal_rtl8367d_interrupt.c,16040,bootloader-switch-init,ff7ce31a4d29dcfe2d783bda67a6157c00732446cf00fb29e57ee5d3048cf892
source_subset/rtl8197/bootcode/boot/rtl83xx_v1dot4/dal/rtl8367d/dal_rtl8367d_interrupt.h,7299,bootloader-switch-init,a4efd713f14941d6f4873db7373b2d639920d832a5875168adf722f58e9cde55
source_subset/rtl8197/bootcode/boot/rtl83xx_v1dot4/dal/rtl8367d/dal_rtl8367d_l2.c,90704,bootloader-switch-init,5a1f1134e068749787f71fb5452da2c346c801cc53a67a30c625744909adbf51
source_subset/rtl8197/bootcode/boot/rtl83xx_v1dot4/dal/rtl8367d/dal_rtl8367d_l2.h,34588,bootloader-switch-init,0e236906b368536f7c3e8a4cab110b62f23f92f5245f491bd14e2852bd47bd13
source_subset/rtl8197/bootcode/boot/rtl83xx_v1dot4/dal/rtl8367d/dal_rtl8367d_leaky.c,17837,bootloader-switch-init,a0522c82d27ee244d32d4fa433be056faa0d0293db694f849ec4a3b0321f5a13
source_subset/rtl8197/bootcode/boot/rtl83xx_v1dot4/dal/rtl8367d/dal_rtl8367d_leaky.h,9633,bootloader-switch-init,5e39cc8f2abd467aaaad7560005a99822ada6b8a88ceadae7294a6f2cd09f81d
source_subset/rtl8197/bootcode/boot/rtl83xx_v1dot4/dal/rtl8367d/dal_rtl8367d_led.c,23043,bootloader-switch-init,3c51ade5df716d84f6ed3f3729a8e5cd6643193e6326714388da6e31d66c34dc
source_subset/rtl8197/bootcode/boot/rtl83xx_v1dot4/dal/rtl8367d/dal_rtl8367d_led.h,11683,bootloader-switch-init,8423511dd892a1e2cc032c68daefc56224307c7e0edba28540cd3073e49a7b85
source_subset/rtl8197/bootcode/boot/rtl83xx_v1dot4/dal/rtl8367d/dal_rtl8367d_mapper.c,29510,bootloader-switch-init,9673f6386aaee6ed3d4d1f373e173d8febbcad6299d56427c4901807f329dc06
source_subset/rtl8197/bootcode/boot/rtl83xx_v1dot4/dal/rtl8367d/dal_rtl8367d_mapper.h,757,bootloader-switch-init,5650fc2b8ef541a0f657bec153f86838b733ecd703537fdd1bc0e4bc220e3957
source_subset/rtl8197/bootcode/boot/rtl83xx_v1dot4/dal/rtl8367d/dal_rtl8367d_mirror.c,17146,bootloader-switch-init,d74065cd0e4308741bc8c051a8409e90d48cc48653784706b8914cff5ecde149
source_subset/rtl8197/bootcode/boot/rtl83xx_v1dot4/dal/rtl8367d/dal_rtl8367d_mirror.h,8730,bootloader-switch-init,d7316d8030f6bb7fd50d075a6dededf903942d65fb327385004b4862d98ce4ed
source_subset/rtl8197/bootcode/boot/rtl83xx_v1dot4/dal/rtl8367d/dal_rtl8367d_port.c,127053,bootloader-switch-init,6c9fc015c8856f00f9323554ea61fac9a4390cc78c3d137ebd729dc2c3ac0438
source_subset/rtl8197/bootcode/boot/rtl83xx_v1dot4/dal/rtl8367d/dal_rtl8367d_port.h,27306,bootloader-switch-init,724424749050d6d62cee1767d2a4eb192a874b6017b0140cd088e8630964a145
source_subset/rtl8197/bootcode/boot/rtl83xx_v1dot4/dal/rtl8367d/dal_rtl8367d_qos.c,49501,bootloader-switch-init,a867fe066d2d57d7afea59f482f050a7996b9514a0b05e92754dd3425b7159b2
source_subset/rtl8197/bootcode/boot/rtl83xx_v1dot4/dal/rtl8367d/dal_rtl8367d_qos.h,23705,bootloader-switch-init,bc1bc8c0eb7ac124e3bac0734696b3250097ed470c5ca51d37bc1b83f60da89f
source_subset/rtl8197/bootcode/boot/rtl83xx_v1dot4/dal/rtl8367d/dal_rtl8367d_rate.c,22897,bootloader-switch-init,e63e3533173036c7bec23b041998fa75554de900230e4b0400b29d6f68bba65e
source_subset/rtl8197/bootcode/boot/rtl83xx_v1dot4/dal/rtl8367d/dal_rtl8367d_rate.h,10625,bootloader-switch-init,9048701ea7013c7044d50aa7462051dcb568cb2ed162c281b6f7965eaf155c24
source_subset/rtl8197/bootcode/boot/rtl83xx_v1dot4/dal/rtl8367d/dal_rtl8367d_rldp.c,12857,bootloader-switch-init,a4f29710efbeadcb541b10960221f7dcccc383b53169d9246c1e4b9083fd1333
source_subset/rtl8197/bootcode/boot/rtl83xx_v1dot4/dal/rtl8367d/dal_rtl8367d_rldp.h,4455,bootloader-switch-init,aabeb87940f725548044c28a2ccf945617d31faa58b06a730944b4357ff8d1d3
source_subset/rtl8197/bootcode/boot/rtl83xx_v1dot4/dal/rtl8367d/dal_rtl8367d_stat.c,27225,bootloader-switch-init,ab98f42dff74d934033159b854d256c9c304da3b9c344c436d8758e646c4a839
source_subset/rtl8197/bootcode/boot/rtl83xx_v1dot4/dal/rtl8367d/dal_rtl8367d_stat.h,9838,bootloader-switch-init,783fb6296e96351887c4fe18c269bfba192a65a29911302a0b3b9c298d59eb6f
source_subset/rtl8197/bootcode/boot/rtl83xx_v1dot4/dal/rtl8367d/dal_rtl8367d_storm.c,27519,bootloader-switch-init,f6af5fc1e734ced2f6b8bbf03691e29ef7c8275f8f9958a6439439b631e94af4
source_subset/rtl8197/bootcode/boot/rtl83xx_v1dot4/dal/rtl8367d/dal_rtl8367d_storm.h,10816,bootloader-switch-init,1b067c82ccfbd86c58fcd91b7f2c5b2df0086b6ad9fe778426b3edb58d1ad0c2
source_subset/rtl8197/bootcode/boot/rtl83xx_v1dot4/dal/rtl8367d/dal_rtl8367d_svlan.c,40296,bootloader-switch-init,a465384049c45f449da4505458039b11f3635f7ff5b17c77cc3ce3232ed41c90
source_subset/rtl8197/bootcode/boot/rtl83xx_v1dot4/dal/rtl8367d/dal_rtl8367d_svlan.h,18230,bootloader-switch-init,6b885f242365f2c59e164d9b98315f4fa4fdf41d982ea6f0ee89cd12fe67e92f
source_subset/rtl8197/bootcode/boot/rtl83xx_v1dot4/dal/rtl8367d/dal_rtl8367d_switch.c,6485,bootloader-switch-init,e5d00240b5c6190d139620e224f1a184685c0b047bacdfa41b2877d170c725b1
source_subset/rtl8197/bootcode/boot/rtl83xx_v1dot4/dal/rtl8367d/dal_rtl8367d_switch.h,4549,bootloader-switch-init,85ca33dee2c30548b4f806c02169988afc66d993c58ba018031dca69f1b6056d
source_subset/rtl8197/bootcode/boot/rtl83xx_v1dot4/dal/rtl8367d/dal_rtl8367d_trap.c,41103,bootloader-switch-init,82a0c19ab58c3e93c8e5430d05d57607f680cd1b1a43dd5871f85a1fff135c21
source_subset/rtl8197/bootcode/boot/rtl83xx_v1dot4/dal/rtl8367d/dal_rtl8367d_trap.h,22019,bootloader-switch-init,dbf84ae8c68ac4a7314e6269da169d95bbd79a02af6d1e8b76ff9050b53360a8
source_subset/rtl8197/bootcode/boot/rtl83xx_v1dot4/dal/rtl8367d/dal_rtl8367d_trunk.c,17389,bootloader-switch-init,f22a5b17ed2630d716361804639ddfa71d2ff47774c50d327e5f6e31aa7d0fc9
source_subset/rtl8197/bootcode/boot/rtl83xx_v1dot4/dal/rtl8367d/dal_rtl8367d_trunk.h,9738,bootloader-switch-init,6578674ad7ccb63839e6b8bca4497ffb9da10c9e5de55e5729b12f9958ce1f07
source_subset/rtl8197/bootcode/boot/rtl83xx_v1dot4/dal/rtl8367d/dal_rtl8367d_vlan.c,41922,bootloader-switch-init,ad803a3c9455bf8f2047013a916947b94a1e52f74d71be65e4c95260bb26298d
source_subset/rtl8197/bootcode/boot/rtl83xx_v1dot4/dal/rtl8367d/dal_rtl8367d_vlan.h,20047,bootloader-switch-init,5d09f6ec088c2a7d0cdab2876f640cd09840909846ba51033b85bd6d6a5f1b9f
source_subset/rtl8197/bootcode/boot/rtl83xx_v1dot4/dal/rtl8367d/rtl8367d_asicdrv.c,15373,bootloader-switch-init,c0b63e55c9efb16325d38971ce95dcee12a2534c03965b5221dc97d7c64d9f3a
source_subset/rtl8197/bootcode/boot/rtl83xx_v1dot4/dal/rtl8367d/rtl8367d_asicdrv.h,2751,bootloader-switch-init,64afdc588ccd023fe33c5b699de84726a1ee085fd5437133363348d4fa1fe658
source_subset/rtl8197/bootcode/boot/rtl83xx_v1dot4/dal/rtl8367d/rtl8367d_reg.h,563635,bootloader-switch-init,2d1cbb61dfb8f771a536fabb24dac67cf874f0491ebb2e7d4dcd50fd16bdbfd2
source_subset/rtl8197/bootcode/boot/rtl83xx_v1dot4/dal/rtl8367d/rtl8367d_smi.c,12455,bootloader-switch-init,b1ed32d0f506c3d1ac7bf586771d61ef7482a45aa9456b3bef8fca9fc2c3723c
source_subset/rtl8197/bootcode/boot/rtl83xx_v1dot4/dal/rtl8367d/rtl8367d_smi.h,272,bootloader-switch-init,d2ed471fd2a280edbb6fc47393d601febda8b58f21f53ad64ac6736f321437fb
source_subset/rtl8197/bootcode/boot/rtl83xx_v1dot4/dot1x.c,20348,bootloader-switch-init,8bd32033354e25bc62839599ae3d92d0b5f8229dee6fd396ab6d78f73a502374
source_subset/rtl8197/bootcode/boot/rtl83xx_v1dot4/dot1x.h,15610,bootloader-switch-init,94091e6328c5b5fef5d505bb2311a4edda3c8606a33c0cac9a7d0d299bc1c392
source_subset/rtl8197/bootcode/boot/rtl83xx_v1dot4/eee.c,3026,bootloader-switch-init,d44f0b846c4c98972e34bfd2a178dbb068c9e0b99544b7c7e9994a73bf6d89c1
source_subset/rtl8197/bootcode/boot/rtl83xx_v1dot4/eee.h,2316,bootloader-switch-init,f20700929ef8d0d6e124e5cbfff396f14b02bfb926ec65e295d44d36e8568418
source_subset/rtl8197/bootcode/boot/rtl83xx_v1dot4/gpio.c,12083,bootloader-switch-init,52dfe4acbc0e8c42b2f4055a0d1ddcac8b73b622f19a09a0a4ee70e8d9a92629
source_subset/rtl8197/bootcode/boot/rtl83xx_v1dot4/gpio_819x.h,2125,bootloader-switch-init,cdacf10b0189fc8598c2271e5b5bd2b6f41f3516cb501f2c7ecc147fda440583
source_subset/rtl8197/bootcode/boot/rtl83xx_v1dot4/i2c.c,5801,bootloader-switch-init,701e75bf1c94e4536c6b024025daec7fe9eb1998e7c1fc3d93b04e9fd33c9da4
source_subset/rtl8197/bootcode/boot/rtl83xx_v1dot4/i2c.h,4354,bootloader-switch-init,5a39aeea9f820c8a64b6ce20bef01bcde83431e350153466ae516d02a6db466e
source_subset/rtl8197/bootcode/boot/rtl83xx_v1dot4/igmp.c,28086,bootloader-switch-init,7b9f9f16ff8207e5ddc6db019ce69d7d17e7a090a31d41c738bf237f6c6531bf
source_subset/rtl8197/bootcode/boot/rtl83xx_v1dot4/igmp.h,21422,bootloader-switch-init,df7d4da7f38527cc9174691b9a1347369b631c08007b7a93e121e89f73bd9956
source_subset/rtl8197/bootcode/boot/rtl83xx_v1dot4/interrupt.c,8255,bootloader-switch-init,dea077d785f52e258980911aed2a3c713d2d9b457473b165bd319db1f8734888
source_subset/rtl8197/bootcode/boot/rtl83xx_v1dot4/interrupt.h,7773,bootloader-switch-init,e0e1eb01dcab831bbcfb88659b5b2eaff516b7530d888921a8e412c6912c29cc
source_subset/rtl8197/bootcode/boot/rtl83xx_v1dot4/l2.c,48451,bootloader-switch-init,4e15d41e69052a0974a2502cf170424dfd1195d0ef639392c369e9b7aaad2b36
source_subset/rtl8197/bootcode/boot/rtl83xx_v1dot4/l2.h,40033,bootloader-switch-init,7b84c369f8fc5f5a25ab975f768415819d8a024a00984640d66baf03ac8f54d3
source_subset/rtl8197/bootcode/boot/rtl83xx_v1dot4/leaky.c,10534,bootloader-switch-init,06614b4f657c45a942cf056ab71dafe1e08975e6e639e4dbb0b460f404f56c68
source_subset/rtl8197/bootcode/boot/rtl83xx_v1dot4/leaky.h,10833,bootloader-switch-init,488f797c429990f98fe48507a8a67b56a5ade43832461d0a54c20da2d292545e
source_subset/rtl8197/bootcode/boot/rtl83xx_v1dot4/led.c,17267,bootloader-switch-init,48eb48e26bca2a72e46d9b36763039ba223ac6ecbb7a689585967ae144d96c2e
source_subset/rtl8197/bootcode/boot/rtl83xx_v1dot4/led.h,13841,bootloader-switch-init,7aac4cf24c2088ebdb30b67f701046458f63454276779915e7a3d59a219b258a
source_subset/rtl8197/bootcode/boot/rtl83xx_v1dot4/mirror.c,11477,bootloader-switch-init,78365a5f4c7c0f20a9d7cc58609d838c635714c4f58ea646500294495e6b2458
source_subset/rtl8197/bootcode/boot/rtl83xx_v1dot4/mirror.h,8607,bootloader-switch-init,2337e43b3cf1ed04447f052f84304411d937d278fcf847858b223a1b08128ba6
source_subset/rtl8197/bootcode/boot/rtl83xx_v1dot4/oam.c,5214,bootloader-switch-init,2550791f4c38bf4a3fadf8cf23d49709fda1599a9fb346de1c2b111db69135fd
source_subset/rtl8197/bootcode/boot/rtl83xx_v1dot4/oam.h,4097,bootloader-switch-init,9d5b33c0500d4c9d1776fdc3311cbe3a34fcc6e8e9a513cea93b525230898b9b
source_subset/rtl8197/bootcode/boot/rtl83xx_v1dot4/port.c,44500,bootloader-switch-init,3a24127f9664dd8c46ad5c741e8a123d3a70178488341f485c5ab579022d2eae
source_subset/rtl8197/bootcode/boot/rtl83xx_v1dot4/port.h,37236,bootloader-switch-init,66fdaa30a87b54127292a727d24e856cb88fa0f3e6b20fef283c462c5566a7d7
source_subset/rtl8197/bootcode/boot/rtl83xx_v1dot4/ptp.c,17741,bootloader-switch-init,1b93cd3716322b843c820f948b8a9b5713566d785769be9ad9cad1b806b45490
source_subset/rtl8197/bootcode/boot/rtl83xx_v1dot4/ptp.h,14708,bootloader-switch-init,47bd4592735988e64bed20988b21e93c489d45366f81d5bcede400dfc3979fd0
source_subset/rtl8197/bootcode/boot/rtl83xx_v1dot4/qos.c,31797,bootloader-switch-init,b40d4293fb5fff9be6cf7aaddf4d70e76ff42f5a1591d0587ef8e2651a4b3082
source_subset/rtl8197/bootcode/boot/rtl83xx_v1dot4/qos.h,27100,bootloader-switch-init,f71f121ef0c77eb543d247f843fa2efaa3b7abb24069be8cf3e8511b16aa0d0e
source_subset/rtl8197/bootcode/boot/rtl83xx_v1dot4/rate.c,13461,bootloader-switch-init,5e83f39f10ace28815469403261225f86f00f06022cd0e04d99c0043e1d4a131
source_subset/rtl8197/bootcode/boot/rtl83xx_v1dot4/rate.h,10510,bootloader-switch-init,30af9c3de4a4fb9a89aafa92aaaf98750544ff63e3cba89992f7c2d70700810e
source_subset/rtl8197/bootcode/boot/rtl83xx_v1dot4/rldp.c,6196,bootloader-switch-init,5686b7af77c9a6e626b430d7954cdc6c950362663a7ed7f32731351beb35527d
source_subset/rtl8197/bootcode/boot/rtl83xx_v1dot4/rldp.h,6005,bootloader-switch-init,fc5658adcf2944c53453fd8066174d788cb694231ae2fdc2c4d301b0a4aa3df3
source_subset/rtl8197/bootcode/boot/rtl83xx_v1dot4/rtk_api.c,4477,bootloader-switch-init,2a0043ea55073660f030c4bebc57197ddc9014f7658344ecadc2018c85c578f7
source_subset/rtl8197/bootcode/boot/rtl83xx_v1dot4/rtk_error.h,22967,bootloader-switch-init,39071a7e36f9075a465ea7aad98756289175dadba4a074e8b3ad00369ce13ba6
source_subset/rtl8197/bootcode/boot/rtl83xx_v1dot4/rtk_switch.c,22959,bootloader-switch-init,84f8c156b5b7f0b2101b68c4cb7ed892e072e3e7fa5705bc9e6466669074255b
source_subset/rtl8197/bootcode/boot/rtl83xx_v1dot4/rtk_switch.h,21280,bootloader-switch-init,62680a4f78bc5b157297b2ba4fcd81a1f48c0c4d686de9b79ca8298221874ce3
source_subset/rtl8197/bootcode/boot/rtl83xx_v1dot4/rtk_types.h,3214,bootloader-switch-init,a945204503c6f9c608f759766f6fdfcfedf0ebc65c48dadf891d8e2fac02be01
source_subset/rtl8197/bootcode/boot/rtl83xx_v1dot4/smi.c,13248,bootloader-switch-init,d5a5902a194ae7531f6e2b0fbfda6de26813bb2137a27a5acca967f6db4be101
source_subset/rtl8197/bootcode/boot/rtl83xx_v1dot4/smi.h,649,bootloader-switch-init,3396e29487768be1b8437fee7c19b0788a345b4156dd8dbc3a6cf648073c907c
source_subset/rtl8197/bootcode/boot/rtl83xx_v1dot4/stat.c,10698,bootloader-switch-init,86d82bca4fd79a476ce81943d33374ce3a78d830297e1da72b04d4b36ee2e760
source_subset/rtl8197/bootcode/boot/rtl83xx_v1dot4/stat.h,12698,bootloader-switch-init,32c9668d8cfe9c13aab098294e2e22a3b92237f607421111b7a42ea2b42ba35d
source_subset/rtl8197/bootcode/boot/rtl83xx_v1dot4/storm.c,13839,bootloader-switch-init,2c3c8066ff33c677ec0efbe55ae9999b278ad473bd77f12e85ff3adbc6886964
source_subset/rtl8197/bootcode/boot/rtl83xx_v1dot4/storm.h,12128,bootloader-switch-init,6f959f0ab0ca91fce315cd12cd3737b73465387b635a29cc78980f84c2427578
source_subset/rtl8197/bootcode/boot/rtl83xx_v1dot4/svlan.c,38284,bootloader-switch-init,1bbd74b58d6e01779aaebaf0a400d55effe1c355c170d364c2ce5b3b9b693953
source_subset/rtl8197/bootcode/boot/rtl83xx_v1dot4/svlan.h,30153,bootloader-switch-init,e3add05edb1d5a41b510537cee0a271251f9e8bd03b110abb3be51ff43c4c198
source_subset/rtl8197/bootcode/boot/rtl83xx_v1dot4/trap.c,30097,bootloader-switch-init,4afcdc499dc7ed2475a0f3551d509db852c8324c15053265d618297fb1f7e539
source_subset/rtl8197/bootcode/boot/rtl83xx_v1dot4/trap.h,26869,bootloader-switch-init,6dd4be88230a0c78cb6481c7171c85cacff729b3af15ecaf91fa616c15131c6e
source_subset/rtl8197/bootcode/boot/rtl83xx_v1dot4/trunk.c,12749,bootloader-switch-init,0111d9daa2a08e0e73380ad73e3709003acc1a0899e4c97a31b0972b209f3c57
source_subset/rtl8197/bootcode/boot/rtl83xx_v1dot4/trunk.h,10402,bootloader-switch-init,a674d603617770f0fc6d521abeae0129932b160599b1fff69555aabea9b9045c
source_subset/rtl8197/bootcode/boot/rtl83xx_v1dot4/vlan.c,34159,bootloader-switch-init,ec1935c2ce3e70f2dca30ffaf435d939e9a8758b829a0d6075fc88c6d4dad78c
source_subset/rtl8197/bootcode/boot/rtl83xx_v1dot4/vlan.h,27736,bootloader-switch-init,d128001b7e4683e9179ebee27b2d4fb10dac0258ab21bf19ac94703abf7a1492
source_subset/rtl8197/bootcode/config.in,15217,bootloader-config,305f4ff369e4026f0a510c8ea88a83246a4fe809d6ceaa24c55c9bf3784ab52a
source_subset/rtl8197/bootcode/def-rtl8197FS-VSx_8367rb-spi_nand-config,2076,bootloader-config,da9d68ee4a5820a0fcf1be5d9ac19f2ab5c7d20f7586ed347a6003fd77786f16
source_subset/rtl8197/bootcode/def-rtl8197fb_8367rb_8bit_128MBx2-config,1301,bootloader-config,eef58eccfb3e1a0246d2a399910ef4754f7ff1e65148e93b6c1c283560da10b7
source_subset/rtl8197/bootcode/def-rtl8197fb_8367rb_ddr128M-config,1326,bootloader-config,335c1a1cda0334186a7e5956cb4ca9755f6bd0196cecc6380d7a5b26d080539e
source_subset/rtl8197/bootcode/def-rtl8197fb_spinand_8367rb_8bit_128MBx2-config,1822,bootloader-config,30e40007bed2ab71fd659d7ed292548f412463458bbdc21fd4daf3900afb3c67
source_subset/rtl8197/bootcode/def-rtl8197fh_8367rb-config,2273,bootloader-config,f014c44527a40eeef1202972290ffb1bbf6a619c11c70b0d225baf629df86e45
source_subset/rtl8197/bootcode/def-rtl8197fh_vg_8367rb-config,2266,bootloader-config,c079d33e5b0fb325a2befe0b1b847ea364a71780608d39ead898974ec978bd16
source_subset/rtl8197/bootcode/def-rtl8197fh_vg_8367rb_AC21-config,2266,bootloader-config,c079d33e5b0fb325a2befe0b1b847ea364a71780608d39ead898974ec978bd16
source_subset/rtl8197/bootcode/def-rtl8197fh_vg_8367rb_AC8-config,2294,bootloader-config,0c7bdd465960ba145eb91026145ab5f32b293eae82a87d4ef3f2f56ce7ecd2a6
source_subset/rtl8197/bootcode/def-rtl8197fh_vg_8367rb_vc-config,2372,bootloader-config,2eccbfc56d49b08f0f5b3d8fa2f200471acfcb342b410daa57b597ee3b030585
source_subset/rtl8197/bootcode/def-rtl8197fh_vg_8367rb_vc-spi_nand-config,2543,bootloader-config,604ec22f3d7980470093aacbec1682eb7f45bdc4355ea4a17f03b80c42c6795d
source_subset/rtl8197/bootcode/def-rtl8197fs_8367rb-config,1331,bootloader-config,cffbb48775ecd407e58c0917d82bf787f1a934e048c9a721da6039380119f9e7
source_subset/rtl8197/bootcode/def-rtl8197fs_vg_8367rb-config,2255,bootloader-config,220c662d1ab8e1523b69cdc5d96ef7788dcb99db1f5f72f86d6595fcb7ec38ea
source_subset/rtl8197/bootcode/def-rtl8197fs_vg_8367rb-spi_nand_V672-config,2509,bootloader-config,4d2503015d91090cb7fde5e3f792dd4f8937193aca6a010a604e34458e440d90
source_subset/rtl8197/bootcode/def-rtl8197fs_vg_8367rb_V670-config,2227,bootloader-config,e4a941311b549531099ee7c3d3495d69b5c6890af7583cf786f5bd1a9004adcb
source_subset/rtl8197/bootcode/def-rtl8197fs_vg_8367rb_V672-config,2255,bootloader-config,220c662d1ab8e1523b69cdc5d96ef7788dcb99db1f5f72f86d6595fcb7ec38ea
source_subset/rtl8197/bootcode/def-rtl8197fs_vg_8367rb_vc-config,2372,bootloader-config,c895389f3a99e2ceac017f8fd86979ff0c34f29031307b1352907072fb6efdba
source_subset/rtl8197/bootcode/def-rtl8197fs_vg_8367rb_vc-spi_nand-config,2586,bootloader-config,58bde797d3b4ad5cc2096e8cc64de24618ae7183685436ade2c2bd5e896b1390
source_subset/rtl8197/config/setconfig,13253,sonstiges,fd8b2597085cc1fecee663d774213e81e6d6b6cd855e8d12f7cc52789d880bbc
source_subset/rtl8197/rtknet/drivers/net/rtl819x/Kconfig,20196,kernel-netzwerk,6be1b2de9af5344146f90369c95be58baddd6c8ce98e3611843567d15b6f7bdf
source_subset/rtl8197/rtknet/drivers/net/rtl819x/Makefile,3403,kernel-netzwerk,a292f247e85d9eebe0f1eafa5d75ce21a60b9fd2618c99e27232e4221165477c
source_subset/rtl8197/rtknet/drivers/net/rtl819x/common/Makefile,1654,kernel-netzwerk,5b80b9d0dce9458ca37b0bb4f8896cdde4db5989d393dcecd42008a365eb0179
source_subset/rtl8197/rtknet/drivers/net/rtl819x/common/gpio.c,11564,kernel-switch-treiber,3315c844be19b206070743c5004fe444b4cda2d21852a756eeae0b44614ed71a
source_subset/rtl8197/rtknet/drivers/net/rtl819x/common/gpio.h,2023,kernel-switch-treiber,70c4348d26573036f0d748c869e3de7d18c4dc95189d2a0135687361a296f13f
source_subset/rtl8197/rtknet/drivers/net/rtl819x/common/smi.c,18095,kernel-switch-treiber,45e0ad098ffd6d05fc31dd0d4b4b24f2d96f4b11cd773c9989feaab828e67c05
source_subset/rtl8197/rtknet/drivers/net/rtl819x/common/smi.h,460,kernel-switch-treiber,a063118a936163a533da801794f89583112488123d79da71bbeb63e1f311a730
source_subset/rtl8197/rtknet/drivers/net/rtl819x/rtl8367r/Makefile,1601,kernel-switch-treiber,6b0331ecdca4a50b24d867434e113a75a20cfe17c23d50d19b0a56b49c2fa5ab
source_subset/rtl8197/rtknet/drivers/net/rtl819x/rtl8367r/rtk_api.c,786173,kernel-switch-treiber,fcf05d694f3acee2d820ae511934a38aea8892e6e381d4f14e5151bb94493196
source_subset/rtl8197/rtknet/drivers/net/rtl819x/rtl8367r/rtk_api.h,43325,kernel-switch-treiber,c04c9c110d58bbe9163e66b5b51091b4bc3c90e029561b65e847593785f09f7c
source_subset/rtl8197/rtknet/drivers/net/rtl819x/rtl8367r/rtk_api_ext.h,232734,kernel-switch-treiber,7b3051d0ac32e0d624b1467c7484cafc1608c98ed8af10b79e1f0004c8f6411e
source_subset/rtl8197/rtknet/drivers/net/rtl819x/rtl8367r/rtk_error.h,22967,kernel-switch-treiber,39071a7e36f9075a465ea7aad98756289175dadba4a074e8b3ad00369ce13ba6
source_subset/rtl8197/rtknet/drivers/net/rtl819x/rtl8367r/rtk_types.h,1786,kernel-switch-treiber,3e3a391963c9b3dba7c66bd0d06df86f2daf9e6c8935a57b66944082cfcf5bf5
source_subset/rtl8197/rtknet/drivers/net/rtl819x/rtl8367r/rtl8367b_asicdrv.c,14371,kernel-switch-treiber,3b2610186d4460ecb96c43f70b6e07a42ff896eca41212c2996cc41916c54066
source_subset/rtl8197/rtknet/drivers/net/rtl819x/rtl8367r/rtl8367b_asicdrv.h,3757,kernel-switch-treiber,564fb2597870fa0ecacc12f44f9f54076ac101fac72e4b1b72ddbe6a867ad59f
source_subset/rtl8197/rtknet/drivers/net/rtl819x/rtl8367r/rtl8367b_asicdrv_acl.c,31704,kernel-switch-treiber,fade7e833c37146432a1dada39e2f35b579ffab08d325ed25a9a0f701f154a00
source_subset/rtl8197/rtknet/drivers/net/rtl819x/rtl8367r/rtl8367b_asicdrv_acl.h,6356,kernel-switch-treiber,7a28f6aa13f85ed0bbf8303f266e14f225db92e61ffa959ec1bd904683da321a
source_subset/rtl8197/rtknet/drivers/net/rtl819x/rtl8367r/rtl8367b_asicdrv_cputag.c,9608,kernel-switch-treiber,8a8916be4b5d2c58904cf74570a37cebfa971607511f26f944b5442131f5f51b
source_subset/rtl8197/rtknet/drivers/net/rtl819x/rtl8367r/rtl8367b_asicdrv_cputag.h,1373,kernel-switch-treiber,c2c7c55d677c47579cec47cee266a5853179baef868059f083f6ddf8b082f52b
source_subset/rtl8197/rtknet/drivers/net/rtl819x/rtl8367r/rtl8367b_asicdrv_dot1x.c,10905,kernel-switch-treiber,ea1019ef90f3b44d9ab0109ed0695f4b40753434fe843f8a8c0daab60af19289
source_subset/rtl8197/rtknet/drivers/net/rtl819x/rtl8367r/rtl8367b_asicdrv_dot1x.h,1580,kernel-switch-treiber,5e72c66bc37af7ba3aad77ebee8dc4fb9ff4526fe12ce947c0c1d1d3aab1d3ba
source_subset/rtl8197/rtknet/drivers/net/rtl819x/rtl8367r/rtl8367b_asicdrv_eav.c,14687,kernel-switch-treiber,3ceccd43d9f7a4a6da663deb6f05db71da06953a62b98a256d17efaf6131ee16
source_subset/rtl8197/rtknet/drivers/net/rtl819x/rtl8367r/rtl8367b_asicdrv_eav.h,1768,kernel-switch-treiber,21d163db10b0737fb5e63a4996bbe9a8a8f2895589d81583637cb1e366b1fb26
source_subset/rtl8197/rtknet/drivers/net/rtl819x/rtl8367r/rtl8367b_asicdrv_eee.c,3175,kernel-switch-treiber,f99096fc2dc794bce9ba4ab6e4cdfa7c7a91222ef21fdba04f958493edddf630
source_subset/rtl8197/rtknet/drivers/net/rtl819x/rtl8367r/rtl8367b_asicdrv_eee.h,446,kernel-switch-treiber,3d49fb52ec5856a38375ede1f449f7557acf2433308f9025052dd7af6e9ce7a3
source_subset/rtl8197/rtknet/drivers/net/rtl819x/rtl8367r/rtl8367b_asicdrv_fc.c,41418,kernel-switch-treiber,2dceb25ac2e8f356cc6f32f3cddf5b9352bee9ebcb32a177a1a6dadfeb8b8c75
source_subset/rtl8197/rtknet/drivers/net/rtl819x/rtl8367r/rtl8367b_asicdrv_fc.h,5442,kernel-switch-treiber,f97fbbbd44ef97429269442a4fae0e36521dd677bdc2354ea271db810d098c51
source_subset/rtl8197/rtknet/drivers/net/rtl819x/rtl8367r/rtl8367b_asicdrv_green.c,14752,kernel-switch-treiber,78329b177f2255e1ec0cb782fe1213043b7e0cb6012e458340de9bfa9c0acba2
source_subset/rtl8197/rtknet/drivers/net/rtl819x/rtl8367r/rtl8367b_asicdrv_green.h,1067,kernel-switch-treiber,50a6bd2e3fc686770b486deb894565771d751b946b27f5df6549a0ca8beb302b
source_subset/rtl8197/rtknet/drivers/net/rtl819x/rtl8367r/rtl8367b_asicdrv_hsb.c,2715,kernel-switch-treiber,ed219d6b2a845e8b1abaf4d4381da5512e4a1931486abc1fc4a3a43e911174f8
source_subset/rtl8197/rtknet/drivers/net/rtl819x/rtl8367r/rtl8367b_asicdrv_hsb.h,707,kernel-switch-treiber,d3a845919e1df5416186c0245b6ec3f35f6a57d4ea776b45331dba544c67fadb
source_subset/rtl8197/rtknet/drivers/net/rtl819x/rtl8367r/rtl8367b_asicdrv_igmp.c,44282,kernel-switch-treiber,1595d2f48736cf27108fc1f499eb54a372ff9a9f5d95c7b17d16d8db291dd8d7
source_subset/rtl8197/rtknet/drivers/net/rtl819x/rtl8367r/rtl8367b_asicdrv_igmp.h,6446,kernel-switch-treiber,99d17fdedc9d8d0e0af08324b0aa6d36540a0dccbb28737d836c4c206b1cc446
source_subset/rtl8197/rtknet/drivers/net/rtl819x/rtl8367r/rtl8367b_asicdrv_inbwctrl.c,5124,kernel-switch-treiber,01d3b1ef99a381a0c48fe8b01d47be1f77bf913fa9e4e98f53c5259ce28b6723
source_subset/rtl8197/rtknet/drivers/net/rtl819x/rtl8367r/rtl8367b_asicdrv_inbwctrl.h,575,kernel-switch-treiber,33a4de6a9663eef7eaa0d3430f1e8d287351ffbf44f2b9e3fe9f29904c68c805
source_subset/rtl8197/rtknet/drivers/net/rtl819x/rtl8367r/rtl8367b_asicdrv_interrupt.c,5958,kernel-switch-treiber,e74a8e72e6bcbcdca86501b25a8d69c5936c33b0fdbacffc7f6c8915e9d817bf
source_subset/rtl8197/rtknet/drivers/net/rtl819x/rtl8367r/rtl8367b_asicdrv_interrupt.h,1333,kernel-switch-treiber,79f88ef390094f5e5e96522d7bc7ba221d5948abb4ffbf37a2039f864e5adaf0
source_subset/rtl8197/rtknet/drivers/net/rtl819x/rtl8367r/rtl8367b_asicdrv_led.c,18749,kernel-switch-treiber,9f7ba17aab2a269f87b72f43d5205c160530d930a4c5afabd3a91450d350ebb9
source_subset/rtl8197/rtknet/drivers/net/rtl819x/rtl8367r/rtl8367b_asicdrv_led.h,3131,kernel-switch-treiber,821fa36abfb0bc476f2738d808844ca49d66bbdf92da2ce9fb87d41d515fe50f
source_subset/rtl8197/rtknet/drivers/net/rtl819x/rtl8367r/rtl8367b_asicdrv_lut.c,33913,kernel-switch-treiber,07c08d68b4a769287a6cbfe293b78f2b5a965afec78420e957f59448f7719a8f
source_subset/rtl8197/rtknet/drivers/net/rtl819x/rtl8367r/rtl8367b_asicdrv_lut.h,6896,kernel-switch-treiber,0f623a5bbad94fa6644b8dce3ad0f5682ccf609de38b161e24a0d82af215da0e
source_subset/rtl8197/rtknet/drivers/net/rtl819x/rtl8367r/rtl8367b_asicdrv_meter.c,5494,kernel-switch-treiber,7ff30ce65e02e80d9f51d4a6c6231fc9839e621375f88c3a6c5563c46c9b34ef
source_subset/rtl8197/rtknet/drivers/net/rtl819x/rtl8367r/rtl8367b_asicdrv_meter.h,669,kernel-switch-treiber,f17264d1ebd46ac61157b2ac1766f05d2afb4c59149fa897b3b123294b7c3569
source_subset/rtl8197/rtknet/drivers/net/rtl819x/rtl8367r/rtl8367b_asicdrv_mib.c,13036,kernel-switch-treiber,95e69c51733a8be05ef6f51d63b4656a3d67c6bc523e8475eb4d059dbf6067c7
source_subset/rtl8197/rtknet/drivers/net/rtl819x/rtl8367r/rtl8367b_asicdrv_mib.h,3113,kernel-switch-treiber,09f452e32a3b50de96234cf6ed74c8bf9908a8f3cc2c089e063f05572a63fd34
source_subset/rtl8197/rtknet/drivers/net/rtl819x/rtl8367r/rtl8367b_asicdrv_mirror.c,6096,kernel-switch-treiber,623b8b1900b630a84b004198c3fc57147a715673d1f4df218293ab95e085a424
source_subset/rtl8197/rtknet/drivers/net/rtl819x/rtl8367r/rtl8367b_asicdrv_mirror.h,1035,kernel-switch-treiber,7283c5e1acdbeb7c684d4896abac8120e04556708f64361bd0f32600a46ffaf1
source_subset/rtl8197/rtknet/drivers/net/rtl819x/rtl8367r/rtl8367b_asicdrv_misc.c,12289,kernel-switch-treiber,fff1d99a77dfc1c7f9db80da780c1e2f52077fb36ebc34190402c37be83a2b87
source_subset/rtl8197/rtknet/drivers/net/rtl819x/rtl8367r/rtl8367b_asicdrv_misc.h,823,kernel-switch-treiber,24eb2c49573072f43e3329ed544d8f61d711236d32e299ed8ce4a0f12f278c9b
source_subset/rtl8197/rtknet/drivers/net/rtl819x/rtl8367r/rtl8367b_asicdrv_phy.c,14101,kernel-switch-treiber,aeb3dc8daf7b287b42caffd72e1775a2d6a9b6f4e507387d9c8bb03c49641022
source_subset/rtl8197/rtknet/drivers/net/rtl819x/rtl8367r/rtl8367b_asicdrv_phy.h,1143,kernel-switch-treiber,b219075e30a44ebabad37e9a83debf53bacf94b015ff74410a28e77fe194c986
source_subset/rtl8197/rtknet/drivers/net/rtl819x/rtl8367r/rtl8367b_asicdrv_port.c,30044,kernel-switch-treiber,f64bb63ac040caccf47b848962cb79316925233db139c32699e8368110433df9
source_subset/rtl8197/rtknet/drivers/net/rtl819x/rtl8367r/rtl8367b_asicdrv_port.h,6696,kernel-switch-treiber,31269e319e09813314e74c94aa40dc9f1dbc2bc56e7dab248af24b444a5113cb
source_subset/rtl8197/rtknet/drivers/net/rtl819x/rtl8367r/rtl8367b_asicdrv_portIsolation.c,3530,kernel-switch-treiber,0b86f844e44d6082d4c9b911b8ebb14a39a4a1a3126e3fbafb514a89dcbbd5d7
source_subset/rtl8197/rtknet/drivers/net/rtl819x/rtl8367r/rtl8367b_asicdrv_portIsolation.h,543,kernel-switch-treiber,a8cf2ac60b52b0d3680e72ea9a276646a5c306d3632ca4321d011979cc26627b
source_subset/rtl8197/rtknet/drivers/net/rtl819x/rtl8367r/rtl8367b_asicdrv_qos.c,14704,kernel-switch-treiber,d090f4c1a97ddc0137c635042fe904dfabb276b99fe97c43b5ebd6a052248cd9
source_subset/rtl8197/rtknet/drivers/net/rtl819x/rtl8367r/rtl8367b_asicdrv_qos.h,2222,kernel-switch-treiber,4f6c431d79897ce36c7c2b163a340c6ed9eaaade71cb41729f7d4fd599a900a7
source_subset/rtl8197/rtknet/drivers/net/rtl819x/rtl8367r/rtl8367b_asicdrv_rma.c,3098,kernel-switch-treiber,1ca498c62b26a17507e2ee22418db4558b43c2351edc6b4987573249a1aa0461
source_subset/rtl8197/rtknet/drivers/net/rtl819x/rtl8367r/rtl8367b_asicdrv_rma.h,993,kernel-switch-treiber,064e886d87891d5b2e4b62f2184f4f235700212ddcf3f46525e940b84e405803
source_subset/rtl8197/rtknet/drivers/net/rtl819x/rtl8367r/rtl8367b_asicdrv_scheduling.c,13588,kernel-switch-treiber,902871bb8c86b0a6b97a9e18e813ae094b649e7cd709f6841617744b19bbf9c8
source_subset/rtl8197/rtknet/drivers/net/rtl819x/rtl8367r/rtl8367b_asicdrv_scheduling.h,2201,kernel-switch-treiber,5e71f455d2b56ec3ffdaf98c509544680f2461b82069b81dbd7fbe5ff694a673
source_subset/rtl8197/rtknet/drivers/net/rtl819x/rtl8367r/rtl8367b_asicdrv_storm.c,12008,kernel-switch-treiber,fd2f64cfe25859a46114a0eb51cbe0e9199d77cb9a08067d8497a0433f86efde
source_subset/rtl8197/rtknet/drivers/net/rtl819x/rtl8367r/rtl8367b_asicdrv_storm.h,1687,kernel-switch-treiber,8a49949515a0adedf1bace4b4de723196898fc5e1600f58757e15706d1cccc4c
source_subset/rtl8197/rtknet/drivers/net/rtl819x/rtl8367r/rtl8367b_asicdrv_svlan.c,26475,kernel-switch-treiber,00dda17f1ee6a07b392b37a9fa0c7581b083b12bd3320504fef1b93d0f430c4c
source_subset/rtl8197/rtknet/drivers/net/rtl819x/rtl8367r/rtl8367b_asicdrv_svlan.h,6079,kernel-switch-treiber,d74184a69382d05725adbefa4de30f3435c0623731b58fde87c8ff46855e9146
source_subset/rtl8197/rtknet/drivers/net/rtl819x/rtl8367r/rtl8367b_asicdrv_trunking.c,8459,kernel-switch-treiber,53a885ebd517a7affe0a689049e98a05409ac111eea3ab0b1e34c70906a4a92b
source_subset/rtl8197/rtknet/drivers/net/rtl819x/rtl8367r/rtl8367b_asicdrv_trunking.h,1262,kernel-switch-treiber,0c5c0ef971062e80bad6fac1c70959fb72601388eab5d76740d51ab2c00f31d7
source_subset/rtl8197/rtknet/drivers/net/rtl819x/rtl8367r/rtl8367b_asicdrv_unknownMulticast.c,6294,kernel-switch-treiber,b6449a96accd82e92376c09bab723a5fa86c7ca1d71677489d66271f951a49a5
source_subset/rtl8197/rtknet/drivers/net/rtl819x/rtl8367r/rtl8367b_asicdrv_unknownMulticast.h,1424,kernel-switch-treiber,fc348749f76695cd0027c3eb4d95996c0e1faffdd69781bb647bf0b2d314a10b
source_subset/rtl8197/rtknet/drivers/net/rtl819x/rtl8367r/rtl8367b_asicdrv_vlan.c,33010,kernel-switch-treiber,ec64def97b7574510894a0fa01ef82a7e694dc20a22237f82c1a663bba9a2eea
source_subset/rtl8197/rtknet/drivers/net/rtl819x/rtl8367r/rtl8367b_asicdrv_vlan.h,6431,kernel-switch-treiber,048674752c6c92fe9b33a10f84bcd2638664a0fbe758dbf82ecad312d7279e84
source_subset/rtl8197/rtknet/drivers/net/rtl819x/rtl8367r/rtl8367b_base.h,31358,kernel-switch-treiber,1d56972f26cdb972dff47ab62aeef1dda25801c818cbc4938e16ec637c8c00fc
source_subset/rtl8197/rtknet/drivers/net/rtl819x/rtl8367r/rtl8367b_reg.h,794839,kernel-switch-treiber,7942a65f5ff25ee68d766412740370ce77cfcc6fccd134825afc08608b0633e8
source_subset/rtl8197/rtknet/drivers/net/rtl819x/rtl83xx/Makefile,1990,kernel-switch-treiber,109d8c2bf2ed2903ac7666b496bf939aaace3164f55685d1c7e68349ca6ae0bd
source_subset/rtl8197/rtknet/drivers/net/rtl819x/rtl83xx/acl.c,80030,kernel-switch-treiber,d5d0c7a2272c9deeaf07000d4b9780ab05da6d8d6da054169011ec049c7ddcbc
source_subset/rtl8197/rtknet/drivers/net/rtl819x/rtl83xx/acl.h,29753,kernel-switch-treiber,f3b5e61b7552ab7c1c7bbde7c89f25d471ce319ee55495a31dd5cff5867d7064
source_subset/rtl8197/rtknet/drivers/net/rtl819x/rtl83xx/cpu.c,17736,kernel-switch-treiber,1cb9a30d14c6b1c85fecf932e398e942174f95d998321cc8b482354c47d86ec5
source_subset/rtl8197/rtknet/drivers/net/rtl819x/rtl83xx/cpu.h,9580,kernel-switch-treiber,0419555639f2d96adad796928a7eded7ce47d4b9594aadcb3f803fbb3bd1fcc4
source_subset/rtl8197/rtknet/drivers/net/rtl819x/rtl83xx/dot1x.c,30265,kernel-switch-treiber,648f8ab168946bef0bd5a83451c1e319b2a1191778500491c64fb6338d9261bf
source_subset/rtl8197/rtknet/drivers/net/rtl819x/rtl83xx/dot1x.h,16082,kernel-switch-treiber,2ff62cd92719e793c3b24ddafbd7899508e029acfde504a0ed0d9941174f2902
source_subset/rtl8197/rtknet/drivers/net/rtl819x/rtl83xx/eee.c,5154,kernel-switch-treiber,f7f9b4a1d5286104fb0cd8b919b39300d8dd0d5341f719e0164078a0e1ee271f
source_subset/rtl8197/rtknet/drivers/net/rtl819x/rtl83xx/eee.h,2400,kernel-switch-treiber,abc40e7c2052100f38587c02a3ea33591c0d2ec0f9f789b723a16dcbd7b0f2a3
source_subset/rtl8197/rtknet/drivers/net/rtl819x/rtl83xx/i2c.c,12811,kernel-switch-treiber,254ee3e9365f7bf2279aef575b05209c72146115be232c8fb3727cd1743b8fa7
source_subset/rtl8197/rtknet/drivers/net/rtl819x/rtl83xx/i2c.h,4354,kernel-switch-treiber,5a39aeea9f820c8a64b6ce20bef01bcde83431e350153466ae516d02a6db466e
source_subset/rtl8197/rtknet/drivers/net/rtl819x/rtl83xx/igmp.c,51321,kernel-switch-treiber,2e487a23c082bb8b24a4ae42ebde93876dd037c4a730491b1095ddf603498763
source_subset/rtl8197/rtknet/drivers/net/rtl819x/rtl83xx/igmp.h,22193,kernel-switch-treiber,61601549fef932f79d93d9dcb1cedba6b3fc3a616a76e4a805fb457f8db84d0a
source_subset/rtl8197/rtknet/drivers/net/rtl819x/rtl83xx/interrupt.c,14940,kernel-switch-treiber,b59b7f42a365c3a781e8c1a98b84bc58800dc38111a87b06df9db73462d61364
source_subset/rtl8197/rtknet/drivers/net/rtl819x/rtl83xx/interrupt.h,7943,kernel-switch-treiber,98fec29e17d7a6aa89ce146bf2d0e82fd3fdaa2cd2367c48c0fefa17581ef692
source_subset/rtl8197/rtknet/drivers/net/rtl819x/rtl83xx/l2.c,101870,kernel-switch-treiber,b196d7b0dbd70caa6f5cb0524028886824d294718a404de1927ea5375e0c0661
source_subset/rtl8197/rtknet/drivers/net/rtl819x/rtl83xx/l2.h,39573,kernel-switch-treiber,49f3058c4307ddc5d165c400997d26dac69aa9cb2657efc941e7ff94a2207821
source_subset/rtl8197/rtknet/drivers/net/rtl819x/rtl83xx/leaky.c,18195,kernel-switch-treiber,403228468fc5c8f79c69f3b1678f313994e254515b52b6b68c31584954682feb
source_subset/rtl8197/rtknet/drivers/net/rtl819x/rtl83xx/leaky.h,11206,kernel-switch-treiber,12a317a2bc2564262efa6212541bcb0487fe47ba00e7d123e8fd8c5e64fd0962
source_subset/rtl8197/rtknet/drivers/net/rtl819x/rtl83xx/led.c,26418,kernel-switch-treiber,b730621c5ab8c1e16ea2cb929e05c8f8c5acf201bf547063eddea02def156bdd
source_subset/rtl8197/rtknet/drivers/net/rtl819x/rtl83xx/led.h,14295,kernel-switch-treiber,dbde731e93048a5fae83da44761b51b73db5a6119439ac322c303f1166a3dae2
source_subset/rtl8197/rtknet/drivers/net/rtl819x/rtl83xx/mirror.c,19811,kernel-switch-treiber,6fffddeb4002bfc419a296e6a488655cae4be36331667815fb398eb8a4ba238b
source_subset/rtl8197/rtknet/drivers/net/rtl819x/rtl83xx/mirror.h,8881,kernel-switch-treiber,86ef97c71df346526615921318c644b595f467e121c5d3bb877a0201293291cf
source_subset/rtl8197/rtknet/drivers/net/rtl819x/rtl83xx/oam.c,7469,kernel-switch-treiber,9b10c48e7113741420b1a8774755822ce028d3f06da100d83b7a97ed3acbdb5e
source_subset/rtl8197/rtknet/drivers/net/rtl819x/rtl83xx/oam.h,4348,kernel-switch-treiber,002f687a0d4cb0df2148d975e9c8024e90776d655766ab4304e0bac0a9a5c201
source_subset/rtl8197/rtknet/drivers/net/rtl819x/rtl83xx/port.c,88459,kernel-switch-treiber,bfa40e947a50f6855cd76f81a257a2d1933eb1765506fb52aa5df86b0fab4eac
source_subset/rtl8197/rtknet/drivers/net/rtl819x/rtl83xx/port.h,31787,kernel-switch-treiber,e49ae52486d82394cc994d3e0b743657df1413e2af5d632661dfbbf785c9c0fe
source_subset/rtl8197/rtknet/drivers/net/rtl819x/rtl83xx/ptp.c,25302,kernel-switch-treiber,1b370e3839ab71e70b58b94ff0dfd584686f0e965ee50e831440ef51e3b76ef3
source_subset/rtl8197/rtknet/drivers/net/rtl819x/rtl83xx/ptp.h,15221,kernel-switch-treiber,774f52bca5bdbd6cd5b11384e27a3eceb9ed06d53294b729730c3c1d480e8bdc
source_subset/rtl8197/rtknet/drivers/net/rtl819x/rtl83xx/qos.c,50916,kernel-switch-treiber,5b410d7d5fd9b609425efd4d841cb9e7055af72c2c9cbf9c66d03cd8e705b5ae
source_subset/rtl8197/rtknet/drivers/net/rtl819x/rtl83xx/qos.h,26854,kernel-switch-treiber,5c2432894093de8ce56c4f7b0106e3d6b994d7a9e45fc77b2e39a86dd0fc4805
source_subset/rtl8197/rtknet/drivers/net/rtl819x/rtl83xx/rate.c,22201,kernel-switch-treiber,7f66f43ae84b7e62ad05352eedd899a952113697a949aa3a0e923a273331d754
source_subset/rtl8197/rtknet/drivers/net/rtl819x/rtl83xx/rate.h,10929,kernel-switch-treiber,5f59050b17dd8fdff52a70c55be24ec6f7ad75df025196a94137af360c67028d
source_subset/rtl8197/rtknet/drivers/net/rtl819x/rtl83xx/rldp.c,13764,kernel-switch-treiber,088bd5ed7e34835cd3931d07bf04afb418cd3242f2eb63bca2a1151cd95f0dc5
source_subset/rtl8197/rtknet/drivers/net/rtl819x/rtl83xx/rldp.h,6271,kernel-switch-treiber,a065966746470080e042671a6c646ab4168a106aa428e8f77719e9b971c9142d
source_subset/rtl8197/rtknet/drivers/net/rtl819x/rtl83xx/rtk_api.c,135304,kernel-switch-treiber,f005e570e183edc5f2f66e18183242402d7fc37381f386b93a13361288770424
source_subset/rtl8197/rtknet/drivers/net/rtl819x/rtl83xx/rtk_api.h,3472,kernel-switch-treiber,e8d7342fc05b360ecc837c9aa264626d5f72355029b405221591f340a1722581
source_subset/rtl8197/rtknet/drivers/net/rtl819x/rtl83xx/rtk_error.h,23028,kernel-switch-treiber,fc8a602009f1ed7197a2c60abef52722c876bf1ff2b7320e5e2d7a219de688b8
source_subset/rtl8197/rtknet/drivers/net/rtl819x/rtl83xx/rtk_switch.c,58461,kernel-switch-treiber,b4ffcfbb41172d7a395a3458333fe3cccdb332aad7c7a7c26fbcd555ba92e30d
source_subset/rtl8197/rtknet/drivers/net/rtl819x/rtl83xx/rtk_switch.h,23062,kernel-switch-treiber,98558ade2126fea2aeb21b5a0d2aa79a15f86448c574d5a191c7e5891bbf75d9
source_subset/rtl8197/rtknet/drivers/net/rtl819x/rtl83xx/rtk_types.h,3214,kernel-switch-treiber,a945204503c6f9c608f759766f6fdfcfedf0ebc65c48dadf891d8e2fac02be01
source_subset/rtl8197/rtknet/drivers/net/rtl819x/rtl83xx/rtl8367c_asicdrv.c,15369,kernel-switch-treiber,4e281c2ebd8de0672337643a96bab1ae8b87cb2b638657d7c92cbba095dc25fb
source_subset/rtl8197/rtknet/drivers/net/rtl819x/rtl83xx/rtl8367c_asicdrv.h,3549,kernel-switch-treiber,bb349d5c38b62a97d60f9806a5c2cd38d1ae8541dd38c8957d2425c59153f60d
source_subset/rtl8197/rtknet/drivers/net/rtl819x/rtl83xx/rtl8367c_asicdrv_acl.c,37355,kernel-switch-treiber,de2f0ecf4052ddb170da099d01cce32485c4ec727493ba045dafbea2cc78490c
source_subset/rtl8197/rtknet/drivers/net/rtl819x/rtl83xx/rtl8367c_asicdrv_acl.h,6249,kernel-switch-treiber,502995ec9f7ba711fff667733dadb26f205168a337a8114df5cf7cc330475d7d
source_subset/rtl8197/rtknet/drivers/net/rtl819x/rtl83xx/rtl8367c_asicdrv_cputag.c,10391,kernel-switch-treiber,fa4ba8dd589e0567c70878d2a7ed30614520878681ce71b195b43ca817ad6922
source_subset/rtl8197/rtknet/drivers/net/rtl819x/rtl83xx/rtl8367c_asicdrv_cputag.h,1373,kernel-switch-treiber,1a19d3752a7f40532ecc1584bbc665ac348539ab97bd6083fc98d2a25bd4a317
source_subset/rtl8197/rtknet/drivers/net/rtl819x/rtl83xx/rtl8367c_asicdrv_dot1x.c,11546,kernel-switch-treiber,817f19fd067869ca0c7b8c088ac3eea506d0c91f935415ec22db20967ad91b3c
source_subset/rtl8197/rtknet/drivers/net/rtl819x/rtl83xx/rtl8367c_asicdrv_dot1x.h,1580,kernel-switch-treiber,297684e4aa50b1b7f42f1759329e507f4cd3f25fd4fb0c33582f6d21e3c6c596
source_subset/rtl8197/rtknet/drivers/net/rtl819x/rtl83xx/rtl8367c_asicdrv_eav.c,27493,kernel-switch-treiber,48722175ca1e2ae655652735f675a70bb49100cbc26a24edba3ddcb33fde620e
source_subset/rtl8197/rtknet/drivers/net/rtl819x/rtl83xx/rtl8367c_asicdrv_eav.h,3292,kernel-switch-treiber,3f4f3bcc4faa2f51297d01855640156175aa7c2b591501fac54f55f5f701cf30
source_subset/rtl8197/rtknet/drivers/net/rtl819x/rtl83xx/rtl8367c_asicdrv_eee.c,4126,kernel-switch-treiber,e021cae6c14fa54f2ae41eb593b89373773a17300912a425d039149a2db546ca
source_subset/rtl8197/rtknet/drivers/net/rtl819x/rtl83xx/rtl8367c_asicdrv_eee.h,486,kernel-switch-treiber,84011ac5a4b4164ed4bd3562634eaa66e28124ad71918e6b1f9a7f7a93056cfc
source_subset/rtl8197/rtknet/drivers/net/rtl819x/rtl83xx/rtl8367c_asicdrv_fc.c,42174,kernel-switch-treiber,336b54b5c1aa482f0355b5f596a632d0e72d93221422c757ab2e5f91ccae8955
source_subset/rtl8197/rtknet/drivers/net/rtl819x/rtl83xx/rtl8367c_asicdrv_fc.h,5437,kernel-switch-treiber,288eb9e096b276ea17653baba8446ff0f401376f59e3c2b914459299d5d211d8
source_subset/rtl8197/rtknet/drivers/net/rtl819x/rtl83xx/rtl8367c_asicdrv_green.c,13261,kernel-switch-treiber,5d1caf481c8eac04b612c706d70bacfd5d38e9aa799966a44ff7abdac632e7f1
source_subset/rtl8197/rtknet/drivers/net/rtl819x/rtl83xx/rtl8367c_asicdrv_green.h,987,kernel-switch-treiber,61076fecbd89237fa5280a5946c83ae12ffb0b9a76dec6da05c15674556daef1
source_subset/rtl8197/rtknet/drivers/net/rtl819x/rtl83xx/rtl8367c_asicdrv_hsb.c,2801,kernel-switch-treiber,93202a5e6f7a526de57e65ce910ca76c74cf70c7bcc14c0bcd477c392acf70f6
source_subset/rtl8197/rtknet/drivers/net/rtl819x/rtl83xx/rtl8367c_asicdrv_hsb.h,725,kernel-switch-treiber,14d11bb65d2469faa56044a8bd6904f698aae056ec23ae5263bcf7ad82154fcf
source_subset/rtl8197/rtknet/drivers/net/rtl819x/rtl83xx/rtl8367c_asicdrv_i2c.c,11495,kernel-switch-treiber,25589ab38209ac6877af628730fa90c7e98a57452431e643f877bbda7abc21ce
source_subset/rtl8197/rtknet/drivers/net/rtl819x/rtl83xx/rtl8367c_asicdrv_i2c.h,877,kernel-switch-treiber,98fa9659efb14ddb849f99f91ddae9e1efcc4a3aefc08638850c85749fed4740
source_subset/rtl8197/rtknet/drivers/net/rtl819x/rtl83xx/rtl8367c_asicdrv_igmp.c,55720,kernel-switch-treiber,34df1789510194840baf446c93ae0b9c1698f2849470bef419ba7cb2cc84af80
source_subset/rtl8197/rtknet/drivers/net/rtl819x/rtl83xx/rtl8367c_asicdrv_igmp.h,6023,kernel-switch-treiber,8b78f44b76e066e14eb6bc61d6df88787554ac80810918d3e5830217cb077126
source_subset/rtl8197/rtknet/drivers/net/rtl819x/rtl83xx/rtl8367c_asicdrv_inbwctrl.c,5474,kernel-switch-treiber,1d031d286d2e037d8ea994a109911445aac78c428e7415c59013029b9e52adec
source_subset/rtl8197/rtknet/drivers/net/rtl819x/rtl83xx/rtl8367c_asicdrv_inbwctrl.h,575,kernel-switch-treiber,43637a4da415d2167c012631ce8cc9e13ba38a6455a220fb65101cb06cad90ce
source_subset/rtl8197/rtknet/drivers/net/rtl819x/rtl83xx/rtl8367c_asicdrv_interrupt.c,6831,kernel-switch-treiber,ef2e7a4f5aa1de387cd903250b3c093a16459ea4a5a7658a6f7338e6edc473f5
source_subset/rtl8197/rtknet/drivers/net/rtl819x/rtl83xx/rtl8367c_asicdrv_interrupt.h,1399,kernel-switch-treiber,995bf68ce2b48ab2fc9ccc0562075200537a49f86b0a0b193abc767e93840f49
source_subset/rtl8197/rtknet/drivers/net/rtl819x/rtl83xx/rtl8367c_asicdrv_led.c,23438,kernel-switch-treiber,a228a7ac984e76d3ed9b302bb16eb5cb3ab7d15f71dce8ea3ba69064511b2633
source_subset/rtl8197/rtknet/drivers/net/rtl819x/rtl83xx/rtl8367c_asicdrv_led.h,3479,kernel-switch-treiber,0fd1989f5286342f96dcf42aabb1ee127756cfbd289795437b047a60eb1cef8f
source_subset/rtl8197/rtknet/drivers/net/rtl819x/rtl83xx/rtl8367c_asicdrv_lut.c,46185,kernel-switch-treiber,245a1b48773588f7286eacbea2aec7d42ed013b79bda98a92633a1acf8d1fdcc
source_subset/rtl8197/rtknet/drivers/net/rtl819x/rtl83xx/rtl8367c_asicdrv_lut.h,5133,kernel-switch-treiber,cbfc4901e7eb9d7148028af4122f02619a5e916a26355b24ab9db1f4a6d37044
source_subset/rtl8197/rtknet/drivers/net/rtl819x/rtl83xx/rtl8367c_asicdrv_meter.c,9267,kernel-switch-treiber,93d8532ec83a9f4b85af794133b270bd9a43ae9854d878ff0c06fb009507f6af
source_subset/rtl8197/rtknet/drivers/net/rtl819x/rtl83xx/rtl8367c_asicdrv_meter.h,831,kernel-switch-treiber,4d9188cc422bc4660855d06e4facc2c48851ad8f93a4c67fef661035e7cf9f78
source_subset/rtl8197/rtknet/drivers/net/rtl819x/rtl83xx/rtl8367c_asicdrv_mib.c,15904,kernel-switch-treiber,7bf0c8efa631f59c7a23ff600f3a78d93d8ec0b27de7aa09d61445d42d7441a0
source_subset/rtl8197/rtknet/drivers/net/rtl819x/rtl83xx/rtl8367c_asicdrv_mib.h,3477,kernel-switch-treiber,0c2390bbd9e4047f724d4d2c574a627cac4c7fcc459400402f033f3839a639ac
source_subset/rtl8197/rtknet/drivers/net/rtl819x/rtl83xx/rtl8367c_asicdrv_mirror.c,13568,kernel-switch-treiber,94e91ac9e883de6806606962d186e3b5fa0d0362984e3baeeffaa06efe59ad73
source_subset/rtl8197/rtknet/drivers/net/rtl819x/rtl83xx/rtl8367c_asicdrv_mirror.h,2005,kernel-switch-treiber,aac2cf2a8befd4c48110d749a5801b74c0abb6d0f991d90e194a2b8b1a738af1
source_subset/rtl8197/rtknet/drivers/net/rtl819x/rtl83xx/rtl8367c_asicdrv_misc.c,6548,kernel-switch-treiber,37e87a0c9062e40a54e9d05375d48951018c65586f94a03ffcd6b6d15edf0007
source_subset/rtl8197/rtknet/drivers/net/rtl819x/rtl83xx/rtl8367c_asicdrv_misc.h,813,kernel-switch-treiber,ae3083080e940660fb09877eef99d04cf2add6643b259240571df82d1a560181
source_subset/rtl8197/rtknet/drivers/net/rtl819x/rtl83xx/rtl8367c_asicdrv_oam.c,5500,kernel-switch-treiber,e357b0ebcdd6227849c1eda35f56ced61f6acd6a49942dfcb0e2f7b0313b8a76
source_subset/rtl8197/rtknet/drivers/net/rtl819x/rtl83xx/rtl8367c_asicdrv_oam.h,879,kernel-switch-treiber,09a53fc30f80e91151e12ad6b308fa5928238ab7fed025269d074da6b7142e11
source_subset/rtl8197/rtknet/drivers/net/rtl819x/rtl83xx/rtl8367c_asicdrv_phy.c,12412,kernel-switch-treiber,829f9230fa3b9152e7db9a4a51053e85e43974932e5f07fa656148643b80d94b
source_subset/rtl8197/rtknet/drivers/net/rtl819x/rtl83xx/rtl8367c_asicdrv_phy.h,1179,kernel-switch-treiber,daae12af33b378cf1f81381345ef34aa1b3546edc41ac9b7ced2bc60379791de
source_subset/rtl8197/rtknet/drivers/net/rtl819x/rtl83xx/rtl8367c_asicdrv_port.c,214320,kernel-switch-treiber,8de498d72b42665219b00cb5c4ddc8b29309c2868bf73676cc11a4addef5e89b
source_subset/rtl8197/rtknet/drivers/net/rtl819x/rtl83xx/rtl8367c_asicdrv_port.h,6910,kernel-switch-treiber,19cf8ed86258a91fb1c728dc733bffffe95d49c0c9637a6f025ca740a6bfc9e2
source_subset/rtl8197/rtknet/drivers/net/rtl819x/rtl83xx/rtl8367c_asicdrv_portIsolation.c,3609,kernel-switch-treiber,0efb00016769eb1d988c1e2e55f59086824c46bf7f14c802102f330e380532e9
source_subset/rtl8197/rtknet/drivers/net/rtl819x/rtl83xx/rtl8367c_asicdrv_portIsolation.h,543,kernel-switch-treiber,5a6f3855bf6cdd6aa9b6063f9f4f43b227367eeaa31344bc13946bd38de992b8
source_subset/rtl8197/rtknet/drivers/net/rtl819x/rtl83xx/rtl8367c_asicdrv_qos.c,23246,kernel-switch-treiber,b32be8baef02285e25e0471c75812601f702ff00a13b888c1edff6aa9a19433c
source_subset/rtl8197/rtknet/drivers/net/rtl819x/rtl83xx/rtl8367c_asicdrv_qos.h,3271,kernel-switch-treiber,3fa4aa26de6a041ba136b22c67e61b4573034f811719cf2cfd05a4d2b447228a
source_subset/rtl8197/rtknet/drivers/net/rtl819x/rtl83xx/rtl8367c_asicdrv_rldp.c,17741,kernel-switch-treiber,42278216faa1ba74b13fed91a22e36a86c6ce86873003e1f850705605d0a2296
source_subset/rtl8197/rtknet/drivers/net/rtl819x/rtl83xx/rtl8367c_asicdrv_rldp.h,2289,kernel-switch-treiber,f02d765a97ca4f9b68e3ab90c273b8699332b74b3427d9e8105c03c3ebdccad1
source_subset/rtl8197/rtknet/drivers/net/rtl819x/rtl83xx/rtl8367c_asicdrv_rma.c,11341,kernel-switch-treiber,b56465ec862a889b1f65425f3a156334de30002466e5583dcabf5f8a4d9c041e
source_subset/rtl8197/rtknet/drivers/net/rtl819x/rtl83xx/rtl8367c_asicdrv_rma.h,1133,kernel-switch-treiber,421e0dca76ab64fa4592dba8d43f42830acaff428e3fdf9c6f8c420b1abcc6ec
source_subset/rtl8197/rtknet/drivers/net/rtl819x/rtl83xx/rtl8367c_asicdrv_scheduling.c,14422,kernel-switch-treiber,b110a940bad66adc7c5e775a7f3881a89e553a50865fa97cd6fd31190242e248
source_subset/rtl8197/rtknet/drivers/net/rtl819x/rtl83xx/rtl8367c_asicdrv_scheduling.h,2207,kernel-switch-treiber,b76e5dfe880fc5abd8d28ee6c3894b038931bfeeffc058623938b70edfc0c193
source_subset/rtl8197/rtknet/drivers/net/rtl819x/rtl83xx/rtl8367c_asicdrv_storm.c,24722,kernel-switch-treiber,51e7f0ae432e59944dd373caebfb9ca37f15ad5f9f95224350d568ba4a15246d
source_subset/rtl8197/rtknet/drivers/net/rtl819x/rtl83xx/rtl8367c_asicdrv_storm.h,3170,kernel-switch-treiber,94ca89384ab2d55ebb824cab017e47aa9765fa78ee754fde4217e5665999bbb7
source_subset/rtl8197/rtknet/drivers/net/rtl819x/rtl83xx/rtl8367c_asicdrv_svlan.c,29187,kernel-switch-treiber,06664f93e281f7be9045d67c28c6b92016c16729c9991a030d15058ca504faa3
source_subset/rtl8197/rtknet/drivers/net/rtl819x/rtl83xx/rtl8367c_asicdrv_svlan.h,4179,kernel-switch-treiber,93a9c6411501e8c28e5eb400846afb367614fabe791ea841d631993ac2d63196
source_subset/rtl8197/rtknet/drivers/net/rtl819x/rtl83xx/rtl8367c_asicdrv_trunking.c,10912,kernel-switch-treiber,b9ae0fe82b36cfdcc51d1bbd8b4e5c7326eff49da1b51547484e8dae81634f6f
source_subset/rtl8197/rtknet/drivers/net/rtl819x/rtl83xx/rtl8367c_asicdrv_trunking.h,1491,kernel-switch-treiber,5f63eaf3b8329b2627a4f6a60973dbe289541a6da06a5f420f3490387e2f0469
source_subset/rtl8197/rtknet/drivers/net/rtl819x/rtl83xx/rtl8367c_asicdrv_unknownMulticast.c,7112,kernel-switch-treiber,76c096ffd8cde3d334da47cd2cf519a40eeb508b0dab1a9ec54479fcbfe8ba5c
source_subset/rtl8197/rtknet/drivers/net/rtl819x/rtl83xx/rtl8367c_asicdrv_unknownMulticast.h,1436,kernel-switch-treiber,f0ac96a92a1597ffdfb79f856936d83dbc7e6da2ab8658b40abb9b9a81257e11
source_subset/rtl8197/rtknet/drivers/net/rtl819x/rtl83xx/rtl8367c_asicdrv_vlan.c,47199,kernel-switch-treiber,a834ee6799a8856a05645287e059d42d7c1ffd0ba2c5762c3bc20b7ee64b8e7b
source_subset/rtl8197/rtknet/drivers/net/rtl819x/rtl83xx/rtl8367c_asicdrv_vlan.h,5486,kernel-switch-treiber,ab883fc3184e914fb9556857bd7583fdf170a8dcab2433627ea1f0e6cab279c6
source_subset/rtl8197/rtknet/drivers/net/rtl819x/rtl83xx/rtl8367c_base.h,39628,kernel-switch-treiber,a3dc350511b6b8bc7128d70f5503322e68633cf870dbe2090e6d484ec5f62b9e
source_subset/rtl8197/rtknet/drivers/net/rtl819x/rtl83xx/rtl8367c_phy_test.c,7319,kernel-switch-treiber,04f7ab594066a43b89d30b786bb48a7edc2f74631da05d7cffc6c79c733e7acd
source_subset/rtl8197/rtknet/drivers/net/rtl819x/rtl83xx/rtl8367c_reg.h,1089392,kernel-switch-treiber,8ce78067a7b57531b40d0c28a847b47590235098e191de7a1162421ae6371c7a
source_subset/rtl8197/rtknet/drivers/net/rtl819x/rtl83xx/smi.c,11224,kernel-switch-treiber,fd06d7fcd4c6bcb18104529166278275b7c934ac2af6b21b123a0456a3b7fd7d
source_subset/rtl8197/rtknet/drivers/net/rtl819x/rtl83xx/smi.h,1139,kernel-switch-treiber,5d1c7a72b4f838696358688f30ce54a1490bf43822bba4075f2b7650d59ebc3c
source_subset/rtl8197/rtknet/drivers/net/rtl819x/rtl83xx/stat.c,25457,kernel-switch-treiber,7a07a64f9bd5fd66f48dcfde56c2c02d8df19675ab94df93bb66be14b8ba6b78
source_subset/rtl8197/rtknet/drivers/net/rtl819x/rtl83xx/stat.h,13133,kernel-switch-treiber,e4303f0263e02840fd3a483172a079cf8705a9814e23e3ac1f52a02d5c94c7e6
source_subset/rtl8197/rtknet/drivers/net/rtl819x/rtl83xx/storm.c,28204,kernel-switch-treiber,422c48874fe74dbe5c47f2f28f3ca467fc1cc8efe6e5e9938f2b75fd3abf7341
source_subset/rtl8197/rtknet/drivers/net/rtl819x/rtl83xx/storm.h,12773,kernel-switch-treiber,8a410add5c58f26865eb72a68a64867fb908caba7e25239a6914a9c64bfe3bd8
source_subset/rtl8197/rtknet/drivers/net/rtl819x/rtl83xx/string.h,25,kernel-switch-treiber,fbebe77f2584c4df3014bfa2007cdf80457b612c78a1f7b77e464f608c10bb00
source_subset/rtl8197/rtknet/drivers/net/rtl819x/rtl83xx/svlan.c,82825,kernel-switch-treiber,1e2714891f95daa30b84731b0a046fd3df70d49ba943d1e9625e605b05dd680a
source_subset/rtl8197/rtknet/drivers/net/rtl819x/rtl83xx/svlan.h,31561,kernel-switch-treiber,ba019f1985f8186b3976ac6c5d3e1f65e94ba836fb2fb35b971dcf4279f71531
source_subset/rtl8197/rtknet/drivers/net/rtl819x/rtl83xx/trap.c,41598,kernel-switch-treiber,08881ff027df79deb7e001dcc6528fab4a10f89b89f8f9f5624b79a0dcff4d3c
source_subset/rtl8197/rtknet/drivers/net/rtl819x/rtl83xx/trap.h,24214,kernel-switch-treiber,20b97ae865db53b95cdb38e2ba13cf4ac48f6b0ec98136daa5d8e424d6282339
source_subset/rtl8197/rtknet/drivers/net/rtl819x/rtl83xx/trunk.c,21137,kernel-switch-treiber,868a1ea9a8a71cbbfcbfa3f8dba6d19d9dbdf6417924faa99ecd47108c5e5efa
source_subset/rtl8197/rtknet/drivers/net/rtl819x/rtl83xx/trunk.h,10732,kernel-switch-treiber,c07a746e7216742d375292c4ae3e969d539865c43a24037364d8769d3e79a150
source_subset/rtl8197/rtknet/drivers/net/rtl819x/rtl83xx/vlan.c,73074,kernel-switch-treiber,f278278d966b0ef777c171b5f1bb3d78d8288fb4a1ac6035b33541bab5da3458
source_subset/rtl8197/rtknet/drivers/net/rtl819x/rtl83xx/vlan.h,29295,kernel-switch-treiber,bd1a2b08397a9add3d7d55d64fb0f3a1582e55f22dc81cd0e9ce357dbec395fc
source_subset/rtl8197/rtknet/drivers/net/rtl819x/rtl83xx_v1dot4/Makefile,4688,kernel-switch-treiber,54450ad19d08b1c97bceadde89ce6b1f5441527323c533b4b47872f87370f57b
source_subset/rtl8197/rtknet/drivers/net/rtl819x/rtl83xx_v1dot4/acl.c,21252,kernel-switch-treiber,db286634d9b8d508d55a53d800afd2a1a47ae5cc6a2c633ada32ee881bb469d4
source_subset/rtl8197/rtknet/drivers/net/rtl819x/rtl83xx_v1dot4/acl.h,28835,kernel-switch-treiber,e8886ba47bca54b13f714fa34f570e2166a2dd8788fb1972c27c0c84b01ec69d
source_subset/rtl8197/rtknet/drivers/net/rtl819x/rtl83xx_v1dot4/chip.c,16831,kernel-switch-treiber,888cf1a9489aa1a9cdbd1178a25da4374a71c0c39568b508db6a0bf19f419676
source_subset/rtl8197/rtknet/drivers/net/rtl819x/rtl83xx_v1dot4/chip.h,2156,kernel-switch-treiber,c72936f72dfd822bcb6ebb9e44d01620805ca5d695e3507004f2a1c10f5ae064
source_subset/rtl8197/rtknet/drivers/net/rtl819x/rtl83xx_v1dot4/cpu.c,12047,kernel-switch-treiber,c69932d3d8801b22dc84b507d216ba112b351e4c09ae5ccc9009dce8507e6c03
source_subset/rtl8197/rtknet/drivers/net/rtl819x/rtl83xx_v1dot4/cpu.h,9280,kernel-switch-treiber,914657eff56ea19df656169b3b6e3c7b864f3d612fe36a5b0a0edbf571c5654b
source_subset/rtl8197/rtknet/drivers/net/rtl819x/rtl83xx_v1dot4/dal/dal_mapper.h,36933,kernel-switch-treiber,90dd79695c2db573d785887125bf0a7d7612bd814f125e67538738c716f97c91
source_subset/rtl8197/rtknet/drivers/net/rtl819x/rtl83xx_v1dot4/dal/dal_mgmt.c,2306,kernel-switch-treiber,1f1d5cf432276ccec7129eaec733d1fca52784aace850ced8c97d1885840b31b
source_subset/rtl8197/rtknet/drivers/net/rtl819x/rtl83xx_v1dot4/dal/dal_mgmt.h,1680,kernel-switch-treiber,45fc4c1600f50010020cf72b7f094a06deae12396253bda6163eac42121aea9f
source_subset/rtl8197/rtknet/drivers/net/rtl819x/rtl83xx_v1dot4/dal/rtl8367c/dal_rtl8367c_acl.c,72086,kernel-switch-treiber,4419c820a28a411c5b0ac38cf12bf8d25e55d140f9db46329f34f9fd5409f2f2
source_subset/rtl8197/rtknet/drivers/net/rtl819x/rtl83xx_v1dot4/dal/rtl8367c/dal_rtl8367c_acl.h,16127,kernel-switch-treiber,5fd82c0e2b7142fce78c3ebcfd82af536066a05f6f45957f4d477b89efc0e7ce
source_subset/rtl8197/rtknet/drivers/net/rtl819x/rtl83xx_v1dot4/dal/rtl8367c/dal_rtl8367c_cpu.c,14214,kernel-switch-treiber,5b758e6f9f928992184da5a4d3041c765b41266b0829f15f81cba6596286167b
source_subset/rtl8197/rtknet/drivers/net/rtl819x/rtl83xx_v1dot4/dal/rtl8367c/dal_rtl8367c_cpu.h,8994,kernel-switch-treiber,cdc2ce92364364976b7549a9d3eb8c84df3dfec722ea0c70ff31e1753c0676c0
source_subset/rtl8197/rtknet/drivers/net/rtl819x/rtl83xx_v1dot4/dal/rtl8367c/dal_rtl8367c_dot1x.c,24453,kernel-switch-treiber,4e268c7b06ece32116cdfdc33db104583cbe098c3a41c0ad6c4239ba13901c87
source_subset/rtl8197/rtknet/drivers/net/rtl819x/rtl83xx_v1dot4/dal/rtl8367c/dal_rtl8367c_dot1x.h,15531,kernel-switch-treiber,13f590cbce1fae3c2b6956c3e10fe5d362c4fc9b58a56666b604747f5a4f1665
source_subset/rtl8197/rtknet/drivers/net/rtl819x/rtl83xx_v1dot4/dal/rtl8367c/dal_rtl8367c_eee.c,4328,kernel-switch-treiber,25915eb39b2ccdcb960df87c40ff8af197db6cf09b2f075474f183ef3573ccda
source_subset/rtl8197/rtknet/drivers/net/rtl819x/rtl83xx_v1dot4/dal/rtl8367c/dal_rtl8367c_eee.h,2385,kernel-switch-treiber,09207f4cd760b1dddd45e129874bbef1f60a2e5d72a8854c6cd03c2b7bfe6f0c
source_subset/rtl8197/rtknet/drivers/net/rtl819x/rtl83xx_v1dot4/dal/rtl8367c/dal_rtl8367c_i2c.c,10991,kernel-switch-treiber,335622514429b8b9cdf04d6e06a1a317906f87384c6d382e7dd8bb4e1d4aa33a
source_subset/rtl8197/rtknet/drivers/net/rtl819x/rtl83xx_v1dot4/dal/rtl8367c/dal_rtl8367c_i2c.h,4258,kernel-switch-treiber,d55016fb6cc87a95b538d51a4fc62405d29d916dfcb70de95cdcca9335410a18
source_subset/rtl8197/rtknet/drivers/net/rtl819x/rtl83xx_v1dot4/dal/rtl8367c/dal_rtl8367c_igmp.c,41196,kernel-switch-treiber,bf24c1e05fcfe8c7b29c43626111669d8ab54ed7e30d7a33473ce99a58f87a52
source_subset/rtl8197/rtknet/drivers/net/rtl819x/rtl83xx_v1dot4/dal/rtl8367c/dal_rtl8367c_igmp.h,20049,kernel-switch-treiber,53bbefb20e568d87e6800f9914071497d254f1392722f4fd3b3feedb28f7d88a
source_subset/rtl8197/rtknet/drivers/net/rtl819x/rtl83xx_v1dot4/dal/rtl8367c/dal_rtl8367c_interrupt.c,12972,kernel-switch-treiber,1d2593c01f020070bcd14d52c9a548b0860436c1b453382c95058b98b5f06d00
source_subset/rtl8197/rtknet/drivers/net/rtl819x/rtl83xx_v1dot4/dal/rtl8367c/dal_rtl8367c_interrupt.h,6715,kernel-switch-treiber,0115e2e7e95b2c301eff877e7a5570d989f7a9d2138f95606ee59ec3050eec87
source_subset/rtl8197/rtknet/drivers/net/rtl819x/rtl83xx_v1dot4/dal/rtl8367c/dal_rtl8367c_l2.c,87860,kernel-switch-treiber,6ca34d2bd429af5df29681fcb5e4cc232133a6b29c53165646b79c537e6e1cc9
source_subset/rtl8197/rtknet/drivers/net/rtl819x/rtl83xx_v1dot4/dal/rtl8367c/dal_rtl8367c_l2.h,35693,kernel-switch-treiber,4c35af66697fb9368bdf019a3b615f821d9a45ef234f9bb5e9954f75c9bbb6c4
source_subset/rtl8197/rtknet/drivers/net/rtl819x/rtl83xx_v1dot4/dal/rtl8367c/dal_rtl8367c_leaky.c,16614,kernel-switch-treiber,c3c1d6e75d81905f0e524e2ee53f62ae5d8aec04d92cf0ff90191d5930bccf5c
source_subset/rtl8197/rtknet/drivers/net/rtl819x/rtl83xx_v1dot4/dal/rtl8367c/dal_rtl8367c_leaky.h,9633,kernel-switch-treiber,91ee731f8edf2346d90a3ecadc19d2a4304e3c796cb2bb5db7dc5f6a7e7defda
source_subset/rtl8197/rtknet/drivers/net/rtl819x/rtl83xx_v1dot4/dal/rtl8367c/dal_rtl8367c_led.c,21756,kernel-switch-treiber,0a4279045a4650b569963600c869dfe4a8a5128aad6c0bb70fd5e500f55baafb
source_subset/rtl8197/rtknet/drivers/net/rtl819x/rtl83xx_v1dot4/dal/rtl8367c/dal_rtl8367c_led.h,12891,kernel-switch-treiber,50c94061ff4a14eefce221cb3b67c05ae3284c1da9b9ee45b77db5f61f23f367
source_subset/rtl8197/rtknet/drivers/net/rtl819x/rtl83xx_v1dot4/dal/rtl8367c/dal_rtl8367c_mapper.c,32851,kernel-switch-treiber,4d5e7043fe0cd6843d08c45e6bfec9ad86b4d57da6cdfa552ebe22011afb8c30
source_subset/rtl8197/rtknet/drivers/net/rtl819x/rtl83xx_v1dot4/dal/rtl8367c/dal_rtl8367c_mapper.h,757,kernel-switch-treiber,08f6158b0eff5af9aed7e9fd52b6cb35015d8d96681f30961c22e0dcb84677c3
source_subset/rtl8197/rtknet/drivers/net/rtl819x/rtl83xx_v1dot4/dal/rtl8367c/dal_rtl8367c_mirror.c,16110,kernel-switch-treiber,1b89b02c39f4200e033546b09c2fb1362c6ba5f6706d50c038c68bd35e270984
source_subset/rtl8197/rtknet/drivers/net/rtl819x/rtl83xx_v1dot4/dal/rtl8367c/dal_rtl8367c_mirror.h,8730,kernel-switch-treiber,eccae10dbb2550d52de63c1bf8cede24f1d43e86ab959d4bfe10e0f62a623d89
source_subset/rtl8197/rtknet/drivers/net/rtl819x/rtl83xx_v1dot4/dal/rtl8367c/dal_rtl8367c_oam.c,5564,kernel-switch-treiber,7e642cbc1f6ff46bcf0999477fb3e13ec9a68abb69075cee1139ee70a0785bd9
source_subset/rtl8197/rtknet/drivers/net/rtl819x/rtl83xx_v1dot4/dal/rtl8367c/dal_rtl8367c_oam.h,3863,kernel-switch-treiber,24f56ed5bea82bd958b2518ca9216e7a9e06bd004b78ab020da13a51a124f84c
source_subset/rtl8197/rtknet/drivers/net/rtl819x/rtl83xx_v1dot4/dal/rtl8367c/dal_rtl8367c_port.c,130854,kernel-switch-treiber,9e35b483435865c53363b1a2e4e914205655156a5469be4ddba07eff111b117f
source_subset/rtl8197/rtknet/drivers/net/rtl819x/rtl83xx_v1dot4/dal/rtl8367c/dal_rtl8367c_port.h,33789,kernel-switch-treiber,6a682598b4bd1b247148d70f41d28c0fda0e8936cd60a4b8ee7ba5ed745ac844
source_subset/rtl8197/rtknet/drivers/net/rtl819x/rtl83xx_v1dot4/dal/rtl8367c/dal_rtl8367c_ptp.c,20259,kernel-switch-treiber,44242eb4874f50257002fd9571b9741892e2855147c29b5fd177eb985be1efb2
source_subset/rtl8197/rtknet/drivers/net/rtl819x/rtl83xx_v1dot4/dal/rtl8367c/dal_rtl8367c_ptp.h,13945,kernel-switch-treiber,5416fd4a26c3692c22c26b9de9e220257814558d02d9f5c6528cf5e9390639b4
source_subset/rtl8197/rtknet/drivers/net/rtl819x/rtl83xx_v1dot4/dal/rtl8367c/dal_rtl8367c_qos.c,42234,kernel-switch-treiber,1f990c5cfa2faa39bca325d81ad764088a05b1b85f0a23d17074f644204b1b12
source_subset/rtl8197/rtknet/drivers/net/rtl819x/rtl83xx_v1dot4/dal/rtl8367c/dal_rtl8367c_qos.h,23535,kernel-switch-treiber,ab1e6e48782bb253982d8f8407407e4786721c6ec3eeeffaf6116259ecff74e7
source_subset/rtl8197/rtknet/drivers/net/rtl819x/rtl83xx_v1dot4/dal/rtl8367c/dal_rtl8367c_rate.c,18203,kernel-switch-treiber,4b24d6a53d2179e47f566be3d4da0d932befdafcd3ed8c15d8d2f1bbade5c180
source_subset/rtl8197/rtknet/drivers/net/rtl819x/rtl83xx_v1dot4/dal/rtl8367c/dal_rtl8367c_rate.h,10573,kernel-switch-treiber,be927069118deb004c62a2dbd05ae264752fecbaae72e9327c42ffa2ab16d9a2
source_subset/rtl8197/rtknet/drivers/net/rtl819x/rtl83xx_v1dot4/dal/rtl8367c/dal_rtl8367c_rldp.c,11367,kernel-switch-treiber,447d52d3c4e0696aa62b42fe1ce7ac8521c4b5486827030f81f4b4e142677ce1
source_subset/rtl8197/rtknet/drivers/net/rtl819x/rtl83xx_v1dot4/dal/rtl8367c/dal_rtl8367c_rldp.h,4455,kernel-switch-treiber,a135930168728753236cc636a85d4e9b4503e6e2bea1615a16863cefb7e61219
source_subset/rtl8197/rtknet/drivers/net/rtl819x/rtl83xx_v1dot4/dal/rtl8367c/dal_rtl8367c_stat.c,23592,kernel-switch-treiber,5bfd0de2b1394a0c7ee4dfcfcb7518c7945deb7d4d7e7b9d38064c8c87a2d62d
source_subset/rtl8197/rtknet/drivers/net/rtl819x/rtl83xx_v1dot4/dal/rtl8367c/dal_rtl8367c_stat.h,8536,kernel-switch-treiber,615a39ad839c9445c7946d32d9263da6c0eb7e546adb09610c71366b2187bcbd
source_subset/rtl8197/rtknet/drivers/net/rtl819x/rtl83xx_v1dot4/dal/rtl8367c/dal_rtl8367c_storm.c,24170,kernel-switch-treiber,13301107330f6354a794c84918609034f7af52c10f728f92ce24a1b408109c7b
source_subset/rtl8197/rtknet/drivers/net/rtl819x/rtl83xx_v1dot4/dal/rtl8367c/dal_rtl8367c_storm.h,10816,kernel-switch-treiber,a6e94fe8f9ada3e3b1e49970bc2e047ed51fca8e78981f0c04df33b14aea2767
source_subset/rtl8197/rtknet/drivers/net/rtl819x/rtl83xx_v1dot4/dal/rtl8367c/dal_rtl8367c_svlan.c,71974,kernel-switch-treiber,f817ed6823f25324b96114da2092b628f86c878f13746ded279cb61e473114ca
source_subset/rtl8197/rtknet/drivers/net/rtl819x/rtl83xx_v1dot4/dal/rtl8367c/dal_rtl8367c_svlan.h,30342,kernel-switch-treiber,b642b8634e9cda95598e95772c48e6fc59eac3756b188b28d507380662d7884a
source_subset/rtl8197/rtknet/drivers/net/rtl819x/rtl83xx_v1dot4/dal/rtl8367c/dal_rtl8367c_switch.c,27088,kernel-switch-treiber,be078d41bb4f6dff99b0413a54ecda78b31092b9c8024745ad33e8cfab09e4a9
source_subset/rtl8197/rtknet/drivers/net/rtl819x/rtl83xx_v1dot4/dal/rtl8367c/dal_rtl8367c_switch.h,4549,kernel-switch-treiber,59f5e6b9c8f6549721b6eb995ee6e3c358bb719d9b2e5a8c3680eb96260af302
source_subset/rtl8197/rtknet/drivers/net/rtl819x/rtl83xx_v1dot4/dal/rtl8367c/dal_rtl8367c_trap.c,37746,kernel-switch-treiber,debd3402e3d68d4ebee86f6591f632e3f914f359178095be76f54bc906b74914
source_subset/rtl8197/rtknet/drivers/net/rtl819x/rtl83xx_v1dot4/dal/rtl8367c/dal_rtl8367c_trap.h,21579,kernel-switch-treiber,4f168e35bcb4cb16344a0ddb7eace76bd9f4a4fe15bcc284419996786b9191ff
source_subset/rtl8197/rtknet/drivers/net/rtl819x/rtl83xx_v1dot4/dal/rtl8367c/dal_rtl8367c_trunk.c,17206,kernel-switch-treiber,f1573a3aa495173fd9cbfa30435d41e65095e998a83f26348a3548ea6a49f588
source_subset/rtl8197/rtknet/drivers/net/rtl819x/rtl83xx_v1dot4/dal/rtl8367c/dal_rtl8367c_trunk.h,9738,kernel-switch-treiber,bfdf068d37f5053b0aab1c0c68793ff0f0879213f4137823be052c1263623cfe
source_subset/rtl8197/rtknet/drivers/net/rtl819x/rtl83xx_v1dot4/dal/rtl8367c/dal_rtl8367c_vlan.c,62290,kernel-switch-treiber,082b4e937ba43cdb57605dafe43adb39dfeb3500fcc24ec996a7cf3e27399bc7
source_subset/rtl8197/rtknet/drivers/net/rtl819x/rtl83xx_v1dot4/dal/rtl8367c/dal_rtl8367c_vlan.h,26725,kernel-switch-treiber,38d97957f532e393ceaaafa8678769564223ff5b596ed38ff95f71e7f5558929
source_subset/rtl8197/rtknet/drivers/net/rtl819x/rtl83xx_v1dot4/dal/rtl8367c/rtl8367c_asicdrv.c,15396,kernel-switch-treiber,5ff76444aa302a7d3fc37cb5e1c966d1c39f01eb1cb9d0ddaf96447380778891
source_subset/rtl8197/rtknet/drivers/net/rtl819x/rtl83xx_v1dot4/dal/rtl8367c/rtl8367c_asicdrv.h,3549,kernel-switch-treiber,bb349d5c38b62a97d60f9806a5c2cd38d1ae8541dd38c8957d2425c59153f60d
source_subset/rtl8197/rtknet/drivers/net/rtl819x/rtl83xx_v1dot4/dal/rtl8367c/rtl8367c_asicdrv_acl.c,37294,kernel-switch-treiber,25b14ddc9bdd8ad72ea43c3958f73e857b5f6cdb4e690f48b5c2ae27cec160f2
source_subset/rtl8197/rtknet/drivers/net/rtl819x/rtl83xx_v1dot4/dal/rtl8367c/rtl8367c_asicdrv_acl.h,6249,kernel-switch-treiber,502995ec9f7ba711fff667733dadb26f205168a337a8114df5cf7cc330475d7d
source_subset/rtl8197/rtknet/drivers/net/rtl819x/rtl83xx_v1dot4/dal/rtl8367c/rtl8367c_asicdrv_cputag.c,10330,kernel-switch-treiber,1f4c29ad1fae2e4bde16dd3df71398b2b118c7e8bf2092e5a65aee2ddc564276
source_subset/rtl8197/rtknet/drivers/net/rtl819x/rtl83xx_v1dot4/dal/rtl8367c/rtl8367c_asicdrv_cputag.h,1373,kernel-switch-treiber,1a19d3752a7f40532ecc1584bbc665ac348539ab97bd6083fc98d2a25bd4a317
source_subset/rtl8197/rtknet/drivers/net/rtl819x/rtl83xx_v1dot4/dal/rtl8367c/rtl8367c_asicdrv_dot1x.c,11485,kernel-switch-treiber,a78416d2a688a6be94af2145c169029c3852df731df0f8ee10fafce2a57224dd
source_subset/rtl8197/rtknet/drivers/net/rtl819x/rtl83xx_v1dot4/dal/rtl8367c/rtl8367c_asicdrv_dot1x.h,1580,kernel-switch-treiber,297684e4aa50b1b7f42f1759329e507f4cd3f25fd4fb0c33582f6d21e3c6c596
source_subset/rtl8197/rtknet/drivers/net/rtl819x/rtl83xx_v1dot4/dal/rtl8367c/rtl8367c_asicdrv_eav.c,27436,kernel-switch-treiber,9a6f5bdddf9d96f85f0f724fb7aab7e1c0cb72b660aefc4b934d5d8aada3a413
source_subset/rtl8197/rtknet/drivers/net/rtl819x/rtl83xx_v1dot4/dal/rtl8367c/rtl8367c_asicdrv_eav.h,3292,kernel-switch-treiber,3f4f3bcc4faa2f51297d01855640156175aa7c2b591501fac54f55f5f701cf30
source_subset/rtl8197/rtknet/drivers/net/rtl819x/rtl83xx_v1dot4/dal/rtl8367c/rtl8367c_asicdrv_eee.c,4588,kernel-switch-treiber,5d43505ccb12d61b936126a97b5f9f3a7f814a0e84890e21536fa14b1001144d
source_subset/rtl8197/rtknet/drivers/net/rtl819x/rtl83xx_v1dot4/dal/rtl8367c/rtl8367c_asicdrv_eee.h,472,kernel-switch-treiber,ed62db4cc4e9b312934d7f2ee84ca6740710ffc2f0fb76365bbf7bb4fd07d6d9
source_subset/rtl8197/rtknet/drivers/net/rtl819x/rtl83xx_v1dot4/dal/rtl8367c/rtl8367c_asicdrv_fc.c,42113,kernel-switch-treiber,d03de3bfb839abfecb5fbbea88466fa62c3d0dcd5826837676f63266a0c5d853
source_subset/rtl8197/rtknet/drivers/net/rtl819x/rtl83xx_v1dot4/dal/rtl8367c/rtl8367c_asicdrv_fc.h,5422,kernel-switch-treiber,75d44c663c5ddcccc5fe8cf151c5e4e87426a8126c98bada21785834ab2b6506
source_subset/rtl8197/rtknet/drivers/net/rtl819x/rtl83xx_v1dot4/dal/rtl8367c/rtl8367c_asicdrv_green.c,18766,kernel-switch-treiber,bb116a23084b2dae642db328d0233b0ff304b915a9432f7c0b3dfc7076ecc64b
source_subset/rtl8197/rtknet/drivers/net/rtl819x/rtl83xx_v1dot4/dal/rtl8367c/rtl8367c_asicdrv_green.h,987,kernel-switch-treiber,61076fecbd89237fa5280a5946c83ae12ffb0b9a76dec6da05c15674556daef1
source_subset/rtl8197/rtknet/drivers/net/rtl819x/rtl83xx_v1dot4/dal/rtl8367c/rtl8367c_asicdrv_hsb.c,2740,kernel-switch-treiber,efb48d5438e7109d71a97101fc34e39c313a8dbaa206d62f64dc84ddb5a5ab3d
source_subset/rtl8197/rtknet/drivers/net/rtl819x/rtl83xx_v1dot4/dal/rtl8367c/rtl8367c_asicdrv_hsb.h,725,kernel-switch-treiber,14d11bb65d2469faa56044a8bd6904f698aae056ec23ae5263bcf7ad82154fcf
source_subset/rtl8197/rtknet/drivers/net/rtl819x/rtl83xx_v1dot4/dal/rtl8367c/rtl8367c_asicdrv_i2c.c,11495,kernel-switch-treiber,25589ab38209ac6877af628730fa90c7e98a57452431e643f877bbda7abc21ce
source_subset/rtl8197/rtknet/drivers/net/rtl819x/rtl83xx_v1dot4/dal/rtl8367c/rtl8367c_asicdrv_i2c.h,877,kernel-switch-treiber,98fa9659efb14ddb849f99f91ddae9e1efcc4a3aefc08638850c85749fed4740
source_subset/rtl8197/rtknet/drivers/net/rtl819x/rtl83xx_v1dot4/dal/rtl8367c/rtl8367c_asicdrv_igmp.c,55659,kernel-switch-treiber,831f585687906612cec3b78123dd9c0f20b4452647153e8927d5cb82f9268c34
source_subset/rtl8197/rtknet/drivers/net/rtl819x/rtl83xx_v1dot4/dal/rtl8367c/rtl8367c_asicdrv_igmp.h,6023,kernel-switch-treiber,8b78f44b76e066e14eb6bc61d6df88787554ac80810918d3e5830217cb077126
source_subset/rtl8197/rtknet/drivers/net/rtl819x/rtl83xx_v1dot4/dal/rtl8367c/rtl8367c_asicdrv_inbwctrl.c,5413,kernel-switch-treiber,e62bfef89a756b1fa0ca34c9839598f076a85c060be36867bac83376d01efcd3
source_subset/rtl8197/rtknet/drivers/net/rtl819x/rtl83xx_v1dot4/dal/rtl8367c/rtl8367c_asicdrv_inbwctrl.h,575,kernel-switch-treiber,43637a4da415d2167c012631ce8cc9e13ba38a6455a220fb65101cb06cad90ce
source_subset/rtl8197/rtknet/drivers/net/rtl819x/rtl83xx_v1dot4/dal/rtl8367c/rtl8367c_asicdrv_interrupt.c,6770,kernel-switch-treiber,6dde98297832784fcaf6c3c3c41857460225e4251e595f8d73e4a38c3fd12063
source_subset/rtl8197/rtknet/drivers/net/rtl819x/rtl83xx_v1dot4/dal/rtl8367c/rtl8367c_asicdrv_interrupt.h,1399,kernel-switch-treiber,995bf68ce2b48ab2fc9ccc0562075200537a49f86b0a0b193abc767e93840f49
source_subset/rtl8197/rtknet/drivers/net/rtl819x/rtl83xx_v1dot4/dal/rtl8367c/rtl8367c_asicdrv_led.c,26210,kernel-switch-treiber,84bed6eb598ad26f3f54dd8487e81902c4149d7ae8c4d8ef7b9428cb3226ca10
source_subset/rtl8197/rtknet/drivers/net/rtl819x/rtl83xx_v1dot4/dal/rtl8367c/rtl8367c_asicdrv_led.h,3479,kernel-switch-treiber,0fd1989f5286342f96dcf42aabb1ee127756cfbd289795437b047a60eb1cef8f
source_subset/rtl8197/rtknet/drivers/net/rtl819x/rtl83xx_v1dot4/dal/rtl8367c/rtl8367c_asicdrv_lut.c,46128,kernel-switch-treiber,d235637217d91fab6576bc8ba33db7e8d45377769407870cd2772148c5482230
source_subset/rtl8197/rtknet/drivers/net/rtl819x/rtl83xx_v1dot4/dal/rtl8367c/rtl8367c_asicdrv_lut.h,5133,kernel-switch-treiber,cbfc4901e7eb9d7148028af4122f02619a5e916a26355b24ab9db1f4a6d37044
source_subset/rtl8197/rtknet/drivers/net/rtl819x/rtl83xx_v1dot4/dal/rtl8367c/rtl8367c_asicdrv_meter.c,9206,kernel-switch-treiber,3e4e1096931f7f66e05f96db6cf10b761197af78d0008759ad1524e105209ba8
source_subset/rtl8197/rtknet/drivers/net/rtl819x/rtl83xx_v1dot4/dal/rtl8367c/rtl8367c_asicdrv_meter.h,831,kernel-switch-treiber,4d9188cc422bc4660855d06e4facc2c48851ad8f93a4c67fef661035e7cf9f78
source_subset/rtl8197/rtknet/drivers/net/rtl819x/rtl83xx_v1dot4/dal/rtl8367c/rtl8367c_asicdrv_mib.c,17697,kernel-switch-treiber,9c7f35a126b1bf37a7d9172b669479c2b0e31f7e6abf23811091b8adfb6442e5
source_subset/rtl8197/rtknet/drivers/net/rtl819x/rtl83xx_v1dot4/dal/rtl8367c/rtl8367c_asicdrv_mib.h,3477,kernel-switch-treiber,0c2390bbd9e4047f724d4d2c574a627cac4c7fcc459400402f033f3839a639ac
source_subset/rtl8197/rtknet/drivers/net/rtl819x/rtl83xx_v1dot4/dal/rtl8367c/rtl8367c_asicdrv_mirror.c,13507,kernel-switch-treiber,38476907e4bf1ed94e1e8b06ff818554c3b11e35a6a05dbdf51cf04bb024fae6
source_subset/rtl8197/rtknet/drivers/net/rtl819x/rtl83xx_v1dot4/dal/rtl8367c/rtl8367c_asicdrv_mirror.h,2005,kernel-switch-treiber,aac2cf2a8befd4c48110d749a5801b74c0abb6d0f991d90e194a2b8b1a738af1
source_subset/rtl8197/rtknet/drivers/net/rtl819x/rtl83xx_v1dot4/dal/rtl8367c/rtl8367c_asicdrv_misc.c,6491,kernel-switch-treiber,385bd2e439d22b84b0a470a63096eae34b6e54d0ed4e3b12dc4ba9dc24580384
source_subset/rtl8197/rtknet/drivers/net/rtl819x/rtl83xx_v1dot4/dal/rtl8367c/rtl8367c_asicdrv_misc.h,813,kernel-switch-treiber,ae3083080e940660fb09877eef99d04cf2add6643b259240571df82d1a560181
source_subset/rtl8197/rtknet/drivers/net/rtl819x/rtl83xx_v1dot4/dal/rtl8367c/rtl8367c_asicdrv_oam.c,5500,kernel-switch-treiber,e357b0ebcdd6227849c1eda35f56ced61f6acd6a49942dfcb0e2f7b0313b8a76
source_subset/rtl8197/rtknet/drivers/net/rtl819x/rtl83xx_v1dot4/dal/rtl8367c/rtl8367c_asicdrv_oam.h,879,kernel-switch-treiber,09a53fc30f80e91151e12ad6b308fa5928238ab7fed025269d074da6b7142e11
source_subset/rtl8197/rtknet/drivers/net/rtl819x/rtl83xx_v1dot4/dal/rtl8367c/rtl8367c_asicdrv_phy.c,12355,kernel-switch-treiber,baae94ba729d44f65311b4bb36ac62a056b072004aeb115b0cbbdd5095c28ccb
source_subset/rtl8197/rtknet/drivers/net/rtl819x/rtl83xx_v1dot4/dal/rtl8367c/rtl8367c_asicdrv_phy.h,1179,kernel-switch-treiber,daae12af33b378cf1f81381345ef34aa1b3546edc41ac9b7ced2bc60379791de
source_subset/rtl8197/rtknet/drivers/net/rtl819x/rtl83xx_v1dot4/dal/rtl8367c/rtl8367c_asicdrv_port.c,219027,kernel-switch-treiber,3d09503c3d3592e8e1eb871028ae887c64ecea1d82aa7139acda8319b61245dd
source_subset/rtl8197/rtknet/drivers/net/rtl819x/rtl83xx_v1dot4/dal/rtl8367c/rtl8367c_asicdrv_port.h,6737,kernel-switch-treiber,93bcf151d2127f6d6879e7356d344db34575788753b90cf50fae25001fb187a4
source_subset/rtl8197/rtknet/drivers/net/rtl819x/rtl83xx_v1dot4/dal/rtl8367c/rtl8367c_asicdrv_portIsolation.c,3548,kernel-switch-treiber,6761f080e845b28d50ce39ee81a074693a242dc0fa0dd36687a7458475c1ec9a
source_subset/rtl8197/rtknet/drivers/net/rtl819x/rtl83xx_v1dot4/dal/rtl8367c/rtl8367c_asicdrv_portIsolation.h,543,kernel-switch-treiber,5a6f3855bf6cdd6aa9b6063f9f4f43b227367eeaa31344bc13946bd38de992b8
source_subset/rtl8197/rtknet/drivers/net/rtl819x/rtl83xx_v1dot4/dal/rtl8367c/rtl8367c_asicdrv_qos.c,23185,kernel-switch-treiber,513c285805d9ef8e185a38bf5c8a4b4b983b89e24ef7c302afb6906ec74b25b2
source_subset/rtl8197/rtknet/drivers/net/rtl819x/rtl83xx_v1dot4/dal/rtl8367c/rtl8367c_asicdrv_qos.h,3271,kernel-switch-treiber,3fa4aa26de6a041ba136b22c67e61b4573034f811719cf2cfd05a4d2b447228a
source_subset/rtl8197/rtknet/drivers/net/rtl819x/rtl83xx_v1dot4/dal/rtl8367c/rtl8367c_asicdrv_rldp.c,17741,kernel-switch-treiber,42278216faa1ba74b13fed91a22e36a86c6ce86873003e1f850705605d0a2296
source_subset/rtl8197/rtknet/drivers/net/rtl819x/rtl83xx_v1dot4/dal/rtl8367c/rtl8367c_asicdrv_rldp.h,2289,kernel-switch-treiber,f02d765a97ca4f9b68e3ab90c273b8699332b74b3427d9e8105c03c3ebdccad1
source_subset/rtl8197/rtknet/drivers/net/rtl819x/rtl83xx_v1dot4/dal/rtl8367c/rtl8367c_asicdrv_rma.c,11277,kernel-switch-treiber,4d829633159d4ac2d01d1c0e478b40cd1cd03ae7e4daae8be8730d8a07c5d0e6
source_subset/rtl8197/rtknet/drivers/net/rtl819x/rtl83xx_v1dot4/dal/rtl8367c/rtl8367c_asicdrv_rma.h,1133,kernel-switch-treiber,421e0dca76ab64fa4592dba8d43f42830acaff428e3fdf9c6f8c420b1abcc6ec
source_subset/rtl8197/rtknet/drivers/net/rtl819x/rtl83xx_v1dot4/dal/rtl8367c/rtl8367c_asicdrv_scheduling.c,14361,kernel-switch-treiber,703f9fe8a3794e686d72eb8306776c4f2ed02ab7834439b807eb6c2e99f01f2f
source_subset/rtl8197/rtknet/drivers/net/rtl819x/rtl83xx_v1dot4/dal/rtl8367c/rtl8367c_asicdrv_scheduling.h,2207,kernel-switch-treiber,b76e5dfe880fc5abd8d28ee6c3894b038931bfeeffc058623938b70edfc0c193
source_subset/rtl8197/rtknet/drivers/net/rtl819x/rtl83xx_v1dot4/dal/rtl8367c/rtl8367c_asicdrv_storm.c,24661,kernel-switch-treiber,279e14de68cba72e5cbe854c77ff76fc633f87cc0abccf14107986043a9ee9d0
source_subset/rtl8197/rtknet/drivers/net/rtl819x/rtl83xx_v1dot4/dal/rtl8367c/rtl8367c_asicdrv_storm.h,3170,kernel-switch-treiber,94ca89384ab2d55ebb824cab017e47aa9765fa78ee754fde4217e5665999bbb7
source_subset/rtl8197/rtknet/drivers/net/rtl819x/rtl83xx_v1dot4/dal/rtl8367c/rtl8367c_asicdrv_svlan.c,29326,kernel-switch-treiber,9f02803d2fb1f1e25f6ef8e56b73f490046c463079ace64fec71bcac1fc3c349
source_subset/rtl8197/rtknet/drivers/net/rtl819x/rtl83xx_v1dot4/dal/rtl8367c/rtl8367c_asicdrv_svlan.h,4179,kernel-switch-treiber,93a9c6411501e8c28e5eb400846afb367614fabe791ea841d631993ac2d63196
source_subset/rtl8197/rtknet/drivers/net/rtl819x/rtl83xx_v1dot4/dal/rtl8367c/rtl8367c_asicdrv_trunking.c,10851,kernel-switch-treiber,3bf1f3648bb8fa487b0145e1cfa18d53e5dce62e92b6e2e967a7be77ec9d6064
source_subset/rtl8197/rtknet/drivers/net/rtl819x/rtl83xx_v1dot4/dal/rtl8367c/rtl8367c_asicdrv_trunking.h,1491,kernel-switch-treiber,5f63eaf3b8329b2627a4f6a60973dbe289541a6da06a5f420f3490387e2f0469
source_subset/rtl8197/rtknet/drivers/net/rtl819x/rtl83xx_v1dot4/dal/rtl8367c/rtl8367c_asicdrv_unknownMulticast.c,7051,kernel-switch-treiber,c91746b0bceff1ae25154d69c25dafee112beae8b6a6d432a6c53225cc58f517
source_subset/rtl8197/rtknet/drivers/net/rtl819x/rtl83xx_v1dot4/dal/rtl8367c/rtl8367c_asicdrv_unknownMulticast.h,1436,kernel-switch-treiber,f0ac96a92a1597ffdfb79f856936d83dbc7e6da2ab8658b40abb9b9a81257e11
source_subset/rtl8197/rtknet/drivers/net/rtl819x/rtl83xx_v1dot4/dal/rtl8367c/rtl8367c_asicdrv_vlan.c,47485,kernel-switch-treiber,b275c9ad1cc33e237a0d741ac5eb99abe06dca74b6813fd1f9fba973e6154e15
source_subset/rtl8197/rtknet/drivers/net/rtl819x/rtl83xx_v1dot4/dal/rtl8367c/rtl8367c_asicdrv_vlan.h,5486,kernel-switch-treiber,ab883fc3184e914fb9556857bd7583fdf170a8dcab2433627ea1f0e6cab279c6
source_subset/rtl8197/rtknet/drivers/net/rtl819x/rtl83xx_v1dot4/dal/rtl8367c/rtl8367c_base.h,39628,kernel-switch-treiber,a3dc350511b6b8bc7128d70f5503322e68633cf870dbe2090e6d484ec5f62b9e
source_subset/rtl8197/rtknet/drivers/net/rtl819x/rtl83xx_v1dot4/dal/rtl8367c/rtl8367c_reg.h,1066573,kernel-switch-treiber,2f1160c72c2e6140bee61868e859080ccb68f430a8bb24ac194e8c86b56f635d
source_subset/rtl8197/rtknet/drivers/net/rtl819x/rtl83xx_v1dot4/dal/rtl8367c/rtl8367c_smi.c,11251,kernel-switch-treiber,4aab154b01d2f444617c5a683929f9248569b1372b2220a938feffdad29337f9
source_subset/rtl8197/rtknet/drivers/net/rtl819x/rtl83xx_v1dot4/dal/rtl8367c/rtl8367c_smi.h,1157,kernel-switch-treiber,31ff6da15b096923a21a3473016ddc8c8c9cecca18b0dc55f0df89336b6b66b7
source_subset/rtl8197/rtknet/drivers/net/rtl819x/rtl83xx_v1dot4/dal/rtl8367d/dal_rtl8367d_acl.c,84461,kernel-switch-treiber,b11129c047aa3523c43ed1b0a000d0a289518b7cbbedf622a5c4e6375a9f49f9
source_subset/rtl8197/rtknet/drivers/net/rtl819x/rtl83xx_v1dot4/dal/rtl8367d/dal_rtl8367d_acl.h,16470,kernel-switch-treiber,468094ad9444403b0ffb67c20a5fbd98384eeb87fb4dd61f7154a2aae4b32bca
source_subset/rtl8197/rtknet/drivers/net/rtl819x/rtl83xx_v1dot4/dal/rtl8367d/dal_rtl8367d_cpu.c,16457,kernel-switch-treiber,6c2209bcc001d8c0ce535d4ad5634724b3b41227b76f141d280309f745dd0eae
source_subset/rtl8197/rtknet/drivers/net/rtl819x/rtl83xx_v1dot4/dal/rtl8367d/dal_rtl8367d_cpu.h,8994,kernel-switch-treiber,9d97b9e0acab4b9dc9e3945b27fe21fb3774940da1cd5cb8854c5d82b7a3488b
source_subset/rtl8197/rtknet/drivers/net/rtl819x/rtl83xx_v1dot4/dal/rtl8367d/dal_rtl8367d_dot1x.c,13106,kernel-switch-treiber,2ac6c1c36b3425e146d00e36de2113c87878757433cd952afc42d69c40edaa18
source_subset/rtl8197/rtknet/drivers/net/rtl819x/rtl83xx_v1dot4/dal/rtl8367d/dal_rtl8367d_dot1x.h,8366,kernel-switch-treiber,43495c4e595ba559ce7faff4f61d8f73223bc5d9c65736eb42f5048186aa4e64
source_subset/rtl8197/rtknet/drivers/net/rtl819x/rtl83xx_v1dot4/dal/rtl8367d/dal_rtl8367d_eee.c,3490,kernel-switch-treiber,704f769be8fbdfc7a7c6eb16ab124fa6ae7282dd2b57650749c9eb776d4b8125
source_subset/rtl8197/rtknet/drivers/net/rtl819x/rtl83xx_v1dot4/dal/rtl8367d/dal_rtl8367d_eee.h,1985,kernel-switch-treiber,d50775c5143e0873cb4066724807ebc9c01d4a259db02b7a64ce5b25032e249b
source_subset/rtl8197/rtknet/drivers/net/rtl819x/rtl83xx_v1dot4/dal/rtl8367d/dal_rtl8367d_igmp.c,10175,kernel-switch-treiber,ab20682406b909b6b4bf1d2443819e8bcb9d84c9910c4b5e4566eb46a9f92af9
source_subset/rtl8197/rtknet/drivers/net/rtl819x/rtl83xx_v1dot4/dal/rtl8367d/dal_rtl8367d_igmp.h,3090,kernel-switch-treiber,c8889e01278f71a2909b6ed665aafb445d7d089692187fe27209392601a13c96
source_subset/rtl8197/rtknet/drivers/net/rtl819x/rtl83xx_v1dot4/dal/rtl8367d/dal_rtl8367d_interrupt.c,16040,kernel-switch-treiber,ff7ce31a4d29dcfe2d783bda67a6157c00732446cf00fb29e57ee5d3048cf892
source_subset/rtl8197/rtknet/drivers/net/rtl819x/rtl83xx_v1dot4/dal/rtl8367d/dal_rtl8367d_interrupt.h,7299,kernel-switch-treiber,a4efd713f14941d6f4873db7373b2d639920d832a5875168adf722f58e9cde55
source_subset/rtl8197/rtknet/drivers/net/rtl819x/rtl83xx_v1dot4/dal/rtl8367d/dal_rtl8367d_l2.c,89544,kernel-switch-treiber,968cc0c55d924a283a623746e4e0550494abd830663d8fcf30806549dde22536
source_subset/rtl8197/rtknet/drivers/net/rtl819x/rtl83xx_v1dot4/dal/rtl8367d/dal_rtl8367d_l2.h,34588,kernel-switch-treiber,0e236906b368536f7c3e8a4cab110b62f23f92f5245f491bd14e2852bd47bd13
source_subset/rtl8197/rtknet/drivers/net/rtl819x/rtl83xx_v1dot4/dal/rtl8367d/dal_rtl8367d_leaky.c,17837,kernel-switch-treiber,a0522c82d27ee244d32d4fa433be056faa0d0293db694f849ec4a3b0321f5a13
source_subset/rtl8197/rtknet/drivers/net/rtl819x/rtl83xx_v1dot4/dal/rtl8367d/dal_rtl8367d_leaky.h,9633,kernel-switch-treiber,5e39cc8f2abd467aaaad7560005a99822ada6b8a88ceadae7294a6f2cd09f81d
source_subset/rtl8197/rtknet/drivers/net/rtl819x/rtl83xx_v1dot4/dal/rtl8367d/dal_rtl8367d_led.c,22663,kernel-switch-treiber,f18e654ae04a92b3ca2b45e1ae92dda737d9f0999894a2ce8f34039958da83ae
source_subset/rtl8197/rtknet/drivers/net/rtl819x/rtl83xx_v1dot4/dal/rtl8367d/dal_rtl8367d_led.h,12063,kernel-switch-treiber,b75305eaad04ec40ce9ec1218105d83dd6d3432515aaa1ea8c28602ec1ed045e
source_subset/rtl8197/rtknet/drivers/net/rtl819x/rtl83xx_v1dot4/dal/rtl8367d/dal_rtl8367d_mapper.c,29861,kernel-switch-treiber,ee62e7c4605ee5b6dffdde6b68e697182b976d7de8a3b7f3ae3bc8dd08462a1f
source_subset/rtl8197/rtknet/drivers/net/rtl819x/rtl83xx_v1dot4/dal/rtl8367d/dal_rtl8367d_mapper.h,757,kernel-switch-treiber,5650fc2b8ef541a0f657bec153f86838b733ecd703537fdd1bc0e4bc220e3957
source_subset/rtl8197/rtknet/drivers/net/rtl819x/rtl83xx_v1dot4/dal/rtl8367d/dal_rtl8367d_mirror.c,17146,kernel-switch-treiber,d74065cd0e4308741bc8c051a8409e90d48cc48653784706b8914cff5ecde149
source_subset/rtl8197/rtknet/drivers/net/rtl819x/rtl83xx_v1dot4/dal/rtl8367d/dal_rtl8367d_mirror.h,8730,kernel-switch-treiber,d7316d8030f6bb7fd50d075a6dededf903942d65fb327385004b4862d98ce4ed
source_subset/rtl8197/rtknet/drivers/net/rtl819x/rtl83xx_v1dot4/dal/rtl8367d/dal_rtl8367d_port.c,139423,kernel-switch-treiber,f38f14da47656dbee95e0b63b22052305f68b245bc1df4bfa3d8c391602800d1
source_subset/rtl8197/rtknet/drivers/net/rtl819x/rtl83xx_v1dot4/dal/rtl8367d/dal_rtl8367d_port.h,32902,kernel-switch-treiber,53daac01f61605f2c96f04ee7707c396ad12124fc698de7b07286592d07cb320
source_subset/rtl8197/rtknet/drivers/net/rtl819x/rtl83xx_v1dot4/dal/rtl8367d/dal_rtl8367d_qos.c,49487,kernel-switch-treiber,79b219a93ffcf41e741d559498d51f295933bb6f0abf8f4b585fb8f2ae3f0a50
source_subset/rtl8197/rtknet/drivers/net/rtl819x/rtl83xx_v1dot4/dal/rtl8367d/dal_rtl8367d_qos.h,23705,kernel-switch-treiber,bc1bc8c0eb7ac124e3bac0734696b3250097ed470c5ca51d37bc1b83f60da89f
source_subset/rtl8197/rtknet/drivers/net/rtl819x/rtl83xx_v1dot4/dal/rtl8367d/dal_rtl8367d_rate.c,22894,kernel-switch-treiber,f4ed972c84b02394e2142053002b8379d4feaf8e4f271cdf32e3ee1a04c412bb
source_subset/rtl8197/rtknet/drivers/net/rtl819x/rtl83xx_v1dot4/dal/rtl8367d/dal_rtl8367d_rate.h,10625,kernel-switch-treiber,9048701ea7013c7044d50aa7462051dcb568cb2ed162c281b6f7965eaf155c24
source_subset/rtl8197/rtknet/drivers/net/rtl819x/rtl83xx_v1dot4/dal/rtl8367d/dal_rtl8367d_rldp.c,12857,kernel-switch-treiber,a4f29710efbeadcb541b10960221f7dcccc383b53169d9246c1e4b9083fd1333
source_subset/rtl8197/rtknet/drivers/net/rtl819x/rtl83xx_v1dot4/dal/rtl8367d/dal_rtl8367d_rldp.h,4455,kernel-switch-treiber,aabeb87940f725548044c28a2ccf945617d31faa58b06a730944b4357ff8d1d3
source_subset/rtl8197/rtknet/drivers/net/rtl819x/rtl83xx_v1dot4/dal/rtl8367d/dal_rtl8367d_stat.c,31158,kernel-switch-treiber,e9f9666a99443eb38955575230ae19276da92e5ca0969bf01b3f058e15c0ef75
source_subset/rtl8197/rtknet/drivers/net/rtl819x/rtl83xx_v1dot4/dal/rtl8367d/dal_rtl8367d_stat.h,10552,kernel-switch-treiber,e81d6e606bd3d4d4e02799054a6b6f2c73630865aa408aa81d81b761f63bd907
source_subset/rtl8197/rtknet/drivers/net/rtl819x/rtl83xx_v1dot4/dal/rtl8367d/dal_rtl8367d_storm.c,27519,kernel-switch-treiber,f6af5fc1e734ced2f6b8bbf03691e29ef7c8275f8f9958a6439439b631e94af4
source_subset/rtl8197/rtknet/drivers/net/rtl819x/rtl83xx_v1dot4/dal/rtl8367d/dal_rtl8367d_storm.h,10816,kernel-switch-treiber,1b067c82ccfbd86c58fcd91b7f2c5b2df0086b6ad9fe778426b3edb58d1ad0c2
source_subset/rtl8197/rtknet/drivers/net/rtl819x/rtl83xx_v1dot4/dal/rtl8367d/dal_rtl8367d_svlan.c,40296,kernel-switch-treiber,a465384049c45f449da4505458039b11f3635f7ff5b17c77cc3ce3232ed41c90
source_subset/rtl8197/rtknet/drivers/net/rtl819x/rtl83xx_v1dot4/dal/rtl8367d/dal_rtl8367d_svlan.h,18230,kernel-switch-treiber,6b885f242365f2c59e164d9b98315f4fa4fdf41d982ea6f0ee89cd12fe67e92f
source_subset/rtl8197/rtknet/drivers/net/rtl819x/rtl83xx_v1dot4/dal/rtl8367d/dal_rtl8367d_switch.c,5092,kernel-switch-treiber,3c9e0430495ca3c1c650a7299fee0097f1b2bfb70531746f1e20203f7285b3b7
source_subset/rtl8197/rtknet/drivers/net/rtl819x/rtl83xx_v1dot4/dal/rtl8367d/dal_rtl8367d_switch.h,3479,kernel-switch-treiber,982486d702801e11aa998099710f6007cba6692fd02461991f835cadb99786a9
source_subset/rtl8197/rtknet/drivers/net/rtl819x/rtl83xx_v1dot4/dal/rtl8367d/dal_rtl8367d_trap.c,41103,kernel-switch-treiber,82a0c19ab58c3e93c8e5430d05d57607f680cd1b1a43dd5871f85a1fff135c21
source_subset/rtl8197/rtknet/drivers/net/rtl819x/rtl83xx_v1dot4/dal/rtl8367d/dal_rtl8367d_trap.h,22019,kernel-switch-treiber,dbf84ae8c68ac4a7314e6269da169d95bbd79a02af6d1e8b76ff9050b53360a8
source_subset/rtl8197/rtknet/drivers/net/rtl819x/rtl83xx_v1dot4/dal/rtl8367d/dal_rtl8367d_trunk.c,17389,kernel-switch-treiber,f22a5b17ed2630d716361804639ddfa71d2ff47774c50d327e5f6e31aa7d0fc9
source_subset/rtl8197/rtknet/drivers/net/rtl819x/rtl83xx_v1dot4/dal/rtl8367d/dal_rtl8367d_trunk.h,9738,kernel-switch-treiber,6578674ad7ccb63839e6b8bca4497ffb9da10c9e5de55e5729b12f9958ce1f07
source_subset/rtl8197/rtknet/drivers/net/rtl819x/rtl83xx_v1dot4/dal/rtl8367d/dal_rtl8367d_vlan.c,41922,kernel-switch-treiber,ad803a3c9455bf8f2047013a916947b94a1e52f74d71be65e4c95260bb26298d
source_subset/rtl8197/rtknet/drivers/net/rtl819x/rtl83xx_v1dot4/dal/rtl8367d/dal_rtl8367d_vlan.h,20047,kernel-switch-treiber,5d09f6ec088c2a7d0cdab2876f640cd09840909846ba51033b85bd6d6a5f1b9f
source_subset/rtl8197/rtknet/drivers/net/rtl819x/rtl83xx_v1dot4/dal/rtl8367d/rtl8367d_asicdrv.c,15380,kernel-switch-treiber,e5942f04b83285a94b59dd5889deebd5846514e1f533d66a9a328e6b682baaca
source_subset/rtl8197/rtknet/drivers/net/rtl819x/rtl83xx_v1dot4/dal/rtl8367d/rtl8367d_asicdrv.h,2751,kernel-switch-treiber,a6868b562171489037edb270924f4fb8c8a7ede33570049b02b803e6fa795978
source_subset/rtl8197/rtknet/drivers/net/rtl819x/rtl83xx_v1dot4/dal/rtl8367d/rtl8367d_reg.h,563635,kernel-switch-treiber,2d1cbb61dfb8f771a536fabb24dac67cf874f0491ebb2e7d4dcd50fd16bdbfd2
source_subset/rtl8197/rtknet/drivers/net/rtl819x/rtl83xx_v1dot4/dal/rtl8367d/rtl8367d_smi.c,12455,kernel-switch-treiber,b1ed32d0f506c3d1ac7bf586771d61ef7482a45aa9456b3bef8fca9fc2c3723c
source_subset/rtl8197/rtknet/drivers/net/rtl819x/rtl83xx_v1dot4/dal/rtl8367d/rtl8367d_smi.h,272,kernel-switch-treiber,d2ed471fd2a280edbb6fc47393d601febda8b58f21f53ad64ac6736f321437fb
source_subset/rtl8197/rtknet/drivers/net/rtl819x/rtl83xx_v1dot4/dot1x.c,20348,kernel-switch-treiber,8bd32033354e25bc62839599ae3d92d0b5f8229dee6fd396ab6d78f73a502374
source_subset/rtl8197/rtknet/drivers/net/rtl819x/rtl83xx_v1dot4/dot1x.h,15610,kernel-switch-treiber,94091e6328c5b5fef5d505bb2311a4edda3c8606a33c0cac9a7d0d299bc1c392
source_subset/rtl8197/rtknet/drivers/net/rtl819x/rtl83xx_v1dot4/eee.c,3026,kernel-switch-treiber,d44f0b846c4c98972e34bfd2a178dbb068c9e0b99544b7c7e9994a73bf6d89c1
source_subset/rtl8197/rtknet/drivers/net/rtl819x/rtl83xx_v1dot4/eee.h,2316,kernel-switch-treiber,f20700929ef8d0d6e124e5cbfff396f14b02bfb926ec65e295d44d36e8568418
source_subset/rtl8197/rtknet/drivers/net/rtl819x/rtl83xx_v1dot4/i2c.c,5801,kernel-switch-treiber,701e75bf1c94e4536c6b024025daec7fe9eb1998e7c1fc3d93b04e9fd33c9da4
source_subset/rtl8197/rtknet/drivers/net/rtl819x/rtl83xx_v1dot4/i2c.h,4354,kernel-switch-treiber,5a39aeea9f820c8a64b6ce20bef01bcde83431e350153466ae516d02a6db466e
source_subset/rtl8197/rtknet/drivers/net/rtl819x/rtl83xx_v1dot4/igmp.c,28086,kernel-switch-treiber,7b9f9f16ff8207e5ddc6db019ce69d7d17e7a090a31d41c738bf237f6c6531bf
source_subset/rtl8197/rtknet/drivers/net/rtl819x/rtl83xx_v1dot4/igmp.h,21422,kernel-switch-treiber,df7d4da7f38527cc9174691b9a1347369b631c08007b7a93e121e89f73bd9956
source_subset/rtl8197/rtknet/drivers/net/rtl819x/rtl83xx_v1dot4/interrupt.c,8255,kernel-switch-treiber,dea077d785f52e258980911aed2a3c713d2d9b457473b165bd319db1f8734888
source_subset/rtl8197/rtknet/drivers/net/rtl819x/rtl83xx_v1dot4/interrupt.h,7773,kernel-switch-treiber,e0e1eb01dcab831bbcfb88659b5b2eaff516b7530d888921a8e412c6912c29cc
source_subset/rtl8197/rtknet/drivers/net/rtl819x/rtl83xx_v1dot4/l2.c,48073,kernel-switch-treiber,ed8e0a4c9b352828b5e47b427b9c7fa233d7350b99609dc041201cedf20d02f6
source_subset/rtl8197/rtknet/drivers/net/rtl819x/rtl83xx_v1dot4/l2.h,40033,kernel-switch-treiber,7b84c369f8fc5f5a25ab975f768415819d8a024a00984640d66baf03ac8f54d3
source_subset/rtl8197/rtknet/drivers/net/rtl819x/rtl83xx_v1dot4/leaky.c,10534,kernel-switch-treiber,06614b4f657c45a942cf056ab71dafe1e08975e6e639e4dbb0b460f404f56c68
source_subset/rtl8197/rtknet/drivers/net/rtl819x/rtl83xx_v1dot4/leaky.h,10833,kernel-switch-treiber,488f797c429990f98fe48507a8a67b56a5ade43832461d0a54c20da2d292545e
source_subset/rtl8197/rtknet/drivers/net/rtl819x/rtl83xx_v1dot4/led.c,16971,kernel-switch-treiber,043284f4b3dc8ddce5fe5d1ee1bd2a567c78eef30e4bd685e3c8835332b7408a
source_subset/rtl8197/rtknet/drivers/net/rtl819x/rtl83xx_v1dot4/led.h,14221,kernel-switch-treiber,83642e80a14f2db28b7dce4c976f28f649e9b6e80d65b932ac8e89d67c5d2791
source_subset/rtl8197/rtknet/drivers/net/rtl819x/rtl83xx_v1dot4/mirror.c,11477,kernel-switch-treiber,78365a5f4c7c0f20a9d7cc58609d838c635714c4f58ea646500294495e6b2458
source_subset/rtl8197/rtknet/drivers/net/rtl819x/rtl83xx_v1dot4/mirror.h,8607,kernel-switch-treiber,2337e43b3cf1ed04447f052f84304411d937d278fcf847858b223a1b08128ba6
source_subset/rtl8197/rtknet/drivers/net/rtl819x/rtl83xx_v1dot4/oam.c,5214,kernel-switch-treiber,2550791f4c38bf4a3fadf8cf23d49709fda1599a9fb346de1c2b111db69135fd
source_subset/rtl8197/rtknet/drivers/net/rtl819x/rtl83xx_v1dot4/oam.h,4097,kernel-switch-treiber,9d5b33c0500d4c9d1776fdc3311cbe3a34fcc6e8e9a513cea93b525230898b9b
source_subset/rtl8197/rtknet/drivers/net/rtl819x/rtl83xx_v1dot4/port.c,49054,kernel-switch-treiber,c49f776944968f51a9910950e9a5fddc292d84467077b32e46ea7a3e4ae067ec
source_subset/rtl8197/rtknet/drivers/net/rtl819x/rtl83xx_v1dot4/port.h,41952,kernel-switch-treiber,1c93045682de3a2e9ca6e33bd6802f928edeafb559f73f06213c5c1d3e6fdb7f
source_subset/rtl8197/rtknet/drivers/net/rtl819x/rtl83xx_v1dot4/ptp.c,17741,kernel-switch-treiber,1b93cd3716322b843c820f948b8a9b5713566d785769be9ad9cad1b806b45490
source_subset/rtl8197/rtknet/drivers/net/rtl819x/rtl83xx_v1dot4/ptp.h,14708,kernel-switch-treiber,47bd4592735988e64bed20988b21e93c489d45366f81d5bcede400dfc3979fd0
source_subset/rtl8197/rtknet/drivers/net/rtl819x/rtl83xx_v1dot4/qos.c,31797,kernel-switch-treiber,b40d4293fb5fff9be6cf7aaddf4d70e76ff42f5a1591d0587ef8e2651a4b3082
source_subset/rtl8197/rtknet/drivers/net/rtl819x/rtl83xx_v1dot4/qos.h,27547,kernel-switch-treiber,a69722afb5309d0be5b5b06b55784b784c92892e755346cb2645629a2c938f41
source_subset/rtl8197/rtknet/drivers/net/rtl819x/rtl83xx_v1dot4/rate.c,13461,kernel-switch-treiber,5e83f39f10ace28815469403261225f86f00f06022cd0e04d99c0043e1d4a131
source_subset/rtl8197/rtknet/drivers/net/rtl819x/rtl83xx_v1dot4/rate.h,10510,kernel-switch-treiber,30af9c3de4a4fb9a89aafa92aaaf98750544ff63e3cba89992f7c2d70700810e
source_subset/rtl8197/rtknet/drivers/net/rtl819x/rtl83xx_v1dot4/rldp.c,6196,kernel-switch-treiber,5686b7af77c9a6e626b430d7954cdc6c950362663a7ed7f32731351beb35527d
source_subset/rtl8197/rtknet/drivers/net/rtl819x/rtl83xx_v1dot4/rldp.h,6005,kernel-switch-treiber,fc5658adcf2944c53453fd8066174d788cb694231ae2fdc2c4d301b0a4aa3df3
source_subset/rtl8197/rtknet/drivers/net/rtl819x/rtl83xx_v1dot4/rtk_api.c,111255,kernel-switch-treiber,3832e65a3b437017b8444c76a2d6ee0b17e4b8de7cf1207449641494f3219374
source_subset/rtl8197/rtknet/drivers/net/rtl819x/rtl83xx_v1dot4/rtk_api.h,2892,kernel-switch-treiber,822853f6dcde8504863bc6f4046881074b1757a55eb54613f0ba7283f9a475ee
source_subset/rtl8197/rtknet/drivers/net/rtl819x/rtl83xx_v1dot4/rtk_error.h,22967,kernel-switch-treiber,39071a7e36f9075a465ea7aad98756289175dadba4a074e8b3ad00369ce13ba6
source_subset/rtl8197/rtknet/drivers/net/rtl819x/rtl83xx_v1dot4/rtk_switch.c,23261,kernel-switch-treiber,4ace656cc05c27fde9d35c9c6f254a6fe29817533db9fc58db2660c95e96c95e
source_subset/rtl8197/rtknet/drivers/net/rtl819x/rtl83xx_v1dot4/rtk_switch.h,21280,kernel-switch-treiber,62680a4f78bc5b157297b2ba4fcd81a1f48c0c4d686de9b79ca8298221874ce3
source_subset/rtl8197/rtknet/drivers/net/rtl819x/rtl83xx_v1dot4/rtk_types.h,3214,kernel-switch-treiber,a945204503c6f9c608f759766f6fdfcfedf0ebc65c48dadf891d8e2fac02be01
source_subset/rtl8197/rtknet/drivers/net/rtl819x/rtl83xx_v1dot4/stat.c,11383,kernel-switch-treiber,801fbf8815243528d890a3102332165ea28aaaa61caceb6a01a39dcfd18d4dc4
source_subset/rtl8197/rtknet/drivers/net/rtl819x/rtl83xx_v1dot4/stat.h,12698,kernel-switch-treiber,32c9668d8cfe9c13aab098294e2e22a3b92237f607421111b7a42ea2b42ba35d
source_subset/rtl8197/rtknet/drivers/net/rtl819x/rtl83xx_v1dot4/storm.c,13839,kernel-switch-treiber,2c3c8066ff33c677ec0efbe55ae9999b278ad473bd77f12e85ff3adbc6886964
source_subset/rtl8197/rtknet/drivers/net/rtl819x/rtl83xx_v1dot4/storm.h,12128,kernel-switch-treiber,6f959f0ab0ca91fce315cd12cd3737b73465387b635a29cc78980f84c2427578
source_subset/rtl8197/rtknet/drivers/net/rtl819x/rtl83xx_v1dot4/string.h,27,kernel-switch-treiber,4c92818354c51bfc6f329e5a71356b0d18cbfd12695d9ca6fdc9c548b4b0f3ab
source_subset/rtl8197/rtknet/drivers/net/rtl819x/rtl83xx_v1dot4/svlan.c,38284,kernel-switch-treiber,1bbd74b58d6e01779aaebaf0a400d55effe1c355c170d364c2ce5b3b9b693953
source_subset/rtl8197/rtknet/drivers/net/rtl819x/rtl83xx_v1dot4/svlan.h,30153,kernel-switch-treiber,e3add05edb1d5a41b510537cee0a271251f9e8bd03b110abb3be51ff43c4c198
source_subset/rtl8197/rtknet/drivers/net/rtl819x/rtl83xx_v1dot4/trap.c,30097,kernel-switch-treiber,4afcdc499dc7ed2475a0f3551d509db852c8324c15053265d618297fb1f7e539
source_subset/rtl8197/rtknet/drivers/net/rtl819x/rtl83xx_v1dot4/trap.h,26869,kernel-switch-treiber,6dd4be88230a0c78cb6481c7171c85cacff729b3af15ecaf91fa616c15131c6e
source_subset/rtl8197/rtknet/drivers/net/rtl819x/rtl83xx_v1dot4/trunk.c,12749,kernel-switch-treiber,0111d9daa2a08e0e73380ad73e3709003acc1a0899e4c97a31b0972b209f3c57
source_subset/rtl8197/rtknet/drivers/net/rtl819x/rtl83xx_v1dot4/trunk.h,10402,kernel-switch-treiber,a674d603617770f0fc6d521abeae0129932b160599b1fff69555aabea9b9045c
source_subset/rtl8197/rtknet/drivers/net/rtl819x/rtl83xx_v1dot4/vlan.c,34159,kernel-switch-treiber,ec1935c2ce3e70f2dca30ffaf435d939e9a8758b829a0d6075fc88c6d4dad78c
source_subset/rtl8197/rtknet/drivers/net/rtl819x/rtl83xx_v1dot4/vlan.h,27794,kernel-switch-treiber,a4e30aba186f67c138430402b9d65f31cbacf83e4168951fa8109be5649a7f28
source_subset/rtl8197/rtknet/drivers/net/rtl819x/rtl865x/Makefile,2252,kernel-netzwerk,e630a8185278c2a74bb84bb5dbf63eb344575c3790f3024a777d4bf126284be7
source_subset/rtl8197/rtknet/drivers/net/rtl819x/rtl_acl.c,61466,kernel-netzwerk,a80d8a25078c2a93d72c1bdc77b1894350a36398d4eb208b00bfa332bf062789
source_subset/rtl8197/rtknet/include/net/rtl/rtl865x_outputQueue.h,11511,kernel-netzwerk,cb3e33865e36c03b6001737d13fdd9c7187292cbe4709e0adbcf63cd00d44803
source_subset/rtl8197/rtknet/include/net/rtl/rtl_acl.h,6857,kernel-netzwerk,d6b18da36484dd589f694bc66279d13c99774af78e54a89c19861b5e2b3904c7
